ts,open,high,low,close,volume
1565827200,0.7597,0.8499,0.6901,0.7064,1594503
1565913600,0.7069,0.76,0.6763,0.6785,1015429
1566000000,0.6776,0.7183,0.6733,0.6842,725533
1566086400,0.6842,0.6968,0.6658,0.6767,423205
1566172800,0.6748,0.6766,0.6506,0.6548,671582
1566259200,0.6548,0.67,0.6034,0.625,861671
1566345600,0.6258,0.6274,0.56,0.5602,773053
1566432000,0.5646,0.5922,0.5321,0.5742,699551
1566518400,0.5729,0.5915,0.5427,0.5755,380887
1566604800,0.5783,0.5799,0.5435,0.5791,240451
1566691200,0.5782,0.5815,0.5323,0.5378,178229
1566777600,0.5378,0.5789,0.5201,0.5209,364173
1566864000,0.5201,0.547,0.51,0.5203,380760
1566950400,0.527,0.5355,0.4225,0.4358,1212241
1567036800,0.436,0.449,0.3901,0.4014,713476
1567123200,0.4013,0.4245,0.3971,0.4195,476180
1567209600,0.4199,0.4316,0.397,0.4081,316204
1567296000,0.4077,0.4166,0.3803,0.3887,335617
1567382400,0.3887,0.3998,0.376,0.3942,525706
1567468800,0.3961,0.4051,0.365,0.368,342006
1567555200,0.3678,0.3693,0.345,0.3469,510498
1567641600,0.3485,0.3957,0.34,0.3857,1230006
1567728000,0.3883,0.4199,0.3411,0.347,1526488
1567814400,0.3456,0.3889,0.3406,0.3699,899613
1567900800,0.3711,0.3857,0.3552,0.3846,472965
1567987200,0.3842,0.391,0.3546,0.368,467954
1568073600,0.3675,0.3935,0.3628,0.3655,656504
1568160000,0.3671,0.3809,0.3425,0.3485,611575
1568246400,0.3482,0.3497,0.3093,0.3205,999241
1568332800,0.3204,0.3453,0.309,0.3168,656315
1568419200,0.3172,0.3247,0.311,0.3217,416379
1568505600,0.3205,0.3398,0.3204,0.3279,574422
1568592000,0.328,0.337,0.3148,0.3214,517520
1568678400,0.3223,0.3344,0.311,0.319,725633
1568764800,0.3175,0.3608,0.3157,0.3411,1930865
1568851200,0.3401,0.3402,0.3068,0.3222,1208229
1568937600,0.3222,0.3295,0.3162,0.3201,601427
1569024000,0.3201,0.33,0.314,0.3157,392010
1569110400,0.3157,0.3232,0.2693,0.3003,1002892
1569196800,0.3002,0.3002,0.2674,0.2674,932488
1569283200,0.2662,0.281,0.19,0.1947,3304461
1569369600,0.1954,0.22,0.1925,0.205,1515070
1569456000,0.205,0.2149,0.165,0.19,3093046
1569542400,0.1909,0.1975,0.177,0.1902,1231047
1569628800,0.1887,0.2079,0.1876,0.2036,1800365
1569715200,0.2031,0.2431,0.1982,0.2247,3640229
1569801600,0.2242,0.26,0.2144,0.2518,3065316
1569888000,0.2512,0.2664,0.2242,0.234,3779278
1569974400,0.2337,0.24,0.2193,0.2335,2162726
1570060800,0.2342,0.2394,0.2203,0.2293,2235347
1570147200,0.23,0.2398,0.223,0.2286,1401223
1570233600,0.2287,0.2319,0.22,0.2261,590808
1570320000,0.2254,0.227,0.2114,0.2122,1293859
1570406400,0.2123,0.2238,0.2054,0.2178,1422275
1570492800,0.218,0.234,0.2138,0.225,1553632
1570579200,0.2274,0.2562,0.2274,0.2399,2777708
1570665600,0.2375,0.2695,0.2318,0.252,3351909
1570752000,0.2518,0.2755,0.2485,0.2505,3576916
1570838400,0.251,0.2621,0.2429,0.2556,1738007
1570924800,0.2554,0.2679,0.2455,0.2508,2763188
1571011200,0.2514,0.2686,0.2456,0.2667,2218910
1571097600,0.2679,0.2748,0.245,0.2475,2485336
1571184000,0.2472,0.25,0.2225,0.229,2831418
1571270400,0.2289,0.24,0.2287,0.2358,1351398
1571356800,0.2367,0.24,0.2184,0.2258,1626491
1571443200,0.2266,0.2298,0.2229,0.2232,757360
1571529600,0.2234,0.2281,0.2105,0.2259,1295463
1571616000,0.2255,0.2321,0.2216,0.2267,1236920
1571702400,0.2267,0.2289,0.2161,0.218,1263739
1571788800,0.2171,0.2178,0.1964,0.2007,3123263
1571875200,0.2004,0.2079,0.1995,0.2021,1087144
1571961600,0.2017,0.2203,0.1997,0.214,2021968
1572048000,0.214,0.236,0.2102,0.2164,2472861
1572134400,0.2158,0.237,0.2078,0.2201,2329155
1572220800,0.2215,0.239,0.2202,0.2322,1824097
1572307200,0.2328,0.2356,0.224,0.2262,987508
1572393600,0.2263,0.2277,0.2066,0.2121,1757425
1572480000,0.2119,0.2242,0.2089,0.2229,1482410
1572566400,0.2225,0.28,0.2154,0.2618,5148555
1572652800,0.2623,0.2797,0.2489,0.2597,3529646
1572739200,0.26,0.2789,0.2425,0.266,2256738
1572825600,0.2663,0.2709,0.2531,0.2575,1003989
1572912000,0.2591,0.2974,0.2446,0.2856,4657248
1572998400,0.2877,0.3099,0.2771,0.2831,3309069
1573084800,0.2826,0.2854,0.2645,0.27,2216047
1573171200,0.2701,0.2825,0.2454,0.2553,2799678
1573257600,0.2552,0.266,0.2505,0.2631,1196336
1573344000,0.2622,0.2741,0.2549,0.2689,1881655
1573430400,0.2697,0.292,0.255,0.2833,3062447
1573516800,0.2833,0.29,0.2651,0.2732,1630516
1573603200,0.274,0.2967,0.2695,0.288,1524467
1573689600,0.2877,0.293,0.2722,0.2772,1368821
1573776000,0.2771,0.286,0.261,0.2633,1114198
1573862400,0.2633,0.2749,0.2618,0.2729,1028245
1573948800,0.273,0.2789,0.265,0.268,492665
1574035200,0.268,0.2735,0.2426,0.2488,1937364
1574121600,0.2479,0.2535,0.2311,0.2447,1535186
1574208000,0.2448,0.263,0.2377,0.2531,1322746
1574294400,0.2545,0.2642,0.2301,0.2459,2643811
1574380800,0.2459,0.2498,0.1997,0.2232,3240440
1574467200,0.2223,0.232,0.2115,0.2295,1860366
1574553600,0.2296,0.2299,0.2006,0.2034,1521101
1574640000,0.2043,0.225,0.19,0.2104,1206811
1574726400,0.2132,0.235,0.2104,0.2259,1194478
1574812800,0.2264,0.2333,0.2091,0.2253,2148647
1574899200,0.2253,0.315,0.2213,0.2831,7997846
1574985600,0.2848,0.2998,0.2716,0.2757,1263387
1575072000,0.2751,0.2892,0.2605,0.2655,1399645
1575158400,0.2654,0.2754,0.2425,0.2687,1839736
1575244800,0.2678,0.291,0.2596,0.2778,2460802
1575331200,0.2778,0.2985,0.2702,0.287,1554139
1575417600,0.2862,0.2947,0.2622,0.2622,2110715
1575504000,0.2628,0.2681,0.2553,0.2669,1176814
1575590400,0.2669,0.2717,0.2568,0.2695,1535564
1575676800,0.2698,0.2778,0.2621,0.2762,1560159
1575763200,0.2763,0.3048,0.2763,0.2938,3256810
1575849600,0.2939,0.3467,0.2853,0.294,7576142
1575936000,0.2942,0.2942,0.2646,0.2744,4339574
1576022400,0.2747,0.3048,0.2745,0.2887,3036289
1576108800,0.2886,0.298,0.269,0.277,2811293
1576195200,0.2762,0.2771,0.2681,0.2715,494001
1576281600,0.2715,0.2747,0.249,0.2517,1337103
1576368000,0.2516,0.2681,0.25,0.2672,1454092
1576454400,0.2673,0.2692,0.2342,0.241,3545823
1576540800,0.2412,0.2428,0.2151,0.2183,2080676
1576627200,0.2178,0.245,0.213,0.2437,1911248
1576713600,0.2432,0.2433,0.2265,0.2286,1266161
1576800000,0.2288,0.2448,0.2208,0.24,2410896
1576886400,0.24,0.2421,0.2303,0.2408,940260
1576972800,0.2407,0.2534,0.2383,0.2478,2357252
1577059200,0.2472,0.2532,0.2358,0.2404,1246006
1577145600,0.2401,0.2401,0.2281,0.2286,526073
1577232000,0.2302,0.2333,0.2239,0.2285,999577
1577318400,0.2285,0.2415,0.2275,0.2391,351944
1577404800,0.2385,0.2387,0.22,0.2285,644915
1577491200,0.2281,0.2361,0.228,0.2319,465698
1577577600,0.2319,0.2361,0.2279,0.2314,313709
1577664000,0.2313,0.2337,0.2219,0.2245,327644
1577750400,0.2239,0.2292,0.2127,0.2154,1468255
1577836800,0.2155,0.223,0.2148,0.2191,244812
1577923200,0.2191,0.2206,0.2095,0.2133,624817
1578009600,0.2134,0.2284,0.2134,0.227,891477
1578096000,0.227,0.2345,0.2245,0.2345,449460
1578182400,0.2345,0.2379,0.2283,0.2294,401035
1578268800,0.2294,0.2433,0.2294,0.2425,1220652
1578355200,0.2425,0.2436,0.2275,0.2305,952379
1578441600,0.2303,0.2387,0.2246,0.2275,1037770
1578528000,0.2274,0.229,0.221,0.2231,462790
1578614400,0.2217,0.2274,0.22,0.2269,842329
1578700800,0.2258,0.2323,0.224,0.226,480943
1578787200,0.2258,0.2308,0.2242,0.2291,320229
1578873600,0.2288,0.2316,0.2234,0.2275,490820
1578960000,0.2278,0.236,0.2242,0.2297,2811824
1579046400,0.2293,0.2635,0.2256,0.2484,5080058
1579132800,0.2485,0.2534,0.224,0.2413,4449663
1579219200,0.2407,0.28,0.2398,0.2625,5032350
1579305600,0.2622,0.2706,0.247,0.2587,2568147
1579392000,0.2587,0.2613,0.2322,0.2396,1896020
1579478400,0.2396,0.2426,0.2315,0.2366,1094659
1579564800,0.2365,0.2592,0.2341,0.2486,2769306
1579651200,0.2485,0.2523,0.2423,0.2456,1086656
1579737600,0.2457,0.2462,0.2325,0.2351,817430
1579824000,0.2351,0.245,0.2287,0.232,3167647
1579910400,0.2314,0.2372,0.2286,0.2329,549703
1579996800,0.233,0.2376,0.2324,0.2372,435423
1580083200,0.2372,0.2421,0.2372,0.2391,447497
1580169600,0.2394,0.2455,0.2385,0.2432,1055320
1580256000,0.2436,0.2448,0.2371,0.2399,1222828
1580342400,0.2393,0.244,0.2367,0.241,723454
1580428800,0.241,0.2645,0.2399,0.2467,3633854
1580515200,0.2471,0.2539,0.2436,0.248,1233576
1580601600,0.2479,0.2593,0.2421,0.2525,1995474
1580688000,0.2528,0.2674,0.248,0.263,1959769
1580774400,0.2629,0.2869,0.2586,0.2805,3064751
1580860800,0.2805,0.2808,0.265,0.276,3291278
1580947200,0.2759,0.2946,0.2725,0.2899,2427955
1581033600,0.2896,0.323,0.2811,0.3126,4023862
1581120000,0.3136,0.321,0.291,0.3065,2926446
1581206400,0.3057,0.3495,0.3055,0.3423,5416407
1581292800,0.3423,0.3784,0.3106,0.3576,7902981
1581379200,0.3581,0.3829,0.3423,0.3704,6380845
1581465600,0.371,0.429,0.3611,0.3891,7001179
1581552000,0.3886,0.4036,0.3416,0.349,5445617
1581638400,0.3506,0.389,0.3423,0.3687,4722973
1581724800,0.3689,0.3893,0.3276,0.3346,5985126
1581811200,0.3349,0.3507,0.292,0.3465,4731310
1581897600,0.3463,0.3463,0.2916,0.3302,4460083
1581984000,0.3296,0.357,0.3078,0.3523,4049667
1582070400,0.3521,0.3949,0.337,0.3478,8282027
1582156800,0.3459,0.457,0.3345,0.4364,16373452
1582243200,0.4364,0.4815,0.4115,0.4192,14081599
1582329600,0.4192,0.4687,0.4111,0.45,7300499
1582416000,0.45,0.4699,0.426,0.4617,4980428
1582502400,0.4616,0.5047,0.43,0.497,14253865
1582588800,0.4969,0.4976,0.3752,0.3914,15432168
1582675200,0.3933,0.4096,0.3377,0.3641,11458664
1582761600,0.364,0.3948,0.339,0.375,7454593
1582848000,0.3751,0.3846,0.3339,0.3493,5248901
1582934400,0.3493,0.371,0.325,0.325,3866267
1583020800,0.3251,0.3462,0.3069,0.3195,6272098
1583107200,0.3191,0.3893,0.311,0.373,7762284
1583193600,0.3724,0.3888,0.355,0.3699,5895124
1583280000,0.3693,0.415,0.3649,0.3932,10252346
1583366400,0.3932,0.4115,0.3749,0.378,6689222
1583452800,0.3786,0.3849,0.3608,0.3757,4000585
1583539200,0.3761,0.3837,0.3357,0.3383,5478350
1583625600,0.3372,0.3416,0.2855,0.2877,10107767
1583712000,0.2893,0.3014,0.24,0.2793,9058163
1583798400,0.2791,0.32,0.2671,0.2818,6879100
1583884800,0.2814,0.2886,0.2491,0.27,4555674
1583971200,0.27,0.2714,0.1308,0.1393,15370205
1584057600,0.1394,0.195,0.102,0.1539,22763098
1584144000,0.1538,0.1684,0.1438,0.1475,6288094
1584230400,0.1475,0.1615,0.1403,0.1431,5336352
1584316800,0.1431,0.1472,0.115,0.1262,6486638
1584403200,0.1264,0.1465,0.1244,0.1392,5119666
1584489600,0.1397,0.1446,0.128,0.1416,5857799
1584576000,0.1418,0.17,0.1393,0.158,9021268
1584662400,0.1583,0.185,0.1449,0.158,8713853
1584748800,0.1566,0.1655,0.1441,0.1527,2574654
1584835200,0.1527,0.1696,0.1437,0.146,4787605
1584921600,0.1453,0.1637,0.1419,0.1611,4387548
1585008000,0.1608,0.173,0.154,0.1586,6398819
1585094400,0.1587,0.1633,0.1512,0.1547,2348800
1585180800,0.1548,0.1606,0.1506,0.1591,2192743
1585267200,0.1591,0.1694,0.1537,0.1537,5019185
1585353600,0.154,0.155,0.1432,0.1503,3399616
1585440000,0.1504,0.1525,0.1432,0.1446,2096502
1585526400,0.1438,0.157,0.1432,0.1549,2218348
1585612800,0.1548,0.1574,0.1516,0.154,1619829
1585699200,0.154,0.1567,0.1488,0.1542,1838556
1585785600,0.1543,0.164,0.1522,0.1583,2360066
1585872000,0.1584,0.162,0.1548,0.1583,1666801
1585958400,0.1585,0.1796,0.1585,0.1788,8478464
1586044800,0.1785,0.1845,0.1673,0.1719,5432848
1586131200,0.1719,0.1901,0.1697,0.1881,4258454
1586217600,0.1881,0.1997,0.1793,0.1857,5766295
1586304000,0.1856,0.2064,0.1843,0.204,4770475
1586390400,0.2038,0.211,0.1954,0.2006,5327699
1586476800,0.2006,0.2006,0.1711,0.1793,6799100
1586563200,0.179,0.1866,0.1728,0.1803,2984261
1586649600,0.1804,0.1892,0.1741,0.1778,3449438
1586736000,0.177,0.1787,0.1687,0.1765,2908656
1586822400,0.1765,0.1829,0.1713,0.1771,2552056
1586908800,0.1768,0.1839,0.1676,0.1676,3090594
1586995200,0.1671,0.19,0.1635,0.186,4645582
1587081600,0.186,0.1929,0.183,0.188,2485593
1587168000,0.1882,0.2018,0.1882,0.1987,2769615
1587254400,0.1988,0.1995,0.1861,0.1879,2271280
1587340800,0.1879,0.1942,0.174,0.1767,4220056
1587427200,0.1773,0.1814,0.1748,0.1784,1813633
1587513600,0.1784,0.1883,0.1764,0.1872,2807281
1587600000,0.1873,0.2,0.1808,0.1953,3803975
1587686400,0.1953,0.2176,0.1927,0.2094,8475745
1587772800,0.2088,0.2247,0.2025,0.2109,6357191
1587859200,0.211,0.239,0.211,0.227,11834155
1587945600,0.2275,0.2276,0.2057,0.2173,7312509
1588032000,0.2174,0.2249,0.2088,0.2162,4537562
1588118400,0.2161,0.2318,0.2141,0.2316,8022642
1588204800,0.2307,0.2333,0.2007,0.2102,9372916
1588291200,0.2101,0.222,0.2096,0.2135,3399075
1588377600,0.2135,0.223,0.2129,0.219,4060674
1588464000,0.2191,0.2223,0.2025,0.2061,5408807
1588550400,0.2062,0.2114,0.1891,0.2062,7571084
1588636800,0.2058,0.2122,0.2024,0.2081,3862719
1588723200,0.2081,0.2109,0.1961,0.1967,3908497
1588809600,0.196,0.2058,0.195,0.2046,5879927
1588896000,0.2045,0.23,0.2022,0.2165,13590506
1588982400,0.217,0.2245,0.2114,0.2131,9227524
1589068800,0.2135,0.2137,0.18,0.1921,9598343
1589155200,0.1923,0.2001,0.1755,0.187,8300056
1589241600,0.1864,0.1993,0.186,0.1933,2948717
1589328000,0.1933,0.1977,0.1896,0.1955,5299282
1589414400,0.1955,0.2099,0.1925,0.1971,8802071
1589500800,0.1971,0.2022,0.1912,0.1916,4632933
1589587200,0.1916,0.2009,0.1904,0.1976,4699192
1589673600,0.1976,0.2042,0.1972,0.1978,3817402
1589760000,0.1978,0.2042,0.1977,0.2014,3786682
1589846400,0.2015,0.2018,0.1962,0.2007,4801803
1589932800,0.2006,0.2143,0.198,0.2093,6486001
1590019200,0.2093,0.2095,0.1846,0.1911,7690675
1590105600,0.1912,0.209,0.1886,0.2047,8333594
1590192000,0.2047,0.2133,0.2,0.2017,3098024
1590278400,0.2015,0.2114,0.1965,0.1971,4592548
1590364800,0.1967,0.2133,0.1931,0.2115,4180891
1590451200,0.2115,0.223,0.2056,0.2184,6775470
1590537600,0.2184,0.2261,0.2147,0.2201,5238263
1590624000,0.2192,0.2278,0.2124,0.227,4410942
1590710400,0.227,0.2351,0.2225,0.2283,4469913
1590796800,0.228,0.2439,0.2249,0.2434,4281885
1590883200,0.2435,0.2594,0.2287,0.2327,13039098
1590969600,0.2322,0.257,0.2319,0.25,10366510
1591056000,0.25,0.2587,0.235,0.2455,6039723
1591142400,0.2455,0.2456,0.2378,0.2421,2947552
1591228800,0.2422,0.2497,0.239,0.2418,3329323
1591315200,0.2418,0.2425,0.232,0.232,4902678
1591401600,0.2319,0.2394,0.2281,0.2374,2664107
1591488000,0.2374,0.2375,0.2248,0.2322,3360715
1591574400,0.2323,0.235,0.2292,0.2349,2210275
1591660800,0.2343,0.2433,0.2303,0.2424,4353818
1591747200,0.2427,0.2499,0.2404,0.2474,4624091
1591833600,0.2473,0.2508,0.2255,0.2302,7284391
1591920000,0.2301,0.234,0.226,0.232,3872868
1592006400,0.2319,0.2361,0.2286,0.2345,1983496
1592092800,0.2345,0.2473,0.23,0.2326,4171982
1592179200,0.2326,0.2326,0.21,0.2265,5325204
1592265600,0.2274,0.2404,0.2256,0.2355,3835838
1592352000,0.2356,0.2463,0.2305,0.2444,4640830
1592438400,0.2444,0.2523,0.2368,0.2403,6375961
1592524800,0.2394,0.2396,0.2307,0.2315,2723167
1592611200,0.2315,0.2346,0.2261,0.2306,2784817
1592697600,0.2307,0.2404,0.2307,0.2322,2538033
1592784000,0.2322,0.2414,0.232,0.2412,2354010
1592870400,0.2413,0.2511,0.2355,0.2495,4460015
1592956800,0.2497,0.2562,0.2311,0.2387,6535321
1593043200,0.2382,0.2397,0.2245,0.2343,4044346
1593129600,0.2343,0.2343,0.2207,0.222,3635136
1593216000,0.222,0.2221,0.1962,0.2053,5313061
1593302400,0.205,0.2123,0.1981,0.2079,3849177
1593388800,0.2077,0.2153,0.2066,0.2144,3406274
1593475200,0.2144,0.2147,0.2076,0.2083,1306502
1593561600,0.2082,0.218,0.2077,0.2143,2735803
1593648000,0.2143,0.2181,0.201,0.2048,3099319
1593734400,0.2047,0.2084,0.2024,0.2034,2358665
1593820800,0.2034,0.218,0.2033,0.2178,2696428
1593907200,0.2179,0.2192,0.2085,0.216,2373366
1593993600,0.216,0.2315,0.2157,0.2287,5972985
1594080000,0.229,0.2364,0.2236,0.2325,5041322
1594166400,0.2325,0.252,0.2298,0.2468,6542297
1594252800,0.2469,0.2546,0.2339,0.2409,7750823
1594339200,0.2405,0.2525,0.2277,0.2505,4902007
1594425600,0.2502,0.294,0.2492,0.2794,21051152
1594512000,0.2794,0.2862,0.2611,0.2798,8423306
1594598400,0.2796,0.2929,0.2584,0.2651,13579818
1594684800,0.2647,0.2773,0.2503,0.2722,10425348
1594771200,0.2722,0.292,0.2609,0.288,13705805
1594857600,0.288,0.392,0.2645,0.3541,67383053
1594944000,0.3546,0.3888,0.332,0.3464,52026906
1595030400,0.3464,0.3674,0.3318,0.3563,27578630
1595116800,0.3563,0.404,0.3401,0.3888,27519299
1595203200,0.3895,0.3955,0.3455,0.3571,37256307
1595289600,0.357,0.3725,0.3355,0.3462,28430774
1595376000,0.3463,0.36,0.3422,0.3456,12300036
1595462400,0.3459,0.3499,0.3243,0.3299,17165634
1595548800,0.33,0.3314,0.3101,0.3123,14270308
1595635200,0.3123,0.338,0.3112,0.3193,14539936
1595721600,0.3191,0.3324,0.305,0.3217,14736851
1595808000,0.3218,0.325,0.2685,0.288,33373203
1595894400,0.2881,0.3172,0.2775,0.3154,23125188
1595980800,0.3148,0.3285,0.3065,0.308,19039702
1596067200,0.308,0.3469,0.3037,0.335,20687219
1596153600,0.3349,0.3487,0.3161,0.3278,15367211
1596240000,0.3275,0.3364,0.3218,0.3288,12887624
1596326400,0.3288,0.3378,0.2612,0.3014,18465456
1596412800,0.3017,0.3232,0.2982,0.3102,10719319
1596499200,0.3098,0.3315,0.3094,0.3272,11484971
1596585600,0.327,0.3466,0.3213,0.3353,18026499
1596672000,0.3353,0.3743,0.334,0.3644,28810182
1596758400,0.3644,0.3807,0.3381,0.3697,19220048
1596844800,0.3696,0.4604,0.3681,0.4525,38148099
1596931200,0.4527,0.4723,0.4113,0.424,31199960
1597017600,0.4242,0.4877,0.4069,0.4692,35685021
1597104000,0.4692,0.4885,0.3968,0.4361,36714998
1597190400,0.436,0.5469,0.4075,0.524,43599260
1597276800,0.5239,0.71,0.4986,0.6707,123609364
1597363200,0.6708,0.7661,0.6203,0.6388,85839280
1597449600,0.6375,0.71,0.6,0.635,66446888
1597536000,0.6357,0.6648,0.6152,0.6294,46771912
1597622400,0.6294,0.6949,0.5815,0.5884,43308459
1597708800,0.5875,0.6079,0.5132,0.5569,31783175
1597795200,0.5569,0.6271,0.5052,0.5961,40375436
1597881600,0.5966,0.6683,0.5913,0.627,44863318
1597968000,0.627,0.6351,0.523,0.5302,48554422
1598054400,0.5316,0.5884,0.51,0.5643,32256312
1598140800,0.5638,0.639,0.5438,0.6148,38150685
1598227200,0.6141,0.6661,0.5932,0.6299,38344276
1598313600,0.6294,0.638,0.5307,0.5609,29040220
1598400000,0.5607,0.59,0.5295,0.5504,18134650
1598486400,0.5507,0.5583,0.489,0.5222,25373082
1598572800,0.5222,0.5632,0.5121,0.5339,17530373
1598659200,0.5342,0.5483,0.5224,0.534,10738263
1598745600,0.5334,0.55,0.5083,0.5183,14095383
1598832000,0.5183,0.5263,0.5019,0.5019,12219294
1598918400,0.502,0.5532,0.492,0.517,23551530
1599004800,0.5169,0.5266,0.4203,0.4638,28659786
1599091200,0.4644,0.4721,0.3268,0.3493,39044111
1599177600,0.35,0.3887,0.3314,0.3781,32119321
1599264000,0.3793,0.4,0.3125,0.342,28206624
1599350400,0.3425,0.3886,0.3188,0.3757,28710123
1599436800,0.3756,0.385,0.33,0.373,22881473
1599523200,0.3736,0.3767,0.3366,0.3493,18632270
1599609600,0.3489,0.4408,0.3375,0.4126,49751343
1599696000,0.4131,0.4528,0.4009,0.4129,46251453
1599782400,0.4134,0.4152,0.3902,0.412,23539029
1599868800,0.412,0.4178,0.3976,0.4085,17819466
1599955200,0.4092,0.416,0.357,0.3774,21276762
1600041600,0.3773,0.39,0.3653,0.3816,14406795
1600128000,0.382,0.3882,0.3516,0.354,18452935
1600214400,0.354,0.3634,0.3369,0.3601,15730354
1600300800,0.3596,0.3765,0.3441,0.3564,17088887
1600387200,0.3562,0.3639,0.3277,0.337,20468282
1600473600,0.337,0.3459,0.3256,0.3419,8116532
1600560000,0.3423,0.3593,0.3112,0.3277,15347997
1600646400,0.3278,0.3306,0.2751,0.2869,32337981
1600732800,0.2873,0.3149,0.2764,0.3064,19013744
1600819200,0.306,0.3101,0.2632,0.269,19036338
1600905600,0.2689,0.3025,0.2634,0.2938,16531210
1600992000,0.2941,0.3287,0.2884,0.3174,25238595
1601078400,0.3177,0.3425,0.314,0.325,21588532
1601164800,0.3253,0.3273,0.3035,0.3206,11526664
1601251200,0.3214,0.35,0.3192,0.3259,16500099
1601337600,0.3258,0.3435,0.3188,0.3398,17245549
1601424000,0.3398,0.3557,0.3198,0.347,15912635
1601510400,0.347,0.3733,0.3248,0.3349,25638661
1601596800,0.3342,0.3396,0.2918,0.3159,28300123
1601683200,0.316,0.33,0.3128,0.3153,11202592
1601769600,0.3151,0.3204,0.3062,0.312,10408270
1601856000,0.312,0.3219,0.3079,0.3184,8741468
1601942400,0.3183,0.3216,0.2816,0.2861,16116469
1602028800,0.2861,0.3117,0.2768,0.3064,30178505
1602115200,0.3063,0.315,0.2883,0.3084,16744461
1602201600,0.3084,0.3328,0.3008,0.3289,14404737
1602288000,0.329,0.3399,0.3203,0.3264,13879330
1602374400,0.3265,0.338,0.316,0.3313,10430973
1602460800,0.3313,0.3628,0.3283,0.3444,20500527
1602547200,0.3442,0.3567,0.3316,0.3429,9380927
1602633600,0.3435,0.3478,0.3202,0.3282,12482994
1602720000,0.3281,0.3327,0.3061,0.315,12853797
1602806400,0.3148,0.3172,0.295,0.3005,13985182
1602892800,0.3003,0.3179,0.2992,0.3127,8394997
1602979200,0.3125,0.3169,0.3095,0.3158,4307639
1603065600,0.316,0.3178,0.3016,0.3039,4855853
1603152000,0.3039,0.3043,0.2815,0.2873,9740001
1603238400,0.2866,0.3134,0.2855,0.3018,10033599
1603324800,0.3014,0.3263,0.3014,0.3163,8089813
1603411200,0.3161,0.3246,0.3015,0.3092,6048595
1603497600,0.3096,0.3135,0.3037,0.3078,4127719
1603584000,0.308,0.3122,0.2977,0.3024,6648824
1603670400,0.3027,0.3068,0.2848,0.291,7706020
1603756800,0.2911,0.3005,0.2835,0.2878,8180818
1603843200,0.2879,0.2924,0.2676,0.2762,17439581
1603929600,0.2763,0.2844,0.2544,0.2574,13234446
1604016000,0.2572,0.2585,0.2366,0.2545,27252347
1604102400,0.2542,0.2649,0.2483,0.2488,10413505
1604188800,0.2488,0.262,0.2443,0.2593,7658678
1604275200,0.2591,0.2624,0.2435,0.2471,7501341
1604361600,0.2473,0.2473,0.2257,0.2338,14395267
1604448000,0.2338,0.2447,0.2225,0.2388,12528375
1604534400,0.2389,0.2558,0.234,0.248,14855633
1604620800,0.2481,0.2826,0.248,0.2767,16955973
1604707200,0.2768,0.2979,0.2417,0.2583,29984641
1604793600,0.2583,0.2763,0.2542,0.2663,11893990
1604880000,0.2663,0.273,0.253,0.2605,14237058
1604966400,0.2604,0.2939,0.2562,0.2896,23133865
1605052800,0.2892,0.2952,0.2768,0.2785,17219295
1605139200,0.2787,0.2788,0.2607,0.2667,10679611
1605225600,0.2667,0.2825,0.263,0.2807,12915557
1605312000,0.2807,0.281,0.2628,0.2659,11190961
1605398400,0.2659,0.2727,0.2496,0.2572,14215824
1605484800,0.2569,0.2737,0.2542,0.2713,14205882
1605571200,0.2713,0.2792,0.2683,0.2747,16010581
1605657600,0.2747,0.279,0.2543,0.2673,25337245
1605744000,0.2673,0.272,0.255,0.2655,17159016
1605830400,0.2658,0.2891,0.2641,0.2843,18647299
1605916800,0.2846,0.3265,0.2839,0.3177,37710551
1606003200,0.3174,0.3247,0.28,0.2982,33864025
1606089600,0.2982,0.3425,0.2925,0.3361,42782494
1606176000,0.3364,0.376,0.3264,0.3584,70140736
1606262400,0.3584,0.4242,0.33,0.3424,71271276
1606348800,0.3421,0.3579,0.2753,0.3014,56380925
1606435200,0.3019,0.3189,0.2851,0.3003,20513464
1606521600,0.3006,0.3249,0.2953,0.313,20256330
1606608000,0.313,0.3239,0.3007,0.3175,13819462
1606694400,0.3175,0.3353,0.3126,0.3294,28405999
1606780800,0.3289,0.3474,0.3034,0.3081,27877603
1606867200,0.3078,0.3496,0.2994,0.3416,27195489
1606953600,0.3412,0.3577,0.3376,0.3407,21969423
1607040000,0.3407,0.3738,0.3216,0.3255,39390730
1607126400,0.3257,0.3516,0.3177,0.3433,18415691
1607212800,0.3436,0.3495,0.328,0.3368,17755738
1607299200,0.3369,0.3439,0.3228,0.3312,8377529
1607385600,0.3311,0.3326,0.2925,0.3011,32548892
1607472000,0.3007,0.3086,0.2855,0.3057,18116584
1607558400,0.3053,0.3076,0.2901,0.2944,9992196
1607644800,0.2945,0.2958,0.2762,0.2883,15755985
1607731200,0.2886,0.3181,0.2882,0.3091,22395053
1607817600,0.3095,0.32,0.3048,0.3092,10934968
1607904000,0.3087,0.3188,0.303,0.3131,10544951
1607990400,0.3131,0.3405,0.3131,0.3249,18673366
1608076800,0.3253,0.3452,0.3177,0.3402,20504981
1608163200,0.3401,0.3587,0.3241,0.3322,25137939
1608249600,0.3327,0.3714,0.3158,0.3537,46060988
1608336000,0.3535,0.387,0.3507,0.3561,52355532
1608422400,0.3561,0.3582,0.3285,0.3396,35858165
1608508800,0.3397,0.3675,0.3123,0.3248,30265543
1608595200,0.325,0.3485,0.3167,0.3366,30745103
1608681600,0.3368,0.3513,0.265,0.2891,42165162
1608768000,0.289,0.3148,0.2805,0.3141,27952979
1608854400,0.3141,0.3288,0.302,0.3088,16297631
1608940800,0.3088,0.3219,0.3,0.3093,17503446
1609027200,0.309,0.3372,0.3003,0.3185,31563234
1609113600,0.319,0.358,0.3149,0.3576,25311804
1609200000,0.3576,0.3631,0.3192,0.3462,42308747
1609286400,0.3464,0.359,0.3272,0.3355,24078258
1609372800,0.3353,0.3369,0.3161,0.3363,18775885
1609459200,0.3363,0.4349,0.3316,0.3991,112651562
1609545600,0.3987,0.4647,0.3819,0.4082,109087044
1609632000,0.4078,0.4373,0.3982,0.4258,67649218
1609718400,0.4262,0.4627,0.3676,0.4495,64466304
1609804800,0.4474,0.496,0.4033,0.4807,95491653
1609891200,0.4804,0.5344,0.4572,0.513,74912404
1609977600,0.5126,0.52,0.4335,0.4615,55823324
1610064000,0.4624,0.4881,0.4111,0.4557,45385940
1610150400,0.4557,0.495,0.4364,0.4868,37023765
1610236800,0.4864,0.5159,0.41,0.4575,49546109
1610323200,0.4575,0.4605,0.3701,0.4178,58417827
1610409600,0.4179,0.4346,0.3906,0.3989,30750423
1610496000,0.3992,0.453,0.3802,0.4505,24835910
1610582400,0.4502,0.4672,0.4296,0.4557,21006992
1610668800,0.4558,0.498,0.425,0.4866,46981062
1610755200,0.4865,0.55,0.4834,0.5189,50695332
1610841600,0.5186,0.5889,0.4828,0.5874,44467315
1610928000,0.5867,0.6069,0.5415,0.567,41218687
1611014400,0.5666,0.574,0.5152,0.5211,29888785
1611100800,0.5214,0.5498,0.485,0.5486,29011009
1611187200,0.5487,0.55,0.4487,0.4616,36076820
1611273600,0.4615,0.5398,0.4251,0.5085,37971899
1611360000,0.5087,0.5723,0.5021,0.5571,37273348
1611446400,0.557,0.5848,0.5481,0.5631,31500578
1611532800,0.5631,0.6341,0.5501,0.5562,46148993
1611619200,0.5557,0.62,0.5355,0.6012,41884538
1611705600,0.6018,0.6026,0.5248,0.542,36507200
1611792000,0.5419,0.5812,0.5268,0.561,30258003
1611878400,0.5609,0.6888,0.5522,0.6367,67101035
1611964800,0.637,0.704,0.6137,0.6654,63434913
1612051200,0.666,0.7002,0.6211,0.6532,47344142
1612137600,0.6523,0.6674,0.6172,0.644,40381741
1612224000,0.6442,0.6735,0.625,0.6515,32610762
1612310400,0.6515,0.7534,0.6477,0.7465,47430368
1612396800,0.7466,0.7628,0.675,0.7072,58626904
1612483200,0.7065,0.8932,0.7001,0.836,86891431
1612569600,0.8356,0.865,0.7367,0.8135,62074473
1612656000,0.8138,0.8776,0.77,0.8462,53153384
1612742400,0.8461,1.0989,0.8405,1.0066,103871783
1612828800,1.0067,1.0812,0.96,1.0303,69140714
1612915200,1.0307,1.05,0.9177,1.0326,65724527
1613001600,1.033,1.3063,1.0319,1.2396,124551158
1613088000,1.2395,1.8585,1.1765,1.7221,161976329
1613174400,1.7227,1.8,1.35,1.674,110123706
1613260800,1.675,1.6907,1.4036,1.4734,68934330
1613347200,1.4727,1.5476,1.1928,1.3571,113382470
1613433600,1.3565,1.4691,1.2664,1.3141,61960262
1613520000,1.3144,1.4224,1.2,1.3684,66700798
1613606400,1.3689,1.453,1.35,1.3988,46332176
1613692800,1.3989,1.4297,1.3,1.3721,44591585
1613779200,1.3721,1.4958,1.2398,1.3128,68596672
1613865600,1.3128,1.3565,1.2637,1.3087,33855661
1613952000,1.308,1.3201,0.9294,1.144,113772666
1614038400,1.144,1.1513,0.8365,1.0059,150822961
1614124800,1.0058,1.1888,0.954,1.0615,87367735
1614211200,1.0614,1.15,0.9703,0.9815,59726722
1614297600,0.9815,1.0538,0.9,0.9728,64710676
1614384000,0.9733,1.195,0.9728,1.1001,65656542
1614470400,1.1006,1.1341,0.9467,1.0237,65154103
1614556800,1.0242,1.1121,1.0066,1.0901,46133373
1614643200,1.0902,1.1665,1.0385,1.0839,57176709
1614729600,1.0838,1.2327,1.0577,1.1786,56254311
1614816000,1.1792,1.25,1.05,1.09,55820843
1614902400,1.09,1.0974,1.005,1.0535,46820288
1614988800,1.0543,1.0719,1.0015,1.0512,22484209
1615075200,1.0515,1.1391,1.0509,1.1075,28525218
1615161600,1.1067,1.1678,1.0622,1.1565,39208625
1615248000,1.156,1.185,1.1168,1.1802,43409816
1615334400,1.181,1.2324,1.0786,1.1097,49188172
1615420800,1.109,1.125,1.051,1.0849,35139310
1615507200,1.0853,1.155,1.0312,1.0501,47537734
1615593600,1.0497,1.1717,1.0138,1.1379,43011462
1615680000,1.1392,1.1705,1.0874,1.1187,31902264
1615766400,1.1186,1.349,1.1118,1.1965,99419195
1615852800,1.1938,1.2514,1.1201,1.2022,53053919
1615939200,1.2022,1.2987,1.155,1.2895,33940509
1616025600,1.2899,1.383,1.2385,1.2568,49008977
1616112000,1.2579,1.3114,1.2117,1.2489,23018283
1616198400,1.2488,1.3142,1.202,1.2096,23602299
1616284800,1.2104,1.2365,1.1526,1.1801,21311129
1616371200,1.1806,1.2284,1.0778,1.1043,27147877
1616457600,1.1041,1.1587,1.0629,1.1115,24373717
1616544000,1.1117,1.185,0.9889,1.0272,30556470
1616630400,1.0271,1.0784,0.9772,1.043,38029532
1616716800,1.0429,1.1252,1.0372,1.1183,18672375
1616803200,1.1185,1.2188,1.0908,1.1585,34787778
1616889600,1.1589,1.27,1.1457,1.2346,38034848
1616976000,1.2343,1.45,1.2166,1.4016,66826770
1617062400,1.4006,1.4299,1.3017,1.3253,40020047
1617148800,1.3246,1.373,1.2442,1.3667,27787772
1617235200,1.3657,1.399,1.29,1.3213,23435450
1617321600,1.3213,1.3688,1.3,1.3593,20439200
1617408000,1.3593,1.4698,1.2618,1.2642,35657766
1617494400,1.2637,1.3491,1.235,1.3096,18254439
1617580800,1.3101,1.431,1.2726,1.4012,25719799
1617667200,1.401,1.4879,1.35,1.3996,31038995
1617753600,1.4,1.4807,1.251,1.303,39136675
1617840000,1.303,1.3871,1.2931,1.3511,17086425
1617926400,1.3515,1.4269,1.32,1.3933,23304281
1618012800,1.3933,1.4731,1.3555,1.3903,24263500
1618099200,1.3904,1.5442,1.361,1.5199,29362679
1618185600,1.5205,1.5965,1.433,1.4832,29258377
1618272000,1.4827,1.5539,1.4195,1.5157,27179280
1618358400,1.516,1.5299,1.3833,1.4647,30573443
1618444800,1.4648,1.627,1.4477,1.5714,32004381
1618531200,1.572,1.5996,1.41,1.5068,31257619
1618617600,1.5068,1.7999,1.5068,1.703,56675147
1618704000,1.7035,1.7223,1.25,1.4608,73654608
1618790400,1.4597,1.5143,1.28,1.2936,35627656
1618876800,1.2941,1.3516,1.1525,1.2912,46017915
1618963200,1.2915,1.3447,1.1913,1.2115,44044781
1619049600,1.2114,1.3256,1.14,1.1627,44501884
1619136000,1.1615,1.1952,0.95,1.1697,71441851
1619222400,1.17,1.173,1.0774,1.0901,21496358
1619308800,1.0901,1.1945,1.05,1.0958,23597662
1619395200,1.096,1.2499,1.0842,1.2367,29503975
1619481600,1.2368,1.3334,1.2235,1.3107,27659971
1619568000,1.3103,1.3399,1.2125,1.2901,26670200
1619654400,1.2905,1.3841,1.2453,1.3234,31837733
1619740800,1.3231,1.448,1.2951,1.4046,28610455
1619827200,1.405,1.421,1.35,1.3956,16288483
1619913600,1.3959,1.4125,1.324,1.3898,17401830
1620000000,1.3891,1.475,1.3891,1.4362,20714847
1620086400,1.4369,1.4452,1.273,1.2746,36690104
1620172800,1.2742,1.4539,1.2564,1.4436,33701930
1620259200,1.4434,1.5795,1.4149,1.5453,46380180
1620345600,1.5445,1.6949,1.4728,1.5794,44810343
1620432000,1.5796,1.6254,1.495,1.5207,25361194
1620518400,1.5207,1.5316,1.4306,1.5172,29292274
1620604800,1.5163,1.559,1.3157,1.3719,39418435
1620691200,1.3719,1.479,1.325,1.4749,30884476
1620777600,1.4757,1.5022,1.2444,1.2762,42284881
1620864000,1.2733,1.4528,1.204,1.3527,55740109
1620950400,1.3531,1.4908,1.3256,1.4779,35284280
1621036800,1.4785,1.54,1.3755,1.3891,45787560
1621123200,1.3885,1.5395,1.324,1.3979,42144003
1621209600,1.3978,1.4131,1.2549,1.2861,42362883
1621296000,1.2861,1.394,1.2612,1.3658,36036105
1621382400,1.3658,1.3905,0.83,0.9494,105398558
1621468800,0.9483,1.1231,0.86,1.1108,68516486
1621555200,1.1118,1.149,0.85,0.9771,63980405
1621641600,0.977,1.0184,0.8568,0.9739,45833187
1621728000,0.9742,1.0427,0.6771,0.8188,79754500
1621814400,0.8191,1.0093,0.8029,0.9819,56512133
1621900800,0.9819,1.0186,0.8686,0.9766,55399743
1621987200,0.9768,1.0607,0.9538,1.0248,45650747
1622073600,1.0248,1.0339,0.9374,0.976,37105918
1622160000,0.9764,0.9873,0.847,0.9,51247021
1622246400,0.9011,0.9308,0.7894,0.8328,36461723
1622332800,0.8329,0.8945,0.7771,0.8493,26326289
1622419200,0.8497,0.9413,0.8151,0.9359,22876047
1622505600,0.9357,0.9514,0.8732,0.8952,18220831
1622592000,0.8952,1.0785,0.873,1.0196,36298281
1622678400,1.02,1.1548,1.0044,1.1112,37697174
1622764800,1.112,1.1325,0.9727,1.0285,31652048
1622851200,1.0286,1.0935,0.9513,0.977,23938201
1622937600,0.9766,1.0253,0.9655,1.025,12221816
1623024000,1.025,1.0893,0.9479,0.9648,20584837
1623110400,0.964,0.9772,0.8562,0.9416,37436360
1623196800,0.9413,1.15,0.9085,1.0408,58112309
1623283200,1.0419,1.0515,0.9755,1.0501,28457341
1623369600,1.05,1.0811,0.9572,0.9736,36622449
1623456000,0.9735,1.0181,0.9113,0.9906,26986030
1623542400,0.991,1.0657,0.9629,1.0417,21143351
1623628800,1.042,1.09,1.025,1.056,22510392
1623715200,1.0562,1.0932,1.0241,1.032,23150604
1623801600,1.0321,1.0564,0.9989,1.0165,16179730
1623888000,1.0168,1.0845,1.0134,1.0641,19139823
1623974400,1.0641,1.091,0.9604,0.9924,24405147
1624060800,0.9924,0.9927,0.935,0.935,19096513
1624147200,0.9351,0.9563,0.8783,0.9342,18726312
1624233600,0.9342,0.9412,0.7508,0.7544,42741807
1624320000,0.7539,0.86,0.6702,0.7443,62446959
1624406400,0.7441,0.8719,0.7142,0.8328,28920953
1624492800,0.8334,0.8944,0.7944,0.8742,17088400
1624579200,0.8745,0.8989,0.7772,0.7916,26649739
1624665600,0.7914,0.8265,0.7601,0.8091,16719197
1624752000,0.8092,0.8426,0.7719,0.8352,18025475
1624838400,0.8359,0.865,0.822,0.8425,17023753
1624924800,0.8429,0.9244,0.8392,0.8888,18773199
1625011200,0.8879,0.9114,0.8342,0.8831,18642627
1625097600,0.8838,0.884,0.811,0.834,13847813
1625184000,0.8335,0.8459,0.799,0.8456,9679094
1625270400,0.8458,0.885,0.8342,0.8766,7533588
1625356800,0.8766,0.9145,0.857,0.8796,8970291
1625443200,0.8798,0.8923,0.8389,0.8733,12085430
1625529600,0.8733,0.9324,0.8721,0.9129,14819465
1625616000,0.9129,0.9411,0.9019,0.9057,11778062
1625702400,0.905,0.9079,0.8477,0.8678,11261459
1625788800,0.8674,0.9327,0.8293,0.9057,16589839
1625875200,0.906,0.922,0.8672,0.8921,8761709
1625961600,0.8921,0.9182,0.8851,0.8948,6876526
1626048000,0.8953,0.9045,0.8507,0.8678,8177646
1626134400,0.8675,0.8984,0.8495,0.875,11036853
1626220800,0.875,0.8813,0.8221,0.8581,11486034
1626307200,0.8581,0.8793,0.8188,0.834,12423515
1626393600,0.8347,0.8513,0.774,0.7846,16114035
1626480000,0.7843,0.8069,0.772,0.784,10025344
1626566400,0.7844,0.8143,0.7751,0.7985,7690754
1626652800,0.7982,0.8087,0.7477,0.7509,12463433
1626739200,0.751,0.7657,0.676,0.6967,24907945
1626825600,0.6966,0.7831,0.6818,0.77,13130873
1626912000,0.7705,0.7996,0.754,0.7964,14262824
1626998400,0.7971,0.8158,0.7708,0.8081,10088729
1627084800,0.8083,0.847,0.8018,0.8265,11233391
1627171200,0.8267,0.9095,0.7965,0.8915,21297745
1627257600,0.891,0.9336,0.8397,0.8479,26326398
1627344000,0.8482,0.8723,0.8175,0.8573,13092140
1627430400,0.8573,0.8719,0.8283,0.8486,14558060
1627516800,0.8489,0.8572,0.8253,0.8462,9826786
1627603200,0.8464,0.8555,0.8083,0.8537,15010203
1627689600,0.8536,0.8593,0.8215,0.8399,13931723
1627776000,0.8399,0.8771,0.804,0.8123,16213231
1627862400,0.8124,0.84,0.801,0.8166,11764326
1627948800,0.8166,0.8369,0.7908,0.8188,11225066
1628035200,0.8185,0.841,0.8019,0.8286,10773565
1628121600,0.8282,0.8599,0.8109,0.8507,15188807
1628208000,0.8508,0.87,0.8228,0.8555,16794608
1628294400,0.8558,0.8956,0.8442,0.8763,24941210
1628380800,0.876,0.8861,0.8169,0.8262,20838948
1628467200,0.826,0.8715,0.8051,0.8551,19126331
1628553600,0.855,0.9098,0.8388,0.8829,21863909
1628640000,0.883,0.97,0.8774,0.9121,29992810
1628726400,0.9121,0.9642,0.8542,0.8845,25394303
1628812800,0.8846,0.958,0.8717,0.9552,22925946
1628899200,0.9556,0.982,0.9103,0.933,20119694
1628985600,0.9338,1.0262,0.9263,0.9963,24039037
1629072000,0.9966,1.0288,0.9365,0.9458,26008764
1629158400,0.9461,0.9933,0.8805,0.8834,26642796
1629244800,0.8834,0.9638,0.85,0.9221,21012441
1629331200,0.9224,1.0715,0.9128,1.0438,41163149
1629417600,1.0438,1.1542,1.0393,1.1382,43017562
1629504000,1.1381,1.224,1.0938,1.149,32051462
1629590400,1.1494,1.244,1.1196,1.158,26799529
1629676800,1.158,1.1881,1.11,1.1611,21630275
1629763200,1.1611,1.1624,1.0145,1.0369,30502372
1629849600,1.0365,1.0804,1.0002,1.0651,26446761
1629936000,1.0652,1.0762,0.971,0.9891,23783829
1630022400,0.9891,1.0666,0.96,1.0651,20205890
1630108800,1.065,1.0752,1.0229,1.0395,13862272
1630195200,1.0397,1.0675,1,1.0225,15189861
1630281600,1.0224,1.098,0.9778,1.0207,23932975
1630368000,1.0203,1.17,1.0028,1.113,43720677
1630454400,1.113,1.1856,1.08,1.1617,29926149
1630540800,1.1613,1.1789,1.1233,1.1434,20243037
1630627200,1.1431,1.2702,1.109,1.218,42331111
1630713600,1.2185,1.2406,1.1906,1.2082,23671393
1630800000,1.2093,1.3512,1.1822,1.3152,39104079
1630886400,1.3146,1.4908,1.2934,1.4601,59854733
1630972800,1.4598,1.515,1.0307,1.2764,79677565
1631059200,1.2769,1.968,1.2317,1.9129,264836747
1631145600,1.913,2.5,1.9001,2.3012,337299724
1631232000,2.3027,2.4302,1.8437,2.0152,171499512
1631318400,2.0137,2.29,1.9623,1.9948,104519844
1631404800,1.9951,2.4735,1.9,2.3787,108951131
1631491200,2.3778,2.55,1.9831,2.1632,136200446
1631577600,2.1635,2.2709,1.9889,2.0381,77267834
1631664000,2.0382,2.0927,2,2.0153,43824709
1631750400,2.0154,2.2248,1.8638,2.038,88462220
1631836800,2.0389,2.1612,1.892,1.9249,57733593
1631923200,1.9244,2.13,1.8955,2.0716,46479498
1632009600,2.0725,2.1541,1.9416,1.9747,45542246
1632096000,1.9739,1.9773,1.548,1.6756,108582553
1632182400,1.6747,1.8256,1.5224,1.5753,75223196
1632268800,1.5764,1.8983,1.546,1.8463,68101769
1632355200,1.8468,2.0528,1.7881,2.0036,61997055
1632441600,2.003,2.0079,1.6813,1.7866,61263825
1632528000,1.7868,1.8172,1.694,1.7312,29526177
1632614400,1.7311,1.7826,1.5673,1.7767,34279464
1632700800,1.7765,1.8592,1.6699,1.6744,38128662
1632787200,1.6736,1.7212,1.5534,1.565,35463729
1632873600,1.5648,1.7499,1.5507,1.6081,35508168
1632960000,1.6068,1.6667,1.5721,1.6271,38104926
1633046400,1.6274,1.8157,1.5957,1.773,43310942
1633132800,1.7735,1.8845,1.7121,1.7693,39317361
1633219200,1.7701,1.999,1.7322,1.986,47402799
1633305600,1.986,2.0941,1.8863,1.9403,77639104
1633392000,1.9395,2.063,1.9202,1.9505,41286706
1633478400,1.9517,1.9885,1.7756,1.8127,50960352
1633564800,1.8138,1.9388,1.7513,1.8916,47157606
1633651200,1.8915,2,1.8777,1.8985,35964596
1633737600,1.8997,1.9495,1.8607,1.8929,20986271
1633824000,1.893,1.8931,1.7589,1.7664,23570018
1633910400,1.7664,1.8339,1.6785,1.7162,28042834
1633996800,1.7153,1.76,1.608,1.7481,31720399
1634083200,1.7481,1.8453,1.6877,1.8377,27909436
1634169600,1.8376,1.8825,1.7785,1.8121,28260018
1634256000,1.8119,1.8122,1.7266,1.7549,27417202
1634342400,1.7552,1.85,1.7338,1.798,23106110
1634428800,1.7977,1.8923,1.7201,1.7684,24777702
1634515200,1.7693,1.787,1.7137,1.7372,14170519
1634601600,1.7368,1.768,1.6861,1.71,16453756
1634688000,1.7103,1.8228,1.6869,1.7906,20713853
1634774400,1.791,1.8843,1.7522,1.7838,28862251
1634860800,1.7841,1.94,1.7716,1.8599,33811526
1634947200,1.8602,1.9417,1.8457,1.9071,18041925
1635033600,1.9072,1.92,1.778,1.815,20435667
1635120000,1.8152,2.0759,1.8074,2.0482,35968910
1635206400,2.0484,2.1,1.9485,2.0428,34794113
1635292800,2.0443,2.0885,1.7057,1.795,48194768
1635379200,1.7945,1.8819,1.752,1.8452,32867199
1635465600,1.8455,1.9195,1.8301,1.876,28054797
1635552000,1.876,1.8785,1.777,1.8209,15641002
1635638400,1.8215,1.858,1.757,1.83,22348587
1635724800,1.8287,1.868,1.7795,1.8344,16800911
1635811200,1.8352,1.9145,1.8314,1.8647,23593821
1635897600,1.8662,1.98,1.8207,1.9332,31912844
1635984000,1.934,1.9628,1.8205,1.8592,24877304
1636070400,1.859,1.9154,1.8301,1.8439,18076345
1636156800,1.8438,1.8679,1.78,1.8375,15013597
1636243200,1.8375,1.8723,1.8211,1.8678,11233374
1636329600,1.8682,2.09,1.8365,2.0474,41697065
1636416000,2.048,2.058,1.9314,1.946,24658551
1636502400,1.9454,2.2977,1.85,1.9342,85709823
1636588800,1.9333,2.0624,1.8761,2.021,35333373
1636675200,2.0213,2.3479,2.0033,2.1456,98075638
1636761600,2.1468,2.1629,2.0321,2.0744,24121349
1636848000,2.0744,2.1093,1.9197,1.9845,32528208
1636934400,1.985,2.0101,1.8576,1.891,29923697
1637020800,1.8916,1.8918,1.5637,1.7245,75366988
1637107200,1.7241,1.7613,1.5962,1.6598,48800292
1637193600,1.66,2.82,1.648,1.8496,188129737
1637280000,1.8501,1.9134,1.7539,1.8803,31830818
1637366400,1.8808,1.9076,1.7611,1.8404,22025585
1637452800,1.84,1.8943,1.7845,1.8298,19575110
1637539200,1.8302,1.8397,1.7167,1.7401,25910605
1637625600,1.7395,1.85,1.7,1.8358,25263456
1637712000,1.8364,1.872,1.7202,1.7421,25012549
1637798400,1.7421,1.8451,1.7246,1.8228,24321857
1637884800,1.8233,1.8247,1.5873,1.6075,56821802
1637971200,1.6062,1.7255,1.6019,1.6768,20583341
1638057600,1.6759,1.7165,1.5719,1.7144,20608554
1638144000,1.7147,1.8337,1.6934,1.7747,27610509
1638230400,1.7746,1.88,1.7319,1.8142,33042515
1638316800,1.815,2.0292,1.8045,1.9644,64705607
1638403200,1.9637,2.0429,1.8509,1.8896,35328877
1638489600,1.8892,1.9432,1.7,1.7476,30891118
1638576000,1.7467,1.7471,1.4,1.6539,59018668
1638662400,1.6529,1.7677,1.5875,1.7671,39427494
1638748800,1.7667,1.8664,1.6155,1.7632,49938227
1638835200,1.7637,1.8121,1.6657,1.687,21184776
1638921600,1.6865,1.7039,1.5987,1.7039,16501795
1639008000,1.703,1.7153,1.5453,1.5488,21043982
1639094400,1.5486,1.601,1.4575,1.4607,18949171
1639180800,1.4596,1.5778,1.4308,1.5279,15658670
1639267200,1.5295,1.5671,1.5101,1.5405,9523294
1639353600,1.5408,1.5588,1.3168,1.3214,33273127
1639440000,1.3209,1.3943,1.3094,1.3815,25875303
1639526400,1.3813,1.4552,1.305,1.4271,19985558
1639612800,1.4267,1.4678,1.383,1.3875,11491916
1639699200,1.3873,1.4053,1.3191,1.3516,10673871
1639785600,1.3517,1.3998,1.3329,1.3793,10518146
1639872000,1.3793,1.4352,1.3533,1.3564,10254860
1639958400,1.3564,1.3578,1.2572,1.2978,16278179
1640044800,1.2973,1.3796,1.291,1.3577,19187403
1640131200,1.3582,1.4167,1.3423,1.3641,19434464
1640217600,1.3642,1.49,1.3449,1.4697,20208272
1640304000,1.4706,1.65,1.4467,1.576,30549791
1640390400,1.5762,1.6003,1.5313,1.5748,12685490
1640476800,1.5751,1.6434,1.546,1.6079,19104408
1640563200,1.6081,1.7264,1.5807,1.6631,20132672
1640649600,1.6627,1.6627,1.45,1.4667,26375848
1640736000,1.4667,1.6437,1.4074,1.5828,37527493
1640822400,1.5823,1.769,1.5204,1.7299,45544245
1640908800,1.7299,1.7851,1.628,1.6589,33092491
1640995200,1.6593,1.7699,1.6313,1.7433,17333103
1641081600,1.7427,1.7842,1.6602,1.6739,17172225
1641168000,1.6731,1.8365,1.6261,1.7949,39101837
1641254400,1.7945,1.845,1.6583,1.6714,36637345
1641340800,1.6726,1.8022,1.45,1.5562,44788695
1641427200,1.5561,1.6058,1.4816,1.5631,32888450
1641513600,1.5624,1.5689,1.393,1.445,43660899
1641600000,1.4457,1.47,1.3159,1.3854,27497385
1641686400,1.3854,1.4417,1.3687,1.4009,15229057
1641772800,1.4008,1.45,1.3003,1.3624,26342260
1641859200,1.3638,1.4527,1.3492,1.4467,18683163
1641945600,1.4473,1.5055,1.4377,1.4989,19621022.9
1642032000,1.4989,1.5019,1.3413,1.3616,42365150.7
1642118400,1.3611,1.4116,1.3238,1.3822,19501623.1
1642204800,1.3826,1.4165,1.3576,1.3785,10329947.4
1642291200,1.379,1.4508,1.3663,1.4299,16395577.6
1642377600,1.4304,1.4443,1.337,1.3415,21612748.4
1642464000,1.3417,1.3619,1.2779,1.3179,22713112.9
1642550400,1.3176,1.3229,1.2257,1.2659,20213726.7
1642636800,1.2654,1.3276,1.1551,1.1614,22665849.1
1642723200,1.1617,1.1974,1,1.0303,65641121.6
1642809600,1.0301,1.0628,0.7978,0.9512,106642967.9
1642896000,0.9513,1.0063,0.925,0.9895,45462947.3
1642982400,0.9895,0.9899,0.8171,0.9125,58073348.9
1643068800,0.9124,0.95,0.8672,0.9223,40836944.1
1643155200,0.9223,0.9954,0.8932,0.9233,45888015.1
1643241600,0.9235,0.957,0.8774,0.9364,35256670.9
1643328000,0.9365,0.986,0.9207,0.9591,39386259.3
1643414400,0.9588,1.0075,0.9552,0.9693,24197093.1
1643500800,0.9692,0.9899,0.9289,0.9447,23426929.4
1643587200,0.945,0.97,0.9033,0.9504,30888952.6
1643673600,0.9503,0.9922,0.9468,0.967,25132871.2
1643760000,0.9668,1.0309,0.9217,0.9235,40254128.5
1643846400,0.9238,0.9413,0.9013,0.936,24430909.6
1643932800,0.9356,1.0008,0.9266,0.9987,22888626.9
1644019200,0.9987,1.046,0.9789,1.0021,21311916.8
1644105600,1.0035,1.031,0.9716,1.0259,18513843.7
1644192000,1.0257,1.0996,0.9997,1.0706,36812770.8
1644278400,1.0714,1.1036,0.9878,1.0239,31428882.8
1644364800,1.0248,1.0478,0.9973,1.0371,18784837.9
1644451200,1.037,1.0501,0.9747,0.9822,27656027.9
1644537600,0.9823,0.9972,0.8972,0.9169,27232602
1644624000,0.9168,0.9414,0.8895,0.9188,21081742.4
1644710400,0.9194,0.9346,0.8832,0.8968,16082699.3
1644796800,0.8968,0.9109,0.8719,0.9001,20523499
1644883200,0.9002,0.9759,0.8989,0.9706,19036978.7
1644969600,0.9707,1.0081,0.9531,0.9791,30442017.7
1645056000,0.9786,0.9893,0.8879,0.8983,29896096.9
1645142400,0.8984,0.9272,0.8732,0.895,20224846
1645228800,0.8947,0.9198,0.871,0.9001,11920480.3
1645315200,0.9001,0.9011,0.8322,0.8455,18785755.7
1645401600,0.8455,0.879,0.7795,0.7852,29235070.9
1645488000,0.7848,0.8206,0.7582,0.8111,24722711.5
1645574400,0.8111,0.8517,0.7821,0.7853,20168545.3
1645660800,0.7856,0.7963,0.6887,0.7779,51513870.1
1645747200,0.7778,0.8419,0.7683,0.8312,22681591
1645833600,0.8312,0.883,0.8188,0.8598,21263907.3
1645920000,0.8596,0.8633,0.782,0.7983,20248888.9
1646006400,0.7982,0.8697,0.7848,0.8684,22747347.1
1646092800,0.8681,0.8957,0.8367,0.8569,27692292.8
1646179200,0.8571,0.8601,0.8081,0.8204,23878677.8
1646265600,0.8203,0.8527,0.787,0.7967,25156521.2
1646352000,0.7967,0.8108,0.7523,0.7605,23813264.9
1646438400,0.7603,0.7781,0.7421,0.7738,13694594.8
1646524800,0.7723,0.7825,0.7433,0.7462,15987046.6
1646611200,0.7461,0.7728,0.72,0.7277,22264689.2
1646697600,0.7279,0.7599,0.7248,0.7402,18208110.9
1646784000,0.74,0.78,0.739,0.7672,21670572.7
1646870400,0.7673,0.7813,0.7222,0.7308,21053756.5
1646956800,0.7306,0.732,0.699,0.7014,27199564.4
1647043200,0.7012,0.7245,0.7005,0.7051,10693723.2
1647129600,0.7051,0.7166,0.6755,0.6813,12371993.8
1647216000,0.6814,0.7143,0.6734,0.7063,18067677.7
1647302400,0.7063,0.728,0.6782,0.7163,19117447.5
1647388800,0.7163,0.7389,0.6964,0.7371,25752047.4
1647475200,0.7372,0.7618,0.7213,0.7417,23289842.3
1647561600,0.7416,0.7639,0.7257,0.7552,21817471.8
1647648000,0.7555,0.7805,0.7519,0.7651,22310515.5
1647734400,0.765,0.7774,0.7345,0.7418,16986742.2
1647820800,0.7416,0.8296,0.7306,0.828,36149123.2
1647907200,0.8279,0.8522,0.8033,0.8268,28488160.2
1647993600,0.8268,0.8394,0.8049,0.8391,16777740.9
1648080000,0.8393,0.9087,0.8212,0.8916,37264069.9
1648166400,0.8913,0.95,0.8828,0.8895,42135170
1648252800,0.8894,0.9227,0.8752,0.9121,20014326.9
1648339200,0.9122,0.9508,0.8955,0.9498,15816465.8
1648425600,0.9494,0.9745,0.8931,0.9075,34024718.2
1648512000,0.9078,0.9642,0.8989,0.9232,30380195.7
1648598400,0.9229,0.9559,0.8825,0.9268,29188561.4
1648684800,0.927,0.9889,0.91,0.9295,35093817.4
1648771200,0.9298,0.98,0.8901,0.939,24399555.2
1648857600,0.9396,0.9767,0.8986,0.9073,29039469.2
1648944000,0.907,0.948,0.8881,0.9353,22859177
1649030400,0.9353,0.9369,0.8488,0.8824,34004431.6
1649116800,0.8821,0.9004,0.8309,0.8348,33965833.8
1649203200,0.8352,0.8383,0.765,0.7666,38479974.9
1649289600,0.7659,0.8085,0.7509,0.799,16625116.5
1649376000,0.7988,0.81,0.7516,0.7596,14839260.4
1649462400,0.7589,0.7899,0.7574,0.788,8946216.6
1649548800,0.7884,0.7901,0.7472,0.7511,9194614.7
1649635200,0.7507,0.7613,0.6814,0.6935,26578316
1649721600,0.6934,0.7454,0.6857,0.7262,18059129.7
1649808000,0.7262,0.7486,0.7139,0.7464,13340895.7
1649894400,0.7464,0.7616,0.7148,0.7269,12042002.9
1649980800,0.7266,0.7433,0.7213,0.7394,8266309
1650067200,0.7393,0.7514,0.7284,0.7437,5901472.1
1650153600,0.7434,0.7457,0.706,0.7108,6109553.2
1650240000,0.7106,0.7407,0.6881,0.7369,13090691.7
1650326400,0.7365,0.7632,0.7287,0.7593,12141276.7
1650412800,0.759,0.7715,0.731,0.7421,10019776.8
1650499200,0.7421,0.7747,0.709,0.7187,14772872.4
1650585600,0.7187,0.7336,0.7111,0.719,10420415.1
1650672000,0.7193,0.7237,0.705,0.7074,8743730.2
1650758400,0.7078,0.7148,0.6972,0.7008,6813672.3
1650844800,0.7012,0.7064,0.6556,0.7031,22925566.7
1650931200,0.7034,0.728,0.6429,0.6562,24594437.1
1651017600,0.6563,0.6787,0.6489,0.6715,13595808.2
1651104000,0.6716,0.7155,0.661,0.6983,18360000.6
1651190400,0.6983,0.7098,0.6192,0.6379,19583441.6
1651276800,0.638,0.6402,0.538,0.5676,22410265
1651363200,0.5675,0.6054,0.5641,0.602,20541439.7
1651449600,0.6015,0.6475,0.58,0.6159,27376290.3
1651536000,0.616,0.7411,0.611,0.6707,75020737.5
1651622400,0.6708,0.7193,0.653,0.7153,35318054.5
1651708800,0.7157,0.7303,0.6141,0.6344,34061031.2
1651795200,0.634,0.7248,0.6256,0.6979,44554037.4
1651881600,0.6973,0.7753,0.6718,0.7484,51141529.2
1651968000,0.7483,0.7846,0.7072,0.7289,44101002
1652054400,0.7292,0.7559,0.5647,0.5738,66159822.8
1652140800,0.5743,0.661,0.5519,0.5848,75817173.8
1652227200,0.5847,0.6075,0.4032,0.4525,95756215.1
1652313600,0.4529,0.4986,0.34,0.4222,87510847.8
1652400000,0.4224,0.5087,0.4137,0.4426,50748520.5
1652486400,0.4424,0.473,0.4177,0.463,34040991
1652572800,0.4632,0.4939,0.4435,0.4902,22781640.3
1652659200,0.4904,0.4904,0.4374,0.4598,30572587.1
1652745600,0.4596,0.5078,0.4584,0.4947,29535098.5
1652832000,0.4947,0.504,0.4307,0.4328,34826499.2
1652918400,0.4328,0.4634,0.4205,0.4512,32375487.7
1653004800,0.4511,0.4591,0.42,0.4329,33802317.6
1653091200,0.4329,0.443,0.421,0.4345,32557054.6
1653177600,0.4344,0.4485,0.4232,0.442,34710403.2
1653264000,0.4419,0.4521,0.41,0.4165,48147732.1
1653350400,0.4165,0.4216,0.3901,0.4187,41446965.6
1653436800,0.4184,0.4215,0.3983,0.4053,44774799.4
1653523200,0.4051,0.4126,0.366,0.3789,51309014.1
1653609600,0.3787,0.3843,0.3551,0.36,49876959.6
1653696000,0.3601,0.3736,0.3543,0.367,33650664
1653782400,0.367,0.3795,0.3522,0.3786,24391817
1653868800,0.3787,0.4238,0.3759,0.4199,32257719.6
1653955200,0.4199,0.425,0.3948,0.4108,48619468.6
1654041600,0.4107,0.4285,0.3742,0.3845,52132157.9
1654128000,0.3847,0.397,0.376,0.3947,33355473.9
1654214400,0.3947,0.3971,0.371,0.3809,20465352.6
1654300800,0.3809,0.3905,0.3669,0.3883,15792507.9
1654387200,0.3882,0.4028,0.3791,0.3914,24539594.4
1654473600,0.3915,0.4243,0.3905,0.4126,29584084.6
1654560000,0.4125,0.4132,0.3756,0.3989,36726556.5
1654646400,0.3989,0.4315,0.3982,0.4164,45006462.1
1654732800,0.4164,0.4181,0.3994,0.4041,20564123.5
1654819200,0.404,0.4046,0.363,0.3688,36694305.5
1654905600,0.3685,0.3799,0.338,0.3504,35922532.1
1654992000,0.3504,0.3516,0.3233,0.3246,35911728.5
1655078400,0.3242,0.3291,0.2888,0.3039,115119008.6
1655164800,0.3039,0.311,0.2819,0.3083,70890686.6
1655251200,0.3085,0.341,0.2779,0.3399,85287147.8
1655337600,0.3398,0.3441,0.2954,0.3018,44638148.3
1655424000,0.3018,0.3179,0.2983,0.31,25946932.2
1655510400,0.31,0.3147,0.2747,0.2955,42141121
1655596800,0.2954,0.3189,0.2843,0.3142,29851462.2
1655683200,0.3143,0.3265,0.301,0.3183,29574571.6
1655769600,0.3182,0.3436,0.3141,0.3257,36420624.3
1655856000,0.3257,0.332,0.3118,0.3136,32265453.7
1655942400,0.3136,0.3379,0.3117,0.3361,28025543
1656028800,0.336,0.3587,0.3346,0.3499,36218928.9
1656115200,0.3498,0.3571,0.3346,0.3519,22375583.5
1656201600,0.352,0.36,0.3311,0.3316,22274998.4
1656288000,0.3317,0.3464,0.3242,0.331,21980138.4
1656374400,0.3306,0.3374,0.3102,0.3124,27539108.8
1656460800,0.3124,0.3166,0.2944,0.3014,29195752.7
1656547200,0.3014,0.3192,0.2833,0.3146,39697986.9
1656633600,0.3148,0.3236,0.2991,0.3061,32225604
1656720000,0.3061,0.3115,0.2985,0.3071,29076907.3
1656806400,0.3073,0.315,0.3009,0.3094,14342705.8
1656892800,0.3094,0.3206,0.2997,0.3193,21524849
1656979200,0.3194,0.3225,0.3007,0.3075,23644602.2
1657065600,0.3074,0.3128,0.3018,0.3106,26048009.9
1657152000,0.3106,0.3255,0.3097,0.3224,35590479.1
1657238400,0.3224,0.3283,0.3095,0.3144,21443282.5
1657324800,0.3139,0.324,0.3138,0.3214,13230095.6
1657411200,0.3214,0.3228,0.3056,0.3106,14246765.6
1657497600,0.3106,0.3107,0.2963,0.2967,19330136.4
1657584000,0.2966,0.3044,0.2913,0.2923,19050581.2
1657670400,0.2921,0.311,0.2896,0.3097,26858761.2
1657756800,0.3097,0.3325,0.301,0.3297,25181272.7
1657843200,0.3298,0.3329,0.3206,0.3275,23883039.1
1657929600,0.3275,0.3456,0.3247,0.3404,22138255.1
1658016000,0.3405,0.3437,0.3327,0.3365,20577053.3
1658102400,0.3363,0.3674,0.3358,0.3598,29107157
1658188800,0.3597,0.3787,0.3461,0.372,31481819
1658275200,0.3721,0.3776,0.3414,0.3448,33521753.4
1658361600,0.3447,0.3519,0.3331,0.3494,21197015.7
1658448000,0.3494,0.3587,0.3332,0.3378,22256477.1
1658534400,0.3378,0.3442,0.3257,0.3351,17377690.8
1658620800,0.3349,0.3481,0.3345,0.3406,11756465.5
1658707200,0.3405,0.3438,0.3113,0.3116,15845069.7
1658793600,0.3119,0.3131,0.3013,0.311,27051666.8
1658880000,0.3109,0.3294,0.3055,0.3287,29103722.5
1658966400,0.3288,0.3426,0.3191,0.3363,32037054.6
1659052800,0.3362,0.3454,0.3257,0.3368,53758516
1659139200,0.3369,0.3553,0.3276,0.338,31767496.3
1659225600,0.3382,0.3559,0.3317,0.3361,32386059.5
1659312000,0.336,0.3445,0.3301,0.3424,35615493.6
1659398400,0.3426,0.3483,0.3199,0.3267,34822143.5
1659484800,0.3268,0.3394,0.3174,0.3267,24809766.1
1659571200,0.3267,0.3419,0.3256,0.3361,25061322.4
1659657600,0.3363,0.3603,0.3345,0.3589,30235122.5
1659744000,0.3588,0.3596,0.3466,0.3492,15707856.4
1659830400,0.349,0.3656,0.3423,0.3559,20392512.3
1659916800,0.3558,0.3718,0.3535,0.3629,25747425
1660003200,0.3628,0.3767,0.3405,0.3452,26082226.6
1660089600,0.3454,0.3659,0.335,0.3644,22598460.7
1660176000,0.3642,0.3712,0.3588,0.3613,14770794
1660262400,0.3612,0.3678,0.3529,0.3658,18960621.8
1660348800,0.3658,0.3747,0.3644,0.3686,15974988.2
1660435200,0.3689,0.3839,0.3586,0.3642,22745714.1
1660521600,0.3643,0.376,0.35,0.3578,16987366.1
1660608000,0.3576,0.3605,0.3493,0.3526,12588645
1660694400,0.3529,0.3655,0.3373,0.3408,20324134
1660780800,0.3407,0.3479,0.3251,0.3336,12767552.8
1660867200,0.3338,0.3339,0.3002,0.303,38840587.3
1660953600,0.303,0.3128,0.2936,0.3003,24796847.5
1661040000,0.3003,0.3093,0.2972,0.3062,16157371.3
1661126400,0.3065,0.3068,0.2903,0.3032,13435215.7
1661212800,0.3031,0.3098,0.2929,0.3078,18702363.5
1661299200,0.3078,0.3093,0.2987,0.3023,19814962.7
1661385600,0.3021,0.3104,0.2993,0.3074,16456909.6
1661472000,0.3072,0.3083,0.28,0.2831,27047613.3
1661558400,0.2832,0.2908,0.2793,0.2889,17896000.4
1661644800,0.2887,0.2954,0.281,0.2823,12206891.9
1661731200,0.2825,0.2995,0.28,0.2981,16513640.8
1661817600,0.298,0.3022,0.2841,0.2917,16616722.1
1661904000,0.2919,0.3014,0.2872,0.2885,14722077.9
1661990400,0.2884,0.2939,0.2835,0.2936,12839438.9
1662076800,0.2937,0.3073,0.2899,0.3024,24667221.6
1662163200,0.3022,0.303,0.2955,0.303,12428081.9
1662249600,0.3029,0.3194,0.3029,0.3127,23825669.5
1662336000,0.3126,0.3145,0.2971,0.3046,12545700.8
1662422400,0.3046,0.3097,0.281,0.2855,26644743.3
1662508800,0.2854,0.3017,0.2812,0.2991,20778653
1662595200,0.2991,0.3084,0.2929,0.3078,22033929.5
1662681600,0.3079,0.3265,0.3074,0.3246,28974832.8
1662768000,0.3246,0.3281,0.3169,0.3223,25303680.6
1662854400,0.3223,0.3308,0.3165,0.3264,18619948.3
1662940800,0.3264,0.333,0.317,0.3237,20247284.6
1663027200,0.3235,0.324,0.2947,0.2966,33548436
1663113600,0.2966,0.3049,0.295,0.3031,12159908.5
1663200000,0.3028,0.3032,0.2889,0.295,17342266.6
1663286400,0.2949,0.3006,0.29,0.298,11797979.9
1663372800,0.298,0.3114,0.2977,0.3108,8708704.9
1663459200,0.3109,0.3179,0.2894,0.293,17120053.3
1663545600,0.2932,0.3245,0.291,0.3172,38879582.9
1663632000,0.3171,0.347,0.3169,0.3295,51130421.6
1663718400,0.3296,0.3406,0.3083,0.3352,37830603.7
1663804800,0.335,0.3873,0.3285,0.3698,75388619.1
1663891200,0.3699,0.4101,0.3632,0.3992,74931363.9
1663977600,0.399,0.4044,0.3699,0.3853,35164450.9
1664064000,0.3853,0.4012,0.3779,0.3884,35325772.1
1664150400,0.3881,0.3924,0.3574,0.3687,28893025.5
1664236800,0.3686,0.3753,0.3371,0.3524,36602563
1664323200,0.3524,0.3568,0.332,0.3495,28796156.2
1664409600,0.3498,0.3639,0.3332,0.355,27232666.1
1664496000,0.355,0.3664,0.3468,0.3535,36044999.3
1664582400,0.3534,0.3684,0.352,0.355,22480313.6
1664668800,0.355,0.3726,0.3515,0.3543,23103327.6
1664755200,0.3543,0.3613,0.3434,0.3543,18872782
1664841600,0.3543,0.36,0.3498,0.3577,18028170.5
1664928000,0.3577,0.36,0.3442,0.3539,15489346
1665014400,0.354,0.3591,0.3469,0.3488,20299717.6
1665100800,0.3489,0.3504,0.3356,0.3416,18610440.8
1665187200,0.3416,0.3416,0.3309,0.335,12182487.2
1665273600,0.335,0.34,0.3305,0.3389,9007117.4
1665360000,0.3387,0.3402,0.3194,0.3195,17354431.2
1665446400,0.3195,0.3241,0.3088,0.3177,16547577
1665532800,0.3175,0.3212,0.3113,0.3135,11798929.2
1665619200,0.3135,0.324,0.2851,0.3194,36078635.1
1665705600,0.3194,0.3297,0.3125,0.3174,16379427.7
1665792000,0.3174,0.3258,0.3124,0.3189,9237914.2
1665878400,0.3187,0.328,0.3184,0.3224,8531090.6
1665964800,0.3223,0.3321,0.3177,0.3302,14579022.4
1666051200,0.3302,0.3329,0.3152,0.3192,12112929
1666137600,0.3194,0.3206,0.3039,0.3077,12997293
1666224000,0.3077,0.315,0.3028,0.3066,14794468.5
1666310400,0.3065,0.3138,0.2954,0.3134,14021481.2
1666396800,0.3134,0.3149,0.3089,0.3137,6624366.8
1666483200,0.3139,0.3168,0.3068,0.3158,10647726.8
1666569600,0.3156,0.3168,0.3053,0.3149,11692838.1
1666656000,0.3149,0.3397,0.3132,0.3312,28977028.2
1666742400,0.3312,0.3434,0.329,0.3414,19296718.6
1666828800,0.3414,0.3443,0.3248,0.3259,14123402.6
1666915200,0.3259,0.338,0.3195,0.3332,15230862.7
1667001600,0.3332,0.346,0.3332,0.3396,20091848.5
1667088000,0.3399,0.3657,0.3355,0.3593,27542816.5
1667174400,0.3594,0.3805,0.3517,0.3588,32318067.2
1667260800,0.3587,0.3704,0.346,0.36,29109715.7
1667347200,0.3603,0.3658,0.3433,0.3616,39586901.3
1667433600,0.3616,0.3849,0.3598,0.37,44170716.8
1667520000,0.37,0.4305,0.3656,0.4152,66603678.9
1667606400,0.4153,0.4552,0.4031,0.4239,71114357.5
1667692800,0.424,0.4488,0.4022,0.4025,49555884.7
1667779200,0.4024,0.449,0.3962,0.4192,73028782.6
1667865600,0.4192,0.42,0.3,0.334,123914720.6
1667952000,0.3341,0.3376,0.2533,0.2661,90119424.4
1668038400,0.2664,0.3273,0.2628,0.3199,69226451.6
1668124800,0.3199,0.3283,0.2811,0.3023,45067007.2
1668211200,0.3021,0.3031,0.27,0.2735,52172765.6
1668297600,0.2735,0.2771,0.2552,0.2612,47358550.9
1668384000,0.261,0.2666,0.2367,0.2612,72179545
1668470400,0.2613,0.2911,0.2565,0.2812,55879091.9
1668556800,0.2813,0.299,0.2639,0.2755,51089858.6
1668643200,0.2756,0.2797,0.2572,0.2675,33635630.7
1668729600,0.2676,0.2983,0.2668,0.2975,58542199.4
1668816000,0.2975,0.3109,0.2879,0.2979,56477624.2
1668902400,0.2979,0.2991,0.2531,0.2562,53485981
1668988800,0.2561,0.2572,0.2377,0.2445,62808574.7
1669075200,0.2446,0.2484,0.2259,0.241,52640666.8
1669161600,0.2409,0.2476,0.2356,0.2472,34339359.6
1669248000,0.2473,0.2493,0.2378,0.242,25210947.1
1669334400,0.2418,0.2458,0.2337,0.2436,24728727.7
1669420800,0.2436,0.2474,0.237,0.2408,19849852.1
1669507200,0.2408,0.2492,0.2388,0.24,19495485
1669593600,0.24,0.2417,0.2266,0.2359,30196154.6
1669680000,0.2358,0.2425,0.2334,0.2406,19614456.8
1669766400,0.2406,0.2497,0.2371,0.2477,30167694.9
1669852800,0.2475,0.2484,0.2385,0.2408,18388426.2
1669939200,0.2409,0.2462,0.2352,0.2441,21671038.5
1670025600,0.2441,0.246,0.2364,0.2377,22975285.8
1670112000,0.2376,0.2408,0.2367,0.2394,11732448.5
1670198400,0.2395,0.2468,0.2333,0.2364,29989869.1
1670284800,0.2365,0.237,0.2313,0.2337,14850976.9
1670371200,0.2338,0.234,0.2174,0.2211,30425646.9
1670457600,0.2211,0.2268,0.2177,0.2244,20441699.8
1670544000,0.2244,0.226,0.222,0.2258,18316104.3
1670630400,0.2259,0.2306,0.2249,0.2267,11195151.2
1670716800,0.2267,0.2302,0.2204,0.2226,14954505.9
1670803200,0.2224,0.2224,0.213,0.2183,27888235.7
1670889600,0.2184,0.2258,0.2096,0.2238,26862609.3
1670976000,0.2237,0.2264,0.2179,0.2209,21792769.4
1671062400,0.2208,0.2288,0.2092,0.21,108989857.8
1671148800,0.21,0.2129,0.1806,0.185,77371887.2
1671235200,0.185,0.1955,0.1804,0.1947,32945040.2
1671321600,0.1948,0.1954,0.1869,0.1882,55869147
1671408000,0.1882,0.1913,0.1685,0.1742,50871308.1
1671494400,0.1743,0.1819,0.1739,0.1787,31074152.3
1671580800,0.1787,0.1806,0.168,0.1703,64117092
1671667200,0.1703,0.1721,0.1647,0.1719,58621434.4
1671753600,0.1721,0.1737,0.1687,0.1698,20016850.8
1671840000,0.1698,0.1706,0.1673,0.1676,15691358.5
1671926400,0.1676,0.1681,0.1624,0.1655,23882842.8
1672012800,0.1656,0.1717,0.1648,0.1715,16905856.2
1672099200,0.1714,0.1722,0.1644,0.17,19927531.4
1672185600,0.17,0.1704,0.1607,0.167,35847432.9
1672272000,0.167,0.1677,0.1607,0.1647,33221236.3
1672358400,0.1648,0.1692,0.1599,0.1692,36720036.7
1672444800,0.1692,0.1745,0.167,0.1725,33161016.7
1672531200,0.1725,0.1789,0.171,0.1773,22241602.8
1672617600,0.1773,0.183,0.173,0.1807,28378286
1672704000,0.1808,0.1852,0.1798,0.1841,16887066.6
1672790400,0.1841,0.1916,0.1833,0.1868,32034899.4
1672876800,0.1867,0.1909,0.1817,0.1836,22991519.9
1672963200,0.1835,0.1899,0.1803,0.189,18455389.7
1673049600,0.1891,0.1955,0.1878,0.1939,18472181.6
1673136000,0.194,0.2005,0.1907,0.1993,18141886.6
1673222400,0.1992,0.208,0.1975,0.1996,37025646.9
1673308800,0.1997,0.2055,0.1967,0.2038,24997626
1673395200,0.2038,0.2113,0.1965,0.2102,25919502.9
1673481600,0.2102,0.2133,0.2032,0.2123,34980223.4
1673568000,0.2123,0.2228,0.2076,0.2207,32965884
1673654400,0.2207,0.2388,0.2091,0.2291,80854960.9
1673740800,0.2291,0.2407,0.2232,0.2404,49134595.6
1673827200,0.2404,0.2417,0.2238,0.2341,50248752.5
1673913600,0.2342,0.2364,0.2276,0.2284,30450638.3
1674000000,0.2284,0.2326,0.2073,0.2086,45023915.3
1674086400,0.2083,0.2186,0.208,0.217,26612527.7
1674172800,0.2171,0.2402,0.2157,0.2393,35394140.2
1674259200,0.2392,0.2457,0.2307,0.2389,46592006.9
1674345600,0.2389,0.2549,0.2352,0.2458,44696023.8
1674432000,0.2458,0.254,0.245,0.2496,33458690
1674518400,0.2495,0.26,0.2336,0.2365,37410222.4
1674604800,0.2363,0.2491,0.2289,0.2447,32011531.1
1674691200,0.2448,0.2489,0.2391,0.2452,26892767.3
1674777600,0.2453,0.2595,0.2383,0.2545,35761011.2
1674864000,0.2546,0.2646,0.2495,0.2574,27220277.9
1674950400,0.2573,0.2646,0.2539,0.2618,28429829.3
1675036800,0.2617,0.2625,0.2353,0.2391,32451973.7
1675123200,0.2392,0.2441,0.235,0.2413,28515145.3
1675209600,0.2415,0.252,0.2308,0.2512,53899120.7
1675296000,0.2513,0.2684,0.2513,0.2552,37815842.5
1675382400,0.2554,0.2738,0.2504,0.271,44594862.3
1675468800,0.2711,0.2741,0.2651,0.267,23076352.1
1675555200,0.267,0.2702,0.2508,0.2573,31442381
1675641600,0.2572,0.2634,0.2536,0.2547,21139308.4
1675728000,0.2548,0.2862,0.2536,0.28,66033632.7
1675814400,0.28,0.2988,0.2749,0.29,71776862.8
1675900800,0.29,0.2905,0.2458,0.2547,73794408
1675987200,0.2549,0.2638,0.2484,0.2511,41580053
1676073600,0.2511,0.2572,0.2478,0.2567,21185337.3
1676160000,0.2568,0.2595,0.2424,0.2473,31571346.9
1676246400,0.2474,0.2481,0.233,0.2437,56681596.2
1676332800,0.2437,0.2559,0.2387,0.2534,42624770.9
1676419200,0.2535,0.2741,0.2506,0.2724,54568981.9
1676505600,0.2724,0.2841,0.2567,0.2576,64560499.8
1676592000,0.2577,0.2757,0.2573,0.2713,52358100.8
1676678400,0.2711,0.2779,0.2683,0.2729,26183423.8
1676764800,0.273,0.2829,0.2672,0.2777,36123221.4
1676851200,0.2777,0.2922,0.2686,0.2851,50686876.5
1676937600,0.2851,0.2935,0.2735,0.2787,43356813
1677024000,0.2788,0.2798,0.2617,0.2713,49597956.4
1677110400,0.2713,0.2791,0.2644,0.2687,35510756.8
1677196800,0.2685,0.2699,0.2509,0.2567,37444242
1677283200,0.2566,0.2575,0.2441,0.2502,21541706.2
1677369600,0.2502,0.2557,0.2482,0.2552,10387248.9
1677456000,0.2552,0.2613,0.2496,0.2547,16233568.2
1677542400,0.2548,0.2554,0.2422,0.2444,19878847.9
1677628800,0.2444,0.2542,0.2426,0.2508,20937523.2
1677715200,0.2506,0.2518,0.2396,0.2419,15627148.7
1677801600,0.2419,0.2421,0.2223,0.2333,26306129.8
1677888000,0.2332,0.2339,0.221,0.2246,5512474.9
1677974400,0.2245,0.2309,0.2229,0.226,10890065.7
1678060800,0.2258,0.2307,0.219,0.2255,20245544.2
1678147200,0.2255,0.2279,0.2129,0.2174,19749184.3
1678233600,0.2174,0.2181,0.1987,0.2017,31001704.3
1678320000,0.2017,0.2073,0.187,0.1935,40401744.8
1678406400,0.1935,0.195,0.1846,0.1888,74412913.9
1678492800,0.1889,0.1965,0.18,0.1886,46088825.9
1678579200,0.1888,0.204,0.1835,0.2027,32498099.9
1678665600,0.2027,0.2171,0.194,0.2132,52031111
1678752000,0.2132,0.2298,0.2064,0.223,46204807.5
1678838400,0.2227,0.2267,0.1987,0.2046,41406661.3
1678924800,0.2049,0.2106,0.2014,0.2087,19535550.8
1679011200,0.2088,0.2279,0.2066,0.2269,29080573.6
1679097600,0.2268,0.2301,0.2142,0.2153,31857767.8
1679184000,0.2152,0.2257,0.2149,0.2204,33507716.7
1679270400,0.2206,0.2251,0.2082,0.2104,22840056.1
1679356800,0.2103,0.2266,0.2051,0.2238,19024021.7
1679443200,0.2239,0.2413,0.2088,0.214,61741581.3
1679529600,0.2139,0.2232,0.2113,0.2198,25019929.1
1679616000,0.2198,0.2207,0.2063,0.2093,18551423.2
1679702400,0.2093,0.2117,0.2023,0.2064,12367627.4
1679788800,0.2065,0.2121,0.2053,0.2108,7614666.1
1679875200,0.2108,0.2111,0.1958,0.2,18113214.4
1679961600,0.1999,0.2044,0.197,0.2017,25378366.5
1680048000,0.2019,0.2385,0.2017,0.2354,59378449.3
1680134400,0.2353,0.2398,0.221,0.2247,27828628.7
1680220800,0.2247,0.228,0.2178,0.2261,21558770
1680307200,0.226,0.228,0.219,0.2234,11344374.3
1680393600,0.2233,0.2248,0.2114,0.214,15239715.8
1680480000,0.2141,0.2194,0.2072,0.2144,18510321.4
1680566400,0.2143,0.2209,0.2116,0.2181,14954169.5
1680652800,0.2182,0.224,0.2149,0.223,19076834.4
1680739200,0.2228,0.2232,0.2155,0.218,12503253.5
1680825600,0.2182,0.2201,0.2129,0.2192,9665570
1680912000,0.2193,0.2212,0.2142,0.2162,9686574.6
1680998400,0.2161,0.2186,0.2132,0.2165,5094648.9
1681084800,0.2166,0.2215,0.2127,0.2212,14987629.9
1681171200,0.2212,0.2238,0.2183,0.2201,18669369.9
1681257600,0.2202,0.2208,0.2116,0.2152,18068488.6
1681344000,0.2153,0.2229,0.2131,0.2214,19212466.2
1681430400,0.2214,0.2325,0.2201,0.2274,35528169.6
1681516800,0.2273,0.2334,0.2237,0.2318,16860729.9
1681603200,0.2316,0.2354,0.2258,0.2346,16503340.3
1681689600,0.2346,0.2355,0.219,0.2209,49036321.5
1681776000,0.221,0.2259,0.2177,0.2223,27464549.4
1681862400,0.2224,0.2226,0.1963,0.1991,36037297
1681948800,0.199,0.2003,0.1882,0.1905,49819161.1
1682035200,0.1903,0.1912,0.1812,0.1854,23745789.7
1682121600,0.1853,0.1905,0.1847,0.1899,9924004.7
1682208000,0.1898,0.19,0.1825,0.1881,9212849.2
1682294400,0.1882,0.1902,0.1818,0.1855,10885607.8
1682380800,0.1854,0.189,0.1794,0.1879,11496765.2
1682467200,0.1877,0.193,0.1717,0.1812,28688621.8
1682553600,0.1812,0.1856,0.1797,0.1842,11804950.6
1682640000,0.1839,0.1851,0.1801,0.1838,9059079.7
1682726400,0.1837,0.186,0.1819,0.1837,6809274
1682812800,0.1836,0.1849,0.1794,0.1802,7677356.3
1682899200,0.1803,0.1816,0.1746,0.1774,14957233.8
1682985600,0.1773,0.1796,0.1741,0.1788,12965627
1683072000,0.1788,0.1821,0.1743,0.1811,12938474.1
1683158400,0.1811,0.1814,0.1753,0.1772,11807800.7
1683244800,0.1771,0.1832,0.1768,0.1814,15720406.2
1683331200,0.1815,0.1832,0.1724,0.1756,12303509.8
1683417600,0.1755,0.176,0.1733,0.1733,6236671.6
1683504000,0.1733,0.1744,0.1588,0.1643,20502177.1
1683590400,0.1643,0.1671,0.1631,0.1651,10868818.5
1683676800,0.1651,0.171,0.1609,0.1687,14996770.8
1683763200,0.1688,0.169,0.1588,0.1624,12356405.9
1683849600,0.1625,0.1649,0.1574,0.1649,12509475.8
1683936000,0.1648,0.165,0.1612,0.1622,5230671.1
1684022400,0.1622,0.1655,0.1608,0.163,9800951
1684108800,0.1632,0.1688,0.1609,0.1668,12168066.6
1684195200,0.1669,0.1705,0.1647,0.1695,8022773.5
1684281600,0.1695,0.174,0.1661,0.1721,11406671.6
1684368000,0.1722,0.1724,0.163,0.165,17556434.2
1684454400,0.165,0.1675,0.1645,0.1648,10265810.6
1684540800,0.1649,0.1655,0.1637,0.1647,6624131.7
1684627200,0.1645,0.1648,0.1603,0.1616,9406248.9
1684713600,0.1617,0.1625,0.1592,0.1611,9314874.7
1684800000,0.1611,0.165,0.1609,0.1624,9697118.5
1684886400,0.1623,0.1626,0.154,0.1545,18181147.6
1684972800,0.1544,0.155,0.1494,0.1503,53187448.9
1685059200,0.1502,0.1513,0.1471,0.1501,19749651.8
1685145600,0.1499,0.1519,0.1489,0.1504,21214279.4
1685232000,0.1504,0.154,0.1497,0.1531,27195309.8
1685318400,0.1531,0.1545,0.1506,0.1516,9474654.2
1685404800,0.1517,0.1527,0.1471,0.1515,32310090.6
1685491200,0.1514,0.1527,0.1455,0.1478,16719483.9
1685577600,0.1478,0.1489,0.1448,0.1483,9929865.5
1685664000,0.1484,0.1525,0.1468,0.1517,9974278
1685750400,0.1518,0.1523,0.15,0.1507,6061815.1
1685836800,0.1507,0.1538,0.1498,0.1518,7562715.1
1685923200,0.1517,0.1522,0.1312,0.1378,25260312.7
1686009600,0.1379,0.1386,0.1332,0.1372,33552191.7
1686096000,0.1371,0.1373,0.1239,0.125,36113890.4
1686182400,0.1249,0.126,0.1206,0.1233,47982503.1
1686268800,0.1233,0.1264,0.1218,0.1239,22392662.8
1686355200,0.1238,0.1239,0.0914,0.111,76275213.4
1686441600,0.1111,0.1132,0.1072,0.1107,17333385.2
1686528000,0.1107,0.1134,0.1077,0.1127,24889337.6
1686614400,0.1126,0.117,0.1113,0.113,20226523.3
1686700800,0.1129,0.1191,0.1104,0.1127,23898497
1686787200,0.1129,0.1158,0.1075,0.1121,21678041.3
1686873600,0.112,0.1177,0.1093,0.1157,15276063.5
1686960000,0.1158,0.1228,0.1152,0.1185,10953291.4
1687046400,0.1186,0.1192,0.1142,0.115,8495148.7
1687132800,0.1149,0.1175,0.1137,0.1164,11099399.4
1687219200,0.1166,0.122,0.1133,0.1215,15592412.5
1687305600,0.1213,0.1266,0.121,0.1259,21719091.3
1687392000,0.1256,0.1292,0.1234,0.1248,18272853.9
1687478400,0.1249,0.1392,0.1245,0.1353,24702350.6
1687564800,0.1353,0.136,0.1307,0.1328,14739286.6
1687651200,0.1328,0.1409,0.1325,0.1371,15280716.7
1687737600,0.1372,0.1394,0.1283,0.1294,21842527.8
1687824000,0.1295,0.1305,0.1266,0.1273,20313934.5
1687910400,0.1274,0.1274,0.116,0.1187,21638761.9
1687996800,0.1187,0.1243,0.1182,0.1201,12396114.7
1688083200,0.1201,0.1247,0.114,0.1219,28315081.2
1688169600,0.1217,0.128,0.1191,0.128,14879414.7
1688256000,0.1279,0.1282,0.1209,0.1238,13429241.8
1688342400,0.1236,0.1304,0.1221,0.1284,19642346.4
1688428800,0.1285,0.1285,0.123,0.1241,11381854.1
1688515200,0.1242,0.1253,0.1179,0.1198,11805787.7
1688601600,0.1198,0.1228,0.1129,0.1131,19102809.3
1688688000,0.1132,0.1146,0.1115,0.1125,16613271.2
1688774400,0.1125,0.1134,0.1096,0.1117,15971491.3
1688860800,0.1116,0.1132,0.1066,0.1105,17423690.3
1688947200,0.1106,0.1125,0.1072,0.11,19209443.3
1689033600,0.1099,0.1116,0.1042,0.1089,29703324.7
1689120000,0.1087,0.1111,0.1053,0.1057,16806587.1
1689206400,0.1057,0.1222,0.1029,0.1219,70258582.5
1689292800,0.1219,0.1236,0.1094,0.1136,53471358
1689379200,0.1135,0.1156,0.1114,0.1138,20430045.9
1689465600,0.1137,0.1217,0.1115,0.1157,32068503.4
1689552000,0.1155,0.1264,0.1146,0.1204,42730322.1
1689638400,0.1205,0.1207,0.1116,0.1141,22651268.8
1689724800,0.114,0.1163,0.1117,0.1139,21880140.3
1689811200,0.1138,0.1184,0.1127,0.1151,30660188.8
1689897600,0.1151,0.1165,0.1132,0.1154,17856450.7
1689984000,0.1156,0.117,0.1134,0.1147,24379133.2
1690070400,0.1146,0.1175,0.1136,0.116,16939133.6
1690156800,0.116,0.1164,0.1075,0.1099,30681547
1690243200,0.1099,0.1104,0.1084,0.1099,21215045
1690329600,0.1099,0.1125,0.108,0.1109,19739016.2
1690416000,0.1109,0.1128,0.109,0.1098,18335039.9
1690502400,0.1099,0.1113,0.108,0.1105,19969556.9
1690588800,0.1104,0.1118,0.1096,0.1114,14552961
1690675200,0.1114,0.1125,0.1075,0.1095,25656731.6
1690761600,0.1094,0.1137,0.1081,0.1098,31871119.2
1690848000,0.1098,0.1111,0.1054,0.111,29806600.7
1690934400,0.1109,0.1112,0.1056,0.107,25019987.6
1691020800,0.1068,0.1081,0.1055,0.1062,18418691.8
1691107200,0.1063,0.1077,0.104,0.1058,14996177.9
1691193600,0.1059,0.1068,0.1045,0.1066,12432672.1
1691280000,0.1065,0.1104,0.1061,0.1096,14772931.8
1691366400,0.1097,0.112,0.1072,0.112,20385742.2
1691452800,0.1119,0.1189,0.1116,0.113,37666691.3
1691539200,0.1131,0.1146,0.1113,0.1129,14271694.8
1691625600,0.113,0.1134,0.1111,0.1124,14375609.8
1691712000,0.1125,0.1136,0.1112,0.1122,10585257.1
1691798400,0.1122,0.1161,0.1117,0.1159,9533827.5
1691884800,0.1159,0.1173,0.1131,0.1168,16168612.1
1691971200,0.1167,0.1186,0.1143,0.1149,14908330.3
1692057600,0.1148,0.115,0.1073,0.1083,28324121.6
1692144000,0.1083,0.1085,0.1,0.1026,39975043.6
1692230400,0.1026,0.1043,0.0873,0.0934,39171563
1692316800,0.0934,0.0972,0.0924,0.0954,38719193.7
1692403200,0.0954,0.0982,0.0947,0.0967,15410365.7
1692489600,0.0967,0.0978,0.096,0.0972,11039024.4
1692576000,0.0973,0.0975,0.0935,0.0964,16272544
1692662400,0.0964,0.0973,0.0925,0.0973,16925220.4
1692748800,0.0972,0.0999,0.0959,0.0986,14371862.7
1692835200,0.0987,0.099,0.0953,0.0975,7056695
1692921600,0.0975,0.0979,0.0953,0.097,10126616.8
1693008000,0.097,0.097,0.0952,0.0956,5966633.8
1693094400,0.0954,0.096,0.0945,0.0952,5295124
1693180800,0.0953,0.0978,0.0925,0.0973,8582060.8
1693267200,0.0973,0.1018,0.0948,0.1006,15836945.7
1693353600,0.1008,0.1009,0.0959,0.097,7565335
1693440000,0.097,0.097,0.0911,0.0933,13541305.6
1693526400,0.0932,0.095,0.0903,0.092,12143584.5
1693612800,0.092,0.0945,0.0916,0.0944,8253696.3
1693699200,0.0944,0.0951,0.093,0.0944,6169210.7
1693785600,0.0944,0.0963,0.0925,0.0941,8558707.5
1693872000,0.094,0.0943,0.0929,0.094,9050959.6
1693958400,0.094,0.0947,0.091,0.0942,10000891.3
1694044800,0.094,0.0981,0.0935,0.0978,11822484.3
1694131200,0.0978,0.0985,0.0943,0.0962,9242698.1
1694217600,0.0963,0.0968,0.094,0.0941,8438953.1
1694304000,0.094,0.0941,0.0889,0.0921,13178004.6
1694390400,0.0921,0.0924,0.0874,0.0888,15013667
1694476800,0.0887,0.0927,0.0884,0.0895,11687632.7
1694563200,0.0895,0.0919,0.089,0.0908,9252827.2
1694649600,0.0909,0.094,0.0905,0.0935,12896190.7
1694736000,0.0935,0.097,0.0929,0.0964,8150892.7
1694822400,0.0964,0.0981,0.0953,0.0976,5425538.4
1694908800,0.0976,0.0976,0.0936,0.0951,5382102
1694995200,0.0949,0.0985,0.094,0.0965,5637691.4
1695081600,0.0965,0.098,0.0954,0.097,6908489.4
1695168000,0.0973,0.1004,0.0938,0.1002,11834928.7
1695254400,0.1002,0.1035,0.0969,0.0973,13682120.6
1695340800,0.0975,0.1026,0.0961,0.1021,11793990
1695427200,0.102,0.1031,0.0995,0.1007,5196853
1695513600,0.1007,0.103,0.0999,0.1013,5546333.4
1695600000,0.1012,0.1021,0.0972,0.0977,11704469.6
1695686400,0.0976,0.0991,0.0934,0.0954,16518979.8
1695772800,0.0954,0.097,0.0936,0.0957,8736595.3
1695859200,0.0957,0.0983,0.0954,0.0977,8472065.4
1695945600,0.0977,0.1024,0.0971,0.1014,8874384.7
1696032000,0.1015,0.1055,0.1008,0.1033,7301763.4
1696118400,0.1033,0.1076,0.1028,0.1062,6538475
1696204800,0.1063,0.1064,0.1003,0.1013,9867333.3
1696291200,0.1013,0.1032,0.1001,0.1011,5747700.7
1696377600,0.1011,0.1015,0.0973,0.0994,8241357.3
1696464000,0.0994,0.1013,0.0977,0.1003,9515578.1
1696550400,0.1003,0.1019,0.098,0.1008,6214591.2
1696636800,0.1008,0.1014,0.0997,0.1,3245958.9
1696723200,0.0999,0.1032,0.0993,0.1013,5290669
1696809600,0.1014,0.1015,0.0949,0.0965,7677158.8
1696896000,0.0965,0.097,0.0945,0.0951,5908417.2
1696982400,0.095,0.0956,0.0931,0.0949,5663566.6
1697068800,0.095,0.0955,0.093,0.0937,4687767.1
1697155200,0.0937,0.0968,0.0935,0.095,5787472.3
1697241600,0.0949,0.0959,0.0945,0.0952,3527762.7
1697328000,0.0952,0.096,0.0942,0.0943,3648049.2
1697414400,0.0944,0.0986,0.0938,0.0949,7371415.4
1697500800,0.0948,0.0951,0.0907,0.0915,9156165.5
1697587200,0.0914,0.0924,0.0899,0.09,7378138.5
1697673600,0.09,0.0905,0.0879,0.0897,7480119.9
1697760000,0.0897,0.0929,0.089,0.0912,7871586.2
1697846400,0.0913,0.0952,0.091,0.0941,10878439.7
1697932800,0.0943,0.0951,0.0921,0.0944,6942690.4
1698019200,0.0944,0.0995,0.0931,0.0982,18711319.4
1698105600,0.0983,0.1027,0.0963,0.1007,24735475
1698192000,0.1008,0.1034,0.0984,0.1009,10223491.3
1698278400,0.1009,0.1038,0.0978,0.1012,9254393.3
1698364800,0.1012,0.1016,0.0981,0.0993,7368677.3
1698451200,0.0992,0.1025,0.0991,0.1016,5259258.1
1698537600,0.1016,0.1072,0.1002,0.1064,11199254.5
1698624000,0.1066,0.1127,0.105,0.1124,17043664.8
1698710400,0.1123,0.114,0.1057,0.1093,14150610
1698796800,0.1093,0.1158,0.1067,0.1145,16073399.8
1698883200,0.1145,0.1155,0.1084,0.1113,21080472.8
1698969600,0.1111,0.1135,0.1071,0.1114,14614105.6
1699056000,0.1115,0.1158,0.11,0.1149,11949670.8
1699142400,0.1151,0.1234,0.1144,0.1214,28925902.8
1699228800,0.1215,0.13,0.1189,0.1291,28593293.6
1699315200,0.1291,0.1299,0.1183,0.1236,21705303.1
1699401600,0.1238,0.1284,0.1226,0.1272,10745065.6
1699488000,0.1271,0.1319,0.1083,0.1236,36630231.9
1699574400,0.1237,0.1283,0.1198,0.1279,19288352.6
1699660800,0.1282,0.1362,0.1246,0.1335,34557693.3
1699747200,0.1336,0.1484,0.1281,0.1461,39425541.4
1699833600,0.1461,0.1478,0.1322,0.1331,35435803.8
1699920000,0.1333,0.1366,0.122,0.129,20627119.1
1700006400,0.1291,0.1454,0.1286,0.1423,20412294.5
1700092800,0.1427,0.1472,0.1325,0.1359,25059285
1700179200,0.1355,0.1399,0.1281,0.1363,14028588
1700265600,0.1361,0.1361,0.1263,0.1346,8091325.9
1700352000,0.1344,0.1425,0.1306,0.1406,12958431.5
1700438400,0.1409,0.1506,0.138,0.1414,22069977.6
1700524800,0.1415,0.1428,0.1234,0.1234,27646682.7
1700611200,0.1234,0.1349,0.1231,0.1322,12800800.1
1700697600,0.1322,0.1344,0.1281,0.1307,7388675.9
1700784000,0.1305,0.1353,0.1304,0.1335,8610311.7
1700870400,0.1333,0.142,0.1327,0.1403,11358469.7
1700956800,0.1406,0.141,0.1333,0.136,8102011.2
1701043200,0.1361,0.1386,0.1291,0.1317,9745275.5
1701129600,0.1319,0.1352,0.1285,0.133,9910920.8
1701216000,0.1329,0.1345,0.1301,0.1342,16911975.4
1701302400,0.1342,0.1398,0.1313,0.1338,16875710.2
1701388800,0.1337,0.1396,0.1329,0.1394,20579785.2
1701475200,0.1396,0.1486,0.1388,0.1479,21398333.6
1701561600,0.148,0.155,0.1467,0.1515,27690516.3
1701648000,0.1514,0.16,0.147,0.1534,25705036.9
1701734400,0.1533,0.155,0.1496,0.1538,17458305.1
1701820800,0.1539,0.1581,0.1506,0.153,15536299.2
1701907200,0.153,0.1678,0.1526,0.1642,38304281.7
1701993600,0.1641,0.1859,0.1626,0.1844,52637119
1702080000,0.1845,0.2232,0.1838,0.1995,80773947
1702166400,0.1998,0.2047,0.1891,0.2016,36792688.7
1702252800,0.2017,0.209,0.168,0.2026,55686883.4
1702339200,0.2026,0.215,0.1931,0.1979,57323534.6
1702425600,0.1978,0.2038,0.1843,0.2008,42482262.5
1702512000,0.2014,0.218,0.1963,0.2162,49291154.5
1702598400,0.2164,0.2168,0.1945,0.1961,32738913.4
1702684800,0.1961,0.2084,0.1932,0.198,23192908.4
1702771200,0.1982,0.2007,0.19,0.1903,13518606.6
1702857600,0.1903,0.1961,0.1768,0.1956,22714086
1702944000,0.1956,0.205,0.1903,0.1923,20471261.4
1703030400,0.1922,0.2038,0.1889,0.1982,26516068.1
1703116800,0.1983,0.2331,0.1947,0.2236,64092540.2
1703203200,0.2237,0.2532,0.2237,0.24,66164194
1703289600,0.2401,0.243,0.2282,0.2354,33090389.2
1703376000,0.2354,0.248,0.2258,0.2308,36910343.2
1703462400,0.2309,0.2396,0.2271,0.2382,23494914.6
1703548800,0.2384,0.2425,0.22,0.235,24935130.3
1703635200,0.2353,0.2355,0.2229,0.2289,18543041.4
1703721600,0.2289,0.2383,0.2211,0.2342,24850643.9
1703808000,0.234,0.2432,0.2202,0.2265,24154942.2
1703894400,0.2265,0.2278,0.2182,0.2211,11714113.1
1703980800,0.2214,0.2325,0.2185,0.2228,13282713
1704067200,0.2229,0.2398,0.2197,0.239,13344571.8
1704153600,0.239,0.2449,0.2225,0.227,35558700.1
1704240000,0.2269,0.2304,0.1944,0.2049,48292738.4
1704326400,0.2046,0.2107,0.1978,0.2073,17215055.2
1704412800,0.2075,0.2082,0.1878,0.1969,24178295.9
1704499200,0.1967,0.1969,0.1785,0.1898,16557562.6
1704585600,0.19,0.1942,0.1758,0.1782,12374398.6
1704672000,0.1782,0.2007,0.164,0.1952,28813357.8
1704758400,0.1952,0.2028,0.1796,0.1862,19467859
1704844800,0.1856,0.2049,0.1792,0.1994,26987469.5
1704931200,0.1994,0.2071,0.1949,0.2025,37494183.5
1705017600,0.2025,0.2044,0.1805,0.1866,21395914.5
1705104000,0.1867,0.1917,0.1804,0.1893,7999623.2
1705190400,0.1893,0.1929,0.183,0.1835,8820703.3
1705276800,0.1836,0.1909,0.1818,0.1885,12707204.8
1705363200,0.1885,0.2,0.1842,0.1959,16803517.4
1705449600,0.1959,0.1988,0.1885,0.1909,9795134
1705536000,0.1909,0.1933,0.1758,0.1786,13788436.4
1705622400,0.1787,0.1793,0.1673,0.173,21797844.5
1705708800,0.1729,0.1739,0.1698,0.1719,14399697.8
1705795200,0.1718,0.1745,0.1698,0.1702,10434844.3
1705881600,0.17,0.1718,0.1591,0.1611,19907755.2
1705968000,0.161,0.1656,0.1484,0.1602,27642539.6
1706054400,0.16,0.1644,0.1579,0.1633,11541410.6
1706140800,0.1633,0.1637,0.1583,0.1611,8618931.3
1706227200,0.1608,0.1759,0.1597,0.1664,16025364
1706313600,0.1666,0.1687,0.1642,0.1676,10576837.7
1706400000,0.1675,0.169,0.1619,0.1641,7015600.3
1706486400,0.1641,0.1694,0.1624,0.169,8416203.4
1706572800,0.169,0.1711,0.1633,0.1644,9612056.7
1706659200,0.1646,0.1652,0.1573,0.1591,9233233.3
1706745600,0.1591,0.1606,0.1549,0.1587,10025375.3
1706832000,0.1587,0.1642,0.1582,0.1608,11547525.7
1706918400,0.161,0.1683,0.1608,0.1657,7489839.4
1707004800,0.1654,0.1654,0.1583,0.1588,7800738.3
1707091200,0.1588,0.1621,0.1558,0.1597,6874519.1
1707177600,0.1599,0.1625,0.1575,0.1623,8510507.9
1707264000,0.1623,0.1687,0.1602,0.1679,12068851.9
1707350400,0.1682,0.1708,0.1662,0.1689,9462030.2
1707436800,0.169,0.1756,0.1685,0.1745,11299247.1
1707523200,0.1744,0.1779,0.1709,0.1753,7098084.9
1707609600,0.1754,0.1805,0.172,0.1802,9375099
1707696000,0.1802,0.1839,0.1739,0.1832,14665989.2
1707782400,0.1832,0.1856,0.173,0.1779,11238931.3
1707868800,0.1778,0.185,0.1747,0.1837,13987923.8
1707955200,0.1836,0.1921,0.1828,0.1875,16174347.8
1708041600,0.1877,0.1975,0.1865,0.1944,20248733.2
1708128000,0.1944,0.1946,0.1836,0.1904,10304034.7
1708214400,0.1905,0.1972,0.1897,0.1964,9882194.4
1708300800,0.1965,0.2043,0.196,0.2038,16616975.5
1708387200,0.2036,0.2042,0.1894,0.1964,19322024.9
1708473600,0.1963,0.1972,0.1815,0.1888,14999030.3
1708560000,0.1889,0.1944,0.1842,0.1887,12754094.3
1708646400,0.1889,0.1904,0.182,0.1856,10218870.7
1708732800,0.1854,0.1977,0.1817,0.1972,12922271.9
1708819200,0.1972,0.2113,0.1938,0.2078,26809920.7
1708905600,0.2077,0.2128,0.1964,0.2123,22694738.1
1708992000,0.2124,0.2124,0.2018,0.2082,23531461.1
1709078400,0.2082,0.2242,0.1973,0.2109,47157860.2
1709164800,0.211,0.2317,0.206,0.2116,33408261
1709251200,0.2123,0.2287,0.2123,0.2286,28176487.6
1709337600,0.2283,0.2485,0.2254,0.2484,39026851.6
1709424000,0.2481,0.2589,0.2225,0.2514,39551717.4
1709510400,0.2515,0.265,0.2424,0.2506,44782733.5
1709596800,0.2511,0.259,0.21,0.2321,53004273.3
1709683200,0.2327,0.2605,0.221,0.2596,34182242.7
1709769600,0.2593,0.2849,0.2581,0.2802,49828974.1
1709856000,0.2806,0.2818,0.2583,0.2716,28924670.4
1709942400,0.2717,0.2777,0.2656,0.2697,20383227
1710028800,0.2696,0.2741,0.256,0.2632,22281657.8
1710115200,0.2633,0.3016,0.2501,0.2921,47098758
1710201600,0.2921,0.3296,0.2747,0.3179,47433979.7
1710288000,0.3175,0.3296,0.3052,0.3189,37151470.2
1710374400,0.319,0.323,0.291,0.3116,31352995
1710460800,0.312,0.321,0.2706,0.2992,27177682.4
1710547200,0.2993,0.3108,0.26,0.2672,35769915.7
1710633600,0.2671,0.2844,0.252,0.275,20998681.9
1710720000,0.2751,0.2751,0.2459,0.2515,30452427.2
1710806400,0.2514,0.2531,0.2187,0.2302,34404399.9
1710892800,0.23,0.2525,0.2185,0.2508,29954403.8
1710979200,0.2505,0.2602,0.2421,0.2488,22280951.3
1711065600,0.2485,0.2548,0.234,0.2413,16272891.3
1711152000,0.2412,0.2558,0.2369,0.2483,12038888.5
1711238400,0.2485,0.2585,0.2475,0.2562,11700972.2
1711324800,0.2563,0.2734,0.2532,0.2681,19806343.4
1711411200,0.2681,0.2864,0.2671,0.2797,22600779.2
1711497600,0.2796,0.2903,0.2661,0.2701,24143412.2
1711584000,0.2706,0.2754,0.2619,0.2727,13070815.9
1711670400,0.2723,0.2831,0.2641,0.2686,15386155.2
1711756800,0.2691,0.2712,0.2591,0.2607,11658998.7
1711843200,0.2606,0.2682,0.2598,0.268,8384047.8
1711929600,0.2679,0.27,0.2445,0.2513,18411326.8
1712016000,0.2516,0.2516,0.2302,0.2343,17270010.8
1712102400,0.2344,0.2447,0.2264,0.2323,10430245.8
1712188800,0.232,0.2448,0.2253,0.2371,14619873.4
1712275200,0.237,0.2381,0.2215,0.2294,13249720.5
1712361600,0.2297,0.236,0.228,0.2336,4509266.5
1712448000,0.2335,0.2375,0.2319,0.2352,5068136.4
1712534400,0.2353,0.2481,0.2305,0.2453,9382841.7
1712620800,0.2454,0.2461,0.2308,0.2317,8903644.6
1712707200,0.2317,0.2353,0.2176,0.2305,11523056.9
1712793600,0.2303,0.2355,0.2219,0.2278,10582651
1712880000,0.2277,0.2348,0.1848,0.1938,35777393.4
1712966400,0.1938,0.1968,0.1484,0.1681,56275113.4
1713052800,0.1683,0.182,0.1619,0.1797,27600007.6
1713139200,0.1795,0.1883,0.1644,0.1704,18153676.5
1713225600,0.1704,0.1805,0.1648,0.1746,15284664.5
1713312000,0.1742,0.1761,0.1618,0.1688,10088949
1713398400,0.1687,0.1765,0.163,0.1747,9130796.6
1713484800,0.1746,0.1792,0.1594,0.175,17807170.9
1713571200,0.1747,0.192,0.1726,0.1919,11177956.3
1713657600,0.1915,0.1927,0.1833,0.1873,6349312.1
1713744000,0.1874,0.1979,0.1867,0.1955,15639669.5
1713830400,0.1955,0.1967,0.1898,0.1937,10955606
1713916800,0.1937,0.265,0.1931,0.2115,76967338.1
1714003200,0.2111,0.2171,0.1958,0.1999,26206137.5
1714089600,0.1999,0.214,0.1926,0.1976,28299161.6
1714176000,0.198,0.2024,0.1893,0.1981,13449567
1714262400,0.1984,0.201,0.1918,0.1929,6981522.3
1714348800,0.1923,0.1946,0.184,0.1903,12113121.4
1714435200,0.1901,0.1926,0.1702,0.1779,15114838.2
1714521600,0.178,0.1835,0.1655,0.1803,18793318.5
1714608000,0.1804,0.1843,0.1749,0.1813,9937923.6
1714694400,0.1811,0.1943,0.1797,0.1918,11517591
1714780800,0.1919,0.1964,0.1899,0.1928,6312767.9
1714867200,0.193,0.2001,0.1909,0.1965,8754375.2
1714953600,0.1966,0.2025,0.1925,0.1939,10522392.7
1715040000,0.194,0.1984,0.1904,0.1908,7028587.1
1715126400,0.1907,0.1939,0.1856,0.1869,8189280.7
1715212800,0.187,0.1946,0.1841,0.1935,5391522.6
1715299200,0.1937,0.1943,0.1817,0.1834,9075566.4
1715385600,0.1833,0.1855,0.1783,0.1787,4986600.6
1715472000,0.179,0.1813,0.1757,0.1769,3444861.5
1715558400,0.1768,0.1806,0.17,0.1777,8478397.1
1715644800,0.1775,0.1785,0.1706,0.1713,4550826
1715731200,0.1712,0.1835,0.17,0.18,9350404.6
1715817600,0.18,0.1814,0.1705,0.1741,13021803.9
1715904000,0.174,0.1851,0.1726,0.1828,12858517.5
1715990400,0.1828,0.1868,0.1821,0.1829,7959809
1716076800,0.1829,0.1831,0.1745,0.175,10528296.2
1716163200,0.1749,0.1936,0.173,0.1888,18187551.7
1716249600,0.1889,0.2027,0.1856,0.1881,22916010.6
1716336000,0.1882,0.1894,0.1824,0.1855,6180074.6
1716422400,0.1854,0.1878,0.1723,0.1815,18291867.9
1716508800,0.1814,0.1892,0.1777,0.1887,9195720.3
1716595200,0.1885,0.1965,0.1861,0.1934,14245339.2
1716681600,0.1934,0.1942,0.1872,0.1893,7944655.5
1716768000,0.1896,0.1998,0.1892,0.1966,8757429.1
1716854400,0.1966,0.1974,0.1893,0.1939,7341194
1716940800,0.1942,0.1957,0.1889,0.1892,8783813.1
1717027200,0.1893,0.1954,0.1865,0.1897,11058155.6
1717113600,0.1895,0.1908,0.1853,0.1881,8065714.8
1717200000,0.1879,0.1894,0.186,0.188,4244160.5
1717286400,0.1881,0.1895,0.1819,0.1822,4156317.3
1717372800,0.1823,0.189,0.1809,0.1839,5121314.2
1717459200,0.1836,0.187,0.1791,0.186,5097453.9
1717545600,0.1862,0.19,0.1858,0.1887,7998913.1
1717632000,0.1887,0.1889,0.1832,0.1857,4081880.3
1717718400,0.1856,0.1932,0.1664,0.1749,14689625.5
1717804800,0.1744,0.1766,0.1637,0.1661,9453047
1717891200,0.1659,0.1715,0.1656,0.1705,4854146.7
1717977600,0.1705,0.1721,0.1656,0.1663,5866138.2
1718064000,0.1665,0.1685,0.1556,0.1589,13905639.1
1718150400,0.1589,0.1698,0.1552,0.166,7362514.2
1718236800,0.166,0.167,0.1555,0.1558,10464617.9
1718323200,0.1561,0.1591,0.1478,0.1512,9284927.7
1718409600,0.1512,0.1549,0.1498,0.1523,6707242.3
1718496000,0.1525,0.1563,0.1498,0.1556,3941490.2
1718582400,0.1556,0.1566,0.1411,0.1449,12722865.5
1718668800,0.145,0.1457,0.1291,0.1339,18373986.8
1718755200,0.1337,0.1411,0.1325,0.139,6635000
1718841600,0.1388,0.1465,0.1377,0.1381,6420076
1718928000,0.1383,0.1424,0.1363,0.1391,7357852.1
1719014400,0.1392,0.1392,0.132,0.1339,13811911.2
1719100800,0.1338,0.1367,0.131,0.1324,3765313.8
1719187200,0.1325,0.1356,0.1261,0.1353,9529762.7
1719273600,0.1352,0.143,0.1341,0.1411,8646445.9
1719360000,0.1412,0.1428,0.1391,0.1407,4020470.5
1719446400,0.1406,0.1443,0.1373,0.1425,6171307.7
1719532800,0.1424,0.145,0.1393,0.1395,7030837.2
1719619200,0.1397,0.1426,0.1378,0.1391,2444240.1
1719705600,0.1391,0.1449,0.1368,0.1443,9100786.7
1719792000,0.1443,0.149,0.1437,0.147,6294120.6
1719878400,0.1469,0.1513,0.1465,0.15,4480967
1719964800,0.1501,0.1509,0.1412,0.1427,5224293.7
1720051200,0.1425,0.1429,0.1311,0.1313,9328758.4
1720137600,0.1313,0.1335,0.1146,0.1307,20106583.4
1720224000,0.1308,0.1394,0.1289,0.1386,5938940
1720310400,0.1387,0.1387,0.1257,0.1265,6630468.9
1720396800,0.1265,0.1375,0.1217,0.1334,9464312.6
1720483200,0.1332,0.141,0.1325,0.1396,4780828.3
1720569600,0.1395,0.1416,0.1367,0.1394,4829771.9
1720656000,0.1396,0.1431,0.1365,0.1373,5475268.8
1720742400,0.1372,0.1388,0.134,0.1382,4609079.8
1720828800,0.1382,0.1449,0.1379,0.1434,5614253.5
1720915200,0.1433,0.1537,0.1433,0.1522,6092517.3
1721001600,0.1521,0.1623,0.1521,0.1579,11013309.9
1721088000,0.158,0.1623,0.1529,0.1586,7472005.8
1721174400,0.1587,0.1626,0.1545,0.1546,5868296.1
1721260800,0.1545,0.1576,0.1492,0.1517,4779323.8
1721347200,0.1519,0.1595,0.1495,0.1579,4604074.6
1721433600,0.1578,0.1614,0.1565,0.1581,3635907.9
1721520000,0.1584,0.1609,0.1511,0.1593,4044064.7
1721606400,0.1594,0.1598,0.1509,0.1512,5933185.1
1721692800,0.151,0.1528,0.1421,0.1435,8539826.3
1721779200,0.1433,0.1468,0.1388,0.1398,6366551.9
1721865600,0.1396,0.1399,0.1326,0.1372,9719950
1721952000,0.137,0.1432,0.1364,0.1427,6281081.6
1722038400,0.1425,0.1461,0.1403,0.1429,3952977.5
1722124800,0.1428,0.1431,0.1374,0.1393,4624775.7
1722211200,0.1392,0.145,0.1386,0.139,5612336.6
1722297600,0.1388,0.1427,0.1357,0.1375,3570509.1
1722384000,0.1374,0.1419,0.1353,0.1356,7808981.7
1722470400,0.1357,0.1369,0.1252,0.1347,9800799.2
1722556800,0.1348,0.1357,0.1232,0.1241,8134312.8
1722643200,0.124,0.1264,0.1167,0.1204,9160216.2
1722729600,0.1204,0.1226,0.11,0.1145,10744488.8
1722816000,0.1147,0.1157,0.0943,0.1102,39471631.9
1722902400,0.1102,0.1165,0.1093,0.1128,12966227.9
1722988800,0.1127,0.1175,0.1084,0.1097,9589385.2
1723075200,0.1098,0.1229,0.1076,0.1222,6692526.6
1723161600,0.1221,0.1221,0.1181,0.1202,8984584.5
1723248000,0.1202,0.1225,0.1181,0.1208,3826715.4
1723334400,0.121,0.1242,0.115,0.1153,5290600.5
1723420800,0.1151,0.1207,0.1144,0.1196,3876447.7
1723507200,0.1198,0.1218,0.1158,0.1212,7361048.7
1723593600,0.1212,0.1224,0.117,0.1197,3858196
1723680000,0.1195,0.1219,0.1149,0.1157,4883924.7
1723766400,0.1154,0.1203,0.1134,0.1156,4921520.1
1723852800,0.1154,0.1188,0.1147,0.1188,2703961.5
1723939200,0.1188,0.1208,0.117,0.1188,3795177.3
1724025600,0.1186,0.1248,0.1171,0.1237,4487275.8
1724112000,0.1238,0.13,0.1233,0.128,6016270.1
1724198400,0.1281,0.1379,0.1265,0.1348,5572180.8
1724284800,0.1349,0.1372,0.1343,0.1357,3177911.7
1724371200,0.1356,0.1454,0.1353,0.1442,6661582.6
1724457600,0.1445,0.1485,0.142,0.1467,6064208.4
1724544000,0.1465,0.1468,0.1411,0.1417,3912500.2
1724630400,0.1419,0.1431,0.1341,0.1345,4634748.2
1724716800,0.1346,0.1365,0.1256,0.1284,4348276.3
1724803200,0.1283,0.1313,0.1249,0.1269,6171441
1724889600,0.1269,0.1329,0.125,0.1269,5220321
1724976000,0.1267,0.1294,0.1217,0.1283,4619409.5
1725062400,0.1285,0.129,0.1231,0.1234,1850001.2
1725148800,0.1233,0.1235,0.1175,0.1186,5798872.5
1725235200,0.1183,0.126,0.118,0.1256,3273960.6
1725321600,0.1255,0.127,0.1191,0.1193,6361161.8
1725408000,0.1194,0.1247,0.1142,0.1224,9790351.7
1725494400,0.1224,0.1224,0.116,0.1177,4116830.4
1725580800,0.1177,0.1212,0.1115,0.1162,10097869.9
1725667200,0.1163,0.1226,0.1154,0.1208,5206746.7
1725753600,0.1208,0.1269,0.1201,0.125,5483063.3
1725840000,0.1253,0.1292,0.1239,0.1278,5372749.8
1725926400,0.1281,0.1298,0.1259,0.1298,7099590.1
1726012800,0.1295,0.1299,0.1225,0.1268,7584485.5
1726099200,0.1272,0.1305,0.1265,0.1301,4355945.8
1726185600,0.1299,0.1337,0.127,0.1333,6943730.3
1726272000,0.1333,0.1338,0.1304,0.1313,3068233.5
1726358400,0.1313,0.1317,0.1257,0.1261,3745730.9
1726444800,0.1262,0.1281,0.1223,0.1235,3581462.9
1726531200,0.1235,0.1274,0.122,0.1239,3703844
1726617600,0.124,0.1278,0.1192,0.1277,5992639.3
1726704000,0.1278,0.1335,0.1278,0.1315,5309850.2
1726790400,0.1315,0.1354,0.1302,0.1329,6502490.3
1726876800,0.1329,0.1365,0.1317,0.1364,4213315.2
1726963200,0.1364,0.1367,0.1296,0.1321,3358204.4
1727049600,0.1323,0.1356,0.1298,0.1344,3580799.1
1727136000,0.1344,0.1396,0.1312,0.1385,6691201.8
1727222400,0.1386,0.1424,0.1365,0.1371,8077102.6
1727308800,0.1374,0.1444,0.1344,0.1437,10238473.1
1727395200,0.1437,0.1472,0.1429,0.1443,8831015.8
1727481600,0.1442,0.1453,0.1389,0.1412,8449218.2
1727568000,0.1414,0.1436,0.1387,0.1411,4398148.4
1727654400,0.1409,0.1414,0.1333,0.1341,8245884.1
1727740800,0.1342,0.1371,0.1212,0.1247,9877882.9
1727827200,0.1245,0.1285,0.1195,0.1211,7263087
1727913600,0.1212,0.1245,0.1185,0.1221,10260343.9
1728000000,0.1223,0.1279,0.1213,0.126,6946329.9
1728086400,0.126,0.1279,0.1234,0.1258,1862416.4
1728172800,0.1258,0.1281,0.1247,0.1269,3527687.1
1728259200,0.127,0.1298,0.1243,0.1246,5420509.4
1728345600,0.1245,0.1264,0.1201,0.1213,6878148.8
1728432000,0.1212,0.1242,0.1177,0.1187,8172392.1
1728518400,0.1187,0.1206,0.1155,0.1184,8396993.2
1728604800,0.1186,0.1224,0.1178,0.1214,3926032
1728691200,0.1214,0.1241,0.1206,0.1218,3697146.8
1728777600,0.1217,0.1228,0.1189,0.1208,4296681.2
1728864000,0.121,0.1274,0.1197,0.1267,7211738.4
1728950400,0.1268,0.1286,0.1224,0.1258,6836151.7
1729036800,0.1258,0.1261,0.1222,0.1228,3619988.8
1729123200,0.123,0.124,0.1176,0.1198,5930207.4
1729209600,0.1198,0.124,0.1194,0.1232,6792337.5
1729296000,0.1234,0.1266,0.1216,0.1233,3948859.9
1729382400,0.1235,0.1307,0.1218,0.1303,6262386.3
1729468800,0.1303,0.1315,0.1248,0.1255,6745586.4
1729555200,0.1256,0.1283,0.1223,0.1241,4250168.5
1729641600,0.1244,0.1245,0.1178,0.1211,5581399.8
1729728000,0.1211,0.1231,0.1195,0.122,3305487.1
1729814400,0.1221,0.1223,0.1117,0.1142,7028171.8
1729900800,0.1142,0.1154,0.1114,0.1146,5887033.8
1729987200,0.1145,0.117,0.1138,0.1157,3284289.8
1730073600,0.116,0.1196,0.113,0.1182,6147437.5
1730160000,0.1184,0.1244,0.1184,0.1238,8586677.1
1730246400,0.124,0.1241,0.1201,0.1207,4283680.7
1730332800,0.1208,0.1213,0.1119,0.1142,8290161
1730419200,0.1142,0.1175,0.1119,0.1147,8356851.1
1730505600,0.1146,0.1172,0.113,0.1138,4755715.1
1730592000,0.1139,0.1142,0.1058,0.1095,13385768
1730678400,0.1095,0.1127,0.1058,0.1092,9224653.3
1730764800,0.1094,0.1156,0.1093,0.1141,8011247.3
1730851200,0.1141,0.1223,0.1141,0.1219,15034355.9
1730937600,0.1219,0.1252,0.1199,0.1228,9110789.9
1731024000,0.1228,0.1317,0.1208,0.1313,13655277
1731110400,0.1311,0.1341,0.1284,0.134,13538590.1
1731196800,0.1337,0.1508,0.1332,0.1455,29923453.3
1731283200,0.1454,0.1599,0.1416,0.1595,28053807.7
1731369600,0.1596,0.1638,0.1442,0.1544,29693125.8
1731456000,0.1543,0.1562,0.1395,0.1458,22866650.9
1731542400,0.1458,0.1556,0.1412,0.1452,22411141.5
1731628800,0.1455,0.1929,0.1453,0.1857,94567910.5
1731715200,0.1856,0.2191,0.1827,0.1966,87584673.7
1731801600,0.1966,0.1998,0.1793,0.1836,28560092.8
1731888000,0.1831,0.2312,0.1815,0.2161,65824959.9
1731974400,0.2161,0.2385,0.2049,0.2235,49983208
1732060800,0.2233,0.2286,0.2075,0.2109,33367139.7
1732147200,0.2109,0.2225,0.2028,0.2143,37457700
1732233600,0.2145,0.2644,0.2144,0.2589,66026649.3
1732320000,0.2589,0.3212,0.2588,0.294,127684017.6
1732406400,0.2939,0.3291,0.2558,0.2845,71195005.1
1732492800,0.2845,0.2936,0.2561,0.2594,60058225.7
1732579200,0.2593,0.2998,0.2505,0.2978,50094916.4
1732665600,0.2976,0.3139,0.2863,0.2933,55858908.5
1732752000,0.2931,0.3298,0.2829,0.3226,43381501.3
1732838400,0.3228,0.4705,0.3183,0.4407,231942431.5
1732924800,0.4409,0.4832,0.3978,0.444,160724342.2
1733011200,0.444,0.5233,0.4229,0.4865,145479623.4
1733097600,0.4859,0.5551,0.4561,0.5045,164863186.1
1733184000,0.5042,0.6133,0.5038,0.5063,168103371.9
1733270400,0.5064,0.5398,0.4659,0.4792,88118621.5
1733356800,0.4793,0.4949,0.4369,0.4499,114430595.9
1733443200,0.4497,0.516,0.4302,0.4996,95173167.8
1733529600,0.4995,0.5299,0.4665,0.5097,90409684.6
1733616000,0.51,0.5227,0.4847,0.4971,52239402.9
1733702400,0.4973,0.4979,0.3565,0.4168,112354045.6
1733788800,0.4169,0.4348,0.3707,0.4237,109467596.4
1733875200,0.4239,0.4661,0.401,0.4524,76010034
1733961600,0.4526,0.4789,0.4211,0.4282,55120387.7
1734048000,0.4283,0.456,0.4155,0.4375,40278097.4
1734134400,0.4376,0.4376,0.4068,0.4209,32049609.6
1734220800,0.421,0.4355,0.4068,0.4317,28768683.3
1734307200,0.4321,0.4368,0.4014,0.4133,37486508.9
1734393600,0.4133,0.4433,0.4,0.4132,48437882.7
1734480000,0.4133,0.4157,0.365,0.3673,49354021.2
1734566400,0.3672,0.3895,0.3201,0.3321,78978961.2
1734652800,0.3322,0.3562,0.2818,0.348,87982301.7
1734739200,0.348,0.3758,0.3198,0.3281,45826251
1734825600,0.3283,0.3649,0.3166,0.3474,67938133.9
1734912000,0.3474,0.3794,0.3344,0.376,60306224.9
1734998400,0.3759,0.4134,0.362,0.3961,44550212.8
1735084800,0.396,0.4014,0.3774,0.3807,18817294.6
1735171200,0.3808,0.3839,0.3433,0.346,29266490
1735257600,0.3459,0.3692,0.3284,0.3329,50632526
1735344000,0.333,0.3509,0.3278,0.3445,17753552.5
1735430400,0.3446,0.3491,0.3213,0.3247,16689287.5
1735516800,0.3247,0.3496,0.3103,0.3275,64002996.7
1735603200,0.3275,0.3533,0.3165,0.3338,51151349.8
1735689600,0.3339,0.3872,0.3269,0.3763,43040626.9
1735776000,0.3761,0.4087,0.376,0.3922,35447170.8
1735862400,0.3921,0.4269,0.3921,0.4187,48490894.2
1735948800,0.4187,0.4314,0.4053,0.4101,30314224.7
1736035200,0.41,0.416,0.3958,0.4048,25161594.6
1736121600,0.405,0.4317,0.3967,0.415,38557333.3
1736208000,0.4149,0.4259,0.3708,0.3727,51603616.6
1736294400,0.3725,0.3823,0.3392,0.3593,47673010
1736380800,0.3591,0.3636,0.3352,0.3418,31477632.3
1736467200,0.3417,0.3854,0.3383,0.3726,46818340.6
1736553600,0.3726,0.386,0.3583,0.378,30105188.3
1736640000,0.3781,0.3797,0.3532,0.3601,21807151.7
1736726400,0.3602,0.3737,0.3232,0.3494,59722094.8
1736812800,0.3493,0.3778,0.3454,0.3723,41575510.6
1736899200,0.3725,0.4497,0.3695,0.4441,100315515.1
1736985600,0.4441,0.4914,0.4252,0.4639,88077317.1
1737072000,0.464,0.4966,0.4624,0.4688,67534874.5
1737158400,0.4688,0.4752,0.4332,0.4447,49399471.6
1737244800,0.4447,0.4579,0.3878,0.3973,72634936
1737331200,0.3973,0.4833,0.3835,0.4297,116916814.2
1737417600,0.4296,0.4454,0.4053,0.4244,56762724.2
1737504000,0.4244,0.432,0.403,0.4054,38832626.6
1737590400,0.4053,0.4232,0.3891,0.4103,46873090.2
1737676800,0.4102,0.4268,0.3919,0.4003,39699193.1
1737763200,0.4002,0.42,0.3935,0.4034,30536055.8
1737849600,0.4033,0.4192,0.381,0.3817,41306060.6
1737936000,0.3814,0.3915,0.3443,0.3868,86061475.1
1738022400,0.3865,0.3917,0.3573,0.3626,39052154.6
1738108800,0.3628,0.3983,0.3537,0.3693,32567695.8
1738195200,0.3696,0.3963,0.3653,0.3876,31025383.5
1738281600,0.3878,0.4077,0.3739,0.3792,25597954.9
1738368000,0.3788,0.386,0.3445,0.3477,26835273.9
1738454400,0.3477,0.3566,0.2836,0.2998,78840335.2
1738540800,0.2999,0.319,0.2342,0.3132,124334458.3
1738627200,0.3134,0.3173,0.2783,0.2911,54457125.5
1738713600,0.2911,0.2999,0.2777,0.2814,45191963.8
1738800000,0.2814,0.2978,0.2636,0.2668,51526524.4
1738886400,0.2671,0.2955,0.2604,0.2698,31940650.9
1738972800,0.2696,0.278,0.264,0.2761,19137078.3
1739059200,0.276,0.3,0.2585,0.275,47981945.8
1739145600,0.2748,0.2978,0.2686,0.2905,30652188.9
1739232000,0.2901,0.3135,0.2823,0.2858,33413826.4
1739318400,0.2857,0.3057,0.2758,0.3027,34775178.2
1739404800,0.3026,0.31,0.285,0.2935,33957971.5
1739491200,0.2935,0.3088,0.2906,0.2964,33755183
1739577600,0.2964,0.3029,0.2811,0.2846,14971527.3
1739664000,0.2844,0.2856,0.2735,0.2752,19225104.3
1739750400,0.2751,0.2838,0.2659,0.2701,16815512.3
1739836800,0.27,0.272,0.2449,0.2574,42558880.7
1739923200,0.2571,0.2644,0.2518,0.2613,21564728.2
1740009600,0.2613,0.28,0.2598,0.2712,20962221.7
1740096000,0.2712,0.2899,0.255,0.2637,23281124.8
1740182400,0.2638,0.272,0.2616,0.2663,10541703.5
1740268800,0.2663,0.2754,0.2508,0.2595,17607326.8
1740355200,0.2597,0.2667,0.225,0.2271,40545124.2
1740441600,0.2271,0.2372,0.209,0.2317,38420251.8
1740528000,0.2319,0.2418,0.2251,0.236,20696710.2
1740614400,0.236,0.2434,0.23,0.2371,12411609.8
1740700800,0.2375,0.2428,0.2118,0.2378,23415869
1740787200,0.2381,0.2587,0.23,0.2533,23531274
1740873600,0.2534,0.3075,0.2439,0.291,54901127.6
1740960000,0.2911,0.2996,0.2354,0.2379,35824958.8
1741046400,0.2379,0.243,0.2165,0.2385,46166805.1
1741132800,0.2382,0.2545,0.2342,0.2502,19873290.8
1741219200,0.2506,0.2603,0.2399,0.2403,20398652
1741305600,0.2402,0.2478,0.226,0.2331,28448327.5
1741392000,0.233,0.2363,0.223,0.2246,20210628.6
1741478400,0.2245,0.2269,0.1992,0.2011,31018384.5
1741564800,0.2012,0.2148,0.1809,0.1838,39181003.2
1741651200,0.184,0.2003,0.1737,0.1913,29876899.9
1741737600,0.1913,0.2012,0.1859,0.1957,24230623
1741824000,0.1959,0.2014,0.1883,0.1958,21707983.1
1741910400,0.1958,0.2052,0.1942,0.1985,13460426.4
1741996800,0.1985,0.204,0.195,0.1998,16420452.2
1742083200,0.1998,0.2068,0.1844,0.1864,19282821.5
1742169600,0.1862,0.1949,0.1862,0.1912,12864834.1
1742256000,0.1912,0.1918,0.1768,0.1865,19832104.6
1742342400,0.1863,0.2013,0.1851,0.1999,22937190.6
1742428800,0.2,0.2089,0.1922,0.195,25204272.9
1742515200,0.195,0.1967,0.1868,0.1874,13393043.3
1742601600,0.1871,0.1914,0.1862,0.1881,11462918.4
1742688000,0.1881,0.1921,0.1871,0.1918,10793191.5
1742774400,0.1918,0.2117,0.1906,0.2039,23321772.2
1742860800,0.2035,0.2148,0.2006,0.2119,15101373.1
1742947200,0.2119,0.2185,0.2032,0.2069,12174300
1743033600,0.2068,0.216,0.2057,0.212,12974536
1743120000,0.212,0.2158,0.1966,0.1997,12837214.5
1743206400,0.1996,0.2008,0.1802,0.184,13109709.1
1743292800,0.184,0.1874,0.1775,0.1794,9678570.5
1743379200,0.1796,0.1819,0.1723,0.1799,17325013.5
1743465600,0.1798,0.1938,0.1788,0.1889,12847241.4
1743552000,0.189,0.1957,0.1735,0.1768,20558986.8
1743638400,0.1766,0.1815,0.1683,0.1809,19482074.8
1743724800,0.1808,0.1931,0.1762,0.1863,38980577.3
1743811200,0.1859,0.19,0.1802,0.1832,10700159.6
1743897600,0.183,0.1851,0.1581,0.162,28264964.7
1743984000,0.1623,0.1749,0.1459,0.1667,50609023.1
1744070400,0.1666,0.1737,0.1525,0.1548,30676921.7
1744156800,0.1551,0.1849,0.1487,0.18,46599889.9
1744243200,0.18,0.1817,0.1697,0.1765,19490556.8
1744329600,0.1764,0.1859,0.1752,0.1798,18032027.4
1744416000,0.1796,0.1977,0.177,0.1911,27216006.9
1744502400,0.1911,0.1917,0.1796,0.1827,12765770.8
1744588800,0.1829,0.2005,0.1826,0.189,23563025.9
1744675200,0.189,0.1991,0.1785,0.1797,24069528.8
1744761600,0.1796,0.1858,0.177,0.1814,21676461.5
1744848000,0.1812,0.19,0.1793,0.1869,15428025.3
1744934400,0.187,0.1925,0.1852,0.1894,13893794.9
1745020800,0.1894,0.1945,0.1892,0.193,7477220.8
1745107200,0.193,0.1963,0.1891,0.193,9603721.6
1745193600,0.193,0.2036,0.1909,0.193,19090316.6
1745280000,0.193,0.21,0.1895,0.2098,22028240.5
1745366400,0.2098,0.2219,0.2081,0.2137,22102288.1
1745452800,0.2137,0.2329,0.2067,0.2259,25020494.2
1745539200,0.2257,0.234,0.2209,0.2278,22922538.1
1745625600,0.2277,0.2389,0.2231,0.2285,16627473.8
1745712000,0.2288,0.2306,0.2185,0.2215,14145868.6
1745798400,0.2216,0.2358,0.2153,0.2306,14404925.5
1745884800,0.2304,0.236,0.2235,0.2268,12519925.7
1745971200,0.2267,0.2307,0.2113,0.22,32928240.3
1746057600,0.2201,0.2278,0.2155,0.2172,22587352.5
1746144000,0.2173,0.2238,0.2125,0.2158,15764059.5
1746230400,0.2156,0.2156,0.2044,0.2074,9937935.9
1746316800,0.2072,0.2096,0.1987,0.1997,9902019.8
1746403200,0.1998,0.2051,0.1948,0.1993,12022005.1
1746489600,0.1993,0.2021,0.1909,0.1993,19595790.2
1746576000,0.1994,0.204,0.1942,0.1993,27536065.2
1746662400,0.1993,0.227,0.1992,0.2256,28617530.7
1746748800,0.2256,0.2513,0.2232,0.2328,34513655.2
1746835200,0.2327,0.2536,0.2301,0.2534,25372964.9
1746921600,0.2534,0.2573,0.2355,0.2396,20003154.6
1747008000,0.2397,0.2595,0.2297,0.2421,45061945.4
1747094400,0.2421,0.2511,0.2237,0.2472,40036335.6
1747180800,0.2472,0.2509,0.2347,0.2369,25569376.3
1747267200,0.2368,0.2397,0.22,0.2257,28340659.4
1747353600,0.2258,0.2313,0.2202,0.2231,16231273.1
1747440000,0.2231,0.2238,0.2114,0.2161,15605764.8
1747526400,0.216,0.2317,0.212,0.2274,19852553.7
1747612800,0.2277,0.2291,0.2103,0.2223,12846701
1747699200,0.2223,0.2275,0.2163,0.2246,9534848.4
1747785600,0.2246,0.2333,0.2212,0.2307,12621760.7
1747872000,0.2308,0.2429,0.23,0.2414,16389340.8
1747958400,0.2414,0.248,0.2227,0.2239,18569945.3
1748044800,0.2238,0.2293,0.2194,0.221,8500787
1748131200,0.2207,0.2275,0.2115,0.2219,10894092.8
1748217600,0.2219,0.2289,0.2155,0.2192,13274523.7
1748304000,0.219,0.227,0.2138,0.222,7875211.9
1748390400,0.2219,0.2265,0.2124,0.2175,13237154.3
1748476800,0.2176,0.2242,0.2092,0.2095,14807062.5
1748563200,0.2096,0.2155,0.1908,0.1924,54970631.5
1748649600,0.1922,0.1974,0.1859,0.1939,19295925.9
1748736000,0.1939,0.1983,0.1874,0.1955,13573863
1748822400,0.1956,0.1995,0.1902,0.1988,11754613.9
1748908800,0.1988,0.2031,0.1958,0.1974,12053483.4
1748995200,0.1975,0.2012,0.1893,0.1915,7730634.9
1749081600,0.1916,0.1941,0.1771,0.181,26225839.7
1749168000,0.1808,0.2039,0.1802,0.1875,22074625.4
1749254400,0.1874,0.194,0.1866,0.1911,4938268.7
1749340800,0.1911,0.1935,0.1832,0.1906,15081038.5
1749427200,0.1907,0.2,0.1877,0.1995,12311951.8
1749513600,0.1998,0.2082,0.1973,0.2082,11395279.9
1749600000,0.2083,0.2091,0.1951,0.1972,14116597.4
1749686400,0.1973,0.1978,0.179,0.1807,27705715.6
1749772800,0.1806,0.1819,0.1685,0.181,59728198.7
1749859200,0.1808,0.1813,0.1738,0.1772,6870648.3
1749945600,0.1772,0.1794,0.1712,0.1765,10681741.4
1750032000,0.1765,0.1865,0.1741,0.1761,16696079.9
1750118400,0.1761,0.1792,0.1659,0.1696,24734093.3
1750204800,0.1697,0.1725,0.1653,0.1707,18322704.7
1750291200,0.1709,0.1728,0.1674,0.1692,10140567.9
1750377600,0.1692,0.1722,0.1614,0.1673,35047228.4
1750464000,0.1672,0.1693,0.1572,0.1626,27356133.8
1750550400,0.1627,0.1648,0.152,0.1602,53672500.8
1750636800,0.1602,0.1806,0.1581,0.1793,24256261.4
1750723200,0.1795,0.195,0.1772,0.1828,25431497.9
1750809600,0.1828,0.185,0.1751,0.1757,17340720.1
1750896000,0.1757,0.1803,0.1685,0.1721,25477745.1
1750982400,0.172,0.1765,0.1652,0.1747,18268861.7
1751068800,0.1749,0.1774,0.1731,0.1765,5477123.3
1751155200,0.1766,0.1875,0.1754,0.1859,9277970.1
1751241600,0.186,0.1871,0.1767,0.1856,22314589.3
1751328000,0.1857,0.1922,0.1696,0.171,41198748.6
1751414400,0.1708,0.1842,0.1707,0.1811,14098141.9
1751500800,0.1814,0.1888,0.1812,0.1823,12566597.8
1751587200,0.1826,0.1834,0.1716,0.1738,9940575.5
1751673600,0.1737,0.1764,0.1723,0.1746,4750209.3
1751760000,0.1746,0.1793,0.1736,0.1771,5002113.8
1751846400,0.1771,0.1792,0.1731,0.176,8018871.5
1751932800,0.1759,0.181,0.173,0.1792,8117162.6
1752019200,0.1793,0.1939,0.1785,0.1924,16786859.2
1752105600,0.1926,0.2157,0.1902,0.2123,28725288.1
1752192000,0.2123,0.2367,0.2104,0.2183,44333449.5
1752278400,0.2184,0.2278,0.2125,0.2191,20013909.3
1752364800,0.2191,0.2703,0.2174,0.2644,112915715.5
1752451200,0.2644,0.31,0.2626,0.2796,194294287.6
1752537600,0.2797,0.2971,0.269,0.2838,90191545.3
1752624000,0.2837,0.2966,0.2741,0.2852,79879053
1752710400,0.2853,0.3299,0.2771,0.3187,183278049.2
1752796800,0.3188,0.3401,0.2884,0.2938,112515709
1752883200,0.2938,0.297,0.2821,0.2914,30520321
1752969600,0.2914,0.3067,0.2857,0.2912,28821599.6
1753056000,0.2914,0.3116,0.2867,0.2982,41831492.8
1753142400,0.2981,0.3002,0.2794,0.2967,32239343.6
1753228800,0.2967,0.2967,0.2579,0.2676,44656698.2
1753315200,0.2676,0.2739,0.2494,0.2618,40855153.4
1753401600,0.2619,0.2708,0.2501,0.267,33141504.8
1753488000,0.2668,0.2814,0.2649,0.2746,23893257.5
1753574400,0.2747,0.2912,0.2732,0.2861,32715162.9
1753660800,0.2862,0.2882,0.2629,0.2652,28562117
1753747200,0.2649,0.2731,0.2551,0.2605,20461607.3
1753833600,0.2605,0.2626,0.2411,0.2538,17670194
1753920000,0.2536,0.2673,0.2431,0.244,23701514.1
1754006400,0.244,0.2466,0.2294,0.2359,26022922.8
1754092800,0.2358,0.2404,0.2234,0.2275,12782183.5
1754179200,0.2275,0.2445,0.2232,0.2442,17604060.4
1754265600,0.244,0.2509,0.241,0.2482,26022143.8
1754352000,0.2482,0.2493,0.2335,0.2374,20006461.4
1754438400,0.2375,0.2467,0.2307,0.2428,16297985
1754524800,0.2428,0.2644,0.2418,0.2643,29150997.3
1754611200,0.2644,0.2697,0.2563,0.2663,37185501.8
1754697600,0.2663,0.2773,0.2654,0.2699,20974903.5
1754784000,0.27,0.2766,0.2596,0.2664,20460956.6
1754870400,0.2664,0.2802,0.2502,0.253,23963275.9
1754956800,0.2529,0.2773,0.2496,0.2714,25637076.6
1755043200,0.2713,0.2821,0.2675,0.2805,26420448.2
1755129600,0.2806,0.29,0.2475,0.254,36842550.2
1755216000,0.2541,0.2665,0.2463,0.2543,23402471.7
1755302400,0.2541,0.2639,0.252,0.261,12697871.7
1755388800,0.2611,0.2753,0.2591,0.2652,10971542.9
1755475200,0.2653,0.2663,0.2482,0.2552,15358353.8
1755561600,0.2551,0.2583,0.237,0.2382,18746698
1755648000,0.2382,0.2601,0.2367,0.2568,24930794.6
1755734400,0.2567,0.2591,0.2464,0.2484,10916271.6
1755820800,0.2484,0.27,0.2391,0.2668,32396529.9
1755907200,0.2669,0.2671,0.2564,0.264,15459450.5
1755993600,0.2639,0.2824,0.2528,0.2715,40855802.4
1756080000,0.2715,0.274,0.2419,0.2461,35365807.1
1756166400,0.2461,0.2592,0.2432,0.2547,24910470.1
1756252800,0.2546,0.2568,0.2468,0.2475,20329218.9
1756339200,0.2474,0.2562,0.2456,0.2528,13901701
1756425600,0.2527,0.254,0.2321,0.2365,23948734.5
1756512000,0.2365,0.2372,0.23,0.2337,10006297.2
1756598400,0.2337,0.2396,0.2312,0.2317,8289748.9
1756684800,0.2315,0.2377,0.2218,0.2277,24116264.8
1756771200,0.2278,0.235,0.2255,0.2333,12017884.6
1756857600,0.2334,0.2368,0.2301,0.233,9410806.3
1756944000,0.2331,0.2341,0.2251,0.2272,9441490.5
1757030400,0.2272,0.2363,0.2266,0.2295,11295371.7
1757116800,0.2295,0.2303,0.2249,0.2272,4677878.7
1757203200,0.2273,0.233,0.2271,0.2307,6720914.9
1757289600,0.2307,0.2394,0.2301,0.2364,13708084.4
1757376000,0.2364,0.2434,0.2317,0.2332,11265191.2
1757462400,0.2332,0.2429,0.232,0.2394,13661901.1
1757548800,0.2395,0.245,0.2376,0.2443,12262886.3
1757635200,0.2444,0.2494,0.2405,0.2485,11501054.1
1757721600,0.2484,0.2604,0.2474,0.253,18577715.8
1757808000,0.2531,0.2536,0.2386,0.2396,9425531.5
1757894400,0.2395,0.2432,0.2281,0.2329,10328854.4
1757980800,0.2327,0.2403,0.2292,0.2376,8963768.4
1758067200,0.2377,0.2472,0.2318,0.2445,10593276.3
1758153600,0.2446,0.2507,0.2408,0.2462,12105845.4
1758240000,0.2463,0.249,0.2323,0.234,9770360.5
1758326400,0.2339,0.2387,0.2324,0.2355,5217722.6
1758412800,0.2354,0.2377,0.2299,0.231,4579002.7
1758499200,0.2309,0.2322,0.2036,0.2145,20484032.3
1758585600,0.2145,0.2179,0.2095,0.211,8802145.8
1758672000,0.211,0.2186,0.2075,0.213,9693675.5
1758758400,0.213,0.2136,0.2,0.2031,22674367
1758844800,0.2029,0.211,0.2002,0.2085,10441942
1758931200,0.2084,0.2085,0.2042,0.2059,5180311.5
1759017600,0.2059,0.2089,0.2002,0.2082,6874655.1
1759104000,0.2079,0.2107,0.2035,0.2079,12554369
1759190400,0.2078,0.2104,0.2011,0.2083,10291938.9
1759276800,0.2083,0.2219,0.2055,0.2211,13570389
1759363200,0.2209,0.2277,0.2186,0.2252,11850597.6
1759449600,0.2252,0.2309,0.2203,0.2248,17169092.6
1759536000,0.2249,0.2255,0.2159,0.2199,7416523.7
1759622400,0.2198,0.2304,0.2175,0.2186,11734951.7
1759708800,0.2185,0.2309,0.2164,0.2293,13928085.4
1759795200,0.2293,0.2308,0.2182,0.2189,14840567.9
1759881600,0.2189,0.2276,0.2157,0.2241,13988429.2
1759968000,0.2242,0.2244,0.2127,0.2206,13095699
1760054400,0.2205,0.2255,0.16,0.1778,47554410.7
1760140800,0.1808,0.1932,0.1754,0.1819,32749348.6
1760227200,0.1819,0.2075,0.1791,0.2027,24531039.3
1760313600,0.2028,0.215,0.199,0.2131,20868762.5
1760400000,0.2131,0.2142,0.1911,0.2053,15346748.4
1760486400,0.2054,0.2087,0.1935,0.1965,11552725.2
1760572800,0.1966,0.1992,0.1828,0.185,18275199.5
1760659200,0.1848,0.188,0.1698,0.1773,19637542.4
1760745600,0.1772,0.1816,0.1768,0.1798,5937285.5
1760832000,0.1799,0.1884,0.1767,0.1837,9732628.9
1760918400,0.1836,0.1912,0.1796,0.1866,13174541.1
1761004800,0.1865,0.1953,0.1775,0.1808,23630128.5
1761091200,0.1808,0.1848,0.175,0.1783,18190947.7
1761177600,0.1782,0.186,0.178,0.1815,10516513.9
1761264000,0.1812,0.1874,0.1805,0.1857,8247392.3
1761350400,0.1856,0.1863,0.1824,0.1852,3556136
1761436800,0.1853,0.192,0.183,0.1909,5849283.5
1761523200,0.1908,0.1934,0.1842,0.1855,9981129.1
1761609600,0.1854,0.1992,0.1806,0.1841,20157931.4
1761696000,0.1841,0.1898,0.1805,0.1838,17218145.8
1761782400,0.1836,0.1871,0.1675,0.1746,18920407.2
1761868800,0.1745,0.1844,0.1729,0.1767,13826942
1761955200,0.1768,0.1812,0.1752,0.1793,5589210.6
1762041600,0.1791,0.1807,0.1728,0.1781,6771222.7
1762128000,0.1781,0.1788,0.1555,0.1602,23618060.6
1762214400,0.16,0.163,0.1448,0.1537,33215135.4
1762300800,0.1538,0.163,0.1466,0.1615,21321688.4
1762387200,0.1615,0.1622,0.1533,0.1572,15185643.5
1762473600,0.1572,0.1866,0.1568,0.1808,25926536.4
1762560000,0.1809,0.185,0.1738,0.1777,13322503.1
1762646400,0.1775,0.1819,0.1698,0.1777,22599165.4
1762732800,0.1778,0.1922,0.1763,0.1889,20142002.1
1762819200,0.189,0.1912,0.175,0.1778,16378475.9
1762905600,0.1778,0.1843,0.1703,0.1722,16019358.7
1762992000,0.1721,0.1803,0.163,0.1672,14780865.8
1763078400,0.1668,0.1681,0.1572,0.161,19272022
1763164800,0.1605,0.1677,0.1605,0.1638,11009071.7
1763251200,0.1637,0.1664,0.1552,0.1587,14460276.3
1763337600,0.1587,0.1637,0.1501,0.1523,15151690.1
1763424000,0.1523,0.1605,0.1501,0.1567,15734095.4
1763510400,0.1567,0.1585,0.1455,0.152,19448628.4
1763596800,0.152,0.1558,0.1417,0.1439,17980927
1763683200,0.144,0.146,0.1307,0.1369,34973573.2
1763769600,0.1369,0.1385,0.1326,0.1357,10699183.5
1763856000,0.1357,0.1462,0.135,0.1436,12655834.5
1763942400,0.1437,0.1473,0.1389,0.1437,15637520.5
1764028800,0.1435,0.1474,0.1397,0.1464,11716436.2
1764115200,0.1464,0.1485,0.1415,0.1462,9968558.3
1764201600,0.1462,0.1475,0.1438,0.1444,11385132.5
1764288000,0.1444,0.1473,0.1416,0.1432,6140314
1764374400,0.1432,0.144,0.1387,0.1393,4406234.1
1764460800,0.1393,0.141,0.1366,0.1369,4641976
1764547200,0.1369,0.137,0.1284,0.1305,22213684.2
1764633600,0.1304,0.1405,0.1285,0.1387,9618265.4
1764720000,0.1389,0.1449,0.137,0.1436,11256282.1
1764806400,0.1437,0.1442,0.1371,0.1385,8098967.1
1764892800,0.1385,0.1398,0.1303,0.1328,8143805.7
1764979200,0.1328,0.1355,0.132,0.1335,6801527.6
1765065600,0.1335,0.1366,0.1297,0.1327,4639799
1765152000,0.1326,0.1363,0.1323,0.1335,4709349.9
1765238400,0.1335,0.1418,0.1316,0.1382,6460035.5
1765324800,0.1382,0.1421,0.1346,0.135,8535201
1765411200,0.1351,0.1353,0.1267,0.1299,10520994.1
1765497600,0.1298,0.1312,0.1216,0.123,12168695.9
1765584000,0.1228,0.1232,0.1204,0.1218,7184019.9
1765670400,0.1219,0.1235,0.1177,0.1188,8021513.9
1765756800,0.119,0.1221,0.1116,0.1154,15542829.7
1765843200,0.1155,0.1182,0.1125,0.1168,6763299.1
1765929600,0.1168,0.1187,0.1105,0.1114,9032706.4
1766016000,0.1113,0.1148,0.105,0.1073,17823569.8
1766102400,0.1073,0.1159,0.1065,0.1148,9594810.6
1766188800,0.1148,0.1154,0.113,0.1148,4900774.9
1766275200,0.1148,0.1151,0.1104,0.1115,4044755.9
1766361600,0.1115,0.1142,0.1103,0.1118,11344887.6
1766448000,0.1118,0.1141,0.1086,0.1136,9864273.1
1766534400,0.1137,0.1145,0.1098,0.113,7517622.5
1766620800,0.113,0.1194,0.1124,0.1148,9132764.9
1766707200,0.1146,0.1203,0.114,0.1181,10340873.4
1766793600,0.1181,0.1205,0.1159,0.1201,10535024.8
1766880000,0.1203,0.1215,0.1183,0.1196,5433363.8
1766966400,0.1196,0.122,0.1163,0.1172,10211905.9
1767052800,0.1172,0.118,0.1139,0.1148,15764031.3
1767139200,0.1147,0.115,0.1096,0.1103,20555252.9
1767225600,0.1103,0.1215,0.1089,0.1201,27668376
1767312000,0.1202,0.1275,0.1191,0.1275,16170818.6
1767398400,0.1275,0.1298,0.1243,0.1278,11236136
1767484800,0.1279,0.1382,0.1277,0.1362,20291398.1
1767571200,0.1363,0.1411,0.1336,0.1396,19463039.9
1767657600,0.1396,0.1457,0.1361,0.1422,24250068.1
1767744000,0.1422,0.1431,0.1346,0.1363,9288914.2
1767830400,0.1362,0.1369,0.1294,0.1344,14983733.9
1767916800,0.1344,0.1383,0.1318,0.133,10501985.9
1768003200,0.133,0.1352,0.1306,0.1336,8402588.6
1768089600,0.1336,0.136,0.1306,0.1321,5825306.8
1768176000,0.1321,0.1349,0.1279,0.1288,8829443.6
1768262400,0.1288,0.1407,0.1288,0.1387,15623240.6
1768348800,0.1386,0.1408,0.1349,0.1365,16804185.5
1768435200,0.1364,0.137,0.1263,0.128,8319970.4
1768521600,0.1279,0.1363,0.1244,0.1302,8247291.5
1768608000,0.1302,0.1347,0.13,0.1312,6692057.8
1768694400,0.1313,0.1322,0.1226,0.1226,4811989.1
1768780800,0.1226,0.1226,0.1128,0.1208,17583478.3
1768867200,0.1208,0.1278,0.1134,0.1143,14530761
1768953600,0.1142,0.1222,0.1142,0.1178,11350413
1769040000,0.1178,0.1202,0.1155,0.1189,5888487.8
1769126400,0.1188,0.1238,0.1183,0.12,14992684.2
1769212800,0.1201,0.1212,0.1177,0.1183,4944855.5
1769299200,0.1183,0.1192,0.1121,0.1145,12444078.3
1769385600,0.1144,0.1259,0.1143,0.122,19404405.9
1769472000,0.122,0.1229,0.1185,0.1219,7845874.9
1769558400,0.122,0.1275,0.1191,0.1262,20697266.3
1769644800,0.1262,0.1269,0.1106,0.1145,28370151
1769731200,0.1146,0.1154,0.1092,0.1118,15302973.8
1769817600,0.1118,0.1126,0.0948,0.104,27683341.9
1769904000,0.1039,0.1055,0.0983,0.1006,14680399.9
1769990400,0.1007,0.1076,0.0982,0.1049,16844801.5
1770076800,0.1049,0.1105,0.1006,0.1063,16725811.8
1770163200,0.1062,0.11,0.1009,0.1028,14670402.6
1770249600,0.1029,0.1038,0.0877,0.0883,51763873
1770336000,0.0886,0.1037,0.0806,0.0988,38644499.2
1770422400,0.0988,0.1002,0.0947,0.0976,17703259.5
1770508800,0.0976,0.0996,0.0956,0.0968,9529731.4
1770595200,0.0967,0.0973,0.0929,0.096,9670315.8
1770681600,0.096,0.0962,0.0905,0.0916,10556534.2
1770768000,0.0916,0.0924,0.0877,0.089,21241744.5
1770854400,0.0891,0.0931,0.0891,0.0917,8181845.4
1770940800,0.0919,0.0951,0.0898,0.094,5720178.1
1771027200,0.0941,0.101,0.0938,0.0996,10962171.6
1771113600,0.0996,0.1005,0.0943,0.0958,9560601.5
1771200000,0.0958,0.0972,0.0932,0.0946,6386166.9
1771286400,0.0947,0.0955,0.0926,0.093,4370224.9
1771372800,0.093,0.0943,0.0902,0.0909,5197228.5
1771459200,0.0909,0.0919,0.0871,0.0891,8999863.6
1771545600,0.089,0.0915,0.0878,0.0905,7674127.6
1771632000,0.0904,0.0913,0.0895,0.0896,3838154.1
1771718400,0.0895,0.0898,0.0859,0.0867,4259522
1771804800,0.0868,0.0872,0.0827,0.084,12313015.1
1771891200,0.084,0.0848,0.0827,0.0836,6356466.2
1771977600,0.0836,0.0952,0.0834,0.091,18724036.3
1772064000,0.091,0.0918,0.0871,0.0881,13145873.2
1772150400,0.088,0.0902,0.0853,0.0865,8017510.7
1772236800,0.0864,0.0884,0.0819,0.088,10258952.4
1772323200,0.0881,0.0904,0.0841,0.0858,7406851.8
1772409600,0.0858,0.0901,0.0853,0.0881,6845940.2
1772496000,0.0881,0.0882,0.0847,0.0862,6651170.9
1772582400,0.0862,0.091,0.0852,0.089,9629326.8
1772668800,0.0889,0.0896,0.086,0.0874,5445199.9
1772755200,0.0874,0.088,0.0835,0.0843,5640606.6
1772841600,0.0844,0.085,0.0827,0.083,6400056.6
1772928000,0.0831,0.0837,0.0811,0.0819,7051354.3
1773014400,0.082,0.0847,0.0816,0.0833,9901898.2
1773100800,0.0833,0.0896,0.0833,0.0854,11170754.2
1773187200,0.0854,0.0876,0.0842,0.0862,5012179.9
1773273600,0.0863,0.0893,0.0849,0.0893,4288310.8
1773360000,0.0893,0.0969,0.0892,0.0939,12634695.3
1773446400,0.0939,0.0964,0.0898,0.0911,10843777.3
1773532800,0.0912,0.0932,0.0892,0.0927,6966053.4
1773619200,0.0927,0.0979,0.0918,0.0972,7185480.7
1773705600,0.0971,0.0983,0.093,0.0948,8106069.8
1773792000,0.0948,0.0967,0.0894,0.0902,17539446.9
1773878400,0.0902,0.0913,0.0867,0.0892,7395017.3
1773964800,0.0892,0.0944,0.0883,0.0899,10785149.5
1774051200,0.09,0.0905,0.0862,0.0862,2858524.8
1774137600,0.0862,0.0876,0.0847,0.0857,5304858.5
1774224000,0.0856,0.0889,0.0845,0.0875,13294189.9
1774310400,0.0875,0.0886,0.0855,0.0873,15050104.1
1774396800,0.0872,0.0891,0.0863,0.0875,7214102.7
1774483200,0.0875,0.089,0.0833,0.084,19916306.1
1774569600,0.084,0.0842,0.0808,0.0815,6583746.3
1774656000,0.0815,0.0835,0.0805,0.0816,12383683.7
1774742400,0.0816,0.0824,0.0794,0.0812,11609000.1
1774828800,0.0812,0.0842,0.0811,0.082,3133086.5
1774915200,0.0821,0.0949,0.082,0.0938,43171834.1
1775001600,0.0939,0.1125,0.0936,0.1026,82637866
1775088000,0.1027,0.1105,0.098,0.1067,57117266.1
1775174400,0.1067,0.1266,0.1066,0.1231,73895712.8
1775260800,0.1232,0.127,0.1174,0.1205,50605059.7
1775347200,0.1205,0.1251,0.1142,0.1217,47863099.4
1775433600,0.1217,0.1268,0.1185,0.1187,27628919.2
1775520000,0.1188,0.1203,0.1108,0.117,52973496.2
1775606400,0.1169,0.1247,0.1139,0.1141,31095029.8
1775692800,0.1142,0.1184,0.1091,0.1122,44716928.2
1775779200,0.1122,0.1131,0.109,0.1101,19124010.5
1775865600,0.1101,0.112,0.1052,0.1082,14924411.7
1775952000,0.1081,0.1086,0.1015,0.102,15397004.8
1776038400,0.102,0.1096,0.1007,0.1094,13199042.1
1776124800,0.1092,0.1145,0.1064,0.1078,29054340.4
1776211200,0.1079,0.1155,0.1079,0.1126,21322648.2
1776297600,0.1128,0.1175,0.1103,0.1157,18387487.3
1776384000,0.1159,0.1179,0.1104,0.111,22433729
1776470400,0.111,0.1129,0.1065,0.1067,8242326.5
1776556800,0.1067,0.1067,0.1015,0.1016,5519248.5
1776643200,0.1016,0.1059,0.1012,0.1035,8274399.4
1776729600,0.1035,0.1054,0.1015,0.1034,6831575.6
1776816000,0.1033,0.1068,0.1025,0.1031,7507282.3
1776902400,0.1031,0.105,0.1007,0.1044,14553722.7
1776988800,0.1045,0.1105,0.1045,0.1099,18625946.4
1777075200,0.1098,0.1185,0.1084,0.1154,25201321.9
1777161600,0.1153,0.1212,0.1137,0.12,23140095.2
1777248000,0.12,0.1211,0.1146,0.1166,19837957.9
1777334400,0.1165,0.1172,0.1109,0.112,16784016.8
1777420800,0.1121,0.1142,0.1083,0.1103,7216616.8
1777507200,0.1104,0.112,0.1098,0.1102,6344523.1
1777593600,0.1102,0.1109,0.1072,0.1088,9647193
1777680000,0.1088,0.1137,0.1058,0.113,23040131.1
1777766400,0.1133,0.1188,0.111,0.1133,23652237.7
1777852800,0.1133,0.1163,0.1116,0.1117,11941861.5
1777939200,0.1117,0.1221,0.1114,0.12,42241980.9
1778025600,0.1199,0.1246,0.1177,0.1199,17867147.9
1778112000,0.1198,0.1309,0.1188,0.1285,33205613.2
1778198400,0.1286,0.1399,0.1252,0.1333,27451223
1778284800,0.1334,0.1341,0.1285,0.1287,12038507.8
1778371200,0.1287,0.1311,0.1255,0.129,25651493.9
1778457600,0.1291,0.1293,0.1216,0.1226,14397603.5
1778544000,0.1227,0.1274,0.1198,0.1225,28702770.4
1778630400,0.1223,0.1251,0.1162,0.1178,11779429.2
1778716800,0.1178,0.122,0.1164,0.1186,13596584.5
1778803200,0.1186,0.12,0.1113,0.1132,8762673.8
1778889600,0.1131,0.1144,0.1093,0.1101,6867131.4
1778976000,0.1104,0.1111,0.1051,0.1076,5733277.4
1779062400,0.1073,0.1094,0.105,0.1089,9761380.1
1779148800,0.1089,0.1149,0.1068,0.1125,17798967.4
1779235200,0.1125,0.1196,0.112,0.1176,18874306.6
1779321600,0.1175,0.1191,0.1137,0.1149,9975060
1779408000,0.1147,0.1197,0.1112,0.1115,20421483.3
1779494400,0.1118,0.1167,0.1088,0.1148,8280246.9
1779580800,0.1146,0.1146,0.1098,0.1116,4005200.1
1779667200,0.1117,0.1162,0.1113,0.1126,11086754.4
1779753600,0.1126,0.1139,0.1082,0.1085,6488637.1
1779840000,0.1085,0.1097,0.1056,0.1063,8929855.2
1779926400,0.1065,0.1159,0.1029,0.1159,24211321
1780012800,0.116,0.1232,0.111,0.1228,52238994.8
1780099200,0.1227,0.1395,0.1222,0.1245,72129879.3
1780185600,0.1244,0.1331,0.1233,0.1275,32503961.2
1780272000,0.1274,0.1275,0.1168,0.1201,21866705.8
1780358400,0.1201,0.1232,0.1105,0.1122,20021358.8
1780444800,0.1122,0.1142,0.1051,0.1064,22819401.9
1780531200,0.1065,0.1068,0.0992,0.1001,26269698.7
1780617600,0.1001,0.1014,0.0881,0.0934,45582782.2
1780704000,0.0935,0.0954,0.0883,0.0921,14540077.4
1780790400,0.0921,0.0972,0.0905,0.0944,12706927.9
1780876800,0.0944,0.096,0.0917,0.0922,19185735.7
1780963200,0.0923,0.0932,0.0881,0.0912,22093816.7
1781049600,0.0913,0.0927,0.0865,0.0865,18664898.1
1781136000,0.0865,0.0901,0.0862,0.0887,47464169.9
1781222400,0.0887,0.0897,0.0866,0.0873,20603998.1
1781308800,0.0872,0.0904,0.0865,0.0896,17281796.4
1781395200,0.0895,0.0938,0.0894,0.0925,18461618.9
1781481600,0.0924,0.1,0.0918,0.095,21179137.1
1781568000,0.095,0.0971,0.0926,0.0946,9867308.9
1781654400,0.0946,0.1005,0.0945,0.0991,21712002.1
1781740800,0.0992,0.1039,0.0956,0.0963,24708315.3
1781827200,0.0962,0.0973,0.0901,0.0956,10924293.3
1781913600,0.0958,0.0958,0.0921,0.0938,7061053.9
1782000000,0.0937,0.0946,0.0889,0.0893,9600724.8
1782086400,0.0893,0.0933,0.0888,0.0895,9038752.8
1782172800,0.0896,0.0964,0.0883,0.0946,39114129.7
1782259200,0.0945,0.0963,0.0847,0.0898,36524039.3
1782345600,0.0897,0.0905,0.0835,0.0849,15305504
1782432000,0.0848,0.0851,0.0808,0.083,16599217.6
1782518400,0.083,0.0882,0.0827,0.0862,12783751.7
1782604800,0.0863,0.0891,0.0858,0.0871,6203233.5
1782691200,0.0872,0.09,0.0847,0.0856,10779347.8
1782777600,0.0855,0.0867,0.0814,0.0828,7370371.3
1782864000,0.0827,0.0872,0.0812,0.0842,10114454.7
1782950400,0.0843,0.0879,0.084,0.0866,13049452.1
1783036800,0.0867,0.0908,0.0862,0.0893,9893649.7
1783123200,0.0893,0.0927,0.0884,0.0908,13885449.3
1783209600,0.0904,0.0926,0.0889,0.0911,9978014.1
1783296000,0.0908,0.0909,0.0864,0.0883,8457444.2
1783382400,0.0883,0.0884,0.0856,0.0861,4683943.4
1783468800,0.0861,0.0872,0.0833,0.0848,7707389.5
1783555200,0.085,0.0869,0.0844,0.0847,10845396.4
1783641600,0.0847,0.0876,0.0836,0.0856,8481567.2
1783728000,0.0857,0.0873,0.0842,0.0842,3050989.5
1783814400,0.0842,0.0847,0.083,0.0835,4682095.2
1783900800,0.0836,0.0847,0.0819,0.0836,4844585.6
1783987200,0.0835,0.0859,0.083,0.0848,4776317.3
1784073600,0.0848,0.086,0.0839,0.0852,4494965.3
1784160000,0.0852,0.0858,0.0818,0.0821,6847527.5
1784246400,0.082,0.0835,0.0814,0.0828,5048720.4
1784332800,0.0828,0.0838,0.0818,0.0831,3896294
1784419200,0.0832,0.0833,0.0816,0.0828,2015680
1784505600,0.0827,0.0837,0.0816,0.0833,4449540.5
1784592000,0.0832,0.0852,0.0829,0.0845,3256637.5
1784678400,0.0845,0.0851,0.0831,0.0844,5435620.2
1784764800,0.0844,0.085,0.0817,0.083,5487504.8
1784851200,0.083,0.0874,0.0816,0.086,21362057.2
1784937600,0.0859,0.0888,0.0837,0.0841,20405792.4
1785024000,0.0841,0.0853,0.0838,0.0848,4571646.9
1785110400,0.0848,0.0848,0.0799,0.08,11991407
1785196800,0.08,0.0822,0.0785,0.08,26724879.7
1785283200,0.0799,0.0804,0.0756,0.0775,10491034.5
1785369600,0.0774,0.0797,0.0768,0.079,5816517.1
1785456000,0.079,0.0809,0.0776,0.0789,7206658.6
1785542400,0.079,0.0807,0.078,0.0789,3433040.2
1785628800,0.079,0.0875,0.0786,0.0859,35735106
1785715200,0.086,0.0936,0.083,0.0903,35699125.4
1785801600,0.0902,0.09168,0.08864,0.08943,26160035.9
1785888000,0.08944,0.09096,0.0879,0.08818,28716926.9
1785974400,0.0882,0.09077,0.08672,0.08726,27339177.6
1786060800,0.08724,0.09275,0.08724,0.089,30608802
1786147200,0.08904,0.08964,0.08531,0.0874,26082059.8
1786233600,0.08743,0.08769,0.08109,0.08253,69289901.9
1786320000,0.08253,0.08372,0.081,0.08237,45304000.7
1786406400,0.08234,0.083,0.07931,0.08088,14909306.4
1786492800,0.08089,0.08166,0.07828,0.07904,12258329
1786579200,0.07904,0.08042,0.07791,0.07868,10488797.9
1786665600,0.07869,0.08076,0.07804,0.07952,12066809.9
1786752000,0.07952,0.08021,0.07884,0.07939,4297611.2
1786838400,0.07938,0.07974,0.07735,0.07836,6967065.7
1786924800,0.07836,0.08,0.07818,0.0785,9168580.8
1787011200,0.07852,0.0787,0.07661,0.07791,7917062.1
1787097600,0.0779,0.08296,0.07756,0.08206,14771092.8
1787184000,0.08213,0.08845,0.082,0.08845,24354947.1
1787270400,0.08847,0.09777,0.08749,0.09739,28710186.6
1787356800,0.09736,0.10488,0.09127,0.09235,26059656
1787443200,0.09235,0.09483,0.08787,0.0939,20387701.8
1787529600,0.09392,0.09451,0.09085,0.0917,13523857.4
1787616000,0.09169,0.09531,0.088,0.08911,18010800
1787702400,0.08912,0.09121,0.08692,0.09018,12423418.3
1787788800,0.09017,0.09266,0.08888,0.09117,9355342.4
1787875200,0.09116,0.0924,0.0856,0.08723,9606828.3
1787961600,0.08722,0.08824,0.08558,0.08782,2963227.5
1788048000,0.08781,0.08883,0.08368,0.08447,7811732.4
1788134400,0.08428,0.08637,0.08366,0.08567,5771170.4
1788220800,0.08559,0.0911,0.08547,0.08816,14738856.7
1788307200,0.08817,0.09371,0.08688,0.09315,22218797.7
1788393600,0.09304,0.09579,0.08998,0.09341,33077173.7
1788480000,0.09337,0.09492,0.08958,0.09039,24528041.8
1788566400,0.0904,0.099,0.0903,0.09446,28015835.2
1788652800,0.09459,0.09676,0.09345,0.0967,8615400.7
1788739200,0.0967,0.09771,0.093,0.09728,12985549.3
1788825600,0.09734,0.10314,0.09567,0.1008,22891759.9
1788912000,0.10092,0.10268,0.09701,0.09896,20152427.2
1788998400,0.09907,0.10107,0.0911,0.09136,20836954.9
1789084800,0.09139,0.09513,0.08647,0.09349,18568823.2
1789171200,0.09354,0.095,0.09215,0.09259,7772780.3
1789257600,0.09251,0.10092,0.09159,0.09473,14493643.2
1789344000,0.09473,0.09895,0.09388,0.09611,16390298.3
1789430400,0.09612,0.09948,0.08796,0.08868,29800099.3
1789516800,0.08865,0.08976,0.08505,0.08886,12585983.1
1789603200,0.08887,0.09205,0.08794,0.0903,11440231
1789689600,0.0903,0.09886,0.08984,0.09788,14327205.1
1789776000,0.09789,0.10607,0.09561,0.10502,21456855.9
1789862400,0.10528,0.1105,0.10086,0.10238,15186567.9
