ts,open,high,low,close,volume
1578960000,4.55,4.937,4.457,4.558,377722.5
1579046400,4.524,4.917,4.4,4.578,315557.1
1579132800,4.58,7.6,4.172,5.1,2358342.9
1579219200,5.166,5.35,4.72,5.002,1470246.3
1579305600,4.978,4.998,4.57,4.628,392225
1579392000,4.628,4.756,4.35,4.522,227809.8
1579478400,4.514,4.676,4.401,4.501,201675.7
1579564800,4.5,4.752,4.455,4.645,239671.3
1579651200,4.631,4.683,4.552,4.65,139460.3
1579737600,4.65,4.692,4.357,4.462,275795.2
1579824000,4.462,4.532,4.35,4.482,226550.1
1579910400,4.482,4.486,4.344,4.38,146822.2
1579996800,4.376,4.511,4.356,4.484,198097.7
1580083200,4.484,4.657,4.369,4.517,279186.9
1580169600,4.519,4.622,4.431,4.592,125284.4
1580256000,4.586,4.6,4.31,4.39,293623.7
1580342400,4.4,4.49,4.293,4.414,225899.1
1580428800,4.414,4.614,4.302,4.399,228410.3
1580515200,4.405,4.45,4.304,4.378,376306.1
1580601600,4.38,4.478,4.252,4.407,236731.6
1580688000,4.4,4.49,4.25,4.27,182624.1
1580774400,4.27,4.281,4.003,4.205,529113.7
1580860800,4.208,4.35,4.144,4.336,384857.7
1580947200,4.338,4.59,4.248,4.588,397041.8
1581033600,4.589,4.92,4.511,4.812,548418
1581120000,4.803,4.835,4.5,4.638,266651.5
1581206400,4.66,4.791,4.611,4.768,210724.9
1581292800,4.769,4.791,4.55,4.754,133201.8
1581379200,4.77,5.236,4.684,5.149,415436.8
1581465600,5.127,5.32,5.053,5.123,403985.7
1581552000,5.123,5.234,4.832,4.93,307461.9
1581638400,4.93,5.155,4.841,5.118,192877.2
1581724800,5.118,5.145,4.41,4.61,301366.8
1581811200,4.617,4.754,4.002,4.406,289512.3
1581897600,4.406,4.425,3.904,4.278,205350.5
1581984000,4.278,4.534,3.993,4.442,333879.1
1582070400,4.429,4.717,4.1,4.141,331755
1582156800,4.179,4.56,4.107,4.471,301886.8
1582243200,4.469,5.135,4.41,4.996,775867.7
1582329600,4.999,5.169,4.656,5.038,724896.6
1582416000,5.036,5.09,4.732,4.829,400850.6
1582502400,4.83,4.956,4.15,4.416,617806.6
1582588800,4.406,4.427,3.985,4.063,319706.4
1582675200,4.035,4.077,3.453,3.643,488832.3
1582761600,3.643,3.889,3.334,3.683,495869.2
1582848000,3.687,3.75,3.411,3.547,200859.2
1582934400,3.567,3.694,3.439,3.447,119832.9
1583020800,3.446,3.544,3.248,3.346,256373.5
1583107200,3.346,3.789,3.326,3.704,375927.6
1583193600,3.705,3.79,3.513,3.628,182150.8
1583280000,3.633,3.901,3.623,3.747,394575
1583366400,3.746,3.945,3.701,3.755,468128.4
1583452800,3.751,3.889,3.708,3.884,159745.6
1583539200,3.884,3.884,3.557,3.611,174828.9
1583625600,3.603,3.603,3.06,3.073,299178.3
1583712000,3.091,3.17,2.824,3.046,361328.3
1583798400,3.04,3.21,2.892,3.069,235114.1
1583884800,3.061,3.1,2.701,2.99,217435.2
1583971200,3.011,3.03,1.466,1.67,961894.8
1584057600,1.593,2.1,1.081,1.834,1492763.5
1584144000,1.821,2.01,1.68,1.833,522328
1584230400,1.828,2.097,1.815,1.913,415904.3
1584316800,1.912,1.913,1.5,1.682,332678.2
1584403200,1.684,1.875,1.638,1.77,225952.3
1584489600,1.777,1.853,1.651,1.815,250720.6
1584576000,1.819,2.162,1.776,2.078,407747.9
1584662400,2.08,2.486,1.8,2.162,1074760.2
1584748800,2.168,2.241,1.993,2.169,228366.5
1584835200,2.167,2.231,1.911,1.937,251188.2
1584921600,1.924,2.173,1.892,2.111,280321.4
1585008000,2.123,2.355,2.074,2.157,353990.1
1585094400,2.154,2.197,2.043,2.1,193176.2
1585180800,2.1,2.193,2.051,2.193,277623.4
1585267200,2.184,2.217,1.964,1.991,213378.9
1585353600,1.984,1.999,1.881,1.979,305009.3
1585440000,1.982,1.995,1.85,1.855,207016.2
1585526400,1.854,2.035,1.833,1.96,166759.5
1585612800,1.961,1.995,1.933,1.958,81045.3
1585699200,1.951,1.99,1.882,1.986,171540.4
1585785600,1.991,2.117,1.964,1.989,194297.8
1585872000,1.987,2.069,1.962,1.984,89317.8
1585958400,1.979,2.069,1.965,2.028,91567.1
1586044800,2.039,2.1,2.013,2.07,173761.8
1586131200,2.07,2.42,2.067,2.413,598509.8
1586217600,2.399,2.495,2.291,2.35,363603.2
1586304000,2.339,2.509,2.307,2.509,257733.7
1586390400,2.499,2.647,2.381,2.584,377276.8
1586476800,2.579,2.608,2.2,2.314,411350.2
1586563200,2.314,2.387,2.231,2.315,180972.3
1586649600,2.315,2.406,2.251,2.294,139732
1586736000,2.289,2.29,2.182,2.267,145021
1586822400,2.267,2.446,2.232,2.355,221986.4
1586908800,2.361,2.445,2.261,2.276,150812
1586995200,2.259,2.46,2.192,2.428,303422.2
1587081600,2.427,2.439,2.351,2.376,103531
1587168000,2.389,2.529,2.377,2.518,186417.5
1587254400,2.513,2.552,2.38,2.39,120286.3
1587340800,2.39,2.443,2.265,2.275,193403.3
1587427200,2.271,2.333,2.257,2.28,87190.9
1587513600,2.28,2.425,2.261,2.4,145165.1
1587600000,2.391,2.497,2.331,2.424,225688.8
1587686400,2.419,2.85,2.419,2.751,750580.1
1587772800,2.753,2.973,2.668,2.871,760671.8
1587859200,2.869,2.907,2.77,2.81,376522.4
1587945600,2.81,2.836,2.651,2.77,396073.7
1588032000,2.77,2.864,2.711,2.8,220536.4
1588118400,2.806,2.993,2.794,2.935,369102.6
1588204800,2.94,3.086,2.701,2.743,485621.9
1588291200,2.737,2.933,2.737,2.836,202194.7
1588377600,2.836,2.899,2.806,2.883,124138.1
1588464000,2.883,2.91,2.721,2.776,166056.3
1588550400,2.776,2.807,2.586,2.761,297378.3
1588636800,2.759,2.791,2.661,2.715,209673.6
1588723200,2.705,2.774,2.623,2.628,186289.8
1588809600,2.623,2.79,2.601,2.728,280422.3
1588896000,2.733,2.86,2.686,2.809,421281.1
1588982400,2.81,2.874,2.729,2.749,349813.5
1589068800,2.749,2.749,2.348,2.523,492566
1589155200,2.523,2.56,2.267,2.396,310385.5
1589241600,2.396,2.532,2.388,2.486,212932.2
1589328000,2.483,2.586,2.44,2.551,239235.3
1589414400,2.551,2.561,2.46,2.531,232724.1
1589500800,2.531,2.579,2.4,2.475,216886.7
1589587200,2.471,2.573,2.445,2.559,167966.1
1589673600,2.558,2.629,2.538,2.545,165799.9
1589760000,2.539,2.663,2.539,2.598,202512.5
1589846400,2.598,2.62,2.525,2.619,213756.6
1589932800,2.614,2.713,2.539,2.71,290078.9
1590019200,2.71,2.73,2.446,2.506,457402.1
1590105600,2.506,2.68,2.484,2.648,243974.9
1590192000,2.649,2.677,2.574,2.594,153295.5
1590278400,2.593,2.665,2.496,2.496,135469
1590364800,2.494,2.624,2.462,2.61,207971.1
1590451200,2.61,2.627,2.523,2.587,145484.3
1590537600,2.587,2.699,2.573,2.602,233901.3
1590624000,2.606,2.689,2.57,2.672,198646.4
1590710400,2.672,2.699,2.625,2.679,149905.3
1590796800,2.68,2.833,2.635,2.821,309613.5
1590883200,2.817,2.888,2.69,2.71,232859.7
1590969600,2.71,2.871,2.709,2.86,251404.4
1591056000,2.86,2.957,2.624,2.765,384224.4
1591142400,2.761,2.917,2.739,2.904,208314.7
1591228800,2.913,3.155,2.89,3.103,712663.3
1591315200,3.113,3.229,3.037,3.094,454003.4
1591401600,3.09,3.153,3.048,3.057,233732.6
1591488000,3.056,3.11,2.89,3.021,362601.5
1591574400,3.021,3.16,3,3.16,239209.7
1591660800,3.154,3.184,3.088,3.12,226564
1591747200,3.113,3.144,3.032,3.112,274028.7
1591833600,3.112,3.132,2.717,2.758,437070.7
1591920000,2.763,2.926,2.734,2.858,236519.1
1592006400,2.858,2.899,2.817,2.867,138533.5
1592092800,2.867,2.872,2.716,2.751,154038.2
1592179200,2.75,2.772,2.533,2.706,347894
1592265600,2.705,2.772,2.674,2.725,130631.9
1592352000,2.727,2.735,2.65,2.697,181024.2
1592438400,2.697,2.697,2.605,2.639,97725
1592524800,2.632,2.649,2.573,2.598,165188.8
1592611200,2.597,2.635,2.536,2.619,143079.6
1592697600,2.624,2.63,2.579,2.595,111945
1592784000,2.595,2.72,2.593,2.688,180863.7
1592870400,2.691,2.837,2.642,2.772,464771.5
1592956800,2.773,2.88,2.635,2.674,343540.6
1593043200,2.672,2.688,2.547,2.619,244267.2
1593129600,2.619,2.655,2.494,2.618,333531.6
1593216000,2.618,2.722,2.292,2.431,518911.7
1593302400,2.427,2.563,2.394,2.51,238392.4
1593388800,2.51,2.679,2.466,2.635,467086
1593475200,2.645,2.672,2.551,2.594,187810.9
1593561600,2.592,2.682,2.576,2.661,182388.1
1593648000,2.659,2.793,2.605,2.657,318197.6
1593734400,2.657,2.803,2.644,2.684,422929.1
1593820800,2.681,2.786,2.68,2.777,262768.8
1593907200,2.786,3,2.751,2.933,883813
1593993600,2.936,3.13,2.918,3.02,862809.9
1594080000,3.022,3.282,2.964,3.25,737616.5
1594166400,3.246,3.579,3.161,3.556,1294103.4
1594252800,3.556,3.8,3.401,3.791,1042428.4
1594339200,3.787,4.2,3.553,4.053,2132897.7
1594425600,4.067,4.469,3.866,3.915,2476498.3
1594512000,3.917,4.171,3.898,4.03,1017107.4
1594598400,4.022,4.359,3.706,3.862,1674613.8
1594684800,3.866,4.038,3.804,3.96,970633.6
1594771200,3.957,4.142,3.807,4.045,687515.4
1594857600,4.041,4.312,3.751,4.07,1044067.7
1594944000,4.08,4.26,3.946,4.133,804452.6
1595030400,4.131,4.5,4.087,4.359,1225730.7
1595116800,4.359,4.5,3.94,4.201,1067172.9
1595203200,4.205,4.257,3.853,3.878,688155.5
1595289600,3.88,4.06,3.779,4.013,582920.7
1595376000,4.007,4.085,3.898,4.015,347268.2
1595462400,4.014,4.106,3.921,3.966,433849.2
1595548800,3.965,3.971,3.792,3.836,341948.9
1595635200,3.834,3.959,3.782,3.922,411807.6
1595721600,3.919,3.925,3.735,3.814,537818.4
1595808000,3.814,3.932,3.299,3.597,1379753.3
1595894400,3.601,3.8,3.557,3.759,531334.6
1595980800,3.755,3.866,3.615,3.635,432557.4
1596067200,3.636,3.769,3.583,3.716,324723.7
1596153600,3.717,3.842,3.705,3.797,276923
1596240000,3.799,4.141,3.799,4.084,914828.4
1596326400,4.086,4.247,3.45,3.908,580252.9
1596412800,3.903,4.072,3.795,3.853,658933.4
1596499200,3.853,4.053,3.832,4.019,461459.9
1596585600,4.021,4.217,3.95,4.154,493010.3
1596672000,4.152,4.25,4.122,4.181,361519.8
1596758400,4.18,4.202,3.881,4.016,379491.2
1596844800,4.017,4.45,3.982,4.439,411054.8
1596931200,4.436,5.52,4.306,5.276,2238879.9
1597017600,5.28,5.88,5.099,5.472,1826395.8
1597104000,5.472,5.579,4.693,4.912,1069746.1
1597190400,4.911,6.017,4.863,5.905,1761976.9
1597276800,5.898,6.567,5.455,6.11,2359392.4
1597363200,6.103,6.613,5.942,6.103,1268278.4
1597449600,6.11,6.36,5.922,6.087,627160.4
1597536000,6.077,6.38,5.784,6.243,859610.5
1597622400,6.244,6.331,5.91,5.912,589033.2
1597708800,5.911,6.171,5.524,5.829,581461.9
1597795200,5.829,5.934,5.302,5.657,636529.7
1597881600,5.656,6.379,5.553,6.307,1022115.5
1597968000,6.301,6.76,5.595,5.606,1175480.3
1598054400,5.608,6.5,5.391,6.426,1182502.5
1598140800,6.426,8.98,6.335,8.539,6510758.3
1598227200,8.54,8.57,7.672,8.205,2407409.5
1598313600,8.208,8.867,7.779,8.38,3185914.9
1598400000,8.38,8.69,7.652,7.709,1927192.2
1598486400,7.708,7.916,6.893,7.29,939365.5
1598572800,7.29,7.857,7.131,7.566,779646.5
1598659200,7.567,7.61,7.273,7.273,445406.1
1598745600,7.274,7.9,7.24,7.63,625196.7
1598832000,7.631,7.821,7.165,7.208,559387
1598918400,7.195,7.649,6.974,7.228,502344.9
1599004800,7.23,7.319,6.378,6.658,566059
1599091200,6.645,6.76,5.171,5.171,743964.4
1599177600,5.173,5.68,4.71,5.582,719713.4
1599264000,5.583,5.671,4.565,4.913,974206.5
1599350400,4.914,5.356,4.455,5.173,659354
1599436800,5.172,5.257,4.577,5.057,345705.7
1599523200,5.059,5.163,4.742,4.941,484491
1599609600,4.942,5.49,4.887,5.318,571376.1
1599696000,5.318,5.566,5.18,5.329,290295.5
1599782400,5.329,5.392,5.06,5.346,481072
1599868800,5.343,5.728,5.185,5.609,452690
1599955200,5.613,5.865,5.103,5.325,402952.1
1600041600,5.317,5.541,5.125,5.385,365742.4
1600128000,5.376,5.448,4.794,4.863,444586.5
1600214400,4.867,5.196,4.695,5.123,287160.5
1600300800,5.114,5.215,4.87,5.07,398445.9
1600387200,5.064,5.208,4.774,4.963,426170.6
1600473600,4.958,5.045,4.862,4.943,295612.9
1600560000,4.941,5.097,4.535,4.66,453457.4
1600646400,4.656,4.739,3.957,4.085,1060883.2
1600732800,4.094,4.271,4.032,4.21,287760.1
1600819200,4.202,4.3,3.796,3.843,498296
1600905600,3.843,4.55,3.798,4.481,434511.9
1600992000,4.481,4.804,4.351,4.797,382646.1
1601078400,4.798,4.822,4.45,4.603,224796.5
1601164800,4.604,4.791,4.519,4.727,303165.3
1601251200,4.735,5.19,4.73,4.826,816304
1601337600,4.818,5.397,4.8,5.314,903594.4
1601424000,5.309,5.627,5.201,5.375,1756780.3
1601510400,5.37,5.595,4.965,5.143,993848.3
1601596800,5.135,5.272,4.649,4.905,1010058.2
1601683200,4.906,5.14,4.87,5.017,332386.3
1601769600,5.015,5.394,4.861,5.323,632207.8
1601856000,5.32,5.421,5.175,5.369,515387.4
1601942400,5.376,5.395,4.679,4.73,620122
1602028800,4.728,4.94,4.562,4.877,542852.1
1602115200,4.877,5.128,4.619,5.042,465296.9
1602201600,5.041,5.298,4.932,5.158,429798.6
1602288000,5.159,5.721,5.158,5.546,588079.9
1602374400,5.545,6.265,5.423,6.074,1647278.8
1602460800,6.084,6.255,5.784,5.976,740977.7
1602547200,5.973,6.191,5.814,6.03,452705.4
1602633600,6.027,6.142,5.633,5.735,382424.2
1602720000,5.737,5.913,5.492,5.771,478168.9
1602806400,5.773,5.843,5.308,5.417,379467.4
1602892800,5.408,5.527,5.291,5.432,287756.5
1602979200,5.461,5.796,5.415,5.77,259746
1603065600,5.775,5.786,5.462,5.5,320038.5
1603152000,5.5,5.523,5,5.03,434536
1603238400,5.025,5.496,5.001,5.241,377439.3
1603324800,5.233,5.587,5.233,5.445,272585.3
1603411200,5.448,5.5,5.168,5.367,343924.3
1603497600,5.373,5.6,5.236,5.553,355116
1603584000,5.547,5.661,5.247,5.296,206033
1603670400,5.296,5.371,4.991,5.156,458394.3
1603756800,5.153,5.329,5.069,5.115,197585.6
1603843200,5.11,5.152,4.723,4.805,485472.5
1603929600,4.806,4.872,4.527,4.636,298906
1604016000,4.638,4.719,4.345,4.627,422080.3
1604102400,4.627,4.808,4.593,4.619,291525.5
1604188800,4.618,5.08,4.547,4.748,749423.4
1604275200,4.748,4.877,4.56,4.606,293848.5
1604361600,4.604,4.609,4.309,4.482,259612.1
1604448000,4.474,4.478,4.215,4.395,389995.2
1604534400,4.396,4.596,4.285,4.502,365795.4
1604620800,4.503,4.954,4.466,4.885,1202949
1604707200,4.885,5.168,4.496,4.62,768086.5
1604793600,4.615,4.948,4.565,4.811,518220.9
1604880000,4.807,5.205,4.676,5.155,708876.5
1604966400,5.164,5.284,4.918,5.092,607097.3
1605052800,5.088,5.3,5.015,5.041,394228.6
1605139200,5.041,5.321,4.943,5.035,970279.9
1605225600,5.035,5.265,5.024,5.222,564649.7
1605312000,5.222,5.25,4.997,5.059,403881.5
1605398400,5.057,5.128,4.865,4.978,338721.7
1605484800,4.964,5.185,4.933,5.089,358868
1605571200,5.086,5.45,5.075,5.297,628081.8
1605657600,5.297,5.336,4.94,5.111,726877.6
1605744000,5.118,5.218,4.995,5.101,367155.4
1605830400,5.103,5.46,5.081,5.271,605206.3
1605916800,5.277,5.958,5.269,5.937,798511.2
1606003200,5.932,5.98,5.243,5.495,819687.3
1606089600,5.503,5.922,5.436,5.814,935977.2
1606176000,5.814,6.418,5.664,5.979,1721441.7
1606262400,5.979,6.485,5.717,5.909,1294260.1
1606348800,5.91,6.324,5,5.344,1139389.3
1606435200,5.34,5.454,5.088,5.366,562053.3
1606521600,5.366,5.543,5.229,5.448,360650.3
1606608000,5.448,5.546,5.316,5.442,317620.5
1606694400,5.442,5.676,5.348,5.578,390527.7
1606780800,5.582,5.71,5.123,5.266,565735.3
1606867200,5.258,5.551,5.197,5.515,395274.2
1606953600,5.518,5.657,5.365,5.506,305298.4
1607040000,5.501,5.54,5.001,5.05,470932.6
1607126400,5.05,5.306,4.975,5.264,316008.7
1607212800,5.268,5.29,5.09,5.217,201619.4
1607299200,5.217,5.227,5.08,5.097,204068.7
1607385600,5.102,5.139,4.644,4.734,380464.6
1607472000,4.728,4.887,4.572,4.804,503301.8
1607558400,4.803,4.824,4.654,4.657,244203.5
1607644800,4.664,4.868,4.484,4.709,710454.7
1607731200,4.709,5.11,4.701,5.07,572295.2
1607817600,5.066,5.387,5.058,5.192,759048.3
1607904000,5.192,5.321,5.032,5.228,468705
1607990400,5.234,5.361,5.063,5.289,389409.4
1608076800,5.287,5.514,5.157,5.493,675146.7
1608163200,5.496,5.737,5.271,5.362,583627.7
1608249600,5.358,5.449,5.211,5.331,403969.2
1608336000,5.332,5.442,5.256,5.292,480478.5
1608422400,5.292,5.351,4.911,5.034,477296.3
1608508800,5.036,5.154,4.802,5.041,535997.2
1608595200,5.034,5.105,4.73,4.942,505841.1
1608681600,4.947,5,4.236,4.398,840897.6
1608768000,4.391,5,4.226,4.958,644502.5
1608854400,4.958,5.053,4.751,4.911,392634.2
1608940800,4.912,4.964,4.728,4.806,332257.3
1609027200,4.812,5.024,4.549,4.841,551268.9
1609113600,4.852,5.569,4.788,5.384,897919.9
1609200000,5.378,5.695,5.029,5.62,1688758.2
1609286400,5.621,5.775,5.386,5.432,1343012.9
1609372800,5.43,6.515,5.247,6.485,2092805.3
1609459200,6.485,6.521,5.657,5.879,1794169.5
1609545600,5.876,5.897,5.25,5.422,1658314.5
1609632000,5.419,5.917,5.282,5.842,1393017.2
1609718400,5.845,6.29,5.268,6.042,2536775.3
1609804800,6.061,6.397,5.646,6.212,1743770.4
1609891200,6.212,6.978,5.88,6.697,1862670.2
1609977600,6.708,6.868,5.982,6.262,1826538.2
1610064000,6.279,6.351,5.673,5.942,1573560.1
1610150400,5.94,6.739,5.823,6.576,1708841
1610236800,6.571,7.168,5.9,6.42,2141456.2
1610323200,6.409,6.436,4.989,5.734,1820429.2
1610409600,5.723,6.148,5.501,5.707,1376508.5
1610496000,5.713,6.25,5.529,6.245,673036.8
1610582400,6.246,6.588,6.131,6.478,908901.4
1610668800,6.468,8.472,6.437,7.907,6847509.5
1610755200,7.911,9.607,7.549,9.044,3461049.3
1610841600,9.022,9.206,7.987,8.536,2184228.1
1610928000,8.531,9.836,8.52,9.551,2318659.3
1611014400,9.551,10.183,8.831,8.901,2249579.2
1611100800,8.908,9.517,7.98,8.911,1829271.4
1611187200,8.915,8.957,7.067,7.165,1521531.9
1611273600,7.179,8.494,6.6,7.991,1644239
1611360000,7.998,8.688,7.848,8.337,1136246
1611446400,8.337,8.791,7.882,8.251,1046720.3
1611532800,8.253,8.55,7.674,7.746,1030231
1611619200,7.73,7.959,7.377,7.73,710061.6
1611705600,7.738,7.759,6.776,6.973,1083718.6
1611792000,6.975,8.52,6.824,8.056,1878921.4
1611878400,8.072,8.53,7.697,7.989,1433338.6
1611964800,7.99,8.31,7.755,8.07,902307.4
1612051200,8.06,8.89,7.702,8.164,1722942.2
1612137600,8.158,9.294,7.841,9.289,2111967.6
1612224000,9.289,9.33,8.72,8.904,1579602.4
1612310400,8.904,9.447,8.766,9.322,1529943.7
1612396800,9.323,9.519,8.659,9.166,1991044.4
1612483200,9.162,13,9.028,12.225,4318884.6
1612569600,12.228,13.674,11.27,12.094,4115890.1
1612656000,12.098,14,11.469,13.86,3660292.6
1612742400,13.878,15.05,13.283,14.194,3518398.7
1612828800,14.193,15.5,13.8,15.081,2306881.6
1612915200,15.089,15.48,13.56,14.982,2191253.5
1613001600,14.975,18.391,14.801,17.664,3075881.4
1613088000,17.655,22.238,17.229,21.139,4888289.4
1613174400,21.132,22.119,19.174,20.275,2572699
1613260800,20.278,20.718,18.51,19.131,2028941.6
1613347200,19.14,24.99,14.794,22.495,7468506.1
1613433600,22.517,26.688,22.26,25.097,6121307.6
1613520000,25.084,25.876,22.485,23.881,3099605.4
1613606400,23.881,24.97,22.756,23.045,2285738.2
1613692800,23.046,23.5,21.414,22.889,1814609.8
1613779200,22.891,24.5,20.5,21.601,2830747.7
1613865600,21.582,22.647,20.834,21.633,1601148.2
1613952000,21.615,21.7,16.251,21.153,3404969.1
1614038400,21.151,23.907,15.168,20.172,6681919.3
1614124800,20.14,21.37,18.8,19.537,2091180.8
1614211200,19.546,20.6,17.554,17.732,1615275.4
1614297600,17.793,18.99,16.118,18.865,2421303.6
1614384000,18.856,20.957,18.608,19.179,1976709.9
1614470400,19.17,19.262,16.51,17.671,1676001.3
1614556800,17.671,18.903,17.529,18.709,1352123.7
1614643200,18.709,20.5,18.006,18.874,1969145.8
1614729600,18.882,22.14,18.585,21.41,2503031.5
1614816000,21.43,21.849,18.143,18.835,2428822.5
1614902400,18.851,19.481,17.939,18.692,1334180.1
1614988800,18.677,19.082,18.23,18.924,561102
1615075200,18.941,19.5,18.64,19.492,696792.1
1615161600,19.492,19.847,18.566,19.393,1242315.9
1615248000,19.393,21.22,19.04,21.123,1359581.9
1615334400,21.111,21.298,19.1,19.605,1109812.9
1615420800,19.615,19.743,18.618,19.341,679405.6
1615507200,19.342,19.47,17.75,18.566,902312.3
1615593600,18.575,19.87,17.875,19.366,770722.5
1615680000,19.39,19.521,18.439,18.45,574813.2
1615766400,18.465,21.059,17.85,19.875,1633304.3
1615852800,19.888,22.05,18.542,21.016,1719727.9
1615939200,21.006,21.64,19.55,20.899,1044097.9
1616025600,20.912,24.499,20.53,22.093,2600307.9
1616112000,22.113,23.174,21.478,22.183,1020688.5
1616198400,22.184,22.71,20.729,20.871,896171
1616284800,20.877,21.272,19.95,20.503,821073.7
1616371200,20.51,21.204,18.934,19.189,919258.2
1616457600,19.19,19.876,18.7,18.729,829508
1616544000,18.712,19.78,16.475,17.44,968708.9
1616630400,17.441,17.997,16.658,17.112,1287401.2
1616716800,17.112,18.99,17.049,18.95,908362.1
1616803200,18.952,19.218,18.02,18.719,590975.5
1616889600,18.698,19.87,18.435,19.334,735412.8
1616976000,19.335,20.986,19.04,20.256,850326.3
1617062400,20.284,20.625,19.44,19.983,834978.4
1617148800,19.983,20.098,18.202,19.099,796659.4
1617235200,19.1,19.8,18.941,19.48,755299.6
1617321600,19.493,20.4,19.15,20.318,788465.4
1617408000,20.305,22.562,19.851,20.049,1889731.7
1617494400,20.063,21.941,19.659,21.548,759527.2
1617580800,21.546,22.194,20.203,21.43,889261
1617667200,21.441,23.188,21.039,21.637,1551184
1617753600,21.655,22.096,18.732,19.554,1695389.8
1617840000,19.548,20.655,19.467,20.54,774029.5
1617926400,20.542,21.51,20.494,21.379,598524.7
1618012800,21.379,22.637,20.547,21.017,767871.5
1618099200,21.016,23.493,20.721,23.354,1049129.7
1618185600,23.371,23.75,21.229,22.011,1469076.6
1618272000,22.003,24.95,21.371,23.839,1335626.4
1618358400,23.836,27.164,22.802,27.081,2238423.3
1618444800,27.081,28.5,25.898,27.823,1589201.9
1618531200,27.82,28.2,24.11,25.508,1665823.6
1618617600,25.535,27.5,24.311,24.328,942533.9
1618704000,24.324,24.797,17.75,21.461,2598396.8
1618790400,21.448,22.315,18.867,19.26,1382407.3
1618876800,19.25,21.619,17.606,21.277,2292819.5
1618963200,21.281,21.532,19.331,19.565,1961647.2
1619049600,19.581,21.644,18.406,18.76,2121862.4
1619136000,18.751,20.581,16.545,20.547,2291570
1619222400,20.529,20.575,18.297,18.46,947561.8
1619308800,18.469,19.677,17.646,18.739,792372
1619395200,18.739,22.848,18.5,22.079,1574091.3
1619481600,22.096,23.5,21.776,23.084,1154119.3
1619568000,23.073,24.167,21.866,22.964,1815908
1619654400,22.977,23.061,21.174,22.271,906730.1
1619740800,22.271,23.46,21.745,22.74,815424.7
1619827200,22.736,24.531,22.457,23.827,994976.7
1619913600,23.833,23.944,22.331,23.12,753004.4
1620000000,23.125,23.79,22.461,22.991,1067801.8
1620086400,22.995,23.299,20.91,20.979,1407647
1620172800,20.977,24.97,20.646,24.931,1951831.7
1620259200,24.938,27.115,24.16,25.543,3950434.6
1620345600,25.562,32.325,25.039,28.657,4010293.2
1620432000,28.677,31.496,26.894,29.547,2243537.4
1620518400,29.566,30.046,26.473,28.731,1490373.5
1620604800,28.721,29.951,23.72,25.357,1572023.6
1620691200,25.364,27.119,23.868,26.959,1334096.1
1620777600,26.961,27.8,22.263,22.882,1772537.9
1620864000,22.937,25.325,21.607,23.502,1605878.6
1620950400,23.513,25.888,23.388,25.883,1113684.1
1621036800,25.891,28.75,24.449,24.496,2378826.8
1621123200,24.513,26.648,22.601,24.289,1393637.8
1621209600,24.288,24.291,20.617,21.101,1773839
1621296000,21.106,23.469,20.776,22.879,1618871.7
1621382400,22.847,23.52,9.694,13.834,4776393.4
1621468800,13.849,17.5,12.15,16.953,3053532.1
1621555200,16.952,17.618,11.387,13.609,3664651.7
1621641600,13.611,13.736,11.47,12.261,1925307.5
1621728000,12.269,13.119,8.76,11.659,3995525.1
1621814400,11.655,14.697,11.098,14.575,2873579.8
1621900800,14.575,14.995,12.393,13.93,2173938.4
1621987200,13.939,15.692,13.626,15.284,1768578
1622073600,15.304,15.345,13.578,14.54,1206584.6
1622160000,14.549,14.631,12,12.704,1702123
1622246400,12.698,14.401,11.389,12.084,1835243.2
1622332800,12.087,13.148,11.28,12.555,1068892.5
1622419200,12.536,13.993,11.911,13.943,898761.7
1622505600,13.962,14.543,13.358,13.753,930104.6
1622592000,13.753,15.356,13.571,14.859,1216211.7
1622678400,14.877,17.217,14.662,16.668,1611141.2
1622764800,16.683,17.132,14.036,15.075,1421896.4
1622851200,15.078,16.332,14.244,14.853,667069.3
1622937600,14.836,15.4,14.481,15.128,297364.9
1623024000,15.128,15.797,13.3,13.468,862325.5
1623110400,13.465,13.871,12.035,13.582,1261751.5
1623196800,13.583,14.019,12.622,13.941,805576.8
1623283200,13.942,14.059,12.558,12.848,795613.1
1623369600,12.846,12.948,11.559,11.942,605638.9
1623456000,11.934,12.099,10.926,11.624,627396.9
1623542400,11.631,12.542,11.305,12.542,368617.9
1623628800,12.541,13.4,12.208,13.297,645362.4
1623715200,13.287,13.585,12.633,12.955,530747.9
1623801600,12.954,13.474,12.332,13.421,692079.6
1623888000,13.421,14.699,13.277,13.611,1344732.3
1623974400,13.621,13.622,11.938,12.466,754785.2
1624060800,12.481,12.722,11.818,11.877,389304.8
1624147200,11.863,12.401,11.052,11.989,605559.8
1624233600,11.997,12.106,9.487,9.517,1309326.3
1624320000,9.519,10.578,7.83,9.01,2339357.8
1624406400,9.007,10.497,8.564,9.619,1269444.1
1624492800,9.632,10.704,9.017,10.378,832689
1624579200,10.385,10.706,8.86,9.063,1067803.3
1624665600,9.07,9.599,8.659,9.596,721399.5
1624752000,9.598,10.09,9.422,10.09,877012.3
1624838400,10.09,10.897,9.92,10.897,599955.9
1624924800,10.894,12.887,10.833,11.638,1409468.8
1625011200,11.646,12.051,11.022,12.05,817696.6
1625097600,12.05,12.071,10.713,11.04,687124.8
1625184000,11.031,11.812,10.524,11.812,766072.3
1625270400,11.807,12.197,11.536,11.806,522550.1
1625356800,11.815,12.455,11.52,12.324,421828.3
1625443200,12.284,13.979,11.936,13.554,1798816.3
1625529600,13.556,14.047,12.82,13.134,730798.9
1625616000,13.131,13.516,12.821,12.942,734293.4
1625702400,12.953,12.978,11.67,11.894,1171852.5
1625788800,11.899,13.68,11.426,13.18,1519322.6
1625875200,13.181,14.528,12.968,14.421,990513.6
1625961600,14.428,14.798,13.873,14.078,968677.9
1626048000,14.077,14.141,12.761,13.005,1014031.4
1626134400,12.981,13.77,11.796,12.098,1406601.3
1626220800,12.1,12.245,11.03,11.749,1362659.8
1626307200,11.749,12.057,10.654,11.463,1278082.4
1626393600,11.475,13.174,10.977,11.13,3040553.5
1626480000,11.126,11.503,10.721,11.025,1069049.2
1626566400,11.023,11.559,10.754,10.975,692649.4
1626652800,10.977,11.065,9.908,9.982,1470536.9
1626739200,9.985,10.166,8.962,9.45,1687609
1626825600,9.445,10.707,9.109,10.474,1088979.8
1626912000,10.478,11.63,10.183,11.39,1122129.2
1626998400,11.388,11.547,10.689,11.456,947947.9
1627084800,11.455,11.793,11.076,11.431,680239.3
1627171200,11.442,11.632,10.987,11.456,632882
1627257600,11.454,12.442,11.317,11.388,1657331.7
1627344000,11.38,11.809,11.03,11.71,888481.1
1627430400,11.704,11.966,11.39,11.608,987333.5
1627516800,11.6,11.881,11.324,11.8,603533.5
1627603200,11.8,12.189,11.433,12.14,999564
1627689600,12.141,12.935,11.884,12.603,915596.5
1627776000,12.609,13.446,12.155,12.322,1047027.2
1627862400,12.317,12.767,12.104,12.479,655581
1627948800,12.48,12.659,11.779,12.124,750676.6
1628035200,12.128,12.913,11.958,12.812,820138.4
1628121600,12.813,13.244,12.4,13.033,1126098.7
1628208000,13.039,14.037,12.735,13.616,890191.5
1628294400,13.613,14.36,13.473,14.017,874512.8
1628380800,14.021,14.25,13.012,13.134,968392.5
1628467200,13.147,14.087,12.665,13.647,714530.8
1628553600,13.639,14.408,13.46,14.117,823014.9
1628640000,14.121,15.465,14.094,14.576,1189462.2
1628726400,14.559,15.201,13.55,14.076,940399.6
1628812800,14.076,15.343,13.866,15.213,764684.3
1628899200,15.22,15.787,14.7,15.572,763484.9
1628985600,15.574,15.965,14.885,15.926,679346.9
1629072000,15.921,16.7,15.5,15.8,1306480.4
1629158400,15.783,17.499,15.069,15.993,2115384.3
1629244800,15.999,18.616,14.935,17.948,2248845.2
1629331200,17.948,20.459,17.759,18.699,4390854.6
1629417600,18.702,19.992,18.376,18.938,2018971.8
1629504000,18.946,23.958,18.537,22.168,3325055.7
1629590400,22.176,24.749,20.987,21.881,2274899.4
1629676800,21.878,23.119,21.258,21.834,1455766.7
1629763200,21.823,22.03,19.208,19.542,2080969.5
1629849600,19.546,20.884,18.62,20.057,1752655.4
1629936000,20.054,20.326,17.699,17.936,1388255.2
1630022400,17.928,20.597,17.256,20.427,1631418
1630108800,20.434,21.45,19.509,21.332,1357406
1630195200,21.33,22.424,20.344,21.2,2041559.1
1630281600,21.218,24,19.5,22.15,2915573.6
1630368000,22.155,26.248,21.58,22.924,5360688.4
1630454400,22.919,25.99,22.105,25.431,3620049.5
1630540800,25.435,25.79,23.501,24.156,1720152.5
1630627200,24.154,24.948,23.153,24.098,2404158.4
1630713600,24.102,25.459,23.77,24.434,1505453.2
1630800000,24.428,26.277,23.796,25.741,1879154.9
1630886400,25.731,27.087,23.8,25.113,2179189.1
1630972800,25.115,27.461,17.348,21.135,3188668.7
1631059200,21.125,21.914,18.5,20.7,2689446.1
1631145600,20.71,28.455,20.431,26.791,6873380.9
1631232000,26.814,30.5,24.584,29.421,6813426.4
1631318400,29.402,30.9,26.718,27.337,3042972.9
1631404800,27.341,35.245,26,34.894,4845945.2
1631491200,34.906,38.931,30.305,35.767,6666630.2
1631577600,35.761,37.9,32.809,34.237,4126012.7
1631664000,34.216,35.409,32.662,34.125,2241165.7
1631750400,34.121,37.387,31.227,37.112,3514051.2
1631836800,37.096,38,32.507,33.458,3281961.1
1631923200,33.466,41.471,32.692,40.802,4123325.9
1632009600,40.765,44.691,37.7,44.306,4090564
1632096000,44.295,44.8,33.231,33.887,8593917.4
1632182400,33.877,37.16,28.83,30.455,6947724.6
1632268800,30.455,40.239,29.359,39.725,6506542.1
1632355200,39.722,43.437,38.817,41.544,5161167.8
1632441600,41.523,44.499,35.88,42.569,5834743
1632528000,42.552,43.154,38.792,39.488,2277597.9
1632614400,39.49,41.7,35.484,39.812,3312168.5
1632700800,39.834,40.758,36.636,37.218,2254655.7
1632787200,37.206,37.906,33.367,33.687,2632505.5
1632873600,33.695,36.634,32.565,33.848,2599461.5
1632960000,33.853,36.29,33.468,36.223,2932480.8
1633046400,36.217,38.599,34.735,37.854,2824005.1
1633132800,37.869,41.645,37.183,38.617,1840268.6
1633219200,38.631,40.787,37.832,38.767,1545025.5
1633305600,38.769,38.801,36,36.785,3056178.2
1633392000,36.775,38.344,35.394,36.75,1958415.6
1633478400,36.78,36.879,33,35.142,2531333.3
1633564800,35.148,37.985,33.79,36.687,2394923
1633651200,36.688,36.93,34.755,35.004,1406086.7
1633737600,35.032,36.15,34.6,35.163,1170039.9
1633824000,35.173,35.187,32.115,32.43,1226243.3
1633910400,32.399,34.394,31.001,32.02,1348231.5
1633996800,32.013,34.422,29.926,33.477,2319817.4
1634083200,33.458,34.978,31.667,34.613,2115824.6
1634169600,34.614,35.7,33.467,33.828,1600895.9
1634256000,33.813,34.177,32.204,33.049,1727159
1634342400,33.057,34.645,32.883,33.121,1287191.9
1634428800,33.124,34.269,31.171,32.433,1047422
1634515200,32.44,32.654,31.055,31.876,1208919.9
1634601600,31.86,35.409,31.452,35.035,2874795.4
1634688000,35.036,36.896,33.514,35.92,1756396.3
1634774400,35.916,36.785,33.813,34.291,2535644.2
1634860800,34.289,36.16,33.628,34.07,2390544
1634947200,34.068,37.17,33.772,35.691,1615074.4
1635033600,35.695,36.027,33.48,34.252,1301748.8
1635120000,34.261,35.552,34.147,35.289,1181392.6
1635206400,35.303,43.432,35.043,43.342,5659149.6
1635292800,43.284,43.55,35.7,36.776,3733704.1
1635379200,36.784,40.702,36.15,38.02,2690952.9
1635465600,38.048,41.028,38,39.58,2161673.4
1635552000,39.58,39.58,36.202,37.315,1225789.6
1635638400,37.287,37.748,35.26,37.226,1575569.3
1635724800,37.281,38.191,34.683,37.314,2059368.6
1635811200,37.313,38.429,36.31,37.083,1641415.1
1635897600,37.094,38.61,35.54,38.537,3049426.6
1635984000,38.531,39.245,36.145,37.529,1543832.6
1636070400,37.536,38.99,36.377,36.771,1187457.7
1636156800,36.779,37.069,34.278,36.259,1147211.4
1636243200,36.234,36.494,35.488,35.735,661326.2
1636329600,35.742,36.975,35.001,36.623,1453846.7
1636416000,36.631,37.939,35.511,35.829,1576513.9
1636502400,35.824,37.278,28.403,32.177,2943356.9
1636588800,32.168,34.008,31.754,32.939,1517843.3
1636675200,32.931,32.981,30.559,32.054,1911783.1
1636761600,32.048,33.161,31.94,32.502,704852.3
1636848000,32.504,33.246,31.1,31.932,623345.6
1636934400,31.939,33.721,31.28,31.456,1085351
1637020800,31.458,31.46,27.55,28.282,3016840.5
1637107200,28.292,29.67,26.894,29.45,1596774.2
1637193600,29.445,29.82,25.304,26.672,1839989.9
1637280000,26.667,28.586,26,28.148,1158648.4
1637366400,28.157,29.88,27.825,29.474,860942
1637452800,29.477,32.047,28.352,30.869,1555026.7
1637539200,30.914,33.8,28.966,32.169,3517226.3
1637625600,32.19,33.211,30.679,32.064,1926618.9
1637712000,32.062,32.093,29.163,29.645,1471869.1
1637798400,29.632,30.913,29.301,29.764,1493184.6
1637884800,29.795,30.314,25.176,27.097,3023370.4
1637971200,27.076,28.06,26.465,26.728,1342969.7
1638057600,26.737,27.657,24.72,27.406,1645684.6
1638144000,27.411,28.447,26.751,28.114,1123373
1638230400,28.128,29.4,26.999,27.548,1316049.5
1638316800,27.552,28.3,26.284,26.683,1266140.6
1638403200,26.682,28.663,25.675,28.374,1296935.9
1638489600,28.375,35.999,27.737,32.967,7005361.5
1638576000,32.967,33.052,23.6,28.34,4357000
1638662400,28.343,29.52,23.67,24.654,3775607.4
1638748800,24.641,24.873,22.05,24.372,4686509.1
1638835200,24.372,25.47,23.81,24.312,2034282
1638921600,24.315,26,22.86,25.321,2708120.2
1639008000,25.334,25.62,22.41,22.47,1769810.8
1639094400,22.47,23.88,21.87,22.54,1837305.2
1639180800,22.53,24.79,21.99,24.42,1923442.4
1639267200,24.41,25.24,23.48,24.52,1484247
1639353600,24.5,24.95,21.068,21.76,1869872.8
1639440000,21.75,22.18,20.99,21.83,1482482.6
1639526400,21.82,22.87,20.21,22.33,1979602.1
1639612800,22.33,23.49,21.63,21.81,1235582.9
1639699200,21.81,22.05,20.36,21.19,971668.7
1639785600,21.19,23.3,20.92,23.2,1086996.5
1639872000,23.21,23.73,22.05,22.18,1056899.9
1639958400,22.18,22.43,20.7,21.53,1450981
1640044800,21.55,23.7,21.48,23.65,1258832.8
1640131200,23.63,29.75,23.38,27.39,4000510
1640217600,27.4,28.98,26.42,28.38,1495063.6
1640304000,28.38,29.77,26.74,26.87,1402630.1
1640390400,26.88,29.81,26.61,29.79,1309410
1640476800,29.78,32.34,28.68,32.17,1949922.7
1640563200,32.17,32.814,29.56,29.68,1438339.9
1640649600,29.7,29.71,26.06,26.57,3754874.7
1640736000,26.57,28.19,25.15,27.98,2429216.1
1640822400,27.97,30.56,26.41,30.19,2525016.9
1640908800,30.18,33.43,30.13,32.43,3965853.4
1640995200,32.42,37.09,32.37,36.33,3633485.8
1641081600,36.36,36.91,34.08,35.54,1440898.4
1641168000,35.54,40,34.23,39.29,2850951
1641254400,39.25,44.8,37.53,42.05,5012512
1641340800,42.04,43.26,34.63,38.67,4200224.6
1641427200,38.67,41.47,35.43,40.04,4602839.15
1641513600,40.06,44.68,37.54,38.54,5735989.48
1641600000,38.54,40.36,34.03,35.87,3904416.22
1641686400,35.87,38.11,34.12,34.99,3146335.49
1641772800,34.98,38.17,32.88,37.83,3940262.37
1641859200,37.89,39.94,36.13,38.71,3181975.04
1641945600,38.69,42.38,38.58,40.25,2931206.21
1642032000,40.26,41.31,37.45,37.62,2582439.54
1642118400,37.6,40.83,36.71,40.44,1641593.58
1642204800,40.42,40.98,39.12,39.16,1053718.65
1642291200,39.14,43.89,38.86,43.71,2207587.06
1642377600,43.7,44.55,37.93,39.15,2770948.84
1642464000,39.14,40.1,36.17,38.27,2084726.59
1642550400,38.25,38.85,35.34,37.07,1817513.37
1642636800,37.04,42.13,36.97,38.97,3401759.23
1642723200,38.95,41.1,32.08,34.64,5219943.33
1642809600,34.62,35.08,27.34,29.27,4644088.41
1642896000,29.29,34.78,29.12,34.65,4376984.78
1642982400,34.64,37.1,29.86,36.03,6103622.12
1643068800,36.05,37.23,34.77,35.92,3894212.27
1643155200,35.9,36.37,31.16,32.35,5106487.71
1643241600,32.35,33.07,28.37,30,5210013.37
1643328000,29.99,30.3,27.71,29.5,3363761.44
1643414400,29.49,30.26,28.28,29.1,2166191.88
1643500800,29.08,29.21,26.37,27.19,2558194.15
1643587200,27.18,28.96,25.51,28.07,2102031.91
1643673600,28.08,29.87,27.79,28.86,2267234.18
1643760000,28.87,29.02,26.13,26.33,1887933.13
1643846400,26.36,30.25,25.6,29.72,3754723.62
1643932800,29.71,31.43,28.55,31.13,2377606.12
1644019200,31.14,32.32,29.95,30.76,1775654.75
1644105600,30.76,31.98,30.12,31.31,1419526.81
1644192000,31.31,33.22,30.52,31.63,3424965.17
1644278400,31.63,32.67,29.73,30.42,1845719.6
1644364800,30.43,31.5,29.56,30.94,1318575.21
1644451200,30.94,31.32,28.73,29.1,1752293.84
1644537600,29.12,29.39,26.18,26.56,2118397.68
1644624000,26.56,28.36,26.01,27.07,1673874.89
1644710400,27.08,27.66,25.9,26.19,958699.3
1644796800,26.18,27.47,25.37,27.16,1267070.5
1644883200,27.17,29.24,27.16,29.01,1306633.24
1644969600,28.98,29.26,27.61,28.51,969455.51
1645056000,28.52,30.9,27.52,28.07,2831350.29
1645142400,28.07,29.08,26.71,26.85,1739856.49
1645228800,26.86,27.43,26.07,26.69,508045.21
1645315200,26.69,26.91,25.39,26.09,890032.3
1645401600,26.1,27.33,23.64,23.83,1524363.25
1645488000,23.83,25.39,23,24.84,1372116.06
1645574400,24.82,27.02,24.59,25.15,1781732.38
1645660800,25.17,25.56,21.53,24.86,3416152.36
1645747200,24.87,27.52,24.26,27.3,2037463.73
1645833600,27.29,30.76,27.16,29.89,2295782.02
1645920000,29.9,29.94,26.3,26.8,1478153.35
1646006400,26.78,31.8,26.39,31.38,3501795.97
1646092800,31.38,33.1,30.22,31.15,2202188.22
1646179200,31.16,32.82,29.85,32.26,2027919.24
1646265600,32.26,34.46,31.14,34.01,2675623.69
1646352000,34.02,34.71,30.27,30.51,2087562.62
1646438400,30.5,31.7,29.52,30.85,1344812.42
1646524800,30.84,30.94,27.89,28.14,1867625.46
1646611200,28.15,29.56,27.11,28.29,2032538.96
1646697600,28.3,29.32,27.34,27.87,1460317.16
1646784000,27.88,31.34,27.79,30.07,1572666.05
1646870400,30.06,30.35,27.42,28.05,1328589.97
1646956800,28.05,28.5,26.91,27.47,1395353.86
1647043200,27.47,28.27,27.17,27.21,532984.79
1647129600,27.23,27.53,25.99,26.25,816034.66
1647216000,26.25,27.18,25.76,26.83,1125659.25
1647302400,26.84,27.77,26.17,26.91,1169712.03
1647388800,26.9,29.11,26.53,28.96,1526666.35
1647475200,28.95,29.01,27.95,28.17,820044.13
1647561600,28.17,28.8,27.21,28.63,853375.46
1647648000,28.63,29.45,28.36,28.65,982192.43
1647734400,28.66,28.85,27.5,27.83,740797.74
1647820800,27.84,28.4,27.56,27.93,887788.89
1647907200,27.93,29.03,27.67,28.03,1307864.76
1647993600,28.03,28.5,27.22,28.26,1231000.69
1648080000,28.25,29.51,27.96,29.27,1504520.12
1648166400,29.26,30.01,27.7,28.15,1639965.61
1648252800,28.13,28.98,28.01,28.8,1111650.14
1648339200,28.81,29.97,28.12,29.95,870448.77
1648425600,29.95,31.53,29.2,29.36,2444104.77
1648512000,29.37,31.69,29.31,30.24,2094006.68
1648598400,30.23,31.32,29.3,30.02,1646692.78
1648684800,30.03,31.34,28.4,28.9,1833409.14
1648771200,28.91,29.7,27.72,29.41,1097910.62
1648857600,29.42,32.8,29.23,31.31,2380553.63
1648944000,31.32,33.29,30.52,31.97,1588026.45
1649030400,31.97,32.54,30.07,30.84,1488196.4
1649116800,30.85,31.24,29.16,29.3,1074429.66
1649203200,29.3,29.44,26.7,26.92,1521525.65
1649289600,26.91,27.9,26.29,27.67,893346.28
1649376000,27.64,28.98,26.63,26.91,1025922.43
1649462400,26.89,27.44,26.61,27.27,390360.62
1649548800,27.26,27.43,26.33,26.51,364123.2
1649635200,26.5,26.6,23.31,23.85,1506598.69
1649721600,23.85,25.48,23.66,24.64,819882.22
1649808000,24.65,25.21,24.1,24.69,531416.09
1649894400,24.69,25.16,23.75,23.96,885939.63
1649980800,23.96,24.38,23.77,24.11,454312.63
1650067200,24.12,24.43,23.85,24.18,250671.71
1650153600,24.19,24.48,23.1,23.23,329134.56
1650240000,23.23,24.15,22.44,24.08,906664.36
1650326400,24.08,24.74,23.76,24.67,515000.84
1650412800,24.69,25.1,24.02,24.28,466234.02
1650499200,24.29,24.97,22.86,23.32,610855.41
1650585600,23.32,23.87,22.89,23.11,509458.83
1650672000,23.09,23.49,22.77,23.21,375835.73
1650758400,23.21,23.3,22.27,22.3,388754.87
1650844800,22.3,22.37,20.8,22.12,1257615.44
1650931200,22.13,22.29,20,20.31,1070224.4
1651017600,20.3,21.9,20.13,21.45,957064.98
1651104000,21.45,21.5,20.42,20.74,1046414.62
1651190400,20.75,20.88,19.22,19.43,1161670.88
1651276800,19.43,19.57,17.2,17.84,1100031.67
1651363200,17.84,18.68,17.57,18,1065937.96
1651449600,17.99,18.36,17.21,17.8,1046951.65
1651536000,17.79,18.99,17.43,17.56,1046866.17
1651622400,17.56,20,17.46,19.91,1280182.25
1651708800,19.93,20.34,17.18,17.83,1446492.39
1651795200,17.84,17.99,17.09,17.66,934232.82
1651881600,17.66,17.7,16.01,16.43,1366307.62
1651968000,16.42,16.53,15.55,15.71,1405815.66
1652054400,15.71,15.98,12.37,12.49,2516779.83
1652140800,12.5,15.31,11.96,13.57,4667715.21
1652227200,13.57,14,9.22,10.75,6332465.24
1652313600,10.74,11.52,8.14,9.62,5638603.37
1652400000,9.62,11.66,8.98,10.3,3934628.13
1652486400,10.31,11.05,9.53,10.77,1632761.77
1652572800,10.78,12.47,10.31,12.37,1468656.98
1652659200,12.38,12.47,10.93,11.07,1944436.39
1652745600,11.07,11.91,10.75,11.46,1365113.64
1652832000,11.45,11.77,9.99,10.1,1901152.97
1652918400,10.1,10.95,9.8,10.82,1153274.87
1653004800,10.83,12.21,10.75,11.19,3143022.77
1653091200,11.19,11.49,10.75,11.05,1020318.8
1653177600,11.04,11.58,10.91,11.4,748339.94
1653264000,11.4,12.32,10.94,11.13,1586942.87
1653350400,11.13,11.38,10.42,11.07,1187035.36
1653436800,11.08,11.39,10.6,10.73,970508.73
1653523200,10.73,10.9,9.18,9.6,2193001.96
1653609600,9.6,9.91,9.03,9.26,1350235.77
1653696000,9.27,9.68,9.16,9.41,939144.1
1653782400,9.41,9.67,9.14,9.59,823195.95
1653868800,9.59,10.6,9.49,10.51,1256191
1653955200,10.51,10.83,10.05,10.32,1435073.28
1654041600,10.33,10.5,9.11,9.33,1305770.69
1654128000,9.33,9.7,9.17,9.629,976607.22
1654214400,9.627,9.69,8.93,9.177,1897094.16
1654300800,9.177,9.28,8.878,9.246,954670.79
1654387200,9.244,9.381,9.032,9.166,716259.62
1654473600,9.173,9.753,9.142,9.457,1231629.21
1654560000,9.455,9.474,8.549,9.187,3402434.44
1654646400,9.183,9.429,8.67,8.753,1939748.2
1654732800,8.754,9.199,8.647,8.776,2236608.32
1654819200,8.775,8.996,8.004,8.097,2692516.81
1654905600,8.097,8.339,7.35,7.55,2490140.07
1654992000,7.552,7.733,6.914,7.06,3407609.88
1655078400,7.059,7.2,5.861,6.495,4774542.26
1655164800,6.496,6.786,5.94,6.357,2717871.94
1655251200,6.352,7.33,5.913,7.32,3729040.42
1655337600,7.313,7.495,6.168,6.329,2236723.8
1655424000,6.331,6.603,6.239,6.373,1444461.94
1655510400,6.372,6.504,5.546,6.069,2607990.2
1655596800,6.067,6.862,5.843,6.765,1708595.3
1655683200,6.767,6.963,6.473,6.804,1463296.22
1655769600,6.806,7.188,6.656,6.955,1793893.93
1655856000,6.95,7.609,6.562,7.047,3178285.69
1655942400,7.052,8.204,7.051,8.151,2766405.89
1656028800,8.144,8.587,7.942,8.25,1957066.36
1656115200,8.251,8.702,7.981,8.656,1269025.59
1656201600,8.657,8.74,8.009,8.054,1486440
1656288000,8.051,8.596,7.748,7.77,1023311.91
1656374400,7.777,8.017,7.254,7.34,1237238.81
1656460800,7.34,7.503,7.014,7.388,1785538.27
1656547200,7.39,7.641,6.887,7.567,2444085.34
1656633600,7.564,8.362,7.171,8.074,2351433.13
1656720000,8.081,8.346,7.922,8.055,1324358.32
1656806400,8.056,8.3,7.774,8.082,1210624.72
1656892800,8.082,8.932,7.857,8.744,1336494.13
1656979200,8.741,9.304,8.37,8.91,1921609.3
1657065600,8.908,9.444,8.749,8.886,2293054.07
1657152000,8.885,9.609,8.683,9.36,1363685.47
1657238400,9.365,9.749,8.892,8.979,1443711.32
1657324800,8.978,9.361,8.946,8.981,740484.9
1657411200,8.981,8.998,8.503,8.771,728102.22
1657497600,8.783,9.103,8.158,8.164,1529028.04
1657584000,8.165,8.405,7.7,7.792,1609394.34
1657670400,7.796,8.254,7.413,8.218,2402116.47
1657756800,8.22,9.056,8.083,8.981,1956045.38
1657843200,8.982,9.497,8.868,9.058,1447809.71
1657929600,9.058,9.4,8.795,9.237,668520.04
1658016000,9.237,9.361,8.859,8.915,757121.25
1658102400,8.914,9.876,8.868,9.579,1723389.78
1658188800,9.572,10.78,9.234,10.524,2482905.58
1658275200,10.526,10.642,9.584,9.681,1688439.98
1658361600,9.675,11.266,9.616,11.047,3083039.02
1658448000,11.049,11.357,10.319,10.64,1481643.95
1658534400,10.64,11.215,9.753,10.126,1432187.41
1658620800,10.125,10.304,9.891,9.98,817047.14
1658707200,9.977,10.015,8.967,8.973,1585789.52
1658793600,8.98,9.702,8.586,9.227,2024842.28
1658880000,9.23,10.327,9.027,10.316,2285253.7
1658966400,10.319,11.169,10.083,10.858,2006127.05
1659052800,10.87,11.497,10.356,11.171,1779405.54
1659139200,11.174,11.373,10.517,10.71,1447969.28
1659225600,10.71,11.07,10.29,10.357,868825.69
1659312000,10.35,10.794,10.044,10.399,929877.73
1659398400,10.401,10.478,9.764,9.92,1226235.71
1659484800,9.915,10.54,9.644,10.165,832174.67
1659571200,10.166,10.623,10.124,10.359,678615.45
1659657600,10.365,10.997,10.302,10.966,980124.82
1659744000,10.965,11.014,10.57,10.636,377521.24
1659830400,10.629,11.617,10.465,11.37,1313449.49
1659916800,11.37,12.166,11.217,11.817,1269404.75
1660003200,11.816,12.251,11.07,11.389,1038459.22
1660089600,11.388,12.064,10.577,11.986,1412286.38
1660176000,11.984,12.331,11.669,11.749,793144.35
1660262400,11.753,12.098,11.437,12.061,616624.1
1660348800,12.055,12.42,11.844,11.914,439385.61
1660435200,11.918,12.19,11.448,11.592,468388.08
1660521600,11.585,11.956,11.18,11.399,479526.19
1660608000,11.398,11.667,11.172,11.399,505071.62
1660694400,11.399,11.925,11.182,11.75,856495.72
1660780800,11.753,12.299,11.417,11.446,953120.25
1660867200,11.442,11.451,10.15,10.759,1981037.5
1660953600,10.754,10.977,9.97,10.236,847300
1661040000,10.236,10.791,10.212,10.644,630052.39
1661126400,10.648,11.132,10.042,11.09,892266.06
1661212800,11.088,12.348,10.963,12.135,2113461.05
1661299200,12.135,13.445,11.59,13.019,3159803.22
1661385600,13.021,13.331,12.555,12.862,1684808.67
1661472000,12.855,13.126,11.34,11.554,2399260.66
1661558400,11.551,11.551,10.686,11.173,1940542.48
1661644800,11.179,11.377,10.44,10.559,1212169.88
1661731200,10.562,11.734,10.168,11.438,1787891.6
1661817600,11.437,12.161,11.12,11.928,1823673.58
1661904000,11.928,12.351,11.55,11.821,1696204.87
1661990400,11.821,12.855,11.46,12.73,1746635.64
1662076800,12.737,13.084,12.33,12.614,1517757.23
1662163200,12.612,12.898,12.126,12.641,773046.11
1662249600,12.645,13.046,12.399,13.046,639611.68
1662336000,13.043,13.357,12.467,12.633,958228.69
1662422400,12.635,12.992,11.74,11.775,2187473.23
1662508800,11.776,13.248,11.535,12.933,1415467.45
1662595200,12.925,14.15,12.626,13.893,1958872.72
1662681600,13.896,17.106,13.756,16.126,3324966.16
1662768000,16.134,16.413,15.451,15.995,1424324.24
1662854400,15.989,16.315,15.246,15.699,900014.01
1662940800,15.69,16.507,14.994,15.53,1386309.27
1663027200,15.534,16.2,13.691,13.889,2328706
1663113600,13.889,14.45,13.38,13.974,967843.63
1663200000,13.971,15.547,13.227,14.899,2359431.56
1663286400,14.912,16.77,14.594,16.596,1825554.58
1663372800,16.597,16.96,16.044,16.412,990845.3
1663459200,16.413,16.415,14.571,14.707,1086979.87
1663545600,14.707,16.169,14.606,15.618,1800693.52
1663632000,15.616,15.893,13.8,13.903,2474066.75
1663718400,13.9,15.1,12.936,13.395,2852722.47
1663804800,13.393,15,13.25,14.626,1727297.32
1663891200,14.631,15.265,13.439,14.215,1602072.52
1663977600,14.213,14.293,13.556,13.638,639769.61
1664064000,13.631,14.831,13.595,13.976,886146.34
1664150400,13.977,14.892,13.73,13.903,1829706.05
1664236800,13.903,14.73,13.159,13.486,1633938.25
1664323200,13.485,13.582,12.626,12.988,1963866.1
1664409600,12.989,13.068,12.399,12.774,1139611.94
1664496000,12.776,13.245,12.606,13.028,989837.43
1664582400,13.027,13.101,12.482,12.681,395753.79
1664668800,12.683,12.9,11.955,11.995,559382.27
1664755200,11.996,12.957,11.824,12.857,986838.47
1664841600,12.861,13.285,12.75,13.021,595547.55
1664928000,13.013,13.14,12.612,13.009,698379.43
1665014400,13.013,13.458,12.873,13.021,743840.54
1665100800,13.016,13.09,12.647,13.059,727191.08
1665187200,13.057,13.357,12.948,13.15,422676.93
1665273600,13.149,13.274,13.03,13.193,225690.48
1665360000,13.195,13.27,12.302,12.445,451420.42
1665446400,12.428,12.537,12.092,12.174,652573.16
1665532800,12.171,12.216,11.68,11.739,543200.35
1665619200,11.739,11.814,10.554,11.342,1292729.64
1665705600,11.337,12.272,11.297,11.643,844293.78
1665792000,11.65,11.769,11.44,11.517,263101.26
1665878400,11.52,11.85,11.507,11.693,294984.97
1665964800,11.696,12.5,11.636,12.435,681013.52
1666051200,12.435,12.773,12.106,12.524,813129.28
1666137600,12.53,12.642,11.693,11.749,972587.88
1666224000,11.749,12,11.22,11.374,711173.27
1666310400,11.379,11.785,10.914,11.738,574411.28
1666396800,11.733,11.895,11.466,11.718,289069.89
1666483200,11.718,12.138,11.445,12.122,369626.39
1666569600,12.123,12.174,11.579,11.649,812866.11
1666656000,11.649,12.369,11.544,12.011,742368.29
1666742400,12.015,12.561,11.918,12.28,1116226.37
1666828800,12.282,13.238,12.269,12.66,1052741.88
1666915200,12.666,13.823,12.597,13.544,1306750.76
1667001600,13.543,13.85,13.345,13.471,696097.46
1667088000,13.477,14.135,13.304,13.926,870616.76
1667174400,13.928,14.518,13.792,14.319,1395496.13
1667260800,14.322,14.465,13.852,14.082,707319
1667347200,14.085,14.239,13.028,13.3,1098728.64
1667433600,13.295,13.905,13.249,13.506,937782.55
1667520000,13.506,15.187,13.41,15.045,1751946.72
1667606400,15.054,15.817,14.957,15.383,836318.11
1667692800,15.37,15.408,14.421,14.449,609461.32
1667779200,14.444,14.802,13.867,14.274,936749.56
1667865600,14.278,14.446,11.256,12.144,2255989.36
1667952000,12.145,12.317,9.365,9.77,2981112.08
1668038400,9.776,12.5,9.557,12.132,1997659.53
1668124800,12.124,12.373,11.142,11.642,1393771.71
1668211200,11.643,11.674,10.821,10.93,506742.99
1668297600,10.932,11.081,10.027,10.171,677579.1
1668384000,10.173,10.693,9.601,10.318,935096.85
1668470400,10.314,10.875,10.165,10.539,944927.76
1668556800,10.544,10.626,9.95,10.141,864197.65
1668643200,10.136,10.184,9.844,9.906,987774.72
1668729600,9.909,10.235,9.773,9.958,872470.44
1668816000,9.954,10.049,9.72,9.989,359505.43
1668902400,9.983,10.033,9.295,9.336,475101.99
1668988800,9.338,9.345,8.76,9.003,940731.45
1669075200,9.005,9.553,8.717,9.536,911196.06
1669161600,9.537,9.967,9.518,9.924,900854.23
1669248000,9.92,10.217,9.767,10.146,632310.57
1669334400,10.146,10.173,9.752,10.02,549796.15
1669420800,10.023,10.443,9.987,10.1,430965.98
1669507200,10.102,10.329,9.892,9.92,350185.6
1669593600,9.92,9.963,9.426,9.855,596636.62
1669680000,9.851,10.31,9.833,10.175,963037.18
1669766400,10.179,10.634,10.177,10.495,1029269.81
1669852800,10.495,10.578,10.131,10.275,562062.93
1669939200,10.273,10.382,10.122,10.369,359582.55
1670025600,10.366,10.417,9.975,10.024,333469.49
1670112000,10.023,10.289,10.021,10.258,366500.91
1670198400,10.259,10.576,10.144,10.265,584556.3
1670284800,10.265,10.379,9.991,10.162,349340.71
1670371200,10.163,10.185,9.494,9.617,889295.29
1670457600,9.618,9.862,9.47,9.832,401528.56
1670544000,9.835,9.9,9.63,9.76,418664.55
1670630400,9.758,10.384,9.638,9.942,572477.71
1670716800,9.945,9.984,9.516,9.532,325955.19
1670803200,9.529,9.675,9.419,9.626,546712.97
1670889600,9.624,9.889,9.135,9.749,905263.19
1670976000,9.75,10.04,9.521,9.594,669057.81
1671062400,9.601,9.671,9.371,9.428,526213.72
1671148800,9.43,9.524,8.441,8.59,992710.95
1671235200,8.59,8.818,8.476,8.807,472594.85
1671321600,8.809,8.95,8.755,8.868,294900.62
1671408000,8.871,8.945,8.565,8.642,621393.97
1671494400,8.642,9.049,8.544,8.952,587004.81
1671580800,8.953,9.053,8.746,8.863,658629.49
1671667200,8.863,9.01,8.65,8.994,561848.29
1671753600,8.994,9.05,8.879,8.915,345201.74
1671840000,8.918,9.044,8.88,8.96,233494.53
1671926400,8.96,9.119,8.826,9.011,234809.13
1672012800,9.014,9.198,9.007,9.187,281993.72
1672099200,9.189,9.43,9.134,9.214,423334.07
1672185600,9.214,9.273,8.904,9.124,680058.6
1672272000,9.125,9.396,9.016,9.328,619616.31
1672358400,9.325,9.398,9.21,9.375,549376.67
1672444800,9.378,9.47,9.259,9.348,402238.11
1672531200,9.348,9.474,9.292,9.456,280300.67
1672617600,9.46,10.055,9.38,9.812,665200.72
1672704000,9.811,10.35,9.752,10.153,612571.24
1672790400,10.152,10.457,10.041,10.191,713390.52
1672876800,10.192,10.23,9.984,10.078,412640.63
1672963200,10.077,10.298,9.903,10.253,562565.03
1673049600,10.258,10.37,10.135,10.195,315047.39
1673136000,10.196,10.63,9.98,10.549,545198.03
1673222400,10.555,11.519,10.513,11.107,1629651.24
1673308800,11.106,11.353,10.851,11.331,1032680.53
1673395200,11.329,11.91,11.053,11.861,932074.56
1673481600,11.86,12.359,11.53,12.271,1523618.28
1673568000,12.269,12.518,11.909,12.403,1091657.66
1673654400,12.395,13.433,12.13,12.88,2243057.35
1673740800,12.883,13.085,12.372,12.78,846373.91
1673827200,12.78,13.066,12.027,12.344,1602216.77
1673913600,12.343,12.636,12.05,12.157,873934.74
1674000000,12.149,12.537,11.4,11.535,990047.95
1674086400,11.526,12.094,11.526,12.014,464409.12
1674172800,12.009,13.273,11.928,13.141,1095220.86
1674259200,13.14,13.616,12.888,13.094,868678.7
1674345600,13.086,13.78,12.802,13.325,989083.89
1674432000,13.321,13.571,12.85,13.067,1003858.04
1674518400,13.07,13.381,12.36,12.451,850377.41
1674604800,12.445,13.75,12.144,13.582,1063530.36
1674691200,13.591,13.683,12.823,13.109,1163087.05
1674777600,13.106,13.6,12.607,13.533,935972.27
1674864000,13.53,13.9,13.038,13.223,785067.01
1674950400,13.22,13.955,13.018,13.809,561113.76
1675036800,13.807,13.989,12.784,13.072,754292.3
1675123200,13.068,13.496,13.029,13.366,514866.37
1675209600,13.362,14.933,13.267,14.928,2101706.63
1675296000,14.927,15.215,14.226,14.408,1046229.57
1675382400,14.417,15.444,14.374,14.992,1082316.69
1675468800,14.991,15.086,14.576,14.666,503340.12
1675555200,14.667,14.811,14.08,14.747,576732.55
1675641600,14.747,14.898,13.99,14.136,696197
1675728000,14.137,15.053,14.104,14.949,709070.1
1675814400,14.954,15.378,14.57,15.146,963977.14
1675900800,15.152,15.35,13.158,13.532,1357148.62
1675987200,13.53,14.004,13.423,13.694,1061557.61
1676073600,13.692,13.794,13.418,13.754,343345.22
1676160000,13.755,13.949,13.388,13.545,310307.58
1676246400,13.545,13.545,12.678,13.136,856288.74
1676332800,13.139,13.607,12.791,13.401,854887.4
1676419200,13.398,14.306,13.23,14.301,800312.45
1676505600,14.299,14.404,13.381,13.426,1237979.51
1676592000,13.434,14.331,13.347,14.171,921559.58
1676678400,14.171,14.482,13.927,14.293,605058.01
1676764800,14.293,14.779,13.959,14.135,736529.89
1676851200,14.132,14.596,13.807,14.422,693174.12
1676937600,14.421,14.621,13.611,13.868,713470.55
1677024000,13.865,14.021,13.2,13.59,586769.54
1677110400,13.589,13.94,13.462,13.744,425710.94
1677196800,13.744,13.852,12.85,13.071,620192.96
1677283200,13.073,13.211,12.471,12.836,472667.74
1677369600,12.835,13.097,12.77,12.955,326580.68
1677456000,12.956,13.099,12.584,12.787,429657.22
1677542400,12.786,12.804,12.121,12.276,569277.98
1677628800,12.28,12.952,12.22,12.784,745271.62
1677715200,12.785,12.868,12.156,12.461,349842.78
1677801600,12.461,12.472,11.56,12.013,578057.94
1677888000,12.012,12.08,11.64,11.844,117101.54
1677974400,11.845,12.267,11.827,12.02,346301.25
1678060800,12.017,12.22,11.841,11.973,377965.19
1678147200,11.973,12.082,11.44,11.75,545825.67
1678233600,11.754,11.817,10.847,10.951,704433.38
1678320000,10.95,11.06,10.443,11.04,1171123.86
1678406400,11.041,11.393,10.302,11.18,1105472.16
1678492800,11.18,11.521,10.661,11.099,1237570.36
1678579200,11.1,11.822,10.968,11.787,705526.71
1678665600,11.787,12.284,11.296,12.033,1148579.5
1678752000,12.027,13.53,11.915,13.087,1573802.07
1678838400,13.088,13.413,11.604,12.459,1264082.94
1678924800,12.459,13.005,12.305,12.836,1077639.85
1679011200,12.835,13.287,12.63,13.189,1245600.32
1679097600,13.187,13.459,12.071,12.252,2438023.77
1679184000,12.249,13.128,12.075,12.348,1259344.84
1679270400,12.355,12.479,11.508,11.581,1604411.43
1679356800,11.58,12.207,11.276,11.948,1393155
1679443200,11.948,12.033,10.949,11.358,1297519.6
1679529600,11.356,11.975,11.258,11.703,1172917.44
1679616000,11.703,11.739,11,11.205,903124.77
1679702400,11.207,11.344,10.929,11.093,566448.89
1679788800,11.096,11.478,11.039,11.337,353858.45
1679875200,11.341,11.365,10.617,10.843,565939.94
1679961600,10.835,11.418,10.685,11.22,770245.2
1680048000,11.227,11.556,11.102,11.429,3145744.78
1680134400,11.434,11.566,10.921,11.151,917070.77
1680220800,11.149,11.387,10.986,11.179,1067861.99
1680307200,11.178,11.5,11.043,11.393,1018048.77
1680393600,11.394,11.595,10.97,11.13,361119.03
1680480000,11.133,11.267,10.679,11.152,546086.36
1680566400,11.151,11.435,11.035,11.288,480918.6
1680652800,11.283,11.601,11.134,11.522,548598.72
1680739200,11.524,11.638,11.237,11.339,351170.58
1680825600,11.337,11.362,10.92,11.057,366044.21
1680912000,11.054,11.2,10.877,10.969,165336.48
1680998400,10.969,11.098,10.871,11.038,211623.58
1681084800,11.036,11.24,10.917,11.19,468894.09
1681171200,11.188,11.415,11.127,11.275,413459.23
1681257600,11.278,11.367,10.931,11.324,529032.24
1681344000,11.328,12.01,11.249,11.818,571984.79
1681430400,11.816,12.473,11.804,12.268,797130.21
1681516800,12.267,12.499,12.055,12.381,416322.59
1681603200,12.384,12.911,12.378,12.669,558804.31
1681689600,12.677,12.95,12.318,12.361,574691.95
1681776000,12.36,12.774,12.164,12.562,378982.71
1681862400,12.563,12.593,11.51,11.7,598634.71
1681948800,11.698,12.128,11.274,11.391,561581.72
1682035200,11.39,11.489,10.637,10.808,686146.51
1682121600,10.8,11.059,10.696,11.042,231701.87
1682208000,11.045,11.055,10.612,10.844,163383.32
1682294400,10.842,10.991,10.65,10.908,272619.32
1682380800,10.907,11.09,10.657,11.053,274642.65
1682467200,11.052,11.398,10.191,10.939,485180.25
1682553600,10.947,11.788,10.885,11.527,525610.69
1682640000,11.526,11.779,11.285,11.72,292005.3
1682726400,11.734,11.832,11.541,11.713,203719.41
1682812800,11.718,11.964,11.452,11.512,213842.11
1682899200,11.52,11.576,10.835,11.002,396639.17
1682985600,11.006,11.116,10.886,11.037,218366.08
1683072000,11.037,11.166,10.75,11.1,285011.37
1683158400,11.101,11.286,10.894,10.988,252933.3
1683244800,10.988,11.316,10.96,11.227,204239.13
1683331200,11.228,11.298,10.777,10.86,210772.52
1683417600,10.861,11.097,10.797,11,134776
1683504000,10.985,11.162,10.5,10.6,654124.84
1683590400,10.6,10.722,10.184,10.385,317141.73
1683676800,10.385,11.138,10.22,10.998,553501.89
1683763200,10.996,11.084,10.53,11.029,375574.61
1683849600,11.029,11.285,10.72,11.161,443969.86
1683936000,11.158,11.174,10.823,10.892,229570.45
1684022400,10.887,11.109,10.813,10.924,181991.24
1684108800,10.92,11.112,10.737,10.798,256467.71
1684195200,10.802,11,10.696,10.892,208560.93
1684281600,10.89,11.08,10.722,10.935,249403.98
1684368000,10.935,11.003,10.5,10.734,393215.81
1684454400,10.739,10.746,10.423,10.618,213331.03
1684540800,10.616,10.645,10.522,10.612,91824.03
1684627200,10.612,10.624,10.414,10.473,109330.95
1684713600,10.472,10.584,10.323,10.487,150115
1684800000,10.486,10.624,10.45,10.525,315387.2
1684886400,10.523,10.532,10.2,10.416,249730.33
1684972800,10.416,10.57,10.233,10.478,347822.16
1685059200,10.478,10.609,10.419,10.539,244010.19
1685145600,10.538,10.606,10.459,10.55,171845.61
1685232000,10.551,10.964,10.515,10.942,420031.76
1685318400,10.942,10.983,10.707,10.757,259614.62
1685404800,10.756,10.906,10.728,10.836,241302.5
1685491200,10.836,10.886,10.423,10.457,415207.09
1685577600,10.456,10.49,10.223,10.336,473538.49
1685664000,10.334,10.672,10.25,10.659,260824.52
1685750400,10.66,10.773,10.551,10.704,172614.17
1685836800,10.708,10.857,10.661,10.754,186155.91
1685923200,10.753,10.826,9.875,10.013,622726.28
1686009600,10.011,10.283,9.808,10.151,444802.69
1686096000,10.149,10.178,9.338,9.437,903468.63
1686182400,9.439,9.631,9.334,9.441,266427.57
1686268800,9.438,9.475,9.147,9.173,370575.05
1686355200,9.176,9.179,7.311,8.248,1076886.07
1686441600,8.248,8.519,8.12,8.445,302341.51
1686528000,8.449,8.841,8.265,8.742,330566.68
1686614400,8.74,8.95,8.537,8.65,241354.26
1686700800,8.646,8.843,8.375,8.501,282755.48
1686787200,8.503,8.763,8.402,8.658,286840.94
1686873600,8.656,8.935,8.546,8.764,208504.77
1686960000,8.762,8.985,8.685,8.898,168287.78
1687046400,8.902,8.929,8.48,8.565,141211.44
1687132800,8.561,8.633,8.353,8.605,162955.28
1687219200,8.601,8.8,8.263,8.772,283702.06
1687305600,8.772,9.131,8.748,9.044,387200.49
1687392000,9.042,9.418,8.991,9.006,312543.79
1687478400,9.001,9.434,8.991,9.316,348533.96
1687564800,9.314,9.49,9.096,9.393,218376
1687651200,9.395,9.749,9.361,9.458,259659.45
1687737600,9.458,9.518,9.096,9.188,301596.96
1687824000,9.189,9.451,9.166,9.43,192863.35
1687910400,9.427,9.429,8.939,9.127,324093.32
1687996800,9.124,9.437,8.972,8.972,257475.38
1688083200,8.973,9.434,8.743,9.288,514737.4
1688169600,9.287,9.576,9.153,9.565,205613.18
1688256000,9.569,9.6,9.334,9.6,183163.19
1688342400,9.6,10.103,9.57,9.945,382140.76
1688428800,9.945,9.964,9.625,9.689,188942.16
1688515200,9.689,9.884,9.252,9.397,391536.28
1688601600,9.395,9.651,9.101,9.175,256634.48
1688688000,9.178,9.379,9.113,9.169,228884.29
1688774400,9.173,9.308,9.089,9.215,150066.22
1688860800,9.213,9.622,9.192,9.43,202727.91
1688947200,9.429,9.437,9.179,9.247,326242.43
1689033600,9.244,9.365,9.152,9.2,162857.1
1689120000,9.199,9.292,8.957,9.069,302508.41
1689206400,9.069,9.916,8.939,9.894,696280
1689292800,9.894,10.3,9.432,9.791,769652.34
1689379200,9.796,9.991,9.64,9.712,288990.01
1689465600,9.712,9.733,9.341,9.404,284778.06
1689552000,9.398,9.609,9.167,9.439,391773.51
1689638400,9.439,9.524,9.099,9.294,208074.96
1689724800,9.291,9.419,9.12,9.187,242740.91
1689811200,9.183,9.597,9.15,9.374,286978.63
1689897600,9.376,9.54,9.3,9.431,301989.52
1689984000,9.425,9.575,9.184,9.263,241500.65
1690070400,9.267,9.363,9.226,9.278,233870.62
1690156800,9.278,9.296,8.854,9.009,282479.52
1690243200,9.009,9.063,8.9,8.956,233406.6
1690329600,8.954,9.171,8.79,8.988,318305.09
1690416000,8.985,9.102,8.849,8.913,271736.09
1690502400,8.913,9.066,8.854,9.026,164658.57
1690588800,9.024,9.095,8.984,9.076,123779.76
1690675200,9.08,9.102,8.85,9.006,159386.83
1690761600,9.005,9.114,8.75,8.859,227681.96
1690848000,8.861,8.998,8.6,8.991,471314.47
1690934400,8.991,9.031,8.595,8.707,430079.62
1691020800,8.707,8.773,8.589,8.613,196461.17
1691107200,8.61,8.679,8.284,8.469,525925.7
1691193600,8.467,8.534,8.355,8.501,146316.44
1691280000,8.504,8.573,8.439,8.475,109044.7
1691366400,8.475,8.58,8.26,8.494,181893.73
1691452800,8.494,8.667,8.435,8.518,397111.28
1691539200,8.519,8.67,8.426,8.538,263795.22
1691625600,8.538,8.561,8.393,8.406,263660.71
1691712000,8.411,8.456,8.267,8.338,291779.81
1691798400,8.34,8.436,8.329,8.418,83536.54
1691884800,8.418,8.504,8.338,8.368,117397.5
1691971200,8.368,8.566,8.321,8.508,175799.95
1692057600,8.511,8.54,7.816,8.101,281517.5
1692144000,8.101,8.362,7.588,7.798,358676.19
1692230400,7.798,8.208,7.151,7.394,617772.31
1692316800,7.397,7.693,7.364,7.571,304850
1692403200,7.573,7.734,7.5,7.703,113714.36
1692489600,7.704,7.902,7.69,7.867,149073.11
1692576000,7.865,7.883,7.41,7.544,254275.9
1692662400,7.544,7.57,7.101,7.399,377742.97
1692748800,7.4,7.524,7.3,7.427,190534.01
1692835200,7.428,7.453,7.09,7.202,191887.43
1692921600,7.203,7.269,7.027,7.245,176210.97
1693008000,7.243,7.258,7.132,7.153,108164.68
1693094400,7.152,7.209,7.09,7.179,106889.87
1693180800,7.176,7.279,7.05,7.261,163264.9
1693267200,7.263,7.52,7.109,7.447,254424.01
1693353600,7.449,7.459,7.179,7.223,162996.95
1693440000,7.22,7.268,6.8,6.922,211898.41
1693526400,6.919,6.975,6.64,6.662,290923.39
1693612800,6.661,6.834,6.629,6.829,113579.67
1693699200,6.83,6.879,6.757,6.805,159613.96
1693785600,6.812,6.92,6.666,6.723,200313.2
1693872000,6.728,6.849,6.665,6.811,116658.06
1693958400,6.812,6.92,6.691,6.89,206151.11
1694044800,6.889,6.988,6.802,6.95,181526.72
1694131200,6.949,7.057,6.772,6.834,231971.71
1694217600,6.834,6.927,6.806,6.85,119276.12
1694304000,6.851,6.854,6.503,6.659,239662.41
1694390400,6.655,6.683,6.281,6.371,437853.23
1694476800,6.365,6.555,6.338,6.381,291308.51
1694563200,6.376,6.58,6.36,6.539,325986.54
1694649600,6.539,6.916,6.501,6.837,247829.23
1694736000,6.837,7.053,6.758,6.932,277065.23
1694822400,6.936,7.174,6.936,7.146,161363.68
1694908800,7.148,7.173,6.9,6.945,208874.51
1694995200,6.946,7.492,6.844,7.385,303553.45
1695081600,7.385,7.88,7.2,7.504,338852.96
1695168000,7.505,7.516,7.183,7.293,169166.63
1695254400,7.293,7.509,7.15,7.15,237417.99
1695340800,7.15,7.238,7.024,7.133,222965.93
1695427200,7.129,7.199,7.051,7.085,91380.31
1695513600,7.083,7.14,6.96,6.981,79845.64
1695600000,6.982,7.076,6.901,7.036,175365.64
1695686400,7.035,7.092,6.867,6.952,167776.89
1695772800,6.953,7.125,6.887,6.967,163336.3
1695859200,6.965,7.194,6.931,7.104,153134.38
1695945600,7.107,7.194,7.071,7.101,138778.2
1696032000,7.1,7.299,7.089,7.238,135909.88
1696118400,7.235,7.661,7.177,7.565,276027.46
1696204800,7.572,7.587,7.099,7.147,303472.19
1696291200,7.146,7.278,7.032,7.065,175549.43
1696377600,7.062,7.069,6.859,6.962,172156.65
1696464000,6.96,6.996,6.772,6.834,153295.72
1696550400,6.835,6.966,6.812,6.911,161761.92
1696636800,6.913,6.999,6.872,6.97,97570.99
1696723200,6.967,6.995,6.854,6.948,105617.3
1696809600,6.944,6.962,6.57,6.831,189928.71
1696896000,6.833,7.331,6.6,6.683,459879.55
1696982400,6.674,7.134,6.483,6.703,291685.29
1697068800,6.697,6.731,6.371,6.584,677334.58
1697155200,6.584,6.643,6.502,6.565,187675.11
1697241600,6.564,6.659,6.557,6.582,95564.57
1697328000,6.58,6.685,6.525,6.601,234701.99
1697414400,6.599,6.806,6.562,6.628,271235.5
1697500800,6.628,6.632,6.381,6.446,247910.75
1697587200,6.444,6.482,6.244,6.291,451544.86
1697673600,6.289,6.289,6.163,6.267,269717.14
1697760000,6.265,6.485,6.249,6.412,260614.01
1697846400,6.408,6.699,6.364,6.634,207874.56
1697932800,6.634,6.765,6.509,6.756,233946.03
1698019200,6.761,7.06,6.616,7.033,451610.63
1698105600,7.034,7.31,6.746,7,729631.51
1698192000,7.001,7.226,6.859,7.119,569202.45
1698278400,7.12,7.38,6.907,7.167,700773.05
1698364800,7.166,7.177,6.901,7.027,371302.31
1698451200,7.023,7.223,7.022,7.184,218211.14
1698537600,7.182,7.392,7.046,7.312,246700.98
1698624000,7.322,8.147,7.208,8.108,558329.46
1698710400,8.113,8.248,7.647,7.931,914927.85
1698796800,7.926,8.034,7.541,7.888,926316.19
1698883200,7.901,8.101,7.53,7.833,635810.25
1698969600,7.835,7.835,7.52,7.753,577052.14
1699056000,7.753,8.25,7.709,8.1,580508.08
1699142400,8.101,8.55,8.053,8.367,632960.61
1699228800,8.366,8.767,8.313,8.739,901236.78
1699315200,8.741,8.751,8.13,8.469,785024.49
1699401600,8.469,8.757,8.373,8.647,738743.73
1699488000,8.654,9.062,8.4,9.024,1344203.92
1699574400,9.029,9.541,8.93,9.182,725089.56
1699660800,9.19,9.45,8.868,9.247,481301.89
1699747200,9.244,9.718,8.88,9.535,569191.16
1699833600,9.533,10.567,9.173,9.175,1556660.67
1699920000,9.177,9.405,8.65,9.12,1166851.9
1700006400,9.118,9.788,8.952,9.655,1080437.38
1700092800,9.661,10.225,9.44,9.595,1171127.52
1700179200,9.595,10.22,9.047,9.396,594717.57
1700265600,9.396,9.418,8.875,9.233,340158.68
1700352000,9.239,9.44,8.967,9.378,352886.74
1700438400,9.375,9.553,8.886,8.976,331708.05
1700524800,8.974,9.083,8.2,8.206,693334.16
1700611200,8.201,8.927,8.182,8.811,327630.57
1700697600,8.812,9.082,8.66,8.746,230070.38
1700784000,8.75,9.09,8.718,8.91,298414.77
1700870400,8.912,9.679,8.851,9.496,465213.12
1700956800,9.501,10.2,9.271,9.918,954896.67
1701043200,9.922,9.949,8.965,9.306,589434.03
1701129600,9.308,9.363,8.792,9.257,723210.9
1701216000,9.262,9.329,9.017,9.224,366297.07
1701302400,9.224,9.382,9.129,9.249,467048.88
1701388800,9.25,9.473,9.182,9.471,315150.8
1701475200,9.472,9.705,9.398,9.64,331039.25
1701561600,9.641,9.655,9.358,9.544,236669.49
1701648000,9.545,9.878,9.26,9.776,770380.72
1701734400,9.777,9.934,9.483,9.893,520255.57
1701820800,9.896,10.287,9.706,9.749,668987.31
1701907200,9.746,10.041,9.55,9.907,545585.09
1701993600,9.908,10.77,9.83,10.409,819488.5
1702080000,10.41,11.339,10.384,10.471,1271320.35
1702166400,10.473,10.704,10.113,10.691,828120.03
1702252800,10.695,10.705,9.456,9.858,997339.49
1702339200,9.854,12.419,9.826,11.727,2248088.16
1702425600,11.732,11.912,10.738,11.665,1725296.4
1702512000,11.664,11.926,11.037,11.529,956836.08
1702598400,11.539,11.548,10.829,10.889,755281.99
1702684800,10.881,12.085,10.689,12.032,949810.67
1702771200,12.032,12.063,11.058,11.099,576840.18
1702857600,11.09,11.143,10.207,10.9,738496
1702944000,10.901,11.022,10.281,10.421,654144.82
1703030400,10.415,10.898,10.241,10.667,623575.34
1703116800,10.663,11.514,10.49,11.401,1023311.1
1703203200,11.408,11.759,10.975,11.4,634661.62
1703289600,11.41,11.431,11.05,11.335,402625.75
1703376000,11.346,11.755,11.072,11.24,638628.13
1703462400,11.239,12.056,11.02,11.892,682241.64
1703548800,11.908,12.579,11.07,11.634,1026791.15
1703635200,11.638,12.1,11.153,11.968,514962.4
1703721600,11.97,12.223,11.3,11.401,640603.96
1703808000,11.4,11.546,10.706,10.988,940425.88
1703894400,10.986,11.029,10.568,10.754,351455.23
1703980800,10.749,10.976,10.352,10.601,325132.5
1704067200,10.596,11.211,10.45,11.21,403057.94
1704153600,11.211,11.429,10.924,10.967,532335.48
1704240000,10.963,11.384,9.601,9.926,803083.03
1704326400,9.925,10.363,9.753,10.275,639002.57
1704412800,10.283,10.758,9.746,10.335,622125.3
1704499200,10.333,10.415,9.54,9.831,492118.69
1704585600,9.828,9.917,9.317,9.414,365838.45
1704672000,9.42,9.995,8.9,9.962,420849.65
1704758400,9.961,10.065,9.384,9.667,491843.42
1704844800,9.667,10.63,9.358,10.392,646261.72
1704931200,10.392,11,10.232,10.659,740661.19
1705017600,10.657,10.946,9.603,9.961,665183.92
1705104000,9.963,10.338,9.657,10.204,242803.76
1705190400,10.204,10.567,9.95,9.985,332423.02
1705276800,9.988,10.314,9.963,10.173,291261.12
1705363200,10.182,10.573,10.05,10.281,398486.36
1705449600,10.29,10.348,10.023,10.146,358309.11
1705536000,10.144,10.25,9.53,9.693,371965.24
1705622400,9.694,9.881,9.265,9.706,282261.34
1705708800,9.705,9.844,9.59,9.835,138962.4
1705795200,9.834,9.939,9.616,9.644,90121.31
1705881600,9.643,9.672,9.032,9.167,300148.57
1705968000,9.168,9.331,8.7,9.22,428118.22
1706054400,9.218,9.45,9.136,9.342,188419.09
1706140800,9.338,9.356,9.049,9.227,185717.91
1706227200,9.23,9.745,9.16,9.63,167820.51
1706313600,9.629,9.733,9.431,9.67,238826.39
1706400000,9.671,9.766,9.345,9.43,558625.85
1706486400,9.428,9.693,9.381,9.659,303505.65
1706572800,9.663,9.72,9.309,9.409,400491.72
1706659200,9.407,9.44,9.01,9.098,537411.58
1706745600,9.1,9.227,8.96,9.132,652079.92
1706832000,9.135,9.274,9.085,9.164,521591.82
1706918400,9.165,9.212,9.041,9.046,128583
1707004800,9.047,9.108,8.932,8.965,119748.65
1707091200,8.959,9.169,8.836,9.049,135527.15
1707177600,9.053,9.226,9.024,9.125,410266.12
1707264000,9.124,9.664,9.117,9.596,347021.27
1707350400,9.599,9.733,9.444,9.648,409691.19
1707436800,9.648,10.199,9.618,10.026,516926.21
1707523200,10.028,10.1,9.912,9.972,165926.37
1707609600,9.977,10.262,9.65,9.744,416764.14
1707696000,9.746,10.031,9.399,9.916,448350.52
1707782400,9.913,10.385,9.872,10.289,882693.2
1707868800,10.3,10.49,10.063,10.254,528633.86
1707955200,10.258,10.493,10.093,10.342,600072.01
1708041600,10.342,10.484,10.001,10.244,308667.37
1708128000,10.242,10.338,9.882,10.276,228297.47
1708214400,10.277,10.649,10.203,10.593,203474.23
1708300800,10.599,11.1,10.482,10.735,748126.53
1708387200,10.733,10.757,10,10.37,467030.71
1708473600,10.368,10.371,9.736,9.98,618251.35
1708560000,9.978,10.042,9.708,9.78,822049.07
1708646400,9.79,10.049,9.69,9.948,239006.64
1708732800,9.957,10.577,9.764,10.419,447487.28
1708819200,10.416,10.447,10.212,10.374,182251.7
1708905600,10.379,11.176,10.267,11.144,695520.64
1708992000,11.145,11.508,10.812,11.214,792577.87
1709078400,11.219,11.731,10.681,11.411,880274.04
1709164800,11.411,12.239,11.01,11.282,954103.55
1709251200,11.285,11.672,11.209,11.654,404637.37
1709337600,11.659,12.212,11.607,12.212,493114.37
1709424000,12.208,12.288,11.25,12.166,493216.26
1709510400,12.166,12.854,12.081,12.492,1125314.9
1709596800,12.5,13,10.973,12.015,1085037.4
1709683200,12.016,14.5,11.543,14.235,955630.79
1709769600,14.235,14.505,13.544,13.917,891411.81
1709856000,13.918,14.024,12.85,13.444,1196349.24
1709942400,13.431,13.927,13.331,13.373,476081.13
1710028800,13.374,13.575,12.886,13.185,358768.33
1710115200,13.18,13.868,12.631,13.707,681361.84
1710201600,13.716,13.833,12.655,13.415,514137.96
1710288000,13.41,14.147,13.27,14.126,549501.54
1710374400,14.12,14.274,12.903,13.681,638364.5
1710460800,13.678,13.838,11.82,12.638,843545.45
1710547200,12.635,12.865,11.601,11.917,505842.63
1710633600,11.923,12.385,11.49,12.265,404654.31
1710720000,12.257,12.433,11.54,11.725,346797.8
1710806400,11.722,11.836,10.634,10.884,606492.83
1710892800,10.881,11.792,10.691,11.754,424554.14
1710979200,11.741,11.975,11.51,11.635,340295.18
1711065600,11.63,11.836,11.096,11.419,339552.99
1711152000,11.419,11.638,11.238,11.342,179824.95
1711238400,11.333,11.673,11.278,11.609,198320.61
1711324800,11.613,12.3,11.534,12.185,458953.08
1711411200,12.185,12.38,11.932,12.21,460037.3
1711497600,12.217,13.04,11.773,12.624,685531.87
1711584000,12.621,12.652,12.156,12.29,465752.16
1711670400,12.29,12.623,12.05,12.526,421259.09
1711756800,12.522,12.848,12.229,12.265,254772.11
1711843200,12.261,12.4,12.15,12.293,219216.75
1711929600,12.29,12.392,11.386,11.634,399078.54
1712016000,11.636,11.639,10.818,10.966,418547.74
1712102400,10.967,11.241,10.652,10.826,327176.92
1712188800,10.826,11.3,10.662,11.019,283816.31
1712275200,11.017,11.06,10.646,10.901,278365.44
1712361600,10.897,11.182,10.847,11.105,114459.17
1712448000,11.103,11.237,10.934,11.077,229934.71
1712534400,11.077,11.411,10.91,11.298,359585
1712620800,11.301,11.32,10.764,10.834,318946.12
1712707200,10.833,10.877,10.339,10.816,384702.01
1712793600,10.817,10.945,10.585,10.758,238038.67
1712880000,10.757,10.896,8.75,9.383,911586.62
1712966400,9.374,9.374,7.271,8.094,877600.85
1713052800,8.082,8.545,7.781,8.343,652689.14
1713139200,8.336,8.743,7.869,8.136,598172.19
1713225600,8.132,8.252,7.785,8.174,381455.8
1713312000,8.169,8.283,7.793,8.044,341814.02
1713398400,8.043,8.327,7.877,8.202,321510.67
1713484800,8.202,8.371,7.605,8.151,547108.97
1713571200,8.155,8.698,8.105,8.683,217380.17
1713657600,8.679,8.821,8.492,8.755,223971.56
1713744000,8.757,9.026,8.67,8.92,302288.25
1713830400,8.919,9.208,8.667,8.696,312991.52
1713916800,8.702,8.884,8.319,8.403,210503.21
1714003200,8.403,8.499,8.208,8.321,213454.25
1714089600,8.321,8.397,8.13,8.297,213977.76
1714176000,8.302,8.473,7.99,8.395,236960.67
1714262400,8.394,8.517,8.156,8.2,211170.18
1714348800,8.194,8.253,7.928,8.151,305140.64
1714435200,8.148,8.58,7.635,8.441,504649.75
1714521600,8.437,8.794,8.066,8.732,815634.49
1714608000,8.729,9.064,8.579,8.643,482793.67
1714694400,8.65,8.917,8.539,8.763,292644.79
1714780800,8.766,8.839,8.649,8.691,193935.29
1714867200,8.691,9.407,8.61,9.331,264591.79
1714953600,9.332,9.51,9.18,9.208,317611.32
1715040000,9.208,9.391,8.927,8.939,299636.08
1715126400,8.937,9.334,8.847,9.082,249886.9
1715212800,9.086,9.3,8.831,9.124,312199.53
1715299200,9.122,9.17,8.611,8.641,199016.39
1715385600,8.642,8.758,8.49,8.504,120867.01
1715472000,8.501,8.662,8.463,8.479,90898.16
1715558400,8.472,8.675,8.263,8.396,189325.6
1715644800,8.383,8.448,8.109,8.125,179006.79
1715731200,8.129,8.536,7.99,8.439,431951.64
1715817600,8.433,8.54,8.266,8.534,258029.61
1715904000,8.534,8.775,8.452,8.656,346637.15
1715990400,8.659,8.736,8.551,8.605,172021.5
1716076800,8.604,8.606,8.163,8.208,176357.17
1716163200,8.206,8.966,8.111,8.918,382710.55
1716249600,8.922,9.043,8.698,8.781,290984.06
1716336000,8.786,8.827,8.453,8.559,317270.26
1716422400,8.556,8.638,8.009,8.359,432206.75
1716508800,8.355,8.485,8.196,8.457,167498.97
1716595200,8.453,8.543,8.397,8.493,133536.94
1716681600,8.485,8.513,8.312,8.399,98660.2
1716768000,8.399,8.725,8.387,8.691,211638.78
1716854400,8.688,8.83,8.453,8.714,204391.5
1716940800,8.721,8.9,8.61,8.624,247036.76
1717027200,8.624,8.716,8.39,8.541,164533.49
1717113600,8.54,8.54,8.234,8.291,163772.91
1717200000,8.295,8.371,8.249,8.317,91959.23
1717286400,8.317,8.392,8.168,8.292,140893.99
1717372800,8.292,8.5,8.237,8.337,161642.15
1717459200,8.336,8.546,8.29,8.537,145953.11
1717545600,8.54,8.737,8.497,8.691,138486.98
1717632000,8.699,8.808,8.568,8.616,182428.33
1717718400,8.615,8.7,7.51,8.1,494401.21
1717804800,8.098,8.117,7.712,7.757,344145.14
1717891200,7.754,7.948,7.726,7.883,149220.51
1717977600,7.883,7.927,7.716,7.849,183849.38
1718064000,7.857,7.857,7.371,7.52,262250.77
1718150400,7.516,7.889,7.405,7.774,165054.75
1718236800,7.771,7.797,7.368,7.441,146868.89
1718323200,7.443,7.498,6.964,7.112,285674.66
1718409600,7.113,7.211,7.088,7.142,110336.72
1718496000,7.143,7.244,7.048,7.216,104270.37
1718582400,7.22,7.239,6.767,6.996,297530.25
1718668800,6.996,7.019,6.26,6.686,405867.59
1718755200,6.686,6.96,6.636,6.893,197442.58
1718841600,6.896,7.113,6.815,6.837,156287.83
1718928000,6.837,6.926,6.752,6.785,170767.31
1719014400,6.782,6.805,6.711,6.743,85312.89
1719100800,6.741,6.843,6.616,6.691,108260.17
1719187200,6.688,6.856,6.4,6.836,307366.57
1719273600,6.834,7.046,6.821,6.942,208613.55
1719360000,6.937,6.978,6.738,6.79,176116.69
1719446400,6.787,7.102,6.713,6.956,212453.83
1719532800,6.952,7.015,6.708,6.716,295277.76
1719619200,6.714,6.876,6.576,6.594,258722.87
1719705600,6.593,6.74,6.541,6.726,123731.35
1719792000,6.727,6.843,6.68,6.806,188655.76
1719878400,6.805,6.966,6.776,6.8,264835.59
1719964800,6.803,6.853,6.276,6.372,301158.72
1720051200,6.376,6.394,5.985,5.992,352441.02
1720137600,5.991,5.994,5.055,5.705,628747.28
1720224000,5.705,6.167,5.676,6.077,225784.14
1720310400,6.074,6.101,5.765,5.792,166842.22
1720396800,5.796,6.225,5.587,5.831,309869.64
1720483200,5.825,5.975,5.777,5.94,188923.77
1720569600,5.936,6.078,5.843,6.039,223551.45
1720656000,6.042,6.17,5.921,5.937,176340.33
1720742400,5.937,6.158,5.869,6.153,138144.2
1720828800,6.157,6.273,6.124,6.208,104452.2
1720915200,6.207,6.273,6.1,6.229,100546.3
1721001600,6.233,6.515,6.221,6.508,221597.37
1721088000,6.505,6.653,6.26,6.615,310206.28
1721174400,6.616,6.802,6.477,6.48,228025.37
1721260800,6.483,6.581,6.239,6.308,349842.54
1721347200,6.31,6.561,6.184,6.504,181012.91
1721433600,6.504,6.59,6.435,6.523,122906.87
1721520000,6.524,6.55,6.219,6.535,190403.38
1721606400,6.535,6.579,6.24,6.272,330582.87
1721692800,6.268,6.33,6.07,6.172,206398.94
1721779200,6.164,6.304,5.983,6.027,178050.96
1721865600,6.025,6.045,5.695,5.923,311621.73
1721952000,5.922,6.193,5.911,6.172,219999.15
1722038400,6.172,6.385,6.13,6.342,210582.21
1722124800,6.342,6.395,6.181,6.22,129834.51
1722211200,6.221,6.374,6.1,6.109,194451.01
1722297600,6.106,6.192,5.947,6,126206.76
1722384000,6.004,6.081,5.779,5.804,235692.1
1722470400,5.804,5.867,5.485,5.777,309525.91
1722556800,5.775,5.803,5.217,5.354,305211.69
1722643200,5.353,5.412,5.001,5.125,348848.83
1722729600,5.126,5.214,4.808,5.048,429583.59
1722816000,5.057,5.097,4.056,4.642,985051.02
1722902400,4.642,4.976,4.641,4.909,239505.65
1722988800,4.904,5.05,4.739,4.838,282456.73
1723075200,4.838,5.18,4.743,5.15,597335.69
1723161600,5.145,5.145,4.936,5.087,262399.19
1723248000,5.085,5.25,5.02,5.209,313908.7
1723334400,5.209,5.245,4.87,4.902,516385.83
1723420800,4.909,5.158,4.9,5.077,239919.82
1723507200,5.076,5.082,4.896,5.008,153597.3
1723593600,5.008,5.011,4.726,4.773,225079.73
1723680000,4.772,4.81,4.47,4.512,253110.85
1723766400,4.508,4.611,4.43,4.557,156654.85
1723852800,4.554,4.669,4.528,4.614,81277.6
1723939200,4.613,4.715,4.558,4.567,151576.27
1724025600,4.557,4.643,4.51,4.636,158932.08
1724112000,4.636,4.836,4.624,4.788,227865.81
1724198400,4.79,4.824,4.618,4.747,221476.84
1724284800,4.753,4.795,4.656,4.695,201038.27
1724371200,4.695,5.15,4.692,5.119,326460.31
1724457600,5.118,5.819,5.11,5.64,207006.89
1724544000,5.633,5.706,5.012,5.09,316747.6
1724630400,5.09,5.251,4.89,4.905,238758.35
1724716800,4.9,5.029,4.503,4.593,534390.32
1724803200,4.595,4.789,4.447,4.602,504943.5
1724889600,4.6,4.74,4.52,4.611,212807.74
1724976000,4.602,4.676,4.441,4.644,232202.69
1725062400,4.647,4.699,4.51,4.561,126029.45
1725148800,4.558,4.562,4.265,4.301,194759.46
1725235200,4.296,4.478,4.284,4.437,190408.22
1725321600,4.437,4.509,4.1,4.107,384870.01
1725408000,4.105,4.139,3.898,4.073,640091.13
1725494400,4.074,4.102,3.862,3.905,566158.43
1725580800,3.905,3.973,3.615,3.714,630142.68
1725667200,3.717,3.781,3.636,3.669,502752.44
1725753600,3.671,3.835,3.658,3.807,335232.14
1725840000,3.808,4.11,3.807,4.093,305033.69
1725926400,4.092,4.174,4.039,4.132,197021.78
1726012800,4.132,4.212,4.013,4.16,268713.24
1726099200,4.163,4.189,4.058,4.145,239445.29
1726185600,4.147,4.259,4.124,4.209,357328.38
1726272000,4.21,4.349,4.148,4.245,193823.95
1726358400,4.243,4.256,4.024,4.057,247555.05
1726444800,4.057,4.063,3.916,3.972,264514.38
1726531200,3.969,4.241,3.939,4.192,218414.59
1726617600,4.191,4.375,4.099,4.373,431237.11
1726704000,4.374,4.617,4.373,4.505,355145.35
1726790400,4.512,4.59,4.436,4.528,274980.84
1726876800,4.526,4.73,4.462,4.72,191437.4
1726963200,4.721,4.725,4.483,4.595,167240.22
1727049600,4.595,4.73,4.504,4.582,276071.22
1727136000,4.581,4.848,4.495,4.818,297089.83
1727222400,4.82,4.967,4.741,4.783,278806.83
1727308800,4.785,5.096,4.697,5.005,390552.59
1727395200,5.006,5.194,5.001,5.144,266747.97
1727481600,5.143,5.163,4.933,5.017,154073.26
1727568000,5.017,5.191,4.952,5.029,181535.94
1727654400,5.036,5.059,4.684,4.725,286020.95
1727740800,4.727,4.903,4.245,4.44,384307.19
1727827200,4.438,4.58,4.347,4.432,259734.51
1727913600,4.433,4.505,4.224,4.384,315775.85
1728000000,4.382,4.628,4.359,4.621,261062.39
1728086400,4.62,4.714,4.563,4.631,150603.54
1728172800,4.628,4.652,4.55,4.651,135457.78
1728259200,4.65,4.793,4.408,4.419,352219.32
1728345600,4.42,4.467,4.308,4.347,298883.09
1728432000,4.348,4.388,4.163,4.227,288297.67
1728518400,4.237,4.29,4.039,4.131,238951.32
1728604800,4.129,4.298,4.106,4.275,206880.04
1728691200,4.277,4.39,4.272,4.347,135189.71
1728777600,4.347,4.366,4.218,4.338,137283.03
1728864000,4.341,4.535,4.294,4.516,222058.43
1728950400,4.515,4.588,4.368,4.484,202258.19
1729036800,4.486,4.515,4.387,4.438,176537.58
1729123200,4.444,4.467,4.237,4.301,184259.84
1729209600,4.302,4.397,4.285,4.355,347945.87
1729296000,4.352,4.49,4.348,4.467,169855.62
1729382400,4.47,4.693,4.393,4.693,253315.58
1729468800,4.693,5.113,4.688,4.898,706110
1729555200,4.896,4.966,4.703,4.786,284237.47
1729641600,4.786,4.853,4.555,4.617,295064.38
1729728000,4.616,4.85,4.564,4.849,252775.64
1729814400,4.847,4.853,4.258,4.406,361445.41
1729900800,4.402,4.504,4.3,4.363,196594.82
1729987200,4.368,4.467,4.317,4.449,143796.3
1730073600,4.454,4.507,4.264,4.455,262409.92
1730160000,4.457,4.606,4.428,4.534,353926.42
1730246400,4.532,4.532,4.374,4.455,173911.1
1730332800,4.464,4.47,4.182,4.232,253985.47
1730419200,4.232,4.3,4.108,4.175,188771.13
1730505600,4.173,4.22,4.049,4.099,129459.06
1730592000,4.101,4.118,3.873,3.977,195662.87
1730678400,3.974,4.02,3.828,3.914,264931.36
1730764800,3.912,4.215,3.912,4.202,224319.39
1730851200,4.204,4.547,4.204,4.513,485461.59
1730937600,4.513,4.658,4.465,4.531,352521.87
1731024000,4.537,4.723,4.464,4.723,389612.5
1731110400,4.724,4.844,4.633,4.794,355493.11
1731196800,4.797,5.546,4.713,5.272,1394386.49
1731283200,5.275,5.695,5.166,5.669,805510.92
1731369600,5.674,5.839,5.116,5.311,873239.75
1731456000,5.315,5.49,4.841,5.128,946126.3
1731542400,5.127,5.313,4.872,4.948,441663.47
1731628800,4.952,5.307,4.826,5.263,503768.44
1731715200,5.264,6.216,5.249,6.126,961164.57
1731801600,6.129,6.656,5.579,5.693,1079852.28
1731888000,5.685,6.611,5.67,6.473,989973.51
1731974400,6.469,6.846,6.142,6.269,893525.96
1732060800,6.266,6.646,6.07,6.2,585074.13
1732147200,6.201,6.506,6.004,6.429,588641.09
1732233600,6.428,7.62,6.333,7.559,1665678.97
1732320000,7.56,8.857,7.442,8.235,1634709.94
1732406400,8.229,9.587,8.07,8.764,1913444.85
1732492800,8.771,8.844,7.773,7.919,785560.18
1732579200,7.935,8.144,7.492,8.008,671166.6
1732665600,8.008,8.397,7.795,8.336,587953.4
1732752000,8.329,8.405,7.887,8.221,417861.81
1732838400,8.221,8.805,8.058,8.772,570737.25
1732924800,8.78,8.856,8.411,8.572,528187.55
1733011200,8.577,9.051,8.311,8.908,846902.66
1733097600,8.914,9.577,8.338,9.571,1956279.84
1733184000,9.569,10.027,8.89,9.585,1884996.57
1733270400,9.588,10.683,9.446,9.954,1351252.15
1733356800,9.949,10.083,9.365,9.585,1682582.6
1733443200,9.588,10.605,9.47,10.412,1437175.2
1733529600,10.411,10.582,10.017,10.185,746660.16
1733616000,10.18,10.442,9.845,10.137,666922.25
1733702400,10.133,10.14,7.5,8.398,2038843.4
1733788800,8.401,8.55,7.25,7.947,3027498.48
1733875200,7.943,8.931,7.597,8.827,1232213.31
1733961600,8.83,9.305,8.614,8.945,1053317.06
1734048000,8.953,9.278,8.739,9.205,864136.63
1734134400,9.205,9.349,8.651,8.973,637293.05
1734220800,8.968,9.303,8.682,9.11,624346.87
1734307200,9.11,9.3,8.628,8.894,809992.62
1734393600,8.896,8.98,8.396,8.547,396664.75
1734480000,8.548,8.67,7.59,7.657,581840.6
1734566400,7.652,7.702,6.61,6.817,814541.86
1734652800,6.833,7.09,5.826,6.913,808336.87
1734739200,6.909,7.342,6.43,6.523,362618.82
1734825600,6.516,6.731,6.248,6.399,288223.33
1734912000,6.399,7.08,6.233,6.945,259208.37
1734998400,6.938,7.195,6.712,7.04,231900.44
1735084800,7.028,7.113,6.827,6.94,134094.96
1735171200,6.942,7.011,6.419,6.48,301024.71
1735257600,6.48,6.793,6.408,6.462,180570.24
1735344000,6.463,6.664,6.38,6.606,194737.92
1735430400,6.614,6.649,6.227,6.279,291239.31
1735516800,6.267,6.557,6.109,6.338,394338.15
1735603200,6.338,6.525,6.145,6.175,414729.99
1735689600,6.174,6.644,6.039,6.53,428815.55
1735776000,6.531,6.8,6.531,6.698,367358.41
1735862400,6.703,7.459,6.667,7.422,616619.59
1735948800,7.423,7.469,7.238,7.296,338019.87
1736035200,7.293,7.368,7.144,7.342,251052.62
1736121600,7.342,7.635,7.213,7.461,554997.89
1736208000,7.445,7.769,6.766,6.772,637080.47
1736294400,6.77,6.87,6.166,6.459,537023.68
1736380800,6.458,6.601,6.243,6.395,593501.76
1736467200,6.397,6.673,6.364,6.649,420569.19
1736553600,6.652,6.737,6.514,6.611,266914.47
1736640000,6.615,6.695,6.365,6.461,286851.12
1736726400,6.461,6.697,5.9,6.285,626016.83
1736812800,6.285,6.315,6.052,6.27,587182.97
1736899200,6.271,6.689,6.145,6.667,719670.62
1736985600,6.665,6.796,6.436,6.592,636047.8
1737072000,6.594,7.18,6.593,7.056,769461.89
1737158400,7.059,7.18,6.445,6.586,741891.51
1737244800,6.583,6.762,5.771,5.886,1104492.27
1737331200,5.888,6.531,5.678,6.063,1179044.1
1737417600,6.064,6.354,5.834,6.241,638355.94
1737504000,6.237,6.33,6.104,6.194,460947.27
1737590400,6.196,6.22,5.856,6.119,657334.4
1737676800,6.124,6.417,5.955,6.212,550398.44
1737763200,6.212,6.294,6.123,6.195,709929.28
1737849600,6.195,6.416,6.082,6.095,438216.1
1737936000,6.091,6.125,5.527,5.992,792551.54
1738022400,5.994,6.066,5.609,5.665,497116.82
1738108800,5.663,5.982,5.652,5.823,504043.04
1738195200,5.82,6.277,5.77,6.214,503917.46
1738281600,6.213,6.417,6.116,6.236,380678.89
1738368000,6.239,6.414,5.793,5.816,371916.62
1738454400,5.814,5.938,4.65,4.877,1403394.88
1738540800,4.88,5.033,3.655,4.934,2645344.41
1738627200,4.934,4.982,4.406,4.691,1151086.71
1738713600,4.691,4.846,4.63,4.675,554129.28
1738800000,4.676,4.735,4.36,4.413,708321.52
1738886400,4.41,4.68,4.255,4.374,980061.45
1738972800,4.373,4.595,4.323,4.571,342216.77
1739059200,4.568,4.787,4.389,4.57,539968.64
1739145600,4.569,4.84,4.439,4.82,519432.93
1739232000,4.818,4.98,4.632,4.702,706191.58
1739318400,4.702,5.102,4.533,5.067,740102.58
1739404800,5.069,5.15,4.928,4.986,747299.82
1739491200,4.99,5.091,4.867,4.909,728634.35
1739577600,4.913,5.044,4.795,4.831,317908.88
1739664000,4.833,4.875,4.696,4.767,443853.25
1739750400,4.764,4.948,4.709,4.817,315499.02
1739836800,4.811,4.894,4.444,4.572,662091.18
1739923200,4.569,4.706,4.488,4.69,282550.03
1740009600,4.689,4.976,4.668,4.926,472243.1
1740096000,4.926,5.082,4.677,4.769,424750.27
1740182400,4.769,5.027,4.742,4.964,315459.54
1740268800,4.966,5.019,4.827,4.878,198047.35
1740355200,4.878,4.901,4.265,4.359,466920.95
1740441600,4.359,4.542,4.109,4.452,678696.37
1740528000,4.452,4.689,4.409,4.601,302560.57
1740614400,4.601,4.778,4.469,4.567,342557.6
1740700800,4.566,4.666,4.203,4.632,367182.53
1740787200,4.632,4.657,4.414,4.493,189788.57
1740873600,4.492,4.93,4.406,4.91,400932.59
1740960000,4.906,4.949,4.143,4.226,578079.55
1741046400,4.223,4.252,3.887,4.16,877593.78
1741132800,4.16,4.354,4.096,4.324,403195.93
1741219200,4.325,4.438,4.232,4.254,323254.45
1741305600,4.258,4.442,4.071,4.261,481550.86
1741392000,4.259,4.275,4.073,4.104,546277.39
1741478400,4.107,4.13,3.744,3.806,656355.28
1741564800,3.807,4.041,3.571,3.578,611018.13
1741651200,3.58,3.99,3.383,3.883,1051165.67
1741737600,3.884,3.973,3.753,3.887,507427
1741824000,3.889,3.966,3.785,3.908,414833.54
1741910400,3.904,4.318,3.891,4.289,639955.61
1741996800,4.291,4.722,4.232,4.65,948280.64
1742083200,4.655,4.758,4.5,4.614,707522.96
1742169600,4.615,4.736,4.528,4.633,468331.78
1742256000,4.632,4.832,4.527,4.723,939946.67
1742342400,4.727,4.764,4.573,4.751,513366.51
1742428800,4.751,4.848,4.609,4.678,428420.2
1742515200,4.68,4.721,4.473,4.595,435832.52
1742601600,4.592,5.045,4.581,4.885,653950.27
1742688000,4.879,4.896,4.682,4.806,434878.77
1742774400,4.804,4.999,4.758,4.961,627990.28
1742860800,4.956,5.015,4.793,4.837,476229.68
1742947200,4.836,4.983,4.775,4.876,835294.33
1743033600,4.878,4.965,4.739,4.806,467473.74
1743120000,4.806,4.824,4.499,4.547,284489.47
1743206400,4.545,4.564,4.171,4.242,349592.19
1743292800,4.244,4.393,4.187,4.314,346567.33
1743379200,4.314,4.465,4.178,4.375,323411.94
1743465600,4.375,4.543,4.346,4.372,253094.27
1743552000,4.375,4.603,4.142,4.214,476665.44
1743638400,4.213,4.712,4.195,4.647,577247.06
1743724800,4.65,5.088,4.615,4.984,1633613.92
1743811200,4.989,5.013,4.72,4.803,358809.18
1743897600,4.803,4.83,4.376,4.436,535836.69
1743984000,4.439,4.65,4.037,4.33,1112799.57
1744070400,4.33,4.432,4.097,4.17,516906.41
1744156800,4.168,4.587,4.014,4.536,628046.27
1744243200,4.536,4.54,4.224,4.333,462976.6
1744329600,4.335,4.468,4.197,4.241,1147868.17
1744416000,4.241,4.397,4.159,4.353,899979.08
1744502400,4.352,4.393,4.052,4.148,875598.88
1744588800,4.149,4.275,4.062,4.131,620471.22
1744675200,4.133,4.184,3.973,3.98,391903.89
1744761600,3.979,4.106,3.924,4.024,524723.49
1744848000,4.022,4.193,3.993,4.109,309464.92
1744934400,4.111,4.224,4.072,4.122,275148.22
1745020800,4.122,4.252,4.122,4.212,180519.03
1745107200,4.213,4.264,4.105,4.149,181379.04
1745193600,4.15,4.294,4.05,4.063,410408.18
1745280000,4.063,4.339,3.983,4.312,574843.89
1745366400,4.314,4.442,4.278,4.41,504952.24
1745452800,4.41,4.616,4.282,4.553,488548.99
1745539200,4.553,4.633,4.423,4.546,534326.81
1745625600,4.548,4.738,4.546,4.588,578563.08
1745712000,4.59,4.627,4.364,4.379,536871.47
1745798400,4.381,4.498,4.284,4.463,417599.86
1745884800,4.463,4.537,4.338,4.379,343618.92
1745971200,4.379,4.43,4.22,4.299,370117.41
1746057600,4.302,4.484,4.293,4.434,268547.51
1746144000,4.435,4.514,4.331,4.37,444310.88
1746230400,4.37,4.371,4.163,4.219,237609.63
1746316800,4.219,4.248,4.068,4.098,237615.61
1746403200,4.097,4.203,4.048,4.073,425675.2
1746489600,4.072,4.122,3.98,4.108,578134.91
1746576000,4.109,4.19,4.084,4.172,313944.06
1746662400,4.172,4.586,4.155,4.54,536856.53
1746748800,4.54,4.998,4.525,4.946,784450.18
1746835200,4.946,5.393,4.855,5.385,731079.1
1746921600,5.384,5.42,5.117,5.311,558282.02
1747008000,5.311,5.497,5.113,5.235,668236.5
1747094400,5.234,5.368,4.953,5.262,662169.69
1747180800,5.265,5.347,5.041,5.092,525110.18
1747267200,5.092,5.129,4.765,4.869,732996.16
1747353600,4.869,4.989,4.781,4.814,328043.82
1747440000,4.814,4.838,4.657,4.718,389560.86
1747526400,4.721,5.137,4.639,4.967,747557.2
1747612800,4.968,5.005,4.584,4.781,645161.67
1747699200,4.78,4.887,4.656,4.848,448667.8
1747785600,4.851,5.07,4.781,4.976,627175.58
1747872000,4.978,5.23,4.972,5.218,494210.53
1747958400,5.22,5.345,4.77,4.794,698146.36
1748044800,4.793,4.864,4.695,4.717,363045.46
1748131200,4.719,4.821,4.576,4.793,363854.9
1748217600,4.793,4.955,4.746,4.78,455928.17
1748304000,4.781,4.962,4.68,4.755,792214.31
1748390400,4.757,4.855,4.641,4.846,427168.41
1748476800,4.846,4.919,4.597,4.614,431643.41
1748563200,4.614,4.639,4.237,4.295,653065.44
1748649600,4.292,4.396,4.179,4.348,401832.69
1748736000,4.351,4.387,4.258,4.37,311434.8
1748822400,4.367,4.494,4.261,4.472,450831.66
1748908800,4.473,4.533,4.375,4.418,327521.99
1748995200,4.418,4.471,4.245,4.271,366853.79
1749081600,4.268,4.356,4.032,4.083,635609.97
1749168000,4.084,4.296,4.068,4.176,312761.97
1749254400,4.179,4.332,4.175,4.312,199833.32
1749340800,4.31,4.328,4.204,4.27,193509.03
1749427200,4.272,4.5,4.21,4.435,311570.08
1749513600,4.435,4.627,4.381,4.6,403599.56
1749600000,4.602,4.628,4.456,4.508,267686.84
1749686400,4.51,4.519,4.215,4.216,312746.52
1749772800,4.215,4.219,4.006,4.132,558165.95
1749859200,4.131,4.161,4.022,4.089,229920.87
1749945600,4.088,4.134,4.01,4.095,188933.22
1750032000,4.095,4.299,4.063,4.144,245235.16
1750118400,4.143,4.2,3.975,4.022,499475.93
1750204800,4.023,4.08,3.924,4.016,332936.92
1750291200,4.017,4.076,3.96,4.04,238885.93
1750377600,4.04,4.083,3.83,3.927,499096.7
1750464000,3.93,3.992,3.695,3.794,322833.14
1750550400,3.796,3.848,3.553,3.722,706871.13
1750636800,3.72,4.1,3.709,4.075,414177.03
1750723200,4.076,4.143,3.996,4.076,375350.12
1750809600,4.078,4.083,3.981,4.003,325857.95
1750896000,4.003,4.068,3.891,3.895,573635.75
1750982400,3.895,3.951,3.849,3.929,727906.12
1751068800,3.93,4.032,3.919,3.996,258553.2
1751155200,3.998,4.233,3.965,4.206,503012.01
1751241600,4.207,4.239,4.058,4.094,288203.41
1751328000,4.095,4.111,3.915,3.93,428036.04
1751414400,3.93,4.255,3.902,4.176,402597.39
1751500800,4.177,4.264,4.157,4.186,277391.8
1751587200,4.183,4.208,3.955,4.003,391631.96
1751673600,4.003,4.033,3.947,4.016,239980.44
1751760000,4.014,4.137,3.98,4.082,165775.53
1751846400,4.083,4.116,4.013,4.048,191540.76
1751932800,4.047,4.178,3.998,4.126,236758.67
1752019200,4.128,4.365,4.094,4.318,387045.03
1752105600,4.319,4.629,4.29,4.618,648920.23
1752192000,4.619,4.8,4.55,4.642,796509.92
1752278400,4.643,4.734,4.497,4.584,488133.03
1752364800,4.585,4.759,4.566,4.682,335265.47
1752451200,4.682,4.855,4.489,4.555,650587.72
1752537600,4.554,4.718,4.434,4.67,648552.57
1752624000,4.669,4.882,4.606,4.746,526683.83
1752710400,4.747,4.904,4.637,4.863,680791.13
1752796800,4.863,5.16,4.786,4.859,929968.9
1752883200,4.86,5.051,4.758,5.019,424514.66
1752969600,5.017,5.283,4.985,5.177,701138.04
1753056000,5.176,5.321,5.066,5.19,454315.61
1753142400,5.188,5.212,4.924,5.113,998914.66
1753228800,5.111,5.139,4.562,4.704,809941.46
1753315200,4.705,4.809,4.464,4.627,544223.62
1753401600,4.628,4.738,4.501,4.71,516952.18
1753488000,4.709,4.839,4.672,4.767,271153.7
1753574400,4.765,4.892,4.738,4.876,344852.63
1753660800,4.877,4.952,4.61,4.644,451719.58
1753747200,4.645,4.771,4.521,4.615,385852.14
1753833600,4.615,4.617,4.25,4.417,642830.21
1753920000,4.416,4.516,4.186,4.211,467301.32
1754006400,4.212,4.263,4.038,4.14,874914.47
1754092800,4.139,4.2,4.01,4.092,445524.61
1754179200,4.09,4.286,4.037,4.274,272811.22
1754265600,4.274,4.339,4.216,4.312,519412.6
1754352000,4.312,4.318,4.137,4.229,411167.91
1754438400,4.229,4.343,4.13,4.322,317209.05
1754524800,4.321,4.473,4.291,4.471,347918.17
1754611200,4.472,4.663,4.397,4.604,840978.88
1754697600,4.606,4.792,4.602,4.729,510996.17
1754784000,4.73,4.803,4.572,4.663,361678.59
1754870400,4.661,4.775,4.452,4.486,653801.32
1754956800,4.485,4.795,4.465,4.707,540012.28
1755043200,4.708,4.894,4.655,4.855,693140.14
1755129600,4.858,4.918,4.436,4.523,672154.96
1755216000,4.522,4.632,4.334,4.461,623746.1
1755302400,4.46,4.606,4.45,4.576,275576.33
1755388800,4.577,4.759,4.545,4.623,492155.22
1755475200,4.624,4.63,4.383,4.468,548081.61
1755561600,4.466,4.513,4.278,4.29,587954.41
1755648000,4.292,4.583,4.268,4.474,371842.3
1755734400,4.475,4.518,4.401,4.43,400995.74
1755820800,4.43,4.852,4.295,4.818,1266794.59
1755907200,4.82,4.98,4.67,4.889,781746.88
1755993600,4.888,4.968,4.653,4.789,620356.81
1756080000,4.792,4.85,4.39,4.412,722077.04
1756166400,4.411,4.583,4.39,4.527,595313.38
1756252800,4.527,4.599,4.474,4.493,484481.19
1756339200,4.49,4.806,4.462,4.781,679145.17
1756425600,4.782,4.808,4.427,4.484,655312.94
1756512000,4.484,4.558,4.421,4.506,342825.05
1756598400,4.504,4.619,4.462,4.466,305377.7
1756684800,4.465,4.598,4.322,4.397,570863.68
1756771200,4.397,4.471,4.352,4.432,440828.91
1756857600,4.432,4.565,4.404,4.524,482692.42
1756944000,4.525,4.541,4.34,4.387,537605.21
1757030400,4.387,4.556,4.366,4.441,629502.62
1757116800,4.443,4.459,4.361,4.411,265280.53
1757203200,4.412,4.508,4.409,4.486,316529.8
1757289600,4.487,4.597,4.474,4.544,708582.35
1757376000,4.545,4.678,4.491,4.592,426967.56
1757462400,4.593,4.717,4.559,4.686,492487.72
1757548800,4.684,4.706,4.59,4.694,399306.85
1757635200,4.696,4.755,4.602,4.752,392516.11
1757721600,4.751,4.89,4.739,4.824,526121.67
1757808000,4.826,4.87,4.614,4.637,373152.62
1757894400,4.637,4.677,4.458,4.512,670342.36
1757980800,4.51,4.576,4.42,4.547,908447.95
1758067200,4.548,4.64,4.455,4.617,632092.57
1758153600,4.618,4.704,4.558,4.674,407247.04
1758240000,4.674,4.774,4.455,4.472,476671.55
1758326400,4.471,4.5,4.425,4.452,334301.69
1758412800,4.452,4.513,4.4,4.4,426401.25
1758499200,4.4,4.425,4.084,4.168,1183824.65
1758585600,4.168,4.224,4.101,4.13,354748.16
1758672000,4.128,4.229,4.072,4.153,445683.96
1758758400,4.155,4.165,3.945,4.016,955880.52
1758844800,4.014,4.185,3.969,4.122,431655.72
1758931200,4.123,4.163,4.059,4.114,260724.57
1759017600,4.115,4.187,4.026,4.181,216037.97
1759104000,4.18,4.185,4.011,4.113,456192.57
1759190400,4.113,4.161,3.979,4.104,484139.09
1759276800,4.105,4.257,3.935,4.141,1424313.17
1759363200,4.141,4.323,4.133,4.317,697449.6
1759449600,4.318,4.356,4.199,4.283,597184.02
1759536000,4.284,4.296,4.092,4.139,1030639.16
1759622400,4.137,4.306,4.116,4.146,507076.41
1759708800,4.147,4.308,4.111,4.274,750454.82
1759795200,4.273,4.299,4.043,4.056,640824.54
1759881600,4.057,4.207,4.012,4.174,447133.97
1759968000,4.175,4.187,3.99,4.059,545126.54
1760054400,4.06,4.192,3,3.247,2525514.34
1760140800,3.272,3.328,2.872,3.144,2837746.82
1760227200,3.144,3.554,3.04,3.488,1217918.8
1760313600,3.489,3.669,3.447,3.648,657816.93
1760400000,3.653,3.67,3.295,3.473,701872.11
1760486400,3.472,3.52,3.28,3.336,807110.65
1760572800,3.338,3.423,3.2,3.253,547409.61
1760659200,3.253,3.306,3.016,3.156,754955.82
1760745600,3.155,3.237,3.145,3.188,395791.5
1760832000,3.189,3.292,3.117,3.229,507855.17
1760918400,3.23,3.327,3.181,3.273,435578.61
1761004800,3.273,3.374,3.171,3.186,955743.91
1761091200,3.185,3.228,3.033,3.114,663273.06
1761177600,3.113,3.234,3.11,3.186,470012.26
1761264000,3.187,3.226,3.129,3.186,479514.89
1761350400,3.186,3.197,3.137,3.152,302545.81
1761436800,3.153,3.284,3.119,3.254,712147.27
1761523200,3.256,3.286,3.158,3.178,626321.93
1761609600,3.177,3.214,3.036,3.099,520662.94
1761696000,3.097,3.178,3.04,3.098,577433.84
1761782400,3.096,3.154,2.854,2.951,993355.05
1761868800,2.951,3.031,2.937,2.962,639023.36
1761955200,2.962,3.046,2.945,3.029,402118.48
1762041600,3.028,3.077,2.951,3.055,599984.05
1762128000,3.054,3.063,2.472,2.51,2027160.19
1762214400,2.507,2.64,2.351,2.508,2033091.4
1762300800,2.508,2.72,2.407,2.668,1101301.14
1762387200,2.668,2.677,2.532,2.647,892187.74
1762473600,2.648,3.175,2.644,3.049,1973400.62
1762560000,3.047,3.152,2.89,2.953,1128646.29
1762646400,2.953,3.002,2.833,2.972,578176.95
1762732800,2.971,3.154,2.95,3.114,761319.77
1762819200,3.118,3.155,2.936,2.943,542496.69
1762905600,2.945,3.114,2.862,2.891,617491.21
1762992000,2.889,3.014,2.767,2.865,559741.48
1763078400,2.865,2.91,2.75,2.798,845107.16
1763164800,2.797,2.996,2.796,2.855,616212.26
1763251200,2.855,2.879,2.696,2.764,506826.35
1763337600,2.763,2.91,2.682,2.704,784644.5
1763424000,2.703,2.819,2.665,2.758,1316621.33
1763510400,2.757,2.787,2.619,2.73,546271.8
1763596800,2.726,3.133,2.716,2.736,1671667.63
1763683200,2.736,2.823,2.445,2.512,1263222.19
1763769600,2.513,2.53,2.439,2.515,585202.2
1763856000,2.515,2.568,2.481,2.494,631285.96
1763942400,2.494,2.545,2.384,2.502,801034.86
1764028800,2.5,2.531,2.413,2.468,625188.72
1764115200,2.468,2.56,2.433,2.525,813022.33
1764201600,2.525,2.555,2.501,2.52,456875.79
1764288000,2.519,2.544,2.428,2.44,706943.95
1764374400,2.438,2.456,2.392,2.428,335384.51
1764460800,2.428,2.455,2.372,2.376,387500.76
1764547200,2.377,2.381,2.141,2.268,1253751.65
1764633600,2.269,2.431,2.247,2.367,634343.99
1764720000,2.37,2.419,2.313,2.392,580032.62
1764806400,2.395,2.409,2.284,2.312,512482.64
1764892800,2.313,2.337,2.153,2.199,574565.39
1764979200,2.199,2.283,2.187,2.236,376528.01
1765065600,2.236,2.25,2.139,2.179,626519.65
1765152000,2.178,2.271,2.174,2.249,461793.3
1765238400,2.249,2.42,2.197,2.33,586996.31
1765324800,2.33,2.375,2.246,2.269,580117.13
1765411200,2.267,2.273,2.161,2.185,648104.93
1765497600,2.187,2.205,2.072,2.142,764890.6
1765584000,2.143,2.195,2.14,2.184,582932.34
1765670400,2.183,2.192,2.083,2.103,452513.25
1765756800,2.109,2.165,2.003,2.051,671606.82
1765843200,2.051,2.07,1.99,2,699923.01
1765929600,2,2.089,1.922,1.944,936425.48
1766016000,1.944,1.971,1.831,1.853,858819.24
1766102400,1.853,1.989,1.844,1.965,866225.05
1766188800,1.964,2.002,1.959,1.982,448902.79
1766275200,1.983,1.995,1.908,1.944,351097.42
1766361600,1.943,1.999,1.923,1.947,503641.94
1766448000,1.946,1.999,1.917,1.971,532365.07
1766534400,1.971,1.991,1.915,1.984,400051.68
1766620800,1.983,2.024,1.954,1.957,393915.78
1766707200,1.956,2.058,1.95,2.045,363883.79
1766793600,2.045,2.096,2.028,2.084,973139.79
1766880000,2.085,2.11,2.055,2.073,335844.52
1766966400,2.073,2.1,1.958,1.963,703217.35
1767052800,1.962,2,1.953,1.965,480376.56
1767139200,1.965,1.982,1.905,1.926,662369.96
1767225600,1.927,2.077,1.916,2.069,701184.72
1767312000,2.071,2.171,2.057,2.167,574126.64
1767398400,2.167,2.313,2.167,2.238,788604.55
1767484800,2.238,2.347,2.23,2.339,695034.81
1767571200,2.339,2.39,2.267,2.369,640959.09
1767657600,2.369,2.549,2.352,2.531,868472.68
1767744000,2.53,2.533,2.392,2.433,762145.28
1767830400,2.433,2.506,2.377,2.462,934871.72
1767916800,2.462,2.649,2.408,2.59,1058420.61
1768003200,2.589,2.676,2.541,2.565,854520.27
1768089600,2.564,2.691,2.552,2.569,603685.18
1768176000,2.57,2.65,2.476,2.483,680158.35
1768262400,2.484,2.676,2.483,2.635,782314.42
1768348800,2.635,2.695,2.568,2.585,832685.74
1768435200,2.583,2.599,2.443,2.476,712616.2
1768521600,2.475,2.507,2.427,2.493,537285.4
1768608000,2.492,2.601,2.489,2.567,497218.52
1768694400,2.568,2.593,2.422,2.423,489253.97
1768780800,2.422,2.483,2.244,2.457,659578.52
1768867200,2.457,2.543,2.283,2.292,864861.73
1768953600,2.292,2.449,2.29,2.38,1110497.97
1769040000,2.383,2.438,2.325,2.334,417251.55
1769126400,2.334,2.417,2.328,2.365,395281.61
1769212800,2.368,2.383,2.289,2.33,426417.78
1769299200,2.328,2.334,2.199,2.234,452329.23
1769385600,2.235,2.312,2.209,2.223,692911.37
1769472000,2.224,2.266,2.181,2.242,632557.91
1769558400,2.24,2.299,2.217,2.235,660079.02
1769644800,2.234,2.239,2.077,2.126,791793.13
1769731200,2.127,2.133,2.048,2.109,763980.36
1769817600,2.11,2.113,1.819,1.968,1018589.12
1769904000,1.97,1.993,1.874,1.911,621784.85
1769990400,1.91,2.006,1.862,1.98,739093.35
1770076800,1.98,2.05,1.887,2.033,912355.59
1770163200,2.032,2.103,1.969,1.991,1007299.52
1770249600,1.99,2.052,1.765,1.816,2260239.54
1770336000,1.819,2.014,1.656,1.984,1572015.7
1770422400,1.985,2.049,1.928,1.987,879188
1770508800,1.988,1.999,1.932,1.949,563687.58
1770595200,1.949,1.984,1.901,1.962,528536.3
1770681600,1.962,1.974,1.894,1.921,467425.31
1770768000,1.922,2.008,1.873,1.944,823074.08
1770854400,1.943,2.014,1.928,1.969,673680.5
1770940800,1.971,2.127,1.953,2.12,475300.48
1771027200,2.121,2.219,2.109,2.185,361069.98
1771113600,2.184,2.224,2.097,2.136,534499
1771200000,2.137,2.321,2.113,2.297,1137129.87
1771286400,2.297,2.33,2.222,2.242,664505.61
1771372800,2.242,2.51,2.213,2.344,1057428.11
1771459200,2.345,2.364,2.267,2.287,508740.95
1771545600,2.288,2.393,2.258,2.357,466713.82
1771632000,2.357,2.412,2.308,2.314,326769.3
1771718400,2.314,2.319,2.234,2.249,218736.49
1771804800,2.248,2.254,2.112,2.121,636433.77
1771891200,2.12,2.146,1.981,1.993,396290.44
1771977600,1.992,2.119,1.928,1.944,1035481.1
1772064000,1.943,1.996,1.825,1.882,1143834.42
1772150400,1.878,1.941,1.817,1.85,572711.81
1772236800,1.849,1.864,1.769,1.849,542594.57
1772323200,1.851,1.885,1.763,1.794,428908.3
1772409600,1.796,1.882,1.785,1.844,485873.95
1772496000,1.844,1.856,1.77,1.815,387137.15
1772582400,1.815,1.933,1.806,1.88,494697.96
1772668800,1.88,1.896,1.826,1.839,383874.75
1772755200,1.839,1.855,1.773,1.811,286854.15
1772841600,1.81,1.833,1.78,1.787,276419.58
1772928000,1.786,1.789,1.717,1.738,431443.42
1773014400,1.741,1.777,1.706,1.745,423016.15
1773100800,1.747,1.843,1.744,1.79,352080.98
1773187200,1.791,1.866,1.786,1.841,717808.76
1773273600,1.843,1.847,1.809,1.839,234516.7
1773360000,1.84,1.899,1.833,1.861,285801.85
1773446400,1.859,1.893,1.851,1.87,179828.98
1773532800,1.87,1.893,1.842,1.861,226931.51
1773619200,1.862,2.007,1.858,1.978,691209.01
1773705600,1.979,1.994,1.927,1.962,410316.86
1773792000,1.963,2.035,1.869,1.908,448387.23
1773878400,1.909,1.929,1.801,1.812,303201.19
1773964800,1.813,1.841,1.788,1.835,332150.79
1774051200,1.834,1.86,1.788,1.79,196266.29
1774137600,1.788,1.807,1.755,1.774,182247.05
1774224000,1.774,1.842,1.75,1.786,599745.89
1774310400,1.787,1.795,1.759,1.788,359245.51
1774396800,1.788,1.806,1.758,1.765,350628.99
1774483200,1.764,1.765,1.674,1.698,604625.19
1774569600,1.698,1.73,1.656,1.675,372853.98
1774656000,1.675,1.7,1.656,1.666,216635.12
1774742400,1.666,1.669,1.608,1.648,331683.83
1774828800,1.648,1.7,1.641,1.666,240901.09
1774915200,1.666,1.712,1.663,1.707,233668.9
1775001600,1.705,1.739,1.672,1.678,688634.56
1775088000,1.678,1.689,1.614,1.669,422190.78
1775174400,1.668,1.728,1.666,1.688,301908.38
1775260800,1.69,1.72,1.681,1.712,125310.47
1775347200,1.712,1.724,1.665,1.7,216662.54
1775433600,1.7,1.758,1.691,1.702,410512.18
1775520000,1.706,1.809,1.675,1.807,439840.33
1775606400,1.808,1.808,1.751,1.78,580548.93
1775692800,1.781,1.827,1.762,1.803,396145.18
1775779200,1.803,1.846,1.793,1.808,385993.15
1775865600,1.809,1.809,1.766,1.779,212113.51
1775952000,1.78,1.788,1.72,1.724,181276.2
1776038400,1.724,1.79,1.709,1.781,292389.8
1776124800,1.781,1.82,1.734,1.746,313664.85
1776211200,1.747,1.778,1.73,1.764,279820.27
1776297600,1.764,1.825,1.756,1.809,479426.3
1776384000,1.808,1.868,1.785,1.833,391759.66
1776470400,1.834,1.851,1.776,1.783,233643.83
1776556800,1.784,1.801,1.755,1.758,157823.33
1776643200,1.763,1.82,1.758,1.801,187709.65
1776729600,1.801,1.848,1.766,1.848,342335.93
1776816000,1.847,1.917,1.845,1.862,421438.36
1776902400,1.862,1.917,1.837,1.914,243636.62
1776988800,1.914,1.999,1.911,1.992,423676.86
1777075200,1.994,2.057,1.994,2.03,432673.91
1777161600,2.029,2.037,1.997,2.001,338202.11
1777248000,2,2.026,1.946,1.984,410441.5
1777334400,1.984,1.99,1.932,1.952,244478.08
1777420800,1.953,1.989,1.897,1.929,262649.16
1777507200,1.93,1.939,1.866,1.887,286262.66
1777593600,1.886,1.917,1.872,1.898,280553.59
1777680000,1.899,1.949,1.865,1.883,176826.1
1777766400,1.883,1.897,1.855,1.875,156123.27
1777852800,1.875,1.924,1.861,1.889,381751.02
1777939200,1.889,1.922,1.84,1.882,272038.35
1778025600,1.882,1.974,1.879,1.903,418376.04
1778112000,1.902,1.947,1.871,1.884,330374.24
1778198400,1.885,1.959,1.858,1.95,414722.44
1778284800,1.951,1.992,1.929,1.936,264413.57
1778371200,1.936,2.051,1.896,2.011,462585.41
1778457600,2.013,2.108,1.975,2.044,622492.37
1778544000,2.036,2.182,1.982,2.105,776708.07
1778630400,2.104,2.234,1.989,2.039,928924.15
1778716800,2.04,2.073,1.997,2.045,386820.49
1778803200,2.047,2.053,1.923,1.929,370862.26
1778889600,1.926,2.056,1.91,2.04,534709.41
1778976000,2.039,2.135,1.992,2.029,631926.39
1779062400,2.027,2.086,1.986,2.075,396410.94
1779148800,2.075,2.091,2.016,2.037,251839.23
1779235200,2.037,2.038,1.978,1.991,212056.73
1779321600,1.994,2.081,1.993,2.051,395332.14
1779408000,2.05,2.188,2.036,2.068,503641.26
1779494400,2.068,2.148,2.008,2.109,415959.41
1779580800,2.11,2.128,1.999,2.051,349602.53
1779667200,2.052,2.186,2.048,2.135,403495.44
1779753600,2.134,2.295,2.118,2.217,756547.76
1779840000,2.216,2.289,2.11,2.128,577344.02
1779926400,2.126,2.135,2.003,2.059,668992.13
1780012800,2.061,2.109,1.971,2.014,741645.66
1780099200,2.013,2.067,2.005,2.017,458904.33
1780185600,2.018,2.075,1.92,1.956,865155.02
1780272000,1.956,1.976,1.887,1.905,493585.16
1780358400,1.905,1.908,1.785,1.824,571494.86
1780444800,1.823,1.919,1.809,1.853,402084.89
1780531200,1.852,1.869,1.732,1.808,730694.54
1780617600,1.806,1.814,1.6,1.658,1011506.68
1780704000,1.659,1.717,1.559,1.628,639806.87
1780790400,1.629,1.747,1.623,1.714,437928.92
1780876800,1.714,1.807,1.698,1.765,351187.1
1780963200,1.764,1.801,1.719,1.779,723894.66
1781049600,1.779,1.858,1.735,1.763,495051.46
1781136000,1.763,2.033,1.763,2.033,1330479.04
1781222400,2.034,2.034,1.93,1.98,512023.47
1781308800,1.979,2.024,1.939,1.949,262253.35
1781395200,1.943,2.014,1.922,2.006,244800.94
1781481600,2.005,2.022,1.946,1.962,384976.92
1781568000,1.962,2.014,1.938,1.991,348063.51
1781654400,1.992,2.021,1.874,1.899,430431.41
1781740800,1.898,1.924,1.777,1.812,626707
1781827200,1.811,1.853,1.794,1.81,199141.93
1781913600,1.81,1.816,1.761,1.801,226195.04
1782000000,1.8,1.808,1.747,1.756,184138.15
1782086400,1.756,1.834,1.754,1.797,410601.5
1782172800,1.795,1.804,1.713,1.717,439337.47
1782259200,1.716,1.733,1.602,1.648,740400.11
1782345600,1.648,1.676,1.547,1.611,658150.24
1782432000,1.611,1.645,1.572,1.593,591250.37
1782518400,1.594,1.614,1.556,1.579,348271.89
1782604800,1.578,1.614,1.553,1.57,446484.68
1782691200,1.57,1.592,1.517,1.533,591565.88
1782777600,1.533,1.54,1.5,1.512,536791.27
1782864000,1.512,1.572,1.482,1.539,635649.5
1782950400,1.539,1.578,1.536,1.559,295152.62
1783036800,1.56,1.611,1.551,1.595,403800.1
1783123200,1.595,1.611,1.58,1.593,195307.68
1783209600,1.592,1.598,1.542,1.596,193111.15
1783296000,1.594,1.629,1.545,1.601,296137.89
1783382400,1.602,1.61,1.562,1.574,303042.96
1783468800,1.573,1.6,1.528,1.565,491713.93
1783555200,1.566,1.583,1.544,1.551,220588.76
1783641600,1.55,1.593,1.543,1.588,256699.95
1783728000,1.589,1.612,1.577,1.581,193088.38
1783814400,1.577,1.609,1.555,1.565,219871.46
1783900800,1.562,1.584,1.52,1.538,284209.23
1783987200,1.537,1.588,1.515,1.564,299695.2
1784073600,1.565,1.593,1.55,1.551,323808.37
1784160000,1.554,1.567,1.504,1.511,377944.39
1784246400,1.512,1.528,1.489,1.509,367152.8
1784332800,1.507,1.513,1.484,1.497,182641.84
1784419200,1.498,1.504,1.471,1.475,190555.15
1784505600,1.474,1.507,1.445,1.493,398534.09
1784592000,1.493,1.509,1.477,1.486,251528.5
1784678400,1.485,1.492,1.459,1.469,178478.94
1784764800,1.467,1.478,1.417,1.419,265181.66
1784851200,1.417,1.43,1.371,1.392,316482.19
1784937600,1.395,1.407,1.37,1.382,257675.67
1785024000,1.381,1.404,1.38,1.397,171170.55
1785110400,1.395,1.399,1.293,1.301,448225.77
1785196800,1.299,1.313,1.284,1.306,394938.12
1785283200,1.308,1.31,1.264,1.281,431886.45
1785369600,1.282,1.305,1.269,1.28,206753.03
1785456000,1.281,1.289,1.217,1.228,738043.55
1785542400,1.226,1.24,1.211,1.229,197989.17
1785628800,1.225,1.271,1.22,1.267,397296.9
1785715200,1.267,1.391,1.253,1.363,761815.33
1785801600,1.362,1.394,1.353,1.374,393478.35
1785888000,1.374,1.381,1.337,1.354,284741.4
1785974400,1.354,1.395,1.326,1.353,356056.83
1786060800,1.354,1.367,1.335,1.364,230982.06
1786147200,1.362,1.403,1.361,1.383,151949.73
1786233600,1.385,1.396,1.37,1.375,160303.67
1786320000,1.374,1.429,1.368,1.396,260848.3
1786406400,1.397,1.444,1.387,1.435,330240.12
1786492800,1.434,1.446,1.392,1.398,243367.43
1786579200,1.397,1.531,1.392,1.501,1376164.76
1786665600,1.501,1.605,1.445,1.511,1319703.65
1786752000,1.511,1.512,1.462,1.473,258870.88
1786838400,1.473,1.503,1.448,1.456,263777.55
1786924800,1.455,1.463,1.394,1.41,935627.27
1787011200,1.411,1.455,1.378,1.4125,438787.54
1787097600,1.4125,1.5122,1.3948,1.4929,1032281.37
1787184000,1.4928,1.5235,1.4636,1.5133,565962.63
1787270400,1.514,1.6218,1.5091,1.5966,1082663.59
1787356800,1.598,1.7195,1.5004,1.578,1342481.26
1787443200,1.5785,1.623,1.52,1.602,395529.99
1787529600,1.6031,1.6059,1.5145,1.524,867925.11
1787616000,1.5232,1.565,1.5,1.525,906600.9
1787702400,1.523,1.5658,1.4835,1.5125,830249.88
1787788800,1.512,1.566,1.48,1.5654,931550.55
1787875200,1.564,1.5808,1.4537,1.4823,659701.78
1787961600,1.4824,1.5173,1.4824,1.502,275928.89
1788048000,1.5014,1.52,1.437,1.456,396605.86
1788134400,1.4546,1.4933,1.45,1.4698,370029.1
1788220800,1.4699,1.5126,1.4524,1.4624,375380.89
1788307200,1.4617,1.4712,1.4399,1.4552,330912.77
1788393600,1.4552,1.5306,1.4481,1.5079,391846.33
1788480000,1.5069,1.5371,1.4681,1.4944,399775.01
1788566400,1.4942,1.5638,1.4917,1.558,403776.74
1788652800,1.557,1.62,1.555,1.5939,340481.49
1788739200,1.5958,1.6959,1.578,1.6287,894746.43
1788825600,1.6284,1.8726,1.6208,1.8574,1460860.77
1788912000,1.8573,2.0416,1.7979,1.8526,2784706.67
1788998400,1.8528,1.8968,1.7417,1.7909,1167951.14
1789084800,1.7929,1.824,1.6236,1.64,1087376.36
1789171200,1.6401,1.6645,1.5919,1.6054,313306.4
1789257600,1.6035,1.6173,1.5701,1.5802,261999.26
1789344000,1.5798,1.6569,1.5308,1.5834,756041.76
1789430400,1.5856,1.617,1.5009,1.5169,534662.44
1789516800,1.5173,1.559,1.4675,1.519,415184.47
1789603200,1.52,1.5827,1.501,1.5751,422889.86
1789689600,1.5748,1.742,1.5704,1.7216,807868.01
1789776000,1.7225,1.7824,1.6706,1.746,661797.38
1789862400,1.746,1.759,1.6802,1.6873,125169.07
