ts,open,high,low,close,volume
1513728000,3100,9500,3100,3746.84,91998.47036853
1513814400,3745.89,3754.15,2910,3162.53,74861.45083147
1513900800,3162.53,3231.44,1550,2719.99,108555.05184927
1513987200,2700.08,3499.77,2555,3160,72309.41634505
1514073600,3161.79,3164.99,2669,2919.01,31671.87383181
1514160000,2919.99,2968.16,2761,2835.99,13108.36870127
1514246400,2835.99,2949,2773.88,2928.04,16698.10566316
1514332800,2928.11,2938.01,2542,2719.69,15984.76775082
1514419200,2719.53,2723.8,2303,2493.19,22305.20409647
1514505600,2499.99,2888,2330.59,2658.51,21275.75294669
1514592000,2658.51,2672,2187,2261,16301.29089476
1514678400,2261,2497.99,2207.91,2366.9,11613.76724239
1514764800,2366.9,2425.68,2257.01,2326.86,7077.16232551
1514851200,2326.86,2696,2301.67,2558.58,16979.90634199
1514937600,2555.14,2780,2519,2548.65,14662.69504653
1515024000,2548.64,2550,2328.86,2362.74,14439.23288432
1515110400,2362.74,2512,2310.02,2398,15472.44927496
1515196800,2398.01,2624.97,2325,2524.72,17929.44317406
1515283200,2524.72,2745.01,2489.01,2523.1,14703.77169543
1515369600,2523.49,2549.67,2225,2409.29,15428.46425373
1515456000,2408.8,2484.82,2325.01,2375.99,9856.27388706
1515542400,2368.82,2956,2311,2859.97,37963.16491424
1515628800,2848.81,2945.04,2351,2433.8,30475.208756
1515715200,2433.8,2630,2380,2599,11901.19215726
1515801600,2593.85,2835.18,2570.37,2654.95,12332.75095102
1515888000,2654.94,2711.64,2463.14,2544.87,8001.80057146
1515974400,2544.88,2547.89,2375,2400.06,9094.67543978
1516060800,2400.09,2411.62,1520,1890.01,44330.36799139
1516147200,1890.01,2150,1319.3,1755.98,39413.69475703
1516233600,1755.98,2020.18,1697.56,1730.67,17377.75891369
1516320000,1733.7,1892,1711.65,1758.69,11667.58483467
1516406400,1758.69,2115.82,1758.69,2030.22,14438.3411164
1516492800,2030.22,2030.73,1714.08,1770,11757.39861851
1516579200,1770,1799,1505.08,1609.34,13503.49440055
1516665600,1609.33,1687.69,1489,1615.75,10867.36538995
1516752000,1613.26,1667,1560,1644.5,6731.64456282
1516838400,1644.45,1695,1584,1628.39,6326.50989365
1516924800,1628.39,1660,1482.34,1592.14,10090.71555849
1517011200,1592.15,1645,1559,1613.41,6743.68994646
1517097600,1613.42,1720.59,1600.35,1719.99,25221.11017162
1517184000,1719.99,1721.2,1610,1636.38,6634.50376355
1517270400,1636.37,1636.37,1435.22,1446,13818.38227691
1517356800,1446,1515,1381,1472.74,15490.68118478
1517443200,1474.99,1481.43,1168.39,1254.86,21680.11045178
1517529600,1252.41,1259.28,927.04,1181,27778.89545828
1517616000,1180.99,1319.99,1052,1269.71,11531.17895797
1517702400,1269.71,1283.96,1090.03,1156.16,9856.09567583
1517788800,1155.16,1169.76,800.47,880,22538.88656852
1517875200,879.99,980,744.8,968.01,42970.08397535
1517961600,970,1057.64,897.4,955,22840.39851241
1518048000,954.99,1353.29,942.51,1278,34501.33045465
1518134400,1276.62,1334.96,1187.73,1299.83,23387.90722255
1518220800,1299.96,1387.78,1198.01,1239.7,18769.37862817
1518307200,1239.7,1296.49,1182.1,1210,10595.27208631
1518393600,1210,1288.82,1209.4,1279.39,7480.48435131
1518480000,1279.01,1284.7,1200,1219.82,8723.55402157
1518566400,1219.59,1378.88,1218.79,1355,15232.80313654
1518652800,1354.99,1394,1308.44,1358.72,16694.93694035
1518739200,1358.72,1550,1354.69,1533,25746.15381646
1518825600,1533,1552,1501.22,1546.35,10597.93014529
1518912000,1546.35,1644,1393.43,1452.97,17234.22210603
1518998400,1452.96,1545,1446.29,1523.14,8220.64952014
1519084800,1523.14,1555,1256,1386.99,18218.01264803
1519171200,1386.85,1409.91,1266,1284.73,18606.50410021
1519257600,1284.73,1341.66,1170.14,1210,15103.14869259
1519344000,1208.64,1309.98,1144.04,1252.01,12837.57459274
1519430400,1252.02,1297.01,1132.01,1178,9029.79235873
1519516800,1178,1229,1137.1,1173.02,6118.05577505
1519603200,1173.02,1267,1142.31,1245.62,10316.72388186
1519689600,1244.8,1297.72,1206.65,1230.01,7537.21157568
1519776000,1230,1274.1,1193.2,1195.94,6662.23548244
1519862400,1195.94,1295,1185.28,1283.33,8226.57462207
1519948800,1283.33,1295,1250,1275.12,5514.61046079
1520035200,1275.8,1294.96,1255.07,1269.24,5258.3896549
1520121600,1269.26,1287,1221,1280.01,4795.3945306
1520208000,1279.92,1286.76,1249.97,1263,4411.51708897
1520294400,1261.88,1261.89,1171.31,1205.21,6393.51963289
1520380800,1205.22,1220,1031.07,1095.3,13123.14451434
1520467200,1095.31,1116.99,988.77,1032,10735.22395996
1520553600,1031.07,1075.43,927,1067.18,17979.2217559
1520640000,1067.18,1094.55,991.5,1003.01,6754.11200362
1520726400,1003,1157.54,970,1138.05,9384.87581284
1520812800,1138.07,1148,1007.47,1049.32,9949.40098444
1520899200,1049.67,1100,995.55,1052.87,9966.11282411
1520985600,1052.86,1071.81,911.88,947,11677.81297873
1521072000,947,952.34,871.53,935.37,14023.71534804
1521158400,935.37,1059.66,893.49,970.02,16365.04200476
1521244800,970.02,1028.85,927,947.35,11313.26312679
1521331200,947.36,948.63,845,931.99,15709.99734598
1521417600,932,998,912.57,992.1,14173.5733652
1521504000,991.1,1071.85,950,1061.66,17385.25146032
1521590400,1061.65,1080,1003.21,1028.4,11184.43942447
1521676800,1028.4,1066.5,986,1012.3,8499.53706733
1521763200,1010.91,1027.61,958.92,1025,7523.73395965
1521849600,1025,1034.4,970,971.51,5560.90477499
1521936000,971.32,989,966.22,971.38,4512.47136793
1522022400,971.82,976.93,883.37,914,9089.9178433
1522108800,914,929.78,870,873.92,8032.4328473
1522195200,873.93,896.5,847.64,859.08,7277.61671565
1522281600,859.11,868.29,693,709.9,26576.37439868
1522368000,709.9,771.57,673.02,696.6,20745.46898704
1522454400,696.79,738.15,680,683.01,9607.5983313
1522540800,684.38,700.1,626,641.54,10754.42199535
1522627200,641.54,686.28,636.24,663.65,7650.95406497
1522713600,663.78,723.71,657.19,708.7,12043.23299916
1522800000,708.7,708.77,636.02,648.69,9426.08985266
1522886400,648.43,656,620,641.35,9897.4972082
1522972800,641.44,646,603.3,608.7,9895.50723645
1523059200,608.99,654.94,608.24,639.4,5761.09024136
1523145600,639.17,659,638.57,651.5,4037.88415299
1523232000,651.8,680,625.61,637.2,7808.54840446
1523318400,637.2,659.45,626.27,650,4799.97310852
1523404800,650,669,647.69,667.87,7136.45859616
1523491200,667.77,739.99,654.12,737.94,20808.82367144
1523577600,737,786,721.7,741.25,15481.3071517
1523664000,741.25,760,718.07,737.17,5917.60848436
1523750400,736.96,785,736.96,779.86,7494.28703601
1523836800,779.7,801.47,741.01,767.42,13780.8615191
1523923200,768,786.65,750.81,757.21,8404.4485111
1524009600,757.59,902.23,756.7,894.95,21181.97034835
1524096000,894.94,985.13,871.97,963.81,23975.22488465
1524182400,964.57,1150,939.98,1125.07,43070.9604135
1524268800,1125.24,1190,1015.13,1153.58,40902.83064865
1524355200,1153.57,1259.59,1110,1201.47,35171.22267063
1524441600,1201.38,1454.99,1200,1439.27,73360.11353176
1524528000,1439.26,1567.3,1380.99,1409.29,82336.78083745
1524614400,1407,1438.16,1205,1292.01,86256.37251538
1524700800,1291.43,1429.94,1244,1421.3,38943.75867807
1524787200,1421.01,1424.85,1326.63,1331.46,27894.06452464
1524873600,1332.21,1410,1315,1388.97,11531.90654604
1524960000,1388.98,1479.02,1368,1438.37,21907.64520535
1525046400,1438.37,1443.26,1330,1350.49,16911.14227699
1525132800,1348.72,1358.77,1237.31,1352.01,24768.26840609
1525219200,1352,1485,1323.1,1451.99,30070.75724018
1525305600,1452,1539.19,1448.76,1499,34977.79877572
1525392000,1499.18,1529,1461.1,1508.09,17768.27241385
1525478400,1508.15,1749.99,1505.03,1748.89,32057.56736601
1525564800,1748.88,1843.94,1625.02,1748.8,37499.98683417
1525651200,1746.32,1765.1,1558,1648.96,32292.89380277
1525737600,1646.64,1702.58,1532.51,1596.21,25846.86323718
1525824000,1596.2,1675,1452.07,1626.91,26533.35728155
1525910400,1626.9,1665.01,1510.08,1517.36,21596.93844381
1525996800,1517.37,1556.67,1312.9,1365,48903.8121505
1526083200,1365,1500,1275,1459.99,32263.86129773
1526169600,1459.99,1496,1410.31,1481.47,16941.22712584
1526256000,1479.3,1491,1326.45,1414.01,34175.18868247
1526342400,1417.59,1453.63,1311.12,1341.62,26605.95764116
1526428800,1341.62,1357.49,1215.94,1280.58,32038.02366312
1526515200,1280.86,1344.48,1170,1194.93,26367.75794747
1526601600,1194.94,1219.87,1130.5,1204.25,25966.34688303
1526688000,1204.21,1212.62,1150.04,1177.39,10005.59027924
1526774400,1177.4,1319,1167.01,1289.76,19817.02306703
1526860800,1289.76,1300,1212,1229.87,13713.94925866
1526947200,1229.45,1232.33,1120.5,1134.14,18809.4667695
1527033600,1133.99,1154.43,968.03,997.01,42277.73685474
1527120000,997.8,1081,946.1,1075.64,31252.00235557
1527206400,1075.65,1076.99,986.38,1013,22996.43648417
1527292800,1012.46,1045,996.69,1005.09,10451.71303299
1527379200,1005.09,1009,971.11,995.51,9644.18902514
1527465600,995.51,1004.5,872.5,883,19831.09675999
1527552000,882.6,1006.46,872,988.42,29798.69896081
1527638400,989,1031.63,944,982.45,23649.18739017
1527724800,982.98,1034.03,969.66,995,21950.01616934
1527811200,995,1009,960.01,1001.38,13219.22151935
1527897600,1001.38,1097.5,992,1083.98,16836.31887099
1527984000,1083.98,1193.31,1072.69,1167.5,25717.93471994
1528070400,1167.5,1209.99,1072.1,1097.41,33148.8394572
1528156800,1098.03,1158.83,1041.24,1147.99,26489.48682356
1528243200,1147.99,1158.25,1101,1127.25,21158.41946587
1528329600,1127.63,1168.77,1125.58,1143.5,17066.49708592
1528416000,1142.6,1148.5,1085.2,1115.22,14012.88532685
1528502400,1115.21,1135.03,1080.92,1084.99,8857.4160586
1528588800,1084.98,1084.99,902.44,940,37773.00872168
1528675200,939.1,980,896.58,956.14,28459.17648218
1528761600,956.68,959.89,850,871,28041.20852616
1528848000,871,885,802,842.99,27434.31346203
1528934400,842.99,907.99,829,897.02,28722.18986973
1529020800,897.02,899.26,835,842.84,15381.35648749
1529107200,842.84,859.32,830.94,850.1,10204.8098429
1529193600,850.23,862,842.12,846.71,6330.13718585
1529280000,846.73,899.41,825.4,883.64,13255.57834619
1529366400,883.65,929.99,870.45,907.5,15925.70524146
1529452800,907.5,907.52,861.18,890.88,14588.69729818
1529539200,890.89,903.03,866.13,871.43,9839.63835562
1529625600,871.43,872.5,715.55,752.2,33598.02048446
1529712000,752.2,777.99,735,763,11530.09171017
1529798400,763,773.64,661.24,746.8,30143.57119831
1529884800,746.43,780.8,734.8,755.39,20078.43373855
1529971200,755.38,757.61,691.7,694.69,17219.38239717
1530057600,694.69,722.02,684.43,713.05,18314.33084597
1530144000,713.06,722,648.65,659.65,17423.06045527
1530230400,659.04,740,649,716.4,20686.42809226
1530316800,716.4,784.99,716.4,748.15,17196.40817601
1530403200,748.5,753.8,716.18,735.74,8205.72837278
1530489600,735.75,796.62,722.14,780.99,17151.98632581
1530576000,780.98,831.99,751.24,756.28,23268.88276681
1530662400,756.01,809,738.11,763.64,15377.74296662
1530748800,763.63,786.54,712.81,742.83,16165.98576739
1530835200,742.85,742.95,696.5,731.04,12665.68863694
1530921600,731.04,772.86,708.57,768.99,8819.65136739
1531008000,768.99,778.8,740.85,748.99,9137.5864324
1531094400,748.97,759,725.93,730,12597.50962572
1531180800,729.73,736,684.11,687.33,16490.38019478
1531267200,687.37,711.4,683.3,707.51,8748.04096456
1531353600,707.5,708.08,661.73,687.99,11531.86734306
1531440000,686.96,713.5,684.6,694.7,10075.53624273
1531526400,693.7,711.56,686.49,700.59,5900.80576785
1531612800,700.5,733.18,696.63,723.36,8853.12859285
1531699200,723.35,809,717.1,799.74,23787.24589878
1531785600,800,874.2,781.34,851.54,32775.94319525
1531872000,851.54,888.19,806.13,825.81,28855.83718929
1531958400,824.33,844,801.65,823.49,13706.87149053
1532044800,823.48,823.49,761.1,763,17275.83923592
1532131200,762.99,799.85,742.07,786.62,8412.5872213
1532217600,785.51,819.99,777,785.22,8463.48899893
1532304000,785.22,833.33,780.11,781.81,17104.97768872
1532390400,781.81,875,773.5,863.53,37081.60528888
1532476800,863.23,874,816.6,830.26,17166.41120142
1532563200,830.26,860,789.25,804,12451.86490666
1532649600,804,829,780,819.86,12916.99329655
1532736000,819.87,826,800.06,822.89,5474.16820239
1532822400,822.9,839,814.53,829.99,7639.56529526
1532908800,829.98,833.2,785,814.23,13011.8278872
1532995200,814.78,814.78,758.22,776.28,13129.78169694
1533081600,776.28,776.96,735.52,767.44,14909.86051294
1533168000,767.43,773.58,722.5,730.56,8255.03530703
1533254400,730.55,730.56,701,724.99,13007.034558
1533340800,724.99,736.89,688.69,695.76,9353.39587704
1533427200,695.93,715,688,709.38,5626.66418141
1533513600,709.38,718.99,681.52,690.79,9408.52370894
1533600000,690.79,712.25,646,657.41,13668.24692912
1533686400,656.15,657.63,564.39,588.76,35651.36719675
1533772800,588.77,621.4,578,609.52,14988.6603361
1533859200,609.52,613,558.38,570.58,16220.31528417
1533945600,570.57,589,538.12,563.31,14977.82606439
1534032000,563.32,586.33,553.45,571.48,9345.63141784
1534118400,571.47,593.49,522,531.54,17861.17923583
1534204800,531.53,531.54,473,510.98,28926.2473854
1534291200,510.95,541.38,502.24,511.12,22218.36097264
1534377600,511.13,538.78,503.59,516.3,11541.06939261
1534464000,516.31,606.66,515.51,604.22,14301.83351976
1534550400,604.74,612.44,538.35,556.76,13717.71156444
1534636800,556.75,581.58,542.01,571.01,8970.53318859
1534723200,571.01,577,510.04,512.89,18203.24396707
1534809600,512.89,542.97,510.24,536,9618.84072531
1534896000,536,577,507.62,518.39,19162.42329876
1534982400,518.4,532.92,513.7,529.46,8349.93136603
1535068800,529.46,538,520,533.88,7119.39412869
1535155200,533.88,543.78,528.41,536.51,4282.2060282
1535241600,536.5,536.5,515.08,523.91,5000.43617063
1535328000,523.92,555.23,519.19,549.27,8103.2382272
1535414400,549.1,575.01,540.22,565.01,13194.99153318
1535500800,565,568,544.31,554.2,9039.43988639
1535587200,554.2,556.52,525,539.35,8337.94414031
1535673600,538.46,546.02,533,542.57,5231.26904622
1535760000,542,630,541.49,615.32,18253.03114945
1535846400,615.99,659,600.23,651.98,19277.1158936
1535932800,651.97,656.77,622.33,627.55,13363.62689342
1536019200,627.3,649.91,622,625.51,9669.30423855
1536105600,625.36,632.17,521.5,527.28,30244.34793506
1536192000,526.82,529.2,486.07,518.5,25731.05033351
1536278400,518.5,528,492.5,497.27,13421.66613939
1536364800,497.66,504.97,461.16,474.51,12707.68667228
1536451200,474.52,494.75,462.45,479.34,9359.1095242
1536537600,479.34,489,457.88,466.58,9865.00092577
1536624000,466.59,477.86,425.8,439.99,14987.11680326
1536710400,439.99,439.99,410,430.81,25436.16087913
1536796800,430.54,478.32,430.54,464.03,20202.176773
1536883200,464.03,478.53,440.25,448,15584.07987705
1536969600,448.01,461.84,443.5,449,8586.45644183
1537056000,449,452.26,426.13,450.43,7655.3075439
1537142400,450.42,461.94,407.65,417.62,19502.43326772
1537228800,417.62,448.44,412,432.39,15729.18179139
1537315200,432.48,441.05,408.07,429.85,22269.58959576
1537401600,429.85,466.5,423,456.21,18001.87283287
1537488000,456.22,510,449.51,501.7,33521.47867674
1537574400,501.69,510,470.04,484.32,13547.80651942
1537660800,484.31,510.32,476.69,489.21,11795.26796564
1537747200,489.85,493.77,456.01,461.99,15026.02452077
1537833600,461.99,461.99,425,446.47,21575.36151081
1537920000,446.45,549.5,432.86,513.9,50015.76776821
1538006400,513.83,591.88,513.11,565.84,48952.96350175
1538092800,565.83,574.95,528.43,538.39,22593.42533101
1538179200,538.39,558.94,507.01,536.96,14194.61577094
1538265600,536.96,550.99,515.5,529.77,12846.35488723
1538352000,529.34,542.45,520.11,531.17,15286.72535949
1538438400,531,549.98,521.44,530.37,14487.69127564
1538524800,529.22,532.1,502.92,514.62,12557.17966339
1538611200,514.22,528,505.24,511.92,9582.421064
1538697600,511.92,524.85,507.91,517.95,7984.3713118
1538784000,517.95,518.99,497.76,507.35,7049.30067678
1538870400,507.34,519.99,504.02,517.14,5373.91338535
1538956800,517.14,530,515.19,525.99,8927.24439964
1539043200,525.99,526,511.84,516.24,5589.05518261
1539129600,516.02,516.54,501.49,509.79,8136.38751957
1539216000,509.79,509.79,422.51,428.65,35420.55045513
1539302400,428.36,451.63,422.51,437.54,12195.92917569
1539388800,437.53,444.99,437,443.75,6242.72976042
1539475200,443.74,449.67,428.76,432.42,7780.18246574
1539561600,432.42,476.87,426.22,447.92,29140.09573634
1539648000,447.95,458.2,443,449.26,12390.52839788
1539734400,449.26,449.93,435.71,440.98,14210.59461825
1539820800,440.82,449.98,425,431.66,16960.55073496
1539907200,431.66,439,426.52,436.27,11099.33473362
1539993600,436.24,448,432.8,443.74,7083.88837087
1540080000,443.74,453.8,441.28,443.47,6743.71793035
1540166400,443.31,447.99,438.5,445.16,4598.98745158
1540252800,445.16,446.14,432.01,438.22,7446.04069399
1540339200,438.46,445,437,437.74,4536.12842057
1540425600,437.78,439.61,435.5,436.72,3556.34633747
1540512000,436.71,439.78,431.92,435.1,5083.26221869
1540598400,435.09,435.7,430.3,434.47,3150.30447646
1540684800,434.47,437.04,432.21,436.22,2592.10414234
1540771200,436.22,436.97,408,413.53,11175.864199
1540857600,413.57,421.21,411.88,419.2,4835.83293042
1540944000,419.19,429.93,406.16,422.67,8472.4156063
1541030400,422.68,423.99,419.57,422.51,5503.96632157
1541116800,422.51,470.2,421.61,459.65,16928.07420799
1541203200,459.65,484,451.12,476.78,10974.28700676
1541289600,476.78,588.29,476.33,565.43,64519.31938134
1541376000,565.43,577,534.68,557.3,31847.24313595
1541462400,557.23,631.99,550.7,628.01,45033.70971866
1541548800,628.01,638.55,603.09,614.34,33994.80995687
1541635200,614.34,617.88,566.11,571.8,29586.43978572
1541721600,571.81,594.31,520.25,539.07,29185.79558762
1541808000,539.06,563.48,526,552.94,16447.94231914
1541894400,552.94,552.94,511.04,528.21,18736.67381426
1541980800,528.22,535.98,495.98,509.31,30288.50917792
1542067200,509.3,540,495.05,502.99,34901.33979092
1542153600,502.99,518.74,402,427.47,73163.59780421
1542240000,426.9,449,382,415,26891.57043746
1542672000,275,275.01,210,231.99,1049.13242586
1542758400,231.99,273.99,231.98,255.86,6371.81922161
1542844800,256.86,258.99,223.63,227,2615.59692738
1542931200,225.69,225.7,200.02,205.01,3991.82642275
1543017600,204.94,215.52,168.8,173.94,5677.7463837
1543104000,173.94,187.5,148.55,179.6,11076.23312504
1543190400,179.97,203.2,165.87,177.6,10191.07217167
1543276800,177.61,184.5,165.64,176.24,15658.45946387
1543363200,176.27,199,175.28,189.46,32976.71419118
1543449600,189.46,191.17,173.1,178.77,22131.02929257
1543536000,178.74,187.37,165,170.39,16158.05851117
1543622400,170.33,176.98,165,170.84,11661.49574865
1543708800,170.98,177.97,167.66,169.36,10469.40835125
1543795200,169.66,170.85,152.26,157.14,14851.01653704
1543881600,157.2,158.24,145.52,146.67,18083.80653031
1543968000,147,147.02,127.01,127.67,31007.93858026
1544054400,127.67,129.75,103,104.75,42835.1905582
1544140800,104.53,116.25,94.2,104.52,79120.16033036
1544227200,104.51,108.71,95,99.61,30196.45993951
1544313600,99.51,110.97,98.09,106.24,31434.03071987
1544400000,106.22,108.29,99.1,101.57,15271.52232579
1544486400,101.6,101.6,92.32,95.57,19509.61048172
1544572800,95.42,100.32,94.25,96.74,11190.3887157
1544659200,96.75,96.89,85.82,86.69,21312.32853092
1544745600,86.82,88.3,75.51,79.4,43894.07563887
1544832000,79.38,81.17,73.22,76.23,21098.42362225
1544918400,76.2,81.81,76.02,78.68,26306.57701848
1545004800,78.87,91.39,78.42,88.02,35774.90480747
1545091200,87.96,107.22,85.02,103.99,73089.72516722
1545177600,103.99,146.17,102,126.35,177144.41413716
1545264000,126.01,215,124,191.4,289693.58204765
1545350400,192.11,232.1,171.35,191.75,279306.2510433
1545436800,191.75,205,180.33,195.99,105878.20088952
1545523200,196,209.57,186.67,195.95,92283.53647337
1545609600,195.94,213.45,175,180.31,135243.36875386
1545696000,180.08,182.49,149.81,170.37,113629.28082534
1545782400,170.14,186.47,162.17,173.65,80125.57403045
1545868800,174.46,176.85,144.61,147.38,78310.87504942
1545955200,147.38,177.9,140.2,172.1,92789.85955868
1546041600,172.11,174.99,160.02,160.49,52726.62129139
1546128000,161.4,164.9,156.13,161.8,36971.2943236
1546214400,161.81,162,144.7,147.64,38960.3257323
1546300800,147.99,165,146.11,163.66,44512.57965299
1546387200,163.6,173.22,159.51,170,46376.38925842
1546473600,169.95,174.99,156.17,159.88,43663.74524524
1546560000,160.01,163.14,152.25,159.39,40429.40019305
1546646400,159.39,165,156,158.41,27775.35131395
1546732800,158.41,167.62,156.11,164.7,33896.55239205
1546819200,164.7,166.55,158.61,159.71,21014.12258678
1546905600,159.68,162.8,156.44,159.79,20807.98559382
1546992000,159.95,160.66,156.1,158.7,14143.84891833
1547078400,158.7,164,127.96,133.11,89690.53990909
1547164800,133.11,133.34,126.53,129.28,46618.36816957
1547251200,129.18,136.92,128.61,133.02,28786.56578182
1547337600,132.94,134.1,121.37,124.66,34991.65401733
1547424000,124.66,136.64,122.5,132.33,35849.27274303
1547510400,132.24,133.21,124.73,126.38,28746.03361502
1547596800,126.37,130.94,126.06,127.57,16497.71232872
1547683200,127.62,130.9,124.05,129.76,19302.15872626
1547769600,129.76,129.85,124.65,126.74,14982.87456838
1547856000,126.74,130.9,126.24,128.53,10849.21688354
1547942400,128.52,129.49,119.52,121.85,21376.59856004
1548028800,121.86,123.46,120.17,121.53,11323.08400105
1548115200,121.47,131,115.93,127.34,39949.12306827
1548201600,127.33,134.97,126.54,131.28,37369.64276829
1548288000,131.28,131.28,125.51,128.22,17471.94561854
1548374400,128.21,128.58,124.69,126.5,11641.82119892
1548460800,126.45,128.53,125.14,125.21,9607.74964553
1548547200,125.21,125.82,117,120.67,15096.25223533
1548633600,120.82,120.85,104.8,111.05,62897.70121191
1548720000,111.05,112,105.61,109.01,25446.06417391
1548806400,109.01,119.6,107.18,116.2,34292.60775914
1548892800,116.18,120.26,111.8,112.95,25551.90665249
1548979200,112.95,117.24,110.07,114.45,29087.13856133
1549065600,114.42,121,114.03,119.84,21842.99614465
1549152000,120,120.42,115.17,117.34,18487.49624647
1549238400,117.25,119.1,116.25,117.37,10466.97804115
1549324800,117.37,118.07,115.55,116.03,10475.97225222
1549411200,116.03,121.12,109.88,113.44,46011.43950846
1549497600,113.34,115.98,112.57,114.1,12208.42482677
1549584000,114.1,131.24,112.6,127.87,74723.94982605
1549670400,128,128.9,124.5,126.83,18375.65183242
1549756800,126.82,127,120.03,125.88,26716.64509703
1549843200,125.9,126.05,119.01,120.64,19521.82382972
1549929600,120.63,122.43,116.81,120.97,20445.08594565
1550016000,120.95,125.57,119.44,120.79,20116.46567368
1550102400,120.8,122.85,118.27,119.93,36271.54398437
1550188800,119.92,123.32,119.2,120.05,12225.08626376
1550275200,120.05,121.89,119.95,120.37,10322.39378042
1550361600,120.38,124,119.08,122.91,21078.52851358
1550448000,122.91,148.77,122.88,142.26,117930.57301831
1550534400,142.17,150,140.25,140.81,78351.50970592
1550620800,140.62,147.28,137.73,145.56,41389.62576856
1550707200,145.49,146.41,138.17,140.52,28456.05210691
1550793600,140.51,143.82,139,142.53,24749.4346077
1550880000,142.64,154.79,139.61,153,46465.34977415
1550966400,153,157,125.55,126.49,85522.01152357
1551052800,126.47,138,126.14,132.92,47931.84925376
1551139200,132.9,136.91,130.13,131.65,21404.49275167
1551225600,131.52,133.37,124.99,130.35,34511.33225185
1551312000,130.38,132.75,127.64,129.44,31153.77827066
1551398400,129.32,132.49,129.09,130.5,14790.79926284
1551484800,130.5,131.2,127.78,130.12,10961.03170686
1551571200,130.05,131,128,128.85,8720.68002091
1551657600,128.91,129.74,120.36,122.84,30660.9529406
1551744000,122.82,132.96,122.33,131.75,24760.09079951
1551830400,131.75,133.2,128.54,130.93,19693.53823788
1551916800,130.94,132.75,129.43,129.72,16659.19601061
1552003200,129.77,131.4,125.28,127.1,21659.86421053
1552089600,127.1,135.5,126.53,132.77,27824.19563046
1552176000,132.78,133.1,129.42,130.4,10738.83862356
1552262400,130.46,131.11,125.76,128.04,15802.45757298
1552348800,128.08,128.5,125.1,127.52,14430.33712353
1552435200,127.53,128.5,125.6,127.28,8744.36594649
1552521600,127.17,134.35,127.02,131.38,35800.11386788
1552608000,131.49,145.27,131.05,142.63,45090.72236157
1552694400,142.63,159.64,142.48,155.22,78810.25805256
1552780800,155.32,156.95,145.76,153.5,37010.44140797
1552867200,153.5,166.8,153.16,160.14,62714.06803912
1552953600,160.24,161.36,154.27,159.58,26199.66602612
1553040000,159.59,159.59,152.5,158.56,24685.97235058
1553126400,158.5,159.65,145.81,152.64,40266.73055006
1553212800,152.66,158.8,150.44,156.15,17561.91972974
1553299200,156.15,168.9,155.25,165.32,36056.63322382
1553385600,165.31,165.31,160.4,163.4,24119.07241979
1553472000,163.41,164.64,153.21,158.78,35111.23711289
1553558400,158.77,159.52,152.5,158.1,19732.51050187
1553644800,158.42,172.99,157.59,170.23,47839.60464961
1553731200,170.13,170.2,165.38,167.1,18163.35774066
1553817600,167.1,170.99,166.78,170.13,17586.3612821
1553904000,169.94,171.59,164.19,166.71,20852.70789816
1553990400,166.67,169.21,165,168.64,10109.74871004
1554076800,168.53,169.69,166.52,167.18,14209.65332092
1554163200,167,249,166.98,242.96,172437.37473173
1554249600,242.94,354.17,242.31,301.84,462755.50824964
1554336000,301,324.98,272,285.96,183232.763841
1554422400,286.13,302.64,280.52,293.76,73798.9050479
1554508800,293.76,332.64,284.57,306.66,123162.16073533
1554595200,306.21,329,298.61,320.52,101850.3843571
1554681600,320.66,329.9,294.34,309.88,77403.48093147
1554768000,309.82,309.82,292.95,295.48,36630.67909977
1554854400,295.48,315.14,295.03,304.73,56972.90931977
1554940800,304.8,305.98,254.17,270.67,102728.73619359
1555027200,270.67,290,258.37,282.2,68098.46825924
1555113600,281.92,287.7,272.88,278.23,32554.89102831
1555200000,278.1,291.49,273,289.56,24398.46341288
1555286400,289.53,335,287.79,312.65,147696.27915816
1555372800,312,324.9,303.73,316,72261.09130334
1555459200,316.45,322,304,310.17,44853.00738814
1555545600,310.14,314.5,303.95,306.36,37405.92063162
1555632000,306.36,313.2,290,306.92,46126.62706318
1555718400,306.97,309.69,294.63,300.12,22438.46725387
1555804800,300.18,302.97,280,290.53,40723.78681326
1555891200,290.44,296,286.89,292.88,35422.29154983
1555977600,292.81,312.02,287.7,288.59,50045.94960194
1556064000,288.72,291.98,269.13,278.8,51888.89729308
1556150400,278.74,284.54,256.31,264,37594.36711696
1556236800,263.74,271.2,250,259.47,40100.38542843
1556323200,259.5,264,255.94,259.42,13721.37258646
1556409600,259.45,261.7,244,248.84,24186.55946159
1556496000,248.93,249.88,227.4,234.32,47339.25116545
1556582400,234.32,266.51,231.35,265.25,60117.73324311
1556668800,265.15,277.32,261.5,267.89,64514.09080226
1556755200,267.64,276.89,261.49,264.4,38012.53961325
1556841600,264.2,296.62,262.36,287.43,70057.25258975
1556928000,287.69,310,267.75,287.18,97806.66247666
1557014400,287.19,298.88,283,290.22,51321.98232826
1557100800,290.2,293.44,273,285.61,48504.93348983
1557187200,285.63,298.16,279.41,280.53,72311.67707246
1557273600,280.42,286.84,270,284.22,34014.87137433
1557360000,284.38,291.01,274.61,282.8,45534.21292553
1557446400,283.06,295.74,276.21,285.56,62262.46849752
1557532800,285.69,387.99,285.65,354.76,184285.42406828
1557619200,353.53,382.21,330,355.74,207253.35535891
1557705600,355.72,407,348.26,384.02,183087.57156526
1557792000,385.21,410.92,363,389.23,148291.45205632
1557878400,388.91,413,371.15,404.14,127458.39284508
1557964800,404,452.91,380,398.89,210976.25017204
1558051200,398.71,412,336.73,367.85,160690.32707645
1558137600,367.73,375,350.52,357.98,44515.43619595
1558224000,357.57,434.12,356.36,418.4,122342.53367641
1558310400,417.58,423.14,381,414.76,98694.81705117
1558396800,414.96,447.05,400.48,417.17,81203.96067774
1558483200,417,425,381.12,387.61,70036.39409106
1558569600,387.27,408.63,368.03,405.93,65083.1425146
1558656000,405.97,423.64,394.29,409,68334.14058224
1558742400,409,414.1,400.05,406.29,22068.35145636
1558828800,406.04,437.82,391,433.55,67452.65443816
1558915200,433.55,458.06,419,439.1,83529.4595796
1559001600,439.59,444.93,426.09,433.5,38084.33929375
1559088000,433.23,465.95,420,456.84,71999.86791377
1559174400,456.85,483.33,401.73,422.41,121912.77581514
1559260800,421.88,444.97,412.99,443.39,45837.51209567
1559347200,443.48,449,427.67,432.5,37906.75961031
1559433600,432.75,452.75,431.49,441.46,29829.08075017
1559520000,441.54,447.5,395,401.02,70617.5067968
1559606400,401.49,402.2,362.53,382.87,104569.44953656
1559692800,382.88,419.2,378.86,397.52,73218.08069338
1559779200,396.91,402.39,369.11,396.64,51288.0857515
1559865600,397,410.99,389.3,399.03,45506.84502253
1559952000,399.09,404.79,386.23,393.46,23517.5324057
1560038400,393.46,398.25,370.73,380.53,39124.85231137
1560124800,380.23,400.73,373.71,394.11,45607.18967642
1560211200,393.96,397.99,378.81,388.26,35787.42496243
1560297600,388.04,404.36,384.02,396.86,46923.98050109
1560384000,397.26,425,395.07,412.05,56946.98835136
1560470400,412.56,423,400.42,420.96,39125.22752411
1560556800,421.32,426.67,412.59,423.74,29541.94570756
1560643200,423.66,439.86,417.63,427.57,40559.05110613
1560729600,427.68,439.78,425.1,431.04,29849.92621212
1560816000,431.01,432.32,402.33,413.82,50305.17728892
1560902400,413.83,420,407.33,416.37,26184.76535472
1560988800,416.37,418,404.68,412.65,23275.78572891
1561075200,412.88,443.7,412.88,441.34,54113.52782268
1561161600,441.63,517.75,432,479.67,115080.65967648
1561248000,479.56,501,469,474.76,50541.63912211
1561334400,474.87,478.31,459.09,478.31,28760.54006166
1561420800,478.31,484.31,463,477.36,37963.66499001
1561507200,477.07,515.87,435,481.82,135961.58346809
1561593600,481.8,491.65,382.28,411.76,141649.07057138
1561680000,411.42,438.29,394.61,434,67365.40951567
1561766400,433.93,444.38,411,439.62,43658.55015325
1561852800,439.62,449.5,395.05,399.5,50447.7451472
1561939200,399.95,419.98,385,415.63,60462.38682006
1562025600,415.7,422,380.32,407.05,65985.97449614
1562112000,407.8,424,405.45,421.75,26109.55689671
1562198400,422,423.74,397.71,399.64,30087.31412282
1562284800,399.87,410.58,390.54,400.11,30714.64175299
1562371200,400.01,419.8,399.59,406.34,22622.92767409
1562457600,406.37,415.67,398,412.43,20470.84989756
1562544000,412.37,420.4,406.03,417.63,26919.866291
1562630400,417.97,428.98,410.51,415.16,38729.29633028
1562716800,415.75,423.82,380,388.97,57025.27524668
1562803200,388.94,389.48,311.51,345.85,138758.06435749
1562889600,345.49,361.67,336.29,353.68,60990.95325494
1562976000,353.7,354.28,330.37,343.57,42633.18453473
1563062400,343.96,346,273.2,281.94,81923.84177567
1563148800,280.62,328.39,255.06,313.44,119652.40584825
1563235200,313.1,318.3,263.34,282.34,137282.57848078
1563321600,282.91,309.2,272.01,292.63,111942.14324439
1563408000,292.3,323.68,283.32,314.98,78107.54014195
1563494400,314.83,316.3,295.5,308.2,47837.93369446
1563580800,307.93,344,304.93,325.15,57587.57059812
1563667200,324.87,332.2,310.97,320.84,35408.90810547
1563753600,321.13,325,299.56,309.84,38514.7523638
1563840000,310.14,315.21,290.95,297.51,47403.70915452
1563926400,297.51,308,281.98,302.59,61077.57159689
1564012800,302.4,313.24,291.28,302.04,42922.46190173
1564099200,301.63,324.96,294.08,317.16,37388.4410335
1564185600,317.54,326,297.38,305,38737.45757887
1564272000,305.01,313,288.73,310.99,30930.82438625
1564358400,310.91,315,301.13,305.29,23535.0618132
1564444800,305.27,324.71,302.01,318.26,25734.56419236
1564531200,318.26,338.02,317.5,328.84,40154.75438392
1564617600,328.6,331.26,318,329.68,20918.55519479
1564704000,329.56,334.63,320,328.13,23849.07444089
1564790400,328.13,348.99,326.17,335.79,28002.16458345
1564876800,335.41,339.99,328.52,336.58,17507.23648281
1564963200,336.49,356.58,336.49,347.03,31651.00743292
1565049600,347.01,355.43,329.2,335.21,23545.31178665
1565136000,334.93,346.44,330,338.33,28469.58606634
1565222400,338.05,339.04,325,332.71,17440.73059725
1565308800,332.94,334.23,308,314.52,28840.4367295
1565395200,314.64,325.04,302.36,315.06,26307.61957629
1565481600,315.05,344.04,312.84,338.3,22348.45839161
1565568000,338.36,339.75,325.91,329.16,13599.70869003
1565654400,329.35,350.99,327.24,347.2,35211.22954317
1565740800,346.73,358.58,304.04,311.14,63304.98980575
1565827200,310.99,323.93,267.03,314.51,64374.65463545
1565913600,314.43,316.59,297.65,309.4,28945.40677075
1566000000,309.18,312.55,300,306.63,13194.84628571
1566086400,306.62,325.17,302.24,317,14306.81989636
1566172800,316.97,329.34,312.56,325.08,15218.04294706
1566259200,325.24,326.34,310.81,315.16,10154.86846309
1566345600,315.53,316.38,288.26,303.4,25314.2616425
1566432000,303.4,315.62,293.61,311.42,19396.25186974
1566518400,311.55,318.79,305.4,316.21,12205.36418028
1566604800,316.19,316.82,299,306.13,12002.45909963
1566691200,306.13,312.7,300.7,305.28,11092.27874394
1566777600,305.6,315.49,305.02,310.88,13876.00577512
1566864000,310.62,313.12,302.85,307.99,10892.4237571
1566950400,308,309.31,282.34,291.52,18660.54527347
1567036800,291.51,291.67,274.94,279.78,22174.43243061
1567123200,279.68,283.76,270.17,278.59,15620.74321652
1567209600,278.59,287.99,270.41,279.37,16179.23878975
1567296000,279.34,284.81,273.34,281.9,10457.30061649
1567382400,281.99,295.87,280.32,293.95,17219.33608294
1567468800,293.68,306.37,293.4,300.82,16927.30989265
1567555200,301.01,301.77,292,294.61,10671.62478482
1567641600,294.62,296.08,285.72,292.76,10896.52380507
1567728000,292.67,302.7,278.6,287.1,20650.5406542
1567814400,286.76,305.5,284.42,300.06,19126.50749254
1567900800,300.06,311.28,293.57,306.59,23809.73818845
1567987200,306.64,313.29,297.51,304.14,19577.0622131
1568073600,304.03,310.97,298.28,303.57,14871.93148432
1568160000,303.57,306.91,291.49,299.15,15972.17023726
1568246400,299.15,302.09,295,300.55,7582.6107477
1568332800,300.54,300.69,295.01,298.83,6731.3751113
1568419200,298.73,307.55,296.56,304.97,12227.0729775
1568505600,304.94,307.75,301.07,303.3,7135.52269067
1568592000,303.23,309.75,300.04,307.92,12329.0917569
1568678400,307.89,328,305.18,318.18,32080.94523265
1568764800,318.22,333.93,318.14,324.04,24910.76892691
1568851200,323.75,324.9,301.73,323.8,30112.56941378
1568937600,323.92,325.25,307.38,315.75,16051.59845589
1569024000,315.58,318.55,309.11,311.6,8905.05138147
1569110400,311.75,311.75,302.14,306.75,9665.85146655
1569196800,306.76,307.81,290.14,292.06,18427.39728782
1569283200,292.15,293.12,234.11,246.26,72989.03196546
1569369600,247.38,248.58,214.79,227.9,91106.11201174
1569456000,227.86,228,201.66,214.11,70514.04992578
1569542400,214.15,223.46,208.05,220.65,33010.6533276
1569628800,220.63,231.37,217.91,227.62,22805.75475612
1569715200,227.69,228.11,212,218.17,25707.5756558
1569801600,218.24,231,212.33,227.65,27988.41832079
1569888000,227.71,235.78,219.11,223.68,30614.40375929
1569974400,223.71,226,220.56,225.42,14367.8862942
1570060800,225.54,225.93,216.08,222.64,13557.20719644
1570147200,222.64,225.4,217.93,221.76,9923.94918633
1570233600,221.77,223.8,218.31,223.51,5785.30362737
1570320000,223.7,223.91,215,220.47,9284.27251079
1570406400,220.52,237.97,218.78,232.97,19153.80347328
1570492800,232.97,239.59,227.27,231.54,13342.52145046
1570579200,231.54,242,228.27,239.53,22001.00621473
1570665600,239.65,240.3,229.26,230.31,14684.69633527
1570752000,230.47,235.49,219.1,221.07,19845.94848793
1570838400,221.06,228.04,220.88,224.52,12235.5178765
1570924800,224.3,228.56,220.43,223.23,8773.08973066
1571011200,223.23,230.97,222.68,228.03,10480.33969374
1571097600,228.28,229.15,217.07,222.38,14627.29014588
1571184000,222.38,226.32,213.9,217.07,15037.81313842
1571270400,217.02,221,214.02,220.34,10973.97261309
1571356800,220.06,220.54,207.57,212.26,13739.57343892
1571443200,212.11,216,210.61,213.32,8350.89564266
1571529600,213.42,226.9,211,224.99,13842.13613561
1571616000,225,236.82,223.57,232.56,25837.15533127
1571702400,232.56,234.39,225.69,227.1,14067.97835901
1571788800,227.04,227.86,197.72,210.29,37573.5311581
1571875200,210.26,218.01,206.39,212.27,19437.31550669
1571961600,212.62,273.49,212.11,258.69,65289.9652966
1572048000,258.69,285,241.53,253.17,64202.97646533
1572134400,253.35,273.45,246.26,261.46,46686.24284087
1572220800,261.51,276.28,258.55,264,37427.22576979
1572307200,264.3,299.06,263.64,289.73,58378.77131725
1572393600,289.73,306.85,282.43,289.01,41446.11482362
1572480000,288.82,293.87,269.64,283.2,34844.5946485
1572566400,282.92,283.57,269.85,278.98,22605.31661119
1572652800,279.1,296.74,278.32,290.04,21738.40525712
1572739200,290.18,304.48,282.51,291.64,20977.21269086
1572825600,291.65,295,284.26,291.13,20921.52345493
1572912000,291.17,298.79,286.2,293.3,18179.85036184
1572998400,293.16,308.21,291.41,305.42,27858.03709981
1573084800,305.53,306.45,285.86,291.72,21994.47955064
1573171200,291.61,295,269.1,276.91,27776.72770575
1573257600,277.08,283.81,275.55,282.52,13864.69529924
1573344000,282.51,301.72,279,292.74,24018.12939688
1573430400,292.74,297.21,280.75,286.41,16597.13030837
1573516800,286.16,291.61,280.51,289.15,14695.68570422
1573603200,289.19,289.51,281.23,284.92,11509.94942403
1573689600,284.98,286.16,272,277.17,31738.05469713
1573776000,277.08,279,257.98,262.65,29789.16922514
1573862400,262.75,267.68,261.22,265.09,11128.72904111
1573948800,265.08,270.27,260.11,265.99,9513.9013945
1574035200,265.99,265.99,237.5,245.88,27510.04853008
1574121600,245.75,247.89,232.69,241.69,27636.18445957
1574208000,241.81,248.22,237.35,243.01,15387.60029806
1574294400,242.93,246.35,216.9,226,38869.22313122
1574380800,225.98,229.37,195.15,208.5,71579.91549674
1574467200,208.38,218.74,203.54,215.37,37653.96591779
1574553600,215.37,216.77,200.46,202.43,22124.03476785
1574640000,202.53,216.5,192.1,207.9,59091.48078078
1574726400,207.64,215,207.4,211.15,24475.72849233
1574812800,211.2,225.89,203.61,219.83,38933.46291248
1574899200,219.87,222.78,216.5,217.48,17991.16817906
1574985600,217.72,227.04,217.54,224.28,16308.76025344
1575072000,224.36,225.18,214.79,218.01,11888.53667644
1575158400,217.91,218.18,206.5,214.36,14943.57977687
1575244800,214.55,216.5,209.51,214.01,11164.02523844
1575331200,214,216.19,210.97,211.68,12864.18685502
1575417600,211.64,220.64,203,207.5,26736.89629219
1575504000,207.5,214.47,205.37,211.6,14272.55428804
1575590400,211.61,214.13,209,213.24,11007.06608375
1575676800,213.24,216.59,210.2,211.38,7530.97967352
1575763200,211.41,215.35,208.49,212.55,6414.80334513
1575849600,212.71,215.35,205.87,208.25,10117.98155498
1575936000,208.29,209.04,203.68,206.8,13650.52514405
1576022400,206.63,208.16,204.01,206.7,6258.74764755
1576108800,207,207.94,203.52,206.37,7878.80877692
1576195200,206.37,212.46,205.94,211.52,8627.74211941
1576281600,211.52,213.2,204.61,205.85,6026.73502777
1576368000,206,209.79,205,206.84,7920.89481832
1576454400,206.91,207.69,193.6,195.95,32271.5772392
1576540800,195.95,196.75,171,176.53,36620.07214342
1576627200,176.61,191.87,170.03,188.71,44773.35763094
1576713600,188.81,190.67,182.55,186.06,25935.74281459
1576800000,186.14,190.64,183.57,187.3,12125.38927238
1576886400,187.47,188.33,185.59,186.31,5089.00399785
1576972800,186.35,197.65,185.87,196.55,11903.3315119
1577059200,196.52,198.25,187.36,189.6,11620.34693345
1577145600,189.65,191.49,185.1,188.77,8285.33615804
1577232000,188.74,188.74,182.58,185.15,8275.34807389
1577318400,185.04,194.33,183.84,187.55,11147.5257708
1577404800,187.58,204.34,186.55,202.97,33845.18821907
1577491200,202.97,209.7,202.44,205.69,14422.55305169
1577577600,205.73,215.8,204.2,212.14,16520.46836184
1577664000,212.13,214.42,204.89,207.72,10196.11527735
1577750400,207.51,213.43,200.57,203.65,14044.44402336
1577836800,203.81,208.25,202.26,203.59,9741.11758861
1577923200,203.62,204.67,192.38,194.97,21230.93584067
1578009600,194.9,225.6,191.48,221.16,51956.78327708
1578096000,221.16,226.98,215.5,224.31,26987.28049003
1578182400,224.67,227.48,219.75,222.71,13646.98313616
1578268800,222.59,247,222.05,244.47,36248.00126967
1578355200,244.43,247.64,232.12,242.72,37215.99507227
1578441600,242.78,255.1,229.73,239.82,46528.64110339
1578528000,239.82,243.92,231.14,237.65,17973.84137491
1578614400,237.86,274.98,231.11,271.83,65757.16604584
1578700800,271.82,279.56,258.31,260.96,38720.8358424
1578787200,260.96,271.48,258.03,270.6,13722.30832814
1578873600,270.73,273,260.78,267.01,14300.99615459
1578960000,267,368.32,267,348.58,224992.46135785
1579046400,348.38,362.28,312.07,339.4,139482.53281532
1579132800,339.72,342.4,309.46,326.76,60185.5047047
1579219200,326.5,383,319.4,367.24,108276.14540188
1579305600,366.59,405,330,339.49,154736.27889695
1579392000,339.39,365.7,320.26,339.04,77300.25144785
1579478400,339.11,354.42,322.38,342.41,46431.92553219
1579564800,342.44,347,331.74,342.98,25777.83291802
1579651200,343.01,354.53,338.49,348.4,25277.03508155
1579737600,347.95,348.85,315,324.59,46121.64727599
1579824000,324.46,327,296.69,318.38,54480.31725566
1579910400,317.88,318.57,304.73,309.73,27469.40361793
1579996800,309.55,348.77,306.75,347.33,41376.86718721
1580083200,347.64,376.6,346.78,362.04,58559.72716718
1580169600,362.02,384.49,359.52,378.86,61672.97195987
1580256000,379.28,395.85,375.17,379.65,54206.2398022
1580342400,379.44,396,369.55,391.99,42931.23999517
1580428800,391.84,394.76,363,374.49,39722.5662985
1580515200,375.65,388.88,371.96,379.98,26364.47144561
1580601600,379.97,387.4,368.24,377.22,22665.89163325
1580688000,377.38,392.19,374.16,383.55,29027.08397299
1580774400,383.91,389.04,371.92,379.47,21853.32599698
1580860800,379.71,445.1,377.55,444.68,63647.20231737
1580947200,444.68,448.38,417.61,444.99,47499.55590096
1581033600,444.76,459.49,431.42,439.39,29607.00688646
1581120000,439.53,454.6,422.17,444.98,25561.91047463
1581206400,444.97,461.36,434.23,450.76,29448.53718409
1581292800,450.26,463,436,452.48,32740.86400926
1581379200,452.14,470.91,440.61,463.85,37474.11535237
1581465600,464.24,483.24,463.8,474.43,43788.37471511
1581552000,474.42,486.96,459.17,476.99,36864.13148
1581638400,476.93,497.53,466,494.59,28760.72918281
1581724800,494.24,496,420,439.03,49868.655891
1581811200,438.73,458.4,380.77,411.59,64441.57950462
1581897600,411.5,417.2,367.77,413,78694.33330578
1581984000,413,428.09,386.7,421.11,50050.14107728
1582070400,421.8,424.88,370,379.22,46195.08252519
1582156800,378.65,387.56,352.4,371.65,58800.03493972
1582243200,371.49,389.81,366.7,378.39,30926.85447806
1582329600,378.5,380.85,367.62,373.99,15325.55229823
1582416000,373.47,405.98,373.19,402.63,24396.3209365
1582502400,402.82,409.66,363.64,377.62,40383.36268043
1582588800,377.92,379.39,345.08,352.36,38026.02384697
1582675200,352.69,361.79,301.1,316.5,73965.65726964
1582761600,316.58,335.52,306.51,324.2,46128.43965114
1582848000,324.99,329.76,298.74,316.03,38165.0890922
1582934400,315.68,322.77,305.42,305.96,22575.09593031
1583020800,305.96,324.8,303.29,311.65,32191.05406613
1583107200,311.48,344.49,309.79,339.73,46912.20160086
1583193600,339.73,339.8,319.3,329.79,31971.51453545
1583280000,329.61,332.55,311,319.73,27367.3532878
1583366400,319.69,343.85,319.59,336.5,42581.94135077
1583452800,336.72,352.96,332.95,351.38,37663.34341147
1583539200,351.6,351.91,328.02,331.3,23598.72601294
1583625600,331.23,331.23,269,274.19,77651.34489589
1583712000,274.19,286,252.33,273.05,94491.02036902
1583798400,273.05,278.51,262.48,271.58,39351.73118245
1583884800,271.51,274.97,250.2,267.28,41811.89405207
1583971200,267.53,267.95,141.13,146.77,237545.27205845
1584057600,146.5,200,133.67,180.12,286032.23012862
1584144000,180.44,185.23,163.4,166.89,76343.6471099
1584230400,166.85,192,164.63,177.47,91135.838067
1584316800,177.6,184.14,147,173.26,145316.62383602
1584403200,173.39,189.78,169.38,182.79,107136.17327721
1584489600,183.22,186.58,169.45,185.38,64121.33895999
1584576000,185.37,235.22,177.57,221.78,143023.48322156
1584662400,221.77,246,189.41,214.51,132874.96205562
1584748800,214.96,228.93,206.42,220.35,67540.29601324
1584835200,220.14,233.19,200.16,202.75,73943.92856301
1584921600,202.64,228.98,198.27,222.44,83348.19325769
1585008000,222.01,231,218.29,228.03,59400.62840544
1585094400,228.01,231.24,213.34,220.94,49084.78599333
1585180800,221,229.49,218.05,228.81,44532.82661475
1585267200,228.81,236.09,204.33,213.88,65357.06221141
1585353600,213.69,217.72,203.15,214.29,54855.42921791
1585440000,214.31,218.51,204,205.45,35692.1359008
1585526400,205.42,227.23,205.24,220.41,42829.17166902
1585612800,220.53,224.32,216,219,29048.11339279
1585699200,219.01,225.26,210.5,224.28,32059.14990296
1585785600,224.29,249.94,222.61,232.11,67339.33482554
1585872000,232.17,242.2,230.56,236.29,33300.07165167
1585958400,236.24,242.95,232.34,239.27,21494.45743283
1586044800,239.27,240.35,224.73,231.42,30257.30987335
1586131200,231.25,259.8,231.25,258.41,60348.23302076
1586217600,258.48,265.95,246.69,252.59,57558.26184355
1586304000,252.59,281.23,249.86,267.38,116633.20233471
1586390400,267.52,275.15,253.24,256.37,58111.42167588
1586476800,256.36,259.43,226.01,233.16,95280.78121782
1586563200,233.27,241.59,222.2,233.38,45443.12404579
1586649600,233.58,245.65,227.37,233.65,36222.44422336
1586736000,233.59,233.59,216,224.42,68375.7163179
1586822400,224.35,228.96,220.19,223.41,33002.54304184
1586908800,223.34,225.5,213.77,215.16,28264.62533129
1586995200,214.99,240.44,206.26,235.19,84497.70445397
1587081600,235.27,237.25,229.58,232.23,31300.2479062
1587168000,231.91,249.21,231.91,244.11,45266.58253963
1587254400,244.14,245.23,229.29,231.74,34806.11591455
1587340800,231.73,238.69,215.74,219.36,57678.77249024
1587427200,219.43,223.8,215.8,219.77,35293.06523968
1587513600,219.82,236.26,217.79,233.25,28717.39408212
1587600000,233.5,247.32,225.97,237.7,60022.42719264
1587686400,237.73,242.46,234.67,238.02,23311.64253309
1587772800,238.24,245.7,235.15,238.26,25394.16392605
1587859200,238.34,249.49,237.71,246.72,31304.02468832
1587945600,246.85,248.2,234.23,243.02,38264.19830135
1588032000,243.28,243.6,237.5,241.65,22581.14115394
1588118400,241.65,263.71,241.42,257.83,81029.38443732
1588204800,257.87,275.95,245.31,250.1,96740.42327028
1588291200,250,260.59,250,255.01,29979.1369004
1588377600,254.82,261.5,252.39,261.26,19567.94089107
1588464000,261.24,267.85,246.27,251.97,43546.49170525
1588550400,252.04,252.74,236.66,246.16,39152.14667713
1588636800,246.22,252.45,241.26,247.27,22000.14007841
1588723200,247.31,253.93,240.03,241.96,29085.91721372
1588809600,241.84,256.85,236.87,252.54,45679.85518425
1588896000,252.55,265.79,248.54,260.6,49661.83744837
1588982400,260.38,277.44,258.45,265.31,75373.60803661
1589068800,265.36,265.7,223.52,233.15,103693.00240693
1589155200,233.05,238.7,217.83,235.6,75838.88335019
1589241600,235.41,239.52,227.32,233.55,38848.61346264
1589328000,233.46,242.3,231.98,239.78,24030.91809123
1589414400,239.76,245.96,234.2,242.68,38101.51654366
1589500800,242.81,243.4,230,235.03,31523.10491021
1589587200,234.95,240.65,233.43,236.52,20103.04255305
1589673600,236.01,245.96,235.67,240.44,19972.3304125
1589760000,240.66,255.55,240.63,248.14,48193.94374973
1589846400,248.14,250.79,242.38,246.94,24309.77055529
1589932800,246.93,247.61,234.01,239.61,29840.85861755
1590019200,239.62,242.79,220.27,227.96,48742.85260793
1590105600,227.97,236.74,225.01,234.73,28295.46956127
1590192000,234.74,240.05,232.31,234.17,16125.82728759
1590278400,234.08,237.51,222.5,222.6,18160.87090274
1590364800,222.89,233.07,221.01,230.45,19372.12926125
1590451200,230.32,231.43,223.98,228.09,15774.8376428
1590537600,227.99,234.54,227.06,232.82,12903.05637133
1590624000,232.85,240.97,228.77,239.95,20718.83466022
1590710400,239.93,243.77,234.21,238.34,18568.26936213
1590796800,238.44,253.47,236.18,252.34,38126.29974909
1590883200,252.36,252.48,236.18,238.54,26637.52130085
1590969600,238.5,255.23,237.47,253.14,33075.83418554
1591056000,253.24,269.23,242.1,250.97,70946.51066462
1591142400,250.85,253.72,246.25,253.06,25148.88085762
1591228800,253.23,260.9,247.45,256.24,28254.81995431
1591315200,256.17,263.5,254.32,255.98,24105.92660345
1591401600,255.97,258,250.97,252.98,15295.50894467
1591488000,252.98,255.7,245.43,253.82,18930.22807322
1591574400,254.11,256.63,251.48,255.65,15788.75783194
1591660800,255.54,257.19,250.38,254.16,15360.14513802
1591747200,254.16,259.02,250.65,257.32,22894.75018868
1591833600,257.15,258.33,230.63,234.59,41440.15001333
1591920000,234.46,243.57,233,240.72,21736.58186203
1592006400,240.69,242.28,237.33,240.65,10424.43557027
1592092800,240.82,240.86,235,237.16,11401.69242497
1592179200,237.13,238.51,224.22,235.77,30953.86130734
1592265600,235.89,239.3,232.81,237.5,16217.41966763
1592352000,237.5,242.94,235.13,240.17,18961.15107447
1592438400,240.17,240.41,232.17,235.93,12323.19832281
1592524800,235.59,236.22,230.23,233.14,12506.28339146
1592611200,232.92,234.78,228.41,232.71,13532.47379498
1592697600,232.71,233.86,229.5,229.99,7787.91371912
1592784000,229.99,244.02,229.49,241.03,19594.20758602
1592870400,241.02,244.3,239.05,240.52,13579.13125201
1592956800,240.49,245.4,229.2,232.43,21556.45781904
1593043200,232.55,234.85,226,231.83,14660.11594731
1593129600,231.73,233.51,227.81,230.49,12080.49193833
1593216000,230.58,231.18,204.26,216.27,28336.04514396
1593302400,216.26,225.5,213.28,222.31,19502.56704856
1593388800,222.57,227.4,218.02,225.34,19449.76157267
1593475200,225.54,226.04,220.4,222.03,14342.69165963
1593561600,221.93,226.77,220.65,223.8,16968.54188653
1593648000,223.69,225.6,217.3,219.67,17590.25761605
1593734400,219.66,224.98,219.15,220.69,14866.24776823
1593820800,220.5,230,220.17,225.31,13295.43995934
1593907200,225.27,225.92,215.73,222.11,11948.1925139
1593993600,222.29,243.39,221.8,242.29,41164.78949996
1594080000,242.44,244.5,235,237.82,18469.25576316
1594166400,237.99,245.97,236.04,243.3,22866.33225892
1594252800,243.2,245.53,232.78,238.18,20437.81084005
1594339200,237.97,240,232.49,238.27,13752.43997089
1594425600,238.61,239.26,234.61,236.65,8937.22668421
1594512000,236.7,239.29,232,237.57,10853.74318984
1594598400,237.66,237.86,223.75,231.9,31328.06102464
1594684800,231.78,231.78,226.45,230.05,14284.1451259
1594771200,230.08,230.69,225.7,227.24,14790.20956235
1594857600,227.42,227.93,216.66,224.14,19337.20620692
1594944000,224.13,225.27,221.71,222.5,12629.93756486
1595030400,222.45,226.63,221.75,224.33,10247.76013369
1595116800,224.26,228.9,220.3,227.87,10301.40515168
1595203200,227.96,228.6,220.9,222.8,12780.39794707
1595289600,222.58,232.6,222.3,230.62,17152.00834176
1595376000,230.52,240.36,227.75,240.32,28443.86631771
1595462400,240.35,243.77,235,238.56,24737.69549737
1595548800,238.56,239.45,232.63,235.37,19675.63482892
1595635200,235.59,253.92,235.11,251.47,39032.67949125
1595721600,251.4,257.92,244.38,247.77,31053.39988018
1595808000,247.91,275.81,247.38,268.91,83557.11146695
1595894400,269.04,297.92,261.68,289.7,85549.38767002
1595980800,289.63,294.99,284.87,287.87,38977.51630501
1596067200,287.83,300.77,280.91,292,40300.18852594
1596153600,292.01,306.73,287.41,301.21,39478.45012447
1596240000,300.96,321.9,298.37,319.67,62067.0794112
1596326400,319.69,338.49,245,284.08,114584.0310738
1596412800,283.97,304.96,279.59,297.02,42626.76196265
1596499200,297.16,303.23,281.51,288.13,35569.73755736
1596585600,288.33,299,283.99,293.97,32740.8778449
1596672000,293.84,319.91,287.57,309.28,49816.52248775
1596758400,309.26,326.73,278,302.61,72298.36195042
1596844800,302.61,309.85,297.87,305.4,25014.69122285
1596931200,305.4,309.86,291.61,300.2,26843.09631371
1597017600,300.2,309.99,285.8,302.63,32615.58803172
1597104000,302.53,305.97,269.69,281.71,48813.6711354
1597190400,281.71,290.4,271,284.7,38289.478109
1597276800,284.69,297.74,274.37,296.15,37668.92954203
1597363200,296.15,298.5,287.3,293.74,31865.88286355
1597449600,293.74,309.06,291,302.38,50919.39810399
1597536000,302.51,313.95,294.04,308.36,46950.46667105
1597622400,308.43,325.95,301.27,318.31,62031.60799167
1597708800,318.17,325.36,300.76,303.6,45172.90366315
1597795200,303.55,309.3,281.02,292.71,39513.9980468
1597881600,292.75,296.42,288.73,294.75,26032.82824741
1597968000,294.8,305.43,281.33,282.99,39073.08873759
1598054400,282.94,287.9,276.04,286.75,22834.94531805
1598140800,286.88,288.39,279,284.69,11622.20805177
1598227200,284.87,294.85,282.2,290.58,21310.29822817
1598313600,290.56,291.59,269,275.68,27307.23804613
1598400000,275.79,279.11,271.42,274.79,17868.01089874
1598486400,275.19,277.19,258.44,264.73,22585.06515707
1598572800,264.86,272.14,261.19,268.66,19147.75031809
1598659200,268.68,272.83,265.96,268.29,16019.99293731
1598745600,267.89,279.5,267.88,279.31,16515.89834538
1598832000,279.5,281.51,272.98,273.46,20632.1781236
1598918400,273.56,297.12,268.87,292.18,36104.61377738
1599004800,292.22,295.33,246,264.22,49623.24005935
1599091200,264.4,266.6,203.93,225.43,57168.2127629
1599177600,225.44,239.92,213.44,230.9,54265.48645656
1599264000,230.88,234.96,214.5,225.94,62155.33339997
1599350400,225.85,233.26,219.2,227.72,22998.847979
1599436800,227.61,229.88,215.78,228.84,27815.36937001
1599523200,228.84,230.47,215.9,222.3,22512.82082201
1599609600,222.4,228.42,218.53,223.91,17997.23321651
1599696000,224.22,230.83,224.15,227.46,18330.22207821
1599782400,227.41,228.4,220.34,225.33,12690.63129299
1599868800,225.44,230.25,222.55,230.14,11804.64541181
1599955200,230.19,234.74,219.26,222.28,19229.78223092
1600041600,222.18,228.8,219,225.76,22256.47122401
1600128000,225.7,241.63,224.12,235.12,42660.4096491
1600214400,234.93,235.5,226.55,230.62,28289.89234293
1600300800,230.62,239.21,229.59,232.78,17820.49720396
1600387200,232.75,238.88,230.14,234,19926.35281841
1600473600,234.06,237.67,231.6,233.06,12728.23643689
1600560000,233,233.4,222.11,226.31,14393.70418508
1600646400,226.28,228.85,207.45,212.54,25436.12639989
1600732800,212.34,220.35,210.38,220,18693.47405336
1600819200,219.8,220.05,203.33,207.62,16813.76337564
1600905600,207.78,218.86,206.34,216.23,17005.25609286
1600992000,216.23,218.17,210.93,216.67,19982.06309565
1601078400,216.7,224.34,212.6,221.41,16242.87714681
1601164800,221.49,231.84,216.3,229.39,17647.83437786
1601251200,229.46,234.6,223.75,225.29,28005.19090343
1601337600,225.28,230.35,224.3,229.01,11790.23052783
1601424000,229.05,231.26,224.82,227.91,12712.27463645
1601510400,228.02,234.05,221.5,228.01,14761.1108352
1601596800,227.63,228.18,212.4,219.75,20705.48818095
1601683200,219.79,221.38,217.72,218.59,7415.27017902
1601769600,218.33,222.89,216.5,220.8,8641.09386769
1601856000,220.78,222.87,218.24,222.17,9391.82975661
1601942400,222.19,230.21,215.18,219.69,16079.79205982
1602028800,219.62,224.6,216.4,223.02,12467.14654991
1602115200,223.03,236.31,221.36,234.09,21154.78656637
1602201600,234.12,240.25,231.94,237.25,18027.40093897
1602288000,237.14,246.58,236.1,237.42,22047.80935733
1602374400,237.36,243.68,236.13,239.15,14062.60311665
1602460800,239,243.99,233.31,239.81,18996.35794234
1602547200,239.79,255.19,237.7,253.64,28468.43871574
1602633600,253.75,260.74,250.12,259.13,23742.68115888
1602720000,259.2,265.23,255.51,262.39,26582.15261947
1602806400,262.39,266.67,243.57,250.39,44959.14645279
1602892800,250.39,252.56,241.06,244.78,16127.50818526
1602979200,244.64,251.15,243.8,249.75,12872.71390348
1603065600,249.7,252.75,245.22,250.01,12044.9012819
1603152000,250.01,250.25,237.89,240.98,15698.21318803
1603238400,240.98,264.49,240.21,258.94,43224.2693489
1603324800,258.89,274.82,258.89,268.37,46306.54610117
1603411200,268.33,276.12,264.15,270.5,30945.85648942
1603497600,270.61,278.83,267.91,275.92,20451.81827223
1603584000,275.79,276.33,268.5,271.43,15800.94500457
1603670400,271.55,273.51,252.98,259.66,25609.96309331
1603756800,259.92,268.37,257.27,264.53,25325.7827723
1603843200,264.51,280.83,259.12,268.29,53307.10579314
1603929600,268.26,271.58,258,267.62,28792.58327746
1604016000,267.57,270.8,255.13,262.25,25680.93694821
1604102400,262.2,266.33,259.94,262.28,19254.582554
1604188800,262.1,270.76,260.45,268.29,13092.10933922
1604275200,268.25,271.55,254.54,257.73,21674.45076046
1604361600,257.73,259.04,233.14,244.46,54758.98109417
1604448000,244.53,244.69,231.05,241.47,31851.24423025
1604534400,241.47,252.43,240.62,249.92,43935.28217079
1604620800,250.11,260.04,248.4,258.09,44130.32841
1604707200,258.09,277.21,245.09,254.38,72149.93238598
1604793600,254.02,278.29,251.05,270.7,35308.22900071
1604880000,270.73,274.35,257.6,264.42,30198.39916105
1604966400,264.57,266.63,255.2,257.49,27381.31811488
1605052800,257.39,262.58,255.4,257.25,27955.41320036
1605139200,257.21,265.06,251.96,260.05,28125.12706453
1605225600,260.32,263,248.92,259.48,33212.29603838
1605312000,259.41,262.38,253.55,255.55,11981.45809073
1605398400,255.55,260.69,242.78,246.98,20628.97928453
1605484800,246.12,260.51,245.04,256.56,15121.20773879
1605571200,252.68,260,249.03,255.77,22905.62493151
1605657600,255.78,259.46,241,246.92,28776.58316271
1605744000,247.15,250.28,242.55,246.54,21085.2961403
1605830400,246.53,260.81,246.09,260.32,31681.5402782
1605916800,260.42,310,256.51,304.93,107443.06833094
1606003200,305.02,313.12,273.76,289.82,130731.34592021
1606089600,289.48,326.96,282.97,322.86,127873.78922194
1606176000,322.84,373,322.78,349.47,164233.57827793
1606262400,349.49,363.2,298.05,312.97,98957.54720868
1606348800,312.7,321.58,251.59,271.81,123710.69818928
1606435200,271.93,279.99,255.66,265.72,52904.28454221
1606521600,265.59,285.24,261,276.3,59553.34596129
1606608000,276.27,289.37,272.17,285.43,34493.29398227
1606694400,285.86,322.78,280.2,317.58,87126.05568356
1606780800,317.69,321.21,272,288.12,111564.16302408
1606867200,288.04,298,280.69,294.51,44263.46321001
1606953600,294.31,297.5,285.89,292.58,33385.0358411
1607040000,292.45,307.61,276.19,279.93,69936.92400569
1607126400,279.69,290,274.16,289.81,20519.0728329
1607212800,289.98,293.8,279.52,286.52,22205.89497767
1607299200,286.49,290.86,280.92,284.08,23174.48064092
1607385600,284.12,285,262.71,267.8,30474.00436992
1607472000,267.35,271.37,254.92,268.72,26833.5542651
1607558400,269.27,269.35,261.28,265.66,18520.33660978
1607644800,265.69,266.71,256,259.24,28406.3671528
1607731200,259.19,269.97,258.1,267.88,18075.06517425
1607817600,267.87,282.73,265.95,275.85,25013.10263424
1607904000,275.7,280.2,265,276.83,19191.32479124
1607990400,276.95,299.6,270.42,288.93,72436.70908736
1608076800,289.03,315,281.87,312.49,77793.83207493
1608163200,312.48,331.91,301.01,310.81,119746.97232731
1608249600,310.72,323.45,304.89,313.64,51146.66523717
1608336000,313.61,325.99,309.61,318.29,64031.53351886
1608422400,318.14,368.04,310.29,349.24,172788.04339024
1608508800,348.96,380.95,307.63,313.61,184373.14698601
1608595200,313.38,324.8,298.38,323.11,88476.56886491
1608681600,322.81,326.34,268.44,275.49,125536.29490651
1608768000,275.44,299.5,270.9,296.96,92144.74099229
1608854400,297.21,325.05,292.97,318.98,115701.70309669
1608940800,319.1,330,310,323.5,115763.19866532
1609027200,323.41,366.47,307.18,337.65,208029.44218369
1609113600,337.39,376.98,333.64,359.91,148446.98355857
1609200000,359.9,366.28,330.26,352.45,80993.10015923
1609286400,352.44,366.51,341.15,358.85,56442.74067028
1609372800,359.02,361.69,334.77,342.22,51977.54414676
1609459200,342.55,355.84,332,342.72,45970.52299785
1609545600,342.56,368.97,334.15,354.53,86995.24590346
1609632000,354.72,434.95,354.48,424.27,212418.06389755
1609718400,424.33,467.76,378.89,405.59,164047.17843106
1609804800,405.91,426.14,389.72,419.7,95110.91175342
1609891200,419.86,459,411.46,454.24,106084.98848917
1609977600,454.8,484.18,427.28,448.75,142798.85312883
1610064000,448.95,455.63,402,437.37,93507.96295658
1610150400,437.25,654.32,418.18,577.79,289479.29614261
1610236800,577.78,632.64,550,600.21,415719.60992654
1610323200,600.21,603.38,397.46,478.37,447891.8902595
1610409600,478.17,512.44,443.12,451.82,172152.73651821
1610496000,451.92,501,433.83,496.39,146304.6449443
1610582400,495.86,538.89,481.45,526.68,126133.37852909
1610668800,526.71,535,452.62,491.47,122795.36929696
1610755200,491.61,515.12,473.87,489.65,93847.79247922
1610841600,489.78,495.13,461.44,479.61,63199.77536512
1610928000,479.57,514,468,508.46,84002.19480882
1611014400,508.45,554.74,502.44,508.16,121567.4677295
1611100800,507.92,518.48,471.2,497.64,75321.39050207
1611187200,497.64,499.93,404.35,418.46,106433.45040223
1611273600,418.29,452.55,391,439.69,110386.74824813
1611360000,439.72,444.62,419.25,431.58,60341.79864175
1611446400,431.73,449,421.64,439.87,44438.77827314
1611532800,439.88,465.8,429.81,432.26,86911.3444891
1611619200,432.13,440.63,413.54,427.87,54866.62029175
1611705600,427.89,428.39,369.92,378.23,77431.64535495
1611792000,378.44,415.69,371.23,405.97,86394.69706132
1611878400,405.96,439.79,391.75,407.64,142005.24443104
1611964800,407.76,419.73,392,417.76,60047.33548659
1612051200,417.68,417.68,391.2,400.14,54406.95869503
1612137600,399.94,444.64,390.01,414.39,93222.24028441
1612224000,414.59,435.16,411.02,430.46,76292.99236503
1612310400,430.62,450.47,428.7,447.31,74807.37387661
1612396800,447.17,455.9,412.96,421.6,92326.79010837
1612483200,421.6,449,417.84,448,87172.5278414
1612569600,447.99,490.61,446.25,458.66,183829.99760323
1612656000,459.03,464.94,430,445.56,95176.00917736
1612742400,445.61,488.85,437.03,484.79,102877.88383984
1612828800,484.8,520,473.31,515.74,144363.39315742
1612915200,515.6,539.68,469.26,495.06,163789.46103338
1613001600,495.06,542.31,490.71,530.41,128771.28548889
1613088000,530.39,581.25,510.19,577.48,135994.75445629
1613174400,577.45,671.96,542.03,669.29,230977.89880507
1613260800,668.8,754.22,650,722.73,284929.89540937
1613347200,722.57,773.89,600,716.08,310876.99844031
1613433600,716,744.89,669.49,706.08,138665.27666866
1613520000,705.32,728,675.54,717.31,109594.07609682
1613606400,717.18,730,689.71,703.56,78910.49176879
1613692800,704.15,743,680,719.76,95604.75015374
1613779200,720.04,748.93,630.01,680,129327.86937687
1613865600,680,736.54,667.01,707.23,84900.99726577
1613952000,707.38,711.35,530.16,629.44,153115.29865925
1614038400,628.99,634.74,445,516.48,244703.62283097
1614124800,516.48,578.04,495.26,527.74,136412.12290565
1614211200,527.84,558.44,493.89,500.29,88704.36275812
1614297600,499.9,508.97,456.05,484.82,89988.47139185
1614384000,484.76,502,473.98,484.22,49999.4092521
1614470400,484.16,485.99,432,461.23,78353.53039828
1614556800,460.81,507.12,458.3,501.5,62316.73853365
1614643200,501.79,550,494.63,517.87,95710.39776257
1614729600,517.76,556,511.5,521.17,63431.41865251
1614816000,521.18,538.87,492.64,505.03,57103.58700511
1614902400,505.18,507.62,472.78,497.4,58205.35782918
1614988800,497.33,505.28,482.38,500.59,27624.56490844
1615075200,501.32,520.59,501.32,516.37,32329.96323585
1615161600,516.67,529.84,502,529.75,44246.58115084
1615248000,529.46,547.53,523.6,545.59,51791.09611203
1615334400,545.81,568.81,517.23,546.9,72387.27372912
1615420800,547.02,564.79,528.5,550.21,49637.04650786
1615507200,550.35,563.68,509.54,539,52117.67513146
1615593600,538.96,608.82,521.64,593.8,84127.59523841
1615680000,593.96,601.63,552,552.77,50089.56119246
1615766400,552.77,567.91,514.68,524,71227.4655976
1615852800,523.76,537.96,502.35,528.68,47970.5158271
1615939200,528.6,542,511.8,541.57,31174.07541363
1616025600,541.82,547.14,522.73,528.3,31491.35112799
1616112000,528.67,550.91,516.99,532.47,36264.86985709
1616198400,532.31,551.93,529.62,536.23,30403.34117926
1616284800,536.25,543.44,515.63,524.38,25680.51959957
1616371200,524.38,539.14,506.56,509.65,41770.51304527
1616457600,509.43,532.93,505.69,510.92,49922.63743174
1616544000,510.67,529.99,442.79,473.97,72925.92030331
1616630400,473.75,482.73,450.75,472.76,65519.04299076
1616716800,472.75,508.48,470.25,506.33,45600.46669751
1616803200,506.68,510.17,485.4,500.61,31711.26788893
1616889600,500.84,505.85,488.21,497.16,29671.91155409
1616976000,497.17,524,491.21,518.42,44096.5646604
1617062400,518.36,536.68,511.07,525.75,35984.58391517
1617148800,525.86,545,502.85,541.16,58726.31349419
1617235200,541.44,559.72,529.1,555.92,51304.11431622
1617321600,556.72,597.86,545.25,580.65,59063.71013505
1617408000,580.55,595.64,530.01,531.44,47903.77576754
1617494400,531.12,564.17,521.75,560.87,40576.88412652
1617580800,560.96,647.33,553.63,646.81,94270.10133873
1617667200,646.96,674,615,662.24,82939.44029189
1617753600,662.74,693.36,595.8,616.43,113324.08057379
1617840000,616.09,643.77,610.53,643.26,38096.91126637
1617926400,643.35,649.71,625.39,631.31,37409.81771686
1618012800,631.56,680.81,624.4,673.31,51647.35165647
1618099200,673.57,715,669.45,689.38,59876.03920084
1618185600,689.44,696.15,652.38,670.46,38110.72466758
1618272000,670.41,751.64,666.97,744.81,77695.34176475
1618358400,744.81,845.67,744.81,815.05,163900.96922332
1618444800,814.86,879,797.39,866.3,94253.49538265
1618531200,866.31,1177.11,820.09,1105.38,344009.68626071
1618617600,1105.38,1216.45,990.75,992.74,194652.81196487
1618704000,992.55,1017.93,820,975.73,232248.16558312
1618790400,974.45,1042.32,870.41,892.36,142349.45160041
1618876800,892.71,975,828.28,941.9,160667.83599554
1618963200,941.28,999.99,900,910.22,101457.33043524
1619049600,910.29,972,841.23,853.97,129486.84885394
1619136000,853.8,874.2,689,840.39,177999.36750354
1619222400,840.65,840.76,749.05,772.47,75571.12726733
1619308800,772.74,807,716.57,760.47,61892.89633507
1619395200,760.45,850.67,751.95,849.98,82874.87684904
1619481600,849.53,892.99,822.38,890.85,62924.91140158
1619568000,890.88,930.51,853.82,911.14,88504.6924459
1619654400,912,915.71,859.08,880.71,56485.88157341
1619740800,880.99,1000.02,869.69,997,90742.20199313
1619827200,996.99,1031.97,977.11,1005.22,73206.08286777
1619913600,1005.1,1011.67,951.62,973.45,50022.23059767
1620000000,973.39,1049.63,972.5,1015.68,83278.82523396
1620086400,1016.07,1055,933.77,951.03,121416.48688027
1620172800,951.48,1484.95,940,1454.85,328944.2629073
1620259200,1454.46,1608.62,1271.16,1509.89,284698.77423906
1620345600,1509.92,1512.34,1273.27,1341.6,150719.09875605
1620432000,1342.29,1450,1323.9,1399.02,97084.26844093
1620518400,1398.64,1431.99,1283.83,1430.3,77010.5481303
1620604800,1429.78,1572.45,1198.84,1321.83,171428.8737463
1620691200,1322.18,1552.02,1301.55,1550.88,143505.24997143
1620777600,1550.21,1642,1201,1232.08,179258.04688065
1620864000,1232.09,1345.68,1129.98,1257.95,219815.45315365
1620950400,1257.48,1363.51,1225.35,1297.39,87353.56973618
1621036800,1297.99,1336.97,1160,1170.99,89415.28155637
1621123200,1170.75,1282.72,1098.3,1167.59,102489.84114769
1621209600,1168.14,1169.34,989.71,1068.76,177401.48111957
1621296000,1069.29,1166.99,1051.69,1091.45,74892.32082333
1621382400,1090.56,1113.44,500,695.99,299168.98059428
1621468800,696.14,868.55,614.28,820.88,242224.47291015
1621555200,820.87,853.13,604.61,689.13,258904.84950128
1621641600,688.9,722.79,600.08,630.53,172443.59868483
1621728000,630.9,659.84,467.8,553.42,263633.8636651
1621814400,553.05,761.24,539.19,754.4,201836.92094018
1621900800,755,793.98,671.06,719.9,194845.43600995
1621987200,720.48,789.99,707.71,765.34,129112.59119841
1622073600,765.15,807.27,701,750.59,111969.3636732
1622160000,750.06,761.58,652.96,689.2,132889.56158619
1622246400,689.45,721.6,618.45,652.42,103252.6437019
1622332800,652.6,689.02,616.87,661.57,89226.89462324
1622419200,662.01,714.2,635.02,702.65,81598.33652328
1622505600,702.55,721.11,668.15,691.25,55250.18239841
1622592000,691.22,716.42,674.72,697.69,41651.99231221
1622678400,697.86,735.65,687.84,718.85,40854.735849
1622764800,718.98,720.24,643.22,671.48,48365.21799658
1622851200,671.73,688.86,634.19,649.48,41430.57402033
1622937600,649.35,670.3,644.79,655.95,31637.8479804
1623024000,656.36,670.11,590.78,596.36,44798.39470561
1623110400,596.37,605.79,543.77,595.93,82802.6399501
1623196800,595.6,638.4,566.47,635,55455.80962343
1623283200,635,640,588.93,601.59,36405.49428675
1623369600,601.97,611.27,569.74,577.12,33169.87300373
1623456000,577.12,592,547.76,580,35964.94363258
1623542400,580.23,615.42,558.92,613.88,32080.81750568
1623628800,613.87,641.72,599.17,641.68,37736.8903138
1623715200,641.69,650,616.3,627.14,32659.809125
1623801600,627.15,627.75,589.86,593.47,32527.36885773
1623888000,593.46,620.91,583.45,599.24,28683.59152429
1623974400,598.98,599.68,545.17,562.94,33256.22656091
1624060800,563.26,581.86,551.6,552.32,22904.45532687
1624147200,551.89,560.89,513.94,556.71,24692.4916121
1624233600,556.19,559.7,454.99,455.7,71321.60212657
1624320000,455.61,478.49,387.33,444.44,109690.66958203
1624406400,444.48,486,428.34,473.08,46043.38288028
1624492800,473.08,495.85,455.42,486.88,31894.58983862
1624579200,486.95,497.13,449.42,449.42,29553.10780535
1624665600,449.13,464.51,428.53,460.31,27823.17490778
1624752000,460.17,478.37,446.92,477.73,23755.87247532
1624838400,478.3,518.55,472.07,501.62,57191.84182421
1624924800,501.62,547.22,499.58,524.14,38138.73373268
1625011200,524.13,534.55,498.45,526.9,28577.77894068
1625097600,527.23,527.23,485.69,496.62,44363.41851345
1625184000,496.62,504.81,475.84,496.14,21351.64244986
1625270400,495.98,514.72,488.15,505.41,13967.9481143
1625356800,505.74,541.85,495.51,526.96,21089.13944032
1625443200,526.48,527.13,487.37,504.61,20641.42489021
1625529600,504.57,525.89,500,511.52,14905.45093201
1625616000,511.13,537.99,505.47,509.09,24444.2759977
1625702400,508.21,511,479.47,490.38,22132.93324675
1625788800,490.24,510.24,470.84,504.38,22147.52867419
1625875200,504.46,511.3,483.86,497.27,14572.50852091
1625961600,497.28,503.75,489.29,498.15,11165.78745128
1626048000,498.15,509.09,471.25,479.92,17509.62584202
1626134400,479.45,484.69,459.93,465.05,20264.49297474
1626220800,465.1,478.34,443.78,467.2,22588.20625937
1626307200,467.2,473.76,443.83,455.75,18984.2687905
1626393600,455.77,464.65,436.97,438.14,17270.2681479
1626480000,438.28,446.84,430.15,436.09,20194.13848897
1626566400,436.36,453.48,431.95,438.29,10434.9470256
1626652800,438.07,441.52,413.11,414.97,18538.29277213
1626739200,415.04,422.29,384.26,398.67,34660.28743033
1626825600,398.67,435.63,392.23,431.01,22213.75139814
1626912000,430.83,445.49,424.34,442.01,12666.01113249
1626998400,442.18,456.32,431.41,454.97,12156.81386999
1627084800,455.14,465,450.39,459.08,19567.40004677
1627171200,459.05,459.99,441.66,455.47,18280.94806124
1627257600,455.44,518.03,453.28,481.32,65220.43007622
1627344000,481.42,504.12,467.61,502.14,39152.35311024
1627430400,502.14,519.5,489.94,511.9,41215.26768635
1627516800,511.9,547.22,498.77,539,37129.24259145
1627603200,539,553.57,517.66,553.24,32537.0753777
1627689600,553.32,559.48,537.19,546.05,20646.20359136
1627776000,546.2,563.56,514.08,526.31,30232.43438011
1627862400,526.46,567.44,519.75,543.31,37887.26722357
1627948800,543.36,551.95,521.73,538.5,25330.12437589
1628035200,538.5,552.6,524.68,545.62,24399.41687665
1628121600,545.62,550.88,522.91,548.99,31594.4012852
1628208000,549,561,537.05,557.61,30231.54619369
1628294400,557.69,590.89,553.83,584.14,34543.85330798
1628380800,583.99,590.09,555,556.3,25963.14415622
1628467200,556.14,601.11,543.26,591.62,41690.11731478
1628553600,591.5,606.87,573.69,592.43,29755.81142868
1628640000,592.12,632.98,590.65,620.74,33393.22253983
1628726400,620.57,649.96,592.29,606.51,33508.0701133
1628812800,606.5,655.71,601.85,654.95,44071.27831011
1628899200,654.77,693.21,642.55,692.35,34118.10006023
1628985600,692.16,709.79,672.79,703.59,37366.61259082
1629072000,703.6,715,673.25,673.58,34502.28648577
1629158400,673.27,691.28,637.66,638.77,44051.37927661
1629244800,638.12,655.45,620.14,631.94,34231.61019384
1629331200,631.75,660.19,619.71,660.19,21956.46527922
1629417600,659.91,700.21,652.35,694.41,26956.21121327
1629504000,694.42,700.46,671.92,675.8,25283.30500855
1629590400,675.86,690,652.85,672.42,18281.00010719
1629676800,672.86,694.93,664.36,678.63,26986.85641345
1629763200,678.53,684.07,633.83,637.44,30894.42797158
1629849600,636.61,659.05,626.87,651.15,21902.52987456
1629936000,650.61,656.56,605.13,606.26,32878.51860628
1630022400,606.46,636.63,596.16,635.98,24600.55774778
1630108800,636.15,647.15,622.73,646.99,17847.52613722
1630195200,647.06,692.83,646.73,659.64,50179.3479553
1630281600,659.74,665.67,630.72,633,33184.75602956
1630368000,632.9,651.53,624.28,636.82,28311.88752953
1630454400,636.58,657.44,626.13,655.74,29433.51234349
1630540800,655.82,674.47,652.69,664.59,27487.99648269
1630627200,664.69,721.81,651.35,713.91,56377.39879882
1630713600,714.13,735.08,696.85,709.53,33700.75508649
1630800000,709.58,767.81,698.71,765.18,38517.7745923
1630886400,765,804.17,741.61,784.93,55028.22331018
1630972800,785.19,788.27,582.28,673.48,78873.73065341
1631059200,673.52,680.1,644.19,662.92,37723.7484191
1631145600,662.92,673.71,655.43,661.28,23917.78274565
1631232000,661.39,673.85,618.22,628.72,21902.25061296
1631318400,628.56,647.89,625.7,636.48,14913.94509769
1631404800,636.48,655.28,623.2,646.55,16750.33187251
1631491200,646.37,661.22,591.55,614.35,41640.14087516
1631577600,614.45,643.15,608.93,640.94,21774.64440205
1631664000,640.83,657.2,632.48,653.1,15232.011457
1631750400,653.32,655.52,626.08,639.3,37151.50257434
1631836800,639.33,647.93,612.78,621.33,34163.40616144
1631923200,621.69,638.29,614.65,630.71,21257.04756273
1632009600,630.88,647.43,602.46,609.05,30005.35295841
1632096000,609.05,609.44,530.19,542.23,54274.66317539
1632182400,542.59,552.44,496.83,504.22,42351.9263722
1632268800,505.47,548.32,496.74,547.92,31196.62825873
1632355200,547.87,554.06,532.62,553.06,24981.52717905
1632441600,552.89,556.9,479.12,513.61,51736.52152477
1632528000,513.74,523.47,502.14,517.03,24296.19088635
1632614400,517.17,520.21,481.08,503.39,30975.61774183
1632700800,503.41,515.43,487.84,488.31,28097.4460837
1632787200,488.31,499.29,472.58,474.09,29725.67017242
1632873600,473.89,498,471.2,484.86,30368.58144308
1632960000,484.91,505.95,481.74,502.81,23643.71745727
1633046400,502.85,545,500.43,544.01,29999.5722749
1633132800,544,560.23,536.82,552.25,17997.25578292
1633219200,552.66,579.32,544.87,571.41,21629.24532481
1633305600,571.5,571.5,530.56,550.68,30933.74935466
1633392000,550.89,599.99,549.01,594.7,42712.06581392
1633478400,595.08,625.86,562.34,617.19,69567.36378291
1633564800,617.32,636.84,598.07,611.62,49347.90335678
1633651200,611.67,617.99,587.77,596.51,35208.37718908
1633737600,596.66,625,591.58,615.27,38146.659467
1633824000,615.38,623.31,582.47,585.11,30792.50752381
1633910400,584.67,618.42,576.59,600.93,35710.97439271
1633996800,600.88,600.93,567.98,587.92,33094.97799
1634083200,587.85,594.73,571.3,593.29,28417.74579548
1634169600,593.29,608.26,590.31,599.13,27975.34515364
1634256000,599.15,636.96,585.67,625.5,61588.48971314
1634342400,625.44,648.84,623.55,625.36,31255.94214588
1634428800,625.67,628.68,590,612.41,25785.94217942
1634515200,612.41,619.77,598.23,611.26,21400.05716202
1634601600,611.34,624.98,599.17,618.5,28593.55792132
1634688000,618.36,648.75,605.26,644.73,39173.14891641
1634774400,644.76,655.98,621,623.29,48728.67880672
1634860800,623.44,637.15,612.37,624.17,30245.47578266
1634947200,624.25,638,614.39,629.11,25458.77739352
1635033600,629.16,633.13,605.16,617.08,19628.3564758
1635120000,617.06,628.47,614.81,621.54,17520.59704252
1635206400,621.67,632.49,600.08,611.81,28489.05306571
1635292800,611.94,619.08,533.21,548.86,63082.41256745
1635379200,548.95,592.46,544.11,578.95,38444.59792441
1635465600,579,596.92,574.38,595.14,27737.72988838
1635552000,595.15,601.06,576.28,585.33,18967.0203097
1635638400,585.56,604.88,574.27,597.04,27794.77234543
1635724800,597.3,600,579.04,587.37,19365.03504045
1635811200,587.45,609.04,582.83,599.07,21716.663407
1635897600,598.85,619.41,589.12,611.44,31659.30564436
1635984000,611.63,613.51,586.97,596.13,17685.94915364
1636070400,595.95,636.04,592.2,598.22,43075.02925717
1636156800,598.11,602.9,577.41,588.08,15602.70507278
1636243200,588.12,600.9,586.29,600.9,8661.68864813
1636329600,600.9,643,599.41,638.53,40205.62162573
1636416000,638.56,731.88,636.75,717.57,103801.06653085
1636502400,717.77,729.16,645.22,663.19,72232.88874156
1636588800,663.03,680.8,658.8,676.34,30542.70874295
1636675200,676.04,684.63,646.82,668.38,49393.43178426
1636761600,668.32,670.64,655.63,665.63,17351.9513766
1636848000,665.81,679.9,657.4,679.31,18786.46156575
1636934400,679.32,686,664.46,665.72,18814.3800039
1637020800,665.85,665.89,572.57,598.72,50038.81992321
1637107200,598.44,603.73,577.93,595.05,24637.8499992
1637193600,595.17,602.1,543.55,554.52,37452.13975101
1637280000,554.62,578.41,547.42,574.89,24545.16232214
1637366400,574.73,588.84,565.15,584.79,17861.61744778
1637452800,584.99,585.82,569.07,575.13,10505.35010515
1637539200,575.7,578.73,547.27,557.19,24438.81712613
1637625600,557.22,576.01,546.67,571.23,16845.55462225
1637712000,571.18,620.12,558.67,618.86,47529.75288872
1637798400,618.62,641.81,607.98,616.85,44915.52865835
1637884800,617.4,619.19,542,557.5,63580.93996894
1637971200,557.62,573.59,555.39,563.2,17218.06290044
1638057600,563,569.45,531.44,569.26,25238.48807107
1638144000,569.45,581.95,557.46,575.75,24804.57466907
1638230400,576.17,588.18,557.4,570.69,23330.57869122
1638316800,570.95,587.11,565.27,570.92,22691.88003239
1638403200,570.9,575.28,558.63,561.71,17106.94010967
1638489600,561.89,568.47,520.01,532.62,28127.06770381
1638576000,532.64,535.36,348.28,473.7,99131.62180388
1638662400,473.94,478.53,435.81,453.74,67370.46296979
1638748800,453.85,481.77,419.46,475.54,88034.99149019
1638835200,474.98,503.02,464.25,474.53,67173.0366273
1638921600,474.66,488.39,464.04,480.86,52466.149237
1639008000,481.14,483.38,448.22,449,37717.27920677
1639094400,448.8,469.02,436.96,438.44,32171.86057894
1639180800,438.49,461.9,431.96,459.49,21522.63493475
1639267200,459.72,462.83,442.2,458.25,17389.82511373
1639353600,458.18,460.43,414.47,421.77,37258.57525284
1639440000,421.94,442.31,418.74,436.95,41655.34982222
1639526400,437.13,450.69,416.91,447.95,38358.03682563
1639612800,447.91,454.34,437.07,438.49,22112.3470586
1639699200,438.54,441.44,417.77,424.69,21501.91984389
1639785600,424.75,439.45,419.28,435.97,12535.12938981
1639872000,435.97,445.72,432.03,432.94,13235.71828535
1639958400,432.88,439.79,419.18,430.28,18385.27694272
1640044800,430.59,440.81,426.76,437.99,14263.27154707
1640131200,438.02,447.03,434.81,438.39,14893.18634392
1640217600,438.75,458.47,434.74,455.93,18118.01496723
1640304000,456,461.48,449.15,452.27,19570.09953365
1640390400,452.27,460.69,447.82,455.36,9911.93320507
1640476800,455.47,455.47,444.8,451.86,10549.97749534
1640563200,451.77,476.18,447.86,465.45,25063.80939722
1640649600,465.45,465.47,437.91,438.78,20863.87609964
1640736000,439.04,445.67,426.91,430.11,25867.08447568
1640822400,429.9,437.25,423.88,431.58,16756.7690599
1640908800,431.56,437.23,419.33,430.15,27795.52195144
1640995200,430.35,445.92,430.33,445.07,19486.08817465
1641081600,445.03,452.37,442.68,447.83,12498.08260005
1641168000,447.85,448,431.08,434.61,11092.36969617
1641254400,434.72,439.45,425.34,427.38,15085.4085812
1641340800,427.29,432.45,390.9,399.79,24531.81246033
1641427200,399.72,402.85,387.27,399.76,25303.53924127
1641513600,400.1,401.4,375.32,385.89,31320.07923374
1641600000,385.96,391.59,361.58,372.84,22160.27764143
1641686400,372.98,381.16,367.92,376.94,15945.8843024
1641772800,376.87,378.57,348,363.56,25866.12621872
1641859200,363.43,374.94,361.75,369.84,17391.6313924
1641945600,369.94,385.81,367.95,383.83,16559.53533969
1642032000,383.98,391.72,376.42,377.67,14375.08318769
1642118400,377.86,393.75,375.85,385.73,17555.03794432
1642204800,385.74,393.09,383.29,390.86,10773.86727814
1642291200,390.76,393.63,382.58,388.48,9408.21312206
1642377600,388.5,389.35,373.27,380.75,12956.10717298
1642464000,380.77,398.92,374.7,381.47,33391.59023657
1642550400,381.5,384.53,365.99,369.1,16592.79111894
1642636800,369.07,384.28,356.45,357.74,16935.55122867
1642723200,357.6,360.08,308.46,315.04,39759.79114304
1642809600,314.85,318.98,265.43,291.88,66391.60127886
1642896000,292.08,303.64,283.99,302.74,49587.50402906
1642982400,302.51,302.77,259.6,292.51,65303.99471894
1643068800,292.48,295.14,283.45,291.7,30930.27800336
1643155200,291.67,315.18,284.1,289.42,41824.86325418
1643241600,289.03,295.2,277.69,289.64,31575.44471592
1643328000,289.71,297.49,281.94,296.79,23275.25201287
1643414400,296.94,302.25,291.49,299.03,14406.81774958
1643500800,299.12,302.45,287.83,290.02,13931.23532845
1643587200,290.03,290.6,278.25,285.23,32050.73101592
1643673600,285.23,291.12,282.69,287.95,20612.14589036
1643760000,288.25,296.94,276.41,278,20414.05420291
1643846400,278.1,281.76,271.2,281.46,31381.46991961
1643932800,281.39,307.1,276.63,306.37,33536.71257099
1644019200,306.4,329.24,302.71,320.93,32288.11293038
1644105600,320.93,328.83,312.61,324.8,19416.72543676
1644192000,324.8,344.19,318.29,343.44,39984.52160116
1644278400,343.48,355.96,325.13,335.57,36096.42149844
1644364800,335.84,348,328.55,346.21,25994.25652331
1644451200,346.21,362.96,336.64,341.1,29430.75121564
1644537600,341.09,342.05,316.72,320.83,24886.47341003
1644624000,320.83,330.84,312.37,330.64,21271.60334019
1644710400,330.65,340.1,324.69,333.81,24108.80652941
1644796800,333.9,337.95,318.44,330.51,21887.82163227
1644883200,330.77,345.05,329.05,343.69,21137.48026906
1644969600,343.61,343.61,329.07,334.55,20719.65369038
1645056000,334.59,336.53,308.86,313.15,19434.14778494
1645142400,313.39,319.24,306.32,310.33,16107.3311614
1645228800,310.14,316.38,305.16,312.05,12607.69915659
1645315200,312.16,312.74,296.71,302.87,17400.5799283
1645401600,302.9,310.95,282.38,283.16,28163.33139612
1645488000,283.33,295.8,275.64,293.48,24985.16310573
1645574400,293.49,305.21,287.15,288.61,21470.31093753
1645660800,288.51,309.81,259.84,300.96,47317.71141827
1645747200,301.42,312.35,290.35,309.04,26382.56042338
1645833600,309.09,324.33,307.16,315.56,20749.643454
1645920000,315.61,321.54,299.34,304.12,17097.22765418
1646006400,304.02,339.27,300.7,339.27,26548.71554407
1646092800,339.1,343.99,320.49,328.79,27043.26538466
1646179200,328.78,331.51,318.05,320.3,15235.14243881
1646265600,320.15,322.01,305.65,315.29,21121.25757838
1646352000,315.14,315.62,285.78,290.61,19404.37835021
1646438400,290.6,295.58,283.53,294.47,11060.35320747
1646524800,294.31,296.26,281.28,282.11,11571.28362444
1646611200,282.11,291.09,270.01,273.86,28936.15418628
1646697600,273.84,289.71,272.34,284.46,25750.46707003
1646784000,284.59,318.45,283.67,307.25,35493.17521566
1646870400,307.34,309.01,283.55,289.53,29534.1463003
1646956800,289.53,295.08,281.23,287.73,27960.51795901
1647043200,287.57,294.26,287.3,290.9,16719.11788578
1647129600,290.69,296.02,278.04,279.78,18610.40816928
1647216000,279.65,290,277.06,289.43,22096.72783329
1647302400,289.49,292.87,281.72,289.46,22178.32847379
1647388800,289.62,302.38,286.41,299.91,32673.31948309
1647475200,299.95,301.22,294.51,296.28,14615.66078066
1647561600,296.41,306.74,290.64,305.71,21889.77283386
1647648000,305.66,328.81,305.66,328.01,29154.84556975
1647734400,328.03,332.81,315.66,327.74,26411.75524216
1647820800,327.99,340.61,320.35,334.93,33589.6261342
1647907200,334.89,387,334.38,375.54,73412.9256873
1647993600,375.37,384.53,353.28,364.06,51246.34037775
1648080000,364.04,367.86,351.87,366.47,41605.68514191
1648166400,366.52,374.67,353.12,365.21,50440.64163037
1648252800,365.35,366.55,356.83,362.07,18236.09033246
1648339200,362.18,377.39,354.96,376.78,21259.28394534
1648425600,376.76,385.95,363.05,368.1,34167.30563708
1648512000,368.4,387.74,366.44,372.34,29855.14438103
1648598400,372.26,386.75,363.08,380.13,35129.86641423
1648684800,380.03,391.38,362.54,384.15,37468.1243652
1648771200,384.21,389.61,363.31,377.35,27675.76730414
1648857600,377.41,383.05,370.26,373.15,17450.13536865
1648944000,373.03,381.3,368.31,378.78,14836.69582979
1649030400,378.85,379.64,362.68,376.11,22639.41113451
1649116800,376.2,382.25,365,365.33,15239.94636522
1649203200,365.3,368.22,329.18,331,27595.04643415
1649289600,330.8,339.92,326.06,336.09,18117.35647431
1649376000,335.86,338.67,320.74,323.38,15576.28182261
1649462400,323.22,327.81,321.51,326.08,7636.40690538
1649548800,326.34,332.59,318.41,319.95,12985.82004988
1649635200,319.84,321.04,290.84,294.92,19798.2497267
1649721600,294.85,307.5,293.32,304.99,16634.21519264
1649808000,304.99,349.22,301.26,341.13,50422.62994807
1649894400,341.2,353.34,332.64,337.51,29008.7245182
1649980800,337.51,345.02,333.38,340.95,18344.60630653
1650067200,340.96,347.61,338.9,342.9,9337.82216399
1650153600,342.91,348.79,327.44,328.18,13130.88639945
1650240000,328.04,341,312.9,340.48,20077.32469962
1650326400,340.5,343.1,332.56,340.62,13774.84669889
1650412800,340.47,344.89,329,330.55,16553.01077742
1650499200,330.83,345.81,311.2,315.67,17165.9582446
1650585600,315.47,334.67,314.23,321.19,17847.95390248
1650672000,321.16,324.25,311.18,312.68,7117.7793358
1650758400,312.58,315.07,307.18,307.63,8175.77265245
1650844800,307.69,315.77,299.83,314.56,20359.87660666
1650931200,314.57,321.95,291.43,296.43,23929.24962277
1651017600,295.85,309.48,293.77,307.27,14263.18121362
1651104000,307.31,312.59,303.29,306.57,18203.6777105
1651190400,306.49,309.01,290.83,294.87,17893.4339565
1651276800,294.92,298.2,267.76,277.83,19272.85724776
1651363200,277.79,287.85,272.53,284.18,14272.98059439
1651449600,283.88,291.01,279.74,285.05,16009.4342736
1651536000,285.13,289.69,275.75,279.35,12810.27239236
1651622400,279.34,299.99,278.17,299.99,16011.4000694
1651708800,299.99,302.55,272.23,277.17,15951.53594522
1651795200,277.12,277.91,265.51,274.81,15303.32528298
1651881600,274.75,277.42,263.47,267.87,8576.64737919
1651968000,267.96,269.78,259.82,261.75,12989.93323678
1652054400,261.91,266.47,215.07,217.92,35980.55254593
1652140800,217.73,244.28,210.5,231.66,42559.99449883
1652227200,231.6,249.91,183.13,193.96,62796.4751722
1652313600,193.93,226.27,150,193.69,150167.73650931
1652400000,193.6,221.54,191.24,201.88,63305.74315536
1652486400,202.29,236.91,186.28,208.47,62657.62015419
1652572800,208.47,215.89,202.24,214.55,37695.7437238
1652659200,214.6,214.66,195.83,197.37,25548.4737012
1652745600,197.41,214.87,194.43,206.73,36149.41393548
1652832000,206.61,208.95,185.55,186.73,18872.56228188
1652918400,186.67,198.8,180.5,196.24,26623.14078938
1653004800,196.3,200.34,185.92,189.86,24180.44551647
1653091200,189.77,195.53,186.42,192.01,12006.79589642
1653177600,192.44,202.16,190.04,197.72,16032.98816239
1653264000,197.55,208.01,188.76,191.72,22732.20135156
1653350400,191.76,197.22,183.15,195.37,18375.51822407
1653436800,195.29,201.24,188.94,190.03,22927.14215352
1653523200,190,192.67,172.21,179.2,29933.82031752
1653609600,179.1,184.77,171.43,174.68,31693.35550184
1653696000,174.63,180.49,172.76,178.55,10902.96463135
1653782400,178.57,186.21,175.32,184.88,15743.02742721
1653868800,185.15,199.28,184.35,196.88,20947.12007204
1653955200,196.78,207.31,191.43,204.51,43307.61959678
1654041600,204.55,210.83,183.99,185.8,32279.90657017
1654128000,185.87,189.67,182.3,188.86,14225.84382537
1654214400,188.9,191.73,179.84,182.79,17682.90136516
1654300800,182.87,189.74,179.88,188.68,11866.18600673
1654387200,188.71,190.17,177.85,179.68,25205.92156645
1654473600,179.78,189.1,178.8,185.43,23914.91318104
1654560000,185.47,187.95,173.08,181.8,35263.14165554
1654646400,181.95,182.84,174.77,176.62,17714.16024721
1654732800,176.7,180.67,172.18,175.52,12317.45838738
1654819200,175.32,177.43,165.67,167.36,24171.80689726
1654905600,167.37,169.69,154.53,156.57,39658.91748852
1654992000,156.67,158.13,145.64,145.97,42545.97910582
1655078400,145.86,148.79,123.84,126.93,112941.07955654
1655164800,126.67,134.45,117.33,125.88,112144.46066384
1655251200,125.75,131.3,110.04,127.9,81888.70633994
1655337600,127.79,130.67,107.08,109.37,63410.83210563
1655424000,109.18,122,106.64,121.36,47637.23423973
1655510400,121.41,125.02,109,115.22,88638.12902424
1655596800,115.71,123.65,110.92,120.39,79127.7947234
1655683200,120.39,124.63,115.51,118.55,92626.89204969
1655769600,118.5,123.24,113.44,119.44,74710.25209719
1655856000,119.41,119.42,112.33,112.65,41285.78416788
1655942400,112.61,118.36,111.58,116.28,30086.23674911
1656028800,116.34,121.01,114.17,114.42,65946.92677487
1656115200,114.44,116.13,110.96,115.47,75303.55246334
1656201600,115.48,119.38,112.44,112.89,54239.65834882
1656288000,112.82,117.08,110.19,111.44,37216.6727105
1656374400,111.5,112.7,101.96,103.03,68614.25880217
1656460800,103.12,107.8,101.21,104.45,48062.12826789
1656547200,104.49,104.78,97.02,103.29,54082.19564073
1656633600,103.34,106.39,98.13,101.28,29633.99902664
1656720000,101.29,106.99,100.5,106.4,25341.38241407
1656806400,106.42,107.91,101.59,105.93,43430.16143565
1656892800,105.95,108.42,102.37,108,34544.00423995
1656979200,108.08,108.56,101.58,103.96,36871.8165057
1657065600,103.96,107.1,102.76,105.8,35841.91445141
1657152000,105.86,112.4,104.95,111.48,30932.70050533
1657238400,111.53,113.49,106.81,108.45,30134.21641517
1657324800,108.49,113.01,108.16,111.36,24611.77511702
1657411200,111.36,111.48,105.32,106.77,17117.12341019
1657497600,106.84,107.24,98.42,99.04,50674.16328852
1657584000,99.05,101.02,96.71,97.14,23109.10923157
1657670400,97.11,102.66,95.15,102.51,31193.9355139
1657756800,102.46,104.11,99.02,102.99,34648.26688178
1657843200,102.99,106.96,101.69,106.07,32378.07434357
1657929600,106.06,110.76,103.78,109.45,30827.21693162
1658016000,109.47,116.3,107.85,109.99,45980.4653089
1658102400,110.21,122.1,110.01,121.21,45793.57405729
1658188800,121.25,129.68,115.92,128.38,62194.53691133
1658275200,128.48,131.42,119.83,121.82,57840.05063466
1658361600,121.82,124.35,117.56,123.04,37632.00206427
1658448000,122.98,129.52,119.81,123.32,45401.02498912
1658534400,123.28,127.19,118.08,122.39,35266.90562508
1658620800,122.41,135.04,122.37,131.93,43203.23030643
1658707200,131.86,133.04,117.66,118.03,51004.52061733
1658793600,118.08,119.1,113.64,118.94,30192.5549
1658880000,118.97,127.5,116.2,127.39,31871.34419285
1658966400,127.34,159.72,127.18,155.69,101774.69386705
1659052800,155.88,164.97,147.27,151.84,67091.27583888
1659139200,151.9,154.63,143.27,145.47,42508.21419574
1659225600,145.4,150.42,138.42,139.37,30502.84957103
1659312000,139.31,142.31,133.95,137.87,36716.35655308
1659398400,137.9,139.07,128.77,133.77,53515.6919174
1659484800,133.68,143.38,130.22,133.8,38253.71912673
1659571200,133.76,138.55,132.35,134.34,34184.42986684
1659657600,134.34,142.1,133.91,141.93,32767.62791744
1659744000,141.98,143.5,139.11,141.34,33300.67670051
1659830400,141.29,143.9,137.54,140.98,25926.6406094
1659916800,141.05,148.11,140.25,143.53,34136.46642555
1660003200,143.59,144.47,133.17,134.7,42227.47799905
1660089600,134.69,143.67,131.43,142.17,44773.55284376
1660176000,142.16,148.98,141.76,142.98,36790.32458769
1660262400,142.99,143.51,138.53,143.1,28098.12910977
1660348800,143.08,147.13,142.46,144.23,25362.47912234
1660435200,144.2,147.89,138.18,139.45,36560.39302985
1660521600,139.45,143.48,133.7,137.24,46840.71893983
1660608000,137.26,138.44,134.56,136.34,33858.19323128
1660694400,136.48,144.9,132.39,133.83,46694.14854852
1660780800,133.82,136.39,127.43,129.12,29317.45492403
1660867200,129.11,129.15,113.52,114.49,42492.48896209
1660953600,114.39,118.34,111.24,114.73,23068.34651777
1661040000,114.72,120.66,114.27,119.67,19003.34909492
1661126400,119.8,123.3,113.43,122.71,37441.74328933
1661212800,122.71,135.71,120.05,133.41,44789.34382096
1661299200,133.51,139,130.34,130.34,40874.07745483
1661385600,130.35,132.8,128.47,130.54,28606.57650636
1661472000,130.62,130.62,114.79,116.03,38903.55181898
1661558400,115.95,118.44,113.25,115.26,23340.57410674
1661644800,115.24,121.27,111.83,112.59,27361.92912919
1661731200,112.57,120.01,110.81,119.61,24867.01963987
1661817600,119.53,120.73,111.85,114.69,37856.98078962
1661904000,114.72,117.94,114.2,115.12,20221.82419801
1661990400,115.11,117.24,112.91,116.73,25308.86139937
1662076800,116.74,120.43,114.7,116.4,22957.46368101
1662163200,116.31,119.27,115.76,117.83,22590.20838407
1662249600,117.83,118.39,115.85,118.36,19947.36072043
1662336000,118.41,126.49,117.02,125.73,48512.23981557
1662422400,125.76,128.11,111.89,112.17,43330.95654394
1662508800,112.19,119.5,110.2,118.81,46976.83493366
1662595200,118.87,130.37,115.93,126.63,52012.44400604
1662681600,126.66,138.78,126.13,132.98,53247.98091175
1662768000,132.98,135.04,130.48,132.73,34000.07920863
1662854400,132.68,133.4,127.46,130.35,25516.98012566
1662940800,130.32,132.94,126.32,128.87,32734.124624
1663027200,128.93,133.79,115.95,117.58,42768.33717256
1663113600,117.48,120.76,116.04,119.99,24718.33209222
1663200000,119.9,123.16,116.04,117.54,26795.1580715
1663286400,117.62,120.9,116.09,119.56,23142.50997869
1663372800,119.6,123.41,119.3,122.08,18796.56159403
1663459200,122.16,122.22,110.61,111.74,32251.71074407
1663545600,111.71,113.32,106.56,112.01,40728.74424371
1663632000,111.97,114.87,111,112.79,42590.6489447
1663718400,112.7,119.01,108.37,108.81,34061.52833064
1663804800,108.82,117.31,108.6,116.62,18704.18737479
1663891200,116.57,120.48,112.41,120.12,28130.9376446
1663977600,120.06,122.2,117.22,117.34,23789.53469882
1664064000,117.34,118.58,112.16,113.48,27608.02914603
1664150400,113.46,117.64,112.4,116.33,19790.76675545
1664236800,116.34,120.54,112.4,114.24,28380.2491247
1664323200,114.25,115.86,110.07,114.17,22733.53214796
1664409600,114.16,117.94,113.54,117,21571.87511474
1664496000,117,125,115.43,120.1,47917.74127233
1664582400,120.14,121.06,115.71,117.14,28109.87154858
1664668800,117.09,118.5,113.81,114.3,37342.24090716
1664755200,114.31,116.57,113.53,116.23,24098.35907067
1664841600,116.22,122.13,115.51,121.16,24015.08898087
1664928000,121.12,123.69,118.95,122.13,32583.72952262
1665014400,122.14,123.83,117.75,118.32,29072.09753867
1665100800,118.25,120.25,115.45,116.65,21070.57804235
1665187200,116.61,118.77,115.59,117.04,12816.40552948
1665273600,117.04,118.46,116.34,117.17,11988.30166761
1665360000,117.16,118.04,110.74,111.51,30535.30247432
1665446400,111.5,112.39,109.03,111.17,17669.25985035
1665532800,111.15,112.76,110.65,111.75,12778.4318408
1665619200,111.77,113.06,101.94,108.67,32192.9357642
1665705600,108.83,111.78,106.6,107.49,17091.72999295
1665792000,107.55,109.56,106.75,107.98,10496.52569634
1665878400,108.01,110.93,107.86,110.28,10945.62321137
1665964800,110.23,111.59,109.24,110.6,16993.82187293
1666051200,110.58,111.53,107.12,108.74,23794.67355728
1666137600,108.74,108.98,105.15,105.88,13473.08767985
1666224000,105.86,108.97,105,106.38,21531.57599567
1666310400,106.41,107.36,102.83,107.02,22794.47178251
1666396800,107.06,110.6,106.17,108.58,15351.10377086
1666483200,108.61,111.1,107.54,110.87,17041.44403054
1666569600,110.8,111.31,107.4,107.91,20047.92660075
1666656000,107.91,114.4,107.69,112.76,25562.6265358
1666742400,112.97,116.56,112.03,114.45,37057.4606517
1666828800,114.46,117.36,111.6,112.36,26779.70461353
1666915200,112.28,116.42,111,115.67,23676.57972368
1667001600,115.64,120.68,115.39,118.51,30761.11071708
1667088000,118.51,120.3,114.5,116.17,21088.95613752
1667174400,116.17,117.89,113.57,115.06,29889.43581564
1667260800,115.06,116.55,113.82,114.97,21766.36384348
1667347200,114.99,122.06,111.93,113.53,53819.84499847
1667433600,113.53,120,113.11,115.62,31560.540608
1667520000,115.58,124.9,114.97,124.4,46459.37723196
1667606400,124.38,126.02,122.2,123.76,46326.69000962
1667692800,123.69,124.31,116.23,116.61,26400.28172225
1667779200,116.56,119.43,115.24,117.86,29476.00021198
1667865600,117.89,118.9,95.1,103.15,79128.72841045
1667952000,103.08,104.1,87.04,89.13,72317.27080833
1668038400,89.16,106.01,87,102.46,39016.70871381
1668124800,102.3,106.67,98.67,103.06,30630.77479024
1668211200,102.91,102.92,97.6,102.56,18375.92093722
1668297600,102.56,103.4,97.73,99.26,16947.1835178
1668384000,99.2,104.5,96.16,103.78,23335.52608721
1668470400,103.69,106.04,102.19,103.74,16195.57452038
1668556800,103.72,109.8,102.44,104.34,28637.13408327
1668643200,104.37,105.22,101.16,103.78,18189.24116547
1668729600,103.78,105.74,103.5,104.55,10572.07559607
1668816000,104.54,106.2,103.84,104.68,12137.5091697
1668902400,104.58,107.54,103,104.75,18347.32909057
1668988800,104.75,107.34,100.47,103.16,26019.86377802
1669075200,103.15,109.25,102.89,109.25,19290.76377121
1669161600,109.25,119.55,108.29,114.81,42534.70081942
1669248000,114.82,118.66,112.89,115.78,28520.63416933
1669334400,115.73,116.3,113.05,113.8,15860.96031834
1669420800,113.83,115.69,111.26,112.34,21538.54995114
1669507200,112.36,113.63,110.59,111.1,13549.55071322
1669593600,110.99,111.97,105.96,109.91,17937.6257134
1669680000,109.91,113.18,109.12,110.8,22837.78156669
1669766400,110.8,114.59,110.33,113.44,30986.80683133
1669852800,113.43,113.81,109.62,110.39,23260.8744965
1669939200,110.38,112.41,108.33,111.96,21802.39135365
1670025600,112.02,112.32,109.39,109.68,12804.70262292
1670112000,109.64,111.94,109.59,111.21,16179.52315443
1670198400,111.16,117.43,109.46,110.49,30168.04277326
1670284800,110.49,112.23,110.08,112.08,18517.47645281
1670371200,112.2,112.76,107.55,109.21,19893.59957223
1670457600,109.22,112.31,108.43,111.86,17598.84644202
1670544000,111.86,112.32,109.03,109.85,16090.13437922
1670630400,109.85,110.49,108.78,109.13,12899.11761798
1670716800,109.12,109.95,105.91,106.2,17206.34004544
1670803200,106.18,106.76,102.26,106.26,24548.66972335
1670889600,106.26,111.44,103.77,110.3,22722.68731372
1670976000,110.34,111.38,107.43,109.12,20381.07650112
1671062400,109.1,110.09,106.73,107.26,16687.27785721
1671148800,107.32,108.08,98.86,100.15,25984.95597487
1671235200,100.13,103.38,98.78,103.15,27619.24843016
1671321600,103.15,103.58,101.36,102.06,17336.58684875
1671408000,102.04,103.03,97.52,98.43,30974.24613678
1671494400,98.34,102.42,98.29,101.63,19223.61821973
1671580800,101.66,102.29,99.82,100.32,15232.30277284
1671667200,100.29,101.51,99.38,101.5,15377.7106384
1671753600,101.51,102.91,101.19,101.95,20460.22460189
1671840000,101.95,102.71,101.52,101.67,10340.19779387
1671926400,101.66,101.99,99.67,101.41,13983.2839119
1672012800,101.41,103.5,100.9,103.46,15180.62953401
1672099200,103.47,103.7,101.01,101.7,18193.6247268
1672185600,101.73,102.52,98.7,99.12,28295.5500389
1672272000,99.12,100.22,97.22,98.48,25945.88179786
1672358400,98.47,98.47,95.21,96.66,26271.51693427
1672444800,96.68,98.35,96.34,97,19643.70361049
1672531200,96.96,97.58,96.09,96.77,11078.17254808
1672617600,96.8,100.35,95.26,99.28,26576.10478367
1672704000,99.27,100.38,98.7,99.6,17004.84360366
1672790400,99.59,102.61,99.47,101.52,32706.47765182
1672876800,101.48,103.53,100.56,101.16,29398.901309
1672963200,101.21,101.97,98.1,101.62,29222.60660057
1673049600,101.58,102.17,101.25,101.51,17747.06630875
1673136000,101.54,103.9,100.8,103.66,17348.48029883
1673222400,103.64,107.85,103.6,106.82,38037.79056354
1673308800,106.8,109.18,105.5,107.35,24286.71713374
1673395200,107.34,110.09,105.5,109.82,33122.76394394
1673481600,109.88,125.3,107.97,119.64,103955.10084055
1673568000,119.77,127.75,117.8,124.58,70337.60896591
1673654400,124.63,131.35,119.97,125.82,75464.18348311
1673740800,125.84,127.3,121.52,124.92,42364.80205237
1673827200,124.94,127.07,119.59,124.18,54832.34162479
1673913600,124.18,125.72,121.83,122.78,35034.30742235
1674000000,122.7,127.4,116.18,118.68,44012.79393147
1674086400,118.59,122.47,118.56,121.71,16117.31012221
1674172800,121.7,128.2,120.4,128.08,21810.42767436
1674259200,128.04,134.17,125.28,127.89,35624.83666931
1674345600,127.9,132.69,127.13,128.66,20625.95881479
1674432000,128.66,138.53,128.49,133.31,29259.62840655
1674518400,133.25,137.14,125.71,128.17,29413.31088553
1674604800,128.17,135.05,125.34,131.91,25359.44310951
1674691200,131.95,135,129.64,133.9,22720.6594017
1674777600,133.93,136.29,131.71,135.3,22704.49496839
1674864000,135.24,135.84,131.48,132.75,11427.21856898
1674950400,132.69,138.6,131.99,136.53,27927.58591195
1675036800,136.49,136.65,127.54,131.16,31076.95833417
1675123200,131.22,136.44,130.69,133.19,27165.83081155
1675209600,133.24,136.89,129.8,136.15,28204.24153622
1675296000,136.24,143.51,135.61,136.79,32220.43539974
1675382400,136.78,139.66,136.22,137.92,21164.95469542
1675468800,137.93,140.15,136.09,138.05,17021.90740877
1675555200,138.06,138.29,132.68,134.44,16226.15199069
1675641600,134.41,135.07,130.21,131.67,13393.86021626
1675728000,131.63,137.61,131.35,135.92,27881.19490768
1675814400,136.02,136.84,129.76,131.63,17192.85973122
1675900800,131.67,133.03,122.09,126.76,63808.70010562
1675987200,126.82,132.12,123.99,124.32,43670.15848485
1676073600,124.34,127.35,123.16,124.88,15158.41164122
1676160000,124.84,126.61,121.32,122.84,24595.08712563
1676246400,122.81,124.73,119.8,123.92,47635.64985504
1676332800,123.95,127.17,122.84,126.69,23949.08486413
1676419200,126.78,135.27,125.04,134.8,36756.8866234
1676505600,134.76,135.82,127.65,127.95,33137.86800328
1676592000,128.03,134.58,127.55,133.4,22885.35069622
1676678400,133.36,138.73,133.29,136.13,23801.05531898
1676764800,136.12,141.1,134.66,136.09,25059.84042002
1676851200,136.11,148.97,133.29,145.01,51110.62294649
1676937600,144.95,154.05,142.67,145.32,108947.0191976
1677024000,145.29,145.7,136.9,141.91,43150.09928711
1677110400,141.92,143.78,137.44,138.71,35163.40324554
1677196800,138.75,139.66,130.36,132.69,27446.16396026
1677283200,132.74,135.69,129.51,133.15,28784.10337445
1677369600,133.15,137.5,132.2,136.28,17898.84749507
1677456000,136.27,138.25,133.21,135.09,29485.68622944
1677542400,135.11,135.25,130.55,131.97,30411.40851752
1677628800,131.91,135.86,131.55,134.24,24731.659906
1677715200,134.2,134.77,129.72,131.85,18135.38294165
1677801600,131.81,131.88,119.79,126.25,38240.52372262
1677888000,126.25,127.19,122.28,124.45,9982.06036561
1677974400,124.29,126.45,123.2,124.02,16893.17220382
1678060800,124.01,125.01,122.19,124.24,16132.47884238
1678147200,124.24,125.94,120.02,122.22,18883.81676164
1678233600,122.25,122.71,114.48,116.61,28873.46259064
1678320000,116.57,118.32,106.3,110.22,37415.09113451
1678406400,110.26,112.32,105.05,111.97,41207.39454405
1678492800,111.92,116.86,108,114.22,39390.25262497
1678579200,114.23,121.83,112.84,121.21,29662.80938853
1678665600,121.24,128.8,119.69,127.18,53373.70665483
1678752000,127.18,136.67,126.03,131.46,53392.60892797
1678838400,131.54,134.39,122.29,123.69,25503.76625398
1678924800,123.69,127.3,122.62,126.08,28007.68663877
1679011200,126.06,136.08,125.13,135.73,26626.27392892
1679097600,135.75,138.24,130.69,131.43,26125.7406788
1679184000,131.45,137.43,131.42,136.18,20649.49727481
1679270400,136.25,139.8,130,130.7,33651.47989547
1679356800,130.72,135.04,126.04,134.48,33372.56266623
1679443200,134.47,134.62,123.12,126.22,47420.89895202
1679529600,126.25,131.42,124.73,128.9,27260.06941591
1679616000,129,132.05,121.76,123.97,28560.86850903
1679702400,123.98,127.76,123.29,125.24,26717.48499603
1679788800,125.19,127.24,123.73,124.81,15410.6269883
1679875200,124.7,125.07,116.77,120.49,30602.96654575
1679961600,120.5,122.36,119.12,121.04,30249.20306294
1680048000,120.92,124.78,120.54,123.38,32911.89660542
1680134400,123.32,125.34,119.02,121.12,33269.00622812
1680220800,121.14,124.73,120.29,124.08,21167.83720655
1680307200,124.08,127.65,123.48,126.17,21776.98777067
1680393600,126.14,126.59,121.31,123.03,16086.87791067
1680480000,123.09,129.64,119.76,127.81,45163.46842447
1680566400,127.81,128.41,125.96,127.08,22652.7342578
1680652800,127.05,129.99,125.15,127.34,24937.2683234
1680739200,127.36,127.7,124.86,126.15,15673.48240104
1680825600,126.15,126.7,123.29,124.68,11523.91166293
1680912000,124.7,125.28,122.93,123.9,6498.23799338
1680998400,123.85,126.44,123.46,125.54,10240.1746286
1681084800,125.55,128.76,124.08,128.07,18496.18177729
1681171200,128.11,130.77,127.46,129.29,23483.37224878
1681257600,129.26,129.99,125.65,128.81,25477.45402524
1681344000,128.89,131.93,128.01,131.16,17801.6892073
1681430400,131.12,134.47,128.97,132.29,23277.31903811
1681516800,132.28,133.75,130.76,132.7,20588.02294444
1681603200,132.75,136.18,131.01,134.5,21353.48501575
1681689600,134.53,134.65,130.25,131.61,18722.59050799
1681776000,131.55,134.26,130.34,133.63,15618.83231918
1681862400,133.64,133.96,122.7,124.98,36306.09165009
1681948800,124.92,126.8,121.37,123.17,20606.21236336
1682035200,123.15,124.95,118.27,119.96,22503.5467291
1682121600,119.84,122.92,119.14,122.03,10144.70435791
1682208000,122.05,122.85,118.1,119.88,13254.50001685
1682294400,119.92,121.62,118.64,119.16,16353.80929503
1682380800,119.18,120.39,116.64,120.27,18974.83617869
1682467200,120.23,123.35,111.66,117.65,34909.62629715
1682553600,117.66,120.44,116.28,117.14,23826.80712744
1682640000,117.15,120.33,115.57,118.08,21045.76496597
1682726400,118.15,120.25,117.75,119.87,10627.07468154
1682812800,119.84,121.08,117.57,117.7,13691.90438819
1682899200,117.69,118.45,115.09,117.05,15032.18635787
1682985600,117.04,119.73,116.41,119.28,15129.36888637
1683072000,119.28,120.83,116.01,120.08,20584.93875471
1683158400,120.09,120.17,116.57,117.46,14751.15629372
1683244800,117.44,121.08,116.79,120.23,21337.19430761
1683331200,120.24,120.75,115.43,117.15,14998.60808764
1683417600,117.14,117.87,115.95,116.29,8225.7230318
1683504000,116.17,117,107.2,111.31,25716.43535033
1683590400,111.28,123.94,110.37,122.21,54291.59469647
1683676800,122.21,123.55,111.84,115.88,56984.62535184
1683763200,115.82,115.84,110.16,113.39,27312.56105388
1683849600,113.3,115.66,112.17,114.86,29903.56756055
1683936000,114.87,114.98,112.52,113.04,10657.41653342
1684022400,113.07,116.08,112.94,115.26,13611.01557275
1684108800,115.24,120.93,114.31,116.05,37764.505489
1684195200,116.02,117.66,114.05,116.73,23774.9559453
1684281600,116.88,118.73,115.39,117.93,16877.20504909
1684368000,117.93,118.04,112.89,115.28,15912.68201587
1684454400,115.31,116.18,114.5,115.59,9723.10226093
1684540800,115.56,117.04,114.61,116.66,10126.95439392
1684627200,116.68,117.15,113.91,114.74,11231.75173235
1684713600,114.75,115.24,113.03,114.68,11760.7066292
1684800000,114.7,117.41,114.67,115.73,15629.2254895
1684886400,115.8,115.83,110.89,112.03,19597.8709438
1684972800,112.03,112.36,109.3,111.93,16852.19037476
1685059200,111.95,113.81,111.47,113.25,10097.12470366
1685145600,113.23,114.15,112.13,113.92,6454.33967786
1685232000,113.93,116.87,113.78,116.46,9431.76512893
1685318400,116.49,117.3,114.73,114.92,12918.46058997
1685404800,114.95,115.77,113.96,113.97,10618.70876341
1685491200,113.97,114.41,112.12,113.32,17598.98502905
1685577600,113.35,113.6,111.6,113.39,11499.0922406
1685664000,113.35,115.4,112.78,114.85,10637.17669119
1685750400,114.86,115.29,114.24,115,6343.9029575
1685836800,114.99,116.95,114.2,115.67,10896.47679662
1685923200,115.66,115.68,106.99,108.77,27003.44077955
1686009600,108.76,114.91,107.47,114.85,19930.70555529
1686096000,114.87,116.83,110.02,111.2,16585.27502811
1686182400,111.2,112.46,110.25,111.83,9827.73182906
1686268800,111.82,112.04,109.58,110.82,13325.88373282
1686355200,110.84,111.01,90.77,103.65,98374.67745706
1686441600,103.68,103.8,101.7,102.85,16441.48342026
1686528000,102.84,104.37,100.48,102.81,16481.61813072
1686614400,102.81,106.81,102.2,105.37,17595.88740517
1686700800,105.36,106.32,100.54,101.77,22971.71372771
1686787200,101.76,105,101.68,104.76,19933.6225751
1686873600,104.69,109.31,102.53,108.04,17420.0819117
1686960000,108.04,108.53,106.09,106.67,11770.32326765
1687046400,106.63,108.76,105.51,106.96,15978.58453446
1687132800,106.98,107.32,104.72,106.84,12629.71824753
1687219200,106.84,110.61,105.13,110.06,23315.06516663
1687305600,110.08,140.3,109.73,135.67,167233.93876305
1687392000,135.72,149.56,128.93,133.47,101389.78183757
1687478400,133.46,194.55,133.46,182.26,322717.82433089
1687564800,182.31,221.53,179.19,212.43,278253.03146887
1687651200,212.63,221.17,185.98,194.12,265378.4339124
1687737600,194.39,234.02,187.35,223.86,259961.90936138
1687824000,223.85,239,216.26,230.11,186980.98788747
1687910400,230.08,243.73,220,225.12,147720.00204795
1687996800,225.03,254.5,223.73,253.23,162048.38077755
1688083200,253.46,329.71,252.08,304.34,452387.27146232
1688169600,304.35,310.21,280,291.31,152290.07453233
1688256000,291.53,308.71,268.25,299.12,170107.71035886
1688342400,299.12,302.61,280,291.95,123412.32735584
1688428800,291.92,293.26,271.2,272.41,88101.38290471
1688515200,272.41,278.72,248.43,272.14,171259.1871267
1688601600,271.94,303.52,268.03,274.92,248123.07586519
1688688000,275.14,289.21,272.33,278.52,103836.07211697
1688774400,278.54,283.14,261.82,271.94,55440.05760539
1688860800,271.94,279.4,262.09,265.61,48092.30954955
1688947200,265.63,287.68,258.36,274.88,110404.71977518
1689033600,274.88,277.58,270.24,274.05,38439.94478494
1689120000,274.07,295,272.76,282.16,105472.98212166
1689206400,282.23,292.39,269.11,274.18,123100.83467429
1689292800,274.18,278.27,254.19,264.5,88610.77827666
1689379200,264.11,264.12,245.78,253.48,45383.79546942
1689465600,253.43,261.31,247.52,250.03,53705.64981387
1689552000,249.96,254.67,235.61,242.14,61312.04208107
1689638400,242.05,248.08,231.61,243.7,61793.4581231
1689724800,243.75,252.12,241.16,243.98,36664.7069788
1689811200,243.93,255.25,240.26,244.23,43050.16943806
1689897600,244.2,248.22,241.49,246.14,26389.85140138
1689984000,246.1,247.85,237.36,239.6,21093.77081582
1690070400,239.55,255.6,238.61,249.51,35789.99346361
1690156800,249.51,253.89,235.78,238.49,41462.26835352
1690243200,238.46,239.64,231.94,237.04,28306.32097237
1690329600,237.05,244.77,233.6,242.06,49722.09377014
1690416000,242.11,249.52,240.67,245.24,51554.77353863
1690502400,245.22,245.48,240.75,240.96,27491.77910415
1690588800,240.97,242.52,238.34,241.94,23545.40062089
1690675200,242,266.29,241.1,253.02,59551.04462156
1690761600,253,259.49,242.42,247.92,73540.47977843
1690848000,247.92,248.84,238.56,244.92,41151.26579423
1690934400,244.87,246.8,220.91,229.06,43563.96902245
1691020800,229.03,231.59,222.63,225.07,28568.95199869
1691107200,225.08,229.79,220.56,227.32,32490.12470756
1691193600,227.39,228.68,222.99,226.57,25615.43721872
1691280000,226.59,228.33,221.23,222.71,17685.30554215
1691366400,222.7,245.04,217.45,237.48,84517.69829167
1691452800,237.47,249.3,234.46,238.6,63853.95919468
1691539200,238.63,239.8,233.62,238.61,28255.84573057
1691625600,238.64,240.3,230.25,231.75,27063.94459014
1691712000,231.74,232.77,227.05,228.79,18616.70774387
1691798400,228.85,230.85,227.29,228.49,9722.17342151
1691884800,228.52,230.89,224.85,228.26,18362.93522427
1691971200,228.17,230.96,225.28,229.87,20741.78613545
1692057600,229.82,236.99,225.25,228.52,41020.20407826
1692144000,228.52,231.03,200.43,207.85,46550.15031902
1692230400,207.96,211.14,164.16,183.95,71581.49184159
1692316800,184.09,191.5,178.47,187.36,48755.51371288
1692403200,187.34,192,184.3,187.19,20243.59332348
1692489600,187.17,190.78,186.57,188.87,13873.33418809
1692576000,188.87,199.4,180.6,185.75,27261.75561545
1692662400,185.77,188.15,176.75,184.88,20632.24946761
1692748800,184.97,196.56,184.66,193.76,26289.28620613
1692835200,193.73,195.04,188.6,194.04,17999.69900002
1692921600,194.05,194.5,188.22,191.99,15814.84242024
1693008000,192,192.22,188.76,190.04,6806.97314246
1693094400,190,201.6,189.92,197.68,14675.74492384
1693180800,197.64,197.93,187.27,190.47,23382.37216531
1693267200,190.46,228.46,188.76,225.17,77406.04309325
1693353600,225.23,225.86,211.42,216,35222.72761839
1693440000,216.03,222.8,203.01,207.56,43885.63617289
1693526400,207.57,210.95,197.61,199.62,27915.86911627
1693612800,199.6,201.73,190.89,195.03,28148.66914529
1693699200,195.08,198.13,191.22,196.12,14230.84479978
1693785600,196.19,199.2,189.84,193.7,23902.28970064
1693872000,193.74,195,189.33,192,15656.00573234
1693958400,191.99,195.61,189.46,193.01,19056.98288157
1694044800,193.01,194.37,189.88,193.61,13465.09098483
1694131200,193.63,197.06,190.57,193.17,21685.49174569
1694217600,193.17,196.41,190.92,193.05,11628.1304416
1694304000,193.02,193.06,183.61,190.24,24157.75187583
1694390400,190.28,191.71,180.48,184.21,25400.66771103
1694476800,184.28,210.41,184,198.36,63844.07577842
1694563200,198.32,207,195.78,199.54,48969.55610175
1694649600,199.54,210.6,198.63,207.93,38297.93488888
1694736000,207.93,225.8,206.1,217.14,51346.90650764
1694822400,217.11,223.63,212.88,214.81,37010.53177778
1694908800,214.82,214.82,205.31,210.02,28572.80441486
1694995200,210.07,225.55,207.52,217.42,57628.8330325
1695081600,217.32,222.47,214.67,218.84,26277.95246648
1695168000,218.85,221.04,211.53,215.45,31961.96426007
1695254400,215.51,215.86,205.81,208.54,23801.45999182
1695340800,208.55,210.12,204.26,207.78,21807.49880106
1695427200,207.84,209.64,206.62,208.24,9069.49784753
1695513600,208.18,210,203.02,204.75,11495.28431405
1695600000,204.72,213.59,201.94,210.3,17286.23042153
1695686400,210.31,215.65,209.52,214.57,22513.16886195
1695772800,214.6,236.86,213.27,229.19,75292.43237614
1695859200,229.18,245.32,227.75,238.7,80338.25210522
1695945600,238.75,241.24,228.95,234.97,41378.60437182
1696032000,234.95,239.39,231.92,234,20659.15992022
1696118400,233.89,245,232.87,242.23,46000.11885892
1696204800,242.22,255.85,240.48,246.43,99893.35890692
1696291200,246.47,251.48,227.53,230.37,45590.19640377
1696377600,230.29,234.2,223.8,233.17,26951.42422351
1696464000,233.2,234.89,225.28,230.96,21542.34414375
1696550400,231.05,234.06,226.08,230.92,17149.39079346
1696636800,230.91,236.42,228.5,230.44,9935.963964
1696723200,230.53,233.13,226.7,228.09,9270.86625843
1696809600,227.99,229.17,211.2,218.59,26277.74151081
1696896000,218.52,220.45,210.21,212.26,23624.47743803
1696982400,212.27,217.06,206.5,214.11,19766.54502111
1697068800,213.95,217.34,207.9,214.05,19098.93210863
1697155200,214.05,219,211.7,217.27,17522.78276827
1697241600,217.57,218.33,214.22,214.49,8314.73575706
1697328000,214.55,216.83,212.75,215.25,9680.13246264
1697414400,215.26,249.83,214.87,230.96,70603.3794618
1697500800,230.95,232.57,224,226.47,20631.85465091
1697587200,226.41,233.09,224.76,226.89,21451.34828069
1697673600,226.84,235.23,225.04,227.43,21366.36264655
1697760000,227.45,249.89,226.31,240.56,47316.10466967
1697846400,240.62,246.61,237.89,244.13,22108.9746186
1697932800,244.12,254.71,237.31,243.53,30813.799751
1698019200,243.54,264.81,240.44,261.99,68002.01904028
1698105600,261.83,269.96,245.58,251.88,51550.90605023
1698192000,251.82,259.92,248.15,254.27,35309.88094853
1698278400,254.29,256.8,240.57,247.34,33371.27704669
1698364800,247.33,247.62,233.03,239.22,23657.28569141
1698451200,239.22,247.85,238.92,244.91,17194.52018873
1698537600,244.84,249.55,242.3,246.02,14319.30833765
1698624000,245.99,251.06,241.3,245.95,21530.28268672
1698710400,246.02,249.08,235.8,245.06,21891.85618376
1698796800,245,247.43,236.64,245.23,23016.84318202
1698883200,245.29,249.55,230.61,235.59,28785.30786908
1698969600,235.3,241.01,231.08,237.56,28372.46987999
1699056000,237.48,240.63,235.83,240.52,7728.52677954
1699142400,240.5,243.29,233.3,237.79,21623.59856257
1699228800,237.82,244.93,235.74,242.99,18736.37905878
1699315200,243.02,251.88,237.24,244.01,41422.16389006
1699401600,243.78,247.42,241.73,245.57,23836.76676259
1699488000,245.59,257.84,227.11,240.09,62819.02107069
1699574400,240.11,242.6,233.73,239.91,25178.07189833
1699660800,239.78,241.85,232,236.55,27922.68866174
1699747200,236.55,239.54,230.45,236.66,16188.54836631
1699833600,236.71,240.35,232,233.99,30312.35562125
1699920000,233.93,238.94,220.41,232.05,29202.22628981
1700006400,231.94,238.44,230.16,238.05,18401.14146873
1700092800,238.22,245,230.5,233.89,40130.20574972
1700179200,233.97,234.84,221.56,229.95,22356.32717267
1700265600,229.86,229.89,221.21,227.57,10161.89834738
1700352000,227.54,231.04,224.2,230.36,9683.26083973
1700438400,230.34,230.64,224.73,226.32,12875.6930267
1700524800,226.24,236.32,213.2,216.79,57972.41338473
1700611200,216.59,224.9,215.92,223.8,20969.1810783
1700697600,223.83,227.68,222,225.25,13583.10570238
1700784000,225.24,230.33,224.49,226.57,14802.36432959
1700870400,226.68,228.36,225.73,227.66,6743.39252279
1700956800,227.66,229.85,221.91,226.88,10568.27346349
1701043200,226.95,229.51,219.39,223.2,22259.52681753
1701129600,223.28,224.84,219.58,223.51,14696.23081096
1701216000,223.44,227.16,221.16,223.25,10377.77908172
1701302400,223.25,223.58,220.12,221.49,7581.79562129
1701388800,221.51,226.84,220.66,225.28,13693.71774198
1701475200,225.29,228.64,224.87,228.32,23181.71223336
1701561600,228.36,233.16,223.82,230.13,26048.17054738
1701648000,230.15,256.4,229.14,252.38,122046.60356572
1701734400,252.23,253.08,238.5,251.13,48714.97470477
1701820800,251.07,264.95,242.91,244.56,77889.94908886
1701907200,244.5,249.27,239.21,247,25262.92582378
1701993600,247.14,254.66,245.5,253.66,24964.09640484
1702080000,253.61,262.96,250.24,252.71,28606.13592443
1702166400,252.83,255.18,244.51,251.22,12049.9616821
1702252800,251.19,251.71,212.31,230.46,30880.31560925
1702339200,230.46,234.96,226.67,231.82,10815.99023164
1702425600,231.8,237.17,222.81,235.3,18624.64055735
1702512000,235.36,237.84,226.54,237.32,22763.55496916
1702598400,237.38,237.43,225.16,227.18,16336.28450649
1702684800,227.18,231.95,224.8,229.65,9810.36098026
1702771200,229.63,230.35,224.85,225.75,7479.16859409
1702857600,225.8,228.3,217.11,228.14,20912.10905718
1702944000,228.14,230.82,222.5,225.19,19465.63849949
1703030400,225.21,234.7,223.68,229.55,29959.9807196
1703116800,229.53,234.5,228.6,233.08,15552.29952848
1703203200,233.2,244,231.56,238.44,29258.32360296
1703289600,238.48,238.84,230.21,232.9,15036.30621143
1703376000,232.88,234,225.56,229.01,13536.23463904
1703462400,229.14,237.48,228.19,234.86,12662.62253641
1703548800,234.91,235.1,220.01,229.26,23052.63957864
1703635200,229.26,265.68,226.35,264.27,96144.75414384
1703721600,264.31,278.6,257.63,261.65,97866.88282764
1703808000,261.68,269.48,249.15,254.11,75767.67771248
1703894400,253.99,287.61,253.81,270.65,93392.63948621
1703980800,270.43,272.12,252,259.5,28754.24241491
1704067200,259.64,269.7,255.59,268.03,27329.50098721
1704153600,267.98,271.27,254.17,257.13,44540.88596752
1704240000,257.13,268.15,214.01,234.2,66231.2235335
1704326400,234.29,240.52,232.41,239.81,21520.81299804
1704412800,239.86,242.43,229.19,239.5,40654.81661812
1704499200,239.22,243.63,231,236.33,21526.17862261
1704585600,236.26,240.14,229.89,232.58,19309.70181852
1704672000,232.15,256.24,221.21,254.19,59716.75317837
1704758400,254.18,257.94,239.57,244.85,46616.43732438
1704844800,244.79,260.33,233.33,254.65,46489.17237698
1704931200,254.87,289.48,250.51,276.13,81323.62824772
1705017600,276.23,298.64,250,259.33,114902.26844191
1705104000,259.28,262.36,250.72,254.16,35662.54991543
1705190400,254.13,259.01,244.95,245.57,31391.23241504
1705276800,245.62,257.71,244.95,250.08,30437.94213423
1705363200,250.17,256.28,248.84,251.23,25872.73537404
1705449600,251.21,251.5,240.51,244.03,21601.43864679
1705536000,244.01,244.87,233.01,237.52,27837.32690234
1705622400,237.54,237.98,226.28,236.5,29501.99734608
1705708800,236.5,239.91,234.82,239.01,11613.60915525
1705795200,238.94,242.96,236.34,236.81,14071.8499363
1705881600,236.76,242.5,230.04,235.3,48388.33465705
1705968000,235.38,237.72,218.7,229.36,40932.50652529
1706054400,229.42,238.1,228.24,236.18,22900.20952642
1706140800,236.13,238.59,234.21,236.43,28645.74925889
1706227200,236.45,242.82,234.39,241.81,21098.34251313
1706313600,241.76,245.29,239.22,243.7,22002.41525534
1706400000,243.69,245.97,234.79,236.87,17549.97598977
1706486400,236.83,241.98,234.14,241.33,17951.34183867
1706572800,241.38,243.78,236.3,237.44,18390.76900592
1706659200,237.49,238.95,232.19,234.07,19362.03864115
1706745600,234.01,237.31,230.16,236.63,16967.11760099
1706832000,236.71,237.93,234.25,236.26,10728.99663122
1706918400,236.26,244,236.02,240.81,23165.14462082
1707004800,240.88,244.18,232.71,235.15,30749.07733155
1707091200,235.09,237.74,233.77,235.49,12481.73211387
1707177600,235.48,238,233.97,235.17,12567.06376611
1707264000,235.17,240.95,234.38,240.53,12340.78887594
1707350400,240.68,245,240.21,244.58,16780.07412111
1707436800,244.6,253.97,244.6,250.42,29221.8683628
1707523200,250.34,251.69,243.28,247.8,13806.09689855
1707609600,247.78,283.92,246.77,277.63,130448.27195437
1707696000,277.78,289.65,266.89,280.66,81080.48062667
1707782400,280.72,287.8,266.5,270.53,60681.85065828
1707868800,270.48,293.98,264.69,281.04,66253.0777351
1707955200,281.03,282.78,266.39,270.69,44713.68176431
1708041600,270.75,275.27,265.32,274.52,53283.83703999
1708128000,274.51,274.6,258.74,267.4,29147.50411363
1708214400,267.34,271.94,264.97,270.64,13978.32230212
1708300800,270.54,273.76,266.78,273.22,22050.23177659
1708387200,273.28,274.16,255.75,265.3,46077.01409851
1708473600,265.32,267.1,255.2,263.12,29230.9193518
1708560000,263.12,265.96,258.9,260.15,29704.89696709
1708646400,260.19,267.04,259.25,264.75,23754.79942116
1708732800,264.76,270.49,262.86,267.67,22890.61925221
1708819200,267.62,270.95,265.52,267.89,17864.99038845
1708905600,267.92,276.97,262.22,274.88,34897.44279559
1708992000,274.8,315.69,274.51,292.98,110633.67305138
1709078400,292.99,314.06,279.67,296.79,88398.02735401
1709164800,296.78,323.58,291.24,297.98,97943.15361373
1709251200,298.02,319.73,297.02,316.49,65354.76087091
1709337600,316.57,507.68,315.67,501.86,337595.71440463
1709424000,501.91,530.66,455.35,471.07,184775.75150506
1709510400,470.9,479.07,434.21,474.22,118299.92922582
1709596800,474.14,482.68,340,401.89,121622.71684099
1709683200,401.86,421.43,383.92,415.98,62282.95144449
1709769600,415.96,440.18,398.17,432.65,46920.13627335
1709856000,432.68,447.43,418.5,437.38,57050.95615662
1709942400,437.61,458.82,426,433.06,41618.66857606
1710028800,433.16,447.31,412.72,423.95,38177.31032067
1710115200,423.99,456.55,401.61,448.72,65930.28781677
1710201600,448.63,448.68,409.76,434.8,48727.89316984
1710288000,434.87,454.99,424,442.75,49311.23275629
1710374400,442.74,473.66,416,440.32,77237.11636996
1710460800,440.4,444.72,382.95,416.81,50296.03178811
1710547200,416.85,421.5,381.82,388.41,30469.350913
1710633600,388.34,407.62,368.78,402.36,31150.97957332
1710720000,402.36,411.05,383.65,401.06,28229.45146732
1710806400,401.07,411.82,350.72,358.84,64937.93328348
1710892800,358.7,412.66,347.99,409.66,47894.75510141
1710979200,410.08,435.89,403.91,414.43,52532.44690447
1711065600,414.23,433.75,391.54,431.35,47519.27240504
1711152000,431.54,475.89,419.55,455.6,93040.27210623
1711238400,455.73,499.73,444.94,485.04,74548.84351101
1711324800,485.36,507.51,471.34,487.41,83641.99124114
1711411200,487.28,495.26,467.99,479.01,48169.0613712
1711497600,479.24,553.26,478.18,538.77,108964.08562394
1711584000,538.78,586.72,522.98,567.68,90099.68091434
1711670400,567.63,639.97,553.64,621.26,104417.70801122
1711756800,621.24,625,590.87,597.97,42449.93455767
1711843200,597.97,692.5,588.17,678.46,70060.85758473
1711929600,678.78,702.91,617.9,648.18,82949.99561474
1712016000,648.24,650,587.8,639.39,83925.44424471
1712102400,639.4,644.32,562,593.1,84704.06036556
1712188800,592.63,683.87,591.62,665.35,113955.15042701
1712275200,665.43,719.43,645.71,657.87,97978.02930205
1712361600,657.9,715.97,657.28,694.21,65200.69877683
1712448000,694.44,710,674.79,684.86,38926.2115328
1712534400,684.86,712.25,678.14,681.4,46440.29052656
1712620800,681.48,694.69,656.27,671.57,44779.07955174
1712707200,671.48,673.54,596.05,629.5,56411.76942939
1712793600,629.66,629.66,599.78,614.47,20620.74110283
1712880000,614.42,619.09,488.05,533.58,60779.9864961
1712966400,533.7,551.96,443.83,480.98,84612.01855895
1713052800,480.79,533.82,453.59,527.06,50890.26996097
1713139200,526.88,569.45,491.88,508.39,49052.13362173
1713225600,508.47,510.79,464.08,487.39,38213.11625577
1713312000,487.39,490.82,446.98,464.04,29694.44717881
1713398400,463.7,489.54,453.2,483.02,24962.3657593
1713484800,483.47,493.3,444.49,476.89,36387.76991046
1713571200,476.95,522.8,470.82,515.54,31729.7045754
1713657600,515.69,518.47,493.51,502.45,16841.10285802
1713744000,502.47,528.33,496.29,522.95,17288.16767234
1713830400,523.17,525.34,502,505.65,17314.56843469
1713916800,505.52,511.84,473.59,479.16,20503.84708316
1714003200,479.37,485.97,465.57,478.24,23338.77279874
1714089600,478.17,493.38,466.96,482.61,14029.98278809
1714176000,482.62,485.79,465.12,476.82,15225.48888533
1714262400,476.85,487.91,468,470.61,8776.12677149
1714348800,470.81,474.41,447,465.02,23617.60771128
1714435200,465.1,470.16,420.27,433.84,42061.26580948
1714521600,433.82,435.71,399.22,424.23,39089.33662546
1714608000,424.27,434.62,410.53,429.11,19602.81832831
1714694400,429.13,458.8,425.67,453.27,24330.37293852
1714780800,453.21,480.37,452.56,463.15,17066.19258754
1714867200,463.2,473.16,455.67,469.02,9548.73659702
1714953600,469.18,487.74,462.77,473.13,24912.78149822
1715040000,473.06,494.48,466.16,470.84,29377.70380569
1715126400,470.9,473.54,443.56,448.04,23185.88685729
1715212800,448,458.72,441.57,454.79,16138.3341599
1715299200,454.76,456.77,421.8,426.7,18444.37565216
1715385600,426.73,434.52,425.03,429.5,8018.01415481
1715472000,429.5,438.26,427.77,432.79,5557.44897442
1715558400,432.92,448.07,421.41,437.3,13955.56500035
1715644800,437.53,439.14,425.86,428.85,9358.99836674
1715731200,428.98,468.58,423.69,463.89,23852.41804832
1715817600,463.89,466.09,442.56,444.95,8244.43556192
1715904000,444.92,478.59,442.4,466.91,24293.85022262
1715990400,466.93,492.12,464.43,475.4,19808.79579249
1716076800,475.39,496.82,473.2,484.83,25773.96539368
1716163200,484.97,518.67,476.23,517.98,34801.31634382
1716249600,518.08,529.75,508.74,514.7,27297.79442298
1716336000,514.57,515.75,494.98,498.72,16145.51708782
1716422400,498.72,516.13,472.01,490.91,26282.22246195
1716508800,490.99,500.12,480.01,494.87,18678.74786829
1716595200,494.86,501,490.79,493.57,9287.07419957
1716681600,493.6,494.24,480.6,484.01,6815.96651386
1716768000,483.98,503.14,481.15,489.34,8305.15649772
1716854400,489.23,489.27,460.72,469.99,20177.73968443
1716940800,469.99,474.53,462.37,465.26,12466.87934903
1717027200,465.26,474.98,459.25,465.02,11880.27221925
1717113600,465.02,468.87,446.98,454.44,10730.49337159
1717200000,454.51,466.29,453.94,463.29,4705.82403574
1717286400,463.23,464.87,452.83,457.9,4359.23322944
1717372800,458.1,471.54,454.02,464.81,9752.34233676
1717459200,464.79,479.84,459.51,477.14,16012.60249363
1717545600,477.24,497.88,476.44,495.33,15447.98172002
1717632000,495.28,502.46,486.21,496.16,20032.95278866
1717718400,496.08,520.61,460,477.36,32171.54180659
1717804800,477.44,484.87,465.26,469.58,11543.41921755
1717891200,469.58,475.92,465.05,474.67,5371.55923193
1717977600,474.6,474.83,461.4,468.93,7055.94914762
1718064000,468.93,469.36,434.13,446.35,20466.90932062
1718150400,446.3,466.84,438.93,453.96,17535.05030341
1718236800,454.04,455.94,430.05,431.54,17710.75208512
1718323200,431.68,440.87,407.67,422.59,23469.95901447
1718409600,422.82,432.63,422.25,429.97,8921.68601704
1718496000,430.06,433.77,426.31,428.2,5445.93294221
1718582400,428.23,429.4,404,419.68,17073.45640838
1718668800,419.57,421.18,372.03,389.22,36853.96869391
1718755200,389.18,398.36,385.32,389,12944.7576087
1718841600,389.03,400.59,385.21,389.71,12315.74152273
1718928000,389.71,397.64,376.6,382.9,19688.27206921
1719014400,383.01,399.83,379.55,392.01,8730.52066697
1719100800,391.96,396.44,378.9,380.84,8244.00544469
1719187200,380.72,383.99,343.94,363.71,40643.19247634
1719273600,363.85,394.35,363.5,388.63,30777.79530211
1719360000,388.86,397.06,373.22,373.61,18583.25006519
1719446400,373.85,393.06,369.49,388.6,30381.20751796
1719532800,388.55,406.81,383.26,385.35,26249.34586901
1719619200,385.33,389.06,378.22,380.38,9139.3694099
1719705600,380.4,396.86,378.11,393.41,8751.77356241
1719792000,393.44,397.98,382.13,384.19,13910.23963421
1719878400,384.1,393.62,377.71,381.4,15498.59353696
1719964800,381.49,382.18,367.83,372.89,11213.21595688
1720051200,372.83,374.16,330.31,330.73,35671.9824957
1720137600,331.39,331.75,288.01,325.74,53892.36347484
1720224000,325.71,344.1,319.88,343.01,16201.51624328
1720310400,343.06,343.08,310.6,312.77,11874.0285076
1720396800,312.82,337.91,298.91,333.85,28144.85973065
1720483200,333.64,340.71,328.34,330.99,15725.04795417
1720569600,330.99,349.71,327.06,340.48,22562.14235753
1720656000,340.36,368.5,335.69,347.28,21729.73600657
1720742400,346.96,395,340.76,368.99,21921.90465236
1720828800,369.36,394.43,369.17,375.68,21671.90937563
1720915200,375.86,388.17,364.1,376.95,10383.07573006
1721001600,376.93,401.32,375.5,400.4,20405.62680691
1721088000,400.45,405.47,369.76,387.34,23125.66723149
1721174400,387.35,400,371.43,375.34,17782.36482229
1721260800,375.35,386.53,369.75,382.57,15180.48752657
1721347200,382.68,400.03,369.8,391.6,17188.10354108
1721433600,391.68,398.97,385.79,395.72,6406.14312784
1721520000,395.59,401.4,378.47,401.1,8331.90378566
1721606400,401.3,404.5,382.9,385.95,13124.26630485
1721692800,385.93,392.79,361.01,366.34,22757.23088672
1721779200,366.35,374.84,359.21,362.41,8608.2001503
1721865600,362.4,365.13,346.65,361.34,13385.28447547
1721952000,361.43,379,360.97,377.4,10036.18831416
1722038400,377.36,398.01,376.73,392.47,12271.28314611
1722124800,392.35,423.07,388.97,416.86,22269.17328356
1722211200,416.85,458.79,414.1,438.82,37933.34739278
1722297600,438.93,446.49,427.83,432.22,24441.63631016
1722384000,432.3,441.06,411.32,413.93,23186.54347814
1722470400,413.9,423.32,389.5,412.91,19681.04553
1722556800,412.89,417.05,378.14,381.23,19669.35585409
1722643200,381.16,385.45,354.62,364.26,19741.40417949
1722729600,364.24,367.04,330.88,332.28,22133.88829552
1722816000,332.26,335.64,273.33,309.7,59183.72930401
1722902400,310.08,330.28,307.46,315.19,21753.16917753
1722988800,315.2,328.31,309,312.59,19714.4031176
1723075200,312.61,372.59,308.32,353.04,24239.1113078
1723161600,353.21,357.8,336.28,347.79,17166.77861946
1723248000,347.81,359.02,345.54,354.92,7571.50269726
1723334400,355.08,358.8,327.48,330.29,7042.60726158
1723420800,330.32,360.1,329,354.9,14282.02354883
1723507200,354.8,365.15,343.65,351.82,12591.94215211
1723593600,351.78,352.75,335,337.91,10640.04413759
1723680000,337.85,344.48,327.48,334.27,12784.36733325
1723766400,334.44,346.51,328.39,338.19,19105.43254809
1723852800,338.3,348,335.91,341.36,9860.92748305
1723939200,341.36,345.37,333.1,333.21,6663.83891508
1724025600,333.24,339.84,330.39,338.16,6920.79949635
1724112000,338.08,347.05,331.49,335.3,12340.49900604
1724198400,335.61,355.42,333.33,349.55,15728.34589649
1724284800,349.49,352.1,342.24,346.62,9382.82812822
1724371200,346.77,369.45,346.46,365.46,13468.22062929
1724457600,365.51,370.58,357.57,363.89,9167.78648764
1724544000,363.76,364.73,350.18,356.53,12022.08790291
1724630400,356.54,358.37,339.58,342.5,11157.01032477
1724716800,342.46,347.23,314.84,324.34,12809.44680463
1724803200,324.37,330.38,314.44,321.95,10791.42096857
1724889600,322.15,331.17,317.26,322.66,7240.06430457
1724976000,322.49,327,314.99,324.83,7230.42546937
1725062400,324.83,326.85,319.89,322.31,3109.01793252
1725148800,322.35,322.82,310.6,312.72,3483.1945253
1725235200,312.69,325.59,310.68,323.64,9956.92598019
1725321600,323.64,326.17,308.45,308.85,12076.5861074
1725408000,309,319.43,296.31,315.27,12670.6395355
1725494400,315.27,316.99,303.65,307.66,7311.85818955
1725580800,307.58,312.61,286.1,294.97,20816.42259854
1725667200,294.93,308.35,293.14,299.45,9608.07894221
1725753600,299.42,308.2,298.66,305.41,5652.0178092
1725840000,305.36,325.97,304.77,322.2,13922.73748093
1725926400,322.33,331.88,318.05,329.55,10208.77538616
1726012800,329.54,343.84,319.64,337.4,14974.10749215
1726099200,337.57,341.51,329.92,333.01,9912.41106054
1726185600,332.82,337.6,327,335.86,8764.96165297
1726272000,335.84,338.06,325.63,327.2,4466.05344577
1726358400,327.14,329.27,314.16,316.71,4902.36518137
1726444800,316.26,317.22,307.9,311.84,10608.61749157
1726531200,311.77,321.61,309.4,314.35,8230.78733689
1726617600,314.3,327.84,306.32,326.92,10247.7298306
1726704000,326.92,369.1,326.34,339.95,41668.6557745
1726790400,340,345.31,332.17,335.9,11180.86719847
1726876800,335.96,346.82,331,345.54,8088.54750148
1726963200,345.56,347.27,334,342.66,7119.10871682
1727049600,342.77,349.06,336.25,342.18,16609.04756364
1727136000,342.13,351.46,336.99,348.02,12737.17618046
1727222400,348.02,355.64,341.26,343.46,12681.77047359
1727308800,343.52,358.11,338.76,351.85,16807.95357635
1727395200,351.93,364.67,351.93,358.79,14966.99245401
1727481600,358.93,361.29,345.92,352.32,7183.24965295
1727568000,352.47,358.31,345.63,352.81,8744.53271496
1727654400,352.86,353.79,334.41,337.17,9009.33994135
1727740800,337.23,347.33,310.48,317.81,13543.86356255
1727827200,317.77,324.34,309.2,316.08,10100.81761176
1727913600,316.13,323,307.96,320.42,10822.42316431
1728000000,320.42,326.14,318.2,324.67,10475.93864993
1728086400,324.96,325.66,318.27,321.84,3376.36647009
1728172800,321.84,325.46,320.83,324.64,2971.98450373
1728259200,324.67,333,320.19,323.5,8981.15643634
1728345600,323.65,333.57,321.55,329,7335.96792244
1728432000,329,330.31,317.82,320.46,4929.71550301
1728518400,320.38,325.35,316.99,322.8,6673.26583493
1728604800,322.76,329,321.73,326.85,3894.01473692
1728691200,326.95,333.41,324.91,329.24,4306.34813664
1728777600,329.26,329.75,317.38,321.22,4857.52735099
1728864000,321.35,370.36,318.83,369.36,22944.95531343
1728950400,369.36,386.29,344.54,354.48,27853.24915343
1729036800,354.49,371.21,351.22,365.35,28779.97597131
1729123200,365.48,375.6,360.39,369.75,14904.42626562
1729209600,369.63,377.23,362.99,367.29,13483.29190737
1729296000,367.3,368.83,361.41,363.31,5852.49255093
1729382400,363.31,371.59,357.38,369.82,7712.79255067
1729468800,369.76,378.6,358.93,363.59,12923.21056336
1729555200,363.6,366.28,353.97,357.13,6795.07643997
1729641600,357.15,357.35,338.2,347.73,12771.3091306
1729728000,347.77,370.82,346.32,367.67,17392.56784044
1729814400,367.7,374,339.36,348.67,19567.64332411
1729900800,348.6,356.66,345.61,347.66,6036.55549307
1729987200,347.66,353.8,346.72,351.79,5003.68228918
1730073600,351.97,368.2,343.66,365.15,14175.39011598
1730160000,365.21,389.31,363.66,385.92,34131.02046594
1730246400,385.99,387.45,365.86,368.84,21977.39595697
1730332800,368.85,377.93,349.57,358.38,25564.25022869
1730419200,358.33,360.05,343.65,349.47,17623.81005468
1730505600,349.38,357.43,341.18,353.67,12560.64274385
1730592000,353.73,354.27,333.64,339.77,16754.3168572
1730678400,340.13,342.4,321.92,329.11,16701.52604187
1730764800,329.11,346.39,326.41,343.03,14563.34510923
1730851200,343.05,384.15,343.01,378.65,46582.68591112
1730937600,378.75,387.27,370.68,377.84,19348.92296843
1731024000,377.93,383.95,364.42,377.46,18403.62388409
1731110400,377.39,407.51,369.19,405.09,21712.05842268
1731196800,405.09,454.68,395.38,441.64,54141.96795243
1731283200,441.62,482.71,423,472.68,43736.99209991
1731369600,473.13,474.69,418.46,432.9,40359.32938256
1731456000,432.72,451.2,403.87,439.92,37299.72733209
1731542400,440.42,446,410,414.91,30929.28864749
1731628800,414.84,436.5,409.92,431.78,22175.8198447
1731715200,431.5,484.35,428.71,461.65,45592.23360534
1731801600,461.97,488.83,425,433.04,30475.3158314
1731888000,433.03,471.89,431.35,452.86,31077.08847509
1731974400,452.67,460.54,438.72,447.32,28756.49246902
1732060800,447.43,454.91,429.22,440.38,28236.7672496
1732147200,440.31,536.98,429.2,485.01,122087.24738672
1732233600,485.3,503.48,472.79,491.14,50993.4044973
1732320000,490.96,568.29,487.02,510.51,84960.50216811
1732406400,510.61,528.43,478.14,515.74,46323.09982026
1732492800,515.99,532.74,483.43,491.93,54052.84135583
1732579200,491.75,505.19,470.8,491.93,39416.05471441
1732665600,492.08,524.48,484.54,517.99,40291.74470844
1732752000,518,525.49,497.89,511.33,26566.95919438
1732838400,511.5,522.98,500,518.51,16113.40697046
1732924800,518.52,539.98,506,526.91,31236.03579442
1733011200,526.23,538,510.15,532.21,27176.20454186
1733097600,532.4,561.98,495.14,538.22,72477.881274
1733184000,538.35,592.05,512,585.71,72959.72064238
1733270400,586.1,602.13,542.28,584.48,69028.72978846
1733356800,584.41,634.77,551.02,589.03,84163.47764067
1733443200,589.3,640.3,580.06,619.73,45412.30465877
1733529600,619.82,627.52,605.14,608.27,24139.17893744
1733616000,608.14,625.49,601.81,622.58,24614.27015313
1733702400,622.71,624.16,512.34,552.34,45606.93495872
1733788800,552.48,565.68,485.37,516.53,53656.22247415
1733875200,516.33,551.04,505.64,547,35482.07650782
1733961600,547.16,564.25,537.21,540.22,25790.84299425
1734048000,540.21,544.08,526,542.46,23405.53332954
1734134400,542.45,551.67,519.7,533.83,16802.56879326
1734220800,533.35,550,524.52,546.26,15635.67447754
1734307200,546.28,557.11,522.25,538.33,23342.67937042
1734393600,539.04,548.33,524.25,530.29,21813.19656256
1734480000,530.83,543.38,474.29,480.46,31088.95580813
1734566400,480.05,488.71,420.41,438.38,38960.28293212
1734652800,438.68,451.24,389.54,449.19,34402.16375499
1734739200,447.98,472.53,442.48,455.77,15052.76477661
1734825600,455.74,460.98,434,445.15,9498.22387532
1734912000,445.48,465.61,431.82,460.13,15663.03108601
1734998400,460.14,478.36,449.78,469.62,12620.10317831
1735084800,469.69,471.04,454.66,465.19,3694.72665696
1735171200,465.23,467.86,432.62,436.87,14334.36226398
1735257600,436.77,461.24,434.24,440.66,10724.24187482
1735344000,440.26,452.81,437.82,450.62,3175.23935434
1735430400,450.82,453.18,434.62,438.21,4258.91687173
1735516800,437.95,452.48,427.99,443.25,15231.19579169
1735603200,443.24,454.66,432.37,433.35,16707.15888606
1735689600,433.55,454.01,429.74,449.55,9588.37604931
1735776000,450.05,466,449.46,461.34,11203.62109519
1735862400,461.61,477.07,455.42,473.52,11849.92231299
1735948800,473.68,482.88,468.71,478.87,11558.57904651
1736035200,478.83,479.62,462.6,470.88,8470.261012
1736121600,471.6,485.99,464.32,483.13,12786.78988526
1736208000,482.86,486.39,435.43,436.98,18152.81659577
1736294400,436.97,441.97,418.04,434.29,20622.44802998
1736380800,434.14,437.02,411.19,421.82,13044.44831178
1736467200,421.83,450.61,420.56,450.02,15432.20498781
1736553600,450.01,451.2,435.72,440.87,5475.96643704
1736640000,440.84,463.78,436.33,447.81,15813.18985774
1736726400,447.85,453.86,396.81,427.87,22550.92476617
1736812800,427.79,441.23,426.17,437.58,10517.71916597
1736899200,437.6,463.6,430.74,460.37,15260.24079332
1736985600,460.37,471.32,446.27,461.5,27655.56729903
1737072000,461.71,500.8,461.71,489.45,31634.26911963
1737158400,489.46,495.13,458.01,465.96,25047.95941517
1737244800,465.97,470.69,418.67,427.25,30301.06584957
1737331200,427.17,480,415.44,430.45,37797.0205858
1737417600,430.44,454.58,419.43,446.54,16773.24479118
1737504000,446.25,451.09,433.33,435.14,12172.60816973
1737590400,435.17,447.6,425.2,437.58,13026.69589672
1737676800,437.48,443,426.26,431.89,12866.14457524
1737763200,431.97,455.07,430.61,445.44,12262.62111483
1737849600,445.42,448.02,424.84,425.2,8496.49836618
1737936000,425.11,429.02,396.15,427.77,19088.74995144
1738022400,427.45,431.68,406.57,410.51,11466.32873804
1738108800,410.33,421.68,404.35,415.18,13263.76080709
1738195200,415.09,439.16,412.61,434.77,15105.46173652
1738281600,434.85,445.31,419.77,424.15,13345.50528849
1738368000,424.13,431.45,400.05,403.95,10040.44404081
1738454400,403.84,410.37,341.88,360.54,27531.09838272
1738540800,360.61,360.61,271.65,353.61,56107.14525285
1738627200,353.51,356.11,321.12,329.99,31191.85888481
1738713600,330.01,338.46,323.31,328.14,19567.79586514
1738800000,328.12,335.15,313.78,316.32,25477.10851107
1738886400,316.36,335.35,308.55,318.61,19417.01866371
1738972800,318.52,324.47,314.86,323.26,7789.10553789
1739059200,323.27,329.68,313,324.47,14098.60409203
1739145600,324.46,334.5,315.47,329.35,13325.82039826
1739232000,329.36,344.39,325.69,331.28,19941.75842915
1739318400,331.22,346.8,321.01,343.08,18343.60211965
1739404800,343.23,345.67,327.44,335,15073.12042768
1739491200,335.01,351.03,334.41,341.62,13206.21627039
1739577600,341.62,345.75,331.15,333.14,6462.03526649
1739664000,333.15,334.99,325.7,326.46,6429.90639315
1739750400,326.36,336.92,317.16,323.78,13570.65143386
1739836800,323.84,325.24,307.75,316.16,14429.25682303
1739923200,316.13,324.34,311.69,322.75,7675.53084485
1740009600,322.75,327.14,320.16,325.94,6123.20622357
1740096000,326.01,333.98,309.62,313.68,8557.98248862
1740182400,313.71,322.58,312.55,320.92,3520.15512235
1740268800,321.01,332.38,320.81,327.85,6365.18545476
1740355200,327.88,329.42,287.58,291.5,15653.96500391
1740441600,291.5,296.85,275.3,291.48,23450.10571928
1740528000,291.36,300.88,284.1,293.58,13727.15708918
1740614400,293.67,303.2,289.67,296.56,11171.65285908
1740700800,296.72,319.99,269.54,315.65,33603.05999505
1740787200,315.63,324.12,307.53,311.36,9709.25122361
1740873600,311.18,341.67,309.68,334.18,24358.19731017
1740960000,334.18,356.75,310.91,321.12,55419.06279973
1741046400,321.06,329.99,291.05,320.22,36788.6093609
1741132800,320.64,399.48,319.49,392.09,89152.59571372
1741219200,392.27,419.89,383.68,394.81,47575.59820999
1741305600,394.86,410.45,382.75,388.84,51597.39351098
1741392000,388.79,396.1,376.93,385.88,23072.32402099
1741478400,385.59,386.82,355.92,357.3,17903.85392104
1741564800,357.39,372.89,330.42,331.55,40356.63797994
1741651200,331.53,350.35,316.01,340.07,26812.4954801
1741737600,340.15,360.7,330,353.71,36709.42435578
1741824000,353.88,355.63,323.89,325.82,15904.24969233
1741910400,325.91,335.57,325.21,331.38,15986.65461792
1741996800,331.52,353,328.15,342.38,22844.37033154
1742083200,342.32,342.54,325.14,333.08,12132.74871362
1742169600,333.12,342.26,331.02,337.5,13401.90514442
1742256000,337.4,343.51,329.17,335.3,10631.01242482
1742342400,335.3,347.03,332.36,345.45,13549.43453482
1742428800,345.53,349.98,330,333.52,13454.78137105
1742515200,333.52,335.52,320.15,323.02,10390.13886586
1742601600,322.88,326.06,320.82,322.29,8025.87301737
1742688000,322.19,325.94,320.49,325.34,7008.16716623
1742774400,325.46,336.81,321.5,332.59,15810.1837182
1742860800,332.47,339.87,326.5,336.05,13970.3259444
1742947200,336.13,342,328.48,335.15,27468.90278819
1743033600,335.16,339.84,321,324.71,18209.82871508
1743120000,324.67,328.26,304.58,307.49,20977.97581555
1743206400,307.41,308.92,298.69,303.21,7348.55036303
1743292800,303.3,308.03,293.71,299.06,9368.30046167
1743379200,299.14,305.96,289.86,303.41,16746.90841988
1743465600,303.51,318.45,302.3,308.2,11582.1694689
1743552000,308.25,317.12,290.03,292.79,25819.25235342
1743638400,293.07,307.82,291.47,301.24,20383.7915418
1743724800,301.31,310.15,294.05,301.33,16087.99586751
1743811200,301.4,304.29,296.86,304,6012.49056154
1743897600,303.98,308,265.16,271.93,24741.43958512
1743984000,272.11,281.83,249.17,275.35,39499.81690308
1744070400,275.36,284.66,266.57,268.86,14182.33507159
1744156800,268.84,318.37,258.92,301.22,43998.43850217
1744243200,301.14,303.83,282.24,289.8,13999.80417958
1744329600,289.57,315.89,289.41,312.6,18648.59139794
1744416000,312.6,385,311.19,344.62,34816.02668588
1744502400,344.59,353.31,335.94,342.66,12185.6282283
1744588800,342.68,380,320.28,323.44,56011.28221698
1744675200,323.53,337.3,317,319.55,22845.74209484
1744761600,319.54,325.8,314.18,321.58,15085.5261901
1744848000,321.55,340.64,320.92,334,22213.58859495
1744934400,334,344.99,327.4,334.89,16385.60054567
1745020800,334.99,340.11,332.67,335.36,4119.64403914
1745107200,335.33,342.64,331.67,336.19,6064.50463753
1745193600,336.23,348.14,335.85,344.92,17787.00877913
1745280000,345.03,364.85,336.84,362.28,29205.04080996
1745366400,362.41,364.12,353.51,358.45,25118.11920881
1745452800,358.47,367.32,343.35,356.91,38907.77560012
1745539200,356.91,384.89,348,373.27,38791.460792
1745625600,373.44,377.72,355.18,355.62,14725.726337
1745712000,355.68,360.27,344.91,345.57,9285.1369718
1745798400,345.69,370.25,341.65,364.16,21962.37781249
1745884800,364.27,377.85,360.67,363.91,41141.75813824
1745971200,363.91,369.69,355.01,365.98,17507.79462771
1746057600,366.07,374.79,360.11,361.15,13148.58394188
1746144000,361.01,386.18,359.09,382.99,25608.52985308
1746230400,382.98,383.69,362.49,362.86,9302.55647882
1746316800,362.9,371.2,353.16,356.18,7461.41808258
1746403200,356.27,361.12,349.01,353.44,7158.28502948
1746489600,353.5,374.62,350.43,374.3,21597.22553616
1746576000,374.68,391.29,355.29,383.47,35199.29465408
1746662400,383.53,484.95,380.8,421.85,70496.44284744
1746748800,421.82,429.43,403.05,413.83,31018.96321963
1746835200,413.85,433.13,409.96,430.97,16221.8910864
1746921600,431.08,434.07,402.22,408.37,13745.50428162
1747008000,408.45,419.7,396.12,410.68,16756.88806331
1747094400,410.84,416,391.51,411.28,17004.30406314
1747180800,411.3,414.13,398.84,402.79,8661.86821287
1747267200,402.82,405.2,383,396.06,13833.47038183
1747353600,396.18,403.98,392.85,395.86,6098.71885637
1747440000,395.99,401.79,386.24,392.32,3924.78857
1747526400,392.39,408.2,389.03,406.53,11301.51050329
1747612800,406.69,409.18,375.89,392.98,14785.20201586
1747699200,392.99,398.72,384.21,394.29,8239.21313212
1747785600,394.34,412.36,390.32,407.21,16804.69291159
1747872000,407.25,446.03,407.25,444.31,44464.20637439
1747958400,444.4,461.96,424,426.6,36429.55570539
1748044800,426.59,432.55,419.19,421.64,11434.2086804
1748131200,421.56,427.44,407.73,422.98,12179.18162409
1748217600,422.73,428.61,413,415.5,10100.38431136
1748304000,415.45,424.55,408.49,414.95,10055.4438961
1748390400,414.92,427.76,404.74,424.65,11382.83177043
1748476800,424.64,428.14,405.43,409.79,12265.21170168
1748563200,409.77,414.7,394.43,398.64,10732.07349207
1748649600,398.68,423,389.65,415.38,20922.96863709
1748736000,415.37,415.8,397.05,403.65,7257.68173734
1748822400,403.74,407.38,397.28,403.94,5941.56491856
1748908800,403.7,409.43,400.15,401.08,7160.11400235
1748995200,400.99,411.21,397.09,400.55,4773.57926492
1749081600,400.32,405.2,377.91,385.38,6880.14817588
1749168000,385.44,399.91,380.69,396.06,5138.55528564
1749254400,395.94,411.89,394.16,409.51,5976.50655936
1749340800,409.64,419.91,406.47,410.93,6481.49402934
1749427200,411.11,429.76,410.77,424.98,8804.34540135
1749513600,424.93,443.36,418,437.94,11876.5945705
1749600000,437.79,448.19,420.82,428.8,15113.99388089
1749686400,428.82,441.9,423.38,424.28,7543.58557236
1749772800,424.1,453.86,397.77,448.94,18259.0360223
1749859200,448.89,450.36,421.23,431.03,5865.89455132
1749945600,431.03,469.69,431.03,460.43,13297.92278174
1750032000,460.39,476.53,451.7,463.26,15011.53690261
1750118400,463.37,483.45,456.96,462.86,17678.73317281
1750204800,462.85,481.23,456.15,459.93,12953.94460096
1750291200,459.86,502.53,453.25,497.1,30869.76011022
1750377600,497.25,500.73,472.4,473.79,14881.41552109
1750464000,473.68,478.03,458,467.49,10645.65538907
1750550400,467.6,470.83,437.01,455.05,19575.21324965
1750636800,455.18,469.82,437.94,462.84,10395.17575742
1750723200,463.16,467.6,449.16,453.96,7958.63140135
1750809600,454.02,494.84,453.54,482.81,35658.07192192
1750896000,482.77,507.34,481.56,489.24,20143.9476664
1750982400,489.26,510.13,484.34,505.19,16134.18684697
1751068800,505.19,505.6,487.38,491.45,5006.54250742
1751155200,491.35,508.83,488.76,504.33,5020.38262535
1751241600,504.42,522.67,488.3,505.8,9977.44999353
1751328000,505.92,528.27,498.24,500.49,15608.89321692
1751414400,500.43,512.45,498.68,511.1,10083.86668623
1751500800,511.21,515.16,491.39,496.45,6916.96403139
1751587200,496.67,496.87,469.11,484.19,10823.20402521
1751673600,484.26,490.08,480.84,489.61,4452.89112187
1751760000,489.74,500.44,482.94,491.61,6289.72556072
1751846400,491.65,500.9,487.51,496.39,5153.29462575
1751932800,496.58,508.23,494.01,501,6324.08426055
1752019200,501.02,517,499.82,514.53,9615.26136023
1752105600,514.53,521.3,501.35,518.45,9901.30044395
1752192000,518.5,539.47,514.08,531.75,14153.79722688
1752278400,531.36,535.22,502.31,506.78,7105.71773874
1752364800,506.7,513.66,501.47,508.4,5514.76937979
1752451200,508.47,527.14,498.06,505.05,8972.96797457
1752537600,504.99,506,482.15,498.01,7437.51681385
1752624000,498.01,508.86,491.12,499.29,6013.13051956
1752710400,499.26,505.37,487.62,500.1,7759.84747301
1752796800,500.16,542.57,499.14,514.96,21825.60967118
1752883200,514.98,522.58,502.01,513.37,9370.29914065
1752969600,513.37,553.45,509.39,548.16,16684.89909391
1753056000,548.24,548.79,517.2,523.03,15816.73733974
1753142400,523.07,535.58,511.68,526.56,10389.98233642
1753228800,526.32,530.15,498.2,512.4,9150.19810584
1753315200,512.22,529.57,490.5,513.47,11616.17053015
1753401600,513.1,566.97,509.46,557.13,23398.91178507
1753488000,557.12,563.14,551.34,558.93,6956.71109785
1753574400,559.11,607.01,555.32,589.83,34257.53346908
1753660800,589.74,605.65,569.2,572.65,19790.65964552
1753747200,572.65,586.85,560.04,564.11,11290.20078428
1753833600,564.16,594.76,550.96,589.69,12590.90069898
1753920000,589.97,597.15,560.24,561.43,12902.50150085
1754006400,561.28,574.83,527.21,535.65,22667.47106797
1754092800,535.7,543.95,517.88,520.08,8987.62695239
1754179200,520.03,548.05,514.42,544.57,10031.61889198
1754265600,544.62,581.45,544.23,574.2,18029.13700993
1754352000,574.47,584.05,541.2,551.67,24274.89985733
1754438400,551.55,573.4,547.37,571.05,16334.13559661
1754524800,571.14,585.09,567.28,582.17,28430.42041531
1754611200,581.97,589.15,573.34,585.9,12401.67378143
1754697600,585.92,592.04,565.6,566.53,13421.26767504
1754784000,566.45,585.49,559.3,570.35,18265.67938541
1754870400,570.3,599.66,569.7,578.7,28852.56621881
1754956800,578.7,625.98,578.28,619.08,26130.49540141
1755043200,619.08,632.64,600.89,616.49,20310.27773684
1755129600,616.3,627.35,579.39,593.59,15382.76635064
1755216000,593.67,602.15,580.23,592.75,9172.58367636
1755302400,592.72,598.13,577.08,587.82,4566.02577725
1755388800,587.72,592.32,580.77,582.32,3876.46864597
1755475200,582.19,582.74,560.94,569.15,6669.32473003
1755561600,569.2,573.92,547.65,548.87,7313.42233437
1755648000,548.59,564.81,543.55,560.88,4695.11494871
1755734400,560.9,564.89,550.24,554.46,3524.08723651
1755820800,554.47,607.61,550.61,599.66,12644.89113473
1755907200,599.67,601.58,584.12,591.19,5495.36527787
1755993600,591.19,599.74,582.21,583.14,6521.30501651
1756080000,583.02,589.67,536.4,543.48,8633.35946857
1756166400,543.43,555.57,532.41,550.92,14832.32152647
1756252800,550.86,563.29,544.32,550.23,10658.8680923
1756339200,550.07,567.06,548.45,557.77,4821.00421194
1756425600,557.89,560.05,527.42,530.83,11963.51068235
1756512000,530.82,554.23,524.31,553.13,7370.3539896
1756598400,553.35,554.79,542.3,544.07,5114.07464057
1756684800,543.97,551.81,530,545.63,12160.51090081
1756771200,545.32,588,543.44,584.48,22097.40904275
1756857600,584.62,605.54,578.5,603.87,26700.45660571
1756944000,603.87,604.81,583.68,586.83,14206.81172361
1757030400,586.72,621.75,584.79,606.7,35714.37726245
1757116800,606.77,617.23,583.22,595.4,20871.77344552
1757203200,595.42,608.22,593.51,603.25,9492.96003145
1757289600,603.24,606.15,585.65,588.37,16263.31286821
1757376000,588.55,591.18,574.66,580.95,20902.53863043
1757462400,580.98,591.03,577.09,580.96,11464.12075086
1757548800,581.06,604.22,576.54,596.61,23970.36246529
1757635200,596.7,601.99,587.4,598.45,9771.58681727
1757721600,598.45,605.87,594.24,598.77,10637.12755416
1757808000,598.61,605.18,588.36,601.7,7405.483645
1757894400,601.86,607.55,588.14,593.85,11179.40980604
1757980800,593.83,602.14,589.05,598.8,6583.72896112
1758067200,598.97,625.52,590.75,616.67,10962.81592107
1758153600,616.8,650.91,612.34,624.6,25194.06751025
1758240000,624.47,632.52,598.39,601.1,13719.9193168
1758326400,600.99,606.84,594,595.02,5861.82092964
1758412800,595.02,602.53,593.89,594.06,3385.27104223
1758499200,593.89,595.17,554,567.52,13472.57787847
1758585600,567.69,570.34,554,557.04,9454.5477215
1758672000,556.88,564,548.94,556.81,5523.83159285
1758758400,556.65,557.87,533.37,536.76,11192.9688833
1758844800,536.76,551.32,534.71,548.44,8327.46885892
1758931200,548.4,548.4,540.15,544.11,2770.45995089
1759017600,544.11,558.42,536.21,556.5,5212.74723111
1759104000,556.55,563.42,550.15,561.38,5000.15276843
1759190400,561.21,563.46,549.4,560.85,7229.66636301
1759276800,560.91,600,559.61,593.04,17047.75272426
1759363200,592.76,598.18,581,595.22,18233.33721564
1759449600,595.28,615.91,591,608.84,16238.89843293
1759536000,608.87,609.55,584.54,590.54,11207.91223579
1759622400,590.44,612.33,588.01,594.61,11735.3659716
1759708800,594.5,607.07,592.49,598.91,7321.36533194
1759795200,598.9,600.1,574.54,576.77,9871.53081586
1759881600,576.68,588.15,573,583.52,4336.60234979
1759968000,583.59,594.33,568.68,580.28,8715.66603582
1760054400,580.32,601.53,474.48,513.93,35767.22941451
1760140800,514.52,540.86,478.41,500.64,21538.8264549
1760227200,500.65,545.84,496.14,540.79,17141.77951576
1760313600,541.21,549.9,531.61,546.97,8316.14119389
1760400000,546.97,547.6,508.31,538.31,23693.29604059
1760486400,538.17,546.21,517.85,522.54,6515.06793992
1760572800,522.4,529.76,501.49,504.72,7029.64433471
1760659200,504.63,510.72,443,470.03,19424.38785715
1760745600,470.03,481.42,462.48,468.78,4685.03185834
1760832000,468.78,479.21,456.96,472.57,6983.10944076
1760918400,472.5,486.57,467.32,479.01,5565.6965517
1761004800,478.94,515.67,464.21,481.12,13093.46025815
1761091200,481.08,485.85,461.21,473.35,8881.35567466
1761177600,473.46,492.46,472.76,480.54,20174.42056639
1761264000,480.52,514.55,478.53,503.46,9627.14704048
1761350400,503.35,513.79,496.02,508.49,5312.75194787
1761436800,508.5,565.11,508.25,559.65,14294.36049386
1761523200,559.42,572.1,553,555.44,14089.51749984
1761609600,555.56,570.9,550,557.56,13662.43884185
1761696000,557.56,566.65,544.28,555.84,15147.87487391
1761782400,555.77,576.71,526.1,541.36,15586.62340265
1761868800,541.36,569.81,532.84,534.8,20325.83715476
1761955200,534.74,561.09,530.78,553.93,8296.03489795
1762041600,553.84,555.69,522.74,536.96,14085.42244391
1762128000,536.94,536.94,493.47,505.68,13702.01024128
1762214400,505.6,512.52,460.22,480.08,13174.15910139
1762300800,480,494.46,460.24,489.27,6131.56894425
1762387200,489.09,489.71,464,472.54,5382.49419279
1762473600,472.6,524.59,470.12,512,16991.47276883
1762560000,512,515.12,485.72,495.27,6159.21035018
1762646400,495.18,506.98,488.65,503.48,6446.51016871
1762732800,503.47,525.9,500.97,517.18,9502.19170341
1762819200,517.36,531.74,503.52,505.44,9726.45016086
1762905600,505.52,534.36,498.54,507.1,8479.39059356
1762992000,507.05,531.23,493.83,509.18,12068.81826748
1763078400,509.16,517.5,475.5,479.43,9356.75269047
1763164800,479.42,519.03,479.08,502.2,11034.56796605
1763251200,502.1,504.01,472.33,483.27,5718.15832672
1763337600,483.05,524.33,480.29,489.5,12826.72387232
1763424000,489.45,537.61,475.2,522.9,21595.82319398
1763510400,523,523.27,470.33,486.1,12756.65805092
1763596800,485.75,512.59,473.3,480.34,17204.40809592
1763683200,480.21,558.76,446.38,533,42913.1927218
1763769600,533.04,567.86,521.01,556.92,39185.5458194
1763856000,556.72,558.08,536.15,538.47,30565.80106093
1763942400,538.41,563.4,536.69,548.72,22416.06979407
1764028800,549.03,549.54,516.32,527.27,14110.8211674
1764115200,527.3,549.49,525.76,544.08,17608.10099892
1764201600,544.16,552.41,531.5,532.48,11789.00107342
1764288000,532.42,555.15,530.58,548.83,14438.70636265
1764374400,548.73,549.08,517.51,521.44,17444.71011181
1764460800,521.45,562.1,518.27,540.84,21252.72707696
1764547200,540.79,544.76,508.02,523.4,26915.91981062
1764633600,523.3,558.27,519.76,545.48,17558.57450292
1764720000,545.52,609.32,543.55,590.73,38244.14294472
1764806400,590.55,599.02,565.63,574.89,19714.25327055
1764892800,574.89,596.22,555,559.84,28543.48674062
1764979200,559.79,604.99,558.12,583.49,20066.17850862
1765065600,583.35,605,568.08,598.76,21456.40709256
1765152000,598.85,606.58,576.17,579.11,17672.48022378
1765238400,579.11,591.22,567.96,584.54,16803.68971754
1765324800,584.79,588.76,559.2,572.83,20635.4372635
1765411200,572.6,576.71,551.8,574.25,10379.77902819
1765497600,574.4,587.64,568.4,581.95,13934.66198689
1765584000,581.8,586.8,569.06,580.01,8241.84119295
1765670400,579.81,585.45,554.32,558.16,17358.12140914
1765756800,558.32,573.83,518.61,536.05,17379.18359253
1765843200,536.09,557.23,527.71,545.99,12460.59383911
1765929600,545.99,568.42,541.02,546.51,14603.51082916
1766016000,546.42,580.43,528,565.65,28891.95793027
1766102400,565.55,631.14,556.71,624.42,34144.78091578
1766188800,624.36,625.53,588.08,590.95,18671.20744797
1766275200,591.26,602.6,576.99,590.88,13396.89220526
1766361600,591.08,598.39,572.84,590.04,24475.81486795
1766448000,590.05,593.35,570.48,572.6,13771.2499271
1766534400,572.59,580.48,561.11,568.28,14224.39140989
1766620800,568.43,599.52,566.06,589.36,18353.96480557
1766707200,589.28,613.72,586.51,594.23,25507.5708161
1766793600,594.23,625,592.44,622.53,18325.93859236
1766880000,622.58,637.12,610.01,622.11,19132.14087712
1766966400,621.99,626.28,592.2,598.5,29767.81550543
1767052800,598.46,607.55,590.5,594.99,13849.55906927
1767139200,595.09,602.31,592.43,598.68,12389.54292597
1767225600,598.5,605.23,585.28,593.01,12700.11574804
1767312000,593.1,618,585,609.54,21093.52948745
1767398400,609.6,663.25,608.31,654.22,33595.34700975
1767484800,654.23,662.45,635.51,638.52,28680.72796651
1767571200,638.76,668.76,638.66,645.5,28260.97396926
1767657600,645.45,656.56,624,637.92,24645.50428962
1767744000,637.93,637.93,621.67,628.65,10262.53954415
1767830400,628.68,653.24,618.93,631.37,23361.0360045
1767916800,631.38,641.79,624.48,633.71,11933.49859524
1768003200,633.65,686.8,630.45,643.31,17038.11331196
1768089600,643.38,665,640,648.27,28399.45490635
1768176000,648.27,660,600.01,620.67,39086.02940037
1768262400,620.65,625.71,605,616.57,25342.23648304
1768348800,616.56,619.19,594.02,597.36,28617.74562874
1768435200,597.36,629.11,574.76,590.76,36840.16305748
1768521600,590.76,606.68,589.47,599.22,12520.36099157
1768608000,599.23,602.29,587.67,593.72,10506.80247223
1768694400,593.67,601.76,587.44,591.37,11579.58909777
1768780800,591,594.3,562,583.55,13702.6875155
1768867200,583.5,586.81,564.14,571.82,18109.04752322
1768953600,572.14,597.08,569.37,584.14,20056.93044663
1769040000,584.02,603.27,583.88,598.5,13385.66340461
1769126400,598.5,600.75,585.74,594.98,7354.71968203
1769212800,594.87,598.08,589.89,592.7,3050.09880357
1769299200,592.65,594.87,563.76,571.43,8973.8025297
1769385600,571.48,582.6,570.71,577.97,7067.20838601
1769472000,577.95,602.88,576.53,599.3,13145.68384173
1769558400,599.44,601.04,588.61,590.36,6238.17385537
1769644800,590.24,590.65,547.48,553.3,15319.95999566
1769731200,553.4,558.9,532.52,552.3,15624.33722036
1769817600,552.35,553.19,467.54,506.79,26211.06902661
1769904000,506.73,537.76,505.68,515.7,20822.50106732
1769990400,515.75,543.88,497,538.89,17598.13020569
1770076800,538.94,541.52,509,526.35,13389.11810351
1770163200,526.26,538.56,514,531.28,14863.21795488
1770249600,531.28,541.27,451.64,452.73,35128.01305935
1770336000,452.87,541.91,423.94,522.96,43985.41210429
1770422400,522.88,540.05,513.92,524.75,27072.67072581
1770508800,524.76,539.86,516.46,526.32,16891.24787235
1770595200,526.32,538,510.66,533.09,10432.04730855
1770681600,533.12,540,509.03,524.09,19579.822334
1770768000,523.99,527.6,507.42,515.76,11563.17968043
1770854400,515.63,520.53,493.42,502.55,8406.64141333
1770940800,502.53,570,499.31,563.75,21748.64181711
1771027200,563.52,572.42,557,562.35,9190.46732519
1771113600,562.52,566.18,550.4,552.98,5586.59827363
1771200000,552.97,581.04,551.38,568.77,12968.50372825
1771286400,568.76,577.51,550.25,563.03,10727.4633073
1771372800,563.33,569.81,550.35,557.43,6486.49912148
1771459200,557.34,564.66,538.49,559.36,10480.53063397
1771545600,559.28,570.67,540.66,562.26,16252.26674819
1771632000,562.27,575.52,558.35,563.92,6834.29277573
1771718400,563.87,585.51,559.15,570.37,14250.5147965
1771804800,570.24,570.42,487.33,495.73,28735.87177321
1771891200,495.6,498.93,470.79,484.68,21841.99275336
1771977600,484.61,520.57,483.98,492.59,27495.68449257
1772064000,492.85,505.92,476.71,478.39,16331.99048863
1772150400,478.24,490.75,455.22,461.44,18062.9229184
1772236800,461.39,467.67,439.88,457.49,20316.85428845
1772323200,457.74,466.92,432.15,441.8,12239.58924529
1772409600,441.63,454.24,436.24,445.27,17727.5154713
1772496000,445.56,450,432.22,443.89,8367.53670691
1772582400,444.08,476.87,439.09,466.92,19388.519912
1772668800,466.88,467.82,454.88,461.59,9491.3108746
1772755200,461.58,463.49,442.26,449.72,8356.86888819
1772841600,449.72,454.09,445.81,450.42,4938.5646065
1772928000,450.45,455.28,440.52,442.99,4111.51766099
1773014400,442.96,456.74,442.9,444.58,10578.27045533
1773100800,444.59,454.44,442.75,446.91,9639.4102774
1773187200,446.91,461.97,445.69,455.27,6672.36317294
1773273600,455.25,461.3,451.85,455.09,2709.37300699
1773360000,454.97,475,454.72,460.99,14570.42665367
1773446400,460.81,468.58,454.5,467.77,3723.77671263
1773532800,467.67,470.55,459.01,470.4,4607.46522355
1773619200,470.32,483.81,465.16,478.45,8535.72761874
1773705600,478.38,481.18,470.4,470.66,3107.07197405
1773792000,470.82,472.84,446.71,456.96,5107.25078465
1773878400,456.89,460.52,449.88,455.61,5088.71569484
1773964800,455.52,475.02,455.18,474.44,8785.58076908
1774051200,474.63,477.17,459.83,462.21,6863.1961075
1774137600,462.42,471.24,457.74,467.17,5587.56673715
1774224000,467.49,485.57,462.72,478.08,9677.76882941
1774310400,478.31,479.85,468.81,477.24,9585.88850039
1774396800,477.34,480.09,471.35,473.51,3932.88008474
1774483200,473.5,474.03,458.5,461.59,5309.82167796
1774569600,461.58,473.16,458,472.62,6761.48253088
1774656000,472.69,483.67,470.51,480.65,6135.44948934
1774742400,480.65,484.19,446.83,452.19,9968.24705959
1774828800,452.13,466.92,450.24,459.69,7100.36980854
1774915200,459.63,477.34,459.63,465.81,8806.61123645
1775001600,465.85,466.2,453.73,455.15,6328.72998885
1775088000,455.12,455.8,439.6,444.27,5881.66711895
1775174400,444.27,446.61,439.54,442.93,3644.36717012
1775260800,442.93,445.06,440.87,441.08,1627.71151365
1775347200,441.08,442.17,420.07,428.44,6283.2108357
1775433600,428.45,440.58,428.45,435.22,5655.2002736
1775520000,435.16,448.21,430,445.98,5059.90245502
1775606400,446.04,449.83,440.09,441.44,3753.63234518
1775692800,441.42,446.66,433.37,443.1,3637.83045223
1775779200,443.16,446.94,434.28,444.05,2564.70329307
1775865600,444,445.47,436.53,437.89,2582.25779535
1775952000,437.81,438.2,419.84,421.32,4195.06491001
1776038400,421.26,440.75,421.2,438.49,2754.7065003
1776124800,438.71,444.42,433.79,436.5,3279.23585676
1776211200,436.32,443.46,427.61,440.88,5203.31621644
1776297600,440.94,457.42,434.16,454.99,4626.97271483
1776384000,454.98,461.92,446.8,453.66,4547.30899667
1776470400,453.53,456.18,443.64,444,2542.52500919
1776556800,443.87,446.37,434.14,435.46,3201.73713332
1776643200,435.48,446.45,435.46,443.74,2099.91183993
1776729600,443.82,449.47,440.46,449.08,2179.1817674
1776816000,449.12,473.96,447.58,460.55,6517.50815092
1776902400,460.6,461.14,453.01,460.96,3097.0381871
1776988800,461.13,462.58,454.65,456.32,2793.56664427
1777075200,456.4,456.73,451.89,453.34,1330.38367434
1777161600,453.3,455.84,450.54,455.18,2246.72629529
1777248000,455.17,465.69,446.35,449.94,7960.14626284
1777334400,449.88,454.11,442.7,453.69,1951.26056049
1777420800,453.62,455.42,440.87,447.32,3378.09598016
1777507200,447.4,449.03,440.16,440.88,2247.47286831
1777593600,440.84,458.13,440.8,450.48,3181.66062741
1777680000,450.54,453.11,444.18,445.76,1690.72751929
1777766400,445.5,447.56,442.34,443.09,1677.83585387
1777852800,442.93,450.67,437.03,443.81,5555.09334572
1777939200,443.86,464.35,442.91,461.34,8352.1537625
1778025600,461.39,489.17,458.44,465.63,13776.54472629
1778112000,465.53,466.38,448.38,450.23,4923.75821871
1778198400,450.22,456.11,447.7,450.48,2464.45719721
1778284800,450.37,453.9,448.52,449.7,2247.25614401
1778371200,449.81,465.15,449,464.24,3372.00094859
1778457600,464.24,465,447.93,450.26,4113.42028439
1778544000,450.06,450.31,436,439.68,5948.9744934
1778630400,439.67,444.74,430,434.05,4074.50824833
1778716800,434.1,438.86,431.4,434.95,2421.79168992
1778803200,434.96,439.27,423.72,426.32,5767.39424023
1778889600,426.36,427.85,410.49,415.65,6397.20527367
1778976000,415.65,417.15,399.12,404.61,6542.74146766
1779062400,404.48,404.48,348.14,378.64,41713.35921013
1779148800,378.66,386.45,360.13,370.12,15257.07636758
1779235200,370.16,375.06,363.82,372.94,7835.3777531
1779321600,372.84,383.18,372.61,380.12,9498.84678981
1779408000,380.24,381.56,358.85,360.31,7238.88758802
1779494400,360.39,364.29,342.38,355.23,13586.20379274
1779580800,355.4,357.56,333.33,346.87,7648.76026561
1779667200,346.88,352.22,343.82,351.46,3130.42827585
1779753600,351.43,354.78,342.32,343.07,5407.94000967
1779840000,343.1,346.84,331.08,334.32,5262.47257353
1779926400,334.2,335.72,292.58,299.71,30636.60887372
1780012800,299.71,310.45,293,302.31,15564.05194313
1780099200,302.13,307.69,296.5,303.53,7464.83894205
1780185600,303.54,307.5,297.16,302.41,7381.24310468
1780272000,302.41,304.35,277.94,293.28,16827.92662154
1780358400,293.51,293.65,265.16,268.26,23127.51924605
1780444800,268.44,271.2,239.4,243.12,72075.76078662
1780531200,243.12,252,230.18,245.21,33637.56393386
1780617600,245.2,245.7,207.8,210.24,36030.35831648
1780704000,210.22,227.04,201.88,217.28,33898.27389905
1780790400,217.26,234.54,215.63,230.52,29000.13685299
1780876800,230.58,231.57,199.2,209.51,66598.16684177
1780963200,209.51,210.86,200.81,203.65,22940.9892156
1781049600,203.67,204.35,191.62,194.26,25590.19610684
1781136000,194.4,209.5,192.08,205.2,35977.21449697
1781222400,205.16,208.99,200.93,202.13,15361.64517263
1781308800,202.08,209.6,200.91,208.56,13302.33200247
1781395200,208.45,210.78,196.77,210.78,19242.37479908
1781481600,210.55,230.98,209.43,224.51,26863.79139293
1781568000,224.45,232.8,212.56,214,42338.86761157
1781654400,214.02,217.95,208.54,212.35,19153.67181978
1781740800,212.38,215.21,192.69,199.62,23900.14612995
1781827200,199.59,199.87,192.71,198.38,10309.73608034
1781913600,198.48,200.72,195.47,199.99,7069.18608089
1782000000,199.99,200.02,194.35,195,6555.03597531
1782086400,195,205.08,194.96,197.47,17975.13103875
1782172800,197.3,198.44,186.31,194.4,18657.17137559
1782259200,194.4,196.3,180.15,190.24,26129.20811654
1782345600,190.14,196.84,182,192.81,15016.9396221
1782432000,192.8,202.55,184.76,197.12,9273.66033404
1782518400,197.09,199.82,193.98,195.24,3723.4015071
1782604800,195.2,197.9,188.09,190.45,5347.08435523
1782691200,190.4,202.82,188.34,201.08,13664.47680894
1782777600,200.9,202.24,194,199.6,16821.07285098
1782864000,199.7,218.9,195.69,210,26565.09432952
1782950400,210.18,222.94,209.94,220.15,9476.30631177
1783036800,220.2,230.86,219.12,229.15,12631.18344073
1783123200,229.1,237.51,223.96,236.04,11759.51862346
1783209600,235.98,249.25,233.88,244.31,13974.176537
1783296000,244.14,250.79,234.4,241.79,15560.7684166
1783382400,241.74,244.77,234.6,239.7,11355.8365538
1783468800,239.71,241.76,229,235.19,11673.87299025
1783555200,235.12,240.93,231.3,237.74,6742.74624101
1783641600,237.61,254.77,236.85,245.19,12715.95437731
1783728000,245.19,252.73,243.36,243.86,5914.24877057
1783814400,243.75,247.7,238.86,240.1,8271.6488091
1783900800,240.1,244.72,232.67,236.17,8743.50634228
1783987200,236.29,242.22,231.09,236.75,9105.79066096
1784073600,236.67,238.16,222.22,223.14,15231.35179808
1784160000,223.2,227.28,219.35,221.65,20110.36281899
1784246400,221.7,224.5,213.64,219.75,8707.92995674
1784332800,219.8,221.6,216.71,219.95,3070.12633463
1784419200,219.97,220.39,213.82,214.8,8232.14945744
1784505600,214.9,221.2,209.63,219.75,14888.03789072
1784592000,219.79,226.82,219.57,223.78,6797.16892399
1784678400,223.75,225.41,218.47,219.96,5103.84169327
1784764800,220.02,220.35,208.05,211.49,7032.90232682
1784851200,211.56,213.2,207.41,210.8,7369.73186416
1784937600,210.85,212.7,208.8,209.68,2790.38370478
1785024000,209.68,218.85,208.86,216.99,4248.9499547
1785110400,216.85,219.98,210.83,211.73,8801.7485104
1785196800,211.8,215.1,208.98,214.2,6268.17097633
1785283200,214.12,215.98,204.08,211.21,5451.96015367
1785369600,211.21,221.75,208.07,216.8,8026.06730707
1785456000,216.77,217.95,205.25,209.89,6697.25187286
1785542400,209.9,212.41,205.7,207.74,3798.25660341
1785628800,207.86,214.65,206.95,212.4,3740.179905
1785715200,212.45,215.2,208.29,213.06,4696.95780697
1785801600,213.06,214.62,211.2,213.26,3927.85716402
1785888000,213.24,217.2,209.73,214.5,9265.33068588
1785974400,214.54,215.55,210.47,212.59,4452.71242221
1786060800,212.67,217.98,212.35,214.72,5153.99427188
1786147200,214.6,218.7,214.29,216.04,1994.55847342
1786233600,215.94,218.45,213.61,214.5,2446.48986834
1786320000,214.45,217.46,212.21,213.01,2338.49113316
1786406400,213.06,216.02,210.85,213.6,3167.73209049
1786492800,213.55,216.55,211.3,212.68,2488.57920875
1786579200,212.57,216.09,205,206.48,7282.62311542
1786665600,206.36,207.17,199.62,204.78,4984.25526072
1786752000,204.85,206.88,202.6,203.59,4789.65798992
1786838400,203.58,204.81,201.7,203.8,2254.51892951
1786924800,203.8,205.72,203.08,205.23,4377.29264374
1787011200,205.3,205.43,202.35,203.54,2120.73105174
1787097600,203.45,214.06,201.82,213.22,16591.18061377
1787184000,213.3,226.58,208.11,222.96,19110.10123367
1787270400,222.95,301.77,222.9,287.88,89458.23969518
1787356800,288,305.47,261.02,276.78,45615.43912802
1787443200,276.85,280.13,262.64,274.33,18391.97548417
1787529600,274.22,285.88,262.14,270.9,30554.54147819
1787616000,270.84,281.8,260.39,266.05,15853.29359044
1787702400,266.02,270.93,258.01,268.91,13934.85125631
1787788800,268.93,274.11,264.38,269.77,11514.84364094
1787875200,269.77,272.31,244.2,248.13,15180.06318129
1787961600,248,248.96,242.63,247.31,5314.84261425
1788048000,247.15,255.37,239.51,243.3,10608.3091886
1788134400,243.23,249.53,241.59,247.18,8566.9366475
1788220800,247.18,251.82,243.02,245.91,9085.38047054
1788307200,245.98,250,241.18,244.56,7214.80366044
1788393600,244.57,261.66,242.39,256.55,17729.68129576
1788480000,256.51,261.43,246.81,248.29,21483.24936699
1788566400,248.2,260.26,244.89,256.27,12947.07681147
1788652800,256.2,265.21,253.9,261.08,10382.39322778
1788739200,260.93,269.62,252.31,258.99,17092.15425251
1788825600,258.96,263.17,251.53,258.32,16729.76412746
1788912000,258.32,261.47,247.53,251.95,9659.99201985
1788998400,252.17,252.53,222.41,224.16,18819.18292303
1789084800,224.19,238.18,219.93,228.25,19045.8722522
1789171200,228.16,232.23,224.64,226.54,8035.16002292
1789257600,226.45,226.91,219.06,220.91,10653.10444983
1789344000,221.03,230.28,219.55,223.25,13400.86677511
1789430400,223.37,225.06,212.78,216.7,14989.63967481
1789516800,216.65,221.41,213.84,221.1,10015.80358075
1789603200,221.15,240.81,219.31,233.67,24453.38753022
1789689600,233.64,266.2,232.96,255.45,30399.65956122
1789776000,255.46,258.16,245.1,254.7,16651.88317476
1789862400,254.85,255.26,243,246.36,5665.73320589
