ts,open,high,low,close,volume
1504828800,4624.18,4679.99,4140,4350,22102.7184586
1504915200,4350,4449.95,4180,4334.36,10073.89558667
1505001600,4334.36,4349.99,4139,4251.36,10078.69985674
1505088000,4251.36,4365,4111.14,4210.72,9068.25507562
1505174400,4210.72,4375.37,4080,4164.52,12373.3985777
1505260800,4164.52,4174.53,3726,3855.32,22842.53225552
1505347200,3855.61,3923,3230.05,3250.4,36363.92501211
1505433600,3249.99,3894.48,2975.01,3740.02,54488.48241948
1505520000,3740.02,4042.98,3600,3726.51,19031.68597217
1505606400,3726.51,3841,3475.64,3719.97,11718.88020167
1505692800,3719.98,4130,3717.56,4100,16906.72338998
1505779200,4100,4125.22,3850.44,3910.11,13781.15538642
1505865600,3910.11,4044,3850.01,3872.06,9910.40111429
1505952000,3872.07,3903.57,3571,3617.47,14978.48542601
1506038400,3617.47,3767.77,3509.79,3619.01,12649.02130076
1506124800,3619.01,3818.89,3580,3787.33,6595.93530667
1506211200,3787.33,3789.36,3630.01,3669.01,4692.79090244
1506297600,3669.01,3969.37,3669.01,3919.78,9583.73758911
1506384000,3919.98,3960,3854.29,3885.09,5893.22353833
1506470400,3885.09,4228.39,3880.36,4200,12072.66869574
1506556800,4200,4269.95,4122,4189.42,7903.94689054
1506643200,4189.42,4212.99,4015.17,4156.99,10360.83388071
1506729600,4156.99,4356.28,4143.52,4339,6235.07845604
1506816000,4339.01,4396.99,4256.92,4394.81,5366.91196997
1506902400,4394.81,4470,4354.23,4392.71,8647.75799194
1506988800,4392.71,4419.95,4240,4307.99,10606.10621945
1507075200,4307.99,4344,4175.3,4214.84,6555.27096872
1507161600,4214.84,4365.21,4150.01,4320.04,6482.32778439
1507248000,4320.02,4407,4299.99,4362.99,6441.72560363
1507334400,4363,4449.42,4320,4425,4178.25089288
1507420800,4425,4612,4420.01,4603.49,7159.77178341
1507507200,4603.5,4875.39,4561,4769.55,14273.86832882
1507593600,4769.55,4925.65,4701.53,4750,13709.70806252
1507680000,4750,4869.97,4720.21,4814.99,7238.87876179
1507766400,4814.99,5440.92,4809.59,5440,20097.68845511
1507852800,5440,5867,5390,5624.8,26597.9752588
1507939200,5624.87,5839.8,5567.86,5819.13,8999.20367594
1508025600,5819.13,5849.83,5455.5,5693.7,11817.32828781
1508112000,5693.7,5785.3,5575.55,5754.9,8820.66040004
1508198400,5754.9,5769.99,5525,5594,9121.4068495
1508284800,5593.97,5600,5102,5574.44,17620.49150442
1508371200,5574.02,5750,5529.44,5704.01,8908.55652227
1508457600,5704,6063.99,5630,5989.1,16708.981564
1508544000,5989.1,6189.1,5868.26,6024.86,14614.73525277
1508630400,6024.85,6082.3,5755.95,6005.05,10770.42951293
1508716800,6005.05,6057.02,5650.98,5905.99,16446.78333056
1508803200,5906,5906,5462.19,5525.43,18281.54006372
1508889600,5525.43,5765,5376.71,5739.97,14136.58125946
1508976000,5739.97,6000,5701,5891.61,11850.82718824
1509062400,5891.61,5998,5708.8,5780,9337.84412481
1509148800,5780,5894,5715,5752.01,5453.79798889
1509235200,5752.01,6298.99,5728,6140.01,12509.85515088
1509321600,6140.01,6200,6028,6124.16,8341.53244599
1509408000,6124.16,6472.13,6095.96,6445.01,15024.49558504
1509494400,6445.01,6784,6363.59,6783.69,20571.58188569
1509580800,6783.69,7445,6759,7039.98,35889.38819701
1509667200,7039.99,7449.99,6955.89,7170.01,24759.33130603
1509753600,7170.01,7498,7011.1,7412.55,13668.92328073
1509840000,7412.35,7630,7310,7392,16504.95764862
1509926400,7391.95,7432.49,6900.73,6969.76,24287.52091386
1510012800,6969.76,7232.84,6968.49,7126.63,14505.79432211
1510099200,7128.99,7898,7031.66,7467.96,38184.63758966
1510185600,7467.97,7470.01,7079,7156,18059.36167926
1510272000,7156,7350,6426,6577.62,34072.93239507
1510358400,6577.63,6894.99,6201.01,6346.7,25651.2940802
1510444800,6346.64,6486,5511.11,5886.35,52487.43253081
1510531200,5886.35,6841.45,5850,6535.87,36435.45627543
1510617600,6535.87,6748,6450,6605,20256.43299376
1510704000,6605,7349,6605,7294,27878.77629558
1510790400,7294,7985.37,7130,7838.53,29352.77615064
1510876800,7838.54,7988.5,7536,7714.71,25045.6530014
1510963200,7714.7,7847.98,7502,7777.01,14707.53684425
1511049600,7777.01,8098.62,7700,8031.82,14765.96963561
1511136000,8031.83,8293.25,7969,8256.01,15693.26060594
1511222400,8256.01,8375,7802.99,8109,31256.2619911
1511308800,8109,8298.98,8103.13,8250,13690.8317595
1511395200,8250,8274.98,8031.16,8031.16,11919.91670069
1511481600,8031.16,8324,7900,8215.01,14748.71323788
1511568000,8215.01,8795.5,8203.98,8795.5,16482.32785846
1511654400,8795.5,9596,8795.5,9401.11,28641.69759252
1511740800,9401.11,9795,9401,9768.71,25683.3262464
1511827200,9768.71,9989.95,9705.99,9949,18960.42673846
1511913600,9949,11485,8595.55,9935.98,70224.99702034
1512000000,9920.81,10850,9135.6,9903,42536.31363519
1512086400,9903.01,10937,9517,10869.84,33257.5736678
1512172800,10869.85,11100,10701,10930.24,20197.01810153
1512259200,10930.24,11891,10601,11290,31415.80537618
1512345600,11290,11650,10950,11643.98,20180.88652913
1512432000,11643.99,11875,11532,11718.35,17711.49076161
1512518400,11718.34,14425,11717.5,14090,51358.74592889
1512604800,14090,19697,13500,17390.01,84528.1023714
1512691200,17390.01,17777.69,13788.99,16367.03,68522.70363443
1512777600,16367.03,16499,13550,15309.98,41170.50758947
1512864000,15309.99,16300,13501,15290.01,52882.81594883
1512950400,15290.01,17493,15200,16885.76,41169.69239233
1513036800,16885.76,18149.99,16375,17730.12,38219.40739552
1513123200,17730.12,17900,15700,16689.61,31867.18168864
1513209600,16689.62,17199.6,16256,16749.78,16329.87585067
1513296000,16749.79,17899,16745,17738.67,28605.3275268
1513382400,17738.68,19797,17630,19650.01,24853.68358079
1513468800,19650.02,19891.99,19010,19378.99,21476.23509637
1513555200,19378.99,19385,18200,19039.01,26385.52352887
1513641600,19039.01,19099,16800,17838.73,32148.34752127
1513728000,17838.73,17890,14001,16496.89,47992.44424371
1513814400,16496.9,17364.57,15151,15758.8,28740.89368429
1513900800,15758.8,15974.95,10400,14210.57,103039.93421339
1513987200,14229.47,16261,13750,15075.89,30795.88799527
1514073600,15075.89,15109.27,13210,14221.94,24834.83362307
1514160000,14221.93,14774,13450,14171.98,15425.35357187
1514246400,14171.99,16148,14171.98,15790.88,22462.7056247
1514332800,15790.88,16490,14524.37,15367.08,24957.62817381
1514419200,15360.01,15489,13500,14450.01,31273.57825037
1514505600,14450.01,15105.34,14041.81,14565.05,18476.05198941
1514592000,14565.04,14639.79,12500,12839.99,28787.73764058
1514678400,12839.98,14280.26,12633.8,13863.13,18604.28576752
1514764800,13863.14,13889,12952.5,13480.01,12295.00653579
1514851200,13480,15275,13005,14781.51,26387.93493436
1514937600,14781.52,15400,14628,15098.14,17877.49528646
1515024000,15098.23,15400,14230,15144.99,20010.43634249
1515110400,15145,17178,14819.78,16960.01,22917.78066891
1515196800,16960.01,17174,16251.01,17098.99,14104.21391996
1515283200,17099,17115.01,15755.01,16174.22,12341.08084887
1515369600,16174.22,16275,14000,14993.74,23151.96462195
1515456000,14993.73,15384,14230,14480.99,15384.62464501
1515542400,14481,14875.18,13550.01,14875.18,22664.54513634
1515628800,14875.17,14970,12800.01,13308.06,28889.12130985
1515715200,13308.06,14080.83,12900,13820,14816.77240977
1515801600,13820,14500,13792.25,14187.95,10491.10485473
1515888000,14187.94,14332.85,13110,13656.23,10783.39313813
1515974400,13656.23,14253,13416,13590,10511.84043108
1516060800,13590,13643.66,9928.62,11570.01,62207.83296297
1516147200,11570.01,12358.89,9005,11200.01,63957.23278928
1516233600,11204.64,12123.1,10687.21,11305.53,30134.64772622
1516320000,11305.53,11973.99,11050,11498.99,15959.30876174
1516406400,11499,12985.55,11498.99,12762.8,18749.95639326
1516492800,12762.8,12762.8,11118,11518.17,16426.17776825
1516579200,11518.17,11849,10025,10766.7,24352.57045749
1516665600,10766.7,11370,9945,10824.94,21897.02947424
1516752000,10824.95,11450,10450,11356.79,15159.74617502
1516838400,11356.8,11690,10851,11118,13803.3994887
1516924800,11118,11570,10305,11086.89,19343.28195401
1517011200,11086.88,11494.08,10850,11319,12301.187315
1517097600,11319,11697.24,11234.38,11536,13684.87204513
1517184000,11536,11570,10840,11123.01,11166.05984506
1517270400,11123.01,11150,9711.11,9995,27589.87336945
1517356800,9995,10299.95,9601.02,10099.99,19533.73809729
1517443200,10099.99,10166.25,8400,9014.23,38171.97003425
1517529600,9014.22,9090.08,7540,8787.52,52039.26807721
1517616000,8787.52,9499,8115.48,9240,23700.98508963
1517702400,9227.8,9350,7859,8167.91,24062.18195663
1517788800,8167.9,8349.16,6425.75,6905.19,59578.69822102
1517875200,6905.2,7948.89,5873,7688.46,91895.11062729
1517961600,7688.47,8650,7212.82,7575.75,50916.57889564
1518048000,7575.76,8625,7550,8218.1,31649.57658512
1518134400,8218.07,8700,7750,8671.01,27558.51614051
1518220800,8671,9090,8155,8547.49,24910.69248868
1518307200,8547.48,8547.49,7851,8072.99,16804.11338411
1518393600,8073,8950,8072.99,8872.28,19718.28616707
1518480000,8872.27,8925,8393.1,8520.01,13952.55754805
1518566400,8520.01,9482.5,8520,9472.98,24374.64430846
1518652800,9472.98,10249.81,9342.46,10031.23,32372.79739747
1518739200,10031.23,10307.68,9729.58,10167.49,17843.54690778
1518825600,10167.49,11149,10057,11121.5,20781.56168216
1518912000,11121.5,11299.1,10159,10380.04,26975.93580105
1518998400,10380.03,11274.11,10297.39,11140,17634.43505308
1519084800,11140,11775,11000,11235.57,28425.12094891
1519171200,11235.57,11279.99,10250,10454.27,30042.03089218
1519257600,10453.83,10900,9715.27,9830,28095.90851163
1519344000,9830,10390.77,9576.43,10144.99,20779.94318193
1519430400,10144.99,10494.14,9372.72,9688.62,19729.38570667
1519516800,9688.61,9850,9324.75,9597.99,11707.16167099
1519603200,9600,10447.74,9404,10300,19118.9938219
1519689600,10300,10845.07,10133.33,10566.57,18240.52935154
1519776000,10556.3,11044,10263,10307.27,19688.06956326
1519862400,10307.26,11075,10213.99,10895.92,15390.55106388
1519948800,10895.93,11149,10765,11000,13838.03908182
1520035200,11000.01,11494.57,11000,11432.5,13198.55336472
1520121600,11432.51,11487,11041,11469.9,8635.84247054
1520208000,11469.9,11645.74,11339,11377.54,11051.44857722
1520294400,11371.5,11395.63,10565.85,10700,18565.88802786
1520380800,10700,10894,9400,9925,32486.56622749
1520467200,9925,10098,9050,9304.89,23426.7950493
1520553600,9304.9,9410,8370,9255,42041.35761821
1520640000,9255,9518.77,8720.08,8795.44,17254.85640436
1520726400,8795.45,9760,8516,9533.88,21816.15454135
1520812800,9533.88,9890,8780.49,9120,21281.59414403
1520899200,9120,9472.88,8855,9145.41,17207.40199682
1520985600,9145.42,9340,7931,8207.02,28010.58833814
1521072000,8207.02,8400,7666,8259.99,28014.23390561
1521158400,8260,8600,7911,8275,16967.92912777
1521244800,8274.09,8349.82,7751,7857.6,13639.73308518
1521331200,7857.59,8302.73,7310,8192,30536.54458381
1521417600,8192,8757.5,8108.31,8589,25598.67320803
1521504000,8589,9046.26,8316.15,8900,20469.34145312
1521590400,8900,9174,8745,8891.81,16007.11697609
1521676800,8891.81,9073.93,8467.27,8715.09,14990.23803367
1521763200,8715.09,8927.81,8280.04,8927.1,15266.82554983
1521849600,8927.8,8999,8508,8531.34,11863.31062337
1521936000,8531.96,8670,8359.45,8453,9048.85236081
1522022400,8453,8498,7854,8145,19389.85130451
1522108800,8144.99,8219.99,7757,7793.61,14987.73034205
1522195200,7793.61,8088,7727.76,7942.72,10966.69757001
1522281600,7942.73,7957,6905,7080,27812.00561903
1522368000,7080,7275.35,6600,6848.01,29312.749662
1522454400,6848.01,7200,6780,6928.5,14951.4968471
1522540800,6928.5,7044.46,6450,6816.01,15434.52280833
1522627200,6816.01,7100,6777.28,7045.01,14317.14565509
1522713600,7045.01,7520,7016.8,7424.9,18923.19243902
1522800000,7424.91,7424.91,6708.46,6791.68,15332.55315937
1522886400,6791.68,6933.11,6568.64,6785.85,14454.29416624
1522972800,6785.86,6847,6518.88,6619.01,10756.54967988
1523059200,6619.01,7064.64,6605.08,6894.01,10351.3736739
1523145600,6894.01,7099.99,6880,7020.01,6296.84940676
1523232000,7020.01,7169.53,6617,6771.13,13950.51963666
1523318400,6771.14,6893.29,6661.19,6824.99,7491.82299943
1523404800,6825,6974,6806.01,6942.99,8182.9960061
1523491200,6943,8050,6767.77,7916,31205.93316274
1523577600,7915.99,8220,7760,7893.19,22123.21006651
1523664000,7893.19,8150,7830,8003.11,9338.06089305
1523750400,8003.12,8392.56,8003.11,8355.25,9899.55458272
1523836800,8355.24,8398.98,7905.99,8048.93,13429.26623465
1523923200,8048.92,8162.5,7822,7892.1,10700.35753361
1524009600,7892.11,8243.99,7879.8,8152.05,10973.85923727
1524096000,8152.05,8300,8101.47,8274,11936.23618763
1524182400,8274,8932.57,8216.21,8866.27,16415.30759081
1524268800,8866.27,9038.87,8610.7,8915.42,12305.06569139
1524355200,8915.42,9015,8754.01,8795.01,7805.76709948
1524441600,8795,8991,8775.1,8931.3,8040.33557959
1524528000,8931.31,9728.56,8930,9645.1,20843.27006804
1524614400,9645,9763.49,8602.43,8865.98,31814.1288426
1524700800,8865.98,9318,8660,9272.11,15216.84970266
1524787200,9272.12,9369,8910,8922.55,12087.28643213
1524873600,8922.56,9447,8863.42,9329.99,8849.51366266
1524960000,9329.99,9512.5,9179.99,9389.01,7937.98812228
1525046400,9389.01,9447,9110.88,9243.83,8862.27320109
1525132800,9243.83,9245.37,8831.21,9072.29,11372.35045084
1525219200,9072.29,9251.05,8990,9190.48,8825.62461492
1525305600,9190.47,9800,9131,9725.74,14956.45443951
1525392000,9725.74,9745,9451.5,9685,10837.90259875
1525478400,9685,9948.12,9660.28,9800,9391.1010713
1525564800,9799.99,9880,9390,9600,7651.21500589
1525651200,9600,9619.55,9162.85,9353,9909.98246212
1525737600,9356.25,9463.13,9050,9177.82,9561.98001906
1525824000,9177.81,9370,8960,9300.08,8628.95083325
1525910400,9300.08,9386.32,9001.01,9010.51,7596.46134672
1525996800,9010.51,9010.51,8351,8403.33,17512.9269818
1526083200,8403.33,8658.57,8223.43,8475,11392.07649417
1526169600,8474.31,8774.32,8345,8686.1,6678.59431195
1526256000,8686.1,8880.01,8289.79,8670,14127.77867728
1526342400,8670,8847,8420.45,8477.46,10892.26808048
1526428800,8477.47,8500,8103.33,8344,10858.39386627
1526515200,8344.01,8483.48,8001,8059,8477.74299592
1526601600,8059,8280,7927.21,8238.51,8239.27592631
1526688000,8238.51,8390,8152.54,8235.6,4198.42045085
1526774400,8235.6,8600,8172,8516.86,4486.83071279
1526860800,8516.86,8584.39,8309.23,8393.44,5125.87838258
1526947200,8393.43,8400,7950,7987.7,6905.26600219
1527033600,7987.7,8030.06,7433.19,7505,15892.46676728
1527120000,7505.01,7734.99,7269,7584.15,11375.35825749
1527206400,7584.15,7661.85,7326.94,7459.11,8681.38004429
1527292800,7459.11,7640.46,7287.23,7337.95,4572.29163123
1527379200,7337.94,7392.7,7229.01,7346.64,4568.21590348
1527465600,7346.64,7444.8,7087,7107.94,7785.66681592
1527552000,7107.94,7524.99,7058,7460,10350.09174071
1527638400,7460,7557.78,7272.71,7380.01,6250.20477606
1527724800,7380,7609.99,7340,7485,6067.82801549
1527811200,7485,7599.99,7351.01,7514.32,6936.82298245
1527897600,7514.32,7697.09,7440,7636.42,5070.8649463
1527984000,7636.41,7777,7583.24,7706.37,5206.86345245
1528070400,7706.37,7747.57,7447.61,7487.37,6034.28233024
1528156800,7487.37,7677.5,7355,7612.51,5740.07226081
1528243200,7612.51,7691,7484,7655,5736.88730444
1528329600,7655,7747,7635,7684.93,5041.52279334
1528416000,7684.93,7690,7536.58,7618.8,3945.54283341
1528502400,7616,7680,7468,7496.4,2775.24696058
1528588800,7496.41,7496.41,6652,6770.31,18788.77680649
1528675200,6770.31,6913.83,6666.66,6881,11620.53954327
1528761600,6881,6885.84,6450,6545,10820.92303628
1528848000,6549.47,6618.95,6135,6302.31,17373.41486923
1528934400,6302.32,6750,6269,6638.49,14548.25525645
1529020800,6638.49,6660,6370,6391.22,7028.63892797
1529107200,6391.21,6549.99,6330,6484.29,4521.32956305
1529193600,6484.3,6570.01,6428.14,6447.16,3275.09792547
1529280000,6447.15,6807.64,6385,6709.02,8046.05593543
1529366400,6709.19,6829.06,6670.01,6736.41,6155.18187377
1529452800,6736.41,6817,6557.66,6759.18,6683.29357071
1529539200,6759.54,6787,6682.3,6719.01,4385.00279703
1529625600,6719.01,6725,5921.21,6059.82,18193.25099287
1529712000,6059.82,6250,6040.01,6178.29,6070.20787087
1529798400,6178.29,6255.8,5777,6149.99,13211.31953891
1529884800,6150,6340.01,6070.13,6246.01,9237.28844816
1529971200,6246.01,6271,6006.39,6074,6680.68174851
1530057600,6074.01,6175.43,5983.56,6132.17,7061.43624405
1530144000,6132.16,6161.47,5816.6,5851.66,7769.8116466
1530230400,5850.25,6300,5790.01,6202.36,11065.12248838
1530316800,6202.36,6520.15,6185,6383.19,6783.38450293
1530403200,6383.19,6424.14,6256.76,6349.5,4069.05699082
1530489600,6349.5,6669.99,6270.01,6611.79,8287.96529635
1530576000,6611.79,6673.99,6465,6502.62,6501.26577908
1530662400,6502.62,6796.62,6411.51,6587.47,6847.85549833
1530748800,6587.46,6700,6449.5,6532.95,6985.12310145
1530835200,6532.96,6639,6452.2,6600,5215.29306825
1530921600,6599.99,6843.26,6512,6753.28,4496.26591603
1531008000,6753.29,6778.31,6671,6701.97,3321.52529781
1531094400,6701.97,6815.82,6625,6664.01,5254.12964941
1531180800,6664.01,6679.47,6279,6303.7,8177.86682562
1531267200,6303.69,6400,6281.01,6390.04,5038.30347773
1531353600,6390.04,6390.04,6075.01,6249.75,9411.45794822
1531440000,6246.68,6335.09,6121.53,6216.29,5975.71038478
1531526400,6216.29,6323.68,6187,6248.65,3044.81810615
1531612800,6248.65,6385.35,6233.26,6348.73,3882.96945333
1531699200,6348.73,6750,6330.3,6728.81,9147.40601617
1531785600,6728.8,7472.5,6663.51,7315.01,15644.40972338
1531872000,7315,7584.85,7229.89,7378.99,15774.39905617
1531958400,7378.99,7581,7281.42,7470.01,9985.49794394
1532044800,7470.01,7687,7259.76,7334.46,10406.31899656
1532131200,7334.46,7444.77,7204.32,7408,5079.339249
1532217600,7408,7569.69,7327.75,7397.8,5599.21912506
1532304000,7400,7809,7378.26,7720.09,12449.92345846
1532390400,7720.08,8488,7695.99,8385.5,19636.00922903
1532476800,8390.04,8482.84,8042,8157.15,14713.91077749
1532563200,8157.15,8290,7840,7931.99,11869.52084895
1532649600,7932,8276.55,7787.29,8184.21,11991.35205827
1532736000,8182.64,8230,8065,8228.9,4141.05036475
1532822400,8227.38,8289.96,8127.87,8216.34,4239.76030429
1532908800,8216.33,8274.92,7850,8170.01,10568.96492471
1532995200,8170,8173.57,7629.48,7727.27,12604.37481313
1533081600,7727.28,7750,7437,7603.99,11853.49011195
1533168000,7603.99,7707.54,7462,7533.92,6917.39838355
1533254400,7533.92,7538.53,7285,7414.08,11084.8522024
1533340800,7414.08,7495,6940,7005,9933.75030971
1533427200,7005,7086.52,6880,7030.01,6243.59990905
1533513600,7030,7163,6840,6938,8956.04941689
1533600000,6938,7152,6647.07,6718.22,11165.1416331
1533686400,6718.22,6718.22,6121.04,6282.5,22145.35061404
1533772800,6282.5,6633.21,6177.51,6546.45,13980.70056404
1533859200,6546.46,6584.8,6015,6146.01,8064.70939768
1533945600,6146.01,6485.76,6003,6235.56,10153.23416272
1534032000,6236,6482,6169.46,6316.01,8324.09104131
1534118400,6316,6544.99,6139.57,6253.67,10604.12278957
1534204800,6253.67,6258.32,5900,6195.01,17742.68279169
1534291200,6195,6636,6189,6269.01,17786.54579416
1534377600,6269.01,6475.01,6200,6315.9,8976.04113374
1534464000,6315.9,6585.5,6290.39,6585.49,10776.85436559
1534550400,6585.5,6613.23,6312,6396.64,6974.44185927
1534636800,6396.63,6547.34,6328.45,6489.53,4472.17616704
1534723200,6489.53,6525,6227.71,6258.74,7905.42302586
1534809600,6258.74,6490,6249.12,6475.89,6860.90002944
1534896000,6475.89,6890.65,6250,6359.99,17611.22588439
1534982400,6359.99,6568.37,6348.69,6526.36,6998.97316777
1535068800,6526.36,6725,6451.55,6690.88,7427.5446068
1535155200,6690.88,6790,6668,6737.52,4930.16607076
1535241600,6737.52,6773,6572,6709.98,5009.10271396
1535328000,6709.98,6947.6,6654.13,6911.9,7307.58523518
1535414400,6911.9,7128,6864.96,7071.01,11880.45612553
1535500800,7071.01,7119,6907.42,7030.9,7712.75849986
1535587200,7030.92,7048.66,6790,6983,8327.34545381
1535673600,6983,7090.46,6884.49,7015.01,7857.29840392
1535760000,7015.01,7275,7010.98,7191.08,6276.18561687
1535846400,7191.07,7328.99,7130,7295,5891.96980364
1535932800,7294.99,7339.52,7192.99,7256.98,6133.07725249
1536019200,7256.48,7402.5,7229.94,7360,7999.76955668
1536105600,7359.99,7384,6664.07,6687.96,16381.47246369
1536192000,6687.96,6703.73,6272.73,6495,18836.77907471
1536278400,6495,6530,6325,6395.01,8369.22939503
1536364800,6395.01,6460,6116,6188,7581.68777214
1536451200,6188,6450,6147,6235.01,6356.67380803
1536537600,6235.02,6375.13,6221.49,6300,7028.65453232
1536624000,6300,6405,6176.76,6282.53,7512.79094263
1536710400,6282.53,6340.94,6191.1,6326,7428.99131549
1536796800,6326,6530,6323.64,6485.99,9800.75125525
1536883200,6485.99,6580,6378.05,6478.04,7691.81053625
1536969600,6478.05,6565,6470,6518.68,3404.11751484
1537056000,6518.68,6521.75,6323.68,6498,3520.8035532
1537142400,6498,6529.75,6207.55,6250.7,9335.4497769
1537228800,6250.71,6384.04,6228,6335.7,6137.36794174
1537315200,6335.69,6511,6106.37,6386.94,10754.09693733
1537401600,6386.95,6530,6337,6493.11,6819.60351487
1537488000,6493.11,6777.1,6492.5,6750,11391.70322303
1537574400,6750,6823,6628.01,6707.33,5315.7868296
1537660800,6707.34,6777,6660.05,6696.99,3506.51220124
1537747200,6696.99,6716.16,6555.99,6582.09,5562.20172954
1537833600,6582.09,6582.1,6320.5,6436.89,9533.99965627
1537920000,6435,6537.26,6380.62,6455.66,5910.04399306
1538006400,6455.65,6734.79,6430,6680.01,7878.87406105
1538092800,6680.01,6786.73,6528.13,6620.01,9039.12902254
1538179200,6620.01,6620.01,6452.02,6581,4371.91544933
1538265600,6581,6642.28,6523,6605,3698.72106704
1538352000,6605,6639.33,6474.9,6572.83,7146.81077109
1538438400,6572.83,6591.37,6452,6498.46,5444.03636431
1538524800,6498.47,6507.95,6398.96,6466.03,6264.41952033
1538611200,6466.03,6603.01,6454.38,6547.45,6676.80282302
1538697600,6547.45,6641,6510.58,6593.94,5347.26443214
1538784000,6593.94,6594.39,6536,6552.43,2725.25647489
1538870400,6552.42,6585.01,6491.81,6570,2625.49820988
1538956800,6569.99,6681.19,6545.63,6608.07,5447.87548657
1539043200,6607.53,6612.86,6552.5,6589.48,4580.90974272
1539129600,6589.48,6591.32,6445.48,6524.56,6387.67198644
1539216000,6524.56,6524.56,6033.34,6154.69,20730.76349424
1539302400,6154.68,6235.2,6111.97,6188.01,5574.64739116
1539388800,6188.01,6212,6178,6196,3842.85929097
1539475200,6196.01,6288.45,6151,6183.49,3763.1183462
1539561600,6183.52,6810,6151.58,6440.42,21436.33656382
1539648000,6440.43,6493.11,6375,6457.11,10080.9913573
1539734400,6457.1,6459.99,6411.19,6443.7,5507.26662058
1539820800,6443.69,6489.83,6355,6394.96,7212.21394135
1539907200,6394.96,6409.61,6353.86,6382.99,3816.48535963
1539993600,6382.99,6420,6369,6414,3425.84267768
1540080000,6413.99,6452.87,6405.57,6415.88,2611.79072657
1540166400,6415.87,6427.63,6377.77,6407.65,4004.82602681
1540252800,6407.64,6411.5,6360,6395.14,4036.62569307
1540339200,6395.13,6471,6395.13,6415.98,5193.91688879
1540425600,6415.97,6422,6377.5,6395.58,3747.24490173
1540512000,6395.58,6450,6383.54,6404.87,4134.91005811
1540598400,6404.87,6421.76,6390,6409.12,2332.79150241
1540684800,6409.11,6415,6380.01,6403.62,2142.01330512
1540771200,6403.63,6414.99,6211,6266,6986.99576529
1540857600,6266,6289,6240.54,6267.63,4101.07125232
1540944000,6267.63,6353.24,6201.67,6304.18,5229.24512215
1541030400,6304.18,6360,6293.44,6344,4490.97798078
1541116800,6344,6378.77,6333.94,6349.8,4182.90368781
1541203200,6349.8,6351.7,6315.91,6331.96,2572.93306167
1541289600,6331.96,6464.15,6313.17,6423.28,4055.76910661
1541376000,6423.29,6439.99,6372,6404,4088.66689308
1541462400,6404,6449.65,6387.82,6448.5,5512.34724778
1541548800,6448.5,6540,6448.5,6503.12,5832.93617972
1541635200,6503.12,6511.88,6388,6406.24,5335.81077269
1541721600,6406.24,6415,6305,6334.89,4588.21636599
1541808000,6334.89,6374,6327.46,6347.42,2421.62395944
1541894400,6347.42,6360,6271.15,6357.6,2363.52860474
1541980800,6357.6,6383.59,6305.95,6327.87,3731.22277403
1542067200,6327.87,6328.22,6252.5,6259.34,4686.91466432
1542153600,6259.35,6293.38,5280.93,5605.46,32734.2371058
1542240000,5605.01,5645,5188,5579.52,21893.75591627
1542326400,5579.5,5609.91,5410,5512.24,9359.82281671
1542412800,5512.26,5544,5450.83,5504.17,4784.39720845
1542499200,5503.34,5665,5503.34,5560,4724.53451302
1542585600,5560,5560,4670.05,4733.5,41591.922304
1542672000,4736.67,4889,4035,4349.23,66596.87804572
1542758400,4349.24,4627.55,4239.01,4545.11,28516.37041797
1542844800,4545.12,4589,4238.69,4265.36,13038.24058241
1542931200,4268.18,4366.05,4085.73,4283.8,19589.94093581
1543017600,4283.8,4370.78,3650.84,3774.99,22955.31007799
1543104000,3775,4120,3456.78,3936.69,39067.0408264
1543190400,3936.7,4076.25,3508,3731.32,36455.22367637
1543276800,3731.01,3830,3562.9,3775,23788.7518536
1543363200,3775.01,4365,3775,4225.03,35951.14939353
1543449600,4224.86,4414.89,4077.88,4248,20589.29919427
1543536000,4247.99,4297.71,3869,3976,20010.38688175
1543622400,3976.01,4277,3910.08,4142.01,10546.5152018
1543708800,4142.01,4266,4036,4103.19,11311.33063575
1543795200,4102.8,4119.98,3741.95,3833.47,17040.92435324
1543881600,3833.47,4035.1,3732.43,3901.84,16954.8572436
1543968000,3901.84,3912.53,3660,3694.39,14945.0424373
1544054400,3694.39,3849,3400,3433.26,28942.88212469
1544140800,3433.3,3550,3212,3380.01,37833.3063615
1544227200,3380,3495,3253.66,3401,13700.64053347
1544313600,3401,3642.51,3367.79,3531.18,11758.12530578
1544400000,3531.18,3590.71,3354.97,3410.15,13513.91205579
1544486400,3410.15,3424.92,3293.49,3349.36,11090.98128121
1544572800,3350.27,3486.16,3325.58,3430.24,10524.18793316
1544659200,3430.24,3439.63,3227.96,3265,14265.2612416
1544745600,3265,3294.9,3135,3195.71,14656.53845193
1544832000,3195.71,3228.69,3128.89,3183,9343.27239692
1544918400,3183.01,3258,3181.24,3195,7211.24213116
1545004800,3194.99,3585.95,3184.28,3496.82,21857.11842817
1545091200,3497.1,3688,3436.5,3667.77,16980.16942551
1545177600,3667.76,3928.15,3637.17,3682.51,28456.24369309
1545264000,3682.51,4175,3661.5,4075.34,30698.00488972
1545350400,4075.33,4162.27,3775,3839.06,23496.86262526
1545436800,3839.26,4005,3790.16,3980.46,9902.76761597
1545523200,3981.24,4050,3903.6,3944.93,10282.4571108
1545609600,3944.92,4239.37,3944.92,4034,19713.64189269
1545696000,4034,4045.41,3675.86,3780,13871.75447137
1545782400,3780,3849.2,3685.02,3809.88,9409.62555727
1545868800,3809.88,3841.21,3567,3589.89,13433.23545408
1545955200,3589.89,3971.58,3576.12,3888.06,16776.66567306
1546041600,3887.58,3944.33,3706,3729.31,9781.01832186
1546128000,3729.31,3863.06,3691.01,3829,8725.83851536
1546214400,3829,3835.4,3625,3691.86,12799.94262556
1546300800,3691.87,3841.17,3651.02,3826.1,10812.88498825
1546387200,3826.1,3916.57,3770.07,3890.79,9982.47084577
1546473600,3890.8,3893.8,3758.07,3787.57,9327.64708895
1546560000,3787.57,3849,3730,3820.82,9225.1505004
1546646400,3820.82,3874.12,3775,3798.62,6451.00775001
1546732800,3799.99,4088,3756.01,4040.99,10057.45367318
1546819200,4040.98,4070,3968.79,4006.01,9973.66538481
1546905600,4005.97,4114.8,3943.36,3993.86,13959.39645383
1546992000,3993.85,4042.2,3962.12,4004.12,10704.12810583
1547078400,4004.13,4035.21,3560,3626.12,21869.18380217
1547164800,3626.12,3699.99,3576,3635.69,14489.68866805
1547251200,3634.73,3649.18,3557.29,3619.41,5793.59903748
1547337600,3619.38,3641.86,3481.54,3514.24,8288.70074802
1547424000,3514.24,3711.11,3509.24,3664.19,11241.43679748
1547510400,3664.18,3684.38,3538.63,3580.76,10894.51487451
1547596800,3580.19,3666.73,3572.52,3609.71,8894.45981244
1547683200,3609.71,3657,3541,3640.65,8924.86466717
1547769600,3640.64,3643.69,3580.16,3607.85,5977.23699338
1547856000,3607.85,3765.9,3604.9,3682.65,6068.64620532
1547942400,3683.5,3703.39,3481.01,3536.19,7430.51959727
1548028800,3537.56,3568.95,3487.37,3531.76,6493.83265776
1548115200,3531.75,3611.5,3425,3577.03,9658.63220705
1548201600,3577.04,3614.47,3523.64,3553.01,8205.65630491
1548288000,3553.01,3595.83,3530.1,3568.97,5827.07203747
1548374400,3568.97,3578.79,3510.01,3562.17,6834.07115259
1548460800,3562.17,3657.76,3540,3556.07,5602.74054612
1548547200,3556.07,3562.9,3470.14,3531.02,4286.50898961
1548633600,3531.02,3535.92,3374.01,3429.95,13775.65442083
1548720000,3429.95,3438.4,3337.87,3397.42,8709.69730139
1548806400,3395.74,3459.41,3372.97,3437.55,8513.95881185
1548892800,3437.55,3473.4,3396.74,3411.5,7405.39614964
1548979200,3411.5,3458.26,3369.62,3437.5,8806.60171078
1549065600,3437.5,3483.25,3414.49,3468.43,3967.92350855
1549152000,3468.43,3471.76,3386.45,3414.78,4606.56891409
1549238400,3415.69,3435,3395.1,3409.57,6032.81895284
1549324800,3409.57,3429.46,3400,3428.4,6385.43577243
1549411200,3428.41,3441,3340.8,3367.36,9820.67219128
1549497600,3366.01,3383.14,3352.01,3359,8613.79912675
1549584000,3358.99,3711,3344,3621.99,17649.47598021
1549670400,3622,3644.08,3597,3623.73,5155.45743968
1549756800,3623.73,3654.28,3578.59,3648.84,5364.52948065
1549843200,3648.85,3652,3579.38,3590.36,8819.26148262
1549929600,3590.36,3618.77,3550,3588.06,8347.13611385
1550016000,3588.06,3627.99,3562.98,3576.68,7024.94220353
1550102400,3576.69,3589,3535.1,3561.5,6197.23550751
1550188800,3561.49,3620.22,3545.89,3566.59,7447.04312687
1550275200,3566.59,3607.36,3565.5,3582.37,4351.61748343
1550361600,3582.37,3675,3557.43,3625.08,6402.7929
1550448000,3625.08,3917,3616.18,3867,16895.18406274
1550534400,3867,3969.54,3841.54,3888.01,14845.22658779
1550620800,3888.37,3967.19,3867.13,3938.99,8929.2721525
1550707200,3939,3988,3869.45,3897.71,8806.93272354
1550793600,3897.71,3956.43,3886.15,3942.02,7667.21817378
1550880000,3942.02,4156.1,3911.3,4110,10844.79746285
1550966400,4110,4188.79,3712.84,3734.22,17002.16745501
1551052800,3734.23,3860,3731.09,3818.79,11164.08173195
1551139200,3818.78,3826.37,3763.71,3799.48,6520.29872931
1551225600,3799.49,3823.13,3655,3799.91,8297.56906415
1551312000,3800.35,3910,3754.37,3792.14,9852.47269969
1551398400,3792.14,3843,3791.31,3806.17,6816.69897242
1551484800,3806.17,3818.08,3763,3809.7,3720.64470762
1551571200,3809.7,3815.48,3763.62,3786.93,4100.67673393
1551657600,3786.93,3804.99,3672.39,3700.72,8335.76872427
1551744000,3700.02,3876.65,3692.36,3844.59,9534.91911905
1551830400,3844.59,3894.7,3812,3851.89,6911.18572899
1551916800,3851.89,3891,3830.79,3857.05,7308.01574651
1552003200,3857.04,3910.88,3771,3843.12,8988.38343108
1552089600,3842.62,3947.33,3834.59,3917,5821.05637535
1552176000,3917,3917,3867.84,3900.92,3602.23313878
1552262400,3900.93,3911.83,3817.01,3849.68,6170.4651356
1552348800,3849.67,3875.33,3796.71,3860,6921.17284956
1552435200,3860,3871.02,3827.5,3851.02,5689.69622247
1552521600,3851.02,3900,3779.28,3853.95,7895.18815498
1552608000,3853.95,3910,3846.79,3902.8,6794.31389855
1552694400,3902.8,4037.47,3900.89,3990,6801.89533817
1552780800,3990,3991,3936.3,3967.01,3579.86643543
1552867200,3967.01,4015.7,3937.69,3970.5,5613.64637341
1552953600,3969.68,4009.61,3952.08,4000.85,5889.02569989
1553040000,4000.85,4044.82,3965.43,4031.85,7321.39290672
1553126400,4032.68,4056.33,3915.14,3972.76,9362.01127686
1553212800,3972.76,3998.01,3961.7,3983.78,5137.20746387
1553299200,3983.77,3997.01,3960.25,3983.43,4145.33997822
1553385600,3982.45,3982.45,3946,3969.52,2699.83001403
1553472000,3969.52,3976.47,3858,3907.53,6471.85662029
1553558400,3907.54,3923.9,3880.64,3921.45,4279.07361049
1553644800,3922.41,4035.8,3914.9,4026.53,6852.41006794
1553731200,4026.54,4026.54,3994,4011.17,4867.33830466
1553817600,4011.98,4101.5,4007.78,4091.01,9955.46857667
1553904000,4091.01,4131.87,4042.51,4094.14,5262.21344691
1553990400,4094.14,4103,4077.01,4094.99,3140.83701306
1554076800,4095,4149.5,4051.53,4137,7951.26492707
1554163200,4137.01,5121,4132.02,4901.93,38406.93211632
1554249600,4901.92,5345,4787.11,4975.97,39435.72650644
1554336000,4975.13,5071.34,4778,4906.49,16348.20012368
1554422400,4907.92,5066.59,4887.34,5040.66,11681.37430365
1554508800,5040.95,5244.04,4925,5049.22,12091.44129438
1554595200,5049.18,5270.33,5029.7,5194.79,10156.6009031
1554681600,5194.76,5352.5,5132.28,5285.54,15666.45276154
1554768000,5286.82,5287,5145,5187.21,9741.06958958
1554854400,5187.21,5488,5164.49,5318.58,16740.40012691
1554940800,5322.02,5342.74,4967.24,5041.3,16499.10831947
1555027200,5040.11,5118.56,4901.99,5078.19,9952.12636385
1555113600,5078.19,5123.28,5036.74,5066.22,4288.93959827
1555200000,5065.02,5191.19,5013.81,5164.27,4408.9676634
1555286400,5163.81,5193.01,4945.54,5029.99,10155.67146076
1555372800,5029.99,5229.97,5016.45,5202.9,8624.24494496
1555459200,5201.21,5272.32,5173.11,5227,7415.7258123
1555545600,5227,5318.18,5222.26,5281.81,8234.19965894
1555632000,5280.5,5359.47,5196.7,5290.36,6330.55080825
1555718400,5290.37,5359.98,5260.24,5319.89,4905.68285834
1555804800,5319.9,5349.16,5213.34,5297.64,5748.50732462
1555891200,5297.64,5440.84,5250.45,5387.6,12286.70533914
1555977600,5387.6,5650.01,5361.01,5532.75,18208.5965253
1556064000,5532.75,5624.47,5374,5441.9,15137.83284352
1556150400,5440.59,5512.12,4963,5134.81,18152.86625521
1556236800,5134.82,5295.03,5041.14,5159.51,14423.59230926
1556323200,5159.5,5221.24,5117.46,5170.6,4268.747635
1556409600,5171.9,5214.5,5101,5155,4913.46465612
1556496000,5155,5189.54,5072.01,5148.25,7338.23455569
1556582400,5148.25,5285,5126.25,5270.69,7270.79721224
1556668800,5270.68,5358.39,5265.61,5321.15,7327.28530895
1556755200,5321.15,5422.99,5306.09,5390.01,7324.97455784
1556841600,5390,5796.93,5363,5657.4,19730.73219167
1556928000,5657.41,5846.88,5512,5770.01,11070.84484696
1557014400,5770.01,5782.22,5627.35,5715.86,5764.75926622
1557100800,5715.86,5753.66,5564.93,5687.9,9144.01872377
1557187200,5687.9,5974.51,5687.9,5748.45,16066.74315422
1557273600,5748.47,5990,5656.26,5948.41,12720.17516002
1557360000,5947,6171.1,5934.49,6153.09,15697.64557254
1557446400,6153.09,6430,6108.81,6343.14,17600.38078264
1557532800,6342.99,7464.13,6342.98,7219.95,37819.24015936
1557619200,7215.02,7581.82,6755,6979.76,41012.54156875
1557705600,6979.24,8195,6864.93,7824.93,47215.37160625
1557792000,7822.88,8350,7621.27,7990.92,39515.75092642
1557878400,7990.92,8308.16,7831.77,8203.32,24928.15679387
1557964800,8203.33,8388,7660.74,7878.96,29391.33326238
1558051200,7881.39,7940.75,6600,7363.69,47374.72004433
1558137600,7363.85,7491.22,7204.42,7262.4,11074.40023056
1558224000,7262.39,8315,7252.58,8200,25170.35141068
1558310400,8194.34,8199.53,7570.31,7999.54,25402.08288327
1558396800,7998.94,8112.99,7805.34,7951.7,14246.43358032
1558483200,7951.69,8044.32,7506.12,7626.48,17522.65516801
1558569600,7622.25,7984.9,7467.1,7881.98,14905.94956167
1558656000,7878.16,8175,7794.73,8001.7,14767.93865471
1558742400,8001.69,8149,7941.25,8063.81,5373.26586404
1558828800,8063.68,8793.97,7881.7,8731.72,19430.80768485
1558915200,8732.34,8947.88,8611.44,8772.29,18163.72218119
1559001600,8772.29,8822.46,8545,8715.36,11990.4786465
1559088000,8715.36,8760.43,8426.09,8662.44,12327.60538948
1559174400,8662.44,9090,7972,8279.69,31707.59661067
1559260800,8279.69,8580,8110,8554.06,16598.9906999
1559347200,8554.06,8618,8452.21,8558.95,7486.03153748
1559433600,8558.8,8834,8550,8736.55,5865.28679631
1559520000,8736.55,8742.48,8030.46,8107.96,16677.69381419
1559606400,8104.95,8104.95,7427,7670.96,30486.58038816
1559692800,7671.07,7932.87,7570,7789.48,13294.21843767
1559779200,7787.36,7874.68,7450,7805,12526.0791548
1559865600,7805,8134.29,7756.79,7998.13,12669.68777089
1559952000,7998.13,8059.99,7786.01,7930.14,5088.51192976
1560038400,7930.14,7960,7508.77,7634.58,7667.4720151
1560124800,7635.05,8097.35,7516.9,8015.69,9866.51844682
1560211200,8015.7,8057.19,7702.83,7918.17,7810.18254388
1560297600,7913.64,8292.43,7817,8176.02,12826.8715595
1560384000,8176.03,8329.99,8048.75,8239.04,8631.6679812
1560470400,8239.04,8738.92,8180.08,8697.46,12739.93242229
1560556800,8697.45,8916.63,8588.7,8860.23,9997.17582098
1560643200,8856.13,9388,8799.7,8975,22620.39051169
1560729600,8975.78,9475,8975.78,9333.14,20653.48868711
1560816000,9333.08,9359.48,8919.72,9078.48,16415.4159215
1560902400,9078.48,9319.5,9035.75,9277.54,9225.45675764
1560988800,9277.55,9599,9210.3,9531.21,12144.51015941
1561075200,9531.21,10245,9531.21,10236.2,24905.11878991
1561161600,10235.59,11215.89,10080,10666.86,38347.96821307
1561248000,10666.87,11284.44,10490,10833.02,17386.65814456
1561334400,10833,11091.97,10550.21,11032.32,15499.05518954
1561420800,11030.8,11788.88,10997,11755.53,25027.55358061
1561507200,11754.25,13868.44,11350,12927.44,82377.604193
1561593600,12927.44,13358.68,10300,11159.29,77275.98772137
1561680000,11159.29,12444.77,10737.87,12360.45,42092.85495596
1561766400,12360.42,12379.99,11318.94,11865.29,28879.34994129
1561852800,11869.84,12200,10650.06,10761.26,28722.48538952
1561939200,10761.26,11210.52,9953,10577.63,39825.95471069
1562025600,10578.23,10925,9651,10829.18,43614.89365309
1562112000,10829.19,12014.6,10829.19,11976.42,38216.68004129
1562198400,11976.01,12064.26,11035.01,11136,22601.37480257
1562284800,11137.87,11449.51,10761.8,11004.51,20737.37976413
1562371200,10994.99,11723.6,10980.09,11237.77,15612.77821957
1562457600,11237.77,11620,11084.31,11474.42,11293.22901394
1562544000,11474.44,12395,11328.01,12293.53,20423.56124492
1562630400,12293.39,12829.96,12105.32,12571.11,27431.42201721
1562716800,12572.12,13202.63,11553.21,12097.96,41379.8431996
1562803200,12097.48,12097.93,10933,11349,37301.32072503
1562889600,11348.56,11950,11079.59,11802,18541.25295757
1562976000,11797.53,11845,10814.4,11370.08,18417.60494114
1563062400,11370.06,11467.27,10084.4,10185.03,25829.61014172
1563148800,10190.91,11080.01,9857.27,10854.47,34137.37304062
1563235200,10856.41,11040,9350,9422.72,43610.3814887
1563321600,9429.8,9998,9071,9696.31,35319.410925
1563408000,9696.39,10799,9291,10649.07,33044.50123646
1563494400,10652.76,10777.21,10111,10538.06,19729.47932166
1563580800,10536.92,11112.31,10360.65,10761.03,18390.4921253
1563667200,10761.03,10835,10320,10590.7,11939.86553507
1563753600,10590.71,10688.14,10060,10323.39,15798.9279419
1563840000,10324.13,10324.28,9800.23,9840.12,18060.8898857
1563926400,9848.9,9919.08,9507.38,9772.6,18264.50732336
1564012800,9772.59,10184.99,9734.58,9883.33,13297.26756531
1564099200,9880.86,9898.03,9657.21,9843,10732.61028519
1564185600,9843,10248.41,9292,9479.98,18982.08417104
1564272000,9469.37,9669.11,9108.88,9533,10054.74987437
1564358400,9533,9729.87,9356.75,9495.01,10565.16661892
1564444800,9499.21,9839.83,9371.96,9589.01,9411.16267094
1564531200,9589.01,10135.12,9570.01,10087.3,12849.73773412
1564617600,10089.97,10497,9881,10405.94,14432.5695627
1564704000,10404.41,10670,10321.42,10533.01,13217.84401203
1564790400,10533.62,10922.08,10500,10820.76,10082.35714313
1564876800,10822.09,11089.74,10572,10977.51,11813.6738868
1564963200,10977.98,11950,10977.98,11819.49,23345.19630495
1565049600,11811.75,12320.4,11187,11465.49,24773.04936684
1565136000,11465.49,12147,11366.26,11975.03,22145.48730119
1565222400,11983.41,12050,11451,11981,14887.10999049
1565308800,11982.39,12040,11651.89,11856.1,11774.51896894
1565395200,11860.62,11969.99,11170,11280.95,13852.24742434
1565481600,11280.95,11585,11088.88,11540.76,7329.58936485
1565568000,11540.76,11555.55,11222.4,11389.28,6095.28181493
1565654400,11389.25,11438.39,10746,10854.92,12500.34295603
1565740800,10854.92,10859.97,9888.88,10025.86,24889.57722872
1565827200,10021.13,10445,9470,10300.01,27939.82663467
1565913600,10300.01,10539.9,9739.99,10352.78,19532.59596641
1566000000,10352.78,10475.82,9978,10217.79,7307.99789432
1566086400,10217.99,10513.45,10066.66,10315.48,6794.78437545
1566172800,10315.48,10938.76,10265,10920,12220.3862029
1566259200,10917.94,10953,10555.7,10769.09,8820.93622259
1566345600,10768.49,10800,9841.59,10130,17445.28744509
1566432000,10133.34,10237.53,9759,10107.15,10912.33836991
1566518400,10105.61,10478,10035.84,10410.85,9413.53218337
1566604800,10413.45,10429,9886.26,10147.96,7987.20795651
1566691200,10148,10374.85,9899.95,10138.72,7288.06423633
1566777600,10142,10680,10140.9,10361.65,14125.38101325
1566864000,10361.65,10379.87,10019.56,10171.85,7514.28766499
1566950400,10171.95,10277,9522.93,9714.31,17637.06892056
1567036800,9714.01,9717.03,9321.73,9495,14421.69716916
1567123200,9494.8,9699,9337.97,9582.42,8734.15084369
1567209600,9582.42,9707.48,9436.2,9600.86,4057.20202851
1567296000,9600.86,9840,9539.58,9766.52,4200.85038239
1567382400,9766.62,10486.77,9756.54,10381.26,11794.06048881
1567468800,10381.26,10790,10280,10628.48,15518.02066249
1567555200,10628.48,10833.14,10380,10581.84,12180.82546922
1567641600,10581.84,10666.43,10452.15,10574.73,7432.47882878
1567728000,10574.28,10939.34,10182,10308.92,15732.60470722
1567814400,10308.9,10580,10304.52,10484.37,4381.36082048
1567900800,10484.37,10595,10231.13,10398.97,4915.56585169
1567987200,10401.13,10541.75,10059.99,10310,9745.07271844
1568073600,10310.01,10389.26,9916,10093.01,8098.57574372
1568160000,10093,10297.12,9851.97,10160.2,8374.04003496
1568246400,10158.81,10460,10040,10423.72,7625.24967791
1568332800,10423.85,10452.5,10157,10365.93,6909.03483326
1568419200,10365.94,10439,10223.36,10360.25,4470.31545378
1568505600,10360.01,10380,10263.39,10304.46,2745.26528355
1568592000,10303.66,10379.98,10068.42,10262.54,7785.7271484
1568678400,10262.54,10276.18,10135.44,10185.39,5716.08222324
1568764800,10185.42,10258,10074.08,10155.26,5627.58140023
1568851200,10156.22,10379.15,9585.86,10275.01,15625.02434239
1568937600,10275.01,10309.84,10056.3,10168.85,6183.91792313
1569024000,10168.85,10170.15,9917.34,9973.99,5043.0795144
1569110400,9973.99,10097,9848.37,10026.8,5276.95241027
1569196800,10026.79,10051.15,9609.37,9693.74,11355.88878537
1569283200,9693.74,9777.16,8159.35,8530.01,38736.2261491
1569369600,8530.01,8743.86,8222.01,8438.35,23524.43263014
1569456000,8438.35,8464.08,7712.45,8060,27664.78945578
1569542400,8060,8290,7861.02,8193.99,15914.66412076
1569628800,8193.99,8343,8015.25,8217.47,9039.55200543
1569715200,8217.47,8246.87,7902.96,8052.4,7142.36916333
1569801600,8054.09,8393.23,7701,8304.96,15142.61949966
1569888000,8304.95,8535,8200,8321.52,12266.35796784
1569974400,8321.87,8391,8168.85,8381.72,7016.97195206
1570060800,8381.72,8419.95,8059.22,8240.41,7778.11842343
1570147200,8241.27,8241.35,8002.21,8156.67,7715.28010237
1570233600,8156.68,8200,8020.2,8147.63,3826.82870697
1570320000,8147.63,8176.18,7780.85,7859.79,8697.93975986
1570406400,7859.79,8310.57,7762.35,8209,10012.00725014
1570492800,8208.99,8342.97,8107.26,8180,5857.54021433
1570579200,8180,8712.45,8121,8590,14459.7776891
1570665600,8590.01,8660,8452.5,8587.5,7908.66988763
1570752000,8587.49,8826,8226,8267.33,12446.84471206
1570838400,8263.02,8425,8261.46,8309.03,3046.40450951
1570924800,8309.03,8469.02,8146.47,8282.97,5858.03981575
1571011200,8282.96,8409,8215.66,8355,4462.4931302
1571097600,8355,8420,8085.65,8162.44,8558.56827956
1571184000,8162.44,8171.59,7908.86,7993.54,8489.99546525
1571270400,7995.81,8124.42,7937.01,8076.2,4909.27039643
1571356800,8076.94,8117.77,7814.08,7954.16,7071.35598576
1571443200,7954.15,8099.98,7873.46,7965.28,4839.48919554
1571529600,7965.27,8309,7875.01,8236.12,6162.04807515
1571616000,8235.94,8349.84,8156,8209.92,6137.13312184
1571702400,8209.92,8317.14,7998.9,8024.72,6015.86741941
1571788800,8024,8049,7296.44,7474.85,19159.93039884
1571875200,7475.54,7509.99,7359.48,7430.87,7972.6408295
1571961600,7430.87,8800.1,7389.91,8668,27140.20895781
1572048000,8668,10540.49,8645.01,9259.78,53383.40194086
1572134400,9259.98,9826.72,9102.33,9548.84,19636.4291242
1572220800,9555.89,9939.69,9180.59,9226.5,16736.97258328
1572307200,9225.06,9575,9068.19,9430.8,12640.19748534
1572393600,9431.36,9431.36,8991.33,9164.44,9862.67699421
1572480000,9164.45,9433,8950,9159.48,8326.9619179
1572566400,9159.96,9299.99,9057.27,9253.12,7774.27145408
1572652800,9253.09,9393,9210,9308.52,4559.26538837
1572739200,9308.52,9380,9068.3,9206.52,4294.50041401
1572825600,9206.52,9600,9127,9412.53,8361.9587774
1572912000,9412.63,9474.89,9169.84,9322.09,7581.21667266
1572998400,9322.09,9450,9253.66,9341.27,6829.68611819
1573084800,9341.27,9375.16,9075,9198.84,5989.36091519
1573171200,9198.85,9246,8660,8763.01,12876.55531942
1573257600,8763.01,8873.48,8712.52,8807.89,4175.00938447
1573344000,8807.89,9150,8731.43,9032.23,6070.46798596
1573430400,9032.23,9067.34,8590,8721.54,7049.92853839
1573516800,8721.53,8870,8556.56,8810,6272.86259557
1573603200,8811,8838.8,8705,8758.34,4486.2787504
1573689600,8758.34,8784.61,8558.01,8630,5607.47902352
1573776000,8630.01,8773.22,8361,8457.48,10940.91541078
1573862400,8457.48,8531.03,8423,8481,2712.33956982
1573948800,8481,8637.01,8371.02,8500.01,3754.24485434
1574035200,8501,8501.01,8015,8168.84,9864.11956342
1574121600,8168.84,8197.82,7980.07,8123.36,7360.99550259
1574208000,8123.36,8222.41,8030.05,8082.96,5296.45566165
1574294400,8082.97,8114.97,7374.5,7616.46,16947.0184322
1574380800,7616.48,7720,6775.47,7283.03,33676.50950942
1574467200,7283.19,7361.41,7102.21,7329.29,7728.4239895
1574553600,7329.29,7344,6865,6908.64,10695.00788503
1574640000,6908.64,7379.99,6526,7127.01,27124.48255363
1574726400,7127.01,7340.59,7021.84,7162.67,11857.43287032
1574812800,7162.67,7678.76,6850,7523.72,19213.98364601
1574899200,7524.73,7660.82,7370.62,7432.41,8646.63700515
1574985600,7432.41,7870.1,7411,7760,10862.78844038
1575072000,7759.99,7820,7453,7555.92,6130.42566398
1575158400,7555.92,7555.92,7237.16,7404.27,8692.58780339
1575244800,7405.33,7430,7157.33,7305.01,7029.95625983
1575331200,7305.01,7412.85,7237.26,7302.94,6169.03965176
1575417600,7302.94,7775,7080,7198.99,16490.16548626
1575504000,7199,7489.87,7152.78,7393.54,9248.37658376
1575590400,7393.55,7609.5,7305.75,7540.08,9346.34006931
1575676800,7541.76,7643,7487,7502.19,4876.33856339
1575763200,7502.2,7580.84,7387.5,7520,4243.5281669
1575849600,7520,7659.38,7262.87,7337.51,10252.89331517
1575936000,7337.51,7398,7156.03,7219.37,7187.10559074
1576022400,7219.37,7263.31,7124.45,7201.23,5951.55939387
1576108800,7201.24,7298.5,7075.01,7185.91,8578.07225074
1576195200,7185.91,7299.21,7183.29,7249.9,6119.05346128
1576281600,7249.9,7264.33,7008.03,7062.91,4334.04050458
1576368000,7062.92,7220.01,7006.01,7111,4905.19442136
1576454400,7111,7137,6803.24,6877.03,13170.13695005
1576540800,6877.04,6933.21,6556,6616.62,14047.39777918
1576627200,6616.62,7448.24,6430,7285.53,23097.53223695
1576713600,7288.05,7371.7,7044.45,7149.12,10503.10731585
1576800000,7149.13,7220,7073.66,7190,6020.22689987
1576886400,7190,7190,7099.57,7143.01,3423.26190789
1576972800,7143.01,7521.55,7125,7513.06,10202.17603024
1577059200,7514.74,7688.99,7259.19,7310.79,15139.33988185
1577145600,7310.79,7426.15,7151.08,7255.01,7797.31351736
1577232000,7255.01,7265.12,7115.5,7192.12,3299.65944044
1577318400,7192.12,7432.1,7140,7194.13,7669.0329008
1577404800,7194.13,7254,7053.32,7245.83,8492.97603648
1577491200,7245.83,7346,7232.55,7302.67,4621.76136294
1577577600,7302.67,7531,7278.07,7384.89,6557.31229484
1577664000,7384.57,7386.28,7200,7218,7347.22088262
1577750400,7218.01,7298.67,7111,7165.72,6755.96883486
1577836800,7165.72,7238.14,7136.05,7174.33,3350.63004888
1577923200,7174.33,7186.18,6903,6945.02,8010.92738748
1578009600,6945.02,7401.2,6854.67,7334.45,14056.39238489
1578096000,7334.45,7398,7263.32,7348.63,4742.46620989
1578182400,7348.63,7488.87,7312.22,7355.4,5942.01494574
1578268800,7355.4,7805,7343.17,7764.63,11770.42968139
1578355200,7764.63,8216,7723,8158.52,19857.45754518
1578441600,8160.01,8469.39,7845,8045.51,23927.67532995
1578528000,8047.75,8048.67,7744.48,7813.78,9477.65983784
1578614400,7813.78,8199.77,7671,8198.09,13419.69851238
1578700800,8198.09,8290,8000.01,8020,7557.36879269
1578787200,8017.47,8185,7963.25,8180.81,3920.74009838
1578873600,8180.81,8195.81,8041.95,8104.5,6678.02840315
1578960000,8105.6,8893.69,8105.23,8815.69,27075.8082207
1579046400,8812.58,8900,8550,8808.81,14977.61979023
1579132800,8808.81,8850,8580,8714.76,9265.76423506
1579219200,8714.77,9013,8665.67,8899.42,15447.36512517
1579305600,8899.42,8980,8800.1,8909.32,5600.21827844
1579392000,8908.95,9194.99,8465,8697.53,15218.51476182
1579478400,8697.53,8734.84,8504.06,8628.89,5605.80561385
1579564800,8628.89,8774.31,8465,8722.03,7520.65103045
1579651200,8722.03,8791.76,8565,8660.38,5481.36960818
1579737600,8660.38,8665,8278,8385.22,12206.24491133
1579824000,8385.21,8509.99,8216.71,8427.26,8634.96792308
1579910400,8427.58,8437.76,8252.73,8326.81,3783.20831697
1579996800,8326.8,8595,8278.68,8595,5497.32293973
1580083200,8595,8985,8556.6,8895.96,9548.60475006
1580169600,8895.95,9418.91,8880.87,9394.5,17578.54006083
1580256000,9391.14,9439.83,9224.75,9288.44,12233.05063864
1580342400,9287.9,9574.68,9171.11,9503.08,12948.39766745
1580428800,9502.71,9522.5,9195.49,9334.98,9719.06131452
1580515200,9334.98,9458.08,9285.01,9380.18,4387.41986202
1580601600,9380.18,9480,9140,9323.5,7307.92291459
1580688000,9325.01,9619.95,9220,9280.49,11910.28572971
1580774400,9280.49,9350,9078.05,9164.33,8190.74898707
1580860800,9164.33,9769.7,9150,9613.82,13267.06193659
1580947200,9613.91,9857,9521.47,9763.01,12672.13678163
1581033600,9763.01,9885,9713.99,9808.05,8516.62840515
1581120000,9807.92,9955,9653.47,9905.64,8100.97112281
1581206400,9905.64,10178.91,9888.76,10168.35,9649.74938704
1581292800,10168.36,10199,9736,9851.78,13249.58715176
1581379200,9851.78,10400,9706,10270.01,16722.06581913
1581465600,10270.01,10483.86,10250,10351.13,13740.9848527
1581552000,10351.13,10522.51,10083.1,10236.49,17101.28534969
1581638400,10236.49,10395.66,10102.5,10371.33,8026.49620683
1581724800,10371.33,10400,9750,9911.22,12323.28859704
1581811200,9911.22,10048.34,9612.12,9921,9430.32887897
1581897600,9920.52,9969.38,9467,9700,10144.62802455
1581984000,9700,10298.25,9610.27,10188.04,11606.56132767
1582070400,10188.04,10315,9280.98,9600.08,16637.05014888
1582156800,9593.48,9698.1,9393.39,9610.05,12382.01006133
1582243200,9610.05,9769.66,9566.98,9695.66,7073.36617743
1582329600,9695.66,9722.97,9575.01,9668.23,3301.24362823
1582416000,9668.23,10025.66,9667.13,9965.01,5631.93728472
1582502400,9965,10030,9474.74,9660,11274.83220813
1582588800,9660,9681.56,9230,9305,9370.80406077
1582675200,9304.99,9375.36,8602,8778.3,21610.46289952
1582761600,8778.3,8972.92,8520,8812.49,14781.02020263
1582848000,8814.9,8899.94,8428.8,8708.89,13643.28590301
1582934400,8708.61,8799,8520.67,8525.07,5142.70830477
1583020800,8523.33,8752.34,8400,8522.31,7353.13960471
1583107200,8522.3,8973.45,8487.33,8915,10216.69254477
1583193600,8919.21,8927.45,8635.31,8757.84,9152.7069265
1583280000,8757.83,8847,8670.57,8760.66,5688.58509691
1583366400,8759.99,9174.24,8759.99,9070.17,10073.31421239
1583452800,9070.18,9182.08,9000.01,9158.51,6422.12885254
1583539200,9158.51,9214.67,8850.47,8901.37,6478.25334502
1583625600,8901.36,8901.37,8002.2,8037.76,16591.91410216
1583712000,8037.73,8187.03,7630,7934.52,25563.61417462
1583798400,7934.56,8158.25,7733.56,7894.68,17172.47130109
1583884800,7894.68,7987.97,7583.27,7938.05,13647.86513876
1583971200,7938.05,7969.45,4644,4857.1,113902.20332904
1584057600,4857.1,5995,3858,5637.6,130316.64684438
1584144000,5630.93,5669,5050,5165.25,32760.12278053
1584230400,5161.16,5985,5085.91,5345.35,43763.76236813
1584316800,5346.86,5350.3,4432.3,5037.61,80184.03685247
1584403200,5039.95,5569.44,4935.6,5331.71,44347.15487325
1584489600,5331.71,5452.82,5001,5413.64,37513.03523454
1584576000,5413.88,6441.37,5261.69,6186.26,54666.67461085
1584662400,6183.82,6990,5657,6206.1,53024.40103701
1584748800,6210.47,6470,5851,6198.78,23514.96653599
1584835200,6198.64,6420,5738,5818.25,28089.48698286
1584921600,5815.24,6641.03,5678.2,6490.63,42437.97070062
1585008000,6493.58,6866.1,6403.16,6766.64,40618.19870698
1585094400,6766,6983.31,6470,6690.96,31266.36827545
1585180800,6691.71,6795,6520.13,6758.18,17456.11705058
1585267200,6760,6880,6260,6372.36,20458.24402051
1585353600,6372.36,6372.36,6030,6251.82,20353.8748456
1585440000,6251.45,6279.96,5870.46,5877.21,16111.23637843
1585526400,5878.98,6631.23,5853,6406.4,23659.80264153
1585612800,6406.4,6524.79,6333.91,6424.35,11939.0253308
1585699200,6424.02,6744.99,6160,6666.11,17900.2508585
1585785600,6666.11,7292.11,6570.92,6804.52,28761.00804113
1585872000,6804.24,7050,6606.06,6741.99,14953.17963657
1585958400,6741.99,7025.53,6658.16,6874.77,10217.67907796
1586044800,6874.77,6925,6681,6778.25,8962.91059819
1586131200,6778.64,7373.37,6773.28,7341.56,27992.01318781
1586217600,7341.55,7466,7073,7200.01,22743.06622044
1586304000,7200.01,7430,7154.22,7370.11,15429.12191833
1586390400,7370.38,7377,7110,7293.24,12369.84267516
1586476800,7293.23,7305.91,6750,6871.91,19671.19020798
1586563200,6871.83,6955,6775,6889.65,8066.07536876
1586649600,6889.78,7200,6787.44,6908.13,12733.98839119
1586736000,6908.12,6908.13,6555,6861.21,22323.76661709
1586822400,6860.51,6997.38,6771.41,6877.37,12868.6061641
1586908800,6876.92,6940,6605.89,6624.12,14753.81361034
1586995200,6623.62,7217.27,6456,7112.64,28117.55707545
1587081600,7114.76,7156.66,7000,7037.46,13514.57644149
1587168000,7036.45,7308,7021,7261.76,11510.52116868
1587254400,7262.04,7275,7063.02,7130.71,8887.88875146
1587340800,7130.7,7227.11,6748.72,6838.19,18396.60555727
1587427200,6837.22,6959,6776,6853.68,14467.84248756
1587513600,6853.67,7167.37,6826,7136.84,13141.14072302
1587600000,7136.81,7775,7031.14,7488.83,22759.36481812
1587686400,7491.5,7612.24,7390,7514.64,13764.56695369
1587772800,7514.99,7720,7437.94,7547.61,7443.79619621
1587859200,7547.61,7715,7490,7706.4,9292.64077746
1587945600,7706.4,7810.99,7635.69,7789.77,15455.7361195
1588032000,7789.77,7794.74,7672,7755.01,10984.76643504
1588118400,7757.18,8988,7720,8793.75,48689.75030108
1588204800,8794.99,9478.66,8407,8624.28,44843.9646793
1588291200,8624.68,9075.98,8622.72,8829.42,21660.21988892
1588377600,8829.42,9025,8762.01,8985.58,10539.26528999
1588464000,8984.69,9203.52,8731.01,8909.95,17147.65372312
1588550400,8907.85,8970,8533.98,8883.53,18380.62654424
1588636800,8887.81,9126.27,8769.69,9028.79,16392.29936609
1588723200,9028.78,9418,8922.13,9155.79,27650.87868274
1588809600,9155.79,10079,9028.89,10004.77,39447.57511824
1588896000,10000.37,10049,9730,9810,26363.71688893
1588982400,9810.01,9920.73,9521,9537.21,17931.1748552
1589068800,9537.21,9559.98,8106.7,8729.86,50909.84429757
1589155200,8729.86,9182.66,8185,8572.4,39999.37731433
1589241600,8572.4,8982.9,8534.85,8821.42,20219.23699186
1589328000,8821.41,9420.18,8803.97,9321.26,21357.63022841
1589414400,9320.85,9943.93,9257.15,9795.34,28752.36041568
1589500800,9795.34,9849,9120,9312.1,25180.97967322
1589587200,9312.1,9594.99,9215.01,9383.16,10782.32773503
1589673600,9380.01,9896,9325.81,9676.63,13540.66294076
1589760000,9677.45,9957.25,9436.97,9728.52,17710.29958398
1589846400,9728.52,9898,9463.22,9783.76,15229.62610784
1589932800,9783.57,9836.99,9294.54,9509.41,16895.54925055
1590019200,9509.4,9568,8800,9061.96,28081.22890941
1590105600,9059.32,9267.34,8923.5,9168.84,13731.91887098
1590192000,9168.84,9313.83,9090.11,9181.76,6878.84791748
1590278400,9181.09,9306.23,8680.7,8715.73,13004.34567862
1590364800,8715.69,8977,8632.93,8899.31,12328.24203695
1590451200,8900,9016.99,8694.23,8844.42,11507.43097855
1590537600,8844.41,9230,8811.46,9208.53,10936.67835282
1590624000,9208.53,9625,9112,9580.19,14511.07649252
1590710400,9580.01,9609.02,9330.01,9423.84,10415.42644355
1590796800,9423.85,9764,9326.43,9700.33,10509.69814742
1590883200,9700.32,9705.6,9369.58,9446.57,7944.71669301
1590969600,9445.83,10428,9417.42,10208.96,21676.60828748
1591056000,10208.96,10237.6,9270,9522.46,33220.58268645
1591142400,9521.53,9695,9385.22,9668.07,11446.72193696
1591228800,9668.06,9888,9450,9788.03,12441.27298837
1591315200,9791.96,9855,9585.44,9613.21,12495.89785858
1591401600,9613.42,9735.13,9526.03,9671.7,6501.31731671
1591488000,9670.28,9822,9370,9750.12,11628.94527829
1591574400,9750.12,9815,9632.79,9781.51,8533.83614916
1591660800,9781.51,9886,9567.33,9779.41,10329.87714811
1591747200,9779.7,10018.67,9690,9894.04,12965.42597405
1591833600,9894.35,9973.25,9050,9268.16,26779.8793933
1591920000,9268.16,9552.87,9227,9464.17,10992.51647836
1592006400,9464.71,9494.45,9346,9475,4581.79206303
1592092800,9475,9481,9240,9325,4829.79726322
1592179200,9328.63,9499,8895.01,9432.53,18589.28586581
1592265600,9432.57,9592.04,9381,9526.25,10345.29526997
1592352000,9526.25,9558.48,9227.03,9457.51,8937.92623229
1592438400,9457.51,9482.66,9267.18,9376.14,6300.5664912
1592524800,9376.14,9430,9229,9301.91,7871.9637482
1592611200,9300.42,9391.71,9161,9355.74,6900.60934146
1592697600,9355.74,9419.35,9273,9286.14,3088.66849893
1592784000,9286.14,9792,9267.58,9690.74,11775.73858785
1592870400,9690.67,9724.53,9572.22,9623.56,7946.97355694
1592956800,9623.56,9663.38,9195,9285.91,13410.75869027
1593043200,9285.94,9335,8979.07,9243.51,13529.05626726
1593129600,9242.98,9291.73,9027.62,9155.42,10702.37319002
1593216000,9155.42,9188.14,8815.01,9002.46,8507.26840968
1593302400,9002.38,9189,8931.77,9113.24,5537.7575057
1593388800,9113.23,9236.75,9014,9184.45,8658.42672493
1593475200,9188.79,9201,9059.6,9136.2,6820.86740899
1593561600,9135.91,9297.2,9088,9239.97,7550.15999655
1593648000,9239.41,9265,8938,9091.53,10774.18558946
1593734400,9091.98,9126.12,9036.74,9063.87,7738.46972112
1593820800,9059.73,9195.84,9039.84,9138.51,5300.78823324
1593907200,9138.51,9145,8905.84,9074.39,4601.32645918
1593993600,9074.37,9375.9,9061.59,9343.31,9959.28200198
1594080000,9343.31,9379.34,9201.57,9253.94,6326.83865418
1594166400,9253.94,9475,9232.2,9435.28,10135.31536748
1594252800,9435.28,9446.62,9154.79,9236.95,8450.14110132
1594339200,9236.95,9322.23,9118,9291.05,6892.47061091
1594425600,9291.04,9303.04,9182.35,9235,3369.21728725
1594512000,9235,9347.53,9159.33,9303.37,5419.21357745
1594598400,9303.38,9339.61,9193.52,9236.92,8698.43618823
1594684800,9236.91,9280,9100,9256.94,7497.56309216
1594771200,9256.94,9273.98,9154.01,9190.16,7196.32866271
1594857600,9190.8,9216.02,9005,9130.11,8765.69858912
1594944000,9130.93,9182.99,9054.99,9154.29,6423.74716202
1595030400,9154.29,9210,9122.65,9175.85,4121.62697417
1595116800,9175.83,9245.03,9105.37,9212.87,3520.07247613
1595203200,9214.01,9223.51,9131,9161.05,5815.33084221
1595289600,9161.05,9438,9157.04,9394.14,9603.9151125
1595376000,9394.14,9567.77,9277,9536.18,10362.35264843
1595462400,9536.2,9686,9450.04,9613.24,12992.9719195
1595548800,9613.24,9645.55,9475.7,9551.21,9798.89346586
1595635200,9551.21,9747.76,9536.64,9711.33,6973.11089437
1595721600,9711.79,10150,9661.35,9941,11615.0460936
1595808000,9941,11420,9935,11048.91,41850.57309953
1595894400,11048.05,11259,10575,10934.23,26011.37513947
1595980800,10934.22,11350,10843.47,11110.12,18556.27794282
1596067200,11108.16,11188.65,10811,11115.95,12408.70410754
1596153600,11115.99,11460,10975,11351.62,15747.02174952
1596240000,11351.61,11888,11237.82,11810.07,18293.12524307
1596326400,11810.07,12134.29,10546.15,11068.54,28118.42911355
1596412800,11067.46,11486.6,10911.74,11233.13,13783.34037417
1596499200,11233.16,11417.11,11006.16,11197.04,12074.47851394
1596585600,11197.05,11798.87,11073.7,11756.75,16637.78082145
1596672000,11756.75,11916.68,11580.19,11773.89,18053.08146864
1596758400,11773.89,11920,11350,11606.52,23761.51075422
1596844800,11606.52,11818.18,11529.45,11774.98,7315.88456116
1596931200,11773.24,11810.24,11532.04,11688.48,7595.96106535
1597017600,11688.25,12086.22,11470.01,11899.73,22152.58893673
1597104000,11899.87,11943,11120,11388.53,20706.60991744
1597190400,11388.88,11625,11148.54,11566.45,12809.98917913
1597276800,11566.44,11802.09,11274.14,11795.95,15369.40392513
1597363200,11795.95,11865.97,11651.24,11779,13797.82000137
1597449600,11777.5,11989.98,11688,11859.24,12567.03859346
1597536000,11860.02,11940,11686.53,11918.84,8911.25397878
1597622400,11918.84,12486.61,11775,12304.26,23814.66050181
1597708800,12303.98,12400,11825,11950,18628.91287504
1597795200,11954.22,12024.83,11569,11758.87,16646.31489492
1597881600,11758.87,11892.16,11671.48,11864.26,8801.17750309
1597968000,11864.26,11884.99,11480,11529.22,14865.37875873
1598054400,11529.99,11693.16,11370,11672.93,7946.02465327
1598140800,11672.92,11715,11525.62,11650.01,5516.17048181
1598227200,11650.01,11823.62,11592.91,11753.85,7253.01922609
1598313600,11753.26,11769.76,11102.73,11324.92,14348.63533296
1598400000,11324.92,11539.99,11254.89,11463.27,9124.5541845
1598486400,11463.27,11597.92,11125,11330.06,13517.39421459
1598572800,11330.56,11550.51,11282.09,11535,10373.89590327
1598659200,11535,11580,11422.21,11474.31,5417.54146196
1598745600,11474.3,11720,11463.87,11716.01,5594.22582376
1598832000,11716,11784.66,11576,11655,9123.59353747
1598918400,11655,12086,11525.09,11924.22,16057.64432384
1599004800,11924.22,11950,11160,11395.48,19721.44316904
1599091200,11395.49,11474.99,10005,10172.52,30364.24398441
1599177600,10172.13,10638.34,9895.22,10500.05,23366.46467779
1599264000,10500.05,10564.8,9813,10168.36,22450.75807716
1599350400,10169.58,10358.88,10000,10257.86,9516.19303239
1599436800,10258.67,10410.9,9880,10375,11996.92866276
1599523200,10375,10440.91,9819.83,10125.69,15768.31017626
1599609600,10126.41,10349.99,9983.34,10224.56,9645.50409232
1599696000,10224.56,10489,10216.41,10343.23,11237.01908035
1599782400,10344.24,10411.44,10200,10394.41,7200.29156246
1599868800,10394.41,10483.23,10276.19,10446.52,6495.30033616
1599955200,10446.52,10582.36,10211,10336.76,10442.19360563
1600041600,10336.76,10760.62,10253,10679.95,13532.95018331
1600128000,10678.41,10950,10613.18,10783.75,12634.3292873
1600214400,10783.36,11099.95,10662.02,10959.61,11003.70130082
1600300800,10957.06,11044,10735.55,10943.61,8885.4490645
1600387200,10943.99,11039.88,10813,10937.52,8660.059472
1600473600,10937.5,11179.9,10891.78,11080,5718.02211829
1600560000,11081.09,11081.37,10759.37,10920.89,6003.78509052
1600646400,10920.94,10994,10180,10416.82,15004.71121349
1600732800,10416.83,10576.82,10355,10531.13,7904.25642443
1600819200,10531.13,10541.25,10135.22,10235.1,8893.24233647
1600905600,10237.41,10795.87,10192.56,10740.01,9678.39349807
1600992000,10740,10765.07,10551,10690.53,9690.62760986
1601078400,10690.53,10828,10654.58,10730,3783.39739972
1601164800,10730,10806.32,10595.24,10778.2,3880.03686062
1601251200,10779,10956.11,10621.22,10695.55,8876.06156838
1601337600,10694.9,10860.79,10636.13,10840.73,8200.78265336
1601424000,10839.98,10847,10657.04,10779.63,6318.52943807
1601510400,10779.63,10931.98,10427.75,10617.63,12848.73637335
1601596800,10616.35,10668.56,10363.76,10573.12,10263.48290265
1601683200,10573.12,10606.36,10498.02,10551.65,3211.70459291
1601769600,10550.32,10697,10521.87,10671.11,3569.25620166
1601856000,10670.01,10800,10621.12,10795,6081.38701926
1601942400,10796.97,10800,10524,10602.66,7596.36372031
1602028800,10601.2,10683.75,10546.78,10670.47,6108.04255109
1602115200,10670.47,10963.16,10532.11,10933.09,11301.25106194
1602201600,10932.44,11111.11,10834.49,11057.07,10098.3991552
1602288000,11057.07,11498.98,11055.75,11299.5,9312.75916488
1602374400,11299.52,11444.25,11276.28,11374.01,5163.46475688
1602460800,11374.01,11736.02,11187.6,11535.46,11056.91558046
1602547200,11535.46,11561.45,11312.59,11428.22,8639.21277154
1602633600,11428.22,11556.37,11290.83,11427.7,7078.70152873
1602720000,11427.7,11641.38,11263.15,11509.34,8538.52039637
1602806400,11509.31,11550.01,11201,11328.95,9505.26615373
1602892800,11328.27,11421,11264.75,11367.89,3586.1455215
1602979200,11367.9,11523,11350.37,11514.2,4352.09499051
1603065600,11514.2,11833,11416.04,11760.45,10313.23447344
1603152000,11760.45,12050,11685,11923.83,13840.02481291
1603238400,11923.07,13250.04,11900.01,12808,32404.63293167
1603324800,12808.01,13200,12698.02,12987.02,20337.78966446
1603411200,12988.2,13037,12722.72,12937.09,10450.87207186
1603497600,12938,13175,12884.31,13126.24,7915.34663475
1603584000,13126.34,13361,12890.76,13045,9276.17719938
1603670400,13045.02,13250,12785,13068.79,12275.35826032
1603756800,13068.79,13793.72,13061.28,13698.18,17267.43967837
1603843200,13740.85,13863.87,12891.57,13281.05,21073.3766776
1603929600,13281.06,13650,12976.29,13460,15796.07667651
1604016000,13460,13687.82,13131.31,13571.51,15664.29047538
1604102400,13571.51,14098.92,13424.73,13804.81,12166.30429818
1604188800,13803.69,13906.74,13630.05,13771.59,6252.00619492
1604275200,13771.7,13840,13215,13563.22,12191.83070954
1604361600,13563.22,14081.45,13290,14035.8,13965.78812958
1604448000,14034.35,14273.6,13530.01,14161.48,16894.77786852
1604534400,14165.86,15775,14115,15608.21,31865.97472203
1604620800,15608.06,15977.67,15190.36,15599.95,25150.39252742
1604707200,15599.95,15779.24,14310,14834.09,23552.06912628
1604793600,14834.09,15666,14721.9,15482.9,11856.3281802
1604880000,15482.89,15856.9,14817.14,15342.25,21951.27612698
1604966400,15342.1,15481.06,15090.08,15315.03,13489.67510052
1605052800,15315.46,16000,15293.04,15705.79,15257.35722584
1605139200,15705.79,16370.89,15446.82,16310.81,22153.73849401
1605225600,16310.81,16491.92,15975,16339.56,14593.51518544
1605312000,16339.56,16339.6,15708.24,16082.01,9205.916488
1605398400,16082.01,16175.6,15796.09,15966.89,6250.07966791
1605484800,15970,16892,15879,16726.64,13948.30524238
1605571200,16726.49,17880,16575.42,17679.36,25230.22403641
1605657600,17679.86,18488,17205.02,17782.91,32425.98660226
1605744000,17790.18,18193.29,17356,17821.58,17141.49267548
1605830400,17821.92,18830.3,17764.76,18675.25,17901.931678
1605916800,18677.84,18980,18350,18721.21,13604.27139959
1606003200,18721.21,18773.56,17610.77,18437.66,15423.83816127
1606089600,18437.18,18777.77,18001,18384.82,17655.66362172
1606176000,18384.82,19469,18052.02,19172.84,26623.09452709
1606262400,19172.9,19500,18502,18721.93,20485.39373121
1606348800,18717.24,18915.48,16200,17170,48644.17078197
1606435200,17169.99,17475,16400,17153.95,23333.98429789
1606521600,17155.43,17933.25,16880,17739.85,13157.9519653
1606608000,17736.1,18359,17535.26,18202.04,8932.25029132
1606694400,18202.02,19873.23,18201.47,19713.94,27293.4791942
1606780800,19713.94,19915.14,18109,18782.97,30442.86543674
1606867200,18778.18,19340,18335,19225.63,16227.13637423
1606953600,19222.45,19625.64,18885,19448.64,14648.29683367
1607040000,19446.43,19546.46,18576.05,18658.1,16382.87739223
1607126400,18658.09,19189.98,18501,19158.96,7082.22230272
1607212800,19158.96,19430.25,18878,19375.6,6665.28189472
1607299200,19375.6,19432.57,18901,19177.71,8977.45166263
1607385600,19177.08,19299.51,18200,18316.22,15161.86263318
1607472000,18316.22,18647.33,17639,18546.55,20667.36635634
1607558400,18546.55,18556.42,17905,18253.44,14899.20296937
1607644800,18257.18,18293.08,17580,18042.15,16953.63356031
1607731200,18044.19,18955.34,18023.57,18821.28,8616.1725039
1607817600,18821.28,19421.03,18730,19166.65,10624.20069187
1607904000,19166.65,19349.98,18967.68,19272.37,9102.36972564
1607990400,19272.37,19565,19051.27,19444.6,15345.21212651
1608076800,19443.19,21569.94,19300,21359.65,33350.23500216
1608163200,21360.5,23776.94,21252.01,22826.48,53602.34952384
1608249600,22826.37,23280,22329,23137.76,24829.23581848
1608336000,23138.89,24200,22770,23849.99,20577.66441198
1608422400,23850,24300,23100,23476.51,14963.41787144
1608508800,23476.51,24118.75,21913.84,22729.4,25728.63855953
1608595200,22729.4,23839.78,22380.05,23823.27,18597.6512303
1608681600,23824.13,24090,22600,23228.35,23412.12172023
1608768000,23226.18,23785,22712.89,23717.96,16440.75295146
1608854400,23718.61,24770.95,23416,24704.71,15792.47583445
1608940800,24704.71,26822,24490.01,26475.35,24782.44015598
1609027200,26482.64,28387,25772.55,26258.65,33627.00745897
1609113600,26255.16,27477,26086.19,27040.36,21265.70934972
1609200000,27039.39,27396.77,25833.73,27366.35,20668.10433798
1609286400,27366.35,29018.26,27311.73,28897.42,28181.49681491
1609372800,28897.42,29321.9,28000,28990.08,28813.88691084
1609459200,28990.08,29688.88,28700,29412.84,22211.25251806
1609545600,29413.29,33300,29039,32225.91,46675.24652146
1609632000,32222.88,34810,32008.62,33080.66,36951.71650628
1609718400,33082.84,33666.99,27678,32019.99,46045.38968508
1609804800,32020.22,34499.67,29891.13,34030.64,42282.56920027
1609891200,34043.91,37000,33352.54,36859.26,45744.10320015
1609977600,36859.26,40425,36200,39505.56,50346.30569052
1610064000,39510.55,41986.37,36565.08,40665.15,48522.48490272
1610150400,40642.15,41406.94,38800,40257.43,27152.97102881
1610236800,40257.43,41452.12,34444,38171.57,43736.57031589
1610323200,38168.89,38273.88,30100,35452.59,102503.15672849
1610409600,35456.89,36604.51,32500,34038.98,48227.62752035
1610496000,34035.53,37888,32309.04,37393.66,39608.73718747
1610582400,37393.67,40127.66,36751.11,39125.14,31868.76049365
1610668800,39123.05,39697,34298.93,36754.67,36421.05918785
1610755200,36754.6,37948,35372.59,36006.94,20861.42545209
1610841600,36004.8,36860,33850.03,35820,19182.04934663
1610928000,35820.01,37402,34736.46,36624.23,16609.64108414
1611014400,36624.23,37857,35895.11,35917.28,18904.77910604
1611100800,35921.91,36415.34,33387.01,35503.09,25445.70800774
1611187200,35498.85,35628.24,30011,30855.95,50473.11375071
1611273600,30855.9,33867,28732,32984.93,48155.72161708
1611360000,32982.66,33488.79,31432.19,32112.01,16139.81478284
1611446400,32110,33086.53,30931.21,32288.56,13618.80097809
1611532800,32293.18,34888,31920.8,32261.87,23045.66293389
1611619200,32260.52,32960.37,30830,32510.82,23535.83891688
1611705600,32510.82,32584.62,29156,30407.13,46207.08537355
1611792000,30414.11,34000,29902.14,33488.99,36007.06269488
1611878400,33487.92,38570.13,31990,34262.11,72641.07974951
1611964800,34262.11,34900,32852.86,34315.63,21362.15173754
1612051200,34315.63,34387.75,32200,33137.74,16436.39757593
1612137600,33137.75,34728.57,32333,33533.19,21975.41378272
1612224000,33534.39,36000,33450,35512.67,19995.83908338
1612310400,35513,37723.72,35393.8,37678.37,23781.96945181
1612396800,37688.42,38769,36156.45,36975,31699.36292316
1612483200,36976.59,38349,36605.87,38311.49,17842.70173175
1612569600,38327.09,41000,38250,39265.43,27102.80602941
1612656000,39266.1,39737.83,37371.35,38871.42,20297.87256102
1612742400,38871.43,46750,38057.01,46448.1,47934.0103883
1612828800,46453.66,48200,45020,46514.73,36418.79365116
1612915200,46514.73,47349.99,43706.86,44850,25818.01157857
1613001600,44850,48690,44011,47997.91,26222.60477552
1613088000,47993.6,48912,46300,47408.34,23503.15583529
1613174400,47408.34,48199,46300,47232.45,12020.8773325
1613260800,47240.75,49700,47100.13,48680.69,15146.55244091
1613347200,48667.23,49093.44,45768.46,47936.37,19432.15278111
1613433600,47935.66,50645,47051.22,49158.71,23053.20561135
1613520000,49141.43,52640.35,48942.87,52170.01,25675.171441
1613606400,52170.01,52549.99,50875,51601.73,15689.40275173
1613692800,51596,56370.05,50725,55983.56,27961.48197104
1613779200,55983.57,57563.57,54000.1,55923.52,22137.82194494
1613865600,55921.44,58367,55531.23,57489.16,13530.43444443
1613952000,57489.16,57577.69,46616,54142.13,49449.16575779
1614038400,54125.67,54206.22,44888.08,48899.99,72300.585728
1614124800,48899.99,51415.41,47002,49737.82,30732.14949499
1614211200,49737.81,52107.83,46700,47058.48,28011.20414657
1614297600,47063.9,48464.64,44150,46326.2,36048.6181927
1614384000,46319.79,48356.86,45055,46180.75,16290.28071728
1614470400,46169.92,46656,43016,45231.75,22745.60600179
1614556800,45231.74,49829,45042.13,49639.4,25068.25043716
1614643200,49635.3,50250,47075.11,48511.6,17063.56302004
1614729600,48502.18,52666,48161.75,50360,21301.47723933
1614816000,50370.33,51798.33,47502,48368.52,23386.97957577
1614902400,48370.97,49473.99,46219.32,48769.47,25468.18029576
1614988800,48766.01,49210,47077,48909.84,11877.83755909
1615075200,48909.84,51459,48909.83,50978.61,13965.15473114
1615161600,50976.22,52425,49328.62,52415.23,18856.28684439
1615248000,52413.17,54936,51845.01,54916.38,21177.14953983
1615334400,54921.61,57402.14,53025,55890.69,28326.07770941
1615420800,55888.7,58113,54283,57815.47,24369.21216789
1615507200,57820.15,58065.92,55050,57225.91,21760.53824103
1615593600,57220.84,61788.45,56083.74,61178.5,22301.28588901
1615680000,61181.38,61680,58950,58972.7,13581.96759058
1615766400,58972.71,60601.07,54568,55636.15,31651.39184131
1615852800,55629.08,56970,53221,56927.11,24432.37878722
1615939200,56924.26,58996.38,54138.01,58925.54,22687.57433043
1616025600,58925.54,60100,56996.15,57644.95,21459.4962399
1616112000,57644.95,59461.99,56260,58039.66,16429.629743
1616198400,58026.91,59928,57827.97,58116.7,9725.28123717
1616284800,58126.34,58651.22,55543.89,57363.32,11841.63877891
1616371200,57377.29,58421.68,53739.5,54110.07,19512.15647151
1616457600,54111.49,55858,53000,54345.54,19221.75674
1616544000,54333.27,57209.97,51673.82,52276.16,23775.21362623
1616630400,52259.69,53238,50305,51325.01,29642.04415588
1616716800,51320.76,55125.13,51250,55072.44,17843.00738205
1616803200,55080.9,56640,53966,55856.53,11333.33349523
1616889600,55856.54,56587.08,54701,55778.82,9235.80302347
1616976000,55781.22,58400,54900,57613.48,17552.36885101
1617062400,57613.76,59397.48,57000,58786.46,15105.07669026
1617148800,58786.46,59800,56873.8,58800,17376.62672814
1617235200,58800.01,59474.94,57930,58726.48,11096.33004907
1617321600,58726.47,60055.02,58441.88,58981.04,10966.93017846
1617408000,58981.04,59752,56943,57094.34,8405.26400491
1617494400,57094.34,58500,56478.53,58215.94,6301.43187883
1617580800,58216.73,59251.76,56817.64,59123.02,9204.86323941
1617667200,59134.07,59475,57333.33,58019.98,10354.33014603
1617753600,58021.67,58630,55400,55955.75,17787.29445084
1617840000,55962.67,58152,55700,58083.1,8073.59731731
1617926400,58083.1,58869.69,57670.51,58092.68,8094.74629652
1618012800,58092.68,61218.97,57875.41,59778.6,12817.81106734
1618099200,59778.59,60658.89,59177.06,59985.26,7278.96516665
1618185600,59983.66,61199,59369,59839.82,11467.72752999
1618272000,59836.88,63774.39,59799.01,63588.22,17897.76603088
1618358400,63588.22,64899,61277.91,62971.8,22570.84113444
1618444800,62971.8,63831.82,62036.73,63229.04,11209.4505281
1618531200,63229.04,63604.34,60048.43,61427.27,19867.41322269
1618617600,61427.27,62572.48,59700,60058.86,10847.76785762
1618704000,60067.2,60437.97,51300,56274.41,36891.70959047
1618790400,56273.65,57600,54187.85,55696.83,16838.39171629
1618876800,55696.83,57111,53430.01,56499.29,18608.27983583
1618963200,56477.67,56810.56,53620.91,53800.86,15584.08398293
1619049600,53795.62,55469.98,50400,51701.59,30427.89153907
1619136000,51695.98,52130.58,47464.65,51187.27,38794.85818376
1619222400,51187.75,51260.61,48726.87,50089.15,11839.14355893
1619308800,50101.42,50591.38,47044.01,49121,14633.51206544
1619395200,49121,54400,48817.62,54053.6,18005.22399425
1619481600,54047.8,55509.39,53321,55069.62,13957.08649512
1619568000,55069.61,56476.17,53887,54894.03,16484.33677655
1619654400,54889.81,55226.86,52369.61,53580,14592.31688772
1619740800,53580,58075.01,53068.43,57798.77,16536.33288912
1619827200,57798.77,58550,57050.94,57859.28,10787.04933216
1619913600,57859.28,57972.26,56072,56625.2,7647.62578087
1620000000,56625.21,58986,56500,57212.73,15165.00648795
1620086400,57212.73,57247.24,53057.7,53241.92,23492.0586849
1620172800,53241.91,57980.86,52913.02,57515.69,22918.90458572
1620259200,57515.69,58400,55288,56440.66,18244.13605211
1620345600,56444.82,58735.95,55300,57380.39,18323.8958022
1620432000,57380.39,59559.84,56980.01,58958.05,15374.94442964
1620518400,58958.06,59300.52,56265.3,58312.57,17169.72318523
1620604800,58313.84,59592.2,53600,55866.41,24647.23540718
1620691200,55866.38,56962.07,54511.48,56753.19,15446.63591676
1620777600,56753.19,58041,48500,49498.77,29660.84273553
1620864000,49498.76,52500,46000,49690.11,42250.08740789
1620950400,49682.28,51569.56,48895,49893.48,21987.79362448
1621036800,49893.48,50730.58,46573,46775.51,21936.11454712
1621123200,46771.01,49808.28,43825,46450.79,30655.33064729
1621209600,46450.78,46646.15,42101,43580.5,43660.22208427
1621296000,43571.89,45851,42300,42857.15,28210.30024018
1621382400,42865.05,43591.7,30000,36731.75,109537.24233282
1621468800,36735.44,42605,35000,40623.33,51445.79735691
1621555200,40623.24,42275.99,33501.54,37340.77,55961.90006046
1621641600,37333.09,38889.76,35257.52,37476.83,29239.02738254
1621728000,37476.84,38319.36,31111,34758.67,53433.30296532
1621814400,34758.88,39966.87,34407.17,38878.56,44419.45827713
1621900800,38874.53,39878.51,36481.26,38361.81,26107.55687287
1621987200,38361.81,40900,37837.36,39293.23,25107.68631485
1622073600,39293.23,40440.95,37191.99,38556.88,19390.89447264
1622160000,38556.88,38900,34688,35680.47,36231.72333985
1622246400,35680.48,37325,33650.86,34627.82,27999.15073256
1622332800,34627.81,36500,33333,35669.44,16038.94658082
1622419200,35669.44,37534.09,34183,37279.31,19527.11600162
1622505600,37276.23,37918.97,35669.14,36685,15713.10281689
1622592000,36684.99,38237.37,35920,37577.91,13952.35891376
1622678400,37581.83,39489.82,37184.88,39248.55,14325.7560692
1622764800,39248.54,39291.24,35593.22,36856.52,17917.63251152
1622851200,36856.53,37921.35,34832.17,35539.49,13654.69033381
1622937600,35539.97,36477.86,35258,35800.48,8184.50324318
1623024000,35800.48,36812.39,33333,33575.91,18997.71626987
1623110400,33567.26,34069,31004.95,33402.13,34937.55754915
1623196800,33402.13,37573.99,32408.53,37403.86,26040.89793254
1623283200,37404.75,38425.67,35800,36694.05,19853.81418911
1623369600,36694.91,37695,35944,37338.44,14142.19349961
1623456000,37340.08,37448,34635.47,35557.33,14516.54556279
1623542400,35557.32,39396,34780.57,39015.24,15748.96203951
1623628800,39015.24,41076.03,38744.83,40539.47,21916.84415956
1623715200,40537.93,41322.55,39510.98,40162.37,17020.70299457
1623801600,40158.06,40499,38105,38351,17238.57541183
1623888000,38351,39554.98,37365.63,38095.17,15970.35031651
1623974400,38103.94,38216.22,35153.16,35841.81,23472.37724375
1624060800,35840.96,36457.18,34833.26,35484.79,16801.08670642
1624147200,35484.8,36139.73,33347.05,35585.78,19400.07454207
1624233600,35585.79,35741.54,31259,31609.82,41304.39903519
1624320000,31609.82,33352,28800,32538.37,48409.17333487
1624406400,32538.9,34881.02,31708.03,33688.35,23124.81248294
1624492800,33688.51,35295.67,32300,34654.58,16868.94084747
1624579200,34654.87,35500,31300,31594.63,26505.19266978
1624665600,31594.62,32711.68,30173.49,32275.19,18299.38702942
1624752000,32267.59,34749,32002.21,34709.23,14428.92978925
1624838400,34708.53,35301.43,33864.99,34493.22,14920.2647883
1624924800,34493.22,36675,34233.35,35904.28,17917.59826258
1625011200,35906.17,36094.42,34033,35060,16700.72309396
1625097600,35060,35066.54,32703.48,33516.11,13210.9509733
1625184000,33510.93,33972.06,32704.73,33805.02,11765.65389836
1625270400,33805.01,34953.07,33320,34682.16,6197.80112922
1625356800,34685.03,35951,34390.53,35284.05,6224.03057033
1625443200,35284.06,35290.82,33156.86,33697.78,9607.60619891
1625529600,33697.78,35100,33300,34225.73,10313.01368118
1625616000,34225.72,35077.46,33770.01,33878.56,9404.8979867
1625702400,33879.5,33934.62,32111,32875.95,14147.3525248
1625788800,32875.95,34100,32255.24,33824.26,8320.90649257
1625875200,33824.25,34267.14,33027.83,33515.35,4906.24582215
1625961600,33515.35,34607.37,33333.33,34259.23,7023.06500489
1626048000,34259.22,34670,32665,33091.1,10145.24046995
1626134400,33077.43,33337.61,32201.12,32734.14,9478.04218884
1626220800,32734.14,33125.55,31600,32816.39,10355.3186961
1626307200,32815.75,33187.6,31064.77,31868.68,11273.61174025
1626393600,31872.49,32259.16,31025.42,31388.06,10006.47793721
1626480000,31389.57,31949.99,31179.01,31533.91,5695.57411588
1626566400,31533.9,32450,31125.6,31788.25,5006.4831051
1626652800,31786.37,31887.82,30429.99,30842.03,11027.00528966
1626739200,30842.04,31052.65,29301.56,29796.16,18114.15286104
1626825600,29796.15,32825,29501.02,32135.19,15598.47830878
1626912000,32152.68,32611.84,31729.68,32287.74,7704.6404628
1626998400,32287.75,33647.27,32000,33647.26,9004.84262627
1627084800,33647.27,34525,33424.7,34283.01,9864.75243703
1627171200,34291.67,35451.04,33888.89,35428.26,9434.63002297
1627257600,35428.25,40593.93,35251.54,37262.77,40354.54555841
1627344000,37262.76,39550,36413.26,39470.48,24709.10440908
1627430400,39475.99,40925.56,38803.34,40035.1,27198.33358111
1627516800,40035.1,40644.85,39229.47,40039.44,11022.42512817
1627603200,40039.44,42320.57,38342,42237.95,15063.2344059
1627689600,42233.66,42414.61,41064.11,41495.01,9351.94288576
1627776000,41499,42605.64,39426,39865.41,10617.67293456
1627862400,39859.18,40459.68,38690,39149.59,12379.41216528
1627948800,39149.59,39785.3,37627.21,38191.44,15094.81739624
1628035200,38189.4,39965.1,37509,39722.41,15327.67624669
1628121600,39718.9,41447.89,37300,40888.74,28507.85532682
1628208000,40888.73,43399.26,39876.74,42869.58,20425.1145444
1628294400,42869.59,44750,42457.27,44637.34,19634.79475606
1628380800,44628.11,45363.83,43131.97,43829.14,18712.27158173
1628467200,43829.15,46497.42,42821.3,46285.48,19464.72493503
1628553600,46280,46718.44,44650.27,45595.66,13756.50066875
1628640000,45601.82,46781.09,45350.74,45553.49,11628.32043954
1628726400,45553.1,46223.95,43714.36,44422.14,13169.78176994
1628812800,44422.15,47953.9,44249.64,47833.64,11794.94196257
1628899200,47833.64,48176.52,46034.93,47109.65,8130.36769388
1628985600,47109.64,47400,45525.19,47014.49,7745.70200802
1629072000,47014.38,48076.52,45676.91,45902.46,10467.66031475
1629158400,45903.22,47174.62,44405.39,44671.58,12756.14777945
1629244800,44675.34,46035.27,44216.47,44707.98,10327.49887365
1629331200,44709.1,47088.08,43955,46765.87,11938.12185013
1629417600,46769.02,49400,46644.95,49342.4,13184.67048641
1629504000,49349.99,49821.92,48285.28,48867.02,9574.83615164
1629590400,48870.21,49526.13,48102.89,49284.63,6243.39643384
1629676800,49284.38,50505,49012.84,49506.5,10824.26838095
1629763200,49504.53,49875.9,47600,47682.45,12068.33823315
1629849600,47682.45,49277,47122.02,48987.33,9289.23177109
1629936000,48991.57,49365.1,46315.48,46851.47,11651.34373853
1630022400,46851.47,49185.12,46361.01,49077.57,8924.12247655
1630108800,49081.08,49309.83,48370,48942.94,4895.70191319
1630195200,48942.89,49667.1,47801,48802.58,6935.09511006
1630281600,48802.58,48906.51,46866,46993.71,12249.23741495
1630368000,46996.8,48259.68,46708.93,47112.5,12919.43970212
1630454400,47110.33,49125,46537.62,48839.86,13010.83839478
1630540800,48834.27,50392.19,48620.73,49279.37,14120.3826407
1630627200,49279.38,51064.44,48349.66,50025,14577.22621879
1630713600,50025,50558.75,49400,49942.98,7595.48816499
1630800000,49944.89,51907.08,49500,51789.17,7743.93472308
1630886400,51789.17,52802.03,51020.08,52698.81,9571.75471136
1630972800,52698.8,52944.96,42830.77,46894.5,29022.815351
1631059200,46894.49,47381.47,44423.49,46060.36,19624.55093117
1631145600,46059.94,47400,45511.82,46400,13594.64633403
1631232000,46396.26,47040.76,44140.48,44851.45,14905.54795341
1631318400,44850.37,45989.94,44730.29,45171.83,6207.38337004
1631404800,45173.66,46462.98,44754.31,46024.23,6499.85821749
1631491200,46027.8,46900,43465,44947.72,15015.30289712
1631577600,44953.23,47274.92,44679.92,47127.22,12644.16435358
1631664000,47127.81,48475,46705,48148.12,12139.84206628
1631750400,48144.03,48499.99,47020.82,47753.16,11739.27966629
1631836800,47753.15,48176.64,46752.67,47303.5,9088.56956453
1631923200,47306.87,48825.62,47050,48314.56,7491.03449237
1632009600,48309.86,48379.19,46850.87,47255.92,7086.34626236
1632096000,47253.71,47358.92,42500,43012.97,27706.67636162
1632182400,43007.69,43639.88,39600,40719.6,27275.33818249
1632268800,40736.81,44035.44,40570.42,43575.1,19462.53865157
1632355200,43575.19,45000,43096.73,44897.59,13446.87468684
1632441600,44896.55,45200,40683.29,42848.92,22451.57711462
1632528000,42848.44,42998.76,41675,42705.51,7383.32390261
1632614400,42705.51,43937,40803,43178.02,9971.64545213
1632700800,43172.17,44366.96,42111,42171.76,10094.77099806
1632787200,42166.31,42780,40897.7,41026.07,10491.81363045
1632873600,41030.19,42638.99,40750.12,41522.16,10303.30152312
1632960000,41519.11,44110.17,41409.67,43824.43,12835.9838101
1633046400,43828.89,48500,43287.44,48165.76,20095.33155568
1633132800,48165.76,48359.33,47451,47657.69,7262.63442143
1633219200,47663.74,49300,47120.11,48233.99,7989.25925892
1633305600,48233.99,49505,46916.7,49245.54,13938.64182971
1633392000,49244.13,51906.23,49057.18,51493.99,17828.59726658
1633478400,51499.77,55757.11,50416.01,55339.48,25869.64925998
1633564800,55346.95,55356.85,53379,53797.82,15820.83417633
1633651200,53805.46,56113,53634.41,53963.82,12416.9019906
1633737600,53965.18,55500,53675,54962.29,7123.05512404
1633824000,54963.29,56545.24,54112.95,54690.53,9370.1912382
1633910400,54683.09,57833.23,54411.54,57487.44,13422.42081815
1633996800,57485.97,57674.55,53873.78,56005.1,15457.00896085
1634083200,56005.1,57771.33,54236.09,57367.32,14691.01338574
1634169600,57367.32,58520.71,56832.32,57359.51,12198.02457938
1634256000,57359.51,62910,56867.11,61695.39,27105.19764492
1634342400,61690.32,62350,60139.01,60877.42,10161.25819825
1634428800,60867.05,61744.17,58943.83,61527.11,9153.32273471
1634515200,61530.07,62675.19,59887.74,62042.41,19798.1489024
1634601600,62042.4,64500,61333,64303.14,17380.30486176
1634688000,64303.14,66999,63525,66026.54,19194.45410878
1634774400,66021.26,66650.85,62050,62204.02,23474.39133313
1634860800,62204.01,63750,60000,60687.64,17217.70765017
1634947200,60682.88,61750,59650,61300.01,6708.15013802
1635033600,61300.02,61491.96,59522.89,60854.48,8573.72719199
1635120000,60847.91,63726.58,60653.5,63083.54,10496.58058683
1635206400,63081.96,63290.49,59837.07,60337.62,12181.48144997
1635292800,60333.19,61488,58100,58455.47,18856.68565412
1635379200,58462.73,62477.47,57653.88,60591.65,19354.49897509
1635465600,60591.63,62974,60188.73,62276.72,15497.01101939
1635552000,62287.95,62379.2,60725.01,61892.41,6793.59698552
1635638400,61896.38,62427.02,60001,61343.68,8371.1698899
1635724800,61346.17,62500,59500,60949.54,11724.34161877
1635811200,60956.4,64300,60672.16,63266.51,13694.11539462
1635897600,63266.5,63568.36,60070,62935.41,12951.87181247
1635984000,62935.4,63114.14,60728.77,61444.5,11051.75853921
1636070400,61444.49,62638.59,60777,61006.15,10598.79620286
1636156800,61006.14,61599.25,60125,61539.31,6366.43859189
1636243200,61539.3,63327.96,61397.86,63309.13,5596.02460734
1636329600,63309.12,67792.77,63309.12,67554.84,17661.87297159
1636416000,67554.13,68568.85,66261.79,66944.66,14996.62508818
1636502400,66938.76,69000,62800,64912.2,19030.24517744
1636588800,64912.2,65600,64133.78,64807.59,10259.51472415
1636675200,64807.73,65477.06,62300,64147.9,13658.626579
1636761600,64144.42,64990,63394.17,64400.01,5968.10354833
1636848000,64400.01,65525,63596.9,65505.02,6081.57225975
1636934400,65505.03,66339.9,63371,63624.59,10426.55522646
1637020800,63621.05,63624.6,58638,60107.98,24910.15267457
1637107200,60101.56,60824.38,58380,60351.51,20907.21545076
1637193600,60351.51,60977.21,56514.13,56898,26749.21203012
1637280000,56898.46,58412.12,55625,58122.16,18554.56064192
1637366400,58122.15,59900,57423.35,59760.76,7584.65241653
1637452800,59760.76,60070,58509.69,58671.21,6661.36635434
1637539200,58671.22,59526.51,55641.03,56280.81,15889.22078935
1637625600,56280.81,57886.03,55377,57566.85,14019.78167156
1637712000,57562.65,57607.97,55875.01,57162.66,12509.25971944
1637798400,57158.58,59445.99,57037.04,58987.27,10668.67680723
1637884800,58994.72,59194,53533,53757.67,25946.30174683
1637971200,53757.67,55316.67,53642.58,54759.05,7899.30349126
1638057600,54759.04,57490,53327,57317.17,8222.42493442
1638144000,57318.51,58908.27,56730,57838.06,13454.23335496
1638230400,57838.06,59249.77,55910.33,56987.97,18038.78770838
1638316800,56998.35,59118.84,56465.75,57226.5,16607.30872879
1638403200,57226.51,57423.69,55845,56521.46,12969.21952648
1638489600,56521.45,57670.68,51640,53638.04,19567.63113833
1638576000,53633.02,53876.09,42333,49241.12,39023.32978526
1638662400,49235.26,49783,47827,49484.22,21727.13821193
1638748800,49484.21,51105,47200,50529.56,23082.30465624
1638835200,50529.56,51995,50067.1,50625.48,14107.33216632
1638921600,50625.24,51250,48650.02,50519.68,13138.99183299
1639008000,50520.94,50844.86,47323.23,47568.43,15749.4243393
1639094400,47568.43,50148.49,46900,47170.94,15689.5742182
1639180800,47170.94,49517.18,46786.78,49407.75,11045.22374119
1639267200,49424.47,50828.13,48665.43,50089.64,10411.08180306
1639353600,50089.64,50218.42,45727.92,46727.89,20797.28834629
1639440000,46727.89,48686.91,46300,48367.43,17107.0342879
1639526400,48359.23,49500,46530,48884.78,21621.70983741
1639612800,48878.83,49459.39,47524.66,47634.22,12731.23681745
1639699200,47634.2,48000,45469.32,46166.5,18556.07900007
1639785600,46159.87,47368.73,45515.72,46859.46,8170.85303229
1639872000,46857.49,48351.92,46440.11,46687.19,9518.7071282
1639958400,46687.2,47548.93,45568,46926.07,16039.38510407
1640044800,46926.07,49339.31,46645.05,48914.7,15461.4105731
1640131200,48914.7,49595,48450,48608.62,10753.4990677
1640217600,48608.61,51397.82,48032.16,50842.2,16627.04627954
1640304000,50842.06,51878.6,50445.55,50851.38,11690.45418179
1640390400,50852.31,51171.68,50191.84,50428.31,5550.57153185
1640476800,50428.31,51295.33,49460,50801.79,6863.39473781
1640563200,50804.33,52100,50480,50717.77,11596.91468191
1640649600,50720.35,50720.35,47300.23,47543.09,23116.75583707
1640736000,47542.2,48149.58,46094.02,46471.24,20326.32142372
1640822400,46471.24,47926.15,45938.44,47122.08,27413.65364976
1640908800,47122.09,48574.7,45650,46211.24,19010.24134509
1640995200,46211.24,47967.12,46205,47733.43,9463.6617111
1641081600,47733.43,47990,46633.36,47299.07,6833.49845548
1641168000,47299.06,47583.33,45700,46459.56,10841.81020453
1641254400,46459.57,47532.89,45515,45814.61,16320.32712866
1641340800,45817.13,47076.55,42500,43436.04,25067.67476765
1641427200,43446.34,43794.5,42432.99,43083.76,20780.04784989
1641513600,43081.79,43144.72,40571.53,41565.18,26122.19990673
1641600000,41564.57,42318.97,40505.3,41684.84,15454.11315131
1641686400,41684.84,42831.12,41209.53,41876.52,11074.22498167
1641772800,41876.52,42250,39650,41824.07,25232.35739583
1641859200,41824.06,43130,41274.8,42753.44,19697.46613255
1641945600,42749.84,44342.83,42459.21,43920.37,16250.21469714
1642032000,43921.21,44453.22,42325,42581.65,14772.09478571
1642118400,42576.27,43473.98,41752,43090.72,13545.75086459
1642204800,43090.72,43819.39,42577.35,43098.2,6318.38550193
1642291200,43098.2,43497.24,42600,43104.34,6481.6580227
1642377600,43104.34,43200,41567.64,42218.01,10963.85191034
1642464000,42214.66,42692.71,41287.79,42369.74,13658.50365699
1642550400,42372.15,42586.03,41126,41674.27,15642.41727542
1642636800,41672.14,43511.99,40555,40670.97,17860.82318928
1642723200,40671.77,41127.79,35422,36456.94,50742.89616126
1642809600,36456.67,36835.93,34017.56,35066.43,30044.12486365
1642896000,35075.7,36555.55,34625,36282.47,17440.22740453
1642982400,36275.28,37574.63,32933.33,36693.32,38776.29020908
1643068800,36687.58,37579.81,35716.15,36980,21597.52201359
1643155200,36980,38960,36254.97,36840.63,27403.99125336
1643241600,36846.22,37249,35526.36,37188.37,23601.4620954
1643328000,37188.37,38023.74,36162.48,37741.9,22716.16494796
1643414400,37741.9,38748.43,37300,38191.1,13103.19076443
1643500800,38189.82,38384.07,37365.31,37901.35,10632.53591257
1643587200,37904.99,38785.04,36640.94,38491.93,19654.98487168
1643673600,38492.53,39300,38021.53,38716.88,16379.93141492
1643760000,38714.27,38888.88,36584.29,36923.39,13787.58718711
1643846400,36923.39,37450.75,36259.01,37329.91,13283.28624677
1643932800,37324.61,41788.81,37051.36,41614.64,22537.5582634
1644019200,41613.75,41970,40955.4,41404.85,11187.20118795
1644105600,41411.59,42719.93,41135.39,42415.16,6447.88488893
1644192000,42416.06,44533,41678.79,43868.07,20040.49860442
1644278400,43868.08,45519.24,42688,44085.59,20387.64565183
1644364800,44087.58,44865.46,43155.5,44416.35,12785.8117079
1644451200,44416.39,45855,43210,43527.71,20024.52326862
1644537600,43521.88,43962.13,42000,42386.47,19367.4151999
1644624000,42386.47,43050,41750,42244.97,8664.419567
1644710400,42244.91,42781.96,41885.61,42074.99,6208.94093653
1644796800,42073.37,42876.15,41570,42548.71,14805.98338836
1644883200,42548.71,44775.96,42433.28,44583.52,14154.73452625
1644969600,44580.73,44585.69,43330.59,43895.56,9663.44040395
1645056000,43895.55,44195.62,40099.99,40536.73,18630.10842181
1645142400,40537.94,40990.9,39425.07,39983.56,16491.0130588
1645228800,39993.64,40469.82,39655,40101.94,6277.30201343
1645315200,40101.93,40146.07,38000,38389.03,10972.32175685
1645401600,38395.99,39506.91,36811,37023,20970.76378699
1645488000,37022.11,38469.06,36350,38251.48,22767.08772002
1645574400,38251.67,39276.85,37055,37268.19,15510.11329997
1645660800,37268.18,39720,34322,38347.3,42124.51876077
1645747200,38347.3,39716,38016.44,39238.48,20761.66924479
1645833600,39242.71,40300.5,38592.04,39137.8,8601.67109728
1645920000,39146.97,39875.71,37020,37717.08,14440.23638182
1646006400,37716.57,44240.77,37455.71,43192.66,25699.68423401
1646092800,43189.61,44993.12,42850,44439.95,22596.96095342
1646179200,44440,45426.45,43342.16,43912.34,17466.98591437
1646265600,43916.47,44096.45,41811,42464.41,19278.28224695
1646352000,42464.41,42524.87,38577.01,39166.51,24080.60599433
1646438400,39166.5,39600,38587.27,39402.43,8440.51638896
1646524800,39407.87,39730.5,38091.02,38408.38,10099.98545246
1646611200,38406.82,39556.58,37161.88,37994,19544.28414901
1646697600,37991.05,39376.65,37851.54,38749.38,19132.76914326
1646784000,38749.16,42597.84,38655.98,41953.97,24651.67344036
1646870400,41949.28,42053.84,38560.85,39433.71,20814.01456026
1646956800,39431.4,40251.51,38234.08,38732.04,15908.57521389
1647043200,38732.33,39472.17,38654.02,38813.02,5644.14686801
1647129600,38815.56,39318.19,37580.86,37793.01,8046.37612453
1647216000,37793.4,39906.39,37560.4,39674.17,13566.81093809
1647302400,39678.51,39900,38135,39298.1,14924.67641882
1647388800,39298.11,41717.67,38850,41127.97,22805.48259593
1647475200,41127.96,41486,40521,40950.33,15717.77421989
1647561600,40950.23,42396.04,40130,41774.98,17181.15226772
1647648000,41781.37,42429,41534.89,42232.26,8630.97283924
1647734400,42232.05,42330.1,40918.72,41287.24,7621.03036678
1647820800,41287.24,41578.33,40509,41017.71,10996.47661055
1647907200,41017.7,43389.79,40885.19,42378.26,19913.28660924
1647993600,42376.03,43036.95,41766.79,42899.71,13745.27563632
1648080000,42899.71,44241,42627.48,44012.29,21827.93263859
1648166400,44012.36,45130.91,43605.8,44331.85,19128.13735444
1648252800,44336.19,44820.58,44091.09,44539.42,7305.17827992
1648339200,44538.21,46950,44437.22,46850.01,10356.10317002
1648425600,46850.01,48240,46662.28,47144.92,18787.66318707
1648512000,47146.92,48124.94,46589,47454.19,15776.65108647
1648598400,47448.41,47717.01,46544.89,47078.03,12672.44584707
1648684800,47078.02,47624.09,45211,45528.45,17454.79144251
1648771200,45525.25,46739.24,44232.86,46296.34,18111.13598043
1648857600,46296.36,47219.46,45642.89,45826.27,8380.14274375
1648944000,45826.24,47469.4,45552.07,46422.16,8773.77185888
1649030400,46420.08,46900,45129.93,46596.83,13802.44111729
1649116800,46594.39,47200,45371.16,45506.5,14390.57308541
1649203200,45509.92,45523.25,43115.26,43166.7,24250.37283725
1649289600,43166.71,43908.58,42734.69,43452.18,13245.36612438
1649376000,43444.71,44000,42112,42262.02,11929.52123708
1649462400,42261.9,42816.38,42118.96,42766.93,4805.71689778
1649548800,42766.46,43443.32,41885.86,42165.96,5770.49368126
1649635200,42165.96,42424.14,39204.59,39535.87,17229.3729009
1649721600,39535.88,40705.68,39250,40086.23,13866.41847396
1649808000,40086.7,41570.88,39550,41146.68,11457.63380548
1649894400,41147.15,41512.43,39573.8,39954.08,11020.37202049
1649980800,39953.62,40850,39770.22,40554.58,6448.01134712
1650067200,40554.6,40699.99,40005,40387.6,4084.16565112
1650153600,40387.6,40605.46,39553.07,39683.54,4833.31493601
1650240000,39681.11,41100,38550,40803.58,13090.79423386
1650326400,40810.87,41772.94,40571.99,41503.85,10218.113707
1650412800,41501.56,42209.58,40900,41377.61,14609.28392672
1650499200,41371.88,43109.47,39744.75,40480.81,17204.35326683
1650585600,40483.38,40802.65,39174.8,39712.25,16871.32104798
1650672000,39712.2,39993.82,39296.19,39465.87,6957.16710365
1650758400,39459.63,39945.74,39000,39464.56,6436.45656858
1650844800,39463.75,40605.3,38210.24,40439.22,20515.87532995
1650931200,40440.9,40817.16,37700,38113.82,21648.1142493
1651017600,38118.43,39470,37882.83,39251.11,20832.19649199
1651104000,39251.02,40400,38883.83,39743.22,16718.83057299
1651190400,39741.21,39926.8,38161.85,38593.1,14282.25993546
1651276800,38592.27,38795,37590,37644.1,6931.07200088
1651363200,37640.35,38675.37,37401,38473.05,7980.89975954
1651449600,38469.49,39181.27,38041,38510.89,17946.98346298
1651536000,38510.88,38643.48,37505.01,37719.59,17946.99450089
1651622400,37719.58,40038.27,37651.38,39669.56,21513.95419034
1651708800,39669.56,39864.55,35568,36537.22,28832.99792317
1651795200,36537.22,36664.4,35255.4,35999.1,28626.6487821
1651881600,35999.1,36125,34785,35458,11372.45319184
1651968000,35458,35499.93,33701,34027.91,22357.51152059
1652054400,34033.49,34231.54,30010,30078.27,55136.45332765
1652140800,30078.27,32645.49,29735.05,31002.39,55818.01900282
1652227200,31002.39,32185.9,27682.38,28972.34,61128.25296303
1652313600,28977.75,30091.2,25338.53,28941.95,70702.60931849
1652400000,28941.95,30990,28662.7,29232.18,34643.05118869
1652486400,29234.73,30287.58,28564.38,30041.88,15245.46818403
1652572800,30041.9,31418.35,29436.06,31290.05,16440.89298551
1652659200,31290.02,31293.31,29055,29839.89,22646.18507353
1652745600,29839.89,30750,29415.01,30412.12,19833.30676705
1652832000,30412.1,30675.92,28605,28672.94,28348.42643576
1652918400,28671.5,30500,28645.2,30274.59,29009.9710577
1653004800,30274.59,30729.83,28690.92,29155.75,34328.18791921
1653091200,29155.74,29613.34,28913.26,29408.26,9998.48360206
1653177600,29407.4,30457.9,29211,30260.87,11774.13662231
1653264000,30258.04,30635.39,28847.72,29082.52,25413.0825529
1653350400,29079.31,29802,28611,29626.44,17077.03870179
1653436800,29627.61,30192.08,29296.12,29503.49,17180.56600794
1653523200,29503.48,29850,28000,29166.06,26598.58606063
1653609600,29166.06,29355.4,28220,28598.31,21035.53736928
1653696000,28598.31,29239.52,28500,29008.99,7717.34367577
1653782400,29008.99,29550,28809.84,29447.07,6727.92770357
1653868800,29447.08,32232.16,29273.65,31711.42,24915.37275974
1653955200,31716.67,32383.96,31195.9,31784.05,21187.77667355
1654041600,31784.18,31964.56,29308.01,29788.79,26857.46263482
1654128000,29789.19,30655,29558.61,30433.75,18519.12608247
1654214400,30429.12,30674.95,29213.47,29670.85,15016.78184772
1654300800,29672.77,29952,29454.14,29843.18,6390.75942952
1654387200,29837.56,30158.44,29505.65,29901.54,5482.4963235
1654473600,29899.62,31745,29866.44,31343.61,20384.91220986
1654560000,31349.59,31549.21,29200,31106.9,23234.0811685
1654646400,31111,31306.32,29829.98,30177,16775.53319148
1654732800,30182.92,30679.72,29904,30079.62,13334.23491125
1654819200,30079.59,30337.83,28821.15,29063.11,23208.77056569
1654905600,29058.79,29411.11,28080.01,28388.63,13276.76193059
1654992000,28395.03,28516.33,26532.95,26555.2,18661.94193886
1655078400,26555.17,26869.35,21920,22460.97,81724.84469418
1655164800,22460.97,23299.22,20816.4,22120.25,47382.80135514
1655251200,22120.23,22769.12,20071,22562.33,62040.45345538
1655337600,22562.33,22974.1,20200,20372,37587.2170128
1655424000,20371.96,21338.7,20209.73,20447.86,25560.04919013
1655510400,20447.86,20750,17567.45,18948.89,52894.97568032
1655596800,18944.66,20795.11,17934.26,20552.44,29383.34368967
1655683200,20552.39,21041.62,19603.8,20549.75,24904.11647858
1655769600,20547.68,21711,20328.03,20696.96,23770.75139634
1655856000,20699.63,20873.52,19751.51,19968.46,26569.63207564
1655942400,19970.07,21211.97,19869.41,21104.45,21460.76883515
1656028800,21104.45,21537.46,20712.54,21223.72,21361.7652594
1656115200,21221.13,21594.5,20900,21478.04,12877.9734191
1656201600,21474.14,21866,20944.68,21027.92,11145.88852674
1656288000,21024.85,21520,20500,20725.17,17440.94268269
1656374400,20722.95,21189.99,20164.7,20252.89,17658.6604167
1656460800,20253.5,20410.91,19823.43,20094.79,18278.45185883
1656547200,20098,20143.53,18603,19985.62,28361.45876221
1656633600,19985.62,20879.99,18938.33,19252.76,32977.00052272
1656720000,19252.76,19422.02,18955.02,19224.03,10707.74160684
1656806400,19225.54,19622.33,18755.75,19291.33,11826.36538269
1656892800,19291.35,20331.76,19029.33,20211.35,14462.57230204
1656979200,20212.42,20734.89,19274.95,20153.51,21938.40185419
1657065600,20153.74,20650,19743,20542.67,18489.12900774
1657152000,20542.66,21855.72,20224.8,21614.6,25211.332802
1657238400,21618.04,22490.54,21172,21582.2,25311.00378887
1657324800,21582.28,21959.3,21311.04,21583.99,9424.31410235
1657411200,21582.23,21595.75,20636.53,20850.65,9610.90399408
1657497600,20850.65,20854.32,19860.12,19942.43,16061.45339697
1657584000,19942.44,20037.46,19226.47,19303.65,21631.52226271
1657670400,19304.71,20330.71,18892,20220.23,28211.91563971
1657756800,20219.69,20893.73,19607.14,20577.02,24371.50910244
1657843200,20574.96,21196.37,20368.67,20827.55,17731.34162095
1657929600,20823.06,21582.71,20475.94,21189.68,12479.60342503
1658016000,21189.23,21667.1,20750.1,20791.74,11450.67396279
1658102400,20791.74,22777,20755.95,22427.56,31445.5132866
1658188800,22434.97,23800,21578.57,23395.06,34808.90125305
1658275200,23398.46,24287.13,22899,23226.99,34094.81155381
1658361600,23225.24,23434.65,22340.07,23153.96,24113.43095206
1658448000,23152.76,23763.55,22505.56,22687.68,20884.25890814
1658534400,22688.85,23006.16,21941.01,22450.69,12592.30066753
1658620800,22451.36,23036.46,22263.85,22583.43,9132.96152481
1658707200,22583.37,22665.74,21254.97,21313.41,22277.31378773
1658793600,21312.06,21344.43,20715,21261.57,19333.35688939
1658880000,21260.22,23110.73,21045.73,22962.59,24206.7301153
1658966400,22960.74,24206.11,22580.86,23851.7,25681.25351287
1659052800,23851.66,24450,23429.71,23784.5,18431.00204878
1659139200,23787.84,24666,23516.11,23650.13,13265.47821461
1659225600,23648.15,24192.18,23240.01,23307.44,7969.64723008
1659312000,23307.44,23518.89,22850,23273.86,12543.48560075
1659398400,23273.85,23464.97,22659.06,22989.4,15013.77828925
1659484800,22994.78,23650.96,22694.56,22825,23966.78092491
1659571200,22824.88,23234.29,22392.88,22623.94,21755.96366822
1659657600,22624.44,23478.58,22589.83,23320.81,26745.91293062
1659744000,23320.71,23357.19,22917.49,22960.93,9285.19244923
1659830400,22960.86,23405.02,22852.13,23177.39,8297.19227173
1659916800,23180.26,24251.08,23158.32,23815.65,24093.33217697
1660003200,23815.68,23929.35,22871.66,23158.27,22349.07822206
1660089600,23158.32,24224.67,22666.23,23962.18,25974.49772434
1660176000,23959.3,24929.99,23862.66,23944.86,29681.35922757
1660262400,23944.85,24463.01,23600.01,24415.18,17244.15100332
1660348800,24415.08,24898.91,24302.36,24456.49,13678.30446343
1660435200,24456.17,25054.1,24151.63,24316.71,23306.17100393
1660521600,24316.58,25214.57,23777,24097.82,27821.25610894
1660608000,24099.7,24253.98,23668,23857.93,19601.90580439
1660694400,23857.89,24448.49,23180.14,23341.17,22747.43895287
1660780800,23344.42,23600,23107.27,23189.46,13825.6308966
1660867200,23188.94,23206.76,20782.39,20834.94,45962.7257428
1660953600,20834.94,21372.93,20760.93,21139.23,21809.4048831
1661040000,21139.22,21795.08,21067.33,21518.62,16024.82128336
1661126400,21514.45,21540,20889.69,21398.25,26215.93682469
1661212800,21396.37,21679.52,20889.69,21528.34,22744.05096265
1661299200,21526.74,21925,21147.41,21367.12,22538.91385671
1661385600,21367.12,21818.32,21307.32,21561.86,17065.2835044
1661472000,21561.49,21878.05,20112.78,20240.72,37169.02639568
1661558400,20240.63,20389.14,19800,20036.69,22160.97938125
1661644800,20035.3,20164.26,19513.74,19554.03,17117.31912737
1661731200,19552.31,20427.19,19545.57,20286.97,33436.35652183
1661817600,20286.95,20582.64,19540.14,19813.17,46462.27938622
1661904000,19813.97,20489,19799.97,20048.26,36587.60323535
1661990400,20048.27,20205.53,19561.01,20133.65,23858.64862602
1662076800,20132.67,20444,19755,19953.74,19929.54590305
1662163200,19953.4,20053.9,19655,19835.47,9538.49811675
1662249600,19833.59,20026.2,19588.27,20004.73,10670.60766559
1662336000,20003.85,20060,19633.11,19794.58,13935.11385555
1662422400,19794.59,20179.86,18663.25,18790.91,34029.11126955
1662508800,18790.77,19466.09,18527,19293.52,25583.39915964
1662595200,19293.03,19460.7,19014.43,19321.87,20327.61614165
1662681600,19322.56,21616.21,19294.49,21364.5,39579.81208118
1662768000,21366.61,21815.15,21127.1,21651.52,17750.76003376
1662854400,21656.03,21865.66,21356.37,21831.72,14386.63340528
1662940800,21830.16,22490.05,21555,22402.71,28404.49469955
1663027200,22402.58,22800,19855,20174.78,37351.56014939
1663113600,20174.78,20545,19625,20227.77,25139.52734416
1663200000,20227.7,20336.42,19500,19703.67,21124.30384367
1663286400,19703.65,19890.95,19305,19801.04,24863.81492556
1663372800,19800.26,20183.14,19748.89,20113.37,11557.14724341
1663459200,20113.37,20119.08,19335.57,19417.64,16437.90668757
1663545600,19417.56,19689.62,18255,19540.38,30961.4463315
1663632000,19538.31,19638.46,18722,18876.91,27437.23361358
1663718400,18876.14,19949.97,18153.13,18462.64,44344.46282424
1663804800,18462.66,19521.8,18358.63,19401.25,41006.95212665
1663891200,19399.93,19500,18529,19286.01,30781.38249694
1663977600,19286.03,19311.4,18808.13,18923.2,17644.76169841
1664064000,18920.93,19184.3,18619.88,18808.61,14499.16320537
1664150400,18806.3,19320.86,18681.02,19228,33108.05445715
1664236800,19226.94,20383.15,18821.55,19077.57,51860.03004114
1664323200,19077.56,19773.67,18487,19412.07,43710.30467197
1664409600,19412.37,19646.66,18845.3,19595.57,34783.53737085
1664496000,19595.59,20182.72,19154.38,19426.11,34243.66392923
1664582400,19423.57,19486.43,19160,19315.27,7337.45595566
1664668800,19315.26,19398.94,18923.81,19059.17,12951.42404465
1664755200,19059.1,19717.67,18958.29,19633.46,28571.64018677
1664841600,19632.43,20479.43,19495.32,20345.19,32685.41637125
1664928000,20345.27,20371.15,19750,20161.62,33542.20736149
1665014400,20162.15,20455.79,19855.19,19965.64,44044.43606305
1665100800,19963.75,20065.26,19325,19533.05,34938.97272677
1665187200,19531.68,19628.78,19250,19419.39,9745.2545363
1665273600,19421.49,19563.28,19321,19443.47,12537.63788265
1665360000,19442.7,19528.04,19028.08,19132.83,26596.56843638
1665446400,19130.8,19265.69,18855.19,19058.11,36248.01909763
1665532800,19058.42,19235.26,18971.51,19155.92,24862.65344825
1665619200,19153.97,19509.23,18131,19378.65,49160.49651762
1665705600,19375.55,19954.14,19076.83,19178,46208.33260444
1665792000,19179.15,19229.12,18983,19070.24,9062.82835275
1665878400,19070.62,19425.49,19065.23,19264.44,8310.92834083
1665964800,19261.62,19679.46,19154.72,19550.4,24137.12482696
1666051200,19550.39,19702.73,19091.77,19328.76,27645.59742478
1666137600,19328.75,19361,19062.1,19124.18,22284.13292808
1666224000,19123.77,19349.04,18905,19042.48,28405.7559743
1666310400,19043.66,19254.52,18659,19166.45,24206.36088454
1666396800,19164.92,19257.66,19110.46,19209.1,7044.99034028
1666483200,19209.09,19698.1,19070.92,19572.44,12086.31175412
1666569600,19572.2,19603.57,19159.35,19330.41,29432.58356293
1666656000,19332.11,20420.88,19240.76,20086.28,42452.33701168
1666742400,20086.27,21022.81,20055.85,20775.4,43618.9919315
1666828800,20773.59,20878.17,20196.01,20296.97,34123.58255469
1666915200,20295.77,20755.09,20000,20597.91,29581.75150226
1667001600,20597.34,21080,20561.2,20823.53,19822.75126022
1667088000,20822.38,20939.35,20523.92,20630.68,13737.38848362
1667174400,20629.21,20837.68,20237,20489.94,22222.73611567
1667260800,20489.55,20691,20326.55,20479.63,21147.00854592
1667347200,20480.34,20805,20059.53,20151.4,43913.21904186
1667433600,20151.29,20390.82,20032.02,20206.88,26837.37211156
1667520000,20208.02,21298.76,20181.61,21144.2,42027.16281295
1667606400,21149.03,21478.8,21082.54,21300.45,14076.70487828
1667692800,21300.45,21365.89,20886.26,20909.17,10958.4932636
1667779200,20908.15,21069.46,20394.34,20593.49,25279.82916936
1667865600,20593.34,20675,17500,18550.25,84056.63082724
1667952000,18546.07,18590.34,15512,15891.96,119633.96194081
1668038400,15894.77,18140.62,15720,17553.89,91496.98548059
1668124800,17555.44,17641.32,16336.05,17013.62,64776.6547934
1668211200,17014.78,17067.7,16595.25,16783.33,23830.0578576
1668297600,16783.32,16926.57,16214.95,16301.39,23266.69734743
1668384000,16298.75,17169.68,15790.25,16590.73,55601.93469977
1668470400,16588.41,17107.88,16502.85,16877.93,48155.32053543
1668556800,16879.37,16994.31,16358.66,16645.24,37249.70414522
1668643200,16646.58,16736.7,16396,16680.47,22484.77507436
1668729600,16680.47,16984.08,16526.28,16680.59,26970.34405749
1668816000,16678.85,16802,16534.83,16683.02,9396.04770097
1668902400,16680.7,16733.19,16154.65,16252.53,16685.1909604
1668988800,16252.43,16279.99,15460,15760.14,43799.91803333
1669075200,15758.96,16294.5,15596.22,16199.71,44555.90690195
1669161600,16201.15,16700,16142.99,16587,37143.06609396
1669248000,16585.83,16797.28,16450.62,16587.61,21819.50497344
1669334400,16587.6,16610.08,16333,16510.9,20800.91157317
1669420800,16510.9,16693.18,16376.1,16450.93,12308.57070713
1669507200,16450.32,16589.43,16395,16419.88,10825.69525321
1669593600,16421.63,16478.32,15992.64,16206.3,30336.24756667
1669680000,16206.23,16541.72,16092.53,16438,21901.9847881
1669766400,16437.94,17259.37,16423.37,17167.33,42517.61172285
1669852800,17165.44,17317.8,16855,16980.08,31798.99151828
1669939200,16980.07,17108.25,16791.02,17094.71,23096.43686725
1670025600,17094.25,17158.42,16863.58,16888.53,14081.4506716
1670112000,16889.17,17199.99,16882.86,17108.9,16961.10828839
1670198400,17108.9,17424.59,16865.22,16966.05,33618.45109026
1670284800,16966.05,17111.35,16904.04,17089.05,26693.6101171
1670371200,17089.18,17140.22,16679.52,16840,22635.46848793
1670457600,16839.76,17300.59,16738,17226.01,23533.23453743
1670544000,17226.03,17352.62,17060.69,17130.59,20976.63699864
1670630400,17130.49,17227.64,17093.42,17128.1,7860.58687575
1670716800,17128.1,17271.92,17073.19,17085.21,9948.85267032
1670803200,17085.62,17244.63,16875.83,17211.66,20659.65709227
1670889600,17212.9,17999.99,17089.17,17773.18,38316.03172467
1670976000,17772.98,18385.36,17660.93,17804.97,49295.42072146
1671062400,17805.36,17856.26,17275.02,17357.96,37834.73808374
1671148800,17359.1,17525,16529.53,16632.64,47159.86300655
1671235200,16634.29,16799.99,16585.64,16782.25,18446.6836015
1671321600,16782.23,16875,16663.76,16741.16,11073.43886205
1671408000,16742.33,16822.84,16273.4,16439.74,26856.08598724
1671494400,16439.98,17060.86,16398.22,16897.65,34330.28235168
1671580800,16896.17,16926.05,16725.78,16826.56,16743.62189364
1671667200,16825.18,16868.82,16560.84,16815.51,21269.7673979
1671753600,16815.28,16943.29,16719.57,16777.21,21958.88697726
1671840000,16777.88,16863.62,16775.88,16837.12,9502.80320659
1671926400,16837.24,16853.88,16720.89,16829.02,7065.21656572
1672012800,16829.19,16939.81,16787.97,16917.96,8493.27661167
1672099200,16916.66,16967,16585.97,16698.73,17482.09318834
1672185600,16698.31,16777.35,16460,16539.66,23345.55126307
1672272000,16539.66,16654.81,16479.5,16627.54,20088.46487471
1672358400,16627.36,16649.99,16326.16,16600.1,26532.28003447
1672444800,16599.98,16634.42,16462.49,16530.35,15414.5294044
1672531200,16531.83,16621,16490,16611.58,10668.73697739
1672617600,16611.9,16789.99,16542.52,16666.95,13560.46017964
1672704000,16666.86,16772.3,16600,16669.47,17612.35527749
1672790400,16668.95,16988,16645.87,16844.42,25922.70680625
1672876800,16844.4,16872.13,16750.07,16825.69,14918.22913349
1672963200,16825.53,17027.11,16670.82,16948.06,24235.38704157
1673049600,16948,16977.76,16903.58,16942.37,5680.11799379
1673136000,16942.37,17167.52,16910.41,17125.18,9195.45985397
1673222400,17125.17,17396.25,17102.97,17177.98,33252.15435855
1673308800,17177.94,17494.37,17145.1,17443.5,24901.57485784
1673395200,17443.5,17998,17315.08,17944.27,27251.01602186
1673481600,17944.15,19115.85,17904.83,18847.75,61938.44269045
1673568000,18847.77,20000,18714.8,19934.88,55049.6223488
1673654400,19934.07,21321.98,19893.25,20957.02,58239.87328811
1673740800,20956.2,21057.3,20560.16,20879.7,25709.30241812
1673827200,20879.67,21465.62,20611.45,21187.5,41151.35428763
1673913600,21191.46,21595,20844.73,21136.33,32656.47978348
1674000000,21135.01,21650.21,20370.01,20674.29,34600.25647175
1674086400,20674.03,21197,20656.52,21084.22,23436.75404601
1674172800,21084.05,22754.73,20865.64,22669.81,32810.59587882
1674259200,22671.09,23375.6,22432.45,22789.37,32657.60500465
1674345600,22789.34,23082.82,22298.15,22714.87,25548.28914044
1674432000,22714.81,23180.55,22500.01,22920.29,32380.77464386
1674518400,22920.67,23165.56,22460.17,22636.17,39180.10567306
1674604800,22636.19,23824.66,22326.24,23062.36,38496.91631901
1674691200,23062.36,23287.38,22853.61,23010.47,30187.01702655
1674777600,23011.37,23511.9,22540.76,23084.4,27185.13487749
1674864000,23084.38,23196.99,22884,23028.95,7466.33930339
1674950400,23029.56,23966,22974.75,23745.8,20952.76361397
1675036800,23744.34,23802.99,22500,22836.03,34312.28644397
1675123200,22836.03,23313.23,22719.68,23128.86,22721.77475761
1675209600,23127.15,23813.57,22760,23735.97,20292.22416962
1675296000,23735.97,24262.18,23367.87,23493.84,16368.92138269
1675382400,23497.29,23720,23208.01,23433.54,14215.66842983
1675468800,23433.47,23589.67,23257.71,23328.87,3567.13007478
1675555200,23329.47,23433.2,22758.01,22936.34,6574.34533251
1675641600,22936.34,23163.05,22637.51,22764.07,12149.94486314
1675728000,22763.42,23348.73,22748.11,23244.67,9803.34759825
1675814400,23244.64,23451.01,22669.09,22964.38,7693.59195866
1675900800,22963.91,23011.18,21700,21800.63,19277.239648
1675987200,21800.62,21942.41,21467.43,21628.97,12641.59512641
1676073600,21628.97,21904,21605.35,21863.73,4695.91143894
1676160000,21863.73,22091.88,21631,21789.8,5990.68642903
1676246400,21789.79,21903.03,21366.45,21789.14,13246.3049252
1676332800,21789,22331.76,21545.67,22206.27,14879.72784164
1676419200,22206.26,24386.5,22054.17,24329.04,23427.35072192
1676505600,24326.95,25256.83,23510.73,23516.15,30034.93494269
1676592000,23516.95,25025,23344.12,24577.6,22795.35234631
1676678400,24577.6,24879.33,24407.67,24636.23,6191.17379627
1676764800,24635.85,25200,24192.7,24281.31,9733.21021005
1676851200,24278.81,25128.11,23841.08,24844.97,13977.17943437
1676937600,24844.21,25288.88,24153.96,24454.43,16495.25564236
1677024000,24454.08,24480,23581.64,24184.44,17390.31077874
1677110400,24184.9,24600.95,23612.59,23943.32,16847.70433307
1677196800,23943.32,24132.67,22520,23186.88,20933.97488913
1677283200,23186.88,23220.56,22716.47,23159.71,5937.43847794
1677369600,23159.71,23689.77,23052.78,23556.83,6063.45918348
1677456000,23556.83,23895.51,23109.06,23489.52,12098.67253518
1677542400,23490.01,23597.98,23027.24,23145.32,9516.02766667
1677628800,23144.37,23999.99,23025.17,23631.52,12151.84539817
1677715200,23632.12,23798.62,23196.09,23468.24,9239.93644458
1677801600,23468.79,23477.28,21988.02,22358.18,21715.09355721
1677888000,22358.18,22409.82,22150.71,22350.95,2266.21497947
1677974400,22349.74,22654.64,22195.13,22432.69,5291.96467583
1678060800,22431.99,22599.99,22264.73,22410.31,10660.04864303
1678147200,22410.13,22557.03,21932.74,22198.48,10381.24422759
1678233600,22198.09,22281.55,21580.84,21698.37,13343.72575834
1678320000,21699.41,21825.53,20050,20367.01,21326.08097071
1678406400,20366.97,20369.78,19568.52,20230.08,32126.59207482
1678492800,20230.07,20964.5,19900.5,20620.54,18920.85100043
1678579200,20619.34,22276.69,20446.24,22219.08,19165.53317335
1678665600,22216.02,24710,21882.63,24220,38654.82408388
1678752000,24220,26553.9,24052,24762.65,44100.36444555
1678838400,24761.61,25300,23931.01,24377.16,30128.4276161
1678924800,24377.16,25235.28,24207.54,25051.85,20754.42573365
1679011200,25052.11,27834.54,24946.86,27453.62,40752.19373629
1679097600,27453.75,27780,26652.45,26980.35,18096.24372219
1679184000,26980.35,28478,26904,28054.46,16897.41761964
1679270400,28058.15,28578.63,27218.36,27823.32,23782.6567676
1679356800,27822.85,28605.32,27414.77,28207.33,16193.18924882
1679443200,28201.22,28937.73,26678.16,27325.15,33974.43697526
1679529600,27324.05,28839.68,27189.19,28352.94,26698.29660165
1679616000,28352.95,28433.34,27027.88,27489.24,22190.91292623
1679702400,27489.24,27818.67,27184.78,27488.18,9655.9494554
1679788800,27489.56,28230.32,27445.04,27992.9,9800.64299441
1679875200,27995.27,28053.26,26525,27142.87,17268.16335715
1679961600,27142.85,27519.99,26640,27274.15,14103.92919115
1680048000,27274.18,28654.06,27255.42,28359.54,17710.8595857
1680134400,28359.54,29190.04,27693.7,28035.48,20972.43924037
1680220800,28034.88,28650.2,27512.97,28474.4,18917.3621471
1680307200,28475.41,28826.45,28223.76,28471.46,6988.04239657
1680393600,28471.03,28544.21,27862.69,28188.34,6707.97702984
1680480000,28188.34,28525,27227.61,27811.77,16192.03702141
1680566400,27809.55,28450,27670.24,28179.64,13261.95025317
1680652800,28178.66,28799.99,27817.32,28175.37,15066.72449529
1680739200,28175.27,28199.11,27716.77,28053.46,10291.80646097
1680825600,28052.74,28120.71,27790.21,27931.94,5847.77200458
1680912000,27930.12,28175.89,27881.01,27958.81,3854.33490363
1680998400,27958.19,28547.67,27814,28340.99,6136.4286229
1681084800,28342.28,29794.47,28162.49,29660.41,15752.30418782
1681171200,29657.7,30584.58,29612.3,30227.19,18637.22157812
1681257600,30227.18,30517,29675,29912.2,14961.08403219
1681344000,29912.2,30627.05,29878.08,30406.78,12505.27274115
1681430400,30410.03,31050,30000,30492.92,19793.55777592
1681516800,30492.91,30622.38,30231.76,30324.11,5486.7222394
1681603200,30325.07,30572.1,30148.28,30326.09,6230.24911461
1681689600,30321.41,30340.21,29251.71,29449.91,13418.0380446
1681776000,29449.91,30500,29103.89,30393.4,12649.52217446
1681862400,30394.5,30430.72,28595.28,28809.72,20951.87851572
1681948800,28809.71,29102.69,27991.32,28248.18,17007.31210311
1682035200,28248.18,28371.88,27133,27253.85,19665.99126045
1682121600,27252.96,27887.78,27133,27821.41,7556.85769964
1682208000,27820.99,27820.99,27333.2,27592.98,6255.76778325
1682294400,27592.7,28000,26965.14,27515.05,12258.59093046
1682380800,27513.85,28400,27194.51,28304.42,12013.57991051
1682467200,28304.42,30050.66,27230.77,28426.08,31636.39150463
1682553600,28428.86,29900,28387.07,29483.72,24310.36359778
1682640000,29486.97,29606.45,28900,29338.63,14184.03938836
1682726400,29339.47,29470,29057.3,29249.35,4909.72717806
1682812800,29249.24,29969.99,29095.92,29247.14,6837.06831371
1682899200,29240.49,29348.6,27664.31,28077.27,17953.11670042
1682985600,28077.44,28899.99,27871.44,28684.4,13258.60505694
1683072000,28683.41,29276.12,28122,29038.75,15605.28754268
1683158400,29039.36,29383.5,28674.58,28857.23,10407.16067489
1683244800,28857.88,29706.57,28810,29536.76,14691.1261171
1683331200,29538.87,29850,28394,28902.66,8546.79874854
1683417600,28901.3,29189.71,28429.12,28474.53,5884.67007423
1683504000,28472.68,28676.38,27279.66,27695.06,15859.41839592
1683590400,27693.24,27833.64,27367.01,27647.29,8888.42683618
1683676800,27647.29,28334.75,26800,27624.01,18590.96989908
1683763200,27621.5,27649.85,26702,26986.56,13438.74631738
1683849600,26986.79,27099.21,25810,26808.84,18458.49543497
1683936000,26808.8,27060.24,26700,26789.48,4782.64422745
1684022400,26786.99,27221.51,26581.52,26929.98,4393.20531359
1684108800,26929.98,27678.73,26740.95,27171.13,11889.94842508
1684195200,27165.26,27302.99,26860.12,27037.68,11209.90767959
1684281600,27037.72,27516.58,26543.87,27407.77,13308.63176925
1684368000,27407.76,27487.71,26361.52,26820.49,12604.94858584
1684454400,26819.64,27190.35,26632.73,26890.27,7587.52629065
1684540800,26890.27,27178.99,26836.21,27113.61,3127.42757901
1684627200,27113.97,27288.02,26667.63,26752.65,5534.52475759
1684713600,26751,27105.63,26536.99,26854.73,8554.42214009
1684800000,26854.09,27500,26803.46,27223.22,11594.53703302
1684886400,27222.86,27225,26070.04,26321.4,17340.61730838
1684972800,26321.42,26625.93,25864.35,26479.06,12094.45706071
1685059200,26479.15,26950,26334.33,26714.86,9858.60032184
1685145600,26711.56,26943.6,26559.96,26867.99,3348.37908169
1685232000,26870.13,28277.56,26780.11,28070.04,9725.64198967
1685318400,28070.04,28473.93,27534.81,27744.82,11355.24110493
1685404800,27744.81,28057.23,27555,27700.15,12024.45830459
1685491200,27700.68,27844.89,26842.94,27223.08,15163.06255735
1685577600,27221.54,27360.31,26615,26828.42,11927.59445097
1685664000,26827.73,27307.44,26508,27250.69,12206.16873203
1685750400,27252.67,27341.13,26923.35,27077.6,3589.32341986
1685836800,27078.27,27466.83,26958.98,27122.04,4115.09881956
1685923200,27122.03,27137.75,25391.43,25741.5,16641.46931851
1686009600,25741.5,27368.67,25351.92,27243.63,18531.05925936
1686096000,27243.45,27402.79,26121.06,26346.41,16094.37567105
1686182400,26347.09,26820.3,26212.63,26508.32,8160.84833962
1686268800,26505.71,26780.4,26283.5,26482.81,10536.83247431
1686355200,26482.8,26534.95,25385.52,25856.1,16967.73205546
1686441600,25856.1,26219.1,25648,25937.02,8653.83803604
1686528000,25936.98,26108.64,25616.98,25905.82,10491.06768405
1686614400,25905.99,26435.81,25710.78,25930.23,14396.74678337
1686700800,25929.35,26090,24821,25123.34,14480.51749351
1686787200,25123.41,25749.99,24750,25569.99,18601.18891862
1686873600,25569.99,26486.56,25143.24,26329.6,16632.7425402
1686960000,26329.6,26783.2,26165.98,26506.56,7209.4251028
1687046400,26507.97,26693.11,26245.27,26336.46,5233.68378154
1687132800,26336.46,27040.64,26250,26837.78,9643.06748389
1687219200,26839.04,28417.11,26637.41,28320.43,28704.55295587
1687305600,28320.41,30800,28271.67,29995.08,31445.78143275
1687392000,29999.85,30513.25,29539.57,29886.31,18457.66785815
1687478400,29886.25,31443.67,29802.65,30707.61,22659.54058513
1687564800,30709.59,30815.92,30265.88,30547.18,6883.28318615
1687651200,30547.3,31057.86,30288.33,30480.24,6265.47434464
1687737600,30480.24,30662.66,29900,30272.18,12491.83081677
1687824000,30272.24,31020.54,30228.44,30697.38,11995.526853
1687910400,30696.06,30716.93,29840,30074.94,9391.66542094
1687996800,30074.93,30838,30036.18,30446.47,12261.34048625
1688083200,30445.67,31277,29417.14,30466.72,26013.22734909
1688169600,30466.73,30659.33,30312.8,30587.21,4012.76538882
1688256000,30587.22,30791.75,30165.39,30613.51,4829.83871313
1688342400,30613.57,31399.08,30569,31161.8,11391.98257522
1688428800,31162.71,31333,30628.3,30771.25,7233.95188576
1688515200,30772.93,30882.95,30189.56,30499.27,8782.6192239
1688601600,30499.27,31525.1,29850,29899.38,17229.92231032
1688688000,29895.6,30456,29715.87,30352.08,11137.14221055
1688774400,30350.35,30388.91,30047.78,30291.69,3856.11078847
1688860800,30291.69,30451.78,30066.95,30168.38,3884.04687903
1688947200,30168.26,31055.75,29955,30419.89,12703.78162563
1689033600,30419.89,30811.65,30304.45,30626.55,10653.5761104
1689120000,30624.65,31000,30200,30381.81,14881.70511963
1689206400,30383.26,31862.21,30250.73,31471.83,26135.6192364
1689292800,31471.83,31645.66,29920.31,30330.52,19272.20339271
1689379200,30330.93,30406.27,30254.67,30301.65,2559.07232743
1689465600,30302.01,30457.03,30075.93,30247.64,4021.41012275
1689552000,30247.56,30345.45,29668.58,30143.08,10632.8066781
1689638400,30143.08,30249.3,29525,29861.93,11124.83936583
1689724800,29861.92,30196.24,29757.44,29916.72,8804.54675154
1689811200,29916.69,30421.29,29564.19,29809.13,11494.95348803
1689897600,29809.13,30060.28,29729.48,29907.98,7598.61053359
1689984000,29907.15,30002.38,29626.86,29795.03,3629.48251055
1690070400,29793.62,30350.7,29733.55,30081.61,4513.83214295
1690156800,30081.61,30099.99,28850,29176.98,14484.27557634
1690243200,29176.98,29376.51,29046,29225.14,7140.85368901
1690329600,29225.11,29686.41,29089.54,29353.23,9635.09206614
1690416000,29350.88,29571.42,29075,29214.92,7327.4507106
1690502400,29214.93,29532.45,29115.32,29316.15,7105.49434797
1690588800,29316.05,29411.09,29253.44,29355.71,2893.05298823
1690675200,29356.65,29450,29033,29281.39,4387.57256615
1690761600,29280.41,29526.99,29102.65,29230.67,8793.83887155
1690848000,29230.61,29726.73,28477,29697.27,17751.31113096
1690934400,29699.25,30033,28903.79,29164.22,17967.34799565
1691020800,29163.87,29399.97,28938.93,29174.18,8920.01477716
1691107200,29174.84,29312.28,28747.1,29076.48,7291.14687702
1691193600,29077.04,29111.87,28946.17,29047.12,2490.84710469
1691280000,29047.33,29163.24,28955,29040.01,2461.64012073
1691366400,29040.01,29246,28660.53,29179.21,9200.08523317
1691452800,29179.28,30222,29104.65,29770.01,15610.25491294
1691539200,29770.01,30128.88,29344.16,29562.76,10451.45167511
1691625600,29562.76,29709.38,29306,29424.03,7104.55622213
1691712000,29424.04,29534.14,29213.59,29400.45,5961.21744691
1691798400,29400.45,29477.31,29349.98,29416.96,1906.1707986
1691884800,29417.19,29447.6,29247.15,29275.94,2128.37437697
1691971200,29275.78,29665.27,29072.96,29405.49,7063.46806345
1692057600,29405.49,29464.62,29046.58,29170.14,5815.32226178
1692144000,29170.13,29231.92,28690.37,28700.51,9669.42535941
1692230400,28700.51,28751.84,25234.76,26627.57,27723.2108711
1692316800,26627.21,26834.37,25610,26048.89,21190.13041519
1692403200,26048.9,26269.11,25793.11,26096.42,6554.05344759
1692489600,26096.4,26296.78,25975.01,26189.14,4345.07228674
1692576000,26189.36,26260.25,25814,26125.18,9936.98111023
1692662400,26125.16,26137.99,25350,26042.11,12418.87289323
1692748800,26041.94,26818.28,25796.47,26427.54,15743.86437208
1692835200,26427.73,26567.38,25850,26163.49,10002.33992977
1692921600,26163.49,26294.53,25750,26049.39,10926.33773703
1693008000,26049.4,26115.44,25971.44,26009.61,1862.15021008
1693094400,26009.62,26171.87,25961.81,26091.16,2069.84831133
1693180800,26091.16,26232.88,25850,26101.04,5460.42038393
1693267200,26101.03,28184.89,25903.18,27717.98,21402.10102797
1693353600,27717.15,27775,27015.75,27306.06,9793.95679478
1693440000,27306.06,27576.99,25660.61,25932.45,14462.02738125
1693526400,25931.51,26142.28,25307.37,25794.88,14995.72610123
1693612800,25795.61,25982.48,25707.3,25867.83,3810.77429103
1693699200,25867.82,26123,25792.29,25969.83,3434.5195669
1693785600,25969.83,26093.07,25627,25816.13,4635.8154655
1693872000,25816.14,25884.04,25551.36,25783.91,6051.14811848
1693958400,25782.49,26025.78,25358,25747.63,9374.33792185
1694044800,25747.63,26440.55,25595.8,26276.3,10885.13902329
1694131200,26276.38,26460.41,25640.1,25906.34,11149.95850667
1694217600,25906.33,25942.69,25791.45,25897.82,2225.82211069
1694304000,25897.82,26023.89,25578.01,25831.76,4361.60285333
1694390400,25831.77,25891.6,24900,25152.14,13404.11510617
1694476800,25152.13,26556.91,25120.76,25840.61,19789.48058328
1694563200,25839.95,26413.59,25763.43,26226.65,10099.7383701
1694649600,26227.16,26869.06,26128.25,26532.76,12929.08237721
1694736000,26532.5,26892.65,26213.96,26602.42,9345.93913701
1694822400,26601.71,26777,26453.32,26569.69,4132.04817572
1694908800,26569.69,26626.49,26405.04,26530.95,3252.26976131
1694995200,26530.96,27427.34,26382.13,26764.49,17493.70820354
1695081600,26764.03,27500,26666.93,27216.13,14386.07884728
1695168000,27216.52,27393.78,26798.98,27123.94,11590.24027633
1695254400,27122.65,27163.48,26359.7,26564.54,11801.98943642
1695340800,26564.54,26742.86,26467.94,26578.4,8563.0523313
1695427200,26578.4,26638.58,26513,26579.6,2597.25705711
1695513600,26579.59,26731.1,26118.86,26250.24,4587.80529114
1695600000,26248.17,26444.95,25983.78,26296.08,10762.98401397
1695686400,26296.07,26397.59,26080,26208.44,7016.42122845
1695772800,26208.43,26830,26088.37,26357.62,14123.89690964
1695859200,26357.56,27313.86,26321.37,27027.14,18975.87763693
1695945600,27027.44,27238.9,26661.71,26907,12712.27177691
1696032000,26905.57,27097.25,26884.86,26961,4413.30948101
1696118400,26961,28062.62,26955.25,27995.46,8747.06888783
1696204800,27995.46,28613.37,27302.3,27504.04,25148.25341854
1696291200,27504.03,27672.12,27160.47,27428.96,14334.10857629
1696377600,27428.96,27842.38,27208.65,27786.75,10238.17053376
1696464000,27786.12,28140,27358.05,27412.96,14136.04783544
1696550400,27413.15,28288.88,27173.41,27945.17,12908.75146274
1696636800,27945.17,28040.84,27861.2,27976.43,3489.91595717
1696723200,27976.44,28109.94,27708.6,27933.55,4118.56381073
1696809600,27933.54,28003.7,27268.63,27596.67,10218.62556021
1696896000,27596.67,27739.94,27291.81,27393.29,10265.79357936
1696982400,27393.28,27478.61,26521.32,26869.19,16466.26612207
1697068800,26867.97,26939.55,26537.72,26750.51,7881.21504857
1697155200,26752.06,27122.24,26662.62,26863.53,8694.60097059
1697241600,26863.54,26988.12,26797,26851.71,2786.76009652
1697328000,26851.71,27301.37,26806.06,27186.13,6215.85130529
1697414400,27186.13,30000,27135.92,28520.24,36471.7502374
1697500800,28520.24,28637.21,28083.19,28408.83,14171.43180714
1697587200,28408.51,28999.98,28151.6,28326.51,11820.68114047
1697673600,28326.24,28938.96,28122.57,28735.34,12662.68000489
1697760000,28734.51,30248,28591.85,29684.73,20095.91529217
1697846400,29684.73,30369,29475.06,29924.84,6369.9347533
1697932800,29925.91,30275,29670,30004.15,5720.28965895
1698019200,30004.14,35000,29890.89,33087.58,33228.46734771
1698105600,33079.72,35157.23,32851.45,33922.52,38506.35962554
1698192000,33921.66,35144,33690.91,34506.35,18668.45817435
1698278400,34504.33,34843.04,33735.86,34154.71,15867.44697165
1698364800,34153.35,34249.99,33400,33906.09,13879.04330119
1698451200,33905.96,34500,33867.38,34085.42,4372.52724873
1698537600,34085.42,34763,33937.31,34534.48,5547.09585659
1698624000,34534.48,34871,34077.9,34493.79,10183.77616922
1698710400,34493.51,34732.18,34038.79,34656.4,9282.02866788
1698796800,34656.38,35647.19,34079.46,35440.1,16197.45981756
1698883200,35440.1,35997.8,34311.73,34950,13455.65527035
1698969600,34947.92,34954.6,34100,34731.27,13961.70014519
1699056000,34730.32,35278.4,34599.85,35087.01,4696.70148339
1699142400,35087.43,35410,34500,35035.42,5892.67329337
1699228800,35035.79,35294.12,34753.66,35059.46,7088.27153194
1699315200,35059.46,35963,34530.67,35416.28,13841.59195597
1699401600,35416.63,36113.59,35103.14,35639.13,12253.15808483
1699488000,35639.13,37999,35555.16,36706.59,29045.85195583
1699574400,36704.01,37548.8,36334.46,37324.83,15183.168535
1699660800,37324.84,37424.03,36701.5,37139.12,5344.45382766
1699747200,37139.94,37247,36740.9,37086.03,3317.50278576
1699833600,37086.5,37442.48,36351,36475.67,10543.29564712
1699920000,36475.68,36756.16,34758.64,35554.09,16008.49077729
1700006400,35554.1,37987,35358.45,37885.35,19941.6757032
1700092800,37885.35,37958.75,35511.11,36161.15,18455.96829165
1700179200,36161.15,36831.99,35869,36630.38,12218.85138403
1700265600,36631.56,36857.15,36205.89,36594.89,3468.39821362
1700352000,36596.14,37546.62,36404.52,37391.19,4366.44892344
1700438400,37389.06,37784.07,36720,37475.64,14114.01039926
1700524800,37472.76,37675.77,35744.9,35751.89,20837.73934338
1700611200,35755.33,37875,35633,37424.31,17606.97239528
1700697600,37424.31,37653.67,36888,37304.05,7211.31754936
1700784000,37304.04,38454,37257.56,37745.84,17507.8900414
1700870400,37746.29,37920.27,37615.91,37805.99,3567.42244915
1700956800,37806.84,37842.17,37156.72,37462.79,6113.0562518
1701043200,37462.01,37578.42,36715.1,37241.63,13510.45476059
1701129600,37241.64,38425.96,36873.55,37838.26,18156.47258233
1701216000,37838.26,38480,37581.93,37863.84,15162.68883049
1701302400,37864.79,38152.18,37500,37732.27,8081.19248391
1701388800,37732.27,39000,37618.25,38703.54,16395.90197806
1701475200,38706.55,39740,38660.03,39478.95,7540.7688183
1701561600,39467.42,40221.22,39293.02,39984.81,7153.15663784
1701648000,39984.81,42410.46,39983.6,41987.24,21993.05995554
1701734400,41985.53,45000,41384.03,44084.39,24018.76035474
1701820800,44086.33,44290.37,43369,43764.05,15977.55938336
1701907200,43766.41,44057.23,42846.53,43280.95,13055.36691088
1701993600,43281.11,44754.99,43087.17,44192.87,13579.40860176
1702080000,44192.86,44384.68,43586.14,43723.25,5469.40708431
1702166400,43722.84,44049.51,43562.06,43793.68,3919.09423649
1702252800,43793.67,43811.81,40150,41229.61,25524.67094691
1702339200,41229.61,42088.56,40636.51,41477.39,13414.86773655
1702425600,41477.6,43475,40553.15,42885.54,15798.66423037
1702512000,42887.39,43442.15,41426.76,43027.77,15434.25971384
1702598400,43027.77,43095.71,41640.51,41933.89,10861.72864667
1702684800,41934.84,42680.2,41626.66,42237.29,5315.65582307
1702771200,42235.23,42367.82,41222,41349.59,6649.06495765
1702857600,41349.59,42754.79,40508.01,42650.01,13394.33474824
1702944000,42650.01,43461.86,41780,42266.22,13403.93447528
1703030400,42266.25,44324.86,42184.48,43674.77,19307.1089644
1703116800,43673.11,44250,43295.78,43875.32,13170.9728222
1703203200,43875.56,44424.36,43412.82,44013.73,10733.55348079
1703289600,44013.65,44033.84,43333.35,43726.35,4075.08953972
1703376000,43728.36,43985.67,42614.17,43025.03,4947.00165569
1703462400,43025.02,43818.29,42755.35,43589.67,4799.73104807
1703548800,43589.67,43605,41600.67,42515.53,13035.02745535
1703635200,42521.21,43709.98,42111.47,43474.4,12917.48404475
1703721600,43469.06,43830.34,42265.08,42581.23,13583.91599843
1703808000,42581.23,43137.1,41300,42063.45,16756.43323881
1703894400,42064.22,42593.73,41518.19,42141.03,11609.82377015
1703980800,42139.32,42850,41964.68,42288.06,11397.57303743
1704067200,42288.58,44240.8,42175.65,44220.78,7977.72851143
1704153600,44220.78,45925.82,44195.13,44972.8,29583.38407747
1704240000,44972.81,45519.32,40625.68,42862.44,32281.85234351
1704326400,42860.58,44800,42650,44193.29,18193.81684353
1704412800,44198.35,44443.37,42450,44186.59,18073.09561495
1704499200,44187.76,44260.95,43436.5,43992.44,5691.43460343
1704585600,43992.79,44510.01,43629.7,43950.28,5931.34650683
1704672000,43954.52,47330,43200.44,46995.1,26447.17326625
1704758400,46995.09,47901,44701.54,46124.08,26305.56366042
1704844800,46120.79,47732.5,44320.01,46666.11,36534.39765866
1704931200,46678.54,49102.29,45555.55,46342.66,38150.89478822
1705017600,46344.96,46522.2,41444.97,42773.03,46862.43347199
1705104000,42775.1,43250,42427,42839.33,10998.76404264
1705190400,42839.32,43064.13,41680.73,41697.33,7834.26155365
1705276800,41698.13,43331.91,41680,42490.16,10869.45830576
1705363200,42481.69,43569.23,42028.02,43130.45,18180.4405406
1705449600,43130.35,43185.47,42160,42739.49,16381.8407159
1705536000,42737.68,42877.22,40600.05,41293.5,25097.42399202
1705622400,41290.57,42159.52,40236.49,41624.07,22745.55271173
1705708800,41623.94,41846.15,41418.55,41666.67,4836.63124969
1705795200,41666.67,41858.59,41472.49,41554.05,3138.26294449
1705881600,41553.92,41658,39372.44,39524.27,26539.34338688
1705968000,39524.27,40144.49,38501,39878.3,21966.56334645
1706054400,39878.28,40527.26,39382.15,40077.78,17438.97734668
1706140800,40079.87,40282.87,39503,39941.66,12978.7331205
1706227200,39941.66,42243.14,39805.95,41814.8,19359.37921096
1706313600,41814.96,42199.99,41383.94,42126.55,3774.45056434
1706400000,42126.55,42839.07,41617.53,42034.59,4298.44263812
1706486400,42034.57,43326.77,41787.35,43306.18,12529.09255982
1706572800,43303.3,43872.99,42680.2,42942.78,16384.61219735
1706659200,42937.72,43741.94,42265.77,42548.08,15320.62044085
1706745600,42545.47,43276.19,41846.04,43078.81,11526.63383073
1706832000,43080.38,43700,42527.58,43181.66,12202.24125895
1706918400,43183.62,43358.13,42863.58,43010.67,2254.45335539
1707004800,43007.82,43100,42228.01,42568.55,2643.251649
1707091200,42571.91,43520,42235,42657.67,8756.87806894
1707177600,42658.3,43372.79,42516.07,43095.79,7940.36830921
1707264000,43097.16,44430,42760.44,44343.61,12440.36853251
1707350400,44345.94,45637.38,44335,45305.2,19283.80580787
1707436800,45304.83,48230.02,45252.93,47160.41,22108.85067543
1707523200,47157.01,48179.43,46889.53,47767.06,5663.309891
1707609600,47767.06,48614,47590.3,48316.3,5243.1260706
1707696000,48321.14,50363.42,47715.67,49941.81,18545.08725852
1707782400,49941.95,50423.42,48327.81,49725.36,20471.56790372
1707868800,49724.55,52111,49253.92,51858.59,20249.94369733
1707955200,51858.51,52890,51353.49,51934.29,18465.04404385
1708041600,51935.23,52608.2,51597.87,52162.64,13816.27351282
1708128000,52162.65,52214.05,50642.36,51666.22,5387.3486576
1708214400,51666.23,52400,51174.38,52153.63,3997.17143898
1708300800,52153.63,52501.01,51687.98,51787.05,6009.01451962
1708387200,51787.05,53000,50764.01,52277.52,15888.87599974
1708473600,52277.53,52394.91,50628.6,51851.67,13735.03407249
1708560000,51851.46,52076,50905.65,51258.7,13104.51408087
1708646400,51260.29,51512.68,50513.01,50747.05,11679.16625824
1708732800,50746.98,51696.19,50576.55,51570.65,3448.96576791
1708819200,51568.63,51967.82,51275.01,51731,3617.40106809
1708905600,51730.96,54980,50901.23,54533.48,22422.38763854
1708992000,54530.32,57646.81,54490.8,57077.07,28791.48651731
1709078400,57077.08,64100,56723.48,62518.9,48265.6721171
1709164800,62520.06,63675.48,60355.61,61179.03,36825.89535085
1709251200,61179.03,63267.18,60788.33,62436.72,24696.65692545
1709337600,62439.74,62500,61623.39,62045.78,6882.38410251
1709424000,62045.78,63260,61388,63154.49,7314.17629968
1709510400,63155.74,68602.98,62300,68360.14,40600.36656889
1709596800,68356.7,69324.58,59224.68,63800.78,65575.09537327
1709683200,63802.15,67654.06,62832.39,66122.28,34655.98799427
1709769600,66115.48,68098.09,65599.63,66938.21,22228.36739914
1709856000,66938.21,70199,66157.09,68289.16,33749.52797544
1709942400,68289.16,68700.41,68047.62,68480,9005.50992187
1710028800,68480.01,70000,68221.13,69032.12,12163.05713369
1710115200,69032.8,72943.98,67112.21,72110.98,32332.72583229
1710201600,72110.98,73027.63,68603,71475.93,29420.19277654
1710288000,71473.43,73709.99,71337.3,73135.04,21455.92195688
1710374400,73135.04,73835.57,68454.47,71364.58,34226.602618
1710460800,71364.58,72414.96,65565.7,69506.88,40195.84231178
1710547200,69514.87,70050,64774.05,65254.22,16532.825303
1710633600,65254.22,68877.82,64505,68343.64,12631.85084112
1710720000,68354.29,68933.71,66562.65,67613.04,20057.37580028
1710806400,67609.39,68136.39,61506,61906.27,40111.97553957
1710892800,61902.57,68150,60771.14,67858.8,38590.78345488
1710979200,67855.88,68234.56,64525,65484.7,18523.96247162
1711065600,65478.98,66651.1,62258.36,63814.56,17807.65930238
1711152000,63814.56,66029.09,63013.19,63998.86,7395.08270425
1711238400,63998.87,67637.6,63785.57,67204.93,6535.8276512
1711324800,67212.69,71269.92,66381.84,69890.28,22228.13803338
1711411200,69895.6,71582.96,69269.69,69992.4,15697.73440865
1711497600,69994.9,71789.85,68369.62,69435.96,18703.73738295
1711584000,69437.16,71635.99,68841.01,70801.18,15224.17928189
1711670400,70804.06,70941.7,69036.95,69903.75,7365.03204354
1711756800,69903.74,70363.25,69569.03,69626.87,3262.62331859
1711843200,69623.86,71399.91,69587.86,71288.9,4424.66955382
1711929600,71291.5,71313.8,68055.15,69681.82,13916.60016523
1712016000,69681.85,69711,64521.61,65464.14,23496.58634089
1712102400,65472,66944.06,64500,65987.92,14506.55934744
1712188800,65984.18,69367.19,65073.95,68525.23,18624.08140025
1712275200,68528.69,68783.99,66000,67856.51,15515.82134206
1712361600,67856.51,69685,67469.19,68919.89,3985.44167764
1712448000,68919.57,70312,68846.23,69350.34,5766.41938443
1712534400,69350.36,72777,69037.33,71622.53,16648.69284289
1712620800,71616.31,71761.37,68200,69117.01,15143.52341376
1712707200,69115.79,71159.6,67463.07,70634.04,16655.987797
1712793600,70638.4,71305.86,69530,70020.73,11001.16448135
1712880000,70020.71,71265.74,65110.31,67148.61,23509.75554216
1712966400,67148.62,69100,60822.01,64024.77,27548.47240557
1713052800,64021.36,65890.91,62150,65777.05,21604.05147827
1713139200,65764.56,66928.82,62315.08,63452.18,21672.73701332
1713225600,63452.18,64400,61645.09,63814.94,17710.28213211
1713312000,63814.94,64524.14,59648.33,61279.36,21812.15297865
1713398400,61275.73,64210,60816.07,63513.85,15249.84211445
1713484800,63514.84,65498.99,59573.32,63848.37,22838.07934159
1713571200,63841.96,65463.08,63121.15,64968.87,5157.40726514
1713657600,64960.82,65725.81,64250,64952.92,4487.48723219
1713744000,64952.92,67272.73,64520,66859.17,10977.05178637
1713830400,66856.07,67225.66,65823.66,66414.16,8840.16749844
1713916800,66418,67077.97,63542.56,64255.78,15083.5524347
1714003200,64255.77,65287.69,62747.18,64484.44,13256.29877715
1714089600,64484.44,64810,63287.76,63742.39,10151.96247701
1714176000,63742.39,63900,62389,63422,5312.16741262
1714262400,63422.34,64333.33,62743.81,63108.94,4415.96831554
1714348800,63109.76,64200,61741.01,63844.85,10712.13554316
1714435200,63845.01,64727.81,59040.3,60622.1,21106.65540758
1714521600,60621.2,60785.49,56500,58265.59,26611.9312734
1714608000,58267.81,59641.03,56903.79,59071.89,13593.00905888
1714694400,59070.3,63365.72,58821.05,62913.03,15954.29032707
1714780800,62913.03,64546,62565.82,63902.88,6414.57464352
1714867200,63902.88,64636.75,62908.34,64023.45,4474.5195919
1714953600,64023.45,65523.44,62704.48,63162.24,11241.77217344
1715040000,63161.35,64415.06,62252.64,62315.76,8994.93773002
1715126400,62315.75,63013.05,60851.04,61169.53,7486.42596849
1715212800,61169.53,63424.14,60601.6,63073.57,8360.0553824
1715299200,63073.55,63470,60150,60787.47,11511.12990976
1715385600,60787.99,61482,60450.13,60814.63,2338.06810837
1715472000,60814.64,61843.45,60576.05,61453.02,2694.97577935
1715558400,61453.01,63456.18,60738.51,62932.37,9170.80865115
1715644800,62927.44,63103.02,61024.51,61539.84,13456.61307634
1715731200,61539.7,66480,61299.57,66244.69,21821.38858725
1715817600,66244.68,66772.83,64588.5,65252.18,12012.70197182
1715904000,65252.17,67500,65113.46,67046.33,11710.00723895
1715990400,67046.34,67407.79,66624.06,66923.87,3880.58113972
1716076800,66923.87,67701.91,65852.02,66261.62,3565.11346165
1716163200,66260.04,71560.9,66057.03,71432.17,20415.88691709
1716249600,71432.16,71980,69146.01,70142.84,16102.06132545
1716336000,70142.88,70659.99,68887.52,69109.93,10889.10300904
1716422400,69109.93,70066.95,66259,67940.45,14340.27843589
1716508800,67932.79,69278.75,66587.91,68547.8,10374.95988085
1716595200,68545.52,69605.03,68487.44,69289.67,2501.11901959
1716681600,69289.69,69522,68097.38,68473.72,2037.67329089
1716768000,68470.8,70613.39,68210.12,69368.72,5384.62278063
1716854400,69366.31,69533.96,67194.59,68321.98,11975.93086328
1716940800,68321.99,68864.11,67081.66,67569.45,8970.02059069
1717027200,67569.44,69536.89,67092.91,68338.58,11841.26381893
1717113600,68338.58,69024.71,66584.47,67472.41,10690.85876224
1717200000,67473.07,67837.33,67371.28,67719.29,1949.57008052
1717286400,67719.29,68411,67260,67735.52,2997.15241527
1717372800,67731.14,70295.78,67568,68791,11884.90882705
1717459200,68791.04,71108.9,68542.37,70542.32,18042.19396496
1717545600,70541.68,71804.13,70356.49,71121.11,10123.1802918
1717632000,71120.65,71650.56,70093.98,70773.64,7716.5079994
1717718400,70773.63,71974.04,68298.55,69324.53,13768.98185265
1717804800,69326.71,69546.58,69126.22,69304.05,2631.94610412
1717891200,69303.8,69848.94,69123.99,69637.87,1826.03995531
1717977600,69641.08,70187.53,69141.51,69497.73,6088.40363232
1718064000,69495.97,69547.82,66018.69,67316.53,17354.68915468
1718150400,67316.52,70032,66883.32,68248.6,17140.01139413
1718236800,68248.59,68474.49,66200,66738.85,11916.13211129
1718323200,66746.46,67322.72,65005,66004.39,11520.15791899
1718409600,66004.36,66428.57,65800.86,66192,2004.1421548
1718496000,66192,66931.18,65999,66628.75,2118.65163435
1718582400,66629.38,67274.96,65050,66481.81,14487.64060903
1718668800,66481.81,66574.33,64010.01,65152.8,15937.73176483
1718755200,65150.9,65709.26,64635.48,64943.79,4958.38361329
1718841600,64945.67,66455.52,64500,64840.88,9346.70807899
1718928000,64840.89,65017.1,63300.93,64120.28,9816.79599936
1719014400,64120.28,64523.91,63910.01,64235.01,2324.21500373
1719100800,64235,64499.95,63125.75,63171.43,2054.79092364
1719187200,63169.36,63343.91,58414.28,60263,21418.04594647
1719273600,60262.16,62400,60217.36,61789.71,15201.5824773
1719360000,61794.47,62470,60656.8,60816.68,11392.79835017
1719446400,60818.86,62346.16,60546.94,61615.39,10530.35898848
1719532800,61611.43,62170.62,59868,60313.35,11381.0258738
1719619200,60312.36,61122.66,60273.8,60885.67,3199.03650127
1719705600,60884.44,62942.67,60611.01,62668.26,4263.22924826
1719792000,62669.14,63801.26,62448.46,62830.13,12326.70696465
1719878400,62830.94,63223.57,61000,62040.22,10688.64132628
1719964800,62039.44,62197.01,59332.76,60145.01,12066.71677065
1720051200,60145.01,60429.27,56709.73,57042.14,17969.35692426
1720137600,57036.45,57515.6,53499.9,56639.43,28052.41501655
1720224000,56634.53,58481.97,56020.32,58244.75,6449.32501293
1720310400,58240.36,58448.89,55717.23,55854.09,5320.91645368
1720396800,55852.61,58200,54278.93,56699.43,19043.04861272
1720483200,56701.18,58295.31,56276.37,58047.86,11757.76025902
1720569600,58047.86,59481.93,57157.28,57712.59,11619.63229345
1720656000,57713.4,59533.06,57036.41,57340.77,11433.53379518
1720742400,57343.66,58550,56538.33,57909.03,10516.60400149
1720828800,57908.61,59875,57770.92,59224.58,4255.10545721
1720915200,59224.58,61428.67,59209.2,60808.42,6132.37403058
1721001600,60804.97,64943.61,60666.59,64757.16,20601.73387957
1721088000,64757.16,65405.89,62410.33,65088.99,14691.92002303
1721174400,65086.55,66139,63853.99,64085.81,10647.79709095
1721260800,64085.82,65130.88,63222.6,63982.86,7637.52760383
1721347200,63977.64,67504.22,63289.15,66707.61,15163.05745737
1721433600,66707.61,67635,66271,67163.83,4671.38885135
1721520000,67163.82,68380,65820.18,68181.28,6027.86201344
1721606400,68181.16,68495,66569.42,67558.22,11844.79119584
1721692800,67560.03,67786.84,65444.3,65939.24,10791.03782177
1721779200,65939.24,67131.17,65090.61,65366.4,7702.25551129
1721865600,65358.86,66161.98,63412.46,65795.42,10452.25571747
1721952000,65795.52,68216.66,65705.6,67924.08,9315.20918753
1722038400,67921.46,69418.15,66635.28,67899.41,10233.62198513
1722124800,67901.81,68308.82,67021.8,68244.3,3505.5483691
1722211200,68244.3,70000,66400.01,66771.45,13641.48475825
1722297600,66767.14,66994.15,65283.68,66169.68,8733.57157991
1722384000,66169.68,66837.4,64500,64609.62,8986.37529253
1722470400,64609.61,65593.56,62212.81,65288.18,15636.72205775
1722556800,65293.48,65557.86,61150,61418.06,15390.00963957
1722643200,61418.06,62171.58,59819.13,60674.93,8019.39450918
1722729600,60674.93,61082.3,57123,58130.95,10319.01091658
1722816000,58131.31,58282.83,49050.01,54029.12,59125.78926672
1722902400,54037.9,57091.16,53965.57,56048.08,16897.67519536
1722988800,56048.07,57757.15,54564.15,55148.1,13971.5151871
1723075200,55144.14,62755.24,54737.32,61705.58,20623.04985861
1723161600,61704.05,61764.38,59552.46,60862.13,11569.80744379
1723248000,60864.71,61500,60255.61,60935.02,3157.63609699
1723334400,60935.01,61868.69,58312.63,58722.49,5229.37008498
1723420800,58717.44,60721.77,57653.31,59358.78,12183.92944247
1723507200,59358.78,61615.43,58402.01,60603.19,10879.76363828
1723593600,60603.19,61827.2,58453.56,58690.62,12938.61473824
1723680000,58690.62,59883.49,56120,57543.61,14506.63316989
1723766400,57543.57,59871.61,57096.56,58888.99,11930.21788221
1723852800,58888.99,59711.02,58803.45,59497.49,2787.56355634
1723939200,59497.49,60284.99,58422,58437.9,4325.64817169
1724025600,58436.2,59639.81,57820,59452.67,8539.29378706
1724112000,59455.81,61457.03,58571.96,59017.59,11062.05279919
1724198400,59017.59,61849.98,58793.89,61163.28,13380.11101719
1724284800,61167.54,61430.48,59750,60383.29,9608.6955368
1724371200,60383.28,64987,60343.2,64086.72,17852.77117167
1724457600,64091.63,64529.78,63564.22,64179.63,5020.91676004
1724544000,64179.63,65050.08,63793.74,64251.93,4012.30764642
1724630400,64250.01,64509.36,62806.8,62840,10741.96651081
1724716800,62840.09,63226.26,58025.49,59439.64,14195.89496578
1724803200,59437.68,60236.98,57851.62,59045.88,10001.12169866
1724889600,59047.94,61194.09,58729.39,59364.47,10933.22040343
1724976000,59353.12,59929.63,57700,59112.77,9382.9124508
1725062400,59117.59,59446.99,58739.31,58968.37,1368.21775121
1725148800,58968.37,59070.55,57200,57299,4411.05388122
1725235200,57291.21,59423,57119.01,59139.83,4318.6544603
1725321600,59138.89,59825.7,57394.49,57468.84,8264.44971184
1725408000,57460.5,58531.25,55555,57971,13715.96171494
1725494400,57971,58326.12,55628.04,56156.82,12281.57828747
1725580800,56156.82,56995,52530,53950.01,18495.45064356
1725667200,53950,54847,53733.1,54156.33,3284.57722628
1725753600,54159.6,55315.95,53623.95,54881.11,3684.86816392
1725840000,54881.1,58119.97,54565.56,57053.9,10203.03329517
1725926400,57047.82,58050.35,56377.76,57645.59,6433.21371111
1726012800,57641.15,58014.35,55534.41,57352.79,11678.94297124
1726099200,57352.92,58600,57311.15,58137.54,10175.62390483
1726185600,58137.33,60670,57630.01,60543.35,11935.95544754
1726272000,60543.35,60660,59436.8,60012.35,3147.39019631
1726358400,60012.34,60402.34,58695.75,59122.33,3975.3568185
1726444800,59122.7,59214.15,57477,58208.75,7654.10991835
1726531200,58209.76,61373.41,57620.27,60312.6,11701.89074715
1726617600,60317.38,61800,59174.5,61769.18,11471.50683029
1726704000,61770.38,63891.82,61569.16,62960.14,15075.86835522
1726790400,62956.04,64140.67,62340,63210.69,10636.1082809
1726876800,63210.94,63575.63,62755,63362.74,1960.85712028
1726963200,63362.74,64000,62380.55,63577.66,2882.2341982
1727049600,63580.39,64739.67,62566.28,63338.87,7014.74459935
1727136000,63338.85,64700,62689.15,64272.93,8933.46473574
1727222400,64272.93,64811,62932.8,63130.89,5909.09510453
1727308800,63131.13,65865,62652.99,65177.21,12789.85035505
1727395200,65176.39,66550,64827.85,65789,9529.0168808
1727481600,65787.53,66266.39,65400,65858.99,2755.22680581
1727568000,65857.33,66059,65433.29,65600.01,2721.35197741
1727654400,65600.01,65624.95,62833.95,63301.25,10629.74147917
1727740800,63305.52,64106.75,60150.89,60790,15970.80295516
1727827200,60792.63,62380.34,59969.2,60631.37,8764.03050337
1727913600,60631.36,61474.92,59824.87,60744.99,7834.55718072
1728000000,60745,62481,60454.5,62090.71,7884.21831808
1728086400,62090.7,62380.04,61686.34,62051.29,1783.56564961
1728172800,62051.29,62978.75,61805.85,62810.86,2086.21821773
1728259200,62810.93,64467.02,62113.28,62200.28,10707.1500015
1728345600,62203.82,63191.05,61824.48,62122.02,6566.33034742
1728432000,62118.44,62507.68,60255,60578.28,7582.36723494
1728518400,60578.28,61271.59,58863.9,60279.53,10462.57962276
1728604800,60279.53,63416.7,60029.98,62518.75,11454.9900534
1728691200,62518.75,63474.25,62464.15,63187.47,3943.90648994
1728777600,63183.08,63270.18,62033,62845.3,2257.61460657
1728864000,62847.89,66500,62426.67,66065.65,13638.71106556
1728950400,66065.64,67944.76,64778.44,67056.6,16324.01191342
1729036800,67056.62,68399,66743,67608.44,12465.75691229
1729123200,67608.45,67926.99,66629.97,67402.33,7912.22639285
1729209600,67399.86,69000.62,67149.24,68426.11,11802.74441943
1729296000,68426.11,68689.29,68005.83,68363.73,1868.86958754
1729382400,68363.73,69380,68083.18,69014.86,2632.89214855
1729468800,69014.87,69498,66802,67346.15,10226.59346669
1729555200,67346.15,67800,66535,67380.08,8598.06472763
1729641600,67389.7,67415.65,65149.51,66601.11,9021.17140157
1729728000,66601.1,68800,66445.32,68156.84,10016.19830413
1729814400,68156.84,68742.38,65500.01,66564.51,14485.49253537
1729900800,66564.51,67365.18,66331.95,67012.56,2949.2199701
1729987200,67008.15,68261.37,66836.78,67943.19,2819.59766921
1730073600,67943.18,70235.98,67532.48,69924.5,16140.14013624
1730160000,69924.49,73624.98,69705.76,72724.35,20616.91187006
1730246400,72724.35,72948.6,71400.01,72322.91,13543.49337837
1730332800,72322.91,72684.02,69559.33,70197.83,14726.78460342
1730419200,70198.02,71620,68720,69467.29,15295.28781188
1730505600,69466.64,69891.92,69000,69358.94,2203.99644104
1730592000,69360.95,69364.65,67444,68738.18,6758.88506466
1730678400,68736.4,69453.94,66783.77,67807.48,12431.01371517
1730764800,67810.15,70557.67,67427.53,69380.73,12867.66127618
1730851200,69380.64,76509.56,69285.82,75646.55,45398.11837369
1730937600,75646.55,76999,74463.96,75920,21932.40207681
1731024000,75925,77312.18,75654.26,76566.73,18378.39876264
1731110400,76566.72,76952.67,75758.58,76716.06,4836.57005338
1731196800,76716.06,81534.28,76535.33,80428.92,16728.21105103
1731283200,80427.69,89666,80277.34,88770.73,35560.11866694
1731369600,88770.74,90100,85010,88035.43,40111.80924643
1731456000,88035.43,93495,86220.5,90493.82,42318.6909168
1731542400,90499.4,91831.25,86672.07,87340.4,23422.75915863
1731628800,87338.96,91934.62,87100.83,91058.36,20388.33115227
1731715200,91058.36,91820.73,90069.21,90636.24,6598.0269304
1731801600,90638.54,91439.82,88713.64,89886.69,5574.55122824
1731888000,89877.11,92674.8,89372.65,90520.3,17340.77166451
1731974400,90521.32,94105.84,90403.24,92435.89,18267.16111244
1732060800,92445.04,94989.99,91600,94393.15,20329.039987
1732147200,94384.15,99073.53,94127.2,98439.09,31188.09394751
1732233600,98439.1,99860,97209.52,99024.03,29936.62215019
1732320000,99024.03,99044.11,97215.01,97778.77,12072.47203722
1732406400,97778.78,98700,95780.77,98028.18,8654.77135767
1732492800,98032.06,98999,92534.93,93000.01,20695.912495
1732579200,93001.48,95004.92,90682.58,91929.54,17848.01962899
1732665600,91929.53,97386.06,91747.46,95951.19,15213.90946356
1732752000,95951.19,96676.31,94671.59,95665.53,5586.55288339
1732838400,95665.53,98750,95383.46,97490.56,12587.02498942
1732924800,97489.8,97509.6,96129.73,96465.42,3476.04255853
1733011200,96464.95,97895.9,95753.42,97263.18,4039.27591451
1733097600,97259.17,98200,94400.63,95862.89,15554.61486745
1733184000,95862.89,96310.1,93571.3,95924.52,17898.7046212
1733270400,95924.85,99263.2,94634.85,98746.24,17528.92050771
1733356800,98746.24,104000,92055.86,97044.23,36399.8182427
1733443200,97049.47,102104.12,96424.2,99891.35,17801.21293952
1733529600,99885.37,100583.27,99012.73,99929.32,4774.3508777
1733616000,99919.2,101435.05,98729.66,101174.99,4230.35225168
1733702400,101175,101290.73,94220.8,97324.81,20103.05073464
1733788800,97330.66,98338.17,94273.38,96660.76,20620.53877488
1733875200,96660.75,101984.98,95722.79,101202.11,21190.23753294
1733961600,101211.61,102595,99298.39,100030.47,14796.92456547
1734048000,100024.75,101959.13,99220.81,101428.75,13327.59954074
1734134400,101428.74,102650,100600,101399.99,4181.40180281
1734220800,101400,105100,101221.34,104447.76,7796.33358128
1734307200,104445.15,107857.79,103289.21,106099.81,22575.87902891
1734393600,106099.98,108388.88,105337.97,106136.99,11994.58863972
1734480000,106145.83,106528.13,99939.82,100150.73,22294.42835455
1734566400,100148.6,102796.22,95539.67,97372.21,23522.12863874
1734652800,97372.2,98132.47,92115.66,97765,21766.62386138
1734739200,97762.75,99596.57,96368,97230.08,6451.43271418
1734825600,97230.09,97387.98,94182.98,95087.75,4933.50127735
1734912000,95091.15,96430.08,92360.91,94764.56,13476.98947566
1734998400,94767.88,99444,93426.25,98594.47,13355.36314305
1735084800,98594.47,99484.92,97557.48,99346.28,5254.2370598
1735171200,99358.67,99887,95083.93,95669.49,11403.37268934
1735257600,95669.4,97340.47,93234.31,94171.89,13169.12897588
1735344000,94171.7,95534.17,94002.72,95130.82,2722.6591363
1735430400,95125.59,95170.06,92841.48,93563.35,3417.52751094
1735516800,93563.35,94910.48,91271.19,92620.71,15271.24432744
1735603200,92620.7,96148.94,91887.13,93354.22,10348.6325655
1735689600,93347.59,94960.91,92743.63,94383.59,6871.73848196
1735776000,94383.59,97776.99,94177,96903.19,10912.47383962
1735862400,96905.48,98969.92,96016.63,98136.51,9021.88538159
1735948800,98139.85,98761.02,97516.65,98209.85,2742.08960614
1736035200,98209.85,98814,97250,98345.33,2377.92175899
1736121600,98347.65,102500,97900,102279.41,15173.55606778
1736208000,102279.41,102735.99,96105.11,96941.98,16587.2869223
1736294400,96941.98,97254.35,92500,95036.63,14182.29739458
1736380800,95033.18,95363.26,91187,92547.44,9712.37853215
1736467200,92547.44,95862.92,92209.25,94701.18,12634.03407823
1736553600,94701.48,94983.65,93804.05,94565.02,2638.69956767
1736640000,94569.91,95383.84,93670.3,94509.62,2025.81612971
1736726400,94507.24,95900,89028.64,94506.45,13094.86359481
1736812800,94507.35,97353.29,94311.36,96534.96,11210.74226727
1736899200,96534.97,100716.45,96400,100510.23,13610.74729401
1736985600,100504.27,100880,97277.58,99981.78,12312.37366854
1737072000,99981.46,105970,99937.81,104107,20518.30949325
1737158400,104107,104933.15,102233.45,104435,7835.29991824
1737244800,104435.01,106314.44,99518,101211.13,13312.63685598
1737331200,101217.78,109358.01,99416.27,102145.43,32342.18311338
1737417600,102145.42,107291.1,100051,106159.26,19411.23488978
1737504000,106159.27,106431.34,103100,103667.11,10730.018962
1737590400,103659.6,106870.87,101200.01,103926.36,25064.86499945
1737676800,103926.36,107200,102751.92,104850.27,12921.99361413
1737763200,104866.13,105294,104104,104733.56,3404.85308291
1737849600,104729.92,105478.8,102452.24,102563,4575.36611531
1737936000,102565.28,103228.46,97715.03,102062.42,23647.14111877
1738022400,102063.92,103770.85,100213.8,101290,9488.53429464
1738108800,101290.01,104829.64,101275.6,103747.25,11403.20278905
1738195200,103747.25,106484.77,103289.74,104742.64,13061.34881233
1738281600,104742.63,106090,101506,102411.26,13313.68104489
1738368000,102414.05,102781.65,100250,100623.85,3390.25555744
1738454400,100623.88,101459.84,96179,97676.52,10366.65062753
1738540800,97676.53,102599.85,91178.01,101460.2,31328.72219576
1738627200,101460.15,101812.23,96145.76,97795.05,14168.7031661
1738713600,97795.06,99230.49,96161.01,96638.33,9308.59185883
1738800000,96635.62,99182.15,95674.96,96564.62,9168.94674634
1738886400,96575.24,100235.79,95614.96,96537.08,12171.82534167
1738972800,96536.93,96919.05,95682.33,96476.25,2972.45715184
1739059200,96476.24,97342.28,94730.67,96475.82,3417.87009701
1739145600,96481.47,98367.23,95257.2,97444.41,6375.72539123
1739232000,97451.66,98500,94831.07,95774.08,7737.05105717
1739318400,95770.95,98119.98,94066.92,97862.53,9078.50356189
1739404800,97864.28,98100,95220,96625.29,6803.6078927
1739491200,96625.29,98890.11,96268.56,97509.03,7744.67640105
1739577600,97507.94,97997.85,97225.01,97596.94,1626.51929078
1739664000,97596.54,97738.22,96057.68,96119.88,2174.29326885
1739750400,96119.88,97050.64,95200,95781.8,3533.01273263
1739836800,95781.8,96730,93333,95607.4,8867.39878431
1739923200,95612.97,96880,95000.01,96632.03,6945.44897339
1740009600,96632.03,98768.54,96419.07,98347.2,10582.84622768
1740096000,98347.2,99517.52,94721.92,96157.03,19298.23921958
1740182400,96157.03,96982.52,95767.95,96582.12,7324.02366243
1740268800,96578.49,96679.93,95243.91,96265.98,3787.84705335
1740355200,96266.23,96515.41,91300,91510.82,12644.0435007
1740441600,91509.88,92549.99,85836.18,88583.74,31587.91715546
1740528000,88583.17,89305.68,82111.12,84111.78,21568.55463119
1740614400,84111.77,86993.87,82554.11,84625.19,16836.55524727
1740700800,84627.5,85116.19,78167.81,84297.73,30755.74245077
1740787200,84297.74,86534.96,83772.54,86018.76,6852.5441262
1740873600,86018.82,95128.88,85003.35,94265.48,16751.22972996
1740960000,94265.47,94415.61,85007.01,86161.1,22691.67068614
1741046400,86161.09,88977.27,81444,87249.96,23130.37098654
1741132800,87247.93,91000,86329.22,90603.73,14900.93396554
1741219200,90607.73,92817.29,87790.5,89921.85,13303.43744669
1741305600,89915.02,91280,84608.27,86756.98,27137.2022302
1741392000,86753.3,86863.38,85200,86206.69,3023.2478665
1741478400,86206.64,86480,80000,80699.17,7565.44749561
1741564800,80708.21,84033.66,77389,78544.71,21375.10120997
1741651200,78548.18,83600,76555,82914.51,17096.37980265
1741737600,82911.81,84442.69,80572.21,83659.43,12617.220582
1741824000,83659.45,84310.8,79890,81073.43,10506.80043483
1741910400,81071.5,85318.61,80771.17,83980.49,10857.45703924
1741996800,83989.86,84690.43,83612.24,84351.46,2331.92028578
1742083200,84351.45,85092.35,81969.44,82562.57,4059.89765099
1742169600,82562.5,84758.46,82416.98,84011.4,7785.97733364
1742256000,84011.39,84029.67,81125,82698.76,7316.63296603
1742342400,82699.53,87045.45,82535.53,86877.96,13056.03519886
1742428800,86877.97,87492.87,83596.75,84183.42,9880.31696275
1742515200,84183.41,84809.72,83100,84061.96,6257.63558757
1742601600,84061.96,84517.75,83659.69,83852.03,2108.51345069
1742688000,83852.06,86128.99,83804.67,86092.94,3467.46945277
1742774400,86092.95,88804.64,85533.06,87523.62,13107.50391644
1742860800,87518.09,88584.34,86321.97,87427.88,10153.98312373
1742947200,87432.82,88304.1,85850,86926.01,6885.71986041
1743033600,86926.01,87790.12,85784,87217.48,6904.09386105
1743120000,87214.07,87498.15,83533.4,84381.8,10031.80008987
1743206400,84381.81,84584.13,81608.99,82616.83,3194.24303663
1743292800,82624.06,83508.98,81538.88,82379.98,2472.72302228
1743379200,82379.98,83920.8,81265.16,82534.32,6887.94694226
1743465600,82534.31,85566.53,82403.32,85170.37,9130.97692565
1743552000,85166.92,88530,82283.01,82490.08,16748.28262337
1743638400,82490.1,83953.45,81177.7,83174.33,11800.91106566
1743724800,83178.68,84720.67,81643.54,83860.16,14593.03092888
1743811200,83859.78,84238.35,82346.61,83498.25,2836.42920662
1743897600,83505.88,83773.58,77058.99,78370.75,11014.8594773
1743984000,78370.15,81223.67,74420.69,79140.01,26706.52930797
1744070400,79140.02,80849.98,76167.35,76251.64,14917.02351692
1744156800,76258.8,83583.35,74553.01,82594.75,23584.94464084
1744243200,82593.15,82730.93,78387.24,79552.34,11876.12778689
1744329600,79552.34,84299,78919.94,83380.47,9964.68703141
1744416000,83379.64,85909.97,82765.26,85271.01,3972.49282052
1744502400,85271.02,86092.99,83010,83733.07,3904.15929557
1744588800,83733.07,85818.06,83655.27,84590.36,7247.02343319
1744675200,84590.36,86491.4,83592.77,83629.78,6461.77024421
1744761600,83622.52,85526.4,83088.02,84028.72,8246.73748903
1744848000,84028.71,85494.94,83711.69,84961.97,5865.70077325
1744934400,84961.97,85150.94,84287.06,84466.47,1884.07668707
1745020800,84466.47,85625,84353.45,85074.99,1683.30746873
1745107200,85074.59,85319.21,83972.82,85177.34,1812.14325365
1745193600,85177.33,88575.62,85135.98,87522.07,12603.75828155
1745280000,87513.53,93952.62,87077.17,93489.1,19460.09432868
1745366400,93486.57,94686,91902.19,93740.92,12538.32136507
1745452800,93740.93,94061.02,91685.18,94021.96,9320.8086182
1745539200,94021.97,95976.34,92880.01,94708.79,14148.6339475
1745625600,94707.79,95273.52,93903.01,94666.64,2253.98942317
1745712000,94666.64,95351.11,93654.77,93780.57,2304.93789541
1745798400,93780.56,95652.66,92829.44,95042.57,7348.4883725
1745884800,95042.56,95499,93761.26,94271.09,5979.94472886
1745971200,94271.08,95263.74,92911.88,94182.54,6511.31778605
1746057600,94182.55,97546.99,94136.79,96524.98,8334.02681063
1746144000,96524.98,97948.56,96369.69,96929.81,5709.61012071
1746230400,96929.81,96974.78,95765.13,95861.33,2077.55675998
1746316800,95865.47,96312.51,94151.67,94272.55,2834.39686495
1746403200,94272.54,95218.82,93500.01,94733.99,5181.01206583
1746489600,94733.99,96916.25,93363.28,96839.17,6164.34738969
1746576000,96843.84,97738.05,95800,97058.32,8328.69875473
1746662400,97058.33,104176.05,96888.25,103253.49,15379.43544074
1746748800,103252.2,104352.6,102330.76,102986.96,7318.60440182
1746835200,102986.94,104997,102831.41,104821.19,3104.17143581
1746921600,104817.83,104980.89,103360.22,104137.62,3055.22813204
1747008000,104137.58,105787.37,100703.71,102800.21,11005.40673978
1747094400,102800.22,105038.53,101447.78,104131.06,8727.89105836
1747180800,104131.2,104373,102603.27,103545.38,7628.70177301
1747267200,103540.91,104200,101400.01,103786.43,7563.00946962
1747353600,103786.4,104616.71,103125.51,103500.03,6881.65708111
1747440000,103500.03,103741.98,102612,103161.07,1848.95251021
1747526400,103162.53,106692.97,103130.95,106473.46,4130.60889099
1747612800,106488.77,107137.68,102105,105616.18,10104.32339011
1747699200,105616.21,107355,104209.18,106883.24,8804.38724819
1747785600,106883.24,110788.98,106128.14,109699.54,18333.91491262
1747872000,109697.19,112000,109217.23,111722.53,11250.38756124
1747958400,111722.54,111824.07,106800.01,107329.61,9638.23489571
1748044800,107332.08,109517.79,106895.77,107794.01,2611.3560546
1748131200,107794.01,109371.04,106632.35,109048.68,2996.9984274
1748217600,109048.41,110474.41,108706.04,109464.32,4641.38117417
1748304000,109464.33,110829.42,107536.41,108978.46,8827.06917845
1748390400,108978.45,109344.89,106790.16,107819.29,6474.20131287
1748476800,107819.26,108943.35,105315,105572.58,9305.58410478
1748563200,105572.58,106377.66,103634.48,104033.26,7866.16241154
1748649600,104033,104965.5,103110.01,104645.87,2403.60824408
1748736000,104645.87,105937.46,103800.81,105697.94,2369.92891564
1748822400,105697.93,106000,103685.23,105904.94,5818.90812007
1748908800,105909.79,106901.68,104910.01,105447.82,6486.4597778
1748995200,105443.95,106058.47,104202,104753.38,4505.03599201
1749081600,104753.37,105999.68,100345.73,101570.2,10627.57339852
1749168000,101570.2,105439.01,101132.91,104397.99,9677.25748525
1749254400,104398,106000,103969.7,105619.02,4141.10124271
1749340800,105619.02,106548.9,105028.3,105784.4,1998.61011035
1749427200,105784.41,110651.12,105368.27,110301.15,6581.24781856
1749513600,110299.69,110420.08,108362.14,110300.24,5433.6716937
1749600000,110300.25,110435.05,108091.74,108669.37,4603.3324446
1749686400,108673.77,108853.74,105706.78,105721.05,5734.67136139
1749772800,105716.45,106233,102746.01,106118.7,7441.52465913
1749859200,106114.53,106264.36,104351.72,105465.42,2256.48702523
1749945600,105465.42,106184.13,104505.05,105599.25,1722.80945227
1750032000,105600.21,109000,104982.26,106853.38,5952.98369341
1750118400,106853.38,107792.9,103363.3,104590.44,7688.94642443
1750204800,104590.44,105603.63,103512.38,104915.6,4918.14382744
1750291200,104915.6,105266.61,103916.37,104671.9,2279.05842007
1750377600,104671.4,106553.86,102357.25,103317.8,5047.63626176
1750464000,103317.79,104013.64,100919.19,102160.03,3287.51327489
1750550400,102160.36,103417,98225.01,100996.87,7872.25874446
1750636800,100996.87,106135.47,99677.07,105419.39,8910.86676597
1750723200,105418.4,106366.29,104681.83,106141,5773.20907668
1750809600,106141.01,108206,105875,107400.22,7072.65636297
1750896000,107400.22,108345,106605.88,107029.64,4900.22231656
1750982400,107029.63,107804.2,106413.79,107113.38,6310.43715745
1751068800,107119.17,107599.81,106868.94,107352.2,1227.76803255
1751155200,107352.2,108550,107230,108386.44,2154.86170312
1751241600,108386.44,108800,106724.76,107173.21,4839.04838063
1751328000,107173.21,107579.3,105262,105711.78,5152.72760186
1751414400,105711.77,109823.08,105119.7,108888.32,7995.79258367
1751500800,108887.03,110590,108574.31,109628.83,6434.57921608
1751587200,109628.83,109812.94,107268.84,108028.6,3129.21859997
1751673600,108028.6,108454.19,107783.1,108246.65,1513.15428554
1751760000,108246.66,109736.64,107837.7,109217.98,1651.18120197
1751846400,109217.98,109741.64,107507,108269.84,4455.08353019
1751932800,108271.49,109255.99,107438.33,108958.04,3785.3907416
1752019200,108953.58,112152.91,108329.87,111282.85,7683.83239574
1752105600,111282.84,116842,110541.87,116031.3,12920.20742934
1752192000,116031.29,118909.74,115211.74,117582.16,10116.886206
1752278400,117582.16,118244.51,116940.82,117472.65,2397.72381256
1752364800,117472.65,119500,117238.69,119130.81,3461.0430314
1752451200,119130.81,123231.07,118949.18,119863.71,13536.79954839
1752537600,119863.71,119973.3,115697.37,117781.64,23726.31356081
1752624000,117781.63,120134.8,117033.23,118681.68,9250.98642597
1752710400,118681.67,120998.76,117469,119273.69,8360.35130892
1752796800,119273.7,120918.68,116892.42,118023.05,8735.40386401
1752883200,118023.06,118564.59,117337.59,117914.17,1700.0997198
1752969600,117914.17,118921.76,116525,117312.7,2504.59032125
1753056000,117315.68,119745.93,116565.01,117428.79,5450.55450292
1753142400,117428.79,120300,116185,120026.42,7564.58852928
1753228800,120034.21,120180.93,117342.21,118810.44,5526.13819924
1753315200,118810.44,119557.7,117190,118397.04,7137.01277011
1753401600,118400,118518.2,114750,117633.27,24633.33644271
1753488000,117633.27,118371.35,117095.73,117969.63,6974.42930567
1753574400,117981.73,119800,117849.99,119465.52,4999.42180703
1753660800,119465.52,119839,117380.6,118070.59,7647.38438521
1753747200,118074.43,119284.78,116900,117933.39,6070.86335715
1753833600,117933.39,118809.43,115728.49,117830.15,4647.7410138
1753920000,117830.15,118920,115500,115761.13,4647.6521388
1754006400,115756.12,116065.12,112659,113248.73,9196.58441635
1754092800,113248.83,114023.58,112000,112542.74,2946.5811158
1754179200,112542.75,114794.99,111903.68,114215.73,2212.37278435
1754265600,114215.7,115756.06,114118.18,115051.85,4655.53866243
1754352000,115056.14,115112.75,112622.14,114112.95,4943.38930608
1754438400,114112.95,115749.99,113347.87,115028.83,4481.39474697
1754524800,115028.83,117687,114268.6,117515.49,5804.23960803
1754611200,117515.69,117687,115800,116683.79,4870.3042426
1754697600,116683.79,117937.89,116343.34,116492.51,2586.17129292
1754784000,116492.5,119324.08,116480,119309.37,2850.61404026
1754870400,119309.37,122319.14,118050,118701.84,7220.80819945
1754956800,118701.83,120327,118190.81,120113.18,4615.45835079
1755043200,120109.04,123740.24,118931.34,123365.63,8512.8860955
1755129600,123365.63,124533,117208.97,118389.79,10154.04939662
1755216000,118389.79,119339.57,116859.32,117436.96,4990.799358
1755302400,117436.95,118028.68,117222.01,117455.68,1781.69438526
1755388800,117455.69,118641.6,117249.49,117488.6,2021.61751952
1755475200,117488.59,117633.8,114703.26,116286.76,6762.85366719
1755561600,116286.75,116792.87,112696.56,112856.19,7918.58452813
1755648000,112853.66,114627.37,112344.11,114276,5764.27605073
1755734400,114276,114812,111964,112480.3,6033.74435365
1755820800,112480.29,117416.73,111649.75,116908.68,8547.72089091
1755907200,116911.9,116999.03,114505,115383.87,2245.41925268
1755993600,115383.87,115616.53,110635,113478,4602.76322486
1756080000,113478,113645.32,109275.74,110127.74,8509.20658676
1756166400,110127.74,112399.99,108670,111788.01,7735.56524843
1756252800,111788.04,112683.39,110351.11,111253.21,5151.42127925
1756339200,111253.22,113480,110858.78,112574.85,4637.29182209
1756425600,112574.84,112642.53,107469.13,108378.32,7806.0938333
1756512000,108378.32,108928.79,107369.69,108827.93,2828.67461609
1756598400,108827.92,109489.79,108060.79,108247.95,2702.50957636
1756684800,108247.95,109907.51,107250,109240.55,5396.96365977
1756771200,109240.55,111801.86,108400,111247.94,7398.40595759
1756857600,111247.94,112600,110533.77,111756.41,5205.45031255
1756944000,111756.4,112235.6,109321,110720.79,5253.71408228
1757030400,110714.48,113390,110202.36,110670.02,7218.59124481
1757116800,110670.02,111317.65,109993,110212.6,1621.65017738
1757203200,110214.21,111600,110200.01,111129.61,1646.11764246
1757289600,111120.38,112940.84,110600,112072.57,5158.43294831
1757376000,112072.57,113292.96,110765.72,111549.32,5158.45733241
1757462400,111546.61,114362.1,110919.55,113983.97,7249.99346721
1757548800,113983.98,115554.53,113433.92,115540,5575.3607407
1757635200,115540.01,116833.25,114774.19,116106.03,6493.57632751
1757721600,116106.03,116378.04,115177.53,115968.35,2173.49651785
1757808000,115968.33,116226.61,115166,115314.13,1967.88683794
1757894400,115314.12,116802,114395.84,115381.08,6142.67859527
1757980800,115381.07,117000,114750,116832.56,6012.58313417
1758067200,116832.56,117327.24,114724.57,116484.4,7151.30033814
1758153600,116484.4,117998.17,116125.08,117117.99,7140.41942024
1758240000,117117.99,117516.36,115132.71,115690.55,5874.11552075
1758326400,115690.55,116194.63,115463.22,115752.4,2830.8502542
1758412800,115752.9,115900.02,115237.16,115282.27,2071.01892785
1758499200,115282.26,115441.37,111761.22,112736.59,8494.39097785
1758585600,112736.59,113357,111502.08,112017.21,4512.04618772
1758672000,112017.21,113999.98,111066.07,113348.17,4932.88303511
1758758400,113348.16,113561.35,108623.7,109035.72,9197.26639402
1758844800,109036,110369.99,108645.02,109697.29,6826.16968974
1758931200,109697.29,109815.08,109116,109681.16,1950.48703402
1759017600,109681.15,112385.84,109230.98,112197.67,2397.09714427
1759104000,112197.66,114490,111582.65,114365.07,5553.41779958
1759190400,114361.66,114850,112695.85,114067.71,5044.09158186
1759276800,114067.71,118718.8,113975.5,118659.97,9687.1228881
1759363200,118662.72,121111,118336.01,120621.32,8816.90252269
1759449600,120621.33,123996.81,119327.83,122318.4,11835.08733617
1759536000,122318.39,122896,121572.64,122458.56,2705.28818527
1759622400,122458.55,125750,122195.28,123520.79,5820.77013157
1759708800,123520.8,126296,123115.77,124720.09,9135.3086452
1759795200,124723.57,125226.34,120636,121393.95,8699.84065383
1759881600,121393.96,124254.31,121090.06,123343.25,6727.94848453
1759968000,123343.24,123822.08,119713.65,121714.51,6980.15210285
1760054400,121714.51,122600,107000,112980.28,22432.34375511
1760140800,112976.01,113439.99,109683.96,110768.89,10041.88198008
1760227200,110768.9,115847,109687.46,115067.98,9699.03564495
1760313600,115067.96,116077.51,113700.27,115274.03,8147.76104518
1760400000,115274.03,115514.91,109945.86,113068,11955.35437582
1760486400,113072.18,113671.99,110185.87,110804.12,7440.03782479
1760572800,110804.11,112021.07,107464.53,108198,14792.78754529
1760659200,108197.99,109269.97,103516.75,106463.3,13824.34463474
1760745600,106462.09,107535.68,106357.69,107208.91,3552.60959467
1760832000,107208.91,109499,106091.25,108676.78,4841.63812975
1760918400,108676.77,111748.6,107449.91,110568.06,6286.43529012
1761004800,110568.05,114082.29,107444.6,108362.27,12890.45189253
1761091200,108357.99,109188.27,106639,107585.98,9311.33986567
1761177600,107588.02,111342.6,107511.46,110116.03,6881.35851313
1761264000,110116.02,112158.39,109725.51,111042.13,5915.09477083
1761350400,111042.13,111968.52,110693.01,111666.21,1478.94798996
1761436800,111666.22,115542,111260.33,114548.09,3808.17193597
1761523200,114561.69,116410.06,113833.12,114087.06,5491.52581938
1761609600,114087.06,116114.13,112203,112906.75,5342.86134585
1761696000,112906.75,113690.17,109000,110032.13,6110.48087693
1761782400,110031.65,111629.2,106279.33,108308.18,8481.34743643
1761868800,108308.02,111066.1,108266.11,109555.27,6858.47522213
1761955200,109555.63,110500,109342.47,110052.25,1707.44713625
1762041600,110052.25,111221.99,108800,110536.01,3777.57822519
1762128000,110533.83,110749,105271.67,106557.98,8657.30683772
1762214400,106557.98,107269.85,98892.97,101468.15,17052.82209797
1762300800,101468.16,104550,98950,103869,10844.84576039
1762387200,103866.67,104191.19,100235.02,101290.5,9488.56911128
1762473600,101290.5,104041.99,99170,103284.27,9981.70774039
1762560000,103281.79,103350,101422.74,102285.57,4365.22006206
1762646400,102285.58,105471.04,101372.58,104694.95,5545.42134633
1762732800,104694.23,106653,104240.76,105979.38,7737.06153627
1762819200,105979.38,107482,102422.43,103009.35,6574.79380402
1762905600,103017.21,105316.64,100803.2,101639.01,6053.08600012
1762992000,101636.03,104050,97870,99614.54,12710.66743459
1763078400,99610.49,99836.1,93951.32,94503.96,19645.40043753
1763164800,94501.08,96747.02,94222.2,95544.94,5157.02031554
1763251200,95544.94,96559.61,92943.83,94183.97,7161.13750207
1763337600,94182.03,95950,91158.35,92100.6,13319.956338
1763424000,92100.6,93775,89183.48,92914.46,16182.4672286
1763510400,92914.45,92948,88483.12,91461.6,15642.23320328
1763596800,91465.04,93080.91,85980.7,86536.88,18857.80134874
1763683200,86531.87,87395.93,80524.65,85068.88,31211.5604643
1763769600,85068.85,85547.11,83441.91,84684,7330.52185107
1763856000,84683.99,88100,84614.11,86808.28,9786.06365257
1763942400,86808.28,89225.6,85213.17,88266.2,14868.61469913
1764028800,88264,88486.82,86067.02,87325.01,10484.73675809
1764115200,87325,90628.53,86266.95,90468.84,11351.8707199
1764201600,90468.83,91925.4,90067.81,91316.7,8201.73046924
1764288000,91316.7,93161.86,90220.5,90902.7,9580.37061817
1764374400,90902.69,91199.99,90200,90828.06,3143.58444031
1764460800,90829.68,91980.8,90353.96,90369.51,3513.48557284
1764547200,90364,90433.7,83800,86282.36,16664.36191777
1764633600,86282.35,92342,86181.38,91308.05,13162.85699748
1764720000,91308.05,94181.41,91024.47,93453.84,9741.98216681
1764806400,93452.02,94087.05,90904.73,92093.54,6198.20707297
1764892800,92093.7,92716.42,88099.05,89345.29,8310.94183595
1764979200,89345.29,90296.32,88932,89267.97,3017.16860213
1765065600,89262.8,91779.99,87733.18,90402.29,4070.57697141
1765152000,90402.3,92291.96,89599,90653.86,6661.98775031
1765238400,90653.86,94640.66,89537.55,92690,9862.67083813
1765324800,92690,94500,91556.64,92035.99,8904.69319331
1765411200,92035.85,93594.76,89257.98,92542,9119.99377433
1765497600,92539.63,92791.26,89500,90278,6137.8902612
1765584000,90278,90657,89777.79,90255.32,1542.14542217
1765670400,90255.32,90496.16,87565.38,88171.61,3643.36533229
1765756800,88174.37,90064.74,85129.63,86417.5,9868.30482589
1765843200,86417.5,88148,85250,87854.01,7734.132664
1765929600,87854,90336.36,85267.69,86209.77,10021.43107061
1766016000,86209.79,89447.75,84400,85460.02,9840.74407994
1766102400,85460.85,89365.85,85052.78,88092.65,8046.9179144
1766188800,88092.65,88530.6,87780,88324,1807.74517583
1766275200,88322.01,89046.44,87501.01,88639.95,2361.91088803
1766361600,88639.87,90541.8,87846.17,88556.77,8901.70507789
1766448000,88555.03,88896.63,86533.86,87429.32,7050.61151888
1766534400,87429.32,88001.2,86350,87609.03,5007.9834145
1766620800,87609.02,88534.4,86899,87171.68,2819.32696132
1766707200,87171.46,89496.07,86569.53,87296.01,8673.64195064
1766793600,87296.17,87914.62,86944.24,87808,1955.01185796
1766880000,87806.75,88000,87349.52,87877.29,1859.62245916
1766966400,87877.28,90325,86675,87110.78,10415.66618294
1767052800,87110.77,89343.52,86704.98,88397.5,8725.01685173
1767139200,88397.24,89100,87082.64,87497.94,7261.18123917
1767225600,87497.95,88798.99,87361.74,88738.34,4001.39765552
1767312000,88742,90935.22,88272.08,89957.99,11442.48043957
1767398400,89958,90697,89284.13,90598.02,2951.65444679
1767484800,90598.01,91764.64,90598.01,91494,3198.89444605
1767571200,91489.03,94825.27,91479.28,93870.06,12349.57555407
1767657600,93870.06,94439.63,91203.13,93722.01,9651.48547871
1767744000,93722.01,93722.01,90576.24,91279.73,9317.16996001
1767830400,91279.73,91580.01,89200,91026,10333.23549339
1767916800,91024.01,91944.52,89583.58,90515.45,9272.64438525
1768003200,90515.12,90698,90251.43,90385.54,1733.85727298
1768089600,90387.36,91173.12,90109,90872.01,2262.85242889
1768176000,90878.51,92406.3,90003.46,91188.09,9683.74429824
1768262400,91188.08,96250,90925.17,95384.23,17153.5601987
1768348800,95385.59,97963.62,94518.63,96955.16,20696.88952587
1768435200,96954.02,97176.42,95066.19,95587.65,10619.32790923
1768521600,95578.2,95830.49,94229.04,95504,6286.36029783
1768608000,95503.99,95600,94980.12,95109.99,1754.07093263
1768694400,95109.99,95485,93559.78,93633.53,2607.76939988
1768780800,93630,93630,91935.3,92559.66,4993.56556058
1768867200,92559.65,92807.99,87767.53,88310.6,11134.88996796
1768953600,88310.6,90500,87156,89363.71,12539.4399225
1769040000,89363.71,90273.35,88408.65,89463.5,7075.16869109
1769126400,89463.51,91147.01,88440.65,89474.93,7381.22299218
1769212800,89474.94,89832.72,89007.01,89082.17,1801.82109589
1769299200,89082.16,89177.95,86000.13,86561.94,5428.58128865
1769385600,86561.94,88787.97,86411.7,88250.01,8219.90069049
1769472000,88250,89447.21,87180.01,89116.96,6475.09716863
1769558400,89116.96,90476.81,88706.32,89162.4,6636.13609913
1769644800,89162.4,89210.16,83216.21,84513.2,14860.94029344
1769731200,84513.19,84599,81000.12,84110.99,15232.81199203
1769817600,84110.99,84138,75644.15,78648,14855.0734429
1769904000,78648,79337.99,75612.75,76895.53,11545.9871474
1769990400,76895.99,79339,74502.21,78666.85,21193.37373311
1770076800,78666.84,79123.75,72859,75661.49,16467.12531015
1770163200,75661.49,76876.54,71703.72,72998,19764.62442772
1770249600,72999,73173.96,62181.65,62791,49371.20579141
1770336000,62788.28,71707.18,60001,70527.7,43810.88328386
1770422400,70521.08,71648.05,67293.26,69244.74,11251.84383408
1770508800,69250,72232.17,68840.83,70279.33,8090.44858999
1770595200,70279.32,71380.13,68233.01,70101.99,15546.49393947
1770681600,70101.98,70489.99,67857,68803.65,11566.41314985
1770768000,68803.65,69248,65702.95,67024.93,15121.43118138
1770854400,67032.71,68382.9,65065.47,66208,13823.46090185
1770940800,66207.99,69434.2,65799.71,68812,12104.28673482
1771027200,68812,70531.53,68697.63,69786.96,5586.9814678
1771113600,69786.96,70941.65,68020,68792,5965.51322769
1771200000,68792,70089.99,67251.81,68858.13,6626.85996745
1771286400,68859.55,69199.51,66569.58,67466.7,9122.62622708
1771372800,67466.7,68438.84,65812.57,66419.79,9687.16921753
1771459200,66419.78,67288.22,65604.63,66972.5,8505.29632895
1771545600,66972.49,68294.86,66427.23,67984.42,11349.70677085
1771632000,67984.42,68683.27,67516.93,67955.78,3287.0646747
1771718400,67955.78,68241.4,67132.81,67617.98,3263.5334723
1771804800,67616.01,67656.42,63855,64625.78,15198.01176266
1771891200,64625.78,64988.32,62534.61,64068.33,12517.40763597
1771977600,64068.33,70020,63912.25,67992.68,17322.54859823
1772064000,67992.68,68866.86,66500.92,67490.51,10678.27331982
1772150400,67490.5,68223.07,64942.87,65859.94,10276.79604611
1772236800,65859.93,67761.55,63019.6,66967.85,9093.24916408
1772323200,66971.54,68200,65008.38,65769,8511.88788603
1772409600,65771.56,70128.74,65250.12,68832.01,17772.46881037
1772496000,68832,69255.36,66138.2,68335.99,12823.7275946
1772582400,68335.99,74100,67391.17,72683.26,21142.77079177
1772668800,72683.26,73588.24,70639.01,70887.6,10891.71826063
1772755200,70887.61,71428.4,67725.14,68108.24,11045.21439575
1772841600,68108.23,68544.79,66921.33,67259.62,3245.05107908
1772928000,67259.62,68201.16,65618.51,65970.56,5505.17926548
1773014400,65970.56,69543,65820.93,68432.17,13303.95615379
1773100800,68432.16,71800,68383.5,69960.83,13322.43399947
1773187200,69960.83,71358.48,68980.74,70208,9851.72870494
1773273600,70208.03,70819.84,69180.01,70531.56,9708.42046678
1773360000,70530.02,73968,70398.01,70944.33,12304.21633821
1773446400,70944.32,71316,70236.02,71232.02,3174.08339322
1773532800,71232.01,73220.8,70868.41,72830.01,5785.61944649
1773619200,72830.01,74913.69,72276.24,74886.47,12657.43153702
1773705600,74886.46,76022.6,73400.01,73934.11,11357.85437394
1773792000,73934.11,74700,70474.83,71245.02,9248.1145105
1773878400,71245.01,71628,68772.78,69918.3,7794.02546506
1773964800,69917.19,71384.62,69360,70497.01,7315.89355875
1774051200,70497.01,71075.92,68562.13,68912.02,2856.70812643
1774137600,68912.02,69577,67332.05,67844.94,4889.89870785
1774224000,67844.94,71811,67425,70874.23,10354.71705596
1774310400,70874.22,71389,68889,70533.49,7238.74499869
1774396800,70533.48,72030.29,70357.1,71301.53,7665.36824144
1774483200,71301.52,71414.33,68102.36,68769.02,8225.19395173
1774569600,68769.02,69128.75,65498.75,66353.34,13681.42559929
1774656000,66353.33,67249.65,65876.61,66320.15,4011.39625322
1774742400,66320.16,67076.07,64938.66,65956.94,4588.31530898
1774828800,65957.95,68129.33,65736.63,66737.18,10707.53083699
1774915200,66737.08,68518.1,65924.82,68221.85,11831.5835043
1775001600,68221.84,69285.99,67525.59,68112.35,9804.6544448
1775088000,68112.34,68652,65696.96,66894.48,8813.97029196
1775174400,66899.11,67375.7,66275.01,66959.99,4181.03967015
1775260800,66959.98,67535.2,66770.64,67291.73,2412.86305009
1775347200,67291.72,69117.6,66600,69005,3810.37749315
1775433600,69005,70378.48,68332,68853.61,11182.35365631
1775520000,68853.6,72753.97,67710.01,71910.2,11156.72732306
1775606400,71910.21,72861.38,70684.65,71085.99,11083.24086941
1775692800,71083.99,73147.81,70468.74,71798.01,10707.78813462
1775779200,71798.01,73477.87,71431.55,72997.88,10066.64303661
1775865600,72997.88,73822.95,72564.35,73086,2795.93594516
1775952000,73085.99,73172.14,70512.7,70755.35,4443.04188961
1776038400,70755.35,74936.9,70576.27,74446,17452.66428951
1776124800,74448,76127.18,73854.5,74179.04,21086.20700901
1776211200,74176.09,75458.81,73545,74836.31,7732.11670824
1776297600,74839.97,75539.91,73298.01,75163.09,8138.95301491
1776384000,75163.09,78390,74558.21,77098.01,15414.90050977
1776470400,77098.01,77450.15,75473.81,75736.82,4245.3427458
1776556800,75736,76278.36,73777.86,73823.14,5477.34091341
1776643200,73823.27,76600,73741.53,75864.86,8979.33512634
1776729600,75864.86,76926.37,74817.27,76348.58,7556.91793671
1776816000,76355.73,79523,76145,78208.52,11757.91950096
1776902400,78208.52,78722.96,76979.99,78281.32,9366.75503457
1776988800,78281.32,78607.38,77289,77461.8,7766.77212029
1777075200,77461.79,77911.09,77179.2,77650.72,2871.67459101
1777161600,77650.72,78943,77346.44,78673.83,3942.05709744
1777248000,78673.84,79496,76447.51,77364.42,9288.76247228
1777334400,77364.48,77478.99,75646.84,76317.99,6625.83124653
1777420800,76317.99,77906.84,74914,75752.88,9665.58304734
1777507200,75752.87,76655.95,75290.1,76305.78,6282.45727649
1777593600,76305.78,78961.14,76275.01,78234.05,8786.48048854
1777680000,78234.05,79155,78034.28,78682.31,2444.21427844
1777766400,78682.31,79428.6,78073.01,78558.89,2766.87588315
1777852800,78558.88,80750,78205,79852.37,11539.41548269
1777939200,79852.37,81799.6,79789.5,80907.72,9129.50056534
1778025600,80907.72,82814.23,80699.66,81438.1,8276.53099017
1778112000,81438.11,81709.17,79456,80005.38,7038.15097074
1778198400,80005.38,80487.39,79520.44,80188.82,3086.74170459
1778284800,80188.82,81065.32,80115.33,80655.96,2056.58900174
1778371200,80655.97,82450,80273.86,82199.99,3971.08807704
1778457600,82199.99,82379,80417.72,81727.06,7031.61760564
1778544000,81727.09,81778,79802.51,80484.72,5247.36830885
1778630400,80484.72,81293.93,78699.83,79288.26,7960.11188101
1778716800,79288.26,82066.22,78885.42,81079.39,13222.23476392
1778803200,81078.04,81650,78591.99,79058.51,6789.73368724
1778889600,79058.5,79182.02,77608.95,78105.45,3053.43839711
1778976000,78105.46,78570,76673.54,77407.59,2500.63873433
1779062400,77406.57,77764.28,75992,76943.98,8825.37701993
1779148800,76943.96,77350.08,76061.12,76767.48,4874.41365584
1779235200,76767.48,77782.61,76433.52,77475.99,6016.20525065
1779321600,77475.98,78123.68,76619.02,77547.62,6038.75037562
1779408000,77547.25,77833.02,75266.73,75443.91,5132.27865239
1779494400,75446.99,77305,74197.11,76650,5619.0521439
1779580800,76648.65,77412.32,76000,76975.99,3695.06880542
1779667200,76975.99,77834.55,76807.04,77249.07,3335.38172719
1779753600,77249.07,78015.46,75555,75826.1,8614.2448817
1779840000,75826.1,76033.66,74113.95,74315.98,6385.20290985
1779926400,74316.71,74462.4,72445.11,73512.56,8579.08613888
1780012800,73512.55,74224.84,72364.13,73366.77,9057.16460696
1780099200,73366.77,74029.01,73107.24,73770.69,4015.02525805
1780185600,73770.69,74156.59,73288,73575.17,3318.87878933
1780272000,73575.18,73978.52,70555,71314.42,10835.86426218
1780358400,71314.43,71315.67,66100.01,66658.35,15741.32305621
1780444800,66658.45,67416.5,63985.01,64040,15790.02945596
1780531200,64039.99,64695,61309.25,63806.02,25533.586511
1780617600,63806.02,63906.02,59073.01,61032,28732.71500543
1780704000,61031.98,61499.41,59448.45,60850.48,9073.41539934
1780790400,60850.48,64234.45,60706.4,63302.73,9793.1727327
1780876800,63302.03,64200.02,62365.43,63062.98,11755.65646469
1780963200,63062.97,63490.49,60713.5,61685.8,11218.32861079
1781049600,61685.81,62809.04,60708.92,61449.46,9040.95804487
1781136000,61449.47,63866.82,61449.47,63563.42,9449.25103044
1781222400,63563.44,64347.32,62739.81,63538.43,8179.86676422
1781308800,63538.44,64727.27,63400.92,64429.99,4146.44545759
1781395200,64424.98,65764.16,63640,65706.62,4719.21113394
1781481600,65704.23,67264,65302.08,66276.8,8071.56079236
1781568000,66276.79,66944,65300.03,65616.64,6347.81359553
1781654400,65616.64,66384.01,63851.02,64446.04,7644.1962471
1781740800,64446.05,64752.51,62159.76,62879.01,7475.48695466
1781827200,62879.01,63595.93,62246.24,63475.2,3592.2486366
1781913600,63475.08,64312.73,63131.38,64222.99,3866.36413615
1782000000,64223,64508.4,63171.19,63235.63,3741.2101443
1782086400,63235.63,65553.39,63235.61,63950.61,7944.1273781
1782172800,63950.61,64211.95,61862.27,62644.86,6931.61213742
1782259200,62644.86,63156.34,59010.74,60983.13,15635.11089006
1782345600,60983.14,61868.39,58000,59703.65,15027.87126075
1782432000,59703.66,60660,58243.36,60002.53,14344.89687871
1782518400,60002.97,60838.92,59765.1,59934.84,4263.41546366
1782604800,59934.84,60455,58810.11,59474.01,4245.96241874
1782691200,59473.99,60702.63,58800,60162.73,10607.13260857
1782777600,60162.73,60191.99,58056,58523.93,9465.93232684
1782864000,58523.93,61287.33,57717.55,59961.45,10684.76298705
1782950400,59961.46,62147.89,59520.02,61484.02,9926.92193918
1783036800,61484.02,62899.99,61162.79,62520.22,5258.18045215
1783123200,62520.22,63410,62274.16,63086.45,3145.81597083
1783209600,63086.46,63940.79,62384.08,63580.44,3932.92874482
1783296000,63580.45,64658.85,61250,64001.84,9896.48050701
1783382400,64001.85,64272.92,62583,63323.27,8692.3130837
1783468800,63322.07,63720.88,61453.09,62237.7,7237.78820087
1783555200,62237.7,63448.46,61636.05,63175.25,6006.35289135
1783641600,63175.25,64669.42,62865.01,64128.49,7404.52499746
1783728000,64128.49,64458.7,63769.84,63773.04,2617.29724763
1783814400,63773.05,64250.56,63588.2,63740.32,2633.31782959
1783900800,63740.32,64388.01,61750.9,62264.94,9591.1892568
1783987200,62264.94,65055.04,62190.4,64988.64,7504.53812142
1784073600,64988.65,65559.5,64431.11,64716.63,5757.28000036
1784160000,64712.04,64946.07,63690.78,63770.6,5101.5478066
1784246400,63770.6,64353.56,62452.52,63894,7455.05858276
1784332800,63893.99,64827.93,63842.35,64796.36,3120.98182893
1784419200,64796.36,64918.7,64238.08,64681.78,2337.25546535
1784505600,64681.79,65756.09,63702.01,65213.05,8359.60489964
1784592000,65213.05,66923.95,65106.79,66516.18,7284.09774035
1784678400,66516.17,66698.55,65484,66086.61,5859.41989993
1784764800,66086.6,66287.74,64564.09,65051.23,6960.21139899
1784851200,65051.24,65762.78,63641,64083.32,7327.49813634
1784937600,64083.31,64387.43,63732,64295.61,2180.46852205
1785024000,64295.61,65511.36,64229.6,65341.07,2390.56790196
1785110400,65341.07,65705.08,63545,63694.43,5069.45269918
1785196800,63693.44,64041.02,62645.39,63847.12,6232.18054403
1785283200,63847.12,64665.3,63194.45,63896.14,8092.70552294
1785369600,63896.14,65118.08,63502.91,64721.9,8025.87127027
1785456000,64721.9,65360,62358.96,62825.9,8260.37090197
1785542400,62826.69,63093,62209.81,62764.2,3060.55404241
1785628800,62764.2,63730.49,62743.87,63499.49,3283.94724012
1785715200,63499.49,64032.43,62210.14,63466.51,7086.70328594
1785801600,63466.51,64497.24,63250,64050.51,6227.77436334
1785888000,64050.51,64988.78,63814.8,64603.03,6932.34404967
1785974400,64603.02,64944.16,64087.41,64267.3,4520.43206155
1786060800,64267.3,65348.97,64099.35,64891.61,6181.48293213
1786147200,64891.6,65150.16,64789.89,64908.72,2494.26436439
1786233600,64908.71,65426,64675.22,64848.69,3044.21136585
1786320000,64848.68,65341.83,63733.03,63911.88,6197.02944527
1786406400,63911.88,64439.38,63158,63531.75,6020.29333133
1786492800,63531.75,64416.3,63235.88,63411.72,6570.08215862
1786579200,63411.71,63949.9,62772.84,63425.35,5119.66743787
1786665600,63425.35,63561.45,62468.21,62975.19,5116.86738135
1786752000,62975.18,63123.68,62830.01,63018.75,1233.57820711
1786838400,63018.75,63318.09,62631.18,62836.66,1794.19400235
1786924800,62836.67,64588,62679.42,64484.18,6069.64648358
1787011200,64477.26,65020,63979.36,64681.33,5099.57954731
1787097600,64681.33,70022.44,64112.04,69300.01,16917.83327784
1787184000,69300.01,73391.43,68853.22,73011.87,16155.04322781
1787270400,73010.86,79500,73004.7,78325.54,20245.16913846
1787356800,78325.54,78828.37,76471.7,77054.44,5400.20084011
1787443200,77054.44,78055.25,75538.12,77729.36,4600.67451175
1787529600,77729.36,79999.99,76652,78981.59,11216.61146606
1787616000,78981.59,81265.3,77832,78526.8,10819.3622223
1787702400,78526.79,79239.09,77601.02,79026.18,6497.47138279
1787788800,79026.18,80835.82,78551.99,80275.34,9599.70176084
1787875200,80275.35,81479.5,76845.71,77839.19,11750.1430688
1787961600,77839.19,78334.44,77348.65,78233.93,2765.11334273
1788048000,78233.92,79394.55,77000,77665.14,4007.1655077
1788134400,77672.1,79257.14,77369.59,78562.74,7716.42678336
1788220800,78562.74,79195.32,76366.12,77398.69,7523.97854815
1788307200,77398.7,77750,76219.18,77307.36,4983.63357935
1788393600,77307.36,82283,76929.29,81263.99,11050.40122438
1788480000,81263.99,81438.01,78626,79675.12,6701.30838176
1788566400,79675.12,80200.67,79458.74,79831.57,2147.97686767
1788652800,79833.86,80564.24,79250,80339.13,2000.39186862
1788739200,80339.13,80462.23,78666,79091.97,3292.97954149
1788825600,79091.97,79477.07,77589,78447.11,5149.1413426
1788912000,78449.28,79752.73,77727,78283.98,5255.8427141
1788998400,78283.98,78554.18,76440,76536.55,6390.76117588
1789084800,76536.55,79852.22,76030,77208.55,7310.99918713
1789171200,77208.55,77495,77049.56,77262.85,1669.17865116
1789257600,77262.85,77425.43,76457.09,76799.85,2218.40141229
1789344000,76799.85,79591.17,76347.27,78175.01,6547.43119962
1789430400,78175,78242.76,74887.5,75584.17,10155.2013027
1789516800,75584.17,76499.99,74911.53,76144.99,6945.70295886
1789603200,76144.99,77105.42,75921.88,76348.74,5353.30278119
1789689600,76348.74,81388.47,76205.46,80875.04,12360.2523087
1789776000,80875.04,81925,80822.48,81233.91,3325.31440002
1789862400,81233.91,81302.35,80085,80266,1073.06067734
