ts,open,high,low,close,volume
1592870400,427.23,427.24,230,240.8,31793.615
1592956800,240.81,249,190.19,206.73,28012.474
1593043200,206.73,254.78,197.55,228.99,66659.291
1593129600,232.38,272.9,226.3,262.38,48861.835
1593216000,262.28,265,222,231.15,34992.166
1593302400,231.15,255,228,244.81,18515.676
1593388800,244.81,247.84,230.66,233.72,11686.211
1593475200,233.42,242.55,211.32,215.98,26624.829
1593561600,216.07,220.98,201,201.14,19431.948
1593648000,201.14,205.12,175.34,180,38732.721
1593734400,180.43,196,171.08,171.77,30034.497
1593820800,171.91,194,163.01,180.54,32670.028
1593907200,180.54,220,177.5,200.16,59617.196
1593993600,200.16,207.39,186.36,195,31515.746
1594080000,195,197.43,183.2,187.7,15051.569
1594166400,187.41,190.5,174.01,184.52,23943.558
1594252800,184.98,189,175.6,180.12,14333.525
1594339200,180.34,180.71,170.5,174.98,12242.43
1594425600,175.34,185.15,174.4,178.48,13406.768
1594512000,178.84,183.57,173.92,175.86,8930.282
1594598400,176,178.48,157.38,166.19,18187.86
1594684800,166.2,168.9,159.87,164.1,11365.262
1594771200,163.69,167.44,159.35,160.12,9770.395
1594857600,160.14,163.71,152.67,155,17998.275
1594944000,155,178.99,154.17,166.07,29378.611
1595030400,166.54,167.77,160.98,163.94,11334.731
1595116800,163.95,164.73,159.59,163.08,7614.785
1595203200,163.08,175.6,155,157.86,22457.483
1595289600,157.98,163.3,157.24,159.95,8519.71
1595376000,159.71,160.03,153.71,157.63,12890.395
1595462400,157.88,165,155.5,156.13,16188.797
1595548800,156.13,158.22,155.1,155.28,6338.822
1595635200,155.44,157.5,154.58,155.8,8418.118
1595721600,155.96,163.89,153.25,157.5,15664.062
1595808000,157.46,158.19,120.02,135.84,51673.93
1595894400,135.87,142.36,130.02,136.59,22980.295
1595980800,136.59,140,132.01,133.22,9713.248
1596067200,133.24,135.15,131.47,133.35,10472.588
1596153600,133.31,139.98,127.95,134.72,19637.093
1596240000,134.94,144,134.48,138.39,21417.564
1596326400,138.39,139.22,120.02,127.31,32315.434
1596412800,127.49,132.74,125,127.01,9098.432
1596499200,127.01,133.5,126.54,131.85,9696.754
1596585600,131.98,141.66,128.82,135,17408.841
1596672000,135,142.67,133,136.79,11706.407
1596758400,136.83,157.93,136.4,154.65,43731.324
1596844800,154.66,160,147.02,152.82,27781.51
1596931200,152.64,175.96,148.95,170.54,33207.077
1597017600,170.59,192.5,163.01,176.85,48576.941
1597104000,176.36,198.96,154.87,195,62658.662
1597190400,195,264,190.28,218.58,181703.175
1597276800,218.08,235.89,186.02,205,100598.174
1597363200,205,216.69,190.91,196.39,47151.951
1597449600,196.37,212,186.87,196.97,39293.42
1597536000,196.83,207.41,191.5,201.15,32039.014
1597622400,201.38,203.54,184.31,184.8,30190.16
1597708800,185.23,191.9,173.6,187.62,25505.599
1597795200,187.4,212,176.8,182.9,60505.698
1597881600,182.94,187,178.05,180.15,23019.524
1597968000,179.9,189.88,162,169.98,41520.378
1598054400,169.75,180,160.6,174.21,25026.486
1598140800,174.2,175.9,164.44,169.23,11475.397
1598227200,169.22,189.7,165.91,181.35,29564.008
1598313600,181.35,189.99,161.21,165.41,29532.456
1598400000,165.38,190,162.27,180.01,36063.305
1598486400,179.79,180.17,165,171.24,15700.972
1598572800,171.24,204,169.27,189.25,38747.996
1598659200,189.25,200.29,185.01,193.86,16526.557
1598745600,193.74,228.57,191.74,217,47397.706
1598832000,216.92,251.77,207.73,242.98,59850.823
1598918400,242.7,272.53,234.64,256.7,86752.405
1599004800,256.63,257.11,204.04,227.18,44548.879
1599091200,227.23,244.95,180.45,187.15,68336.229
1599177600,187.15,202.06,178,189.2,38320.037
1599264000,189.63,198.4,149.84,158.03,51426.075
1599350400,158.11,177.98,145.51,170.81,39911.801
1599436800,170.62,180.31,153.97,179.33,32539.187
1599523200,179.33,184.99,167.25,173.66,20152.47
1599609600,173.66,185.17,167.34,177.8,16695.608
1599696000,177.8,186.97,169.44,171.47,19206.259
1599782400,171.55,177.85,160.04,173.04,28735.412
1599868800,173.04,181.11,169.53,180.63,10689.081
1599955200,180.71,185,161.51,164.92,20892.323
1600041600,164.95,170.74,158.8,166.26,16960.494
1600128000,166.26,169.88,152.2,154.61,13103.431
1600214400,154.61,154.94,147.25,152.99,13465.909
1600300800,152.94,161.16,146.53,158.4,20449.18
1600387200,158.34,168,151.2,153.88,24803.773
1600473600,153.89,156.6,150.99,151.84,15014.79
1600560000,151.86,152.79,140.5,144.5,20739.001
1600646400,144.5,145.99,123.36,128.33,35002.031
1600732800,128.39,146.1,127.2,143.54,28438.487
1600819200,143.46,146.92,124.27,127.16,26745.259
1600905600,127.18,141.29,126.06,138.59,21578.343
1600992000,138.67,144,133.01,139.01,19871.112
1601078400,139.31,147.42,136.89,144.27,11329.294
1601164800,144.04,147.69,135.11,138.98,9010.529
1601251200,139.21,141.46,129.99,131.53,26329.022
1601337600,131.42,134.55,127.77,132.8,15203.356
1601424000,132.71,136.22,130.02,133.49,11564.36
1601510400,133.77,140,125,129.16,18385.494
1601596800,129.12,130.82,116.53,120.4,28851.92
1601683200,120.34,125.5,120.02,121.09,8323.085
1601769600,121.04,122.8,117.01,119.6,10578.989
1601856000,119.5,124.61,117.5,122.13,11279.517
1601942400,122.01,123.03,101.3,105.85,47363.833
1602028800,105.86,111.93,101.19,110.44,47647.369
1602115200,110.43,114.19,102.2,108.42,36441.486
1602201600,108.11,117.78,103.54,115.58,46634.133
1602288000,115.46,119.73,112.83,113.75,30683.54
1602374400,113.93,117.06,111.25,115.77,16919.734
1602460800,115.77,120.78,112.28,116.7,22714.521
1602547200,116.81,119.09,111.76,114,10936.884
1602633600,113.99,115.43,105.5,107.2,13028.691
1602720000,107.25,109.81,104.68,106.88,9927.67
1602806400,106.68,107.14,99.54,103.55,20633.434
1602892800,103.55,105.9,101.56,103.09,11657.263
1602979200,103.09,107.95,102.64,104.91,17809.47
1603065600,104.91,105.91,101.53,102.98,12394.172
1603152000,102.98,102.98,92.83,94.81,30959.283
1603238400,95.06,100,92.71,95.48,41187.091
1603324800,95.47,103.02,95.44,102.51,32400.283
1603411200,102.51,106.52,99.53,103.18,30386.31
1603497600,103.18,107.86,101.1,105.17,12236.944
1603584000,105.16,105.56,101.17,101.17,13373.87
1603670400,101.18,104.57,97.94,100.18,20719.168
1603756800,100.18,113.82,99.67,109.96,49030.761
1603843200,109.96,120.37,104.75,107.7,56995.761
1603929600,107.59,111.79,94.19,96.91,38333.277
1604016000,96.95,98.96,88.44,92.23,40246.592
1604102400,92.18,95.16,89.02,90.88,25046.56
1604188800,90.88,96.21,89.5,94,12145.021
1604275200,94.04,99.12,90.33,91.17,17142.519
1604361600,90.99,91.1,80.75,87.54,51886.887
1604448000,87.65,89.01,81.37,88.86,20898.123
1604534400,88.76,93.7,83.3,90.93,25512.041
1604620800,90.93,100.17,88.7,95.73,32667.302
1604707200,95.84,111.89,89.03,92.56,84330.286
1604793600,92.52,101.07,91.25,97.1,27650.277
1604880000,97.09,100.4,93.17,94.9,21491.061
1604966400,94.91,105.5,94.07,102.59,25411.986
1605052800,102.59,115,101.84,103.11,40731.258
1605139200,103.22,108.53,99.47,104.4,21917.599
1605225600,104.28,117.99,103.39,116.7,31700.204
1605312000,116.64,124.57,107.44,121.63,71634.729
1605398400,121.64,130.57,113.13,120.11,57761.324
1605484800,120.29,124.94,114.54,120.12,26225.421
1605571200,120.31,127.77,118.27,122.74,33371.282
1605657600,122.74,126.23,107.15,114.41,50383.523
1605744000,114.26,118.63,108.74,113.46,31248.092
1605830400,113.47,124.55,113.27,116.23,33550.086
1605916800,116.19,128.45,112.96,127.49,50905.12
1606003200,127.5,129.15,112.72,116.98,47869.647
1606089600,117.07,129.63,115.61,125.72,39187.718
1606176000,125.69,133.53,121.5,127.78,59604.865
1606262400,127.74,139.8,118.99,122.6,55747.779
1606348800,122.67,125.72,96.94,106.89,68154.301
1606435200,107,110.1,99.9,104.52,35141.657
1606521600,104.56,109.88,102.11,108.27,22646.926
1606608000,108.15,111.68,106,110.8,13299.112
1606694400,110.81,114.99,109.29,112.09,18464.809
1606780800,112.12,117.95,103.02,105.05,36967.445
1606867200,105.05,114.98,104.23,113.86,29910.795
1606953600,113.85,138,112.6,131.81,88721.272
1607040000,131.81,148.06,124.95,127.21,107600.906
1607126400,127.2,145,125.14,144.02,39791.88
1607212800,143.9,144.38,132.85,137.17,20601.905
1607299200,137.23,151.22,134.57,149.94,37956.472
1607385600,149.97,180,148.77,155.44,196859.91
1607472000,155.34,171.53,145.43,164.69,102011.616
1607558400,164.69,166.16,147.84,149.17,37698.77
1607644800,149.19,150.63,137.54,142.55,52302.951
1607731200,142.44,153.69,141.3,144.59,34308.588
1607817600,144.6,153.19,140.36,147.39,25218.932
1607904000,147.21,160.45,143.55,153.07,39469.306
1607990400,153.09,154.3,146.5,150,30908.514
1608076800,150,157.68,147.5,155.5,45755.118
1608163200,155.47,179.24,152.01,177.36,72095.609
1608249600,177.52,178,150.33,160.41,54499.531
1608336000,160.39,165.32,154.48,155.94,26553.137
1608422400,155.92,162.78,151.27,153.7,25989.728
1608508800,153.67,155.63,140,141.71,27297.351
1608595200,141.79,148.87,135.61,145.35,20420.03
1608681600,145.17,149.09,121.44,129.54,39643.857
1608768000,129.54,137.79,125.84,136.62,22266.321
1608854400,136.81,143.44,134,137.71,13515.674
1608940800,137.66,138.64,127.87,129.97,22497.79
1609027200,129.83,140,127.77,131.29,30342.036
1609113600,131.39,143.7,129.79,143.37,24612.604
1609200000,143.37,146.18,130,139.33,35321.719
1609286400,139.55,159.14,138.11,157.17,46319.154
1609372800,157.16,157.2,142.49,149.27,30972.415
1609459200,149.27,155.24,140.15,145.97,26815.06
1609545600,145.93,147.95,134.91,136.66,28037.015
1609632000,136.58,151.91,135.58,147.14,36845.1
1609718400,147.12,162.34,137.76,151.21,49754.484
1609804800,151.35,166.48,146.54,162.02,43664.459
1609891200,162.08,187.14,159.98,184.52,62911.855
1609977600,184.52,193.12,165.81,172.56,73199.835
1610064000,172.78,181.85,153.06,165.73,55230.659
1610150400,165.44,186.63,161.51,180.63,46499.827
1610236800,180.63,209.89,165.29,194.67,88317.207
1610323200,195.09,196.96,147.14,168.45,74148.079
1610409600,168.75,201.63,162.25,183.61,55150.774
1610496000,183.38,218,174.34,211.12,61493.446
1610582400,211.16,225,200.91,214.52,38136.851
1610668800,214.95,217.45,186.71,202.43,37746.683
1610755200,202.64,220,200.03,206.85,28396.5
1610841600,206.8,226.72,200.2,216.61,32563.389
1610928000,216.29,238.83,207.5,225.8,33465.47
1611014400,225.86,235.19,210.06,211.35,24630.227
1611100800,211.5,218.28,198.64,212.98,18159.436
1611187200,212.97,214,174.25,176.23,36064.696
1611273600,176.55,209.14,165,199.4,32447.499
1611360000,199.54,213.62,197,206.83,16744.234
1611446400,206.82,253,205.48,250.53,61434.557
1611532800,250.54,259,206.02,212.72,78845.474
1611619200,212.43,242.55,205.44,238.64,60177.761
1611705600,238.74,240.34,210.04,219.11,42933.909
1611792000,219.11,268.75,212.64,252.36,43056.346
1611878400,252.43,304.18,236.11,295.55,81623.606
1611964800,295.54,340.01,278.76,338.27,134130.38
1612051200,338.22,349.49,305.05,347.35,70300.689
1612137600,347.35,377.1,330.67,362.01,79055.319
1612224000,361.81,365.17,336.12,356.48,35541.65
1612310400,356.48,390,343,389.94,43189.151
1612396800,389.75,499.37,380.5,455.17,163711.487
1612483200,455.17,554.32,453.39,532.75,80256.848
1612569600,532.25,550,440.68,464.99,78138.731
1612656000,465.29,479.77,393.04,458.3,48855.438
1612742400,458.35,497.89,442.4,455.2,51264.275
1612828800,455.19,490,436.2,490,49952.625
1612915200,489.65,528.41,442.07,473.03,59464.981
1613001600,473.2,525.69,456,501.77,53736.725
1613088000,502.24,573.34,480.91,537.87,66706.059
1613174400,538.14,558.9,498.27,511.68,32744.385
1613260800,511.76,529.89,460.8,471.44,33336.278
1613347200,471.84,506.26,400,461.35,59944.846
1613433600,461.4,506.07,435.48,457.22,27894.955
1613520000,457.24,475,413.11,474.27,30129.203
1613606400,474.67,481.73,451.01,456.77,18457.886
1613692800,457.45,481.4,435.71,451.46,24379.747
1613779200,451.62,506.64,430,453.66,51118.074
1613865600,453.6,469.82,442.7,453.6,17772.557
1613952000,453.79,470,375,422.65,70754.478
1614038400,423.48,430.83,325,384,77563.521
1614124800,384.35,461.27,366.73,438.11,53727.557
1614211200,437.73,459,392.2,396.22,20803.356
1614297600,397.11,423,370.03,397.68,32151.18
1614384000,398.23,432.03,390,399.58,17308.573
1614470400,399.68,410.6,347.65,406.11,29339.552
1614556800,405.67,500,405.55,494.08,56137.541
1614643200,494.12,535.87,478.67,500,56129.996
1614729600,500,517.77,489,492,20295.702
1614816000,492,502.97,455.42,469.7,19705.912
1614902400,469.85,485,443.99,475.46,13161.733
1614988800,475.55,514.07,468.3,491.66,19469.231
1615075200,492.47,495.7,470,490.99,12427.779
1615161600,490.98,491.45,462.32,477,18470.848
1615248000,477.14,504.5,470.6,501.77,19806.216
1615334400,501.54,505.1,449.78,461.64,22971.217
1615420800,461.28,478.02,450.25,465.33,14649.148
1615507200,465.33,468.03,427.62,433.58,18444.193
1615593600,433.58,468.86,412.82,465.15,23060.37
1615680000,465.49,470,435.61,438,8375.106
1615766400,438.26,451.64,420,431.65,9802.609
1615852800,431.78,442.41,416.72,431.8,7476.839
1615939200,432.06,440,419.31,435.48,9624.807
1616025600,435.94,451.56,428.61,428.69,16393.093
1616112000,429.03,444.46,421,443.26,9588.452
1616198400,443.32,446.85,409.97,412.21,38991.966
1616284800,412.21,428.5,400.12,403.66,40554.898
1616371200,403.73,423.04,373.86,378.63,41945.36
1616457600,379.02,394.87,359.4,359.4,18425.284
1616544000,359.42,386.94,333.39,344.71,19770.543
1616630400,345.13,369.13,330.26,360.62,29231.368
1616716800,360.61,378.52,360.4,369.52,37819.344
1616803200,369.36,373.76,350.99,363.17,37527.626
1616889600,363.13,372.45,355.29,361.81,11368.213
1616976000,362.03,410.75,357.39,409.98,28755.94
1617062400,409.93,422.05,398.79,402.4,16784.576
1617148800,402.4,405.06,382.24,399.23,11008.495
1617235200,399.4,464,399.39,450.11,48741.582
1617321600,450.06,492.18,445.7,486.04,17799.07
1617408000,486.28,499.96,464.74,479.14,23235.202
1617494400,479,562.65,470.58,548.11,44164.954
1617580800,548.17,555.82,503.06,512.44,43299.909
1617667200,512.97,526.48,475.77,482.06,35051.908
1617753600,482.11,495,435.07,441.66,49256.134
1617840000,441.57,477.58,437.67,456.06,28555.125
1617926400,455.94,467.58,447,453.68,35289.243
1618012800,454.09,461.12,435,450.82,30939.221
1618099200,451.03,462.02,438.03,458.22,25773.839
1618185600,458.68,470.93,435,463.76,34776.112
1618272000,463.81,487.12,444.34,485,30909.287
1618358400,485,497,449.63,485.97,32521.027
1618444800,485.74,596,474.64,562.52,58988.925
1618531200,562.86,612.48,541.54,564.16,60369.792
1618617600,564.39,595,533.79,536.1,20608.757
1618704000,536.78,539.73,420,488.7,52969.604
1618790400,488.98,516.77,431.19,478.16,52726.398
1618876800,477.93,499,424.17,485.39,60476.526
1618963200,485.14,508.42,445.29,492.61,28537.192
1619049600,492.81,596.57,488.33,528.37,74271.634
1619136000,528.05,646.2,445,624.18,110817.911
1619222400,624.18,662.53,545,568.94,58584.232
1619308800,569.25,593.55,524.88,554.09,30889.368
1619395200,554.15,670,551.06,642.43,43408.915
1619481600,641.64,689,635.51,659.1,31120.067
1619568000,659.14,681.95,607.46,647.35,24859.707
1619654400,647.52,684.99,630,643.31,20864.156
1619740800,643.32,744.63,636.83,743.54,38260.067
1619827200,743.25,832.6,723.84,803.69,54389.774
1619913600,804.06,879.94,786.15,806.53,50407.486
1620000000,806.42,840,789.53,832.25,52504.059
1620086400,832.28,842.1,727.15,740.1,46565.659
1620172800,740.19,790,730.03,787.97,27891.756
1620259200,787.97,804.61,725,741.82,33436.756
1620345600,741.27,746.8,693.4,715.37,25092.451
1620432000,715.3,800,702.37,784,46707.281
1620518400,784.4,786.39,734.38,771.55,24451.784
1620604800,771.56,810,713.96,781.03,35214.937
1620691200,781.08,870,771.78,855.02,68243.646
1620777600,855.03,915.6,720,737.09,77332.102
1620864000,736.98,810.98,694,767.12,58154.371
1620950400,767.36,822.76,747.53,774.98,42613.975
1621036800,774.98,783.82,685.56,690.09,41462.5
1621123200,689.61,735.96,631.22,684.29,34018.83
1621209600,684.33,711.07,611.38,694.75,43596.864
1621296000,695.44,726.96,648.99,665.99,47504.555
1621382400,665.91,673.88,355,471.51,118271.948
1621468800,471.57,573,418.86,548.77,50051.314
1621555200,548.16,584.93,380.24,449.32,61125.181
1621641600,449.45,455.53,371.56,384.22,44922.324
1621728000,384.58,401.88,268,340.62,71005.68
1621814400,340.68,437.25,329.27,427.75,60330.425
1621900800,427.74,441.97,368.23,427.95,50875.432
1621987200,427.93,465,413.85,464.12,42171.664
1622073600,464.19,464.49,404,423.89,29746.562
1622160000,423.97,426.89,356.24,377.02,35479.685
1622246400,377.47,405.61,333.99,354.27,32337.418
1622332800,354.11,424.18,333.65,406.08,36579.736
1622419200,405.8,437.55,382.2,435.91,29163.617
1622505600,435.96,439.8,407.36,426.44,33481.176
1622592000,427.56,459.61,412.97,434.56,15888.868
1622678400,434.47,453.34,425.66,449.8,14927.875
1622764800,449.8,449.94,383.9,401.4,19343.319
1622851200,401.55,418.18,377.3,387.31,9734.254
1622937600,387.3,395.07,377.67,388.29,7894.318
1623024000,388.41,413.81,341.01,343.3,28803.26
1623110400,343.09,352.69,308,350.41,30444.71
1623196800,350.92,379.91,329.32,364.14,19346.582
1623283200,363.93,365.56,320.75,327.97,13122.532
1623369600,327.99,331.22,292.84,294.91,15912.468
1623456000,294.84,306.21,279,296.27,18451.213
1623542400,296.27,332.08,284.74,324.14,18253.698
1623628800,324.45,343.82,317.1,336.69,17078.816
1623715200,336.83,349.17,321.75,325.17,15432.183
1623801600,325.16,325.16,301.8,305.41,15679.863
1623888000,305.45,323.88,296.81,306.64,11312.349
1623974400,306.76,308.83,265.29,279.09,17164.023
1624060800,279.16,287.45,271.62,272.88,9050.034
1624147200,272.88,299.67,260.02,293.56,18735.283
1624233600,293.64,295.74,220.88,221.6,31632.29
1624320000,221.97,247.82,196.48,234.49,47288.154
1624406400,235.08,271.13,225.7,242.01,31900.951
1624492800,241.98,260.16,227.4,256.33,23687.191
1624579200,256.32,260.82,221,222,29241.752
1624665600,222,229.47,211.73,225.24,24348.31
1624752000,225.5,257.79,223.67,257.46,25268.778
1624838400,257.46,320,248.89,311.93,65342.16
1624924800,311.92,330,307.18,311.23,47602.927
1625011200,311.31,338.45,285.27,338.45,32319.099
1625097600,338.45,356.74,319.72,332.19,71229.657
1625184000,331.85,368.81,307.01,368.44,53152.252
1625270400,368.49,386.81,362.47,380.67,35622.613
1625356800,380.54,464.68,368.75,443.97,77484.482
1625443200,444.16,519.75,412.24,492.31,123191.711
1625529600,492.7,529.79,463.2,481.24,93402.004
1625616000,481.23,493.15,435,441.39,50031.019
1625702400,441.6,445.51,408.7,414.96,53160.993
1625788800,414.91,440.82,387.01,434.95,46627.691
1625875200,434.51,449.33,409.15,423.23,32260.55
1625961600,423.4,457.54,414.58,436.41,25738.99
1626048000,436.66,444.51,402.04,412.14,27148.974
1626134400,412.41,417.86,381.05,387.82,25594.664
1626220800,387.65,424.24,359.7,410.06,42613.872
1626307200,410.04,431.45,392.64,398.24,52512.692
1626393600,398.45,410.5,367.1,367.89,23815.536
1626480000,367.91,388.18,365.04,378.94,16444.422
1626566400,378.97,398.73,371.37,378.98,11851.239
1626652800,379.2,379.89,334.87,340.39,29131.186
1626739200,340.57,360.89,310.15,349.82,50969.963
1626825600,349.93,399,337.95,377.31,43907.192
1626912000,377.26,415.39,368.36,414.48,39504.753
1626998400,414.18,427,385.76,418.04,30373.01
1627084800,418.19,428.56,401.27,410.41,25689.984
1627171200,410.15,413.08,370.11,391.59,34661.309
1627257600,391.68,438,385.01,392.15,72494.775
1627344000,391.83,407.76,375.32,392.7,42934.636
1627430400,392.49,400.63,380.8,388.44,35111.431
1627516800,388.39,402,378.26,396.54,25629.078
1627603200,396.75,412.11,382.3,404.33,27750.415
1627689600,404.69,410.49,393.59,406.15,15158.074
1627776000,406.3,425.63,392.13,408.9,31240.046
1627862400,409.18,426.76,393.52,407.28,31307
1627948800,407.28,408.72,385.57,396.57,19396.219
1628035200,396.26,472.79,391.1,464.06,46717.386
1628121600,464.14,494.73,436.42,475.53,50175.104
1628208000,475.37,485.14,450,466.74,25574.574
1628294400,466.55,508.08,461.1,508,30592.336
1628380800,507.87,513.11,457.35,467.49,27306.013
1628467200,467.99,487.81,444.9,467.48,22735.979
1628553600,467.03,484.98,459.39,472.9,12758.108
1628640000,473.11,498,463.87,468.07,29742.063
1628726400,468.07,482.09,440.25,454.06,31080.343
1628812800,454.06,484.8,450.16,484.42,22365.175
1628899200,483.98,485.99,456.15,477.63,27018.055
1628985600,477.77,492.3,448.31,489,25621.007
1629072000,489.17,530,467.92,469.2,51379.476
1629158400,468.58,517,441.69,446.76,46278.543
1629244800,446.98,459.81,420.36,435.24,38057.557
1629331200,435.8,458.7,419.52,457.94,22886.692
1629417600,458.16,492.88,451.34,479.99,30456.922
1629504000,480.21,484.21,456.37,462.88,20753.128
1629590400,462.61,482.9,446.66,460.17,17521.498
1629676800,460.01,484.76,456.03,465.61,22322.443
1629763200,465.29,470.27,412.61,423.7,36046.915
1629849600,423.21,438.09,411.49,435.62,23580.068
1629936000,435.45,439,400.37,404.77,24103.669
1630022400,405.45,425.93,390.02,421.27,22539.849
1630108800,421.28,426.08,410.48,414.16,17871.869
1630195200,414.77,427.34,400,418.74,20658.615
1630281600,418.89,453.2,405.64,420.1,55998.491
1630368000,420.11,448.19,411.3,442.32,51552.5
1630454400,441.97,484.99,433.59,477.42,56792.242
1630540800,477.58,483.22,456.86,462.16,34538.334
1630627200,462.39,480.59,455.53,467.14,27601.53
1630713600,467.06,482.98,462.29,471.15,19365.385
1630800000,471.56,525.31,467.94,511.13,47566.579
1630886400,511,528.88,475.22,509.3,43242.191
1630972800,509.24,510.86,359.41,413.33,79139.901
1631059200,414.02,427.97,380,409.84,53762.833
1631145600,410.02,428.65,397.62,412.02,28820.088
1631232000,411.52,426.71,382.73,391.77,19399.755
1631318400,391.9,408.28,388.53,397.56,11205.23
1631404800,396.81,413.92,387.5,403.41,14631.921
1631491200,403.11,407.19,360.53,385.09,21993.18
1631577600,385.02,447.46,377.28,447.18,49678.099
1631664000,447.23,450,418.65,442.88,33259.882
1631750400,442.76,459.22,412.39,422.02,32696.517
1631836800,422.02,428.53,392.64,400.33,23640.184
1631923200,400.77,416,392.4,401.32,12765.34
1632009600,401.4,402.59,384.17,393.24,11848.701
1632096000,393.26,394.12,332.36,337.76,36709.491
1632182400,337.86,350.28,302.8,312.66,26605.326
1632268800,312.66,348.75,305.66,347.91,21799.938
1632355200,347.84,375.42,337.28,374.06,28150.657
1632441600,373.98,376,316.54,340.88,33069.889
1632528000,340.88,347.22,327.58,331.17,12665.086
1632614400,331.09,357.95,310.1,354.77,27990.63
1632700800,354.73,375,337.82,338.15,21644.895
1632787200,337.93,342.93,319,319.65,12198.695
1632873600,319.4,338.18,279.7,307.38,61581.323
1632960000,307.38,319.79,286.77,318.01,112844.078
1633046400,317.78,330,308.91,326.61,52972.89
1633132800,326.65,351.69,318.08,337.33,42267.698
1633219200,337.13,346.15,321.27,326.68,52817.126
1633305600,326.78,327.14,308.71,313.01,52640.596
1633392000,313.03,322.38,302.45,309.4,98582.264
1633478400,309.82,314.37,287,306.11,57309.926
1633564800,306.24,325.69,296.73,317.05,44406.37
1633651200,317.17,335.7,310.38,313.38,50578.313
1633737600,313.63,334.55,310,330.62,30895.219
1633824000,330.63,331.4,302.39,303.27,25098.107
1633910400,303.42,318.84,295,302.53,29925.919
1633996800,302.53,309.9,287.27,306.51,28378.006
1634083200,306.39,309.36,295.08,304.07,28164.745
1634169600,304.07,321.87,304.07,315.25,21949.681
1634256000,315.14,324.86,299.78,316.49,35410.335
1634342400,316.49,330.44,313.04,316.72,25481.652
1634428800,316.76,323.4,300.62,310.89,24156.882
1634515200,310.69,313.78,299,305.3,21870.564
1634601600,305.05,309.94,301,306.43,17878.845
1634688000,306.48,329.48,303.91,323.19,33907.084
1634774400,323.17,335.41,310.69,315.96,32723.074
1634860800,315.73,328.39,311.51,315.44,23293.547
1634947200,315.44,317.84,306,311.78,55492.466
1635033600,311.69,316.96,301.15,308.33,22611.759
1635120000,308.33,323.2,306.25,322.32,19780.246
1635206400,322.45,360.97,321.18,341.98,52829.096
1635292800,342.4,352.66,295.11,302.45,55909.197
1635379200,302.55,319.45,301.08,312.38,30934.719
1635465600,312.18,332.44,310.97,328.39,33711.545
1635552000,328.53,329.14,311.78,319.5,19150.63
1635638400,319.18,359.31,318.02,346.33,59516.407
1635724800,346.51,369.54,325.68,364.41,58998.97
1635811200,364.6,376.88,355.37,361.25,31781.821
1635897600,361.9,400,350.37,384.67,67823.745
1635984000,384.31,392,357.13,366.3,27375.052
1636070400,366.44,377.94,353.29,357.5,24034.329
1636156800,357.4,357.7,335.3,355.18,25001.363
1636243200,355.19,368.64,351.1,362.99,17134.8
1636329600,362.84,363.23,351.94,359.87,23233.72
1636416000,359.88,371.21,355.26,356.09,21561.393
1636502400,356.42,363.95,308.2,327.12,40530.019
1636588800,326.89,344.13,320.4,335.17,27958.729
1636675200,335.04,337.44,313.76,326.28,21184.759
1636761600,326.53,355.08,326.41,355.08,41581.953
1636848000,355.09,360,336.81,346.56,31890.386
1636934400,346.32,355.07,329.6,332.68,19856.115
1637020800,332.65,332.85,296.24,312.79,38917.428
1637107200,312.69,325.44,305.35,321.69,23860.537
1637193600,321.73,324.98,286.25,293.94,27756.508
1637280000,293.71,310.58,289.02,308.44,17175.971
1637366400,308.45,317.78,299.34,315.26,9184.167
1637452800,315.29,315.59,303.73,304.55,8317.44
1637539200,304.5,305.17,281.79,287.64,17059.566
1637625600,287.99,293.13,275.49,292.11,18961.37
1637712000,292.1,292.25,271.19,277.33,18345.488
1637798400,277.17,291.34,274.44,288.07,25621.538
1637884800,288.64,289.85,244,261.8,40563.292
1637971200,262.03,276.13,261.08,270.37,24881.941
1638057600,270.45,289.2,260.33,287.55,33122.032
1638144000,287.66,291.59,280.61,290.05,22779.992
1638230400,290.02,297.34,277.09,278.7,15204.122
1638316800,278.65,286.9,267.72,272.13,15336.163
1638403200,272.06,274.78,264.41,270.19,13325.527
1638489600,270.25,275.77,247.14,254.46,22767.811
1638576000,254.16,255.09,193.03,221.2,47681.303
1638662400,221.31,226.03,205.69,211.89,32195.866
1638748800,211.89,227.05,193.14,223.53,41104.402
1638835200,223.01,230.87,219.69,223.81,19791.681
1638921600,223.85,228.83,212.38,220.08,31671.396
1639008000,220.14,223.39,192.32,192.7,39884.396
1639094400,192.6,202.99,182.1,183.08,25699.627
1639180800,182.85,197.22,180.29,196.28,19355.824
1639267200,196.41,201.89,190.04,198.62,15878.593
1639353600,198.52,200.81,175.18,180.97,38375.159
1639440000,180.97,190.84,177.08,186.61,28247.08
1639526400,186.57,197.97,174.72,191.74,26387.398
1639612800,192.06,199.63,186.28,187.18,26734.896
1639699200,187.06,214,177.76,212.81,42721.507
1639785600,213.06,216.28,201.84,204.65,52258.387
1639872000,204.69,210.99,194.28,194.86,19402.526
1639958400,194.87,197.61,181.66,189.06,25048.495
1640044800,189.36,195.61,186.6,194.9,16921.72
1640131200,194.76,211.11,193.62,207.13,22143.872
1640217600,207.02,238.65,201.31,230.24,54257.848
1640304000,230.17,238.48,222.32,231.65,29745.144
1640390400,231.81,241.71,224.44,228.02,22690.802
1640476800,228.34,236.88,218.65,234.77,31193.558
1640563200,234.99,248.96,232.67,236.28,34872.055
1640649600,236.29,236.43,208.43,209.05,45265.445
1640736000,208.93,212.76,196.08,198.36,30092.355
1640822400,198.4,205.81,192.98,199.54,26761.35
1640908800,199.47,208.54,193.55,199.71,35246.039
1640995200,200.08,213.12,197.27,210.61,21709.514
1641081600,210.6,212,202.34,210.37,21781.269
1641168000,210.37,225.25,205.61,220.8,70175.171
1641254400,220.94,236.42,213.96,222.84,55077.439
1641340800,222.76,244.75,196.66,204.26,87447.028
1641427200,204.17,205.92,192,203.93,67472.967
1641513600,204.02,204.92,185.68,194.6,47059.601
1641600000,194.63,198.51,180.58,188.11,44537.77
1641686400,188.13,200.54,186.37,193.93,41993.169
1641772800,194.07,197.33,175.29,183.22,42886.316
1641859200,183.25,192.68,180.89,190.14,15417.766
1641945600,189.99,199.57,189.88,196.71,16628.168
1642032000,196.78,202.4,186.16,186.67,20207.475
1642118400,186.79,193.27,182.7,190.26,17088.927
1642204800,190.27,199.4,189.3,190.53,22678.079
1642291200,190.47,192.45,186.29,191.51,25764.695
1642377600,191.72,191.84,177.83,181.52,15475.667
1642464000,181.83,183.77,173.43,180.19,16632.354
1642550400,180.24,181.08,166.55,168.07,23483.761
1642636800,168.1,177.36,160.55,161.27,20153.69
1642723200,161.12,162.89,135.1,139.07,46829.82
1642809600,139.02,141.77,110.29,122.85,59650.561
1642896000,123.01,131.05,121.21,128.31,42643.814
1642982400,128.35,128.38,109.67,124.73,50581.402
1643068800,124.78,128.14,121.41,126.92,26716.223
1643155200,126.96,136.57,122.76,125.59,45989.297
1643241600,125.48,129.75,118.63,123.37,71277.785
1643328000,123.32,126.08,118.48,122.6,80747.111
1643414400,122.62,126.87,121.84,124.08,63884.402
1643500800,124.11,124.44,116.44,117.78,86766.835
1643587200,117.75,123.01,112.87,121.85,44829.095
1643673600,121.84,129.98,121.34,126.29,36044.922
1643760000,126.27,131.24,119.31,119.92,25157.454
1643846400,119.89,125.11,116.93,124.75,19018.409
1643932800,124.66,135.54,123.82,135.42,36005.051
1644019200,135.48,142.35,132.34,136.54,43612.192
1644105600,136.39,143.28,133.68,141,25252.587
1644192000,141.11,149.5,136.38,149.37,41680.61
1644278400,149.41,152.16,136.36,147.14,52761.229
1644364800,147.18,149.62,140.73,145.22,38561.978
1644451200,145.16,146.64,132.65,133.31,37988.517
1644537600,133.29,137.88,123.16,125.5,34066.203
1644624000,125.49,131.22,122.6,127.92,30086.188
1644710400,127.93,130.08,122.57,124.24,15754.99
1644796800,124.28,127.69,120.82,126.07,22873.651
1644883200,126.08,136.7,125.92,136.14,25037.091
1644969600,136.2,137.88,129.21,136.11,25315.57
1645056000,136.1,138,121.26,122.91,33226.382
1645142400,122.85,126.37,118.4,121.33,18536.429
1645228800,121.22,124.72,118.01,122.47,14939.392
1645315200,122.48,122.5,112.25,114.78,25245.623
1645401600,114.85,120,105.26,106,30603.885
1645488000,106.08,113.26,102.54,112.74,32145.458
1645574400,112.79,118,108.88,109.18,20934.938
1645660800,109.06,110.84,93.39,107.54,60328.454
1645747200,107.65,114.44,105.78,112.95,17474.62
1645833600,112.93,116.27,111.73,112.88,18143.295
1645920000,113.09,117.77,105.28,107.17,38376.527
1646006400,107.07,121.22,105.25,121.03,27296.366
1646092800,121.02,128.4,117.75,125.64,34974.266
1646179200,125.76,126.95,119.49,120.7,26397.595
1646265600,120.81,122.91,115.68,117.18,22617.889
1646352000,116.89,117.56,107.27,108.64,27441.184
1646438400,108.64,110.73,105.45,109.54,17324.064
1646524800,109.58,110.43,100.87,100.97,18572.899
1646611200,100.97,106.21,97.7,101.21,25479.49
1646697600,101.25,107.59,100.35,103.99,18984.429
1646784000,103.99,112.09,103.93,110.05,18092.317
1646870400,110.09,110.64,100.02,103.21,14880.095
1646956800,103.15,104.26,100.11,101.19,10958.038
1647043200,101.13,105.33,101.13,101.59,9862.726
1647129600,101.46,103.76,97.89,98.96,12979.707
1647216000,99.01,102.56,98.09,101.34,18250.581
1647302400,101.51,105.48,98.67,104.29,11972.157
1647388800,104.42,110.86,103.01,110.82,22838.848
1647475200,110.88,117.09,108.41,111.82,36720.882
1647561600,111.85,120.35,109.37,119.55,15649.978
1647648000,119.75,124.61,118.51,119.73,22041.622
1647734400,119.8,120.19,113.39,115.24,14757.573
1647820800,115.33,118.34,111.93,113.1,16135.696
1647907200,113.06,119.03,112.75,114.21,24835.204
1647993600,114.16,117,112.43,116.6,13252.757
1648080000,116.59,122.03,113.52,118.87,36653.371
1648166400,118.81,121.84,113.72,116.08,31033.301
1648252800,116.18,122.33,115.86,122.23,20282.889
1648339200,122.15,126.32,118.07,126.26,34985.533
1648425600,126.2,134.44,121.2,122.48,79623.125
1648512000,122.32,150,122.01,147.62,144941.281
1648598400,147.5,163.38,139.22,158.11,123939.096
1648684800,158.1,164.49,146.01,149.29,58439.464
1648771200,149.28,159.84,140.83,158.8,56541.541
1648857600,158.8,162.62,149.59,150.73,37823.963
1648944000,150.83,174.86,148.15,171.65,76960.426
1649030400,171.71,171.85,155.25,163.48,39517.319
1649116800,163.44,166.25,152.91,153.66,18234.405
1649203200,153.74,153.74,133.22,133.82,48669.079
1649289600,133.85,140.84,131.63,138.51,25690.858
1649376000,138.51,143.47,133.17,134.73,36084.041
1649462400,134.65,138.32,133.7,137.36,8938.593
1649548800,137.42,140.57,133.45,134.04,7727.634
1649635200,133.98,134.03,115.66,117.52,28897.97
1649721600,117.56,133.43,116.81,128.96,51073.157
1649808000,128.98,152.8,127.61,149.29,76034.074
1649894400,149.5,156.71,141.03,143.73,80166.961
1649980800,143.68,148.4,139.11,148.08,31120.958
1650067200,148.14,150.14,140.94,143.51,22258.378
1650153600,143.63,149.96,140.81,141.8,21966.675
1650240000,141.74,146.43,132.62,140.75,32361.432
1650326400,140.64,144.44,138.52,142.89,25658.232
1650412800,142.8,149.36,139.45,146.47,28036.255
1650499200,146.47,148.7,131.96,136.28,42413.611
1650585600,136.2,139.48,132.85,135.36,16957.925
1650672000,135.31,137.06,130.7,131.17,10002.308
1650758400,131.3,133.52,128.7,129.44,9670.869
1650844800,129.7,133.32,122.02,132.88,18596.182
1650931200,132.97,134,118.56,120.63,24610.88
1651017600,120.27,127.07,119.75,124.36,14782.775
1651104000,124.17,126.66,120.9,122.41,14122.514
1651190400,122.41,123.76,112.29,114.09,18030.65
1651276800,114.17,116.72,102.35,103.74,18556.527
1651363200,103.74,107.94,101.1,105.73,20663.109
1651449600,105.7,108,100.77,104.44,15347.082
1651536000,104.26,106.7,100.78,102.98,9507.903
1651622400,102.85,115.73,102.5,115.67,13604.047
1651708800,115.58,117.13,101.68,104.5,18987.447
1651795200,104.46,105.56,100.31,103.05,13853.723
1651881600,103.29,103.61,95.78,98.38,12401.832
1651968000,98.65,101.47,95,97.52,15184.4
1652054400,97.69,99.62,79.06,79.71,44083.594
1652140800,79.68,95.35,76.47,87.86,53897.048
1652227200,87.83,90.84,65.87,68.68,85407.253
1652313600,68.65,73.45,51,60.8,57561.779
1652400000,60.68,75.79,59.98,68.45,42193.882
1652486400,68.37,72.85,63.72,71.09,30759.187
1652572800,71.19,75.15,67.51,74.78,17951.613
1652659200,74.46,74.46,65.81,66.81,27254.652
1652745600,66.88,75.07,66.61,73.89,34474.262
1652832000,73.91,75.35,63.7,64.23,46693.2
1652918400,64.28,68.38,61.26,67.31,40101.002
1653004800,67.31,69.07,62.82,65.62,43847.711
1653091200,65.59,69.12,64.28,67.99,42800.401
1653177600,67.99,72.85,67.16,70.42,32385.528
1653264000,70.37,75.17,68.24,68.96,34352.441
1653350400,68.86,71.2,64.92,70.26,26736.349
1653436800,70.31,71.87,65,65.63,32404.607
1653523200,65.63,67.27,57.7,59.17,41556.722
1653609600,59.12,60.23,54.3,55.93,32806.986
1653696000,56,58.21,54.77,56.82,28185.416
1653782400,56.84,57.79,55.22,57.13,28560.149
1653868800,57.15,64.02,56.39,63.18,48014.858
1653955200,63.17,67.87,61.65,63.77,46694.34
1654041600,63.77,70.01,56.01,56.76,50959.712
1654128000,56.81,59.28,56.08,58.78,31270.551
1654214400,58.85,59.28,55,56.03,22070.767
1654300800,56.04,58.26,54.9,57.87,14692.991
1654387200,58.04,59.23,56.62,57.86,14414.057
1654473600,57.7,61.76,57.7,59.38,24334.097
1654560000,59.36,59.64,54.74,57.24,25779.774
1654646400,57.21,58.47,54.92,55.43,17385.533
1654732800,55.44,56.79,54.66,55.26,15708.268
1654819200,55.35,55.74,50.25,51.5,26156.344
1654905600,51.55,52.52,44.65,45.51,75726.092
1654992000,45.54,45.75,40.6,41.04,40966.477
1655078400,41.08,41.34,33.45,35.77,82271.447
1655164800,35.71,37.13,32.35,34.95,58442.483
1655251200,35.04,35.59,29.3,35.53,102315.716
1655337600,35.56,36.27,29.31,30.27,58285.387
1655424000,30.26,33.07,29.79,32.25,74206.517
1655510400,32.21,33.04,26.2,28.66,90075.576
1655596800,28.65,32.71,27.16,31.98,102328.261
1655683200,32.01,35.51,30.06,34.82,119292.324
1655769600,34.83,44.65,33.91,39.2,160134.452
1655856000,39.2,42.15,37.12,39.41,77802.243
1655942400,39.51,44.6,39.51,42.99,66954.63
1656028800,43.01,47.59,41.48,46.39,71627.097
1656115200,46.4,56.49,45.51,55.07,103568.172
1656201600,55.08,55.61,50.16,50.65,93485.317
1656288000,50.65,53.82,47.94,49.76,52776.575
1656374400,49.71,51.8,45.86,46.58,81967.172
1656460800,46.67,51.61,46.08,49.64,41707.003
1656547200,49.67,50.45,42.86,47.51,54782.687
1656633600,47.53,49.63,45.2,47.43,53610.535
1656720000,47.49,47.85,45.34,47.45,29110.904
1656806400,47.46,50.62,45.81,49.32,56572.686
1656892800,49.25,50,47.19,49.31,35567.812
1656979200,49.29,50.42,44.72,45.88,80195.653
1657065600,45.88,47.26,45.4,46.28,25205.928
1657152000,46.27,50.16,45.76,48.26,56597.22
1657238400,48.28,50.16,46.08,46.99,51437.3
1657324800,46.95,56.04,46.95,55.08,96580.541
1657411200,55.03,58.47,51.73,53.47,161177.471
1657497600,53.48,55.2,48.22,48.63,149121.867
1657584000,48.64,50.36,45.74,45.83,85831.268
1657670400,45.85,49.51,43.73,49.39,120188.66
1657756800,49.39,55.77,46.66,55,140593.613
1657843200,55.06,59.66,54.03,55.15,130376.157
1657929600,55.17,58.35,52.77,55.95,144629.355
1658016000,55.96,56.44,53.58,54.89,72521.364
1658102400,54.94,58.68,54.4,57.51,96653.237
1658188800,57.5,63.91,55.09,61.16,165893.296
1658275200,61.17,62.48,55.15,56.06,103546.629
1658361600,56.06,59.21,54,57.86,68910.965
1658448000,57.93,61.38,54.77,55.92,67128.047
1658534400,55.93,57.95,53.72,55.68,140989.429
1658620800,55.68,56.86,54.59,54.97,125366.175
1658707200,55.02,55.64,49.78,49.87,157582.425
1658793600,49.92,50.69,46.56,49.38,84783.126
1658880000,49.45,56.93,47.77,55.43,105365.275
1658966400,55.43,60.76,53.12,57.93,75206.451
1659052800,58.01,59.96,55.46,57.33,49964.604
1659139200,57.36,61.71,56.59,57.91,65391.371
1659225600,57.84,62.48,56.87,56.87,65639.88
1659312000,56.88,62.19,56.74,58.61,71644.376
1659398400,58.55,59.4,54.24,56.38,58941.825
1659484800,56.44,59.39,54.5,56.6,52126.685
1659571200,56.61,58.3,55.82,56.93,58493.935
1659657600,56.9,61.44,56.67,61.17,55828.22
1659744000,61.17,65.61,60.1,64.93,65501.63
1659830400,64.88,66.44,62.46,62.82,36717.002
1659916800,62.82,65.23,61.81,62.74,35140.732
1660003200,62.81,65.22,58.31,58.92,43516.966
1660089600,58.8,70.64,57.69,66.55,58288.627
1660176000,66.57,66.77,63.09,63.62,33479.047
1660262400,63.66,65.63,62.16,65.29,28562.695
1660348800,65.26,66.69,63.91,65.56,23596.733
1660435200,65.52,68.3,62.38,62.84,34752.272
1660521600,62.84,64.7,60.5,61.5,38986.021
1660608000,61.49,62.77,59.9,61.12,35305.165
1660694400,61.12,63.42,57.99,58.66,55751.573
1660780800,58.68,59.9,54.95,56.08,25267.097
1660867200,56.05,56.27,49.51,49.97,73872.645
1660953600,49.99,52.25,48.1,49.57,46006.133
1661040000,49.66,51.72,49.25,50.97,22362.884
1661126400,50.98,52.77,47.89,50.84,45272.144
1661212800,50.83,52.5,48.83,50.92,30489.017
1661299200,50.93,52.41,49.6,50.58,25425.218
1661385600,50.58,52.74,50.07,51.75,34914.282
1661472000,51.78,54.54,45.73,46.24,65523.666
1661558400,46.22,46.93,45.26,46.28,27218.232
1661644800,46.29,47.77,43.74,43.98,41675.949
1661731200,43.98,49.98,43.41,49.54,59793.482
1661817600,49.52,52.39,46.05,47.66,72588.146
1661904000,47.7,49.29,46.19,46.41,11987.618
1661990400,46.36,48.87,45.07,48.15,25171.088
1662076800,48.16,48.75,45.4,46.21,28558.294
1662163200,46.15,48.59,45.86,47.8,30572.307
1662249600,47.76,48.93,47.55,48.62,8014.905
1662336000,48.63,49.22,46.6,48.8,10649.55
1662422400,48.88,50.56,44.5,44.63,38881.022
1662508800,44.65,49.06,43.88,48.78,19010.205
1662595200,48.78,50.46,48.26,48.6,41050.63
1662681600,48.56,53.08,48.53,52.66,17026.925
1662768000,52.61,54.75,52.4,54.04,14572.171
1662854400,54.08,57.03,53.98,55.91,24459.655
1662940800,55.9,56.6,52.91,54.97,17778.237
1663027200,54.96,57.84,51.7,54.33,33312.484
1663113600,54.31,62,51.65,59.9,40517.112
1663200000,59.92,60.09,53.15,56.78,56092.542
1663286400,56.75,57.75,52.52,53.97,24380.461
1663372800,53.97,56.03,53.13,54.48,17605.702
1663459200,54.48,55.27,46.38,49.48,27402.973
1663545600,49.41,53.99,47.84,51.97,24120.229
1663632000,51.96,55.44,51.14,54.69,34362.916
1663718400,54.6,61.3,51.49,56.65,63161.213
1663804800,56.76,63.06,53.93,61.68,49446.223
1663891200,61.71,65.37,59.02,63.61,59063.935
1663977600,63.57,64.85,60.49,60.71,29472.524
1664064000,60.77,64.14,60.74,61.33,39147.229
1664150400,61.32,65.1,60.8,62.77,37522.088
1664236800,62.77,65.77,60.22,61.47,62625.923
1664323200,61.41,63.31,58.05,62.06,40861.802
1664409600,62.01,62.73,59.41,62.04,20651.373
1664496000,62.05,63.17,60.56,60.91,29561.422
1664582400,60.8,63.37,60.41,60.86,21294.382
1664668800,60.86,61.32,58.12,58.33,9672.909
1664755200,58.36,60.83,57.1,59.36,42286.423
1664841600,59.35,61.27,58.93,60.06,13960.273
1664928000,60.05,60.42,58.07,59.27,8936.527
1665014400,59.26,60.38,58.39,58.68,14047.241
1665100800,58.69,60.52,57.77,58.74,16553.791
1665187200,58.75,60.24,57.95,58.73,16430.149
1665273600,58.72,59.73,58.64,59.21,13436.191
1665360000,59.17,60.12,56.98,57,18156.276
1665446400,56.99,57.06,55.04,55.26,10147.209
1665532800,55.27,56.46,55.1,55.39,7709.324
1665619200,55.36,55.51,51.39,54.56,50739.268
1665705600,54.55,57.31,53.65,54.76,28417.269
1665792000,54.76,55.91,53.68,53.96,18180.391
1665878400,53.93,55.56,53.93,54.98,8699.109
1665964800,55.02,56.31,53.92,54.95,27271.742
1666051200,55.04,55.45,51.65,52.84,27339.526
1666137600,52.91,54.88,49.68,49.94,28164.179
1666224000,49.93,51,48.57,49.12,32661.627
1666310400,49.15,50.25,47.41,50.11,24303.76
1666396800,50.12,50.95,49.57,50.44,6102.138
1666483200,50.45,51.52,49.1,51.3,13205.234
1666569600,51.27,51.4,49.06,49.92,9874.828
1666656000,49.98,52.67,49.19,50.8,46504.151
1666742400,50.82,53.39,50.62,52.59,15353.815
1666828800,52.61,54.53,50.23,50.52,21630.578
1666915200,50.51,52.33,49.64,51.54,18992.933
1667001600,51.45,52.47,50.31,51.04,19428.379
1667088000,51.07,53.49,49.75,50.39,24162.602
1667174400,50.38,51.36,49.38,50.18,10558.469
1667260800,50.19,50.68,48.37,48.49,16460.4
1667347200,48.46,48.81,45.47,46.59,27417.009
1667433600,46.54,49.19,46.49,47.58,24106.234
1667520000,47.59,52.31,47.23,51.72,31332.287
1667606400,51.73,53.3,50.73,51.83,35947.305
1667692800,51.8,52.04,48.37,48.5,15356.716
1667779200,48.49,50.86,48.09,50.15,14479.549
1667865600,50.3,50.99,36.97,42.15,75569.17
1667952000,42.15,42.87,32.43,34.54,69647.206
1668038400,34.53,41.33,33.64,40.76,36893.583
1668124800,40.73,41.8,36.51,39.79,23002.57
1668211200,39.84,40.5,37.24,37.55,21230.492
1668297600,37.6,39.97,37.08,38.55,11129.052
1668384000,38.53,39.86,35.54,38.62,20756.133
1668470400,38.63,43.42,37.93,40.92,24107.295
1668556800,40.85,41.64,39.23,39.67,15697.998
1668643200,39.68,41.42,38.53,38.63,9104.325
1668729600,38.65,40.33,38,38.9,8515.673
1668816000,38.9,39.93,37.92,39.74,11729.877
1668902400,39.71,40.21,37.43,37.58,6885.545
1668988800,37.56,38.41,35.95,37.01,16040.863
1669075200,37.01,38.16,36.01,37.75,17558.278
1669161600,37.75,39.13,37.57,38.5,30721.613
1669248000,38.51,38.95,37.28,37.93,11443.759
1669334400,37.83,38.87,36.85,38.25,9987.914
1669420800,38.19,39.27,37.51,37.9,9823.525
1669507200,37.93,38.98,37.07,37.13,9719.992
1669593600,37.13,37.52,35.68,37.1,12453.167
1669680000,37.1,38.39,36.76,37.04,13180.911
1669766400,37.07,38.78,36.62,38.49,22772.384
1669852800,38.51,38.8,37.19,37.51,11515.038
1669939200,37.49,38.46,36.76,38.46,14975.988
1670025600,38.46,38.68,36.88,37.03,14364.914
1670112000,37.02,37.95,36.93,37.74,13715.603
1670198400,37.73,39.63,37.68,38.81,22003.296
1670284800,38.73,38.78,37.47,38.45,13807.49
1670371200,38.46,39.16,36.44,37.7,31734.81
1670457600,37.73,38.85,37,38.62,16108.977
1670544000,38.63,39.9,38.1,39.35,18308.059
1670630400,39.3,40.39,39.13,39.36,12199.406
1670716800,39.38,39.76,37.58,37.8,6850.867
1670803200,37.75,39.54,36.89,39.17,21390.624
1670889600,39.17,40.56,37.97,39.53,31827.875
1670976000,39.54,40.27,38.66,39.26,24191.986
1671062400,39.24,40.45,38.36,39.54,18724.813
1671148800,39.51,39.72,32.68,34.14,27832.244
1671235200,34.11,34.58,33.17,34.09,31062.657
1671321600,34.13,34.21,33.27,33.8,10369.12
1671408000,33.78,34.4,30.68,31.53,15915.19
1671494400,31.52,33.82,31.48,33.61,13003.423
1671580800,33.58,33.65,32.62,33.19,19651.633
1671667200,33.19,33.64,32.18,33.64,37622.722
1671753600,33.59,33.8,32.92,33.03,8378.228
1671840000,33.01,33.05,32.41,32.79,14104.203
1671926400,32.71,32.91,31.2,31.82,20705.774
1672012800,31.84,32.36,31.59,32.3,10115.086
1672099200,32.31,33.46,32.07,32.74,35660.479
1672185600,32.74,33.15,31.8,31.92,15743.539
1672272000,31.89,32,30.45,31.15,21724.588
1672358400,31.14,31.64,30.1,30.66,30663.982
1672444800,30.69,32.05,29.85,31.18,39793.907
1672531200,31.19,32.19,30.81,31.54,20494.201
1672617600,31.56,32.32,30.74,31.98,14173.892
1672704000,31.97,32.06,30.9,31.25,9788.211
1672790400,31.23,34.2,31.2,33.28,33590.145
1672876800,33.29,33.59,32.57,33.16,11506.104
1672963200,33.19,33.73,32.41,33.58,13015.764
1673049600,33.59,34.27,33.56,34.17,12099.027
1673136000,34.16,35.11,33.5,34.88,17636.389
1673222400,34.95,37,34.87,35.38,14979.016
1673308800,35.42,36.5,34.75,36.16,10951.978
1673395200,36.14,36.35,34.4,36.28,12348.517
1673481600,36.31,37.89,35.66,37.77,30416.59
1673568000,37.77,39.63,37.18,39.44,13098.167
1673654400,39.45,55.71,39.42,52.46,96422.397
1673740800,52.24,53.72,49.38,52.19,32794.388
1673827200,52.19,56.91,50.01,51.44,35275.712
1673913600,51.41,54.64,50.4,51.53,29408.319
1674000000,51.61,53.31,46.65,49.36,51144.034
1674086400,49.49,49.49,46.19,48.31,27021.908
1674172800,48.25,51.89,47.19,51.37,27644.2
1674259200,51.32,54.05,49.96,50.85,51214.137
1674345600,50.88,53.67,49.59,51.33,39790.296
1674432000,51.39,54,51.15,52.04,37213.273
1674518400,52.07,53.66,47.23,48.19,35848.124
1674604800,48.25,52.27,47.28,51.3,27332.504
1674691200,51.3,55.59,50.45,55.15,50451.34
1674777600,55.05,61.73,52.02,57.72,53095.507
1674864000,57.72,58.06,54.68,55.7,20032.239
1674950400,55.77,57.34,55.03,56.1,23610.149
1675036800,56.15,57.15,50.23,51.67,22394.517
1675123200,51.66,53.38,51.22,52,15569.587
1675209600,51.98,55.77,49.97,55.68,23285.536
1675296000,55.71,58.32,52.01,52.61,61148.518
1675382400,52.6,55.21,52.42,54.46,21472.965
1675468800,54.5,54.83,53.05,53.71,11020.586
1675555200,53.66,54.17,50.21,52.15,24992.857
1675641600,52.04,53.4,51.04,51.24,21091.564
1675728000,51.26,58.06,51.26,57.06,48308.024
1675814400,57.29,58.26,53.76,56.29,22359.333
1675900800,56.25,56.66,47.8,49.19,35928.478
1675987200,49.14,50.67,48.18,49.88,21282.19
1676073600,49.74,50.68,49.47,50.12,10246.893
1676160000,50.11,50.46,47.68,48.66,17437.25
1676246400,48.55,50.01,46.65,48.69,28247.316
1676332800,48.67,49.69,47.39,49.27,41274.767
1676419200,49.27,52.25,48.57,51.98,73949.404
1676505600,52.01,53.5,48.5,48.72,49226.042
1676592000,48.7,52.91,48.46,52,34505.039
1676678400,52.02,56.03,52.02,54.74,49336.776
1676764800,54.76,63.75,52.85,56.71,95974.542
1676851200,56.77,58.09,54.62,58.08,36222.979
1676937600,58.1,59.9,55.18,57.65,40281.554
1677024000,57.63,57.63,52.03,54.28,36352.813
1677110400,54.28,55.28,52.38,53.5,29789.963
1677196800,53.39,54.08,49.59,50.91,29091.895
1677283200,50.91,51.36,48.22,50.55,14235.571
1677369600,50.55,52.14,50.15,51.72,13668.29
1677456000,51.76,52.57,50.08,50.16,36646.049
1677542400,50.17,50.38,48.4,48.83,24135.298
1677628800,48.81,51.84,48.34,51.79,20103.701
1677715200,51.78,51.86,48.47,49.96,16082.979
1677801600,49.95,49.95,44.01,47.64,34252.08
1677888000,47.63,48.54,46.28,46.55,15663.113
1677974400,46.5,47.5,45.31,45.61,15543.04
1678060800,45.64,46.88,44.72,46.37,20498.213
1678147200,46.39,46.95,44.13,45.47,18686.626
1678233600,45.44,45.89,40.66,41.1,33609.049
1678320000,41.18,42.46,37.57,38.73,33352.755
1678406400,38.68,39.17,35.57,38.84,39464.96
1678492800,38.87,40.33,36.02,38.2,36371.093
1678579200,38.14,42.92,37.64,42.92,26865.759
1678665600,42.9,45.4,40.9,44.96,50193.922
1678752000,44.96,48.69,43.15,46.85,63769.793
1678838400,46.9,48.1,41.46,42.97,65285.901
1678924800,43.02,43.81,42.02,43.22,26234.162
1679011200,43.22,46.85,42.47,46.77,45490.645
1679097600,46.78,47.93,44.63,44.98,49028.558
1679184000,45.16,47.51,44.8,46.25,21269.361
1679270400,46.25,46.6,43.35,43.87,50603.111
1679356800,43.95,45.86,42.74,45.71,27153.468
1679443200,45.72,45.74,41.17,42.74,44694.268
1679529600,42.78,44.9,42.02,44.16,26783.711
1679616000,44.19,44.53,41.6,42.39,13928.733
1679702400,42.38,42.79,41.45,41.88,10717.466
1679788800,41.87,43.05,41.75,42.71,8416.235
1679875200,42.73,42.94,39.7,41.14,30246.305
1679961600,41.18,42.41,40.41,41.8,8849.315
1680048000,41.82,44.12,41.68,43.62,13293.823
1680134400,43.63,44.23,41.32,42.44,13364.54
1680220800,42.46,43.33,41.13,43.14,19969.537
1680307200,43.15,43.83,42.63,43.58,7835.497
1680393600,43.58,44.31,41.6,42.33,13888.577
1680480000,42.31,43.45,40.78,42.61,20001.701
1680566400,42.79,44.05,42.03,43.62,22104.025
1680652800,43.67,44.75,43.06,43.73,16755.524
1680739200,43.77,43.87,42.43,43.2,14403.609
1680825600,43.18,43.54,41.87,42.66,10806.257
1680912000,42.68,42.71,41.67,42.18,6520.076
1680998400,42.19,43.15,41.66,42.9,9711.859
1681084800,42.85,43.85,42.01,43.78,11024.624
1681171200,43.86,44.35,43.29,43.46,26126.774
1681257600,43.53,43.71,41.83,43.06,28723.07
1681344000,43.07,44.43,42.39,44.38,17086.17
1681430400,44.35,45.81,43.65,45.14,36765.961
1681516800,45.13,45.72,44.3,45.12,28916.689
1681603200,45.12,46.96,44.07,46.41,36317.038
1681689600,46.44,46.59,44.43,45.5,28548.008
1681776000,45.51,46.78,45.26,46.19,71160.892
1681862400,46.21,46.26,40.4,41.56,61381.115
1681948800,41.59,41.97,39.69,40.5,45071.163
1682035200,40.5,41.24,38.05,38.76,33517.604
1682121600,38.74,40.35,38.47,40.11,6992.651
1682208000,40.07,40.2,38.47,39.54,7944.076
1682294400,39.64,40.39,38.93,39.74,9063.02
1682380800,39.74,40.43,38.53,40.26,8784.721
1682467200,40.14,41.96,37.54,39.62,10347.668
1682553600,39.65,41.41,39.55,40.82,12393.023
1682640000,40.81,40.92,39.72,40.73,9962.864
1682726400,40.74,42.58,40.63,42.58,5465.156
1682812800,42.56,42.58,41.32,41.49,4288.508
1682899200,41.53,41.78,39.46,40.02,4360.228
1682985600,39.94,40.16,39.37,39.86,4699.952
1683072000,39.84,40.99,39.01,40.7,10779.686
1683158400,40.67,40.79,39.75,39.89,6955.646
1683244800,39.93,41.2,39.52,40.77,6156.238
1683331200,40.77,41.12,38.23,39.44,6049.152
1683417600,39.45,39.53,38.57,38.74,3700.244
1683504000,38.73,39.05,34.75,36.54,15926.443
1683590400,36.47,36.83,35.96,36.6,10473.642
1683676800,36.61,37.37,34.82,36.68,16217.501
1683763200,36.66,36.66,33.91,35.46,14781.245
1683849600,35.46,35.58,33.57,35.02,14390.98
1683936000,35.07,35.1,34.21,34.51,5838.384
1684022400,34.44,35.1,34,34.86,4214.328
1684108800,34.86,35.52,34.3,34.9,7417.478
1684195200,34.89,35.63,34.55,35.07,10034.999
1684281600,35.09,36.19,34.66,36.11,7117.788
1684368000,36.11,36.27,34.89,35.53,6551.657
1684454400,35.55,36.07,35.33,35.93,6370.997
1684540800,35.93,36.04,35.55,35.78,1821.578
1684627200,35.79,35.88,34.3,34.62,3913.041
1684713600,34.59,35.42,34.07,35.23,2042.166
1684800000,35.23,35.99,35.08,35.54,2386.892
1684886400,35.52,35.52,33.67,34.66,9385.293
1684972800,34.68,34.83,33.67,33.9,5096.652
1685059200,33.91,34.52,33.28,34.35,6752.495
1685145600,34.36,35.26,34.26,35.08,6639.095
1685232000,35.09,36.86,34.95,36.42,7884.629
1685318400,36.41,37.04,36.05,36.89,3754.218
1685404800,36.85,37.14,36.24,36.47,5669.01
1685491200,36.44,36.63,35.45,35.85,7810.627
1685577600,35.8,36.02,35.09,35.38,2675.76
1685664000,35.39,36.41,34.93,35.67,7820.31
1685750400,35.67,35.99,35.33,35.46,5698.663
1685836800,35.47,35.96,35.2,35.46,6751.536
1685923200,35.43,35.51,31.39,32.61,21742.967
1686009600,32.56,34.24,32.4,33.79,9037.882
1686096000,33.8,33.8,31.55,32.11,8510.527
1686182400,32.13,32.52,31.63,31.97,4925.93
1686268800,31.98,32.76,31.72,32.21,7906.929
1686355200,32.18,32.25,23.15,26.64,48766.939
1686441600,26.64,26.74,25.77,26.19,10327.432
1686528000,26.17,28.84,25.57,28.19,22096.629
1686614400,28.2,28.4,27,27.21,9539.807
1686700800,27.23,28.14,26.09,26.49,24266.55
1686787200,26.46,27.32,26.06,27.02,15457.596
1686873600,27.02,27.83,26.63,27.78,9513.348
1686960000,27.78,28.95,27.65,28.63,8609.845
1687046400,28.63,28.86,27.84,27.92,3493.27
1687132800,27.92,28.55,27.66,28.4,7182.935
1687219200,28.42,28.97,27.54,28.82,13303.332
1687305600,28.82,30.03,28.72,29.84,14549.845
1687392000,29.86,30.87,29.24,29.53,16239.976
1687478400,29.54,31.35,29.48,30.58,14072.862
1687564800,30.49,31.14,29.83,30.55,10252.844
1687651200,30.55,43.28,30.5,37.78,85244.486
1687737600,37.85,39.94,35.37,35.68,39172.784
1687824000,35.7,45,35.7,42.07,71681.217
1687910400,42.08,44.05,38.82,40.22,26639.427
1687996800,40.23,56.28,38.71,50.03,97416.462
1688083200,50.04,59.49,47.77,55.86,82479.424
1688169600,55.87,56.09,51.42,52.38,52995.331
1688256000,52.4,70.5,50.91,68.4,102196.269
1688342400,68.62,70.91,60.83,63.59,71835.078
1688428800,63.54,70.89,61.1,62.65,68345.52
1688515200,62.69,65.95,54.82,59.41,68712.775
1688601600,59.38,63.99,56.3,56.54,61701.621
1688688000,56.54,59.47,54.09,55.65,54191.321
1688774400,55.68,57.44,52.8,53.98,32838.916
1688860800,53.98,63.3,51.78,60.55,82187.512
1688947200,60.51,62.67,56.98,59.41,58009.465
1689033600,59.47,68.38,58.65,66.43,85985.511
1689120000,66.12,74.24,64.59,70.74,66249.745
1689206400,70.93,72.83,67.71,69.64,105638.777
1689292800,69.65,72.49,66.06,66.64,82789.113
1689379200,66.65,78.54,64.94,76.34,140583.984
1689465600,76.07,86,74.28,77.58,129575.148
1689552000,77.56,79.23,70.96,75.95,68117.679
1689638400,76.05,76.8,68.97,71.19,69509.545
1689724800,71.17,74.1,68.93,69.27,37464.441
1689811200,69.37,74.85,68.8,73.33,41061.182
1689897600,73.39,77.29,70.86,71.04,34288.335
1689984000,71.16,71.96,69.35,70.55,12002.629
1690070400,70.56,72.89,69.75,70.13,10992.492
1690156800,70.13,70.13,62.5,63.42,75097.543
1690243200,63.4,63.87,58.34,62.37,46694.733
1690329600,62.28,73.28,62.2,70.76,61993.276
1690416000,70.8,74.24,69.56,70.19,31007.165
1690502400,70.21,72.55,69.24,72.55,14966.193
1690588800,72.27,74.9,71.52,72.22,22354.794
1690675200,72.33,76,70.64,70.77,34715.252
1690761600,70.72,79.55,65.46,66.34,98638.952
1690848000,66.28,69.5,61.16,65.85,91909.215
1690934400,65.87,67.22,61.47,61.65,41727.666
1691020800,61.62,62.19,58.47,59.93,86183.846
1691107200,59.89,61.39,56.11,57.96,68725.671
1691193600,57.95,58.54,54.46,57.47,55104.112
1691280000,57.41,59.8,56.44,56.78,34443.102
1691366400,56.68,58.39,53.02,54.28,75760.667
1691452800,54.28,56.36,53.5,55.98,56614.126
1691539200,55.99,56.75,54.79,55.77,24904.356
1691625600,55.84,57.41,54.83,55.33,22039.948
1691712000,55.33,55.99,54.85,55.49,14918.362
1691798400,55.49,56.85,54.99,55.37,9284.144
1691884800,55.29,55.56,53.57,54.29,12113.038
1691971200,54.23,56.66,53.91,55.78,20754.435
1692057600,55.79,56.4,47.64,50.83,37422.603
1692144000,50.73,51.02,45.83,46.7,28604.717
1692230400,46.7,47.49,35.43,39.94,57210.301
1692316800,39.96,42.64,39.83,42.11,37324.356
1692403200,42.09,43.8,41.21,42.73,10037.639
1692489600,42.69,42.96,41.92,42.36,16448.396
1692576000,42.34,42.86,40.18,41.62,15542.696
1692662400,41.61,45.16,40.19,42.26,34159.013
1692748800,42.34,43.94,41.5,43.06,16684.684
1692835200,43.08,45,42.3,43.44,17847.654
1692921600,43.59,43.69,41.76,42.7,5943.927
1693008000,42.69,43.48,41.76,42.1,6628.145
1693094400,41.99,43,41.67,42.23,4774.62
1693180800,42.14,42.18,41.05,42,7167.752
1693267200,42.01,44.46,40.68,43.78,22919.063
1693353600,43.87,44.17,42.27,42.89,9541.176
1693440000,42.83,43.48,40.22,41.13,16436.769
1693526400,41.05,41.54,39.2,40.06,8837.325
1693612800,40.06,41.48,39.98,40.48,8673.935
1693699200,40.44,40.85,39.82,40.3,7181.485
1693785600,40.19,41.23,39.77,40.22,10480.142
1693872000,40.24,40.42,39.79,40.03,9565.778
1693958400,40.04,40.87,39.49,40.28,12939.094
1694044800,40.31,40.31,39.36,40.12,10908.823
1694131200,40.1,40.44,39.23,39.66,7567.758
1694217600,39.65,40.1,39.14,39.19,3911.375
1694304000,39.2,39.21,35.57,37.06,16527.92
1694390400,37.09,37.18,34.89,35.86,9213.642
1694476800,35.84,37.52,35.68,36.75,10474.872
1694563200,36.76,42.22,36.71,39.47,44676.738
1694649600,39.39,40.46,38.32,39.29,20469.104
1694736000,39.29,42,39.09,40.99,25762.015
1694822400,41.08,42.91,39.71,39.95,18865.64
1694908800,39.97,40.03,37.57,38.54,13014.137
1694995200,38.55,41.31,38.11,39.41,21068.402
1695081600,39.41,41.1,39.17,39.98,24835.773
1695168000,39.98,40.47,38.88,39.98,10055.035
1695254400,40.01,42.15,38.41,38.58,21450.881
1695340800,38.62,39.64,38.18,39.53,7047.165
1695427200,39.6,40.38,39.22,40.3,5778.131
1695513600,40.24,40.89,39.82,40.16,6511.663
1695600000,40.16,41.27,39.61,39.73,18359.076
1695686400,39.76,39.76,38.28,39.23,14166.74
1695772800,39.23,41.4,39.19,41.29,16239.548
1695859200,41.28,50.21,40.64,49.44,88498.528
1695945600,49.48,50.03,46.24,48.99,62749.885
1696032000,48.97,50.56,46.34,46.84,76899.286
1696118400,46.89,49.61,46.09,48,46522.561
1696204800,48.13,49.42,44.58,45.83,36659.988
1696291200,45.81,46.38,43.85,44.39,18808.995
1696377600,44.31,44.55,42.51,44.35,15560.892
1696464000,44.35,45.55,42.28,42.3,31266.465
1696550400,42.36,45.1,42.33,44.31,21839.811
1696636800,44.34,44.77,43.44,43.66,17720.29
1696723200,43.68,43.94,42.96,43.14,17258.31
1696809600,43.14,44.45,40.25,41.5,31197.846
1696896000,41.49,42.1,40.7,41.27,12771.468
1696982400,41.29,41.64,40.36,41.3,12943.308
1697068800,41.27,41.54,39.76,40.57,13334.975
1697155200,40.57,41.11,40.12,40.45,8081.848
1697241600,40.47,41.13,40.27,40.83,6283.963
1697328000,40.94,41.4,40.46,40.92,10383.667
1697414400,40.93,43.52,40.81,41.41,12400.623
1697500800,41.47,41.54,39.05,40.07,10807.805
1697587200,40.05,41.08,39.49,39.74,8969.608
1697673600,39.85,40.34,38.91,40.18,11193.381
1697760000,40.17,41.78,39.95,40.27,8847.314
1697846400,40.28,42.9,40.14,42.41,21889.436
1697932800,42.44,44.54,42.01,44.08,25463.679
1698019200,44.03,46.74,43.44,45.75,49405.455
1698105600,45.76,48.35,44.2,46.03,42921.827
1698192000,46.1,46.77,44.03,45.7,29980.167
1698278400,45.7,47.87,43.5,45.75,28604.023
1698364800,45.75,45.82,43.76,44.83,16592.869
1698451200,45,46.53,44.81,46.08,14338.572
1698537600,46.09,47.79,45.15,47.04,21284.44
1698624000,47.11,47.71,45.76,47.28,29552.375
1698710400,47.25,48,44.19,45.9,23236.956
1698796800,45.86,48.46,43.94,48.29,28067.361
1698883200,48.33,52.75,45.54,46.93,63679.017
1698969600,46.86,47.19,44.77,47.01,15715.408
1699056000,46.85,49.28,46.49,48.55,15929.69
1699142400,48.51,50.92,48.15,49.77,32265.983
1699228800,49.75,52.14,48.69,51.74,39780.979
1699315200,51.73,54.48,49.86,51.36,80423.964
1699401600,51.33,53.17,50.64,52.43,20550.384
1699488000,52.43,58.14,44.75,54.27,103248.295
1699574400,54.27,55.38,51.35,55.12,47184.005
1699660800,55.08,57.68,52,54.56,54299.626
1699747200,54.57,55.88,51.97,54.47,31548.061
1699833600,54.47,56.4,51.09,51.31,29203.089
1699920000,51.32,55.59,49.42,52.2,49914.536
1700006400,52.19,59.3,52.1,57.79,80289.214
1700092800,57.8,58.64,52.1,53.69,36236.501
1700179200,53.64,55.15,50.18,52.57,25214.654
1700265600,52.32,52.71,48.54,51.03,11765.83
1700352000,50.96,52.61,49.6,52.35,10921.915
1700438400,52.42,53.58,50.45,51.17,15894.409
1700524800,51.18,52.18,46.63,47.23,16141.206
1700611200,47.18,51.27,47.02,50.44,9832.65
1700697600,50.38,51.79,50.06,51.36,9400.021
1700784000,51.36,52.76,50.95,51.28,14189.785
1700870400,51.32,54.63,51.02,53.37,21452.835
1700956800,53.42,55.13,51.06,52.65,12361.631
1701043200,52.7,52.96,49.67,50.96,12796.511
1701129600,50.99,52.03,50,51.31,30509.107
1701216000,51.34,52.04,50.21,51.26,8956.43
1701302400,51.24,51.86,50.29,50.61,9016.336
1701388800,50.62,51.8,50.26,51.48,22086.474
1701475200,51.53,52.44,51.28,52.24,88868.973
1701561600,52.24,52.6,50.73,51.18,66526.368
1701648000,51.18,52.96,48.72,51.07,91240.755
1701734400,51.07,53.5,49.46,52.5,50305.653
1701820800,52.57,53.41,49.9,50.62,23900.787
1701907200,50.76,53,49.87,52.84,23363.9
1701993600,52.91,55.5,52.57,55.5,26570.33
1702080000,55.49,57.25,54.03,54.82,29980.449
1702166400,54.92,56.78,53.46,55.76,18010.229
1702252800,55.79,56.29,47.84,50.49,47673.333
1702339200,50.5,51.97,49.59,50.89,10668.634
1702425600,50.96,51.52,48.38,50.88,20020.203
1702512000,50.99,52.5,48.5,52.05,16546.317
1702598400,52.12,55.35,50.18,50.56,35088.025
1702684800,50.66,53.75,50.17,53.35,21643.026
1702771200,53.41,53.72,50.33,50.65,13370.784
1702857600,50.75,51.39,47.7,50.54,8732.44
1702944000,50.43,51.61,49.04,49.75,7444.667
1703030400,49.76,51.91,49.36,50.29,13223.228
1703116800,50.32,52.18,49.86,52.06,13045.864
1703203200,52.08,53.88,51.22,53.52,14982.508
1703289600,53.59,55.87,51.85,54.85,19974.48
1703376000,54.91,59.19,52.94,56.91,30919.747
1703462400,57.01,60.63,56.01,57.89,22444.738
1703548800,57.93,63.94,55.94,62.91,34789.888
1703635200,62.94,64.91,59.87,63.98,29280.825
1703721600,63.97,68.44,60.71,62.01,51619.049
1703808000,62.07,63.47,58.29,59.91,38257.743
1703894400,59.8,60.89,58,58.24,10883.047
1703980800,58.31,60.24,55.87,57.37,19642.586
1704067200,57.38,62.82,56.61,61.32,30936.063
1704153600,61.35,63.07,58.24,58.88,22263.005
1704240000,58.88,60.51,44.3,52.59,38788.666
1704326400,52.57,54.25,51.8,53.29,28287.281
1704412800,53.38,54.01,49.82,52.22,14342.661
1704499200,52.09,52.54,48.65,50.45,20083.538
1704585600,50.45,51.26,47.49,48.13,10661.198
1704672000,48.12,50.98,45,50.76,21196.46
1704758400,50.75,51.02,47.6,49.98,17280.434
1704844800,49.79,54.72,49.18,53.43,30191.222
1704931200,53.77,56.99,53.15,55.71,36548.005
1705017600,55.85,56.92,51.06,52.84,20564.857
1705104000,52.88,60.58,51,58.69,64760.937
1705190400,58.74,61.98,56.14,57.72,49019.438
1705276800,57.73,59.78,56.58,57.36,41046.014
1705363200,57.38,59.44,54.97,56.43,38623.017
1705449600,56.47,56.65,54.41,55.5,10176.381
1705536000,55.51,57.31,52.97,54.19,22787.906
1705622400,54.42,57.65,53.41,57.63,25950.227
1705708800,57.68,59.81,56.13,56.8,23258.742
1705795200,56.8,57.32,54.27,54.39,7864.71
1705881600,54.48,55.51,51.75,52.2,11098.14
1705968000,52.34,53.3,49.53,51.84,24837.767
1706054400,51.81,53.86,51.16,53,16701.328
1706140800,53.02,53.74,51.71,53.69,10313.712
1706227200,53.67,54.84,53.16,54.76,10749.562
1706313600,54.85,56.31,54.4,55.56,12673.385
1706400000,55.56,56.86,53.91,54.45,10463.366
1706486400,54.37,56.02,53.21,55.66,10128.421
1706572800,55.69,56.65,54.78,55.27,12012.097
1706659200,55.3,55.9,53.08,54.38,8628.688
1706745600,54.48,54.72,52.66,53.56,7250.926
1706832000,53.54,54.65,53.32,54.54,3427.342
1706918400,54.58,56.09,54.55,54.89,5064.58
1707004800,54.86,55.27,52.93,53.4,9111.208
1707091200,53.38,53.5,51.85,52.17,5179.407
1707177600,52.16,53.22,51.95,52.46,11707.463
1707264000,52.53,53.61,51.89,53.16,11320.691
1707350400,53.29,54.13,53.11,54.08,10197.916
1707436800,54.06,55.3,53.61,55,13282.173
1707523200,55.03,56.36,53.95,54.84,11545.025
1707609600,54.83,56.25,54.73,54.91,17171.918
1707696000,54.95,57,53.89,56.92,10910.014
1707782400,56.96,58.28,56,57.04,15189.763
1707868800,57.03,58.8,56.43,57.93,9707.966
1707955200,57.92,58.55,57.26,58.31,14008.532
1708041600,58.38,60,56.79,58.77,15765.776
1708128000,58.81,59.01,55.92,58.39,9473.933
1708214400,58.39,60.82,57.76,60.48,14513.549
1708300800,60.48,62.63,58.31,61.55,30196.06
1708387200,61.58,61.88,56.97,59.64,15003.25
1708473600,59.64,60.28,55.14,57.48,17792.991
1708560000,57.36,60.68,56.36,59.32,10818.694
1708646400,59.37,76,57.87,65.95,70718.51
1708732800,65.85,74.95,64.86,67.61,69423.103
1708819200,67.58,71.75,66.47,69.34,30802.334
1708905600,69.37,77.9,69.15,74.99,81160.132
1708992000,74.99,84.7,74.54,83.9,66153.561
1709078400,83.93,95.56,75.59,93.8,117620.063
1709164800,93.89,103.44,88.44,90.73,103349.823
1709251200,90.67,95.86,90.12,95.09,41290.739
1709337600,95.05,97.45,89.38,92.32,57312.338
1709424000,92.33,92.67,82.2,89.46,37986.324
1709510400,89.56,97.81,86.44,89.51,70576.649
1709596800,89.5,94.89,69.83,82.32,121062.162
1709683200,82.32,89.81,78.61,89.35,44044.796
1709769600,89.38,90.58,85.81,89.75,27488.161
1709856000,89.84,90.97,82.87,86.32,34987.123
1709942400,86.33,93.6,86.15,91.35,34096.124
1710028800,91.51,92.68,85.22,87.93,31298.293
1710115200,87.92,93.08,82.24,92.67,61170.952
1710201600,92.72,93.91,81.77,87.64,54230.335
1710288000,87.64,98,86.98,91.05,81455.567
1710374400,91.01,91.17,83.08,89.09,40905.3
1710460800,89.09,90.07,75.97,82.27,38135.207
1710547200,82.28,83.65,74.18,76.08,23960.959
1710633600,76.16,80.6,72.71,79.34,19641.603
1710720000,79.22,80.54,73.73,74.99,25374.272
1710806400,74.88,75.3,65.08,66.5,44190.151
1710892800,66.42,74.95,63.51,74.28,41171.541
1710979200,74.23,76.36,71.79,74.45,24544.076
1711065600,74.37,75.27,67.85,70.33,20378.761
1711152000,70.33,72.03,69.73,70.57,15150.344
1711238400,70.53,73.51,70.32,72.97,12558.669
1711324800,73.04,78.02,72.7,77.12,23634.173
1711411200,77.16,80.56,76.95,79.17,24617.54
1711497600,79.17,80.3,75.19,77.56,21914.882
1711584000,77.44,79.71,76.27,79.04,24207.823
1711670400,78.98,81.59,77.61,79.79,23290.178
1711756800,79.79,79.85,76.18,76.84,10211.904
1711843200,76.7,79.65,76.5,79.45,18516.767
1711929600,79.43,80.6,73.6,75.63,32166.32
1712016000,75.65,75.97,68.58,70.71,36244.671
1712102400,70.64,72.07,68.42,69.73,17245.615
1712188800,69.52,74.23,68.09,72.32,26995.259
1712275200,72.37,72.65,68.9,71.35,9938.867
1712361600,71.34,73.26,71.06,72.56,3998.987
1712448000,72.54,74.26,72.4,73.3,12112.128
1712534400,73.35,76.4,72.14,75.96,12433.253
1712620800,76,76.35,72.63,73.05,13941.418
1712707200,73,73.39,68.01,71.28,34886.662
1712793600,71.27,72.1,69.5,70.09,6202.719
1712880000,70.05,72.04,54.42,59.53,55716.269
1712966400,59.48,59.55,43.3,51.23,74199.308
1713052800,51.17,55.87,49.04,55.07,66306.806
1713139200,54.89,56.43,51.03,52.93,40005.77
1713225600,52.93,54.28,50.72,53.72,18316.38
1713312000,53.74,53.83,49.91,51.88,30344.969
1713398400,51.77,54.35,50.61,53.95,11365.7
1713484800,53.81,56.03,49.7,54.92,18996.42
1713571200,54.87,59.29,54.18,59,10125.941
1713657600,58.82,60.08,57.78,58.72,9859.903
1713744000,58.75,60.89,58.49,59.71,11730.096
1713830400,59.73,60.19,58.71,59.39,6765.176
1713916800,59.38,60.88,55.95,56.79,15538.643
1714003200,56.85,57.45,54.47,56.14,7363.283
1714089600,56.15,56.97,54.66,55.87,8381.244
1714176000,55.93,57.56,53.61,57.11,12975.6
1714262400,57.2,58.2,55.47,55.75,7896.48
1714348800,55.75,56.93,54.03,55.84,12047.389
1714435200,55.82,56.69,50.96,53.24,14210.166
1714521600,53.09,55.76,50.73,55.64,13009.285
1714608000,55.63,59.92,53.68,57.07,10213.095
1714694400,57.07,62.05,56.18,59.42,24154.349
1714780800,59.44,62,57.64,57.82,13147.522
1714867200,57.89,58.62,55,57.9,23437.854
1714953600,58.09,60.35,56.22,56.31,9331.165
1715040000,56.29,57.75,55.5,55.86,9100.975
1715126400,55.96,57.4,54.8,56.38,5899.002
1715212800,56.42,58.79,55.19,58.33,7841.759
1715299200,58.24,58.5,54.18,54.25,7713.776
1715385600,54.48,54.85,53.23,53.31,4241.962
1715472000,53.32,58.66,53.2,54.06,19048.878
1715558400,54.11,57.91,52.59,54.5,11197.643
1715644800,54.59,54.75,52.22,52.4,4313.449
1715731200,52.49,56.42,52.01,56.07,8857.371
1715817600,56.08,56.59,54.19,55.31,6362.162
1715904000,55.39,57.03,54.63,56.69,4952.091
1715990400,56.7,57.86,55.83,56.66,7807.874
1716076800,56.67,57.28,54.42,55.03,4561.539
1716163200,54.98,59.91,54.38,59.66,11465.563
1716249600,59.76,62.94,58.83,61.83,17124.271
1716336000,61.83,62.42,59.66,60.67,9019.37
1716422400,60.71,62.2,55.04,59.37,18777.875
1716508800,59.36,61.77,57.57,60.59,15247.777
1716595200,60.64,65.95,60.45,63.7,30132.819
1716681600,63.54,64.78,62.14,63.78,11073.968
1716768000,63.76,66,61.34,62.87,15336.137
1716854400,62.85,63.72,60.68,62.34,11157.589
1716940800,62.41,64.18,60.92,61.12,10347.172
1717027200,61.25,61.76,57.94,59.48,10797.926
1717113600,59.43,61.26,58.16,59.1,4606.117
1717200000,59.12,59.26,58.49,58.55,3454.859
1717286400,58.59,59.33,57.6,57.97,6904.963
1717372800,57.83,60.01,57.17,57.86,6734.457
1717459200,57.76,60.72,57.68,59.89,8484.217
1717545600,59.94,61.36,59.31,61.36,12707.703
1717632000,61.39,61.46,58.77,59.67,3931.959
1717718400,59.66,60.74,50.51,55.74,24699.567
1717804800,55.59,56.14,52.59,53.72,7926.156
1717891200,53.65,54.76,53.01,54.35,2537.243
1717977600,54.35,54.63,52.91,53.43,9682.16
1718064000,53.43,53.59,50,52.1,8244.431
1718150400,52.1,55.13,51.19,53.9,3371.138
1718236800,53.82,53.99,51.26,51.77,2433.101
1718323200,51.71,52.9,49.53,51.93,5035.855
1718409600,51.93,53.97,51.89,53.66,5087.343
1718496000,53.65,54.3,52.83,53.98,2343.474
1718582400,54.01,54.26,49.38,50.63,6961.54
1718668800,50.73,50.75,44.78,47.92,28267.604
1718755200,47.94,51.2,47.41,50.1,15923.282
1718841600,49.95,50.94,48.55,48.74,11543.695
1718928000,48.77,49.99,48.14,48.87,7313.427
1719014400,48.88,49.23,48.06,48.75,4614.519
1719100800,48.7,49.59,47.52,47.66,2218.532
1719187200,47.71,48.64,45.19,48.02,16168.218
1719273600,48.01,50.05,47.79,48.7,7172.979
1719360000,48.69,49.66,47.91,49.02,4233.129
1719446400,49.05,50.61,48.51,50.16,6432.595
1719532800,50.16,51.24,49.45,49.51,6506.238
1719619200,49.64,50.74,47.89,48.07,2807.362
1719705600,48.1,49.88,47.76,49.67,2817.683
1719792000,49.6,50.81,48.68,49.43,4465.334
1719878400,49.42,49.98,48.44,49,7089.077
1719964800,49.16,49.35,47.07,47.64,4937.762
1720051200,47.69,48.23,44.35,44.64,14431.891
1720137600,44.64,47.67,40.11,46.78,38226.703
1720224000,46.79,47.82,45.61,47.38,11623.515
1720310400,47.26,47.35,44.8,44.8,3090.426
1720396800,45.03,48.92,43.75,47.61,14428.9
1720483200,47.45,49,47.08,47.7,4888.867
1720569600,47.64,48.78,47.08,47.97,9715.058
1720656000,47.93,49.1,46.38,46.68,12897.958
1720742400,46.68,47.96,45.77,47.96,7421.366
1720828800,47.95,48.11,47.01,47.53,3229.85
1720915200,47.56,50.63,47.28,50.41,4782.482
1721001600,50.53,52.19,50.16,52.15,8451.879
1721088000,52.22,52.42,49.54,51.75,8814.517
1721174400,51.69,52.99,50.61,50.75,5345.911
1721260800,50.98,53.07,50.42,52.42,8931.585
1721347200,52.41,52.9,50.71,52.11,8849.138
1721433600,52.13,52.51,50.89,51.65,4994.494
1721520000,51.61,52.71,49.83,52.41,6646.268
1721606400,52.5,53.13,50.35,50.55,4924.887
1721692800,50.53,51.66,49.14,49.95,6987.735
1721779200,49.96,51,48.29,48.78,4623.401
1721865600,48.72,49.81,46.97,49.73,4346.014
1721952000,49.74,52.13,49.74,51.37,5995.943
1722038400,51.34,52.8,51,51.59,4769.944
1722124800,51.6,51.7,47.1,47.5,15848.833
1722211200,47.47,50.84,46.08,49.62,47899.533
1722297600,49.5,52.82,49.5,52.73,58698.651
1722384000,52.72,53.64,51.39,52.7,35800.024
1722470400,52.68,54.4,50.56,53.47,27713.551
1722556800,53.49,54.29,49.3,51.37,19330.603
1722643200,51.37,51.56,43.89,44.34,31581.309
1722729600,44.36,46.6,40.74,40.76,43780.857
1722816000,40.75,41.21,33.87,37.88,149710.359
1722902400,37.89,41.15,37.43,39.41,52211.119
1722988800,39.44,40.32,36.82,37.3,32388.811
1723075200,37.36,41.52,36.83,41.24,30927.213
1723161600,41.18,41.62,39.65,41.32,32906.43
1723248000,41.28,41.9,40.67,41.17,18596.072
1723334400,41.21,43.57,40.61,40.97,29457.895
1723420800,40.99,43.34,40.54,42.47,30224.081
1723507200,42.46,44.26,41.91,44.17,23178.897
1723593600,44.29,45.4,43.46,44.82,21827.559
1723680000,44.81,44.89,42.29,43.6,14639.349
1723766400,43.58,43.78,41.19,42.42,26253.275
1723852800,42.45,43.01,40.89,42,14766.252
1723939200,42.06,44.04,41.14,42.44,10289.081
1724025600,42.37,43.62,41.64,43.14,15662.819
1724112000,43.12,46.44,42.62,46.07,28314.592
1724198400,45.99,51.57,45.6,49.68,61264.595
1724284800,49.72,51.25,49.31,50.99,31629.797
1724371200,51.08,55.3,50.19,54.34,32366.939
1724457600,54.36,54.36,51.96,52.82,25239.42
1724544000,52.88,53.32,51.1,51.19,22234.294
1724630400,51.21,52.19,47.91,48.11,17392.086
1724716800,48.21,48.78,44.87,45.46,13596.751
1724803200,45.46,46.52,44.28,45.16,14124.339
1724889600,45.3,46.75,44.09,44.84,5097.623
1724976000,44.62,47.06,44.06,46.38,13347.167
1725062400,46.4,46.72,44.8,45.18,8952.781
1725148800,45.39,45.56,42.09,42.66,12830.555
1725235200,42.62,45.34,42.47,45.19,13499.535
1725321600,45.16,45.63,42.73,42.85,11909.373
1725408000,42.87,46.3,41.22,44.53,26105.544
1725494400,44.53,44.76,41.4,41.92,11095.451
1725580800,41.89,42.69,39.35,41.1,18422.698
1725667200,41.1,42.02,40.65,41.2,13785.826
1725753600,41.26,42.17,40.4,41.37,10075.703
1725840000,41.49,43.04,40.92,42.47,19265.106
1725926400,42.5,43.6,41.64,43.08,18939.862
1726012800,43.1,43.35,40.82,41.68,32495.01
1726099200,41.68,44.55,41.61,44.25,27995.788
1726185600,44.24,44.96,43.25,44.85,25407.631
1726272000,44.81,45.26,43.74,44.73,14796.669
1726358400,44.72,44.84,42.42,42.87,14808.787
1726444800,42.81,43.75,41.94,42.62,24918.062
1726531200,42.54,43.9,42.06,42.54,25648.658
1726617600,42.58,43.92,41.16,43.92,11305.984
1726704000,43.93,45.2,43.93,44.19,11221.494
1726790400,44.16,45.8,43.73,45.14,10658.824
1726876800,45.07,46.92,44.54,46.84,12944.63
1726963200,46.85,47.16,45.37,47.14,7277.81
1727049600,47.19,49.71,46.47,48.92,17784.472
1727136000,48.92,51.27,48.56,49.8,19843.407
1727222400,49.77,50.44,48.62,48.95,11568.697
1727308800,49.02,50.3,48.14,49.33,8559.975
1727395200,49.33,50.73,48.42,49.71,12479.031
1727481600,49.83,51.58,47.7,48.37,11388.532
1727568000,48.4,48.81,47.12,47.46,6409.443
1727654400,47.43,48.75,45.58,46.1,13747.1
1727740800,46.07,48.13,41.51,42.64,10688.144
1727827200,42.6,44.49,40.8,42.22,11352.503
1727913600,42.18,42.85,40.69,42.71,7293.948
1728000000,42.77,44.72,42.2,44.27,13523.873
1728086400,44.48,44.89,43.82,44.21,3489.573
1728172800,44,44.53,43.34,44.35,3893.133
1728259200,44.39,45.3,44,44.14,7015.923
1728345600,44.17,44.97,43.02,43.69,3697.121
1728432000,43.84,44.85,42.48,43.01,7725.29
1728518400,42.92,44.13,42.09,43.44,8041.095
1728604800,43.47,44.22,43.12,43.96,3406.967
1728691200,43.99,45.47,43.96,44.92,3647.265
1728777600,44.96,45.04,43.25,44.32,5706.004
1728864000,44.39,46.4,44,45.58,11178.762
1728950400,45.66,45.97,43.63,44.96,9447.806
1729036800,45.1,45.35,43.9,45.23,5327.408
1729123200,45.34,45.58,43.11,44.56,8496.216
1729209600,44.54,46.19,44.07,45.66,13496.082
1729296000,45.65,46.61,44.7,45.99,6047.471
1729382400,46.06,47.27,45.28,47.13,9197.104
1729468800,47.13,47.29,44.66,45.18,8213.246
1729555200,45.47,46.29,44.23,44.79,5676.059
1729641600,44.95,45.01,42.57,43.89,11529.167
1729728000,43.87,44.59,43.39,43.95,4337.822
1729814400,43.98,44.27,39.58,41.1,10535.682
1729900800,40.95,42.12,40.81,42.01,4530.902
1729987200,41.94,42.97,41.52,42.66,5967.217
1730073600,42.89,43.94,41.59,43.78,7364.74
1730160000,43.96,45.26,43.84,44.72,7049.482
1730246400,44.73,45.29,43.95,44.62,6915.461
1730332800,44.69,45.24,42.41,42.96,9957.705
1730419200,43.17,43.24,41.86,42.29,4192.17
1730505600,42.29,42.49,41.06,41.44,1981.319
1730592000,41.45,41.53,39.3,40.67,7055.135
1730678400,40.69,42.17,40.06,40.89,4526.369
1730764800,41.05,41.44,38.88,40.99,15087.652
1730851200,41.14,44.76,41.1,44.49,16922.414
1730937600,44.52,47.98,44.13,46.57,22884.537
1731024000,46.64,47.4,45.28,46.62,9507.3
1731110400,46.64,48.22,46.06,47.76,10590.669
1731196800,47.81,51.13,46.77,50.05,36017.43
1731283200,50.06,54.87,50.05,53.71,29556.071
1731369600,53.67,56,49.17,50.71,41088.246
1731456000,50.73,51.42,46.47,48.13,34287.486
1731542400,48.17,49.41,45.09,45.75,14527.658
1731628800,45.93,48.53,45.44,48.48,12486.614
1731715200,48.45,52.54,48.19,52.37,14786.321
1731801600,52.39,56.02,50.57,51.55,29592.554
1731888000,51.55,60.96,51.39,56.25,27928.149
1731974400,56.36,58.03,52.49,53.59,26606.628
1732060800,53.5,55.46,51.2,52.96,30082.844
1732147200,52.93,55.87,51.82,53.95,24914.478
1732233600,53.9,65.73,52.41,64.73,43828.324
1732320000,64.67,68.57,58.9,64,110633.188
1732406400,63.95,72.98,62.25,67.16,72359.287
1732492800,67.2,70.68,64.88,67.4,44480.824
1732579200,67.34,69.53,61.86,66.23,38245.598
1732665600,66.09,74.12,64.91,73.66,42108.613
1732752000,73.63,75.24,67.71,72.76,29415.235
1732838400,72.73,72.82,70.14,70.68,17949.867
1732924800,70.68,73.76,70.12,71.88,19371.169
1733011200,71.7,73.44,69.97,72.3,21146.128
1733097600,72.26,84.81,72.12,83.89,94872.272
1733184000,83.81,94.28,80.15,87.47,107759.891
1733270400,87.42,141,86.81,120.4,315007.324
1733356800,120.26,125.03,109.75,114.32,147564.546
1733443200,114.38,125.82,113.56,118.13,93246.267
1733529600,118.15,122,115.64,119.72,63156.392
1733616000,119.67,127,116.5,118.75,52393.699
1733702400,118.73,118.73,81.18,97.87,60745.741
1733788800,97.83,104.46,87.42,95.61,76044.578
1733875200,95.61,105.13,91.86,103.57,42800.314
1733961600,103.57,121.74,101.98,112.58,83864.128
1734048000,112.48,113.84,107.33,110.72,20845.727
1734134400,110.74,114.44,104.2,106.27,29903.648
1734220800,106.23,110.78,103.73,109.59,13893.7
1734307200,109.59,110.91,103.21,105.57,25218.926
1734393600,105.49,106.2,98.68,100.43,21136.762
1734480000,100.45,101.24,87.82,90.5,33831.286
1734566400,90.45,91.32,77.45,80.26,39021.281
1734652800,80.34,86.36,68.5,85.12,28282.554
1734739200,85.06,90.64,78.6,81,13060.197
1734825600,81.04,82.26,76.44,79.62,12529.972
1734912000,79.66,86.07,77.16,84.8,25257.22
1734998400,84.84,90.3,82.4,87.3,16439.231
1735084800,87.26,88.75,84.5,86.5,10390.096
1735171200,86.47,86.7,78.21,79.23,13767.043
1735257600,79.23,84.75,78.06,78.8,14861.995
1735344000,78.79,82.2,76.87,81.21,7022.398
1735430400,81.3,81.3,76.16,77.18,5835.198
1735516800,77.04,80.02,74.36,75.85,9306.005
1735603200,75.61,77.33,72.75,73.31,10836.74
1735689600,73.28,78.79,71.48,77.95,14496.125
1735776000,77.81,81.25,77.76,78.4,9139.304
1735862400,78.65,87.34,77.93,85.2,13212.919
1735948800,85.4,86.37,83.28,84.75,4824.823
1736035200,84.78,85.27,81.4,85.05,6916.584
1736121600,85.14,87.73,83.68,85.23,11807.897
1736208000,85.17,85.17,75.13,75.33,18371.984
1736294400,75.4,77.34,67.58,72.48,15175.414
1736380800,72.49,74.01,69.07,71.48,12374.434
1736467200,71.7,77.82,71.2,77.14,16140.065
1736553600,77.09,85,76.25,79.65,22611.939
1736640000,79.62,80.33,77.14,77.14,10078.611
1736726400,77.13,79.35,69.01,72.9,22863.252
1736812800,73.06,77,72.37,76.41,14646.274
1736899200,76.47,84.7,75.56,83.27,34512.403
1736985600,83.26,91.33,79.87,80.28,32366.747
1737072000,80.35,92.5,80.35,89.59,55786.563
1737158400,89.68,92.99,81.74,84.05,21369.734
1737244800,83.9,88.61,77.94,80.2,39316.594
1737331200,79.98,87.92,77.97,82.02,47602.652
1737417600,81.75,83.39,77.27,79.98,24736.611
1737504000,79.87,80.56,75.78,76.06,21339.845
1737590400,76.12,79.21,74.59,77.27,29103.752
1737676800,77.48,79.51,74.6,76.14,30355.91
1737763200,75.9,76.21,73.09,74.85,16506.756
1737849600,74.8,84.9,72.39,72.41,19042.331
1737936000,72.42,72.9,65.09,70.78,38428.187
1738022400,70.56,71.65,66.35,67.38,25458.585
1738108800,67.38,71.64,66.93,68.76,21355.269
1738195200,68.82,72.7,68.01,70.44,29007.817
1738281600,70.44,73.24,68.9,69.78,24045.99
1738368000,69.8,73.1,63.44,64.25,24514.977
1738454400,64.11,65.56,52.53,55.76,41759.998
1738540800,55.58,59.35,42.42,57.42,87444.28
1738627200,57.4,60.61,50.8,53.28,40735.824
1738713600,53.28,53.61,49.19,49.89,32878.69
1738800000,49.88,51.77,47.85,48.53,22592.524
1738886400,48.55,52.41,48,51.23,24695.955
1738972800,51.18,51.69,49.79,50.77,8749.117
1739059200,50.71,52.7,48.6,51.21,11861.795
1739145600,51.23,54.79,49.18,54.57,17980.73
1739232000,54.7,60.01,54.54,56,32875.946
1739318400,55.9,59.78,54.29,58.27,18204.735
1739404800,58.27,58.72,55.19,56.08,19855.39
1739491200,56.16,61.9,55.95,58.53,11598.918
1739577600,58.46,58.48,56.36,56.51,6895.948
1739664000,56.57,57.43,54.9,55,7561.079
1739750400,54.99,57.97,53.68,55.75,16154.949
1739836800,55.65,55.9,51.59,52.94,27668.484
1739923200,52.93,57.39,51.47,54.83,30792.183
1740009600,54.79,57.81,53.32,55.25,11186.226
1740096000,55.26,57.79,51.72,52.86,8021.973
1740182400,52.81,57.44,52.69,56.25,7420.048
1740268800,56.2,56.87,54.07,55.37,10911.524
1740355200,55.4,55.41,49.07,50.47,12010.866
1740441600,50.62,51.82,48.01,51.22,18123.094
1740528000,51.25,52.84,48.89,50.7,7044.063
1740614400,50.82,53.09,50.24,52.04,6229.082
1740700800,51.98,51.99,46.77,50.88,9840.773
1740787200,50.86,51.76,49,50.3,3224.606
1740873600,50.23,55.34,48.7,54.2,9464.947
1740960000,54.28,54.4,45.84,46.79,9755.054
1741046400,46.78,49.86,42.65,49.4,22662.4
1741132800,49.29,52.02,48.92,51.55,7157.403
1741219200,51.45,53.09,48.1,48.82,15145.179
1741305600,48.88,52.79,46.78,50.62,11222.837
1741392000,50.63,51.81,48.31,48.69,5148.523
1741478400,48.72,49.07,42.94,43.23,11847.366
1741564800,43.37,46.4,41.15,41.15,8852.174
1741651200,41.19,42.37,37.67,40.47,20379.455
1741737600,40.58,42.5,39,41.86,39851.534
1741824000,41.92,42.57,38.92,40.13,13720.147
1741910400,40.12,41.75,39.95,41.45,4843.408
1741996800,41.55,43.38,40.54,42.2,6299.536
1742083200,42.28,42.69,40.73,41.86,7561.724
1742169600,41.88,43.89,41.88,43.39,5556.02
1742256000,43.31,43.86,42.17,43.24,7628.453
1742342400,43.34,44.35,42.82,44.21,9953.484
1742428800,44.16,44.28,42.14,42.89,6090.982
1742515200,42.92,43.25,41.52,41.57,6984.658
1742601600,41.56,43.86,41.51,43.24,3761.694
1742688000,43.13,43.77,42.28,42.69,2924.087
1742774400,42.68,44.97,42.53,44.66,9329.276
1742860800,44.63,45.04,43.9,44.55,7282.267
1742947200,44.54,45.8,43.67,44.45,12265.46
1743033600,44.46,45.6,43.84,44.65,3096.323
1743120000,44.52,44.68,39.7,41.04,6896.518
1743206400,40.97,41.32,38.39,38.71,4164.176
1743292800,38.7,39.56,38.45,39.14,3634.59
1743379200,39.22,40,37.96,39.67,5817.739
1743465600,39.6,73.25,39.26,44.28,115482.425
1743552000,44.16,51.88,42.05,44.34,116915.264
1743638400,44.42,47.98,43.79,46.61,52123.356
1743724800,46.64,47.56,43.57,44.45,22410.326
1743811200,44.45,46.97,43.64,44.66,14072.476
1743897600,44.56,44.56,38.85,39.57,21529.047
1743984000,39.6,41.88,36.06,39.4,23934.563
1744070400,39.42,40.51,36.35,36.95,15528.466
1744156800,36.89,40.85,35.45,40.02,28420.6
1744243200,40.06,40.3,37.42,39.13,12115.328
1744329600,39.13,43.06,39.05,40.36,23366.931
1744416000,40.37,42.48,40.06,41.93,12279.657
1744502400,41.97,42.14,40.03,40.61,12195.913
1744588800,40.63,42.12,40.06,40.23,11267.718
1744675200,40.26,41.51,39.54,39.71,8533.986
1744761600,39.74,40.45,38.83,39.25,10518.615
1744848000,39.22,39.94,38.43,39.15,8515.38
1744934400,39.19,40.26,38.85,39.55,3357.282
1745020800,39.48,40.62,39.3,40.55,12186.823
1745107200,40.48,40.67,39.3,40.31,5182.232
1745193600,40.41,43.33,39.73,39.91,12590.593
1745280000,39.8,42.94,39,42.81,9853.091
1745366400,42.83,43.93,42.46,43.17,9113.457
1745452800,43.3,45.95,41.31,43.82,11167.424
1745539200,43.8,44.5,43.12,43.81,12486.4
1745625600,43.89,45.2,43.09,44.22,5058.09
1745712000,44.25,44.79,42.21,42.58,7713.434
1745798400,42.66,43.63,41.52,42.65,8185.354
1745884800,42.7,43.12,40.52,40.95,6202.176
1745971200,40.84,42.04,39.68,40.66,13604.812
1746057600,40.58,41.2,40.16,40.25,7315.966
1746144000,40.42,41.86,39.96,41.81,9891.955
1746230400,41.78,41.78,39.47,40.07,5098.323
1746316800,39.96,40.28,39.46,39.69,11367.347
1746403200,39.8,40.55,38.78,39.09,7858.254
1746489600,39.02,39.18,36.95,38.44,7851.508
1746576000,38.45,39.26,37.9,39.02,8415.54
1746662400,39.09,43.97,39.06,43.77,16777.676
1746748800,43.65,46.2,43.41,45.34,8482.201
1746835200,45.36,49.27,44.89,48.85,10896.148
1746921600,48.78,49.7,46.32,47.79,9480.831
1747008000,47.96,49.84,44.66,46.98,13845.297
1747094400,46.86,48.9,44.67,48.4,10601.31
1747180800,48.49,49.02,45.79,46.05,8427.635
1747267200,46.05,46.53,43.45,44.38,6443.431
1747353600,44.33,47.7,44.27,45.88,8261.222
1747440000,45.86,46.03,42.72,43.03,6208.934
1747526400,43.09,45.93,42.54,45.2,7655.217
1747612800,45.33,45.44,41.22,43.08,14381.773
1747699200,43.02,44.29,41.88,42.84,9474.279
1747785600,43.03,44.78,42.31,43.95,7612.949
1747872000,43.98,45.29,43.68,45.14,12689.75
1747958400,45.02,46.06,41.89,42.26,12997.512
1748044800,42.13,43.19,41.97,42.08,3522.465
1748131200,42.09,42.53,40.65,42.31,9582.537
1748217600,42.36,43.07,41.64,42.15,6464.413
1748304000,42.19,43.32,41.32,42.47,6237.692
1748390400,42.45,43.34,41.58,42.77,6588.755
1748476800,42.75,43.98,42.08,43.13,7717.336
1748563200,43.13,43.75,39.77,40.07,10091.672
1748649600,40,41.57,39.2,40.59,10334.947
1748736000,40.59,41.21,39.72,40.79,4125.206
1748822400,40.76,41.5,39.67,41.43,9125.101
1748908800,41.39,47.32,41.29,44.52,35275.438
1748995200,44.5,50.99,43.94,44.91,51868.163
1749081600,44.91,45.05,41.83,42.25,18909.773
1749168000,42.23,50.87,42.13,44.51,75963.964
1749254400,44.5,46.67,43.7,45.67,16890.446
1749340800,45.7,47.9,44.26,45.85,19152.89
1749427200,45.84,53.77,44.97,51.02,27508.835
1749513600,51.02,62.26,49.96,60.73,107263.804
1749600000,60.72,62.64,58.42,59.81,53040.148
1749686400,59.8,60.9,54.39,54.39,57645.354
1749772800,54.38,57.05,50.12,56.1,51355.4
1749859200,56.12,56.4,51.5,52.53,19559.541
1749945600,52.53,53.89,50.97,52.69,17831.269
1750032000,52.69,57,51.75,54.49,35941.242
1750118400,54.49,56.07,49.65,50.19,22938.532
1750204800,50.2,51.41,48.53,50.55,34238.181
1750291200,50.56,51.84,49.81,51.52,20138.094
1750377600,51.54,52,48.49,48.72,14888.982
1750464000,48.71,49.05,45.42,46.71,13041.932
1750550400,46.73,47.19,43.5,45.2,12753.62
1750636800,45.16,48.69,43.8,48.12,28430.764
1750723200,48.13,48.66,46.16,46.51,18659.033
1750809600,46.52,49.06,45.35,45.66,14578.877
1750896000,45.65,47.05,44.87,45.46,10352.666
1750982400,45.5,46.7,44.93,46.07,5796.219
1751068800,46.06,46.28,45.21,45.76,23780.788
1751155200,45.75,47.37,44.98,46.45,61769.054
1751241600,46.47,46.73,44.07,44.33,69856.659
1751328000,44.35,44.5,41.23,41.59,77215.171
1751414400,41.58,44.48,41.2,43.75,79303.649
1751500800,43.76,44.84,42.89,43.02,69140.451
1751587200,43.06,43.43,40.85,41.16,69983.186
1751673600,41.16,41.6,40.51,41.1,69439.626
1751760000,41.12,42.02,40.43,41.42,65210.827
1751846400,41.4,41.67,40.33,40.68,64899.113
1751932800,40.67,41.32,40.06,40.98,69188.311
1752019200,40.98,47.01,39.88,45.94,158868.54
1752105600,45.95,48.86,44.46,48.16,98578.282
1752192000,48.15,48.98,46.01,46.71,87871.066
1752278400,46.72,47.43,45.11,46.38,70800.693
1752364800,46.39,47.63,46.15,46.69,73418.766
1752451200,46.7,54,46.36,48.75,131060.121
1752537600,48.75,49.48,46.6,49.1,101681.116
1752624000,49.1,51.45,48.79,50.26,94872.68
1752710400,50.27,51.07,48.32,50.16,128828.179
1752796800,50.17,55.44,49.82,51.45,195383.725
1752883200,51.47,52.37,49.64,51.88,103455.994
1752969600,51.89,55.42,51.35,53.73,125752.609
1753056000,53.74,55.97,52.24,53.82,105470.806
1753142400,53.85,54.33,50.06,52.97,58300.32
1753228800,52.98,53.88,48.42,50.18,64690.002
1753315200,50.22,50.91,46.1,47.94,57882.846
1753401600,47.95,48.97,46.34,48.77,51951.5
1753488000,48.76,49.94,48.35,49.27,16890.917
1753574400,49.24,52.22,48.95,51.27,39247.915
1753660800,51.26,52.21,48.12,48.44,19520.536
1753747200,48.44,49.78,46.68,47.64,24047.742
1753833600,47.63,47.91,44.59,47.05,16222.655
1753920000,47.02,48.02,44.82,45.04,12183.336
1754006400,45.05,45.2,42.87,44.01,41634.799
1754092800,44.01,45.05,43.15,44.21,20403.767
1754179200,44.25,45.13,43.79,44.92,7311.431
1754265600,44.93,47.35,44.87,47.18,8131.425
1754352000,47.17,47.48,44.85,45.71,6691.654
1754438400,45.7,46.41,44.42,46.23,8225.655
1754524800,46.24,48.53,45.72,48.42,12292.825
1754611200,48.42,49.8,47.37,49.51,37599.755
1754697600,49.52,57.03,49.5,55.35,103949.8
1754784000,55.36,56.25,52.62,54.21,32965.19
1754870400,54.2,55.13,50.62,50.76,24812.984
1754956800,50.75,53.63,50.1,53.15,35470.246
1755043200,53.16,55.22,52.26,53.92,22637.461
1755129600,53.93,54.61,47.72,48.63,54274.145
1755216000,48.6,49.52,46.24,47.94,27078.793
1755302400,47.95,48.54,47.08,48.48,13256.753
1755388800,48.49,49.52,48.12,48.2,20712.828
1755475200,48.18,48.3,45.83,46.78,36824.031
1755561600,46.78,47.45,44.55,44.7,20814.506
1755648000,44.71,46.93,44.69,46.45,23825.317
1755734400,46.45,46.68,44.76,44.98,16035.036
1755820800,44.99,49.98,43.57,49.46,43528.744
1755907200,49.47,50.01,47.75,48.68,24062.959
1755993600,48.69,49.09,46.11,46.4,30251.243
1756080000,46.39,47.19,41.9,42.86,37356.631
1756166400,42.85,44.86,42.6,44.59,21431.744
1756252800,44.56,45.06,43.76,43.91,34253.458
1756339200,43.86,45.11,43.55,44.7,10196.847
1756425600,44.7,44.83,42.26,43.05,20026.273
1756512000,43.04,43.63,42.16,43.18,9090.526
1756598400,43.19,43.62,42.45,42.46,9240.004
1756684800,42.44,45.28,41.23,42.31,36162.966
1756771200,42.27,43.44,41.8,43.35,11189.328
1756857600,43.35,43.83,42.69,43.28,7311.133
1756944000,43.3,43.47,41.55,42.19,12082.565
1757030400,42.19,44.38,42.15,43.39,13344.568
1757116800,43.4,43.68,42.13,42.36,6215.975
1757203200,42.36,43.07,42.25,42.72,5769.815
1757289600,42.73,44.14,42.69,43.55,14730.162
1757376000,43.55,44.78,42.94,43.38,11498.154
1757462400,43.41,44.53,43.22,43.97,10866.677
1757548800,43.97,45.36,43.83,45.18,26713.724
1757635200,45.19,45.99,44.12,45.84,15688.619
1757721600,45.85,48.16,45.61,46.99,24086.338
1757808000,46.99,47.17,44.72,44.93,7502.801
1757894400,44.88,45.84,43.2,44.19,10334.281
1757980800,44.18,45.03,43.55,44.86,8825.992
1758067200,44.88,46.2,43.6,46.04,6737.983
1758153600,46.05,46.61,45.47,46.07,12658.307
1758240000,46.08,46.45,43.76,44.08,14398.637
1758326400,44.09,45.43,43.79,44.69,12871.036
1758412800,44.69,45.18,44.1,44.35,6835.155
1758499200,44.3,44.49,39.55,42.25,21443.313
1758585600,42.24,42.3,40.92,41.27,12702.868
1758672000,41.24,42.48,40.65,41.57,10060.791
1758758400,41.57,43.89,39.06,39.69,50905.954
1758844800,39.69,41.29,39.52,41.09,13159.407
1758931200,41.02,41.28,40.62,40.98,4970.551
1759017600,40.98,41.84,40.05,41.81,6564.683
1759104000,41.75,42.51,41.04,42.03,7875.88
1759190400,41.94,42.1,40.5,41.63,6288.42
1759276800,41.67,43.14,40.67,43.11,10229.446
1759363200,43.09,44.83,42.74,44.02,8452.614
1759449600,44.06,44.56,42.91,43.91,7758.122
1759536000,43.91,44.02,42.23,42.7,5348.757
1759622400,42.68,44.5,42.41,42.87,13749.564
1759708800,42.86,44.32,42.63,43.93,10264.652
1759795200,43.93,43.98,41.91,42.26,8891.232
1759881600,42.42,43.32,41.87,42.84,7063.975
1759968000,42.87,42.88,41.11,42.05,6045.159
1760054400,42.06,43.92,22.41,30.46,74663.101
1760140800,30.19,33.73,29.51,32.15,90450.452
1760227200,32.16,35.86,31.28,34.74,33929.37
1760313600,34.74,36.42,33.98,36.24,28703.422
1760400000,36.27,37.66,32.59,36.45,43474.873
1760486400,36.45,37.38,34.51,35.23,42180.358
1760572800,35.22,35.84,33.25,34.25,28962.357
1760659200,34.24,36.49,31.76,33.41,41594.95
1760745600,33.4,36.22,33.2,36.06,16459.235
1760832000,35.96,37.34,35.21,37.03,30967.461
1760918400,37.03,38.38,36.34,37.4,17055.249
1761004800,37.41,38.35,35.94,36.46,21979.176
1761091200,36.47,37.03,35.22,36.15,15518.45
1761177600,36.12,37.42,35.92,37.42,10273.337
1761264000,37.38,38.83,37.18,37.89,10480.482
1761350400,37.9,38.3,37.45,38.24,3069.678
1761436800,38.26,39.11,37.92,38.53,7455.223
1761523200,38.61,39.12,37.06,37.27,8317.245
1761609600,37.32,38.32,35.67,36.25,11897.083
1761696000,36.24,37.46,35.58,36.94,15963.01
1761782400,36.98,37.45,34.13,34.95,21698.678
1761868800,34.92,35.44,34.17,35,11819.377
1761955200,34.95,36.18,34.51,35.7,10434.064
1762041600,35.69,36.16,34.71,35.77,19092.229
1762128000,35.75,35.78,31.2,32.78,24431.495
1762214400,32.71,33.17,29.68,31.19,40690.57
1762300800,31.21,32.36,29.66,32.26,17710.365
1762387200,32.25,32.49,31.1,31.85,22219.616
1762473600,31.84,35.54,31.56,34.82,27784.659
1762560000,35.02,35.18,33.15,34.42,23859.982
1762646400,34.39,35,32.74,34.62,19019.475
1762732800,34.44,36.06,33.73,35.39,31668.831
1762819200,35.47,36.02,32.74,32.86,12666.317
1762905600,32.87,36.73,32.44,33.04,26995.144
1762992000,32.98,34.39,32.09,33.46,15687.136
1763078400,33.44,34.02,31.64,32.34,22451.716
1763164800,32.42,33.44,32.2,32.79,6108.862
1763251200,32.81,33.17,31.34,31.92,12930.537
1763337600,31.91,33.48,31.08,31.62,16408.797
1763424000,31.58,32.67,31.16,31.96,11051.301
1763510400,31.95,32.26,30.54,31.63,10256.277
1763596800,31.63,32.34,29.62,29.82,17601.375
1763683200,29.84,30.36,26.9,29.01,20730.69
1763769600,29,29.14,28.33,28.83,10066.211
1763856000,28.83,29.29,28.52,28.64,9701.099
1763942400,28.64,30.16,28.11,29.74,32054.105
1764028800,29.68,30.33,29.23,30.13,7242.553
1764115200,30.06,31.51,29.27,30.41,28226.091
1764201600,30.46,30.96,30.15,30.18,7118.859
1764288000,30.17,36.42,29.8,33.48,59201.625
1764374400,33.44,34.6,31.35,31.88,56002.848
1764460800,31.94,36.11,31.37,35.16,56484.282
1764547200,35.11,38.34,32.26,34.18,149575.915
1764633600,34.18,37.04,32.35,35.78,67194.928
1764720000,35.81,36.87,34.52,35.51,42458.636
1764806400,35.5,35.68,33.45,34.1,19530.142
1764892800,34.09,34.83,30.95,31.4,36213.962
1764979200,31.39,31.91,30.69,31.24,10172.294
1765065600,31.23,31.36,30.03,30.39,13028.193
1765152000,30.38,32.27,30.32,31.3,18812.067
1765238400,31.28,32.41,30.86,31.86,11433.875
1765324800,31.86,32.09,30.94,31.21,11555.106
1765411200,31.21,31.21,29.92,30.14,10210.155
1765497600,30.12,30.2,29.01,29.5,10296.087
1765584000,29.52,33,28.44,30.44,61252.095
1765670400,30.44,30.74,28.34,28.58,11121.211
1765756800,28.59,29.06,27.3,27.36,16155.256
1765843200,27.36,27.53,26.46,27.08,75280.417
1765929600,27.05,27.71,25.72,25.88,82679.074
1766016000,25.88,26.08,24.49,24.54,83069.501
1766102400,24.54,25.34,24.07,25.15,78408.766
1766188800,25.15,25.15,24.21,24.5,75761.743
1766275200,24.51,24.53,23.37,23.95,84213.627
1766361600,23.96,24.5,23.72,24.39,22294.415
1766448000,24.38,25.28,23.98,24.91,21752.061
1766534400,24.88,25.58,24.16,25.46,25642.437
1766620800,25.41,26.38,25.31,25.64,24891.69
1766707200,25.64,26.58,25.5,26.2,11809.226
1766793600,26.17,27.18,26.15,27.12,11449.956
1766880000,27.1,27.16,25.66,25.88,11405.904
1766966400,25.87,26.25,25.49,25.55,19945.814
1767052800,25.54,25.82,25.05,25.38,10817.893
1767139200,25.37,26.55,24.71,24.81,37421.103
1767225600,24.95,25.38,24.44,25.35,15559.165
1767312000,25.36,26.32,25.06,26.13,21777.919
1767398400,26.18,26.5,25.55,26.41,13979.361
1767484800,26.4,26.77,26.16,26.7,10897.276
1767571200,26.76,27.3,26.19,27.03,16070.545
1767657600,27.03,27.76,26.43,27.66,22335.916
1767744000,27.68,27.77,26.51,26.81,10590.661
1767830400,26.81,27.02,26.19,26.71,7319.849
1767916800,26.71,27.61,26.55,26.99,9698.65
1768003200,27.02,27.76,26.33,26.33,8737.613
1768089600,26.35,26.76,25.89,26.19,7540.9
1768176000,26.19,26.9,25.64,26,9664.016
1768262400,26.02,27.26,25.93,27.06,13634.841
1768348800,27.06,28.11,26.79,27.43,24777.092
1768435200,27.41,27.61,26.29,26.72,18363.853
1768521600,26.7,27.1,25.91,27.1,8428.257
1768608000,27.07,27.42,26.72,27.02,10467.685
1768694400,27.04,27.39,25.82,25.85,14726.517
1768780800,25.8,25.8,23.65,25.62,18401.072
1768867200,25.61,25.69,23.94,24.16,12861.548
1768953600,24.15,24.97,23.76,24.27,10000.243
1769040000,24.29,24.65,23.71,24.28,7749.584
1769126400,24.29,24.9,23.68,24.22,23035.037
1769212800,24.23,24.33,23.79,23.83,8655.349
1769299200,23.84,24.89,22.94,23.57,24986.966
1769385600,23.53,24.06,23.18,23.9,20438.401
1769472000,23.89,24,23.32,23.87,14423.542
1769558400,23.88,24.19,23.52,24.05,12171.411
1769644800,24.04,24.07,21.74,22.7,33709.461
1769731200,22.71,22.75,21.68,21.99,18962.315
1769817600,21.99,22.05,17.99,19.76,30379.613
1769904000,19.75,20.16,18.71,19.1,15112.61
1769990400,19.12,20.33,18.75,19.67,25941.695
1770076800,19.68,20.54,18.91,19.82,32767.26
1770163200,19.82,20.27,19,19.45,17660.355
1770249600,19.45,19.62,16.2,16.39,28331.245
1770336000,16.4,17.89,14.68,17.61,41337.242
1770422400,17.59,17.93,16.88,17.57,11704.978
1770508800,17.53,17.53,16.83,16.95,7162.724
1770595200,16.97,17.21,16.26,16.91,8491.314
1770681600,16.9,17,16.21,16.34,10149.924
1770768000,16.34,16.58,15.59,15.89,12676.819
1770854400,15.9,16.26,15.19,16.22,19653.538
1770940800,16.21,23.9,15.86,20.94,190951.397
1771027200,20.93,22.8,19.68,20.46,129589.743
1771113600,20.47,24.6,19.86,20.67,106407.015
1771200000,20.63,20.63,19.43,19.78,14440.154
1771286400,19.78,20.03,19.06,19.09,9567.336
1771372800,19.07,19.07,17.58,17.79,10293.826
1771459200,17.82,18.31,17.62,18.02,11390.754
1771545600,17.93,18.45,17.75,18.16,7317.695
1771632000,18.18,18.5,17.97,18.03,2749.829
1771718400,18.13,18.4,17.28,17.61,7628.577
1771804800,17.66,18.1,16.92,17.22,9732.358
1771891200,17.24,18.12,16.91,17.79,8921.954
1771977600,17.79,19.29,17.74,18.6,9254.475
1772064000,18.61,19.05,18.23,18.85,7470.028
1772150400,18.86,19.48,18.18,18.46,10406.508
1772236800,18.46,18.47,17.26,18.05,4594.751
1772323200,18.07,18.7,17.23,17.61,4578.202
1772409600,17.62,18.42,17.54,17.56,7695.809
1772496000,17.58,17.58,16.99,17.24,5498.774
1772582400,17.25,18.49,17.23,18.1,8280.882
1772668800,18.07,18.33,17.68,18.09,6854.592
1772755200,18.08,18.21,17.29,17.43,6713.617
1772841600,17.44,17.64,17.1,17.24,4775.253
1772928000,17.25,17.25,16.43,16.7,13028.445
1773014400,16.7,16.95,16.5,16.57,6526.448
1773100800,16.59,17,16.56,16.67,10299.062
1773187200,16.67,19.65,16.55,18.43,96439.341
1773273600,18.43,18.49,17.56,17.87,10295.629
1773360000,17.87,19.43,17.81,18.52,16229.735
1773446400,18.53,18.8,18.34,18.57,8250.283
1773532800,18.57,19.17,18.39,19.05,5368.799
1773619200,19.11,19.73,18.8,19.59,21233.451
1773705600,19.52,19.75,19.2,19.27,3447.217
1773792000,19.28,19.46,18.57,18.88,2981.298
1773878400,18.85,19.26,18.23,19.26,4330.319
1773964800,19.21,19.7,18.8,19.03,9778.397
1774051200,19.03,19.55,18.71,18.71,4043.237
1774137600,18.72,19.04,18.26,18.45,3897.68
1774224000,18.44,19.32,18.26,19.24,3142.1
1774310400,19.25,19.69,18.93,19.61,3830.288
1774396800,19.64,19.82,19.48,19.58,3383.554
1774483200,19.57,19.57,18.64,18.87,5701.301
1774569600,18.86,18.94,18.11,18.37,4316.905
1774656000,18.37,18.87,18.18,18.23,4089.106
1774742400,18.22,18.39,17.6,17.84,5926.254
1774828800,17.85,18.42,17.14,17.45,7029.894
1774915200,17.44,17.87,17.25,17.63,8577.44
1775001600,17.58,17.62,16.37,16.85,25182.687
1775088000,16.85,17,16.21,16.67,11529.823
1775174400,16.67,16.98,16.51,16.95,9194.248
1775260800,16.98,17.02,16.57,16.85,5193.513
1775347200,16.85,16.91,16.39,16.91,4244.241
1775433600,16.91,17.05,16.64,16.73,4152.482
1775520000,16.75,18.3,16.4,18.04,10804.421
1775606400,18.17,19.59,17.29,18.15,36825.495
1775692800,18.15,19.45,17.78,19.33,47514.278
1775779200,19.33,23.23,19.08,20.03,83015.761
1775865600,20.02,21.07,19.72,20.19,37241.056
1775952000,20.2,21.12,19.5,20.5,30435.611
1776038400,20.51,21.04,20.03,20.98,10482.342
1776124800,20.98,22.91,20.53,21.47,18042.227
1776211200,21.5,22.85,21.28,22.75,20435.36
1776297600,22.75,23.76,22.37,23.59,13737.616
1776384000,23.56,26.28,23.51,26.26,48749.948
1776470400,26.22,30.05,25.17,25.47,60960.983
1776556800,25.5,25.7,23.97,24.34,21668.116
1776643200,24.32,25.89,24.08,25.61,14308.633
1776729600,25.58,25.83,22.28,22.46,35074.259
1776816000,22.45,23.86,22.28,22.94,21155.862
1776902400,22.93,23.81,22.55,23.47,12253.341
1776988800,23.47,23.72,22.54,22.69,6584.448
1777075200,22.7,22.89,21.71,21.74,20220.676
1777161600,21.74,23.84,21.63,22.46,22335.348
1777248000,22.44,23.46,21.63,23.32,17868.112
1777334400,23.3,23.83,22.84,23.78,19512.105
1777420800,23.79,23.89,23.16,23.8,19432.003
1777507200,23.81,24.35,23.41,23.53,16062.406
1777593600,23.55,25.3,23.46,23.79,21791.485
1777680000,23.81,23.96,22.68,23.11,8279.651
1777766400,23.11,23.27,22.61,22.61,5202.996
1777852800,22.6,25.45,22.56,23.77,24883.335
1777939200,23.76,24.11,23.04,23.58,14024.111
1778025600,23.59,24.33,23.32,23.47,11512.503
1778112000,23.46,23.55,22.8,22.94,5716.916
1778198400,22.95,23.23,21.65,23.14,15180.662
1778284800,23.16,23.73,22.56,22.94,8758.265
1778371200,22.95,23.54,22.71,23.27,6507.794
1778457600,23.28,24.66,22.87,23.8,11517.583
1778544000,23.79,24.95,23.37,23.6,20514.094
1778630400,23.6,24.29,22.6,22.71,10254.347
1778716800,22.73,23.11,22.27,22.78,7778.73
1778803200,22.77,22.97,22.03,22.11,5933.1
1778889600,22.11,22.21,21.19,21.61,11596.622
1778976000,21.63,21.97,20.63,21.13,4029.928
1779062400,21.15,21.65,20.85,21.6,5792.3
1779148800,21.64,24.02,21.6,22.75,22934.209
1779235200,22.71,23.05,22.41,22.64,11287.304
1779321600,22.66,23.22,22.5,22.69,5887.014
1779408000,22.66,22.77,19.56,19.74,15086.871
1779494400,19.73,20.43,19.33,20.09,25006.878
1779580800,20.03,20.43,19.69,20.13,8124.235
1779667200,20.1,20.4,18.79,19.51,19081.243
1779753600,19.49,19.49,18.75,19.01,12747.79
1779840000,19.02,19.3,17.86,18.06,17889.094
1779926400,18.06,18.25,16.84,17.66,29713.385
1780012800,17.67,17.93,17.36,17.61,5958.11
1780099200,17.6,18.66,17.59,18.27,10976.645
1780185600,18.26,18.79,18.09,18.43,6638.711
1780272000,18.46,18.66,17.48,18.05,7461.891
1780358400,17.99,18.06,17.1,17.4,10958.825
1780444800,17.4,18.32,17.21,17.72,11664.077
1780531200,17.73,18.27,16.75,16.96,20099.266
1780617600,16.98,17.03,15.54,16.07,19459.963
1780704000,16.03,16.28,15.15,16.25,9956.674
1780790400,16.26,16.73,15.93,16.52,7423.709
1780876800,16.45,18.89,16.24,18.18,20931.782
1780963200,18.2,18.99,17.5,18.75,21934.602
1781049600,18.77,19.08,17.56,17.59,17010.997
1781136000,17.63,18.27,17.49,17.87,9395.766
1781222400,17.86,17.9,17.25,17.33,8269.401
1781308800,17.33,17.82,17.2,17.64,7214.638
1781395200,17.63,17.99,17.22,17.96,6751.901
1781481600,17.97,18.59,17.84,18.07,9970.734
1781568000,18.04,18.4,17.54,17.71,14350.241
1781654400,17.73,18.97,17.35,17.61,19210.373
1781740800,17.61,17.82,17.03,17.66,6457.476
1781827200,17.62,18.31,17.21,18.03,10513.68
1781913600,18.01,18.05,17.5,17.89,6153.805
1782000000,17.88,18.31,17.63,17.7,7258.844
1782086400,17.75,18.54,17.49,17.55,12304.862
1782172800,17.53,17.74,16.75,16.97,6349.174
1782259200,17.01,17.06,16.13,16.64,8597.706
1782345600,16.65,16.94,14.7,15.65,35219.46
1782432000,15.66,16.16,14.99,16.11,9963.122
1782518400,16.14,16.42,15.64,15.71,10480.93
1782604800,15.74,15.87,15.43,15.63,4737.445
1782691200,15.6,16,15.51,15.7,12785.759
1782777600,15.7,15.87,15.16,15.18,8040.216
1782864000,15.17,15.88,14.92,15.6,13251.603
1782950400,15.59,16.24,15.41,16.09,12729.103
1783036800,16.08,17.21,15.99,16.78,13619.86
1783123200,16.82,17.48,16.65,17.13,8436.85
1783209600,17.12,17.14,16.69,16.96,4367.948
1783296000,16.92,17.73,16.55,17.45,16633.582
1783382400,17.48,17.61,16.95,17.1,8978.045
1783468800,17.15,17.59,16.7,16.8,9206.94
1783555200,16.81,17.18,16.65,16.96,4958.592
1783641600,16.98,17.29,16.77,16.83,4083.271
1783728000,16.82,17.49,16.78,17.08,3897.512
1783814400,17.08,17.33,16.86,16.9,3812.149
1783900800,16.93,17.13,16.38,16.49,3587.756
1783987200,16.47,17.2,16.41,17.19,4496.071
1784073600,17.19,17.19,16.82,16.98,3152.435
1784160000,16.99,17.66,16.85,17.14,11518.519
1784246400,17.15,17.44,16.88,16.98,7944.532
1784332800,17.1,17.55,16.9,17.34,4405.882
1784419200,17.36,17.43,16.9,16.99,3169.486
1784505600,16.96,17.1,16.61,16.83,3672.309
1784592000,16.85,17.53,16.74,17.47,6315.062
1784678400,17.49,17.57,17.1,17.41,5434.617
1784764800,17.37,17.65,17.18,17.49,5109.898
1784851200,17.48,17.62,17,17.19,4468.534
1784937600,17.19,17.45,17.17,17.32,1957.93
1785024000,17.29,17.56,17.27,17.48,1963.279
1785110400,17.45,17.51,16.56,16.62,7063.402
1785196800,16.66,16.73,16.34,16.42,5841.725
1785283200,16.42,16.66,15.84,16.55,5298.217
1785369600,16.56,16.74,16.44,16.57,2663.156
1785456000,16.59,16.73,16.4,16.54,2624.558
1785542400,16.53,16.66,16.39,16.5,1327.239
1785628800,16.48,16.65,16.38,16.46,1851.002
1785715200,16.43,16.52,16.28,16.44,1371.444
1785801600,16.45,16.99,16.41,16.41,3806.115
1785888000,16.42,16.54,16.27,16.33,6649.109
1785974400,16.32,16.5,16.1,16.26,5756.421
1786060800,16.27,17.15,16.19,16.73,6421.021
1786147200,16.69,16.82,16.61,16.68,3752.112
1786233600,16.65,16.81,16.51,16.54,1275.272
1786320000,16.55,16.88,16.42,16.47,3749.316
1786406400,16.43,16.53,16.14,16.3,3204.877
1786492800,16.29,16.35,15.88,16.02,2863.364
1786579200,16.07,16.49,15.98,16.23,2937.697
1786665600,16.22,16.22,15.86,16.13,2880.96
1786752000,16.14,16.32,15.99,16.23,2668.898
1786838400,16.24,16.31,15.99,16.05,1806.273
1786924800,16.08,18.48,16.07,17.73,25076.991
1787011200,17.7,18.05,17.12,17.5,22234.694
1787097600,17.5,18.69,17.45,18.1,20543.978
1787184000,18.12,19.52,18.07,18.79,22516.843
1787270400,18.81,20.14,18.66,20.09,19623.824
1787356800,20.08,20.89,19.24,19.77,21652.907
1787443200,19.76,21.73,19.22,20.75,23644.101
1787529600,20.71,20.72,19.41,19.64,12837.712
1787616000,19.65,20.11,18.88,19.14,8329.121
1787702400,19.16,19.68,19,19.58,6483.651
1787788800,19.56,19.76,19.16,19.4,8106.958
1787875200,19.38,20,17.57,18.19,20493.364
1787961600,18.2,18.53,18.18,18.36,5944.795
1788048000,18.34,18.55,17.84,18,4809.016
1788134400,18.06,19.29,18.04,19.2,13423.155
1788220800,19.18,19.56,18.9,19.01,7995.614
1788307200,18.99,19.26,18.69,19.21,4762.099
1788393600,19.2,21.05,19.16,20.01,19154.798
1788480000,20.04,21,19.39,19.51,28710.688
1788566400,19.52,20.7,19.48,20.23,8448.025
1788652800,20.23,21.37,20.2,21.09,10621.343
1788739200,21.1,21.55,20.7,21.03,9030.93
1788825600,21.01,21.64,20.71,20.88,14489.34
1788912000,20.87,20.87,19.76,20.14,6050.018
1788998400,20.16,20.66,19.56,20.16,9647.006
1789084800,20.17,20.81,19.7,20.06,7820.78
1789171200,20.07,20.38,19.91,20.06,4573.266
1789257600,20.05,20.19,19.27,19.48,3030.817
1789344000,19.47,19.9,19.26,19.57,4322.521
1789430400,19.59,19.64,18.57,18.77,7144.617
1789516800,18.77,19.27,18.6,19.27,6685.82
1789603200,19.3,19.59,19,19.51,5948.73
1789689600,19.53,22.38,19.48,21.26,21865.667
1789776000,21.26,21.87,20.74,21.28,16683.154
1789862400,21.27,22.49,20.54,22.26,20378.848
1789948800,22.2,22.55,21.76,22.09,5706.882
