ts,open,high,low,close,volume
1616630400,2.78,2.78,2.347,2.3891,3617332.16
1616716800,2.3853,2.6565,2.3783,2.6279,4294734.48
1616803200,2.6275,3.1957,2.561,3.1222,15285010.45
1616889600,3.1183,3.39,2.9116,3.0253,14522103.9
1616976000,3.0206,3.5892,2.9907,3.528,10265807.23
1617062400,3.523,3.5285,3.05,3.2916,5496294.48
1617148800,3.2916,3.2998,2.958,3.1406,3671332.28
1617235200,3.1406,3.5089,3.05,3.3077,5410839.02
1617321600,3.3228,3.54,3.196,3.3508,3098968.57
1617408000,3.35,3.4085,2.9,2.9233,3049017.58
1617494400,2.9203,3.119,2.8578,3.1164,3249325.08
1617580800,3.1121,3.501,2.9155,3.3266,4137947.29
1617667200,3.3266,3.3976,3.0011,3.1859,2705118.51
1617753600,3.1893,3.3795,2.75,2.8943,3170207.79
1617840000,2.8927,3.0947,2.85,3.0775,1855236.06
1617926400,3.076,3.1411,2.9152,2.9808,2310518.39
1618012800,2.9808,3.049,2.8602,2.9537,1575035.36
1618099200,2.9613,3.208,2.8822,3.1091,1844679.49
1618185600,3.1068,3.1216,2.9292,3.0459,3129859.03
1618272000,3.0458,3.194,2.98,3.1248,1915902.19
1618358400,3.1285,3.2977,2.9759,3.1591,2916124.05
1618444800,3.1561,4.1669,3.1415,4.0238,7510754.73
1618531200,4.0238,4.66,3.67,3.9118,8603230.61
1618617600,3.9118,4.34,3.7555,3.7837,3502286.52
1618704000,3.7891,3.8763,2.7,3.2282,8187178.15
1618790400,3.2315,3.4661,2.7852,2.8293,3364986.5
1618876800,2.8318,3.1022,2.5861,3.0348,4245946.78
1618963200,3.0328,3.1627,2.8223,2.8858,2975872.35
1619049600,2.8989,3.3402,2.6705,2.756,4812535.99
1619136000,2.7541,2.855,2.2548,2.6481,4326400.61
1619222400,2.6491,2.65,2.3502,2.3739,2021967.9
1619308800,2.3786,2.5521,2.201,2.3841,2048165.5
1619395200,2.3907,2.8447,2.3518,2.7745,3363687.45
1619481600,2.7726,3.2044,2.7139,3.1358,3607502.53
1619568000,3.1303,3.22,2.8175,3.042,2980179.76
1619654400,3.0457,3.2497,2.9,3.0181,2324311.63
1619740800,3.0186,3.4009,2.9597,3.3462,3158645.06
1619827200,3.3419,3.49,3.1651,3.4101,2282405.33
1619913600,3.4104,3.4196,3.1102,3.2779,1577292.2
1620000000,3.28,3.3781,3.1862,3.2461,1972301.01
1620086400,3.2474,3.2496,2.8143,2.8248,4657170.62
1620172800,2.8278,3.1318,2.7568,3.0998,3069970.64
1620259200,3.0963,3.422,3.0287,3.2452,4901423.89
1620345600,3.2395,3.896,3.12,3.6587,6198244.95
1620432000,3.6584,3.99,3.4692,3.5772,4908159.03
1620518400,3.5773,3.607,3.2661,3.4508,2219250.16
1620604800,3.452,3.6969,2.8027,3.0957,3762548.21
1620691200,3.0896,3.3491,2.9671,3.3217,2572895.8
1620777600,3.3197,3.9058,3.1211,3.3473,10726916.63
1620864000,3.3472,4.3,2.9627,3.3655,12860165.45
1620950400,3.3653,3.846,3.31,3.6851,5530874.59
1621036800,3.6885,3.9069,3.1712,3.2233,6913932.05
1621123200,3.2259,3.4964,3,3.2734,3864492.91
1621209600,3.2702,3.2751,2.85,3.0792,5478421.38
1621296000,3.0894,3.6183,3.0426,3.492,12410143.86
1621382400,3.4917,3.58,1.68,1.9548,12407873.63
1621468800,1.962,2.4396,1.65,2.2029,10322906.05
1621555200,2.2035,2.3519,1.5164,1.8481,9664479.14
1621641600,1.8507,1.99,1.5438,1.6292,6661348.95
1621728000,1.6282,1.7061,1.0582,1.32,8378704.32
1621814400,1.3253,1.6495,1.2788,1.628,8086512.61
1621900800,1.6284,1.7072,1.3913,1.6143,6207098.41
1621987200,1.6159,1.9983,1.5784,1.8987,10922993.85
1622073600,1.8986,1.9497,1.65,1.7593,6915219.91
1622160000,1.7591,1.9038,1.4973,1.5883,6206587.6
1622246400,1.587,1.91,1.483,1.7473,7818609.06
1622332800,1.747,1.8039,1.6153,1.6797,7049575.11
1622419200,1.6761,1.9708,1.6034,1.9593,5914167.21
1622505600,1.9572,2.0824,1.7864,2.049,5990889.28
1622592000,2.0495,2.5183,1.9828,2.3327,16861765.05
1622678400,2.3341,2.75,2.2902,2.5032,10010618.65
1622764800,2.5032,2.7894,2.1499,2.6816,12776513.03
1622851200,2.6863,2.9043,2.4043,2.5336,9059499.24
1622937600,2.5285,2.6232,2.403,2.461,4797033.71
1623024000,2.4598,2.575,2.119,2.1514,4865386.73
1623110400,2.1479,2.3824,1.9779,2.3151,7247115.32
1623196800,2.3151,2.5948,2.1662,2.5297,8082261.13
1623283200,2.5166,2.5434,2.2105,2.264,4264109.14
1623369600,2.2657,2.3107,2.0624,2.1624,3849014.84
1623456000,2.1637,2.2881,2.0057,2.0864,4874219.32
1623542400,2.0858,2.2718,2.0546,2.2061,3753148.01
1623628800,2.2086,2.3211,2.1507,2.2749,3188151.88
1623715200,2.2718,2.3571,2.1934,2.2359,2510402.77
1623801600,2.2359,2.2534,2.0437,2.0752,2309731.41
1623888000,2.0733,2.1728,2.0106,2.0956,1254857.6
1623974400,2.0956,2.1371,1.8479,1.9269,2520425.26
1624060800,1.9265,1.9721,1.855,1.855,1040995.71
1624147200,1.8583,1.9568,1.7461,1.9245,2008645.37
1624233600,1.9285,1.9477,1.422,1.4461,5233971.32
1624320000,1.4469,1.5944,1.2158,1.4046,7578501.35
1624406400,1.4037,1.5788,1.3384,1.5026,3869400.01
1624492800,1.5046,1.7266,1.4421,1.6791,2956039.04
1624579200,1.6801,1.7374,1.4298,1.4411,3753439.12
1624665600,1.4396,1.5133,1.3673,1.4885,2220853.81
1624752000,1.4903,1.5996,1.4377,1.5898,1687820.99
1624838400,1.5898,1.6662,1.5541,1.6174,1746355.13
1624924800,1.6177,1.8639,1.6032,1.7947,3060724.38
1625011200,1.7915,1.848,1.6752,1.8177,1922063
1625097600,1.8171,1.8542,1.6509,1.69,1112185.38
1625184000,1.6894,1.7258,1.569,1.6639,897493.38
1625270400,1.6663,1.789,1.6318,1.7591,786478.55
1625356800,1.757,1.9041,1.703,1.8391,1181598.59
1625443200,1.835,1.846,1.6901,1.796,1347350.56
1625529600,1.7967,2.0645,1.7967,1.96,2558713.59
1625616000,1.9602,2.1,1.9283,1.9416,1750965.42
1625702400,1.9361,1.952,1.7127,1.7543,2027389.53
1625788800,1.7541,1.7954,1.6774,1.769,829178.27
1625875200,1.7702,1.8076,1.657,1.7483,1246019.38
1625961600,1.7524,1.7793,1.7174,1.7615,781435.11
1626048000,1.7622,1.7892,1.6381,1.6782,1194502.38
1626134400,1.6782,1.6892,1.5669,1.6036,1124236.07
1626220800,1.605,1.6301,1.4979,1.5978,1247412.05
1626307200,1.6002,1.6475,1.4867,1.5032,1029091.15
1626393600,1.5058,1.5434,1.4109,1.418,888691.37
1626480000,1.4198,1.4636,1.3961,1.4271,764375.52
1626566400,1.4275,1.509,1.3934,1.4109,517371.84
1626652800,1.4105,1.4204,1.3239,1.342,924765.33
1626739200,1.3421,1.3703,1.2237,1.2821,1461887.23
1626825600,1.2793,1.4721,1.2443,1.45,1160225.4
1626912000,1.4496,1.5506,1.4145,1.5438,1170913.74
1626998400,1.5455,1.621,1.4783,1.6048,1264656.72
1627084800,1.6106,1.6183,1.514,1.5476,952877.96
1627171200,1.5478,1.5579,1.4561,1.5258,1086190.72
1627257600,1.5263,1.7093,1.5158,1.5306,2888573.46
1627344000,1.5299,1.5865,1.4731,1.57,924541.16
1627430400,1.5702,1.5832,1.4963,1.5446,763036.33
1627516800,1.5449,1.633,1.5097,1.6238,1093448.24
1627603200,1.6242,1.708,1.527,1.7003,2463166.58
1627689600,1.701,1.7612,1.6448,1.709,2625674.65
1627776000,1.7034,1.7804,1.6369,1.6574,1336053.09
1627862400,1.659,1.6921,1.6054,1.6237,789538.69
1627948800,1.625,1.6387,1.5337,1.57,1174391.81
1628035200,1.571,1.6477,1.53,1.6281,1420717.77
1628121600,1.6297,1.8273,1.586,1.772,2469847.03
1628208000,1.7702,1.9756,1.7,1.9242,3323012.1
1628294400,1.9251,1.9808,1.8185,1.915,2009705.33
1628380800,1.9105,1.9397,1.7212,1.7596,1607639.08
1628467200,1.7619,1.9086,1.71,1.8757,1889980.71
1628553600,1.8757,2.0797,1.8277,2.0692,3646682.59
1628640000,2.0687,2.1934,2.0256,2.0391,3667194.16
1628726400,2.0362,2.1507,1.9261,2.0331,2148861.71
1628812800,2.0329,2.382,2.0242,2.3633,3318872.54
1628899200,2.3632,2.3633,2.1599,2.2674,1900801.76
1628985600,2.2674,2.2912,2.0803,2.2261,1777475.04
1629072000,2.2262,2.288,2.09,2.1207,2413991.28
1629158400,2.1191,2.2342,1.9052,1.92,3409859.85
1629244800,1.9201,2.0158,1.847,1.911,2227952.03
1629331200,1.9201,2.1621,1.871,2.1534,2826855.89
1629417600,2.1534,2.344,2.1294,2.2674,3109631.75
1629504000,2.2667,2.3294,2.152,2.2275,2295542.11
1629590400,2.224,2.4699,2.1808,2.4429,3687523.37
1629676800,2.4458,2.5149,2.278,2.3644,3077765.6
1629763200,2.3642,2.3873,2.08,2.095,3986837.97
1629849600,2.096,2.2513,2.087,2.1981,3261816.72
1629936000,2.1983,2.24,2.008,2.0501,2800636.46
1630022400,2.0477,2.1954,1.986,2.1855,2746381.8
1630108800,2.1859,2.1997,2.0807,2.095,1734458.79
1630195200,2.0974,2.1678,2.0361,2.1048,3584068.52
1630281600,2.1041,2.2721,2.0214,2.0977,4489346.16
1630368000,2.0965,2.3833,2.045,2.2322,4705124.31
1630454400,2.232,2.3167,2.1617,2.3093,3235230.59
1630540800,2.307,2.31,2.203,2.2055,2999755.89
1630627200,2.2062,2.2745,2.1613,2.2075,2889431.99
1630713600,2.2075,2.3376,2.1816,2.2738,5162269.44
1630800000,2.2728,2.5456,2.25,2.4828,6581524.65
1630886400,2.4828,2.6578,2.3646,2.4869,4847048.26
1630972800,2.4938,2.5007,1.6524,1.9938,7356990.58
1631059200,1.9948,2.0583,1.821,1.9874,6674471.9
1631145600,1.9888,2.4337,1.9111,2.3833,8420027.57
1631232000,2.3843,2.475,2.057,2.1452,8409844.37
1631318400,2.1451,2.3311,2.123,2.2704,5357953.57
1631404800,2.2678,2.4333,2.203,2.4215,4112489.87
1631491200,2.4224,2.48,2.0476,2.3638,7207078.74
1631577600,2.361,2.8565,2.3569,2.7991,12917960.28
1631664000,2.7991,3.2296,2.7179,3.0135,15204730.67
1631750400,3.0159,3.4427,2.9224,3.1069,16262848.47
1631836800,3.1096,3.2369,2.7741,2.8042,9541556.58
1631923200,2.8068,2.977,2.7,2.8847,6750928.57
1632009600,2.8834,3.095,2.6803,3.0446,6654105.82
1632096000,3.0466,3.1421,2.3456,2.4095,10416314.33
1632182400,2.4098,2.6629,2.13,2.2017,8289798.96
1632268800,2.2017,2.521,2.15,2.4498,6417609.6
1632355200,2.4491,2.8383,2.3555,2.7905,7410419.05
1632441600,2.7891,2.7953,2.25,2.428,7257124.47
1632528000,2.4293,2.4822,2.2684,2.3109,2810291.18
1632614400,2.3111,2.6197,2.0666,2.5451,5371662.53
1632700800,2.5455,2.7514,2.3601,2.3695,7227516.56
1632787200,2.369,2.4185,2.2209,2.2278,4820003.46
1632873600,2.226,2.4005,2.2123,2.2879,2493944.98
1632960000,2.2884,2.3995,2.253,2.3346,3492951.14
1633046400,2.3326,2.56,2.285,2.5345,4510421.22
1633132800,2.5343,2.6555,2.4583,2.5345,3339903.87
1633219200,2.5356,2.962,2.4816,2.8148,7921899.41
1633305600,2.8175,2.9117,2.634,2.8814,6906239.12
1633392000,2.881,3.0374,2.7572,2.9405,7021564.21
1633478400,2.9395,2.9486,2.6274,2.7378,4811114.64
1633564800,2.7383,2.9005,2.6497,2.8128,4348751.47
1633651200,2.8137,2.9647,2.7517,2.9579,3408119.57
1633737600,2.9606,3.0959,2.8667,2.9105,5102920.02
1633824000,2.9108,2.9108,2.6794,2.6976,3181525.89
1633910400,2.696,2.812,2.6348,2.6948,2409447.43
1633996800,2.696,2.705,2.52,2.6875,2415969.67
1634083200,2.6852,3.0011,2.647,2.9601,7298042.21
1634169600,2.9604,3.1541,2.8564,2.8902,4742026.98
1634256000,2.8902,3.014,2.8046,2.8979,3479955.13
1634342400,2.8972,3.0813,2.881,2.9073,2507537.77
1634428800,2.9042,2.9179,2.725,2.8699,2232197.57
1634515200,2.8699,2.8741,2.722,2.7943,2013572.36
1634601600,2.7957,2.846,2.6829,2.7962,2255232.02
1634688000,2.7928,2.9716,2.7914,2.9381,3697090.35
1634774400,2.9389,3.0605,2.8371,2.8585,4269584.34
1634860800,2.8584,3.3744,2.857,3.3353,7243572.64
1634947200,3.3392,3.7966,3.1732,3.6941,8518948.39
1635033600,3.6941,3.948,3.456,3.5013,8644943
1635120000,3.5015,4.8836,3.4829,4.8092,16717886.88
1635206400,4.8079,5.7,4.5162,4.6339,16818593.68
1635292800,4.6357,4.7167,4.0513,4.4468,8750041.4
1635379200,4.4478,5.51,4.4427,4.7527,17525835.6
1635465600,4.7579,5.0093,4.5602,4.6737,6096572.91
1635552000,4.6715,5.3236,4.56,4.7422,8301547.11
1635638400,4.7434,4.7459,4.2972,4.4262,6968338.16
1635724800,4.4267,4.59,4.1637,4.5077,5574581.23
1635811200,4.5118,4.6382,4.035,4.2925,4265226.31
1635897600,4.2937,4.6108,4.0344,4.3977,6393709.55
1635984000,4.398,4.5398,3.71,4.1582,4770431.84
1636070400,4.1581,4.2223,4.0227,4.0748,2310606.42
1636156800,4.0741,4.2957,3.8784,4.1137,3386897.25
1636243200,4.1138,4.7543,4.0844,4.4973,6990477.28
1636329600,4.4978,4.6769,4.3018,4.639,4389068.46
1636416000,4.6403,5.0067,4.4302,4.5215,5426592.61
1636502400,4.5243,4.595,3.7001,4.0865,5016846.39
1636588800,4.0847,4.4227,4.046,4.168,3867260.38
1636675200,4.167,4.2929,3.8719,4.0307,3125087.1
1636761600,4.0303,4.3826,4.0303,4.2247,2629362.77
1636848000,4.2257,4.376,4.0328,4.1286,2018511.32
1636934400,4.1295,4.1621,3.894,3.9362,1968627.64
1637020800,3.936,3.9584,3.291,3.7117,4379831.41
1637107200,3.708,4.0587,3.6848,4.032,6359439.54
1637193600,4.0336,4.2525,3.5702,4.1225,7281678.14
1637280000,4.1228,4.3094,3.8792,3.9729,6115074.91
1637366400,3.9746,4.1847,3.8385,3.9422,3049855.07
1637452800,3.9448,3.9448,3.7464,3.8008,2352089.89
1637539200,3.8023,4.5406,3.714,4.2601,10016447.89
1637625600,4.2623,5.105,4.1157,5.0597,12982462.74
1637712000,5.0608,6.1878,4.5307,5.8535,14735912.05
1637798400,5.8515,6.4099,5.4808,5.9364,12817223.84
1637884800,5.9395,6.11,4.6525,4.9294,13758463.47
1637971200,4.9294,5.3686,4.666,4.8423,7984737.5
1638057600,4.842,4.9019,4.19,4.8862,6816562.28
1638144000,4.883,5.0446,4.6011,4.7,5213156.42
1638230400,4.6957,5.0723,4.52,5.0295,5864659.49
1638316800,5.0311,5.48,4.8023,4.9932,8138972.86
1638403200,4.9932,4.9932,4.645,4.7451,4472478.45
1638489600,4.7459,4.8228,4.014,4.3688,5799301.19
1638576000,4.3669,4.4318,3.132,3.7552,10016569.42
1638662400,3.7628,3.9671,3.3342,3.6251,8109513.9
1638748800,3.6302,3.8519,3.2112,3.715,8731973.12
1638835200,3.714,4.201,3.6731,4.1636,7770129.56
1638921600,4.1631,4.221,3.79,4.1901,6732169.39
1639008000,4.1862,4.2736,3.6021,3.68,5141440.26
1639094400,3.67,3.78,3.32,3.34,2758369.05
1639180800,3.35,3.78,3.29,3.74,2609972.36
1639267200,3.72,3.89,3.57,3.84,2399744.98
1639353600,3.84,3.91,3.25,3.32,5108741.94
1639440000,3.32,3.47,3.23,3.44,2775201.9
1639526400,3.43,3.88,3.23,3.71,4905013.05
1639612800,3.7,4.1,3.7,3.83,4775903.29
1639699200,3.83,4.4545,3.71,4.27,6908269.82
1639785600,4.28,4.62,4.1,4.51,6438595.54
1639872000,4.53,4.6,4.11,4.17,2680993.02
1639958400,4.17,4.31,3.79,4.13,5269356.94
1640044800,4.12,4.64,4.03,4.61,4577088.08
1640131200,4.62,5.29,4.62,5.06,9667536.66
1640217600,5.05,5.4377,4.91,5.19,6745029.06
1640304000,5.2,5.63,5.03,5.19,6014556.23
1640390400,5.19,5.91,5.13,5.84,5561884.9
1640476800,5.85,6.08,5.64,5.75,5930363.19
1640563200,5.74,5.8,5.25,5.28,4244725.67
1640649600,5.28,5.29,4.63,4.72,10203021.95
1640736000,4.73,5.2,4.71,4.85,7034061.97
1640822400,4.86,5.28,4.66,5.11,5707106.49
1640908800,5.12,5.73,4.99,5.32,7232272.26
1640995200,5.32,6.33,5.32,6.21,10101684.96
1641081600,6.22,6.46,5.91,6.05,6963440.67
1641168000,6.03,6.73,5.72,6.53,9454925.81
1641254400,6.53,6.8,6.03,6.08,8759664.31
1641340800,6.08,6.43,4.99,5.4,8949083.28
1641427200,5.4,5.54,5.07,5.41,6294544.48
1641513600,5.41,5.42,4.72,5,8399098.28
1641600000,5,5.27,4.35,4.61,5453442.02
1641686400,4.61,4.87,4.49,4.49,4057889.87
1641772800,4.5,4.62,4.02,4.32,6121636.42
1641859200,4.32,4.7,4.25,4.61,4328506.5
1641945600,4.61,5.02,4.58,4.91,4922825.67
1642032000,4.91,5.19,4.75,5.03,6424675.55
1642118400,5.03,5.39,4.65,5.35,6608470.48
1642204800,5.35,5.49,5.25,5.28,3472043.19
1642291200,5.29,5.37,5.05,5.13,5081319.92
1642377600,5.14,5.17,4.6,4.78,4968475.04
1642464000,4.78,4.85,4.4,4.56,4036829.37
1642550400,4.56,4.58,4.18,4.19,4994264.81
1642636800,4.19,4.56,3.94,3.97,5768750.11
1642723200,3.96,4.06,3.2,3.31,10744095.28
1642809600,3.31,3.45,2.56,2.89,12292561.71
1642896000,2.89,3.15,2.82,3.02,5469389.3
1642982400,3.01,3.03,2.36,2.82,7655336.67
1643068800,2.82,3.12,2.7,3.01,6871150.1
1643155200,3.02,3.31,2.81,2.87,8695831.32
1643241600,2.87,2.94,2.65,2.79,6491415.72
1643328000,2.79,2.96,2.69,2.93,5597785.85
1643414400,2.93,3.08,2.9,2.99,3363197.31
1643500800,3,3.26,2.92,3.18,6390204.28
1643587200,3.19,3.33,2.94,3.27,7949626.57
1643673600,3.28,3.51,3.26,3.47,6297455.96
1643760000,3.47,3.51,3.05,3.11,6350336.83
1643846400,3.11,3.14,2.99,3.11,4947203.95
1643932800,3.12,3.45,3.06,3.43,4218161.93
1644019200,3.44,3.58,3.38,3.42,4530822.91
1644105600,3.43,3.54,3.27,3.39,3508321.78
1644192000,3.38,3.64,3.32,3.56,7636896.46
1644278400,3.56,3.72,3.3,3.43,3861848.15
1644364800,3.43,3.55,3.34,3.5,3166983.59
1644451200,3.5,3.5,3.17,3.2,4092464.67
1644537600,3.2,3.25,2.81,2.89,4961687
1644624000,2.89,3.03,2.79,2.88,2288826.36
1644710400,2.88,2.93,2.72,2.75,2160983.81
1644796800,2.75,2.91,2.66,2.91,3257338.95
1644883200,2.91,3.19,2.91,3.18,2789273.73
1644969600,3.19,3.28,3.05,3.17,3713015.3
1645056000,3.17,3.3,2.88,2.91,5032527.28
1645142400,2.91,3,2.79,2.81,2878646.4
1645228800,2.81,2.87,2.71,2.8,1412866.2
1645315200,2.81,2.81,2.51,2.55,2583099.02
1645401600,2.54,2.69,2.32,2.34,3471391.09
1645488000,2.35,2.43,2.22,2.395,4123000.23
1645574400,2.396,2.517,2.275,2.285,5406684.87
1645660800,2.285,2.311,1.891,2.244,11249653.16
1645747200,2.242,2.413,2.191,2.365,7512252.81
1645833600,2.367,2.462,2.316,2.394,5845063.76
1645920000,2.396,2.396,2.154,2.179,6917927.36
1646006400,2.178,2.449,2.12,2.442,7002790.63
1646092800,2.442,2.601,2.401,2.546,8409035.84
1646179200,2.546,2.759,2.463,2.649,7828955.28
1646265600,2.648,2.673,2.447,2.504,3618247.15
1646352000,2.501,2.521,2.222,2.252,3939290.69
1646438400,2.253,2.285,2.18,2.247,2426553.54
1646524800,2.246,2.268,2.053,2.06,4559290.6
1646611200,2.058,2.136,1.924,1.98,5443738.09
1646697600,1.977,2.125,1.97,2.035,4679461.26
1646784000,2.034,2.214,2.025,2.157,4241102.68
1646870400,2.16,2.164,1.951,2.044,5205755.81
1646956800,2.043,2.106,1.945,1.966,4581320.18
1647043200,1.967,2.06,1.966,1.977,2266790.28
1647129600,1.978,2.032,1.892,1.919,3189289.82
1647216000,1.922,2.001,1.896,1.953,3753808.72
1647302400,1.952,2.003,1.869,1.952,2957560.54
1647388800,1.955,2.098,1.88,2.093,4885256.14
1647475200,2.093,2.181,2.04,2.129,4263726.64
1647561600,2.129,2.267,2.079,2.251,6351477.88
1647648000,2.252,2.329,2.224,2.286,4285617.46
1647734400,2.288,2.302,2.118,2.15,3746684.96
1647820800,2.15,2.242,2.11,2.193,3340716.88
1647907200,2.193,2.328,2.178,2.268,3201116.07
1647993600,2.268,2.394,2.236,2.385,2467959.4
1648080000,2.386,2.436,2.332,2.382,2200726.87
1648166400,2.381,2.435,2.258,2.284,2545826.94
1648252800,2.284,2.421,2.279,2.413,1533220.97
1648339200,2.414,2.66,2.392,2.617,3980743.12
1648425600,2.619,2.74,2.539,2.585,5674494.41
1648512000,2.578,2.894,2.577,2.81,6738430.8
1648598400,2.812,2.91,2.678,2.814,4313161.57
1648684800,2.812,2.943,2.589,2.638,5612158.74
1648771200,2.638,2.84,2.558,2.797,3466149.96
1648857600,2.796,2.96,2.781,2.896,4393866.84
1648944000,2.898,3.054,2.827,2.95,3113241.56
1649030400,2.95,2.995,2.748,2.921,4559903.81
1649116800,2.92,2.966,2.796,2.806,3441090.86
1649203200,2.806,2.808,2.487,2.497,4500222.03
1649289600,2.497,2.569,2.438,2.538,2890119.73
1649376000,2.537,2.582,2.321,2.34,3652592.73
1649462400,2.341,2.486,2.309,2.476,2091286.1
1649548800,2.476,2.525,2.395,2.406,2097907.77
1649635200,2.406,2.447,2.14,2.169,3836355.93
1649721600,2.168,2.285,2.155,2.22,2965909.7
1649808000,2.223,2.313,2.18,2.297,1555864.05
1649894400,2.298,2.327,2.202,2.226,1635178.45
1649980800,2.225,2.271,2.186,2.223,828754.08
1650067200,2.225,2.256,2.187,2.235,736967.5
1650153600,2.237,2.349,2.192,2.194,1573381.06
1650240000,2.193,2.195,2.051,2.185,2102585.33
1650326400,2.186,2.346,2.158,2.31,1570298.82
1650412800,2.308,2.418,2.262,2.331,2010334.83
1650499200,2.331,2.411,2.171,2.197,2446057.38
1650585600,2.195,2.595,2.187,2.483,6655889.59
1650672000,2.482,2.75,2.462,2.668,4115502.58
1650758400,2.665,2.78,2.591,2.703,3083696.89
1650844800,2.704,2.774,2.487,2.747,3893075.69
1650931200,2.744,2.774,2.346,2.366,2916455.03
1651017600,2.369,2.545,2.357,2.492,2018714.32
1651104000,2.49,2.55,2.376,2.395,1884523.85
1651190400,2.397,2.428,2.202,2.232,2111602.64
1651276800,2.233,2.251,1.985,1.994,2180197.94
1651363200,1.994,2.087,1.95,2.067,1664102.45
1651449600,2.065,2.141,1.988,2.102,2203820.1
1651536000,2.101,2.215,2.037,2.157,2419528.32
1651622400,2.159,2.646,2.143,2.597,5204857.91
1651708800,2.597,2.669,2.27,2.457,4666748.18
1651795200,2.462,2.515,2.19,2.288,4761999.05
1651881600,2.291,2.369,2.177,2.227,2816319.71
1651968000,2.226,2.458,2.173,2.348,5715707
1652054400,2.349,2.385,1.903,1.912,6390618.22
1652140800,1.912,2.151,1.854,1.977,9999552.62
1652227200,1.974,2.031,1.379,1.502,14143048.98
1652313600,1.505,1.588,1.046,1.304,10371775.33
1652400000,1.303,1.594,1.277,1.312,5733236.36
1652486400,1.315,1.428,1.246,1.413,5330128.88
1652572800,1.414,1.515,1.362,1.507,3282022.82
1652659200,1.508,1.508,1.314,1.361,4437116.95
1652745600,1.361,1.464,1.292,1.391,3513728.08
1652832000,1.391,1.42,1.201,1.228,5882319.44
1652918400,1.228,1.268,0.993,1.079,15320348.48
1653004800,1.08,1.184,1.062,1.125,8903795.09
1653091200,1.129,1.239,1.099,1.211,6325620.68
1653177600,1.211,1.289,1.188,1.273,4503924.64
1653264000,1.272,1.417,1.247,1.296,5756279.65
1653350400,1.295,1.304,1.183,1.256,4622219.92
1653436800,1.255,1.282,1.202,1.233,2855859.21
1653523200,1.234,1.26,1.088,1.205,5294669.01
1653609600,1.204,1.224,1.109,1.172,4453899.88
1653696000,1.172,1.295,1.165,1.218,3117257.1
1653782400,1.218,1.26,1.176,1.255,1695289.13
1653868800,1.254,1.399,1.235,1.386,3738471.94
1653955200,1.385,1.468,1.318,1.383,3469100.68
1654041600,1.379,1.434,1.226,1.265,5099968
1654128000,1.265,1.266,1.2,1.256,3390507.93
1654214400,1.255,1.267,1.161,1.173,2609455.13
1654300800,1.173,1.188,1.146,1.18,1104714.84
1654387200,1.179,1.244,1.149,1.209,1229173.44
1654473600,1.211,1.332,1.206,1.286,2850942.89
1654560000,1.286,1.288,1.156,1.187,3777888.84
1654646400,1.188,1.214,1.135,1.159,2007391.88
1654732800,1.159,1.178,1.131,1.146,3060561.54
1654819200,1.145,1.166,1.013,1.026,3409541.46
1654905600,1.027,1.06,0.885,0.908,6362427.72
1654992000,0.91,0.955,0.841,0.864,6343505.09
1655078400,0.864,0.873,0.626,0.718,12320775.76
1655164800,0.718,0.745,0.637,0.731,5157124.42
1655251200,0.731,0.771,0.606,0.768,7079633.75
1655337600,0.767,0.788,0.645,0.664,5344461.09
1655424000,0.664,0.695,0.65,0.66,2978939.7
1655510400,0.658,0.675,0.534,0.585,6181912.23
1655596800,0.584,0.664,0.552,0.645,3151821.94
1655683200,0.646,0.736,0.606,0.702,5227044.48
1655769600,0.701,0.794,0.687,0.723,7012404.14
1655856000,0.725,0.783,0.682,0.698,6597185.33
1655942400,0.698,0.837,0.692,0.831,10447999.4
1656028800,0.83,0.871,0.798,0.841,3404225.7
1656115200,0.843,0.853,0.783,0.819,2733230.3
1656201600,0.82,0.85,0.746,0.748,3893212.5
1656288000,0.748,0.79,0.721,0.736,2812686.9
1656374400,0.7351,0.775,0.688,0.6951,7403487.14
1656460800,0.6957,0.7251,0.6807,0.7084,7331210.25
1656547200,0.7092,0.7159,0.6341,0.6867,8949320
1656633600,0.6866,0.831,0.6644,0.7458,10947132.31
1656720000,0.746,0.7996,0.7266,0.7773,5540223
1656806400,0.7779,0.8166,0.753,0.7954,5453048.86
1656892800,0.7954,0.8864,0.7739,0.8653,8903410.88
1656979200,0.8643,1.0117,0.8273,0.9543,12791539.51
1657065600,0.9547,1.0046,0.9156,0.96,5292001.23
1657152000,0.9602,1.0632,0.9372,1.0505,4508800.12
1657238400,1.0489,1.0718,0.9848,1.0095,3981756.45
1657324800,1.0091,1.0584,1.0027,1.0155,2516597.81
1657411200,1.0151,1.0218,0.9476,0.9547,1831242.85
1657497600,0.9534,0.9537,0.8756,0.8866,1956656.42
1657584000,0.8861,0.922,0.8694,0.8758,2887877.27
1657670400,0.875,1.058,0.8632,1.0471,6890958.46
1657756800,1.0487,1.1897,1.0049,1.168,5768208.9
1657843200,1.1674,1.1855,1.097,1.1092,2863980.36
1657929600,1.1099,1.1982,1.0851,1.1736,2111262.19
1658016000,1.1722,1.1841,1.0749,1.0786,1685673.38
1658102400,1.0775,1.3942,1.0729,1.3413,7320407.19
1658188800,1.3421,1.384,1.2327,1.2504,5438841.78
1658275200,1.2502,1.2792,1.1357,1.1584,4079987.62
1658361600,1.1582,1.4351,1.1021,1.4031,8329844.22
1658448000,1.4032,1.5529,1.3766,1.4326,7731101.84
1658534400,1.4333,1.5038,1.3417,1.3969,4327430.22
1658620800,1.3981,1.4499,1.3592,1.3757,2204608.49
1658707200,1.3759,1.3925,1.1749,1.1763,5864236.5
1658793600,1.1767,1.193,1.0929,1.1682,5856110.44
1658880000,1.1703,1.3349,1.1258,1.3251,6269464.07
1658966400,1.3259,1.5852,1.2454,1.5448,8975066.82
1659052800,1.5442,1.582,1.402,1.4256,5784090.18
1659139200,1.4281,1.483,1.3391,1.3586,5717974.13
1659225600,1.3597,1.4321,1.3056,1.3179,3925967.88
1659312000,1.318,1.3627,1.2652,1.3062,3627420.22
1659398400,1.3062,1.3908,1.2169,1.3359,7664355.32
1659484800,1.3356,1.433,1.2814,1.3328,5232921.88
1659571200,1.331,1.3979,1.2942,1.3286,3032543.94
1659657600,1.3288,1.4485,1.3218,1.4417,5185798.2
1659744000,1.4432,1.4522,1.3674,1.3742,1118186.11
1659830400,1.3714,1.424,1.3512,1.4037,1566723.69
1659916800,1.4026,1.4942,1.395,1.4281,3034149.68
1660003200,1.428,1.4319,1.2348,1.2926,5658925.38
1660089600,1.2922,1.395,1.2416,1.3914,4798097.85
1660176000,1.3911,1.4462,1.3487,1.3604,3416951.45
1660262400,1.3601,1.4231,1.335,1.4212,1750793.96
1660348800,1.4224,1.4714,1.4078,1.4349,1345570.45
1660435200,1.4349,1.4922,1.3655,1.3903,2498178.04
1660521600,1.3895,1.46,1.3085,1.3341,3299870.3
1660608000,1.334,1.3441,1.2806,1.2854,1760885.52
1660694400,1.2853,1.3345,1.16,1.1821,3633562.93
1660780800,1.1823,1.2205,1.0889,1.1146,3173187.99
1660867200,1.1131,1.1156,1.0101,1.0504,5671376.47
1660953600,1.0505,1.0926,0.9696,0.9985,4580442.49
1661040000,0.9994,1.051,0.9875,1.0251,2297297.18
1661126400,1.0248,1.1059,0.9751,1.0995,4658643.41
1661212800,1.1018,1.1995,1.0649,1.1837,5283065.48
1661299200,1.1847,1.2244,1.1363,1.178,5635446.99
1661385600,1.1773,1.2371,1.1631,1.18,4495808.41
1661472000,1.1788,1.2148,1.0421,1.0529,5015225.37
1661558400,1.0525,1.0666,1.0199,1.0484,3344862.12
1661644800,1.0484,1.0665,0.9886,0.9934,3251340.32
1661731200,0.9932,1.0868,0.975,1.0799,4108670.07
1661817600,1.0797,1.1187,1.0235,1.0664,5716644.79
1661904000,1.0664,1.1891,1.0654,1.1463,7454124.42
1661990400,1.1473,1.1665,1.0628,1.1541,4811753.71
1662076800,1.155,1.1852,1.08,1.0936,4669313.89
1662163200,1.0939,1.1092,1.06,1.0732,1942062.31
1662249600,1.0731,1.1028,1.0483,1.0935,1852386.26
1662336000,1.0934,1.1597,1.06,1.1527,2536872.54
1662422400,1.1521,1.1991,1.019,1.0368,5811916.29
1662508800,1.0377,1.1888,1.0139,1.1669,5797635.17
1662595200,1.1667,1.1765,1.1048,1.1314,3461545.04
1662681600,1.1304,1.2485,1.1258,1.2051,4209181.48
1662768000,1.2077,1.2771,1.1655,1.2442,2693364.28
1662854400,1.2461,1.2554,1.155,1.183,2059256.67
1662940800,1.1824,1.2054,1.1228,1.1425,3305439.01
1663027200,1.1426,1.1528,1.03,1.0523,5601520.02
1663113600,1.0518,1.1292,1.029,1.0703,3946653.75
1663200000,1.0729,1.0916,1.0163,1.0528,3354276.04
1663286400,1.0539,1.0836,1.0219,1.0589,3102042.47
1663372800,1.0589,1.0877,1.0447,1.0834,812936.4
1663459200,1.0844,1.0886,0.9,0.935,2614819.32
1663545600,0.9353,0.9914,0.8887,0.9824,3316182.94
1663632000,0.9825,0.9873,0.938,0.9445,1746758.16
1663718400,0.9428,0.9796,0.8374,0.8625,5904224.11
1663804800,0.8615,0.9299,0.8609,0.9165,1784446.34
1663891200,0.9162,0.9757,0.8682,0.9441,3140167
1663977600,0.9441,0.9506,0.9125,0.9197,583752.31
1664064000,0.9202,0.9316,0.8771,0.8884,916103
1664150400,0.8883,0.935,0.872,0.9302,2673812.31
1664236800,0.9304,0.982,0.9045,0.9128,2327585.03
1664323200,0.9132,0.9432,0.8646,0.9401,2278416.64
1664409600,0.9381,0.9455,0.8982,0.9263,1459695
1664496000,0.9264,0.9458,0.9053,0.9171,1618493.45
1664582400,0.9166,0.9297,0.8854,0.8918,1007877.11
1664668800,0.8917,0.9077,0.8538,0.859,742183.92
1664755200,0.8589,0.9062,0.8475,0.8979,1409482.6
1664841600,0.898,0.9199,0.8874,0.9119,1571380.56
1664928000,0.9121,0.9156,0.874,0.9064,1711747.43
1665014400,0.9065,0.9384,0.888,0.8902,2963231.92
1665100800,0.8908,0.9025,0.8698,0.8972,906910.04
1665187200,0.8964,0.9121,0.875,0.8838,962407.52
1665273600,0.8839,0.8911,0.8752,0.883,314031.08
1665360000,0.8827,0.8918,0.8476,0.8489,906264.96
1665446400,0.849,0.849,0.8094,0.8195,1623171.11
1665532800,0.8196,0.8413,0.8163,0.8199,1432738.77
1665619200,0.8201,0.8244,0.7246,0.8006,5070345.83
1665705600,0.7999,0.8477,0.7952,0.814,3092667.55
1665792000,0.8141,0.8263,0.7972,0.8048,1797158.8
1665878400,0.8049,0.8237,0.8004,0.8167,681732.24
1665964800,0.8169,0.9045,0.8095,0.8907,3468074.13
1666051200,0.8922,0.9224,0.8671,0.9119,3657609.49
1666137600,0.9115,0.9159,0.8459,0.849,3554974.49
1666224000,0.8493,0.8857,0.8346,0.8467,2465329.75
1666310400,0.846,0.9062,0.837,0.8949,2907391.83
1666396800,0.8952,0.8966,0.869,0.8779,731952.06
1666483200,0.8779,0.9248,0.8498,0.9173,1513282.22
1666569600,0.9174,0.9286,0.8732,0.8766,2690495.28
1666656000,0.8765,0.9569,0.8625,0.9064,3194230.9
1666742400,0.9068,0.9609,0.9068,0.9337,4162082.3
1666828800,0.9338,0.958,0.8973,0.909,3188383.85
1666915200,0.9091,0.9658,0.8992,0.9444,4135067.83
1667001600,0.9448,0.98,0.9198,0.9351,2936450.17
1667088000,0.9353,0.9471,0.8856,0.9073,1960137.91
1667174400,0.9072,0.92,0.8744,0.8852,2069083.12
1667260800,0.8849,0.9031,0.8766,0.8916,1333655.47
1667347200,0.8916,0.9182,0.8512,0.8659,3948341.97
1667433600,0.8652,0.9268,0.8608,0.9007,4275125.77
1667520000,0.9009,1.0687,0.8958,1.0269,7359147.81
1667606400,1.0276,1.0415,0.986,0.9969,3114124.54
1667692800,0.9963,1.0279,0.9477,0.9492,2632267.4
1667779200,0.9492,1.032,0.9315,1.0026,4002396.17
1667865600,1.0032,1.0193,0.691,0.7711,10658315.09
1667952000,0.7706,0.7791,0.53,0.5523,11956628.51
1668038400,0.5491,0.7251,0.5446,0.6853,3295185.3
1668124800,0.6851,0.6997,0.621,0.6691,1229909.65
1668211200,0.6688,0.6688,0.5952,0.6057,1084971.21
1668297600,0.6065,0.641,0.592,0.6285,1346184.83
1668384000,0.6338,0.64,0.5838,0.6092,1801725.93
1668470400,0.6094,0.6342,0.5971,0.6061,1993124.68
1668556800,0.6056,0.6176,0.5725,0.5862,2232278.86
1668643200,0.5856,0.5886,0.5328,0.5521,2989303.08
1668729600,0.5522,0.5678,0.5413,0.5516,1472573.55
1668816000,0.5516,0.5558,0.5382,0.5422,964511.73
1668902400,0.5422,0.5475,0.5043,0.5118,4245588.64
1668988800,0.5102,0.5197,0.4704,0.5003,3895285.78
1669075200,0.5015,0.7437,0.4014,0.6321,23658016.1
1669161600,0.6323,0.7327,0.6085,0.687,13971304.87
1669248000,0.6868,0.7281,0.6612,0.6879,11395045.91
1669334400,0.6881,0.7013,0.655,0.6782,5220670.14
1669420800,0.6776,0.7584,0.6754,0.7034,5835034.84
1669507200,0.7038,0.7195,0.6798,0.6851,3116038.11
1669593600,0.6853,0.6914,0.6267,0.6449,6017644
1669680000,0.6448,0.6828,0.6356,0.6615,5517243.9
1669766400,0.6621,0.6923,0.6462,0.6705,4600457.37
1669852800,0.6706,0.6731,0.6374,0.6426,3124910.01
1669939200,0.6427,0.6601,0.6233,0.6601,2607073.91
1670025600,0.6583,0.6633,0.6332,0.6352,1197254.61
1670112000,0.6352,0.6758,0.635,0.6706,2306614.08
1670198400,0.6711,0.6964,0.6645,0.6747,4150344.02
1670284800,0.6754,0.6957,0.6665,0.6794,3514303.3
1670371200,0.6789,0.6896,0.6468,0.6526,2626612.31
1670457600,0.6526,0.6721,0.6451,0.6678,2765488.68
1670544000,0.6686,0.6871,0.6363,0.6451,2596047.53
1670630400,0.6451,0.6514,0.6345,0.6385,1507517.25
1670716800,0.638,0.6485,0.6234,0.6286,2025049.3
1670803200,0.628,0.6291,0.591,0.6192,4739146.84
1670889600,0.6192,0.6676,0.5959,0.6544,6071138.36
1670976000,0.6545,0.6666,0.6379,0.6461,3657905.24
1671062400,0.6472,0.6493,0.6137,0.617,1949056.61
1671148800,0.6166,0.6242,0.5321,0.5467,4425505.55
1671235200,0.5464,0.5638,0.5314,0.5602,3072137.34
1671321600,0.5603,0.5632,0.5437,0.5495,1463968.86
1671408000,0.5496,0.5724,0.5137,0.5167,3847238.33
1671494400,0.5171,0.5387,0.5147,0.5277,2082030.71
1671580800,0.5277,0.5358,0.5083,0.5177,3510599.28
1671667200,0.5177,0.5286,0.5028,0.5243,3453821.92
1671753600,0.5243,0.5301,0.5175,0.5278,2454171.09
1671840000,0.5278,0.5287,0.5173,0.5243,1746903.08
1671926400,0.5243,0.5302,0.5155,0.5218,2314009.68
1672012800,0.5214,0.5379,0.5182,0.5371,2472234.08
1672099200,0.5373,0.541,0.5164,0.5297,3105116.8
1672185600,0.5297,0.5318,0.5073,0.5096,4354119.71
1672272000,0.5099,0.5242,0.5035,0.5108,3549573.87
1672358400,0.5108,0.5311,0.4874,0.5279,6031844.45
1672444800,0.5279,0.5342,0.5216,0.5251,2264537.3
1672531200,0.5255,0.5294,0.5193,0.5267,1691850.48
1672617600,0.5268,0.5494,0.5192,0.5336,3938398.19
1672704000,0.5335,0.5373,0.5218,0.5299,2711231.94
1672790400,0.5301,0.5665,0.5279,0.5546,6222420.54
1672876800,0.5546,0.5597,0.5395,0.5436,3588703.51
1672963200,0.5436,0.5481,0.5224,0.5467,3060054
1673049600,0.547,0.5533,0.5456,0.5508,1928754.33
1673136000,0.5508,0.5769,0.5423,0.5769,2422559.14
1673222400,0.5766,0.705,0.5715,0.6422,10928188.2
1673308800,0.6427,0.6605,0.6339,0.6511,3772868.04
1673395200,0.6513,0.6778,0.6474,0.6725,8815023.49
1673481600,0.6723,0.6975,0.6364,0.6877,8119166.68
1673568000,0.6876,0.8358,0.6801,0.8058,9585912.53
1673654400,0.8054,0.8534,0.7573,0.8138,9689998.93
1673740800,0.8136,0.8759,0.7822,0.8333,6804182.24
1673827200,0.8332,0.94,0.8227,0.8803,8944633.71
1673913600,0.8806,0.9497,0.8524,0.911,10549786.12
1674000000,0.9122,0.9569,0.85,0.8937,10653648.89
1674086400,0.892,0.9323,0.8744,0.8992,7884249.12
1674172800,0.8992,1.04,0.8911,1.0321,9516073.39
1674259200,1.0323,1.0442,0.9757,0.9972,7369425.2
1674345600,0.997,1.17,0.9885,1.0737,8907764.15
1674432000,1.0745,1.1204,1.0645,1.0679,6146409.41
1674518400,1.0694,1.1084,0.9583,0.9957,5963381.21
1674604800,0.9957,1.0621,0.9731,1.0309,6712440.15
1674691200,1.0319,1.127,1.0229,1.0503,7006325.44
1674777600,1.0505,1.1443,1.0024,1.1333,4957271.65
1674864000,1.1332,1.1382,1.0457,1.0729,3501790.59
1674950400,1.0731,1.1088,1.0561,1.0882,2249761.62
1675036800,1.0876,1.0976,0.9517,0.9936,2848569.21
1675123200,0.9947,1.0449,0.9856,1.0204,2370701.14
1675209600,1.02,1.1261,0.9741,1.1112,4110655.64
1675296000,1.1118,1.1792,1.048,1.0608,7671442.54
1675382400,1.0621,1.15,1.0596,1.1158,6470872.03
1675468800,1.1136,1.1304,1.0881,1.1094,3464903.54
1675555200,1.1096,1.1183,1.0148,1.0528,4039468.84
1675641600,1.0527,1.0909,1.0255,1.0467,2838023
1675728000,1.0466,1.0994,1.0377,1.0919,3905208.82
1675814400,1.0926,1.2396,1.0765,1.1411,9811823.09
1675900800,1.1411,1.1592,0.9448,0.9742,8260700.13
1675987200,0.9734,0.9968,0.9364,0.9604,5050561.95
1676073600,0.9603,0.9713,0.9287,0.9584,1887397.17
1676160000,0.9585,0.9863,0.9162,0.9283,2741186.91
1676246400,0.9291,1.0882,0.8965,1.056,15367292.75
1676332800,1.056,1.1171,1.001,1.0801,8979666.6
1676419200,1.0788,1.1646,1.0588,1.1472,8370691.93
1676505600,1.1474,1.22,1.0857,1.0953,9211311.82
1676592000,1.096,1.2434,1.0883,1.2158,6416347.83
1676678400,1.2151,1.2717,1.1659,1.2533,4479596.01
1676764800,1.2539,1.2756,1.1926,1.2045,3319213.5
1676851200,1.2059,1.2889,1.1521,1.2705,4945483.45
1676937600,1.2698,1.2983,1.1423,1.1617,4659985.23
1677024000,1.1624,1.1632,1.0668,1.1087,5380604.88
1677110400,1.1084,1.1374,1.0681,1.0808,2456631.56
1677196800,1.0786,1.089,0.9801,0.9969,4892785.07
1677283200,0.9969,1.0008,0.9487,0.9873,2756564.02
1677369600,0.9869,1.0254,0.9774,1.0223,2096923.8
1677456000,1.0202,1.0496,0.9835,1.017,3500798.83
1677542400,1.0175,1.0427,0.9855,0.9961,4523487.65
1677628800,0.9961,1.06,0.9871,1.0334,3132786.37
1677715200,1.0335,1.04,0.9716,0.9909,2338958.92
1677801600,0.9905,0.9957,0.8951,0.935,2511325.37
1677888000,0.9352,0.9446,0.896,0.9103,802659.28
1677974400,0.9099,0.9423,0.9069,0.9302,2226449.65
1678060800,0.9299,0.9729,0.916,0.9484,2322103.05
1678147200,0.9485,1,0.9433,0.9737,4027624.66
1678233600,0.9754,0.9847,0.8818,0.8901,2165913.18
1678320000,0.8904,0.9208,0.8185,0.8393,2601326.55
1678406400,0.8398,0.8929,0.8108,0.8905,5772037.37
1678492800,0.8899,0.943,0.7979,0.8658,3596485.73
1678579200,0.8639,0.9716,0.8474,0.9577,4217623.45
1678665600,0.9585,1.0176,0.9099,0.9822,8472421.09
1678752000,0.9813,1.052,0.959,0.9912,4876125.72
1678838400,0.9933,1.0179,0.8682,0.8933,5812228.12
1678924800,0.8941,0.9244,0.8783,0.9151,3017443.26
1679011200,0.9149,1.0169,0.9008,1.0048,3509494.56
1679097600,1.0051,1.0498,0.9846,0.9898,5953473.88
1679184000,0.9907,1.07,0.9901,1.0217,4812026.53
1679270400,1.0232,1.0265,0.9612,0.9648,3742166.31
1679356800,0.9649,1.0133,0.9406,0.9985,3863661.59
1679443200,0.9989,1.0104,0.9243,0.9427,5906838.81
1679529600,0.9426,0.9911,0.9341,0.9697,2661617.97
1679616000,0.9699,0.9726,0.8936,0.9073,3286322.53
1679702400,0.9068,0.9377,0.8988,0.9177,2881368.7
1679788800,0.9177,0.946,0.9147,0.9331,2015764.52
1679875200,0.9337,0.9373,0.8713,0.89,2839215.51
1679961600,0.8899,0.9311,0.8779,0.9205,2049436.51
1680048000,0.9209,0.9838,0.9171,0.9408,2337001.65
1680134400,0.9409,0.9634,0.9092,0.9218,2019868.99
1680220800,0.922,0.9524,0.9047,0.9358,2327801.41
1680307200,0.9357,0.9486,0.9158,0.9239,1174206.86
1680393600,0.9237,0.9259,0.8892,0.9081,1654963.94
1680480000,0.9065,0.9357,0.8824,0.9243,2724725.81
1680566400,0.9243,1.0101,0.9118,0.9965,4895123.29
1680652800,0.9964,1.0354,0.9844,1.0026,3020532.74
1680739200,1.003,1.0177,0.986,1.01,2991409.52
1680825600,1.0098,1.0279,0.9952,1.0218,5141408.31
1680912000,1.0212,1.0481,1.0022,1.0245,4765627.21
1680998400,1.0248,1.0387,0.9875,1.0113,2998372.49
1681084800,1.0113,1.0304,0.9906,1.029,1952263.17
1681171200,1.0296,1.0459,1.0135,1.0186,2274508.38
1681257600,1.0187,1.0468,0.9791,1.0289,3641635.26
1681344000,1.029,1.0759,1.0148,1.0668,3962341.32
1681430400,1.0667,1.1126,1.0655,1.0911,4970815.47
1681516800,1.0913,1.1062,1.0765,1.0935,3401754.83
1681603200,1.0929,1.1117,1.0669,1.105,3418814.45
1681689600,1.1049,1.1052,1.0476,1.0511,4467052.19
1681776000,1.0511,1.1122,1.0376,1.0744,5892178.87
1681862400,1.0748,1.075,0.9371,0.9582,6906950.65
1681948800,0.9575,0.9797,0.9349,0.9433,6886909.94
1682035200,0.9432,0.9582,0.9066,0.9212,10593370.73
1682121600,0.9218,0.9394,0.9132,0.937,1943905.85
1682208000,0.9372,0.9861,0.9202,0.9452,3159456.99
1682294400,0.944,0.9654,0.9138,0.9268,3473271.64
1682380800,0.9274,0.9477,0.8957,0.9392,2470153.76
1682467200,0.9399,0.9771,0.8827,0.9194,2319688.64
1682553600,0.9185,0.959,0.9147,0.9451,1681222.5
1682640000,0.9451,0.9491,0.9157,0.9256,1491632.42
1682726400,0.9261,0.945,0.9221,0.9312,1352419.12
1682812800,0.9313,0.9479,0.9022,0.9088,1337219.97
1682899200,0.9086,0.9148,0.8736,0.8838,2124009.73
1682985600,0.8834,0.9097,0.8779,0.9052,1671992.34
1683072000,0.9051,0.9872,0.8797,0.9694,5520926.01
1683158400,0.9694,0.9729,0.9168,0.9292,2892875.56
1683244800,0.9294,0.989,0.9265,0.9552,4311014.77
1683331200,0.955,0.9641,0.8934,0.9031,2922609.14
1683417600,0.9034,0.9171,0.8846,0.8885,1767063.97
1683504000,0.8873,0.8901,0.799,0.8332,3600560.05
1683590400,0.8333,0.846,0.8272,0.8376,2526431.14
1683676800,0.8382,0.8566,0.8034,0.8404,3478675.94
1683763200,0.8392,0.8404,0.7841,0.801,2488464.4
1683849600,0.7995,0.8173,0.7717,0.8162,1940690.11
1683936000,0.8161,0.8228,0.798,0.8038,1612486.06
1684022400,0.804,0.819,0.795,0.8075,973843.78
1684108800,0.8073,0.8339,0.7967,0.8276,1725444.16
1684195200,0.8272,0.8361,0.8167,0.8305,2095570.66
1684281600,0.8306,0.8387,0.803,0.8325,3452721.89
1684368000,0.8325,0.8351,0.7995,0.827,2323460.89
1684454400,0.8272,0.8345,0.8166,0.8296,1607572.86
1684540800,0.829,0.8343,0.8218,0.8301,1284570.29
1684627200,0.8304,0.8439,0.819,0.8358,1206362.5
1684713600,0.8353,0.8569,0.8231,0.8506,2894706.17
1684800000,0.8508,0.883,0.8467,0.864,1977379.19
1684886400,0.8643,0.8847,0.8091,0.8308,2754503.64
1684972800,0.8303,0.8361,0.8161,0.8237,1262708.19
1685059200,0.8238,0.8717,0.8195,0.8539,1549891.71
1685145600,0.8533,0.8576,0.8435,0.8487,1091927.66
1685232000,0.849,0.8734,0.8451,0.8611,1211399.17
1685318400,0.8615,0.8681,0.8479,0.8546,1682705.52
1685404800,0.8544,0.8654,0.8264,0.837,1964846.33
1685491200,0.8369,0.8398,0.8088,0.8179,1493318.52
1685577600,0.8177,0.8228,0.8035,0.8126,1063584.96
1685664000,0.8126,0.8595,0.8086,0.8535,2349784.48
1685750400,0.8538,0.8611,0.8435,0.8513,1138208.93
1685836800,0.8519,0.8629,0.8468,0.8484,1063244.05
1685923200,0.8479,0.8492,0.768,0.7747,2676229.43
1686009600,0.7745,0.8025,0.7578,0.8025,1604611.93
1686096000,0.8014,0.8016,0.7511,0.7555,976107.77
1686182400,0.7556,0.7708,0.7488,0.761,828171.31
1686268800,0.761,0.7654,0.7474,0.7588,1102441.19
1686355200,0.7574,0.7574,0.6297,0.6721,2710830.85
1686441600,0.6718,0.681,0.6635,0.6702,831516.85
1686528000,0.6701,0.6715,0.6277,0.6363,2051758.42
1686614400,0.6363,0.6656,0.6348,0.6507,1729474.03
1686700800,0.6506,0.6563,0.5656,0.5698,2754891.38
1686787200,0.5697,0.6223,0.5592,0.6057,5065628.62
1686873600,0.6063,0.638,0.5999,0.6217,4321634.64
1686960000,0.6217,0.6399,0.6173,0.62,841409.61
1687046400,0.6202,0.635,0.6142,0.6227,1057704.16
1687132800,0.6229,0.6387,0.6093,0.6326,1193865.86
1687219200,0.6326,0.6694,0.6212,0.6632,2202436.4
1687305600,0.6638,0.6957,0.6601,0.6886,1783617.23
1687392000,0.6886,0.7077,0.6657,0.6703,1708724.99
1687478400,0.6693,0.7043,0.6674,0.6925,2160929.15
1687564800,0.6927,0.702,0.659,0.6708,2069412.42
1687651200,0.6708,0.7435,0.6677,0.7038,3470064.43
1687737600,0.7038,0.7039,0.6612,0.6804,3373176.4
1687824000,0.6791,0.701,0.6728,0.6927,2254794.65
1687910400,0.6933,0.6937,0.6387,0.6596,2134329.56
1687996800,0.6598,0.7265,0.6551,0.71,2074915.76
1688083200,0.7097,0.7839,0.6919,0.7616,3097267.07
1688169600,0.7631,0.7814,0.7566,0.7785,776267.93
1688256000,0.7788,0.7791,0.7474,0.7648,451927.46
1688342400,0.7643,0.7927,0.757,0.7854,1815587.6
1688428800,0.7841,0.8253,0.78,0.8058,2542909.1
1688515200,0.806,0.8112,0.7659,0.781,2143164.56
1688601600,0.781,0.8029,0.7251,0.7266,2665399.41
1688688000,0.7256,0.7919,0.7181,0.7881,2337852.2
1688774400,0.7896,0.7943,0.7625,0.7805,1512445.14
1688860800,0.7803,0.8191,0.7797,0.7988,2073698.07
1688947200,0.7982,0.8268,0.7833,0.8063,3053221.53
1689033600,0.8064,0.8141,0.7879,0.7934,1633370.38
1689120000,0.7945,0.8097,0.7794,0.7863,2228482.4
1689206400,0.7859,0.8576,0.7749,0.8458,2801155.49
1689292800,0.8449,0.879,0.8029,0.8218,2882816.75
1689379200,0.8218,0.8326,0.8102,0.8225,1367900.97
1689465600,0.8223,0.8257,0.8056,0.8083,865079.87
1689552000,0.8077,0.8185,0.785,0.8099,1335730.7
1689638400,0.8107,0.8139,0.7754,0.7843,1025864.48
1689724800,0.784,0.7972,0.7744,0.7781,1203745.91
1689811200,0.7774,0.8033,0.7743,0.7864,1773797.58
1689897600,0.7867,0.7957,0.7654,0.7699,3174343.52
1689984000,0.7696,0.7726,0.7437,0.7517,900050.59
1690070400,0.7518,0.768,0.7478,0.7591,754459.52
1690156800,0.7582,0.7617,0.7101,0.7285,2235796.21
1690243200,0.7286,0.7328,0.7207,0.7256,1649870.99
1690329600,0.7256,0.7401,0.7161,0.7302,1399147.86
1690416000,0.7299,0.7444,0.7231,0.7299,1494829.38
1690502400,0.7299,0.7333,0.7187,0.73,1174702.53
1690588800,0.7288,0.7409,0.7259,0.7372,443874.01
1690675200,0.7371,0.7396,0.5833,0.6321,13464383.41
1690761600,0.6321,0.6571,0.5252,0.5666,38245657.44
1690848000,0.5668,0.6246,0.4782,0.6136,24319880.06
1690934400,0.6137,0.6137,0.5437,0.5824,15573616.18
1691020800,0.5818,0.611,0.5727,0.5798,8410658.03
1691107200,0.5794,0.6354,0.5667,0.6112,7754458.92
1691193600,0.6111,0.7,0.6012,0.6213,8143199.61
1691280000,0.6208,0.6317,0.6067,0.6102,3636848.41
1691366400,0.6108,0.6293,0.5851,0.6139,4852740.15
1691452800,0.6142,0.6169,0.5959,0.6011,4460997.43
1691539200,0.6018,0.6184,0.5978,0.6147,2261353.79
1691625600,0.6147,0.656,0.6045,0.6085,4063186.72
1691712000,0.6083,0.6127,0.5888,0.5967,3026188.43
1691798400,0.5967,0.5979,0.5759,0.5857,2258942.55
1691884800,0.5853,0.599,0.5661,0.577,1840255.06
1691971200,0.5771,0.5881,0.5714,0.5805,1814348.02
1692057600,0.5806,0.5867,0.5324,0.5556,4179343.84
1692144000,0.5548,0.5648,0.5258,0.5406,3786164.39
1692230400,0.5405,0.5518,0.4555,0.4949,5055992.01
1692316800,0.4941,0.5066,0.4876,0.4949,3644538.62
1692403200,0.4946,0.5137,0.4894,0.5033,2587876.43
1692489600,0.503,0.5048,0.4928,0.4989,1625394.45
1692576000,0.4978,0.5019,0.4688,0.4782,3777882.76
1692662400,0.4786,0.4812,0.4403,0.4746,7091077.39
1692748800,0.4753,0.4813,0.4599,0.4682,4418726.3
1692835200,0.4683,0.4686,0.4454,0.4546,3228437.24
1692921600,0.4544,0.4602,0.4398,0.4548,3727627.64
1693008000,0.4542,0.4605,0.4498,0.4522,1152092
1693094400,0.452,0.4619,0.4494,0.4601,1135970.27
1693180800,0.4601,0.4932,0.4557,0.4863,3401020.87
1693267200,0.4863,0.4994,0.4574,0.4837,10164031.28
1693353600,0.4844,0.486,0.4661,0.4733,2088540.64
1693440000,0.4736,0.4777,0.4411,0.4529,1763735.83
1693526400,0.4529,0.4564,0.4269,0.4386,3887048.65
1693612800,0.4378,0.4434,0.4308,0.4371,1697900.19
1693699200,0.4378,0.4414,0.4321,0.4348,1081975.8
1693785600,0.4346,0.4448,0.4317,0.4367,1162800.2
1693872000,0.4371,0.4472,0.4334,0.4448,1154978.66
1693958400,0.4434,0.4528,0.4346,0.4508,1037812.27
1694044800,0.4506,0.4506,0.4371,0.4466,1049828.68
1694131200,0.4465,0.4514,0.4345,0.4412,735409.86
1694217600,0.4413,0.4456,0.4379,0.443,643265.3
1694304000,0.4434,0.4435,0.414,0.4275,1948079.68
1694390400,0.4265,0.4278,0.3999,0.4081,1692502.43
1694476800,0.4078,0.4206,0.3986,0.4018,1986123.15
1694563200,0.4016,0.4192,0.3864,0.4173,4616588.84
1694649600,0.4177,0.4283,0.4104,0.4195,1839003.89
1694736000,0.4197,0.4386,0.4143,0.4357,1181075.59
1694822400,0.4372,0.4428,0.429,0.4379,915713.5
1694908800,0.4376,0.4425,0.4233,0.4318,1167529.96
1694995200,0.4318,0.4479,0.4243,0.4254,1512738.95
1695081600,0.4257,0.452,0.4233,0.4438,1533941.13
1695168000,0.4439,0.4474,0.4336,0.4422,1402054.12
1695254400,0.4418,0.4566,0.4324,0.4446,1604685.24
1695340800,0.4446,0.5012,0.4366,0.4911,3802540.55
1695427200,0.4911,0.4968,0.4656,0.4738,1856370.65
1695513600,0.4743,0.549,0.4703,0.5148,6066019.23
1695600000,0.514,0.5337,0.5059,0.5208,1465103.92
1695686400,0.5211,0.5279,0.5077,0.5238,1026130.82
1695772800,0.5234,0.5357,0.5125,0.5167,1523228.09
1695859200,0.5173,0.5285,0.5096,0.5161,1224044.61
1695945600,0.5161,0.5317,0.5125,0.523,1230253.54
1696032000,0.5227,0.54,0.5151,0.519,937318.92
1696118400,0.5178,0.5454,0.5167,0.5388,699953.66
1696204800,0.538,0.538,0.4848,0.4992,1086764.74
1696291200,0.4993,0.5025,0.4805,0.4873,735549.62
1696377600,0.4875,0.4895,0.468,0.4824,752025.95
1696464000,0.4819,0.4824,0.4652,0.4661,599255.88
1696550400,0.4672,0.4827,0.4672,0.474,587104.69
1696636800,0.4735,0.4799,0.4684,0.4719,492868.37
1696723200,0.4722,0.4745,0.462,0.4743,578751.49
1696809600,0.4738,0.4744,0.4387,0.4494,1225145.03
1696896000,0.4488,0.4509,0.4314,0.4344,886065.99
1696982400,0.4355,0.4365,0.4212,0.4338,1484418.8
1697068800,0.4339,0.4339,0.4181,0.4244,990396.77
1697155200,0.4244,0.4525,0.424,0.4415,1375459.23
1697241600,0.4407,0.4446,0.4372,0.4378,608776.75
1697328000,0.4376,0.4432,0.4353,0.44,1006836.42
1697414400,0.4411,0.4574,0.4379,0.4478,1657017.51
1697500800,0.4476,0.4513,0.4285,0.4334,2543167.28
1697587200,0.4328,0.4491,0.424,0.4248,1405303.54
1697673600,0.4246,0.4279,0.4109,0.4149,710538.14
1697760000,0.4155,0.4309,0.4119,0.4206,757127.06
1697846400,0.4219,0.4419,0.419,0.4386,634600.68
1697932800,0.439,0.4538,0.4359,0.4512,345835.25
1698019200,0.4516,0.4732,0.4486,0.472,1800191.79
1698105600,0.4722,0.4897,0.4598,0.4794,1424678.86
1698192000,0.4794,0.4888,0.4671,0.4773,711063.6
1698278400,0.4788,0.4993,0.4579,0.4775,1294297.14
1698364800,0.4785,0.4785,0.4572,0.4667,584197
1698451200,0.4657,0.4838,0.4654,0.4811,578316.64
1698537600,0.4801,0.4978,0.4751,0.4934,1018271.39
1698624000,0.4942,0.506,0.4831,0.4887,1027314.63
1698710400,0.4877,0.4964,0.4625,0.4797,861337.88
1698796800,0.4794,0.5263,0.4666,0.5199,2047722.26
1698883200,0.5207,0.5399,0.4989,0.5097,2016233.23
1698969600,0.509,0.5372,0.4957,0.5327,1614663.84
1699056000,0.5326,0.5616,0.5248,0.5539,1342629.76
1699142400,0.5541,0.5782,0.5439,0.5654,1774967.1
1699228800,0.5666,0.5796,0.5563,0.5742,1155566.24
1699315200,0.5727,0.5919,0.5401,0.5577,1399902.42
1699401600,0.5583,0.5794,0.551,0.5698,1352433.01
1699488000,0.5683,0.5931,0.4537,0.5521,5309102.17
1699574400,0.5511,0.6232,0.5485,0.604,3647867.6
1699660800,0.6047,0.6511,0.5838,0.624,5336142.72
1699747200,0.6239,0.6548,0.6002,0.6311,7179679.43
1699833600,0.6322,0.65,0.5712,0.5753,4511449.65
1699920000,0.5754,0.5889,0.5331,0.5718,2783648.57
1700006400,0.5737,0.6211,0.5684,0.6117,2413953.88
1700092800,0.6123,0.6235,0.563,0.5716,1310706.39
1700179200,0.5718,0.5946,0.5425,0.57,1166530.54
1700265600,0.5689,0.5694,0.5365,0.5627,696770.74
1700352000,0.56,0.5776,0.5491,0.5751,509249.64
1700438400,0.5736,0.5888,0.5601,0.5668,1323372.7
1700524800,0.5679,0.5828,0.5154,0.5211,1122402.59
1700611200,0.5201,0.5863,0.5201,0.5857,1434427.05
1700697600,0.5864,0.5939,0.5668,0.5791,456216.03
1700784000,0.5794,0.6026,0.5755,0.5901,933057.97
1700870400,0.588,0.6035,0.5848,0.5985,562336.52
1700956800,0.5983,0.6079,0.5698,0.5808,479255.58
1701043200,0.5818,0.5877,0.5469,0.5591,576330.85
1701129600,0.5592,0.5717,0.5497,0.5619,848298.45
1701216000,0.5619,0.5726,0.5463,0.5496,918256.31
1701302400,0.5495,0.5613,0.5435,0.5586,502597.59
1701388800,0.5582,0.5736,0.5538,0.5718,826903.43
1701475200,0.5719,0.6137,0.57,0.6088,822369.23
1701561600,0.6089,0.6145,0.589,0.6016,663935
1701648000,0.6035,0.6174,0.575,0.6057,1202237.62
1701734400,0.6053,0.6359,0.5833,0.6306,3048791.45
1701820800,0.6303,0.6422,0.5992,0.6028,2394504.37
1701907200,0.6067,0.6612,0.6039,0.6474,3021765.83
1701993600,0.6474,0.6985,0.6474,0.6894,5317067.05
1702080000,0.6893,0.7043,0.6625,0.6734,2360835.99
1702166400,0.6742,0.7234,0.6677,0.72,2129802.44
1702252800,0.7217,0.7229,0.6303,0.6551,4824528.12
1702339200,0.6562,0.6733,0.6225,0.6457,2518586.6
1702425600,0.6461,0.647,0.6095,0.6414,1523189.47
1702512000,0.6418,0.6506,0.6035,0.647,1916783.76
1702598400,0.6472,0.6586,0.626,0.6329,2354780.21
1702684800,0.6329,0.6567,0.6217,0.6371,1557097.05
1702771200,0.6384,0.6788,0.6218,0.6577,2174535.41
1702857600,0.6589,0.6589,0.5742,0.6188,2484157.2
1702944000,0.6193,0.6287,0.5634,0.5791,5177576.43
1703030400,0.5784,0.5983,0.5626,0.5811,2051442.08
1703116800,0.58,0.6019,0.5742,0.5977,1384044.61
1703203200,0.598,0.6197,0.5978,0.6162,2170854.22
1703289600,0.6175,0.625,0.5924,0.6187,2457320
1703376000,0.6189,0.6525,0.6059,0.6177,2621221.33
1703462400,0.6191,0.6598,0.6167,0.6458,1958062.19
1703548800,0.6446,0.6836,0.6029,0.634,2373355.06
1703635200,0.6349,0.6817,0.6067,0.672,2967922.72
1703721600,0.6723,0.711,0.6414,0.7005,2850524.81
1703808000,0.7009,0.7081,0.616,0.6282,2778625.84
1703894400,0.6281,0.6424,0.6169,0.6225,1406273.45
1703980800,0.6222,0.6355,0.5872,0.6054,1213257.69
1704067200,0.6042,0.6294,0.5936,0.6284,1309282.88
1704153600,0.6295,0.6471,0.6191,0.6292,1845747.06
1704240000,0.6295,0.638,0.4755,0.5819,4399428.14
1704326400,0.5787,0.5952,0.5683,0.5835,870467.49
1704412800,0.5839,0.5929,0.5509,0.5762,1970354.11
1704499200,0.5755,0.5761,0.5292,0.5451,959218.69
1704585600,0.5448,0.5551,0.5103,0.5168,1117620.02
1704672000,0.5167,0.5519,0.4881,0.5494,1265401.57
1704758400,0.5487,0.5508,0.4953,0.5217,2854738.56
1704844800,0.521,0.5784,0.5102,0.565,1836313.62
1704931200,0.5663,0.5938,0.5568,0.5842,2084920.29
1705017600,0.5853,0.6038,0.5302,0.5512,2725789.09
1705104000,0.5515,0.5658,0.5339,0.559,911894.86
1705190400,0.5588,0.5598,0.5305,0.5316,537131.61
1705276800,0.5323,0.5486,0.5323,0.5397,647511.17
1705363200,0.5404,0.5556,0.5357,0.5513,1305137.05
1705449600,0.5516,0.553,0.5316,0.54,775670.24
1705536000,0.5409,0.5507,0.5001,0.5098,735389.88
1705622400,0.5096,0.531,0.4939,0.531,1086497.86
1705708800,0.5315,0.5351,0.5216,0.5272,1084390.38
1705795200,0.5272,0.542,0.5232,0.5341,450224.66
1705881600,0.5354,0.5367,0.4913,0.4994,714211.62
1705968000,0.4992,0.5087,0.458,0.4688,1519713.58
1706054400,0.4684,0.4723,0.4349,0.4478,2933908.35
1706140800,0.4478,0.4548,0.432,0.4526,2018964.54
1706227200,0.4528,0.467,0.4459,0.4621,1973451.15
1706313600,0.4624,0.4831,0.4579,0.4787,1340074.59
1706400000,0.4781,0.4803,0.4621,0.4688,965734.9
1706486400,0.4674,0.4824,0.457,0.4808,1307078.16
1706572800,0.4796,0.4892,0.4714,0.4776,1199188.23
1706659200,0.4774,0.4832,0.4504,0.4542,1084818.24
1706745600,0.4542,0.4682,0.4365,0.4463,975299.63
1706832000,0.445,0.4635,0.4422,0.4621,1002647.14
1706918400,0.4621,0.5069,0.4547,0.4762,2392726.93
1707004800,0.4762,0.4767,0.4407,0.4527,3238273.84
1707091200,0.4531,0.4756,0.4464,0.4682,1633285.85
1707177600,0.4694,0.4797,0.4658,0.4659,1135226.24
1707264000,0.4668,0.4946,0.4657,0.4852,1269927.53
1707350400,0.4856,0.4898,0.4769,0.4806,710997.36
1707436800,0.4804,0.5049,0.4798,0.5021,1204952.51
1707523200,0.5028,0.508,0.4887,0.4936,558974.8
1707609600,0.4938,0.5059,0.4892,0.4907,1269981.48
1707696000,0.491,0.5362,0.4871,0.5205,1141389.11
1707782400,0.5204,0.5218,0.5,0.5113,820781.46
1707868800,0.5105,0.5286,0.5069,0.5245,634290.28
1707955200,0.5241,0.5426,0.5226,0.5416,950418.85
1708041600,0.5428,0.5542,0.5238,0.5421,952396.83
1708128000,0.5422,0.5433,0.5105,0.5278,742999.62
1708214400,0.5286,0.5418,0.518,0.5388,1604804.64
1708300800,0.5392,0.567,0.5363,0.5626,2269894.92
1708387200,0.5632,0.5778,0.5297,0.5582,2093852.1
1708473600,0.5589,0.56,0.5124,0.5486,1398091.46
1708560000,0.549,0.5625,0.5349,0.5508,1707031.75
1708646400,0.5529,0.6194,0.5415,0.5904,4548170.32
1708732800,0.5916,0.65,0.5838,0.6003,4496825.32
1708819200,0.5997,0.6099,0.5867,0.599,2137408.6
1708905600,0.6001,0.605,0.5706,0.5979,2307594.65
1708992000,0.5982,0.61,0.5715,0.5936,2859310.58
1709078400,0.594,0.6568,0.5379,0.5993,5252203.33
1709164800,0.6001,0.6536,0.581,0.5989,12456720.12
1709251200,0.5994,0.68,0.5985,0.6537,5636893.35
1709337600,0.6535,0.6909,0.6396,0.6905,5439924.54
1709424000,0.6903,0.695,0.6011,0.6685,5885608.95
1709510400,0.6693,0.7788,0.6607,0.7734,14299058.99
1709596800,0.7715,0.8019,0.5947,0.6745,20475106.97
1709683200,0.6739,0.8499,0.645,0.8001,8484904.62
1709769600,0.8011,0.814,0.7632,0.7929,7463414.3
1709856000,0.7941,0.8163,0.7343,0.7644,4692211.46
1709942400,0.7654,0.8396,0.7623,0.7835,3671069.52
1710028800,0.7837,0.82,0.7674,0.82,2829738.31
1710115200,0.8202,0.8604,0.7625,0.855,5126493.83
1710201600,0.8564,0.8564,0.7592,0.8311,4416825.89
1710288000,0.8317,0.878,0.8226,0.8642,5952676.73
1710374400,0.8639,0.878,0.7833,0.8313,4031586.86
1710460800,0.8323,0.8436,0.7106,0.7704,2690721.73
1710547200,0.7701,0.7786,0.677,0.6916,3207020.89
1710633600,0.6941,0.7157,0.6537,0.6896,1850374.57
1710720000,0.6896,0.7,0.639,0.6555,2984584.58
1710806400,0.6559,0.6609,0.5762,0.6029,3544339.7
1710892800,0.6024,0.6752,0.5875,0.6714,2436739.45
1710979200,0.6693,0.685,0.65,0.6739,1632188.7
1711065600,0.6717,0.6877,0.6378,0.6685,2255915.98
1711152000,0.669,0.6807,0.6533,0.6645,715662.09
1711238400,0.6659,0.6845,0.6523,0.6803,1334408.37
1711324800,0.6819,0.7198,0.6771,0.7074,2072361.49
1711411200,0.7072,0.7262,0.6914,0.7128,1765205.54
1711497600,0.7138,0.7222,0.6759,0.6916,1327847.12
1711584000,0.6937,0.7074,0.6784,0.7015,1035894.84
1711670400,0.7022,0.7264,0.6906,0.7078,1159552.93
1711756800,0.709,0.7124,0.6803,0.6832,563480.89
1711843200,0.683,0.6994,0.6805,0.6918,399502.7
1711929600,0.6946,0.6961,0.6343,0.6549,1351553.06
1712016000,0.6554,0.6555,0.5956,0.6072,1199166.42
1712102400,0.6073,0.6209,0.5839,0.6033,1222533.53
1712188800,0.603,0.6387,0.5929,0.6283,1278738
1712275200,0.6264,0.6302,0.5966,0.6149,1256136.58
1712361600,0.6148,0.628,0.6122,0.6219,466316.18
1712448000,0.6227,0.6447,0.6211,0.6363,1304868.18
1712534400,0.6356,0.6729,0.6242,0.6549,1355641.8
1712620800,0.6552,0.6561,0.6188,0.6207,1388669.59
1712707200,0.6222,0.6229,0.5875,0.6182,1006779.92
1712793600,0.6173,0.6219,0.5955,0.6054,540883.14
1712880000,0.6037,0.6109,0.4201,0.4811,4972334.37
1712966400,0.4802,0.4921,0.3598,0.4246,4655428.91
1713052800,0.424,0.4565,0.4107,0.4514,2175753.99
1713139200,0.4532,0.4639,0.4086,0.4282,1973678.81
1713225600,0.4259,0.4394,0.4117,0.4323,1773060.79
1713312000,0.4319,0.4365,0.4066,0.4253,1088405.8
1713398400,0.4261,0.4383,0.4145,0.4318,1790146.47
1713484800,0.4309,0.4442,0.3982,0.4326,2455962.01
1713571200,0.433,0.465,0.4262,0.4626,597584.03
1713657600,0.4605,0.4668,0.4439,0.4534,489164.37
1713744000,0.4551,0.4767,0.4531,0.4675,887450.67
1713830400,0.4672,0.4719,0.4565,0.462,660693.79
1713916800,0.4627,0.4779,0.4306,0.4369,1262949.2
1714003200,0.4363,0.4479,0.4244,0.4418,1017432.25
1714089600,0.4415,0.4474,0.4295,0.4395,493037.45
1714176000,0.4397,0.447,0.4191,0.4441,555136.77
1714262400,0.4441,0.4538,0.4374,0.44,580943.94
1714348800,0.4394,0.4461,0.4216,0.4345,570465.72
1714435200,0.4346,0.4383,0.3924,0.4088,1252114.68
1714521600,0.4088,0.4436,0.3868,0.4189,1813960.75
1714608000,0.4184,0.4286,0.4066,0.4231,773044.84
1714694400,0.4239,0.4427,0.4198,0.4397,1571413.41
1714780800,0.4395,0.4455,0.429,0.4378,973017.53
1714867200,0.4371,0.4501,0.4274,0.4478,2228932.79
1714953600,0.4467,0.4739,0.4328,0.4328,9047474.19
1715040000,0.4339,0.456,0.4152,0.4233,3417331.34
1715126400,0.4235,0.4477,0.4173,0.4413,2660794.46
1715212800,0.4416,0.4513,0.4313,0.4467,2181888
1715299200,0.4463,0.4524,0.4155,0.4219,2677323.36
1715385600,0.4219,0.4342,0.4191,0.4229,795262.02
1715472000,0.4229,0.428,0.4153,0.4185,325897.86
1715558400,0.419,0.4273,0.4026,0.4153,2161386.41
1715644800,0.4153,0.4183,0.397,0.4001,3737721.57
1715731200,0.4004,0.4493,0.3909,0.423,4178960.07
1715817600,0.423,0.4254,0.4064,0.4203,1874289.14
1715904000,0.4207,0.4382,0.4153,0.431,987259.77
1715990400,0.4309,0.4362,0.4253,0.4355,890608.09
1716076800,0.4351,0.4379,0.4132,0.4196,2096084.94
1716163200,0.4196,0.4746,0.4136,0.4629,5969150.85
1716249600,0.4629,0.4947,0.4614,0.483,3213122.8
1716336000,0.4824,0.4835,0.4633,0.4675,2510556.33
1716422400,0.4673,0.4735,0.4298,0.4627,2172884.47
1716508800,0.4622,0.4951,0.4501,0.4923,2216529.46
1716595200,0.4919,0.5152,0.4918,0.4968,2053995.53
1716681600,0.4966,0.4997,0.4781,0.4808,1402754.3
1716768000,0.4807,0.5021,0.4752,0.4963,1278537.32
1716854400,0.4958,0.5057,0.4722,0.4898,2023732.64
1716940800,0.49,0.505,0.4804,0.4814,1274990.02
1717027200,0.4813,0.4866,0.4627,0.4688,1224953.87
1717113600,0.4683,0.4757,0.454,0.4637,1125931.04
1717200000,0.4621,0.4744,0.4594,0.4713,487299.29
1717286400,0.4708,0.475,0.4498,0.4535,640292.82
1717372800,0.4531,0.4777,0.4469,0.4559,1032577.22
1717459200,0.4558,0.4762,0.4536,0.4649,3821979.41
1717545600,0.4643,0.4735,0.4584,0.4722,1178616.63
1717632000,0.4718,0.4739,0.4549,0.4607,1027910.08
1717718400,0.4607,0.4646,0.3656,0.4196,2897644.43
1717804800,0.419,0.421,0.3954,0.4007,1239134.78
1717891200,0.3998,0.4243,0.3967,0.4172,733668.06
1717977600,0.4169,0.4227,0.3753,0.3826,3038246.67
1718064000,0.3826,0.3846,0.3487,0.351,3286923.72
1718150400,0.3511,0.3759,0.3468,0.3606,2966101.05
1718236800,0.3601,0.3602,0.2202,0.2866,44262722.23
1718323200,0.2864,0.298,0.2655,0.2828,15271469.92
1718409600,0.2826,0.3287,0.277,0.3124,14566112.24
1718496000,0.3124,0.345,0.305,0.3291,16637703.61
1718582400,0.3282,0.358,0.3001,0.3153,26860600.93
1718668800,0.3154,0.3366,0.2652,0.3342,21918491.18
1718755200,0.3341,0.3765,0.3209,0.3253,18029140.83
1718841600,0.3251,0.3499,0.3222,0.3444,10655460.85
1718928000,0.3443,0.3672,0.3269,0.3274,21651624.41
1719014400,0.3274,0.3455,0.3248,0.3436,8736192.72
1719100800,0.3434,0.3491,0.3209,0.3343,6302122.56
1719187200,0.3336,0.3499,0.3034,0.3265,13630116.36
1719273600,0.3264,0.333,0.3148,0.324,8504036.52
1719360000,0.3242,0.3255,0.2955,0.2973,7360727.55
1719446400,0.2974,0.3005,0.2832,0.2912,6592859.43
1719532800,0.2908,0.2973,0.2743,0.2789,6217884.86
1719619200,0.279,0.2855,0.2713,0.2756,2608707.52
1719705600,0.2753,0.2875,0.2723,0.2854,2608043.63
1719792000,0.2854,0.293,0.2698,0.2829,6518120.61
1719878400,0.283,0.2901,0.2764,0.2849,5159888.23
1719964800,0.2845,0.2848,0.2566,0.2718,5289102.48
1720051200,0.2717,0.2752,0.2405,0.2423,7397083.2
1720137600,0.2421,0.2426,0.2187,0.2358,9661778.24
1720224000,0.2361,0.2657,0.2342,0.2652,4159054.24
1720310400,0.2653,0.269,0.252,0.2543,3364419.68
1720396800,0.255,0.2968,0.2466,0.288,6704499.28
1720483200,0.2877,0.2934,0.2782,0.2841,3762825.47
1720569600,0.2838,0.2951,0.2783,0.2928,5324119.36
1720656000,0.2927,0.2967,0.267,0.2677,5372639.99
1720742400,0.2675,0.2819,0.2673,0.2812,6591281.3
1720828800,0.2813,0.2932,0.2779,0.2885,4766648.09
1720915200,0.2895,0.2968,0.2807,0.2859,5049174.57
1721001600,0.2857,0.3425,0.2836,0.3053,6502012.67
1721088000,0.3053,0.3053,0.2808,0.2882,9241688.07
1721174400,0.2884,0.2989,0.2819,0.2828,6955331.76
1721260800,0.2828,0.2914,0.2711,0.2777,4679556.78
1721347200,0.2775,0.2997,0.2696,0.298,8050062.81
1721433600,0.298,0.2998,0.292,0.2932,4257646.09
1721520000,0.2931,0.2934,0.2736,0.2905,8030543.6
1721606400,0.2906,0.2912,0.2677,0.271,5677084.25
1721692800,0.2711,0.2864,0.2625,0.2726,8385319.03
1721779200,0.2722,0.2737,0.2568,0.2599,7039672.05
1721865600,0.2601,0.2628,0.244,0.2529,16458228.4
1721952000,0.2524,0.2687,0.2524,0.2665,2530299.47
1722038400,0.2662,0.2713,0.2606,0.2679,3271202.13
1722124800,0.2675,0.2706,0.2603,0.2639,2088880.61
1722211200,0.2635,0.2689,0.2554,0.2589,4192577.08
1722297600,0.2594,0.2786,0.2528,0.2571,5704013.3
1722384000,0.2559,0.2717,0.2503,0.2609,7440698.67
1722470400,0.2614,0.2937,0.2535,0.2865,17342526.8
1722556800,0.2861,0.3,0.2613,0.2903,14281774.41
1722643200,0.2899,0.2905,0.246,0.2529,14714535.6
1722729600,0.2527,0.275,0.2318,0.2448,14188958.81
1722816000,0.2448,0.2475,0.18,0.209,28510723.2
1722902400,0.2089,0.2402,0.2088,0.2291,17174757.17
1722988800,0.2291,0.2455,0.2247,0.2326,12155002.13
1723075200,0.2325,0.2573,0.2258,0.256,14108597.31
1723161600,0.256,0.2562,0.2411,0.2522,15676503.78
1723248000,0.2519,0.2603,0.2491,0.2567,4731652.37
1723334400,0.2564,0.2605,0.244,0.2457,6279359.88
1723420800,0.2457,0.3207,0.2457,0.3036,35722776.46
1723507200,0.303,0.3258,0.2981,0.3063,21239836.05
1723593600,0.3062,0.3284,0.2943,0.3242,16031417.37
1723680000,0.3242,0.3315,0.3035,0.3165,30998166.58
1723766400,0.3166,0.3389,0.2965,0.3301,24973582.11
1723852800,0.3296,0.3303,0.3086,0.3151,16265760.26
1723939200,0.3151,0.3299,0.305,0.3084,12422588.21
1724025600,0.3084,0.318,0.2917,0.3035,11410669.09
1724112000,0.3039,0.3448,0.2938,0.33,11370618.18
1724198400,0.3307,0.3477,0.3152,0.3366,22613748.17
1724284800,0.3365,0.3377,0.325,0.327,8634525.8
1724371200,0.327,0.3463,0.3184,0.3399,10494786.28
1724457600,0.3397,0.3684,0.3326,0.3515,20449629.58
1724544000,0.3512,0.3512,0.3255,0.3343,13134034.2
1724630400,0.3343,0.3418,0.3099,0.3146,12764696.9
1724716800,0.3147,0.3199,0.2856,0.2954,13191986.84
1724803200,0.2956,0.3277,0.2871,0.2928,13086877.26
1724889600,0.2931,0.3055,0.2795,0.2897,7873448.86
1724976000,0.2893,0.2937,0.2726,0.2925,7211397.52
1725062400,0.2923,0.2956,0.2806,0.2831,6394087.94
1725148800,0.2831,0.2835,0.2627,0.2658,8208839.33
1725235200,0.2653,0.2842,0.2653,0.2801,6441931.77
1725321600,0.28,0.2833,0.2607,0.2607,6923027.95
1725408000,0.2619,0.299,0.2483,0.2905,12551063.72
1725494400,0.2905,0.2965,0.2776,0.279,9615252.25
1725580800,0.2788,0.2938,0.2565,0.2612,7701551.35
1725667200,0.2612,0.2676,0.2549,0.2566,5396730.53
1725753600,0.2567,0.2783,0.2548,0.2759,7721640.8
1725840000,0.2758,0.2893,0.2724,0.2822,9087674.39
1725926400,0.2825,0.2874,0.2705,0.2801,6151564.43
1726012800,0.2793,0.2853,0.2661,0.2754,8809071.33
1726099200,0.2758,0.285,0.2709,0.2839,7189992.28
1726185600,0.2842,0.2873,0.2743,0.2843,4478175.9
1726272000,0.2844,0.2844,0.2731,0.2753,4169063.54
1726358400,0.2751,0.279,0.261,0.2651,4428665.65
1726444800,0.2645,0.2681,0.2578,0.2631,3829324.88
1726531200,0.2629,0.2769,0.2597,0.2701,6323198.52
1726617600,0.2696,0.2844,0.2546,0.2837,11481943
1726704000,0.2839,0.2889,0.2774,0.2789,13096605.22
1726790400,0.279,0.31,0.2734,0.3065,15001514.61
1726876800,0.3064,0.3079,0.2917,0.2982,8603915.3
1726963200,0.2979,0.307,0.2865,0.2963,7181287.87
1727049600,0.2964,0.3058,0.2867,0.2963,7911902.41
1727136000,0.2966,0.3114,0.2908,0.3062,8042444.09
1727222400,0.306,0.3136,0.2993,0.3027,7175392.57
1727308800,0.3027,0.3121,0.29,0.2999,16038285.52
1727395200,0.3003,0.3204,0.2976,0.3186,8526798.88
1727481600,0.3185,0.3217,0.2994,0.3062,4273188.02
1727568000,0.3058,0.3079,0.2959,0.2999,3756404.79
1727654400,0.3001,0.304,0.271,0.277,14723917.31
1727740800,0.2769,0.2869,0.2514,0.259,9783992.05
1727827200,0.2586,0.2666,0.246,0.2538,6826964.93
1727913600,0.2537,0.261,0.2466,0.2595,7824076.81
1728000000,0.2594,0.2653,0.2529,0.2589,7939363.39
1728086400,0.2587,0.26,0.2506,0.2537,2777807.52
1728172800,0.2532,0.2625,0.2513,0.26,3869791.39
1728259200,0.26,0.2675,0.2544,0.2556,6320307.63
1728345600,0.2558,0.26,0.2488,0.2528,4696416.96
1728432000,0.2529,0.2606,0.2442,0.2575,7417514.42
1728518400,0.2574,0.266,0.2509,0.2582,5125537.95
1728604800,0.2582,0.2656,0.2549,0.2587,4685137.25
1728691200,0.2586,0.2636,0.2564,0.2603,5327292.03
1728777600,0.2602,0.2607,0.2517,0.2568,2177313
1728864000,0.2572,0.2695,0.2544,0.2686,3771764.6
1728950400,0.2687,0.2737,0.2568,0.2624,5782025.79
1729036800,0.2625,0.2652,0.2568,0.2574,3122504.66
1729123200,0.2574,0.2746,0.2501,0.2593,4914617.7
1729209600,0.2593,0.2673,0.2579,0.2653,3325379.57
1729296000,0.2652,0.2729,0.2639,0.268,4550483.68
1729382400,0.268,0.2849,0.2648,0.2758,7477338.9
1729468800,0.276,0.2769,0.263,0.2634,4040731.28
1729555200,0.2636,0.2646,0.2553,0.2592,2791352.96
1729641600,0.2596,0.2596,0.245,0.2533,3679817.53
1729728000,0.2534,0.2573,0.2476,0.25,4485163.11
1729814400,0.2502,0.2528,0.225,0.2358,5050467.15
1729900800,0.2352,0.2415,0.2317,0.2401,2885770.25
1729987200,0.24,0.2445,0.2383,0.243,1912133.65
1730073600,0.2425,0.2475,0.2342,0.2442,2610752.82
1730160000,0.2439,0.2649,0.243,0.2596,13617066.61
1730246400,0.2598,0.269,0.2532,0.2595,5897416.78
1730332800,0.2593,0.2595,0.2419,0.2525,3909657.78
1730419200,0.2523,0.2589,0.2443,0.2483,3317261.07
1730505600,0.2483,0.2493,0.2349,0.2379,2073591.35
1730592000,0.238,0.2382,0.2219,0.2301,6287318.67
1730678400,0.2302,0.2379,0.2183,0.2242,5218654.26
1730764800,0.2248,0.2432,0.2234,0.2369,4440289.36
1730851200,0.237,0.2608,0.2362,0.2589,8291169.4
1730937600,0.2589,0.2692,0.2562,0.262,7236859.58
1731024000,0.2627,0.2709,0.2583,0.2709,5848902.93
1731110400,0.2705,0.2821,0.2636,0.2766,5386098.62
1731196800,0.2772,0.2934,0.2717,0.2845,8345857.39
1731283200,0.2849,0.296,0.2748,0.2949,7140945.7
1731369600,0.2948,0.295,0.2612,0.2779,9199761.66
1731456000,0.2771,0.3262,0.2556,0.3152,29770136.56
1731542400,0.3143,0.3143,0.2842,0.2896,11748376.28
1731628800,0.2895,0.2975,0.2763,0.2902,14897011.16
1731715200,0.2896,0.3768,0.2876,0.3364,29019999.64
1731801600,0.3347,0.347,0.3144,0.3204,12787402.17
1731888000,0.3195,0.3968,0.3173,0.3754,28951111.94
1731974400,0.3752,0.44,0.3697,0.4086,41388582.51
1732060800,0.4079,0.4082,0.3602,0.3747,20000023.4
1732147200,0.374,0.4231,0.3554,0.4057,20663197.83
1732233600,0.4058,0.4761,0.3946,0.4725,26399250.82
1732320000,0.4732,0.5427,0.4544,0.496,30920044.8
1732406400,0.494,0.534,0.4662,0.5075,25361211.34
1732492800,0.5085,0.5769,0.4805,0.5174,29495710.96
1732579200,0.5173,0.5319,0.4666,0.4824,16200742.92
1732665600,0.4818,0.5236,0.4688,0.5089,16277359.86
1732752000,0.5096,0.5149,0.475,0.4962,7143914.15
1732838400,0.4959,0.5481,0.4866,0.5407,12556455.91
1732924800,0.5414,0.6995,0.5347,0.6814,29496296.3
1733011200,0.6809,0.7377,0.6339,0.6707,25342685.92
1733097600,0.6715,0.799,0.6695,0.7315,33343665.96
1733184000,0.7315,0.9749,0.7242,0.8779,49464004.19
1733270400,0.8782,1.2688,0.8654,1.0931,49780446.72
1733356800,1.0939,1.1999,0.9894,1.0579,37492182.19
1733443200,1.0576,1.3052,1.0486,1.2507,38910419.13
1733529600,1.2508,1.3384,1.1595,1.1756,21055469.34
1733616000,1.1755,1.2489,1.1463,1.2042,12548441.29
1733702400,1.2037,1.21,0.8751,1.0631,27948432.12
1733788800,1.0614,1.2179,0.9835,1.0714,40427238.58
1733875200,1.0704,1.15,0.958,1.1334,23427200.01
1733961600,1.1328,1.2096,1.0789,1.1947,21625610.57
1734048000,1.1945,1.2488,1.1175,1.1389,17889989.21
1734134400,1.1386,1.2998,1.111,1.1431,22606687.03
1734220800,1.1431,1.1941,1.057,1.1297,12551454.99
1734307200,1.1298,1.174,1.0481,1.0717,16944052.48
1734393600,1.0715,1.1595,1.0455,1.1042,13279631.84
1734480000,1.1043,1.121,0.93,0.9523,14356451.21
1734566400,0.9523,0.9754,0.8041,0.8402,29179331.85
1734652800,0.841,0.8666,0.6868,0.834,34300520.86
1734739200,0.8337,1.0056,0.7792,0.7907,23837831.51
1734825600,0.7906,0.864,0.7609,0.8192,16876597.65
1734912000,0.8189,0.994,0.7905,0.9517,28727963.49
1734998400,0.9518,1.0618,0.9049,1.0144,20745261.38
1735084800,1.0131,1.0658,1.0023,1.0215,10986885.98
1735171200,1.0211,1.028,0.894,0.9485,18400409.67
1735257600,0.9485,1.0113,0.8943,0.8997,19794043.57
1735344000,0.8995,1.0489,0.8826,1.0188,16746507.8
1735430400,1.018,1.0297,0.9267,0.9474,12776466.22
1735516800,0.9475,0.9965,0.8932,0.9284,20832129.32
1735603200,0.9284,0.9504,0.8833,0.8924,11886626.23
1735689600,0.8918,0.9826,0.8646,0.9562,14411216.8
1735776000,0.9562,1.0419,0.9549,1.0077,15998995.61
1735862400,1.0074,1.112,0.9727,1.0855,14246281.29
1735948800,1.0854,1.1074,1.045,1.0474,8107531.97
1736035200,1.0476,1.0534,1.0162,1.0271,6215131.99
1736121600,1.0275,1.0585,0.976,0.9974,11234098.61
1736208000,0.9973,1.03,0.8899,0.8912,11468584.73
1736294400,0.8916,0.938,0.7837,0.8586,19236841.74
1736380800,0.8584,0.8863,0.7844,0.8088,17025460.11
1736467200,0.809,0.8651,0.7974,0.8254,11482967.47
1736553600,0.826,0.8687,0.7944,0.8466,8067941.57
1736640000,0.8465,0.8506,0.8044,0.8187,6352207.11
1736726400,0.8194,0.8493,0.7257,0.8116,22096129.81
1736812800,0.8113,0.872,0.8045,0.8645,13946535.72
1736899200,0.8646,0.9648,0.8358,0.9615,20598396.55
1736985600,0.9617,0.9814,0.9154,0.9316,21917900.5
1737072000,0.9317,1.06,0.93,1.044,22931180.21
1737158400,1.0441,1.0632,0.8884,0.9179,19510287.26
1737244800,0.9181,0.9764,0.7904,0.8138,40042769.01
1737331200,0.8138,0.9496,0.7848,0.8509,26815274.95
1737417600,0.85,0.8881,0.8146,0.8573,17479800.13
1737504000,0.8571,0.8668,0.7798,0.787,10178872
1737590400,0.7868,0.8123,0.7461,0.7935,23632528.82
1737676800,0.7942,0.8651,0.756,0.7949,15915546.7
1737763200,0.795,0.8356,0.7693,0.7969,14120519.65
1737849600,0.797,0.8309,0.7622,0.7679,10245181.53
1737936000,0.7676,0.7733,0.6715,0.74,27275761.55
1738022400,0.7402,0.7531,0.6675,0.6756,17302286.03
1738108800,0.6754,0.7459,0.667,0.7006,24571573.11
1738195200,0.7007,0.8101,0.6938,0.7854,19914742.09
1738281600,0.7854,0.8324,0.7624,0.7811,20528952.65
1738368000,0.7811,0.7884,0.6768,0.6861,22129572.92
1738454400,0.686,0.7084,0.5121,0.5554,35301510.45
1738540800,0.5558,0.61,0.41,0.5779,51942117.43
1738627200,0.5779,0.581,0.4983,0.524,39811226.66
1738713600,0.5242,0.5429,0.5069,0.5134,17691897.08
1738800000,0.5132,0.5313,0.4642,0.4704,16469544.46
1738886400,0.4705,0.5286,0.4532,0.4776,21687011.18
1738972800,0.4775,0.5202,0.473,0.5104,15853351.56
1739059200,0.5105,0.5319,0.4907,0.5261,16633362.13
1739145600,0.5261,0.5708,0.4989,0.5333,21681716.76
1739232000,0.5338,0.6069,0.5251,0.5321,26684562.74
1739318400,0.5319,0.5831,0.4958,0.5561,21435457.23
1739404800,0.5562,0.5662,0.5028,0.5297,17126765.65
1739491200,0.53,0.5538,0.5164,0.5282,17931992.36
1739577600,0.5279,0.5394,0.5055,0.5115,7956363
1739664000,0.5116,0.5189,0.4948,0.5099,6287030.01
1739750400,0.5098,0.5451,0.5032,0.5167,13812512.81
1739836800,0.5168,0.5195,0.4678,0.4961,18354887.19
1739923200,0.4955,0.5216,0.4903,0.5156,6904133.03
1740009600,0.5157,0.5344,0.5099,0.5319,8413465.38
1740096000,0.5319,0.55,0.4856,0.4981,12172157.52
1740182400,0.4982,0.512,0.4941,0.504,5305324.28
1740268800,0.5041,0.5294,0.4999,0.5091,6191612.09
1740355200,0.5094,0.5182,0.4207,0.4353,15370437.09
1740441600,0.4351,0.4704,0.403,0.4547,14978201.09
1740528000,0.4544,0.4768,0.4452,0.4618,15175100.53
1740614400,0.4619,0.4733,0.4429,0.4532,10965844.37
1740700800,0.4535,0.4623,0.4167,0.4499,19547690.41
1740787200,0.4501,0.4557,0.4209,0.436,9664245.78
1740873600,0.4361,0.5463,0.4205,0.5004,31764139.34
1740960000,0.5004,0.5053,0.4042,0.413,25179785.89
1741046400,0.4129,0.4263,0.3684,0.4181,31099553.57
1741132800,0.4179,0.4508,0.415,0.4373,12114775.12
1741219200,0.4366,0.4518,0.4165,0.4197,11359664.81
1741305600,0.4198,0.4564,0.4013,0.4285,13423789.03
1741392000,0.4283,0.4373,0.4057,0.427,22126576.55
1741478400,0.4269,0.4332,0.3748,0.3766,22621158.2
1741564800,0.3768,0.3962,0.3503,0.3656,37805278.1
1741651200,0.3659,0.4157,0.3469,0.4014,24658551.77
1741737600,0.4015,0.4322,0.3908,0.4063,21119043.74
1741824000,0.4063,0.4179,0.3775,0.3939,12399744.04
1741910400,0.3941,0.418,0.3918,0.4098,10522068.36
1741996800,0.4099,0.4232,0.4071,0.419,8446462.86
1742083200,0.4194,0.4405,0.4033,0.4118,11768651.16
1742169600,0.4115,0.449,0.4112,0.433,12472876.78
1742256000,0.4332,0.4533,0.4238,0.45,10720680.14
1742342400,0.45,0.489,0.4391,0.4682,18672571.07
1742428800,0.4684,0.4723,0.4349,0.4401,15789740.75
1742515200,0.4399,0.4453,0.4304,0.4397,10317541.99
1742601600,0.4389,0.4996,0.4369,0.4914,18314882.32
1742688000,0.4918,0.5193,0.48,0.5034,19534499.76
1742774400,0.5037,0.5298,0.4917,0.5093,18324564.64
1742860800,0.5093,0.5943,0.4919,0.5019,12684477.22
1742947200,0.5023,0.598,0.4998,0.5491,24235849.86
1743033600,0.5493,0.608,0.5467,0.58,24972689.76
1743120000,0.5802,0.5963,0.4867,0.5038,26842907
1743206400,0.5037,0.5215,0.4702,0.4892,20009941.59
1743292800,0.4888,0.524,0.4636,0.4683,15498882.2
1743379200,0.4684,0.5057,0.4468,0.5024,22643069.2
1743465600,0.5019,0.5775,0.4995,0.539,21212744.56
1743552000,0.539,0.56,0.4812,0.4907,38410300.64
1743638400,0.4904,0.539,0.4846,0.5205,40227521.38
1743724800,0.5206,0.548,0.4895,0.5008,44191691.4
1743811200,0.5009,0.5072,0.4702,0.4955,19839177.49
1743897600,0.4956,0.4957,0.4135,0.4213,48896902.65
1743984000,0.4214,0.486,0.3955,0.4591,47460041.02
1744070400,0.4591,0.4886,0.4444,0.4536,33840475.65
1744156800,0.4533,0.5393,0.4341,0.5213,59394560.42
1744243200,0.5212,0.58,0.496,0.5598,45489847.63
1744329600,0.5592,0.6349,0.5547,0.6064,47826835.48
1744416000,0.6063,0.6545,0.5919,0.6244,33066187.64
1744502400,0.6245,0.6403,0.5818,0.5995,22118052.28
1744588800,0.5996,0.6263,0.5853,0.5866,27516615.75
1744675200,0.5865,0.6106,0.5685,0.5845,29285818.32
1744761600,0.5843,0.666,0.5775,0.631,41266066.84
1744848000,0.6309,0.6402,0.5949,0.6019,23425315.42
1744934400,0.6017,0.608,0.5782,0.5962,16434340.53
1745020800,0.5959,0.627,0.5947,0.6123,17881194.06
1745107200,0.6121,0.6206,0.5894,0.6,13182092.19
1745193600,0.6,0.639,0.5783,0.5893,24302604.41
1745280000,0.5884,0.6999,0.5855,0.6874,37329724.21
1745366400,0.6878,0.7061,0.6433,0.6545,24828344.01
1745452800,0.6545,0.7077,0.6473,0.68,23071524.82
1745539200,0.6802,0.7081,0.6625,0.6763,21888739.8
1745625600,0.6764,0.7091,0.6547,0.6695,20423341.74
1745712000,0.6696,0.693,0.6418,0.6548,12105836.97
1745798400,0.6549,0.6826,0.6235,0.6478,20837010.61
1745884800,0.648,0.6774,0.6391,0.6469,11732549.07
1745971200,0.6469,0.7324,0.6439,0.7131,30754731.78
1746057600,0.7132,0.754,0.6998,0.7083,22768280.39
1746144000,0.7083,0.7476,0.7073,0.7341,13731304.81
1746230400,0.7338,0.7379,0.7006,0.7019,9128660.97
1746316800,0.7019,0.7077,0.6819,0.6897,10486842.31
1746403200,0.6894,0.7213,0.6633,0.6901,13902324.8
1746489600,0.6903,0.6999,0.6369,0.6756,22053444.8
1746576000,0.6757,0.7022,0.6508,0.6662,12703537.82
1746662400,0.6663,0.7616,0.664,0.761,25523370.44
1746748800,0.7609,0.8048,0.745,0.7651,23490654.93
1746835200,0.765,0.8225,0.7564,0.8188,12751805.1
1746921600,0.8183,0.8294,0.749,0.7819,18818187.44
1747008000,0.7817,0.8264,0.7256,0.753,21171670
1747094400,0.7531,0.791,0.7068,0.7619,21341905.02
1747180800,0.7622,0.782,0.7122,0.7302,13672159.37
1747267200,0.7306,0.7405,0.6722,0.6976,20590269.82
1747353600,0.6977,0.7284,0.6781,0.6973,14077368.63
1747440000,0.6971,0.7001,0.6663,0.6761,10984789.54
1747526400,0.6763,0.7196,0.6487,0.6983,14849628.46
1747612800,0.6983,0.7062,0.6366,0.671,15170515.56
1747699200,0.6709,0.7525,0.6696,0.708,27953541.7
1747785600,0.7079,0.7627,0.7069,0.7434,27230060.6
1747872000,0.7435,0.83,0.7415,0.824,26564712.62
1747958400,0.8242,0.86,0.7697,0.7817,27443040.23
1748044800,0.7815,0.7986,0.76,0.7675,9944863.67
1748131200,0.7675,0.774,0.7281,0.762,12370863.03
1748217600,0.7621,0.7889,0.7456,0.7588,9880905.64
1748304000,0.7587,0.8078,0.7372,0.7595,12002900.4
1748390400,0.7594,0.7767,0.7338,0.7631,7679490.77
1748476800,0.7632,0.8036,0.7328,0.7419,15044087.04
1748563200,0.7419,0.7541,0.6584,0.6632,16375743.69
1748649600,0.6628,0.676,0.6393,0.6655,8587240.6
1748736000,0.6656,0.6852,0.6481,0.6804,5721021.94
1748822400,0.6805,0.6946,0.6545,0.688,7797566.78
1748908800,0.6882,0.7103,0.6796,0.6846,8081253.76
1748995200,0.6845,0.6998,0.6284,0.6372,8135104.91
1749081600,0.6373,0.6547,0.6011,0.6109,13074271.04
1749168000,0.6109,0.6508,0.6066,0.6261,8584107.11
1749254400,0.6262,0.6703,0.6247,0.6615,5991799.4
1749340800,0.6616,0.6688,0.6421,0.6456,5173680.97
1749427200,0.6454,0.697,0.6383,0.6947,9380472.68
1749513600,0.6945,0.7556,0.6818,0.7354,14625348.44
1749600000,0.7348,0.7388,0.6616,0.6731,13696416.92
1749686400,0.673,0.6745,0.6217,0.623,11095806.06
1749772800,0.6229,0.6258,0.56,0.6191,26079490.95
1749859200,0.619,0.619,0.5816,0.5947,7175679.19
1749945600,0.5948,0.6006,0.5746,0.5956,6378808.15
1750032000,0.5957,0.6484,0.5881,0.6052,14749653.78
1750118400,0.6052,0.617,0.5564,0.5813,19658131.28
1750204800,0.5814,0.7061,0.5582,0.5975,20220414.47
1750291200,0.5977,0.6085,0.5749,0.5894,8045055.82
1750377600,0.5896,0.5984,0.5439,0.5665,15067852.46
1750464000,0.567,0.5805,0.5267,0.5548,12759647.18
1750550400,0.555,0.5583,0.505,0.5374,21760743.04
1750636800,0.5374,0.5833,0.5059,0.5799,27676999.18
1750723200,0.58,0.5941,0.5631,0.5699,13421436.33
1750809600,0.5699,0.5845,0.5177,0.5234,15046604.38
1750896000,0.5232,0.544,0.4886,0.5047,13108962.88
1750982400,0.5048,0.5218,0.4959,0.5116,7162864.29
1751068800,0.5114,0.5197,0.5029,0.5171,4453399.04
1751155200,0.5172,0.5396,0.5058,0.5331,6439874.46
1751241600,0.5331,0.5362,0.5001,0.5226,12307132.54
1751328000,0.5227,0.5263,0.4958,0.5013,8197755.15
1751414400,0.5012,0.5389,0.4948,0.5272,10772304.75
1751500800,0.5277,0.55,0.5254,0.5327,6699332.38
1751587200,0.533,0.5366,0.4893,0.5057,7809121.8
1751673600,0.5054,0.5069,0.4908,0.4987,4388230.51
1751760000,0.4986,0.5118,0.4903,0.5016,5960204.77
1751846400,0.5012,0.5151,0.4983,0.5111,7339338
1751932800,0.5112,0.5242,0.5012,0.5156,8223393.46
1752019200,0.5157,0.5657,0.5134,0.5575,15974956.12
1752105600,0.5576,0.6085,0.5545,0.5997,13171393.65
1752192000,0.6,0.661,0.5913,0.6308,20516156.17
1752278400,0.6307,0.6421,0.6031,0.6162,12640761.81
1752364800,0.6167,0.697,0.6138,0.6534,20346278.71
1752451200,0.6533,0.73,0.6501,0.7048,24151944.79
1752537600,0.705,0.7674,0.6863,0.7582,28269342.54
1752624000,0.7586,0.9504,0.7478,0.922,33553227.89
1752710400,0.9224,1.0476,0.9032,1.0051,45913123.91
1752796800,1.0046,1.0808,0.906,0.9833,33577620.45
1752883200,0.9832,1.0057,0.919,0.9803,16837272.55
1752969600,0.9802,1.03,0.9531,0.9662,19455404.48
1753056000,0.9663,1.0077,0.9412,0.9558,20680633.34
1753142400,0.9558,0.9968,0.9078,0.994,20003966.95
1753228800,0.9939,1.049,0.9045,0.9402,19116620.93
1753315200,0.9398,1.0346,0.9076,0.9503,22602216.23
1753401600,0.9499,1.0925,0.9359,1.0339,30472920.24
1753488000,1.034,1.1418,1.0117,1.0988,21706079.26
1753574400,1.099,1.1625,1.0129,1.0243,20088999.35
1753660800,1.0246,1.043,0.9637,1.0106,18886090
1753747200,1.0102,1.0452,0.9553,0.9875,14906239.78
1753833600,0.9877,1.0625,0.9494,1.0276,20029674.5
1753920000,1.0275,1.0562,0.9315,0.9372,12477507.71
1754006400,0.9374,0.9616,0.8597,0.8788,13572651.74
1754092800,0.8789,0.9274,0.85,0.8624,10134219.23
1754179200,0.8622,0.9273,0.8465,0.9114,7852392.6
1754265600,0.9116,0.9549,0.8873,0.9348,13422374.54
1754352000,0.9349,0.9391,0.8716,0.9047,13285388.42
1754438400,0.9044,0.9347,0.8808,0.9185,7772672.67
1754524800,0.9185,0.957,0.8833,0.9484,13539061.95
1754611200,0.9485,0.9716,0.9057,0.9513,17896389.42
1754697600,0.9511,1.0152,0.9414,0.9871,13252165.42
1754784000,0.9879,1.0069,0.9451,0.9743,7220821.42
1754870400,0.9743,1.0291,0.8982,0.9183,12177829.88
1754956800,0.9181,0.9975,0.896,0.9788,13201246.49
1755043200,0.9784,1.0623,0.9633,1.0396,13911047.24
1755129600,1.0398,1.0504,0.9001,0.9123,16863116.54
1755216000,0.9123,0.9323,0.8484,0.8691,13029079.61
1755302400,0.869,0.8812,0.8485,0.8667,4169933.84
1755388800,0.8665,0.9086,0.8596,0.8796,7151338.56
1755475200,0.8793,0.92,0.835,0.8732,14398730.26
1755561600,0.8732,0.8864,0.8179,0.8213,13712191.36
1755648000,0.8211,0.9,0.8201,0.8822,12978659.65
1755734400,0.8824,0.8857,0.8504,0.8589,4856558.6
1755820800,0.859,0.9415,0.8251,0.9366,14645232.62
1755907200,0.9361,0.9384,0.8793,0.9012,8713517.98
1755993600,0.9013,0.9402,0.8594,0.9128,15294127.95
1756080000,0.9128,0.918,0.7618,0.7825,19179374.55
1756166400,0.7824,0.82,0.7674,0.8079,11758313.38
1756252800,0.8076,0.838,0.801,0.8087,8292683.92
1756339200,0.8084,0.827,0.7881,0.8052,8232235.38
1756425600,0.8046,0.8118,0.7474,0.7636,14280947.67
1756512000,0.7636,0.783,0.7518,0.7784,2459791.26
1756598400,0.7786,0.7957,0.7568,0.7572,3335402.71
1756684800,0.7571,0.7826,0.718,0.7441,9212510.42
1756771200,0.7448,0.7764,0.7402,0.7669,8806113.38
1756857600,0.7668,0.7968,0.7556,0.79,4786331.37
1756944000,0.7901,0.7965,0.7394,0.7526,5672852.6
1757030400,0.7525,0.7804,0.7298,0.7607,9365944.25
1757116800,0.7609,0.7874,0.7484,0.7601,4011183.1
1757203200,0.7602,0.7783,0.758,0.7686,6350294.48
1757289600,0.7686,0.7987,0.7583,0.786,6494101.08
1757376000,0.7859,0.8179,0.7684,0.7773,7243237.39
1757462400,0.7773,0.8114,0.7697,0.7817,6748899.24
1757548800,0.7816,0.8318,0.7795,0.8296,6454795.45
1757635200,0.8295,0.8431,0.815,0.8427,6171955.29
1757721600,0.843,0.862,0.8192,0.8305,5409316.48
1757808000,0.8305,0.8328,0.7863,0.7925,3885680.15
1757894400,0.7924,0.8042,0.7281,0.7484,10121882.92
1757980800,0.7483,0.7484,0.7151,0.7299,5568150.32
1758067200,0.7299,0.7899,0.718,0.7825,11441366.38
1758153600,0.7826,0.8288,0.7654,0.8185,9189964.36
1758240000,0.8186,0.8291,0.7686,0.7827,5398417.78
1758326400,0.7825,0.8116,0.7672,0.8014,3630852.65
1758412800,0.8015,0.8127,0.7784,0.779,2900827.74
1758499200,0.7786,0.7829,0.6607,0.6986,14120547.48
1758585600,0.6985,0.7019,0.6597,0.6676,10009333.59
1758672000,0.6676,0.7177,0.65,0.695,8931349.17
1758758400,0.695,0.6966,0.6291,0.6366,12972237.74
1758844800,0.6367,0.677,0.6359,0.6634,5005071.79
1758931200,0.6633,0.6771,0.654,0.669,4186432.92
1759017600,0.6691,0.7067,0.6468,0.7048,6090670.22
1759104000,0.7048,0.71,0.6732,0.6829,10311144.23
1759190400,0.6828,0.6933,0.6554,0.6891,6107552.77
1759276800,0.6893,0.737,0.6798,0.7341,9735565.44
1759363200,0.7342,0.7638,0.7184,0.7445,8289377.22
1759449600,0.7448,0.8022,0.734,0.7844,11542475.53
1759536000,0.7846,0.7929,0.7638,0.7781,6146893.25
1759622400,0.7781,0.8053,0.7577,0.7665,5987635.22
1759708800,0.7666,0.8002,0.763,0.7776,6576526.66
1759795200,0.7775,0.807,0.7437,0.7459,14066960.07
1759881600,0.7462,0.7682,0.7225,0.743,8476853.31
1759968000,0.7431,0.7432,0.7032,0.7316,8222554.21
1760054400,0.7317,0.758,0.489,0.5086,31761555.16
1760140800,0.5099,0.547,0.4594,0.4854,23046144.33
1760227200,0.4856,0.5944,0.4739,0.5624,21857645.12
1760313600,0.5623,0.6386,0.5475,0.6334,14844133.61
1760400000,0.6335,0.6363,0.5436,0.5923,22857510.56
1760486400,0.5926,0.639,0.5422,0.5533,16836699.79
1760572800,0.5538,0.5869,0.5286,0.5392,21357197.56
1760659200,0.5391,0.5473,0.4911,0.51,13781438.19
1760745600,0.5101,0.5357,0.5085,0.5281,5870717.2
1760832000,0.5282,0.5688,0.5161,0.5534,6697010.96
1760918400,0.5536,0.58,0.5404,0.5518,10084715.62
1761004800,0.5517,0.5882,0.528,0.5301,10121320.63
1761091200,0.5303,0.5403,0.5004,0.5225,10765932.08
1761177600,0.5223,0.5358,0.5134,0.5266,6954791.48
1761264000,0.5267,0.5508,0.522,0.54,6180858.58
1761350400,0.54,0.5416,0.5239,0.5357,1403335.7
1761436800,0.5356,0.587,0.5255,0.5793,7540114.78
1761523200,0.579,0.5966,0.5512,0.5561,9553773.37
1761609600,0.5557,0.5709,0.5229,0.5291,6421732.91
1761696000,0.529,0.5613,0.5144,0.5398,6738999.26
1761782400,0.5398,0.5517,0.4733,0.4925,11689312.6
1761868800,0.4927,0.5037,0.4596,0.4798,10307004.27
1761955200,0.4797,0.4896,0.4725,0.4788,7081537.02
1762041600,0.4787,0.4868,0.4563,0.4795,6682687.49
1762128000,0.4788,0.4801,0.4061,0.4299,14059430.57
1762214400,0.4298,0.4392,0.3883,0.4229,21512600.92
1762300800,0.423,0.4429,0.4015,0.4369,16643479.13
1762387200,0.4368,0.4389,0.4042,0.4207,9141621.47
1762473600,0.4208,0.5041,0.4207,0.4856,21088601.9
1762560000,0.4855,0.4929,0.4577,0.4799,12900798.14
1762646400,0.4797,0.4889,0.4648,0.4797,4970646.94
1762732800,0.4795,0.5489,0.4759,0.5218,14447999.62
1762819200,0.5226,0.5361,0.4653,0.4682,15262065.16
1762905600,0.4683,0.4898,0.445,0.4507,12004131.81
1762992000,0.4506,0.4812,0.4455,0.4588,12406897.85
1763078400,0.4589,0.4631,0.4214,0.4292,15402762.69
1763164800,0.429,0.4516,0.4281,0.4304,4407131.52
1763251200,0.4307,0.4435,0.4086,0.4203,8972398.89
1763337600,0.4203,0.4395,0.3997,0.4068,7309113.52
1763424000,0.4065,0.4603,0.4006,0.4358,13950372.13
1763510400,0.4357,0.4408,0.4077,0.4295,10382032.51
1763596800,0.4294,0.4514,0.4015,0.4097,14203432.74
1763683200,0.4096,0.4188,0.3652,0.3797,18505133.72
1763769600,0.3795,0.3837,0.3637,0.3708,6466573.63
1763856000,0.3706,0.3974,0.3705,0.3832,10585304.36
1763942400,0.3832,0.4152,0.3787,0.4109,10764667.52
1764028800,0.4106,0.4279,0.4008,0.4164,10416969.58
1764115200,0.4165,0.4465,0.4035,0.4411,8995941
1764201600,0.441,0.4464,0.4285,0.439,3968883.25
1764288000,0.4392,0.4503,0.4269,0.4271,5737539.51
1764374400,0.4272,0.4336,0.4205,0.4213,3345462.27
1764460800,0.4212,0.4299,0.4141,0.4148,3472542.21
1764547200,0.4149,0.4162,0.3747,0.3875,10062342.22
1764633600,0.3875,0.4272,0.3742,0.3875,10054983.66
1764720000,0.3876,0.4247,0.3771,0.421,12204731.68
1764806400,0.4212,0.4317,0.4038,0.4052,10709597.67
1764892800,0.4051,0.4154,0.378,0.3885,5935050.38
1764979200,0.3884,0.3918,0.3802,0.3835,3237183.1
1765065600,0.3835,0.405,0.3711,0.3813,6492402.11
1765152000,0.3812,0.4043,0.3803,0.3929,4608484.3
1765238400,0.393,0.4234,0.3847,0.4116,7359847.17
1765324800,0.4116,0.4303,0.4022,0.4063,4361624.76
1765411200,0.4064,0.4084,0.3801,0.3954,6811355.56
1765497600,0.3952,0.4102,0.3808,0.3949,4394114.93
1765584000,0.3949,0.4081,0.3908,0.3983,4181947.5
1765670400,0.3982,0.3989,0.3706,0.3752,4623524.27
1765756800,0.375,0.3866,0.3506,0.3535,6755188.11
1765843200,0.3535,0.3718,0.35,0.366,13261697.78
1765929600,0.3659,0.3732,0.3469,0.3546,12909688.23
1766016000,0.3546,0.3652,0.331,0.3386,19226107.29
1766102400,0.3386,0.3561,0.3349,0.3506,9379939.45
1766188800,0.3505,0.3574,0.3457,0.356,4988640.49
1766275200,0.3559,0.3577,0.3388,0.3495,4557328.34
1766361600,0.3495,0.384,0.3455,0.3776,11307505.11
1766448000,0.3775,0.3843,0.3613,0.3733,6586468.45
1766534400,0.3733,0.3847,0.362,0.3772,7566247.14
1766620800,0.3771,0.4032,0.375,0.3876,9688680.49
1766707200,0.3876,0.4034,0.3793,0.3809,9480496.81
1766793600,0.3808,0.404,0.3794,0.403,9278768.15
1766880000,0.4031,0.4067,0.3868,0.392,4762259.26
1766966400,0.392,0.4049,0.3814,0.3868,6703410.54
1767052800,0.3868,0.3881,0.3732,0.3769,6125399.52
1767139200,0.3769,0.377,0.3582,0.3589,13026781.25
1767225600,0.359,0.3933,0.3565,0.3932,10384650.84
1767312000,0.3932,0.4132,0.3905,0.4053,10145217.63
1767398400,0.4054,0.4349,0.3961,0.4247,9161123.42
1767484800,0.425,0.4328,0.4169,0.427,6057982.63
1767571200,0.4269,0.4373,0.4179,0.4337,7030454.8
1767657600,0.4342,0.4388,0.4083,0.4271,10011995.5
1767744000,0.4271,0.4275,0.403,0.4215,9378376.4
1767830400,0.4215,0.4308,0.4005,0.407,9306479.16
1767916800,0.4071,0.4224,0.3998,0.4075,7442095.64
1768003200,0.4072,0.4177,0.4034,0.407,2874904.64
1768089600,0.4068,0.409,0.3938,0.4005,3496531.9
1768176000,0.4003,0.4096,0.3865,0.3907,4701837.73
1768262400,0.3904,0.4408,0.3902,0.4342,7912039.08
1768348800,0.4344,0.4395,0.4223,0.4276,7477497.67
1768435200,0.4275,0.4392,0.4106,0.4383,7656688.05
1768521600,0.4388,0.4444,0.4162,0.4263,6198614.86
1768608000,0.4263,0.458,0.4094,0.4171,14461489.16
1768694400,0.417,0.4241,0.4,0.4007,4257216.53
1768780800,0.4004,0.4005,0.3605,0.3864,7512523.88
1768867200,0.3864,0.3916,0.3619,0.3655,10826718.5
1768953600,0.3656,0.3794,0.36,0.3681,7552643.77
1769040000,0.3683,0.3747,0.3528,0.3626,7330395.24
1769126400,0.3624,0.3774,0.3597,0.3614,7040102.27
1769212800,0.3615,0.3648,0.3532,0.3586,4089057.15
1769299200,0.3587,0.3641,0.3334,0.3436,10024023.78
1769385600,0.3439,0.3583,0.3431,0.3546,4741609.91
1769472000,0.3545,0.3552,0.3336,0.3456,8814070.96
1769558400,0.3456,0.3574,0.3412,0.3532,7898413
1769644800,0.3531,0.3538,0.319,0.3294,15422527.08
1769731200,0.3292,0.3303,0.3101,0.3168,12032572.22
1769817600,0.3168,0.3174,0.2601,0.2885,28695186.93
1769904000,0.2886,0.2928,0.2726,0.2792,10684169.54
1769990400,0.2793,0.2917,0.2656,0.2878,15777950.4
1770076800,0.288,0.291,0.2666,0.2761,13695701.67
1770163200,0.276,0.2862,0.2694,0.2745,9212255.48
1770249600,0.2748,0.2759,0.2275,0.2299,23913728.93
1770336000,0.2304,0.2644,0.203,0.2574,25616581.37
1770422400,0.2573,0.2635,0.249,0.2572,9145985.52
1770508800,0.257,0.2597,0.2485,0.2523,5554905.85
1770595200,0.2522,0.2575,0.2431,0.253,4853975.26
1770681600,0.2532,0.2549,0.2278,0.2327,8091762.46
1770768000,0.2328,0.2409,0.2249,0.2316,5836632.61
1770854400,0.2315,0.2465,0.2296,0.2381,3995493.49
1770940800,0.2384,0.2537,0.2326,0.2514,4900773.19
1771027200,0.2515,0.2696,0.2505,0.2659,11563875.95
1771113600,0.2659,0.2713,0.2459,0.25,7472393.75
1771200000,0.2499,0.2596,0.2476,0.2547,6308443.54
1771286400,0.2546,0.2571,0.248,0.2526,4397482.7
1771372800,0.2527,0.258,0.2423,0.2442,6572947.99
1771459200,0.2441,0.2486,0.2334,0.2395,6064157.72
1771545600,0.2395,0.2521,0.2363,0.247,4587630.76
1771632000,0.2469,0.2475,0.2385,0.2387,2365679.26
1771718400,0.2386,0.2395,0.2268,0.2319,3620049.37
1771804800,0.232,0.2327,0.2187,0.2222,7642367.09
1771891200,0.2223,0.227,0.2158,0.2247,6637086.67
1771977600,0.2248,0.2648,0.2243,0.2538,11128073.65
1772064000,0.2538,0.2571,0.2451,0.2501,6690272.53
1772150400,0.2502,0.2574,0.2378,0.242,5199665.64
1772236800,0.2417,0.2553,0.2274,0.2519,9572333.27
1772323200,0.2516,0.2592,0.236,0.2418,6387487.65
1772409600,0.2418,0.262,0.2381,0.2496,6537560.72
1772496000,0.2497,0.2571,0.2432,0.2519,7664055.21
1772582400,0.252,0.2743,0.2501,0.2552,11642896.65
1772668800,0.2551,0.2581,0.2486,0.2504,6125530.98
1772755200,0.2504,0.255,0.2405,0.2438,4297770.2
1772841600,0.2439,0.2446,0.2317,0.2345,4078851
1772928000,0.2344,0.2415,0.2304,0.2327,8180787.58
1773014400,0.2326,0.2489,0.231,0.2421,10308040.91
1773100800,0.2419,0.2548,0.2402,0.2416,7444310.3
1773187200,0.2414,0.2448,0.2328,0.2333,6512417.25
1773273600,0.2334,0.2377,0.2289,0.2356,4343423.72
1773360000,0.2354,0.2498,0.2339,0.2354,7831570.07
1773446400,0.2353,0.2357,0.2254,0.234,3798449.4
1773532800,0.234,0.2482,0.232,0.2435,6016969.36
1773619200,0.2435,0.2578,0.241,0.2548,7297396.29
1773705600,0.2548,0.26,0.2495,0.2504,7554740.29
1773792000,0.2505,0.2547,0.2374,0.2396,7618837.88
1773878400,0.2396,0.2438,0.2295,0.2367,6748811.01
1773964800,0.2366,0.2411,0.2306,0.2355,4105910.4
1774051200,0.2356,0.2367,0.2259,0.2275,2903157.67
1774137600,0.2274,0.2306,0.2137,0.2168,5687437.32
1774224000,0.217,0.2336,0.2117,0.2197,11531622.08
1774310400,0.2199,0.2275,0.2169,0.2264,6998440.56
1774396800,0.2265,0.2418,0.2262,0.2343,9773048.5
1774483200,0.2343,0.2348,0.2165,0.2203,6866431.56
1774569600,0.2203,0.2308,0.2061,0.2075,6666190.9
1774656000,0.2075,0.2184,0.2071,0.2091,4132321.84
1774742400,0.209,0.2129,0.2033,0.2084,4623593.26
1774828800,0.2083,0.222,0.2077,0.2147,5090193.37
1774915200,0.2148,0.2214,0.2096,0.2177,4615389.09
1775001600,0.2177,0.2275,0.2137,0.2176,6626517.74
1775088000,0.2177,0.2203,0.2025,0.2084,6057679.31
1775174400,0.2085,0.2155,0.2075,0.2093,3790188.98
1775260800,0.2094,0.2155,0.2081,0.2146,3892525.06
1775347200,0.2146,0.2149,0.2052,0.2125,5219441.22
1775433600,0.2126,0.2207,0.2055,0.2082,6190444.86
1775520000,0.2083,0.2264,0.2015,0.2246,11314624.16
1775606400,0.2247,0.2316,0.217,0.2171,8888927.18
1775692800,0.217,0.2286,0.2127,0.2204,12855790.76
1775779200,0.2204,0.2244,0.2158,0.2177,6136440.68
1775865600,0.2176,0.2239,0.2155,0.2194,4043177.29
1775952000,0.2195,0.2198,0.2084,0.2091,4418422.16
1776038400,0.209,0.2218,0.208,0.2213,6952820.35
1776124800,0.2214,0.2229,0.211,0.217,7088071.42
1776211200,0.2171,0.2278,0.2152,0.2228,5655803
1776297600,0.2229,0.2354,0.2215,0.2332,11678176.52
1776384000,0.2331,0.2454,0.228,0.2394,10259910.95
1776470400,0.2395,0.2442,0.229,0.2291,7142447.46
1776556800,0.2292,0.2352,0.2201,0.2225,7435133.88
1776643200,0.2225,0.2356,0.2222,0.2317,6076063.8
1776729600,0.2319,0.2371,0.2248,0.2307,4291026.62
1776816000,0.2304,0.2392,0.2269,0.2273,9120108.53
1776902400,0.2274,0.2286,0.2172,0.2222,7814061.23
1776988800,0.2223,0.2283,0.2209,0.2246,4844190.26
1777075200,0.2249,0.2318,0.2225,0.2258,4252376.77
1777161600,0.2255,0.2319,0.2241,0.23,2907120.35
1777248000,0.2301,0.2359,0.2234,0.2324,5682051.94
1777334400,0.2324,0.2331,0.2245,0.2275,4994759.62
1777420800,0.2274,0.2354,0.2183,0.2305,8966238.75
1777507200,0.2304,0.2389,0.227,0.2353,4228153.88
1777593600,0.2354,0.2395,0.2296,0.2306,5965513.98
1777680000,0.2306,0.2392,0.2293,0.237,1460692.69
1777766400,0.2371,0.2374,0.2327,0.2335,1569530.1
1777852800,0.2335,0.244,0.2318,0.2364,6327563.23
1777939200,0.2366,0.2427,0.236,0.2406,5486665.11
1778025600,0.2405,0.2532,0.2392,0.2493,9020310.28
1778112000,0.2495,0.2499,0.237,0.2409,4842815.19
1778198400,0.2417,0.2609,0.2395,0.257,4705507.5
1778284800,0.2561,0.2588,0.2462,0.2499,3221286.89
1778371200,0.2501,0.2661,0.2477,0.2606,5476042.33
1778457600,0.2614,0.2931,0.2534,0.2807,16390561.15
1778544000,0.2808,0.291,0.2701,0.2762,12274403.06
1778630400,0.2761,0.2888,0.2624,0.2662,10246014.5
1778716800,0.2662,0.2831,0.2629,0.2769,7989229.34
1778803200,0.2769,0.2783,0.2494,0.2549,7791134.56
1778889600,0.2548,0.2553,0.2379,0.2414,3464052.72
1778976000,0.2413,0.2415,0.2236,0.2298,2850666.85
1779062400,0.2299,0.2398,0.2276,0.2378,4297002.81
1779148800,0.2375,0.2384,0.2298,0.231,3687841.22
1779235200,0.2311,0.2409,0.2303,0.2364,3577052.47
1779321600,0.2362,0.2442,0.2304,0.2395,3192687.2
1779408000,0.2393,0.2463,0.2262,0.2279,6208010.9
1779494400,0.2273,0.2396,0.2207,0.2343,3690793.28
1779580800,0.2341,0.2348,0.2221,0.2266,3733328.16
1779667200,0.2266,0.2301,0.2215,0.223,2882194.46
1779753600,0.2232,0.2278,0.2155,0.2185,4227934.76
1779840000,0.2188,0.2229,0.2123,0.2148,5624900.6
1779926400,0.215,0.2152,0.2073,0.2121,6161804.55
1780012800,0.2125,0.2158,0.2061,0.2125,6435879.54
1780099200,0.2128,0.2171,0.2122,0.2141,3945513.07
1780185600,0.2142,0.2173,0.2115,0.2158,2177644.25
1780272000,0.2156,0.2175,0.2091,0.216,4441929.56
1780358400,0.2162,0.2162,0.1963,0.2005,7241999.63
1780444800,0.2004,0.211,0.1975,0.2038,6078881.99
1780531200,0.2042,0.2056,0.1877,0.1933,13151130.88
1780617600,0.1931,0.1949,0.172,0.1823,20657048.9
1780704000,0.1826,0.1876,0.17,0.1867,7576844.22
1780790400,0.1871,0.2014,0.1856,0.1967,6211369.52
1780876800,0.1967,0.2029,0.194,0.1986,4874515.83
1780963200,0.1986,0.206,0.1941,0.2012,6277143.45
1781049600,0.2013,0.2225,0.2009,0.2108,11853657.54
1781136000,0.2109,0.259,0.2109,0.2557,31612775.11
1781222400,0.2556,0.2651,0.2349,0.236,14178045.74
1781308800,0.2361,0.246,0.2319,0.2372,6407706.76
1781395200,0.237,0.2387,0.2265,0.2357,4357216.54
1781481600,0.2355,0.2434,0.2347,0.2383,5219997.65
1781568000,0.238,0.2507,0.2343,0.2393,8711904.06
1781654400,0.2392,0.2524,0.224,0.2274,16276266.01
1781740800,0.2275,0.2296,0.2156,0.2247,14794447.2
1781827200,0.2246,0.2254,0.2117,0.2151,5548797.16
1781913600,0.2152,0.2176,0.2082,0.2147,5364079
1782000000,0.2146,0.2167,0.2065,0.2069,3340136.99
1782086400,0.2068,0.2144,0.2056,0.2089,4520122.34
1782172800,0.2088,0.2133,0.1991,0.2043,4835089.71
1782259200,0.2045,0.2052,0.1867,0.1951,8343300.83
1782345600,0.1949,0.1978,0.1814,0.193,10081216.87
1782432000,0.1931,0.1957,0.1864,0.1931,7226766.56
1782518400,0.193,0.1965,0.1896,0.1912,2474500.76
1782604800,0.1913,0.1929,0.1871,0.1891,1978190.92
1782691200,0.1891,0.1957,0.1873,0.1921,2815686.18
1782777600,0.1919,0.1922,0.1838,0.1842,3113475.74
1782864000,0.1844,0.2088,0.1812,0.2051,7626328.44
1782950400,0.2057,0.2128,0.1988,0.205,5107540.52
1783036800,0.2049,0.212,0.2035,0.209,6665514.57
1783123200,0.2089,0.223,0.2035,0.212,6133852.54
1783209600,0.2114,0.215,0.2076,0.215,2048648.42
1783296000,0.2144,0.2181,0.199,0.2156,4980641.46
1783382400,0.2151,0.2187,0.2047,0.2063,2633907.49
1783468800,0.2062,0.2102,0.1979,0.2001,4814661.79
1783555200,0.2001,0.205,0.1988,0.2036,2596147.69
1783641600,0.2032,0.2136,0.2022,0.2053,3394707.19
1783728000,0.2051,0.217,0.2042,0.2085,3259072.31
1783814400,0.2089,0.211,0.2036,0.207,1977372.31
1783900800,0.2085,0.2204,0.1999,0.2139,5557320.97
1783987200,0.2138,0.23,0.2109,0.2231,8841749.52
1784073600,0.2231,0.228,0.2125,0.2152,4318445.48
1784160000,0.2152,0.2237,0.2112,0.2203,4767332.62
1784246400,0.2201,0.2217,0.2079,0.2184,5241505.76
1784332800,0.2184,0.2184,0.2112,0.212,1632917.46
1784419200,0.2119,0.2147,0.209,0.211,1616368.75
1784505600,0.2109,0.22,0.2056,0.2149,3191928.59
1784592000,0.2151,0.2178,0.2126,0.2144,2036026.01
1784678400,0.2142,0.2194,0.2109,0.2121,3543473.28
1784764800,0.2119,0.2132,0.2075,0.2086,2716771.11
1784851200,0.2083,0.2096,0.2006,0.2037,2637460.58
1784937600,0.2036,0.2044,0.2019,0.2028,1812426.19
1785024000,0.2027,0.2105,0.2016,0.21,1966660.68
1785110400,0.21,0.2117,0.2007,0.2079,4441524.38
1785196800,0.208,0.217,0.2068,0.2114,7254741.54
1785283200,0.2116,0.2138,0.2031,0.2091,4811007.61
1785369600,0.2091,0.2154,0.208,0.2119,3071619.86
1785456000,0.2121,0.2146,0.2055,0.2079,2565447.28
1785542400,0.2082,0.2088,0.1988,0.2002,3748071.06
1785628800,0.2003,0.2071,0.1999,0.2028,2045158.74
1785715200,0.2027,0.2068,0.2,0.2056,2440019.55
1785801600,0.2056,0.2074,0.2015,0.205,2417641.65
1785888000,0.205,0.2071,0.2028,0.2052,1400057.63
1785974400,0.2052,0.2213,0.2036,0.2146,6579684.83
1786060800,0.2146,0.2186,0.2098,0.2129,2764037
1786147200,0.213,0.2297,0.212,0.2265,6208484.8
1786233600,0.2265,0.2461,0.2247,0.2366,7331849.43
1786320000,0.2367,0.2665,0.2364,0.263,12610228.8
1786406400,0.2628,0.273,0.2586,0.2699,11789627.78
1786492800,0.2696,0.2862,0.2605,0.2672,13901406.99
1786579200,0.2671,0.2691,0.2475,0.254,12094921.06
1786665600,0.2539,0.2551,0.2378,0.2385,4314271.54
1786752000,0.2385,0.2439,0.2376,0.2418,2766930.38
1786838400,0.2417,0.2596,0.2394,0.2485,5638091.71
1786924800,0.2485,0.2539,0.2405,0.2415,6483617.54
1787011200,0.2415,0.2487,0.2356,0.2413,3853138.47
1787097600,0.2413,0.2637,0.2353,0.2539,8175525.27
1787184000,0.2539,0.2886,0.2538,0.2855,13897959.84
1787270400,0.2854,0.3482,0.2832,0.3436,27614541.23
1787356800,0.3436,0.3538,0.2866,0.3354,19882124.86
1787443200,0.3359,0.346,0.3108,0.3295,11303663.75
1787529600,0.3295,0.3411,0.3198,0.3382,7442047.1
1787616000,0.3387,0.3439,0.3105,0.3144,6866409.54
1787702400,0.3143,0.324,0.3013,0.3173,5798872.11
1787788800,0.3172,0.3377,0.3121,0.3264,8986734.76
1787875200,0.3262,0.3342,0.2978,0.3057,4883741.37
1787961600,0.3058,0.3098,0.3004,0.3042,2224042.06
1788048000,0.3041,0.313,0.2905,0.2954,4194512.21
1788134400,0.2953,0.3406,0.2946,0.3375,10373275.98
1788220800,0.3377,0.3776,0.3377,0.3708,17641958.74
1788307200,0.3709,0.3938,0.3524,0.3633,14022621.09
1788393600,0.3631,0.3822,0.3536,0.3643,8635872.7
1788480000,0.3643,0.382,0.351,0.3515,8628503.27
1788566400,0.3514,0.387,0.3479,0.3784,5180912.65
1788652800,0.3786,0.3915,0.3618,0.3821,5022382.11
1788739200,0.3822,0.4059,0.3647,0.3694,6185241.87
1788825600,0.3694,0.3727,0.3557,0.3631,4694817.42
1788912000,0.3634,0.3672,0.35,0.356,4470508.07
1788998400,0.3561,0.3587,0.3344,0.3363,5551938.18
1789084800,0.3364,0.3589,0.3307,0.3355,3920065.86
1789171200,0.3355,0.3429,0.3304,0.3334,2230529.19
1789257600,0.3334,0.3557,0.33,0.3456,4265626.63
1789344000,0.3456,0.363,0.3437,0.3475,2920533.33
1789430400,0.3469,0.3561,0.3091,0.3198,6731292.65
1789516800,0.3199,0.3218,0.3011,0.3204,5800110
1789603200,0.3199,0.3383,0.3096,0.3283,8560535.2
1789689600,0.3276,0.348,0.3265,0.3449,6657199.8
1789776000,0.3445,0.3496,0.3339,0.3451,5776259.61
1789862400,0.3451,0.3656,0.3262,0.3545,6016794.75
1789948800,0.3543,0.3646,0.3421,0.346,2772898.26
