ts,open,high,low,close,volume
1568678400,93.391,105,93.391,94.337,11351.416
1568764800,94.324,99.501,94.201,97.646,4615.30547939
1568851200,97.642,104,87.816,99.935,17399.47690257
1568937600,100.238,100.792,94.301,96.65,5749.13200096
1569024000,96.455,96.988,92.276,92.817,3196.26562636
1569110400,92.916,94.032,90,90.764,2578.86208987
1569196800,90.805,90.845,86.492,86.545,3017.54062123
1569283200,86.652,88,69.006,72.083,9060.25370333
1569369600,72.252,88.232,68.151,73.423,7964.4775422
1569456000,73.219,73.75,65.111,68.849,5174.58024105
1569542400,68.448,74.5,67.041,71.58,4548.84930241
1569628800,71.635,72.788,70.233,71.539,2486.25225906
1569715200,71.203,72,67.53,69.027,3877.5609919
1569801600,69.046,72.221,66.442,71,2896.16970207
1569888000,71.188,72.883,69.103,70.718,3671.09424584
1569974400,70.691,70.998,69.012,70.969,1455.86696892
1570060800,71.109,71.232,68.006,69.297,2087.6049714
1570147200,69.328,70.573,68.002,69.864,1770.26395461
1570233600,69.846,70.35,68.341,70.214,1541.6269391
1570320000,70.215,71.405,68,69.537,2260.40907233
1570406400,69.156,72.429,68.002,71.007,2564.57264828
1570492800,71.26,104.036,69.902,71.058,23120.58303166
1570579200,70.669,74.752,70.308,73.698,11059.78085042
1570665600,74.373,74.99,70.701,72.603,4254.41959945
1570752000,72.811,73.959,69.5,69.5,3990.7741223
1570838400,69.681,73.871,69.487,70.627,2882.41114892
1570924800,70.611,72.051,70.01,70.279,1725.94009201
1571011200,70.279,71.81,70.004,71.3,2811.95520614
1571097600,71.239,73.251,70.735,71.6,7677.62603212
1571184000,71.406,73,64.963,68.194,11410.09847235
1571270400,67.984,70.595,66.943,69.028,3896.12470077
1571356800,69.028,69.269,66.744,68.099,1686.21544642
1571443200,68,68.806,67.096,67.5,1091.04148178
1571529600,67.492,70.121,67.047,69.252,2226.9664596
1571616000,69.323,69.975,67.767,68.979,2745.62049257
1571702400,68.849,69.776,66.8,67.277,2457.54900726
1571788800,67.303,67.47,60.616,62.573,7013.58661689
1571875200,62.782,63.488,61.138,62.579,3094.9168577
1571961600,62.549,70.5,62.325,70.172,5358.51600853
1572048000,70.679,80,67.541,70.641,9116.55557461
1572134400,70.766,74.475,67.546,72.401,6332.20618835
1572220800,72.405,76.996,71.742,71.941,4389.76066507
1572307200,71.501,76.37,71.223,73.374,2699.47253592
1572393600,73.301,74.988,71.165,72.346,2353.62144863
1572480000,72.314,72.921,70.122,71.379,1717.28154944
1572566400,71.35,72.357,70.135,72.031,1855.58814275
1572652800,72.034,72.649,71.358,72.415,1446.8634701
1572739200,72.471,73,70.657,71.389,1469.38582196
1572825600,71.225,74,70.828,72.703,1837.06996069
1572912000,72.694,75.72,71.345,74.59,3784.45893825
1572998400,74.686,74.899,72.763,74.298,3911.12005602
1573084800,74.227,74.664,71.342,71.99,3146.069216
1573171200,71.833,72.999,68,69.457,3626.61238686
1573257600,69.046,71.53,69.003,69.889,1950.11558798
1573344000,69.832,72.56,69.194,71.5,4913.67895297
1573430400,71.51,72.989,69.355,69.999,5334.47526207
1573516800,69.997,70.73,68.789,70.17,1768.83779246
1573603200,70.054,70.642,69.26,69.53,1732.32616863
1573689600,69.532,69.914,68.165,68.551,1573.73139721
1573776000,68.817,69.59,65.641,67.951,1607.83966998
1573862400,67.95,68.375,67.109,68.056,1386.39968855
1573948800,68.172,68.388,67.248,67.77,1169.16072114
1574035200,67.8,68.074,63,64.215,2441.86704995
1574121600,63.995,65.734,62.903,65.293,2006.26274574
1574208000,65.294,65.664,63.27,63.506,2141.60635265
1574294400,63.507,64.449,58.887,60.309,4734.02961572
1574380800,60.138,61.076,53.124,55.467,9577.57968251
1574467200,55.36,57.407,53.698,54.7,4901.9703368
1574553600,54.919,55.725,50.589,50.758,6530.20220661
1574640000,51.148,53.49,47.513,49.982,7263.7197026
1574726400,49.716,51.818,49.53,50.319,4363.56252883
1574812800,50.487,52.935,48.001,50.431,5213.22206996
1574899200,50.432,54.948,49.387,52.404,5691.68657852
1574985600,53,59.362,52.577,56.979,8434.22148265
1575072000,57.009,58.2,54.478,55.182,3790.19098376
1575158400,55.175,55.175,51.639,53.261,4763.18898592
1575244800,53.308,54.158,51.528,51.834,2818.01533965
1575331200,51.701,52.319,50.639,51.24,2286.64364574
1575417600,51.24,52.999,49.5,50.22,5029.95146443
1575504000,50.249,51.641,47.027,49.984,44968.18331578
1575590400,50,53,49.511,52.696,9077.90342637
1575676800,52.889,56,51.668,52.648,3673.35357788
1575763200,52.576,52.726,51.61,52.014,1944.18505996
1575849600,52.014,53.1,50.388,51.109,6324.87894301
1575936000,51.096,51.742,49.405,50.033,2006.5325203
1576022400,50.115,50.849,49.227,50.066,1361.59418908
1576108800,50.066,50.499,48.57,49.871,2504.1807059
1576195200,49.948,51.309,49.549,50.888,2100.90207559
1576281600,50.888,51.321,49.002,49.594,1328.27387392
1576368000,49.599,51.228,48.891,50.809,1292.67088673
1576454400,50.762,50.816,45,45.953,4780.13582484
1576540800,45.96,46.091,40.752,41.294,6738.61079524
1576627200,41.206,48.59,40.002,44.4,6822.21169286
1576713600,44.502,44.985,42.149,42.995,4640.74136926
1576800000,42.85,43.771,41.948,43.376,3107.78922076
1576886400,43.375,43.477,42.388,42.729,1190.86824946
1576972800,42.741,44.647,42.553,44.361,3239.51586221
1577059200,44.438,44.917,42.454,42.772,3542.81005292
1577145600,42.791,43.143,41.196,41.78,1897.04581904
1577232000,41.623,41.758,40.393,40.842,2051.50398476
1577318400,40.87,41.259,38.194,40.054,7209.79991633
1577404800,39.985,40.362,38.17,39.669,4593.50905773
1577491200,39.632,43.339,39.498,41.777,7066.39518665
1577577600,41.701,46.809,41.196,44.669,11729.18320481
1577664000,44.557,44.922,40.939,41.992,8596.49139038
1577750400,41.93,42.521,40.446,40.918,4764.88578368
1577836800,40.828,42.5,40.544,41.806,2795.72382276
1577923200,41.803,41.803,38.461,39.831,3261.58323526
1578009600,39.943,44.062,39.825,43.704,5208.88486787
1578096000,43.76,47.395,42.667,46.285,5361.81558843
1578182400,46.039,64.49,45.03,51.006,42639.81322942
1578268800,51.052,57.75,50.723,56.793,28718.42259489
1578355200,56.793,57.749,53.182,54.472,16806.11706837
1578441600,54.614,56.933,50.934,52.463,15669.26736603
1578528000,52.178,53.1,49.601,50.621,6469.32498128
1578614400,50.513,57.212,49.7,56.81,11005.20266387
1578700800,56.931,68.315,55.648,63.5,39601.40573527
1578787200,63,67.99,61.364,66.321,18397.5236828
1578873600,66.155,71.548,63.591,69.464,17205.10208728
1578960000,69.707,91.059,69.392,88.944,82586.21991684
1579046400,89.156,144.996,88.46,132.004,184294.55690169
1579132800,132.973,134.25,112.452,127.064,79884.08996162
1579219200,127.003,127.652,108.27,112.737,58396.6953576
1579305600,113.501,116.706,96.104,101.47,51193.99959875
1579392000,101.506,109.456,91.338,105.203,44630.19028112
1579478400,105.101,115.25,100,108.92,44010.35599448
1579564800,108.926,114.199,104.252,110.07,21263.45580904
1579651200,110.007,113.001,106.291,107.439,13862.86190649
1579737600,107.441,107.441,97.645,102.228,20988.95734374
1579824000,102.617,104.002,93.034,100.4,17303.40840197
1579910400,100.25,104,97.091,101.5,9558.91772374
1579996800,101.5,112.931,100.137,111.527,27211.93006472
1580083200,111.101,125,111.101,112.802,47607.08435166
1580169600,112.602,117.326,110.767,116.096,17669.77493639
1580256000,115.667,128.208,114.382,121.141,32171.81576455
1580342400,122.001,125.528,117.221,122.283,23473.78651949
1580428800,122.166,124.5,112.816,116.084,17452.8921467
1580515200,116.084,119.5,114.58,116.268,11783.34145684
1580601600,116.482,117.399,112.114,114.013,14128.54555112
1580688000,114,117.314,113.703,115.042,7956.25428625
1580774400,115.016,116,108.042,110.362,12746.13617755
1580860800,110.363,124.417,109.615,122.996,20936.69671052
1580947200,123,124.1,118.101,120.032,16346.66647883
1581033600,120.032,122.782,117.226,118.568,11860.37764748
1581120000,118.7,131.978,111.991,126.1,46142.10351462
1581206400,126.497,130.797,124.069,128.359,15976.06120288
1581292800,128.358,128.952,123.4,127.681,15248.68417519
1581379200,127.654,133.543,123.786,129.701,22498.7006172
1581465600,130.017,137.909,129.601,133.858,17171.25958146
1581552000,133.598,137.75,126.741,130.885,17309.43871752
1581638400,130.853,134.45,128.185,133.246,9997.78369495
1581724800,133.454,133.713,115.571,120.805,15020.37104781
1581811200,120.8,124.386,99.79,111.39,16488.07410732
1581897600,111.261,116.95,101.608,114.995,15864.90217221
1581984000,115,118,107.056,116.049,13852.38588208
1582070400,115.782,116.091,104,104.575,16940.14706886
1582156800,104.528,107.03,100,105.334,13893.04781469
1582243200,105.031,110.273,103.193,107.807,8926.41161039
1582329600,107.681,110,102.697,104.247,9067.8549449
1582416000,104.203,110.61,103.732,108.312,10438.74152405
1582502400,108.102,109.27,99.541,103.542,8666.99252268
1582588800,103.787,103.791,94.01,95.494,12301.25706492
1582675200,95.386,96.713,80,84.555,27537.23874592
1582761600,84.154,97.52,80.01,89.205,24848.40102123
1582848000,89.562,92.812,83.001,88.462,14457.87011338
1582934400,88.619,90.444,85.171,85.402,6153.91907656
1583020800,85.468,89.745,83.047,84.458,8107.13892725
1583107200,84.21,92.776,83.974,90.403,11414.86937914
1583193600,89.932,90.836,86.923,88.786,5479.63916802
1583280000,88.934,90.097,85.443,86.832,5269.49859912
1583366400,87.164,92.78,87.164,89.999,9571.73888744
1583452800,89.999,94.385,89.084,94,9169.98628236
1583539200,94,94.444,87.358,88.394,6844.70420683
1583625600,88.166,88.166,73.024,73.711,19055.32077533
1583712000,73.7,75.72,67.104,73.768,22645.78025837
1583798400,73.569,76.446,71.403,74.728,10081.22572492
1583884800,74.607,75.211,67.156,72.15,6818.97569256
1583971200,72.15,72.587,42.101,44.686,52759.05994349
1584057600,44.652,54.794,33.55,51.678,68661.79125292
1584144000,51.698,52.779,45.121,46.105,16041.26785221
1584230400,46.002,51.987,45.47,47.706,13636.62462016
1584316800,47.708,47.71,38.078,43.52,22986.8236687
1584403200,42.998,47.184,42.582,45.933,13842.70035313
1584489600,45.995,65.5,45.189,63.127,78731.96428473
1584576000,62.789,71.229,56.603,65.668,79243.09370979
1584662400,65.618,78.088,61.126,71.887,62027.69383992
1584748800,71.731,75.5,67.484,71.586,40832.82841842
1584835200,71.487,73.588,61.053,62.229,30519.01727481
1584921600,62.248,72.258,60.496,71.525,21513.04288365
1585008000,71.662,75,67.901,70.014,24383.36260144
1585094400,69.91,70.65,66.66,68.01,11931.69950135
1585180800,68.251,68.91,66.661,68.569,6740.49381676
1585267200,68.512,73,60,67.791,41342.71826877
1585353600,67.746,67.746,62.121,65.635,14041.89526399
1585440000,65.656,65.935,60.332,60.57,9001.20480074
1585526400,60.571,67.438,60.353,65.876,13225.48748387
1585612800,65.876,66.575,64.169,65.079,5721.15692554
1585699200,65.011,66.847,62.281,65.926,7686.64659885
1585785600,66.1,71.5,64,67.599,12768.24630829
1585872000,67.599,71,66.24,67.339,5901.99480562
1585958400,67.477,69.619,66.933,68.431,5249.24786505
1586044800,68.681,68.867,66.022,66.93,5106.87062295
1586131200,67.11,73.25,66.912,73.25,13080.17953712
1586217600,73.381,76.998,69.973,72.087,20619.54373109
1586304000,72.084,76.795,71.094,75.615,7540.79074409
1586390400,75.714,84.42,74.243,83.057,28661.00099662
1586476800,83.052,83.491,70.06,74.552,21370.74160115
1586563200,74.181,77.842,73.064,74.993,10146.84038511
1586649600,75.212,78.739,73.05,74.201,6863.99786937
1586736000,74.216,74.216,70.21,73.479,8140.19509295
1586822400,73.555,74.787,72.096,72.354,4641.83359044
1586908800,72.185,73.792,69.357,69.768,7058.69371203
1586995200,69.453,77.782,67,76.501,11992.93128487
1587081600,76.965,77.861,74.689,76.571,4896.41772697
1587168000,76.626,80.701,76.417,80.207,10437.7843111
1587254400,80.228,83.726,77.77,80.319,20111.57362956
1587340800,80.419,82.82,73.116,74.103,17953.92979134
1587427200,74.278,76.23,73.026,74.636,8854.55467012
1587513600,74.769,82,74.218,80.848,13937.05671783
1587600000,80.999,85,79.074,81.218,13934.0160417
1587686400,81.461,82.998,80.601,81.347,8074.2572961
1587772800,81.437,88.177,80.5,85.75,11366.71821653
1587859200,85.85,87.703,81.746,84.135,15491.55321175
1587945600,84.248,84.715,80.5,82.989,11151.19535618
1588032000,83.009,83.444,79.803,82.444,9932.21430683
1588118400,82.393,86.5,82.33,85.459,19839.75155845
1588204800,85.431,89.333,80.243,80.835,19147.74713424
1588291200,81.143,83.999,81.143,83.123,6735.95065533
1588377600,82.917,83.832,81.73,83.317,4105.18302762
1588464000,83.407,84.134,79.537,81.133,7519.72880481
1588550400,81.134,81.432,74.949,79.784,10933.97419467
1588636800,79.902,81,78.3,79.438,4439.3865671
1588723200,79.199,81,77.001,77.001,7549.99877029
1588809600,77,80.113,76.54,78.979,10093.39345614
1588896000,78.909,83.267,77.415,81.871,12908.81221283
1588982400,81.787,82.515,79.032,79.632,9674.15020844
1589068800,79.501,79.551,68.045,72.4,20659.0086007
1589155200,72.407,73.732,66.512,69.977,13438.53975315
1589241600,69.789,75.185,69.561,73.322,8799.61028246
1589328000,73.279,75.219,72.334,73.837,7834.09573648
1589414400,73.837,76,73.356,74.707,7061.77782464
1589500800,74.778,75.026,71.764,72.298,6998.01678604
1589587200,72.186,74.413,72.129,73.671,4584.3978448
1589673600,73.574,77,73.4,74.92,9375.75208186
1589760000,74.956,78.445,74.485,76.01,11721.15492432
1589846400,76.01,77.27,74.214,77.138,7908.27564988
1589932800,77.004,78.492,75,78.349,8932.25067649
1590019200,78.209,78.35,70.855,72.814,10447.5901177
1590105600,72.964,75.536,72.321,74.864,8184.24633546
1590192000,75.02,75.76,73.472,73.997,3267.92874412
1590278400,73.891,75.499,71.69,71.74,5129.28639579
1590364800,71.605,73.686,71.227,73.626,6104.90745494
1590451200,73.46,73.788,71.242,72.752,10507.81036399
1590537600,72.752,75,72.412,73.631,9061.62900405
1590624000,73.492,75.295,72.419,75.134,5335.35976258
1590710400,75.112,75.536,73.332,74.235,6918.21561118
1590796800,74.169,79.893,73.588,79.074,12325.48988192
1590883200,79.087,80.707,75.746,76.252,7764.74000939
1590969600,76.198,80.999,75.625,79.891,8257.13146041
1591056000,79.948,82.134,76,78.267,17775.97774631
1591142400,78.077,78.682,76.778,78.23,6807.2501503
1591228800,78.324,79,76.741,78.616,6718.68931526
1591315200,78.553,79.709,77.557,77.878,6390.98152237
1591401600,77.833,79,77,78.376,4446.16930177
1591488000,78.321,78.818,75.773,78.036,3843.38708192
1591574400,78,78.311,77,77.785,4409.92688018
1591660800,77.785,78.1,76.87,77.478,4252.49954364
1591747200,77.571,78.448,77.1,78.3,5197.82157321
1591833600,78.361,78.801,71.83,71.83,9037.00295302
1591920000,71.993,74.787,71.221,73.38,5917.28491094
1592006400,73.31,74.459,72.567,73.96,3740.26751561
1592092800,74.075,74.174,72.06,72.449,4262.59425072
1592179200,72.437,72.61,68.101,71.997,8623.98001283
1592265600,71.984,73.119,71.35,72.563,3517.44963248
1592352000,72.573,73.277,70.957,72.205,4045.17106329
1592438400,72.205,72.483,70.63,71.405,3139.44551944
1592524800,71.38,71.38,69.86,70.05,5092.92379789
1592611200,70.051,71.181,69.224,71.031,3484.50306629
1592697600,70.926,71.2,69.893,70.102,2936.10143081
1592784000,70.102,72.755,70.097,72.371,3416.77839132
1592870400,72.241,77.695,71.352,74.091,7407.72052408
1592956800,74.116,75.46,70.751,72.344,11081.51083892
1593043200,72.231,72.296,70.1,70.994,8697.08658474
1593129600,70.958,71.32,69.64,70.648,3795.40769644
1593216000,70.627,71.08,65,66.776,4974.64973395
1593302400,66.695,68.49,65.828,67.625,3464.81275998
1593388800,67.6,69.197,66.733,68.971,7214.45372255
1593475200,68.977,69.09,67.54,68.044,3562.59561729
1593561600,67.922,69.123,67.325,68.328,3494.83037409
1593648000,68.328,68.551,65.52,66.56,4660.39342384
1593734400,66.532,67,65.956,66.472,5186.3756651
1593820800,66.308,68.201,66.206,67.624,3300.0661818
1593907200,67.745,68.046,66.01,67.355,2588.34655114
1593993600,67.355,70.707,66.993,70.242,7251.03252283
1594080000,70.359,70.885,69.042,69.905,2810.52555495
1594166400,69.938,73.223,69.414,72.796,6989.58673739
1594252800,72.549,74,70.444,71.465,6952.52598871
1594339200,71.634,71.895,70.03,71.831,2696.18771539
1594425600,71.832,72.925,71.289,72.674,4471.3253195
1594512000,72.627,72.99,70.552,72.027,4956.77270299
1594598400,72.093,75.6,70.944,71.659,8695.95007256
1594684800,71.459,72.478,70,71.929,5941.45142677
1594771200,71.942,72.183,70,71.001,5104.13780329
1594857600,71.088,71.329,68.085,69.248,8398.63204258
1594944000,69.215,69.977,68.738,69.563,3698.073858
1595030400,69.545,69.711,68.735,69.27,3455.19263891
1595116800,69.183,73,68.84,70.558,5704.80615769
1595203200,70.558,70.636,68.572,68.849,3915.87348372
1595289600,68.798,71.307,68.788,71.307,5048.28358696
1595376000,71.317,74.001,71.317,73.896,8707.85928175
1595462400,73.825,74.214,72.531,73.56,11785.18245676
1595548800,73.482,73.565,71.435,72.244,5190.03782615
1595635200,72.256,75.368,72.256,74.703,9490.11766141
1595721600,74.829,77.852,74.261,75.391,9250.96785146
1595808000,75.403,79.646,73.299,77.756,22392.03671328
1595894400,77.71,80.98,76.096,80.02,14481.34828822
1595980800,80.104,84.708,78.696,81.494,18132.3174277
1596067200,81.305,82.884,79.444,81.44,8202.5088315
1596153600,81.619,83.773,80.021,82.575,10240.65006574
1596240000,82.574,94.632,81.809,93.252,26999.03577769
1596326400,93.219,95.515,82,85.2,20393.90577789
1596412800,85.129,89.852,83.891,87.744,16672.2366435
1596499200,87.819,89.247,85.37,86.94,9574.92643263
1596585600,86.98,93.652,85.915,92.262,13940.42564998
1596672000,92.312,105.929,90.319,100.524,43852.93175591
1596758400,100.533,107.85,92.267,96.582,36098.75606542
1596844800,96.581,102.387,94.5,98.33,25758.59632228
1596931200,98.338,99,94.789,97.659,19534.8452789
1597017600,97.658,98.397,93.555,95.515,14899.66759691
1597104000,95.642,96.727,85.217,88.587,16625.32612272
1597190400,88.575,92.3,84.413,91.846,29874.16491695
1597276800,91.743,93.314,85.659,92.787,22038.6739321
1597363200,92.798,92.943,89.997,92.319,16034.05953179
1597449600,92.377,95.986,91.286,94.058,16506.65522243
1597536000,94.049,95.535,91.288,95.181,33236.25093203
1597622400,95.19,100.549,92.881,97.81,22248.9919479
1597708800,97.605,98.888,92,92.762,16027.61512924
1597795200,92.984,93.88,86.8,87.837,15322.6890782
1597881600,87.721,91.757,87.251,91.454,12198.66105732
1597968000,91.493,95.973,86.542,86.639,18093.84995207
1598054400,86.639,90.99,85.001,90.847,11435.05825658
1598140800,90.943,93.324,87.73,91.581,9023.87657595
1598227200,91.58,93.39,89.321,91.795,8209.93154277
1598313600,91.721,91.813,82.617,84.567,12309.04141031
1598400000,84.486,87.3,83.661,85.965,7689.79119458
1598486400,85.982,86.577,81.707,83.409,7820.70244251
1598572800,83.3,86.141,82.503,84.906,5712.45006946
1598659200,85,86.756,84.257,85.12,4924.61039262
1598745600,85.03,88.942,84.989,88.335,12809.57500672
1598832000,88.242,88.942,85.799,86.107,6037.6040677
1598918400,86.171,90.744,85.14,89.186,11644.31921653
1599004800,89.101,89.685,80.321,83.384,12124.02943286
1599091200,83.245,83.698,64.351,68,17135.00766332
1599177600,68.255,73.866,66.701,73.352,19603.41773785
1599264000,73.678,74.5,64.643,68.05,12042.60404688
1599350400,68.029,71.664,66.089,70.155,5983.62414412
1599436800,70.203,79.737,65.855,76.249,14074.70853251
1599523200,76.249,78.054,70.1,74.636,15266.17104841
1599609600,74.65,77.398,74.157,75.668,7554.46618769
1599696000,75.675,77.807,75.137,77.035,4884.96433731
1599782400,77.068,77.442,74.37,77.083,3657.89448588
1599868800,77.078,79.96,75.656,79.406,4860.13423301
1599955200,79.199,79.199,73.352,75.433,5954.43589844
1600041600,75.432,76.755,73.635,75.168,3142.41230512
1600128000,75.166,76.049,72.67,72.926,6295.94968561
1600214400,72.908,74.177,71,72.949,3808.22996425
1600300800,72.948,74.667,71.371,73.229,3816.02353015
1600387200,73.229,73.627,70.535,72.07,6941.79425
1600473600,72.09,73.394,71.436,72.747,3638.90928229
1600560000,72.802,72.897,69.425,70.567,4240.12253823
1600646400,70.514,71.542,64.662,66.792,12657.52687436
1600732800,66.668,69.415,66.508,68.149,5507.21755528
1600819200,68.179,68.485,64.283,64.71,5082.5120267
1600905600,64.77,68.419,64.32,67.757,3767.72790803
1600992000,67.746,69.527,66.554,68.581,7882.24384751
1601078400,68.659,69.854,68.433,69.011,4057.86204252
1601164800,69.088,70.105,67.226,68.89,3700.68565461
1601251200,68.903,69.957,67.061,67.34,6194.9397259
1601337600,67.188,68.701,66.698,68.529,5010.72080387
1601424000,68.561,69.115,66.641,69.097,2197.0330468
1601510400,69.098,71,67.122,67.97,9140.26946571
1601596800,67.921,68.762,64,65.874,8313.24345334
1601683200,65.833,66.519,65.284,65.494,2110.17551179
1601769600,65.522,66.775,65.03,66.458,2064.98050376
1601856000,66.603,67.069,65.606,67.069,2838.94723397
1601942400,67.079,69.093,64.592,65.274,11304.23801926
1602028800,65.081,66.282,64.001,65.882,2745.6518539
1602115200,65.78,67.25,64.446,66.509,3026.36566616
1602201600,66.39,67.901,65.837,67.247,2866.27285826
1602288000,67.466,69.311,67.358,67.928,5716.68366992
1602374400,68.059,72.527,67.846,71.725,5232.18486315
1602460800,71.761,76.5,70.3,71.709,15313.67914254
1602547200,71.67,73.481,70.44,71.252,2994.91939934
1602633600,71.205,72.082,69.029,70.106,2730.97744954
1602720000,69.97,70.5,68.183,69.303,3361.47425405
1602806400,69.303,69.992,65.499,66.087,7327.57907197
1602892800,65.96,67.412,65.394,67.33,3215.97749934
1602979200,67.302,67.604,66.602,67.424,2288.20310805
1603065600,67.425,82.3,65.876,74.871,24405.9938568
1603152000,75.016,77.055,70.497,70.889,13744.84500595
1603238400,70.74,77.139,70.401,74.775,11920.79796988
1603324800,75.014,78,74.207,74.774,7382.5866731
1603411200,74.699,75.501,70.875,72.299,7671.42604805
1603497600,72.299,73.786,71.585,73.467,6971.48996664
1603584000,73.43,73.791,70.501,70.917,4993.93008105
1603670400,70.722,72.48,68.57,69.334,5852.38146261
1603756800,69.251,72.208,69.07,70.631,6172.83910961
1603843200,70.55,71.274,66.677,68.028,7887.5770993
1603929600,68.078,68.673,65.706,66.949,3970.12535031
1604016000,66.887,72.645,64.001,69.754,14463.29718063
1604102400,69.754,72.924,68.694,70.219,7125.52567333
1604188800,70.08,70.6,68.266,68.835,3031.23771492
1604275200,68.809,69.641,64.879,64.92,4996.00965317
1604361600,64.953,65.502,63.23,64.274,6062.93523991
1604448000,64.177,65.319,62.293,64.777,4857.3092797
1604534400,64.778,70.218,63.666,67.92,11983.55578576
1604620800,67.896,70.935,67.548,70.248,10007.75704082
1604707200,70.197,72.315,64.734,66.637,16895.30882889
1604793600,66.636,69.258,65.84,68.019,8066.3558936
1604880000,68.034,69.053,66.45,68.035,6930.39233614
1604966400,67.998,69.729,67.185,68.913,6023.50874971
1605052800,68.84,71.533,68.728,69.446,7796.64984645
1605139200,69.363,105,68.222,78.017,154488.09728707
1605225600,77.991,79.868,75.681,78.122,35813.39301973
1605312000,78.123,80,74.635,77.432,19499.56129411
1605398400,77.452,77.807,73.623,75.131,12836.74164553
1605484800,75.107,82.933,74.693,80.831,27647.11701174
1605571200,80.748,84,80.272,83.264,21663.03524706
1605657600,83.245,83.819,76.607,80.075,16202.51225899
1605744000,80.306,84.913,77.88,82.303,18584.19792362
1605830400,82.369,85.127,82.023,83.325,15768.8052378
1605916800,83.325,96.69,83.236,94.998,30307.72985581
1606003200,94.92,95.625,85.661,90.526,23735.18804971
1606089600,90.821,95.533,89.392,94.353,24885.81759376
1606176000,94.365,123.875,92.751,114.456,110413.24117468
1606262400,114.456,116.384,98.055,102.2,42262.2074725
1606348800,102.19,104.207,85.008,92.067,50629.26119354
1606435200,92.146,95.901,87,92.236,20450.98141827
1606521600,92.236,114.915,90.98,109.2,49916.80066196
1606608000,109.209,115.178,104.132,108.184,60027.0508854
1606694400,108.366,118.226,106.892,112.714,34190.51003233
1606780800,112.52,115.968,101.457,103.69,28098.12179657
1606867200,103.783,107.85,100.658,105.25,18079.12664299
1606953600,105.533,108.58,103.92,107.391,12231.38390352
1607040000,107.565,110.973,97.322,98.6,19512.6909111
1607126400,98.6,103.65,96.637,103.025,11583.51048454
1607212800,103.212,104.709,99.213,102.074,7915.96946858
1607299200,102.077,104.475,100.378,101.498,7746.98780032
1607385600,101.564,101.815,93.423,94.913,11447.754711
1607472000,94.883,96.238,88.634,95.791,13649.97713473
1607558400,95.821,96.142,90.808,92.779,6104.61166533
1607644800,92.951,95.15,87.75,93.098,11959.59246798
1607731200,93.343,97.426,92.91,94.823,8902.45354352
1607817600,94.971,99.816,93.752,97.55,9829.77732779
1607904000,97.162,97.699,94.275,96.82,6575.13914801
1607990400,96.86,97.843,94.18,97.019,7583.96959803
1608076800,97.019,105.62,94.648,105.6,14401.79884984
1608163200,105.592,115.88,101.28,108.251,28266.65843596
1608249600,108.424,113.944,103.905,108.201,15664.25259318
1608336000,108.2,112.824,105.708,108.318,15853.83808766
1608422400,108.31,114.586,104.4,109.333,22694.57035639
1608508800,109.105,120.435,101.979,103.983,33456.12968755
1608595200,103.91,106.619,96.167,105.811,18482.82764212
1608681600,106.003,106.327,86.787,91.297,38194.32229774
1608768000,91.065,99.761,87.18,98.592,20660.80807841
1608854400,98.578,105.194,95.801,103.016,21398.95780315
1608940800,103.144,112.53,102.123,107.689,26308.46216062
1609027200,107.723,114.173,100.885,107.278,36728.95450908
1609113600,107.278,110.844,104.106,106.96,23186.27141177
1609200000,106.95,108.616,99.054,103.88,28353.83328679
1609286400,103.927,105.742,99,101.755,22058.54273682
1609372800,101.88,102.412,96.883,99.759,21718.81788937
1609459200,99.905,102.999,86.023,88.401,105354.84169236
1609545600,88.29,93.99,85,87.115,113528.14034715
1609632000,87.067,92.309,85.219,89.832,74009.89203498
1609718400,89.892,97.516,83.821,89,86944.935031
1609804800,89,90.45,85.702,89.411,45203.40463094
1609891200,89.438,95.858,88.122,94.484,88805.9613417
1609977600,94.5,109,92.049,99.096,125161.02067034
1610064000,99.212,100.857,91.18,96.365,64349.25101808
1610150400,96.359,111.651,94.076,110.272,62937.84915796
1610236800,110.518,194.124,110.377,146.8,356776.19325425
1610323200,146.8,148.558,103.803,125.413,180689.2075017
1610409600,125.201,135.8,116.06,128.45,89922.66413253
1610496000,128.281,137.382,119.901,133.175,60809.01411898
1610582400,133.194,137.2,129.208,132.738,55041.55038674
1610668800,132.75,135.99,117,124.34,43805.71868833
1610755200,124.511,132.727,121.5,124.746,33752.96879889
1610841600,124.7,127.071,120.108,124.355,25908.50134593
1610928000,124.356,132.4,121.001,129.288,33575.90920525
1611014400,129.595,134.613,123.268,124.635,36330.39853558
1611100800,124.596,127.192,111.708,121.5,48895.90231614
1611187200,121.434,121.997,99.011,99.621,65655.0689306
1611273600,99.485,108.7,93,104.78,118473.1379836
1611360000,104.933,109.908,102.078,105.395,45180.26495965
1611446400,105.244,111,103.413,106.314,40756.0120492
1611532800,106.343,113.326,104.69,104.69,56007.64074178
1611619200,104.596,106.226,100.356,105,32781.44621444
1611705600,105,105,94.225,96.571,38837.35532004
1611792000,96.733,105.872,95.05,103.073,46759.7651606
1611878400,103.076,110.409,101.149,104.596,58527.11723098
1611964800,104.611,106.247,100.497,105.351,27845.44934868
1612051200,105.367,106.463,100.231,102.473,25834.83603303
1612137600,102.459,105.704,100.236,103.637,33145.14005392
1612224000,103.638,111.46,103.197,110.065,49953.0244361
1612310400,110.226,118.76,110.086,116.981,79253.18099301
1612396800,117.007,118.717,110.282,111.207,62422.55939595
1612483200,111.1,122.674,110.527,120.351,93587.78018865
1612569600,120.494,123.351,115.198,119.13,59313.75049571
1612656000,119.254,122.27,112.5,118.637,39647.95626845
1612742400,118.637,126.746,115,126.392,51621.24588122
1612828800,126.6,138.25,124.195,137.572,76636.42976873
1612915200,137.596,149,128.851,139.695,99816.59302752
1613001600,139.931,168.27,138.122,165.179,129894.52275661
1613088000,164.751,173.814,155.955,170.193,107686.1125352
1613174400,170.327,319.399,170.103,267.753,569776.8102251
1613260800,267.761,279.999,222.372,230.864,216578.67575371
1613347200,230.729,292.57,194.001,260.654,307088.97409988
1613433600,260.251,272.765,243,249.412,112447.31595804
1613520000,249.71,271.177,235,265.919,82269.49113829
1613606400,266.34,304.048,258.34,281.173,139890.2375733
1613692800,281.515,336.76,267.836,324.347,216559.55291033
1613779200,324.177,332.54,269,298.125,119477.99010671
1613865600,298.283,317.24,290.2,301.912,59898.60939369
1613952000,302,303.308,219.276,271.834,119490.65612372
1614038400,271.866,272.718,202,231.406,135731.00472889
1614124800,231.346,263.9,218.048,237.452,76693.82691296
1614211200,237.353,248.89,216.738,217.847,47125.08528402
1614297600,217.88,224,202,206.931,43916.88847596
1614384000,207.144,224,205.459,210.998,29268.27094101
1614470400,210.9,212.549,181.408,197.079,49641.97312743
1614556800,197.201,225,196.315,225,41936.39671181
1614643200,224.764,230.547,209.378,216.088,35587.70405094
1614729600,216.116,235.817,214.201,222.448,33538.49878932
1614816000,222.572,230,206.132,211.283,27950.77461458
1614902400,211.129,211.569,196.216,205.524,26556.28641297
1614988800,205.938,210.707,200.453,208.933,15620.63723276
1615075200,208.598,214.999,206.518,214.908,19552.77415124
1615161600,214.76,218.997,206.772,218.336,24236.61099687
1615248000,218.338,245.999,214.701,244.216,55223.10397111
1615334400,244.527,250.182,225.847,234.449,50899.40662112
1615420800,234.622,244.029,225.3,235.49,28910.25630279
1615507200,235.31,239.421,215,224.901,29765.50467292
1615593600,224.8,245.032,217.134,243.273,35886.537737
1615680000,243.42,249.969,231.002,231.185,30457.86343806
1615766400,231.459,240.247,218.235,221.484,37698.0527336
1615852800,221.329,224.808,210.382,223.775,23871.67722385
1615939200,223.905,231.193,216.84,229.367,20652.62382625
1616025600,229.367,238.947,220.379,225.896,27862.44643325
1616112000,225.751,231.302,219.263,225.583,12908.3282994
1616198400,225.577,236.792,224.338,227.547,16164.0930616
1616284800,227.389,230.626,219.509,221.225,10934.31829783
1616371200,221.225,223.327,204.554,206.6,21187.58044122
1616457600,206.778,212.843,202.965,206.337,13965.36284553
1616544000,206.965,214.377,187.354,190.92,21279.51326232
1616630400,190.901,195.767,182.096,189.279,23376.42595902
1616716800,189.25,204.335,188.328,204.277,17154.13200456
1616803200,204.028,205.06,192.59,201.637,15249.5369766
1616889600,201.673,207.949,195.95,207.949,12656.38645559
1616976000,207.951,217.906,203.79,214.725,17426.08855391
1617062400,214.725,219.88,210.291,216.565,17820.20865544
1617148800,216.707,225.886,205.371,222.737,18761.47535597
1617235200,222.924,236.998,220.5,233.334,24076.62895778
1617321600,233.627,250.15,229.03,243.641,26553.19368524
1617408000,243.639,249.837,221.699,223.002,19864.89908737
1617494400,223,278.136,221.129,270.007,61530.14246299
1617580800,270.887,278.812,253.557,273.738,36502.50895096
1617667200,274.116,283.896,256.004,275.818,32880.91949381
1617753600,275.892,293.631,244.419,253.526,48133.92953261
1617840000,253.53,269.765,250.649,267.915,15983.41780261
1617926400,267.954,273.999,261.1,264.78,20683.91997601
1618012800,264.53,286.395,263,283.344,21554.24278692
1618099200,283.344,294.638,278.526,287.355,21613.99676813
1618185600,287.761,298,272.071,280.24,22201.70093024
1618272000,280.206,301.158,277,294.149,24921.28459976
1618358400,293.985,318.429,284.818,305.192,38195.60631412
1618444800,305.23,330.173,297.927,327.326,32546.02940032
1618531200,328.037,395.791,319.102,379.052,77497.30672321
1618617600,379.052,411.912,352.707,357.568,53294.48107065
1618704000,357.19,361.164,253.84,318.262,105060.20534402
1618790400,318.145,326.996,278,294.021,54374.79317747
1618876800,294.57,330.499,273.274,317.503,68301.70646773
1618963200,317.761,328.756,293.001,294.967,48919.95150056
1619049600,295.123,314,272.967,276.312,58785.16348289
1619136000,276.222,282.264,231.349,262.786,84164.21562933
1619222400,262.953,263.581,239.763,246.262,33180.3029541
1619308800,246.448,269.401,233.501,247.32,42444.42363753
1619395200,247.09,281.6,244.567,278.525,32818.89148035
1619481600,278.524,293.971,274.973,293.333,41444.28135495
1619568000,293.333,299.275,276.001,288.875,37895.32086513
1619654400,289.104,290.07,273.901,287.018,23063.33176848
1619740800,286.67,330.619,282.518,320.231,56851.0792883
1619827200,320.17,329.038,308.327,322.382,30945.87601955
1619913600,322.521,324.309,303.451,315.5,21693.30908177
1620000000,315.137,344.069,314.753,343,46288.42321014
1620086400,342.835,383.892,315.677,361.803,98033.65955033
1620172800,361.485,420,355.744,397.26,113831.31235504
1620259200,397.35,455.472,373.317,443.754,102106.45425436
1620345600,443.056,478.598,392.5,405,76296.133397
1620432000,404.821,428.583,393.001,409.719,41058.24758789
1620518400,409.789,410.71,374.359,407.434,48647.83234284
1620604800,407.474,434.602,358,371.86,70902.40977012
1620691200,371.632,435,361,427.22,63276.77639158
1620777600,427.596,439.666,350.365,360.338,65514.96819087
1620864000,358.25,390.598,337.387,357.81,64111.39929064
1620950400,357.68,386.735,355.001,371.316,31055.99333712
1621036800,371.151,374.985,333.989,336.201,28754.53699189
1621123200,336.47,367.113,311.5,331.99,38343.22248948
1621209600,331.573,331.996,281.368,294.587,66895.55576243
1621296000,295.242,318.576,290.743,304.984,41387.49469701
1621382400,305.405,311.788,130.041,191,144592.16731502
1621468800,191,238.85,165.224,227.592,94728.69467726
1621555200,227.46,235.98,165.274,188.728,76540.66348188
1621641600,188.561,194.301,170,178.234,44614.51231639
1621728000,178.096,184.145,121.092,150.218,96759.79746375
1621814400,150.412,201.874,146.892,201.22,62184.06065425
1621900800,201.526,216.152,178.44,195.357,47536.07188897
1621987200,195.668,221.785,191.765,214.287,51826.09387306
1622073600,214.354,215.499,191.425,205.357,29511.20937689
1622160000,204.826,206.434,170.373,183.042,40922.31966015
1622246400,182.874,210.079,170.9,176.917,70917.2397672
1622332800,177.097,190.78,165.68,181.618,30075.17981095
1622419200,181.514,198.843,173.174,197.54,21918.26951809
1622505600,197.417,201.474,184.456,191.697,23361.49645721
1622592000,192.138,209.317,186.918,202.3,23781.94278296
1622678400,202.176,215.84,198.378,210.061,23367.19820667
1622764800,210.048,210.048,180.217,191.232,30169.91803728
1622851200,191.558,198.359,179.363,185.307,15504.91093183
1622937600,185.235,193.312,182.053,185.426,11438.5447656
1623024000,185.595,193.39,169.886,172.732,21328.60538243
1623110400,172.704,175.08,153.016,166.167,31913.97389659
1623196800,166.364,177.781,158.182,177,22266.36346198
1623283200,177.038,179.69,164.76,170.273,11474.57398559
1623369600,170.245,173.963,163.509,165.591,10253.7531628
1623456000,165.347,165.846,154.379,163.935,11550.24086172
1623542400,163.841,172.774,157.209,172.591,8688.67749018
1623628800,172.624,177.869,167.647,177.861,11079.06822257
1623715200,177.885,179.546,169.577,171.718,12237.03526558
1623801600,171.62,174.791,163.298,164.356,9666.13655338
1623888000,164.281,173.877,160.599,163.862,8868.54001599
1623974400,163.776,164.847,151,155.303,11610.87556132
1624060800,155.377,160.798,151,151.1,11618.54567393
1624147200,151,155.626,141.393,153.214,11722.0249971
1624233600,153.326,154,122.584,123.544,28609.18226411
1624320000,123.544,131.713,102,119.392,56506.87513419
1624406400,119.358,131.925,114.08,127.36,14490.93486165
1624492800,127.457,134.66,120.291,131.211,10835.97494564
1624579200,131.487,134.471,119.241,119.742,15863.86456445
1624665600,119.742,126.265,115.377,124.411,11360.89030395
1624752000,124.199,127.46,118.359,127.253,10023.31436289
1624838400,127.261,134.144,124.815,132.474,10306.29382913
1624924800,132.552,148.69,130.587,140.813,17153.89386895
1625011200,140.658,146.742,134.253,145.399,12325.22873752
1625097600,145.596,145.638,133.132,138.029,12888.75818884
1625184000,138,140.498,129.279,135.508,7477.75733776
1625270400,135.45,140,132.42,138.582,6666.47292587
1625356800,138.518,143.331,133.715,139.927,9911.55805042
1625443200,139.822,139.922,128.977,132.59,6959.51535276
1625529600,132.726,138.637,131.884,134.969,5735.9169719
1625616000,134.756,139.237,133.667,135.077,8775.65901659
1625702400,134.973,134.987,123.564,126.457,9134.45961327
1625788800,126.426,130.345,120.969,128.303,8829.00781402
1625875200,128.372,130.927,125.347,128.431,7321.08603061
1625961600,128.736,130.783,125.337,128.166,4869.00379889
1626048000,128.058,135,125.227,126.685,12849.44715574
1626134400,126.625,127.558,121.81,124.098,8649.95466584
1626220800,123.589,124.679,115.72,123.146,10172.598956
1626307200,123.146,125.059,116.392,122.742,7957.45935154
1626393600,122.764,124.205,114.542,114.878,6409.6156443
1626480000,114.968,119.101,113.337,116.148,5963.96839296
1626566400,116.162,121.946,114.939,115.411,5680.35918016
1626652800,115.431,175,109.406,137.744,69665.67335207
1626739200,138,147.613,115.383,125.098,59541.73645041
1626825600,124.98,152.095,124.303,138.951,44721.31474655
1626912000,138.998,146.497,135.273,142.323,19263.72082585
1626998400,142.091,145.599,135.399,143.008,10674.76590141
1627084800,143.077,149.046,138.104,141.028,18246.97993188
1627171200,140.912,143.05,136.714,139.923,6227.09863814
1627257600,139.864,156.96,139.233,142.303,27734.12341007
1627344000,142.293,147.659,137.525,146.269,10523.95614981
1627430400,146.121,156.746,143.001,152.543,22485.84206814
1627516800,152.662,165.072,147.733,164.5,16199.54329337
1627603200,164.852,167.318,153.608,165.489,19679.74732694
1627689600,165.332,168.237,159.751,163.501,9894.01185163
1627776000,163.913,174,158.362,160.131,12129.94099547
1627862400,160.146,164.331,156.213,161.78,10425.82639672
1627948800,161.52,163.82,153.341,156.42,10079.37099595
1628035200,156.42,164.559,151.129,161.629,10578.9837433
1628121600,161.772,165.228,155.013,164.575,12386.66545103
1628208000,164.577,168.308,160.255,167.493,11089.64622539
1628294400,167.488,173.606,164.37,170.526,16480.74010447
1628380800,170.486,172.435,159.527,162.037,14036.55420371
1628467200,162.038,181.6,156.459,179.036,19912.55649595
1628553600,179.164,180.208,169.297,176.011,14428.2325405
1628640000,175.873,187.999,175.764,181.313,17478.10681899
1628726400,181.154,190.516,170.342,180.31,14802.58978926
1628812800,180.219,204.71,177.846,204.49,14084.72206178
1628899200,204.645,204.718,190.527,199.429,17379.21640728
1628985600,199.455,217.373,191.647,216.221,15628.68882306
1629072000,216.039,216.877,199.08,201.023,14157.87105316
1629158400,201.321,211.53,186.426,194.501,16454.27756666
1629244800,194.427,213.651,186.275,209.821,23160.22961488
1629331200,209.702,221.398,199.13,220.259,17242.8391633
1629417600,220.164,235.611,218.123,232.88,18266.94358315
1629504000,232.734,249,226.81,237.196,18681.64100959
1629590400,237.212,257,230.401,255.333,12578.80822475
1629676800,255.464,285,254.895,270.599,39333.31475832
1629763200,269.92,274.117,245.189,248.393,16053.372822
1629849600,248.348,264.85,239.487,264.584,15695.71637667
1629936000,264.673,264.901,230.5,232.166,15770.4814348
1630022400,232.235,243.65,222.341,242.428,17751.23102276
1630108800,242.224,243.291,234.557,236.529,9045.90476613
1630195200,236.868,247.278,224.278,225.572,16247.33314637
1630281600,225.423,230.846,215.248,216.376,20169.19022266
1630368000,216.467,228.945,212.646,223.597,16843.69214511
1630454400,223.746,240.345,216.226,238.905,20238.86489195
1630540800,238.864,246.004,235.561,239.271,15393.40436256
1630627200,239.421,251.617,232.912,247.326,17147.86537275
1630713600,247.456,256.4,245.308,251.606,13496.94705626
1630800000,252.008,269.217,248.594,264.493,14548.70392877
1630886400,264.754,265.542,250.752,255.598,15213.18816714
1630972800,255.832,256.651,185.77,207.118,61651.26822132
1631059200,207.842,212.086,184.682,202.012,23725.14607221
1631145600,201.676,208.032,195.342,202.64,23048.30801519
1631232000,202.767,214.83,187.183,193.093,17287.47198985
1631318400,193.087,203.83,191.746,193.996,10454.38362253
1631404800,193.964,206.57,189.152,203.581,8550.12924896
1631491200,203.6,214.715,186.679,196.834,15090.2554997
1631577600,196.605,208,194.751,205.836,12376.57932624
1631664000,205.84,209.79,202.708,208.964,11264.9182823
1631750400,209.065,220.163,202.264,208.188,18471.49472198
1631836800,208.157,209.474,194.727,199.387,8579.44412523
1631923200,199.48,206.265,195.255,199.662,8977.63279471
1632009600,199.524,201.186,190.6,193.022,6600.13628913
1632096000,192.962,193.295,167.481,170.16,22748.3453026
1632182400,170.07,176.808,155.068,157.01,24740.28708313
1632268800,157.341,176.391,154.129,175.54,14997.23335854
1632355200,175.282,184.982,171.995,184.804,15212.44512479
1632441600,184.843,185.123,156.804,165.641,18359.30899313
1632528000,165.719,171.941,159.437,164.396,6932.6776315
1632614400,164.36,165.304,150.837,162.16,8998.29811482
1632700800,161.823,167.592,153.551,153.806,10036.64120433
1632787200,153.815,158.469,146.425,147.139,10096.10783631
1632873600,147.351,160.92,146.559,152.692,8936.23060931
1632960000,152.525,169.831,151.965,166.319,11792.10582193
1633046400,166.329,177.945,163.444,176.859,14878.86052262
1633132800,176.865,183.184,171.802,177.75,11326.36171358
1633219200,177.787,182.119,173.853,178.303,7755.29658028
1633305600,178.06,180.201,168.089,174.178,10267.45301178
1633392000,174.574,184.9,171.843,182.862,13633.15786191
1633478400,183.215,190.48,170.8,185.252,18433.41550803
1633564800,185.252,198.09,179.655,189.191,22197.96157302
1633651200,189.147,198.25,186.453,189.66,10849.00020826
1633737600,189.636,194.525,186.587,193.612,6738.05679292
1633824000,193.753,195.69,181.383,182.022,8435.6224834
1633910400,182.022,190.988,178.286,182.596,8606.11230274
1633996800,182.798,182.798,170.571,180.709,13796.20290905
1634083200,180.585,183.804,173.166,183.386,24089.13154606
1634169600,183.69,189.699,182.6,186.692,9367.18200572
1634256000,186.713,194.722,181.834,193.853,14670.90389031
1634342400,193.91,198.25,189.76,190.016,9903.17891925
1634428800,190.312,192.631,179.272,186.194,6821.43938363
1634515200,186.142,190.323,180.5,186.833,7176.75152677
1634601600,186.776,194.864,186.248,194.247,9450.99464046
1634688000,194.187,205.804,189.348,201.799,17638.18797734
1634774400,201.785,207.99,193.35,196.812,21552.61564951
1634860800,196.65,203.261,192.389,195.285,14486.35811516
1634947200,195.128,198.786,191.5,197.588,7178.89643581
1635033600,197.686,214,196.785,202.584,23660.99154573
1635120000,202.85,209.6,201.209,208.315,9802.58316141
1635206400,208.316,208.488,195.269,198.646,14493.18551923
1635292800,198.846,201.994,172.036,175.19,27803.66083722
1635379200,175.339,186.619,172.808,183.525,20567.91001762
1635465600,183.549,189.094,181.906,187.698,11749.54283736
1635552000,187.61,189.429,179.544,183.888,15009.2410012
1635638400,183.727,199.803,183.486,192.75,19483.9152329
1635724800,192.829,194.655,183.915,189.299,13449.94990397
1635811200,189.131,203.099,187.668,200.284,23979.98843135
1635897600,200.414,205.412,193.209,201.843,22778.81991341
1635984000,201.843,204.717,193.69,199.129,24231.6636031
1636070400,199.039,200.131,191.775,194.443,10801.84115839
1636156800,194.397,197.776,185.588,191.224,11560.70665039
1636243200,191.175,193.951,189.885,193.951,10119.6306479
1636329600,193.917,213.909,193.415,212.245,25238.87060032
1636416000,212.098,239.084,211.369,234.216,63402.65966712
1636502400,234.216,247.483,208.53,217.028,39279.24682785
1636588800,217.185,235.281,213.322,232.1,19013.76262035
1636675200,232,236.026,212.34,221.242,21226.01893457
1636761600,221.398,232.292,217.306,228.956,13424.11911083
1636848000,228.956,231.904,220.183,229.204,7918.22917371
1636934400,229.204,240.049,223.961,224.196,14601.92041343
1637020800,224.18,224.18,190,198.55,31454.60460459
1637107200,198.757,200.576,185,189.5,17570.41003046
1637193600,189.56,191.281,170.09,175.899,25794.68935224
1637280000,176.012,189.606,174.001,189.415,15476.13901665
1637366400,189.424,198.203,186.201,193.65,10438.99196213
1637452800,193.65,208.688,187.512,207.27,13912.85885939
1637539200,207.676,209.479,188.855,197.921,22118.7969269
1637625600,197.921,200.88,184.584,187.543,12476.74906677
1637712000,187.636,204.999,184.528,204.409,26196.28953146
1637798400,204.329,215.642,202.5,214.758,18752.28395337
1637884800,214.805,215.526,180.241,183.696,23173.56367238
1637971200,183.636,189.92,180.837,182.528,11967.64894928
1638057600,182.578,182.994,164.157,178.896,19478.49271853
1638144000,178.801,184.597,176,182.269,11464.46295164
1638230400,182.268,186.557,174.94,179.99,13755.2482953
1638316800,180.117,185.698,176.769,178.345,10596.67351071
1638403200,178.391,178.391,172.6,176.418,10298.42812289
1638489600,176.392,180.404,160.458,167.271,16414.74760244
1638576000,167.274,167.712,117.77,142.583,59676.06481674
1638662400,142.614,144.915,127.25,134.714,20919.07928338
1638748800,134.454,139.98,122.068,137.519,26622.47360493
1638835200,137.5,144.678,135.777,138.28,16691.67756356
1638921600,138.249,149.192,135.403,147.664,19818.68455256
1639008000,147.76,151.481,135.79,136.265,21038.45860598
1639094400,136.69,141.65,131.46,132.97,14328.16926773
1639180800,133.5,141.73,130.81,140.6,8490.42488604
1639267200,140.84,140.96,134.09,138.08,7972.75791109
1639353600,138.1,139.9,123.45,126.44,14206.01199019
1639440000,126.56,134.25,124.68,131.65,9691.39269213
1639526400,131.63,136.74,124.2,134.03,12113.49117027
1639612800,134.37,135.96,129.86,130.15,8372.38914829
1639699200,130.62,132.31,124.15,128.25,10661.33289745
1639785600,128.49,132.58,126.42,129.54,4310.89873738
1639872000,129.7,133.21,128.67,129.18,12006.11238268
1639958400,129.07,130.07,122.59,127.33,13371.22895774
1640044800,127.49,134.94,125.57,133.6,16023.97199926
1640131200,133.66,142.84,131.3,135.16,21286.43608598
1640217600,135.16,147.4,131.6,146.65,20946.29883903
1640304000,146.65,156.689,144.69,149.49,32626.70966675
1640390400,149.41,153.82,148.25,150,9200.24474243
1640476800,150.12,150.97,145.07,149.09,9609.87600476
1640563200,149.31,158.58,148.99,151.04,13557.10899946
1640649600,151.08,151.46,134.63,134.66,23359.88582064
1640736000,134.79,137,131.17,133.39,21056.55556683
1640822400,133.39,135.76,129.54,133.04,21439.50989949
1640908800,132.99,142.53,131,133.71,31029.16156553
1640995200,133.88,139.39,133.67,138.03,12568.52833165
1641081600,138.17,143.23,136.36,141.99,8961.08431696
1641168000,141.93,142.86,136.17,139.05,7396.51829777
1641254400,139.15,139.88,133.26,134.45,22271.71767544
1641340800,134.45,136.98,117.05,122.47,22623.54420209
1641427200,122.5,125.32,117.91,124.32,18685.40896132
1641513600,124.38,134.99,115.52,134.68,39705.01619073
1641600000,134.68,146.99,131.52,141.87,47771.55176504
1641686400,142.09,157.38,140.46,153.16,44145.85751813
1641772800,153.18,154.79,140.09,147.98,40816.92205215
1641859200,148.18,156.02,141.06,141.72,36410.38158846
1641945600,141.89,144.77,138.45,143.44,22157.27267396
1642032000,143.36,144.84,137.22,141.37,20542.28099207
1642118400,141.48,146.97,139.11,141.12,31017.87154399
1642204800,141.15,142.58,138.62,141.33,12624.20064835
1642291200,141.42,142.85,135.61,137.39,10099.43740312
1642377600,137.5,138.31,132.82,135.76,15854.32772715
1642464000,135.86,136.97,127.3,130.54,17260.78692072
1642550400,130.6,132.12,126.25,126.79,16335.78500243
1642636800,126.74,133.63,120.58,121.15,14648.71019283
1642723200,121.03,122.32,102.79,105.73,49771.21089638
1642809600,105.69,107.83,85.83,97.07,112376.21549745
1642896000,97.13,100.91,93,99.39,48181.72043334
1642982400,99.42,100.24,80.58,90.49,83322.02313353
1643068800,90.49,92.51,87.8,89.59,40876.44046768
1643155200,89.61,99.36,88.45,93.16,48555.76005143
1643241600,93.13,94.28,87.12,91.73,32287.63357256
1643328000,91.71,96.1,89.72,95.59,25472.31900969
1643414400,95.46,97.98,93.39,96.55,15041.29156369
1643500800,96.53,98.17,91.99,92.77,14912.47508606
1643587200,92.85,95.04,88.34,94.18,16043.98621121
1643673600,94.07,97.77,93.87,97.23,15551.28929683
1643760000,97.36,99.59,92.11,92.91,15314.80472946
1643846400,92.8,95.35,90.35,95.23,12529.99902195
1643932800,95.12,103.22,94.37,103.07,21468.95227079
1644019200,103.09,109,101.34,103.6,25398.4342061
1644105600,103.72,109.1,102.5,108.97,14046.67586428
1644192000,109.01,117.14,106.06,115.9,20168.55401151
1644278400,116.08,119.63,109.52,112.75,19155.02644254
1644364800,112.91,118.35,110.3,115.05,12837.09951574
1644451200,115.05,117.66,109.8,111.66,13939.23425792
1644537600,111.73,114.64,102.66,103.82,13329.94606912
1644624000,103.51,106.91,100.12,104.19,10561.74524848
1644710400,104.07,106.24,100.84,102.03,19258.59693727
1644796800,102.1,104.77,98.74,103.91,7345.32616132
1644883200,103.92,109.98,103.65,109.33,7266.85251212
1644969600,109.15,116.16,106.1,115.33,13018.8700993
1645056000,115.27,118.77,103.28,104.76,17040.59611833
1645142400,104.71,110.62,103.63,105.23,12070.33760442
1645228800,105.13,106.71,99.96,102.4,9272.15992235
1645315200,102.52,102.56,95,98.1,13021.40816466
1645401600,98.02,101.53,86.41,87.06,27671.41355966
1645488000,87.08,93.8,84.47,93.66,28260.4409235
1645574400,93.68,96.27,88.12,88.37,36666.45220016
1645660800,88.38,90.96,77.08,88.06,45494.65191136
1645747200,88.08,94.05,86.19,92.9,15647.09522128
1645833600,92.83,96,91.62,93.68,7729.42160642
1645920000,93.77,95.63,86.24,88.26,12414.97618005
1646006400,88.19,100.64,86.73,100.51,14138.14541701
1646092800,100.6,102.98,96.49,100.1,17628.41916674
1646179200,99.65,103.68,96.64,100.88,17036.61183812
1646265600,100.77,102.92,94.82,96.75,16010.21158024
1646352000,96.79,97,87.88,89.59,14855.99492829
1646438400,89.64,90.8,86.8,89.56,19356.60148275
1646524800,89.56,90.69,84.92,85.63,10954.41234413
1646611200,85.53,93.17,83.55,85.9,15930.60430987
1646697600,85.96,97.46,85.31,96.39,19700.01831559
1646784000,96.4,101.81,95.46,100.02,51876.29681887
1646870400,100.05,105.59,92.92,104.65,99421.24328275
1646956800,104.61,104.61,94.77,94.95,35242.17982549
1647043200,94.99,101.17,94.93,99.07,18642.04931508
1647129600,99.07,103.01,91.97,93.67,25828.28702228
1647216000,93.56,98.79,92.25,98.23,17053.42576642
1647302400,98.29,98.37,92.85,95.14,10826.06080999
1647388800,95.23,99.82,94.5,98.33,17054.72523541
1647475200,98.22,100.54,96.18,96.41,10575.40333839
1647561600,96.49,99.68,93.18,98.92,19465.62162367
1647648000,99.08,104.76,98.8,103.03,20055.10434487
1647734400,103.08,118.16,101.3,115.63,66217.22828954
1647820800,115.73,124.17,112.28,123.68,55182.84706179
1647907200,123.55,133,121.48,130.82,45593.23008691
1647993600,130.82,138.74,126.49,129.78,45662.61484905
1648080000,129.76,134.04,123.61,129.93,28751.79903175
1648166400,129.93,132.48,121.85,126.28,24356.75100439
1648252800,126.1,131.87,125.5,128.2,24550.72592502
1648339200,128.2,133.28,125.01,133.07,13529.79344759
1648425600,132.89,138.11,125.97,127.73,35862.30350356
1648512000,127.7,135.85,127.16,130.31,19300.75690389
1648598400,130.29,136.88,126.32,132.97,21175.71326986
1648684800,132.92,137.26,125.35,127.34,28568.99419823
1648771200,127.37,130.72,121.23,128.12,18527.22424056
1648857600,128.19,131.56,126.55,127.43,25045.13039058
1648944000,127.41,135.14,124.61,132.61,19307.92712501
1649030400,132.54,134.47,125.7,133.3,26921.7571885
1649116800,133.51,136.47,126.62,127.12,12550.97226084
1649203200,127.01,127.14,113.21,113.65,33703.96150143
1649289600,113.83,117.7,111.07,116.82,13322.9440611
1649376000,116.8,118.1,108.52,110.93,14630.6391271
1649462400,110.92,117.93,110.53,114.99,11754.80591164
1649548800,115,115.91,110.45,110.98,12839.60100234
1649635200,110.82,112.05,98.74,100.94,23097.37404552
1649721600,100.94,105.4,99.53,102.38,10359.69399249
1649808000,102.41,107.11,101.08,105.28,14283.50834164
1649894400,105.21,108.25,101.53,106.24,16387.09602031
1649980800,106.38,111.1,105.88,109.25,12890.24598357
1650067200,109.28,110.42,106.41,108.28,6278.33753735
1650153600,108.32,109.75,104.18,104.4,5886.05203445
1650240000,104.29,108.86,100.8,108.7,10730.77313323
1650326400,108.78,110.75,106,109.57,6108.55657323
1650412800,109.48,109.74,105.33,107,10768.12347497
1650499200,106.97,109.81,100.07,102.03,16317.45419426
1650585600,101.94,106.04,101.39,103.28,9906.47644902
1650672000,103.32,104.49,101.17,101.77,8340.51435482
1650758400,101.86,102.46,98.71,99.95,10442.41532812
1650844800,100.11,100.18,93.27,99.57,13093.02342301
1650931200,99.44,101.28,91.57,93.18,9820.35080057
1651017600,93.16,96.28,92.4,95.64,6103.56266507
1651104000,95.62,99.94,94.77,96.43,6956.52522266
1651190400,96.46,99.69,90.45,92.04,9704.17866226
1651276800,92.11,94.47,80.75,84.6,14737.68800232
1651363200,84.76,90.58,83.79,89.89,12944.96983551
1651449600,89.92,91,86.36,89.28,6045.0642987
1651536000,89.06,90.76,86.43,88.05,5310.28674675
1651622400,88.11,95.93,87.79,95.89,7049.98631648
1651708800,95.88,97.45,85.22,87.45,16183.71504192
1651795200,87.38,88.32,84.35,87.8,17992.16676739
1651881600,87.67,87.77,81.48,83.59,6967.66150487
1651968000,83.54,85.4,79.82,83.2,12350.56714088
1652054400,83.23,85.62,69,69.89,25116.37034484
1652140800,69.78,79.01,68.18,73.37,38288.44212892
1652227200,73.33,74.58,52.99,58.06,64507.78791794
1652313600,57.97,61.4,43.02,53.75,57548.00831923
1652400000,53.54,62.62,52.56,58.26,31326.11625453
1652486400,58.24,61.46,55.14,60.86,20610.88685484
1652572800,60.9,63.07,58.3,63.07,21908.61979391
1652659200,63.14,63.17,55.33,57.82,24643.34854044
1652745600,57.91,61.02,56.48,60.11,16367.59455009
1652832000,60.07,61.62,55.09,55.76,17426.91094952
1652918400,55.77,59.3,53.34,58.55,14701.96160941
1653004800,58.75,60.17,55.7,57.22,15477.42218246
1653091200,57.33,58.14,55.73,56.96,14569.79681146
1653177600,57.1,61.82,56.51,61.41,20372.34107455
1653264000,61.39,64.75,58.84,59.83,22230.09398381
1653350400,59.73,62.46,58.09,62.33,24018.90815143
1653436800,62.27,64.11,60.7,62.12,14157.67081368
1653523200,62.21,63.44,55.74,58.05,20716.26127659
1653609600,58.18,58.78,54.05,54.82,12613.45067808
1653696000,54.86,56.99,54.08,56.47,10046.73901576
1653782400,56.41,57.85,55.07,57.85,8452.8083683
1653868800,57.83,63.53,57.31,63.18,12492.6100928
1653955200,63.1,65.36,60.27,64.63,9195.40188169
1654041600,64.59,68.04,58.63,59.13,15715.94188256
1654128000,59.14,60.57,57.95,59.85,12909.14370803
1654214400,59.78,60.01,56.25,58.07,10351.92268313
1654300800,58.19,59.15,57.14,58.68,4575.6478218
1654387200,58.58,59.19,57.66,58.54,4320.94723342
1654473600,58.53,61.96,58.35,60.01,6103.72068187
1654560000,59.94,60.75,56,58.33,12582.32890116
1654646400,58.33,59.33,57.34,58.04,6979.58631269
1654732800,58,58.56,57.11,57.62,4884.99664002
1654819200,57.73,57.96,53.02,53.81,12124.30463636
1654905600,53.81,54.6,48.4,49.06,24044.02882421
1654992000,48.97,49.77,45.48,46.05,31247.80071192
1655078400,46.05,46.5,39.34,42.59,73635.96725774
1655164800,42.47,44.53,38.94,43.47,49218.75144566
1655251200,43.38,46.15,38.46,45.86,49565.36168406
1655337600,45.85,46.4,41.06,41.86,27398.43922019
1655424000,41.77,44.29,41.27,43.53,17088.42392414
1655510400,43.53,44.23,38.49,41.55,31188.70152049
1655596800,41.62,45.23,39.84,44.29,28013.38063959
1655683200,44.19,46.17,43.03,45.3,39613.80201787
1655769600,45.26,48.56,44.57,47.09,18381.81385764
1655856000,46.97,47.21,44.37,45.08,16892.0269165
1655942400,45.1,48.85,44.99,48.6,12860.42332567
1656028800,48.62,52.58,48.44,51.69,22664.09973659
1656115200,51.69,52.77,49.53,52.34,12077.81875686
1656201600,52.3,53.29,49.15,49.3,7858.30468041
1656288000,49.3,51.65,48.49,49.13,8428.60709355
1656374400,49.06,49.78,45.8,46.22,8210.01356956
1656460800,46.23,46.94,43.92,44.58,17352.21074437
1656547200,44.56,44.88,40.21,42.03,42004.4021889
1656633600,42.09,43.42,40.7,41.7,15265.43037243
1656720000,41.6,43.21,40.62,42.83,6471.52719484
1656806400,42.81,43.37,41.45,42.81,5550.17197892
1656892800,42.73,44.6,41.52,44.3,6740.10067444
1656979200,44.29,44.8,41.74,43.04,7893.77491193
1657065600,43.1,44.71,42.4,44.16,9164.07806537
1657152000,44.29,46.32,43.68,46.1,9711.92303892
1657238400,46.1,47.27,44.93,45.79,13622.38494653
1657324800,46.05,48.12,46.01,47.75,12850.18112176
1657411200,47.74,47.79,44.72,45.08,16261.43569873
1657497600,44.99,45.04,41.27,41.51,15705.32587747
1657584000,41.43,42.1,39.66,39.79,15020.80838107
1657670400,39.84,42.47,39.32,42.43,14556.64491827
1657756800,42.41,43.87,40.57,43.66,7097.59845816
1657843200,43.69,44.77,43,43.3,12676.94332337
1657929600,43.37,45.05,42.06,44.86,9945.69098693
1658016000,44.89,47.1,44.13,46.02,12868.02276333
1658102400,45.91,49.75,45.91,48.86,23613.46539465
1658188800,48.91,50.99,47.34,50.07,13560.91598174
1658275200,50.08,50.88,46.72,47.12,17695.86879501
1658361600,47.13,48.47,45.39,48.2,8750.48770781
1658448000,48.21,50.78,47.65,48.36,19613.59824162
1658534400,48.43,50.24,46.64,47.73,8773.08774657
1658620800,47.74,50.16,47.58,48.93,6861.3935136
1658707200,49.08,49.23,44.87,44.88,9625.18791974
1658793600,44.95,45.03,42.43,43.99,11060.60419769
1658880000,44.01,48.1,42.88,48.1,14816.8135344
1658966400,48.1,53.74,47.61,52.51,19003.2622611
1659052800,52.56,54.67,50,50.78,14391.83552602
1659139200,50.77,53.58,50.13,50.71,10961.00869444
1659225600,50.72,53.85,50.29,50.96,13732.17886545
1659312000,50.95,52.51,48.5,49.61,8147.61569087
1659398400,49.56,50.22,47.05,48.53,11130.95688615
1659484800,48.62,50.49,46.97,48.77,6110.81954011
1659571200,48.78,50.39,48.41,49.42,4535.83845804
1659657600,49.61,52.4,49.43,52.4,6201.39240599
1659744000,52.34,53.5,51.74,52.57,6838.83909041
1659830400,52.52,54.71,51.69,53.35,8540.92330936
1659916800,53.35,56.24,53.2,56.15,11803.0166862
1660003200,56.25,58.48,52.19,52.87,18974.13466485
1660089600,52.82,55.15,51,54.56,13829.59263437
1660176000,54.57,57.24,54.52,55.64,11384.95785593
1660262400,55.67,56.49,54.07,56.17,8368.40816432
1660348800,56.16,57.68,55.48,57.07,20261.2972014
1660435200,57.01,58.12,54.55,55.07,14363.61742619
1660521600,55.03,56.86,52.32,53.17,7379.93115532
1660608000,53.14,53.74,52,52.46,16483.42358158
1660694400,52.47,55.28,51.67,53.04,9472.66176334
1660780800,52.96,54.29,49.57,50.36,6586.03685322
1660867200,50.35,50.48,44.31,44.84,13205.66084537
1660953600,44.95,47.27,44.34,45.79,9180.6421597
1661040000,45.81,47.51,45.38,46.8,8905.49533461
1661126400,46.79,47.29,44.19,47.23,6199.2012199
1661212800,47.25,48.76,45.67,48.5,10456.28333875
1661299200,48.56,51.1,47.26,49.11,9385.60742758
1661385600,49.08,50.21,48.66,49.07,3751.41787401
1661472000,49.09,49.09,43.73,44.25,13500.90133319
1661558400,44.25,45.31,43.64,45.05,5724.18293449
1661644800,44.99,45.99,44.05,44.19,3200.13921731
1661731200,44.23,47.59,43.57,47.46,3434.83334818
1661817600,47.5,48.18,45.1,45.66,4936.62807067
1661904000,45.68,46.4,44.23,44.48,6872.6711569
1661990400,44.48,45.44,43.18,44.77,7664.41074352
1662076800,44.76,46.48,44.24,45.64,7087.87948487
1662163200,45.58,46.94,45.12,46.75,4698.16383251
1662249600,46.78,47.65,46.05,47.65,5600.54618105
1662336000,47.68,48.6,46.33,47.62,5932.12864024
1662422400,47.63,48.78,42.64,42.68,7539.68076351
1662508800,42.65,45.63,42.2,44.94,6066.99329297
1662595200,45.01,46.53,44.16,46.3,4348.94066049
1662681600,46.31,49.9,46.26,49.03,7912.11731755
1662768000,49.04,50.17,48.49,48.73,3873.35740521
1662854400,48.87,49.05,47.15,48.33,4644.13514131
1662940800,48.29,49.87,46.84,47.09,5143.57188247
1663027200,47.07,48.19,43.26,43.86,11183.36778629
1663113600,43.86,45.78,43.61,45.56,3135.9101906
1663200000,45.55,45.63,43.24,43.87,8029.07614907
1663286400,43.91,44.47,42.66,43.8,4469.55636906
1663372800,43.83,44.76,43.79,44.32,2522.44359082
1663459200,44.32,44.61,39.88,40.29,5560.89682538
1663545600,40.32,41.09,39.09,40.74,9145.67270752
1663632000,40.81,41.54,40.01,40.62,3781.50021299
1663718400,40.49,42.81,39.18,39.66,13680.84606572
1663804800,39.7,42.31,39.55,41.96,2668.44726873
1663891200,41.95,42.88,40.56,42.18,4690.30494187
1663977600,42.27,42.77,41.4,41.61,4769.40777184
1664064000,41.56,42.36,40.6,41.16,2998.41974676
1664150400,41.13,41.82,40.23,41.73,2675.3067705
1664236800,41.72,43.72,41.05,41.55,8603.32838772
1664323200,41.62,41.86,39.85,41.41,6213.27392143
1664409600,41.53,42.36,40.71,42.31,2762.17188726
1664496000,42.3,42.84,41.59,42.06,6990.59104978
1664582400,42.09,42.47,41.64,41.66,2012.95140827
1664668800,41.68,41.95,39.62,39.86,3470.58631089
1664755200,39.86,41.34,39.29,41.27,6191.80179293
1664841600,41.28,42.73,41.1,42.37,4479.0666956
1664928000,42.35,43,41.31,42.2,5363.77426327
1665014400,42.19,43.21,41.93,42.04,10089.87583363
1665100800,42.06,42.44,41.3,42.25,3999.93733224
1665187200,42.27,42.91,41.87,42.38,5006.20370885
1665273600,42.36,43.18,42.2,42.92,3737.69485381
1665360000,42.94,43.5,41.76,41.76,6224.36434179
1665446400,41.76,41.76,40.6,41.3,4679.59019571
1665532800,41.29,42.49,41.22,41.67,3760.64370703
1665619200,41.68,41.7,38.05,40.4,12687.8079529
1665705600,40.36,41.69,39.63,40.24,4305.96599047
1665792000,40.27,41.15,39.97,40.49,5913.50467596
1665878400,40.45,42.15,40.36,41.74,4990.18588319
1665964800,41.77,41.88,40.97,41.57,4240.31158841
1666051200,41.6,41.81,40.13,40.75,6533.03459157
1666137600,40.78,40.9,39.24,39.68,6409.51395325
1666224000,39.63,40.68,39.17,39.56,3675.45997343
1666310400,39.61,40.94,38.6,40.69,5398.92896954
1666396800,40.63,41.2,40.1,40.87,2407.95923721
1666483200,40.84,41.89,39.97,41.74,7253.71238966
1666569600,41.7,41.94,39.77,40.15,10298.36008098
1666656000,40.09,42.09,39.64,41.47,6987.05220506
1666742400,41.52,42.88,41.14,41.97,7988.22393046
1666828800,41.98,43.53,41.12,41.27,7348.6905582
1666915200,41.31,42.61,41.01,42.49,5512.12132552
1667001600,42.48,44.02,42.42,42.92,11123.8624641
1667088000,42.96,43.64,41.39,41.96,5777.58083109
1667174400,42.07,42.72,41.27,42.09,3367.13691653
1667260800,42.13,42.35,41.06,41.1,3642.01163594
1667347200,41.08,41.96,39.89,40.82,10008.19019512
1667433600,40.83,42.89,40.82,41.82,30361.31463579
1667520000,41.81,45.13,41.66,44.63,38538.5564474
1667606400,44.67,46.09,44.53,45.46,16903.5903906
1667692800,45.46,45.99,43.46,43.65,9967.36369061
1667779200,43.65,47.41,43.37,45.73,21423.81272046
1667865600,45.8,47.19,34.61,38.31,39354.77644785
1667952000,38.35,38.53,30.72,32.11,38034.56409172
1668038400,32.08,37.18,31.55,36.82,17556.0911634
1668124800,36.93,37.53,34.29,35.7,9591.24639105
1668211200,35.74,35.74,33.29,33.68,4288.93051256
1668297600,33.66,34.65,32.69,33.24,9832.93697237
1668384000,33.42,34.51,31.45,34.4,7766.69476655
1668470400,34.34,35.28,33.8,34.27,6385.9081471
1668556800,34.2,34.51,32.88,33.8,4847.77325759
1668643200,33.9,34,33,33.72,3004.66824066
1668729600,33.71,34.62,33.35,34.4,5400.38901541
1668816000,34.35,35.89,33.91,35.55,7048.24216815
1668902400,35.6,36.05,34.35,34.51,6192.90314356
1668988800,34.46,34.98,33.56,34.4,6494.31938218
1669075200,34.38,37.29,34.19,37.23,13628.42203394
1669161600,37.25,44.06,36.8,43.04,47728.66080032
1669248000,43.19,43.31,41.38,41.96,9448.21456661
1669334400,41.82,42.39,40.2,40.5,6270.63983576
1669420800,40.45,42.21,40.39,41.1,11446.79628657
1669507200,41.14,42.11,40.41,40.74,6523.59417876
1669593600,40.78,40.85,38.64,39.92,7808.43755471
1669680000,39.95,43.5,39.6,43.23,21677.95467496
1669766400,43.28,44.79,41.93,43.22,14571.78724275
1669852800,43.18,46.43,42.65,45.52,21977.30225831
1669939200,45.55,46.29,44.13,45.68,8911.68801758
1670025600,45.75,46.35,44.62,45.06,6975.98458422
1670112000,45.06,45.59,44.14,44.71,3943.94556884
1670198400,44.73,48.63,44.6,46.95,15535.27462218
1670284800,46.95,48.02,45.45,46.27,11728.86707661
1670371200,46.21,47.66,43.65,44.02,8575.63193054
1670457600,43.96,45.31,43.41,45.19,8960.94026222
1670544000,45.19,47.41,44.61,46.54,6765.41643145
1670630400,46.51,48.01,46.18,46.51,5339.56850307
1670716800,46.51,47.68,46.43,46.57,3567.38213824
1670803200,46.48,49.91,44.58,48.89,11441.87379427
1670889600,48.9,50.3,47.08,48.28,8554.12276367
1670976000,48.36,49.94,48.07,48.67,7623.64423562
1671062400,48.76,49,46.33,46.54,10350.44244107
1671148800,46.53,47.16,42.24,43.35,14068.29573076
1671235200,43.19,43.84,41.37,43.05,7500.54942212
1671321600,42.98,43.37,42.07,42.44,3528.62690227
1671408000,42.47,43.6,40.41,41.23,6316.78084806
1671494400,41.28,43.14,40.99,42.15,6014.6251445
1671580800,42.16,43.23,41.36,42.57,5417.11844837
1671667200,42.51,43.34,41.4,42.86,6710.14364349
1671753600,42.84,43.44,42.51,43.27,4474.41449083
1671840000,43.29,44.29,43.03,43.77,4414.80939326
1671926400,43.8,44.8,43.59,44.5,8155.80135845
1672012800,44.48,45.73,44.19,45.03,4739.02803234
1672099200,45.12,45.52,43.28,44.05,5531.54623327
1672185600,44.09,44.15,42.42,42.95,9776.20803549
1672272000,42.92,43.6,41.82,42.48,7814.88160323
1672358400,42.53,42.69,41.24,41.96,5811.50072565
1672444800,41.94,43.23,40.78,41.99,10806.35521785
1672531200,42,42.42,41.08,42.23,5417.77654568
1672617600,42.23,44.01,41.48,43.54,8195.65218288
1672704000,43.61,43.91,42.22,42.83,4154.7816008
1672790400,42.75,47.38,42.69,45.93,9546.14483055
1672876800,45.97,46.2,43.4,44.93,8790.01759006
1672963200,44.9,46.07,43.85,45.92,6452.76278119
1673049600,45.91,46.97,45.88,46.32,5735.444499
1673136000,46.31,48.13,45.7,47.81,6831.84873174
1673222400,47.84,50.71,47.78,48.88,10096.38323397
1673308800,48.96,49.66,47.62,48.3,5898.67557421
1673395200,48.32,49.22,46.64,49.13,5924.26355813
1673481600,49.07,49.96,47.17,49.32,7516.59594218
1673568000,49.42,52.52,48.61,51.43,12166.6986615
1673654400,51.43,54.26,49.69,51.64,11593.8966774
1673740800,51.66,52.47,49.8,51.94,5878.94383417
1673827200,51.75,52.92,48,49.15,10563.14486665
1673913600,49.11,50.42,48.36,49.43,6437.8620841
1674000000,49.52,50.07,45.85,46.87,8538.60102145
1674086400,46.86,49.15,46.66,49.03,2301.40836882
1674172800,49.03,51.93,48.92,51.83,13629.73892887
1674259200,51.86,54,50.75,52.47,8376.35130045
1674345600,52.41,53.44,50.38,51.38,4269.13206771
1674432000,51.5,53.87,51.5,51.94,5623.13035121
1674518400,51.92,52.9,48.16,48.95,4433.32337574
1674604800,48.98,52,48.34,50.58,3994.41484229
1674691200,50.75,51.17,49.29,50.91,2562.826274
1674777600,50.9,52.17,49.57,51.83,5996.42987845
1674864000,51.86,52.35,49.99,50.6,2949.01838177
1674950400,50.55,58.21,50.51,56.7,21480.79795282
1675036800,56.69,60.7,55.48,59.28,19702.13241135
1675123200,59.32,62.5,58.69,60.25,16030.18133015
1675209600,60.35,63.72,57.98,62.94,11380.58754263
1675296000,62.98,64,60.4,61.7,10417.51484722
1675382400,61.67,64.69,60.97,62.84,12161.24747719
1675468800,62.83,63.29,61.1,61.57,4312.71217974
1675555200,61.44,61.63,58.27,59.63,5598.68095448
1675641600,59.65,64.19,59,61.73,11857.60743397
1675728000,61.78,66.37,61.78,65.75,16587.64174649
1675814400,65.83,66.66,62.32,64.17,11774.94674563
1675900800,64.22,64.6,55.62,57.31,16504.92375745
1675987200,57.17,58.71,56.79,57.79,9451.33873994
1676073600,57.9,62.7,57.68,62.05,6301.75603731
1676160000,62.09,63.34,60.57,62.7,5589.96935682
1676246400,62.72,64.51,60.54,63.28,8902.48577145
1676332800,63.35,69.49,62.12,68.19,12815.53941621
1676419200,68.05,74.1,67.6,73.32,12410.70046497
1676505600,73.3,77.83,71.62,73.94,15835.77093911
1676592000,73.59,75.13,70.72,73.34,11786.27524232
1676678400,73.17,75.5,71.76,72.25,12692.3266633
1676764800,72.27,73.42,70.01,70.55,9150.98856894
1676851200,70.54,74.25,70.2,72.42,12272.47420627
1676937600,72.44,73.02,68.65,70.8,9036.70153409
1677024000,70.86,76.35,68.29,73.52,21487.57925699
1677110400,73.54,74.05,70.28,71,10767.8143027
1677196800,70.9,71.41,67.3,70.34,9639.5092107
1677283200,70.4,70.55,66.89,69.41,8842.49474678
1677369600,69.38,74.71,69.01,74.05,6457.31952125
1677456000,74.09,74.99,72.08,74.23,15504.10011108
1677542400,74.23,74.65,71.17,71.66,21577.56405061
1677628800,71.67,74.07,71.14,74.06,12082.43656914
1677715200,74.06,74.37,70.73,72.25,5460.5194354
1677801600,72.25,72.25,66.38,69.38,10308.14139653
1677888000,69.31,69.86,66.72,67.29,2563.51677623
1677974400,67.14,68.79,64.6,65.31,4474.06511722
1678060800,65.18,65.82,61.26,62.39,8993.09949469
1678147200,62.33,63.37,60.21,62.07,8458.47950295
1678233600,62.06,62.47,57.36,58.16,10545.39165944
1678320000,58.16,60.33,53.13,54.76,13917.90566227
1678406400,54.7,54.82,46.95,50.07,22208.71277469
1678492800,50.09,52.18,43.84,47.1,23323.06620506
1678579200,47.11,54.05,45.85,53.48,12830.82903834
1678665600,53.44,57.75,51.2,56.71,16832.53306333
1678752000,56.72,60.69,54.52,58.8,15391.08941115
1678838400,58.6,59.72,50.81,52.17,12060.73799719
1678924800,52.17,53.79,51.5,52.95,13210.71125932
1679011200,52.96,58.58,52.32,58.4,10023.13005049
1679097600,58.4,60.29,55.27,56.02,11006.02993525
1679184000,56.02,58.74,55.22,57.81,5136.08812441
1679270400,57.8,59.2,55.4,55.74,14116.36796721
1679356800,55.73,59.01,54.03,58.5,11068.90562275
1679443200,58.52,59.48,53.72,59.07,27135.1428345
1679529600,58.99,64.28,55.71,63.71,36770.70798403
1679616000,63.82,64.8,59.65,61.61,14620.35390334
1679702400,61.75,62.48,57.39,58.25,10862.78937278
1679788800,58.16,60.41,57.43,59.19,7808.46900295
1679875200,59.14,59.3,54.53,56.23,10652.49330936
1679961600,56.02,56.86,54.72,56.56,3646.09617631
1680048000,56.49,58.94,56.45,58.07,4596.05131063
1680134400,58.08,59.12,55.17,56.54,5177.47141938
1680220800,56.67,58.64,55.41,58.54,3656.90924708
1680307200,58.55,60.16,58.14,58.7,7551.65232201
1680393600,58.68,59.41,56.07,57.08,7713.81665947
1680480000,57.04,58.95,55.3,57.79,6433.34137815
1680566400,57.9,58.2,56.66,57.61,5720.09662364
1680652800,57.61,59.05,56.5,57.8,5389.01751222
1680739200,57.83,57.83,55.93,56.64,2774.5371093
1680825600,56.64,56.74,55.43,56.09,2885.48685592
1680912000,56.08,56.48,55.33,55.7,1645.34568605
1680998400,55.61,56.18,54.52,55.71,2888.14778219
1681084800,55.71,57.86,55.07,57.69,4556.94212767
1681171200,57.7,58.42,56.82,56.99,6213.87839693
1681257600,57.1,57.16,54.6,55.9,4682.5571218
1681344000,55.99,57.69,55.43,57.31,4723.82702455
1681430400,57.32,60.16,56.79,60.08,8456.10170047
1681516800,59.94,60.64,58.85,59.79,5707.58431059
1681603200,59.65,62.05,58.28,61.02,9912.70921779
1681689600,61.02,61.09,57.64,58.45,10366.48595516
1681776000,58.52,60.26,57.64,59.69,5552.79469965
1681862400,59.68,59.68,51.75,52.99,8387.41658091
1681948800,52.94,53.58,50.51,51.64,4138.03938509
1682035200,51.65,52.31,48.04,48.92,4534.89345087
1682121600,49.01,50.44,48.57,50.2,2132.77702664
1682208000,50.24,51.11,48.84,50.22,3550.67421856
1682294400,50.22,51.03,48.8,50.12,1731.3702369
1682380800,50.16,51.67,49.08,51.52,2259.3444696
1682467200,51.58,53.42,47.21,49.72,9921.07036666
1682553600,49.66,51.36,49.22,50.63,3506.05667171
1682640000,50.69,50.7,49.35,50.08,3464.0774643
1682726400,50.12,51.45,49.85,51.07,1784.17169234
1682812800,51.06,51.06,49.33,49.76,1532.82001477
1682899200,49.82,49.96,47.75,48.31,3228.04069043
1682985600,48.23,48.88,47.61,48.57,1321.06516975
1683072000,48.68,49.47,46.97,49.25,1889.8944304
1683158400,49.28,49.45,48.34,48.69,1480.07644739
1683244800,48.71,49.41,47.87,48.77,2276.78867029
1683331200,48.77,48.97,44.83,45.33,3696.57335693
1683417600,45.47,46.31,45.4,45.4,1808.87731908
1683504000,45.47,45.84,40.6,41.71,7956.73496269
1683590400,41.64,42.17,40.17,42.17,3428.60111309
1683676800,42.06,43.94,40.65,43.12,6334.09827717
1683763200,43.09,43.09,39.4,40.89,4602.53822669
1683849600,40.83,41.06,38.7,40.9,5185.15970993
1683936000,40.94,41,40.04,40.7,1681.02678083
1684022400,40.59,42.5,40.21,41.26,2079.821767
1684108800,41.24,42.83,40.33,42.03,3661.8118971
1684195200,42.01,43.58,41.51,43.27,1720.38033493
1684281600,43.14,45.49,43.01,44.32,2319.76725244
1684368000,44.34,44.56,42.42,43.21,917.62402001
1684454400,43.2,44.86,43.18,44.53,1459.91776447
1684540800,44.49,44.49,43.76,44.3,887.8284433
1684627200,44.3,44.32,43.06,44,986.71212463
1684713600,43.95,44.21,43.06,43.41,1271.15736567
1684800000,43.45,44.55,43.09,43.43,2222.39284306
1684886400,43.29,43.3,40.35,41.18,4039.38173333
1684972800,41.12,41.59,39.73,40.96,2029.11466201
1685059200,40.94,42.3,40.81,41.94,2027.89144674
1685145600,41.85,42.47,41.59,42.22,772.97998873
1685232000,42.17,44.25,42.17,43.89,1175.81669772
1685318400,43.84,44.12,42.88,43.2,1131.0361293
1685404800,43.32,44.1,42.9,43.82,2708.28255902
1685491200,43.79,44.31,41.35,41.76,2498.0519622
1685577600,41.8,42.31,40.89,41.9,2611.76198585
1685664000,41.97,42.9,41.4,42.74,2151.99990331
1685750400,42.63,43.4,42.24,42.59,790.6137592
1685836800,42.6,43.48,42.3,42.52,1142.75051956
1685923200,42.53,42.64,37.79,39.2,8241.55660497
1686009600,39.11,40.24,37.8,40.05,4258.66581171
1686096000,40,40.08,38.01,38.47,3245.50164558
1686182400,38.36,39.21,37.55,38.82,3468.66884612
1686268800,38.87,39.23,37.48,38.42,3513.91769968
1686355200,38.41,38.52,25,29.81,29499.92736255
1686441600,29.83,30.02,28.56,29.15,7754.92783838
1686528000,29.11,29.91,28.06,29.15,4098.24719805
1686614400,29.12,31.1,28.58,29.72,9802.53782118
1686700800,29.68,31.27,28.16,29.03,9806.08431163
1686787200,29.01,29.93,28.75,29.64,6037.20760655
1686873600,29.68,31.04,29.43,30.65,3330.32730936
1686960000,30.65,31.45,30.43,31.13,1805.67399628
1687046400,31.09,31.22,30,30.17,2483.75793335
1687132800,30.26,31.1,29.99,30.76,2075.06982218
1687219200,30.8,32.99,30.74,32.82,6030.17005116
1687305600,32.83,34.28,32.63,33.49,3713.45258671
1687392000,33.56,34.6,32.42,32.95,3780.05062054
1687478400,32.91,35.7,32.8,34.65,5595.62334408
1687564800,34.7,35.79,33.99,35.13,3764.83140835
1687651200,35.2,36.94,34.91,35.45,3533.29865226
1687737600,35.3,37.05,33.98,36.03,7414.95870377
1687824000,36.06,37.24,35.23,36.1,4208.43913414
1687910400,35.94,35.97,32.78,33.79,6780.2933379
1687996800,33.79,34.64,33.61,34.24,3509.65966937
1688083200,34.34,38.93,33.92,37.78,12155.82873949
1688169600,37.89,39.4,37.46,38.1,4139.60130791
1688256000,38.1,38.37,36.69,38.31,4640.05164938
1688342400,38.26,38.46,37.26,37.75,5158.70095592
1688428800,37.61,38.16,35.87,36.16,3093.69411674
1688515200,36.21,36.66,34.44,35.08,5424.88994128
1688601600,35.03,36.26,33.48,33.48,6075.46028265
1688688000,33.42,34.1,33.2,33.86,2713.73440909
1688774400,33.86,34.19,32.93,33.71,3769.34964524
1688860800,33.66,33.89,33.14,33.4,3465.88569361
1688947200,33.25,34.18,32.53,33.61,3383.00852534
1689033600,33.63,33.8,33.1,33.48,3361.1092714
1689120000,33.54,34.03,33.06,33.41,2982.02729943
1689206400,33.48,36.17,32.92,35.97,8395.89622285
1689292800,36,36.51,33.16,34.22,7478.11936481
1689379200,34.3,34.81,33.74,34.06,3048.25172596
1689465600,34,34.18,32.56,32.72,3811.494582
1689552000,32.73,33.54,32.23,33.05,4640.62256449
1689638400,33.08,33.69,31.37,32.07,5568.974178
1689724800,32.06,32.78,31.93,32.11,6122.63033528
1689811200,32.03,33.2,32,32.57,3775.36751653
1689897600,32.66,33.18,32.38,33.18,3661.50543253
1689984000,33.19,33.67,32.38,32.53,6188.02293178
1690070400,32.65,34.03,32.42,33.67,5289.67104682
1690156800,33.72,33.81,31.49,32.01,4907.90887955
1690243200,32.02,33.33,31.12,31.43,6867.65637712
1690329600,31.43,31.97,30.77,31.62,3456.22947268
1690416000,31.62,32,31.35,31.88,3438.14441173
1690502400,31.85,32.58,31,32.19,6689.24067261
1690588800,32.18,32.58,32.15,32.52,1984.37814028
1690675200,32.57,32.75,31.18,32.2,1562.74116229
1690761600,32.14,32.34,31.29,31.61,1920.51048785
1690848000,31.59,31.8,30.29,31.8,2609.39545423
1690934400,31.76,32.3,31.49,31.94,3793.75108892
1691020800,31.89,32.13,31.25,31.33,3450.33412898
1691107200,31.3,31.45,30.5,30.81,2864.59195594
1691193600,30.76,31.02,30.14,30.9,3615.51373447
1691280000,30.82,32.84,30.78,32.46,3657.02982142
1691366400,32.45,33.48,31.85,32.46,4616.47984632
1691452800,32.39,33.28,32.21,32.93,6393.9283399
1691539200,32.93,33.31,32.63,32.85,7480.59616682
1691625600,32.81,32.95,32.22,32.31,2273.23638107
1691712000,32.32,32.84,32.13,32.48,4977.23835142
1691798400,32.46,32.53,32.1,32.28,2322.91469968
1691884800,32.22,32.43,31.82,31.98,1918.03632029
1691971200,31.9,32.34,31.77,31.91,4954.25495913
1692057600,31.89,31.89,28.69,29.85,7508.13367086
1692144000,29.85,29.88,27.46,28.38,7610.60966561
1692230400,28.34,29.24,23.1,25.76,10398.18279877
1692316800,25.74,27.4,25.7,26.48,8490.73559999
1692403200,26.45,26.81,26.27,26.76,5410.15394428
1692489600,26.73,27.24,26.63,27,2165.56965318
1692576000,26.97,27.05,25.86,26.38,4576.08882126
1692662400,26.41,26.82,25.64,26.29,5091.51162587
1692748800,26.3,26.88,25.76,26.49,7287.78765861
1692835200,26.52,26.58,24.85,25.18,8020.28428653
1692921600,25.19,25.61,24.35,25.6,5037.12268896
1693008000,25.6,25.7,25.19,25.3,3200.26148862
1693094400,25.32,25.94,25.15,25.84,1779.07918545
1693180800,25.76,26.4,25.33,26.08,3752.89898497
1693267200,26.06,27.42,25.44,27.09,4490.08259486
1693353600,27.15,27.19,26.63,26.93,2629.75207654
1693440000,26.98,27.15,25.55,26.04,3628.48051473
1693526400,26.03,26.2,25.04,25.26,5415.07874412
1693612800,25.25,25.46,25,25.35,1790.24260763
1693699200,25.3,25.8,25.3,25.57,2108.94647156
1693785600,25.59,25.94,25.21,25.59,4009.50074535
1693872000,25.59,25.92,25.28,25.75,1950.62509715
1693958400,25.78,25.87,25.11,25.64,2952.05079581
1694044800,25.63,26.26,25.56,26.07,3343.93746439
1694131200,26.13,26.49,25.72,26.19,3359.31384291
1694217600,26.21,26.58,26.13,26.55,2173.19341713
1694304000,26.56,26.57,25.16,25.6,2492.5549503
1694390400,25.61,25.65,24.28,24.74,5785.12948233
1694476800,24.74,25.85,24.67,25.2,2852.10298338
1694563200,25.19,25.86,25.02,25.55,2295.3011809
1694649600,25.6,25.91,25.31,25.62,2534.05860789
1694736000,25.61,26.79,25.48,26.49,3521.6638214
1694822400,26.59,27.2,26.46,26.78,2014.08819858
1694908800,26.76,26.76,25.57,25.85,1390.54552107
1694995200,25.88,26.78,25.53,25.96,4356.7064448
1695081600,26.01,26.53,25.78,26.36,1637.60528721
1695168000,26.42,26.55,26.07,26.53,1899.58636022
1695254400,26.5,26.76,25.86,26.24,1917.52702113
1695340800,26.19,26.83,26.01,26.72,2054.54061462
1695427200,26.74,26.95,26.52,26.81,872.24614842
1695513600,26.72,26.89,26.27,26.38,2233.25221364
1695600000,26.33,27.13,26.1,26.99,5056.37425512
1695686400,26.96,27.38,26.29,26.54,3006.08547199
1695772800,26.57,27.18,26.18,26.38,2559.6271349
1695859200,26.35,27.18,26.25,26.94,2698.53295398
1695945600,26.93,27.89,26.83,27.39,5644.71108154
1696032000,27.35,28.28,27.15,27.77,2226.57133858
1696118400,27.75,28.61,27.42,28.17,3471.36375393
1696204800,28.23,28.61,26.91,27.43,5146.18070013
1696291200,27.38,27.94,26.9,27.09,4230.94333328
1696377600,27.11,27.2,26.17,27.02,2641.52377483
1696464000,27,27.57,26.7,26.9,2420.48641065
1696550400,26.94,27.21,26.76,26.9,1411.38670905
1696636800,26.89,27.3,26.71,26.78,1203.81527456
1696723200,26.79,26.96,26.42,26.56,1259.1489547
1696809600,26.6,26.73,25.16,25.98,1921.40169542
1696896000,25.93,26.27,25.45,25.61,2080.78409544
1696982400,25.62,25.8,25.13,25.52,1838.21811379
1697068800,25.45,25.45,24.82,25.03,2644.90863268
1697155200,25.02,25.74,24.9,25.39,1635.38705935
1697241600,25.36,25.7,25.36,25.48,901.41105298
1697328000,25.48,25.82,25.36,25.61,1559.7739729
1697414400,25.63,26.81,25.61,25.76,2700.3441504
1697500800,25.74,25.85,24.72,25.03,4763.44505769
1697587200,25.01,25.35,24.64,24.82,3075.20800169
1697673600,24.76,25.07,24.43,24.9,3204.52099504
1697760000,24.92,25.93,24.87,25.28,6717.57296126
1697846400,25.34,26.51,25.28,26.09,3871.84435168
1697932800,26.05,26.38,25.61,26.29,2314.16513386
1698019200,26.26,27.97,26.06,27.64,6417.96254165
1698105600,27.71,28.8,27.13,28.06,7107.81499051
1698192000,28.06,28.39,27.26,27.71,5167.22867683
1698278400,27.72,28.81,27.03,27.98,6044.75713916
1698364800,27.99,28.81,27.05,27.67,9034.51436204
1698451200,27.6,28.56,27.6,28.45,4261.21301875
1698537600,28.47,28.86,28.12,28.66,4452.75263432
1698624000,28.66,29.52,28.22,29.51,4601.39236014
1698710400,29.55,30.94,28.31,29.35,6339.39119718
1698796800,29.38,30.22,28.34,29.91,6986.46769729
1698883200,30,30.28,28.08,28.65,9099.80124527
1698969600,28.52,29.08,27.74,28.98,5739.16704136
1699056000,28.89,30.05,28.79,29.82,3854.48463515
1699142400,29.89,30.72,29.73,30.44,6280.10915782
1699228800,30.51,31.31,29.98,31.11,8362.40039695
1699315200,31.01,31.85,30.04,30.83,9445.69324105
1699401600,30.89,31.69,30.66,31.38,4191.07662984
1699488000,31.36,32.71,27.89,30.5,16267.01214735
1699574400,30.55,32.32,30.08,32.1,10759.4926029
1699660800,32.15,33.4,31.13,33.06,6734.35732345
1699747200,33.12,33.99,31.75,33.67,9059.43033273
1699833600,33.64,34.62,31.76,32.14,10045.3511075
1699920000,32.04,32.54,30.01,30.9,7196.74922063
1700006400,30.91,32.82,30.91,32.27,6824.61713003
1700092800,32.31,32.64,30.04,30.57,6084.36918863
1700179200,30.65,31.31,29.51,30.74,5415.25981953
1700265600,30.71,30.78,29.05,29.92,6063.52280561
1700352000,29.9,30.7,29.24,30.63,8052.54401861
1700438400,30.54,31.47,30.27,30.62,6925.56441239
1700524800,30.71,31.25,27.68,28.03,9161.58200625
1700611200,27.99,29.54,27.95,29.16,11497.77119246
1700697600,29.19,29.79,28.97,29.69,6201.3772651
1700784000,29.54,30.53,29.54,30.12,7432.02623935
1700870400,30.01,31.28,29.99,31.17,4038.26769809
1700956800,31.19,31.26,29.83,30.8,5769.97559135
1701043200,30.8,30.98,29.07,29.83,6230.622949
1701129600,29.82,30.5,29.13,29.99,5182.96277993
1701216000,30.03,30.44,29.53,30.02,9249.42603247
1701302400,30.02,30.3,29.11,30.18,6851.57989668
1701388800,30.21,30.73,30.06,30.7,4458.4833177
1701475200,30.67,32.38,30.67,31.9,7342.78534824
1701561600,31.89,32.01,31.05,31.52,5869.20308831
1701648000,31.58,33.33,30.74,32.4,13854.44382149
1701734400,32.44,32.75,31.44,32.57,9463.9452655
1701820800,32.61,32.97,31.24,32.01,11900.99766837
1701907200,32.05,34.13,31.8,33.29,18317.74941076
1701993600,33.27,35.69,32.99,34.67,14590.00917981
1702080000,34.69,36,34.34,34.84,14110.28216473
1702166400,35.03,36.39,34.47,34.83,10075.10771174
1702252800,34.91,35.03,30.4,32.38,12492.95980474
1702339200,32.38,33.4,32.1,32.92,7355.77713356
1702425600,33,33.69,31.66,33.27,8172.57102347
1702512000,33.36,35.12,32.32,34,7302.07842208
1702598400,34.02,34.06,31.86,31.98,5836.19437031
1702684800,32.04,33.01,31.62,32.83,10468.44764426
1702771200,32.81,34.76,31.73,31.83,6223.18035071
1702857600,31.84,32.13,29.65,31.48,6736.49509567
1702944000,31.43,32.11,30.18,30.5,7446.09356851
1703030400,30.47,31.82,29.92,31.18,7375.44277826
1703116800,31.22,32.39,30.91,32.17,9524.7476612
1703203200,32.21,34.56,31.9,33.16,9893.81872937
1703289600,33.16,33.4,31.92,33.37,9968.90442807
1703376000,33.4,35.5,32.67,34.43,21566.45230747
1703462400,34.51,35.7,34.14,35.34,16718.42121237
1703548800,35.35,37,33.85,36.16,15819.73666735
1703635200,36.25,39,34.5,38.49,13819.36261919
1703721600,38.46,38.61,36.32,36.89,10124.85581013
1703808000,36.9,37.2,32.09,33.04,39415.00686902
1703894400,32.93,33.53,32.57,32.88,13351.92594671
1703980800,32.95,33.11,30.75,31.73,14380.45679732
1704067200,31.74,33.61,30.7,33.3,16680.49657353
1704153600,33.32,34.01,32.31,32.82,14734.83671448
1704240000,32.82,33.8,27.57,29,26435.64389713
1704326400,29,31.45,28.42,30.02,15956.04927493
1704412800,30.07,30.6,28.2,29.53,9772.63928552
1704499200,29.58,29.58,27.65,28.79,5891.4515626
1704585600,28.74,29.36,26.81,27.12,6063.22382026
1704672000,27.16,28.51,25.32,28.47,11711.14303269
1704758400,28.39,28.6,26.37,27.33,9602.72653738
1704844800,27.38,29.99,26.85,29.43,12023.69890628
1704931200,29.46,30.81,29.21,30.05,12869.6814584
1705017600,30.08,31.23,28,29,8643.58477508
1705104000,29,30.04,28.08,29.49,4196.73980748
1705190400,29.49,29.62,28.21,28.25,4184.19897377
1705276800,28.29,29.8,28.21,29.2,4748.81454307
1705363200,29.2,29.9,28.87,29.48,5873.77658654
1705449600,29.46,29.59,28.51,28.79,4347.77361964
1705536000,28.83,29.14,27.33,27.87,4911.0262093
1705622400,27.85,28,25.71,27.57,8071.31990328
1705708800,27.56,28.91,27.33,28.75,5605.7673406
1705795200,28.75,29.81,28.47,28.47,10577.38638785
1705881600,28.61,28.77,27.28,27.53,4104.29901138
1705968000,27.7,28.29,25.78,26.93,8334.38393457
1706054400,26.88,27.67,25.8,27.09,6634.43432586
1706140800,27.06,27.24,26.38,26.99,3762.62393559
1706227200,26.96,28.13,26.85,27.71,3839.9054353
1706313600,27.73,28.1,27.54,28.08,1618.13042421
1706400000,28.1,28.57,27.35,27.6,4364.92906574
1706486400,27.53,28.18,27.13,28.1,4173.06470964
1706572800,28.07,28.67,27.4,27.48,3827.89280094
1706659200,27.55,27.68,26.3,26.63,3686.72817024
1706745600,26.63,27.38,26.03,27.27,4820.19136455
1706832000,27.22,27.65,26.96,27.61,3198.43104675
1706918400,27.62,27.9,27.26,27.74,2277.15339046
1707004800,27.65,27.71,26.68,26.83,2557.31516171
1707091200,26.77,27.49,26.53,27.25,3237.54435776
1707177600,27.21,27.46,26.27,26.32,4977.25959788
1707264000,26.31,27.09,26,26.94,7777.74297602
1707350400,26.99,27.1,26.45,26.89,5168.54459731
1707436800,26.89,27.73,26.85,27.49,4216.81204347
1707523200,27.59,27.67,26.78,27.53,4600.01148956
1707609600,27.52,28.39,27.02,27.54,15507.06178768
1707696000,27.55,28.71,27.04,28.23,5052.60471703
1707782400,28.27,28.46,27.13,27.89,4377.91590747
1707868800,27.95,28.58,27.5,28.09,8250.86237975
1707955200,28.17,29.77,27.97,29.06,11731.33730115
1708041600,29.07,29.44,28.16,29.03,9674.16605942
1708128000,29.06,30.29,28.4,30.23,7423.4911517
1708214400,30.26,30.59,29.41,29.73,7621.04726551
1708300800,29.78,30.35,29.51,30.09,7255.90966099
1708387200,30.16,30.86,28.73,29.89,9431.77204972
1708473600,29.81,30.09,28.25,29.46,5056.38997794
1708560000,29.41,30.97,28.83,29.65,8047.00777607
1708646400,29.66,30.28,28.79,29.49,5826.90120148
1708732800,29.56,31,29.11,30.48,11198.18148293
1708819200,30.47,31.01,29.72,30.96,6988.12003481
1708905600,30.94,33.09,29.95,31.82,27149.13859712
1708992000,31.81,32.93,31.3,32.07,20385.18948095
1709078400,32.09,33.03,28.61,31.25,34303.39008186
1709164800,31.25,33.84,30.91,31.97,19249.51399488
1709251200,32.09,35.25,32.02,33.97,13987.73558299
1709337600,33.94,41.05,33.77,39.92,36356.1221687
1709424000,39.85,40.08,34.25,38.08,26162.11662769
1709510400,38.07,41.89,37.04,39.27,28152.3272486
1709596800,39.32,41.6,30.56,35.45,57220.24295276
1709683200,35.46,39.04,34.76,38.58,21457.60388292
1709769600,38.7,39.85,37.63,39.2,23657.10646329
1709856000,39.21,42.2,37.38,40.62,30690.54913761
1709942400,40.62,41.49,39.78,40.48,14977.30935568
1710028800,40.48,43.64,39.25,40.35,17682.05958541
1710115200,40.27,45.95,37.94,43.12,36810.4217122
1710201600,43.13,43.94,39.73,42.57,22797.07621822
1710288000,42.54,44.1,41.97,42.91,15376.35694466
1710374400,42.95,42.95,38.3,40.63,16890.33859892
1710460800,40.65,41.23,35.61,38.91,19648.85692406
1710547200,38.92,39.45,35.29,36.07,10915.31458847
1710633600,36.19,38.7,34.14,37.13,13419.07799734
1710720000,37.04,37.42,34,35.42,15138.26690274
1710806400,35.42,35.8,31.51,32.66,21699.3251254
1710892800,32.79,36.23,31.61,35.82,10620.21446331
1710979200,35.78,36.31,34.79,35.71,8634.70890235
1711065600,35.63,36.73,34.04,35.07,9910.92214489
1711152000,35.04,36.36,34.56,35.72,7560.754832
1711238400,35.66,37.39,35.45,37.01,5202.34275862
1711324800,37.04,38.36,36.6,38.01,8158.66089641
1711411200,38,39.53,37.5,38.73,13811.21422448
1711497600,38.75,39.17,36.44,37.92,8421.993192
1711584000,37.96,39.05,37.35,38.31,7328.39644752
1711670400,38.32,40.82,37.86,39.87,11878.35576275
1711756800,39.85,40.31,38.47,38.78,7154.06135286
1711843200,38.71,40.52,38.67,40.03,7403.01349678
1711929600,40,40.53,36.76,37.8,10873.2366247
1712016000,37.75,37.75,34,36.04,9472.97743462
1712102400,36.07,37,34.86,35.65,7377.64496793
1712188800,35.6,37.59,35.14,37.07,6300.68446156
1712275200,37.01,37.28,35.23,35.98,8085.33491733
1712361600,35.85,37.5,35.83,37.12,3874.15463568
1712448000,37.13,37.97,36.89,37.45,4917.6483442
1712534400,37.43,39.59,37.03,39.19,7112.86927657
1712620800,39.27,39.39,36.88,37.05,8968.80685949
1712707200,36.96,37.25,35.25,37,6327.32984668
1712793600,37.01,37.72,36.29,36.86,5041.1857123
1712880000,36.78,38.49,28.26,31.87,37267.8006917
1712966400,31.83,32.34,25.24,28.24,28274.97428378
1713052800,28.29,30.39,27.27,30.19,18937.51952514
1713139200,30.15,31.44,27.23,28.44,10722.92777701
1713225600,28.36,29.1,26.8,28.26,12963.2606023
1713312000,28.19,29.05,26.59,27.6,8154.15557561
1713398400,27.61,29.33,27.06,29.06,8670.72780664
1713484800,29.02,30.39,26.99,29.62,8383.58620623
1713571200,29.6,31.55,29.34,31.53,4736.95443524
1713657600,31.52,31.64,30.1,30.68,3799.41951475
1713744000,30.84,31.95,30.65,31.74,5923.22120798
1713830400,31.71,32.1,31.04,31.26,5871.91225361
1713916800,31.29,32.27,29.61,30.04,8146.18638811
1714003200,30.1,30.97,29.46,30.54,4424.57349595
1714089600,30.5,31.25,29.61,30.25,5928.489443
1714176000,30.35,31.82,28.85,29.63,7922.59499266
1714262400,29.62,30.21,29.2,29.33,4266.6813344
1714348800,29.35,29.62,28.33,29.44,4219.2540038
1714435200,29.46,29.71,26.98,28.09,7987.70330546
1714521600,28.05,28.97,26.45,28.58,8756.1155498
1714608000,28.57,29.45,27.81,29.13,6159.97728261
1714694400,29.2,30.16,28.78,29.73,6222.41835586
1714780800,29.7,30.8,29.2,29.21,4295.70785466
1714867200,29.26,29.54,28.7,29.22,4636.31684993
1714953600,29.27,30.06,28.64,29.09,8458.94255242
1715040000,29.08,29.36,28.52,28.61,4466.51643655
1715126400,28.64,29.67,28.22,29.44,4697.43663582
1715212800,29.41,30.23,28.8,30.02,5143.10601931
1715299200,29.91,30.32,28.79,29.15,5241.54693796
1715385600,29.15,29.38,28.57,28.58,2362.76282811
1715472000,28.6,28.7,27.68,27.82,2314.29076633
1715558400,27.83,28.48,27,28.14,6202.44628814
1715644800,28.12,28.26,27.3,27.37,3789.86415889
1715731200,27.46,29.18,27.4,29.04,5311.74169049
1715817600,29.05,29.56,28.63,29.42,4003.7435559
1715904000,29.44,30.03,29.15,29.9,3554.42529379
1715990400,29.81,30.02,29.29,29.8,2716.53995539
1716076800,29.77,29.88,28.83,28.83,3632.43239501
1716163200,28.82,32,28.3,31.01,9002.26774781
1716249600,30.99,31.84,30.6,31.1,5435.75039615
1716336000,31.12,31.19,30.35,30.71,4625.12038032
1716422400,30.8,31.04,29.01,30.23,3877.62519678
1716508800,30.33,32.49,29.09,30.64,9088.17860625
1716595200,30.55,30.95,30.15,30.57,2491.88650191
1716681600,30.57,30.59,29.69,29.79,3085.28040489
1716768000,29.8,30.9,29.75,30.75,3500.50018944
1716854400,30.79,30.81,29.89,30,6982.95503653
1716940800,30,30.39,29.04,29.8,5947.24130764
1717027200,29.98,30.71,29.14,29.94,4916.02863564
1717113600,29.94,30.28,29.64,30.19,3837.80602278
1717200000,30.15,30.36,29.92,29.98,2731.38717367
1717286400,30,30.51,29.31,29.31,3059.13540554
1717372800,29.31,29.94,29.2,29.59,5136.33165414
1717459200,29.56,30.09,29.22,30,4496.35602686
1717545600,29.97,30.59,29.95,30.33,3221.10958774
1717632000,30.28,30.46,29.7,30.18,2822.78953014
1717718400,30.18,30.39,26.16,27.95,7391.44824413
1717804800,27.95,28.13,26.4,26.5,7738.60814794
1717891200,26.42,27.21,25.86,26.84,30591.82680541
1717977600,26.86,26.94,25.96,26.19,41267.68693126
1718064000,26.24,26.35,24.7,25.59,13619.50358811
1718150400,25.53,26.93,25,26.5,8219.44254129
1718236800,26.53,26.65,25.81,25.99,2908.43067582
1718323200,25.98,26.64,25.05,25.94,5410.44815958
1718409600,25.9,26.26,25.69,26.04,2024.28714877
1718496000,26.05,26.4,25.45,25.67,1775.20790034
1718582400,25.8,25.9,24.3,24.93,8081.52169184
1718668800,24.94,24.96,21.71,23.11,17059.16464091
1718755200,23.06,23.99,22.82,23.64,4208.44521194
1718841600,23.64,24.32,22.88,23.58,16386.44125189
1718928000,23.57,24.15,23.42,23.73,4466.41379026
1719014400,23.68,24.29,23.57,24.09,1821.04851956
1719100800,24.11,24.47,23.42,23.49,2327.33741283
1719187200,23.51,23.65,22.1,23.12,10727.4277361
1719273600,23.17,24.36,23.05,24.27,4310.75015283
1719360000,24.27,24.36,23.43,23.86,8000.02706369
1719446400,23.87,24.71,23.69,24.65,5464.28801573
1719532800,24.56,25.13,24.45,24.66,2997.57297555
1719619200,24.62,25.07,24.33,24.33,2208.09225702
1719705600,24.33,24.86,23.56,24.83,2280.33675329
1719792000,24.81,24.97,23.91,24,2951.01069347
1719878400,23.98,24.7,23.83,24.64,4218.9147734
1719964800,24.66,25.03,23.35,24.55,8539.19736333
1720051200,24.56,25.13,21.81,21.96,10786.66150427
1720137600,21.97,23.14,19.47,22.88,12156.17089907
1720224000,22.86,23.8,22.47,23.38,4798.21591747
1720310400,23.38,23.65,21.85,21.86,3621.03606846
1720396800,21.99,23.59,21,23,6049.77591927
1720483200,23,24.41,22.83,24.09,6618.77654049
1720569600,24.08,24.14,23.23,23.87,4067.27043491
1720656000,23.84,24.48,23.24,23.94,9574.85958862
1720742400,23.85,24.82,23.6,24.56,6381.69456995
1720828800,24.59,26.18,24.44,26.02,7808.22699932
1720915200,26.09,27.76,25.55,27.03,8059.91209652
1721001600,27.2,27.99,26.59,27.37,6792.95991799
1721088000,27.35,28.09,25.97,28,8648.82392321
1721174400,27.95,28.9,27.4,27.47,5272.82674355
1721260800,27.56,28.11,26.69,27.32,3778.98147399
1721347200,27.29,27.99,26.33,27.53,4952.41754131
1721433600,27.54,28.38,27.32,28,3487.03517824
1721520000,28.11,28.88,27.62,28.28,6291.10094689
1721606400,28.4,28.64,26.61,26.81,7858.39462437
1721692800,26.81,27.34,26.31,26.52,6281.31002151
1721779200,26.52,27.42,26.43,26.73,2798.19219279
1721865600,26.68,26.75,24.76,25.73,5362.00727939
1721952000,25.72,27.18,25.72,26.9,3122.62437947
1722038400,26.87,27.26,26.49,26.88,2394.81097813
1722124800,26.87,27.1,26.45,26.68,2131.90062615
1722211200,26.76,27.78,26.69,26.75,5151.57258084
1722297600,26.77,27.13,26.15,26.21,5883.20331774
1722384000,26.2,27.32,26.08,26.68,5656.15763138
1722470400,26.69,27.14,24.01,25.72,7999.09336097
1722556800,25.77,25.91,24.18,24.37,4422.37381415
1722643200,24.37,25,22.52,23.36,6424.6781267
1722729600,23.34,23.59,21.48,22.24,4590.88168323
1722816000,22.33,23.01,19,22.09,16097.72592614
1722902400,22.06,22.94,21.95,22.43,6732.50014551
1722988800,22.43,23.25,21.83,22.14,4175.03018215
1723075200,22.23,24.01,21.9,23.75,5311.79369556
1723161600,23.76,24.55,23.61,24.44,6557.68345717
1723248000,24.35,24.61,24.07,24.5,4472.53349302
1723334400,24.6,25.07,24,24.35,4198.26885869
1723420800,24.29,25.5,23.57,25.44,6516.40286025
1723507200,25.45,25.96,25.04,25.45,6640.84244525
1723593600,25.41,25.88,25.09,25.73,4171.17722657
1723680000,25.71,25.81,24.14,25.12,4468.62247975
1723766400,25.1,26.05,24.75,25.27,5115.29736149
1723852800,25.25,26.47,24.94,26.13,2834.08042827
1723939200,26.11,26.46,25.77,25.84,3234.69952667
1724025600,25.81,26.75,25.28,26.02,4669.86086307
1724112000,26.04,26.32,24.16,25.24,5036.62143656
1724198400,25.25,26.02,24.81,25.83,3736.2467781
1724284800,25.95,26.52,25.65,26.21,2393.11823104
1724371200,26.14,27.17,25.74,27.1,5528.91086823
1724457600,27.04,27.38,26.56,26.79,3612.68408988
1724544000,26.88,27.08,26,26.33,3377.45984498
1724630400,26.43,26.43,24.76,24.85,4704.24458503
1724716800,24.8,24.96,23.39,23.97,3463.24074313
1724803200,23.84,24.37,23.04,23.66,4040.6151087
1724889600,23.71,24.14,23.12,23.33,2504.83576838
1724976000,23.37,23.86,22.9,23.8,3547.5751456
1725062400,23.82,23.96,23.18,23.48,3932.82134976
1725148800,23.44,23.45,22.62,22.73,3560.56111502
1725235200,22.75,23.91,22.63,23.91,3579.03092195
1725321600,23.85,25.24,23.85,24.21,8639.65370469
1725408000,24.24,24.74,23.28,24.07,11050.74329747
1725494400,24.07,24.13,23.07,24,5429.34818664
1725580800,23.87,24.14,22.59,23.18,5760.65754288
1725667200,23.25,23.8,22.9,23.54,2874.17233584
1725753600,23.58,24.31,23.46,23.93,2426.34663172
1725840000,23.95,24.4,23.72,24.22,4324.47856149
1725926400,24.15,24.23,23.87,24.04,2360.58211943
1726012800,23.98,24.09,23.34,23.89,2808.34795392
1726099200,23.95,24.31,23.83,24.01,2491.61778378
1726185600,24.02,24.5,23.67,24.4,2472.90499494
1726272000,24.41,24.6,24.09,24.49,2579.02578393
1726358400,24.6,24.71,23.44,23.66,2306.1318467
1726444800,23.54,23.6,23.06,23.41,3706.35056027
1726531200,23.37,24.25,23.18,23.97,3861.7167542
1726617600,23.98,24.7,23.26,24.7,5990.991094
1726704000,24.71,25.49,24.71,25.03,6049.81697106
1726790400,25.09,25.41,24.56,25.13,4385.10504699
1726876800,25.15,25.54,24.91,25.48,2892.0836798
1726963200,25.48,25.49,24.39,24.89,3980.8627726
1727049600,24.92,25.55,24.67,25.08,4544.73770707
1727136000,25.1,25.95,24.9,25.86,11038.1174277
1727222400,25.83,26.15,25.45,25.56,5516.15747618
1727308800,25.54,26.21,25.3,25.95,6020.5922494
1727395200,25.96,26.67,25.8,26.01,10033.32572955
1727481600,26.06,26.74,25.31,25.76,6334.05850793
1727568000,25.75,25.89,25.2,25.51,5188.71232822
1727654400,25.52,25.91,24.23,24.43,4057.25904271
1727740800,24.32,24.88,22.19,22.6,11442.4373764
1727827200,22.56,23.54,22.45,22.92,6307.0288053
1727913600,22.93,23.3,22.2,23.1,4748.44723404
1728000000,23.08,23.72,22.9,23.7,5860.12721201
1728086400,23.7,24.05,23.49,23.84,7020.677115
1728172800,23.8,24.43,23.8,24.21,3079.56180716
1728259200,24.24,24.49,23.65,23.67,2904.39945209
1728345600,23.68,24.02,23.07,23.17,2521.46899309
1728432000,23.2,23.37,22.56,22.68,2111.4249514
1728518400,22.68,23.04,22.2,22.96,8117.96045831
1728604800,22.96,23.85,22.96,23.6,3026.01015691
1728691200,23.61,24.14,23.56,23.98,1384.04833578
1728777600,24.01,24.21,23.3,23.73,3192.38285915
1728864000,23.76,24.48,23.41,24.43,2694.04864841
1728950400,24.43,24.61,23.57,24.21,4168.08170495
1729036800,24.19,24.45,23.89,24.04,2496.0758424
1729123200,24.1,24.36,23.43,23.7,3567.67817122
1729209600,23.65,24.4,23,23.78,11355.54934981
1729296000,23.75,24.2,23.72,24.14,2686.89744573
1729382400,24.22,24.68,23.82,24.67,2004.39102029
1729468800,24.63,24.71,23.72,23.92,3012.93788227
1729555200,23.9,23.93,23.15,23.45,2934.4019842
1729641600,23.44,23.44,22.52,23.28,6230.48324124
1729728000,23.29,23.54,22.93,23.45,1824.596272
1729814400,23.45,23.69,21.06,21.92,3989.59617518
1729900800,21.78,22.36,21.62,22.11,2907.39750252
1729987200,22.15,22.43,21.8,22.3,2336.97050774
1730073600,22.32,22.75,21.98,22.62,3285.64886147
1730160000,22.63,23.4,22.57,23.33,5117.96665483
1730246400,23.37,23.46,22.91,23.1,2259.31355983
1730332800,23.16,23.2,22.11,22.17,8404.38875087
1730419200,22.19,22.73,21.83,22.33,3064.32430021
1730505600,22.34,22.73,22.09,22.29,2146.68279907
1730592000,22.32,22.35,21.1,21.8,4742.78873133
1730678400,21.79,22.15,21.09,21.45,4034.4133178
1730764800,21.48,22.11,21.41,21.97,3726.04981692
1730851200,21.98,23.41,21.98,23.35,6943.97328273
1730937600,23.31,23.93,23.18,23.46,7834.28171469
1731024000,23.55,23.8,23.25,23.8,4375.0254958
1731110400,23.84,24.97,23.74,24.96,5155.69317356
1731196800,24.9,27.38,24.64,25.96,18107.35698147
1731283200,25.99,26.87,25.4,26.77,14728.28596115
1731369600,26.8,27.21,24.66,26.31,19123.34915101
1731456000,26.29,27.18,24.5,25.57,15759.28536672
1731542400,25.59,26.4,24.58,25.08,11093.04705687
1731628800,25.15,28.04,24.76,27.84,19911.64582742
1731715200,27.83,30.7,27.62,30.04,30966.68667554
1731801600,30.09,30.31,26.99,27.4,14189.17490406
1731888000,27.41,29.85,27.41,29.62,26834.34023599
1731974400,29.61,30.05,28.09,28.55,8352.97672189
1732060800,28.54,28.55,26.8,27.34,12184.06205006
1732147200,27.28,29.6,27.03,28.78,14399.60446721
1732233600,28.77,29.98,28.34,29.89,16586.93064091
1732320000,29.94,35.53,29.43,33.85,53820.58754109
1732406400,33.59,36.82,31.83,34.18,38786.17491406
1732492800,34.24,35.18,32.35,33.23,23893.99008151
1732579200,33.23,35.49,30.93,33.31,20022.86371131
1732665600,33.18,38.67,32.89,38.14,36434.51869396
1732752000,38.08,38.08,35.32,36.87,11963.7255394
1732838400,36.73,37.61,35.22,37.45,12520.11545046
1732924800,37.44,40.9,36.74,39.49,35640.55875719
1733011200,39.38,47,38.01,46.07,40816.39945821
1733097600,46.07,59.56,46.05,52.24,234381.59329663
1733184000,52.39,62.53,52.36,57.44,134517.69643591
1733270400,57.48,63.44,55.39,58.5,92661.27307349
1733356800,58.56,71.93,55.14,64.81,201980.27246892
1733443200,64.87,65.73,58.58,61.85,115135.83900818
1733529600,61.83,62.94,58.46,59.97,33672.17689121
1733616000,59.65,60.42,56.44,58.25,31056.69376655
1733702400,58.2,58.2,41.28,47.2,101818.56358646
1733788800,47.35,47.99,40.1,45.62,81317.67909031
1733875200,45.58,50.26,43.42,49.19,52293.48048769
1733961600,49.21,51.41,47.56,48.75,57079.41648301
1734048000,48.75,49.73,47.61,48.82,21694.71351815
1734134400,48.8,49.03,45.09,46.09,17711.41047126
1734220800,46.15,48.07,44.54,47.39,27513.34965643
1734307200,47.22,48.19,43.4,44.81,27579.29016515
1734393600,44.84,47.02,43.23,44.38,34980.23816738
1734480000,44.5,44.77,38.04,38.75,35279.53880922
1734566400,38.73,40.26,34.6,36.35,41993.85260658
1734652800,36.45,39.24,31.44,38.13,46946.62390882
1734739200,38.15,42.95,35.05,35.51,24595.31503552
1734825600,35.48,37.15,34.39,35.23,17710.69484875
1734912000,35.12,40.29,34.46,39.09,27038.11987069
1734998400,39.06,45.44,38.31,43.53,65004.95265908
1735084800,43.52,50,43.51,45.74,55582.76635463
1735171200,45.73,46.33,40.57,40.61,25108.16076839
1735257600,40.62,42.29,38.91,39.32,29754.65583952
1735344000,39.31,44,38.78,43.34,25672.39191637
1735430400,43.47,43.75,39.29,39.67,23684.64120482
1735516800,39.57,41.59,37.41,38.47,26614.59843859
1735603200,38.43,39.49,37.44,37.83,14894.16785489
1735689600,37.83,40.52,37.15,39.35,16285.61195484
1735776000,39.52,41.22,38.8,40.26,18775.4749561
1735862400,40.28,43.85,39.26,43.19,19472.61791138
1735948800,43.19,43.68,42.06,42.69,18577.88439218
1736035200,42.73,44.58,41.64,43.68,22941.43299195
1736121600,43.7,44.67,42.48,43.86,21350.21568982
1736208000,43.85,43.85,38.51,38.67,15888.43823275
1736294400,38.77,39.2,35.44,37.64,20459.83890158
1736380800,37.72,38.16,35.6,36.85,10590.68412345
1736467200,36.85,37.72,36.07,37.54,13091.50938382
1736553600,37.56,37.85,36.68,37.27,8799.53421236
1736640000,37.22,37.54,36.29,36.78,6365.21062069
1736726400,36.83,37.7,33.01,35.37,35366.48750636
1736812800,35.25,37.93,35.08,37.68,6840.14581941
1736899200,37.56,40.35,36.79,40.16,21713.94570593
1736985600,40.11,41.41,38.58,39.52,21390.98639311
1737072000,39.53,44.78,39.53,43.61,33539.72922584
1737158400,43.65,44.31,39.02,40.07,22287.02343022
1737244800,39.89,40.59,35,35.68,23020.12895633
1737331200,35.75,39.12,34.59,36.25,21186.4639814
1737417600,36.3,38.54,34.37,36.79,17865.00885904
1737504000,36.82,37.52,35.63,35.8,11582.74818032
1737590400,35.78,36.45,34.5,35.55,21958.21484155
1737676800,35.62,36.15,34.29,35.01,12460.48413132
1737763200,34.88,35.67,34.55,35.21,9570.4804285
1737849600,35.22,35.65,33.77,33.77,11835.27927611
1737936000,33.77,33.88,30.43,33.18,17623.8236026
1738022400,33.28,33.53,30.79,31.07,14542.95239328
1738108800,30.92,33.14,30.76,32.08,12471.08292997
1738195200,32.08,34.91,31.84,34.05,14866.19337181
1738281600,34.15,35.09,33.09,33.89,9265.15965235
1738368000,33.91,34.78,30.37,30.44,13679.93900635
1738454400,30.4,31.3,25.33,26.93,41312.06052341
1738540800,26.87,27.2,20.5,26.88,65216.17570858
1738627200,26.92,27.25,24.23,25.68,29931.4395658
1738713600,25.67,26.35,25.04,25.29,16182.41761864
1738800000,25.3,25.81,23.98,24.64,15475.93970826
1738886400,24.52,26.34,24.09,25.05,39862.41142007
1738972800,24.96,25.82,24.42,25.74,8830.01296083
1739059200,25.79,26.69,24.84,25.83,11304.98676223
1739145600,25.84,27.09,25.06,27.09,14368.78805446
1739232000,27.1,28.38,26.37,27,17651.88174299
1739318400,26.97,28.13,25.7,27.93,10115.12272448
1739404800,27.95,28.62,27,27.74,10358.80889408
1739491200,27.72,29.28,27.18,27.94,63975.58581636
1739577600,27.99,28.26,26.88,27.08,6440.99790896
1739664000,27.06,27.41,26.03,26.72,9579.76559432
1739750400,26.76,27.4,25.97,26.47,7813.6786042
1739836800,26.51,26.58,24.95,25.74,9215.87364093
1739923200,25.75,28.25,25.37,26.52,121057.49397455
1740009600,26.49,27.89,26.34,27.63,6083.94428685
1740096000,27.72,28.56,26.26,26.61,9953.98869788
1740182400,26.5,27.61,26.5,27.35,5342.96162565
1740268800,27.38,27.77,26.8,27.13,4579.41265455
1740355200,27.08,27.12,23.9,24.13,13346.44296595
1740441600,24.18,25.49,22.81,25.49,14569.05252202
1740528000,25.31,26.74,24.87,26.33,60534.07991575
1740614400,26.34,27.1,25.23,26.14,7069.44325958
1740700800,26.1,26.23,23.95,25.89,11938.94476377
1740787200,25.84,26.44,24.75,25.48,8508.1159608
1740873600,25.43,28,25.1,27.29,15428.78230093
1740960000,27.36,27.5,23.79,24.09,15946.37626149
1741046400,23.97,24.53,22.34,24.18,21474.08543993
1741132800,24.14,25,23.82,24.92,7382.89951268
1741219200,24.96,25.37,24.22,24.46,9812.74564781
1741305600,24.4,24.97,23.26,24.2,8082.57228302
1741392000,24.14,24.59,23.78,24.08,6206.38860264
1741478400,24.01,24.26,21.69,22,9431.87939334
1741564800,22,23.2,20.57,20.97,14795.61826201
1741651200,20.95,22.35,19.88,21.75,20410.26559687
1741737600,21.78,22.49,21.12,22.17,54104.56292616
1741824000,22.15,22.45,21.43,22.13,9643.5432835
1741910400,22.14,23.22,22.1,22.7,10517.18769959
1741996800,22.6,23.27,22.5,23.16,18777.43687918
1742083200,23.16,23.32,22.32,22.66,5045.12718734
1742169600,22.66,23.53,22.59,23.32,5912.49287226
1742256000,23.28,24.17,22.57,24.07,10621.99683077
1742342400,24.14,24.7,23.75,24.32,10850.35281013
1742428800,24.34,24.43,23.6,23.66,4337.85046436
1742515200,23.65,23.85,22.83,22.96,3788.66427979
1742601600,23,23.7,22.95,23.31,4871.3834351
1742688000,23.31,25.68,22.59,23.34,20121.99803668
1742774400,23.41,24.2,23.15,23.97,15962.22300961
1742860800,24,24.23,23.54,24.09,7091.97016966
1742947200,24.12,24.62,23.76,23.99,14219.05322012
1743033600,24.01,24.41,23.63,23.89,5311.60583654
1743120000,23.89,24.08,22.54,22.84,8935.64248436
1743206400,22.94,22.96,21,21.43,17854.02669897
1743292800,21.39,22.59,21.31,22.04,8988.20573729
1743379200,22.1,22.61,21.55,22.35,8694.87968028
1743465600,22.42,23.08,22.32,22.6,6026.43081097
1743552000,22.6,22.84,21.13,21.45,10887.38201222
1743638400,21.48,22.05,20.64,21.6,11948.62054408
1743724800,21.68,21.94,21.09,21.7,10420.96875737
1743811200,21.67,21.89,21.19,21.47,2971.54841091
1743897600,21.39,21.43,19.47,19.94,7376.29770809
1743984000,19.96,20.31,17.83,19.68,20569.19349167
1744070400,19.7,20.22,18.76,18.95,9588.61967162
1744156800,18.94,21.4,18.59,20.79,9471.9037873
1744243200,20.8,20.88,19.52,19.93,25433.8580594
1744329600,19.95,20.95,19.89,20.54,8164.35719048
1744416000,20.49,21.41,20.34,21.29,5314.10040934
1744502400,21.33,21.46,20.47,20.54,5152.53159044
1744588800,20.58,21.1,20.55,20.55,5808.98741499
1744675200,20.62,20.89,20.23,20.24,5701.05411963
1744761600,20.22,20.51,19.95,20.15,9939.95972966
1744848000,20.18,20.59,20.07,20.42,2834.35875404
1744934400,20.33,21.19,20.25,20.91,3031.51504247
1745020800,20.82,21.33,20.82,21.06,5045.05668688
1745107200,21.02,21.4,20.96,21.26,23772.48769284
1745193600,21.24,21.59,20.84,20.99,5541.43507685
1745280000,20.96,22.21,20.57,22.14,7697.34005636
1745366400,22.2,22.75,22.06,22.38,5178.77524471
1745452800,22.44,22.44,21.57,22.25,4515.28960008
1745539200,22.2,22.86,21.99,22.41,6777.11474971
1745625600,22.49,22.81,22.17,22.6,5036.86202693
1745712000,22.58,22.64,21.33,21.33,7929.54870359
1745798400,21.36,25,20.92,23.62,53222.02454348
1745884800,23.59,24.15,22.78,23.18,15266.29259312
1745971200,23.12,24.6,22.84,23.5,22528.81845543
1746057600,23.48,23.67,23.01,23.15,9297.33400081
1746144000,23.08,24.03,23.04,23.7,13414.2142053
1746230400,23.73,23.76,22.09,22.48,7699.25084457
1746316800,22.46,22.58,21.66,21.91,7188.53872677
1746403200,21.9,22.17,21.5,21.75,10624.56167494
1746489600,21.76,22,20.42,21.16,17578.50452055
1746576000,21.17,21.68,20.8,21.45,11670.16640992
1746662400,21.42,23.24,21.4,23.2,10018.61194156
1746748800,23.2,24.34,23.03,23.96,11670.45867905
1746835200,24.03,25.25,23.81,25.16,12153.54102004
1746921600,25.11,25.32,24.11,24.54,8175.87654463
1747008000,24.6,25.71,24.19,24.85,20603.12983397
1747094400,24.83,25.84,23.51,25.72,17423.41335429
1747180800,25.72,26.04,24.71,24.79,11468.02622013
1747267200,24.74,25.32,22.76,23.67,16782.93500947
1747353600,23.7,24.14,23.29,23.45,6168.05695504
1747440000,23.45,23.68,22.67,22.92,4272.30481435
1747526400,22.93,24.04,22.71,23.9,5669.23112289
1747612800,23.82,23.93,22.58,23.43,6689.99463629
1747699200,23.44,23.85,22.98,23.59,7377.76035764
1747785600,23.57,24.3,23.2,24,9217.45021627
1747872000,24,25.6,23.94,25.04,17511.2379318
1747958400,25.02,25.9,23.31,23.31,27670.32933755
1748044800,23.33,23.73,21.55,23.23,15536.1321044
1748131200,23.29,23.79,22.59,23.7,7279.1998054
1748217600,23.67,24.09,23.42,23.55,6209.31845765
1748304000,23.6,24.24,23.15,24,9291.97546386
1748390400,23.97,24.29,23.35,23.78,8109.39897709
1748476800,23.76,24.24,23.09,23.19,10522.39257657
1748563200,23.18,23.33,21.65,21.83,11015.65873419
1748649600,21.83,22.15,21.34,21.92,5809.56338921
1748736000,21.86,22.21,21.46,22.14,6326.07398715
1748822400,22.15,22.68,21.55,22.35,6022.75124449
1748908800,22.34,22.66,22.13,22.4,3922.47817088
1748995200,22.34,22.59,21.51,21.51,6793.16806752
1749081600,21.54,21.74,20.37,20.55,13295.9297487
1749168000,20.55,21.53,20.33,21.27,4713.29051693
1749254400,21.29,21.78,21.23,21.64,3837.73445896
1749340800,21.62,21.82,21.23,21.52,2959.87012839
1749427200,21.45,22.34,21.2,22.27,6478.15279638
1749513600,22.28,22.93,21.88,22.69,5222.64390297
1749600000,22.71,22.71,21.7,21.89,7074.19652834
1749686400,21.88,21.95,20.62,20.79,6305.55253715
1749772800,20.7,20.7,19.55,20.5,5363.29393182
1749859200,20.49,20.56,20.07,20.21,3056.75791836
1749945600,20.18,20.42,19.92,20.12,1844.09032665
1750032000,20.11,20.95,19.96,20.15,3263.71432027
1750118400,20.14,20.43,19.44,19.64,5787.79949211
1750204800,19.64,20.04,19.17,19.84,4293.85322873
1750291200,19.79,20.03,19.56,19.9,2858.22298423
1750377600,19.92,20.26,19.03,19.48,3687.63765258
1750464000,19.49,19.71,18.31,18.79,4906.24800487
1750550400,18.8,19.03,17.45,18.29,11961.45702944
1750636800,18.26,19.83,18.08,19.76,39852.33371808
1750723200,19.78,20.48,19.7,20.07,6724.63864196
1750809600,20.15,20.72,19.64,19.71,6161.58055732
1750896000,19.74,20.15,19.18,19.29,7697.85130207
1750982400,19.28,19.6,19.14,19.47,2767.06484086
1751068800,19.48,20,19.38,19.88,2922.52019856
1751155200,19.88,20.45,19.77,20.36,4514.9234827
1751241600,20.37,20.55,19.78,20.05,14821.8476551
1751328000,20.04,20.09,19.07,19.3,5825.6350473
1751414400,19.25,20.61,19.12,20.51,11201.95777705
1751500800,20.54,21.08,20.27,20.43,7060.00363739
1751587200,20.44,20.53,19.68,19.73,4270.30174222
1751673600,19.84,19.99,19.6,19.8,2636.18882177
1751760000,19.79,20.3,19.67,20.07,5003.45004752
1751846400,20.08,20.24,19.69,19.82,2864.15784661
1751932800,19.83,20.54,19.63,20.03,5357.43459973
1752019200,19.99,20.88,19.84,20.77,6066.42471585
1752105600,20.72,21.69,20.63,21.5,9883.18814942
1752192000,21.45,22.55,21.29,21.81,10521.73851017
1752278400,21.78,22.38,21.2,21.76,14766.86618764
1752364800,21.81,23.04,21.7,22.29,8314.28574445
1752451200,22.27,23.19,21.89,22.08,8695.95126877
1752537600,22.07,22.37,21.15,22.31,7752.27155511
1752624000,22.29,23.45,21.7,22.66,24813.00950143
1752710400,22.62,22.99,22.21,22.67,7944.68407164
1752796800,22.7,25.12,22.61,23.68,19314.50471392
1752883200,23.68,24.79,23.07,24.36,8865.43152396
1752969600,24.23,26.24,24.21,25.15,21272.16436468
1753056000,25.21,26,24.65,25.01,10898.10942712
1753142400,25.07,25.73,24.27,25.44,11911.26430173
1753228800,25.35,26.07,22.97,23.29,12530.43884509
1753315200,23.29,23.61,21.95,22.76,9009.66181733
1753401600,22.68,23.04,22.1,22.73,13179.06111763
1753488000,22.7,22.99,22.29,22.42,6861.11971116
1753574400,22.46,23.28,22.34,23.19,3173.53873206
1753660800,23.19,23.8,21.65,21.71,9602.91981422
1753747200,21.74,22.08,20.91,21.16,9748.7183173
1753833600,21.14,21.39,20.26,21.36,3969.3115347
1753920000,21.31,21.98,20.46,20.55,10954.80924192
1754006400,20.55,20.9,19.9,20.39,8896.18746225
1754092800,20.39,20.59,19.74,20.04,8160.85571868
1754179200,20.02,20.77,19.84,20.63,6235.04090808
1754265600,20.62,21.94,20.55,21.76,7035.19508029
1754352000,21.7,21.84,20.72,21.11,8647.31160824
1754438400,21.08,21.48,20.62,21.08,7025.46094435
1754524800,21.1,22.14,20.93,22,7306.86094673
1754611200,22,22.94,21.79,22.68,4928.40080218
1754697600,22.63,23.75,22.54,23.19,7338.59529711
1754784000,23.23,23.51,22.52,23.04,3259.69347307
1754870400,23.09,23.74,22.38,22.48,6062.65867367
1754956800,22.54,23.7,22.11,23.46,11282.25143556
1755043200,23.45,24.02,23.09,23.94,8429.5474906
1755129600,23.96,24.24,21.94,22.21,9626.51957295
1755216000,22.21,22.74,21.56,22.38,2965.75349412
1755302400,22.4,23.48,22.33,23.26,2212.78046686
1755388800,23.28,23.57,22.85,22.86,2972.36774228
1755475200,22.84,22.95,21.96,22.22,3886.06510635
1755561600,22.25,22.41,21.28,21.28,3275.57591147
1755648000,21.33,22.32,21.19,22.21,25852.44137373
1755734400,22.18,22.42,21.57,22.09,4299.55839526
1755820800,22.09,23.27,21.16,23.18,3645.85209081
1755907200,23.19,27.78,22.7,23.27,26044.35777462
1755993600,23.29,23.7,22.5,22.94,5027.38798682
1756080000,22.94,23.26,21.48,21.72,3220.61612075
1756166400,21.61,23.63,21.61,23.24,6322.63894027
1756252800,23.28,23.76,22.84,23.58,4719.89920214
1756339200,23.61,23.92,22.95,23.44,3528.83730801
1756425600,23.41,26.48,22.33,22.67,6940.72905762
1756512000,22.64,24.49,22.37,24.28,5804.26783053
1756598400,24.28,24.87,23.57,23.59,12189.95975594
1756684800,23.55,23.55,22.28,22.78,7096.69211544
1756771200,22.78,23.34,22.49,23.28,4605.0276076
1756857600,23.3,24.17,23.19,24.02,5844.17245588
1756944000,24.01,24.13,23.08,23.32,4591.10476198
1757030400,23.35,24.31,23.27,23.97,5086.10745516
1757116800,23.97,24.08,23.43,23.68,2013.58100586
1757203200,23.69,25.44,23.69,24.55,10772.65286777
1757289600,24.51,25.61,24.51,25.25,10789.684156
1757376000,25.32,26.68,24.49,24.9,10118.56262654
1757462400,24.79,25.41,24.29,24.61,2724.89401966
1757548800,24.66,25.18,24.22,24.56,5717.22931356
1757635200,24.57,25.01,24.2,24.93,5168.04646188
1757721600,24.94,25.59,24.71,25.32,5159.46551741
1757808000,25.27,25.3,24,24.23,1791.73786611
1757894400,24.26,24.5,22.78,23.21,4391.78584791
1757980800,23.16,23.94,22.99,23.67,4390.39334744
1758067200,23.61,24.13,23.22,24.04,2284.76688216
1758153600,24.01,24.51,23.88,24.39,4403.50062724
1758240000,24.41,24.67,23.07,23.18,2945.42750323
1758326400,23.17,23.61,23.02,23.31,2094.39226883
1758412800,23.29,23.37,22.87,22.93,1775.0893913
1758499200,22.91,22.94,20.08,21.11,13924.69583624
1758585600,21.09,21.32,20.68,21.07,2053.66109766
1758672000,21.2,21.61,20.73,21.15,7167.70104654
1758758400,21.15,21.18,19.91,20.17,8041.36265136
1758844800,20.2,20.75,19.9,20.61,4544.51564357
1758931200,20.62,21.18,20.55,20.89,2705.892668
1759017600,20.89,21.36,20.66,21.3,2223.88167014
1759104000,21.32,23,21.29,22.66,16048.31009184
1759190400,22.65,23.08,21.87,22.42,8577.55662013
1759276800,22.4,34.27,22.19,31.21,204453.37087536
1759363200,31.23,39.85,29.65,32.67,300055.80354858
1759449600,32.69,35.92,31.4,31.66,90797.47940539
1759536000,31.57,36.78,29.48,34.34,126729.42622585
1759622400,34.34,38.36,33.56,35.43,100980.75501642
1759708800,35.36,35.98,34.23,34.57,37874.07047316
1759795200,34.56,34.61,29.8,29.95,35534.16723207
1759881600,30.01,34.46,28.02,33.09,90453.92266139
1759968000,33.23,36.53,30.06,35.1,72120.25407707
1760054400,35.12,49.13,28.36,37.8,410598.91797829
1760140800,37.8,43.83,33.64,39.68,120929.92664004
1760227200,39.66,71.9,36.98,53.27,406761.26830466
1760313600,53.3,61.71,49.36,50.8,206246.16679033
1760400000,50.79,51.34,43.2,45.27,177056.83112947
1760486400,45.27,52.91,44.45,45.65,136366.64512523
1760572800,45.66,49.89,40.63,42.25,112457.51469244
1760659200,42.22,49.49,38.73,43.18,123010.02186334
1760745600,43.29,48,41.69,42.58,68947.75915712
1760832000,42.57,45.84,41.82,43.56,52615.83848925
1760918400,43.52,51.9,41.52,48.91,80276.25504231
1761004800,48.98,50.97,43.18,45.2,99970.90235783
1761091200,45.24,47.6,40.29,41.57,57895.64747865
1761177600,41.61,43.56,40.93,41.8,31813.54946002
1761264000,41.88,43.5,39.36,41.89,57579.57000152
1761350400,41.86,42.23,40.48,42,26023.95909011
1761436800,41.75,52,41.25,49.94,119603.03571083
1761523200,49.95,55.12,47.71,48.64,105291.43458903
1761609600,48.65,49.74,44.82,45.72,73178.87474721
1761696000,45.73,49.5,45.25,46.41,84170.5011558
1761782400,46.36,47.58,41.02,43.7,66951.0627156
1761868800,43.77,53.37,43.57,52.91,106248.15322528
1761955200,52.79,79.57,52.25,73.79,733362.99533087
1762041600,73.81,96.37,70.29,89.61,634827.77805285
1762128000,89.41,120,80,119.24,795925.56808111
1762214400,119.08,150.16,109.4,121.21,1311478.90794873
1762300800,121.15,123.12,99.51,104,765562.47975269
1762387200,104,133.74,96.92,112.75,806678.91346128
1762473600,112.61,124.62,100.04,101.13,547632.36596568
1762560000,101.26,103.05,75.21,81.68,603224.25232421
1762646400,81.44,96.51,72.38,81.38,494710.82975448
1762732800,81.51,85.8,71.18,72.63,289905.1544822
1762819200,72.68,77.46,65.5,67.03,215843.81071759
1762905600,67.03,73.1,63.42,67.11,218917.48253071
1762992000,67.11,71.67,61.48,63.68,167100.20682526
1763078400,63.58,78.4,61.48,74.1,323790.23072012
1763164800,74.24,114.09,70.11,98.72,971912.5371805
1763251200,98.55,103.97,82.77,85.36,909361.17299337
1763337600,85.3,91.55,78.7,82.18,443451.56629859
1763424000,82.17,82.17,73.06,77.74,263106.05119451
1763510400,77.7,83.04,72.64,79.8,238297.38768133
1763596800,79.7,85.88,72.72,72.84,285308.1762676
1763683200,72.87,74.26,58.37,60.63,266071.71326917
1763769600,60.61,61.48,52.64,56.96,190205.63245549
1763856000,56.99,62.52,56.39,56.46,162507.00284434
1763942400,56.46,60.84,54.93,56.53,128358.26445217
1764028800,56.6,57.63,54.3,57.28,69132.13731728
1764115200,57.33,70.09,57.33,70.09,297039.25683049
1764201600,70.08,71.59,61.4,61.46,119573.45705247
1764288000,61.61,61.77,57.13,58.44,105143.14557203
1764374400,58.45,58.84,55.71,56.56,64680.14745093
1764460800,56.56,57.46,53.23,53.4,41257.85793384
1764547200,53.35,53.42,46.57,48.33,124737.94217073
1764633600,48.34,51.09,46.08,47.48,109894.07864584
1764720000,47.41,52.79,46.26,48.77,138933.21272006
1764806400,48.73,51.19,46.89,49.47,120556.35430037
1764892800,49.47,52.53,46.41,46.88,115685.04102394
1764979200,46.87,49,46.23,47.33,30953.15789441
1765065600,47.39,47.58,43.2,44.49,100725.18626021
1765152000,44.37,52.64,44.32,49.62,101117.05002818
1765238400,49.56,51.42,47.27,50.36,78767.24177003
1765324800,50.27,53.35,46.4,46.74,117042.58280414
1765411200,46.74,49.62,45.5,48.08,54220.64875574
1765497600,48.12,48.71,45.57,46.57,28459.7281854
1765584000,46.58,47.17,44.21,44.91,51427.8125298
1765670400,44.9,45.49,40.64,41.03,40083.65085412
1765756800,41.06,43.68,39.09,40.83,59310.54924547
1765843200,40.8,42.64,39.19,41.13,67364.38455871
1765929600,41.11,41.46,37.94,38.04,43371.50694663
1766016000,38.02,39.16,35.07,35.71,53338.62505711
1766102400,35.73,39.73,34.97,38.61,225339.00856247
1766188800,38.65,41.23,38.41,40.01,42062.9575423
1766275200,39.97,40.07,37.57,38.31,24884.75498593
1766361600,38.35,39.37,37.32,38.35,54685.30423302
1766448000,38.32,38.98,36.71,37.76,23719.92752602
1766534400,37.79,38.48,36.17,38.26,31901.56733824
1766620800,38.29,40.38,37.81,37.94,37631.69760316
1766707200,37.94,39.8,37.77,39.27,29880.73065819
1766793600,39.27,47.17,39.05,44.68,137725.0833849
1766880000,44.69,45.86,43.5,44,65450.41930756
1766966400,44,45.15,41.9,42.3,101733.20412163
1767052800,42.29,43.71,42.05,42.61,29117.96110446
1767139200,42.57,43.36,40.63,41.56,70698.20231894
1767225600,41.58,44.41,40.92,43.31,41141.55353765
1767312000,43.28,43.5,41.07,42.74,54964.39755757
1767398400,42.77,45.1,42.21,43.2,33626.98883676
1767484800,43.23,44.39,42.3,43.42,42632.91324753
1767571200,43.42,44.48,40,43.97,58137.49089721
1767657600,43.94,46.77,42.89,44.62,63866.86760322
1767744000,44.57,44.67,40.44,40.82,46131.46767902
1767830400,40.85,41.42,37.56,38.75,73917.39465925
1767916800,38.76,39.58,37.54,37.8,25459.07019776
1768003200,37.79,37.9,36.62,37.21,29092.3461929
1768089600,37.19,38.16,36.59,37.27,25325.60082576
1768176000,37.23,39.5,36.78,39.45,52703.51352737
1768262400,39.44,69.92,39.21,58.97,712545.58784892
1768348800,58.96,88.54,56.13,80,809730.9898095
1768435200,80.04,87.4,75.48,80.7,571351.35270708
1768521600,80.72,96.81,79.88,85.67,619914.38723663
1768608000,85.56,85.8,73.1,74.52,352480.94168185
1768694400,74.51,91.75,71.82,78.89,516556.8631006
1768780800,78.96,88.47,72,75.35,464242.07405723
1768867200,75.3,75.9,67.67,69.86,453487.9607244
1768953600,69.85,72.36,66.32,67.31,259004.43346289
1769040000,67.3,68.41,62.21,62.61,164001.09947727
1769126400,62.64,73,62.52,67.44,322924.6009631
1769212800,67.43,67.48,62.83,63.21,199585.62807812
1769299200,63.24,66.19,58.53,58.7,197300.72926393
1769385600,58.69,61.5,57.53,59.89,148040.86736522
1769472000,59.89,65.64,59.65,62.3,182981.23354726
1769558400,62.37,63.59,57.47,58.26,104778.42536038
1769644800,58.24,59.02,53.39,54.57,98564.81126743
1769731200,54.58,55.3,49.5,51.25,118557.11104229
1769817600,51.24,51.35,41.21,44.3,143257.91770041
1769904000,44.28,46.73,42.09,43.96,86147.37398205
1769990400,43.96,45.64,42.15,44.12,63554.12805723
1770076800,44.12,44.81,40.1,41.4,158372.87782871
1770163200,41.41,42.59,39.36,39.53,76893.82475712
1770249600,39.51,40.67,33.55,34,134687.07491601
1770336000,33.99,39.82,30.85,37.73,130149.11320424
1770422400,37.72,38.03,34.91,36.78,77609.20204775
1770508800,36.79,38.47,35.52,37.12,62760.77223113
1770595200,37.14,37.49,34.62,36.48,50043.40256933
1770681600,36.49,37.16,34.28,35.19,45939.72886098
1770768000,35.2,35.87,32.27,33.88,64464.88104504
1770854400,33.87,35.16,33.07,34.28,34010.05966069
1770940800,34.31,39.16,33.81,37,90971.04789963
1771027200,36.98,41.61,36.96,40.11,145214.02314082
1771113600,40.11,41.44,36.69,37.55,88914.55338168
1771200000,37.54,39.24,36.74,38.1,50140.18624614
1771286400,38.09,38.73,36.57,37.3,43107.39112983
1771372800,37.29,38.21,35.23,35.51,27084.44705973
1771459200,35.48,36.36,34.08,34.59,34224.86695839
1771545600,34.59,35.4,32.79,35.25,66250.4669568
1771632000,35.23,36,33.88,33.93,57735.51499428
1771718400,33.91,34.54,32.67,33.14,52703.78434086
1771804800,33.15,33.9,31.1,32.01,61500.1261776
1771891200,32,33.42,31.28,32.39,48932.26845343
1771977600,32.39,36.14,32.17,34.79,63149.20976334
1772064000,34.79,36.3,33.71,34.15,42480.94931293
1772150400,34.16,35.73,32.46,33.24,41128.24391723
1772236800,33.26,33.48,30.61,32.89,54667.55152769
1772323200,32.88,34.56,31.07,31.87,31507.90176183
1772409600,31.87,35.24,31.42,34.8,51624.75369669
1772496000,34.81,34.94,32.37,34.21,30088.28442322
1772582400,34.22,36.35,33.61,35.08,65746.97806134
1772668800,35.09,35.47,33.72,34.31,34699.14960316
1772755200,34.31,34.79,32.15,32.47,25453.40448054
1772841600,32.49,32.9,31.58,31.79,22987.63454903
1772928000,31.79,31.82,30.08,30.4,25318.29169445
1773014400,30.4,32.9,30.13,32.15,42049.04245823
1773100800,32.17,33.55,32.03,32.23,30138.4832037
1773187200,32.2,32.8,31.68,32.5,18931.9182214
1773273600,32.44,33,31.91,32.83,12631.97243428
1773360000,32.83,34.22,32.13,32.31,38341.4579373
1773446400,32.36,33.33,32.24,32.65,16037.39264521
1773532800,32.58,34.14,32.41,33.86,30880.87011462
1773619200,33.86,37.48,33.65,35.97,93502.12294104
1773705600,35.93,36.35,34.04,35.3,109759.5505882
1773792000,35.3,35.84,31.81,32.62,86536.7690957
1773878400,32.59,32.84,31.12,31.38,30612.95680151
1773964800,31.38,32.22,31.33,32.12,23216.80057269
1774051200,32.14,33.37,31.04,31.34,21978.9550465
1774137600,31.14,32.66,30.85,32.16,27879.13256192
1774224000,32.29,34.87,32.18,34.55,77629.83070647
1774310400,34.55,35.19,33.4,34.33,30820.84000212
1774396800,34.32,34.96,33.59,34.14,19420.31770474
1774483200,34.1,34.38,31.94,32.27,21990.72746267
1774569600,32.28,32.85,31.38,31.62,17890.34195073
1774656000,31.65,32.63,31.11,31.68,17493.2415829
1774742400,31.69,32.35,30.88,31.85,15284.09939356
1774828800,31.86,32.96,31.64,32.02,15430.14706709
1774915200,32.06,33.33,31.7,32.66,21010.69879902
1775001600,32.65,33.11,31.57,31.65,25816.48276568
1775088000,31.65,31.97,29.33,30.17,42477.59216059
1775174400,30.17,30.58,29.7,29.84,25787.11502849
1775260800,29.82,30.86,29.55,30.82,20643.41486066
1775347200,30.75,31.01,29.76,30.46,17281.52759128
1775433600,30.47,31.23,29.85,30.13,17892.56485095
1775520000,30.12,34.09,29.97,33.59,46141.3036238
1775606400,33.59,33.9,31.88,32.09,51816.24483089
1775692800,32.07,37.8,31.57,35.9,75549.56665534
1775779200,35.88,46.45,35.58,45.81,328602.25071229
1775865600,45.81,47.95,43.17,46.24,159130.72692535
1775952000,46.24,47.79,40.7,40.87,202178.00553413
1776038400,40.88,43.67,39.72,41.39,109422.61030702
1776124800,41.35,41.68,37.72,38.3,59212.82403356
1776211200,38.31,39.14,37.75,38.06,51167.80495904
1776297600,38.08,38.59,36.31,36.97,73189.50270411
1776384000,36.96,38.22,36.24,36.9,42773.61840125
1776470400,36.98,37.41,34,34.54,45754.51091661
1776556800,34.5,35.88,33.4,33.55,34794.63022005
1776643200,33.64,34.79,33.34,34.27,19576.80205852
1776729600,34.31,37.56,34.1,36.72,73706.59169428
1776816000,36.74,38.07,35.21,35.38,79039.52184495
1776902400,35.34,36.76,34.54,36.53,46902.51396588
1776988800,36.54,37.41,35.47,36.61,39270.6761119
1777075200,36.59,36.69,35.75,36.13,11900.67120207
1777161600,36.16,37.09,35.99,36.34,14999.59112505
1777248000,36.35,37.2,34.48,35.5,24529.42634208
1777334400,35.53,35.84,34.6,34.83,16207.14485753
1777420800,34.83,35.76,33.65,34.5,17385.56929839
1777507200,34.51,35.55,34.07,35.35,17327.56449924
1777593600,35.32,38.87,34.96,37.64,73770.53838127
1777680000,37.7,38.73,36.7,37.1,42980.88295413
1777766400,37.12,39.61,36.83,39.24,78456.32290428
1777852800,39.26,51.36,39,47.47,401729.31743283
1777939200,47.53,50.15,44.46,49.1,140555.09217051
1778025600,49.16,58.29,47.57,51.36,394220.23172018
1778112000,51.41,54.27,49.51,52.13,167816.86355803
1778198400,52.21,52.58,47.29,50.22,76718.71753923
1778284800,50.18,52.79,48.85,48.88,71720.22031092
1778371200,48.88,49.92,45.86,47.59,59635.52247841
1778457600,47.6,47.82,46.08,46.75,29394.63641955
1778544000,46.72,47.16,44.69,46.35,32660.51363715
1778630400,46.38,47.57,43.35,43.88,42999.09669614
1778716800,43.88,47.08,43.14,46.35,35749.96970155
1778803200,46.36,46.42,42.74,43.34,29481.95569518
1778889600,43.29,43.52,40.37,41.3,35153.23459596
1778976000,41.3,42.73,39.97,40.7,25827.12831745
1779062400,40.67,43.36,40.17,42.81,37610.35057579
1779148800,42.79,43.38,41.71,42.15,28947.001679
1779235200,42.22,51.22,41.54,50.75,169080.11586045
1779321600,50.72,54.99,46.72,48.81,157521.51772134
1779408000,48.8,49.55,42.39,42.7,70620.92013526
1779494400,42.68,46.69,41.54,46.01,62379.73726778
1779580800,45.93,47.23,44.52,45.96,36020.02483446
1779667200,45.98,47.38,44.37,44.74,34699.3910546
1779753600,44.77,45.59,42.95,43.49,43921.0976474
1779840000,43.51,44.3,42.07,42.45,25827.99949319
1779926400,42.41,42.6,38.37,40.13,40656.46409849
1780012800,40.09,40.86,38.89,39.38,24108.10870436
1780099200,39.34,40.23,38.49,39.39,21689.74905651
1780185600,39.39,40.54,38.76,40.19,19545.52920871
1780272000,40.2,41.46,38.05,39.57,46782.11921694
1780358400,39.49,40.7,36.87,37.81,50612.11830747
1780444800,37.87,40.33,37.87,39.27,47260.41888725
1780531200,39.25,39.69,33.19,34.12,51385.14317914
1780617600,34.11,34.23,29.44,31.5,166967.02605714
1780704000,31.5,33.2,29.56,32.72,54068.88496215
1780790400,32.72,38.32,32.4,36.91,105687.91938763
1780876800,36.95,37.57,36.28,36.9,48182.8220118
1780963200,36.9,38.42,35.08,35.11,52032.16840689
1781049600,35.16,35.57,33.25,33.65,33106.60608945
1781136000,33.66,36.14,33.65,35.63,27650.55416447
1781222400,35.63,35.78,34.25,34.34,14416.40841766
1781308800,34.34,35.76,34.27,35.5,6815.93423251
1781395200,35.51,38.41,34.6,38.36,22752.33471659
1781481600,38.36,40.17,37.46,38.2,62539.0226024
1781568000,38.22,38.79,36.83,37.47,23480.04735671
1781654400,37.41,38.11,35.74,36.22,18050.68953958
1781740800,36.24,36.58,34.53,35.38,16160.79352527
1781827200,35.37,37.54,34.47,37.54,8494.09737869
1781913600,37.54,38.18,35.99,36.93,21477.8363753
1782000000,36.92,37.29,34.47,34.72,29563.26566685
1782086400,34.69,35.68,34.09,34.54,51345.70564828
1782172800,34.52,36.83,33.5,36.25,75874.21767138
1782259200,36.39,36.94,31.91,33.67,95925.09849629
1782345600,33.68,35.42,32.15,33.98,41652.9571643
1782432000,33.97,34.98,32.6,34.29,23487.7943314
1782518400,34.24,34.48,32.75,32.93,17897.1744627
1782604800,32.96,33.08,31.72,31.99,12857.4185812
1782691200,32.01,33.94,31.75,33.5,16200.87664547
1782777600,33.32,33.45,32.27,32.48,13337.93467615
1782864000,32.49,33.86,31.71,33.04,23690.55833129
1782950400,33.09,34.98,33.02,34.54,16734.16226388
1783036800,34.56,36.52,34.5,35.83,24193.30261522
1783123200,35.89,36.55,34.94,35.64,9884.71787695
1783209600,35.62,35.76,34.53,35.64,5784.9834419
1783296000,35.59,35.85,34,35.12,10630.56193565
1783382400,35.25,37.3,34.56,35.38,15069.51810401
1783468800,35.38,35.81,33.22,34.47,12714.38758664
1783555200,34.51,34.52,33.62,34.1,9291.67501864
1783641600,34.14,35.5,33.94,34.82,18414.27526692
1783728000,34.81,35.43,33.88,33.88,8595.17470821
1783814400,33.88,35.5,33.7,34.4,12381.98062901
1783900800,34.6,35.19,32.56,32.92,20607.98745503
1783987200,32.91,34.35,32.4,34.33,22160.43405251
1784073600,34.24,35.56,33.91,34.53,32916.82976299
1784160000,34.53,34.74,33.17,33.23,9555.2780685
1784246400,33.31,34.51,33.04,34.32,12619.12115075
1784332800,34.28,34.43,33.54,34.26,7046.57789199
1784419200,34.08,34.97,33.71,34.26,12224.96026083
1784505600,34.42,34.67,33.63,34.08,8197.81657776
1784592000,34.08,35.18,33.82,34.85,14125.16386713
1784678400,34.87,35.03,33.24,33.52,18167.82692222
1784764800,33.52,33.83,32.66,32.82,22983.18726067
1784851200,32.85,33.13,31.86,32.12,11354.76436008
1784937600,31.99,32.79,31.93,32.46,5822.84686323
1785024000,32.48,33.05,32.32,32.88,4352.77609721
1785110400,32.89,33.02,31.05,31.24,9068.83759462
1785196800,31.22,31.8,29.94,31.37,14081.41125781
1785283200,31.4,31.52,28.9,29.57,61165.68341921
1785369600,29.54,30.6,29.19,30.25,20595.63030813
1785456000,30.23,30.94,29.55,30.87,12684.01913681
1785542400,30.89,32.19,30.56,31.12,13255.16451558
1785628800,31.12,31.72,31.05,31.42,8244.44188336
1785715200,31.39,31.58,30.69,31.17,4153.12967514
1785801600,31.17,31.63,30.92,31.23,11591.38771745
1785888000,31.22,31.65,30.72,30.84,10524.16947014
1785974400,30.82,31.4,30.04,31.14,9584.44482768
1786060800,31.12,31.31,30.72,30.79,4986.5497729
1786147200,30.76,32.28,30.51,31.92,15018.34345965
1786233600,31.9,32.05,30.99,31.03,6802.14378395
1786320000,30.97,31.29,30.72,30.77,8766.33797355
1786406400,30.77,30.94,30.23,30.67,14518.18939294
1786492800,30.65,30.74,29.88,30.05,4493.20561043
1786579200,30.05,30.46,29.85,30.41,4373.75232013
1786665600,30.39,30.63,29.6,30.13,7245.90406451
1786752000,30.17,30.22,29.65,29.69,3553.15858366
1786838400,29.68,30.38,29.49,29.95,17459.60135301
1786924800,29.9,30.63,29.84,30.48,6204.28842708
1787011200,30.46,30.64,29.7,29.78,5465.79989266
1787097600,29.79,32.25,29.57,31.77,24775.30654973
1787184000,31.77,33.63,31.44,32.7,25950.29147346
1787270400,32.67,39.62,32.65,38.75,71903.3513844
1787356800,38.71,49.75,36.39,41.14,254333.97039432
1787443200,41.14,43.77,38.47,42.37,88859.75201768
1787529600,42.4,43.39,40.58,41.56,61927.77663178
1787616000,41.5,44.8,37.35,37.9,136065.71360589
1787702400,37.91,39.55,36.85,39.19,58164.28245555
1787788800,39.21,40.63,38.02,39.64,48841.68070548
1787875200,39.58,40.58,36.87,38.51,27254.44509848
1787961600,38.5,42.62,38.26,41.24,46441.84488678
1788048000,41.24,44.5,40.51,41.79,55719.18720885
1788134400,41.74,49.1,40.55,44.92,109136.96951227
1788220800,45.01,47.59,42.86,43.94,45276.02066463
1788307200,43.91,43.91,41.14,42.63,56830.26997313
1788393600,42.64,47.62,42.07,47.5,52416.93882581
1788480000,47.44,64.18,46.11,62.59,283239.25258673
1788566400,62.64,88,61.43,65.45,444975.57050611
1788652800,65.44,78.54,65.16,71.37,269431.24784936
1788739200,71.29,72.4,62.45,62.7,161777.21809113
1788825600,62.76,65,61.36,62.41,73516.25666421
1788912000,62.5,66.42,58.01,58.55,91715.57617471
1788998400,58.69,58.89,53.88,53.97,76862.86975541
1789084800,54.02,59.54,53.98,56.86,57656.57446305
1789171200,56.76,57.25,54.6,54.78,17255.03986066
1789257600,54.7,56.13,52.59,53.03,24121.41246401
1789344000,53.09,56.35,52.74,53.78,54117.1625951
1789430400,53.78,54.17,49.68,50.48,47297.62967414
1789516800,50.44,57.52,49.96,55.94,101238.49262637
1789603200,55.96,62.5,55.76,61.12,116712.80946983
1789689600,60.94,65.03,57.5,63.81,105943.52615493
1789776000,63.64,64.21,57.64,58.72,53190.72488417
1789862400,58.73,59.2,54.45,57.72,68897.77734876
1789948800,57.75,58.68,56.24,57.39,9879.86802283
