ts,open,high,low,close,volume
1622678400,0.4875,0.4875,0.3779,0.4015,190111721.7
1622764800,0.4015,0.4039,0.35,0.3769,570165109.2
1622851200,0.3769,0.3948,0.3598,0.3718,221827648.1
1622937600,0.3718,0.3774,0.3669,0.3717,125063397.2
1623024000,0.3719,0.38,0.3274,0.3315,205450202.3
1623110400,0.3317,0.3422,0.2959,0.3264,287575509.5
1623196800,0.3264,0.3548,0.3125,0.3436,197780888.9
1623283200,0.3437,0.3455,0.3228,0.3261,144170835.3
1623369600,0.3262,0.3343,0.311,0.3189,132298372.1
1623456000,0.3189,0.3192,0.3011,0.3121,94733927
1623542400,0.3123,0.3306,0.3077,0.3243,73923729.4
1623628800,0.3243,0.3377,0.3196,0.3276,93716865.3
1623715200,0.3277,0.3307,0.3165,0.3204,83817626.3
1623801600,0.3204,0.3213,0.3051,0.3077,82167983.9
1623888000,0.3078,0.3141,0.3028,0.3064,56543539.4
1623974400,0.3062,0.3078,0.2799,0.2934,176036609.4
1624060800,0.2935,0.298,0.2856,0.2856,57112283
1624147200,0.2858,0.2896,0.255,0.2803,158647350.2
1624233600,0.2803,0.2811,0.1643,0.1788,791737076
1624320000,0.1787,0.2175,0.1633,0.1909,794429143.4
1624406400,0.1909,0.2495,0.1805,0.2349,564383669.4
1624492800,0.2349,0.27,0.2218,0.264,351286805.7
1624579200,0.264,0.29,0.2285,0.2375,645832694.1
1624665600,0.2374,0.2557,0.2306,0.2459,208364317.6
1624752000,0.2458,0.2677,0.2403,0.2647,180482566.4
1624838400,0.2646,0.2669,0.2506,0.2572,171045051.3
1624924800,0.2571,0.2758,0.2527,0.2636,195143202.1
1625011200,0.2635,0.2641,0.2378,0.2541,184596444.7
1625097600,0.2539,0.2619,0.2383,0.2441,164261335.3
1625184000,0.2438,0.2489,0.2385,0.2452,111923201.4
1625270400,0.2453,0.2502,0.242,0.2465,66914583.1
1625356800,0.2465,0.2528,0.2433,0.2467,66153102.1
1625443200,0.2466,0.2466,0.2262,0.2312,100615850.7
1625529600,0.2312,0.2422,0.2294,0.2342,88550837.6
1625616000,0.2342,0.2386,0.2209,0.2239,107956123.5
1625702400,0.224,0.2249,0.2017,0.2072,195477532.4
1625788800,0.2072,0.2298,0.1955,0.2196,236319196.6
1625875200,0.2196,0.228,0.2099,0.2139,95754193
1625961600,0.2138,0.2192,0.2107,0.2159,47077254.7
1626048000,0.216,0.2191,0.204,0.2078,78345899.8
1626134400,0.2078,0.2096,0.1975,0.2,95276373.8
1626220800,0.2,0.2047,0.1874,0.1976,140524632
1626307200,0.1975,0.2008,0.1803,0.1853,123286255.7
1626393600,0.1853,0.1883,0.1711,0.1721,146625046
1626480000,0.1721,0.2059,0.169,0.1876,283758045.1
1626566400,0.1876,0.1963,0.1803,0.1817,140641638.8
1626652800,0.1817,0.1844,0.1704,0.1737,141656397.5
1626739200,0.1738,0.18,0.16,0.1706,218925708.2
1626825600,0.1706,0.215,0.1683,0.1905,485064387.6
1626912000,0.1906,0.1965,0.1863,0.1914,145232846.5
1626998400,0.1913,0.1996,0.1832,0.195,144665301.8
1627084800,0.1951,0.2046,0.1913,0.1971,165000795.3
1627171200,0.1971,0.2009,0.1912,0.1981,121896004
1627257600,0.1981,0.2332,0.1968,0.2039,626081630.9
1627344000,0.2039,0.2096,0.1952,0.2059,226006096.8
1627430400,0.2058,0.2138,0.2016,0.2059,186971251.7
1627516800,0.2057,0.2066,0.2004,0.2049,108692039.1
1627603200,0.2048,0.2107,0.196,0.2089,168695117.4
1627689600,0.209,0.2146,0.205,0.2079,108532677.2
1627776000,0.2079,0.2181,0.201,0.2043,172196420.4
1627862400,0.2043,0.2099,0.2016,0.2034,107019763.4
1627948800,0.2034,0.2051,0.1932,0.1962,135048499.9
1628035200,0.1963,0.2032,0.1943,0.2014,108608848.8
1628121600,0.2015,0.2024,0.1944,0.201,128633579.9
1628208000,0.2011,0.2121,0.1984,0.2049,180216995.9
1628294400,0.2049,0.2634,0.2036,0.2622,800423678.5
1628380800,0.2622,0.284,0.2347,0.24,951623526
1628467200,0.24,0.267,0.2302,0.2562,653554605.6
1628553600,0.2561,0.2633,0.2452,0.2575,456380783
1628640000,0.2576,0.2829,0.2565,0.2647,657443584.1
1628726400,0.2646,0.2948,0.2516,0.264,745005518.7
1628812800,0.2642,0.2877,0.2616,0.287,483859802.7
1628899200,0.287,0.2988,0.276,0.2939,562202841.7
1628985600,0.2939,0.35,0.2875,0.3403,1112193496
1629072000,0.3404,0.3519,0.31,0.3194,919382770.8
1629158400,0.3194,0.34,0.2942,0.2993,772826988.2
1629244800,0.2993,0.326,0.2783,0.3031,887046305.6
1629331200,0.3032,0.3192,0.2937,0.3176,466531914.1
1629417600,0.3178,0.3349,0.3136,0.3273,393858940.9
1629504000,0.3276,0.3296,0.3145,0.3173,277716902
1629590400,0.3171,0.3217,0.3052,0.3149,200280984.5
1629676800,0.3149,0.328,0.3128,0.3179,312992689.9
1629763200,0.3179,0.3196,0.276,0.2888,410135197.3
1629849600,0.2888,0.297,0.2795,0.2924,251441677.7
1629936000,0.2926,0.2962,0.2643,0.2684,337735827.8
1630022400,0.2684,0.2953,0.265,0.2948,253519860.7
1630108800,0.2946,0.2998,0.2831,0.2863,154141454.1
1630195200,0.2863,0.2922,0.2766,0.2813,238108435.3
1630281600,0.2813,0.2903,0.27,0.272,333045083.5
1630368000,0.2721,0.2861,0.27,0.2783,265798812
1630454400,0.2783,0.295,0.2731,0.2945,340668630.5
1630540800,0.2944,0.31,0.2919,0.2948,532380997.3
1630627200,0.2948,0.305,0.2874,0.2963,374466691.5
1630713600,0.2963,0.3087,0.2933,0.2994,285715298.7
1630800000,0.2995,0.3159,0.2963,0.3147,352644709.1
1630886400,0.3148,0.3199,0.3002,0.3091,295006262.7
1630972800,0.3092,0.3115,0.21,0.2557,940077370.9
1631059200,0.2556,0.2637,0.2334,0.2567,515368548.8
1631145600,0.2566,0.2597,0.2486,0.2527,269432873.5
1631232000,0.2527,0.262,0.2355,0.2398,290362017.6
1631318400,0.2398,0.248,0.2377,0.2411,138158164.3
1631404800,0.2412,0.2554,0.2388,0.2502,184559604.6
1631491200,0.2502,0.2522,0.2284,0.236,337437100.6
1631577600,0.2359,0.2417,0.2338,0.2407,143879242.2
1631664000,0.2406,0.2484,0.2391,0.2477,110482728.7
1631750400,0.2478,0.248,0.2332,0.242,184899915.5
1631836800,0.2419,0.26,0.2375,0.2401,410488863.2
1631923200,0.2402,0.2476,0.2381,0.2414,143157357.6
1632009600,0.2414,0.2415,0.2308,0.2329,117703007.4
1632096000,0.2329,0.2335,0.1989,0.2087,483209883.1
1632182400,0.2087,0.2185,0.1977,0.2009,364206027.1
1632268800,0.201,0.2306,0.1999,0.2245,443720076.6
1632355200,0.2245,0.2274,0.2176,0.2246,228485486.4
1632441600,0.2247,0.2292,0.1967,0.2092,384603240.4
1632528000,0.2094,0.2127,0.2045,0.2084,200179904.7
1632614400,0.2084,0.2091,0.1943,0.2051,211842463.3
1632700800,0.205,0.2095,0.1997,0.1999,144394687.3
1632787200,0.1998,0.2026,0.1961,0.1968,155875375.7
1632873600,0.1965,0.2043,0.1948,0.1987,171322022.7
1632960000,0.1987,0.2059,0.1976,0.2042,138736370.8
1633046400,0.2043,0.2255,0.2018,0.2228,248002051.9
1633132800,0.2228,0.2253,0.2152,0.2187,198897049
1633219200,0.2187,0.2266,0.2157,0.2218,188564520.6
1633305600,0.2219,0.2491,0.2126,0.2415,802734694.7
1633392000,0.2414,0.2687,0.2327,0.2519,846596694.9
1633478400,0.2519,0.2718,0.2423,0.2542,821122818.4
1633564800,0.2542,0.2568,0.2357,0.2428,602429714.1
1633651200,0.2429,0.2548,0.2415,0.2441,336989066.6
1633737600,0.2441,0.2526,0.241,0.2466,230477283.4
1633824000,0.2466,0.2486,0.2262,0.2288,209423964
1633910400,0.2288,0.2394,0.2249,0.2312,251479972.1
1633996800,0.2313,0.2318,0.216,0.2262,227704427.6
1634083200,0.2259,0.2342,0.2206,0.2328,232080787.5
1634169600,0.2327,0.2404,0.2312,0.2327,242876683.4
1634256000,0.2326,0.2435,0.2243,0.2342,345225790.5
1634342400,0.2342,0.2455,0.2337,0.2373,237927977.3
1634428800,0.2373,0.242,0.2256,0.2377,245011411.6
1634515200,0.2376,0.2728,0.2369,0.2473,712575910.4
1634601600,0.2473,0.255,0.24,0.2454,279025037.6
1634688000,0.2453,0.262,0.242,0.2548,373242733.8
1634774400,0.2547,0.2585,0.2406,0.2424,332634073.2
1634860800,0.2423,0.2534,0.2349,0.2445,354479657.1
1634947200,0.2444,0.2538,0.2405,0.2511,235020125.6
1635033600,0.251,0.2846,0.2458,0.2756,1015028156.3
1635120000,0.2757,0.2806,0.2578,0.265,578483998.3
1635206400,0.2649,0.2743,0.252,0.2559,509754303
1635292800,0.256,0.2636,0.2202,0.238,1085324210.3
1635379200,0.2381,0.34,0.2326,0.2997,3547278230.1
1635465600,0.2998,0.3079,0.277,0.288,1096988764.3
1635552000,0.288,0.2949,0.2578,0.2691,682148981.7
1635638400,0.2692,0.2853,0.2523,0.2802,832342399.1
1635724800,0.2803,0.2865,0.2636,0.2718,537972881.6
1635811200,0.2718,0.281,0.2645,0.2742,452295999.6
1635897600,0.2743,0.2777,0.2629,0.269,441059901.1
1635984000,0.269,0.271,0.2542,0.2631,375449920.2
1636070400,0.2631,0.271,0.2569,0.261,267711434.6
1636156800,0.2611,0.2679,0.2504,0.2621,256711767
1636243200,0.262,0.2699,0.2587,0.2667,197626340.2
1636329600,0.2667,0.2975,0.2647,0.2821,723761754.9
1636416000,0.2821,0.2906,0.2715,0.2737,454484692.9
1636502400,0.2737,0.2774,0.2378,0.2557,491370388.4
1636588800,0.2556,0.2717,0.2534,0.2606,272900616.5
1636675200,0.2606,0.2686,0.2489,0.2596,318056497.4
1636761600,0.2596,0.2624,0.2544,0.2612,145148491.1
1636848000,0.2613,0.2718,0.2596,0.2629,217418657.3
1636934400,0.263,0.2653,0.2555,0.2567,187244743.9
1637020800,0.2568,0.2568,0.2237,0.2371,409872429.4
1637107200,0.2371,0.2414,0.2302,0.2377,246023192.2
1637193600,0.2378,0.2417,0.2162,0.2219,366752118.5
1637280000,0.2218,0.2377,0.2168,0.2335,230588192
1637366400,0.2336,0.2363,0.2257,0.2335,146720402.2
1637452800,0.2335,0.2338,0.2258,0.2262,117915486.3
1637539200,0.2263,0.2277,0.2169,0.2199,204594410
1637625600,0.22,0.2371,0.2139,0.2271,304136170.3
1637712000,0.2271,0.2309,0.2114,0.2175,246655250.7
1637798400,0.2175,0.2297,0.2145,0.2217,275966869.8
1637884800,0.2219,0.2226,0.1922,0.2027,459822614.6
1637971200,0.2027,0.2097,0.2016,0.2054,181029045.7
1638057600,0.2053,0.208,0.1917,0.2079,281259355.3
1638144000,0.2078,0.2256,0.2029,0.2151,418892109.3
1638230400,0.2152,0.2282,0.2127,0.2149,385071109
1638316800,0.2149,0.2192,0.2059,0.2095,213217916.4
1638403200,0.2095,0.2234,0.2018,0.2097,379499944.5
1638489600,0.2097,0.2122,0.1907,0.2,260190954.6
1638576000,0.2,0.2014,0.1324,0.1798,846068421.8
1638662400,0.1797,0.1827,0.1623,0.1719,388146898.8
1638748800,0.172,0.1812,0.1595,0.1786,491055477.4
1638835200,0.1786,0.185,0.1748,0.1764,302381020.4
1638921600,0.1764,0.1823,0.1724,0.1794,344901886.9
1639008000,0.1795,0.1828,0.1687,0.1692,302315331.1
1639094400,0.1691,0.1748,0.1636,0.1642,219146527
1639180800,0.1642,0.1702,0.1613,0.169,227870140.7
1639267200,0.1691,0.1739,0.1656,0.1698,147106998.5
1639353600,0.1698,0.1705,0.1514,0.1574,331781585.7
1639440000,0.1574,0.228,0.1549,0.1911,1497188424.6
1639526400,0.1912,0.1915,0.1704,0.1811,548644237.1
1639612800,0.181,0.1857,0.1723,0.1732,292892902.2
1639699200,0.1733,0.1766,0.1616,0.1685,254967735.2
1639785600,0.1686,0.1759,0.166,0.1724,128702908.1
1639872000,0.1725,0.1748,0.1691,0.1694,124718842.2
1639958400,0.1694,0.1708,0.1611,0.1673,212557512.1
1640044800,0.1673,0.1725,0.1658,0.171,146680006.2
1640131200,0.171,0.1801,0.1697,0.173,211686085.9
1640217600,0.173,0.1851,0.1712,0.1851,270744966.7
1640304000,0.1852,0.1957,0.1793,0.1862,324274007.1
1640390400,0.1864,0.1958,0.1849,0.1911,206824198.4
1640476800,0.1909,0.1925,0.1851,0.1899,139166659.2
1640563200,0.19,0.1929,0.1867,0.1879,160009873.4
1640649600,0.1881,0.1881,0.1717,0.1739,245903644.8
1640736000,0.1738,0.1775,0.1662,0.1681,191903133.6
1640822400,0.1679,0.1758,0.1652,0.1711,152880299.2
1640908800,0.1712,0.176,0.1661,0.1703,213978352.3
1640995200,0.1703,0.1738,0.1696,0.1733,97356981
1641081600,0.1732,0.1764,0.1705,0.1744,92952357.5
1641168000,0.1745,0.1745,0.1675,0.1703,177907851.1
1641254400,0.1704,0.1726,0.1666,0.1684,150683562.7
1641340800,0.1684,0.1711,0.1475,0.1591,288143435
1641427200,0.1591,0.1621,0.1539,0.16,207158119
1641513600,0.1598,0.1603,0.1491,0.1551,311955848.9
1641600000,0.1552,0.1579,0.1452,0.151,212254602.9
1641686400,0.151,0.1539,0.1486,0.1505,120847997.9
1641772800,0.1506,0.1522,0.1368,0.1432,248060015
1641859200,0.1431,0.1673,0.1417,0.1539,396093197.8
1641945600,0.1539,0.1638,0.1513,0.163,278602838.1
1642032000,0.1628,0.1771,0.1613,0.1717,709625286.5
1642118400,0.1716,0.2151,0.1704,0.1834,1659571748.2
1642204800,0.1833,0.1948,0.1817,0.1846,501326288.1
1642291200,0.1845,0.1848,0.1734,0.1767,352572368.7
1642377600,0.1767,0.1784,0.1657,0.171,360802521.3
1642464000,0.171,0.1743,0.1617,0.165,356535365.7
1642550400,0.1652,0.1696,0.1591,0.1616,317804258.4
1642636800,0.1616,0.1694,0.1539,0.1554,285133114.4
1642723200,0.1554,0.1578,0.14,0.1422,532013453.8
1642809600,0.1422,0.1454,0.1201,0.1333,854329257.1
1642896000,0.1333,0.1448,0.132,0.1418,512220774.3
1642982400,0.1419,0.1419,0.1258,0.1374,684730733.7
1643068800,0.1374,0.1543,0.1325,0.143,518555728.8
1643155200,0.1429,0.1536,0.1409,0.1432,487976842.5
1643241600,0.1433,0.1461,0.1361,0.1415,275646573.3
1643328000,0.1415,0.1428,0.1378,0.1415,189960319.8
1643414400,0.1416,0.1444,0.1403,0.143,154142384.7
1643500800,0.1431,0.1438,0.1382,0.1392,151267742.8
1643587200,0.1393,0.1425,0.1363,0.1417,208438510.4
1643673600,0.1416,0.1444,0.1408,0.1425,225818151.9
1643760000,0.1425,0.1465,0.1356,0.1371,208422755.5
1643846400,0.1372,0.139,0.1347,0.1381,149124896.1
1643932800,0.1381,0.1482,0.137,0.148,232451724
1644019200,0.1479,0.1508,0.1447,0.147,198621246.5
1644105600,0.147,0.1559,0.1447,0.1541,241793182.4
1644192000,0.1541,0.1735,0.1515,0.1654,763252360.8
1644278400,0.1654,0.1701,0.153,0.1584,377263980.1
1644364800,0.1583,0.1625,0.1543,0.1595,365274230.2
1644451200,0.1594,0.161,0.1502,0.1516,311715881.4
1644537600,0.1516,0.1544,0.1422,0.1448,243450171.2
1644624000,0.1447,0.1476,0.1406,0.1445,173248724.2
1644710400,0.1444,0.158,0.1437,0.1482,513734755.9
1644796800,0.1482,0.1508,0.1429,0.1458,271092333.1
1644883200,0.1458,0.1525,0.1448,0.1518,170434449.9
1644969600,0.1518,0.1518,0.1463,0.1488,130904593.8
1645056000,0.1488,0.1501,0.1369,0.1384,240469420.9
1645142400,0.1384,0.1423,0.1361,0.1386,171799482.3
1645228800,0.1386,0.1465,0.1384,0.141,178676075.3
1645315200,0.141,0.1412,0.135,0.1368,158913958.5
1645401600,0.1366,0.1419,0.1271,0.1282,307909900.4
1645488000,0.1283,0.1319,0.1239,0.1314,221035225
1645574400,0.1313,0.1357,0.1272,0.1274,134632123.7
1645660800,0.1273,0.1278,0.1065,0.1242,691178591.9
1645747200,0.1241,0.1285,0.1206,0.1277,248489961.4
1645833600,0.1278,0.1306,0.1256,0.1277,184307851.1
1645920000,0.1278,0.1285,0.1212,0.1229,196682283
1646006400,0.123,0.1349,0.1213,0.1334,262714675.6
1646092800,0.1334,0.1391,0.1298,0.1342,242470988.5
1646179200,0.1342,0.1373,0.1306,0.1332,147586850.3
1646265600,0.1331,0.1339,0.1272,0.1297,116055755.7
1646352000,0.1296,0.1302,0.1201,0.1227,210867698
1646438400,0.1226,0.1257,0.1208,0.1251,68049559.3
1646524800,0.1251,0.1256,0.1193,0.1207,138284084.9
1646611200,0.1207,0.1227,0.1133,0.1167,170508440.1
1646697600,0.1167,0.12,0.1152,0.1171,197257501.1
1646784000,0.1171,0.1244,0.1164,0.1216,200593510.3
1646870400,0.1216,0.1219,0.1147,0.1168,232382936.6
1646956800,0.1168,0.1186,0.1138,0.1154,131346505.8
1647043200,0.1154,0.1173,0.1146,0.1149,63496275.4
1647129600,0.1149,0.1164,0.1099,0.1115,175257022.9
1647216000,0.1115,0.1224,0.1103,0.1139,340330047.8
1647302400,0.1139,0.1143,0.1101,0.1126,149856503.9
1647388800,0.1127,0.1171,0.1121,0.117,253023392.7
1647475200,0.1171,0.1194,0.1159,0.1164,168991788.1
1647561600,0.1164,0.1196,0.1142,0.1192,161458340.9
1647648000,0.1192,0.1252,0.1184,0.1237,258601352.7
1647734400,0.1237,0.1242,0.1175,0.1193,142928241.1
1647820800,0.1193,0.1218,0.1177,0.1193,200253477
1647907200,0.1192,0.1257,0.1186,0.1225,208818661.5
1647993600,0.1224,0.1321,0.121,0.1299,418148075.9
1648080000,0.1299,0.1413,0.1277,0.1368,581638240.5
1648166400,0.1369,0.1378,0.1275,0.1309,340011290.4
1648252800,0.131,0.1372,0.129,0.1361,241451754.7
1648339200,0.1361,0.1457,0.1355,0.1447,416559820.5
1648425600,0.1447,0.1537,0.1405,0.1425,573370925.2
1648512000,0.1424,0.149,0.1405,0.1444,279840780.6
1648598400,0.1445,0.1456,0.1381,0.1432,245130198.9
1648684800,0.1431,0.148,0.136,0.1381,270939753.6
1648771200,0.1381,0.143,0.1321,0.1414,214076362.4
1648857600,0.1414,0.1444,0.1381,0.1388,165564720.3
1648944000,0.1388,0.1496,0.1362,0.1465,256976640
1649030400,0.1466,0.1567,0.1413,0.1484,538939904.8
1649116800,0.1485,0.1801,0.1472,0.1728,1313659654.3
1649203200,0.1728,0.1747,0.1412,0.1434,950534489.7
1649289600,0.1432,0.1483,0.1401,0.146,337126751.5
1649376000,0.1459,0.1534,0.1405,0.1426,367305926
1649462400,0.1424,0.1447,0.1406,0.1443,88146768.7
1649548800,0.1443,0.1577,0.1436,0.1482,462203679.3
1649635200,0.1483,0.1515,0.1329,0.1342,431989534.1
1649721600,0.1341,0.1445,0.1331,0.1381,473689491.2
1649808000,0.1381,0.1434,0.1363,0.14,170179368.3
1649894400,0.1399,0.1477,0.1363,0.1441,419800623.1
1649980800,0.1442,0.1497,0.1418,0.1459,231946320.4
1650067200,0.1459,0.1481,0.1414,0.1436,121765751.5
1650153600,0.1436,0.145,0.1384,0.1393,107671672.5
1650240000,0.1393,0.1406,0.1331,0.1402,203617324.9
1650326400,0.1401,0.1446,0.1391,0.1426,140585999.4
1650412800,0.1426,0.1468,0.1391,0.1408,205039527.8
1650499200,0.1407,0.143,0.1341,0.1364,141184860
1650585600,0.1364,0.1382,0.1346,0.1364,89666778.2
1650672000,0.1364,0.1368,0.1332,0.134,56742403.4
1650758400,0.134,0.1348,0.131,0.1319,77658148.6
1650844800,0.1319,0.1716,0.1226,0.1581,1368813909.9
1650931200,0.1581,0.1667,0.1356,0.1377,1102017282.9
1651017600,0.1377,0.146,0.1351,0.1401,366511023.8
1651104000,0.14,0.1433,0.1353,0.1374,283412236.4
1651190400,0.1375,0.145,0.1331,0.135,385880566.8
1651276800,0.1349,0.1368,0.124,0.1274,232967033.7
1651363200,0.1275,0.1365,0.1262,0.1326,205262494.6
1651449600,0.1327,0.134,0.1275,0.1307,146522037
1651536000,0.1307,0.132,0.1263,0.1294,103396292.2
1651622400,0.1295,0.1363,0.1289,0.136,163335129.4
1651708800,0.1359,0.1377,0.1252,0.1282,263667337.6
1651795200,0.1282,0.1299,0.1233,0.1277,162136074.7
1651881600,0.1278,0.1323,0.1245,0.1275,178515316.3
1651968000,0.1273,0.1282,0.1226,0.1241,140807955.4
1652054400,0.1241,0.1253,0.1001,0.1019,525409592.5
1652140800,0.1019,0.1183,0.0992,0.1081,568232888.7
1652227200,0.1081,0.1108,0.0694,0.085,994807593.5
1652313600,0.0848,0.0896,0.065,0.0824,1054833258.4
1652400000,0.0824,0.0963,0.0818,0.088,568051823.7
1652486400,0.088,0.0919,0.0834,0.0893,221588444.4
1652572800,0.0893,0.0932,0.0864,0.0931,167536036.1
1652659200,0.093,0.0931,0.0858,0.0879,193358425.1
1652745600,0.0878,0.0913,0.0867,0.0901,215156785.7
1652832000,0.0901,0.0909,0.083,0.0833,286831603.4
1652918400,0.0832,0.0875,0.0813,0.0866,180241818.6
1653004800,0.0865,0.088,0.0824,0.0838,122503453.6
1653091200,0.0837,0.0854,0.0822,0.0843,65725157.2
1653177600,0.0843,0.0866,0.0837,0.0858,66106459
1653264000,0.0858,0.0884,0.082,0.0833,149329638.1
1653350400,0.0832,0.0843,0.08,0.0836,131170800.2
1653436800,0.0836,0.0844,0.082,0.0829,112971761.6
1653523200,0.0829,0.0837,0.0751,0.0778,206878708.5
1653609600,0.0777,0.09,0.0759,0.0815,484413036.1
1653696000,0.0814,0.0833,0.0808,0.0818,160819657.7
1653782400,0.0818,0.0833,0.0798,0.0826,103635673.2
1653868800,0.0826,0.0885,0.082,0.088,257502579.6
1653955200,0.088,0.0885,0.083,0.0858,261625246.2
1654041600,0.0859,0.0894,0.0787,0.081,239663161.4
1654128000,0.0809,0.08309,0.0799,0.08269,120960446.1
1654214400,0.08269,0.0829,0.0792,0.08023,227173938.8
1654300800,0.08022,0.08246,0.07925,0.08183,336224078.2
1654387200,0.08183,0.08217,0.08053,0.081,216666774.8
1654473600,0.08102,0.08468,0.08079,0.08243,449696889.2
1654560000,0.08242,0.0825,0.07764,0.0803,415852234.6
1654646400,0.08031,0.08157,0.0787,0.07924,238428384.8
1654732800,0.07922,0.08102,0.07882,0.07931,159014378.2
1654819200,0.07931,0.07969,0.07413,0.07532,215131244.9
1654905600,0.0753,0.07644,0.06783,0.06983,406837164.6
1654992000,0.06987,0.0703,0.06336,0.06339,453023242.6
1655078400,0.0634,0.06616,0.05221,0.05417,1016472903.7
1655164800,0.0541,0.05837,0.04973,0.05553,666535320.3
1655251200,0.0555,0.06388,0.05032,0.06282,916424549.8
1655337600,0.06283,0.06283,0.05413,0.05514,629937789.3
1655424000,0.05518,0.05806,0.05454,0.05683,362982618.3
1655510400,0.05683,0.05783,0.04908,0.05282,601671131.6
1655596800,0.05283,0.0629,0.05108,0.0604,791478594.4
1655683200,0.0604,0.06145,0.05736,0.05994,382670463.9
1655769600,0.05994,0.06988,0.05891,0.06572,746047884.2
1655856000,0.06578,0.06579,0.061,0.06162,546145021.1
1655942400,0.06163,0.0647,0.0615,0.06396,317428670.3
1656028800,0.06395,0.06853,0.06388,0.0669,316480056.4
1656115200,0.06687,0.06932,0.06504,0.0685,274996305.1
1656201600,0.06849,0.07776,0.06712,0.07295,648353981.3
1656288000,0.07294,0.07876,0.07047,0.07206,645926332.5
1656374400,0.07208,0.07328,0.0653,0.06602,322578673
1656460800,0.06599,0.07168,0.06402,0.06939,394321431.1
1656547200,0.0695,0.06964,0.06221,0.0664,415931718.1
1656633600,0.0664,0.06876,0.06377,0.06641,305531094.4
1656720000,0.06641,0.06793,0.0654,0.06658,181748466.7
1656806400,0.06657,0.06745,0.06474,0.06711,154264646
1656892800,0.06711,0.06973,0.06559,0.0693,175010053.7
1656979200,0.06929,0.06995,0.0654,0.06709,168749672.7
1657065600,0.06708,0.0692,0.06609,0.06833,198287996.3
1657152000,0.06833,0.07119,0.06782,0.07051,172371492.2
1657238400,0.07052,0.07349,0.06819,0.06907,251004930.1
1657324800,0.06901,0.07014,0.06879,0.06944,89831413.3
1657411200,0.06945,0.06947,0.06619,0.06725,138611472.2
1657497600,0.06725,0.06725,0.06112,0.0617,229084806.9
1657584000,0.06172,0.06304,0.05966,0.05977,147920233
1657670400,0.05972,0.0623,0.05745,0.0619,305908100.6
1657756800,0.06191,0.06278,0.05944,0.06243,189491374
1657843200,0.06245,0.06439,0.06157,0.06293,221068449.1
1657929600,0.06291,0.06481,0.06171,0.06435,180211482.7
1658016000,0.06437,0.06549,0.06286,0.06306,156436628.2
1658102400,0.06306,0.06895,0.06297,0.06757,343792332.1
1658188800,0.06755,0.0703,0.06538,0.06902,303253635.6
1658275200,0.06903,0.07699,0.06767,0.07015,610755585.2
1658361600,0.07014,0.07094,0.06692,0.06999,205926981.7
1658448000,0.06996,0.07144,0.06671,0.06745,174999993
1658534400,0.06744,0.06952,0.06596,0.06803,124087260.5
1658620800,0.06804,0.06895,0.06723,0.06754,114551590.8
1658707200,0.06754,0.06803,0.06176,0.06196,194729162.9
1658793600,0.06193,0.06271,0.06008,0.06255,161645421
1658880000,0.06255,0.06726,0.06178,0.06726,223383955.5
1658966400,0.06724,0.07088,0.06517,0.06909,414286494.9
1659052800,0.06911,0.07249,0.0669,0.06881,396291737.2
1659139200,0.06881,0.0746,0.06792,0.06966,392219623.7
1659225600,0.0697,0.07226,0.06782,0.06808,231652380.2
1659312000,0.0681,0.07132,0.06682,0.06845,274306714.7
1659398400,0.06849,0.06914,0.06548,0.06654,189130183.2
1659484800,0.06653,0.06845,0.06511,0.06626,149724167.4
1659571200,0.06625,0.06764,0.06573,0.06725,145496443.4
1659657600,0.06727,0.07031,0.06718,0.0698,203664002.5
1659744000,0.0698,0.07131,0.06841,0.06864,174260119.9
1659830400,0.06864,0.07003,0.06738,0.06896,114994882
1659916800,0.06896,0.07257,0.06884,0.07015,236966343.1
1660003200,0.07013,0.07427,0.06777,0.06906,359548885.9
1660089600,0.06905,0.07151,0.06659,0.07129,265759297.3
1660176000,0.07129,0.0755,0.07043,0.0709,250472396.9
1660262400,0.0709,0.07276,0.06972,0.07235,152581575.4
1660348800,0.07234,0.0752,0.07185,0.07295,246962097.4
1660435200,0.07298,0.08472,0.07264,0.08169,852474935
1660521600,0.08173,0.0821,0.07472,0.07664,550844238.2
1660608000,0.07662,0.09,0.07617,0.08679,1176815546
1660694400,0.08676,0.08895,0.07937,0.08022,603724198.6
1660780800,0.08022,0.08228,0.07344,0.07474,336070310.5
1660867200,0.07472,0.07532,0.06704,0.06774,594237271.7
1660953600,0.06774,0.07121,0.06762,0.06936,356612522.8
1661040000,0.06932,0.07075,0.06737,0.06935,234799811.7
1661126400,0.0693,0.06944,0.06518,0.06839,268953944.9
1661212800,0.0684,0.06924,0.06686,0.06881,167529656.8
1661299200,0.06884,0.06965,0.06703,0.06791,173316707.5
1661385600,0.06791,0.07183,0.06763,0.06899,203145816.3
1661472000,0.06898,0.07022,0.06274,0.06354,395618167.7
1661558400,0.06351,0.06415,0.06221,0.06353,238265430.7
1661644800,0.06351,0.06433,0.0613,0.06178,186392890.8
1661731200,0.06178,0.0641,0.06086,0.06387,167462303
1661817600,0.06386,0.06449,0.06007,0.06157,153516653.5
1661904000,0.06156,0.06348,0.06072,0.06133,176599398
1661990400,0.06133,0.06262,0.05988,0.06238,168079123.4
1662076800,0.06238,0.06288,0.0607,0.06167,128248988.1
1662163200,0.06164,0.06403,0.06114,0.06273,176378732.3
1662249600,0.06273,0.06391,0.06187,0.06321,142489292
1662336000,0.06322,0.06374,0.06093,0.06275,129984701
1662422400,0.06273,0.06525,0.05803,0.0589,315809170.2
1662508800,0.05886,0.06155,0.05739,0.06098,170841971.8
1662595200,0.06099,0.06142,0.05964,0.06098,127799080.7
1662681600,0.061,0.06493,0.06089,0.06388,266931725.2
1662768000,0.06388,0.06557,0.06316,0.06472,246941145.4
1662854400,0.06475,0.06533,0.06263,0.06371,182493803.5
1662940800,0.06372,0.06544,0.06261,0.06397,177047419.8
1663027200,0.06395,0.06419,0.05923,0.05967,260943603.3
1663113600,0.05967,0.06156,0.05918,0.06118,264423185.5
1663200000,0.06117,0.06124,0.05851,0.05865,259043001.6
1663286400,0.05866,0.06055,0.05814,0.06049,247796881
1663372800,0.06048,0.06241,0.06024,0.06221,201265868.3
1663459200,0.06222,0.06224,0.05635,0.05743,151792593
1663545600,0.05745,0.05885,0.05589,0.05856,204254941.4
1663632000,0.05855,0.06063,0.05759,0.05843,292597482.9
1663718400,0.05841,0.06094,0.05607,0.05718,406989260.1
1663804800,0.05717,0.06011,0.05684,0.0596,250665152.4
1663891200,0.05958,0.06432,0.05911,0.06335,536670713
1663977600,0.06332,0.06832,0.06246,0.06308,447487284.3
1664064000,0.06308,0.06389,0.06006,0.06119,192438544.8
1664150400,0.06117,0.06187,0.05978,0.06114,180521696.6
1664236800,0.06114,0.06307,0.05975,0.0605,266352137.5
1664323200,0.0605,0.06112,0.05849,0.06049,140863616
1664409600,0.06049,0.06108,0.05927,0.06087,100076924.3
1664496000,0.06087,0.06225,0.05959,0.06168,201010580.4
1664582400,0.06167,0.06314,0.06026,0.06057,218923254.2
1664668800,0.06056,0.06096,0.0588,0.05926,111672190.4
1664755200,0.05928,0.06058,0.0588,0.06032,139239929.9
1664841600,0.06032,0.0665,0.05993,0.06586,476804147.6
1664928000,0.06586,0.06688,0.06264,0.06478,348445643.7
1665014400,0.0648,0.06688,0.06284,0.06345,292510138.7
1665100800,0.06344,0.06384,0.06134,0.06238,211149927.5
1665187200,0.06238,0.06267,0.06121,0.06165,95235091.6
1665273600,0.06164,0.0624,0.06117,0.06211,92666031.2
1665360000,0.0621,0.06252,0.0592,0.0594,213230767.7
1665446400,0.05939,0.06087,0.05752,0.06024,211741795.4
1665532800,0.06024,0.06099,0.05927,0.0598,108502512.5
1665619200,0.0598,0.0604,0.05501,0.05967,288595880.7
1665705600,0.05963,0.06103,0.05806,0.05866,158700913.1
1665792000,0.05864,0.0598,0.05797,0.0586,88242453.2
1665878400,0.0586,0.05946,0.05846,0.05891,62318342.3
1665964800,0.05887,0.06019,0.05855,0.06,79717252.9
1666051200,0.05997,0.06112,0.05853,0.05975,139532974.5
1666137600,0.05975,0.06079,0.05821,0.05869,208317283.9
1666224000,0.05869,0.06038,0.05824,0.05945,303239099.2
1666310400,0.05944,0.05951,0.05714,0.05933,133532916.7
1666396800,0.05933,0.05991,0.05911,0.05971,78806277.8
1666483200,0.0597,0.06048,0.05867,0.06038,92437097
1666569600,0.06039,0.06092,0.05867,0.05946,110948357.6
1666656000,0.05946,0.065,0.05915,0.06305,301118019.7
1666742400,0.06306,0.07368,0.06261,0.07276,634817671.1
1666828800,0.07268,0.08557,0.07174,0.07688,1230764380.4
1666915200,0.07689,0.08857,0.0725,0.08387,1339960929
1667001600,0.0839,0.15162,0.08268,0.12185,2977248580.4
1667088000,0.12172,0.1437,0.11112,0.11779,1872742922
1667174400,0.11781,0.1316,0.11388,0.12685,1705399336.8
1667260800,0.12688,0.1588,0.12442,0.14219,2382098261.8
1667347200,0.14221,0.148,0.12177,0.1276,1940760073.8
1667433600,0.12764,0.13698,0.11953,0.12261,1260318587.9
1667520000,0.12256,0.12916,0.11545,0.12616,1567806553.6
1667606400,0.12613,0.1359,0.12034,0.12448,828320540.3
1667692800,0.1245,0.12771,0.11194,0.11479,552981398.1
1667779200,0.11479,0.11907,0.107,0.11128,707755806.5
1667865600,0.11128,0.113,0.07748,0.08835,1555759607.8
1667952000,0.08827,0.09257,0.07035,0.07446,1340095954.2
1668038400,0.07445,0.094,0.07292,0.08959,1041438896.9
1668124800,0.08955,0.093,0.07981,0.08488,703401238.1
1668211200,0.08491,0.09488,0.07828,0.08806,850468901.6
1668297600,0.08803,0.09139,0.08261,0.08483,582048401.2
1668384000,0.08484,0.09123,0.0791,0.0858,663161944.6
1668470400,0.0858,0.08949,0.08469,0.08695,459914069.3
1668556800,0.08696,0.09103,0.08329,0.08543,335036739.6
1668643200,0.0854,0.08723,0.0824,0.08457,277759543.6
1668729600,0.08457,0.0867,0.08349,0.08465,196284214.1
1668816000,0.08459,0.0849,0.08295,0.0844,129046302.4
1668902400,0.08442,0.08574,0.07623,0.07692,335160871.6
1668988800,0.07694,0.0773,0.07117,0.07458,495051782.8
1669075200,0.07459,0.07954,0.07298,0.07866,403937953.6
1669161600,0.07864,0.08343,0.07768,0.08187,363433893.4
1669248000,0.08187,0.08414,0.0804,0.08138,210013509.7
1669334400,0.08138,0.09179,0.08046,0.08947,675193600.5
1669420800,0.08944,0.09548,0.08707,0.08887,600142146.5
1669507200,0.08885,0.10784,0.08877,0.09861,1151566348
1669593600,0.0986,0.09963,0.09053,0.09506,862598173.9
1669680000,0.09505,0.10578,0.09357,0.10142,861347595.3
1669766400,0.10143,0.11,0.09937,0.10676,944111800.5
1669852800,0.10672,0.10777,0.10019,0.10163,517942706.2
1669939200,0.10159,0.10361,0.09639,0.10213,455118910.8
1670025600,0.10211,0.10312,0.09809,0.09969,412731523.7
1670112000,0.09973,0.10574,0.09954,0.1041,387657297
1670198400,0.10408,0.11172,0.09926,0.10149,518565138.1
1670284800,0.1015,0.10278,0.098,0.1002,334588001.5
1670371200,0.1002,0.10122,0.093,0.09575,355516628.4
1670457600,0.09575,0.09919,0.09468,0.0985,250308915.9
1670544000,0.09849,0.09944,0.09562,0.0967,231108350.8
1670630400,0.0967,0.09741,0.09603,0.09629,166833998.7
1670716800,0.09628,0.09716,0.09155,0.09264,185273891.7
1670803200,0.09264,0.09299,0.08471,0.09029,691555357.6
1670889600,0.0903,0.09573,0.08701,0.09103,564364599.6
1670976000,0.09101,0.09248,0.08696,0.08825,490939557.3
1671062400,0.08829,0.08884,0.08405,0.08486,365652925.5
1671148800,0.08483,0.08683,0.07395,0.07579,834877231.9
1671235200,0.07575,0.07951,0.07555,0.07923,620913645.2
1671321600,0.0792,0.08007,0.07758,0.07845,273399050.9
1671408000,0.07851,0.07952,0.06984,0.07136,763743275.1
1671494400,0.07135,0.07566,0.07107,0.07488,452636738.9
1671580800,0.0749,0.07504,0.07135,0.07371,481515163.6
1671667200,0.07368,0.0778,0.07326,0.07685,577847575.9
1671753600,0.07684,0.07904,0.07618,0.0772,409085885.2
1671840000,0.07718,0.07816,0.07663,0.07749,168273814.7
1671926400,0.07749,0.07766,0.07314,0.07599,376647040.3
1672012800,0.07596,0.07661,0.07426,0.07566,181269092.9
1672099200,0.07568,0.07613,0.07255,0.07365,269703008.8
1672185600,0.07369,0.07386,0.06925,0.07036,653938733.7
1672272000,0.07038,0.07161,0.06922,0.07088,316962393.3
1672358400,0.07088,0.07141,0.06576,0.06837,534723302
1672444800,0.06837,0.07131,0.0679,0.07019,376075554.2
1672531200,0.0702,0.0708,0.06899,0.0702,221572670.2
1672617600,0.07018,0.07371,0.06902,0.07135,399117125.9
1672704000,0.07135,0.07228,0.06941,0.07047,296575905.4
1672790400,0.07047,0.07356,0.07016,0.07307,404829426.7
1672876800,0.07306,0.07528,0.07033,0.0715,459361041.3
1672963200,0.07149,0.07276,0.06947,0.07241,321332618.6
1673049600,0.07242,0.07302,0.07165,0.07218,122036746.1
1673136000,0.07222,0.07397,0.0712,0.07358,230080556.5
1673222400,0.07359,0.07961,0.07292,0.07563,813724228.3
1673308800,0.07564,0.0779,0.07377,0.07783,475832060.4
1673395200,0.07782,0.07857,0.0747,0.07817,370465474.4
1673481600,0.07821,0.08126,0.07515,0.08026,658475477.8
1673568000,0.08023,0.08523,0.07856,0.08453,475072627.4
1673654400,0.08451,0.0927,0.0824,0.08729,1000610389.5
1673740800,0.08729,0.08796,0.0828,0.08609,440738517
1673827200,0.08609,0.08829,0.08148,0.08369,477052499.9
1673913600,0.08366,0.08505,0.08194,0.08283,265479086.3
1674000000,0.08282,0.08974,0.07712,0.07996,693597132
1674086400,0.07999,0.08217,0.07974,0.0816,311765834.6
1674172800,0.08159,0.08703,0.0806,0.08619,399685976.3
1674259200,0.08618,0.08911,0.08425,0.08467,520305262.7
1674345600,0.08467,0.09339,0.08436,0.08823,614365118.1
1674432000,0.08823,0.09152,0.08621,0.08853,538591634.2
1674518400,0.08854,0.09083,0.0822,0.08388,437063382
1674604800,0.08389,0.0882,0.08167,0.08655,448878296.3
1674691200,0.08657,0.08774,0.0846,0.08636,320110878.3
1674777600,0.08635,0.08803,0.08358,0.08728,328730473.2
1674864000,0.08726,0.09372,0.08685,0.08777,382676892.3
1674950400,0.08777,0.091,0.08731,0.09008,292300101.3
1675036800,0.09009,0.09339,0.08467,0.08833,488904062.1
1675123200,0.08832,0.09781,0.08823,0.09611,1035656561.1
1675209600,0.09612,0.09718,0.08822,0.09404,724354257.4
1675296000,0.09404,0.09601,0.09006,0.09104,464611851.2
1675382400,0.09104,0.09336,0.09032,0.09293,302109425.3
1675468800,0.09293,0.09981,0.09251,0.09565,639641304.9
1675555200,0.09565,0.097,0.09045,0.09206,448680890.8
1675641600,0.09204,0.09329,0.08845,0.0896,265410783.1
1675728000,0.0896,0.09277,0.08945,0.09255,264361785.6
1675814400,0.09256,0.09339,0.08851,0.09018,258551920.9
1675900800,0.09018,0.09093,0.07889,0.08144,637180147.2
1675987200,0.08147,0.08304,0.07944,0.0809,360112569
1676073600,0.0809,0.08259,0.08066,0.08227,125514432.3
1676160000,0.08229,0.08582,0.08119,0.08218,291770645.6
1676246400,0.08217,0.08645,0.07951,0.08216,457128943.7
1676332800,0.08217,0.08373,0.08019,0.08361,330392001.6
1676419200,0.0836,0.0896,0.08267,0.08927,598886301.7
1676505600,0.08928,0.09196,0.08471,0.0849,626064825.4
1676592000,0.08488,0.08852,0.08431,0.08775,297969195
1676678400,0.08774,0.09047,0.08676,0.08886,224574259.8
1676764800,0.08887,0.09003,0.08566,0.08704,339755858.1
1676851200,0.08698,0.08874,0.08516,0.0883,377439827.8
1676937600,0.0883,0.08887,0.08427,0.08545,312438103
1677024000,0.08547,0.08908,0.08287,0.08549,492686128.1
1677110400,0.08556,0.08642,0.08351,0.08422,229833854.9
1677196800,0.08421,0.085,0.07926,0.08092,274523119.4
1677283200,0.08095,0.08219,0.07849,0.08076,198997389
1677369600,0.08076,0.08265,0.08038,0.08218,129213951.2
1677456000,0.08217,0.08228,0.07992,0.08135,193756692.8
1677542400,0.08137,0.08308,0.07989,0.08086,306867778.6
1677628800,0.08086,0.08286,0.08026,0.08192,158107052.1
1677715200,0.0819,0.08226,0.07959,0.08054,152939384.3
1677801600,0.08053,0.0806,0.07242,0.07685,396097323.4
1677888000,0.07686,0.07729,0.07257,0.07463,74967577.4
1677974400,0.07463,0.07607,0.07427,0.07477,134867377
1678060800,0.07475,0.07514,0.07317,0.0748,194382415.6
1678147200,0.07477,0.07598,0.0723,0.07407,265374398.8
1678233600,0.07405,0.0743,0.07,0.07113,352613734.1
1678320000,0.07109,0.07226,0.06403,0.06603,665493458.8
1678406400,0.06604,0.06622,0.06253,0.06598,422024176.1
1678492800,0.06594,0.06914,0.06364,0.06659,338343740.6
1678579200,0.06656,0.07151,0.0659,0.07101,259812226.1
1678665600,0.071,0.07397,0.06827,0.07316,381494210.6
1678752000,0.07316,0.07794,0.07153,0.0748,427441281.4
1678838400,0.0748,0.07632,0.06756,0.06994,506077300.5
1678924800,0.06993,0.07423,0.06897,0.07269,362534637.5
1679011200,0.0727,0.07742,0.07162,0.07658,316715887
1679097600,0.07657,0.07906,0.07257,0.07312,365428711.3
1679184000,0.0732,0.07675,0.07318,0.07473,161653557.2
1679270400,0.07477,0.07578,0.07051,0.07163,210094115.2
1679356800,0.07159,0.07812,0.0706,0.07683,337914066.7
1679443200,0.07682,0.07825,0.07165,0.07407,497758659.4
1679529600,0.07407,0.07938,0.07313,0.07748,331349347.7
1679616000,0.07749,0.07763,0.07291,0.07458,244837721.2
1679702400,0.07453,0.07606,0.07256,0.07412,118047805.9
1679788800,0.07413,0.07551,0.07341,0.07442,106546607.4
1679875200,0.07445,0.07622,0.07127,0.0729,235672773.9
1679961600,0.07292,0.07403,0.07168,0.07385,151404226
1680048000,0.07388,0.07685,0.0735,0.07558,202978504.8
1680134400,0.07557,0.07685,0.07334,0.07422,207780793.3
1680220800,0.07422,0.07791,0.07345,0.07698,147548039.3
1680307200,0.07696,0.08338,0.07593,0.08186,321106015.9
1680393600,0.08189,0.08562,0.07733,0.07907,325717693.8
1680480000,0.07906,0.1048,0.07606,0.09608,1459754717.1
1680566400,0.09608,0.1035,0.09215,0.09516,1391036145.1
1680652800,0.0951,0.09917,0.09058,0.09271,775644964.4
1680739200,0.09273,0.0928,0.08422,0.08546,797295662.6
1680825600,0.08545,0.08628,0.08127,0.08232,497662633.7
1680912000,0.0823,0.08393,0.08021,0.08141,214705348.5
1680998400,0.08141,0.08391,0.08111,0.08323,169221917.3
1681084800,0.08324,0.08548,0.08226,0.08483,237267242.5
1681171200,0.0848,0.08589,0.08369,0.08418,238677099
1681257600,0.0842,0.08478,0.08066,0.08352,382002140.5
1681344000,0.08353,0.08893,0.0829,0.08739,447469252
1681430400,0.08739,0.09149,0.08534,0.08874,676112582.6
1681516800,0.08872,0.09063,0.08722,0.08897,201925333.5
1681603200,0.08894,0.09188,0.08775,0.09048,258755098.4
1681689600,0.09046,0.09491,0.08815,0.09143,646245902.4
1681776000,0.09143,0.095,0.08981,0.09413,458167551.8
1681862400,0.09413,0.09413,0.08517,0.08792,829079503.8
1681948800,0.08793,0.09348,0.08248,0.08391,1000443272.6
1682035200,0.08391,0.0847,0.07652,0.07848,487688669.6
1682121600,0.07846,0.08105,0.07817,0.08031,131844811.5
1682208000,0.08031,0.08085,0.0766,0.07883,139738817.9
1682294400,0.07881,0.08011,0.07716,0.07878,155385324
1682380800,0.07875,0.07997,0.07755,0.07977,157933017.4
1682467200,0.07978,0.08361,0.075,0.07864,362723735.1
1682553600,0.07863,0.08103,0.07839,0.08016,243032232.9
1682640000,0.08016,0.08074,0.07903,0.08038,107107518.5
1682726400,0.08038,0.08198,0.08024,0.08159,85596976
1682812800,0.08162,0.08178,0.0793,0.07951,90937692.2
1682899200,0.07951,0.08008,0.07736,0.07884,171020627.8
1682985600,0.07883,0.07914,0.07754,0.07881,102144808.3
1683072000,0.07881,0.08069,0.0771,0.07963,148531525.7
1683158400,0.07963,0.07976,0.07797,0.07842,115210212.4
1683244800,0.07842,0.08154,0.07707,0.08031,215389800.6
1683331200,0.0803,0.08057,0.07595,0.0769,197578893.8
1683417600,0.07691,0.07759,0.07628,0.07665,105131337
1683504000,0.07661,0.0772,0.07,0.07248,321112444.8
1683590400,0.07249,0.07341,0.07218,0.07317,138104339
1683676800,0.07318,0.07479,0.07042,0.07317,290629147.7
1683763200,0.07317,0.07323,0.06915,0.07197,332563876.2
1683849600,0.07198,0.07276,0.06939,0.07238,246137435.3
1683936000,0.07238,0.07244,0.07134,0.0717,62400371.6
1684022400,0.0717,0.07269,0.07115,0.07197,84273137.2
1684108800,0.07197,0.0737,0.07091,0.07193,181860517.4
1684195200,0.07195,0.07324,0.0709,0.07276,179849219.4
1684281600,0.07275,0.07546,0.0723,0.07484,273335463.9
1684368000,0.07484,0.07491,0.07163,0.07341,222581449.5
1684454400,0.07343,0.07407,0.07299,0.07353,109229963.5
1684540800,0.07351,0.0739,0.07308,0.07364,49203234.8
1684627200,0.07363,0.07401,0.07196,0.07214,57901361.2
1684713600,0.07214,0.07402,0.07075,0.0729,149600356.5
1684800000,0.07292,0.07394,0.07244,0.07291,97354887.7
1684886400,0.07287,0.07289,0.06929,0.07062,139915843.6
1684972800,0.07064,0.07113,0.0686,0.07088,124136207.7
1685059200,0.07089,0.07138,0.07036,0.07099,113240968.9
1685145600,0.07099,0.07346,0.07078,0.07258,71817800.8
1685232000,0.07257,0.07398,0.07187,0.07353,94333812.9
1685318400,0.07354,0.07404,0.07263,0.07316,68748103.6
1685404800,0.07316,0.07347,0.0719,0.07232,175927631
1685491200,0.07231,0.0727,0.07054,0.07166,160479558.6
1685577600,0.07168,0.07219,0.07072,0.07145,113397838.7
1685664000,0.07145,0.07332,0.07092,0.07258,97418695.5
1685750400,0.07259,0.07301,0.0722,0.07271,49794978
1685836800,0.07271,0.07333,0.07233,0.07249,55434055.8
1685923200,0.07248,0.0727,0.06352,0.06649,285181947.5
1686009600,0.06645,0.07199,0.06588,0.07025,267055518.1
1686096000,0.07027,0.07034,0.0667,0.06731,157755643.7
1686182400,0.0673,0.06851,0.06701,0.06795,91903157.2
1686268800,0.06795,0.07117,0.06733,0.06947,177716277.3
1686355200,0.06951,0.07138,0.056,0.06179,667327725.8
1686441600,0.06183,0.06293,0.06094,0.06154,212584007.3
1686528000,0.06155,0.06171,0.05985,0.06144,222675710.2
1686614400,0.06142,0.06279,0.0605,0.06174,168254584.5
1686700800,0.06172,0.06218,0.05821,0.0604,259159810.4
1686787200,0.0604,0.06192,0.05961,0.06148,159528619.2
1686873600,0.06149,0.06274,0.06067,0.06214,144955283.4
1686960000,0.06214,0.06293,0.06167,0.06217,103996441.6
1687046400,0.06217,0.06396,0.06105,0.0621,233473197.6
1687132800,0.06209,0.06281,0.06147,0.06242,144194697.4
1687219200,0.06243,0.06316,0.0607,0.06315,174506184.9
1687305600,0.06314,0.06679,0.06284,0.0656,383331066.8
1687392000,0.06561,0.06939,0.06504,0.06556,406556862.6
1687478400,0.06556,0.07015,0.06524,0.06827,412532022.3
1687564800,0.06828,0.06845,0.06518,0.06673,378442568.3
1687651200,0.06674,0.06805,0.06639,0.06675,241236617.3
1687737600,0.06676,0.06686,0.06326,0.06479,394195693.9
1687824000,0.06477,0.0658,0.06435,0.06559,303718536.1
1687910400,0.06559,0.06596,0.06006,0.06255,318431057.4
1687996800,0.06256,0.06408,0.0624,0.0634,212355216.9
1688083200,0.06341,0.06694,0.06094,0.06643,761429826.6
1688169600,0.06643,0.07138,0.06637,0.06851,439084099.6
1688256000,0.06851,0.06923,0.06594,0.068,287157547.7
1688342400,0.068,0.06881,0.06726,0.06846,241300008.3
1688428800,0.06844,0.07189,0.06765,0.06895,531773896
1688515200,0.06894,0.06932,0.06559,0.067,295189690.2
1688601600,0.06698,0.06856,0.06467,0.06487,280862109.2
1688688000,0.06485,0.06588,0.06408,0.06543,208425450.6
1688774400,0.06541,0.06609,0.06474,0.06575,131315220.6
1688860800,0.06573,0.06639,0.06515,0.06538,99463073.8
1688947200,0.06539,0.06621,0.06333,0.06523,264848324.1
1689033600,0.06524,0.06549,0.06441,0.06529,123424852.4
1689120000,0.0653,0.06573,0.06365,0.06505,148887825.9
1689206400,0.06505,0.07171,0.06456,0.07044,572283560.9
1689292800,0.07044,0.07313,0.06621,0.06851,700267100
1689379200,0.0685,0.07517,0.06772,0.07195,819504031.7
1689465600,0.07196,0.07226,0.06893,0.06957,359561807.3
1689552000,0.06956,0.07329,0.06779,0.06987,427633738.5
1689638400,0.06984,0.07033,0.06704,0.06868,203501328.1
1689724800,0.06867,0.07236,0.0683,0.07003,455434638.9
1689811200,0.07003,0.07388,0.06929,0.0706,634650185.2
1689897600,0.07059,0.07684,0.07029,0.07325,769555879.6
1689984000,0.07322,0.07333,0.06967,0.07054,262445254.6
1690070400,0.07053,0.07295,0.07001,0.07181,167922341.8
1690156800,0.07181,0.07793,0.07017,0.07419,832911366.2
1690243200,0.07419,0.08384,0.0736,0.08185,1044579616.5
1690329600,0.08183,0.08226,0.07648,0.07798,585794693.8
1690416000,0.07797,0.07998,0.07663,0.0776,289719578.3
1690502400,0.07755,0.0779,0.07601,0.07715,189015078.1
1690588800,0.07717,0.08242,0.07682,0.08026,280185209.5
1690675200,0.08024,0.08057,0.07636,0.07808,226362856.4
1690761600,0.07805,0.07979,0.07674,0.07785,204707709.9
1690848000,0.07786,0.07827,0.0753,0.0781,202118884
1690934400,0.0781,0.0783,0.07374,0.0742,214792418.2
1691020800,0.07416,0.07498,0.07242,0.07354,208957615.8
1691107200,0.07355,0.07488,0.0724,0.07339,183618637.2
1691193600,0.07339,0.077,0.07281,0.07565,214667185.3
1691280000,0.07565,0.07642,0.07398,0.07416,135814673.3
1691366400,0.07415,0.07557,0.07157,0.07347,159146898.5
1691452800,0.07346,0.07546,0.07312,0.07494,166025992.8
1691539200,0.07494,0.0762,0.07411,0.07536,177911173.8
1691625600,0.07535,0.07688,0.07506,0.07579,153940653.3
1691712000,0.07579,0.07605,0.07475,0.07566,103834483.7
1691798400,0.07569,0.07735,0.07554,0.07667,168338787.1
1691884800,0.07666,0.07682,0.07419,0.07469,144831710.8
1691971200,0.07469,0.07702,0.07358,0.07463,199071348.2
1692057600,0.07463,0.07488,0.06818,0.07086,248269353.9
1692144000,0.07084,0.07118,0.06605,0.06711,267114482.7
1692230400,0.06711,0.06833,0.05821,0.06105,465717089.6
1692316800,0.06104,0.06384,0.0599,0.06323,358228741.9
1692403200,0.06323,0.06449,0.06309,0.0638,90402417.2
1692489600,0.06381,0.0647,0.06337,0.06384,70049897.4
1692576000,0.06385,0.06411,0.06038,0.06252,144698399.6
1692662400,0.06252,0.06328,0.06028,0.06254,173706107.5
1692748800,0.06254,0.06527,0.06243,0.06378,200759115.1
1692835200,0.06377,0.06404,0.06186,0.06305,98854446
1692921600,0.06306,0.06313,0.06167,0.06309,75078319.2
1693008000,0.06308,0.06335,0.06258,0.06287,30236780.4
1693094400,0.06286,0.06376,0.06265,0.06315,44169790.2
1693180800,0.06314,0.06362,0.06184,0.06342,85015339.7
1693267200,0.06341,0.0686,0.06239,0.0664,340476506.5
1693353600,0.06637,0.06645,0.06436,0.06588,136671301.4
1693440000,0.06587,0.067,0.0628,0.06377,223041313.1
1693526400,0.06378,0.06421,0.06229,0.06385,134262353.4
1693612800,0.06383,0.06495,0.06262,0.06349,115322476.3
1693699200,0.06348,0.06377,0.06275,0.06317,53584862.1
1693785600,0.06317,0.06385,0.06207,0.06325,78202735.1
1693872000,0.06324,0.06435,0.06283,0.06399,107184366.8
1693958400,0.06399,0.06457,0.06243,0.06361,104190328.7
1694044800,0.06362,0.06381,0.06273,0.06363,81904644.2
1694131200,0.06364,0.064,0.06237,0.06368,75391932.8
1694217600,0.06368,0.0639,0.06318,0.06337,51359665.6
1694304000,0.06337,0.0634,0.0594,0.06129,137626017
1694390400,0.06129,0.06198,0.0592,0.06046,174328056.5
1694476800,0.06046,0.06239,0.06041,0.06088,208837620.8
1694563200,0.06088,0.06182,0.06049,0.06125,152425368.3
1694649600,0.06125,0.0626,0.06109,0.06211,209364218.4
1694736000,0.06211,0.06294,0.06138,0.06251,101634912.7
1694822400,0.06251,0.06297,0.06179,0.06216,82354781.5
1694908800,0.06216,0.06255,0.06098,0.06148,91396238.7
1694995200,0.06148,0.06282,0.06098,0.062,139135408.9
1695081600,0.062,0.06325,0.0619,0.06268,112054763.3
1695168000,0.06269,0.06304,0.0615,0.06263,124461300.1
1695254400,0.06263,0.06346,0.06102,0.06129,121136833
1695340800,0.06129,0.06188,0.06059,0.06152,74418921.6
1695427200,0.06152,0.06199,0.06128,0.06151,37406463.2
1695513600,0.0615,0.06175,0.06031,0.0607,51773371.5
1695600000,0.0607,0.0612,0.06013,0.06093,65612301.8
1695686400,0.06092,0.06114,0.0593,0.06058,104685821.8
1695772800,0.06058,0.06136,0.06012,0.06048,92036932.3
1695859200,0.06047,0.06166,0.06033,0.0615,91575340.1
1695945600,0.06149,0.06248,0.06131,0.06214,88237457.8
1696032000,0.06215,0.06272,0.06173,0.06207,89686154.7
1696118400,0.06208,0.06356,0.06172,0.06317,101836681.2
1696204800,0.06318,0.06418,0.061,0.06202,188844630.6
1696291200,0.06203,0.06229,0.06108,0.06139,51133324.5
1696377600,0.06136,0.06159,0.06002,0.06146,71153391.1
1696464000,0.06147,0.06165,0.06061,0.06085,54369708.6
1696550400,0.06086,0.0616,0.06071,0.0614,59163662.8
1696636800,0.06141,0.06169,0.06106,0.06146,32587229.6
1696723200,0.06147,0.06165,0.06074,0.06098,41487041.1
1696809600,0.06099,0.06104,0.0569,0.05877,150549068.5
1696896000,0.05876,0.05926,0.05847,0.05913,61828686.7
1696982400,0.05914,0.05949,0.05765,0.05852,80317281.6
1697068800,0.05851,0.05854,0.05725,0.05788,57948494.3
1697155200,0.05788,0.05887,0.05775,0.05839,77603700.5
1697241600,0.05839,0.05998,0.05834,0.05984,49526438.9
1697328000,0.05984,0.05985,0.05899,0.05931,63067647
1697414400,0.05931,0.06174,0.05911,0.06002,187572117.9
1697500800,0.06003,0.0602,0.05813,0.05906,74403015.7
1697587200,0.05905,0.05937,0.05826,0.05861,54424179.2
1697673600,0.05861,0.05894,0.05744,0.05887,62904319.9
1697760000,0.05888,0.06052,0.05867,0.05993,95195229.1
1697846400,0.05993,0.06147,0.05945,0.06121,91060979.7
1697932800,0.06121,0.06174,0.05982,0.06171,78807712.5
1698019200,0.06171,0.06793,0.06131,0.06744,519493138.4
1698105600,0.06746,0.07007,0.06413,0.06657,652805827.9
1698192000,0.06659,0.0698,0.06463,0.06835,644389523.8
1698278400,0.06833,0.07516,0.06783,0.07186,812924482.3
1698364800,0.07186,0.07242,0.06724,0.06778,367817217
1698451200,0.06778,0.06982,0.06752,0.06904,166922983
1698537600,0.06904,0.07019,0.06724,0.06937,174331143.6
1698624000,0.06937,0.07041,0.06779,0.06962,186867177.4
1698710400,0.06961,0.07087,0.06568,0.06828,307681406
1698796800,0.06827,0.0698,0.0657,0.06896,490060250.6
1698883200,0.06895,0.0709,0.06663,0.06791,386191159.2
1698969600,0.0679,0.06829,0.06629,0.06811,240044429.4
1699056000,0.06809,0.06931,0.06794,0.06911,175549128.9
1699142400,0.06911,0.07178,0.06888,0.07111,327977452
1699228800,0.07112,0.0767,0.07031,0.07641,652753742.6
1699315200,0.07637,0.07652,0.07153,0.0734,640252062.2
1699401600,0.07345,0.07712,0.07281,0.07536,364100519.5
1699488000,0.07538,0.07795,0.06928,0.07356,565471809.2
1699574400,0.07357,0.07566,0.07244,0.07544,358081305.3
1699660800,0.07543,0.082,0.07453,0.07852,942801005.6
1699747200,0.07852,0.08038,0.07512,0.07799,400143429.9
1699833600,0.07795,0.07964,0.07348,0.07456,597773063.7
1699920000,0.07457,0.07555,0.069,0.07245,469112972.4
1700006400,0.07242,0.07657,0.07228,0.07626,305486259.2
1700092800,0.07628,0.08342,0.07597,0.0796,945068892.3
1700179200,0.07949,0.08791,0.0791,0.08678,1506863109.3
1700265600,0.08678,0.08695,0.07924,0.08032,820705544.8
1700352000,0.08032,0.08072,0.07745,0.08052,395252266.6
1700438400,0.08052,0.08225,0.077,0.07773,479097743.8
1700524800,0.07773,0.07879,0.07076,0.07178,649460812
1700611200,0.07178,0.07663,0.07156,0.07577,375044183.2
1700697600,0.07577,0.0764,0.07495,0.07623,145558819
1700784000,0.07624,0.07874,0.07606,0.07823,251829047.3
1700870400,0.07825,0.07922,0.07757,0.07898,149329016.9
1700956800,0.07902,0.07903,0.0756,0.07872,195510703.9
1701043200,0.07869,0.08151,0.0768,0.07883,423418784.8
1701129600,0.07884,0.08123,0.07673,0.08086,361267749.7
1701216000,0.08086,0.08317,0.07964,0.08051,342740023.7
1701302400,0.08046,0.08441,0.0804,0.08343,419251618.2
1701388800,0.08344,0.0851,0.08226,0.08388,395597485.4
1701475200,0.08386,0.08666,0.08327,0.08623,252163286.1
1701561600,0.08622,0.08744,0.08364,0.08576,326644743
1701648000,0.08575,0.09256,0.08533,0.09189,868010896.9
1701734400,0.09189,0.09579,0.08748,0.09436,842962677.1
1701820800,0.09441,0.10645,0.09342,0.09489,1635600314.5
1701907200,0.09489,0.09831,0.09293,0.09594,674204251.5
1701993600,0.09597,0.10428,0.09559,0.1017,571951188.5
1702080000,0.10171,0.10493,0.09751,0.09851,483178568.6
1702166400,0.09853,0.10277,0.09666,0.10187,307985813
1702252800,0.10184,0.10731,0.09093,0.09414,895644017.9
1702339200,0.09411,0.09804,0.0911,0.09377,416633387.8
1702425600,0.09377,0.0976,0.08978,0.09643,423253101.6
1702512000,0.09643,0.09876,0.09336,0.09836,428276287.6
1702598400,0.0983,0.09883,0.09239,0.093,297501582.7
1702684800,0.093,0.09721,0.09155,0.09709,230854022.7
1702771200,0.09708,0.09777,0.09232,0.09287,253366679
1702857600,0.0929,0.0937,0.0864,0.09214,359038633
1702944000,0.09213,0.09352,0.08917,0.09019,272054360.9
1703030400,0.09021,0.09335,0.08941,0.0915,304718943
1703116800,0.0915,0.09791,0.09061,0.095,439636345.4
1703203200,0.095,0.09564,0.09188,0.09504,306451542.9
1703289600,0.09505,0.09505,0.0921,0.09348,136967558.5
1703376000,0.09347,0.09492,0.0905,0.09179,223385847
1703462400,0.09176,0.0954,0.09127,0.09439,157293819.8
1703548800,0.09436,0.09449,0.08696,0.09138,272855663.7
1703635200,0.09138,0.0939,0.08958,0.09372,185144919.2
1703721600,0.09373,0.09499,0.09107,0.09176,223708362
1703808000,0.09176,0.09303,0.08861,0.09101,212308148.9
1703894400,0.09101,0.09142,0.08924,0.08999,96589097.2
1703980800,0.08999,0.09086,0.08803,0.08952,81641042.7
1704067200,0.0895,0.09211,0.0885,0.09202,117901595.7
1704153600,0.09202,0.09443,0.09041,0.0911,273234096
1704240000,0.09111,0.09214,0.07683,0.08203,552020577.3
1704326400,0.08206,0.08479,0.08108,0.08408,280551091.5
1704412800,0.08411,0.08492,0.08018,0.08272,436082841.6
1704499200,0.08272,0.08274,0.07844,0.08063,158831480.5
1704585600,0.08064,0.0815,0.07705,0.07829,162177373.5
1704672000,0.07828,0.08184,0.07429,0.08137,373432949.7
1704758400,0.08137,0.08397,0.07657,0.07922,814007565.5
1704844800,0.07922,0.0851,0.07623,0.08308,495538078.3
1704931200,0.08309,0.088,0.08205,0.08458,456212425.3
1705017600,0.08456,0.08544,0.07766,0.08007,328227184.6
1705104000,0.08007,0.08134,0.07858,0.08093,140571302
1705190400,0.0809,0.08388,0.07963,0.07997,222850321.9
1705276800,0.07996,0.0817,0.07981,0.08102,99466209.3
1705363200,0.08104,0.08249,0.07979,0.0813,152161919.9
1705449600,0.08132,0.08158,0.0793,0.08053,106038202.8
1705536000,0.0805,0.08071,0.07679,0.07802,160865422
1705622400,0.07801,0.07876,0.07474,0.07849,239594228.1
1705708800,0.07848,0.0974,0.07815,0.09116,484237015.3
1705795200,0.09118,0.09638,0.08452,0.08539,649991298.6
1705881600,0.08538,0.0855,0.08002,0.08048,577174888.4
1705968000,0.08048,0.08178,0.07594,0.07816,436023796.8
1706054400,0.07815,0.08063,0.07758,0.07901,291090791.2
1706140800,0.07899,0.07923,0.07706,0.07784,165601733.6
1706227200,0.0779,0.08033,0.07748,0.07982,177806496.3
1706313600,0.07984,0.08075,0.079,0.08013,103430375.5
1706400000,0.08012,0.08146,0.07817,0.07882,117657873.8
1706486400,0.07884,0.08303,0.07817,0.08135,339502419
1706572800,0.08138,0.08217,0.07936,0.07972,164378318.1
1706659200,0.07971,0.08025,0.07793,0.07873,154027050.2
1706745600,0.07867,0.07983,0.07726,0.07933,99870413.3
1706832000,0.07938,0.07992,0.07854,0.07923,97195065.5
1706918400,0.07926,0.07949,0.07852,0.07871,40186702.8
1707004800,0.07872,0.07993,0.07779,0.07828,54322203.5
1707091200,0.07828,0.08023,0.07729,0.07824,148130898.3
1707177600,0.07824,0.07919,0.07763,0.07847,68301448.3
1707264000,0.07846,0.08029,0.07808,0.0801,96634717.9
1707350400,0.08012,0.08085,0.07957,0.07988,99892894.1
1707436800,0.07989,0.08222,0.07989,0.0816,207088439.9
1707523200,0.0816,0.0822,0.08036,0.08145,76827495.3
1707609600,0.08146,0.08363,0.08076,0.08125,145785316.8
1707696000,0.08125,0.08288,0.07945,0.08226,212269582.6
1707782400,0.08226,0.08304,0.07965,0.0811,220074608
1707868800,0.0811,0.08707,0.08051,0.08557,369361793.1
1707955200,0.08556,0.0883,0.08395,0.08538,371721561.3
1708041600,0.0854,0.08802,0.084,0.08597,256668797.7
1708128000,0.08598,0.08614,0.08192,0.08359,208983537
1708214400,0.08359,0.08575,0.08286,0.0852,161711910.3
1708300800,0.08518,0.0908,0.08503,0.08944,378567776.8
1708387200,0.08943,0.09156,0.08286,0.08617,468237875.5
1708473600,0.08617,0.0863,0.08197,0.08459,231595925.3
1708560000,0.08458,0.08548,0.083,0.08403,177070674.8
1708646400,0.08405,0.08553,0.08285,0.08452,246541568.1
1708732800,0.0845,0.08646,0.08382,0.08615,150387649.6
1708819200,0.08614,0.08679,0.0852,0.08617,149540438.5
1708905600,0.08611,0.0902,0.08417,0.08934,327531864.4
1708992000,0.08933,0.10073,0.08852,0.09762,1088269831.9
1709078400,0.09764,0.12358,0.09422,0.11618,2031681131.1
1709164800,0.11621,0.13508,0.11118,0.11739,2481082911
1709251200,0.1174,0.14641,0.11712,0.13947,1768534462.7
1709337600,0.13945,0.15126,0.13589,0.14207,1405328350.4
1709424000,0.14208,0.1569,0.12312,0.15358,1492486989.2
1709510400,0.15358,0.18687,0.14509,0.18242,2164744096.8
1709596800,0.18247,0.20913,0.12563,0.15377,3167805663.3
1709683200,0.15371,0.17978,0.14631,0.15793,1587249865.6
1709769600,0.15794,0.16245,0.1465,0.15784,1088846448.6
1709856000,0.15787,0.17628,0.15525,0.16491,1194226720.8
1709942400,0.16493,0.18575,0.1632,0.17917,922039548
1710028800,0.1792,0.18001,0.16546,0.17035,546992053
1710115200,0.17038,0.18315,0.16,0.18205,870444602.9
1710201600,0.18209,0.18361,0.15524,0.16818,642508449.6
1710288000,0.16819,0.1745,0.16496,0.16907,539988138
1710374400,0.16903,0.19308,0.165,0.17726,1556806043.7
1710460800,0.17726,0.18138,0.15117,0.16353,1290198205.5
1710547200,0.16357,0.16527,0.138,0.14234,813530732.3
1710633600,0.14235,0.15908,0.1366,0.15417,723074430.5
1710720000,0.15416,0.15423,0.14,0.14353,590869434.1
1710806400,0.14348,0.14522,0.12517,0.12869,1226073396.3
1710892800,0.1287,0.15332,0.12275,0.15213,1293686663.9
1710979200,0.15216,0.1599,0.1466,0.15538,943466087.7
1711065600,0.15535,0.16506,0.14523,0.15296,955019267.3
1711152000,0.15298,0.17518,0.15168,0.16189,957032255.2
1711238400,0.16198,0.18,0.16111,0.1765,949543168.4
1711324800,0.17648,0.18689,0.17001,0.17526,922782092.8
1711411200,0.17527,0.18715,0.174,0.18229,848283496.9
1711497600,0.18228,0.19151,0.17879,0.19036,1427975622
1711584000,0.19042,0.22899,0.18908,0.21999,1981168221.6
1711670400,0.22008,0.22484,0.20781,0.2131,940536750.5
1711756800,0.21311,0.21699,0.19647,0.19919,684212783.2
1711843200,0.19918,0.22429,0.19913,0.22004,712093836.2
1711929600,0.22003,0.22003,0.197,0.20513,1031913942
1712016000,0.20513,0.20524,0.18001,0.18252,1310956784.3
1712102400,0.18253,0.18759,0.1701,0.17526,980071356.7
1712188800,0.17524,0.1885,0.17195,0.18007,714644380.2
1712275200,0.18006,0.18082,0.16755,0.17729,740333851.4
1712361600,0.17728,0.18787,0.17649,0.18581,520927954.3
1712448000,0.18577,0.20529,0.18547,0.19884,824807028
1712534400,0.19884,0.209,0.19548,0.20261,580172685.4
1712620800,0.20258,0.20347,0.18573,0.18908,685165021.7
1712707200,0.18905,0.20216,0.17991,0.19973,669511404.3
1712793600,0.19972,0.2036,0.18976,0.19379,490669733.8
1712880000,0.19382,0.20138,0.16,0.17448,1035083642.2
1712966400,0.17448,0.17603,0.13,0.15273,1729039085.1
1713052800,0.15269,0.16507,0.14369,0.16233,1229541116.5
1713139200,0.16232,0.16916,0.1504,0.16122,1078448002.5
1713225600,0.16131,0.16254,0.14633,0.15609,631377165.8
1713312000,0.15606,0.15876,0.14424,0.14758,552778963.2
1713398400,0.14757,0.1584,0.14096,0.15234,604865848.5
1713484800,0.15235,0.15728,0.13889,0.15641,722531044.2
1713571200,0.15636,0.16513,0.15068,0.16264,535608107.5
1713657600,0.16261,0.16597,0.15507,0.15825,369123709.6
1713744000,0.15823,0.16351,0.15641,0.16128,345037672.4
1713830400,0.16126,0.16305,0.15691,0.15977,301300207.9
1713916800,0.15979,0.16449,0.14928,0.1513,528705853.3
1714003200,0.15131,0.15447,0.14746,0.15126,285213322.5
1714089600,0.15124,0.15178,0.14677,0.14797,263845804.2
1714176000,0.14797,0.14963,0.14251,0.14766,233707402.2
1714262400,0.14764,0.15101,0.14593,0.14669,114647852.7
1714348800,0.14665,0.14805,0.13963,0.14335,317574342.7
1714435200,0.14337,0.14597,0.12902,0.1333,500924507.1
1714521600,0.13327,0.13381,0.11984,0.13007,885934379.6
1714608000,0.13008,0.13448,0.12394,0.13192,487941124.7
1714694400,0.13194,0.1482,0.13115,0.14612,440392185
1714780800,0.14611,0.1703,0.14577,0.16011,837070536.6
1714867200,0.16011,0.16354,0.15451,0.16103,401359601.4
1714953600,0.16103,0.16905,0.15405,0.15649,519277389.9
1715040000,0.15648,0.1599,0.14926,0.15,385361929.1
1715126400,0.14997,0.15196,0.14201,0.14314,324637129
1715212800,0.14317,0.15431,0.14304,0.1522,323751543.1
1715299200,0.15217,0.1539,0.14221,0.14395,330564009.7
1715385600,0.14388,0.14625,0.14244,0.14305,97165142.8
1715472000,0.14303,0.14441,0.13952,0.14117,156293939.6
1715558400,0.14116,0.15738,0.1358,0.14861,729385673.4
1715644800,0.14859,0.1551,0.14418,0.14545,631360130
1715731200,0.14544,0.15699,0.14519,0.15535,538883150.4
1715817600,0.15535,0.15937,0.14868,0.14975,356576711.7
1715904000,0.14975,0.15678,0.14912,0.1556,316587060.1
1715990400,0.15564,0.15697,0.15129,0.15309,147756205.3
1716076800,0.15312,0.15605,0.14729,0.14912,171345656.4
1716163200,0.14913,0.16637,0.14771,0.16575,449273594.6
1716249600,0.16575,0.17494,0.16063,0.17021,764511123.9
1716336000,0.17019,0.1748,0.16169,0.16623,529260664.2
1716422400,0.16623,0.1694,0.15168,0.15965,563777749.9
1716508800,0.15964,0.1733,0.15511,0.16381,718980262.2
1716595200,0.16382,0.17421,0.16262,0.17393,338107084.6
1716681600,0.17394,0.17485,0.16538,0.1661,339061551.8
1716768000,0.16614,0.17353,0.16406,0.16892,399003629.1
1716854400,0.16893,0.16966,0.16135,0.16478,337500320.8
1716940800,0.16479,0.17071,0.16205,0.16365,399687514.4
1717027200,0.16369,0.1655,0.15633,0.15942,407062354
1717113600,0.15944,0.16249,0.15419,0.15886,241691629.3
1717200000,0.15885,0.16163,0.15826,0.16017,108534542.7
1717286400,0.16016,0.16124,0.15458,0.15711,113187260.3
1717372800,0.15705,0.1635,0.1557,0.15832,280498670.3
1717459200,0.15832,0.16188,0.157,0.16137,146321261.9
1717545600,0.16136,0.16484,0.1612,0.16326,168088084.9
1717632000,0.16325,0.16567,0.15824,0.16005,186755024.9
1717718400,0.16005,0.16211,0.1399,0.14816,401546323.6
1717804800,0.14816,0.14872,0.14347,0.14588,213376597.4
1717891200,0.1459,0.14917,0.14494,0.14678,128980272.1
1717977600,0.14677,0.14794,0.1432,0.1447,205042466.2
1718064000,0.1447,0.14511,0.13356,0.13805,393021241.3
1718150400,0.13803,0.15067,0.13458,0.14615,524688495.4
1718236800,0.14616,0.14644,0.14003,0.14103,300436054.4
1718323200,0.141,0.14332,0.13184,0.13493,340224630.7
1718409600,0.13495,0.13743,0.13405,0.13669,136169881.7
1718496000,0.13668,0.13756,0.13459,0.13704,114167272.6
1718582400,0.13703,0.13812,0.12593,0.12875,329499506.3
1718668800,0.12874,0.12927,0.11381,0.12218,537893344.6
1718755200,0.12219,0.12676,0.12129,0.12245,344674572.2
1718841600,0.12244,0.12876,0.12126,0.12448,258712194.5
1718928000,0.12445,0.12565,0.12128,0.1241,198317654.6
1719014400,0.12409,0.1255,0.12283,0.1237,125058964.4
1719100800,0.12371,0.12633,0.12105,0.12212,140852442
1719187200,0.12209,0.12382,0.1133,0.11893,336317777.9
1719273600,0.11895,0.12857,0.11875,0.12613,407012926
1719360000,0.12614,0.12861,0.12159,0.12267,261245002.2
1719446400,0.12268,0.12831,0.12053,0.12691,299606357.2
1719532800,0.12689,0.12834,0.12197,0.12283,242943192.9
1719619200,0.12283,0.12419,0.12116,0.1217,73535016.9
1719705600,0.12168,0.12548,0.12031,0.12426,92169213.2
1719792000,0.1243,0.12733,0.12305,0.12341,159008628.1
1719878400,0.12341,0.12527,0.12229,0.12511,109356568
1719964800,0.12511,0.12536,0.11669,0.11835,224980115.9
1720051200,0.11836,0.11899,0.104,0.10496,515224656.6
1720137600,0.10495,0.10691,0.09155,0.10558,857784356.9
1720224000,0.10559,0.11417,0.10473,0.11344,324014866.3
1720310400,0.11346,0.11353,0.10359,0.10414,199253571.2
1720396800,0.10413,0.11147,0.09876,0.10759,359411012.2
1720483200,0.10755,0.10954,0.10576,0.10755,239210372.1
1720569600,0.10756,0.11052,0.10574,0.10802,226710686.5
1720656000,0.10795,0.11254,0.10614,0.10662,150161115.7
1720742400,0.10662,0.10842,0.10476,0.10769,140156388
1720828800,0.10769,0.11302,0.10729,0.11234,187636553.2
1720915200,0.11235,0.11694,0.11116,0.1154,162626643.5
1721001600,0.11537,0.12567,0.11459,0.12499,277305288.4
1721088000,0.12496,0.12791,0.11897,0.12483,295753323.6
1721174400,0.12486,0.12774,0.12009,0.1218,233864249.6
1721260800,0.1218,0.12396,0.11715,0.11954,189772609.3
1721347200,0.11954,0.1261,0.11741,0.12547,237966291.8
1721433600,0.12547,0.13585,0.12434,0.13427,379074641.8
1721520000,0.13428,0.14371,0.12566,0.14022,393487638.5
1721606400,0.14026,0.14264,0.13584,0.13784,451454178
1721692800,0.13775,0.13929,0.12811,0.13033,319631009.7
1721779200,0.13012,0.13482,0.12682,0.12792,158150522.9
1721865600,0.12791,0.12871,0.12005,0.12522,280297579.2
1721952000,0.12517,0.13496,0.12501,0.13419,280101523.3
1722038400,0.13422,0.13877,0.13009,0.13146,332968512.6
1722124800,0.1314,0.13187,0.1281,0.13005,135621414.8
1722211200,0.13003,0.13507,0.12761,0.12837,270046858
1722297600,0.12844,0.13068,0.12317,0.12547,180905523.4
1722384000,0.12547,0.12732,0.12115,0.12189,174909726.2
1722470400,0.1219,0.12307,0.11201,0.11887,228937839.6
1722556800,0.11888,0.11964,0.11012,0.11141,238932757.2
1722643200,0.11138,0.11462,0.10513,0.10806,266823346.2
1722729600,0.10803,0.10938,0.09887,0.10372,270417872.7
1722816000,0.10371,0.10425,0.08049,0.09438,1149414402.7
1722902400,0.09439,0.10154,0.09407,0.09652,354839358.6
1722988800,0.09649,0.1021,0.09431,0.0956,372279125.4
1723075200,0.09554,0.10803,0.09354,0.10751,355189576.9
1723161600,0.10752,0.10786,0.10162,0.10391,248307889.7
1723248000,0.10388,0.10595,0.10283,0.10523,113274091
1723334400,0.10523,0.111,0.1001,0.1006,304738676.3
1723420800,0.10058,0.10866,0.10012,0.10791,363699600.5
1723507200,0.10794,0.1091,0.1034,0.10637,191763685.6
1723593600,0.10641,0.10716,0.10144,0.10238,132962687.1
1723680000,0.10242,0.10496,0.09795,0.10023,219696226.1
1723766400,0.10022,0.10208,0.09746,0.1004,158050621.7
1723852800,0.10037,0.10372,0.10002,0.10282,73623826.4
1723939200,0.10277,0.10449,0.09999,0.10008,86963802.1
1724025600,0.10008,0.10189,0.0986,0.10136,143668279.2
1724112000,0.10132,0.10573,0.1011,0.1029,330152467
1724198400,0.10292,0.10799,0.10206,0.10617,174784990
1724284800,0.10619,0.10691,0.104,0.10526,92922084.1
1724371200,0.10528,0.11555,0.10523,0.11302,335174929.2
1724457600,0.11301,0.11506,0.11079,0.11263,234326683.4
1724544000,0.11261,0.11293,0.10785,0.10964,178653438.2
1724630400,0.10962,0.11034,0.10444,0.10523,174360258.8
1724716800,0.10521,0.10655,0.09639,0.09892,281655737.4
1724803200,0.09893,0.1019,0.09682,0.09969,241627720
1724889600,0.09968,0.10262,0.09826,0.10041,157715274.4
1724976000,0.10035,0.10299,0.09697,0.10175,230557634.4
1725062400,0.10176,0.10237,0.10035,0.10127,107369809.7
1725148800,0.10127,0.10153,0.09394,0.09509,126920313.9
1725235200,0.09506,0.09992,0.0941,0.0991,152965905.2
1725321600,0.09907,0.10079,0.09643,0.09678,149410285.7
1725408000,0.09675,0.09951,0.09191,0.09802,264858235.2
1725494400,0.09799,0.09916,0.09599,0.09839,151807887
1725580800,0.09839,0.09941,0.08888,0.09253,281003829.8
1725667200,0.09252,0.0957,0.09172,0.09541,164254061.4
1725753600,0.09541,0.097,0.09383,0.09618,104784601.6
1725840000,0.09614,0.10495,0.09574,0.10375,298393023.4
1725926400,0.10377,0.10459,0.10151,0.10281,144723093.7
1726012800,0.10281,0.10306,0.09783,0.1013,175380118.9
1726099200,0.10132,0.10335,0.10044,0.10269,149355243.4
1726185600,0.1027,0.10856,0.10177,0.10705,335114644.8
1726272000,0.10706,0.1078,0.10423,0.10542,137459933.7
1726358400,0.1054,0.10644,0.10216,0.10279,116102531.5
1726444800,0.10279,0.10323,0.09833,0.09965,167463709.5
1726531200,0.09966,0.10264,0.09869,0.10115,261324391.2
1726617600,0.10112,0.10389,0.09934,0.10386,171449503.2
1726704000,0.10388,0.10715,0.10333,0.10498,225483879.9
1726790400,0.10501,0.10753,0.10361,0.10555,215211486
1726876800,0.10554,0.11052,0.10405,0.10995,180078952.7
1726963200,0.10991,0.10998,0.10378,0.1063,126283510.6
1727049600,0.10632,0.1092,0.10409,0.10805,204365592.1
1727136000,0.10804,0.11063,0.10677,0.10978,193499330.1
1727222400,0.10978,0.11117,0.10798,0.10848,163030753.8
1727308800,0.10851,0.12072,0.10696,0.11817,428779246
1727395200,0.11818,0.12875,0.11702,0.12352,493157799.4
1727481600,0.12356,0.13213,0.12009,0.12811,412454103.5
1727568000,0.12813,0.13042,0.12432,0.12432,258412885.7
1727654400,0.1244,0.12465,0.1132,0.1142,339383872.9
1727740800,0.11418,0.11933,0.10255,0.10687,455269272.7
1727827200,0.10683,0.10949,0.10222,0.1046,328088438.1
1727913600,0.10457,0.10678,0.10107,0.10506,259833381.4
1728000000,0.10507,0.11057,0.10477,0.10924,275757991
1728086400,0.10924,0.11025,0.10746,0.10939,119946974.5
1728172800,0.1094,0.11288,0.10839,0.11155,125172776.1
1728259200,0.11156,0.11547,0.1082,0.10839,346457494.9
1728345600,0.10838,0.1098,0.10516,0.10706,177570233.1
1728432000,0.10706,0.11143,0.10592,0.10785,234969961.5
1728518400,0.10782,0.10852,0.10299,0.10593,254031129.1
1728604800,0.10593,0.1114,0.10558,0.11072,214412207.1
1728691200,0.11073,0.11215,0.10932,0.11135,125068955.6
1728777600,0.11137,0.11211,0.10858,0.11132,108928446.5
1728864000,0.11134,0.11768,0.10927,0.11664,320206560.4
1728950400,0.11666,0.11926,0.11012,0.11744,371750476.2
1729036800,0.11744,0.13,0.11577,0.1257,835381479.9
1729123200,0.1257,0.13091,0.12042,0.12962,587444479.5
1729209600,0.12961,0.14085,0.12955,0.13716,780319346.9
1729296000,0.13719,0.14702,0.13698,0.14406,544390239
1729382400,0.14406,0.14571,0.13716,0.14209,332533404
1729468800,0.14212,0.14966,0.13812,0.14362,571539805.3
1729555200,0.14359,0.14841,0.13637,0.13961,540814925.3
1729641600,0.13962,0.14086,0.13274,0.13989,439786248.7
1729728000,0.13985,0.1437,0.13619,0.14182,344837977.9
1729814400,0.14179,0.14265,0.12759,0.13135,424160472.6
1729900800,0.13133,0.138,0.13045,0.1373,186931796.8
1729987200,0.13729,0.1461,0.13591,0.1441,349337940.8
1730073600,0.1441,0.16249,0.14097,0.16137,925459233.4
1730160000,0.1613,0.17976,0.16038,0.1758,999017763.5
1730246400,0.17579,0.1779,0.16439,0.16826,516948719.3
1730332800,0.16822,0.17357,0.15614,0.16144,543256795.1
1730419200,0.16143,0.16894,0.15403,0.15903,572407304.4
1730505600,0.15908,0.16358,0.15542,0.15956,267039267.3
1730592000,0.15955,0.15985,0.14208,0.15135,619836416.5
1730678400,0.15135,0.16015,0.14807,0.15812,682639964.9
1730764800,0.15813,0.17957,0.15787,0.17,1023358911.9
1730851200,0.17,0.2193,0.16903,0.19664,2518219264.8
1730937600,0.19664,0.20443,0.18534,0.1934,898069021.9
1731024000,0.19341,0.20759,0.19059,0.20215,900869236.9
1731110400,0.20215,0.22,0.19751,0.21908,761365096.2
1731196800,0.21913,0.29877,0.21671,0.27796,2520483960.9
1731283200,0.27813,0.35189,0.27251,0.35185,2519389788.8
1731369600,0.35176,0.4395,0.32706,0.38028,4205191907.4
1731456000,0.38048,0.4346,0.35201,0.39976,3196380277.5
1731542400,0.39974,0.41646,0.3518,0.36264,1732342666.5
1731628800,0.36276,0.385,0.35141,0.38159,1336098430.5
1731715200,0.38171,0.39158,0.36,0.36433,768174634.1
1731801600,0.36432,0.37558,0.33911,0.36706,738777289.5
1731888000,0.36719,0.38268,0.35752,0.3715,1001287918.6
1731974400,0.37144,0.4204,0.36655,0.39124,1295140701.3
1732060800,0.3913,0.39731,0.365,0.37807,810483804.7
1732147200,0.37811,0.39555,0.36918,0.38695,788278634.3
1732233600,0.38701,0.42,0.38105,0.41318,1357538192.1
1732320000,0.41321,0.48078,0.40444,0.43069,2027049241.9
1732406400,0.43062,0.4554,0.4,0.43069,1129579630.5
1732492800,0.43071,0.43792,0.38023,0.3927,1166265758.5
1732579200,0.39266,0.40887,0.3646,0.38699,952012402.6
1732665600,0.38688,0.40846,0.38002,0.40141,588365790.8
1732752000,0.40141,0.42934,0.39116,0.40166,525120516.7
1732838400,0.40168,0.43782,0.39947,0.42647,726643795.4
1732924800,0.42646,0.43576,0.41374,0.42185,648577958.8
1733011200,0.42188,0.45,0.41667,0.44055,710018463.2
1733097600,0.44052,0.46395,0.40041,0.4247,1085374981.5
1733184000,0.42479,0.42975,0.38823,0.40659,812427614.9
1733270400,0.40669,0.438,0.40027,0.43332,669661413.9
1733356800,0.4333,0.46591,0.40765,0.42733,1572321274
1733443200,0.42738,0.4423,0.42039,0.4354,569852387.7
1733529600,0.43541,0.46654,0.43123,0.45327,702836290.5
1733616000,0.45327,0.48464,0.446,0.46682,660736200.2
1733702400,0.46707,0.46795,0.38005,0.41402,1037803723.5
1733788800,0.41401,0.423,0.36522,0.39395,1163323138.3
1733875200,0.39409,0.41941,0.37537,0.41427,722217830.5
1733961600,0.41427,0.42419,0.40089,0.40623,461388912.9
1734048000,0.40611,0.41228,0.39924,0.40907,630225250.4
1734134400,0.40903,0.41412,0.38734,0.39824,285487667.4
1734220800,0.39831,0.4111,0.3922,0.40648,231274563.5
1734307200,0.40652,0.41499,0.39222,0.40208,391126488.9
1734393600,0.40208,0.41023,0.39109,0.39416,255231157.5
1734480000,0.39409,0.39638,0.349,0.35816,515225711.1
1734566400,0.35808,0.36719,0.30005,0.31403,1299082810.6
1734652800,0.31404,0.32869,0.2615,0.31776,1652007275.9
1734739200,0.31776,0.3499,0.31393,0.32025,691174180.2
1734825600,0.32025,0.32435,0.30456,0.31234,384549262.8
1734912000,0.31233,0.32841,0.30259,0.32456,572178409.9
1734998400,0.32455,0.34027,0.31568,0.3369,361592526.3
1735084800,0.33689,0.34191,0.32623,0.33413,245947116
1735171200,0.33411,0.33774,0.30815,0.31236,260262068.5
1735257600,0.31235,0.3245,0.30836,0.31143,231914707.3
1735344000,0.31144,0.32689,0.31086,0.32386,124970725.4
1735430400,0.32382,0.32916,0.31125,0.31369,171839646.5
1735516800,0.31375,0.32277,0.30586,0.31337,297763510.6
1735603200,0.31336,0.32873,0.30876,0.31536,290123039.2
1735689600,0.31537,0.32686,0.31138,0.3244,209115808.7
1735776000,0.32441,0.34458,0.3239,0.33858,327396382.5
1735862400,0.3386,0.38932,0.33564,0.37969,451823532.2
1735948800,0.37969,0.39879,0.37648,0.39478,364293061.2
1736035200,0.39482,0.39781,0.37468,0.38223,169400684.8
1736121600,0.3823,0.39549,0.3759,0.38797,254326688.9
1736208000,0.38796,0.39846,0.34676,0.34798,551659093.3
1736294400,0.34799,0.35552,0.32417,0.34218,548354891.1
1736380800,0.34218,0.34676,0.31426,0.32104,482802300.3
1736467200,0.32105,0.3398,0.32096,0.33381,393278173.9
1736553600,0.33386,0.34809,0.3295,0.34106,159068546.6
1736640000,0.34106,0.34342,0.32937,0.33575,161779917.9
1736726400,0.33577,0.34589,0.31,0.33795,503482103.2
1736812800,0.33799,0.362,0.33565,0.35579,442070607.2
1736899200,0.35579,0.38782,0.34809,0.38527,562628402.6
1736985600,0.38523,0.39016,0.36765,0.37642,526516116.1
1737072000,0.37645,0.42205,0.37542,0.41549,772403093
1737158400,0.41553,0.43434,0.38314,0.39597,850719691.9
1737244800,0.39597,0.40963,0.34633,0.35791,1108182223.9
1737331200,0.35791,0.3861,0.34452,0.35413,1193509210.6
1737417600,0.35413,0.4016,0.33533,0.37189,1032733790.3
1737504000,0.37191,0.37384,0.35489,0.36255,339775885.5
1737590400,0.36269,0.36437,0.34128,0.35218,408474812
1737676800,0.3522,0.36469,0.34282,0.35086,212809180.4
1737763200,0.35079,0.36154,0.3454,0.35347,141757204.5
1737849600,0.35347,0.35728,0.33495,0.33591,164711858.7
1737936000,0.33589,0.33705,0.305,0.33392,591979510.8
1738022400,0.33403,0.33907,0.31483,0.31849,246892699.9
1738108800,0.31857,0.33473,0.31662,0.32403,281712147.4
1738195200,0.32406,0.33896,0.32203,0.33156,191457845.9
1738281600,0.33155,0.34172,0.32329,0.32886,219430572.8
1738368000,0.32877,0.33222,0.30323,0.30784,195537446.3
1738454400,0.30784,0.31481,0.25,0.26802,857402177.7
1738540800,0.26809,0.29331,0.20101,0.28515,1704771557.2
1738627200,0.28512,0.28926,0.25526,0.26352,649566948
1738713600,0.26359,0.26925,0.2534,0.25612,298664647.9
1738800000,0.25622,0.26607,0.24291,0.24789,295339639.9
1738886400,0.24796,0.2618,0.23866,0.24657,315722582.2
1738972800,0.24656,0.2542,0.24451,0.25301,123051300.1
1739059200,0.253,0.26007,0.23971,0.249,215912909.6
1739145600,0.24899,0.25649,0.24166,0.25542,228841749.1
1739232000,0.2554,0.27012,0.24839,0.25306,268445540.5
1739318400,0.25304,0.2673,0.2466,0.26422,349659388.7
1739404800,0.26422,0.26724,0.25333,0.2625,240792341.9
1739491200,0.2625,0.28684,0.2608,0.27184,329331595.6
1739577600,0.27185,0.2833,0.26826,0.27175,221290306.1
1739664000,0.27175,0.27431,0.26355,0.26557,119901946.3
1739750400,0.26555,0.26887,0.25373,0.25822,212252408.9
1739836800,0.2582,0.25986,0.24193,0.25125,333112853.5
1739923200,0.25123,0.2554,0.24879,0.25477,138014145.6
1740009600,0.25482,0.25759,0.24991,0.25483,124860097.2
1740096000,0.25483,0.26123,0.23412,0.23958,235170912.7
1740182400,0.23959,0.24785,0.23796,0.24659,105357938.1
1740268800,0.24662,0.24762,0.2404,0.24285,75174897.1
1740355200,0.24284,0.24394,0.20601,0.2104,373036246.4
1740441600,0.21043,0.21455,0.19534,0.21122,600707008.2
1740528000,0.21137,0.21383,0.19579,0.20321,331224749.6
1740614400,0.20329,0.21134,0.20068,0.2066,207519674.5
1740700800,0.20667,0.20707,0.18127,0.20172,527208271.6
1740787200,0.20174,0.20896,0.19923,0.20669,142151454.5
1740873600,0.20668,0.24229,0.20159,0.2394,482332576.6
1740960000,0.23937,0.24063,0.19275,0.19901,511627234.8
1741046400,0.19891,0.20236,0.18264,0.19906,474187889.1
1741132800,0.199,0.20661,0.1963,0.20476,241800193.1
1741219200,0.20476,0.22,0.19896,0.2015,309039791.2
1741305600,0.20151,0.20868,0.19023,0.19834,360622929.1
1741392000,0.19835,0.2008,0.19089,0.19229,132495343.9
1741478400,0.19221,0.19419,0.16533,0.168,384816186.5
1741564800,0.16802,0.18095,0.15032,0.15396,581496503.7
1741651200,0.15398,0.16865,0.1427,0.16451,763159143.9
1741737600,0.16453,0.17408,0.15947,0.17243,440872839.3
1741824000,0.17239,0.17298,0.16163,0.16514,316499091.5
1741910400,0.16519,0.17627,0.16455,0.17193,208634783.4
1741996800,0.17193,0.17784,0.17118,0.17597,113628383.5
1742083200,0.176,0.17687,0.16573,0.16818,176484506.8
1742169600,0.1682,0.17621,0.16801,0.17333,164485715.6
1742256000,0.17336,0.17349,0.16275,0.16799,154735777.5
1742342400,0.16798,0.17885,0.1668,0.17808,230241224.1
1742428800,0.17809,0.17924,0.16655,0.16934,157526180.8
1742515200,0.16937,0.17151,0.16458,0.16721,121770648.5
1742601600,0.16714,0.16971,0.16659,0.16739,54854388.8
1742688000,0.16735,0.1726,0.16704,0.1726,86128581.9
1742774400,0.1726,0.1892,0.17067,0.18301,266804864.7
1742860800,0.183,0.19371,0.18084,0.19074,329647474.9
1742947200,0.19071,0.2058,0.18941,0.19489,374388260.4
1743033600,0.19493,0.20063,0.1877,0.19045,284110171.8
1743120000,0.1905,0.19292,0.17713,0.18015,354823763.7
1743206400,0.1802,0.1825,0.16574,0.16948,248584272
1743292800,0.16949,0.17277,0.16442,0.16651,174183899.6
1743379200,0.16652,0.16836,0.16006,0.16659,312517283.3
1743465600,0.16657,0.17574,0.16593,0.17397,270248157.6
1743552000,0.17399,0.18007,0.16191,0.1638,442744241.6
1743638400,0.1638,0.16745,0.15532,0.16225,280798642
1743724800,0.16227,0.17275,0.15995,0.17124,400314086.6
1743811200,0.17126,0.17158,0.16605,0.16886,104464598
1743897600,0.16893,0.16994,0.14572,0.14915,348728144.6
1743984000,0.14917,0.15405,0.12984,0.14951,1127807159.8
1744070400,0.14949,0.15702,0.141,0.1421,468360334.2
1744156800,0.14213,0.16427,0.13637,0.16027,619638525.3
1744243200,0.16024,0.1604,0.14876,0.15348,334365458.3
1744329600,0.15343,0.16245,0.15318,0.15998,215621048.9
1744416000,0.15997,0.16948,0.15763,0.16764,169364269.6
1744502400,0.16761,0.16863,0.16098,0.16255,174579050.2
1744588800,0.16255,0.16949,0.15734,0.15853,195000102.4
1744675200,0.15853,0.16131,0.15306,0.15355,163569267.7
1744761600,0.1535,0.15736,0.15019,0.15471,179390452.1
1744848000,0.1547,0.15947,0.15297,0.15589,106659892.3
1744934400,0.15592,0.15892,0.15356,0.15759,76227511.1
1745020800,0.15759,0.16088,0.15625,0.1573,78989152.8
1745107200,0.1573,0.15955,0.15249,0.15526,113662215.3
1745193600,0.15526,0.16357,0.155,0.1594,195007683.3
1745280000,0.1594,0.18,0.15717,0.17866,382280428.2
1745366400,0.17869,0.18554,0.17484,0.17875,343098829.9
1745452800,0.17873,0.18396,0.16988,0.18267,311212502.7
1745539200,0.18266,0.18637,0.17752,0.18175,323305131.2
1745625600,0.1817,0.19313,0.18021,0.18198,213605008.3
1745712000,0.18198,0.18362,0.17659,0.17943,130791198.9
1745798400,0.17943,0.18282,0.17387,0.17912,209970622.7
1745884800,0.17912,0.18079,0.17247,0.17471,153146173.3
1745971200,0.17469,0.17673,0.16667,0.17223,201084738.8
1746057600,0.17226,0.18345,0.17208,0.18074,234359293.7
1746144000,0.18071,0.1845,0.17927,0.18155,144566625
1746230400,0.18156,0.18226,0.17496,0.17576,113197722.7
1746316800,0.17571,0.17743,0.17,0.17053,101872198.2
1746403200,0.17048,0.17466,0.16829,0.17057,112094402.7
1746489600,0.17058,0.17262,0.1642,0.17222,152407057.8
1746576000,0.17222,0.17447,0.16899,0.17204,126563223
1746662400,0.17209,0.1984,0.17169,0.19815,352822871.9
1746748800,0.19814,0.21451,0.19293,0.20531,473566451.8
1746835200,0.2053,0.25102,0.20342,0.25064,451367094.8
1746921600,0.25058,0.25971,0.222,0.23188,505499931
1747008000,0.23188,0.25338,0.2204,0.231,594925105.4
1747094400,0.23104,0.24329,0.21727,0.24084,344975360.7
1747180800,0.24083,0.24754,0.22813,0.23281,266957237.2
1747267200,0.23284,0.23683,0.21379,0.21939,406437244.9
1747353600,0.21948,0.23104,0.21796,0.22116,247048847
1747440000,0.22115,0.22231,0.21081,0.21463,172108895.4
1747526400,0.21469,0.23785,0.21412,0.23316,282613880.6
1747612800,0.23324,0.23583,0.2139,0.22453,278051043.5
1747699200,0.22456,0.23087,0.21774,0.22644,245998730.7
1747785600,0.22645,0.23812,0.22278,0.23415,421008684.6
1747872000,0.23414,0.24579,0.2339,0.24561,426990903.6
1747958400,0.24565,0.2544,0.2231,0.22524,465886677.5
1748044800,0.22524,0.23052,0.22362,0.22523,122878516.7
1748131200,0.22525,0.22653,0.21575,0.22502,174116438.6
1748217600,0.22501,0.23047,0.22255,0.22605,146408828.6
1748304000,0.22608,0.23226,0.21974,0.22613,169155449.6
1748390400,0.22614,0.22798,0.21687,0.221,142317145.9
1748476800,0.22101,0.22824,0.21406,0.21493,159097032.8
1748563200,0.21485,0.21648,0.19068,0.19368,342494703
1748649600,0.19365,0.19563,0.18556,0.19259,230591797.6
1748736000,0.19264,0.195,0.18649,0.19373,158073608.1
1748822400,0.19376,0.19652,0.18857,0.19521,150161143
1748908800,0.19524,0.20068,0.19147,0.19323,151866834.6
1748995200,0.19319,0.19721,0.18713,0.1882,93789573
1749081600,0.18819,0.19258,0.16804,0.17114,290068557.8
1749168000,0.17119,0.1846,0.1695,0.17896,182678297.1
1749254400,0.17895,0.18879,0.17788,0.18522,118126460.1
1749340800,0.18516,0.1871,0.18056,0.18424,80045118.3
1749427200,0.18426,0.19622,0.1803,0.19499,168321189.5
1749513600,0.19497,0.19859,0.18889,0.19853,360438570.9
1749600000,0.19852,0.20664,0.19123,0.19296,218849606.8
1749686400,0.19297,0.19373,0.18004,0.18123,169592646.8
1749772800,0.18121,0.18154,0.17,0.18048,280552267.7
1749859200,0.18051,0.18052,0.17467,0.17836,96558720.4
1749945600,0.17836,0.17879,0.1715,0.17555,98135248.2
1750032000,0.17557,0.18123,0.1722,0.1728,161453677
1750118400,0.17276,0.17616,0.16394,0.16939,226715868.5
1750204800,0.16941,0.17228,0.16411,0.17075,147404763.4
1750291200,0.17074,0.1721,0.16772,0.17098,106359277
1750377600,0.17098,0.172,0.15843,0.16239,204255196.6
1750464000,0.16237,0.16438,0.15039,0.15458,156264770.5
1750550400,0.15459,0.15778,0.14275,0.15134,407159963.2
1750636800,0.15135,0.16544,0.14866,0.16388,320062694.3
1750723200,0.16391,0.16776,0.16177,0.16581,208247440.5
1750809600,0.16581,0.16779,0.16265,0.16468,183619524.7
1750896000,0.16466,0.16822,0.158,0.16011,246135563.8
1750982400,0.1601,0.16321,0.15713,0.16112,216973073.2
1751068800,0.16112,0.16512,0.16052,0.16372,51572026.4
1751155200,0.16371,0.17004,0.16267,0.16946,85757038.2
1751241600,0.16947,0.16995,0.16225,0.1652,146283821.6
1751328000,0.16522,0.16633,0.15677,0.15784,132185949.2
1751414400,0.15784,0.1727,0.15656,0.16877,239739904.4
1751500800,0.16877,0.17544,0.16753,0.17207,190842150.2
1751587200,0.17207,0.173,0.16133,0.16295,126413083.2
1751673600,0.16296,0.16512,0.16203,0.16429,73348873.2
1751760000,0.16431,0.17522,0.16318,0.17197,178138377.9
1751846400,0.17197,0.17715,0.1657,0.16794,196301175.8
1751932800,0.16796,0.17198,0.1659,0.17099,124388451.7
1752019200,0.17097,0.18657,0.16998,0.18058,262678110.8
1752105600,0.18057,0.19638,0.1788,0.1951,260115734.6
1752192000,0.19513,0.21374,0.19122,0.20109,530587856.4
1752278400,0.20109,0.20665,0.19193,0.19747,277531583.6
1752364800,0.19747,0.20422,0.19582,0.1986,242848092.9
1752451200,0.19864,0.21089,0.19467,0.19749,358204541.2
1752537600,0.19749,0.19935,0.18842,0.1992,302503249.5
1752624000,0.19919,0.2207,0.19554,0.21278,395832794.3
1752710400,0.2128,0.22246,0.20659,0.21845,594833709.1
1752796800,0.21846,0.25445,0.21632,0.23598,819335654.3
1752883200,0.23594,0.25785,0.23575,0.24151,490156082.9
1752969600,0.24155,0.27843,0.24008,0.27386,706835321.7
1753056000,0.27387,0.28764,0.2643,0.27158,775590280
1753142400,0.2716,0.27516,0.2575,0.2709,586445360.4
1753228800,0.27108,0.2712,0.23071,0.24087,682827761.3
1753315200,0.24088,0.24689,0.2219,0.23225,631623277.7
1753401600,0.23228,0.23704,0.22082,0.23678,668983878.4
1753488000,0.2368,0.24033,0.23295,0.2355,217134308
1753574400,0.23549,0.24379,0.23421,0.24075,257106560.5
1753660800,0.24076,0.2486,0.22428,0.22615,347078953
1753747200,0.22616,0.23276,0.21734,0.22389,308695278.2
1753833600,0.22389,0.2266,0.20897,0.21997,309816666.4
1753920000,0.2199,0.22566,0.20805,0.20976,250670011.3
1754006400,0.20969,0.21247,0.19546,0.20092,522841702.5
1754092800,0.20086,0.2034,0.18938,0.19097,279349136.6
1754179200,0.191,0.20051,0.18858,0.19879,168758474.4
1754265600,0.1988,0.21134,0.19851,0.2104,222537810.6
1754352000,0.21043,0.21106,0.19596,0.19982,201444565.8
1754438400,0.1998,0.2072,0.19561,0.20535,152353364.7
1754524800,0.20532,0.22315,0.20336,0.22234,252085239.4
1754611200,0.22232,0.23257,0.21964,0.23036,322818373.3
1754697600,0.23041,0.24681,0.22976,0.23999,375227242
1754784000,0.24002,0.24355,0.22931,0.23392,235556585.6
1754870400,0.23389,0.24188,0.22115,0.22209,286152063.4
1754956800,0.22208,0.23834,0.21873,0.23577,309730886.1
1755043200,0.23567,0.25058,0.23128,0.24492,427210672.5
1755129600,0.24494,0.25583,0.2175,0.22397,503109491.4
1755216000,0.22402,0.23316,0.22016,0.22902,397368121.3
1755302400,0.22898,0.2364,0.22538,0.23128,185920922.9
1755388800,0.2313,0.24273,0.22855,0.23468,233130001.9
1755475200,0.23467,0.23567,0.22,0.22272,270953430.4
1755561600,0.22276,0.22579,0.20867,0.20943,323196023.8
1755648000,0.20941,0.2229,0.20774,0.22172,270628767.1
1755734400,0.2217,0.22447,0.21381,0.21468,186733703.6
1755820800,0.21468,0.24227,0.20823,0.24047,458951245.6
1755907200,0.24048,0.24081,0.22883,0.23624,232100241.7
1755993600,0.2362,0.245,0.22762,0.23181,301501241.2
1756080000,0.23184,0.23453,0.20592,0.20954,443360188.7
1756166400,0.20952,0.22004,0.20711,0.21841,284427592.9
1756252800,0.21842,0.22387,0.21604,0.21886,305753529.4
1756339200,0.21883,0.22596,0.21667,0.22438,230955009.1
1756425600,0.2244,0.22532,0.20977,0.21394,296428374.8
1756512000,0.21394,0.2189,0.21131,0.21597,83604297.1
1756598400,0.21598,0.22138,0.21323,0.21371,101264883.7
1756684800,0.21367,0.21984,0.20479,0.21074,319853048.3
1756771200,0.21076,0.21559,0.20657,0.21484,231734876.6
1756857600,0.21486,0.22355,0.21243,0.22037,193337647.7
1756944000,0.22037,0.22115,0.21051,0.21238,139015034.8
1757030400,0.21239,0.22101,0.21185,0.21785,188285826.4
1757116800,0.21784,0.21889,0.21228,0.21596,90139021.2
1757203200,0.21598,0.22922,0.21576,0.22876,219399381.9
1757289600,0.22884,0.2441,0.22648,0.24166,558912318.7
1757376000,0.2417,0.24945,0.23358,0.24059,477563425.7
1757462400,0.24054,0.24874,0.23618,0.24543,305157566.3
1757548800,0.2454,0.25706,0.24255,0.25613,492590922.9
1757635200,0.25615,0.2788,0.25494,0.27565,535852328.7
1757721600,0.27568,0.30759,0.27282,0.28951,745190590.4
1757808000,0.28952,0.29521,0.27278,0.27805,515888434.8
1757894400,0.27804,0.28214,0.25877,0.26836,558687523.4
1757980800,0.2684,0.27214,0.2568,0.27001,451874731.3
1758067200,0.27006,0.28405,0.26079,0.2826,460962424.2
1758153600,0.2827,0.28899,0.27564,0.27868,409013067.2
1758240000,0.27865,0.28502,0.26323,0.26542,291107028.9
1758326400,0.26541,0.26959,0.26315,0.26777,122656087
1758412800,0.26776,0.2698,0.26037,0.26089,124396195
1758499200,0.2608,0.26241,0.23,0.24144,613302618.8
1758585600,0.24142,0.24402,0.23417,0.23714,257706424.7
1758672000,0.2371,0.25076,0.23114,0.2412,302399355.8
1758758400,0.24119,0.24206,0.22066,0.22298,570391766.6
1758844800,0.22302,0.23351,0.22154,0.23257,378456052.5
1758931200,0.23257,0.23443,0.22782,0.23085,129284553.6
1759017600,0.23086,0.23775,0.22508,0.2374,178064325.3
1759104000,0.23743,0.23907,0.22873,0.2349,222575676.3
1759190400,0.2349,0.23609,0.22639,0.23291,192398828.7
1759276800,0.23292,0.2493,0.23038,0.2492,228323733
1759363200,0.24923,0.26423,0.24672,0.2622,408645804
1759449600,0.26219,0.26549,0.25291,0.25832,308027083.4
1759536000,0.25837,0.25995,0.24686,0.25096,174449684.4
1759622400,0.25098,0.2655,0.2497,0.25286,318108326.6
1759708800,0.25289,0.27055,0.25068,0.26613,351849854.1
1759795200,0.26613,0.26841,0.2463,0.24695,367661591.2
1759881600,0.24697,0.26118,0.24303,0.2557,304941703.8
1759968000,0.25571,0.25597,0.24118,0.24864,278118998.4
1760054400,0.24864,0.25412,0.15,0.19667,841781821.9
1760140800,0.19666,0.20075,0.17834,0.18549,552999906.6
1760227200,0.1855,0.21438,0.1809,0.20735,532142843.5
1760313600,0.20737,0.21852,0.20218,0.21401,441140035.5
1760400000,0.21399,0.2158,0.1935,0.20445,449038248.4
1760486400,0.20442,0.2086,0.19442,0.19629,307926247.3
1760572800,0.19632,0.20152,0.1848,0.18851,400719516.3
1760659200,0.18851,0.19117,0.17549,0.18476,423566835.3
1760745600,0.18478,0.19086,0.18433,0.18967,142661888.6
1760832000,0.18966,0.19869,0.18608,0.19542,274200078.3
1760918400,0.19541,0.20256,0.19175,0.20008,157076241.5
1761004800,0.20007,0.20567,0.19214,0.19432,256200417.9
1761091200,0.19433,0.19552,0.1848,0.18992,339691762.2
1761177600,0.18993,0.19759,0.18962,0.19498,180499439.3
1761264000,0.19498,0.20109,0.194,0.19779,163192568.5
1761350400,0.19778,0.19986,0.19621,0.19654,55582881.6
1761436800,0.19653,0.20736,0.19467,0.20581,162507841.3
1761523200,0.20577,0.20957,0.199,0.20037,206288032.9
1761609600,0.20037,0.20309,0.19037,0.19367,231415279.2
1761696000,0.19366,0.19734,0.18713,0.19241,210893348
1761782400,0.19242,0.19467,0.17635,0.18267,281447515.4
1761868800,0.18269,0.18812,0.18226,0.18639,167719175.1
1761955200,0.18637,0.18832,0.18502,0.18729,82430490.9
1762041600,0.18729,0.18877,0.18177,0.18635,107110146.4
1762128000,0.18635,0.18662,0.16,0.16733,403505087.8
1762214400,0.16733,0.17103,0.15151,0.16221,537178047.3
1762300800,0.16219,0.16888,0.15452,0.16719,295984808.5
1762387200,0.16717,0.1678,0.15692,0.16158,273225073.8
1762473600,0.16153,0.18157,0.15948,0.17866,361226666.5
1762560000,0.17865,0.18326,0.17283,0.17601,240675205.4
1762646400,0.17602,0.18156,0.17118,0.17929,173649695.5
1762732800,0.17925,0.18571,0.1772,0.18173,299349873.9
1762819200,0.18173,0.18626,0.17141,0.17195,261479050.6
1762905600,0.17199,0.1785,0.16717,0.17015,235694434.2
1762992000,0.17011,0.17761,0.15987,0.16373,244312284.7
1763078400,0.16373,0.16617,0.15461,0.15753,338516201.1
1763164800,0.15753,0.16467,0.15709,0.16306,107122474.7
1763251200,0.16306,0.1655,0.15354,0.15845,171693728.3
1763337600,0.15842,0.16491,0.15046,0.15199,337319461.5
1763424000,0.15197,0.16286,0.14928,0.16164,272397350
1763510400,0.16163,0.16238,0.14701,0.15434,337732060.5
1763596800,0.15432,0.1596,0.14606,0.14875,311335919.3
1763683200,0.14873,0.15089,0.13304,0.14017,575367419.9
1763769600,0.14018,0.14227,0.13541,0.14017,204907026.2
1763856000,0.14017,0.14769,0.13956,0.14494,212213124
1763942400,0.14493,0.15392,0.14262,0.15172,357930436.5
1764028800,0.15173,0.15499,0.14575,0.1531,204488749.5
1764115200,0.15312,0.15674,0.1486,0.15466,201778744.1
1764201600,0.15468,0.15557,0.15211,0.15261,101396693.3
1764288000,0.1526,0.1555,0.1482,0.15019,155634034
1764374400,0.15019,0.15095,0.1473,0.1484,67196925.2
1764460800,0.1484,0.15063,0.1459,0.14597,98856973.5
1764547200,0.14598,0.14637,0.13186,0.13545,244243982.1
1764633600,0.13545,0.14781,0.13444,0.14589,159121928.1
1764720000,0.1459,0.15335,0.14525,0.15166,242016466.8
1764806400,0.15169,0.1532,0.14557,0.14737,165473755.2
1764892800,0.1474,0.1484,0.13725,0.13958,206536625.3
1764979200,0.13959,0.14076,0.13839,0.13979,87400921.5
1765065600,0.13979,0.14291,0.13492,0.13869,155762002.7
1765152000,0.1387,0.14501,0.13802,0.1426,137474085.3
1765238400,0.1426,0.15317,0.1394,0.14797,233545255.5
1765324800,0.14794,0.15035,0.14236,0.14334,169780545.8
1765411200,0.14333,0.14362,0.13627,0.14034,197180543.7
1765497600,0.14034,0.14153,0.13432,0.13694,127498788.6
1765584000,0.13695,0.14002,0.13692,0.13907,64064302.1
1765670400,0.13907,0.13927,0.13269,0.13407,104353175.6
1765756800,0.13406,0.13848,0.12661,0.12976,205259699.8
1765843200,0.12972,0.13304,0.12723,0.13174,145730936.7
1765929600,0.13175,0.13627,0.12472,0.12628,221901307.9
1766016000,0.1263,0.13062,0.11989,0.12199,261990550.4
1766102400,0.122,0.13344,0.12048,0.13216,210839814.6
1766188800,0.13214,0.1325,0.13059,0.1319,58358815.7
1766275200,0.1319,0.13336,0.12868,0.13107,68705385.8
1766361600,0.1311,0.13532,0.12948,0.1325,145997933
1766448000,0.13246,0.13359,0.12785,0.12921,124865759.6
1766534400,0.12923,0.13026,0.12641,0.12846,88159840.5
1766620800,0.12846,0.129,0.12291,0.12358,89254701.1
1766707200,0.12356,0.12746,0.12054,0.12202,134326234.3
1766793600,0.12203,0.12486,0.12183,0.12427,57041582.2
1766880000,0.12428,0.12479,0.12269,0.12383,45930254.9
1766966400,0.12384,0.12792,0.12212,0.1227,147605058.2
1767052800,0.1227,0.12516,0.12222,0.12321,128964748
1767139200,0.12319,0.12363,0.11592,0.11725,222618827.9
1767225600,0.11726,0.12728,0.11722,0.12665,276918098.6
1767312000,0.12666,0.14486,0.12575,0.14181,459735036.8
1767398400,0.14179,0.14444,0.1391,0.14308,197935663
1767484800,0.14308,0.15413,0.14269,0.14947,421892614.6
1767571200,0.14946,0.15429,0.14571,0.15168,317174385.1
1767657600,0.15168,0.15661,0.14342,0.15049,320932308.1
1767744000,0.15048,0.15392,0.14476,0.14627,258866692
1767830400,0.14627,0.14765,0.13783,0.14182,266504482.1
1767916800,0.14182,0.14444,0.13812,0.14051,234310337.6
1768003200,0.14051,0.14054,0.1389,0.13947,75968787.9
1768089600,0.13945,0.141,0.1356,0.13782,158101161.7
1768176000,0.13781,0.14214,0.1347,0.13647,198131056
1768262400,0.13645,0.15154,0.13611,0.14823,249309156.5
1768348800,0.14823,0.15183,0.14551,0.14717,243582281.9
1768435200,0.14718,0.14721,0.13878,0.13994,184033491.4
1768521600,0.13994,0.14043,0.13506,0.13807,137668999.9
1768608000,0.13807,0.13999,0.13677,0.13782,71934563.4
1768694400,0.13781,0.13829,0.13128,0.1316,120107787.4
1768780800,0.13159,0.13159,0.121,0.12909,201489367.8
1768867200,0.12907,0.12926,0.1218,0.12323,150933660.9
1768953600,0.12322,0.12871,0.12019,0.12649,201391351.1
1769040000,0.12651,0.1278,0.12311,0.12426,104413631.9
1769126400,0.12424,0.12772,0.1219,0.12461,129332529.6
1769212800,0.1246,0.12474,0.12274,0.12402,39246796.2
1769299200,0.12401,0.12416,0.11755,0.11932,128485588
1769385600,0.1193,0.1237,0.11909,0.12222,136434134.1
1769472000,0.12221,0.12646,0.1212,0.12604,157936344.2
1769558400,0.12605,0.12754,0.12302,0.12484,155017270.8
1769644800,0.12484,0.12503,0.11432,0.11709,232529012.7
1769731200,0.1171,0.11853,0.11205,0.11562,226246686.1
1769817600,0.11563,0.11575,0.09455,0.10414,424100773.8
1769904000,0.10413,0.10674,0.10094,0.10416,243781346.9
1769990400,0.10417,0.11047,0.09943,0.10783,413078387.8
1770076800,0.10781,0.11044,0.10212,0.10589,375386333.2
1770163200,0.10585,0.1093,0.10104,0.10361,338247316.9
1770249600,0.10359,0.10453,0.08662,0.08832,892273237.6
1770336000,0.08829,0.10207,0.07991,0.0984,811040036.5
1770422400,0.09839,0.09938,0.09466,0.09816,306045661.5
1770508800,0.0982,0.09896,0.09487,0.09655,241157321.1
1770595200,0.09656,0.09739,0.09233,0.09605,222649602.3
1770681600,0.09606,0.09653,0.09175,0.09274,195646853.8
1770768000,0.09273,0.09355,0.08786,0.09105,269876830.4
1770854400,0.09107,0.0945,0.09062,0.0929,178040059.5
1770940800,0.09289,0.09758,0.09171,0.0966,178490153.6
1771027200,0.09661,0.11357,0.09625,0.11099,434480889.7
1771113600,0.11097,0.11751,0.10149,0.10262,538569691.4
1771200000,0.10261,0.10353,0.09845,0.10098,303090828.6
1771286400,0.10099,0.10357,0.09834,0.10063,268201288.4
1771372800,0.10059,0.10227,0.09743,0.09849,166223820.8
1771459200,0.09851,0.0992,0.09553,0.09832,200644115.6
1771545600,0.0983,0.10241,0.09562,0.10009,264528965.8
1771632000,0.1001,0.10095,0.09838,0.0984,129552700.2
1771718400,0.09839,0.09852,0.09455,0.09552,134465835.1
1771804800,0.09553,0.09761,0.09142,0.09263,347992591.4
1771891200,0.09265,0.09357,0.08996,0.09136,243452758.2
1771977600,0.09138,0.10622,0.09083,0.10095,584685403.7
1772064000,0.10095,0.10168,0.09539,0.097,226745015.1
1772150400,0.09702,0.09951,0.09195,0.09338,216530960.1
1772236800,0.09339,0.095,0.08774,0.09407,353307927.6
1772323200,0.09409,0.09788,0.09057,0.09186,251136052.1
1772409600,0.09191,0.09772,0.09077,0.09356,244015595.1
1772496000,0.09356,0.09384,0.08748,0.08998,324210512.1
1772582400,0.08997,0.10435,0.08861,0.09895,531049664.1
1772668800,0.09894,0.09923,0.09277,0.09357,255745223.9
1772755200,0.09358,0.09437,0.09,0.09127,219154093.9
1772841600,0.09128,0.09211,0.08928,0.08994,102313387.5
1772928000,0.08995,0.09134,0.08658,0.08916,164236982.5
1773014400,0.08914,0.09286,0.089,0.0905,222368590.9
1773100800,0.09049,0.10045,0.09035,0.09456,428012854.5
1773187200,0.09454,0.09488,0.09123,0.09289,230454001
1773273600,0.0929,0.09586,0.09178,0.09475,193660627
1773360000,0.09474,0.10199,0.09455,0.09597,375079774.2
1773446400,0.09596,0.09644,0.09401,0.09607,100410995
1773532800,0.09608,0.0981,0.09449,0.09738,130851359
1773619200,0.0974,0.10375,0.09705,0.10306,420831847.1
1773705600,0.10304,0.10446,0.09834,0.10021,253944579.7
1773792000,0.1002,0.10192,0.09331,0.09526,240957240.2
1773878400,0.09524,0.0961,0.09171,0.09353,165451809.7
1773964800,0.09353,0.0954,0.09285,0.09414,136570144
1774051200,0.09416,0.09496,0.09053,0.09134,92041085.9
1774137600,0.09132,0.09286,0.08919,0.09021,185687039.3
1774224000,0.09022,0.09575,0.08925,0.09417,250948829.5
1774310400,0.09419,0.09556,0.0924,0.09505,181246105.5
1774396800,0.09507,0.09793,0.09436,0.09617,195421303.6
1774483200,0.09615,0.09626,0.09049,0.09198,200679103.1
1774569600,0.09197,0.09265,0.08922,0.09002,153269049.6
1774656000,0.09004,0.09527,0.08963,0.09093,200086770
1774742400,0.09093,0.09158,0.08788,0.09035,114766494.4
1774828800,0.09037,0.09379,0.09018,0.09077,165175342.1
1774915200,0.09079,0.09272,0.08928,0.09224,158056191.9
1775001600,0.09222,0.09448,0.09152,0.09214,158372850.9
1775088000,0.09214,0.09271,0.08893,0.09039,153441781.1
1775174400,0.0904,0.09257,0.08989,0.09152,105258121.2
1775260800,0.09152,0.09312,0.09072,0.09205,67197343.4
1775347200,0.09204,0.0924,0.08969,0.09234,97092494.8
1775433600,0.09235,0.09357,0.08991,0.09051,177693881.6
1775520000,0.0905,0.09603,0.09,0.0949,212429482.2
1775606400,0.09492,0.09558,0.09215,0.09242,179309945.2
1775692800,0.09241,0.09499,0.09093,0.09261,176529926.4
1775779200,0.0926,0.09532,0.09195,0.09368,141737096.1
1775865600,0.09372,0.09492,0.0923,0.09312,74512066.8
1775952000,0.09311,0.09328,0.09034,0.09087,108221418.9
1776038400,0.09087,0.0944,0.09072,0.09413,204556800.2
1776124800,0.09415,0.09804,0.09243,0.09299,277872411
1776211200,0.09301,0.09682,0.09265,0.0949,153173467.3
1776297600,0.09491,0.09988,0.0945,0.09925,344684902.7
1776384000,0.09933,0.10224,0.09674,0.09946,423348931.3
1776470400,0.09945,0.09981,0.09429,0.09483,156635360.5
1776556800,0.09484,0.09646,0.09261,0.09307,194975133.6
1776643200,0.0931,0.09614,0.09295,0.09525,129684469.5
1776729600,0.09526,0.09597,0.09358,0.09519,125864686
1776816000,0.09521,0.09862,0.09489,0.09573,185425491.3
1776902400,0.09571,0.09804,0.09518,0.09716,157318527.6
1776988800,0.09719,0.09957,0.09684,0.09846,258756053.6
1777075200,0.09846,0.09911,0.09741,0.098,79456190.3
1777161600,0.09802,0.09995,0.09752,0.09924,99655886.4
1777248000,0.09924,0.10088,0.09695,0.09894,199121897.8
1777334400,0.09896,0.10096,0.09806,0.09933,159131947.5
1777420800,0.09933,0.112,0.09922,0.10415,676914397.5
1777507200,0.10413,0.10839,0.10392,0.10645,353779162.7
1777593600,0.10643,0.11052,0.10637,0.10849,261650698.7
1777680000,0.10851,0.10935,0.10712,0.10849,135399592.6
1777766400,0.1085,0.10963,0.10711,0.10823,124532313.4
1777852800,0.10822,0.11373,0.10765,0.11008,363508676.3
1777939200,0.11008,0.11651,0.10996,0.11482,288498634.8
1778025600,0.11484,0.11709,0.11137,0.11244,354081018.8
1778112000,0.11246,0.11249,0.10671,0.10783,276144977.7
1778198400,0.10784,0.1097,0.10612,0.10953,151893402.4
1778284800,0.10955,0.11131,0.10808,0.10872,109234206.5
1778371200,0.1087,0.11285,0.10638,0.11243,258433745.3
1778457600,0.11244,0.11273,0.10838,0.11122,242455166.1
1778544000,0.11121,0.11157,0.10747,0.11012,181833977.3
1778630400,0.11013,0.11467,0.10961,0.11259,266354917.5
1778716800,0.1126,0.1186,0.11192,0.11542,339124330.5
1778803200,0.11542,0.11745,0.11072,0.11328,278044095.6
1778889600,0.11327,0.11344,0.10772,0.10931,146743847.7
1778976000,0.10934,0.11274,0.10561,0.10893,196569604.2
1779062400,0.10892,0.10902,0.10246,0.10471,278572644.4
1779148800,0.10471,0.10545,0.10256,0.10291,119897789.5
1779235200,0.1029,0.10488,0.10182,0.1036,142794870.1
1779321600,0.1036,0.10644,0.10356,0.10558,186184222.5
1779408000,0.10558,0.10666,0.10145,0.10225,146888189.5
1779494400,0.10224,0.10493,0.09722,0.103,237398552.5
1779580800,0.10302,0.10382,0.1004,0.10215,117529940.8
1779667200,0.10216,0.10371,0.10156,0.10205,90446882.7
1779753600,0.10204,0.10374,0.10016,0.10092,140237739.1
1779840000,0.10091,0.10318,0.09921,0.10035,152625911.5
1779926400,0.10034,0.10069,0.09635,0.0995,252389495.7
1780012800,0.09951,0.10105,0.0973,0.09967,187434927.2
1780099200,0.09966,0.10168,0.09935,0.10047,96009529
1780185600,0.10047,0.10126,0.09895,0.10029,80833438.2
1780272000,0.10029,0.10141,0.09761,0.10098,188961010.1
1780358400,0.10095,0.1011,0.09106,0.09262,269446615.9
1780444800,0.09263,0.09441,0.09045,0.09126,273344857.6
1780531200,0.09125,0.09173,0.08574,0.08834,382557893.9
1780617600,0.08832,0.08867,0.07894,0.08145,578976417.4
1780704000,0.08145,0.083,0.07764,0.0819,235612159.3
1780790400,0.08191,0.08756,0.08161,0.08625,172817333.2
1780876800,0.08622,0.08748,0.08432,0.08631,212123450.7
1780963200,0.08629,0.08668,0.08309,0.08475,177555629.4
1781049600,0.08475,0.0854,0.08175,0.08288,147022551
1781136000,0.08289,0.08698,0.08289,0.08598,127911297.6
1781222400,0.08599,0.09239,0.085,0.08594,239784851.2
1781308800,0.08593,0.08877,0.08576,0.08785,86803875.9
1781395200,0.08781,0.08904,0.08565,0.08883,73830283.7
1781481600,0.08884,0.09085,0.08774,0.08806,160834062.7
1781568000,0.08806,0.08903,0.08615,0.08708,131252308.7
1781654400,0.08709,0.08803,0.08459,0.08585,128576724.2
1781740800,0.08585,0.08649,0.08173,0.08345,127016016.6
1781827200,0.08344,0.08387,0.08181,0.08347,53679983.7
1781913600,0.08346,0.08423,0.08257,0.08361,46364842.7
1782000000,0.08363,0.08376,0.08201,0.08213,63200832.4
1782086400,0.08215,0.08498,0.0818,0.08233,78419249.1
1782172800,0.08233,0.08262,0.07821,0.0788,120049197.5
1782259200,0.0788,0.07968,0.07267,0.07608,191721583.6
1782345600,0.07605,0.07738,0.07133,0.07479,191829480
1782432000,0.07481,0.07601,0.07205,0.07568,168518286.8
1782518400,0.07568,0.07631,0.07398,0.07437,55933427.6
1782604800,0.07436,0.07459,0.07206,0.07301,69365488.3
1782691200,0.073,0.07415,0.07184,0.07335,140239459.2
1782777600,0.0733,0.07347,0.06937,0.07196,158720436.3
1782864000,0.07196,0.0739,0.0704,0.07215,148589992.1
1782950400,0.07213,0.07552,0.0716,0.07412,133548294.2
1783036800,0.07413,0.0784,0.07386,0.07747,118613913.9
1783123200,0.07747,0.0793,0.07655,0.07758,100206843.5
1783209600,0.07757,0.07874,0.07526,0.0778,85298443.2
1783296000,0.07781,0.0783,0.0743,0.07661,126420517.4
1783382400,0.07662,0.07696,0.07356,0.07413,84011310.6
1783468800,0.07414,0.07442,0.07096,0.07237,116002857.2
1783555200,0.07238,0.07352,0.07191,0.07287,81462970.3
1783641600,0.07285,0.07464,0.07261,0.07405,75333763.2
1783728000,0.07407,0.07553,0.07314,0.07318,54527237.6
1783814400,0.07317,0.07384,0.07224,0.07268,50839868.3
1783900800,0.07266,0.07412,0.07084,0.07191,78867222.6
1783987200,0.07194,0.07533,0.07136,0.0744,104056801.5
1784073600,0.07441,0.07518,0.07329,0.07401,110389653.2
1784160000,0.07404,0.07444,0.07207,0.07233,78661158
1784246400,0.07231,0.07293,0.07094,0.07252,72041002.4
1784332800,0.07253,0.07274,0.07191,0.07251,41475898
1784419200,0.07251,0.07278,0.07165,0.0723,41594014.9
1784505600,0.07234,0.07353,0.07103,0.07204,143918160.7
1784592000,0.07207,0.07376,0.07185,0.07335,77599363.4
1784678400,0.07335,0.07385,0.07205,0.07295,76824959.2
1784764800,0.07296,0.07319,0.06834,0.06916,145552140.4
1784851200,0.06916,0.07011,0.06817,0.06953,137600413.5
1784937600,0.0695,0.0736,0.06909,0.07169,132689047
1785024000,0.07168,0.07396,0.07152,0.07328,111212217.7
1785110400,0.07327,0.07346,0.07004,0.07031,113527042.4
1785196800,0.07034,0.07134,0.06917,0.07078,115046266.2
1785283200,0.0708,0.07116,0.06876,0.07008,132730976.2
1785369600,0.07009,0.07095,0.06954,0.07053,65691141.6
1785456000,0.07053,0.07094,0.06838,0.06953,174927437.8
1785542400,0.06954,0.07023,0.06762,0.0691,112374077.4
1785628800,0.0691,0.07138,0.06906,0.07077,89758405.9
1785715200,0.07075,0.07086,0.0689,0.07013,98836684.4
1785801600,0.07012,0.07062,0.06972,0.07,93644118.3
1785888000,0.07,0.07049,0.06923,0.06999,90554356.6
1785974400,0.06998,0.07012,0.06817,0.06902,86725525.4
1786060800,0.06903,0.07026,0.06876,0.06958,71781938.2
1786147200,0.06957,0.07151,0.06953,0.07036,56149920.5
1786233600,0.07036,0.07096,0.06917,0.06919,56150080.3
1786320000,0.06919,0.07019,0.06904,0.06964,59919572.9
1786406400,0.06964,0.07308,0.06954,0.07184,127802613
1786492800,0.07182,0.07246,0.06884,0.06958,149572743.5
1786579200,0.06958,0.07078,0.06945,0.07013,80009428.1
1786665600,0.07012,0.07031,0.06915,0.07001,56035151.5
1786752000,0.06999,0.07048,0.06939,0.06952,32828813.1
1786838400,0.06951,0.07011,0.06893,0.06951,37166679.2
1786924800,0.0695,0.07053,0.06938,0.07033,67647676.4
1787011200,0.07035,0.0705,0.06954,0.07022,65489632.2
1787097600,0.07022,0.07635,0.06981,0.07499,240491328.8
1787184000,0.07499,0.08354,0.07439,0.08044,415562835
1787270400,0.08046,0.09474,0.08028,0.09154,525366000.8
1787356800,0.09158,0.10087,0.08245,0.09187,887836300.3
1787443200,0.09186,0.0945,0.08872,0.09341,350264971.7
1787529600,0.09341,0.09362,0.088,0.09009,352912739
1787616000,0.09008,0.09307,0.08489,0.08566,277280611.7
1787702400,0.08568,0.08782,0.08382,0.08756,168137869.3
1787788800,0.08754,0.09002,0.08619,0.08916,204386791.6
1787875200,0.08917,0.09034,0.0838,0.08522,269599110.7
1787961600,0.0852,0.08569,0.08419,0.08526,95550111.9
1788048000,0.08527,0.08648,0.08082,0.08205,208671593.3
1788134400,0.08204,0.08395,0.08141,0.08283,207361668.5
1788220800,0.0828,0.08391,0.08064,0.08163,179637287.1
1788307200,0.08164,0.08205,0.08009,0.08169,170031481.8
1788393600,0.08168,0.08997,0.08111,0.0878,254913110.5
1788480000,0.08782,0.0883,0.08376,0.0848,201408243.6
1788566400,0.08479,0.09522,0.08437,0.08971,367773733.4
1788652800,0.08972,0.09201,0.08773,0.09092,264272882.3
1788739200,0.09091,0.09185,0.08852,0.09048,266114921.9
1788825600,0.09045,0.09165,0.08799,0.09005,364427282.7
1788912000,0.09004,0.0916,0.08483,0.08616,286362065.9
1788998400,0.08613,0.08627,0.0824,0.08284,188027318.4
1789084800,0.08286,0.08827,0.08213,0.08428,192109688.4
1789171200,0.08427,0.08535,0.08412,0.0848,88126267.3
1789257600,0.08481,0.08518,0.08206,0.08247,105463533
1789344000,0.08245,0.08614,0.08189,0.08363,206255298
1789430400,0.08364,0.08396,0.0784,0.08003,239629579.1
1789516800,0.08004,0.08099,0.07826,0.08085,196424666.7
1789603200,0.08084,0.08249,0.08043,0.08166,148807598.6
1789689600,0.08165,0.08866,0.0813,0.08747,296273815.4
1789776000,0.08746,0.0913,0.08648,0.08768,227791360.7
1789862400,0.08766,0.08791,0.08448,0.0849,55009994.7
