ts,open,high,low,close,volume
1533686400,15.5,15.69,14.52,15.09,87443.41861452
1533772800,15.15,15.49,14.3,15,108458.01829661
1533859200,15.01,15.32,13.7,14.24,109325.29887109
1533945600,14.24,14.24,12.51,13.22,74933.18853546
1534032000,13.24,13.6,12.85,13.17,55847.25137356
1534118400,13.17,13.46,11.9,12.04,118175.86114138
1534204800,12.04,12.05,10.11,11.77,250129.13234532
1534291200,11.78,13.32,11.62,13.14,410222.39223689
1534377600,13.14,14.95,12.8,13.91,643903.47064147
1534464000,13.91,14.94,13.07,14.82,1638466.74135158
1534550400,14.82,14.86,12.69,13.28,1000705.64639056
1534636800,13.29,13.88,12.9,13.37,426464.42205606
1534723200,13.37,13.56,12.12,12.37,499795.9546939
1534809600,12.38,12.9,12.26,12.77,358299.98988646
1534896000,12.77,13.5,11.78,12.22,677241.76262534
1534982400,12.22,12.63,12.1,12.52,266720.08507893
1535068800,12.52,12.58,12.3,12.57,231246.3791645
1535155200,12.57,12.83,12.45,12.54,198473.57951443
1535241600,12.54,12.65,12.09,12.47,215405.9664244
1535328000,12.47,12.71,12.3,12.69,315871.8558458
1535414400,12.69,13.38,12.64,13.24,400882.38372822
1535500800,13.22,13.3,12.81,13.01,266755.1374301
1535587200,13.02,13.04,12.44,12.84,204347.92870582
1535673600,12.84,12.92,12.52,12.76,193568.97748842
1535760000,12.76,13.39,12.72,13.17,257896.00109017
1535846400,13.15,13.35,13,13.34,169967.69676013
1535932800,13.35,14.49,13.34,14.1,500128.48922064
1536019200,14.1,14.24,13.74,13.98,223400.32633884
1536105600,13.99,14.09,11.7,11.8,570485.11291256
1536192000,11.8,12.08,11.04,12.05,530651.84641654
1536278400,12.05,12.29,11.43,11.61,291984.67598488
1536364800,11.59,11.8,10.69,10.99,289444.76358141
1536451200,10.98,11.72,10.85,11.22,296404.26484726
1536537600,11.22,11.5,10.93,11.32,237095.3006358
1536624000,11.31,11.49,10.86,11.23,225950.58150922
1536710400,11.23,11.25,10.1,10.68,427141.42479991
1536796800,10.69,11.36,10.67,11.12,369533.93535042
1536883200,11.11,11.39,10.9,10.97,249704.93436263
1536969600,10.98,11.58,10.95,11.32,182631.29390876
1537056000,11.32,11.32,10.97,11.23,117401.35636936
1537142400,11.23,11.32,10.02,10.29,345323.5392211
1537228800,10.29,10.79,10.23,10.59,228878.84932125
1537315200,10.58,11.21,10.29,10.76,281565.61055466
1537401600,10.77,11.24,10.61,11.12,259665.80541925
1537488000,11.14,11.81,11.01,11.69,430733.49236966
1537574400,11.68,11.83,11.2,11.43,225364.12760482
1537660800,11.45,11.73,11.38,11.59,166494.52257733
1537747200,11.58,11.59,11,11.05,174406.27196924
1537833600,11.04,11.35,10.42,11.09,370957.51704849
1537920000,11.08,11.29,10.82,10.97,263895.50137505
1538006400,10.98,11.55,10.78,11.41,338077.23407956
1538092800,11.41,11.55,11.09,11.21,170203.50153572
1538179200,11.19,11.42,11.01,11.36,139428.26692557
1538265600,11.35,11.4,11.12,11.29,100637.55634792
1538352000,11.29,11.33,11.07,11.21,106885.99891751
1538438400,11.2,11.31,11.07,11.1,120533.96937459
1538524800,11.1,11.12,10.85,11.06,111865.73734866
1538611200,11.06,11.21,10.98,11.01,85924.66273473
1538697600,11.01,11.07,10.93,11.05,84544.69954826
1538784000,11.05,11.05,10.81,10.92,97151.28402233
1538870400,10.91,10.93,10.68,10.89,71781.52191891
1538956800,10.89,10.98,10.82,10.9,75263.31583554
1539043200,10.9,10.91,10.8,10.85,59030.66699213
1539129600,10.84,10.85,10.67,10.77,80419.54526061
1539216000,10.76,10.77,8.89,9.06,540686.89176796
1539302400,9.06,9.63,8.98,9.44,237925.7698455
1539388800,9.43,9.54,9.36,9.45,90246.53143091
1539475200,9.44,9.62,9.18,9.27,75381.37520202
1539561600,9.27,10.12,9.18,9.55,321968.15186477
1539648000,9.54,9.65,9.47,9.55,87297.6175746
1539734400,9.53,9.88,9.4,9.67,172320.91360936
1539820800,9.66,9.71,9.41,9.48,91935.78019414
1539907200,9.48,9.57,9.37,9.5,69359.10288818
1539993600,9.5,9.58,9.47,9.55,47385.30591743
1540080000,9.54,9.63,9.48,9.5,84428.25920764
1540166400,9.51,10.1,9.48,9.9,177942.64378325
1540252800,9.9,10.06,9.6,9.71,112985.4055699
1540339200,9.71,9.79,9.61,9.62,80986.24323624
1540425600,9.62,9.65,9.52,9.57,52454.77563035
1540512000,9.58,9.63,9.42,9.54,73105.86761972
1540598400,9.55,9.65,9.46,9.55,72368.05138449
1540684800,9.56,9.59,9.45,9.52,61861.35044095
1540771200,9.51,9.63,8.83,9,181692.39621276
1540857600,9,9.12,8.82,8.97,103728.08506576
1540944000,8.96,9.09,8.73,9,112129.19002389
1541030400,9,9.04,8.92,9.03,67089.78819706
1541116800,9.03,9.16,8.97,9.08,92218.208902
1541203200,9.08,9.13,9.01,9.07,67224.59704166
1541289600,9.07,9.6,9.03,9.43,156853.30735821
1541376000,9.44,9.45,9.15,9.4,119461.29175554
1541462400,9.39,9.99,9.36,9.97,189600.7822367
1541548800,9.97,9.98,9.45,9.61,127891.68807333
1541635200,9.61,9.62,9.31,9.41,73558.98851587
1541721600,9.41,9.57,9.34,9.41,60369.12044286
1541808000,9.4,9.47,9.4,9.41,26239.22148733
1541894400,9.4,9.41,8.93,9.16,71463.56521381
1541980800,9.17,9.25,9.05,9.07,43400.35586568
1542067200,9.09,9.09,8.85,8.9,65709.78241944
1542153600,8.92,9.17,6.75,7.81,653321.87703918
1542240000,7.82,8.05,6.93,7.65,449085.93350651
1542326400,7.62,7.69,7.27,7.38,96042.38473311
1542412800,7.38,7.45,7.28,7.32,62485.85708043
1542499200,7.33,7.55,7.3,7.4,81851.80898613
1542585600,7.39,7.39,5.99,6.06,492128.55286537
1542672000,6.05,6.35,4.96,5.38,735263.85059333
1542758400,5.38,5.82,5.19,5.68,308432.18328985
1542844800,5.68,5.76,5.14,5.18,143306.69782836
1542931200,5.16,5.29,4.88,5.12,311464.09297072
1543017600,5.12,5.28,4.07,4.66,308512.35814879
1543104000,4.66,4.86,4.1,4.66,481373.44261597
1543190400,4.68,4.81,4.07,4.24,434387.53823415
1543276800,4.25,4.6,4.1,4.47,260368.37469873
1543363200,4.48,5.1,4.46,4.97,469996.33455575
1543449600,4.97,5.05,4.75,4.86,255264.57660985
1543536000,4.86,4.97,4.43,4.56,204263.59647599
1543622400,4.54,4.93,4.42,4.8,141736.44314455
1543708800,4.79,5.28,4.76,5.09,241911.42096242
1543795200,5.09,5.16,4.41,4.46,322255.38403671
1543881600,4.45,4.73,4.29,4.34,379188.68750965
1543968000,4.35,4.44,3.93,3.97,351709.49267335
1544054400,3.97,4.17,3.36,3.45,412331.23877204
1544140800,3.46,3.98,3.21,3.82,644438.46763217
1544227200,3.81,3.99,3.48,3.8,415540.26414875
1544313600,3.78,4.24,3.74,3.9,347007.86007863
1544400000,3.89,4.08,3.67,3.82,229970.63289948
1544486400,3.81,4.05,3.59,3.67,230316.7652747
1544572800,3.66,3.93,3.59,3.85,169646.73116568
1544659200,3.84,3.91,3.69,3.82,149711.35356871
1544745600,3.83,3.83,3.56,3.68,227443.17576774
1544832000,3.68,3.69,3.47,3.56,123425.49566096
1544918400,3.57,3.75,3.54,3.57,141706.48510842
1545004800,3.56,4.1,3.56,3.95,269890.30035194
1545091200,3.95,4.24,3.77,4.17,286169.39756728
1545177600,4.17,4.75,4.12,4.33,485209.26553721
1545264000,4.33,4.93,4.32,4.74,410216.81035376
1545350400,4.74,4.85,4.45,4.47,288178.17653908
1545436800,4.48,4.68,4.26,4.65,130281.93684531
1545523200,4.66,4.95,4.61,4.87,223941.05398643
1545609600,4.86,5.52,4.86,5.11,459553.72165618
1545696000,5.1,5.11,4.45,4.69,251929.77292295
1545782400,4.69,5.53,4.64,5.45,422331.83260968
1545868800,5.46,5.71,4.64,4.75,569201.40789036
1545955200,4.75,5.44,4.65,5.23,269046.90471212
1546041600,5.23,5.4,4.99,5.09,185913.79634793
1546128000,5.07,5.31,4.98,5.25,114492.20196039
1546214400,5.25,5.28,4.88,4.97,138355.44658255
1546300800,4.98,5.25,4.93,5.25,165373.56036369
1546387200,5.25,5.42,5.16,5.35,188077.81109289
1546473600,5.35,5.37,4.98,5.03,178279.79375301
1546560000,5.03,5.3,4.99,5.22,146154.23728444
1546646400,5.23,5.29,5.08,5.11,97301.17525956
1546732800,5.1,5.55,5.06,5.45,214334.35388356
1546819200,5.46,5.46,4.87,5.01,263996.90419192
1546905600,5.01,5.08,4.86,4.97,209070.15928253
1546992000,4.97,5.04,4.92,4.97,119834.80916262
1547078400,4.97,5.03,4.29,4.57,196590.53419965
1547164800,4.57,4.89,4.35,4.63,110479.59497867
1547251200,4.62,4.84,4.42,4.57,80304.82858199
1547337600,4.56,4.66,4.3,4.35,62195.90941182
1547424000,4.35,4.62,4.3,4.5,67014.72234632
1547510400,4.49,4.59,4.3,4.4,52727.85054588
1547596800,4.4,4.58,4.4,4.46,36268.40757184
1547683200,4.46,4.55,4.43,4.49,29863.51559034
1547769600,4.5,4.5,4.42,4.45,26529.38023361
1547856000,4.46,4.59,4.44,4.46,34916.38646295
1547942400,4.46,4.5,4.32,4.39,38549.36086945
1548028800,4.4,4.44,4.32,4.37,26135.06640427
1548115200,4.38,4.46,4.3,4.39,42027.8969663
1548201600,4.4,4.5,4.34,4.35,43924.94995015
1548288000,4.35,4.4,4.34,4.39,29038.16557379
1548374400,4.39,4.39,4.33,4.36,34879.81176985
1548460800,4.35,4.4,4.31,4.36,38157.42184337
1548547200,4.35,4.36,4.32,4.32,21810.68241296
1548633600,4.31,4.32,3.79,3.96,237656.27103695
1548720000,3.96,4.07,3.88,3.89,66030.01155449
1548806400,3.88,4.01,3.84,3.95,104524.04501084
1548892800,3.95,4.03,3.87,3.9,57129.19430415
1548979200,3.91,3.93,3.82,3.89,51986.47613381
1549065600,3.89,3.95,3.85,3.95,35948.08306452
1549152000,3.95,3.95,3.82,3.85,43537.96450825
1549238400,3.84,3.87,3.82,3.83,28853.05694143
1549324800,3.82,3.85,3.81,3.84,29900.46387023
1549411200,3.84,3.84,3.63,3.7,90812.08471591
1549497600,3.71,3.83,3.7,3.79,39067.71952582
1549584000,3.8,4.24,3.79,4.08,157331.53937573
1549670400,4.09,4.11,3.98,4.06,62981.336503
1549756800,4.05,4.17,3.97,4.16,58680.07188831
1549843200,4.16,4.16,3.97,4.02,63324.61529798
1549929600,4.03,4.15,3.98,4.06,69803.01328544
1550016000,4.06,4.13,4.03,4.08,30576.29577873
1550102400,4.08,4.14,4.02,4.1,40727.04618217
1550188800,4.11,4.2,4.04,4.07,53497.30181668
1550275200,4.07,4.21,4.07,4.12,37548.35639855
1550361600,4.12,4.17,4.06,4.16,65957.50854542
1550448000,4.17,4.46,4.13,4.38,176375.46255834
1550534400,4.37,4.83,4.37,4.57,196504.26394201
1550620800,4.57,4.75,4.44,4.64,106843.9201197
1550707200,4.64,4.65,4.4,4.47,73210.81708654
1550793600,4.47,4.77,4.46,4.69,95333.91344858
1550880000,4.68,4.88,4.6,4.85,117462.38974772
1550966400,4.85,5.08,4.46,4.74,182551.78750261
1551052800,4.73,4.85,4.56,4.63,50302.00555755
1551139200,4.63,4.7,4.54,4.63,33635.96801481
1551225600,4.62,4.67,4.48,4.58,34042.1163402
1551312000,4.58,4.7,4.52,4.55,29983.44806421
1551398400,4.56,4.64,4.51,4.58,35031.15278131
1551484800,4.57,4.61,4.51,4.53,21661.84355414
1551571200,4.54,4.59,4.46,4.5,22820.63681041
1551657600,4.5,4.53,4.28,4.33,42497.31142212
1551744000,4.32,4.61,4.32,4.4,55324.6824124
1551830400,4.4,4.59,4.36,4.52,49256.348038
1551916800,4.53,4.56,4.38,4.45,48980.14240427
1552003200,4.45,4.54,4.36,4.45,53335.31829194
1552089600,4.45,4.6,4.4,4.5,35400.23449742
1552176000,4.5,4.52,4.22,4.39,80884.65868524
1552262400,4.38,4.46,4.27,4.36,55044.0131736
1552348800,4.36,4.37,4.21,4.25,85911.48977394
1552435200,4.25,4.27,4.16,4.19,45187.03745909
1552521600,4.19,4.32,4.16,4.26,87948.9507498
1552608000,4.26,4.41,4.26,4.38,64555.04439556
1552694400,4.38,4.59,4.38,4.48,132941.12604401
1552780800,4.48,4.48,4.35,4.41,60469.31151789
1552867200,4.41,4.47,4.3,4.38,75604.66689439
1552953600,4.37,4.62,4.34,4.59,159929.17584007
1553040000,4.59,4.69,4.46,4.64,111402.87518956
1553126400,4.63,4.87,4.46,4.73,365747.23052933
1553212800,4.74,4.96,4.73,4.85,166759.11112218
1553299200,4.84,4.87,4.77,4.849,52150.14408907
1553385600,4.842,4.85,4.72,4.8,44216.5138799
1553472000,4.809,4.809,4.56,4.66,77902.13355758
1553558400,4.667,4.68,4.551,4.63,68383.96411716
1553644800,4.63,4.81,4.62,4.79,84250.76920727
1553731200,4.789,4.789,4.683,4.694,46065.29296708
1553817600,4.694,4.95,4.69,4.86,116154.13475264
1553904000,4.86,4.9,4.703,4.774,71123.32224777
1553990400,4.77,4.829,4.74,4.82,30522.05885707
1554076800,4.811,4.839,4.76,4.802,85622.39332292
1554163200,4.802,5.494,4.781,5.49,628344.26893872
1554249600,5.49,6.22,5.076,5.44,852525.83403745
1554336000,5.45,5.64,5.21,5.34,206835.20964211
1554422400,5.35,5.94,5.34,5.758,286272.72271484
1554508800,5.758,6.099,5.509,6,255775.86127621
1554595200,6,14,5.983,8.8,1804757.18248079
1554681600,8.769,9.15,6.832,7.29,1212383.40487526
1554768000,7.286,7.4,6.83,7.027,406096.91517346
1554854400,7.027,7.26,6.893,7.093,366353.2262617
1554940800,7.094,7.095,6.01,6.287,479159.74746295
1555027200,6.297,6.567,5.932,6.39,311505.02982203
1555113600,6.39,6.55,6.248,6.33,164168.10559898
1555200000,6.329,6.48,6.162,6.458,142462.01536043
1555286400,6.458,6.6,5.937,6.168,407943.90991961
1555372800,6.156,6.313,6.04,6.282,209280.25285512
1555459200,6.28,6.35,6.15,6.21,202486.24920062
1555545600,6.21,6.4,6.196,6.34,223902.36867607
1555632000,6.35,6.378,6.192,6.301,114163.31625492
1555718400,6.292,6.339,6.18,6.237,75837.66150291
1555804800,6.232,6.25,5.721,5.945,244011.2394553
1555891200,5.941,5.997,5.83,5.941,150163.49331042
1555977600,5.94,6.2,5.88,5.926,226238.27679469
1556064000,5.918,5.947,5.278,5.597,378283.94386828
1556150400,5.599,5.799,5.15,5.361,258955.15785687
1556236800,5.35,5.408,5.174,5.347,267382.54320664
1556323200,5.35,5.97,5.336,5.58,240132.45631135
1556409600,5.58,5.597,5.351,5.468,131401.11036243
1556496000,5.464,5.625,5.352,5.488,194047.63271922
1556582400,5.49,5.83,5.48,5.822,233719.0605396
1556668800,5.825,5.91,5.67,5.735,179229.99575939
1556755200,5.733,5.766,5.63,5.669,109304.45202689
1556841600,5.67,6.106,5.651,5.942,311667.68935328
1556928000,5.942,6.081,5.599,5.78,202929.02692474
1557014400,5.79,5.839,5.588,5.68,124501.40013576
1557100800,5.68,5.749,5.43,5.633,207226.86927107
1557187200,5.631,5.869,5.5,5.58,233151.69527881
1557273600,5.58,5.73,5.505,5.673,128253.15216164
1557360000,5.678,5.748,5.458,5.542,166481.2109609
1557446400,5.554,5.688,5.466,5.603,175996.6496468
1557532800,5.603,6.45,5.581,6.06,727862.13940906
1557619200,6.056,6.276,5.712,5.832,548340.23336845
1557705600,5.835,6.328,5.789,6.08,485964.03945526
1557792000,6.08,6.727,6.059,6.57,748708.93152617
1557878400,6.57,7.729,6.481,7.66,1025968.84662478
1557964800,7.651,8.677,6.94,7.67,1794335.81263427
1558051200,7.67,7.828,6.667,7.29,1068420.28488763
1558137600,7.288,7.468,7.08,7.16,286922.95002226
1558224000,7.157,7.909,7.15,7.79,525088.77056833
1558310400,7.8,7.808,7.114,7.42,346107.61639832
1558396800,7.42,7.671,7.228,7.42,244587.34892534
1558483200,7.42,7.522,6.799,6.91,341132.14366785
1558569600,6.9,7.13,6.671,7.081,249674.21195478
1558656000,7.1,7.446,6.975,7.32,276500.33800357
1558742400,7.313,7.4,7.181,7.311,116181.27220565
1558828800,7.32,7.829,7.15,7.711,354866.14064888
1558915200,7.71,8.4,7.606,8.131,663028.47151684
1559001600,8.15,8.495,8.002,8.219,464710.64931923
1559088000,8.217,8.429,7.661,8.191,349140.21135032
1559174400,8.2,8.899,7.701,8.08,813227.79449023
1559260800,8.083,8.764,7.87,8.65,400561.25560597
1559347200,8.659,8.9,8.42,8.63,235479.98486985
1559433600,8.59,9.68,8.572,9.55,520485.69944683
1559520000,9.54,9.86,9.02,9.36,739065.85141961
1559606400,9.331,9.331,7.501,8.409,1338986.78368936
1559692800,8.41,8.55,7.81,8.199,355100.22286235
1559779200,8.191,8.254,7.331,8.021,403414.83650836
1559865600,8.05,8.488,7.87,8.349,348071.61921603
1559952000,8.35,8.842,8.076,8.43,238659.78105436
1560038400,8.43,8.55,7.9,8.129,194381.23653851
1560124800,8.127,8.468,7.9,8.349,248773.49569318
1560211200,8.33,8.35,8.034,8.26,237345.52920386
1560297600,8.269,8.9,8.121,8.66,418421.67876521
1560384000,8.661,8.789,8.5,8.542,209859.92567353
1560470400,8.544,8.621,8.16,8.58,209923.85401764
1560556800,8.58,8.719,8.426,8.611,160993.96097289
1560643200,8.611,8.948,8.505,8.687,343629.84370051
1560729600,8.691,8.899,8.65,8.8,219686.73036588
1560816000,8.8,8.843,8.292,8.45,212971.9241041
1560902400,8.46,8.674,8.442,8.56,106274.34975774
1560988800,8.56,8.613,8.376,8.52,112516.53836803
1561075200,8.529,8.869,8.5,8.812,229947.53439542
1561161600,8.812,9.333,8.704,9.101,462241.71481891
1561248000,9.111,9.625,9.059,9.26,357747.84841321
1561334400,9.25,9.39,8.809,9.287,207014.93618893
1561420800,9.299,9.336,9.021,9.219,178050.85129496
1561507200,9.211,9.684,8.511,8.97,597258.90801932
1561593600,9,9.13,7.011,7.7,715312.28437081
1561680000,7.7,8.389,7.562,8.002,316964.89746067
1561766400,8.01,8.3,7.563,8.247,252793.81870874
1561852800,8.24,8.669,7.65,7.765,367803.99182812
1561939200,7.74,7.997,7.2,7.815,275215.59396694
1562025600,7.769,7.865,7.299,7.695,239351.73558069
1562112000,7.69,7.909,7.631,7.863,125573.56693103
1562198400,7.871,8.19,7.677,7.73,209826.60437564
1562284800,7.74,7.934,7.61,7.861,101671.64018015
1562371200,7.861,8.02,7.75,7.824,117551.7021485
1562457600,7.807,8.011,7.739,7.994,83289.43930569
1562544000,7.994,8.048,7.874,8.047,104641.77277732
1562630400,8.039,8.13,7.74,7.891,239536.04578505
1562716800,7.891,7.945,6.99,7.262,323506.83605765
1562803200,7.27,7.278,6.17,6.632,392826.12131699
1562889600,6.628,6.859,6.508,6.796,205014.02259487
1562976000,6.797,6.809,6.377,6.648,162897.95165633
1563062400,6.65,6.65,5.551,5.699,364001.39139062
1563148800,5.646,6.25,5.159,5.857,561181.58569271
1563235200,5.857,6.127,5.18,5.31,540243.00136162
1563321600,5.32,6.048,5.241,5.709,305488.36730301
1563408000,5.72,6.094,5.42,6.031,335614.22438345
1563494400,6.044,6.067,5.651,5.861,229829.85679776
1563580800,5.879,6.344,5.85,6.176,224781.80132619
1563667200,6.165,6.321,6.04,6.274,168724.89720565
1563753600,6.27,6.498,6.196,6.361,246642.00248642
1563840000,6.35,6.359,5.94,6.001,198683.86804784
1563926400,6.017,6.23,5.761,6.088,238202.92592547
1564012800,6.098,6.29,5.981,6.003,124683.73724915
1564099200,6.019,6.243,5.895,6.191,116607.12838615
1564185600,6.199,6.337,5.77,5.939,257733.12339461
1564272000,5.948,6.007,5.551,5.898,191206.12652959
1564358400,5.913,6.087,5.833,5.92,168967.62393228
1564444800,5.92,5.999,5.794,5.93,128681.21026424
1564531200,5.928,6.099,5.8,6.052,189724.14526221
1564617600,6.053,6.08,5.832,5.971,150569.90780851
1564704000,5.971,6.015,5.798,5.882,117268.45054331
1564790400,5.889,5.98,5.844,5.885,98214.10234138
1564876800,5.892,6.17,5.83,6.118,197455.23360316
1564963200,6.119,6.35,6.119,6.176,217347.30884378
1565049600,6.176,6.243,5.79,5.862,179944.49264933
1565136000,5.864,6.016,5.812,5.9,146110.39569305
1565222400,5.909,6.188,5.868,5.989,191427.25265344
1565308800,5.989,6.023,5.721,5.814,105063.1519848
1565395200,5.819,5.895,5.523,5.636,240546.98573333
1565481600,5.649,5.884,5.649,5.838,204588.26082846
1565568000,5.827,5.982,5.676,5.785,136238.63888853
1565654400,5.786,6.279,5.74,6.021,332163.51986091
1565740800,6.01,6.164,5.46,5.576,257831.80344394
1565827200,5.599,5.8,5.286,5.64,232466.49751561
1565913600,5.64,5.645,5.437,5.54,116858.76867731
1566000000,5.54,5.55,5.4,5.455,72665.41202057
1566086400,5.46,5.673,5.42,5.573,93594.59405712
1566172800,5.569,5.663,5.439,5.551,107012.55306476
1566259200,5.55,6.249,5.476,6.029,582212.84797093
1566345600,6.025,6.379,5.855,6.149,441502.67064964
1566432000,6.15,7.82,5.976,7.21,1467311.03822006
1566518400,7.21,7.564,6.857,7.141,830324.1220518
1566604800,7.16,7.227,6.749,6.86,312095.34898514
1566691200,6.885,7.428,6.852,7.13,373216.5634892
1566777600,7.131,7.53,7.108,7.33,265608.16441335
1566864000,7.334,7.335,7.1,7.193,126380.11866301
1566950400,7.21,7.245,6.166,6.48,560850.82443025
1567036800,6.48,6.48,5.672,5.948,447008.91293852
1567123200,5.952,6.499,5.73,6.299,393811.72994753
1567209600,6.303,6.442,6.146,6.274,193596.4615113
1567296000,6.273,6.328,6.068,6.274,123300.15303012
1567382400,6.264,6.891,6.21,6.7,369689.25294669
1567468800,6.7,7.021,6.62,6.81,180239.70926873
1567555200,6.81,6.883,6.641,6.781,144862.09611974
1567641600,6.78,7.228,6.722,7.037,300105.82685763
1567728000,7.049,7.083,6.686,6.686,221503.06505207
1567814400,6.689,6.85,6.235,6.697,309162.7544269
1567900800,6.7,6.785,6.561,6.67,137082.4561175
1567987200,6.678,6.807,6.375,6.59,169117.00907957
1568073600,6.6,6.74,6.384,6.52,153817.03868614
1568160000,6.525,6.584,6.109,6.318,162597.92264815
1568246400,6.329,6.367,6.192,6.219,152430.74684179
1568332800,6.219,6.26,6.104,6.199,93291.16278099
1568419200,6.195,6.326,6.085,6.271,78294.58574127
1568505600,6.271,6.348,6.223,6.259,60005.95138982
1568592000,6.267,6.345,6.12,6.231,107509.16955137
1568678400,6.229,6.436,6.168,6.279,219915.69174556
1568764800,6.29,6.533,6.281,6.388,204051.4666779
1568851200,6.39,6.39,5.75,6.226,412942.62816565
1568937600,6.24,6.275,5.95,6.16,209226.23754942
1569024000,6.169,6.199,6.036,6.114,92125.86532783
1569110400,6.113,6.13,5.954,5.99,89512.88981213
1569196800,6.001,6.075,5.771,5.809,120332.97953647
1569283200,5.796,5.88,4.35,4.964,884687.95967908
1569369600,4.98,5.339,4.612,4.86,348100.0452193
1569456000,4.85,4.927,4.5,4.755,414569.23611341
1569542400,4.755,4.789,4.501,4.68,211469.33727832
1569628800,4.69,4.769,4.602,4.684,199223.0051509
1569715200,4.682,4.696,4.45,4.557,155424.31712132
1569801600,4.56,4.799,4.42,4.713,221391.82370931
1569888000,4.72,4.854,4.614,4.648,184835.1906314
1569974400,4.648,4.706,4.577,4.698,57503.07923429
1570060800,4.693,4.705,4.519,4.614,130527.34398782
1570147200,4.619,4.667,4.506,4.592,68000.63904362
1570233600,4.59,4.663,4.551,4.626,96697.35054972
1570320000,4.635,4.64,4.4,4.49,104233.281703
1570406400,4.491,4.747,4.46,4.673,139243.92619559
1570492800,4.674,4.736,4.569,4.635,114279.50559391
1570579200,4.635,5.301,4.601,5.089,425868.02947941
1570665600,5.083,5.118,4.816,4.845,351926.54666278
1570752000,4.848,4.975,4.632,4.646,171833.27389156
1570838400,4.647,4.76,4.641,4.72,112041.68441982
1570924800,4.72,4.825,4.686,4.749,78524.32156815
1571011200,4.749,4.866,4.723,4.792,100907.44093535
1571097600,4.794,4.802,4.47,4.576,209561.24467672
1571184000,4.57,4.7,4.301,4.43,207916.13286551
1571270400,4.441,4.58,4.404,4.511,182717.36409792
1571356800,4.522,4.609,4.36,4.439,129031.17699174
1571443200,4.439,4.472,4.37,4.435,89740.32086537
1571529600,4.434,4.615,4.372,4.539,95016.93539889
1571616000,4.534,4.68,4.36,4.599,220909.80496036
1571702400,4.598,4.658,4.411,4.46,133602.03556928
1571788800,4.46,4.489,4.011,4.26,285369.31330074
1571875200,4.259,4.388,4.201,4.264,137461.87886317
1571961600,4.274,5.008,4.232,4.778,372060.30819589
1572048000,4.779,5.25,4.481,4.586,494487.14359435
1572134400,4.586,4.948,4.568,4.799,283018.98958679
1572220800,4.802,5.043,4.734,4.741,197546.42873044
1572307200,4.746,5.158,4.746,4.939,356735.07614882
1572393600,4.934,4.985,4.724,4.792,200277.01528512
1572480000,4.793,4.973,4.692,4.82,304703.28781277
1572566400,4.818,4.95,4.796,4.89,130864.73450417
1572652800,4.89,5.05,4.844,4.936,100382.46019131
1572739200,4.936,5.003,4.838,4.88,38718.56712446
1572825600,4.883,5.045,4.854,4.971,106290.93840529
1572912000,4.972,5.084,4.857,5.033,144813.22859319
1572998400,5.027,5.199,4.994,5.085,177382.21902593
1573084800,5.079,5.365,5.038,5.243,347260.33062565
1573171200,5.236,5.284,4.762,4.95,239061.55175795
1573257600,4.95,5.047,4.914,4.951,86760.42123173
1573344000,4.957,5.18,4.91,5.034,229330.22218754
1573430400,5.037,5.067,4.82,4.884,52861.98453329
1573516800,4.873,4.932,4.789,4.907,74320.5597118
1573603200,4.902,4.908,4.813,4.84,65561.98671548
1573689600,4.839,4.85,4.641,4.74,143202.39251938
1573776000,4.741,4.798,4.45,4.561,155080.90405376
1573862400,4.561,4.674,4.538,4.627,52351.65417024
1573948800,4.627,4.693,4.578,4.612,74631.98970627
1574035200,4.612,4.626,4.168,4.35,260548.73184421
1574121600,4.356,4.526,4.246,4.377,212645.64844311
1574208000,4.386,4.436,4.294,4.342,74290.50858915
1574294400,4.342,4.412,4.038,4.175,195711.09160493
1574380800,4.177,4.23,3.535,3.883,448580.09702172
1574467200,3.881,4.084,3.81,4.003,134438.57448666
1574553600,4,4.007,3.678,3.707,81855.94344065
1574640000,3.709,3.996,3.55,3.78,209781.3018017
1574726400,3.78,3.926,3.76,3.884,100892.0373729
1574812800,3.881,4.054,3.684,3.964,221678.50781777
1574899200,3.962,4.06,3.86,3.931,174761.61540362
1574985600,3.929,4.138,3.929,4.088,77273.2921851
1575072000,4.089,4.107,3.871,3.943,96559.01297664
1575158400,3.943,4.053,3.81,3.945,96633.81050754
1575244800,3.944,3.955,3.785,3.861,75342.61128988
1575331200,3.862,3.95,3.823,3.831,58289.60310792
1575417600,3.821,3.905,3.701,3.753,99544.38446792
1575504000,3.749,3.822,3.729,3.796,57147.29501329
1575590400,3.791,3.925,3.77,3.905,63186.58770944
1575676800,3.903,3.95,3.86,3.872,68903.51105883
1575763200,3.873,3.95,3.829,3.9,35788.46209145
1575849600,3.9,3.928,3.77,3.8,58006.98235223
1575936000,3.803,3.803,3.735,3.772,50515.38674952
1576022400,3.776,3.8,3.75,3.762,55872.69509774
1576108800,3.763,3.848,3.714,3.81,77205.41160116
1576195200,3.812,3.888,3.793,3.852,38172.91617622
1576281600,3.851,3.865,3.743,3.794,48179.955205
1576368000,3.793,3.859,3.753,3.801,40279.89203102
1576454400,3.806,3.838,3.621,3.679,253110.58840702
1576540800,3.672,3.706,3.412,3.475,116048.22420227
1576627200,3.474,3.839,3.367,3.775,229217.50496504
1576713600,3.8,3.829,3.66,3.731,51691.76798501
1576800000,3.727,4.223,3.68,4.05,196561.58001649
1576886400,4.051,4.171,3.986,4.091,122658.92242232
1576972800,4.092,4.267,4.054,4.197,119142.83798633
1577059200,4.202,4.238,3.949,3.987,169822.34543717
1577145600,3.986,4,3.884,3.943,49238.26629266
1577232000,3.936,4.08,3.901,4.037,90587.61227194
1577318400,4.044,4.772,4.034,4.487,458973.59442048
1577404800,4.484,4.669,4.357,4.492,241077.66906413
1577491200,4.489,4.542,4.368,4.407,101390.62144999
1577577600,4.407,4.844,4.379,4.641,193069.44230892
1577664000,4.638,4.84,4.523,4.582,142820.76992996
1577750400,4.58,4.767,4.42,4.475,196876.70204918
1577836800,4.465,4.557,4.454,4.485,63851.26399835
1577923200,4.482,4.495,4.16,4.217,144627.05057192
1578009600,4.217,4.62,4.171,4.569,159560.10630798
1578096000,4.57,4.768,4.523,4.758,132552.12173101
1578182400,4.751,5.002,4.728,4.876,289443.48462642
1578268800,4.881,5.145,4.85,5.031,298720.55468424
1578355200,5.031,5.08,4.714,4.837,350797.89642824
1578441600,4.84,5.06,4.71,4.955,241558.10749019
1578528000,4.948,5.209,4.87,5.18,300393.01988489
1578614400,5.181,5.407,4.91,5.36,285784.82690951
1578700800,5.361,5.824,5.321,5.57,447271.32021725
1578787200,5.55,5.646,5.366,5.573,175139.19092626
1578873600,5.571,5.591,5.321,5.46,150503.995453
1578960000,5.465,7.047,5.465,6.822,1927781.90400826
1579046400,6.8,8.109,6.631,7.996,2164058.47349723
1579132800,7.971,8.663,7.258,8.39,1476560.04786803
1579219200,8.38,12.068,8.144,9.438,4075938.06333531
1579305600,9.474,9.899,8.054,8.3,2039130.78430873
1579392000,8.299,9.477,7.749,8.521,1497916.18868588
1579478400,8.52,9.097,8.05,8.62,713362.98693343
1579564800,8.636,9.127,8.511,8.918,259888.71928348
1579651200,8.933,9.491,8.911,9.34,306205.1139375
1579737600,9.349,9.35,8.161,8.45,451928.51709815
1579824000,8.449,8.831,7.85,8.587,404163.24877572
1579910400,8.587,8.62,8.108,8.39,200968.91528394
1579996800,8.36,9.36,8.221,9.141,271506.23422889
1580083200,9.152,11.1,9.141,10.42,1042783.38486565
1580169600,10.42,11.77,10.338,11.42,1016384.31876104
1580256000,11.43,12.899,11.324,12.199,1258843.61269787
1580342400,12.193,12.65,11.647,12.28,779939.99638136
1580428800,12.28,12.304,10.624,11.33,714118.665171
1580515200,11.301,11.8,11.052,11.537,374320.02080882
1580601600,11.537,11.709,11.121,11.352,284482.03098201
1580688000,11.341,12.218,11.284,11.775,411442.08383036
1580774400,11.743,11.899,11.105,11.358,234781.4756972
1580860800,11.367,12.647,11.289,12.323,498598.7601371
1580947200,12.341,13.17,11.122,12.101,828154.21868189
1581033600,12.103,12.306,11.359,11.723,521967.48422778
1581120000,11.723,11.929,11.141,11.725,304418.83924144
1581206400,11.722,12.18,11.324,11.73,354392.82515108
1581292800,11.721,12.045,11.371,11.851,325650.69958538
1581379200,11.854,12.16,11.562,12.009,442319.55342837
1581465600,12.003,12.494,11.92,12.253,548249.7388641
1581552000,12.253,13,11.3,12.051,573153.41516129
1581638400,12.05,12.1,11.613,12.045,260815.23436177
1581724800,12.04,12.079,9.8,10.433,964342.84118
1581811200,10.43,10.75,8.829,9.729,774336.21288058
1581897600,9.677,9.9,8.762,9.652,501707.6397196
1581984000,9.652,10.398,9.212,10.03,435013.32840093
1582070400,10.02,10.34,8.89,9.1,435631.15112346
1582156800,9.1,9.4,8.368,8.903,389696.47404339
1582243200,8.9,9.905,8.786,9.401,411706.55192254
1582329600,9.402,9.733,9.31,9.52,122079.26726071
1582416000,9.493,9.999,9.486,9.754,215366.28568243
1582502400,9.771,9.839,8.975,9.351,292724.45657285
1582588800,9.357,9.483,8.88,9.15,305891.72970108
1582675200,9.15,9.316,7.25,7.709,902968.41948927
1582761600,7.729,8.239,7.323,7.693,457597.53222398
1582848000,7.697,7.876,7.2,7.489,332962.5631892
1582934400,7.498,7.7,7.343,7.355,216746.58036999
1583020800,7.35,7.921,7.35,7.739,403899.18550275
1583107200,7.731,8.743,7.698,8.463,487593.69285274
1583193600,8.47,8.65,8.16,8.497,202524.92443178
1583280000,8.49,8.527,7.62,7.99,436972.70814518
1583366400,8,8.485,8,8.202,312788.83352094
1583452800,8.18,8.33,7.919,8.239,202562.5585058
1583539200,8.245,8.25,7.77,7.801,219983.66278394
1583625600,7.8,7.801,6.21,6.582,635406.02827604
1583712000,6.589,7.35,6.334,6.942,510630.80411712
1583798400,6.951,7.011,6.629,6.815,234150.75572727
1583884800,6.825,6.898,6.12,6.547,301552.71191959
1583971200,6.541,6.543,4,4.1,1114986.35488799
1584057600,4.148,7.17,3.5,5.611,2003188.47492013
1584144000,5.62,5.62,4.6,4.809,680063.88066521
1584230400,4.795,5.299,4.585,5.028,474034.12495009
1584316800,5.032,5.032,4.04,4.521,902576.7459801
1584403200,4.54,5,4.391,4.646,470352.91590361
1584489600,4.657,4.702,4.322,4.638,341105.77632567
1584576000,4.64,5.459,4.479,5.068,787604.31585026
1584662400,5.063,5.539,4.423,4.894,755978.49233383
1584748800,4.9,5.15,4.678,5.004,318299.29446819
1584835200,5.005,5.231,4.536,4.599,391552.27000965
1584921600,4.58,5.097,4.529,5,303776.14037441
1585008000,4.991,5.2,4.906,5.076,397948.48902662
1585094400,5.061,5.29,4.905,5.07,304821.81142292
1585180800,5.078,5.131,4.941,5.12,201952.33958985
1585267200,5.117,5.228,4.865,4.923,344505.97140862
1585353600,4.916,4.956,4.65,4.839,330592.97001286
1585440000,4.841,5.074,4.792,4.83,275806.14646633
1585526400,4.839,5.08,4.793,4.973,266224.05594204
1585612800,4.973,5.014,4.871,4.942,144828.90116256
1585699200,4.944,5.06,4.804,5.036,180869.28387983
1585785600,5.037,5.488,4.973,5.101,291691.59082522
1585872000,5.1,5.242,4.986,5.123,130620.42778151
1585958400,5.115,5.25,5.045,5.18,109378.52599135
1586044800,5.179,5.2,4.936,5.042,127954.28063283
1586131200,5.045,5.639,5.035,5.627,426373.00512844
1586217600,5.626,5.837,5.368,5.473,388372.13036673
1586304000,5.474,5.904,5.366,5.823,416611.49497111
1586390400,5.824,6,5.564,5.892,311006.00835782
1586476800,5.897,5.933,5.078,5.27,407087.95949333
1586563200,5.268,5.415,5.149,5.296,157484.46037645
1586649600,5.291,5.517,5.195,5.314,151830.43705505
1586736000,5.321,5.322,5.013,5.212,170574.87260635
1586822400,5.212,5.361,5.129,5.257,135333.88135122
1586908800,5.253,5.368,5.045,5.045,116884.3317969
1586995200,5.06,5.58,4.868,5.478,316591.89668977
1587081600,5.484,5.503,5.329,5.387,95687.21375079
1587168000,5.401,5.687,5.397,5.661,196388.5735526
1587254400,5.665,5.719,5.42,5.49,121403.61319263
1587340800,5.49,5.619,5.166,5.232,225725.42953547
1587427200,5.222,5.309,5.138,5.207,106916.04299998
1587513600,5.21,5.46,5.168,5.396,101332.64693192
1587600000,5.388,5.79,5.31,5.598,311761.74234142
1587686400,5.6,5.695,5.513,5.604,159122.00656011
1587772800,5.596,5.869,5.541,5.758,186115.66610424
1587859200,5.758,6.299,5.73,6.249,825043.13997021
1587945600,6.25,6.389,5.949,6.132,440406.82529272
1588032000,6.129,6.211,5.972,6.183,210468.91458059
1588118400,6.182,7.18,6.128,6.763,1137426.75426887
1588204800,6.765,7,6.316,6.449,750169.72859283
1588291200,6.443,6.709,6.442,6.658,253349.66265249
1588377600,6.66,7.675,6.581,7.52,1183936.27202976
1588464000,7.52,7.646,7.026,7.221,996469.63753924
1588550400,7.236,7.358,6.683,7.236,637648.44983691
1588636800,7.235,7.5,7.068,7.204,408932.23745952
1588723200,7.206,7.331,6.801,6.851,320903.74773003
1588809600,6.851,7.26,6.821,7.108,395287.38463808
1588896000,7.108,7.335,6.946,7.148,476562.06347614
1588982400,7.145,7.28,7.01,7.06,302900.22767633
1589068800,7.056,7.056,5.54,6.199,1303652.15515252
1589155200,6.2,6.33,5.618,6.012,517584.74756284
1589241600,6.019,6.232,5.9,6.089,275377.5707451
1589328000,6.091,6.284,6.009,6.227,243383.0197035
1589414400,6.227,6.37,6.089,6.274,277033.20581008
1589500800,6.284,6.7,6.089,6.501,697156.96387119
1589587200,6.509,6.855,6.432,6.686,665314.80066099
1589673600,6.675,6.786,6.501,6.661,213922.92424334
1589760000,6.667,6.923,6.581,6.715,295313.54464455
1589846400,6.715,6.73,6.534,6.672,156675.51862456
1589932800,6.673,6.684,6.229,6.459,304366.35749724
1590019200,6.454,6.525,5.912,6.133,296020.05438574
1590105600,6.133,6.615,6.077,6.466,322403.49059489
1590192000,6.469,6.638,6.387,6.561,207115.07156071
1590278400,6.561,6.785,6.481,6.569,571523.37352534
1590364800,6.562,6.932,6.488,6.801,354300.94106252
1590451200,6.798,6.83,6.53,6.708,257705.76808117
1590537600,6.709,6.829,6.656,6.768,302837.70319632
1590624000,6.768,6.884,6.68,6.856,194550.08536317
1590710400,6.856,7.303,6.855,7.222,677049.48085127
1590796800,7.226,7.568,7.1,7.485,436845.93113031
1590883200,7.486,7.495,6.601,6.949,453387.87127212
1590969600,6.946,7.3,6.88,7.209,579509.26357947
1591056000,7.213,7.319,6.7,6.985,640621.36396179
1591142400,6.98,7.006,6.823,6.942,400047.67251288
1591228800,6.941,7.048,6.797,6.906,352539.52005138
1591315200,6.913,6.986,6.78,6.829,203901.17958711
1591401600,6.819,6.909,6.782,6.86,93487.90396921
1591488000,6.865,6.883,6.621,6.837,148837.86852116
1591574400,6.836,6.926,6.738,6.926,156306.30093993
1591660800,6.916,6.929,6.728,6.79,138735.6627807
1591747200,6.791,6.848,6.713,6.813,218928.49277484
1591833600,6.81,6.848,6.041,6.258,601242.31790877
1591920000,6.258,6.5,6.209,6.397,164106.59461854
1592006400,6.401,6.506,6.333,6.487,121442.01004766
1592092800,6.49,6.493,6.251,6.313,110663.56225594
1592179200,6.314,6.349,5.971,6.253,309230.38734884
1592265600,6.253,6.314,6.18,6.253,211630.0007957
1592352000,6.253,6.366,6.137,6.281,140127.58990235
1592438400,6.283,6.287,6.09,6.212,109340.119058
1592524800,6.192,6.413,6.138,6.327,278078.19885056
1592611200,6.318,6.357,6.153,6.264,108567.09787237
1592697600,6.265,6.279,6.174,6.202,60972.36189834
1592784000,6.202,6.398,6.194,6.376,109916.81641465
1592870400,6.387,6.437,6.279,6.365,133602.12695941
1592956800,6.365,6.514,6.12,6.212,184819.54213587
1593043200,6.209,6.238,6.038,6.149,106065.75342457
1593129600,6.144,6.167,5.98,6.042,156907.3503825
1593216000,6.041,6.058,5.284,5.593,493240.90021926
1593302400,5.59,5.83,5.55,5.748,148869.72452667
1593388800,5.748,5.884,5.719,5.83,162333.5314995
1593475200,5.83,5.849,5.677,5.729,93469.15192033
1593561600,5.727,5.788,5.623,5.711,99476.82071218
1593648000,5.71,5.792,5.545,5.638,155652.27533055
1593734400,5.64,5.727,5.599,5.641,137298.47410723
1593820800,5.641,5.748,5.619,5.7,89246.51606345
1593907200,5.704,5.719,5.514,5.652,123125.7050457
1593993600,5.655,6.189,5.649,6.107,336701.39077017
1594080000,6.107,6.326,5.978,6.23,452078.07805073
1594166400,6.228,6.65,6.119,6.638,437132.29055942
1594252800,6.625,6.797,6.387,6.648,523010.82046659
1594339200,6.649,6.649,6.249,6.39,212516.81204295
1594425600,6.39,6.6,6.38,6.505,149497.99716225
1594512000,6.503,6.56,6.352,6.462,169402.21554622
1594598400,6.465,6.558,6.171,6.3,261859.82560707
1594684800,6.298,6.334,6.169,6.331,150620.47844613
1594771200,6.331,6.365,6.18,6.215,159742.39707548
1594857600,6.215,6.26,5.9,6.029,262744.11208894
1594944000,6.024,6.114,5.965,6.028,192795.74257637
1595030400,6.029,6.116,5.945,6.053,131968.56615926
1595116800,6.051,6.123,5.95,6.103,129284.05307337
1595203200,6.096,6.189,5.995,6.02,130063.15909872
1595289600,6.02,6.194,6.018,6.194,105566.05998319
1595376000,6.188,6.4,6.05,6.375,272759.98669453
1595462400,6.373,6.5,6.273,6.447,222041.8344939
1595548800,6.448,6.448,6.212,6.261,93902.14173476
1595635200,6.259,6.739,6.231,6.704,369468.61823001
1595721600,6.714,6.893,6.481,6.643,481532.85145476
1595808000,6.647,7.368,6.639,7.129,1409589.19296393
1595894400,7.131,7.41,6.825,7.232,626433.74460529
1595980800,7.239,7.55,7.15,7.27,490304.64513329
1596067200,7.275,7.483,7.014,7.356,402688.14863259
1596153600,7.36,7.604,7.259,7.409,336798.91740382
1596240000,7.41,7.97,7.318,7.849,625669.35030968
1596326400,7.839,8.3,6.51,7.221,1125008.09634489
1596412800,7.216,7.437,7.058,7.172,565166.19753385
1596499200,7.178,7.309,7.006,7.147,550009.02842406
1596585600,7.149,7.369,7.061,7.241,533913.8656032
1596672000,7.241,7.262,6.992,7.079,482964.61809744
1596758400,7.102,7.45,6.75,7.018,644062.60852317
1596844800,7.021,7.179,6.77,7,548653.28656771
1596931200,6.999,7.2,6.8,6.893,399214.57579942
1597017600,6.893,7.155,6.881,7.063,404290.02511339
1597104000,7.073,7.182,6.511,6.8,507495.36510115
1597190400,6.806,6.915,6.583,6.865,371191.81962325
1597276800,6.865,7.25,6.64,6.923,790972.4744055
1597363200,6.923,6.972,6.803,6.904,442402.77254334
1597449600,6.904,7.311,6.877,7.176,687327.08581805
1597536000,7.173,7.301,6.921,7.243,713792.19447074
1597622400,7.244,7.542,7.084,7.364,864560.41353802
1597708800,7.364,7.839,7.093,7.275,1115762.37513237
1597795200,7.275,7.393,6.612,6.815,825212.49521306
1597881600,6.808,7.096,6.749,6.973,766589.63759127
1597968000,6.973,7.096,6.582,6.635,496493.29769073
1598054400,6.631,7.285,6.501,6.791,629103.83704268
1598140800,6.798,6.873,6.701,6.825,185248.63240038
1598227200,6.823,6.945,6.77,6.86,225811.43373758
1598313600,6.856,6.877,6.449,6.615,317257.40588809
1598400000,6.615,6.667,6.457,6.592,163568.23774425
1598486400,6.59,7.27,6.482,6.904,824526.79458107
1598572800,6.912,7.5,6.678,6.941,764419.94026307
1598659200,6.969,7.2,6.688,6.872,167764.38096982
1598745600,6.871,7.048,6.678,6.794,213985.08992923
1598832000,6.789,6.95,6.661,6.733,150127.66810782
1598918400,6.734,7,6.69,6.8,265319.11847791
1599004800,6.795,6.855,6.5,6.64,216639.31733228
1599091200,6.631,6.647,5.643,5.911,282940.12378018
1599177600,5.92,6.4,5.25,6.04,215784.2341408
1599264000,6.058,6.137,5.25,5.63,193904.59342321
1599350400,5.636,6.408,5.461,5.911,161932.76728572
1599436800,5.915,5.972,5.21,5.783,149504.68752135
1599523200,5.782,5.83,5.315,5.637,79179.56336733
1599609600,5.628,5.701,5.47,5.627,110604.80743657
1599696000,5.594,5.83,5.59,5.646,168514.71982637
1599782400,5.646,5.99,5.45,5.944,163486.16195282
1599868800,5.981,6.356,5.772,5.969,133888.25557858
1599955200,5.969,6.13,5.806,5.91,58365.5042855
1600041600,5.903,6.061,5.68,5.984,129325.41511035
1600128000,5.984,6.366,5.65,6.096,208528.84097974
1600214400,6.095,6.366,5.821,6.143,157844.89997158
1600300800,6.144,6.203,5.979,6.108,78778.06519891
1600387200,6.108,6.251,5.951,6.168,139642.1865026
1600473600,6.167,6.251,6.044,6.211,68568.6040109
1600560000,6.187,6.207,5.984,6.048,97012.91652829
1600646400,6.056,6.965,5.128,5.86,383865.94625115
1600732800,5.864,6.122,5.772,5.889,311836.70404633
1600819200,5.905,5.98,5.4,5.816,253270.0113524
1600905600,5.803,5.95,5.686,5.82,117286.93765768
1600992000,5.82,5.92,5.742,5.798,91957.26697577
1601078400,5.801,5.924,5.703,5.755,124924.87550574
1601164800,5.751,5.895,5.59,5.675,115329.43463328
1601251200,5.675,5.939,5.658,5.71,154378.44490745
1601337600,5.697,5.805,5.681,5.698,58927.93499037
1601424000,5.701,5.82,5.638,5.713,90411.52236392
1601510400,5.713,5.834,5.56,5.77,127514.4307462
1601596800,5.768,5.794,5.461,5.666,91304.2777629
1601683200,5.665,5.679,5.587,5.615,32555.55015675
1601769600,5.615,5.85,5.507,5.756,263559.41253692
1601856000,5.734,5.825,5.582,5.769,248315.5270205
1601942400,5.765,5.817,5.507,5.539,404905.53486856
1602028800,5.54,5.664,5.326,5.531,112568.7331466
1602115200,5.531,5.72,5.46,5.537,283239.55937073
1602201600,5.541,5.79,5.483,5.669,107172.41391059
1602288000,5.675,5.778,5.6,5.677,57238.01852031
1602374400,5.699,5.78,5.655,5.714,64055.8615615
1602460800,5.715,5.81,5.63,5.725,102540.36273628
1602547200,5.743,6.088,5.639,5.665,216634.06666864
1602633600,5.665,5.823,5.65,5.718,42617.02417652
1602720000,5.7,5.74,5.383,5.592,140640.61978328
1602806400,5.598,5.619,5.397,5.572,116772.21236566
1602892800,5.573,5.645,5.5,5.578,28346.98110771
1602979200,5.579,5.64,5.547,5.59,20439.60737038
1603065600,5.59,5.616,5.438,5.549,72440.39264431
1603152000,5.549,5.6,5.326,5.472,72607.86271935
1603238400,5.448,5.8,5.38,5.608,104261.87817801
1603324800,5.608,6.008,5.599,5.853,150133.95586141
1603411200,5.853,5.993,5.68,5.79,113379.5548393
1603497600,5.791,5.86,5.71,5.817,38060.43619629
1603584000,5.817,5.83,5.671,5.77,51259.74443107
1603670400,5.769,5.809,5.603,5.63,95609.25380761
1603756800,5.633,5.73,5.48,5.592,107676.8886466
1603843200,5.6,5.7,5.433,5.518,84271.45698304
1603929600,5.513,5.618,5.37,5.388,147117.88319441
1604016000,5.397,5.459,5.225,5.256,117328.80903324
1604102400,5.25,5.326,5.238,5.274,92940.96533671
1604188800,5.281,5.305,5.19,5.257,57288.7327659
1604275200,5.257,5.283,4.958,5.027,153084.77194659
1604361600,5.024,5.028,4.719,4.909,225999.98958983
1604448000,4.913,5.228,4.643,4.901,192067.93477074
1604534400,4.901,5.4,4.815,5.148,192777.88807558
1604620800,5.164,5.5,5.148,5.375,210008.96656823
1604707200,5.375,5.589,4.96,5.122,221776.81172942
1604793600,5.088,5.3,5.066,5.224,100565.41513851
1604880000,5.224,5.3,5.001,5.16,96050.42535546
1604966400,5.151,5.265,5.1,5.158,138059.93291836
1605052800,5.158,5.38,5.122,5.235,116995.52844867
1605139200,5.239,5.35,5.031,5.099,137910.29122272
1605225600,5.115,5.28,5.062,5.16,141232.59507203
1605312000,5.165,5.199,5.071,5.124,67571.28839027
1605398400,5.12,5.142,5.046,5.065,65373.44329026
1605484800,5.071,5.469,5.06,5.415,160826.02651496
1605571200,5.416,6,5.412,5.935,489102.91263059
1605657600,5.922,8,5.75,6.379,2446138.86498182
1605744000,6.371,6.95,6.25,6.462,685971.95711484
1605830400,6.462,6.73,6.11,6.194,843132.99264145
1605916800,6.203,6.8,6.149,6.75,814084.34813269
1606003200,6.75,6.84,6.12,6.467,412743.33796939
1606089600,6.446,6.649,6.277,6.646,480647.58182238
1606176000,6.646,7.48,6.51,7.289,1572365.10301936
1606262400,7.291,7.949,6.685,6.981,1157332.52683138
1606348800,6.98,7.168,5.652,6.19,1052365.47916654
1606435200,6.179,6.45,5.973,6.341,450253.94886612
1606521600,6.329,6.946,6.201,6.481,320209.968125
1606608000,6.481,6.798,6.37,6.589,178487.21654179
1606694400,6.611,6.879,6.427,6.852,421987.53166453
1606780800,6.847,7.066,6.2,6.31,569566.29134495
1606867200,6.319,6.8,6.216,6.579,277111.27618425
1606953600,6.576,6.76,6.453,6.603,245715.69900815
1607040000,6.593,6.593,5.89,5.968,345458.44148468
1607126400,5.968,6.225,5.92,6.222,137739.18670058
1607212800,6.221,6.298,6.078,6.178,118651.91397629
1607299200,6.178,6.22,6.076,6.158,107114.92792084
1607385600,6.162,6.162,5.724,5.8,182255.50594474
1607472000,5.803,6.252,5.6,6.086,396072.38585807
1607558400,6.087,6.12,5.815,5.902,109782.83299999
1607644800,5.916,5.969,5.702,5.79,149079.37681916
1607731200,5.793,6.052,5.79,5.968,109137.84151165
1607817600,5.978,6.27,5.93,6.097,146399.30126093
1607904000,6.102,6.16,5.962,6.038,124103.04115679
1607990400,6.037,6.125,5.972,6.053,172740.33756378
1608076800,6.058,6.486,5.951,6.486,294680.06769526
1608163200,6.478,6.84,6.307,6.491,498149.38828434
1608249600,6.488,6.628,6.285,6.402,198532.22510201
1608336000,6.407,6.548,6.366,6.418,202239.43835042
1608422400,6.414,6.845,6.256,6.494,427915.69778949
1608508800,6.49,7.067,6.053,6.112,503092.29525178
1608595200,6.115,6.195,5.784,6.142,278567.24494768
1608681600,6.137,6.198,4.772,5.12,947160.19394015
1608768000,5.12,5.67,5.035,5.65,462252.25629128
1608854400,5.65,5.883,5.485,5.787,330411.02568565
1608940800,5.786,5.898,5.564,5.854,326430.33447283
1609027200,5.855,6.123,5.5,5.8,484350.30113209
1609113600,5.826,6.154,5.75,5.92,320460.57535112
1609200000,5.919,6.02,5.481,5.731,495308.30713521
1609286400,5.732,5.806,5.609,5.697,258917.65257069
1609372800,5.697,5.829,5.57,5.681,223333.78152138
1609459200,5.682,5.888,5.613,5.72,192496.29156394
1609545600,5.72,5.974,5.601,5.794,447328.92668853
1609632000,5.796,6.7,5.776,6.585,1237401.77759423
1609718400,6.581,7.69,6.251,7.052,1633137.00745452
1609804800,7.051,7.42,6.627,7.289,805218.43949433
1609891200,7.289,7.8,6.986,7.628,850386.14719499
1609977600,7.638,7.805,7.05,7.27,1016461.63280346
1610064000,7.28,7.375,6.67,6.992,676123.80429212
1610150400,6.988,8.144,6.728,7.855,1343104.38547505
1610236800,7.862,15,7.862,11.646,9029157.21621388
1610323200,11.646,12.63,7.202,10.514,6506973.13097746
1610409600,10.52,10.61,8.751,9.08,2285332.61395689
1610496000,9.068,9.989,8.722,9.657,1696767.86909475
1610582400,9.627,9.95,9.112,9.421,1241580.1084615
1610668800,9.424,9.545,8.32,8.882,741377.01774271
1610755200,8.901,9.484,8.785,9.03,1091595.74018101
1610841600,9.029,9.46,8.45,8.96,614336.90933572
1610928000,8.971,9.1,8.674,8.951,521632.96544473
1611014400,8.96,9.649,8.825,9.146,946983.37968259
1611100800,9.146,9.2,8.24,8.869,523750.20633071
1611187200,8.859,8.909,7.5,7.756,788529.71538017
1611273600,7.756,8.447,7.204,7.514,1487786.033024
1611360000,7.515,7.899,7.355,7.553,1585557.68094794
1611446400,7.574,7.9,7.426,7.65,902860.8879946
1611532800,7.644,7.995,7.378,7.495,999464.37991537
1611619200,7.468,7.595,7.076,7.449,645197.75551009
1611705600,7.446,7.448,6.638,6.896,644714.49060982
1611792000,6.886,8.457,6.782,7.665,1626601.87557737
1611878400,7.685,8.094,7.411,7.599,1342518.68825157
1611964800,7.61,7.848,7.339,7.593,563080.04913316
1612051200,7.591,7.711,7.212,7.386,590865.07319332
1612137600,7.386,7.65,7.255,7.526,530287.34818135
1612224000,7.522,7.925,7.455,7.762,681364.5275687
1612310400,7.762,8.053,7.656,7.973,1181029.58840871
1612396800,7.967,8.13,7.579,7.658,1316468.06288851
1612483200,7.659,8.99,7.631,8.53,2199227.27092314
1612569600,8.527,9.198,8.166,8.795,2173216.62032309
1612656000,8.804,8.9,7.87,8.302,1288447.56308446
1612742400,8.31,8.77,8.131,8.696,979809.30307129
1612828800,8.701,10.178,8.648,9.649,2720650.59185496
1612915200,9.638,11.671,9.597,10.405,4526997.22376625
1613001600,10.406,11.776,10.344,11.745,2353449.44244196
1613088000,11.721,12.39,11.089,11.966,2085304.1745174
1613174400,11.967,19.22,11.75,16.806,7473311.81286906
1613260800,16.806,17.869,15.525,16.118,4478278.35798029
1613347200,16.115,16.63,12.76,14.702,3104999.84981765
1613433600,14.723,15.636,13.729,14.416,1368343.25078417
1613520000,14.438,15.761,13.66,15.3,1460565.9359829
1613606400,15.298,15.778,14.615,14.983,930350.12920802
1613692800,14.993,15.9,14.252,15.397,1129683.0742858
1613779200,15.398,17.6,14.401,15.126,2661749.14151696
1613865600,15.141,16.359,14.881,15.681,910968.34512984
1613952000,15.688,15.737,11.018,13.92,2048092.33906128
1614038400,13.918,13.98,9.247,11.383,3511236.1318098
1614124800,11.391,12.614,10.898,11.904,1571640.80946455
1614211200,11.889,12.219,10.912,11.02,846140.77174813
1614297600,11.03,11.353,10.095,10.751,1123208.30956208
1614384000,10.761,11.529,10.733,11.137,517537.54435046
1614470400,11.116,11.148,9.789,10.455,735794.52692863
1614556800,10.461,11.7,10.283,11.218,727161.95607828
1614643200,11.216,11.641,10.625,10.933,762996.03410349
1614729600,10.921,11.75,10.84,11.267,785109.5056985
1614816000,11.256,11.7,10.703,10.995,872694.24136604
1614902400,10.997,11.174,10.302,10.97,538844.08181156
1614988800,10.976,11.277,10.643,11.123,465474.25325027
1615075200,11.131,11.778,11.13,11.535,549789.64749401
1615161600,11.549,11.957,11.072,11.758,839979.70871874
1615248000,11.768,12.675,11.577,12.443,1174906.21324211
1615334400,12.438,12.79,11.704,11.953,751702.39265332
1615420800,11.967,12.566,11.692,12.253,623635.55521604
1615507200,12.29,12.519,11.461,11.914,651386.65384613
1615593600,11.917,14.386,11.545,13.75,1403573.99017657
1615680000,13.754,14.11,12.772,12.773,850491.21869573
1615766400,12.781,13.098,11.819,12.16,958385.36398572
1615852800,12.176,12.56,11.544,12.45,532149.45151817
1615939200,12.453,12.584,11.819,12.573,529480.84545469
1616025600,12.569,12.656,12.083,12.167,520436.38946765
1616112000,12.173,12.425,11.888,12.255,336280.47299548
1616198400,12.243,12.901,12.214,12.343,458534.46783222
1616284800,12.334,12.458,11.929,11.989,365349.29588856
1616371200,11.995,12.404,11.523,11.684,645821.88089764
1616457600,11.685,12.664,11.642,12.251,728939.66679742
1616544000,12.223,12.6,11.023,11.288,568592.466848
1616630400,11.283,11.467,10.753,11.084,650318.35948026
1616716800,11.081,11.79,11.07,11.789,376078.60815619
1616803200,11.79,12.001,11.44,11.781,310794.67998567
1616889600,11.785,12.047,11.713,11.895,276146.04146977
1616976000,11.895,12.746,11.754,12.684,348790.52163279
1617062400,12.677,13.06,12.337,13.012,490310.57913232
1617148800,13.008,14.368,12.597,14.091,1186623.4955269
1617235200,14.098,14.479,13.535,14.29,796659.39339418
1617321600,14.294,15.625,14.069,15.275,1082800.54581257
1617408000,15.274,15.347,13.549,13.599,654577.24105706
1617494400,13.599,14.593,13.371,14.559,483070.17148686
1617580800,14.578,16.075,14.291,16.024,1055279.6481794
1617667200,16.023,18.649,15.897,17.832,2419761.00972636
1617753600,17.821,20.792,16.946,19.114,3717361.52393664
1617840000,19.113,19.828,17.98,19.604,1068326.50462867
1617926400,19.6,20.05,18.537,18.787,542190.68261407
1618012800,18.79,21.176,18.391,20.457,829444.63547209
1618099200,20.473,21.53,19.802,20.356,652580.12456451
1618185600,20.354,20.568,18.996,19.575,499416.80972228
1618272000,19.577,22.069,19.461,21.279,871198.93312366
1618358400,21.279,22.682,20.109,21.914,1080151.53341169
1618444800,21.897,30.098,21.421,28.84,2600207.1480369
1618531200,28.84,46.305,28.835,38.42,8447416.55492062
1618617600,38.463,49.826,37.66,40.188,5863205.32551948
1618704000,40.275,42.541,31.1,37.65,3918109.80193219
1618790400,37.65,40.956,33.474,34.234,1885013.82775359
1618876800,34.205,35.37,30.502,33.824,1696902.34491038
1618963200,33.808,35.5,31.506,31.916,1254366.60121576
1619049600,31.909,39.5,31.42,33.62,2034595.54849997
1619136000,33.61,34.5,25.011,32.591,2243622.33021855
1619222400,32.635,32.846,29.367,29.723,716108.11752641
1619308800,29.725,31.953,27.675,29.377,684088.56549528
1619395200,29.357,32.991,28.986,32.861,950402.43039563
1619481600,32.838,34.39,31.945,33.805,738824.1379168
1619568000,33.793,36.49,32.394,35.106,1121135.01391693
1619654400,35.11,35.342,33.578,34.501,601914.30910233
1619740800,34.499,36.8,33.778,36.398,565286.08298438
1619827200,36.388,46.846,36.28,44.754,2253227.28618092
1619913600,44.776,46.687,41.812,44.906,2218304.24384059
1620000000,44.906,52.709,44.246,52.402,2616943.28108873
1620086400,52.36,72.699,49.19,69.488,7424207.44545987
1620172800,69.596,149.75,68.075,101.854,14184399.04951975
1620259200,101.824,175,91.131,141.059,11602292.90972555
1620345600,141.059,153,109.022,121.267,8115403.82562079
1620432000,121.267,135,110,127.654,4388931.14324551
1620518400,127.762,129.899,115,117.959,2652724.28938107
1620604800,118.016,129.7,90.5,105.06,3862276.372884
1620691200,105.094,117.994,101.702,111.437,2192621.57898868
1620777600,111.49,114.298,81.265,84.862,2512296.23491894
1620864000,85.059,95.729,76.013,88.726,3054584.95695511
1620950400,88.645,115,86.716,104.683,2703675.62251154
1621036800,104.683,114.1,94.273,95.192,2264834.3136325
1621123200,95.071,103.291,86.711,93.938,1369337.28996692
1621209600,93.996,94.597,80.315,89.408,1825783.7146115
1621296000,89.438,95.5,86.109,88.499,1278343.9633956
1621382400,88.548,90.187,39.624,59.579,4606081.23482583
1621468800,59.501,80.255,54.245,74.019,2818205.32617794
1621555200,74.015,78.358,54.2,64.433,2402730.27875832
1621641600,64.472,64.991,54.151,58.603,1232600.26668766
1621728000,58.646,62.649,40,51.527,2262426.96931921
1621814400,51.682,75.452,48.882,73.614,3018195.45261558
1621900800,73.73,83.182,69.926,78.269,3332713.5187214
1621987200,78.281,83.461,74,79.717,1445562.15696914
1622073600,79.713,79.739,71.261,74.588,894389.68680632
1622160000,74.588,79.099,63.201,68.219,1779057.03109328
1622246400,68.228,71,60.865,64.393,1152815.16764913
1622332800,64.4,68.301,59.851,66.186,637414.22428743
1622419200,66.159,70.636,61.9,70.083,671142.85113055
1622505600,70.112,71.899,65.616,67.672,427618.71029942
1622592000,67.7,70.352,65.744,68.291,322159.1303649
1622678400,68.258,72.659,67.125,69.793,392052.23623031
1622764800,69.789,69.794,61.392,64.76,534605.56819888
1622851200,64.762,67.341,61.664,62.993,313092.68833475
1622937600,63.094,65.576,62.789,64.004,167839.71728198
1623024000,64.078,65.108,57.157,57.936,417460.63474129
1623110400,57.912,59.151,49.462,56.748,873425.06463384
1623196800,56.738,62.989,53.625,62.372,579493.57270353
1623283200,62.384,63.583,56.983,57.852,320820.26182972
1623369600,57.844,60.755,56.105,56.773,273969.48846192
1623456000,56.715,56.985,53.118,55.171,249666.38196177
1623542400,55.182,60.641,53.75,58.982,302817.81311848
1623628800,59.03,60.809,56.196,59.216,330434.49388041
1623715200,59.257,60.14,57.167,58.136,241302.9881624
1623801600,58.092,58.439,54.849,55.373,209990.68543296
1623888000,55.343,57.222,54.268,55.493,161049.5118742
1623974400,55.493,55.493,50.521,52.524,253697.93827059
1624060800,52.479,53.342,50.872,50.902,116135.75942791
1624147200,50.936,51.5,46.963,50.993,249810.33169076
1624233600,50.994,51.407,38.52,39.487,715885.64547384
1624320000,39.477,42.8,32.179,36.625,1116029.96235213
1624406400,36.581,43.042,34.66,40.79,463354.64384758
1624492800,40.756,43.585,38.788,43.171,310325.78991281
1624579200,43.233,45.497,38.953,39.392,353020.08270895
1624665600,39.354,40.958,37.532,40.503,204371.21182613
1624752000,40.503,42.473,39.412,42.327,175540.39514895
1624838400,42.327,44.606,41.063,43.36,211965.53984912
1624924800,43.344,58.888,43.134,56.827,1141952.19428672
1625011200,56.714,62.843,51.668,57.505,1380210.40692354
1625097600,57.568,58.37,52.274,53.039,550920.98703972
1625184000,53.027,55.219,50.701,53.724,321714.88515708
1625270400,53.711,58.639,52.426,56.827,395097.20997591
1625356800,56.85,58.912,55.903,56.368,253229.627174
1625443200,56.351,57,52.862,53.663,250986.60572913
1625529600,53.716,56.818,53.469,54.573,207018.42460014
1625616000,54.614,55.464,52.533,52.781,275882.15992204
1625702400,52.775,52.959,48.543,49.464,300219.22681631
1625788800,49.422,51.312,46.486,50.075,244876.0031878
1625875200,50.064,51.318,48.201,49.171,167698.41041952
1625961600,49.181,50.47,48.277,49.672,77397.81649286
1626048000,49.659,50.71,46.685,47.698,151973.30900044
1626134400,47.666,48.157,45,45.504,143831.8483586
1626220800,45.493,47.793,42.52,45.54,240450.46758136
1626307200,45.54,47.144,42.24,43.157,209500.95279597
1626393600,43.174,43.845,40.613,41.148,167427.73348197
1626480000,41.137,43.363,40.284,41.447,156481.35878596
1626566400,41.402,43.272,40.973,41.874,103473.98550645
1626652800,41.9,43.924,40.576,41.572,309857.74919307
1626739200,41.513,42.052,37.671,39.283,324843.0140972
1626825600,39.262,43.8,38.605,42.903,283803.69026528
1626912000,42.913,44.189,41.935,43.41,175134.3620694
1626998400,43.421,46.756,43.081,45.822,307654.96908217
1627084800,45.827,51.75,44.962,49.505,346121.25798039
1627171200,49.532,49.854,45.896,48.461,264667.29432641
1627257600,48.456,55.878,47.511,48.393,736118.40733032
1627344000,48.36,50.401,46.15,49.474,333384.04228814
1627430400,49.482,51.091,47.749,49.305,220358.72765424
1627516800,49.278,49.992,48.325,49.35,156905.18783279
1627603200,49.343,51.511,47.412,50.984,284740.03209718
1627689600,51.03,52.38,49.642,51.317,250303.85481288
1627776000,51.309,54.2,49.269,50.281,326281.71222076
1627862400,50.269,52.249,49.327,51.29,182375.77611765
1627948800,51.298,52.188,48.462,49.356,191336.49612798
1628035200,49.356,52.224,48.5,51.523,206015.25736629
1628121600,51.55,53.478,48.812,52.423,341980.48988122
1628208000,52.422,53.65,51.225,53.11,291719.6309946
1628294400,53.097,61.301,52.561,60.739,796992.50805408
1628380800,60.735,63.344,55.811,57.142,647138.5651629
1628467200,57.128,60.401,54.877,59.045,400230.46056278
1628553600,59.031,60.332,56.971,58.839,284485.39673909
1628640000,58.86,63.922,58.589,60.793,495348.15814746
1628726400,60.749,65.866,57.572,60.035,774844.1430627
1628812800,60.022,64.451,59.38,64.342,362662.98600255
1628899200,64.386,67.595,61.744,67.248,483463.01909808
1628985600,67.279,77.376,67,75.072,1167767.97903447
1629072000,75.105,75.916,65,69.052,581411.69084634
1629158400,69.016,71.751,61.23,62.913,571427.99222329
1629244800,62.922,66.213,59.698,63.85,617670.5215203
1629331200,63.922,67.031,60.666,67.015,355000.08700179
1629417600,66.99,70.685,66.001,70.2,428751.11669147
1629504000,70.229,70.344,66.87,67.563,251285.9112633
1629590400,67.542,68.63,64.765,67.4,204359.66748068
1629676800,67.401,69.539,66.683,68.219,292196.02135208
1629763200,68.196,68.596,61,62.812,362182.34160856
1629849600,62.723,64.833,60.899,63.72,256882.20628754
1629936000,63.72,64.377,58.698,59.761,323936.68092301
1630022400,59.77,64.23,58.681,64.11,229584.91953792
1630108800,64.173,66.595,62.868,64.225,276909.83697754
1630195200,64.241,65.709,62.831,63.216,184492.31093628
1630281600,63.234,64.9,61.009,61.847,263695.22698737
1630368000,61.823,65,60.591,63.769,422826.14644957
1630454400,63.759,69.012,62.149,68.726,597916.03679066
1630540800,68.732,70.198,66.474,67.586,556018.66375431
1630627200,67.6,72.427,66.037,70.04,580455.83589072
1630713600,70.064,71.319,67.999,68.86,401434.46098203
1630800000,68.865,73.985,68.172,73.565,476101.70628436
1630886400,73.565,77.37,71.207,73.516,626170.54921414
1630972800,73.571,73.923,48.227,59.285,1181058.44960936
1631059200,59.465,61.474,53.331,58.707,772571.1831509
1631145600,58.766,60.404,57.395,58.902,433897.76454966
1631232000,58.914,60.373,54.937,56.307,321155.08559965
1631318400,56.282,58.332,55.552,57.049,210894.76911614
1631404800,57.032,58.931,56.101,58.077,183527.20217616
1631491200,58.05,58.339,53.554,55.767,401501.05496142
1631577600,55.783,57.279,55.129,57.1,217527.3473088
1631664000,57.096,59.336,56.268,59.32,178723.93994132
1631750400,59.316,60.041,56.802,57.945,213628.64538445
1631836800,57.98,59.003,56.076,56.679,196987.23579031
1631923200,56.697,58.367,55.727,57.184,141966.69138408
1632009600,57.184,57.207,54.81,55.337,132945.92098996
1632096000,55.382,55.412,47.227,49.083,373383.9284674
1632182400,49.073,50.437,44.708,45.856,380070.02704387
1632268800,45.854,51.33,44.904,51.292,259761.61229942
1632355200,51.25,51.599,49.49,51.28,198297.65017848
1632441600,51.337,51.88,44.119,47.735,219516.60685933
1632528000,47.76,49.666,46.2,47.398,181338.19436771
1632614400,47.367,48.32,44.04,47.232,161804.23908873
1632700800,47.182,48.412,45.318,45.419,151740.57169814
1632787200,45.4,48.746,44.846,45.077,219628.09550176
1632873600,45.07,46.846,44.669,45.508,142173.95888847
1632960000,45.526,47.292,45.289,47.044,109420.52288331
1633046400,47.028,52.524,46.59,51.927,315766.80089328
1633132800,51.92,55.199,51.195,53.26,315938.67842524
1633219200,53.199,55.078,51.879,53.671,230959.71902492
1633305600,53.647,53.82,50.452,52.533,258526.76537539
1633392000,52.548,54.843,52.234,54.311,279259.21407918
1633478400,54.345,56,51.1,54.744,350846.17030025
1633564800,54.806,55.738,53.051,54.304,302910.52985395
1633651200,54.32,55.098,53.15,53.664,162836.9278959
1633737600,53.683,57.458,53.198,55.61,191992.12678231
1633824000,55.61,56.35,52.692,52.968,177843.25865507
1633910400,52.906,55.303,52.159,53.966,157374.31854856
1633996800,53.908,53.944,50.927,52.677,191921.27920815
1634083200,52.668,53.552,51.321,53.362,135190.61757425
1634169600,53.408,54.941,52.982,54.477,162046.28221478
1634256000,54.453,56.9,52.541,54.28,356989.08527048
1634342400,54.278,55.36,53.606,54.129,175305.13315217
1634428800,54.144,54.671,50.557,53.083,170529.88571569
1634515200,53.077,53.765,51.819,52.425,228767.83900037
1634601600,52.434,53.456,51.762,52.904,144999.47972418
1634688000,52.915,55.765,52.252,55.533,302494.20638602
1634774400,55.551,59.984,55.23,55.28,491387.09014972
1634860800,55.28,57.051,53.512,54.463,300555.04596005
1634947200,54.46,56.053,53.842,55.863,167094.32409256
1635033600,55.887,56.04,53.583,54.896,203218.75549755
1635120000,54.881,56.288,54.596,55.349,231544.89586997
1635206400,55.347,56.118,53.681,54.188,324311.63971583
1635292800,54.2,55.224,43.153,48.611,756062.54862323
1635379200,48.611,52.608,48.219,52.17,567020.10354148
1635465600,52.165,54.12,51.67,53.865,451922.08658406
1635552000,53.87,53.961,51.6,52.903,218874.2762473
1635638400,52.906,58.759,52.192,54.41,810839.70978694
1635724800,54.399,55.183,52.342,53.821,301586.89653291
1635811200,53.84,55.828,53.192,55.232,286546.51270472
1635897600,55.262,57.166,53.259,55.457,427968.78151717
1635984000,55.46,56.201,52.593,53.677,291124.40537514
1636070400,53.681,54.392,52.648,53.139,273793.31781562
1636156800,53.153,53.531,50.747,52.892,161898.025811
1636243200,52.842,54.53,52.52,54.095,157741.47518517
1636329600,54.085,56.796,53.764,56.586,324376.07687526
1636416000,56.586,65.33,55.805,60.863,1637676.71850408
1636502400,60.869,64.399,52.337,56.831,861384.00561575
1636588800,56.746,58.139,55.519,56.728,401437.20038929
1636675200,56.707,57.8,53.745,55.536,455676.13181173
1636761600,55.531,56.627,54.841,56.315,176734.00525237
1636848000,56.315,56.878,54.8,56.136,131653.65062462
1636934400,56.15,56.705,54.208,54.828,162937.5235994
1637020800,54.798,54.8,47.561,50.787,360551.85461675
1637107200,50.874,51.506,49.131,51.222,265617.01873871
1637193600,51.191,51.787,46.872,48.43,270241.72709823
1637280000,48.454,50.899,47.82,50.707,216248.91256502
1637366400,50.707,51.449,49.157,51.101,141782.29252159
1637452800,51.133,51.822,49.898,50.471,114714.78571593
1637539200,50.471,50.547,47.771,48.581,211998.25623129
1637625600,48.574,49.826,47.933,49.553,142090.40392654
1637712000,49.53,49.53,47.209,48.284,205262.54287312
1637798400,48.284,53.482,47.909,50.547,326531.77886708
1637884800,50.573,50.683,45,46.746,295929.82944152
1637971200,46.727,47.734,46.424,46.845,132962.99338417
1638057600,46.799,47.578,44.65,47.513,172149.71538054
1638144000,47.519,48.996,47.077,48.215,122065.67584093
1638230400,48.233,50.094,46.856,48.283,178869.69879211
1638316800,48.324,49.645,47.06,47.855,182994.28135073
1638403200,47.839,47.867,46.358,47.017,145729.79470078
1638489600,46.995,47.796,43.501,44.915,179512.27795629
1638576000,44.878,45.039,28.08,39.449,702407.16678721
1638662400,39.379,40.83,37.26,38.888,319244.3977975
1638748800,38.937,40.048,35.359,39.655,349494.55482017
1638835200,39.642,40.616,38.839,39.627,202874.38061022
1638921600,39.654,41.901,38.847,41.027,375445.24524514
1639008000,41.02,41.413,37.346,37.56,165365.06123012
1639094400,37.56,38.95,36.24,36.42,136506.58240359
1639180800,36.37,38.34,35.64,38,97546.68481966
1639267200,38.07,38.43,36.83,37.9,77206.41515038
1639353600,37.9,38.11,33.57,34.26,181444.51185561
1639440000,34.28,36.52,33.77,35.46,148676.39842336
1639526400,35.39,36.67,33.28,36.15,164398.26817015
1639612800,36.15,36.82,35.05,35.09,80776.78266808
1639699200,35.13,35.5,33.31,34.32,84031.51249377
1639785600,34.33,35.55,33.84,35.03,58938.06806646
1639872000,35.03,36.4,34.77,34.89,58660.00007356
1639958400,34.88,35.47,33.51,34.54,84360.25341247
1640044800,34.58,35.53,34.34,35.33,58501.27748369
1640131200,35.33,36.48,35.15,35.67,103556.32657507
1640217600,35.68,37.71,35.18,37.56,118653.03774658
1640304000,37.58,38.5,37.01,37.42,110163.25682926
1640390400,37.45,38.77,37.17,38.1,67362.70222435
1640476800,38.11,38.35,37,37.92,68705.86122801
1640563200,37.96,38.67,37.56,37.61,76053.3485011
1640649600,37.62,37.63,34.57,34.96,151677.42944172
1640736000,34.95,35.47,33.78,34.14,120629.14052239
1640822400,34.17,35.08,33.55,34.55,145987.01852899
1640908800,34.53,35.67,33.46,34.06,151939.78955832
1640995200,34.04,34.92,34.04,34.9,68280.53189509
1641081600,34.9,35.91,34.32,35.38,53139.42265313
1641168000,35.36,35.38,34.15,34.71,77965.38157793
1641254400,34.77,35.01,33.85,34.11,92384.25296171
1641340800,34.11,34.81,30.5,31.96,108189.97910773
1641427200,31.97,32.17,30.67,31.67,105764.5765244
1641513600,31.65,31.76,29.24,30.45,135557.43773888
1641600000,30.51,31.05,28.47,29.36,109221.05332499
1641686400,29.41,30.29,29.17,29.74,54693.28382041
1641772800,29.72,30.13,27.31,28.48,155470.8545488
1641859200,28.48,30.06,28.38,29.69,71219.83872216
1641945600,29.66,31.22,29.55,31.15,90661.72389899
1642032000,31.14,31.95,30.11,30.28,73996.97472314
1642118400,30.25,33.48,30.06,32,200166.3036585
1642204800,32.02,33.39,31.83,32.86,74722.60973238
1642291200,32.88,32.88,31.98,32.29,35610.60502188
1642377600,32.29,32.4,30.49,31,57462.55062836
1642464000,30.99,34.27,30.69,32.64,336798.01371407
1642550400,32.65,34.74,31.27,31.29,276010.50600639
1642636800,31.29,32.04,29.1,29.37,141823.54098218
1642723200,29.35,29.77,25.24,25.95,357106.5621335
1642809600,25.93,26.48,21.19,24.23,475326.49437346
1642896000,24.22,25.27,23.56,25.12,275231.94453793
1642982400,25.11,25.12,21.71,24.17,364040.97859351
1643068800,24.16,24.33,23.27,24.07,181788.69566553
1643155200,24.06,26.34,23.64,24.34,275224.90903393
1643241600,24.35,24.8,23.34,24.33,135756.8743261
1643328000,24.34,25.28,23.9,25.22,99127.07404817
1643414400,25.22,25.73,24.83,25.34,90591.79364562
1643500800,25.35,25.88,24.58,24.92,77429.55777468
1643587200,24.91,25.74,24.04,25.68,105084.0385636
1643673600,25.68,26.95,25.42,26.8,144126.10145948
1643760000,26.84,28.52,26.19,26.27,253334.71765448
1643846400,26.26,28.16,25.68,27.88,132713.86245602
1643932800,27.93,29.84,27.43,29.7,164006.02545886
1644019200,29.73,29.99,28.7,29.42,108219.78308551
1644105600,29.44,30.19,28.86,29.89,105792.87328329
1644192000,29.88,33.25,29.32,32.66,256604.90195542
1644278400,32.69,33.29,30.39,32.06,155177.86654278
1644364800,32.1,34.93,31.21,33.89,292722.58046284
1644451200,33.88,37.68,33.56,34.39,491687.51354078
1644537600,34.37,37.54,31.88,32.74,423275.4132284
1644624000,32.7,33.51,31.1,31.67,186749.1196933
1644710400,31.68,34.09,31.53,32.5,212032.47072676
1644796800,32.51,33.3,30.36,31.42,169257.30063498
1644883200,31.45,33.69,31.14,33.47,172070.13871806
1644969600,33.41,33.47,31.48,32.25,136021.01803056
1645056000,32.3,32.65,28.81,29.43,184787.06538776
1645142400,29.45,30.42,28.23,28.96,178690.12407983
1645228800,28.93,29.23,27.63,28.7,127501.64423204
1645315200,28.71,28.74,26.8,27.23,193057.45883801
1645401600,27.29,28.43,24.82,25,251074.24931487
1645488000,25.01,26.9,24.47,26.68,159821.75556259
1645574400,26.68,28.19,26.23,26.53,140847.70080223
1645660800,26.53,27.3,23.31,26.55,431060.42825843
1645747200,26.58,28.49,25.89,28.01,166478.32241353
1645833600,28.01,29.76,27.89,28.89,210716.21262114
1645920000,28.9,29.26,26.91,27.38,144685.21588246
1646006400,27.35,30.79,26.87,30.53,157768.15275825
1646092800,30.52,31.47,29.44,30.36,270161.53756469
1646179200,30.34,30.59,29.1,29.52,147542.14646307
1646265600,29.53,31.59,28.98,30.19,253129.37480379
1646352000,30.19,30.94,26.98,27.64,171548.69368548
1646438400,27.63,28.11,26.64,27.83,90056.75756223
1646524800,27.83,28.08,26.5,26.56,48541.32832817
1646611200,26.62,27.47,25.25,26.15,119389.9984373
1646697600,26.16,26.95,25.94,26.73,124734.58516329
1646784000,26.71,28.75,26.5,28.07,112748.50450923
1646870400,28.09,28.68,26.13,26.63,131313.71538126
1646956800,26.72,27,25.97,26.47,87023.11428076
1647043200,26.46,27.01,26.25,26.29,50327.43793721
1647129600,26.27,26.68,25.14,25.38,44971.99538068
1647216000,25.37,26.18,25.03,25.92,85193.28027594
1647302400,25.93,26.28,25.13,25.91,59986.1466357
1647388800,25.89,27.58,25.7,27.39,142623.10678717
1647475200,27.39,27.53,26.74,27.15,65613.59554707
1647561600,27.18,28.34,26.52,28.05,125658.13973223
1647648000,28.05,34.37,28.05,33.99,626578.98443138
1647734400,33.99,40.99,32.87,38.21,1427560.69799101
1647820800,38.23,39.89,36.1,38.41,1020508.72492737
1647907200,38.41,54.3,38.18,51.65,1536323.65731863
1647993600,51.65,54,43.25,45.15,1397562.03738257
1648080000,45.16,52.96,42.65,48.64,1256378.28742483
1648166400,48.64,50.5,45.17,48.17,947987.11960186
1648252800,48.21,48.77,46.69,47.21,299365.49812546
1648339200,47.19,48.58,44.75,48.03,349428.15518615
1648425600,48.03,51.4,46.35,47.08,597082.88523224
1648512000,47.14,52.54,46.99,49.3,628969.49821912
1648598400,49.3,51.6,48.33,49.64,473181.717584
1648684800,49.61,50.98,45.89,47.48,435730.04633411
1648771200,47.45,48.15,42.9,47.2,476067.13867266
1648857600,47.18,48.36,45.15,45.52,229037.9389646
1648944000,45.5,47.93,44.5,46.7,268817.47469281
1649030400,46.71,48.63,44.55,46.74,325899.74698736
1649116800,46.77,46.96,44.22,44.4,217149.39673378
1649203200,44.43,44.61,38.18,38.47,505824.56498066
1649289600,38.45,44.66,38.11,43.47,549827.3382307
1649376000,43.41,44.04,39.86,40.64,356170.81839934
1649462400,40.62,43,40.53,41.97,271709.71131959
1649548800,41.93,42.6,40.2,40.32,152939.97444741
1649635200,40.32,40.58,35.75,37.01,356301.44223827
1649721600,37.09,39.07,36.47,38.13,211701.66606202
1649808000,38.14,38.83,36.75,38.6,129108.46967791
1649894400,38.59,39.13,36.43,37.06,205123.00506848
1649980800,37.03,37.6,36.64,37.37,60650.16970142
1650067200,37.37,38.74,37.03,38.19,104437.72818082
1650153600,38.18,38.45,36.48,36.58,70500.17411548
1650240000,36.6,37.07,34.54,36.88,130365.98613741
1650326400,36.9,37.97,36.2,37.82,95537.44510541
1650412800,37.79,38.13,35.95,36.54,142912.4217771
1650499200,36.53,37.8,34.28,34.95,137666.21241825
1650585600,34.95,35.88,34.54,35.53,79013.79672128
1650672000,35.53,35.71,34.41,34.55,42967.44354502
1650758400,34.54,34.89,33.43,33.67,75881.49858377
1650844800,33.64,34.13,31.44,33.65,148643.49368118
1650931200,33.65,33.89,29.92,30.7,117997.25466713
1651017600,30.7,31.7,30.26,31.27,88350.86239872
1651104000,31.22,31.85,30.41,31.13,83565.03060334
1651190400,31.14,31.42,28.64,29.23,361069.63887764
1651276800,29.25,29.61,24.52,25.89,163817.40784825
1651363200,25.89,28.06,25.82,27.63,162298.58109581
1651449600,27.65,28.34,26.57,27.38,214516.53450909
1651536000,27.39,28,26.5,26.85,61909.07893197
1651622400,26.85,30.77,26.83,30.61,235508.6940464
1651708800,30.63,33.09,27.44,28.32,382428.30066741
1651795200,28.32,28.63,27,27.95,149074.9647412
1651881600,27.96,28,26.22,26.92,88297.6537548
1651968000,26.93,27.21,26.11,26.51,116392.39631865
1652054400,26.51,27.19,22.54,22.75,331049.84552067
1652140800,22.74,25.56,22.02,23.89,398873.28531502
1652227200,23.87,24.43,18.54,19.91,698825.9822442
1652313600,19.92,20.79,15.5,18.9,410159.01159561
1652400000,18.83,21.9,18.65,20.46,263979.51089712
1652486400,20.53,21.35,19.53,21.05,103559.40295799
1652572800,21.05,22.13,20.39,22.11,142893.0221205
1652659200,22.1,22.83,20.32,20.87,129132.30375881
1652745600,20.88,21.87,20.63,21.74,120674.91181499
1652832000,21.73,21.93,19.8,19.81,178877.83410576
1652918400,19.81,21.01,19.5,20.89,96141.66673827
1653004800,20.86,21.17,19.73,20.15,155788.83289068
1653091200,20.16,20.52,19.88,20.31,67108.51147405
1653177600,20.35,21.22,20.13,21.03,75007.80212839
1653264000,21.02,24.17,20.62,21.79,240805.10874771
1653350400,21.84,24.43,21,24.17,270408.47435402
1653436800,24.18,25.63,23.47,23.81,356093.60677671
1653523200,23.82,24.03,20.82,21.86,149329.92089774
1653609600,21.95,23.41,21.44,22.5,186347.21655018
1653696000,22.51,23.05,22.31,22.74,52322.53005572
1653782400,22.74,23.79,22.19,23.7,48709.99852705
1653868800,23.66,24.97,23.42,24.78,157209.44249621
1653955200,24.79,25.13,22.97,23.73,169780.90259291
1654041600,23.75,24.21,21.46,21.99,121694.34791761
1654128000,21.98,22.53,21.59,22.41,59529.23659696
1654214400,22.41,22.61,21.31,21.81,49804.07917287
1654300800,21.85,22.03,21.53,21.96,41135.78922126
1654387200,21.95,22.16,21.66,21.8,27545.47499348
1654473600,21.8,23.4,21.75,22.51,66597.71543035
1654560000,22.49,22.49,20.81,21.56,157294.43986724
1654646400,21.52,21.78,21.01,21.28,51082.74327088
1654732800,21.29,21.64,20.92,21.14,37388.80492745
1654819200,21.12,21.38,19.74,19.99,105707.70445853
1654905600,19.98,20.36,17.89,18.23,138130.51962244
1654992000,18.21,18.4,16.57,16.57,127444.21600593
1655078400,16.55,16.93,13.94,14.44,338619.18174881
1655164800,14.46,15.12,13.1,14.56,186920.35854139
1655251200,14.54,16.11,12.9,15.86,227769.06232703
1655337600,15.9,16.07,13.59,13.84,125354.79025996
1655424000,13.76,14.61,13.73,14.37,138190.56950718
1655510400,14.31,14.61,12.44,13.65,211892.81822894
1655596800,13.67,15.57,13.25,15.35,126127.1896926
1655683200,15.34,16.55,14.53,16.24,212981.02184781
1655769600,16.24,16.97,15.81,16.14,130618.22332149
1655856000,16.13,16.14,15.05,15.18,108596.89777425
1655942400,15.18,16.05,15.11,15.91,91052.66503193
1656028800,15.91,16.81,15.86,16.43,143964.15877642
1656115200,16.44,16.69,15.77,16.53,66824.21063245
1656201600,16.56,17.97,16.04,16.66,230487.00993319
1656288000,16.67,17.52,16.13,16.55,216626.92736167
1656374400,16.55,16.8,15.29,15.38,133780.12214658
1656460800,15.39,15.68,14.9,15.22,80839.82798407
1656547200,15.19,15.26,14.13,15,85867.60886614
1656633600,15,15.37,14.28,14.61,73098.65014119
1656720000,14.64,14.93,14.28,14.74,31122.64003969
1656806400,14.73,14.99,14.32,14.79,25923.91094736
1656892800,14.8,15.44,14.39,15.41,49154.25017035
1656979200,15.43,15.49,14.41,14.91,59970.11294399
1657065600,14.9,15.34,14.71,15.21,35429.67503531
1657152000,15.21,16,15.07,15.89,63102.95441104
1657238400,15.9,16.35,15.4,15.56,59913.81780682
1657324800,15.59,16,15.58,15.85,44723.08224358
1657411200,15.84,15.84,14.97,15.05,64022.95887329
1657497600,15.07,15.1,14.12,14.2,86170.64212261
1657584000,14.16,14.36,13.78,13.83,53569.57152108
1657670400,13.84,14.42,13.34,14.4,98031.70474569
1657756800,14.41,14.8,13.92,14.72,47576.49816336
1657843200,14.73,15.35,14.55,15.06,63357.71183257
1657929600,15.09,17.5,14.63,17.29,241928.91534506
1658016000,17.32,20.68,16.84,19.22,750876.49277357
1658102400,19.24,25.89,19.2,25.3,750490.19991743
1658188800,25.3,28,24.25,25.38,838952.96751977
1658275200,25.38,25.91,23.09,23.36,559771.3303238
1658361600,23.41,26.5,22.16,26.34,320713.31579389
1658448000,26.35,27.01,24.1,24.9,500130.04235579
1658534400,24.9,28.2,24.58,25.65,685825.39283723
1658620800,25.67,26.83,25.3,25.58,403967.55492672
1658707200,25.61,25.8,23.14,23.25,283044.22489566
1658793600,23.26,25.25,22.82,25.16,283663.33362227
1658880000,25.18,33.41,24.93,32.94,832121.54433848
1658966400,32.95,42.47,31.88,40.83,1425345.81783456
1659052800,40.83,45.38,37.68,40.53,1553832.07708322
1659139200,40.57,42,38.28,39.48,544924.61276025
1659225600,39.49,41.49,36.12,36.49,567729.903221
1659312000,36.48,37.8,33.7,35.02,638005.66631713
1659398400,35.04,38.92,32.2,36.59,837703.18106145
1659484800,36.58,38.62,35.23,36.04,539987.96692228
1659571200,36,37.11,34.18,34.8,451112.60387428
1659657600,34.79,38.6,34.67,38.27,436214.76564567
1659744000,38.27,39.5,37.22,37.8,340167.73894629
1659830400,37.78,38.56,36.7,37.73,222820.43267373
1659916800,37.73,39.73,36.85,38.06,368317.16437027
1660003200,38.06,38.29,35.53,36.4,230393.02396924
1660089600,36.4,39.49,36.13,38.83,444717.73251094
1660176000,38.83,44.54,38.25,42.06,739885.66001298
1660262400,42.06,43.83,41.13,43.41,439549.65088191
1660348800,43.42,45.75,42.9,43.58,374633.34191519
1660435200,43.59,44.3,40.59,41.58,303285.94136408
1660521600,41.58,43.57,40.1,41.97,307294.0239692
1660608000,41.92,42.31,39.39,39.91,221423.76914076
1660694400,39.89,42.56,38.78,40.29,467740.06466933
1660780800,40.28,41.84,39.02,39.6,286240.18933704
1660867200,39.59,39.67,32.52,32.98,800513.10194461
1660953600,32.98,34.68,31.32,32.82,373125.16038285
1661040000,32.81,34.25,32.16,33.76,235534.61098517
1661126400,33.75,34.12,31.26,34.05,268210.17111708
1661212800,34.07,34.72,32.25,34.38,203962.36602446
1661299200,34.38,37.13,32.94,35.45,275537.52619179
1661385600,35.47,38.15,35.38,37.14,407481.55710481
1661472000,37.1,38.34,33.46,33.88,488353.90110757
1661558400,33.87,34.42,31.96,33.01,253681.94911303
1661644800,32.96,33.4,30.53,30.93,172439.65261735
1661731200,30.93,33.76,30.35,33.55,234652.03106598
1661817600,33.54,34.36,31.34,32.36,240434.56647598
1661904000,32.37,33.78,31.91,32.41,159355.58306292
1661990400,32.41,32.98,31.06,32.92,172169.89666228
1662076800,32.95,33.91,31.88,32.44,168579.34137324
1662163200,32.43,32.71,31.94,32.23,57581.18775377
1662249600,32.24,32.5,31.56,32.46,67831.2603066
1662336000,32.45,40.19,31.59,39.67,529619.49988457
1662422400,39.68,42.33,34.08,34.44,1026439.0356122
1662508800,34.43,38.2,33.12,37.27,765610.33406957
1662595200,37.26,37.78,35.47,37.1,455925.95582514
1662681600,37.17,40.19,36.61,39.17,439087.09032204
1662768000,39.22,40.68,38.02,39.31,305437.14501333
1662854400,39.3,39.43,37.73,38.56,197289.37321046
1662940800,38.56,40.54,37.25,38.45,409279.97474878
1663027200,38.48,39,34.68,35.29,421326.52393397
1663113600,35.29,39.87,35.1,39.37,457797.21056045
1663200000,39.31,39.8,35.2,35.67,720992.0635565
1663286400,35.67,35.79,32.8,34.06,536620.77950257
1663372800,34.06,34.92,33.54,34.42,157716.6203674
1663459200,34.43,34.44,29.13,29.61,325088.66766653
1663545600,29.6,31.11,27.55,30.44,491256.56447612
1663632000,30.4,30.58,28.66,29.1,250478.77687238
1663718400,29.13,30.7,26.96,27.69,501255.91626848
1663804800,27.69,28.92,27.66,28.63,309126.90604654
1663891200,28.63,29.47,27.24,28.88,320277.72861057
1663977600,28.89,29.63,28.33,28.64,165951.92572505
1664064000,28.66,29.46,27.97,28.35,163129.02548896
1664150400,28.36,28.57,27.49,28.46,207272.4112176
1664236800,28.46,30.23,27.62,28.08,319842.83914911
1664323200,28.08,28.28,26.64,27.58,155597.5020965
1664409600,27.58,28.25,27.07,27.83,88852.22526789
1664496000,27.83,28.3,27.29,27.75,122061.13138343
1664582400,27.73,27.88,27.29,27.51,30596.80432365
1664668800,27.54,27.75,26.74,26.95,65092.03604677
1664755200,26.95,27.65,26.54,27.42,73632.00679907
1664841600,27.42,28.08,27.29,27.87,103848.96057438
1664928000,27.88,27.99,27.13,27.62,92850.30379281
1665014400,27.63,28.95,27.61,27.83,173986.08535022
1665100800,27.83,27.86,27.11,27.49,80451.67027729
1665187200,27.49,27.62,26.68,26.97,54875.75684587
1665273600,26.94,27.17,26.77,26.94,52452.27815225
1665360000,26.94,27.16,23.1,24.25,180350.36482071
1665446400,24.25,24.31,23.5,23.74,147730.70291547
1665532800,23.73,24.5,23.51,23.79,86556.0859013
1665619200,23.77,23.91,20.68,23.01,390169.23073673
1665705600,23.01,24.62,22.86,23.13,194425.89274604
1665792000,23.15,23.27,22.56,22.78,91157.18370339
1665878400,22.76,23.39,22.76,23.12,68326.67209683
1665964800,23.13,24.04,22.9,23.93,116639.93494158
1666051200,23.94,24.27,22.87,23.42,137264.69935089
1666137600,23.43,23.47,22.13,22.32,78452.91658318
1666224000,22.31,22.87,21.35,21.66,97283.98628803
1666310400,21.63,22.13,20.83,22.07,83774.90018286
1666396800,22.06,23.56,21.7,23.27,94876.72673668
1666483200,23.27,23.7,22.66,23.47,78700.20214971
1666569600,23.47,23.59,22.3,22.65,60494.30888588
1666656000,22.66,25.84,22.33,24.67,259607.86636798
1666742400,24.68,26.23,24.45,25.5,160030.59987681
1666828800,25.48,25.85,24.67,24.73,179129.14277479
1666915200,24.73,25.73,24.15,25.5,122096.34349536
1667001600,25.5,26.86,25.31,25.89,161773.27206163
1667088000,25.89,25.93,24.24,24.5,108796.38444044
1667174400,24.52,24.99,23.8,24.27,102929.33575707
1667260800,24.27,24.76,23.85,24.01,69707.73507627
1667347200,24.03,24.62,22.32,22.95,194875.13764517
1667433600,22.97,24.9,22.88,24.01,98580.43650006
1667520000,24.06,26.04,23.92,25.79,211825.35735642
1667606400,25.79,27,25.6,26.52,172440.37938994
1667692800,26.49,27.21,24.72,24.84,117859.92795386
1667779200,24.8,25.71,24.41,25.05,121684.01541491
1667865600,25.01,25.28,19.89,21.92,376255.80020295
1667952000,21.88,22.17,17.73,18.34,341410.06777493
1668038400,18.35,22.92,18.09,21.94,331397.91451569
1668124800,21.91,22.2,20.37,21.49,292027.49172185
1668211200,21.51,21.51,20.16,20.45,70653.83974331
1668297600,20.44,20.91,19.47,19.89,125422.97001272
1668384000,19.83,20.72,18.78,20.46,157467.80566709
1668470400,20.44,20.9,20.12,20.55,58917.199597
1668556800,20.57,20.64,19.5,19.9,69667.94103389
1668643200,19.9,20.03,19.17,19.65,46890.67186356
1668729600,19.62,20.03,19.26,19.55,40939.21123222
1668816000,19.54,19.7,18.94,19.49,35894.67865535
1668902400,19.48,19.7,18.03,18.17,64486.79004832
1668988800,18.16,18.4,17.14,18,128113.75710097
1669075200,18,18.63,17.4,18.46,87533.70153311
1669161600,18.49,20.4,18.22,20.32,183489.38767975
1669248000,20.34,20.82,19.9,20.2,94474.04650857
1669334400,20.18,20.6,19.63,20.09,50221.5226531
1669420800,20.06,20.95,19.73,19.89,79628.86901852
1669507200,19.89,20.37,19.72,19.8,32954.49039115
1669593600,19.79,19.89,18.4,19.29,82412.84829351
1669680000,19.29,19.81,19.09,19.49,66371.54900177
1669766400,19.5,20.47,19.44,20.27,114244.78922669
1669852800,20.27,20.3,19.64,19.75,101149.48257764
1669939200,19.74,19.9,19.3,19.8,68366.38873293
1670025600,19.8,19.91,19.11,19.23,36388.11664658
1670112000,19.25,19.58,19.24,19.47,50654.1107921
1670198400,19.49,20.24,19.15,19.45,67508.24046772
1670284800,19.44,19.56,19.23,19.55,40245.36780808
1670371200,19.57,19.64,18.53,18.71,67287.47194919
1670457600,18.71,19.25,18.54,19.19,36639.08078131
1670544000,19.18,19.48,18.97,19.19,32614.52413312
1670630400,19.17,19.35,19.01,19.14,15110.20185505
1670716800,19.13,19.42,18.75,18.9,36439.61001877
1670803200,18.88,18.93,17.96,18.57,66540.48344844
1670889600,18.57,19.76,17.91,19.24,126280.3547507
1670976000,19.25,19.46,18.72,18.76,179672.24583844
1671062400,18.79,18.87,17.97,18.17,58279.8587135
1671148800,18.17,18.35,15.59,15.95,180646.77096272
1671235200,15.95,16.3,15.76,16.23,87129.21329417
1671321600,16.23,16.25,15.78,15.97,32605.08933968
1671408000,15.98,16.18,14.74,15.22,130963.26955671
1671494400,15.22,16.11,15.12,15.95,56292.9800183
1671580800,15.95,16.77,15.53,16.61,79972.72193981
1671667200,16.61,16.75,15.85,16.49,81415.40068248
1671753600,16.47,16.54,16.25,16.4,41573.78970934
1671840000,16.4,16.5,16.34,16.45,18892.20784964
1671926400,16.47,16.49,15.86,16.19,35486.4087893
1672012800,16.19,16.3,16.02,16.24,23760.52989432
1672099200,16.24,16.32,15.57,15.85,48475.70635695
1672185600,15.87,15.87,14.94,15.12,90209.95535053
1672272000,15.12,16.09,14.86,15.69,105128.40781921
1672358400,15.7,15.88,15.29,15.54,68232.76941531
1672444800,15.55,15.94,15.49,15.7,60339.91127419
1672531200,15.71,15.83,15.58,15.78,24896.78784053
1672617600,15.78,16.24,15.47,16.09,61131.20752358
1672704000,16.09,16.19,15.64,15.89,57106.69205132
1672790400,15.87,19.96,15.83,19.19,502205.08662631
1672876800,19.18,19.53,18.05,18.23,248626.49617889
1672963200,18.24,20.77,17.79,20.41,265334.1162714
1673049600,20.42,20.56,19.72,20.03,193728.69799741
1673136000,20.02,20.56,19.57,20.38,198567.73855475
1673222400,20.38,21.81,19.92,20.09,364250.58467588
1673308800,20.09,20.44,19.63,20.22,220335.00390587
1673395200,20.24,20.61,19.44,20.52,127648.79991795
1673481600,20.53,21.32,19.68,20.88,251714.48628811
1673568000,20.88,22.03,20.58,21.62,181461.31293383
1673654400,21.61,23.91,21.2,22.52,300770.71405937
1673740800,22.49,22.91,21.47,22.41,158766.42832626
1673827200,22.41,22.88,21.21,21.87,130766.93056353
1673913600,21.82,22.57,21.64,21.83,101236.97398512
1674000000,21.82,22.52,20.1,20.39,180897.29493383
1674086400,20.4,20.8,20.3,20.75,55698.92776099
1674172800,20.73,22.67,20.54,22.47,89512.89954582
1674259200,22.47,22.92,21.65,21.81,151015.32436325
1674345600,21.75,23.61,21.64,22.58,141200.22518757
1674432000,22.59,23.86,22.15,22.77,156283.35879513
1674518400,22.77,22.99,20.84,21.2,97497.17521639
1674604800,21.18,22.41,20.6,21.86,99136.83559198
1674691200,21.88,22.38,21.47,22,90194.04195222
1674777600,21.98,22.27,21.23,22.02,69936.30710727
1674864000,22.03,22.23,21.52,21.72,45004.59559604
1674950400,21.75,22.83,21.57,22.73,123278.45844593
1675036800,22.72,23.58,20.84,21.37,161284.02236291
1675123200,21.38,21.97,21.21,21.7,69966.37862118
1675209600,21.68,22.51,20.99,22.41,109222.47182713
1675296000,22.44,24.15,21.96,22.42,267330.30381624
1675382400,22.44,23.87,22.28,23.17,156332.32581301
1675468800,23.18,24.92,23.06,23.85,174593.48130553
1675555200,23.83,24.06,22.45,22.86,124869.89318097
1675641600,22.86,23.08,21.95,22.11,84251.50378049
1675728000,22.11,23.29,22.06,23.2,113379.32109852
1675814400,23.25,23.35,22.14,22.67,64388.21522671
1675900800,22.68,22.9,20.35,20.91,197021.19315337
1675987200,20.89,21.39,20.77,20.99,70215.31660039
1676073600,20.98,21.53,20.97,21.52,23719.62818624
1676160000,21.52,21.65,20.75,21.04,32042.68523943
1676246400,21.05,21.2,20.06,20.7,67331.6015329
1676332800,20.66,21.3,20.33,21.3,60220.83714926
1676419200,21.29,22.49,20.91,22.48,77753.70051636
1676505600,22.49,22.85,21.31,21.36,100528.41993442
1676592000,21.34,22.61,21.24,22.42,70987.29961352
1676678400,22.44,23.19,22.12,22.65,72118.0616455
1676764800,22.65,23.32,22.24,22.51,136077.47722289
1676851200,22.52,23.7,21.79,23.16,202077.13563692
1676937600,23.19,24.23,22.35,22.8,391243.64566272
1677024000,22.8,22.9,21.73,22.47,140004.20568359
1677110400,22.49,22.7,21.84,22.12,125872.37622605
1677196800,22.13,22.27,20.73,21.08,125235.56971233
1677283200,21.08,21.24,20.31,20.98,116528.61885711
1677369600,20.98,21.57,20.82,21.44,39909.53857824
1677456000,21.45,21.59,20.81,21.32,63661.03851362
1677542400,21.32,21.47,20.55,20.74,77527.66780091
1677628800,20.74,21.46,20.66,21.29,75271.53188972
1677715200,21.28,21.37,20.55,21.07,39759.79905283
1677801600,21.07,21.09,18.89,20.37,141963.58470879
1677888000,20.36,20.44,19.83,19.94,42562.45194181
1677974400,19.95,20.43,19.61,19.75,41303.21748233
1678060800,19.77,19.82,19.11,19.66,65715.0089281
1678147200,19.66,19.83,18.8,19.25,97970.51901258
1678233600,19.26,19.28,17.95,18.23,89198.17084088
1678320000,18.24,18.6,16.57,17.07,117876.60592318
1678406400,17.06,17.59,16.14,17.5,142240.37386555
1678492800,17.5,18.07,16.56,17.25,268022.16418901
1678579200,17.27,18.91,17.01,18.88,103159.87771332
1678665600,18.87,20.38,18.72,19.67,698771.66773385
1678752000,19.64,21.07,19.15,20.28,268779.5890335
1678838400,20.29,20.7,18.06,18.45,176296.9167268
1678924800,18.45,18.96,18.18,18.75,85894.9139959
1679011200,18.75,20.38,18.54,20.33,107201.36946434
1679097600,20.33,22.74,20.2,20.81,423549.18262512
1679184000,20.82,21.78,20.75,21.12,158149.27400774
1679270400,21.14,21.35,19.44,19.64,227833.36547637
1679356800,19.64,21.21,19.26,20.97,116680.4164906
1679443200,20.93,21.1,19.36,20.06,147205.36921872
1679529600,20.08,21.38,20.01,20.82,113758.7698252
1679616000,20.81,20.91,19.73,20.24,125148.42909558
1679702400,20.26,20.65,19.55,20.03,54212.26995263
1679788800,20.03,20.5,19.95,20.35,47682.54456584
1679875200,20.37,20.38,19,19.69,79147.24304572
1679961600,19.71,20.27,19.55,20.19,65481.655351
1680048000,20.2,21.05,20.06,20.65,72948.43319266
1680134400,20.69,20.95,19.97,20.3,75306.16380662
1680220800,20.32,20.87,19.99,20.75,41927.30376046
1680307200,20.75,21.63,20.47,21.25,75181.13144633
1680393600,21.25,21.28,20.13,20.44,51939.54917322
1680480000,20.43,20.93,19.87,20.69,77712.72066533
1680566400,20.7,21.51,20.38,21.14,74491.10442363
1680652800,21.13,21.59,20.63,21.14,101501.80220204
1680739200,21.14,21.14,20.47,20.71,34091.19686265
1680825600,20.71,20.8,20.17,20.49,42579.60918901
1680912000,20.48,20.62,20.24,20.37,22932.44243741
1680998400,20.34,20.71,20.18,20.57,28422.29612423
1681084800,20.57,21.06,20.28,21,48082.91728496
1681171200,21.02,22.22,20.85,21.49,142748.77000163
1681257600,21.53,22.61,20.65,22.17,241570.49725603
1681344000,22.17,22.77,21.69,22.44,124783.7107532
1681430400,22.4,23.15,21.82,22.41,184665.09005123
1681516800,22.42,22.53,21.93,22.1,44826.19744121
1681603200,22.11,22.48,21.85,22.27,101769.41868768
1681689600,22.28,22.29,21.47,21.74,89258.98578187
1681776000,21.74,22.23,21.34,21.85,63294.61259438
1681862400,21.88,21.88,20,20.37,145387.4210147
1681948800,20.31,20.7,19.73,20.08,97827.84424114
1682035200,20.09,20.22,19.06,19.35,88744.32347031
1682121600,19.34,20.48,19.32,20.21,77782.4339802
1682208000,20.19,20.28,19.34,19.73,45242.87550828
1682294400,19.73,20.05,19.09,19.45,42121.20602744
1682380800,19.45,20.03,19.09,19.81,55547.77980835
1682467200,19.74,20.37,18.5,19.36,124127.48089395
1682553600,19.33,20.05,19.31,19.81,49478.5173993
1682640000,19.82,19.88,19.39,19.77,42849.91675431
1682726400,19.76,20.01,19.65,19.82,25496.58804124
1682812800,19.82,20.02,19.31,19.4,30670.39738263
1682899200,19.42,19.55,18.84,19.22,109635.90135383
1682985600,19.21,19.36,18.9,19.24,97856.26485267
1683072000,19.24,19.79,18.83,19.56,63940.90458125
1683158400,19.56,19.57,19.14,19.3,28286.76256697
1683244800,19.32,19.73,19.06,19.61,47295.50779877
1683331200,19.62,19.76,18.75,19.01,61655.6262047
1683417600,18.99,19.14,18.7,18.78,38262.39365155
1683504000,18.74,18.84,17.45,18.3,98769.48403628
1683590400,18.29,19.25,18.1,18.77,62662.16857421
1683676800,18.75,19.35,17.83,18.84,104846.35591712
1683763200,18.84,18.97,17.75,18.1,60485.86847405
1683849600,18.13,18.28,17.59,18.23,48731.18527476
1683936000,18.19,18.28,17.99,18.11,15464.45601752
1684022400,18.1,18.39,17.98,18.12,20098.50230996
1684108800,18.12,18.49,17.88,18.3,90710.66001968
1684195200,18.28,18.36,18.05,18.27,62525.55793588
1684281600,18.28,18.68,18.18,18.53,28079.26451822
1684368000,18.56,18.72,17.88,18.33,34697.05446801
1684454400,18.33,18.49,18.24,18.29,29288.27202397
1684540800,18.29,18.42,18.15,18.31,11955.05160981
1684627200,18.32,18.39,17.85,17.94,22099.85771387
1684713600,17.93,18.48,17.75,18.22,36463.58977963
1684800000,18.24,18.54,18.16,18.37,45367.64767273
1684886400,18.36,18.38,17.57,17.77,48991.52090497
1684972800,17.82,17.85,17.35,17.71,48250.69463199
1685059200,17.7,18.28,17.64,18.02,44565.29234823
1685145600,18.03,18.22,17.86,18.17,21557.9242687
1685232000,18.17,18.65,18.14,18.54,30448.59693127
1685318400,18.55,18.62,18.23,18.36,18623.92401113
1685404800,18.37,18.48,18.17,18.26,26087.26734609
1685491200,18.25,18.32,17.81,18,59382.14049464
1685577600,18,18.06,17.64,17.83,72268.38907136
1685664000,17.82,18.19,17.67,18.15,24088.22473986
1685750400,18.14,18.32,18.03,18.14,15485.86161787
1685836800,18.13,18.4,18.09,18.23,10300.79940266
1685923200,18.19,18.24,16.59,17.02,139169.37838636
1686009600,17.02,17.68,16.89,17.57,39526.32640039
1686096000,17.58,17.63,16.76,16.92,46482.36518021
1686182400,16.92,17.09,16.79,16.99,30661.03200047
1686268800,16.99,17.17,16.78,16.95,29307.69609867
1686355200,16.95,16.97,12.65,15.1,370006.95408047
1686441600,15.11,15.41,14.86,15.11,65040.60842272
1686528000,15.1,15.29,14.72,15.15,72520.97662145
1686614400,15.15,15.54,15.02,15.25,39655.34447457
1686700800,15.25,15.35,14.4,14.76,70200.71067956
1686787200,14.76,15.17,14.62,15.05,54346.98638809
1686873600,15.06,15.28,14.72,15.23,26308.75535691
1686960000,15.21,15.55,15.11,15.34,19346.61985021
1687046400,15.31,15.55,15,15.23,21573.19767279
1687132800,15.23,15.44,15.06,15.38,14204.39043242
1687219200,15.39,15.82,14.99,15.79,38021.71262718
1687305600,15.79,16.98,15.73,16.79,75735.82679438
1687392000,16.8,17.53,16.35,16.63,53048.58623374
1687478400,16.61,19.19,16.61,18.88,159661.53222694
1687564800,18.9,19.76,18,19.23,207214.60012974
1687651200,19.22,19.58,18.09,18.37,103438.93276671
1687737600,18.36,19.48,17.74,18.63,164214.65835154
1687824000,18.63,18.9,18.27,18.68,68406.94982349
1687910400,18.7,18.7,17,17.48,66191.96173106
1687996800,17.48,18.57,17.46,18.01,58936.96872524
1688083200,18.02,21.67,17.94,20.9,632229.90796894
1688169600,20.93,23.29,20.54,20.88,552296.15130734
1688256000,20.88,20.89,19.67,20.38,241864.35775302
1688342400,20.38,20.74,19.83,20.09,145911.71814
1688428800,20.09,20.46,19.26,19.53,94107.03415975
1688515200,19.53,19.78,18.6,19.38,87793.76099559
1688601600,19.37,20.11,18.6,18.71,198212.62502104
1688688000,18.71,19.29,18.53,19.21,95916.35805112
1688774400,19.23,19.34,18.65,19,49348.71781859
1688860800,18.99,19.15,18.53,18.65,45089.42757094
1688947200,18.63,19.36,18.08,18.95,99720.46521089
1689033600,18.96,19.06,18.59,18.9,48643.12829756
1689120000,18.9,19.26,18.49,18.78,45970.00698872
1689206400,18.78,20.25,18.59,20.18,178504.42606588
1689292800,20.18,20.37,18.31,19.09,321102.89327295
1689379200,19.05,19.75,18.94,19.25,73657.2066975
1689465600,19.27,19.44,18.7,18.8,88041.34169323
1689552000,18.8,19.18,18.49,19.07,83877.23653739
1689638400,19.1,19.17,18.48,18.75,67113.85628649
1689724800,18.75,19.08,18.69,18.76,57344.66248476
1689811200,18.75,19.18,18.49,18.7,65926.60376307
1689897600,18.7,18.9,18.59,18.74,28739.28646417
1689984000,18.73,18.88,18.31,18.49,37374.75565316
1690070400,18.49,18.91,18.39,18.69,47313.65316323
1690156800,18.67,18.77,17.76,18.13,100879.77493136
1690243200,18.13,18.2,17.95,18.09,27919.10030649
1690329600,18.07,18.47,17.93,18.3,38913.91905396
1690416000,18.28,18.41,18.02,18.38,23477.16223701
1690502400,18.39,18.83,18.36,18.46,51039.2468522
1690588800,18.45,18.62,18.4,18.62,32857.29120503
1690675200,18.62,19.11,18.24,18.86,68246.17087917
1690761600,18.88,19.06,18.35,18.47,45566.25918089
1690848000,18.47,18.54,17.75,18.51,83430.07451311
1690934400,18.52,18.57,17.87,18.05,47942.26333962
1691020800,18.05,18.16,17.81,17.93,48023.06301819
1691107200,17.92,18.12,17.71,17.91,39161.96535751
1691193600,17.91,17.95,17.7,17.92,17189.1785529
1691280000,17.92,18,17.77,17.82,15326.03763453
1691366400,17.83,17.99,17.21,17.68,56183.36797
1691452800,17.68,18.13,17.58,17.93,34727.04102325
1691539200,17.92,18.06,17.66,17.84,28508.35989479
1691625600,17.85,17.87,17.61,17.7,22621.2617705
1691712000,17.71,17.74,17.51,17.63,11928.55671474
1691798400,17.62,17.74,17.6,17.71,9022.31397285
1691884800,17.73,17.85,17.43,17.5,56766.71154329
1691971200,17.5,17.61,17.34,17.5,23469.61587763
1692057600,17.49,17.5,15.92,16.72,114565.76619574
1692144000,16.69,16.75,15.78,16.24,73884.79628716
1692230400,16.24,16.38,13.6,14.99,128454.23134532
1692316800,14.99,15.87,14.95,15.46,121440.17810995
1692403200,15.46,15.74,15.29,15.56,29578.65390765
1692489600,15.56,15.65,15.34,15.58,19300.47560533
1692576000,15.57,15.93,15.28,15.79,103052.64322489
1692662400,15.8,15.86,14.89,15.51,49326.9575613
1692748800,15.5,16.22,15.46,16.19,50866.27742496
1692835200,16.18,16.24,15.79,16.03,36940.03045707
1692921600,16.02,16.09,15.69,15.98,35597.9896666
1693008000,15.98,16.08,15.74,15.86,16385.00104589
1693094400,15.85,16.05,15.75,16.02,21625.6487479
1693180800,16.01,16.01,15.56,15.89,26392.31349971
1693267200,15.9,17.19,15.58,16.87,133948.50359205
1693353600,16.88,16.89,15.99,16.02,59602.89578059
1693440000,16.02,16.2,15.13,15.52,92267.37548536
1693526400,15.52,15.63,15.2,15.39,65574.83579363
1693612800,15.39,15.54,15.28,15.45,25861.77888087
1693699200,15.45,15.52,15.23,15.38,16023.86433545
1693785600,15.39,15.56,15.15,15.37,27193.943222
1693872000,15.37,15.43,15.11,15.37,29843.67007725
1693958400,15.38,15.66,15.11,15.47,41626.96615831
1694044800,15.48,15.67,15.32,15.57,30473.97941735
1694131200,15.57,15.64,15.19,15.41,28861.37600029
1694217600,15.41,15.5,15.34,15.39,12054.72408212
1694304000,15.39,15.4,14.52,15.09,90256.08920293
1694390400,15.09,15.19,14.42,14.73,87430.21568181
1694476800,14.73,15.32,14.69,14.97,43186.56066907
1694563200,14.98,15.23,14.86,15.17,33625.31237787
1694649600,15.17,15.38,15.02,15.26,33895.23901373
1694736000,15.27,15.82,15.21,15.69,49650.403287
1694822400,15.69,15.95,15.49,15.65,20401.79243325
1694908800,15.65,15.65,15.17,15.41,27561.33157688
1694995200,15.42,16.01,15.25,15.68,56318.27092068
1695081600,15.69,15.96,15.6,15.74,49793.54498923
1695168000,15.74,15.79,15.36,15.6,32890.35215084
1695254400,15.56,15.64,15.06,15.22,30737.26557692
1695340800,15.22,15.33,15.06,15.19,10306.01101317
1695427200,15.19,15.29,15.14,15.26,5117.52556938
1695513600,15.25,15.41,14.97,15.08,19847.73898019
1695600000,15.08,15.33,14.92,15.22,26626.69655755
1695686400,15.23,15.25,14.84,15.1,19307.14340461
1695772800,15.09,15.72,15.04,15.32,44818.78688023
1695859200,15.34,15.96,15.3,15.8,34025.54856473
1695945600,15.81,16.07,15.67,15.87,19725.44054941
1696032000,15.86,16.84,15.8,16.34,67002.50786506
1696118400,16.33,16.8,16.21,16.68,56285.610839
1696204800,16.71,16.87,15.82,16.18,75945.04286262
1696291200,16.16,16.64,15.63,15.69,51114.23203155
1696377600,15.7,15.7,15.18,15.63,57193.04600158
1696464000,15.63,15.8,15.39,15.44,28158.28215779
1696550400,15.44,15.85,15.4,15.72,19884.50895433
1696636800,15.71,15.78,15.56,15.66,13107.59987576
1696723200,15.65,15.71,15.38,15.51,12381.55124083
1696809600,15.5,15.5,14.6,15.06,47211.75476878
1696896000,15.06,15.15,14.83,14.96,16257.37595986
1696982400,14.95,14.96,14.61,14.94,26106.87029155
1697068800,14.92,15.07,14.64,14.78,49144.91501112
1697155200,14.76,14.98,14.69,14.84,15164.19284386
1697241600,14.84,15.02,14.81,15,7419.31708585
1697328000,15,15.05,14.87,14.95,16606.7117403
1697414400,14.94,15.85,14.93,15.25,55772.1697613
1697500800,15.25,15.26,14.75,14.96,20376.33739844
1697587200,14.95,15.09,14.79,14.84,25959.77488636
1697673600,14.81,14.88,14.62,14.78,19720.06437214
1697760000,14.81,15.53,14.75,15.3,61055.97962809
1697846400,15.33,15.83,15.24,15.75,40414.60458123
1697932800,15.74,15.88,15.36,15.87,29974.01568101
1698019200,15.88,16.78,15.68,16.64,141929.96821011
1698105600,16.65,17.34,16.03,16.45,198331.80610197
1698192000,16.45,16.76,16.13,16.39,85916.19623129
1698278400,16.39,17.16,15.86,16.56,159000.93383843
1698364800,16.56,16.57,15.79,16.08,77091.39480199
1698451200,16.05,16.4,16.03,16.23,24969.5641202
1698537600,16.21,16.71,15.99,16.63,65245.04779769
1698624000,16.65,16.92,16.29,16.77,72691.40368674
1698710400,16.77,17.74,16.45,17.47,189856.91089949
1698796800,17.46,18,17.01,17.75,209641.94500053
1698883200,17.77,17.98,16.84,17.32,111665.60769614
1698969600,17.3,17.31,16.72,17.27,57729.10133768
1699056000,17.26,17.61,17.14,17.49,38561.70184994
1699142400,17.5,18.28,17.39,17.98,123566.47056219
1699228800,18,18.86,17.67,18.51,153241.72775078
1699315200,18.54,18.54,17.52,18.12,71581.2296487
1699401600,18.09,18.45,18.02,18.34,41041.14364495
1699488000,18.32,20.72,18.06,20.68,583650.60648756
1699574400,20.68,21.81,20.17,20.76,452367.99261342
1699660800,20.78,20.89,19.46,20.04,185247.55166094
1699747200,20.03,20.41,19.09,20.06,116358.22835101
1699833600,20.06,21.13,19.57,19.97,381572.91552484
1699920000,19.96,20.16,18.39,19.06,268763.71273412
1700006400,19.1,19.9,18.77,19.89,170193.56262097
1700092800,19.9,20.62,18.86,19.29,247049.12805263
1700179200,19.28,19.79,18.45,19.37,104212.68771611
1700265600,19.4,19.4,18.42,19.22,40637.5959125
1700352000,19.19,19.62,18.87,19.6,42336.89591937
1700438400,19.6,20,19.25,19.46,103809.75581725
1700524800,19.45,19.62,17.71,18.09,145013.03488474
1700611200,18.07,19.33,18.05,19.01,102775.38323564
1700697600,19,19.19,18.69,18.92,24819.52755693
1700784000,18.92,19.57,18.86,19.23,52107.90805234
1700870400,19.17,19.54,19.16,19.44,23318.34402811
1700956800,19.44,19.6,18.55,19.11,39635.99829874
1701043200,19.13,19.19,18.15,18.55,61109.8169194
1701129600,18.54,19.01,18.19,18.85,48303.53950683
1701216000,18.86,19.06,18.55,18.72,52761.70355991
1701302400,18.72,18.81,18.49,18.62,37069.38586788
1701388800,18.63,19.14,18.51,18.98,103282.53944679
1701475200,18.98,19.71,18.96,19.59,47751.78176035
1701561600,19.6,20,19.32,19.83,70580.48558968
1701648000,19.84,20.39,19.39,19.98,158663.58025176
1701734400,19.98,20.45,19.37,20.24,149640.61113556
1701820800,20.25,20.88,19.82,20.28,226346.50204119
1701907200,20.3,22.42,20.26,21.99,300317.42418909
1701993600,22.02,22.65,21.73,22.26,178470.52511694
1702080000,22.28,23.42,21.8,22.05,186076.39736308
1702166400,22.06,22.5,21.39,21.97,101392.98768052
1702252800,21.97,22.04,18.07,20.17,347754.14616362
1702339200,20.16,20.55,19.85,20.29,102660.37119533
1702425600,20.3,20.93,19.37,20.75,132310.66538124
1702512000,20.75,20.99,19.85,20.87,141626.83356976
1702598400,20.88,20.89,19.77,19.94,83564.77392621
1702684800,19.95,20.8,19.75,20.71,76208.92102805
1702771200,20.71,20.73,19.86,19.96,72757.56915517
1702857600,19.96,20.07,18.8,19.92,121011.90905808
1702944000,19.93,20.19,19.41,19.65,70116.95218458
1703030400,19.64,20.53,19.59,20.17,121490.58579922
1703116800,20.17,20.9,19.99,20.63,93121.56489284
1703203200,20.64,22.14,20.57,21.91,318978.03736737
1703289600,21.9,22.23,21.05,21.46,74385.8609556
1703376000,21.48,21.76,20.52,20.84,122169.21940494
1703462400,20.87,21.64,20.65,21.45,102998.54608133
1703548800,21.46,21.46,19.7,20.83,171671.48282177
1703635200,20.83,22.77,20.3,22.74,265340.14344324
1703721600,22.71,24.36,22.08,22.47,468624.3058816
1703808000,22.47,23.49,21.81,22.5,334274.57567244
1703894400,22.49,23.26,22.13,22.26,207831.09463207
1703980800,22.27,22.45,21.3,21.92,123065.89394763
1704067200,21.91,22.54,21.5,22.49,87067.5492
1704153600,22.5,23.06,21.89,21.98,135046.80545311
1704240000,21.97,22.5,18.59,20.04,360658.68649971
1704326400,20.04,20.77,19.8,20.5,93101.21469671
1704412800,20.51,20.65,19.34,20.15,140710.05200656
1704499200,20.15,20.29,19.28,19.9,49841.89934702
1704585600,19.89,20.06,19.03,19.28,38831.7077146
1704672000,19.27,20.46,18.37,20.34,184566.27518184
1704758400,20.33,21.22,19.46,21.22,218645.37708246
1704844800,21.22,26.64,20.38,26.4,522821.40828926
1704931200,26.39,32.24,25.7,29.61,1809237.72411702
1705017600,29.6,32.41,27.38,28.97,1152255.76568856
1705104000,28.99,30.05,27.73,28.56,335539.23766699
1705190400,28.58,28.78,26.19,26.44,292907.29765424
1705276800,26.47,27.8,26.09,26.72,178048.99617398
1705363200,26.73,27.86,26.09,27.29,254597.83847327
1705449600,27.3,27.46,25.66,26.17,197238.9354216
1705536000,26.16,26.16,24.07,24.42,213889.73150046
1705622400,24.43,25.5,22.9,25.34,242789.4598783
1705708800,25.33,25.36,24.11,24.73,163961.36047616
1705795200,24.72,25.44,24.42,24.48,171712.64843896
1705881600,24.49,24.62,22.77,22.92,200231.77296162
1705968000,22.93,23.84,21.71,23.1,219128.43491075
1706054400,23.1,23.42,22.51,22.99,108821.35616362
1706140800,22.98,23.57,22.26,23.22,174298.68155901
1706227200,23.24,24.16,22.89,23.92,209944.15657691
1706313600,23.93,24.66,23.77,24.04,80833.18848378
1706400000,24.04,24.44,23.35,23.51,77316.69031936
1706486400,23.5,24.88,23.04,24.7,129970.67661787
1706572800,24.71,26.32,24.5,25.34,292256.41903396
1706659200,25.31,25.82,24.16,24.33,160964.66096547
1706745600,24.31,24.92,23.48,24.4,231761.33576838
1706832000,24.42,25.45,24.31,25.09,119600.21038046
1706918400,25.11,25.69,24.51,24.85,131893.61981826
1707004800,24.83,25.62,24.65,24.97,142586.72757676
1707091200,24.97,25.18,24.01,24.26,158704.84514924
1707177600,24.28,24.95,24.14,24.71,79138.43675592
1707264000,24.76,25.38,24.31,25.15,156914.91985005
1707350400,25.18,25.87,25,25.63,114819.84726861
1707436800,25.63,26.71,25.56,26.15,196027.06155383
1707523200,26.16,26.44,25.39,25.87,60661.77639396
1707609600,25.91,26.36,25.53,25.88,75151.15752109
1707696000,25.89,27.23,25.41,26.94,171133.76809123
1707782400,26.94,27.3,25.77,26.22,211501.57245772
1707868800,26.23,27.24,25.68,26.88,172616.07793517
1707955200,26.9,27.48,26.4,26.81,227302.76286332
1708041600,26.81,27.49,26.13,26.79,205230.01284032
1708128000,26.79,26.82,25.48,26.03,124910.18045189
1708214400,26.06,26.75,25.74,26.54,66627.06196254
1708300800,26.58,27.89,26.23,27.41,172337.76926675
1708387200,27.41,27.73,25.92,27.05,262139.9746263
1708473600,27.04,27.3,25.22,26.08,207840.41874034
1708560000,26.08,26.42,25.47,25.79,132217.0821208
1708646400,25.8,25.92,25.06,25.41,109328.29180278
1708732800,25.42,26.19,25.08,26.08,106790.34222319
1708819200,26.09,27.41,25.94,27.18,294891.44114666
1708905600,27.17,28.02,26.43,27.79,340370.20421526
1708992000,27.82,28.71,27.49,28.15,260233.10014308
1709078400,28.16,31.19,26.7,29.63,516513.864043
1709164800,29.64,31.49,28.2,28.91,594717.43228335
1709251200,28.92,30.39,28.83,30.35,283448.92146065
1709337600,30.34,34.89,30.25,34.34,864919.81872278
1709424000,34.32,35.93,30.87,33.61,935891.8975333
1709510400,33.61,36.89,33.06,36.02,653307.52417846
1709596800,36.01,39.74,29.21,34.25,1477658.95939466
1709683200,34.2,38.49,32.96,37.3,574653.45819312
1709769600,37.3,38.44,35.95,37.95,282994.92548813
1709856000,37.95,39.45,36.84,38.09,449611.59208026
1709942400,38.21,39.68,37.12,37.33,176876.53352781
1710028800,37.33,37.8,35.36,36.17,215253.68883224
1710115200,36.15,39.57,33.94,37.96,482051.65631487
1710201600,37.99,38.26,34.58,36.89,263388.64845208
1710288000,36.89,37.63,35.83,36.54,117442.58837562
1710374400,36.55,36.92,33.4,35.07,269661.75059008
1710460800,35.08,35.55,30.74,33.29,364507.37398555
1710547200,33.3,33.68,30.02,30.67,163533.26682066
1710633600,30.66,32.38,29.45,31.94,200766.5281592
1710720000,31.95,32.07,30.25,31.41,104019.58472147
1710806400,31.4,31.6,27.21,27.73,378870.93482029
1710892800,27.66,30.88,26.79,30.6,253963.3741597
1710979200,30.62,30.86,29.42,30.3,112374.75513758
1711065600,30.28,30.74,28.5,29.36,115447.75827432
1711152000,29.37,31.41,29.03,30.27,118088.28183501
1711238400,30.24,31.71,30.23,31.57,177908.80250934
1711324800,31.59,32.73,30.98,32.47,187891.70060832
1711411200,32.47,33.23,31.75,32.13,144191.27201081
1711497600,32.13,32.54,30.86,31.75,148126.42272271
1711584000,31.75,32.84,31.31,32.53,175804.29701719
1711670400,32.51,34.95,31.75,34.18,310971.67807763
1711756800,34.2,34.58,32.8,32.92,161730.84952603
1711843200,32.88,34.45,32.84,34.25,159138.59274692
1711929600,34.23,34.8,31.81,32.7,323651.88106587
1712016000,32.69,32.7,29.83,30.02,284415.20892398
1712102400,30.03,30.99,29.01,30.64,121338.3258862
1712188800,30.65,33.3,30.03,32.84,322627.26189462
1712275200,32.83,34.05,31.62,33.1,325383.30561576
1712361600,33.12,33.61,32.73,33.45,88900.48287931
1712448000,33.47,34.78,33.23,33.86,116851.56545083
1712534400,33.86,35.87,33.14,35.64,235240.55655787
1712620800,35.64,35.82,32.59,32.8,199666.16449273
1712707200,32.79,33.6,31.47,33.49,154768.00165263
1712793600,33.52,34.58,33.22,33.74,167623.52041934
1712880000,33.71,34.04,26.84,29.58,393033.78805866
1712966400,29.5,29.9,22.74,25.59,699675.24163147
1713052800,25.58,27.2,24.48,27.05,413576.92035479
1713139200,27.03,28.27,25.47,26.47,257231.01386554
1713225600,26.38,26.91,25.06,26.18,154013.05074739
1713312000,26.19,26.64,24.67,25.39,78206.22749125
1713398400,25.32,26.38,24.88,26.13,68646.90920545
1713484800,26.13,26.64,24.04,26.05,150802.52336125
1713571200,26.05,28.19,25.8,27.9,82233.25885749
1713657600,27.88,28.32,27.05,27.44,55314.0023959
1713744000,27.48,28.56,27.36,28.36,115826.43776942
1713830400,28.32,28.51,27.7,28.12,39751.26977257
1713916800,28.12,28.46,26.07,26.36,89804.00586145
1714003200,26.38,26.95,25.77,26.44,68299.36680655
1714089600,26.44,27.99,25.95,27.09,119583.76669087
1714176000,27.13,28.21,26.28,27.8,170548.44942907
1714262400,27.83,30.04,27.67,28,253702.94343637
1714348800,27.98,28.51,26.87,27.58,127774.855601
1714435200,27.59,28.02,24.76,25.39,206924.24153473
1714521600,25.4,25.65,23.97,25.52,316580.30225195
1714608000,25.51,25.94,24.79,25.65,212168.36511904
1714694400,25.67,27.37,25.48,26.89,188831.96554593
1714780800,26.9,27.51,26.79,26.95,100114.20581042
1714867200,26.95,27.84,26.44,27.67,111335.01815678
1714953600,27.68,28.98,26.97,26.99,240766.52070769
1715040000,27,27.86,26.74,27.11,122509.82996572
1715126400,27.06,29.35,26.55,27.15,329698.61569597
1715212800,27.16,27.81,26.83,27.65,117238.45501589
1715299200,27.64,27.83,26.16,26.39,139327.11455456
1715385600,26.39,26.98,26.18,26.46,56239.19311363
1715472000,26.48,26.91,26.36,26.71,34723.93440624
1715558400,26.74,26.97,25.28,26.27,184085.62346247
1715644800,26.28,26.75,25.26,25.35,124409.49862649
1715731200,25.36,27.18,25.35,27.1,120638.12120353
1715817600,27.09,27.52,26.59,27.21,216020.60222778
1715904000,27.22,28.77,26.93,28.29,118446.12748406
1715990400,28.26,29.14,28.11,28.63,100318.97611701
1716076800,28.66,28.89,27.34,27.59,69824.32484916
1716163200,27.61,33,27.34,32.35,335337.86731965
1716249600,32.36,32.89,30.82,31.72,347092.66661851
1716336000,31.72,31.98,29.63,30.36,180303.69806157
1716422400,30.37,34.3,30.34,32.42,627672.46839929
1716508800,32.36,33.93,30.99,31.61,231798.39991211
1716595200,31.59,32.33,31.19,31.69,157534.3089102
1716681600,31.68,32.75,31.46,31.71,129662.03171525
1716768000,31.7,32.7,31.54,31.89,143252.82807848
1716854400,31.89,31.94,30.62,31.36,148324.91356672
1716940800,31.38,31.62,30.12,30.39,84399.87709384
1717027200,30.4,30.71,29.2,29.81,67003.91778792
1717113600,29.79,30.52,29.1,29.58,53829.90049533
1717200000,29.59,29.79,29.4,29.54,66200.90108361
1717286400,29.57,29.78,28.54,28.93,54069.51530483
1717372800,28.9,29.45,28.55,28.63,64830.31601554
1717459200,28.61,29.98,28.16,29.73,89257.83117255
1717545600,29.73,30.01,29.19,29.79,85178.22028769
1717632000,29.79,29.79,28.76,29.05,78247.90321419
1717718400,29.02,29.4,25.45,27.08,176854.3467588
1717804800,27.07,27.22,26.4,26.86,68921.84250304
1717891200,26.82,27.08,26.75,26.96,39879.47554082
1717977600,26.96,27.11,26.35,26.62,75829.95978802
1718064000,26.61,26.61,25.05,25.67,164606.25498431
1718150400,25.67,26.77,25.28,26.11,123041.63054905
1718236800,26.06,26.15,25.1,25.3,75750.98825718
1718323200,25.3,25.66,24.13,25.12,141492.69305676
1718409600,25.14,25.68,24.97,25.62,33156.12895097
1718496000,25.61,25.66,25.23,25.45,18466.64073137
1718582400,25.45,25.52,23.47,24.09,89742.37952694
1718668800,24.1,24.12,21.36,23.05,191779.09390442
1718755200,23.04,24.18,22.89,23.98,77079.66213494
1718841600,23.98,24.77,23.74,24.04,67885.3077676
1718928000,24.04,24.09,23.15,23.53,41740.01523519
1719014400,23.56,23.62,23.28,23.37,14273.754876
1719100800,23.32,23.53,22.53,22.65,28594.11111072
1719187200,22.63,23.02,21.6,22.97,97126.61358352
1719273600,23,23.72,22.88,23.49,46157.55161444
1719360000,23.48,23.96,23.26,23.66,39056.63479514
1719446400,23.64,24.37,23.11,24.03,43273.1382508
1719532800,24,24.41,23.34,23.35,34219.00028579
1719619200,23.35,23.71,23.06,23.11,10574.32001489
1719705600,23.1,23.85,22.66,23.66,23422.70139211
1719792000,23.65,24.05,23.14,23.22,70221.78827454
1719878400,23.2,23.42,22.94,23.26,30062.67219994
1719964800,23.27,23.3,22.24,22.57,55936.61804204
1720051200,22.55,22.62,20.7,20.76,106205.15133907
1720137600,20.79,20.85,18.24,20.25,256792.37162603
1720224000,20.25,21.3,20.06,21.19,52027.65205152
1720310400,21.19,21.25,19.65,19.75,37925.33179424
1720396800,19.8,21.13,18.95,20.4,79768.1102899
1720483200,20.37,21.06,20.28,20.65,44107.85310204
1720569600,20.64,21.22,20.44,21.02,49989.78738402
1720656000,21.01,21.72,20.59,20.67,44412.28144115
1720742400,20.67,21.77,20.51,21.48,55840.27601972
1720828800,21.48,22.56,21.44,22.38,73790.97602371
1720915200,22.39,22.77,22.16,22.56,40856.06007391
1721001600,22.58,23.99,22.52,23.9,53925.5298484
1721088000,23.9,24.01,22.74,23.6,47270.17573556
1721174400,23.62,23.9,22.89,22.95,52676.3820893
1721260800,22.97,23.48,22.5,23,33875.15003249
1721347200,23,23.69,22.52,23.64,48528.13239871
1721433600,23.62,24.22,23.39,23.93,34358.35981173
1721520000,23.92,24.34,22.83,24.15,59319.33722959
1721606400,24.15,24.3,23.11,23.45,66583.24278607
1721692800,23.45,25.17,23.43,24.02,243181.91629622
1721779200,24.05,24.14,22.59,22.89,42745.91588654
1721865600,22.85,22.95,21.3,22.11,77567.78965044
1721952000,22.08,22.98,22.08,22.91,35141.13085121
1722038400,22.91,23.27,22.55,22.8,28338.7908476
1722124800,22.79,22.92,22.39,22.64,12245.82940864
1722211200,22.64,23.54,22.54,22.85,47223.84515347
1722297600,22.82,23.05,21.98,22.21,18605.54253822
1722384000,22.24,22.55,21.65,21.77,28306.51948737
1722470400,21.77,22.17,20.44,21.53,121591.498799
1722556800,21.54,21.62,20.04,20.22,47398.35338811
1722643200,20.19,20.58,19.14,19.66,69629.60884319
1722729600,19.65,19.86,18.31,18.92,89260.06669976
1722816000,18.94,19,15.7,17.67,304740.58491559
1722902400,17.68,18.63,17.65,18.15,81636.44489574
1722988800,18.16,18.58,17.71,18.11,159288.41566048
1723075200,18.15,20.05,17.89,19.85,137249.70598967
1723161600,19.82,19.9,18.94,19.43,66368.27156666
1723248000,19.4,19.61,19.27,19.39,14074.49058592
1723334400,19.4,19.74,18.37,18.42,29952.17798615
1723420800,18.48,19.25,18.25,19.19,26336.41313614
1723507200,19.15,19.27,18.7,19.18,36472.25632379
1723593600,19.17,19.28,18.53,18.86,43616.55402017
1723680000,18.85,19.16,18.29,18.55,57525.47563607
1723766400,18.55,18.89,18.31,18.74,27119.77791614
1723852800,18.72,18.93,18.58,18.77,10177.02197328
1723939200,18.77,19.18,18.56,18.56,13783.33991181
1724025600,18.55,19.04,18.52,18.96,17009.48306918
1724112000,18.95,19.4,18.66,18.88,22811.08335662
1724198400,18.9,19.6,18.74,19.47,55006.41724731
1724284800,19.48,19.6,19.22,19.49,25212.94045248
1724371200,19.53,20.85,19.53,20.59,57049.01101298
1724457600,20.6,20.99,20.39,20.64,33547.48559594
1724544000,20.62,20.69,19.86,20.11,22524.97881314
1724630400,20.24,20.25,19.39,19.47,45964.9519938
1724716800,19.45,19.6,17.82,18.31,47684.02163399
1724803200,18.28,19.08,18.13,18.58,74024.33238818
1724889600,18.6,18.93,18.28,18.48,24456.82569489
1724976000,18.47,18.62,17.93,18.57,23429.05472835
1725062400,18.56,18.63,18.2,18.38,23943.17594345
1725148800,18.38,18.39,17.48,17.65,55752.89965069
1725235200,17.63,18.41,17.54,18.26,24138.48007834
1725321600,18.27,18.4,17.61,17.65,15561.30808828
1725408000,17.65,18.29,16.87,18.1,31920.93423239
1725494400,18.1,18.15,17.45,17.61,42561.72140105
1725580800,17.6,17.85,16.73,17.3,45030.85121128
1725667200,17.29,17.73,17.24,17.61,17567.09976811
1725753600,17.6,18,17.57,17.94,14735.94224614
1725840000,17.94,18.59,17.78,18.32,30388.68314324
1725926400,18.32,18.71,18.14,18.55,12493.71389468
1726012800,18.55,18.59,17.93,18.45,19811.24343946
1726099200,18.45,18.63,18.31,18.54,11832.62120442
1726185600,18.54,18.92,18.26,18.86,18928.25452976
1726272000,18.87,18.89,18.46,18.6,12913.88950591
1726358400,18.62,18.64,17.7,17.83,24575.38232472
1726444800,17.79,17.88,17.5,17.74,17589.44153014
1726531200,17.72,18.21,17.64,17.98,19802.62055369
1726617600,17.97,18.32,17.5,18.31,22975.40092355
1726704000,18.33,19.15,18.33,18.77,58559.37178126
1726790400,18.78,19.26,18.54,18.99,42295.14883776
1726876800,18.99,19.45,18.86,19.36,15348.12843626
1726963200,19.36,19.49,18.45,18.91,26155.08744194
1727049600,18.9,19.41,18.53,19.1,39056.42377398
1727136000,19.1,19.52,18.84,19.41,36619.65840275
1727222400,19.41,19.8,19.24,19.29,32480.30481868
1727308800,19.31,20.35,19.04,20.3,85856.19202397
1727395200,20.28,21.06,20.25,20.82,46154.68900844
1727481600,20.84,20.95,20.16,20.57,28117.62851747
1727568000,20.57,20.72,20.15,20.43,18559.13532108
1727654400,20.43,20.48,19.32,19.46,46031.51245384
1727740800,19.49,19.83,18.01,18.41,89090.15873503
1727827200,18.4,18.71,17.76,17.94,62378.60580713
1727913600,17.93,18.63,17.78,18.51,72282.18981291
1728000000,18.52,18.91,18.36,18.75,40142.89775799
1728086400,18.77,18.83,18.35,18.55,8397.71370027
1728172800,18.55,18.88,18.45,18.76,12429.16656408
1728259200,18.74,19.13,18.52,18.53,28216.9419204
1728345600,18.57,18.84,18.19,18.34,17950.39491838
1728432000,18.37,18.51,17.93,18.12,13380.54770777
1728518400,18.11,18.34,17.87,18.06,12125.49798498
1728604800,18.15,18.72,18.15,18.57,20722.01471392
1728691200,18.58,18.92,18.47,18.79,12404.46829814
1728777600,18.78,18.82,18.27,18.54,14530.06180561
1728864000,18.54,19.61,18.38,19.49,42505.71162829
1728950400,19.49,19.74,18.67,19.35,50560.64932577
1729036800,19.34,19.79,19.17,19.35,32458.11274495
1729123200,19.38,19.6,18.75,19.04,35184.13540011
1729209600,19.05,19.41,18.99,19.36,26118.45611361
1729296000,19.36,19.91,19.22,19.91,37848.50063328
1729382400,19.9,20.64,19.54,20.18,64972.86083763
1729468800,20.19,20.28,19.34,19.42,48006.69279065
1729555200,19.41,19.51,18.88,19.03,33601.09208042
1729641600,19.06,19.07,18.16,18.63,30094.64362923
1729728000,18.62,19,18.41,18.86,17397.54456067
1729814400,18.87,19.48,17.6,18.23,63372.40868661
1729900800,18.19,18.49,17.95,18.19,25274.91458696
1729987200,18.2,18.53,18.05,18.38,15338.82383935
1730073600,18.39,19.1,18.12,18.98,46725.94238984
1730160000,18.99,19.52,18.95,19.42,33903.82685943
1730246400,19.41,19.8,19.12,19.44,26454.51787557
1730332800,19.43,19.51,18.38,18.59,31696.9113661
1730419200,18.57,19.02,18.16,18.45,69120.47726095
1730505600,18.44,18.6,17.99,18.11,18719.0725382
1730592000,18.13,18.17,17.4,17.79,36429.25666504
1730678400,17.78,17.99,17.28,17.6,21633.69486387
1730764800,17.58,18.32,17.52,18.23,26199.96155842
1730851200,18.23,19.77,18.23,19.7,125897.54031094
1730937600,19.69,20.7,19.53,20.26,136917.34256895
1731024000,20.3,20.56,19.8,20.46,85755.58903464
1731110400,20.46,22.14,20.16,21.78,189383.05888826
1731196800,21.77,24.18,21.28,23.08,290807.3876677
1731283200,23.05,24.5,22.23,24.4,239878.47054873
1731369600,24.41,24.6,21.84,22.8,389564.54835628
1731456000,22.82,23.16,21.2,22.09,274150.91644095
1731542400,22.11,22.78,21.36,21.82,173579.63332205
1731628800,21.76,23.52,21.55,22.99,185859.96507727
1731715200,22.99,28.67,22.84,26.73,800823.4737875
1731801600,26.72,30.14,25.14,25.86,481758.09052972
1731888000,25.88,27.47,25.59,27.06,305495.33825508
1731974400,27.06,27.66,25.55,26.2,184150.17476877
1732060800,26.21,26.72,24.73,25.4,175720.09507503
1732147200,25.4,28.82,24.67,27.37,496345.17543398
1732233600,27.38,28.73,26.85,28.55,364893.97673725
1732320000,28.57,31.38,28.4,29.65,590443.64576795
1732406400,29.65,30.67,27.2,28.87,341176.89595844
1732492800,28.88,31.95,27.7,29.75,530840.26523628
1732579200,29.75,30.43,27.39,28.33,323507.56460547
1732665600,28.32,33.32,27.81,32.91,484669.33699785
1732752000,32.9,33.53,31.32,31.91,395382.98813296
1732838400,31.91,32.41,31.04,31.95,149265.10421442
1732924800,31.95,34.02,31.63,32.71,297969.34131697
1733011200,32.72,33.71,31.67,33.32,276938.18684127
1733097600,33.32,34.57,31.13,33.9,647263.13117759
1733184000,33.9,35.35,30.98,34.73,743264.96894667
1733270400,34.76,41.75,34.52,37.89,1263552.29058551
1733356800,37.86,38.41,34.71,35.65,887516.07153271
1733443200,35.66,40,34.26,38.34,761141.81701135
1733529600,38.32,38.71,36.83,37.24,250860.18980121
1733616000,37.22,37.65,35.84,37.12,149280.80854636
1733702400,37.13,37.13,28.56,31.46,548727.89858693
1733788800,31.46,32.32,27.98,30.23,592177.03386379
1733875200,30.33,34.11,28.88,33.5,511287.31276699
1733961600,33.5,35.65,33.27,33.82,569042.54742917
1734048000,33.82,34.84,33.11,34.03,353862.09342309
1734134400,34,34.3,31.86,32.58,175110.17321799
1734220800,32.56,33.92,32.18,33.76,198971.71768796
1734307200,33.77,35.12,32.09,33.22,432926.96898245
1734393600,33.22,34,32.07,32.52,189709.74794871
1734480000,32.55,32.65,29.15,29.38,250256.84980499
1734566400,29.37,29.95,25.98,26.71,412444.27156635
1734652800,26.7,27.6,23.47,27.44,435473.45682739
1734739200,27.44,28.53,25.69,26.05,191441.35626117
1734825600,26.06,26.71,25.28,25.98,80316.76339205
1734912000,25.98,27.96,25.42,27.51,173041.63612071
1734998400,27.51,28.42,26.69,27.9,105678.43935506
1735084800,27.9,28.25,26.91,27.31,63504.66549458
1735171200,27.31,27.48,25.48,25.86,122640.03594654
1735257600,25.87,27.17,25.74,25.94,42292.91735949
1735344000,25.96,26.69,25.71,26.54,39659.78510825
1735430400,26.55,26.66,25.23,25.46,57602.05606553
1735516800,25.45,26.26,24.76,25.39,140638.83227284
1735603200,25.38,25.98,24.75,24.96,157415.98982747
1735689600,24.97,26.64,24.58,25.79,251699.62399064
1735776000,25.79,27.02,25.61,26.88,199231.09187162
1735862400,26.88,29.1,26.6,28.46,187555.06870982
1735948800,28.46,28.85,27.87,28.36,112115.43531386
1736035200,28.36,28.6,27.43,28.12,65007.59096532
1736121600,28.13,29.25,27.72,28.69,117256.24935914
1736208000,28.69,28.8,25.9,25.9,312843.46879215
1736294400,25.91,26.32,24.25,25.28,308118.23516709
1736380800,25.26,25.6,24.31,24.88,129707.39609476
1736467200,24.9,25.91,24.82,25.66,106486.09139652
1736553600,25.65,25.92,25.15,25.54,31233.34110948
1736640000,25.55,25.76,24.99,25.27,26158.30279572
1736726400,25.25,25.81,22.9,24.59,113765.31360115
1736812800,24.6,25.49,24.46,25.38,74581.96184294
1736899200,25.38,27.16,24.89,27.12,244891.60266189
1736985600,27.12,27.34,26.05,26.68,137596.04725321
1737072000,26.69,28.69,26.69,28.28,162102.40585248
1737158400,28.29,28.49,26.35,26.89,174892.17222077
1737244800,26.89,28.09,24.92,25.4,316614.07909318
1737331200,25.4,28.04,24.73,25.76,385626.89011017
1737417600,25.75,27.84,24.92,27.11,219950.33339601
1737504000,27.1,27.7,26.41,26.79,165636.85202748
1737590400,26.8,29.21,26.64,29.02,438724.74727829
1737676800,29.02,29.26,27.3,27.39,236218.77069446
1737763200,27.38,27.54,26.64,27.04,101366.37180396
1737849600,27.04,27.14,26.07,26.18,67595.55772583
1737936000,26.17,26.65,24.64,25.99,209896.80039904
1738022400,25.98,26.26,24.6,24.98,110214.25990826
1738108800,24.98,26.01,24.82,25.51,130000.85577482
1738195200,25.53,26.66,25.36,26.26,89533.48616164
1738281600,26.28,27.77,25.94,26.8,248407.49726322
1738368000,26.81,27.34,24.8,24.97,105425.96026382
1738454400,24.96,25.36,21.61,22.5,340626.45934207
1738540800,22.5,22.5,17.05,22.08,829694.62988688
1738627200,22.08,22.3,20.05,20.68,433277.70214957
1738713600,20.67,21.46,20.4,20.7,123650.40536884
1738800000,20.69,21.27,19.57,19.73,135478.45587407
1738886400,19.73,20.88,19.28,19.82,131914.41140647
1738972800,19.81,20.24,19.59,20.13,55854.41509846
1739059200,20.14,20.53,19.36,20.16,65447.57159293
1739145600,20.17,20.83,19.66,20.67,86314.28045037
1739232000,20.68,21.35,19.86,20.24,98493.79157551
1739318400,20.23,21.69,19.83,21.38,145732.63487966
1739404800,21.39,21.59,20.8,21.14,91962.51217217
1739491200,21.15,21.94,21.02,21.4,81837.30690444
1739577600,21.4,21.5,20.66,20.82,49760.47279362
1739664000,20.81,20.91,20.29,20.46,24507.0721196
1739750400,20.45,21.61,20.12,20.9,124707.81160601
1739836800,20.89,20.95,19.57,20.18,80506.06878479
1739923200,20.17,21.27,19.99,21.16,124198.08805048
1740009600,21.17,21.6,20.7,20.92,94135.47287573
1740096000,20.94,21.61,19.88,20.19,119517.09813842
1740182400,20.19,20.77,20.06,20.47,81604.36080385
1740268800,20.46,21.04,20.45,20.76,60252.75138795
1740355200,20.77,20.89,18.33,18.65,138751.32651349
1740441600,18.65,19.09,17.38,18.86,176217.57335306
1740528000,18.87,19.17,18.07,18.74,90272.60922727
1740614400,18.75,19.15,18.23,18.69,90332.82937462
1740700800,18.7,19.62,17.61,19.55,198481.72227823
1740787200,19.55,19.77,18.81,19.06,53683.76015701
1740873600,19.05,21.27,18.86,20.99,244522.38894973
1740960000,20.99,21.01,18.44,18.69,241864.14363755
1741046400,18.69,19.2,17.67,18.95,152646.75482474
1741132800,18.9,20.85,18.83,20.48,155562.19591978
1741219200,20.48,21.4,19.84,19.96,170500.68541345
1741305600,19.98,21.24,19.19,20.36,255453.20145328
1741392000,20.38,20.61,19.49,20.22,128996.66971909
1741478400,20.22,20.49,17.67,17.95,202851.62072258
1741564800,17.96,18.78,16.71,16.85,243325.24208434
1741651200,16.89,18.17,15.88,17.85,194642.51563452
1741737600,17.87,18.35,17.28,17.96,87219.2391847
1741824000,17.98,18.16,17.39,17.88,79292.47818276
1741910400,17.88,18.49,17.82,18.03,70252.82999652
1741996800,18.03,18.23,17.85,17.96,48026.2716077
1742083200,17.94,18.08,17.2,17.48,48949.06707421
1742169600,17.48,18.15,17.47,17.83,72026.21066231
1742256000,17.82,17.84,17.24,17.7,43054.33322907
1742342400,17.7,18.6,17.68,18.55,162302.63861935
1742428800,18.56,18.63,17.59,17.88,45031.44511576
1742515200,17.88,17.97,17.52,17.7,50424.3777035
1742601600,17.72,17.98,17.62,17.65,58002.2939284
1742688000,17.66,17.84,17.53,17.8,24722.98719662
1742774400,17.8,18.42,17.66,18.31,62488.61349555
1742860800,18.31,18.67,18.03,18.42,43526.77599919
1742947200,18.42,18.69,17.79,18,46994.61487015
1743033600,18,18.31,17.71,17.78,31251.56443367
1743120000,17.8,17.94,16.84,17.15,82703.33509809
1743206400,17.14,17.25,16.36,16.61,54420.51016297
1743292800,16.6,16.87,16.24,16.51,42021.35801153
1743379200,16.52,16.97,16.23,16.78,83025.60577463
1743465600,16.77,17.28,16.67,16.91,53793.63475095
1743552000,16.9,17.31,15.81,16.12,274647.04161251
1743638400,16.08,16.91,15.57,16.23,168880.86772859
1743724800,16.23,16.47,15.75,16.22,93288.17324005
1743811200,16.23,16.38,15.69,15.88,36638.98927492
1743897600,15.85,15.98,13.83,14.15,251383.67532472
1743984000,14.13,14.87,12.69,14.49,347188.27709287
1744070400,14.49,14.96,13.99,14.07,109882.77762035
1744156800,14.06,15.55,13.57,15.29,170952.6219655
1744243200,15.3,15.3,14.21,14.8,110400.7243236
1744329600,14.79,15.25,14.74,15.16,69802.09325812
1744416000,15.17,15.8,15.08,15.54,94119.61726182
1744502400,15.55,15.74,15.02,15.21,131433.57610497
1744588800,15.22,15.83,15.18,15.22,141304.13503097
1744675200,15.2,15.4,14.82,14.87,90308.85338166
1744761600,14.83,15.1,14.56,14.86,81462.25474284
1744848000,14.85,15.2,14.73,15.1,81862.2215539
1744934400,15.11,15.58,15,15.44,53058.99706141
1745020800,15.44,16.06,15.44,15.95,65848.69324261
1745107200,15.95,16.1,15.75,16.06,56130.99817196
1745193600,16.05,16.34,15.52,15.62,79651.03994685
1745280000,15.62,16.78,15.34,16.67,116745.54964698
1745366400,16.67,17.07,16.55,16.79,156266.51657197
1745452800,16.78,16.85,16.15,16.73,89684.91084877
1745539200,16.75,17.43,16.57,17.25,110608.57222117
1745625600,17.28,17.53,16.85,17.04,76478.59575134
1745712000,17.06,17.66,16.56,16.58,116426.25539586
1745798400,16.58,17.11,16.25,17,96112.54346719
1745884800,17,17.54,16.64,16.73,195069.83701115
1745971200,16.72,16.89,16.18,16.5,113922.7408489
1746057600,16.53,17.1,16.47,16.9,64002.41196401
1746144000,16.92,17.33,16.89,17.22,79678.62050789
1746230400,17.24,17.25,16.44,16.6,87022.04503434
1746316800,16.57,16.78,15.92,16.02,114930.90403983
1746403200,16.02,16.25,15.77,16,77764.87192079
1746489600,16.01,16.29,15.6,16.23,83429.42911629
1746576000,16.23,16.48,15.81,16.19,99553.86382759
1746662400,16.2,18.68,16.19,18.64,247411.67270973
1746748800,18.61,19.8,18.37,19.21,200857.59061482
1746835200,19.21,20.79,18.93,20.7,195157.54732052
1746921600,20.68,20.81,19.52,19.95,205975.42121044
1747008000,19.96,20.85,19.17,19.78,180800.2450626
1747094400,19.78,20.99,18.95,20.66,146434.06171121
1747180800,20.67,20.96,19.67,19.87,102825.89193168
1747267200,19.87,20.07,18.54,18.96,107746.86078374
1747353600,18.97,19.41,18.56,18.7,119434.01038347
1747440000,18.7,18.75,17.92,18.13,93639.22666786
1747526400,18.15,19.12,17.6,18.74,104282.71638512
1747612800,18.72,18.79,17.39,18.53,146339.32137027
1747699200,18.53,18.82,17.91,18.42,88740.16066751
1747785600,18.41,19.3,18.2,18.99,133243.61763397
1747872000,19,19.88,18.98,19.69,88694.87990486
1747958400,19.67,20.15,18.4,18.49,115980.18663581
1748044800,18.48,18.82,18.33,18.41,37382.6873939
1748131200,18.4,18.47,17.86,18.37,49675.05930443
1748217600,18.36,18.74,18.1,18.25,37904.69372224
1748304000,18.25,19,17.94,18.63,49189.22841899
1748390400,18.62,18.86,18,18.47,48973.45904074
1748476800,18.48,19.18,18.06,18.13,60560.70361862
1748563200,18.13,18.23,16.88,16.96,71071.90508234
1748649600,16.97,17.13,16.45,16.95,80207.95359741
1748736000,16.93,17.18,16.6,17.11,52445.95449797
1748822400,17.11,17.59,16.78,17.56,42915.64355032
1748908800,17.56,17.83,17.41,17.58,37818.85061518
1748995200,17.57,17.93,17.16,17.26,37091.83750248
1749081600,17.26,17.48,16.16,16.32,49894.97514855
1749168000,16.31,17.04,16.25,16.74,38855.31305338
1749254400,16.73,17.4,16.69,17.22,21376.23323878
1749340800,17.21,17.22,16.84,16.94,25977.93969555
1749427200,16.93,17.94,16.63,17.87,32934.65707513
1749513600,17.87,18.6,17.61,18.55,53595.28753232
1749600000,18.54,18.73,17.94,18.09,46486.9413057
1749686400,18.08,18.13,17.02,17.12,44005.40484695
1749772800,17.11,17.11,16,16.92,76653.82228575
1749859200,16.92,16.92,16.48,16.64,15346.29510645
1749945600,16.63,16.81,16.37,16.68,9986.84112976
1750032000,16.67,17.53,16.48,16.93,31622.57917704
1750118400,16.91,17.17,16.2,16.48,26475.17951989
1750204800,16.48,16.7,16.06,16.54,29449.59537678
1750291200,16.55,16.79,16.4,16.72,22090.77552131
1750377600,16.74,16.92,15.85,16.13,30790.79247315
1750464000,16.12,16.28,15.25,15.6,31003.22924746
1750550400,15.61,15.78,14.49,15.21,70321.65469881
1750636800,15.21,16.52,15.12,16.39,39851.41441325
1750723200,16.41,16.57,16.22,16.43,23680.31494854
1750809600,16.43,16.56,16.15,16.24,22672.40754437
1750896000,16.22,16.61,16.03,16.11,22787.03992686
1750982400,16.1,16.33,15.89,16.19,26278.04409636
1751068800,16.21,16.34,16.07,16.28,7870.52675324
1751155200,16.3,17.16,16.18,16.96,23241.51964274
1751241600,16.97,17.01,16.42,16.57,40567.64956248
1751328000,16.58,16.64,15.85,15.94,55290.77513577
1751414400,15.95,17.22,15.83,16.95,47434.66629126
1751500800,16.97,17.32,16.9,16.97,43556.61985067
1751587200,16.99,17.02,16.08,16.3,22208.13394912
1751673600,16.29,16.43,16.11,16.37,5137.53594404
1751760000,16.37,16.87,16.26,16.66,8703.633906
1751846400,16.66,16.79,16.38,16.67,10757.74295269
1751932800,16.66,17.27,16.35,16.96,62252.37329478
1752019200,16.97,17.78,16.8,17.66,45706.64743761
1752105600,17.67,18.55,17.48,18.47,45153.48266614
1752192000,18.46,18.91,18,18.27,59656.31542202
1752278400,18.28,18.53,17.75,18.16,31731.43270257
1752364800,18.15,18.69,18.07,18.46,48191.01392358
1752451200,18.45,19.2,18.3,18.53,73389.08702511
1752537600,18.52,19.08,17.82,19.03,106830.69604862
1752624000,19.03,20.33,18.9,19.88,162304.27613005
1752710400,19.88,20.44,19.35,20.28,116879.90752251
1752796800,20.28,24.97,20.14,23.18,590088.77571013
1752883200,23.18,25.95,22.45,24.38,352223.19127886
1752969600,24.38,25.61,24,24.68,215438.40410521
1753056000,24.67,24.96,23.61,24.01,184536.41224442
1753142400,24.01,24.87,22.94,24.22,228277.46585235
1753228800,24.21,24.47,21.95,22.52,189339.75276731
1753315200,22.52,23.36,21.31,22.27,116425.11280858
1753401600,22.28,22.78,21.51,22.7,91376.09252914
1753488000,22.68,23.36,22.49,22.81,52104.7376117
1753574400,22.82,23.44,22.49,23.29,52103.11512528
1753660800,23.28,23.79,21.76,21.91,98562.74139204
1753747200,21.91,22.43,21.45,21.73,29861.19544302
1753833600,21.72,21.99,20.38,21.39,86997.88224832
1753920000,21.38,21.85,20.53,20.57,43700.69614358
1754006400,20.56,20.63,19.3,19.8,119159.00534056
1754092800,19.81,20.07,19.01,19.2,50920.46846635
1754179200,19.21,20.09,18.93,19.89,62925.73075097
1754265600,19.89,21.04,19.88,20.98,42044.84621027
1754352000,20.98,21.1,19.8,20.19,64737.72735871
1754438400,20.18,20.44,19.73,20.31,25901.5406863
1754524800,20.29,21.56,20.12,21.54,54875.72574206
1754611200,21.54,22.71,21.17,22.38,177151.94215336
1754697600,22.39,23.89,22.37,23.59,139254.53260026
1754784000,23.58,24.37,22.55,23.14,149996.82656756
1754870400,23.14,23.71,22.09,22.2,161629.42782499
1754956800,22.19,23.93,21.91,23.66,126551.39730479
1755043200,23.66,25.21,23.32,24.26,282252.7638984
1755129600,24.25,24.45,21.02,22.2,292271.10004875
1755216000,22.19,22.7,21.5,22.24,146749.28086376
1755302400,22.24,22.48,21.99,22.4,43368.20218591
1755388800,22.4,22.98,22.23,22.24,71072.47301686
1755475200,22.26,22.31,21.15,21.52,165238.13704279
1755561600,21.54,21.75,20.48,20.53,116053.2639324
1755648000,20.54,21.66,20.42,21.54,71852.14853639
1755734400,21.54,21.71,20.86,21.03,85503.7667864
1755820800,21.04,25.48,20.54,24.45,597627.24589406
1755907200,24.47,24.84,23.73,24.2,371317.540287
1755993600,24.2,24.42,22.92,23.23,200753.4043081
1756080000,23.21,23.32,21.45,21.54,315070.67939468
1756166400,21.53,21.94,21.05,21.67,186509.26646171
1756252800,21.67,22,21.39,21.5,106723.49355488
1756339200,21.5,21.97,21.33,21.68,65805.45718785
1756425600,21.68,21.75,20.53,20.92,144383.00343807
1756512000,20.9,21.13,20.58,20.97,55568.00746783
1756598400,20.98,21.25,20.67,20.67,45836.54923942
1756684800,20.67,21.34,20.06,20.52,77624.18541209
1756771200,20.51,20.93,20.28,20.8,129497.27246851
1756857600,20.81,21.16,20.61,20.82,231644.91382754
1756944000,20.82,20.91,20.01,20.2,131527.03413687
1757030400,20.21,20.92,20.19,20.36,278919.68428881
1757116800,20.37,20.43,20.05,20.22,23524.10534893
1757203200,20.23,20.56,20.2,20.5,35096.67796269
1757289600,20.49,21.06,20.37,20.76,180697.06302741
1757376000,20.77,21.14,20.33,20.49,95602.32553431
1757462400,20.49,21.15,20.37,20.94,58647.79944569
1757548800,20.93,21.55,20.87,21.45,94114.59418314
1757635200,21.46,22.03,21.26,22,90943.52463907
1757721600,21.99,22.51,21.78,22.08,65126.86992489
1757808000,22.08,22.11,20.93,21.14,69190.50042277
1757894400,21.14,21.42,20.18,20.36,96852.00204757
1757980800,20.36,20.61,20.11,20.54,57834.23202194
1758067200,20.54,21.05,20.12,20.93,107860.32303943
1758153600,20.94,21.2,20.7,20.99,104140.08149909
1758240000,20.98,21.2,20.07,20.22,58459.57939831
1758326400,20.21,20.46,20.11,20.19,30712.83120081
1758412800,20.21,20.32,19.82,19.9,45463.01905901
1758499200,19.9,19.97,17.84,18.75,186981.03754229
1758585600,18.75,19.13,18.46,18.83,64039.65095293
1758672000,18.84,20,16.7,18.63,456440.58314991
1758758400,18.63,18.76,17.6,17.92,99039.01640711
1758844800,17.92,18.56,17.75,18.4,55871.59674361
1758931200,18.39,18.39,18.05,18.25,19372.06358349
1759017600,18.25,18.57,17.87,18.53,192624.81320434
1759104000,18.54,18.74,18.11,18.64,59529.5493889
1759190400,18.65,18.73,18.04,18.45,84306.74343583
1759276800,18.45,19.68,18.2,19.56,98721.52436693
1759363200,19.56,20.12,19.4,20.1,105070.21470576
1759449600,20.06,20.22,19.48,19.96,104409.62151881
1759536000,19.97,20.01,19.25,19.46,51107.65695406
1759622400,19.46,20.32,19.31,19.41,47633.21556537
1759708800,19.4,20.22,19.32,19.99,53987.3185513
1759795200,20,20.14,18.98,19.05,47125.21799309
1759881600,19.05,19.83,18.9,19.65,48897.38590856
1759968000,19.65,19.66,18.67,19.18,34608.45117936
1760054400,19.2,20.6,11.94,14.7,434440.70139514
1760140800,14.63,16.3,14.18,15.28,419911.18510557
1760227200,15.29,17.05,14.73,16.74,242466.19901539
1760313600,16.73,17.85,16.57,17.52,267121.08477805
1760400000,17.53,18.38,16.1,16.91,489554.03965633
1760486400,16.91,17.22,16.13,16.3,64627.92460353
1760572800,16.31,16.63,15.65,15.8,102453.91411183
1760659200,15.8,15.98,14.67,15.37,106172.7903318
1760745600,15.37,15.72,15.29,15.48,51157.57811813
1760832000,15.48,15.97,15.17,15.77,28537.03777346
1760918400,15.77,16.25,15.46,15.99,68747.24611951
1761004800,16,17.25,15.49,15.7,266121.77751659
1761091200,15.69,15.8,14.99,15.43,262045.42572205
1761177600,15.43,15.93,15.4,15.69,48086.74658885
1761264000,15.68,16.48,15.63,16,93941.32105012
1761350400,16.01,16.05,15.82,15.98,14212.45895653
1761436800,15.98,16.78,15.82,16.63,75971.96736862
1761523200,16.62,16.91,16.32,16.52,87399.63390134
1761609600,16.51,16.65,15.66,15.91,75225.19674239
1761696000,15.9,16.58,15.81,15.95,82373.43523634
1761782400,15.95,16.14,14.87,15.41,93598.09449607
1761868800,15.41,16.17,15.36,15.86,73607.39117823
1761955200,15.85,16.49,15.81,16.33,56808.57356924
1762041600,16.31,16.68,15.88,16.37,55771.31948447
1762128000,16.37,16.37,14.35,15.02,164943.03159211
1762214400,15,15.34,13.55,14.29,183815.44579621
1762300800,14.29,14.75,13.63,14.65,133627.46942131
1762387200,14.63,14.7,13.95,14.55,97477.88140063
1762473600,14.57,18.87,14.57,17.89,890193.56159529
1762560000,17.91,18.44,16.07,16.39,227850.43109208
1762646400,16.39,16.47,15.78,16.16,198329.00416093
1762732800,16.15,16.74,15.94,16.48,158929.04608978
1762819200,16.49,16.75,15.59,15.59,141984.24988114
1762905600,15.61,16.07,15.1,15.31,101727.26769922
1762992000,15.29,15.81,14.7,15.06,124764.8146901
1763078400,15.06,15.17,14.44,14.73,137683.04159569
1763164800,14.73,15.79,14.73,15.28,125469.57183525
1763251200,15.3,15.35,14.29,14.79,88595.04449231
1763337600,14.76,15.12,14.09,14.27,105460.61881641
1763424000,14.26,14.87,14.04,14.64,86848.565776
1763510400,14.65,14.65,13.61,14.18,93742.73339378
1763596800,14.17,14.47,13.36,13.48,125210.0744541
1763683200,13.48,13.67,12.55,13.54,180124.27362326
1763769600,13.54,13.79,13.22,13.52,125872.58072203
1763856000,13.5,13.8,13.45,13.54,137887.11221464
1763942400,13.56,14.33,13.43,14.16,97333.96432576
1764028800,14.14,14.24,13.7,14.16,60150.58996706
1764115200,14.17,14.18,13.64,14.13,70177.51218685
1764201600,14.12,14.2,13.83,13.87,28749.44481123
1764288000,13.86,14.1,13.61,13.79,70328.0848453
1764374400,13.79,13.9,13.56,13.73,28039.875628
1764460800,13.73,14.04,13.63,13.72,22684.71972964
1764547200,13.73,13.73,12.67,12.99,136285.39947361
1764633600,12.99,13.92,12.84,13.6,47370.06435109
1764720000,13.6,14.35,13.55,14.18,64765.14148484
1764806400,14.2,14.31,13.58,13.76,44762.22801008
1764892800,13.76,13.89,12.96,13.13,42686.7908993
1764979200,13.12,13.47,13.1,13.33,25444.36554091
1765065600,13.32,13.48,12.83,13.12,34800.82865966
1765152000,13.1,13.6,13.07,13.44,102664.4322352
1765238400,13.43,14.23,13.23,13.88,49333.04338558
1765324800,13.89,14.28,13.56,13.66,49874.74708838
1765411200,13.68,13.68,12.96,13.25,58380.2009916
1765497600,13.24,13.34,12.68,12.97,47072.22296532
1765584000,12.98,13.25,12.96,13.17,17134.5823758
1765670400,13.17,13.22,12.66,12.8,37070.47000014
1765756800,12.85,13.22,12,12.33,102241.77487473
1765843200,12.34,12.92,12.03,12.65,126616.90266165
1765929600,12.66,12.78,11.92,12.08,81520.20039498
1766016000,12.06,12.42,11.47,11.64,84065.79808487
1766102400,11.63,12.51,11.53,12.35,70360.80550421
1766188800,12.34,12.59,12.29,12.36,36592.48644201
1766275200,12.36,12.41,12.01,12.22,26752.91417155
1766361600,12.23,12.49,12.07,12.25,46558.64414938
1766448000,12.25,12.31,11.9,12.07,43095.81223146
1766534400,12.08,12.1,11.8,12.02,22757.60344604
1766620800,12.01,12.13,11.65,11.66,25486.27711232
1766707200,11.65,12.02,11.56,11.7,41169.28295422
1766793600,11.7,12.27,11.66,12.22,38918.45188683
1766880000,12.23,12.31,12.01,12.2,40277.65458462
1766966400,12.19,12.48,11.86,11.91,52536.20853902
1767052800,11.91,12.05,11.81,11.86,86776.54371037
1767139200,11.84,11.93,11.3,11.45,130143.87384304
1767225600,11.46,12.13,11.12,12.05,136063.7749511
1767312000,12.01,12.6,11.9,12.54,72180.91103674
1767398400,12.54,12.68,12.25,12.56,56140.71757577
1767484800,12.56,12.91,12.56,12.8,41841.24747955
1767571200,12.81,13.41,12.79,13.31,102062.68316953
1767657600,13.3,13.54,12.78,13.34,60584.7517001
1767744000,13.34,13.35,12.7,12.89,53253.91829827
1767830400,12.9,12.95,12.33,12.63,47071.30203717
1767916800,12.61,12.94,12.47,12.56,35023.4687623
1768003200,12.56,12.7,12.44,12.52,16654.48579422
1768089600,12.51,12.6,12.2,12.36,32077.24541303
1768176000,12.34,12.69,12.1,12.25,56378.00631002
1768262400,12.25,13.49,12.23,13.3,71378.42557693
1768348800,13.31,13.51,13.07,13.18,61711.56535022
1768435200,13.17,13.19,12.43,12.65,57916.56414082
1768521600,12.66,12.87,12.26,12.77,51230.17829436
1768608000,12.79,13.18,12.69,12.86,35486.05989268
1768694400,12.84,12.92,12.22,12.22,29730.75036134
1768780800,12.22,12.23,11.2,12.01,62432.40375946
1768867200,12,12.06,11.37,11.55,38543.63592152
1768953600,11.53,11.9,11.33,11.68,61977.42855053
1769040000,11.69,11.82,11.41,11.58,45597.62248832
1769126400,11.57,11.83,11.47,11.66,24237.51727121
1769212800,11.67,11.72,11.53,11.57,16967.26491603
1769299200,11.57,11.6,11.01,11.13,45246.88782058
1769385600,11.12,11.52,11.11,11.38,43523.26510016
1769472000,11.38,11.61,11.2,11.57,37645.62409077
1769558400,11.59,11.63,11.38,11.53,95487.38130014
1769644800,11.54,11.56,10.58,10.78,110764.28266028
1769731200,10.8,10.86,10.4,10.56,96280.0888884
1769817600,10.56,10.63,9.08,9.76,197765.75571946
1769904000,9.77,9.92,9.29,9.53,102081.38862182
1769990400,9.52,9.94,9.2,9.82,114521.70449454
1770076800,9.81,9.93,9.18,9.56,108959.96191756
1770163200,9.56,9.77,9.15,9.32,127896.75114944
1770249600,9.32,9.41,7.92,8.08,246002.81280304
1770336000,8.09,9.03,7.31,8.82,294624.93975369
1770422400,8.82,8.91,8.45,8.77,124450.91478254
1770508800,8.77,8.78,8.49,8.57,92413.5548604
1770595200,8.57,8.7,8.21,8.6,99977.95351113
1770681600,8.6,8.62,8.24,8.33,87717.25105007
1770768000,8.34,8.44,7.96,8.14,94927.25840549
1770854400,8.15,8.43,7.98,8.25,80384.33073731
1770940800,8.26,8.61,8.1,8.53,69181.03910137
1771027200,8.54,9.05,8.53,9,58574.86294889
1771113600,8.99,9.15,8.6,8.72,61361.67748553
1771200000,8.76,8.9,8.6,8.85,37381.85817566
1771286400,8.85,8.85,8.57,8.68,34360.03768489
1771372800,8.69,8.77,8.38,8.42,21740.06510707
1771459200,8.42,8.48,8.16,8.28,33965.84300113
1771545600,8.27,8.78,8.2,8.78,48746.48577231
1771632000,8.77,9.78,8.69,9.03,149937.45497
1771718400,9.02,9.02,8.45,8.53,39235.77660675
1771804800,8.51,8.54,8.11,8.36,45559.60321145
1771891200,8.37,8.45,8.1,8.3,31696.72985032
1771977600,8.29,9.63,8.27,9.16,113398.85084569
1772064000,9.16,9.24,8.66,8.87,40871.74686448
1772150400,8.89,9.07,8.47,8.65,31429.16003366
1772236800,8.64,8.74,8.13,8.68,68626.63331116
1772323200,8.69,8.91,8.31,8.48,48722.92438846
1772409600,8.48,8.97,8.44,8.72,52884.06002806
1772496000,8.73,8.74,8.33,8.51,30924.00811387
1772582400,8.5,9.02,8.36,8.84,75631.25718208
1772668800,8.82,8.95,8.53,8.67,77741.46617745
1772755200,8.66,8.73,8.13,8.24,91751.82676264
1772841600,8.24,8.29,8.06,8.14,26341.19110406
1772928000,8.14,8.2,7.87,8,65594.22401447
1773014400,8,8.36,7.98,8.17,46899.41149875
1773100800,8.16,8.54,8.16,8.24,49130.4710711
1773187200,8.23,8.43,8.14,8.28,31503.63972113
1773273600,8.3,8.34,8.11,8.26,33180.16675988
1773360000,8.25,8.84,8.25,8.47,44089.4844318
1773446400,8.47,8.51,8.19,8.26,27461.02885735
1773532800,8.26,8.52,8.2,8.48,29559.47623805
1773619200,8.52,9.22,8.46,9.04,79209.24805325
1773705600,9.03,9.08,8.76,8.86,32940.43998076
1773792000,8.86,8.96,8.31,8.52,69403.58074438
1773878400,8.51,8.63,8.25,8.36,33601.97102019
1773964800,8.36,8.52,8.31,8.41,31972.72354344
1774051200,8.42,8.46,8.11,8.18,19987.42123492
1774137600,8.16,8.28,7.96,8.06,34690.58021444
1774224000,8.07,8.72,7.99,8.62,66714.08260181
1774310400,8.58,8.72,8.35,8.68,58100.5380689
1774396800,8.68,8.81,8.61,8.67,51606.26435227
1774483200,8.67,8.69,8.14,8.22,77138.03060384
1774569600,8.23,8.23,7.98,8.11,50039.70301149
1774656000,8.11,8.24,8.02,8.03,18331.70928827
1774742400,8.04,8.08,7.77,7.95,22068.17707605
1774828800,7.94,8.39,7.94,8.07,40777.60098323
1774915200,8.07,8.23,7.99,8.19,42899.49012091
1775001600,8.16,8.36,8.12,8.19,48900.51692532
1775088000,8.19,8.25,7.8,7.89,62753.13602869
1775174400,7.89,8.19,7.84,8.08,29427.08496231
1775260800,8.08,9,8.07,8.64,127547.50102432
1775347200,8.64,8.83,8.4,8.73,65116.96416617
1775433600,8.76,8.81,8.38,8.43,46608.65248836
1775520000,8.44,8.94,8.1,8.85,88683.09813901
1775606400,8.85,8.88,8.39,8.41,50551.60961335
1775692800,8.4,8.61,8.32,8.42,26736.57082358
1775779200,8.42,8.64,8.38,8.5,27439.09464006
1775865600,8.49,8.57,8.29,8.45,21692.64851707
1775952000,8.41,8.45,8.12,8.12,13434.93001004
1776038400,8.13,8.61,8.13,8.61,28155.35383399
1776124800,8.62,8.63,8.28,8.34,35785.72748929
1776211200,8.35,8.54,8.27,8.45,45848.70442353
1776297600,8.45,8.9,8.36,8.75,62524.82633712
1776384000,8.76,8.94,8.52,8.77,49430.42020015
1776470400,8.77,8.83,8.44,8.5,42145.5080411
1776556800,8.5,8.53,8.2,8.25,23976.77343804
1776643200,8.24,8.49,8.24,8.4,23695.48081591
1776729600,8.41,8.54,8.28,8.44,39714.72036431
1776816000,8.45,8.75,8.43,8.45,54557.07550591
1776902400,8.45,8.56,8.35,8.53,42592.20919748
1776988800,8.54,8.61,8.43,8.54,18953.64904022
1777075200,8.53,8.58,8.4,8.43,24261.13447879
1777161600,8.43,8.55,8.39,8.53,40150.63765584
1777248000,8.55,8.63,8.26,8.39,53185.9603158
1777334400,8.39,8.48,8.33,8.41,26519.36207469
1777420800,8.42,8.61,8.15,8.35,57622.38612878
1777507200,8.35,8.46,8.27,8.34,38556.14152407
1777593600,8.34,8.51,8.34,8.41,42710.8541313
1777680000,8.41,8.58,8.4,8.53,21304.2835788
1777766400,8.52,8.55,8.42,8.48,18319.14350786
1777852800,8.47,8.86,8.43,8.69,113706.59344311
1777939200,8.69,9.07,8.69,9.01,87443.54511705
1778025600,9.01,9.51,9,9.39,105369.78094999
1778112000,9.38,9.39,9.07,9.23,76428.12805663
1778198400,9.21,9.87,9.21,9.78,68805.17856504
1778284800,9.78,9.92,9.42,9.59,53930.35442834
1778371200,9.58,10.05,9.55,9.97,76155.45242748
1778457600,9.98,10.09,9.63,9.77,58637.67562745
1778544000,9.77,9.79,9.21,9.4,46783.07610402
1778630400,9.4,9.59,9.11,9.26,43676.74965588
1778716800,9.26,9.68,9.13,9.48,35672.31306358
1778803200,9.51,9.53,8.91,9.24,50373.17088081
1778889600,9.24,9.3,8.78,9.05,54073.59402014
1778976000,9.06,9.18,8.64,8.84,42216.82352663
1779062400,8.85,9.02,8.63,8.93,45646.65357261
1779148800,8.94,9.14,8.79,8.96,44880.75564161
1779235200,8.96,9.11,8.84,8.99,26363.0953357
1779321600,9,9.07,8.84,8.97,30130.75848078
1779408000,8.96,9.48,8.71,8.77,125468.7069015
1779494400,8.77,9.18,8.61,9.01,51138.86864439
1779580800,8.99,9.15,8.77,8.9,29412.44002962
1779667200,8.9,9.13,8.85,8.94,23006.9110811
1779753600,8.94,8.99,8.57,8.63,45011.09462068
1779840000,8.63,8.7,8.4,8.45,96106.30660481
1779926400,8.46,8.46,8.06,8.25,73580.56594731
1780012800,8.26,8.29,8.01,8.2,111458.30104892
1780099200,8.19,8.37,8.18,8.2,53418.9279208
1780185600,8.21,8.28,8.04,8.17,36487.96773143
1780272000,8.18,8.22,7.92,8.09,100734.63552449
1780358400,8.09,8.09,7.44,7.6,136392.91415025
1780444800,7.61,7.94,7.6,7.71,125562.23008051
1780531200,7.72,7.77,7.2,7.26,118009.82680482
1780617600,7.26,7.29,6.52,6.82,207294.1376461
1780704000,6.83,6.87,6.44,6.8,92356.81320042
1780790400,6.81,7.23,6.79,7.11,66945.14132555
1780876800,7.09,7.22,6.96,7.1,32773.71150307
1780963200,7.09,7.1,6.83,7,37795.39508348
1781049600,7.01,7.07,6.8,6.96,32185.72257313
1781136000,6.97,7.37,6.96,7.24,50198.10926869
1781222400,7.25,7.32,7.11,7.14,43740.12768167
1781308800,7.14,7.24,7.11,7.18,10721.57809351
1781395200,7.17,7.23,6.94,7.21,32260.61970001
1781481600,7.21,7.67,7.16,7.41,67085.70406013
1781568000,7.4,7.48,7.24,7.38,34994.06374846
1781654400,7.38,7.53,7.2,7.33,49966.23852969
1781740800,7.34,7.39,6.93,7.2,72755.62072748
1781827200,7.21,7.76,7.09,7.6,88399.319264
1781913600,7.61,7.69,7.36,7.44,37588.26593083
1782000000,7.44,7.44,7.23,7.3,18806.36352803
1782086400,7.3,7.43,7.12,7.17,53029.56810995
1782172800,7.16,7.21,6.84,7.06,74743.23295514
1782259200,7.07,7.16,6.6,7.06,82231.26778042
1782345600,7.04,7.16,6.69,7.02,144476.78246562
1782432000,7.02,7.38,6.81,7.25,103878.29741348
1782518400,7.26,7.32,7.09,7.1,41240.75655905
1782604800,7.1,7.16,6.97,7.04,47617.38219021
1782691200,7.04,7.15,6.93,7.14,46861.24690274
1782777600,7.14,7.14,6.87,6.88,70274.78605987
1782864000,6.87,7.11,6.76,7,76293.43595454
1782950400,6.99,7.23,6.97,7.07,58897.37817351
1783036800,7.07,7.3,7.04,7.22,22534.05545986
1783123200,7.23,7.38,7.12,7.25,46647.37374562
1783209600,7.25,7.27,7.03,7.23,36668.23722454
1783296000,7.23,7.23,6.98,7.11,34595.60205181
1783382400,7.11,7.16,6.88,6.99,33589.84503897
1783468800,6.97,6.99,6.82,6.92,37550.03025201
1783555200,6.91,7.05,6.88,7.01,20548.96733979
1783641600,7.01,7.13,7.01,7.05,20613.90875407
1783728000,7.05,7.12,6.96,6.96,22535.11880734
1783814400,6.95,6.96,6.81,6.84,17054.888846
1783900800,6.87,7.07,6.81,6.87,25821.47157879
1783987200,6.88,7.11,6.83,7.1,33703.23992443
1784073600,7.1,7.21,7,7.09,35192.5479081
1784160000,7.09,7.09,6.92,6.93,23009.53788697
1784246400,6.94,7.1,6.85,7.06,35779.4556132
1784332800,7.06,7.08,6.96,7.01,21544.14307522
1784419200,7,7.04,6.82,6.95,20369.96243805
1784505600,6.96,7.03,6.73,6.92,57732.62861581
1784592000,6.92,7.09,6.89,6.99,28645.29633031
1784678400,6.99,7.03,6.9,6.93,24069.89797024
1784764800,6.93,6.99,6.8,6.82,20847.481305
1784851200,6.82,6.84,6.51,6.56,42255.41734417
1784937600,6.55,6.72,6.55,6.72,16120.28755154
1785024000,6.73,7.18,6.71,7.09,83947.2420619
1785110400,7.09,7.11,6.74,6.8,53121.65557182
1785196800,6.79,6.79,6.64,6.75,32196.27453378
1785283200,6.76,6.76,6.58,6.69,33294.02938636
1785369600,6.69,6.82,6.67,6.76,16656.60074772
1785456000,6.74,6.8,6.56,6.6,31538.54504827
1785542400,6.61,6.72,6.4,6.51,58629.45471606
1785628800,6.51,6.67,6.51,6.61,28257.59546016
1785715200,6.59,6.65,6.48,6.59,17451.87411786
1785801600,6.59,6.64,6.56,6.58,24649.81220813
1785888000,6.57,6.58,6.42,6.53,31115.93958121
1785974400,6.53,6.58,6.31,6.5,28880.76018206
1786060800,6.5,6.54,6.45,6.47,40568.89989538
1786147200,6.46,6.58,6.45,6.51,9547.24397893
1786233600,6.51,6.53,6.41,6.41,6889.63931163
1786320000,6.42,6.53,6.37,6.4,11362.62467484
1786406400,6.39,6.44,6.28,6.38,33383.93558075
1786492800,6.38,6.49,6.13,6.25,45662.5504037
1786579200,6.24,6.31,6.18,6.24,24088.74583464
1786665600,6.25,6.25,6.1,6.22,26357.09267604
1786752000,6.22,6.28,6.2,6.21,12922.04549031
1786838400,6.2,6.22,6.03,6.12,15920.17385166
1786924800,6.11,6.23,6.11,6.19,26610.88979917
1787011200,6.19,6.19,6.01,6.082,28593.30577679
1787097600,6.078,6.692,6.051,6.534,197560.30728321
1787184000,6.533,6.98,6.495,6.957,233770.61362634
1787270400,6.954,8.364,6.934,8.354,500034.80424074
1787356800,8.356,9.095,7.3,7.9,795082.762128
1787443200,7.908,8.044,7.628,7.958,124020.22775706
1787529600,7.952,7.967,7.64,7.75,199382.21490882
1787616000,7.752,8.2,7.514,7.672,430196.64275788
1787702400,7.674,7.911,7.486,7.874,267055.39877053
1787788800,7.873,7.981,7.752,7.843,196105.77800419
1787875200,7.848,7.929,7.364,7.516,121873.87435446
1787961600,7.516,7.585,7.444,7.523,64876.79134289
1788048000,7.519,7.525,7.079,7.167,87889.55076552
1788134400,7.164,7.373,7.118,7.287,62156.13532684
1788220800,7.277,7.391,7.187,7.239,121243.16042544
1788307200,7.241,7.324,7.123,7.28,101165.99706899
1788393600,7.279,7.692,7.236,7.593,174339.87185473
1788480000,7.584,7.698,7.29,7.451,168248.18237854
1788566400,7.447,7.847,7.425,7.735,190617.03677478
1788652800,7.732,7.873,7.609,7.862,138815.6360846
1788739200,7.855,8.064,7.64,7.895,221494.28402751
1788825600,7.905,8.868,7.883,8.612,568514.50723019
1788912000,8.616,9.03,7.9,8.01,435052.17373932
1788998400,8.01,8.036,7.561,7.565,122611.65235565
1789084800,7.574,8.063,7.39,7.623,127465.1634388
1789171200,7.624,7.802,7.586,7.615,37286.93840522
1789257600,7.617,7.7,7.38,7.438,73762.22627233
1789344000,7.439,7.763,7.416,7.57,81175.32787171
1789430400,7.564,7.578,7.086,7.189,144507.28171133
1789516800,7.194,7.384,7.081,7.372,69362.90860873
1789603200,7.379,7.523,7.309,7.512,142927.52921318
1789689600,7.501,8.239,7.456,8.153,195573.82854331
1789776000,8.16,8.61,8.12,8.603,154424.35947465
1789862400,8.588,8.783,8.21,8.315,80583.05523413
