ts,open,high,low,close,volume
1607472000,34.8899,34.8899,30.2002,30.6047,350949.456
1607558400,30.5748,39,30.3001,30.5167,1039568.089
1607644800,30.5223,30.7915,29.4987,29.874,561034.569
1607731200,29.874,30.3653,29.7562,29.9575,237601.811
1607817600,30.0209,30.4012,29.8806,29.9978,160181.222
1607904000,29.9978,30.2088,29.038,29.4081,181154.894
1607990400,29.3551,29.7992,29.0244,29.1481,200437.488
1608076800,29.1482,29.5714,27.8176,28.4708,194220.994
1608163200,28.4012,29.4761,28.2976,28.4772,99535.451
1608249600,28.4722,28.8439,28.3404,28.4748,82901.862
1608336000,28.4768,28.9206,28.0991,28.2158,77204.408
1608422400,28.2158,28.4898,27.9381,28.36,54861.656
1608508800,28.369,28.3937,24.0378,24.9632,227420.327
1608595200,24.963,25.55,24.3257,24.638,544268.327
1608681600,24.6141,24.9967,21.2261,22.2628,257208.33
1608768000,22.3879,24.4439,21.8867,23.6668,307598.63
1608854400,23.6359,24.5557,23.1043,24.3457,272555.014
1608940800,24.3519,24.374,23.4215,23.569,33800.145
1609027200,23.5789,23.6693,22.1983,22.2144,132091.269
1609113600,22.2183,23.0872,21.8976,21.9594,221957.986
1609200000,21.9595,22.2199,19.9562,20.4448,271031.871
1609286400,20.4355,22,20.2146,21.4873,227548.496
1609372800,21.4934,26.421,21.0901,24.3772,529268.246
1609459200,24.3952,25.0012,21.9727,22.2843,252199.273
1609545600,22.2843,23.2216,21.373,21.8066,185850.27
1609632000,21.7722,21.9842,20.9555,21.4395,183717.773
1609718400,21.4788,23.0461,20.9356,21.4181,268951.44
1609804800,21.4189,22.4718,20.9982,21.6921,227001.842
1609891200,21.6999,22.6399,21.5598,22,247440.237
1609977600,22.0344,23.0127,21.8023,22.0607,407817.715
1610064000,22.1,22.3,21.2,21.6131,208176.111
1610150400,21.6496,22.7,21.3757,22.0729,168676.424
1610236800,22.0916,24.3876,22.0017,23.4112,642335.755
1610323200,23.4106,23.5483,20.7177,21.6727,386255.315
1610409600,21.6598,22.0216,20.9342,21.0025,154457.247
1610496000,21.0084,21.9193,20.9356,21.6968,165914.85
1610582400,21.7273,22.3297,21.3663,21.5627,196125.781
1610668800,21.5603,22.2598,21.192,21.5415,203705.249
1610755200,21.5502,25.0308,21.507,22.8306,626785.462
1610841600,22.8306,26.1107,22.3732,24.3273,996820.145
1610928000,24.3777,24.9046,23.5143,23.7908,293716.283
1611014400,23.7957,24.2567,22.663,22.6716,333212.189
1611100800,22.6716,23.0973,21.7596,22.3628,244171.848
1611187200,22.3628,22.7441,20.9327,21.3136,227415.901
1611273600,21.2908,23.2111,20.639,22.2718,475227.444
1611360000,22.2429,23.5881,22.1325,22.7293,244677.92
1611446400,22.7219,23.2001,22.4501,22.7233,125062.792
1611532800,22.7234,23.0485,22.3546,22.4103,140914.046
1611619200,22.4333,22.7265,21.8336,22.2077,118165.918
1611705600,22.2002,22.2432,21.1901,21.476,170594.71
1611792000,21.4548,22.127,21.3161,21.949,81252.303
1611878400,21.9457,22.94,21.9088,22.2949,230215.174
1611964800,22.2974,22.61,21.98,22.0564,151344.778
1612051200,22.0564,22.6079,22.0487,22.2541,157358.069
1612137600,22.2547,24.02,22.04,22.6291,367231.196
1612224000,22.6244,22.9315,22.3333,22.4893,163632.846
1612310400,22.4893,23.4743,22.3871,23.0994,249319.747
1612396800,23.1094,23.3099,22.707,22.9162,288430.87
1612483200,22.9207,25.748,22.8146,24.5047,841109.936
1612569600,24.5256,25.3134,23.7702,24.276,427721.168
1612656000,24.2957,24.67,23.7286,24.0864,229753.416
1612742400,24.0833,28.85,23.85,27.7635,855898.119
1612828800,27.7598,52.5,27.1,44.241,4222873.584
1612915200,44.241,45.8287,35.55,39.7953,2788410.192
1613001600,39.8341,42.8298,36.8285,40.3378,1283446.408
1613088000,40.3839,44.7999,39.246,42.7706,1171854.354
1613174400,42.7733,44.6745,39.6121,41.6303,769368.505
1613260800,41.6332,52.9591,41.1693,47.2243,1781499.001
1613347200,47.216,50.8,36.5,42.9782,1781500.304
1613433600,43.0036,45.8578,40.2067,41.8797,539178.569
1613520000,41.8939,44.8245,40.3188,43.1969,422030.154
1613606400,43.2188,44.4143,42.4117,43.5,329801.418
1613692800,43.5411,43.7343,41.2751,43.2083,349133.23
1613779200,43.2207,49.3407,42.26,43.0788,1033809.561
1613865600,43.072,45.9714,42.5119,44.6914,375104.097
1613952000,44.6916,44.8554,32.1209,39.3771,907854.898
1614038400,39.4323,39.5045,31.5656,35.47,1211021.069
1614124800,35.5925,38.2186,34.3006,36.6166,435905.698
1614211200,36.5637,37.5173,34.69,34.9078,270602.985
1614297600,34.9078,36.5793,33.25,35.1334,260455.866
1614384000,35.1321,38.8281,35.1135,37.9736,221112.329
1614470400,37.957,38.4351,34.83,36.0063,186056.96
1614556800,36.0063,39.573,35.7439,38.6431,238643.348
1614643200,38.6468,39,37.2007,38.2275,167935.068
1614729600,38.2015,44.88,38.0545,42.06,490639.942
1614816000,42.06,43.2212,39.7698,40.737,188845.327
1614902400,40.7835,40.7868,38.3602,40.4906,139909.225
1614988800,40.5,40.9013,38.95,40.395,258461.173
1615075200,40.4388,41.7944,40.2784,41.4285,87650.705
1615161600,41.4477,41.9512,40.6,41.5473,205289.046
1615248000,41.5709,42.5377,41.1784,41.9894,222177.51
1615334400,42.0176,44.188,41.0984,42.5195,207880.942
1615420800,42.5399,43.1136,41.6468,42.2957,151313.649
1615507200,42.2957,45,41.96,44.0522,278029.961
1615593600,44.0417,51.9999,43.4815,49.4233,500576.418
1615680000,49.41,57.1633,49.38,53.8788,685555.626
1615766400,53.8404,56.2464,52.054,53.3446,351923.15
1615852800,53.3475,63.922,50.77,63.5653,576016.754
1615939200,63.6187,97,62.5203,88.4174,1857910.261
1616025600,88.4174,89.8751,73.9004,79.5888,1560901.917
1616112000,79.5879,85.9537,75.8406,83.0323,558235.804
1616198400,83.0393,85.9,81.35,81.884,406069.195
1616284800,81.884,83.2,80.2803,80.58,296990.114
1616371200,80.5787,81.3646,75.2522,76.32,383105.251
1616457600,76.3491,85.5745,73.1614,82.411,530561.033
1616544000,82.5323,94.8169,79.7215,85.8512,590803.044
1616630400,85.8512,96.1532,84.9599,90.9477,647735.329
1616716800,90.9987,129,90.9408,124.6093,1215931.147
1616803200,124.6093,139.6531,119.6704,132.5678,1279466.772
1616889600,132.5194,133.78,120.5001,125.2239,721329.376
1616976000,125.21,130.3595,123.8,127.2168,267196.505
1617062400,127.2888,153.7957,124.6421,149.682,639335.224
1617148800,149.6735,198,145.1195,190.9044,1462715.398
1617235200,190.9044,237.7296,180.7749,184.5529,1816510.605
1617321600,185.4742,205.8495,160.7176,172.0358,1243408.42
1617408000,172.0654,181.0213,162.6514,178.343,643166.911
1617494400,178.343,193.9804,175.12,182.8579,586331.794
1617580800,182.8579,187.2279,171.07,176.4453,356691.125
1617667200,176.4561,178.8192,164,165.4907,372519.915
1617753600,165.6133,166.55,135.6,156.2935,968027.665
1617840000,156.2896,158.9989,146.5866,154.1613,343650.956
1617926400,154.26,175.6394,152.877,172.0482,493250.803
1618012800,172.0973,188.865,170.532,174.455,376009.425
1618099200,174.5343,183.999,172.9,178.8099,175305.316
1618185600,178.8489,181.3477,159.622,167.8672,277640.76
1618272000,167.93,169.4887,160,164.1664,261077.986
1618358400,164.2321,178.87,161.2783,168.1409,445213.441
1618444800,168.1492,175.1988,167.78,170.9483,222418.472
1618531200,170.9483,195.5519,170.9483,183.2477,738184.705
1618617600,183.303,192.6247,176.5466,180.9699,240756.061
1618704000,180.96,183.0107,129.5509,156.6258,608395.689
1618790400,156.6258,165.1995,150.5987,154.8625,199501.41
1618876800,154.7899,157.8554,144.9633,154.0091,206273.07
1618963200,153.9701,158.9668,147.1053,147.5022,200324.411
1619049600,147.5201,157.75,144.4293,145.9017,227934.633
1619136000,145.8575,147.8423,129.779,138.7355,504713.643
1619222400,138.7124,139.5502,131.2577,133.69,169055.641
1619308800,133.7718,136.8736,131.8,134.1181,120897.492
1619395200,134.1203,154.9849,133.6176,154.4109,252297.287
1619481600,154.3403,155.2449,148.3976,152.4879,166194.225
1619568000,152.5104,155.939,146.6502,151.0346,207310.193
1619654400,151.0945,152.1586,147.1018,149.8402,124780.926
1619740800,149.8477,165.0584,149.7035,164.1111,228073.818
1619827200,163.9795,167.6821,161.2279,164.4245,123184.668
1619913600,164.4585,166.98,156.4,162.5882,101500.616
1620000000,162.5402,163.9214,157.5016,160.3602,178630.854
1620086400,160.3,160.4963,136.2648,140.8413,313637.549
1620172800,140.8764,154.9388,139.7489,152.636,284868.607
1620259200,152.6902,165.8733,149.815,153.7094,364587.348
1620345600,153.6579,155,147.0712,150.4661,155941.122
1620432000,150.5186,154.3934,146.25,148.3766,196976.459
1620518400,148.3766,149.8379,140.8782,146.66,266955.491
1620604800,146.74,149.4279,129.5592,135.8501,335994.161
1620691200,135.8366,143.554,134.0042,143.1084,257542.422
1620777600,142.9953,145.7351,124.26,127.1021,384191.482
1620864000,127.1662,128.4466,81.618,117.7266,1360539.611
1620950400,117.8761,125,113.9115,120.7524,574168.695
1621036800,120.71,122.9071,110,110.5048,583825.008
1621123200,110.5582,116.1274,100.0152,107.846,688967.176
1621209600,107.846,107.9001,93.3003,99.5127,913231.448
1621296000,99.4986,106.0947,96.916,100.19,574648.368
1621382400,100.255,101.7677,54.4164,65.6758,1115370.92
1621468800,65.8749,95.8068,61.2109,88.8507,1119138.785
1621555200,88.7609,95.0772,67.9,77.1164,1275863.559
1621641600,77.09,77.531,66.6369,72.22,614532.688
1621728000,72.3385,74.7978,55.2551,64.9093,1073892.183
1621814400,64.9958,75.2485,62.3493,74.7799,1024104.401
1621900800,74.8369,80,65.9026,72.3585,1207425.231
1621987200,72.3615,75,70.1756,74.6554,790227.743
1622073600,74.6398,74.6478,69.0227,71.4599,455259.64
1622160000,71.4599,71.8384,64.9,66.81,822478.662
1622246400,66.6625,69.8805,64.7547,68.252,838317.674
1622332800,68.331,69.4623,65.2975,68.2758,510075.853
1622419200,68.25,72.9216,66.3741,72.5899,526475.398
1622505600,72.5103,73.0466,68.0001,69.1501,331604.588
1622592000,69.1501,72.0575,68.1456,70.0562,218247.689
1622678400,70.024,94.0419,69.4504,89.4733,1081874.025
1622764800,89.4346,97.9642,84.6722,87.9469,1221512.763
1622851200,88.041,93.045,85.8192,88.14,417159.535
1622937600,88.0976,89.0301,85.9829,87.0008,163458.527
1623024000,87.0901,92.1107,80.0163,82.0347,390095.487
1623110400,82.03,83.752,70.5363,76.0441,903340.648
1623196800,76.027,78.8044,70.9506,77.78,509265.003
1623283200,77.8467,79.229,71.4192,73.3593,260546.845
1623369600,73.3593,74.0669,69.6686,70.8049,210713.195
1623456000,70.7035,71.2907,66.1689,69.6994,250129.03
1623542400,69.6732,73.7638,68.6353,73.26,133399.227
1623628800,73.2465,77.7169,71.8553,74.9199,240120.254
1623715200,74.93,75.8899,71.5925,72.5723,201298.661
1623801600,72.5689,72.5689,68.5958,69.6428,242056.656
1623888000,69.69,72.0835,67.02,68.9,240227.628
1623974400,68.9127,68.95,63.5,65.7142,133207.988
1624060800,65.7396,66.886,64.2935,64.7137,79260.381
1624147200,64.7056,64.9649,59.9608,63.1511,167337.753
1624233600,63.2156,63.7031,44.9209,46.1269,727505.619
1624320000,46.1621,52.0626,42.5399,49.405,781319.077
1624406400,49.3524,59.187,47.4699,58.7646,454132.528
1624492800,58.76,59.3359,54.2244,57.145,276326.645
1624579200,57.14,57.8668,50.3707,52.0127,224467.908
1624665600,52.0597,53.2806,49.9748,53.0415,170644.403
1624752000,53.0206,56.4995,52.7054,56.1891,132568.457
1624838400,56.2058,57.9488,54.9086,56.4215,149131.754
1624924800,56.4609,66.3115,56.1769,64.523,283297.741
1625011200,64.5913,65.3873,56.3989,60.3869,316520.72
1625097600,60.4578,60.4599,55.2058,56.7039,162737.243
1625184000,56.6242,57.4623,54.94,57.1718,74136.328
1625270400,57.1701,59.9285,56.64,58.8994,62923.955
1625356800,58.9188,60.6,58.042,58.6639,56449.308
1625443200,58.6301,58.6301,54.8252,56.0903,102420.655
1625529600,56.0689,58.318,55.9789,56.98,121010.449
1625616000,56.97,58.0409,56.33,56.425,125936.188
1625702400,56.43,56.502,52.8478,53.8142,141549.954
1625788800,53.8042,55.5233,52.7668,55.2346,80513.056
1625875200,55.2307,56.0085,53.5461,54.2576,56700.057
1625961600,54.2393,55.7675,53.9008,55.0948,35263.343
1626048000,55.1256,55.45,52.0702,52.4734,114316.185
1626134400,52.4482,53.049,50.3707,50.9731,101590.776
1626220800,50.95,51.2097,48.1365,49.764,295879.641
1626307200,49.77,50.313,46.2096,47.3227,117231.021
1626393600,47.3307,48.3445,45.7826,45.814,100664.438
1626480000,45.8124,46.1732,45.1277,45.6172,54181.554
1626566400,45.6625,47.466,45.5609,46.8217,48471.786
1626652800,46.7979,47.1336,44.3589,44.6946,72122.197
1626739200,44.6945,45.0866,40.976,41.2557,151911.893
1626825600,41.221,47.8187,40.08,46.2038,152729.885
1626912000,46.2359,46.9888,44.5357,45.729,91466.047
1626998400,45.7908,47.4965,44.9069,47.3963,103849.993
1627084800,47.4237,51.3341,46.4119,49.6018,254298.098
1627171200,49.6015,50.1708,47.1612,49.063,340507.224
1627257600,49.0553,52.9964,48.8,49.0442,491355.494
1627344000,49.1047,49.9181,47.3065,49.5301,258950.524
1627430400,49.53,50.9539,48.3402,49.5682,323049.425
1627516800,49.5475,49.785,48.5001,49.4531,113365.913
1627603200,49.4532,51.3702,48.6625,51.2903,128972.421
1627689600,51.3282,52.8608,50.3645,52.0501,228016.276
1627776000,52.0371,58.3209,51.6268,53.9016,633866.843
1627862400,53.8695,55.9923,53.1123,54.4526,272284.074
1627948800,54.4418,55.0667,52.739,54.2495,197238.298
1628035200,54.3138,57.3184,53.9783,56.4619,245760.025
1628121600,56.519,58.2069,55.0099,57.8907,230391.932
1628208000,57.91,64.9654,57.1979,64.2,526479.715
1628294400,64.1805,70.8567,63.7228,69.2871,679656.73
1628380800,69.34,69.47,63.4296,64.5365,484957.883
1628467200,64.5574,68.185,61.4748,67.61,516425.331
1628553600,67.5101,69.76,65.0109,66.7314,365208.873
1628640000,66.8194,74.0564,66.7242,71.805,611337.838
1628726400,71.805,75.0883,66.1321,68.4295,830371.378
1628812800,68.3742,74.8251,68.3202,74.5041,448605.523
1628899200,74.5464,75.0508,70.2344,72.5531,447534.229
1628985600,72.5631,74.5113,70.1673,73.2205,377687.314
1629072000,73.2539,75.89,72.2812,73.26,495821.336
1629158400,73.1808,74.6714,69,69.3774,492947.451
1629244800,69.3089,70.0582,66.0324,67.4333,496489.341
1629331200,67.5021,70.5577,66.3,70.5577,195106.384
1629417600,70.5417,73.7687,69.7242,73.1063,233974.533
1629504000,73.034,79.2501,71.4764,78.4553,418555.799
1629590400,78.4361,79.1967,75.1159,77.1929,214077.1
1629676800,77.19,82.5326,76.6369,79.75,346225.922
1629763200,79.7066,80.3465,72.0001,74.3381,397760.612
1629849600,74.2648,77.9298,72.4214,76.5259,348521.528
1629936000,76.5888,78.7647,71.4,72.3347,334013.398
1630022400,72.2991,75.7711,70.4105,75.2657,210200.275
1630108800,75.2722,75.4737,72.939,73.9986,141242.459
1630195200,74.0123,75.4562,72.5021,73.7447,128957.269
1630281600,73.7283,74.2688,70.9869,71.1833,143189.87
1630368000,71.1617,77.8649,70.4525,75.9753,382832.108
1630454400,75.91,78.8,75.299,78.6623,378228.692
1630540800,78.6895,79.6165,77.0457,77.3892,261545.98
1630627200,77.3972,79.2986,75.7628,77.6829,228702.988
1630713600,77.6751,96.6835,77.5222,95.0879,755215.125
1630800000,95.1489,120.3054,91.9496,113.6299,1267087.049
1630886400,113.6401,118.5876,103.9402,106.3042,924589.478
1630972800,106.2972,110.867,71,84.3707,1165059.16
1631059200,84.4763,94.0189,76.0014,88.4365,1189765.957
1631145600,88.4127,94.1647,85.1142,88.6027,882148.424
1631232000,88.657,91.8216,78.8064,82.4663,586932.888
1631318400,82.402,84.9999,80.1242,81.6259,344350.598
1631404800,81.6242,87.0387,80.7038,83.6347,305286.342
1631491200,83.6704,84.5703,73,77.9757,471675.647
1631577600,77.9202,81.8852,77.4843,80.7942,232086.277
1631664000,80.7942,87.4767,80.1608,86.2968,487979.133
1631750400,86.1862,90.6787,82.2652,84.7343,540482.709
1631836800,84.7397,86.6952,80.608,85.8011,414731.937
1631923200,85.8148,87.3515,82.6707,84.2967,261212.651
1632009600,84.322,85.1567,81.5759,83.5543,189160.303
1632096000,83.5974,83.6586,71.4128,74.4014,499392.494
1632182400,74.422,76.6151,68.1691,69.5089,374769.137
1632268800,69.5223,75.0489,68.6475,74.5267,307680.232
1632355200,74.5171,75.6,71.8628,74.6622,279624.822
1632441600,74.6206,74.9764,60.2219,63.3609,715612.52
1632528000,63.3667,63.9373,58.8449,60.467,554878.746
1632614400,60.467,60.6987,50.007,55.8459,1140952.883
1632700800,55.7938,63.2,54.7475,59.0303,894105.379
1632787200,58.9884,59.5819,55.0731,55.297,527631.194
1632873600,55.2947,58.5269,55.2162,57.0425,378855.114
1632960000,57.0067,61.1984,56.8267,60.075,467415.834
1633046400,60.031,73.3385,59.6422,71.5018,584310.345
1633132800,71.5107,74,68.3671,69.7208,672581.224
1633219200,69.7072,70.8686,67.6629,69.1321,434152.256
1633305600,69.0692,70.6896,65.7008,69.804,484520.493
1633392000,69.8864,72.9901,68.5026,71.0043,392071.31
1633478400,70.9488,74.7737,66.6676,71.84,576450.258
1633564800,71.7884,74.0407,68.9163,71.4543,474100.22
1633651200,71.4808,81.2578,70.6194,79.5547,673304.14
1633737600,79.5547,80.639,75.1904,77.0231,500772.183
1633824000,77.0237,77.0877,69.0757,69.8766,436925.581
1633910400,69.8212,74.6882,69.0135,73.5112,530536.068
1633996800,73.5416,73.5506,66.1602,69.7772,419419.281
1634083200,69.6803,70.7233,60.7594,68.2547,718440.808
1634169600,68.299,71.9025,67.21,70.3648,424171.446
1634256000,70.3902,70.3902,65.0746,67.3144,439542.709
1634342400,67.3085,69.2143,66.0946,66.4994,312769.868
1634428800,66.5369,67.1224,61.2962,63.8848,383315.8
1634515200,63.8639,65.0626,61.3651,63.4931,323019.655
1634601600,63.4551,64.0965,62.0608,62.9684,232187.322
1634688000,62.9948,68.2053,62.5258,67.1392,348549.249
1634774400,67.0891,68.1754,63.3262,63.6277,457198.353
1634860800,63.6059,66.9141,63.6058,65.9799,357947.001
1634947200,65.9277,66.3759,63.9326,64.8028,206207.943
1635033600,64.8244,65.1101,61.255,62.5854,220918.505
1635120000,62.6483,65.3843,62.3,63.9361,290798.13
1635206400,63.9361,65.3679,62.04,62.8075,384122.594
1635292800,62.8281,63.2074,52.1176,55.397,688573.785
1635379200,55.4459,59.2456,54.6584,58.1557,563359.395
1635465600,58.1536,62.8963,57.92,60.2211,681859.958
1635552000,60.1932,61.4678,57.4282,61.4501,302168.939
1635638400,61.4742,66.8396,59.2881,64.4726,1061905.603
1635724800,64.4993,64.5173,60.7116,63.8707,336533.076
1635811200,63.9194,66.4413,63.4659,64.6853,421547.817
1635897600,64.638,65.9505,61.5451,64.0199,385986.895
1635984000,64.0506,64.5383,61.1783,62.5012,275948.515
1636070400,62.5109,64.5143,61.5197,63.5485,346007.978
1636156800,63.5388,63.724,58.1132,61.957,399203.177
1636243200,61.937,62.6644,61.14,62.6022,199174.68
1636329600,62.6022,64.9608,62.25,64.2738,367410.732
1636416000,64.2455,69.5,63.5304,66.7251,790013.799
1636502400,66.7299,69.6359,58.5481,63.5555,815176.726
1636588800,63.5555,64.4962,61.7235,62.7615,287540.386
1636675200,62.7434,65.5086,61.1152,62.8864,341884.267
1636761600,62.9214,63.647,62.2176,62.9269,148497.808
1636848000,62.9409,63.4703,61.0374,62.5781,190599.338
1636934400,62.6039,63.4284,60.2049,60.9423,185994.31
1637020800,60.9378,60.9378,52.2,56.1637,733341.027
1637107200,56.1694,56.8598,54.1021,56.178,318682.895
1637193600,56.1496,58.1358,48.6662,51.7389,762059.794
1637280000,51.7441,54.5061,51.17,53.7582,368657.359
1637366400,53.7611,55.2731,52.2734,54.4207,248878.731
1637452800,54.4363,54.5349,53.03,53.1708,147499.313
1637539200,53.202,53.4656,51.43,51.7914,259148.479
1637625600,51.8256,52.168,50.3654,51.7369,208957.792
1637712000,51.7341,51.8382,48.6366,50.6585,330157.858
1637798400,50.6455,56.115,49.8335,55.4332,413843.404
1637884800,55.4461,59.5,51.2717,52.8845,817462.287
1637971200,52.809,59.4167,52.5808,57.7684,496664.278
1638057600,57.7856,57.8684,52.4777,56.5082,444387.774
1638144000,56.4864,57.2325,53.9113,54.6789,172928.983
1638230400,54.6988,55.6955,53.1252,53.7373,249317.949
1638316800,53.7997,55.8662,53.5667,54.3908,357544.852
1638403200,54.3979,54.3979,52.6304,53.7752,312121.303
1638489600,53.7739,53.9011,48.233,49.723,469855.398
1638576000,49.7333,49.7617,32.9519,41.11,1894025.31
1638662400,41.0574,41.7761,36.9433,39.1502,1072880.392
1638748800,39.1686,39.694,35.5678,38.7751,1222779.42
1638835200,38.7513,40.0287,38.5911,39.1049,727033.83
1638921600,39.1542,43.6448,38.8359,41.4079,1125286.899
1639008000,41.4071,41.6433,37.0107,37.4908,742611.208
1639094400,37.5,41.36,37.44,39.88,938553.001
1639180800,39.84,40.54,38.65,40.44,723211.709
1639267200,40.44,40.56,38.72,39.68,427615.205
1639353600,39.68,40.08,35.27,35.85,615849.898
1639440000,35.88,37.31,35.26,36.76,460674.741
1639526400,36.75,38.93,35.63,38.22,432529.626
1639612800,38.21,38.55,36.94,37.21,264032.301
1639699200,37.24,39,35.37,35.66,742325.542
1639785600,35.66,36.78,35.27,36.36,367189.265
1639872000,36.37,36.73,35.75,35.79,278670.626
1639958400,35.78,35.95,33.68,34.86,581122.687
1640044800,34.86,35.91,34.32,35.37,396548.287
1640131200,35.37,36.46,35.1,35.63,671794.791
1640217600,35.64,38.06,35.14,37.35,733081.036
1640304000,37.34,37.75,36.02,36.47,606053.549
1640390400,36.5,37.34,36.21,37.02,381961.294
1640476800,37.02,37.73,35.54,37.29,535569.005
1640563200,37.32,41.28,36.93,39.2,1060980.722
1640649600,39.22,39.85,35.86,36.25,1221014.626
1640736000,36.27,36.76,33.87,34.21,857531.875
1640822400,34.2,35.84,33.32,34.94,666970.346
1640908800,34.93,35.73,32.89,34.24,714090.402
1640995200,34.27,35.98,34.26,35.88,374985.129
1641081600,35.93,36.49,35.21,35.72,412568.579
1641168000,35.7,35.77,34.38,35.08,441454.16
1641254400,35.11,38.22,34.44,36.16,1147767.045
1641340800,36.17,38.5,31.08,33.09,1161254.744
1641427200,33.12,33.49,32.04,32.98,431580.022
1641513600,32.96,33.05,29.7,31.53,746915.727
1641600000,31.55,32.19,28.31,29.46,528037.035
1641686400,29.48,31.59,29.28,30.18,341746.693
1641772800,30.19,30.37,26.333,28.14,447919.861
1641859200,28.14,29.27,27.79,28.88,192895.307
1641945600,28.9,30.88,28.49,30.76,300569.426
1642032000,30.74,30.85,28.42,28.51,333559.221
1642118400,28.5,29.89,28.05,29.72,426812.547
1642204800,29.77,30.6,29.34,29.69,289526.649
1642291200,29.68,31.48,29.63,30.41,436990.369
1642377600,30.46,30.46,28.52,28.99,248744.055
1642464000,28.99,29.34,27.67,28.48,362462.258
1642550400,28.47,28.73,27.22,27.64,276249.408
1642636800,27.66,28.69,26.01,26.19,221083.6
1642723200,26.19,26.59,21.1,21.96,714019.49
1642809600,21.95,22.62,16.92,19.01,1035453.723
1642896000,19,20.25,18.34,19.51,706414.424
1642982400,19.51,19.51,16.84,18.42,811427.94
1643068800,18.42,18.56,17.73,18.16,475189.995
1643155200,18.16,20.44,18.02,19.28,892294.623
1643241600,19.28,20,18.08,19.21,631491.387
1643328000,19.16,19.86,18.51,19.63,484207.695
1643414400,19.63,20.79,19.38,20.29,516594.318
1643500800,20.28,20.89,19.49,19.84,345510.623
1643587200,19.86,21.72,18.99,21.3,624297.714
1643673600,21.31,21.61,20.6,20.92,287779.468
1643760000,20.92,21.45,19.99,20.19,361489.78
1643846400,20.17,20.57,19.54,20.37,406735.571
1643932800,20.35,21.72,20.2,21.63,488590.28
1644019200,21.65,22.81,21.37,21.97,501786.846
1644105600,21.97,22.6,21.56,22.47,521045.278
1644192000,22.47,24.68,22.06,24.52,771447.941
1644278400,24.52,26.25,23.11,24.64,1368462.084
1644364800,24.65,24.86,23.45,24.32,325911.653
1644451200,24.3,24.83,22.84,23.14,664177.181
1644537600,23.11,23.4,20.84,21.09,629410.197
1644624000,21.09,21.4,20.29,20.89,467636.847
1644710400,20.84,21.19,20.42,20.61,325181.751
1644796800,20.62,21.08,19.94,20.73,223113.428
1644883200,20.74,22.53,20.68,22.36,231301.964
1644969600,22.35,23.6,21.52,23.08,506306.75
1645056000,23.09,23.41,20.18,20.54,539136.459
1645142400,20.53,21.36,20.17,21.02,420811.993
1645228800,21.02,21.27,20.09,20.82,290504.45
1645315200,20.81,20.87,19.35,19.82,214999.174
1645401600,19.82,20.48,18.51,18.64,282141.365
1645488000,18.63,19.25,18.05,19.21,346068.902
1645574400,19.19,19.61,18.42,18.43,211327.099
1645660800,18.46,18.85,16.73,18.44,505508.208
1645747200,18.45,19.22,18.12,18.92,211053.336
1645833600,18.92,19.47,18.54,19.07,254062.547
1645920000,19.07,21.36,18.4,20.33,624687.288
1646006400,20.31,21.93,19.71,21.72,617389.027
1646092800,21.73,22.27,20.53,20.99,476921.327
1646179200,20.97,21.69,20.21,20.72,455172.45
1646265600,20.71,20.98,19.54,20.12,235340.628
1646352000,20.13,20.3,18.45,18.81,401331.895
1646438400,18.82,19.22,18.27,19.09,215095.344
1646524800,19.08,19.28,18.34,18.46,220088.946
1646611200,18.42,18.9,17.11,17.82,375022.528
1646697600,17.83,18.32,17.68,18.04,264463.049
1646784000,18.04,19.28,17.97,18.83,341487.515
1646870400,18.85,18.87,17.32,17.87,551061.234
1646956800,17.87,18.07,17.17,17.36,450616.296
1647043200,17.34,18.49,17.34,17.7,425316.817
1647129600,17.71,18.06,17.04,17.25,203199.776
1647216000,17.24,17.69,17.07,17.46,206167.635
1647302400,17.45,17.52,16.45,16.79,233630.295
1647388800,16.8,17.95,16.74,17.43,348434.916
1647475200,17.44,17.8,17.24,17.44,199450.066
1647561600,17.44,17.84,17.09,17.61,251047.805
1647648000,17.61,18.41,17.56,18.23,791071.54
1647734400,18.23,18.3,17.21,17.66,280036.166
1647820800,17.67,17.98,17.35,17.84,168668.027
1647907200,17.82,18.7,17.76,18.31,322230.527
1647993600,18.31,19.63,18.28,19.33,612723.306
1648080000,19.35,19.81,18.91,19.62,510076.637
1648166400,19.62,19.71,18.38,18.85,355489.746
1648252800,18.86,19.45,18.64,19.45,231333.23
1648339200,19.46,24.09,18.94,23.71,1075653.202
1648425600,23.7,27.87,23.46,25.29,2377706.18
1648512000,25.31,28.14,24.8,26.33,1501587.446
1648598400,26.34,26.59,24.73,25.91,861865.515
1648684800,25.91,27.54,24.07,24.45,881956.644
1648771200,24.47,26.15,22.94,25.49,805349.061
1648857600,25.47,26.73,23.76,23.93,539024.495
1648944000,23.94,25.89,23.6,25.44,417432.716
1649030400,25.42,25.76,23.68,25.24,551225.545
1649116800,25.27,26.56,24.52,24.87,607891.397
1649203200,24.89,24.9,21.54,21.76,672484.21
1649289600,21.74,22.69,21.41,22.48,337749.029
1649376000,22.48,22.93,21,21.3,586074.383
1649462400,21.3,21.76,21.17,21.73,181806.023
1649548800,21.73,21.85,20.84,21.01,178712.649
1649635200,20.98,21.07,18,18.32,600601.024
1649721600,18.32,19.71,18.27,19.46,545056.025
1649808000,19.46,19.59,18.75,19.4,199670.862
1649894400,19.4,19.79,18.45,18.67,503102.789
1649980800,18.67,19.19,18.66,19.06,281599.28
1650067200,19.06,22.14,18.87,21.65,494162.6
1650153600,21.65,21.8,19.57,19.7,599863.666
1650240000,19.7,19.94,18.42,19.64,554140.554
1650326400,19.63,21.17,19.39,20.42,395591.071
1650412800,20.4,20.73,19.38,19.58,540874.167
1650499200,19.58,20.25,18.5,18.85,475801.139
1650585600,18.84,19.52,18.7,19.29,388224.345
1650672000,19.3,19.57,18.8,18.92,255117.008
1650758400,18.93,19.38,18.65,18.92,125408.398
1650844800,18.95,18.95,17.46,18.66,393557.496
1650931200,18.65,18.77,17,17.31,246511.073
1651017600,17.29,18.01,17.23,17.69,161018.882
1651104000,17.69,18.51,17.5,18.09,202294.177
1651190400,18.08,18.2,17,17.32,199112.424
1651276800,17.31,18.02,11.75,14.23,728961.911
1651363200,14.23,15.68,13.9,15.1,956319.437
1651449600,15.1,15.28,14.1,14.65,347453.714
1651536000,14.63,14.97,14.23,14.63,285219.138
1651622400,14.59,15.95,14.54,15.72,365814.789
1651708800,15.71,15.86,13.32,13.96,587093.51
1651795200,13.95,14.14,13.35,13.87,370178.286
1651881600,13.87,13.93,12.8,13.24,422552.376
1651968000,13.23,13.44,12.85,13.12,447560.865
1652054400,13.12,13.3,10.75,10.99,683196.083
1652140800,11,12.51,10.53,11.36,1251959.072
1652227200,11.35,11.56,8.15,8.58,1452728.172
1652313600,8.57,9.03,6.35,8.09,1141618.318
1652400000,8.08,9.47,7.86,8.73,1072221.141
1652486400,8.73,9.1,8.02,8.8,330556.754
1652572800,8.79,9.23,8.46,9.16,279130.326
1652659200,9.16,9.16,8.17,8.3,248281.965
1652745600,8.3,8.89,8.17,8.56,312261.891
1652832000,8.56,8.71,7.48,7.59,424377.333
1652918400,7.6,8.29,7.35,8.19,622989.071
1653004800,8.18,8.33,7.68,7.92,173896.44
1653091200,7.92,8.33,7.74,8.17,220947.736
1653177600,8.18,8.5,8,8.44,280796.492
1653264000,8.44,9.49,8.01,8.16,614431.165
1653350400,8.16,8.53,7.99,8.4,386332.4
1653436800,8.41,8.58,8.05,8.18,351811.753
1653523200,8.16,8.29,7.31,7.62,520023.705
1653609600,7.63,7.72,7.13,7.21,512033.464
1653696000,7.22,7.59,7.16,7.54,350344.915
1653782400,7.53,7.8,7.32,7.61,314387.941
1653868800,7.62,8.3,7.54,8.2,333215.749
1653955200,8.2,8.36,7.81,8.09,311879.827
1654041600,8.1,8.18,7.3,7.42,450772.307
1654128000,7.43,7.802,7.3,7.73,169514.934
1654214400,7.738,7.749,7.241,7.39,218648.294
1654300800,7.39,7.511,7.21,7.46,206189.131
1654387200,7.453,7.557,7.262,7.362,175483.815
1654473600,7.362,7.872,7.358,7.556,205591.133
1654560000,7.541,7.653,7,7.315,336292.034
1654646400,7.316,7.45,7.138,7.184,224303.644
1654732800,7.167,7.329,7.075,7.211,191571.221
1654819200,7.211,7.235,6.73,6.806,336544.406
1654905600,6.808,6.906,6.056,6.102,603954.832
1654992000,6.098,6.176,5.587,5.672,466012.906
1655078400,5.676,5.824,5.11,5.329,1303122.606
1655164800,5.32,5.71,4.999,5.468,784331.258
1655251200,5.469,5.872,5.055,5.867,849513.704
1655337600,5.869,5.936,5.2,5.302,345208.623
1655424000,5.294,5.465,5.273,5.33,247395.153
1655510400,5.329,5.405,4.793,5.107,567571.034
1655596800,5.121,5.539,4.982,5.48,359012.386
1655683200,5.482,5.682,5.282,5.451,619016.406
1655769600,5.446,6.399,5.391,5.965,727765.79
1655856000,5.965,5.965,5.441,5.514,579058.755
1655942400,5.516,5.913,5.502,5.789,473122.287
1656028800,5.796,6.298,5.746,6.109,556976.647
1656115200,6.108,6.293,5.845,6.08,354188.214
1656201600,6.078,6.34,5.803,5.821,436312.195
1656288000,5.816,6.108,5.646,5.773,385327.815
1656374400,5.771,5.956,5.425,5.52,316475.159
1656460800,5.518,5.592,5.352,5.448,337982.152
1656547200,5.435,5.498,5.08,5.397,361664.971
1656633600,5.398,5.55,5.224,5.342,521178.672
1656720000,5.335,5.39,5.207,5.334,205778.091
1656806400,5.329,5.385,5.18,5.298,259913.66
1656892800,5.299,5.598,5.203,5.556,265030.401
1656979200,5.561,5.622,5.312,5.48,319684.403
1657065600,5.48,5.664,5.422,5.561,324850.248
1657152000,5.562,5.864,5.526,5.796,414520.663
1657238400,5.814,5.925,5.563,5.727,285871.828
1657324800,5.731,5.899,5.68,5.796,222022.294
1657411200,5.787,5.796,5.432,5.485,235157.159
1657497600,5.469,5.481,5.14,5.182,274693.209
1657584000,5.181,5.279,5.05,5.074,187390.951
1657670400,5.08,5.31,4.99,5.287,467791.187
1657756800,5.287,5.411,5.153,5.36,221215.348
1657843200,5.359,5.456,5.204,5.225,288423.602
1657929600,5.228,5.448,5.159,5.402,326758.314
1658016000,5.401,5.968,5.368,5.685,783549.201
1658102400,5.686,6.158,5.626,5.939,990336.916
1658188800,5.937,6.265,5.645,6.047,946000.372
1658275200,6.048,6.181,5.473,5.583,1020787.242
1658361600,5.579,5.734,5.384,5.618,635489.399
1658448000,5.62,5.798,5.423,5.482,565621.192
1658534400,5.483,5.658,5.393,5.575,467463.887
1658620800,5.577,5.919,5.542,5.638,426449.744
1658707200,5.638,5.682,5.214,5.238,385552.649
1658793600,5.239,5.324,5.099,5.319,417018.77
1658880000,5.316,5.663,5.22,5.663,414664.623
1658966400,5.656,6.06,5.556,5.93,1048555.549
1659052800,5.93,6.216,5.778,5.966,1045751.25
1659139200,5.975,8.912,5.957,8.034,4833693.892
1659225600,8.036,10.7,7.925,9.778,5263887.264
1659312000,9.781,11.37,8.364,8.776,5381137.09
1659398400,8.786,8.881,7.67,8.196,4529094.778
1659484800,8.203,8.76,7.922,8.086,2192899.039
1659571200,8.076,8.629,7.864,8.092,1649443.021
1659657600,8.091,8.416,8.048,8.341,1353461.323
1659744000,8.334,9.519,8.167,9.445,2415322.398
1659830400,9.444,9.452,8.653,8.792,1113431.653
1659916800,8.793,9.417,8.491,8.73,1159980.523
1660003200,8.726,8.841,7.838,8.042,1850227.544
1660089600,8.037,8.559,7.737,8.295,1351718.162
1660176000,8.294,9.014,8.232,8.352,1229314.681
1660262400,8.356,8.814,8.171,8.769,870713.246
1660348800,8.771,8.881,8.25,8.374,1076103.187
1660435200,8.375,8.799,7.982,8.238,1220835.254
1660521600,8.237,8.59,8.008,8.417,1097420.76
1660608000,8.417,8.831,8.155,8.426,1571495.457
1660694400,8.428,8.9,7.982,8.195,1327321.313
1660780800,8.188,8.287,6.759,7.478,1016785.537
1660867200,7.481,7.573,6.357,6.466,2112951.947
1660953600,6.466,6.721,6.058,6.255,1084079.204
1661040000,6.259,6.579,6.213,6.418,751812.182
1661126400,6.417,6.425,6.03,6.323,885678.483
1661212800,6.325,6.444,6.116,6.378,606482.728
1661299200,6.382,6.595,6.173,6.275,880611.095
1661385600,6.275,6.492,6.254,6.356,802193.398
1661472000,6.35,6.359,5.565,5.663,1394723.044
1661558400,5.661,5.865,5.589,5.83,690955.265
1661644800,5.826,5.884,5.596,5.639,423448.032
1661731200,5.643,6.053,5.528,6.017,745398.907
1661817600,6.032,6.106,5.577,5.711,1121385.486
1661904000,5.713,5.887,5.676,5.746,1031680.705
1661990400,5.746,5.809,5.594,5.77,429818.406
1662076800,5.774,5.988,5.686,5.827,502738.744
1662163200,5.826,6.638,5.798,6.507,1743190.543
1662249600,6.508,6.646,6.136,6.265,890522.947
1662336000,6.265,6.335,5.921,6.141,882966.478
1662422400,6.144,6.301,5.53,5.599,1569844.093
1662508800,5.601,5.943,5.521,5.857,994647.906
1662595200,5.858,5.954,5.706,5.874,951742.353
1662681600,5.871,6.486,5.858,6.379,2313524.679
1662768000,6.383,6.57,6.206,6.362,1025997.579
1662854400,6.368,6.985,6.162,6.411,1152746.102
1662940800,6.405,6.797,6.327,6.546,1565023.971
1663027200,6.546,6.552,5.807,5.88,1595963.57
1663113600,5.873,6.019,5.75,5.956,904067.804
1663200000,5.955,5.975,5.638,5.726,780021.139
1663286400,5.716,5.856,5.649,5.825,595938.654
1663372800,5.823,5.956,5.792,5.909,493274.606
1663459200,5.909,5.92,5.125,5.25,806743.365
1663545600,5.252,5.523,5.136,5.476,566714.513
1663632000,5.486,5.518,5.27,5.314,554389.516
1663718400,5.312,5.631,5.1,5.247,900722.561
1663804800,5.251,5.567,5.233,5.522,600074.669
1663891200,5.524,5.825,5.326,5.695,859573.778
1663977600,5.705,5.798,5.508,5.568,534741.336
1664064000,5.567,5.905,5.51,5.713,658941.023
1664150400,5.718,5.802,5.514,5.696,719364.792
1664236800,5.697,6.15,5.592,5.73,1289397.595
1664323200,5.73,6.055,5.55,5.851,777396.923
1664409600,5.853,5.949,5.665,5.782,621603.686
1664496000,5.787,5.841,5.615,5.683,972420.941
1664582400,5.68,5.698,5.47,5.52,577223.386
1664668800,5.52,5.572,5.339,5.384,483008.929
1664755200,5.38,5.55,5.29,5.523,601373.683
1664841600,5.519,5.654,5.486,5.606,731120.677
1664928000,5.602,5.655,5.437,5.585,677123.669
1665014400,5.589,5.653,5.461,5.485,644450.456
1665100800,5.482,5.533,5.374,5.473,397652.453
1665187200,5.473,5.507,5.351,5.397,203112.276
1665273600,5.395,5.482,5.382,5.434,167871.241
1665360000,5.434,5.485,5.09,5.154,619146.652
1665446400,5.15,5.231,4.985,5.133,598551.259
1665532800,5.133,5.222,5.102,5.146,542492.564
1665619200,5.146,5.179,4.64,5.141,1441286.309
1665705600,5.138,5.32,5,5.068,770720.937
1665792000,5.066,5.285,4.971,5.194,1095365.095
1665878400,5.194,5.281,5.093,5.156,720285.322
1665964800,5.154,5.275,5.091,5.256,765580.493
1666051200,5.259,5.278,5.05,5.134,808374.651
1666137600,5.132,5.146,4.917,4.974,557121.201
1666224000,4.971,5.093,4.9,4.938,563432.417
1666310400,4.935,4.991,4.804,4.963,709952.969
1666396800,4.963,4.998,4.903,4.959,268112.177
1666483200,4.96,5.164,4.943,5.121,629896.467
1666569600,5.12,5.147,4.911,4.949,616853.524
1666656000,4.95,5.317,4.912,5.183,1073355.767
1666742400,5.191,5.377,5.176,5.249,1079554.918
1666828800,5.259,5.517,5.192,5.231,1220805.686
1666915200,5.23,5.496,5.114,5.366,1160829.189
1667001600,5.366,5.903,5.342,5.714,1676508.727
1667088000,5.715,5.752,5.277,5.391,1193530.361
1667174400,5.392,5.516,5.298,5.425,1071524.137
1667260800,5.426,5.505,5.328,5.366,1073718.05
1667347200,5.365,5.429,5.096,5.223,1104782.666
1667433600,5.222,6.239,5.215,5.784,2553592.174
1667520000,5.786,6.324,5.742,6.149,1583428.863
1667606400,6.15,6.551,6.008,6.163,1074797.516
1667692800,6.165,6.393,5.774,5.822,1006444.325
1667779200,5.822,5.95,5.599,5.726,917389.694
1667865600,5.73,5.857,4.163,4.804,2070519.334
1667952000,4.811,4.873,3.972,4.143,2227506.711
1668038400,4.144,4.771,4.077,4.62,2253893.527
1668124800,4.616,4.667,4.186,4.466,1188624.714
1668211200,4.476,4.486,4.212,4.266,927470.913
1668297600,4.266,4.443,4.203,4.278,1294925.768
1668384000,4.275,4.397,4.063,4.325,1514749.544
1668470400,4.325,4.5,4.268,4.383,424711.274
1668556800,4.387,4.545,4.256,4.328,1614384.211
1668643200,4.331,4.392,4.221,4.313,1153482.52
1668729600,4.31,4.411,4.274,4.341,1002809.872
1668816000,4.341,4.423,4.244,4.379,470472.861
1668902400,4.377,4.45,4.096,4.161,1098296.731
1668988800,4.159,4.222,4.034,4.162,958668.796
1669075200,4.163,4.354,4.087,4.318,903849.774
1669161600,4.316,4.484,4.29,4.439,1242790.772
1669248000,4.439,4.454,4.339,4.388,1417118.39
1669334400,4.387,4.397,4.244,4.295,966221.398
1669420800,4.295,4.402,4.269,4.303,577913.251
1669507200,4.299,4.508,4.293,4.339,1098419.927
1669593600,4.336,4.383,4.13,4.253,977436.896
1669680000,4.252,4.402,4.217,4.347,608243.674
1669766400,4.35,4.501,4.232,4.419,1095763.529
1669852800,4.418,4.481,4.347,4.393,621448.957
1669939200,4.396,4.705,4.346,4.647,935532.966
1670025600,4.649,4.69,4.383,4.428,579883.36
1670112000,4.426,4.6,4.421,4.574,385122.093
1670198400,4.574,4.623,4.46,4.522,551180.695
1670284800,4.525,4.626,4.493,4.591,579095.808
1670371200,4.594,4.6,4.185,4.351,1375314.529
1670457600,4.35,4.441,4.33,4.395,829151.279
1670544000,4.398,4.465,4.379,4.437,452159.011
1670630400,4.437,4.448,4.36,4.378,402575.593
1670716800,4.379,4.419,4.24,4.285,337311.551
1670803200,4.282,4.291,4.17,4.268,520590.953
1670889600,4.268,4.363,4.118,4.322,647647.22
1670976000,4.325,4.372,4.172,4.229,732379.633
1671062400,4.229,4.243,4.092,4.15,1158387.337
1671148800,4.149,4.182,2.371,3.057,2644476.657
1671235200,3.052,3.399,2.864,3.196,3113534.412
1671321600,3.198,3.204,3.022,3.048,1608299.688
1671408000,3.048,3.107,2.677,2.815,2808537.902
1671494400,2.814,3.118,2.801,2.975,2581477.67
1671580800,2.975,3.006,2.882,2.978,1464756.913
1671667200,2.976,3.008,2.887,2.996,1286990.981
1671753600,2.997,3.037,2.945,2.969,743662.354
1671840000,2.969,2.991,2.919,2.934,586579.803
1671926400,2.931,2.97,2.896,2.962,594757.872
1672012800,2.964,3.007,2.944,3.001,457816.165
1672099200,3.003,3.318,2.958,3.071,1706651.503
1672185600,3.072,3.1,2.909,2.99,1221092.452
1672272000,2.992,3.039,2.919,2.977,975555.32
1672358400,2.978,2.993,2.918,2.983,769551.026
1672444800,2.984,3.116,2.959,3.008,704267.444
1672531200,3.008,3.148,2.99,3.11,772858.683
1672617600,3.11,3.218,3.032,3.149,1173772.833
1672704000,3.149,3.194,3.02,3.093,1295040.136
1672790400,3.096,3.525,3.088,3.357,1840361.907
1672876800,3.355,3.361,3.225,3.286,838775.198
1672963200,3.288,3.354,3.203,3.34,989452.318
1673049600,3.34,3.398,3.278,3.298,722996.86
1673136000,3.303,3.463,3.274,3.448,950477.482
1673222400,3.448,3.952,3.433,3.775,2921677.084
1673308800,3.778,3.861,3.64,3.761,1181280.17
1673395200,3.76,3.782,3.536,3.733,1243592.996
1673481600,3.735,3.877,3.569,3.855,1229283.371
1673568000,3.859,4.11,3.739,4.019,1268382.854
1673654400,4.019,4.874,3.957,4.809,3144021.496
1673740800,4.806,4.992,4.454,4.701,2836696.656
1673827200,4.704,4.858,4.416,4.573,1215452.947
1673913600,4.572,4.883,4.424,4.629,1481943.476
1674000000,4.638,4.742,4.219,4.25,1477838.777
1674086400,4.249,4.436,4.249,4.399,940947.593
1674172800,4.399,4.784,4.342,4.738,1200939.806
1674259200,4.743,5.214,4.689,4.95,2497231.881
1674345600,4.954,5.787,4.903,5.429,1824271.074
1674432000,5.426,5.775,5.154,5.425,1768202.471
1674518400,5.422,5.554,4.842,4.995,1692899.602
1674604800,4.997,5.703,4.81,5.452,2037864.814
1674691200,5.453,5.667,5.183,5.437,2097793.642
1674777600,5.44,5.489,5.18,5.397,1367608.518
1674864000,5.4,5.608,5.179,5.276,1130218.073
1674950400,5.277,5.572,5.258,5.479,1170935
1675036800,5.48,5.53,4.85,5.102,1596953.217
1675123200,5.102,5.439,5.004,5.231,1072703.54
1675209600,5.226,5.787,5.05,5.703,1498407.389
1675296000,5.705,5.87,5.446,5.481,2083220.398
1675382400,5.48,5.78,5.413,5.678,796857.915
1675468800,5.675,5.726,5.483,5.526,549446.042
1675555200,5.52,5.55,5.162,5.303,949118.335
1675641600,5.301,5.402,5.076,5.126,611731.989
1675728000,5.127,5.564,5.12,5.536,1169842.766
1675814400,5.536,5.709,5.259,5.452,1608805.667
1675900800,5.453,5.516,4.619,4.788,2783362.721
1675987200,4.789,5.009,4.721,4.848,1399649.388
1676073600,4.848,5.12,4.839,5.101,811021.097
1676160000,5.1,5.153,4.851,4.919,1098627.615
1676246400,4.918,4.964,4.683,4.872,938756.411
1676332800,4.872,5.104,4.754,5.093,968713.557
1676419200,5.093,5.496,5.006,5.482,1570430.182
1676505600,5.488,6,5.358,5.404,2382232.689
1676592000,5.406,7.898,5.399,7.624,5129064.368
1676678400,7.624,7.977,7.272,7.533,2576146.331
1676764800,7.534,9.5,7.533,8.467,4295857.647
1676851200,8.473,8.717,8.064,8.53,2757979.547
1676937600,8.534,8.688,7.704,8.179,2289820.021
1677024000,8.183,9.183,7.522,8.031,5067463.589
1677110400,8.031,8.281,7.628,7.849,2655729.764
1677196800,7.852,8.055,6.608,6.858,3439503.467
1677283200,6.849,7,6.342,6.708,1553633.398
1677369600,6.707,6.994,6.643,6.904,911374.802
1677456000,6.903,7.271,6.668,6.852,1043823.769
1677542400,6.852,6.883,6.316,6.489,1076339.309
1677628800,6.49,7.294,6.416,7.251,2149953.002
1677715200,7.241,7.36,6.645,6.906,1129431.127
1677801600,6.904,6.972,5.928,6.258,2030695.527
1677888000,6.257,6.324,5.782,5.926,942525.278
1677974400,5.925,6.282,5.878,6.134,749590.529
1678060800,6.131,6.247,6.006,6.098,651364.162
1678147200,6.098,6.194,5.765,5.981,1244161.715
1678233600,5.988,6.106,5.593,5.783,1272174.219
1678320000,5.784,6.195,5.286,5.502,2159145.86
1678406400,5.504,5.523,5.094,5.33,1814896.954
1678492800,5.329,5.571,4.688,4.987,2054302.145
1678579200,4.985,5.787,4.862,5.756,1439850.289
1678665600,5.754,6.617,5.702,6.402,3137774.106
1678752000,6.402,7.598,6.166,6.785,3180369.151
1678838400,6.778,7.088,5.346,5.691,3764999.793
1678924800,5.691,5.953,5.542,5.814,1803526.689
1679011200,5.815,6.495,5.714,6.406,2742647.991
1679097600,6.405,6.57,5.837,5.891,2245197.899
1679184000,5.893,6.537,5.865,6.292,1702978.762
1679270400,6.299,6.466,5.659,5.741,1900668.907
1679356800,5.745,6.108,5.64,5.941,1242424.134
1679443200,5.941,6.005,5.338,5.666,1916712.337
1679529600,5.656,5.981,5.627,5.939,1154806.335
1679616000,5.938,6.07,5.447,5.562,1139473.21
1679702400,5.563,5.63,5.266,5.385,831864.195
1679788800,5.385,5.748,5.36,5.688,570017.444
1679875200,5.691,5.703,5.205,5.35,801751.072
1679961600,5.35,5.629,5.268,5.561,589602.4
1680048000,5.566,5.829,5.544,5.732,742874.398
1680134400,5.739,5.891,5.429,5.565,903445.725
1680220800,5.564,5.738,5.444,5.689,923222.427
1680307200,5.689,5.805,5.56,5.76,725475.728
1680393600,5.764,5.795,5.44,5.55,600130.37
1680480000,5.549,5.685,5.32,5.576,823991.002
1680566400,5.573,5.668,5.517,5.616,454325.892
1680652800,5.618,5.792,5.55,5.672,904029.571
1680739200,5.68,5.685,5.522,5.602,309624.524
1680825600,5.606,6.02,5.511,5.797,1072662.521
1680912000,5.785,5.915,5.742,5.77,742410.41
1680998400,5.771,5.893,5.618,5.753,501218.791
1681084800,5.755,6.242,5.669,6.174,1291438.98
1681171200,6.173,6.182,5.967,6.11,1041280.12
1681257600,6.115,6.132,5.809,5.967,923142.288
1681344000,5.969,6.148,5.912,6.083,950649.909
1681430400,6.085,6.331,5.934,6.23,1678702.281
1681516800,6.235,6.441,6.077,6.303,921920.421
1681603200,6.301,6.395,6.198,6.342,807592.938
1681689600,6.341,6.373,6.026,6.122,1039900.92
1681776000,6.122,6.312,6.029,6.26,651220.182
1681862400,6.263,6.305,5.55,5.699,1323177.881
1681948800,5.701,5.819,5.463,5.565,770345.317
1682035200,5.561,5.631,5.127,5.261,1105618.893
1682121600,5.256,5.348,5.211,5.327,274945.672
1682208000,5.326,5.387,5.143,5.265,276304.077
1682294400,5.269,5.348,5.158,5.257,328936.367
1682380800,5.258,5.383,5.137,5.353,384351.292
1682467200,5.354,5.55,5.003,5.252,729565.127
1682553600,5.249,5.484,5.209,5.393,602496.683
1682640000,5.398,5.75,5.267,5.566,568045.869
1682726400,5.562,5.753,5.453,5.597,369720.861
1682812800,5.597,5.627,5.388,5.419,381753.13
1682899200,5.422,5.464,5.191,5.303,456249.589
1682985600,5.299,5.325,5.216,5.284,259606.795
1683072000,5.285,5.384,5.204,5.344,349003.017
1683158400,5.346,5.367,5.23,5.266,204636.335
1683244800,5.27,5.331,5.08,5.274,366889.53
1683331200,5.271,5.301,4.856,5.058,480781.574
1683417600,5.062,5.138,5.01,5.035,171607.69
1683504000,5.036,5.081,4.34,4.543,1180710.087
1683590400,4.541,4.609,4.491,4.549,532927.423
1683676800,4.549,4.739,4.364,4.604,1019383.638
1683763200,4.605,4.606,4.125,4.355,870764.336
1683849600,4.356,4.445,4.196,4.436,616777.038
1683936000,4.437,4.44,4.335,4.385,248037.792
1684022400,4.385,4.492,4.327,4.453,378861.812
1684108800,4.454,4.541,4.369,4.452,429883.992
1684195200,4.454,4.491,4.373,4.426,500168.963
1684281600,4.428,4.608,4.382,4.545,946322.858
1684368000,4.54,4.662,4.391,4.46,583880.837
1684454400,4.458,4.515,4.4,4.496,234631.828
1684540800,4.496,4.534,4.454,4.512,232011.035
1684627200,4.512,4.53,4.341,4.378,225237.637
1684713600,4.378,4.436,4.3,4.41,594091.621
1684800000,4.41,4.527,4.399,4.522,172456.931
1684886400,4.521,4.529,4.342,4.46,333370.487
1684972800,4.463,4.477,4.338,4.417,186475.819
1685059200,4.414,4.458,4.375,4.442,221153.517
1685145600,4.441,4.51,4.411,4.48,128933.888
1685232000,4.485,4.707,4.473,4.664,174065.104
1685318400,4.668,4.764,4.588,4.637,426145.677
1685404800,4.637,4.906,4.603,4.827,273610.045
1685491200,4.829,4.886,4.601,4.696,273244.583
1685577600,4.692,4.757,4.612,4.698,172157.017
1685664000,4.698,5.026,4.682,4.964,369048.919
1685750400,4.965,4.978,4.797,4.855,509754.352
1685836800,4.856,4.895,4.616,4.669,340948.185
1685923200,4.66,4.66,3.975,4.219,993780.935
1686009600,4.219,4.442,4.144,4.399,364197.373
1686096000,4.4,4.4,3.92,4.135,629183.18
1686182400,4.135,4.182,4.08,4.094,263907.032
1686268800,4.092,4.14,3.955,4.031,439141.189
1686355200,4.031,4.04,2.678,3.488,2210287.401
1686441600,3.488,3.503,3.348,3.431,1426993.943
1686528000,3.43,3.619,3.295,3.529,1394633.554
1686614400,3.531,3.743,3.499,3.66,787544.204
1686700800,3.657,3.753,3.464,3.565,802182.838
1686787200,3.565,3.717,3.47,3.662,907402.935
1686873600,3.661,3.741,3.534,3.696,755916.742
1686960000,3.698,3.816,3.659,3.708,394792.826
1687046400,3.706,3.756,3.631,3.682,186074.121
1687132800,3.679,3.7,3.582,3.689,644984.596
1687219200,3.689,3.814,3.59,3.784,381458.374
1687305600,3.787,3.976,3.749,3.923,827489.688
1687392000,3.923,4.087,3.841,3.927,551480.99
1687478400,3.924,4.148,3.924,4.045,375247.84
1687564800,4.044,4.073,3.814,3.927,266014.555
1687651200,3.929,4.274,3.917,4.121,664526.684
1687737600,4.122,4.158,3.88,3.958,462236.877
1687824000,3.96,4.08,3.946,4.026,203500.737
1687910400,4.028,4.041,3.634,3.771,317948.288
1687996800,3.769,3.895,3.762,3.833,461462.588
1688083200,3.834,4.041,3.601,3.948,576949.127
1688169600,3.949,4.255,3.909,4.108,707857.778
1688256000,4.108,4.13,3.943,4.109,396737.657
1688342400,4.11,4.939,4.075,4.729,1901087.078
1688428800,4.744,4.762,4.424,4.548,504405.311
1688515200,4.548,4.848,4.317,4.597,1269894.541
1688601600,4.596,4.686,4.312,4.314,566497.66
1688688000,4.314,4.459,4.263,4.403,182687.228
1688774400,4.408,4.434,4.22,4.341,163304.435
1688860800,4.339,4.429,4.317,4.335,157119.88
1688947200,4.338,4.417,4.141,4.322,306439.251
1689033600,4.322,4.349,4.216,4.298,274241.717
1689120000,4.297,4.357,4.175,4.237,235938.301
1689206400,4.236,4.75,4.183,4.669,668521.318
1689292800,4.671,4.75,4.316,4.44,805921.906
1689379200,4.437,4.507,4.38,4.44,123841.852
1689465600,4.437,4.469,4.31,4.358,200919.245
1689552000,4.358,4.48,4.206,4.342,317183.231
1689638400,4.352,4.387,4.167,4.282,483602.039
1689724800,4.277,4.394,4.215,4.257,782914.361
1689811200,4.261,4.583,4.242,4.435,632302.99
1689897600,4.434,4.549,4.399,4.469,272335.22
1689984000,4.479,4.569,4.385,4.458,338078.787
1690070400,4.46,4.672,4.436,4.567,446572.509
1690156800,4.564,4.596,4.298,4.521,358420.325
1690243200,4.52,4.549,4.372,4.401,181240.92
1690329600,4.399,4.404,4.241,4.332,222306.981
1690416000,4.328,4.431,4.306,4.429,229194.36
1690502400,4.429,4.482,4.372,4.393,158161.805
1690588800,4.392,4.443,4.376,4.421,175791.055
1690675200,4.422,4.443,4.166,4.313,377626.614
1690761600,4.31,4.362,4.198,4.256,405178.113
1690848000,4.255,4.287,4.084,4.277,365521.467
1690934400,4.276,4.325,4.195,4.26,315247.766
1691020800,4.257,4.295,4.058,4.104,269495.864
1691107200,4.102,4.155,4.046,4.09,156901.685
1691193600,4.091,4.127,4.023,4.1,333481.214
1691280000,4.101,4.173,4.095,4.156,153103.275
1691366400,4.16,4.212,3.99,4.101,491089.269
1691452800,4.101,4.208,4.064,4.141,291043.491
1691539200,4.141,4.199,4.105,4.148,283615.053
1691625600,4.152,4.16,4.088,4.139,161412.645
1691712000,4.138,4.157,4.088,4.108,186894.317
1691798400,4.106,4.14,4.092,4.125,99926.84
1691884800,4.129,4.176,4.06,4.093,221380.952
1691971200,4.092,4.119,4.038,4.073,190562.469
1692057600,4.073,4.08,3.612,3.853,485142.629
1692144000,3.851,3.863,3.611,3.725,315921.249
1692230400,3.724,3.788,3.06,3.441,543076.632
1692316800,3.439,3.526,3.418,3.499,505818.613
1692403200,3.5,3.618,3.49,3.57,178424.291
1692489600,3.57,3.591,3.523,3.566,159824.069
1692576000,3.565,3.577,3.344,3.414,270754.332
1692662400,3.416,3.426,3.207,3.389,251763.508
1692748800,3.389,3.486,3.364,3.452,279579.396
1692835200,3.453,3.469,3.254,3.297,294433.541
1692921600,3.297,3.298,3.185,3.235,669970.652
1693008000,3.233,3.282,3.22,3.261,123554.593
1693094400,3.259,3.319,3.218,3.317,196422.943
1693180800,3.315,3.44,3.277,3.395,501610.671
1693267200,3.396,3.576,3.293,3.496,477025.064
1693353600,3.501,3.501,3.367,3.417,215706.362
1693440000,3.415,3.443,3.1,3.215,488985.643
1693526400,3.216,3.237,3.104,3.172,325455.242
1693612800,3.172,3.236,3.134,3.191,236303.639
1693699200,3.193,3.198,3.11,3.17,122238.338
1693785600,3.168,3.293,3.118,3.175,230680.085
1693872000,3.178,3.26,3.146,3.237,259180.019
1693958400,3.236,3.307,3.175,3.246,243239.117
1694044800,3.244,3.284,3.203,3.263,451895.884
1694131200,3.264,3.284,3.169,3.228,271424.559
1694217600,3.227,3.272,3.214,3.241,219712.85
1694304000,3.239,3.244,3,3.113,632785.06
1694390400,3.113,3.127,2.949,3.026,493611.622
1694476800,3.026,3.197,3.018,3.089,428753.365
1694563200,3.088,3.226,3.076,3.173,535256.942
1694649600,3.176,3.25,3.153,3.234,607895.671
1694736000,3.234,3.387,3.218,3.366,653864.775
1694822400,3.367,3.459,3.307,3.324,439873.541
1694908800,3.322,3.412,3.237,3.331,386553.538
1694995200,3.331,3.43,3.288,3.333,486805.938
1695081600,3.336,3.412,3.308,3.37,266470.203
1695168000,3.37,3.413,3.318,3.366,376393.267
1695254400,3.366,3.389,3.19,3.214,424018.387
1695340800,3.214,3.242,3.19,3.225,181977.233
1695427200,3.223,3.366,3.192,3.247,733065.013
1695513600,3.246,3.27,3.181,3.214,249832.365
1695600000,3.212,3.248,3.17,3.212,236284.899
1695686400,3.211,3.228,3.105,3.171,121984.532
1695772800,3.17,3.271,3.169,3.209,213123.767
1695859200,3.208,3.313,3.206,3.31,250687.575
1695945600,3.31,3.371,3.281,3.336,242260.813
1696032000,3.333,3.381,3.307,3.357,265019.617
1696118400,3.356,3.48,3.342,3.462,321812.499
1696204800,3.467,3.467,3.296,3.334,216051.361
1696291200,3.334,3.365,3.284,3.309,236159.465
1696377600,3.31,3.331,3.217,3.311,207978.969
1696464000,3.311,3.328,3.245,3.258,317955.086
1696550400,3.258,3.384,3.247,3.339,613501.546
1696636800,3.339,3.451,3.323,3.451,285528.903
1696723200,3.451,3.452,3.378,3.398,176940.275
1696809600,3.396,3.428,3.155,3.227,489882.573
1696896000,3.226,3.237,3.166,3.193,347518.242
1696982400,3.194,3.209,3.113,3.175,270202.669
1697068800,3.175,3.238,3.126,3.209,234720.512
1697155200,3.208,3.244,3.175,3.209,213342.718
1697241600,3.207,3.236,3.202,3.213,105950.486
1697328000,3.212,3.239,3.195,3.221,118923.975
1697414400,3.224,3.366,3.212,3.25,383972.253
1697500800,3.251,3.26,3.124,3.206,230631.938
1697587200,3.206,3.242,3.156,3.174,229555.171
1697673600,3.177,3.199,3.13,3.193,182104.487
1697760000,3.194,3.292,3.176,3.214,275530.971
1697846400,3.218,3.38,3.204,3.343,295507.847
1697932800,3.343,3.451,3.325,3.425,423166.715
1698019200,3.426,3.948,3.4,3.86,1450988.343
1698105600,3.864,3.987,3.697,3.835,1344140.627
1698192000,3.835,3.984,3.688,3.769,1200590.743
1698278400,3.77,3.876,3.6,3.734,828909.797
1698364800,3.737,3.737,3.521,3.593,690205.653
1698451200,3.593,3.753,3.589,3.735,266355.622
1698537600,3.736,3.842,3.644,3.796,462456.712
1698624000,3.799,3.879,3.735,3.862,585182.093
1698710400,3.863,3.947,3.696,3.831,518245.73
1698796800,3.829,4.125,3.695,3.94,1001199.068
1698883200,3.943,4.192,3.778,4.09,879492.243
1698969600,4.093,4.096,3.836,3.927,652907.287
1699056000,3.925,4.1,3.895,4.006,449844.161
1699142400,4.007,4.2,3.98,4.112,1033645.941
1699228800,4.116,4.397,4.061,4.338,1236542.888
1699315200,4.337,4.348,4.076,4.238,873515.916
1699401600,4.239,4.477,4.214,4.434,938611.262
1699488000,4.433,4.695,4.175,4.498,1835006.339
1699574400,4.504,4.652,4.37,4.587,867987.516
1699660800,4.588,4.903,4.453,4.741,1422418.133
1699747200,4.74,5.28,4.548,5.147,1454011.064
1699833600,5.149,5.688,4.997,5.008,4066216.756
1699920000,5.009,5.159,4.573,4.791,1865541.502
1700006400,4.789,5.286,4.775,5.219,1527511.929
1700092800,5.218,5.421,4.752,4.856,1597619.394
1700179200,4.854,4.976,4.505,4.734,1207994.385
1700265600,4.728,4.82,4.389,4.717,878205.893
1700352000,4.716,4.921,4.607,4.886,397838.946
1700438400,4.889,5.033,4.615,4.689,667707.733
1700524800,4.689,4.744,4.15,4.193,1388302.655
1700611200,4.191,4.536,4.187,4.476,797747.388
1700697600,4.476,4.567,4.418,4.488,243313.784
1700784000,4.486,4.713,4.485,4.645,365911.051
1700870400,4.648,4.787,4.614,4.786,360953.865
1700956800,4.782,4.816,4.45,4.597,339467.177
1701043200,4.599,4.652,4.42,4.542,308517.801
1701129600,4.543,4.586,4.37,4.532,837225.047
1701216000,4.533,4.6,4.336,4.434,1048641.483
1701302400,4.433,4.45,4.33,4.38,1140063.781
1701388800,4.381,4.554,4.347,4.505,1024981.621
1701475200,4.505,4.731,4.493,4.664,1010892.124
1701561600,4.663,4.722,4.433,4.573,1029588.829
1701648000,4.575,4.85,4.46,4.729,2014870.475
1701734400,4.734,4.853,4.55,4.784,1292608.539
1701820800,4.786,4.851,4.62,4.74,859615.887
1701907200,4.743,5.084,4.728,5.033,1569706.4
1701993600,5.035,5.339,4.936,5.222,1037032.999
1702080000,5.229,5.48,5.04,5.128,1174431.22
1702166400,5.134,5.23,4.975,5.15,768412.794
1702252800,5.149,5.197,4.45,4.614,1556707.201
1702339200,4.613,4.761,4.492,4.644,1258983.499
1702425600,4.646,4.77,4.401,4.722,954535.046
1702512000,4.724,4.89,4.545,4.864,1358330.098
1702598400,4.86,4.982,4.672,4.805,1662872.605
1702684800,4.803,6.747,4.7,5.69,5573734.25
1702771200,5.692,6,5.236,5.273,2208602.634
1702857600,5.277,5.408,4.853,5.304,2156915.285
1702944000,5.309,5.447,5.037,5.105,1414460.342
1703030400,5.106,5.393,5.071,5.328,1121198.004
1703116800,5.328,5.544,5.265,5.498,1763857.456
1703203200,5.51,5.796,5.422,5.533,1877337.278
1703289600,5.533,5.651,5.279,5.64,1194626.629
1703376000,5.65,5.774,5.415,5.642,1979931.077
1703462400,5.641,5.91,5.576,5.787,1820145.53
1703548800,5.795,5.814,5.233,5.76,1914743.633
1703635200,5.766,6.128,5.501,5.925,2344525.808
1703721600,5.93,6.3,5.802,6.256,3151695.548
1703808000,6.256,6.31,5.661,5.808,2955983.606
1703894400,5.81,6.107,5.73,6.007,1320937.03
1703980800,6.008,7.45,5.927,6.921,6438812.966
1704067200,6.917,8.09,6.731,7.57,5005112.539
1704153600,7.568,7.887,7.104,7.174,3633710.928
1704240000,7.174,7.745,5.75,6.292,4017003.627
1704326400,6.292,6.655,6.168,6.499,2073842.771
1704412800,6.503,6.557,5.768,6.16,2312667.583
1704499200,6.16,6.299,5.714,5.895,1877918.344
1704585600,5.898,6.148,5.504,5.625,1382561.884
1704672000,5.623,5.9,5.064,5.86,2649123.71
1704758400,5.86,5.905,5.215,5.49,1821709.299
1704844800,5.492,6.092,5.268,5.947,1821477.147
1704931200,5.947,6.513,5.884,6.463,3139221.169
1705017600,6.464,6.49,5.776,5.973,2625752.38
1705104000,5.974,6.156,5.71,6.022,921668.907
1705190400,6.025,6.261,5.781,5.803,1535123.712
1705276800,5.809,6.136,5.802,5.918,1286551.942
1705363200,5.92,5.987,5.724,5.851,1133180.868
1705449600,5.857,5.907,5.602,5.788,762037.679
1705536000,5.785,5.968,5.483,5.61,1566268.414
1705622400,5.61,5.628,5.125,5.481,1722184.77
1705708800,5.48,5.546,5.383,5.509,524014.85
1705795200,5.508,5.561,5.349,5.35,518257.417
1705881600,5.35,5.401,5.008,5.036,1025421.857
1705968000,5.038,5.134,4.614,4.892,1151794.359
1706054400,4.894,5.027,4.791,5.008,715374.606
1706140800,5.007,5.033,4.825,4.965,549262.911
1706227200,4.961,5.23,4.906,5.172,779411.319
1706313600,5.175,5.397,5.111,5.332,611174.539
1706400000,5.332,5.411,5.127,5.201,630974.941
1706486400,5.199,5.368,5.107,5.337,690620.715
1706572800,5.337,5.381,5.13,5.156,1201045.22
1706659200,5.156,5.176,4.888,4.957,1264037.475
1706745600,4.97,5,4.848,4.974,638697.105
1706832000,4.971,5.082,4.934,5.041,544333.842
1706918400,5.045,5.315,5.03,5.064,1034448.502
1707004800,5.063,5.067,4.896,4.926,340048.225
1707091200,4.928,5.039,4.856,4.992,515930.85
1707177600,4.988,5.144,4.932,5.07,525082.761
1707264000,5.068,5.195,4.974,5.182,415648.001
1707350400,5.186,5.276,5.141,5.226,722006.206
1707436800,5.226,5.557,5.217,5.474,745052.949
1707523200,5.475,5.504,5.286,5.354,587919.702
1707609600,5.357,5.449,5.265,5.304,503732.728
1707696000,5.307,5.497,5.209,5.456,631668.507
1707782400,5.456,5.543,5.341,5.489,571667.674
1707868800,5.49,5.668,5.449,5.593,793142.415
1707955200,5.596,5.938,5.596,5.874,1181494.189
1708041600,5.875,5.995,5.648,5.793,873702.64
1708128000,5.791,6.381,5.705,6.213,3182363.167
1708214400,6.21,6.435,6.069,6.279,2310528.168
1708300800,6.28,7.802,6.209,7.392,5600820.474
1708387200,7.399,8.23,7.201,7.718,7587891.508
1708473600,7.721,7.756,6.811,7.245,3601011.022
1708560000,7.245,8.8,7.07,8.057,5198383.214
1708646400,8.062,8.7,7.804,8.007,4014441.788
1708732800,8.004,8.23,7.683,8.099,2250890.747
1708819200,8.095,8.618,7.958,8.115,2800133.322
1708905600,8.114,8.322,7.803,8.151,4679669.438
1708992000,8.151,8.321,7.479,7.667,3714984.595
1709078400,7.667,8.178,7.009,7.727,4646017.733
1709164800,7.718,8.88,7.56,8.155,4218495.457
1709251200,8.154,8.524,7.949,8.209,2413541.692
1709337600,8.211,9.5,8.091,9.315,4808627.51
1709424000,9.319,11.1,8.6,10.497,5213086.218
1709510400,10.498,10.835,9.75,10.035,5372610.499
1709596800,10.035,10.545,7.701,8.911,5620471.558
1709683200,8.906,10.237,8.499,10.06,2965238.122
1709769600,10.061,10.347,9.573,9.933,3229373.511
1709856000,9.937,12.3,9.678,11.485,4785173.024
1709942400,11.484,11.865,10.924,11.078,2848271.455
1710028800,11.08,11.302,10.325,10.688,1814659.357
1710115200,10.698,11.67,10.024,11.184,3023906.931
1710201600,11.184,11.199,10.004,10.912,2285638.91
1710288000,10.909,11.183,10.191,10.623,5130273.028
1710374400,10.625,10.765,9.85,10.502,2398416.45
1710460800,10.502,10.629,8.918,9.77,3023724.224
1710547200,9.77,9.887,8.621,8.831,1766442.157
1710633600,8.832,9.349,8.294,9.166,1790346.579
1710720000,9.166,9.637,8.601,8.871,2006024.645
1710806400,8.867,8.967,7.842,7.992,2180270.555
1710892800,7.992,8.755,7.679,8.64,1849308.548
1710979200,8.635,9.299,8.56,9.02,2316520.317
1711065600,9.017,9.272,8.402,8.732,1281555.195
1711152000,8.73,8.958,8.499,8.625,1710124.429
1711238400,8.626,8.989,8.523,8.908,469329.188
1711324800,8.913,9.545,8.818,9.37,1681488.42
1711411200,9.375,9.734,9.183,9.445,1304461.825
1711497600,9.438,9.627,8.889,9.115,1825962.189
1711584000,9.117,9.378,8.963,9.301,864440.177
1711670400,9.301,10.25,9.2,9.653,1659188.78
1711756800,9.653,9.959,9.404,9.442,855235.751
1711843200,9.44,9.99,9.402,9.96,803376.739
1711929600,9.96,10.5,9.031,9.386,1881076.944
1712016000,9.385,9.385,8.429,8.579,2037773.473
1712102400,8.575,8.797,8.258,8.425,1148350.418
1712188800,8.423,8.846,8.21,8.635,832940.372
1712275200,8.636,8.659,8.099,8.396,1139136.893
1712361600,8.394,8.683,8.345,8.585,455730.83
1712448000,8.583,8.896,8.568,8.835,936070.842
1712534400,8.83,9.348,8.659,9.31,869108.03
1712620800,9.307,9.337,8.599,8.656,1222209.885
1712707200,8.65,8.714,8.19,8.492,982987.574
1712793600,8.494,8.605,7.963,8.054,923747.172
1712880000,8.052,8.22,5.583,6.627,3145403.409
1712966400,6.618,6.735,5.018,5.758,3080433.203
1713052800,5.746,6.259,5.48,6.177,2518152.397
1713139200,6.173,6.543,5.684,6.007,1673188.18
1713225600,6.004,6.143,5.705,6.081,1914590.874
1713312000,6.079,6.113,5.601,5.846,1308810.152
1713398400,5.849,6.189,5.58,5.997,1240785.504
1713484800,5.988,6.295,5.519,6.147,1788945.621
1713571200,6.147,6.75,6.063,6.65,1028381.491
1713657600,6.651,6.766,6.336,6.48,842863.006
1713744000,6.479,6.726,6.412,6.573,1484352.284
1713830400,6.572,6.666,6.324,6.386,1719426.551
1713916800,6.382,6.534,5.972,6.043,1964236.9
1714003200,6.044,6.112,5.822,5.994,1052260.24
1714089600,5.992,6.112,5.826,6.002,567735.979
1714176000,6.003,6.021,5.664,5.921,708592.124
1714262400,5.926,6.122,5.859,5.893,892184.931
1714348800,5.89,5.986,5.721,5.918,722981.653
1714435200,5.913,5.997,5.439,5.621,1286454.81
1714521600,5.619,5.776,5.2,5.709,1180193.397
1714608000,5.707,6.027,5.543,5.929,1171133.497
1714694400,5.928,6.141,5.831,6.046,987829.128
1714780800,6.046,6.215,6.006,6.057,542281.816
1714867200,6.056,6.303,5.949,6.151,546403.772
1714953600,6.154,6.417,6.016,6.028,819550.902
1715040000,6.027,6.132,5.767,5.771,869009.497
1715126400,5.767,5.816,5.608,5.701,773405.386
1715212800,5.699,5.934,5.682,5.918,543538.448
1715299200,5.918,5.975,5.562,5.623,825046.823
1715385600,5.62,5.687,5.541,5.605,340246.135
1715472000,5.601,5.694,5.558,5.603,297247.216
1715558400,5.603,5.729,5.367,5.601,843873.298
1715644800,5.601,5.621,5.317,5.344,526106.553
1715731200,5.347,5.849,5.276,5.786,756600.942
1715817600,5.787,5.923,5.621,5.754,745380.293
1715904000,5.754,5.99,5.685,5.889,501138.181
1715990400,5.882,5.987,5.809,5.85,499178.923
1716076800,5.85,5.961,5.488,5.55,695943.318
1716163200,5.551,6.203,5.484,6.17,1122005.333
1716249600,6.166,6.354,6.055,6.234,922276.973
1716336000,6.232,6.298,5.963,6.114,730722.948
1716422400,6.117,6.229,5.5,5.79,785847.395
1716508800,5.788,5.889,5.649,5.819,527345.255
1716595200,5.815,6.041,5.808,6.007,388043.631
1716681600,6.004,6.037,5.808,5.85,340343.896
1716768000,5.852,6.235,5.838,6.112,450651.676
1716854400,6.103,6.125,5.825,5.933,731911.844
1716940800,5.935,6.039,5.75,5.779,559740.296
1717027200,5.775,5.928,5.634,5.805,918981.173
1717113600,5.804,5.849,5.637,5.727,413924.931
1717200000,5.728,5.812,5.701,5.793,278263.873
1717286400,5.792,5.864,5.691,5.805,339715.86
1717372800,5.807,5.955,5.743,5.786,814225.897
1717459200,5.787,6.051,5.71,5.958,1111486.266
1717545600,5.965,6.098,5.942,6.08,632423.555
1717632000,6.08,6.089,5.842,5.961,768012.032
1717718400,5.96,6.744,5.703,6.116,2440716.661
1717804800,6.112,6.824,5.863,6.053,2795536.534
1717891200,6.049,6.366,6.012,6.125,779390.459
1717977600,6.122,6.151,5.72,5.788,1019455.449
1718064000,5.787,5.813,5.283,5.383,884679.18
1718150400,5.382,5.751,5.216,5.665,997848.099
1718236800,5.665,5.694,5.29,5.379,898756.722
1718323200,5.386,5.464,4.942,5.092,672841.53
1718409600,5.09,5.361,5.084,5.224,361606.917
1718496000,5.226,5.29,5.127,5.239,416133.965
1718582400,5.239,5.274,4.71,4.925,1081566.245
1718668800,4.931,4.94,4.119,4.351,1903856.368
1718755200,4.347,4.495,4.297,4.44,861327.214
1718841600,4.438,4.623,4.315,4.408,759039.357
1718928000,4.411,4.445,4.27,4.397,609410.296
1719014400,4.394,4.441,4.342,4.376,222308.396
1719100800,4.374,4.474,4.221,4.287,526927.68
1719187200,4.282,4.413,4.01,4.396,961047.449
1719273600,4.393,4.52,4.359,4.443,448259.382
1719360000,4.443,4.496,4.3,4.391,624066.068
1719446400,4.393,4.551,4.281,4.497,861261.369
1719532800,4.497,4.573,4.371,4.374,555541.01
1719619200,4.374,4.442,4.315,4.343,373682.92
1719705600,4.34,4.494,4.293,4.473,221470.371
1719792000,4.472,4.554,4.318,4.326,416732.961
1719878400,4.325,4.455,4.303,4.411,200637.129
1719964800,4.415,4.429,4.042,4.098,449248.641
1720051200,4.096,4.13,3.768,3.778,1224330.375
1720137600,3.779,3.785,3.259,3.545,1780621.39
1720224000,3.544,4.017,3.504,3.976,943133.869
1720310400,3.976,3.976,3.61,3.63,595656.532
1720396800,3.636,3.941,3.453,3.833,1606670.945
1720483200,3.832,3.959,3.753,3.909,900414.21
1720569600,3.909,3.994,3.818,3.972,839355.599
1720656000,3.972,4.307,3.941,4.083,2596037.521
1720742400,4.082,4.147,3.955,4.125,1284481.228
1720828800,4.124,4.317,4.089,4.288,984924.594
1720915200,4.287,4.349,4.186,4.269,384070.609
1721001600,4.272,4.465,4.206,4.445,499228.491
1721088000,4.447,4.626,4.237,4.536,761206.171
1721174400,4.535,4.839,4.486,4.556,1040826.06
1721260800,4.556,4.656,4.307,4.386,496450.286
1721347200,4.387,4.707,4.294,4.658,663023.511
1721433600,4.656,4.785,4.576,4.713,519299.153
1721520000,4.713,4.799,4.497,4.777,451149.911
1721606400,4.778,4.822,4.483,4.511,815796.02
1721692800,4.511,4.687,4.336,4.457,415615.042
1721779200,4.453,4.544,4.214,4.268,525241.902
1721865600,4.268,4.288,4.04,4.197,771211.646
1721952000,4.199,4.709,4.187,4.644,542685.642
1722038400,4.643,4.668,4.517,4.573,358741.594
1722124800,4.573,4.645,4.397,4.446,266864.94
1722211200,4.445,4.675,4.405,4.442,607175.946
1722297600,4.439,4.533,4.238,4.329,330654.771
1722384000,4.332,4.375,4.168,4.212,429680.561
1722470400,4.208,4.296,3.878,4.16,728344.971
1722556800,4.161,4.192,3.8,3.868,927945.314
1722643200,3.868,3.95,3.594,3.687,547908.6
1722729600,3.679,3.772,3.377,3.528,723305.581
1722816000,3.529,3.564,2.9,3.243,2883228.358
1722902400,3.237,3.588,3.233,3.493,1058984.283
1722988800,3.496,3.567,3.316,3.353,677775.167
1723075200,3.35,4.03,3.3,3.832,747110.991
1723161600,3.825,3.861,3.696,3.767,472686.982
1723248000,3.766,3.822,3.729,3.778,229918.533
1723334400,3.78,3.85,3.45,3.489,422088.629
1723420800,3.49,3.793,3.473,3.738,525072.439
1723507200,3.735,3.773,3.595,3.707,428638.764
1723593600,3.706,3.733,3.537,3.584,344453.874
1723680000,3.584,3.677,3.429,3.503,616561.874
1723766400,3.503,3.582,3.409,3.5,415040.29
1723852800,3.501,3.585,3.486,3.569,164984.063
1723939200,3.568,3.629,3.511,3.548,176492.948
1724025600,3.548,3.636,3.53,3.624,326585.755
1724112000,3.626,3.705,3.554,3.651,329847.05
1724198400,3.652,3.849,3.61,3.794,459034.823
1724284800,3.795,3.954,3.759,3.948,520392.946
1724371200,3.953,4.294,3.953,4.23,654989.383
1724457600,4.228,4.338,4.17,4.247,366662.339
1724544000,4.246,4.263,4.058,4.164,240564.02
1724630400,4.162,4.194,3.886,3.932,565836.488
1724716800,3.931,4.048,3.652,3.723,615083.056
1724803200,3.715,3.826,3.552,3.645,470761.366
1724889600,3.639,3.801,3.595,3.644,375829.607
1724976000,3.642,3.711,3.455,3.642,393409.791
1725062400,3.639,3.671,3.535,3.569,135347.669
1725148800,3.567,3.578,3.311,3.362,329333.223
1725235200,3.359,3.531,3.315,3.49,421138.925
1725321600,3.487,3.557,3.343,3.354,246141.959
1725408000,3.353,3.469,3.17,3.393,348633.83
1725494400,3.393,3.426,3.314,3.358,188953.734
1725580800,3.357,3.415,3.145,3.275,646374.836
1725667200,3.274,3.372,3.274,3.345,341863.83
1725753600,3.347,3.443,3.316,3.407,195129.754
1725840000,3.41,3.674,3.371,3.6,544935.676
1725926400,3.604,3.693,3.54,3.66,332579.585
1726012800,3.66,3.663,3.485,3.602,279253.47
1726099200,3.598,3.68,3.579,3.662,209288.436
1726185600,3.656,3.766,3.622,3.728,337860.557
1726272000,3.729,3.747,3.639,3.662,172723.831
1726358400,3.662,3.687,3.413,3.453,273519.165
1726444800,3.448,3.473,3.36,3.412,278741.924
1726531200,3.409,3.532,3.387,3.464,235708.17
1726617600,3.464,3.615,3.364,3.615,519695.557
1726704000,3.614,3.756,3.614,3.685,621514.752
1726790400,3.685,3.839,3.653,3.777,408877.526
1726876800,3.778,3.883,3.699,3.867,210439.267
1726963200,3.87,3.87,3.607,3.721,292449.633
1727049600,3.724,3.81,3.659,3.764,421213.188
1727136000,3.764,3.885,3.695,3.857,418361.818
1727222400,3.857,4.045,3.855,3.942,691973.645
1727308800,3.942,4.147,3.88,4.104,770572.965
1727395200,4.098,4.293,4.096,4.198,571694.694
1727481600,4.197,4.222,4.019,4.129,266390.005
1727568000,4.126,4.157,4.001,4.086,285986.156
1727654400,4.088,4.099,3.778,3.811,418004.68
1727740800,3.811,3.941,3.441,3.559,886954.154
1727827200,3.551,3.684,3.45,3.536,386896.567
1727913600,3.535,3.655,3.423,3.575,471648.425
1728000000,3.572,3.656,3.546,3.648,236837.753
1728086400,3.647,3.678,3.556,3.617,305452.675
1728172800,3.616,3.71,3.604,3.697,227578.805
1728259200,3.697,3.812,3.685,3.708,434264.433
1728345600,3.712,3.774,3.586,3.627,344724.397
1728432000,3.627,3.673,3.455,3.498,410152.398
1728518400,3.498,3.537,3.43,3.536,378294.608
1728604800,3.534,3.618,3.502,3.584,371701.156
1728691200,3.585,3.654,3.573,3.611,221145.114
1728777600,3.611,3.624,3.478,3.563,185224.884
1728864000,3.568,3.9,3.531,3.854,610351.868
1728950400,3.856,3.93,3.689,3.804,450651.255
1729036800,3.804,3.826,3.696,3.75,305181.898
1729123200,3.753,3.769,3.604,3.645,314841.41
1729209600,3.636,3.779,3.624,3.774,414924.467
1729296000,3.781,3.823,3.703,3.763,223268.316
1729382400,3.771,4.017,3.71,3.985,630056.421
1729468800,3.986,4.018,3.779,3.847,399103.625
1729555200,3.853,3.908,3.726,3.801,339744.558
1729641600,3.81,3.81,3.602,3.691,231690.211
1729728000,3.691,3.766,3.648,3.736,182610.845
1729814400,3.737,3.747,3.277,3.439,404049.854
1729900800,3.433,3.483,3.371,3.467,253462.996
1729987200,3.467,3.599,3.45,3.56,187924.4
1730073600,3.568,3.667,3.484,3.623,379730.449
1730160000,3.624,3.74,3.606,3.705,398732.105
1730246400,3.707,3.788,3.663,3.723,403658.067
1730332800,3.727,3.735,3.486,3.53,309649.744
1730419200,3.529,3.584,3.423,3.468,610061.125
1730505600,3.469,3.506,3.391,3.428,118637.677
1730592000,3.433,3.439,3.239,3.335,254438.247
1730678400,3.338,3.403,3.198,3.27,308905.446
1730764800,3.27,3.43,3.268,3.391,273563.838
1730851200,3.395,3.753,3.391,3.717,721533.315
1730937600,3.714,3.828,3.673,3.767,486840.837
1731024000,3.787,3.979,3.684,3.919,949050.87
1731110400,3.915,4.08,3.788,4.051,655124.649
1731196800,4.061,4.429,3.999,4.264,1485155.858
1731283200,4.271,4.417,4.119,4.413,1056124.585
1731369600,4.418,4.654,4.095,4.23,1842678.065
1731456000,4.225,4.301,3.859,4.081,1274837.209
1731542400,4.081,4.21,3.801,3.858,719163.873
1731628800,3.855,4.258,3.785,4.2,1196232.739
1731715200,4.201,4.825,4.151,4.745,1815161.34
1731801600,4.747,4.88,4.253,4.344,1200616.481
1731888000,4.346,4.648,4.321,4.538,1367597.681
1731974400,4.533,4.586,4.291,4.437,762574.299
1732060800,4.439,4.536,4.122,4.251,1413366.742
1732147200,4.241,4.667,4.082,4.532,1708488.356
1732233600,4.534,4.972,4.456,4.941,1796025.196
1732320000,4.939,5.676,4.844,5.372,2928965.316
1732406400,5.364,6.5,5.181,5.731,3437290.131
1732492800,5.735,5.867,5.35,5.457,2103474.353
1732579200,5.451,5.867,5.158,5.433,1648875.758
1732665600,5.429,5.849,5.292,5.815,1234304.68
1732752000,5.813,5.9,5.514,5.811,1071260.445
1732838400,5.811,6.172,5.628,6.139,1623790.158
1732924800,6.138,7.328,6.069,7.075,2892139.265
1733011200,7.076,7.093,6.651,6.868,2243188.484
1733097600,6.863,8,6.62,7.29,4370979.557
1733184000,7.294,7.7,6.681,7.312,4171251.41
1733270400,7.311,8.435,7.302,8.097,4651797.152
1733356800,8.097,8.283,7.505,7.701,3867185.189
1733443200,7.701,8.5,7.588,8.089,2346308.389
1733529600,8.089,8.12,7.692,7.826,1652029.179
1733616000,7.826,7.957,7.583,7.875,1129171.946
1733702400,7.867,7.873,5.523,6.274,3664094.984
1733788800,6.276,6.478,5.681,6.203,3472166.155
1733875200,6.201,6.792,5.947,6.691,2085076.122
1733961600,6.693,7.156,6.609,6.737,1930147.893
1734048000,6.74,6.852,6.516,6.753,1439864.432
1734134400,6.753,6.852,6.265,6.432,1189992.583
1734220800,6.429,6.787,6.315,6.743,1085491.738
1734307200,6.751,6.946,6.443,6.535,1228933.354
1734393600,6.533,6.659,6.213,6.297,1173702.556
1734480000,6.303,6.342,5.536,5.647,1759822.281
1734566400,5.644,5.737,4.918,5.081,3148931.686
1734652800,5.083,5.317,4.375,5.208,3510304.3
1734739200,5.208,5.479,4.845,4.918,1631836.869
1734825600,4.92,5.055,4.69,4.827,821692.471
1734912000,4.829,5.248,4.719,5.184,1289992.619
1734998400,5.18,5.567,5.032,5.459,1146386.439
1735084800,5.458,5.494,5.226,5.293,828937.886
1735171200,5.295,5.36,4.9,4.984,643865.155
1735257600,4.987,5.193,4.886,4.945,460610.419
1735344000,4.945,5.274,4.9,5.203,687565.567
1735430400,5.203,5.23,4.905,4.938,596434.85
1735516800,4.933,5.177,4.745,4.918,950490.036
1735603200,4.905,5.13,4.802,4.94,834477.396
1735689600,4.941,5.183,4.841,5.109,483907.796
1735776000,5.11,5.359,5.11,5.301,595069.899
1735862400,5.303,5.75,5.238,5.661,1144831.036
1735948800,5.663,5.731,5.564,5.639,432146.457
1736035200,5.639,5.973,5.502,5.912,867468.111
1736121600,5.913,6.298,5.785,5.987,2549370.804
1736208000,5.985,6.105,5.33,5.349,1514251.971
1736294400,5.351,5.486,4.894,5.113,1324251.582
1736380800,5.112,5.187,4.909,5.052,1094253.671
1736467200,5.05,5.259,5.014,5.211,675049.682
1736553600,5.21,5.311,5.102,5.199,704349.929
1736640000,5.2,5.233,5.016,5.086,892236.21
1736726400,5.087,5.229,4.602,4.92,1811033.413
1736812800,4.919,5.246,4.901,5.209,753289.97
1736899200,5.212,5.678,5.111,5.654,1303403.604
1736985600,5.657,5.787,5.388,5.615,1355051.671
1737072000,5.616,5.951,5.616,5.833,1300199.873
1737158400,5.834,5.87,5.32,5.443,1328419.866
1737244800,5.44,5.609,4.837,4.974,1850071.814
1737331200,4.973,5.467,4.821,5.101,1929615.591
1737417600,5.1,5.346,4.882,5.254,1244796.096
1737504000,5.253,5.303,4.964,4.999,732531.515
1737590400,4.997,5.149,4.86,5.063,1125166.854
1737676800,5.064,5.202,4.897,5.015,885492.821
1737763200,5.013,5.076,4.926,4.981,468090.786
1737849600,4.982,5.187,4.852,4.86,505522.022
1737936000,4.858,4.864,4.344,4.656,1760812.76
1738022400,4.658,4.725,4.324,4.384,799752.949
1738108800,4.383,4.645,4.367,4.513,1108850.384
1738195200,4.514,4.897,4.477,4.808,866898.479
1738281600,4.809,4.961,4.68,4.811,1201134.584
1738368000,4.81,4.874,4.325,4.369,665844.893
1738454400,4.371,4.466,3.306,3.608,3092899.784
1738540800,3.605,3.758,2.868,3.51,4604065.787
1738627200,3.511,3.528,3.121,3.337,2298965.832
1738713600,3.335,3.384,3.194,3.241,1104351.077
1738800000,3.239,3.357,3.087,3.12,1334849.477
1738886400,3.121,3.383,3.075,3.19,1225788.345
1738972800,3.187,3.328,3.148,3.307,527832.446
1739059200,3.308,3.387,3.16,3.311,737102.725
1739145600,3.31,3.468,3.192,3.427,940467.714
1739232000,3.428,3.537,3.266,3.338,1008220.834
1739318400,3.337,3.529,3.172,3.477,1612876.913
1739404800,3.479,3.51,3.346,3.403,586464.692
1739491200,3.405,3.629,3.388,3.528,826229.106
1739577600,3.527,3.572,3.381,3.417,582637.002
1739664000,3.416,3.488,3.361,3.4,377966.831
1739750400,3.4,3.517,3.314,3.435,902118.381
1739836800,3.435,3.438,3.132,3.228,985083.261
1739923200,3.227,3.343,3.19,3.324,560276.322
1740009600,3.325,3.567,3.315,3.497,1095027.646
1740096000,3.496,3.606,3.252,3.318,762464.593
1740182400,3.319,3.454,3.302,3.435,498093.903
1740268800,3.435,3.508,3.376,3.412,302492.914
1740355200,3.414,3.436,2.941,3.014,1252224.841
1740441600,3.013,3.178,2.797,3.138,2177666.917
1740528000,3.138,3.218,3.003,3.146,1180932.248
1740614400,3.145,3.339,3.124,3.26,814901.241
1740700800,3.258,3.327,2.992,3.246,1863997.384
1740787200,3.247,3.296,3.136,3.242,343733.021
1740873600,3.24,3.595,3.184,3.564,1354371.127
1740960000,3.564,3.582,2.999,3.068,1073757.206
1741046400,3.068,3.083,2.77,3.017,1648747.961
1741132800,3.015,3.179,2.976,3.136,1329690.287
1741219200,3.135,3.201,3.042,3.087,872849.277
1741305600,3.087,3.224,2.908,3.113,1077565.151
1741392000,3.112,3.162,3.034,3.102,578219.07
1741478400,3.103,3.122,2.74,2.786,892548.815
1741564800,2.787,2.973,2.59,2.642,1322290.404
1741651200,2.643,2.806,2.44,2.741,2420203.044
1741737600,2.742,2.91,2.672,2.789,1792676.522
1741824000,2.788,2.835,2.664,2.746,1109477.887
1741910400,2.747,2.916,2.739,2.886,852309.522
1741996800,2.884,2.979,2.858,2.948,355942.587
1742083200,2.949,2.955,2.813,2.834,576065.005
1742169600,2.833,3.081,2.833,3.024,787426.777
1742256000,3.025,3.029,2.82,2.925,1097127.433
1742342400,2.925,3.095,2.92,3.088,912605.57
1742428800,3.089,3.104,2.974,3.045,449757.102
1742515200,3.046,3.068,2.83,2.917,995213.224
1742601600,2.916,3.057,2.912,2.988,427901.473
1742688000,2.988,3.034,2.966,3.027,357439.555
1742774400,3.027,3.198,2.995,3.131,709973.691
1742860800,3.126,3.158,3.09,3.133,353884.102
1742947200,3.134,3.211,3.003,3.026,734351.658
1743033600,3.026,3.109,2.959,3.019,404337.05
1743120000,3.021,3.045,2.779,2.827,699084.744
1743206400,2.826,2.851,2.698,2.745,381581.642
1743292800,2.744,2.794,2.707,2.754,228991.518
1743379200,2.756,2.811,2.699,2.778,473406.35
1743465600,2.777,2.942,2.776,2.837,902441.668
1743552000,2.836,2.906,2.646,2.7,765220.589
1743638400,2.699,2.783,2.605,2.73,628940.226
1743724800,2.731,3.5,2.683,2.766,1649885.761
1743811200,2.764,2.776,2.655,2.697,398242.012
1743897600,2.697,2.708,2.322,2.374,1051326.935
1743984000,2.374,2.468,2.111,2.367,1704460.269
1744070400,2.369,2.419,2.238,2.263,830452.405
1744156800,2.263,2.535,2.174,2.473,1034139.539
1744243200,2.473,2.48,2.3,2.349,910960.115
1744329600,2.346,2.469,2.331,2.454,413971.77
1744416000,2.454,2.587,2.418,2.562,547093.355
1744502400,2.561,2.572,2.439,2.492,354337.18
1744588800,2.492,2.601,2.487,2.529,537825.345
1744675200,2.53,2.539,2.402,2.414,374506.309
1744761600,2.416,2.444,2.349,2.389,506599.853
1744848000,2.385,2.421,2.325,2.381,388511.787
1744934400,2.384,2.491,2.366,2.454,402492.265
1745020800,2.452,2.657,2.451,2.636,392124.976
1745107200,2.638,2.686,2.571,2.649,370203.333
1745193600,2.647,2.718,2.583,2.612,309217.299
1745280000,2.61,2.724,2.484,2.714,865670.038
1745366400,2.715,2.817,2.672,2.792,735861.052
1745452800,2.79,2.862,2.661,2.858,647146.119
1745539200,2.859,2.913,2.801,2.86,1128466.072
1745625600,2.861,2.927,2.816,2.865,608966.846
1745712000,2.864,2.888,2.672,2.706,640144.215
1745798400,2.706,2.807,2.648,2.767,482321.833
1745884800,2.766,2.838,2.7,2.741,468895.219
1745971200,2.741,2.811,2.671,2.768,484015.576
1746057600,2.768,2.863,2.747,2.84,494356.333
1746144000,2.84,2.902,2.76,2.804,432827.608
1746230400,2.803,2.807,2.61,2.65,726225.499
1746316800,2.648,2.684,2.606,2.632,734627.259
1746403200,2.631,2.688,2.569,2.613,423201
1746489600,2.613,2.628,2.483,2.587,576409.52
1746576000,2.587,2.616,2.521,2.587,766657.725
1746662400,2.589,2.955,2.582,2.931,1342608.816
1746748800,2.93,3.091,2.922,3.023,1569102.879
1746835200,3.02,3.261,2.997,3.245,1145832.996
1746921600,3.242,3.306,3.081,3.142,949533.567
1747008000,3.142,3.298,2.991,3.141,1154043.358
1747094400,3.141,3.262,2.943,3.218,1034300.092
1747180800,3.217,3.289,3.025,3.051,965254.197
1747267200,3.052,3.083,2.881,2.936,1142887.083
1747353600,2.937,3.024,2.85,2.879,599110.703
1747440000,2.878,2.891,2.741,2.787,661451.764
1747526400,2.782,2.986,2.724,2.915,884641.541
1747612800,2.915,2.935,2.731,2.861,795055.16
1747699200,2.863,2.926,2.763,2.864,641640.729
1747785600,2.867,3.006,2.815,2.947,947789.495
1747872000,2.948,3.097,2.945,3.086,1180492.929
1747958400,3.087,3.157,2.828,2.845,1071377.007
1748044800,2.843,2.888,2.802,2.826,673508.012
1748131200,2.824,2.834,2.722,2.819,499999.33
1748217600,2.819,2.863,2.758,2.792,376930.708
1748304000,2.792,2.924,2.734,2.886,677572.578
1748390400,2.885,2.909,2.757,2.863,752081.307
1748476800,2.863,2.95,2.75,2.765,541690.45
1748563200,2.766,2.782,2.493,2.513,1316613.143
1748649600,2.513,2.624,2.44,2.599,1183541.294
1748736000,2.599,2.6,2.509,2.572,337524.761
1748822400,2.572,2.651,2.511,2.644,520634.174
1748908800,2.644,2.689,2.595,2.628,539713.222
1748995200,2.628,2.676,2.544,2.562,418983.517
1749081600,2.564,2.603,2.321,2.367,1493327.691
1749168000,2.367,2.468,2.363,2.41,612614.697
1749254400,2.411,2.527,2.4,2.509,305289.179
1749340800,2.508,2.545,2.471,2.489,405315.206
1749427200,2.489,2.615,2.456,2.605,504379.332
1749513600,2.604,2.749,2.569,2.732,989589.359
1749600000,2.732,2.772,2.665,2.692,686882.235
1749686400,2.691,2.703,2.484,2.506,712185.035
1749772800,2.505,2.506,2.339,2.463,1333078.782
1749859200,2.461,2.461,2.383,2.421,405255.131
1749945600,2.421,2.448,2.368,2.421,322329.645
1750032000,2.42,2.571,2.398,2.464,615795.415
1750118400,2.464,2.497,2.341,2.394,669838.558
1750204800,2.395,2.416,2.316,2.392,695559.291
1750291200,2.393,2.418,2.318,2.345,316333.127
1750377600,2.348,2.386,2.185,2.261,1002379.376
1750464000,2.261,2.302,2.134,2.191,692521.167
1750550400,2.191,2.222,1.954,2.07,1878154.808
1750636800,2.069,2.273,2.05,2.256,1653192.293
1750723200,2.257,2.358,2.229,2.298,679045.737
1750809600,2.299,2.316,2.232,2.255,653290.874
1750896000,2.253,2.302,2.177,2.197,524215.845
1750982400,2.198,2.225,2.142,2.213,430102.621
1751068800,2.213,2.283,2.183,2.269,284978.057
1751155200,2.271,2.42,2.248,2.387,451936.471
1751241600,2.389,2.397,2.275,2.302,491272.017
1751328000,2.302,2.32,2.181,2.203,568058.776
1751414400,2.201,2.437,2.181,2.372,700623.655
1751500800,2.372,2.445,2.359,2.398,595806.691
1751587200,2.397,2.409,2.23,2.264,486029.354
1751673600,2.265,2.28,2.213,2.252,209196.671
1751760000,2.252,2.329,2.232,2.294,232019.899
1751846400,2.295,2.321,2.247,2.278,287704.094
1751932800,2.278,2.332,2.239,2.311,306350.6
1752019200,2.313,2.473,2.285,2.441,653070.262
1752105600,2.442,2.606,2.421,2.589,685774.163
1752192000,2.59,2.678,2.514,2.564,1285180.919
1752278400,2.564,2.604,2.462,2.535,516102.273
1752364800,2.536,2.628,2.519,2.562,546046.876
1752451200,2.561,2.692,2.522,2.575,860394.952
1752537600,2.574,2.651,2.463,2.646,908229.114
1752624000,2.645,2.738,2.589,2.655,913947.016
1752710400,2.656,2.747,2.593,2.715,1075755.201
1752796800,2.716,2.911,2.689,2.754,1714048.022
1752883200,2.752,2.839,2.668,2.803,685007.42
1752969600,2.804,3.024,2.773,2.889,1735670.606
1753056000,2.888,2.987,2.825,2.92,1189067.585
1753142400,2.919,2.937,2.757,2.933,1254460.359
1753228800,2.933,2.942,2.556,2.642,1700156.28
1753315200,2.639,2.688,2.476,2.584,1195277.79
1753401600,2.581,2.651,2.501,2.649,962349.693
1753488000,2.651,2.702,2.624,2.664,341953.684
1753574400,2.664,2.764,2.656,2.762,541129.626
1753660800,2.759,2.81,2.578,2.608,884261.101
1753747200,2.609,2.67,2.516,2.568,713550.967
1753833600,2.568,2.586,2.362,2.492,1228402.028
1753920000,2.49,2.549,2.383,2.393,902606.428
1754006400,2.393,2.398,2.219,2.298,1830172.314
1754092800,2.299,2.333,2.224,2.27,865349.417
1754179200,2.269,2.354,2.237,2.345,397817.979
1754265600,2.343,2.439,2.34,2.426,507987.411
1754352000,2.426,2.431,2.282,2.334,810357.151
1754438400,2.332,2.395,2.28,2.378,819370.711
1754524800,2.379,2.49,2.37,2.487,1180015.826
1754611200,2.486,2.557,2.439,2.547,1138010.302
1754697600,2.548,2.664,2.539,2.632,742580.341
1754784000,2.63,2.66,2.538,2.623,877148.224
1754870400,2.622,2.683,2.45,2.468,1089185.825
1754956800,2.467,2.661,2.446,2.633,940960.667
1755043200,2.631,2.761,2.585,2.733,1534286.861
1755129600,2.733,2.757,2.455,2.505,2030687.401
1755216000,2.504,2.557,2.403,2.465,795087.345
1755302400,2.464,2.541,2.463,2.533,488572.798
1755388800,2.534,2.63,2.515,2.56,561024.574
1755475200,2.559,2.564,2.42,2.468,776024.084
1755561600,2.469,2.499,2.351,2.36,947989.019
1755648000,2.361,2.45,2.339,2.436,858301.258
1755734400,2.434,2.464,2.373,2.393,496942.684
1755820800,2.393,2.612,2.303,2.579,1634930.411
1755907200,2.58,2.583,2.483,2.526,578826.033
1755993600,2.527,2.546,2.388,2.426,1246157.78
1756080000,2.426,2.446,2.142,2.187,1918069.055
1756166400,2.186,2.358,2.177,2.324,1259913.947
1756252800,2.324,2.352,2.29,2.308,967728.456
1756339200,2.307,2.402,2.287,2.383,768466.617
1756425600,2.383,2.398,2.228,2.271,1355249.352
1756512000,2.271,2.306,2.232,2.292,388422.02
1756598400,2.293,2.342,2.267,2.268,461968.073
1756684800,2.267,2.515,2.22,2.286,3352855.366
1756771200,2.285,2.304,2.218,2.27,1101078.174
1756857600,2.271,2.358,2.257,2.332,701890.763
1756944000,2.332,2.336,2.232,2.266,707756.726
1757030400,2.267,2.382,2.264,2.346,977544.118
1757116800,2.347,2.354,2.301,2.326,493249.869
1757203200,2.326,2.434,2.325,2.396,882629.331
1757289600,2.395,2.466,2.381,2.439,794344.159
1757376000,2.439,2.503,2.41,2.452,898634.214
1757462400,2.453,2.508,2.433,2.49,813427.81
1757548800,2.489,2.544,2.464,2.54,563016.929
1757635200,2.539,2.574,2.471,2.562,652542.334
1757721600,2.562,2.65,2.545,2.622,868714.328
1757808000,2.62,2.624,2.476,2.516,740961.28
1757894400,2.516,2.556,2.371,2.412,851055.753
1757980800,2.411,2.653,2.374,2.562,1235917.416
1758067200,2.561,2.589,2.458,2.572,1179635.775
1758153600,2.573,2.591,2.528,2.578,772706.822
1758240000,2.579,2.613,2.428,2.449,671430.687
1758326400,2.449,2.48,2.431,2.445,406422.128
1758412800,2.445,2.476,2.394,2.396,350955.581
1758499200,2.396,2.442,2.18,2.264,1636321.547
1758585600,2.264,2.288,2.218,2.237,570801.131
1758672000,2.237,2.296,2.205,2.228,651614.228
1758758400,2.226,2.239,2.086,2.119,1381182.322
1758844800,2.121,2.204,2.099,2.198,658111.968
1758931200,2.198,2.212,2.166,2.191,375683.56
1759017600,2.19,2.221,2.126,2.216,291856.163
1759104000,2.214,2.234,2.086,2.212,724602.949
1759190400,2.211,2.213,2.131,2.191,412280.639
1759276800,2.192,2.303,2.165,2.299,815560.614
1759363200,2.299,2.4,2.292,2.387,816393.436
1759449600,2.385,2.433,2.316,2.394,862029.572
1759536000,2.395,2.406,2.269,2.316,601247.16
1759622400,2.316,2.417,2.298,2.331,932017.704
1759708800,2.33,2.434,2.311,2.408,1046642.74
1759795200,2.407,2.415,2.273,2.28,983893.754
1759881600,2.279,2.418,2.249,2.366,533836.038
1759968000,2.366,2.368,2.226,2.302,947826.193
1760054400,2.302,2.448,1.743,1.819,3302413.126
1760140800,1.819,1.833,1.496,1.565,6007786.441
1760227200,1.564,1.698,1.497,1.664,3271248.944
1760313600,1.662,1.742,1.6,1.73,2369297.746
1760400000,1.732,1.74,1.561,1.676,1784359.262
1760486400,1.675,1.713,1.578,1.604,1018253.837
1760572800,1.603,1.618,1.464,1.491,1597894.586
1760659200,1.491,1.516,1.378,1.465,1879845.078
1760745600,1.465,1.512,1.464,1.496,1091115.512
1760832000,1.496,1.557,1.47,1.533,1076937.74
1760918400,1.531,1.63,1.502,1.579,1185873.953
1761004800,1.579,1.73,1.517,1.563,2876561.982
1761091200,1.56,1.576,1.461,1.518,1833813.045
1761177600,1.518,1.579,1.517,1.558,949266.53
1761264000,1.558,1.596,1.52,1.57,977938.083
1761350400,1.571,1.578,1.542,1.561,401440.926
1761436800,1.56,1.674,1.545,1.652,874384.05
1761523200,1.65,1.686,1.603,1.64,1300709.882
1761609600,1.64,1.652,1.531,1.557,1164595.345
1761696000,1.556,1.644,1.542,1.583,1332780.638
1761782400,1.583,1.61,1.397,1.462,1769188.493
1761868800,1.461,1.527,1.457,1.514,1577173.158
1761955200,1.513,1.716,1.507,1.667,3671861.46
1762041600,1.666,1.795,1.612,1.666,3852996.324
1762128000,1.668,1.668,1.405,1.447,3274053.558
1762214400,1.443,1.559,1.273,1.367,4828985.667
1762300800,1.366,1.433,1.297,1.397,5038686.52
1762387200,1.397,2.219,1.325,1.889,14626269.207
1762473600,1.886,3.924,1.863,3.362,66464637.313
1762560000,3.363,3.612,2.727,2.955,33032303.746
1762646400,2.953,2.992,2.495,2.781,15807125.805
1762732800,2.776,2.923,2.466,2.551,9690461.54
1762819200,2.551,2.674,2.185,2.227,14519344.826
1762905600,2.228,2.36,2.08,2.197,7912665.658
1762992000,2.196,2.238,1.986,2.069,6356964.669
1763078400,2.069,2.17,1.931,1.996,8355770.739
1763164800,1.995,2.2,1.974,2.029,9705434.391
1763251200,2.029,2.134,1.86,1.958,7492161.186
1763337600,1.957,2.475,1.917,2.02,12497801.633
1763424000,2.02,2.208,1.895,1.985,13721816.497
1763510400,1.985,2.024,1.758,1.877,8555710.088
1763596800,1.877,1.902,1.753,1.817,5040286.678
1763683200,1.817,1.865,1.536,1.659,5998735.587
1763769600,1.659,1.668,1.569,1.614,2819570.778
1763856000,1.615,1.684,1.602,1.609,3327302.939
1763942400,1.609,1.681,1.589,1.641,3202177.404
1764028800,1.641,1.741,1.567,1.672,3914498.508
1764115200,1.671,1.704,1.598,1.674,2923693.45
1764201600,1.674,1.701,1.612,1.618,1588306.982
1764288000,1.616,1.675,1.584,1.618,1835471.458
1764374400,1.619,1.637,1.574,1.605,1542528.691
1764460800,1.604,1.642,1.559,1.572,2378263.637
1764547200,1.574,1.576,1.43,1.483,2889934.474
1764633600,1.484,1.576,1.455,1.531,2716293.062
1764720000,1.531,1.621,1.524,1.598,2072823.288
1764806400,1.598,1.615,1.516,1.546,1260450.143
1764892800,1.547,1.578,1.442,1.486,1130352.287
1764979200,1.486,1.499,1.469,1.492,758527.241
1765065600,1.491,1.508,1.42,1.455,1081985.445
1765152000,1.454,1.529,1.45,1.503,1000804.169
1765238400,1.504,1.595,1.466,1.545,912082.553
1765324800,1.545,1.553,1.46,1.467,877053.104
1765411200,1.466,1.47,1.353,1.38,2499371.279
1765497600,1.381,1.414,1.302,1.346,1851826.229
1765584000,1.347,1.354,1.33,1.351,695436.406
1765670400,1.35,1.359,1.297,1.318,959823.293
1765756800,1.319,1.349,1.227,1.267,1952959.2
1765843200,1.266,1.295,1.239,1.29,2048969.116
1765929600,1.29,1.326,1.208,1.224,2605914.418
1766016000,1.225,1.266,1.161,1.188,1518635.115
1766102400,1.188,1.358,1.179,1.305,2055969.736
1766188800,1.305,1.391,1.292,1.375,1328033.33
1766275200,1.374,1.378,1.258,1.276,1860522.126
1766361600,1.277,1.331,1.271,1.298,3303809.327
1766448000,1.297,1.354,1.269,1.313,3422534.654
1766534400,1.313,1.319,1.264,1.27,1218002.878
1766620800,1.27,1.296,1.201,1.213,1523647.986
1766707200,1.214,1.265,1.207,1.226,2065624.79
1766793600,1.226,1.331,1.222,1.316,1806441.852
1766880000,1.316,1.377,1.299,1.334,2884891.872
1766966400,1.334,1.375,1.26,1.316,3140168.167
1767052800,1.316,1.34,1.286,1.321,1517008.658
1767139200,1.32,1.351,1.258,1.294,3365613.895
1767225600,1.294,1.551,1.275,1.482,6032902.821
1767312000,1.483,1.506,1.418,1.503,2321007.979
1767398400,1.503,1.575,1.455,1.492,2326067.668
1767484800,1.492,1.523,1.467,1.493,2433835.782
1767571200,1.494,1.689,1.459,1.57,4654570.812
1767657600,1.571,1.611,1.519,1.592,2844046.951
1767744000,1.593,1.605,1.496,1.518,2478571.606
1767830400,1.518,1.527,1.451,1.497,1532709.821
1767916800,1.498,1.532,1.473,1.485,1333908.744
1768003200,1.486,1.507,1.458,1.479,809291.069
1768089600,1.479,1.513,1.429,1.455,1147433.247
1768176000,1.456,1.507,1.433,1.459,1818241.586
1768262400,1.46,1.597,1.456,1.576,3498689.694
1768348800,1.577,1.647,1.554,1.593,3217672.561
1768435200,1.593,1.97,1.462,1.504,8472083.11
1768521600,1.504,1.572,1.475,1.52,2814056.695
1768608000,1.52,1.595,1.5,1.552,1837186.029
1768694400,1.552,1.571,1.446,1.45,1775783.438
1768780800,1.447,1.447,1.251,1.383,2762930.518
1768867200,1.383,1.387,1.289,1.312,1969335.689
1768953600,1.31,1.376,1.298,1.349,1725633.829
1769040000,1.35,1.361,1.303,1.317,1234675.252
1769126400,1.317,1.367,1.295,1.312,1698544.778
1769212800,1.313,1.322,1.295,1.313,834368.006
1769299200,1.313,1.328,1.212,1.25,1476342.899
1769385600,1.25,1.289,1.246,1.268,987525.41
1769472000,1.267,1.292,1.245,1.271,1427659.779
1769558400,1.272,1.289,1.253,1.279,1003958.659
1769644800,1.278,1.282,1.157,1.194,3095308.696
1769731200,1.194,1.198,1.132,1.174,2259227.408
1769817600,1.174,1.175,0.944,1.05,3295697.164
1769904000,1.049,1.075,1.011,1.035,2019921.47
1769990400,1.036,1.093,1.004,1.082,2523778.694
1770076800,1.084,1.115,1.016,1.067,2474627.398
1770163200,1.066,1.099,1.027,1.048,2243524.23
1770249600,1.048,1.06,0.872,0.883,4398986.924
1770336000,0.883,0.988,0.777,0.975,3722136.927
1770422400,0.974,0.998,0.943,0.975,1665918.631
1770508800,0.975,0.981,0.92,0.933,1132978.779
1770595200,0.933,0.947,0.893,0.939,1376464.154
1770681600,0.94,0.943,0.88,0.898,1248526.559
1770768000,0.899,0.904,0.853,0.879,1912563.656
1770854400,0.879,0.932,0.879,0.912,993989.287
1770940800,0.912,0.968,0.885,0.958,961353.522
1771027200,0.96,1.032,0.948,1.016,1456174.551
1771113600,1.017,1.028,0.945,0.962,1329147.871
1771200000,0.962,0.991,0.947,0.978,1178020.064
1771286400,0.977,0.982,0.939,0.961,996599.879
1771372800,0.961,0.97,0.916,0.926,1167312.233
1771459200,0.926,0.94,0.894,0.914,975481.037
1771545600,0.914,0.963,0.898,0.957,963877.93
1771632000,0.956,1.02,0.948,0.969,945663.362
1771718400,0.968,0.968,0.918,0.928,582775.209
1771804800,0.93,0.93,0.874,0.892,1058152.845
1771891200,0.891,0.901,0.863,0.88,968530.169
1771977600,0.88,1.107,0.878,1.06,3596538.456
1772064000,1.062,1.065,0.977,1.026,2038824.421
1772150400,1.026,1.044,0.97,0.992,1052039.206
1772236800,0.991,1.013,0.922,1.007,955503.942
1772323200,1.005,1.033,0.942,0.965,1159721.849
1772409600,0.964,1.028,0.963,0.988,1075621.432
1772496000,0.987,1.015,0.972,1,877684.616
1772582400,1,1.037,0.993,1.025,922619.763
1772668800,1.025,1.043,0.994,1.012,773166.836
1772755200,1.013,1.023,0.965,0.979,654028.901
1772841600,0.98,0.983,0.943,0.951,562628.942
1772928000,0.951,0.957,0.92,0.935,528028.189
1773014400,0.936,0.98,0.93,0.939,563502.923
1773100800,0.939,0.955,0.854,0.865,1643494.969
1773187200,0.865,0.914,0.848,0.878,1383953.145
1773273600,0.878,0.881,0.851,0.878,754042.612
1773360000,0.878,0.906,0.862,0.868,1032827.015
1773446400,0.868,0.914,0.862,0.883,884173.79
1773532800,0.883,0.904,0.869,0.896,651336.542
1773619200,0.897,1.015,0.889,0.99,2903982.326
1773705600,0.99,0.992,0.953,0.971,693795.885
1773792000,0.971,0.988,0.903,0.924,952971.492
1773878400,0.923,0.937,0.877,0.894,708624.619
1773964800,0.893,0.915,0.89,0.902,444166.094
1774051200,0.902,0.975,0.87,0.882,1941862.098
1774137600,0.881,0.893,0.839,0.849,983534.36
1774224000,0.85,0.942,0.839,0.925,1488154.798
1774310400,0.925,0.947,0.902,0.925,1005229.882
1774396800,0.926,0.939,0.912,0.928,736596.358
1774483200,0.929,0.931,0.863,0.87,884222.372
1774569600,0.869,0.879,0.831,0.839,952988.638
1774656000,0.839,0.841,0.794,0.801,851078.041
1774742400,0.801,0.817,0.775,0.802,764097.992
1774828800,0.801,0.863,0.8,0.815,1138502.227
1774915200,0.815,0.842,0.814,0.831,498167.35
1775001600,0.831,0.858,0.822,0.837,839445.44
1775088000,0.838,0.845,0.799,0.817,897766.529
1775174400,0.818,0.853,0.816,0.835,576436.131
1775260800,0.836,0.853,0.833,0.839,348470.552
1775347200,0.839,0.854,0.813,0.844,587157.745
1775433600,0.846,0.907,0.84,0.859,1454159.491
1775520000,0.86,0.928,0.843,0.916,1856737.919
1775606400,0.917,0.921,0.882,0.883,1190494.452
1775692800,0.882,0.926,0.873,0.905,991682.797
1775779200,0.906,0.919,0.895,0.916,944706.13
1775865600,0.914,0.924,0.887,0.901,449625.915
1775952000,0.899,0.9,0.855,0.858,620388.984
1776038400,0.858,0.929,0.856,0.919,793990.439
1776124800,0.92,0.92,0.878,0.886,877473.148
1776211200,0.886,0.923,0.886,0.917,827635.695
1776297600,0.916,1.021,0.909,0.997,2736582.783
1776384000,0.996,1.014,0.97,0.984,2410363.095
1776470400,0.984,0.994,0.94,0.942,814466.474
1776556800,0.942,0.943,0.9,0.908,1167272.531
1776643200,0.907,0.935,0.907,0.923,685947.189
1776729600,0.925,0.937,0.907,0.928,570102.556
1776816000,0.927,0.963,0.925,0.929,820208.355
1776902400,0.928,0.936,0.905,0.931,694788.648
1776988800,0.931,0.953,0.918,0.942,1041082.886
1777075200,0.94,0.958,0.93,0.938,571322.046
1777161600,0.937,0.958,0.933,0.945,745644.474
1777248000,0.945,0.957,0.899,0.922,990844.739
1777334400,0.921,0.933,0.907,0.919,330408.997
1777420800,0.92,0.99,0.872,0.916,1517261.405
1777507200,0.916,0.938,0.909,0.922,590499.926
1777593600,0.923,0.938,0.911,0.919,720682.997
1777680000,0.919,0.941,0.914,0.932,388899.029
1777766400,0.93,0.937,0.915,0.923,534922.784
1777852800,0.922,0.974,0.915,0.936,1471985.528
1777939200,0.936,1,0.933,0.974,1359455.154
1778025600,0.975,1.161,0.972,1.117,9820956.912
1778112000,1.116,1.127,1.048,1.097,4148860.039
1778198400,1.098,1.326,1.072,1.286,5272656.798
1778284800,1.284,1.32,1.194,1.199,4835524.946
1778371200,1.199,1.208,1.108,1.148,2047050.49
1778457600,1.149,1.16,1.119,1.126,1176747.001
1778544000,1.125,1.131,1.069,1.092,1710744.604
1778630400,1.092,1.113,1.03,1.047,1561333.435
1778716800,1.047,1.067,1.026,1.054,1141674.798
1778803200,1.054,1.067,0.979,1.009,1785607.909
1778889600,1.009,1.021,0.949,0.972,956973.171
1778976000,0.973,0.981,0.908,0.94,750278.23
1779062400,0.939,0.962,0.924,0.96,1201936.544
1779148800,0.96,0.968,0.933,0.937,1007620.508
1779235200,0.938,0.973,0.935,0.969,895917.374
1779321600,0.969,1.022,0.966,1.005,1118450.132
1779408000,1.005,1.038,0.952,0.961,1601221.388
1779494400,0.96,1.012,0.911,0.98,1907099.518
1779580800,0.979,0.981,0.933,0.956,918858.491
1779667200,0.956,1.005,0.949,0.982,850873.902
1779753600,0.982,1.05,0.966,1.007,2325757.534
1779840000,1.007,1.096,0.974,1.028,5622380.112
1779926400,1.027,1.057,0.928,0.959,3339917.988
1780012800,0.959,0.99,0.924,0.956,1496390.06
1780099200,0.956,1.015,0.955,0.973,1836105.345
1780185600,0.974,0.984,0.912,0.936,1410105.403
1780272000,0.935,0.972,0.893,0.952,2185391.389
1780358400,0.954,0.957,0.843,0.862,2867115.059
1780444800,0.863,0.998,0.85,0.926,5544832.162
1780531200,0.925,0.936,0.828,0.864,4516973.073
1780617600,0.864,0.875,0.7,0.734,6309160.302
1780704000,0.735,0.749,0.671,0.732,2231005.263
1780790400,0.733,0.801,0.729,0.773,1767970.473
1780876800,0.773,0.792,0.755,0.776,1404305.279
1780963200,0.776,0.781,0.74,0.764,897414.453
1781049600,0.763,0.77,0.721,0.734,1121665.792
1781136000,0.735,0.773,0.735,0.757,1104992.743
1781222400,0.757,0.763,0.74,0.748,565308.122
1781308800,0.749,0.798,0.749,0.784,601106.244
1781395200,0.784,0.796,0.753,0.795,627152.039
1781481600,0.793,0.823,0.785,0.795,900981.62
1781568000,0.795,0.82,0.774,0.806,701896.796
1781654400,0.807,0.831,0.776,0.8,1479575.813
1781740800,0.8,0.807,0.755,0.798,895829.221
1781827200,0.798,0.807,0.763,0.791,708007.36
1781913600,0.79,0.798,0.774,0.786,256496.229
1782000000,0.785,0.824,0.779,0.782,685891.139
1782086400,0.782,0.819,0.779,0.788,615512.135
1782172800,0.788,0.805,0.738,0.787,958426.604
1782259200,0.788,0.794,0.698,0.746,1119033.686
1782345600,0.748,0.771,0.687,0.737,1643646.222
1782432000,0.736,0.756,0.701,0.744,1263712.593
1782518400,0.744,0.754,0.723,0.727,617894.328
1782604800,0.728,0.738,0.701,0.714,463280.405
1782691200,0.713,0.747,0.706,0.732,671184.631
1782777600,0.732,0.741,0.703,0.717,676229.239
1782864000,0.718,0.755,0.701,0.735,1341536.767
1782950400,0.735,0.788,0.732,0.773,1124012.943
1783036800,0.772,0.814,0.771,0.805,950374.979
1783123200,0.805,0.816,0.79,0.796,690529.858
1783209600,0.797,0.806,0.774,0.799,408903.57
1783296000,0.8,0.813,0.759,0.794,948800.543
1783382400,0.794,0.801,0.77,0.773,309013.3
1783468800,0.775,0.782,0.743,0.765,838270.169
1783555200,0.766,0.799,0.761,0.78,499094.435
1783641600,0.78,0.817,0.775,0.787,682777.896
1783728000,0.786,0.799,0.77,0.771,396383.567
1783814400,0.77,0.793,0.767,0.772,764015.534
1783900800,0.771,0.786,0.733,0.749,570454.974
1783987200,0.749,0.787,0.749,0.785,553504.501
1784073600,0.785,0.805,0.777,0.79,570476.533
1784160000,0.79,0.791,0.765,0.77,281702.363
1784246400,0.768,0.778,0.752,0.764,392310.005
1784332800,0.764,0.767,0.738,0.749,332861.966
1784419200,0.749,0.753,0.71,0.719,534127.454
1784505600,0.719,0.742,0.701,0.734,795378.394
1784592000,0.735,0.783,0.731,0.768,696385.398
1784678400,0.768,0.781,0.757,0.762,442781.564
1784764800,0.761,0.764,0.722,0.727,531873.26
1784851200,0.727,0.738,0.711,0.718,603094.752
1784937600,0.719,0.741,0.713,0.736,361058.612
1785024000,0.736,0.753,0.732,0.744,535886.376
1785110400,0.745,0.755,0.688,0.694,2096001.671
1785196800,0.694,0.717,0.681,0.706,1436959.409
1785283200,0.706,0.712,0.655,0.68,1899521.777
1785369600,0.68,0.729,0.676,0.713,1475705.45
1785456000,0.713,0.726,0.706,0.716,854371.597
1785542400,0.715,0.728,0.69,0.7,826057.576
1785628800,0.7,0.724,0.699,0.718,892477.121
1785715200,0.718,0.733,0.705,0.723,1098175.144
1785801600,0.723,0.727,0.706,0.718,559518.298
1785888000,0.717,0.73,0.704,0.72,1044331.079
1785974400,0.72,0.736,0.68,0.703,3236995.693
1786060800,0.704,0.705,0.67,0.683,1560837.694
1786147200,0.683,0.726,0.683,0.711,1194164.237
1786233600,0.711,0.716,0.698,0.7,690680.382
1786320000,0.699,0.708,0.691,0.702,1023283.381
1786406400,0.702,0.717,0.687,0.71,947035.078
1786492800,0.71,0.712,0.658,0.669,1375746.917
1786579200,0.669,0.681,0.664,0.677,750679.068
1786665600,0.677,0.68,0.662,0.68,1132561.082
1786752000,0.68,0.699,0.673,0.676,940164.755
1786838400,0.675,0.685,0.658,0.666,934276.483
1786924800,0.666,0.676,0.661,0.672,1066461.605
1787011200,0.672,0.672,0.609,0.6313,3450507.499
1787097600,0.6314,0.6993,0.6246,0.6736,3126911.255
1787184000,0.6732,0.7716,0.6645,0.7353,6543696.531
1787270400,0.7352,0.8197,0.7343,0.8096,6776845.484
1787356800,0.8098,0.8594,0.7168,0.7625,10164856.516
1787443200,0.7624,0.7825,0.7325,0.7728,3463429.607
1787529600,0.7738,0.7738,0.743,0.7532,3843999.653
1787616000,0.7533,0.7716,0.6978,0.7119,4589337.233
1787702400,0.7113,0.7248,0.6875,0.7152,3281662.155
1787788800,0.7148,0.7291,0.703,0.7049,2473031.843
1787875200,0.7052,0.7205,0.6672,0.6861,2959479.098
1787961600,0.6862,0.688,0.6769,0.6823,681154.209
1788048000,0.6821,0.695,0.6489,0.6593,2224322.705
1788134400,0.6582,0.684,0.6569,0.6819,2207815.924
1788220800,0.6819,0.7978,0.6806,0.779,8906386.709
1788307200,0.7789,0.8149,0.7589,0.7983,8375655.677
1788393600,0.7985,0.8332,0.7798,0.792,3289411.57
1788480000,0.7918,0.7918,0.7248,0.7593,1988058.395
1788566400,0.7595,0.7989,0.7549,0.7882,724054.202
1788652800,0.7874,0.8404,0.7776,0.8078,1673752.514
1788739200,0.8083,0.8817,0.7967,0.8356,1952559.292
1788825600,0.836,0.877,0.8336,0.8452,1833828.449
1788912000,0.8459,0.8552,0.8068,0.8197,1824811.401
1788998400,0.82,0.8237,0.7778,0.7801,2138335.598
1789084800,0.7796,0.828,0.7725,0.7857,2368324.563
1789171200,0.7852,0.8156,0.7852,0.8008,1362238.855
1789257600,0.8011,1.0402,0.7995,0.9509,9384868.852
1789344000,0.9528,1.0394,0.9328,0.9357,14725756.372
1789430400,0.9357,0.9357,0.8036,0.8139,4213753.308
1789516800,0.8143,0.8261,0.76,0.8057,3436912.217
1789603200,0.8054,0.8488,0.7931,0.8408,3767423.673
1789689600,0.84,0.945,0.832,0.945,5316373.069
1789776000,0.9434,1.1364,0.9378,0.9613,7439900.998
1789862400,0.961,0.9768,0.9113,0.9436,4580193.539
1789948800,0.944,0.9671,0.9356,0.9568,883011.846
