ts,open,high,low,close,volume
1608163200,0.13,0.165,0.1003,0.1227,159110983.56
1608249600,0.1226,0.289,0.1219,0.2617,804509043.93
1608336000,0.2617,0.598,0.2559,0.4785,873927689.29
1608422400,0.4785,0.8105,0.4543,0.7453,725680575.49
1608508800,0.749,0.775,0.45,0.4722,464972272.11
1608595200,0.4722,0.63,0.425,0.5461,381136754.39
1608681600,0.5461,0.582,0.335,0.4111,304229389.85
1608768000,0.4112,0.4567,0.355,0.4101,220978772.38
1608854400,0.411,0.4209,0.3342,0.3592,155419318.73
1608940800,0.3585,0.4991,0.32,0.4855,338902717.1
1609027200,0.4848,0.4961,0.3778,0.396,262468420.83
1609113600,0.3965,0.438,0.3745,0.3804,187062640.11
1609200000,0.3804,0.3859,0.3395,0.373,148233722.23
1609286400,0.3726,0.405,0.35,0.3747,119786527.5
1609372800,0.3747,0.3805,0.3415,0.3513,67321231.02
1609459200,0.3509,0.3795,0.3462,0.3622,78189270.45
1609545600,0.3623,0.3624,0.311,0.3278,84131551.56
1609632000,0.3272,0.3375,0.282,0.2991,168968503.31
1609718400,0.2987,0.355,0.2914,0.3096,163038917.75
1609804800,0.3097,0.348,0.2853,0.3385,152009294.7
1609891200,0.3395,0.4,0.3154,0.3706,205305933.73
1609977600,0.3706,0.4159,0.328,0.3459,135257874.26
1610064000,0.3465,0.3515,0.3106,0.3292,122075054.56
1610150400,0.3292,0.3651,0.3171,0.3493,95202001.72
1610236800,0.349,0.3789,0.3078,0.3266,94366751.27
1610323200,0.3265,0.3278,0.2326,0.2904,126376432.76
1610409600,0.2911,0.31,0.2646,0.277,60185879.43
1610496000,0.2771,0.3498,0.267,0.3247,89047991.51
1610582400,0.3247,0.3616,0.3158,0.3332,96784475.88
1610668800,0.3331,0.392,0.311,0.3378,108201522.15
1610755200,0.3374,0.4783,0.337,0.4658,210278103.59
1610841600,0.4658,0.575,0.41,0.5193,242109402.67
1610928000,0.5196,0.6619,0.4949,0.6181,229073329.17
1611014400,0.6185,0.644,0.525,0.5398,165149768.92
1611100800,0.5392,0.5759,0.4768,0.5232,111212953.2
1611187200,0.5222,0.5598,0.4342,0.4356,111620539.22
1611273600,0.4354,0.5567,0.385,0.5106,144229909.96
1611360000,0.5108,0.5931,0.489,0.5848,93860054.52
1611446400,0.5848,0.594,0.518,0.5561,75111994.96
1611532800,0.5563,0.594,0.5255,0.5295,60264692.9
1611619200,0.5294,0.551,0.4806,0.5371,53582757.58
1611705600,0.5371,0.5459,0.454,0.4852,55808714.09
1611792000,0.4849,0.5837,0.469,0.5585,73291167.47
1611878400,0.5591,0.66,0.5341,0.5536,135362182.29
1611964800,0.5542,0.68,0.552,0.6377,107896677.73
1612051200,0.6371,0.873,0.602,0.7947,176266140.95
1612137600,0.7959,0.89,0.7535,0.7841,122838807.21
1612224000,0.7841,0.8194,0.7252,0.7522,74384790.99
1612310400,0.7538,0.869,0.7261,0.827,72653738.04
1612396800,0.8269,0.86,0.7694,0.8169,79530736.36
1612483200,0.8161,1.05,0.807,0.9522,123299772.27
1612569600,0.9509,0.9555,0.8338,0.8679,60702375.31
1612656000,0.868,0.96,0.78,0.9179,72412913.61
1612742400,0.919,1.0445,0.9131,0.9692,72857644.42
1612828800,0.9718,1.1,0.9414,1.053,47009949.73
1612915200,1.0534,1.289,0.9912,1.2698,130131056.42
1613001600,1.2697,2.2,1.2018,2.0377,302274424.7
1613088000,2.0386,2.8988,1.9,2.242,304035291.38
1613174400,2.2401,2.6,2.185,2.339,89748118.83
1613260800,2.3381,2.4091,1.9,2.1651,93863049.2
1613347200,2.1682,2.4439,1.68,2.1413,131894016.2
1613433600,2.1413,2.2765,2.0258,2.0662,55490394.4
1613520000,2.0668,2.215,1.9062,2.1824,67013811.56
1613606400,2.1824,2.35,2.1221,2.2949,59279849.11
1613692800,2.293,2.331,2.1,2.1653,45646205.77
1613779200,2.1678,2.65,2.0816,2.2864,104406716.01
1613865600,2.286,2.3981,2.1912,2.3076,48065845.85
1613952000,2.3078,2.4457,1.5927,2.0232,107557579.19
1614038400,2.0191,2.0305,1.3332,1.7034,168461833.53
1614124800,1.7025,2.0427,1.6002,1.8975,81974531.89
1614211200,1.8975,1.9927,1.6944,1.7213,50675435.93
1614297600,1.7189,1.8694,1.5619,1.7284,54078486.49
1614384000,1.7277,1.8195,1.635,1.6858,29216448.68
1614470400,1.684,1.6925,1.4201,1.5945,48716362.68
1614556800,1.5938,1.9278,1.5938,1.927,43838869.15
1614643200,1.927,1.9825,1.7217,1.8328,45168537.22
1614729600,1.8328,2.08,1.795,1.9519,42988324.8
1614816000,1.9511,2.04,1.7901,1.8558,32393892.57
1614902400,1.8566,1.8894,1.7177,1.8266,28879648.76
1614988800,1.8278,1.86,1.75,1.7955,16289777.33
1615075200,1.7955,1.9369,1.7941,1.8773,21880961.35
1615161600,1.8799,1.927,1.8,1.9065,22697202.73
1615248000,1.9065,2.2074,1.881,2.1202,51190222.11
1615334400,2.1184,2.1511,1.952,2.0296,34538060.08
1615420800,2.0359,2.11,1.858,1.9107,30320275.63
1615507200,1.9093,1.9294,1.6527,1.736,43231148.79
1615593600,1.7343,1.8929,1.653,1.7934,34418146.53
1615680000,1.7921,1.8396,1.7086,1.7312,20584761.9
1615766400,1.7327,1.87,1.6813,1.7168,24545171.66
1615852800,1.7197,1.789,1.5986,1.7134,23287308.79
1615939200,1.713,1.7554,1.65,1.7191,16629597.79
1616025600,1.7181,1.792,1.6789,1.692,25126583.24
1616112000,1.6923,1.7395,1.655,1.6901,16892670.15
1616198400,1.69,1.8787,1.6825,1.721,24434359.59
1616284800,1.7216,1.7569,1.6522,1.7,15176468.82
1616371200,1.6994,1.7105,1.5,1.545,22733551.71
1616457600,1.5447,1.5976,1.4934,1.5031,19530468.71
1616544000,1.5031,1.5911,1.3208,1.3913,23629684.34
1616630400,1.3923,1.4199,1.3117,1.3404,31380860.99
1616716800,1.3399,1.5645,1.3385,1.555,21122995.88
1616803200,1.5558,1.5875,1.4561,1.4674,20067907.06
1616889600,1.4664,1.82,1.459,1.8151,42105144.83
1616976000,1.8151,1.85,1.6869,1.7706,30578113.9
1617062400,1.7715,1.8921,1.7251,1.7618,28382613.8
1617148800,1.7617,1.7943,1.6456,1.7199,20461452.72
1617235200,1.7188,1.8497,1.6826,1.7733,21892983.35
1617321600,1.7734,1.95,1.7308,1.8873,22940671.32
1617408000,1.8864,1.974,1.6757,1.6805,21123754.07
1617494400,1.6801,1.7726,1.6537,1.7586,8616359.69
1617580800,1.7618,1.8495,1.69,1.8278,19263836.4
1617667200,1.8299,1.88,1.728,1.7648,15648789.17
1617753600,1.7653,1.7689,1.53,1.655,21442990.6
1617840000,1.6553,1.755,1.6394,1.7491,8041010.45
1617926400,1.7497,1.815,1.714,1.7389,10442275.17
1618012800,1.7388,1.9177,1.7111,1.8882,20229722.37
1618099200,1.8875,1.9027,1.7938,1.8975,12068071.73
1618185600,1.8953,2.148,1.8785,2.0133,43756901.71
1618272000,2.0147,2.0792,1.9042,1.9232,22431159.49
1618358400,1.9232,2.1375,1.8252,2.0227,32312694.3
1618444800,2.0239,2.188,1.9591,2.1015,26681112.22
1618531200,2.1027,2.1787,1.905,1.9912,26641956.87
1618617600,1.992,2.13,1.9295,1.9335,18869595.65
1618704000,1.9323,1.9535,1.5,1.707,57009000.24
1618790400,1.708,1.7796,1.5313,1.5593,20970485.48
1618876800,1.5598,1.645,1.4248,1.591,22886463.63
1618963200,1.5917,1.6629,1.4917,1.5266,20181256.35
1619049600,1.526,1.624,1.3948,1.4105,26241938
1619136000,1.41,1.4434,1.1357,1.3984,46618213.31
1619222400,1.3969,1.401,1.25,1.2579,14052584.39
1619308800,1.258,1.3589,1.1951,1.26,13562408.34
1619395200,1.26,1.5061,1.25,1.4613,20986072.92
1619481600,1.46,1.5799,1.447,1.56,14978009.08
1619568000,1.56,1.633,1.4829,1.5362,23804724
1619654400,1.5363,1.5682,1.4424,1.4976,14574383.74
1619740800,1.4978,1.5988,1.4709,1.5597,15956153.49
1619827200,1.5597,1.73,1.5523,1.6779,20086294.55
1619913600,1.6779,1.6894,1.545,1.6111,13195835.99
1620000000,1.6115,1.6822,1.5711,1.5908,18111174.9
1620086400,1.5908,1.5923,1.4175,1.4327,28889986.16
1620172800,1.4323,1.5554,1.422,1.5377,21467877.99
1620259200,1.5374,1.6696,1.51,1.6057,31107321.62
1620345600,1.6066,1.7297,1.5231,1.6022,29603207.8
1620432000,1.6021,1.6547,1.5608,1.5883,17310990.13
1620518400,1.5891,1.6035,1.478,1.5351,19144102.88
1620604800,1.5361,1.5775,1.27,1.3852,29533529.65
1620691200,1.3843,1.49,1.3251,1.4624,25031319.97
1620777600,1.4623,1.5419,1.2635,1.292,34687167.4
1620864000,1.2933,1.4121,1.22,1.3148,37489570.61
1620950400,1.3149,1.4,1.2867,1.3664,19992205.22
1621036800,1.3671,1.5263,1.3073,1.3171,41752982.21
1621123200,1.3167,1.4199,1.2286,1.2992,28138128.82
1621209600,1.2983,1.2999,1.1684,1.1955,35960552.99
1621296000,1.1962,1.2664,1.1788,1.2258,31318413.55
1621382400,1.2251,1.2446,0.5305,0.7503,75348668.03
1621468800,0.7507,0.9988,0.6933,0.9083,51351054.63
1621555200,0.9083,0.9599,0.7416,0.8532,59439625.31
1621641600,0.854,0.8748,0.7608,0.7899,36309168.61
1621728000,0.7897,0.8078,0.5012,0.6519,69795368.79
1621814400,0.6519,0.8753,0.6309,0.8266,69754974.85
1621900800,0.8267,0.8659,0.7227,0.8235,51453023.12
1621987200,0.8238,0.8841,0.8017,0.8424,55101658.65
1622073600,0.8423,0.8437,0.7501,0.7722,55697985.73
1622160000,0.7726,0.7938,0.6163,0.6514,73530410.9
1622246400,0.6514,0.699,0.5944,0.6292,37166315.57
1622332800,0.6298,0.78,0.5889,0.7392,38471952.79
1622419200,0.739,0.858,0.6893,0.7935,61254642.57
1622505600,0.7933,0.8284,0.7473,0.7703,24431080.69
1622592000,0.7709,0.8136,0.7368,0.766,16054313.56
1622678400,0.7662,0.972,0.7542,0.9509,45791569.5
1622764800,0.9509,0.9556,0.7511,0.8018,49661100.65
1622851200,0.8017,0.8492,0.7219,0.7521,17133447.49
1622937600,0.7535,0.8245,0.7473,0.7833,15865163.47
1623024000,0.7834,0.8398,0.6869,0.6989,24403399.1
1623110400,0.6982,0.7152,0.6251,0.6927,35109115.67
1623196800,0.6926,0.7327,0.6567,0.7093,28691739.49
1623283200,0.7095,0.717,0.6542,0.6629,21827759.27
1623369600,0.6631,0.6814,0.6033,0.6144,17561881.36
1623456000,0.6146,0.6285,0.5676,0.6028,20154497.29
1623542400,0.6027,0.6946,0.582,0.6851,19017481.61
1623628800,0.6848,0.727,0.6624,0.6824,34387491.7
1623715200,0.683,0.7599,0.6737,0.7158,33360540.17
1623801600,0.7154,0.794,0.6687,0.6813,37932088.68
1623888000,0.6814,0.7204,0.65,0.6859,21820796.86
1623974400,0.6858,0.6925,0.5922,0.6097,19519982.03
1624060800,0.6095,0.6294,0.591,0.6011,16446191.37
1624147200,0.6002,0.6556,0.5653,0.6422,21944675.7
1624233600,0.6423,0.6491,0.5,0.5048,37044357.25
1624320000,0.505,0.5526,0.4284,0.4941,49834803.01
1624406400,0.494,0.6089,0.4727,0.6012,41634999.01
1624492800,0.602,0.6254,0.5756,0.6014,21000096.85
1624579200,0.6015,0.63,0.5216,0.5257,21771647.38
1624665600,0.5256,0.5487,0.504,0.5436,20735903.38
1624752000,0.5438,0.5592,0.5169,0.5592,15161298.19
1624838400,0.5591,0.5888,0.5428,0.5715,19741922.34
1624924800,0.5716,0.624,0.5671,0.579,31398907.19
1625011200,0.579,0.5921,0.5484,0.5911,20500815.87
1625097600,0.5917,0.5924,0.52,0.5364,20684185.67
1625184000,0.5363,0.605,0.5203,0.6025,21735552.3
1625270400,0.6032,0.6857,0.5873,0.6769,42907868.69
1625356800,0.6769,0.759,0.6428,0.7261,43120986.14
1625443200,0.7258,0.799,0.6964,0.7325,57551378.31
1625529600,0.7326,0.7681,0.6836,0.7014,37285301.41
1625616000,0.7014,0.7593,0.6883,0.7055,22083207.89
1625702400,0.7065,0.7097,0.6326,0.6553,23554894.4
1625788800,0.6553,0.7033,0.6283,0.6916,18609713.19
1625875200,0.6927,0.7177,0.6498,0.6858,15152118.91
1625961600,0.6858,0.7493,0.6825,0.7132,14794597.5
1626048000,0.7132,0.7414,0.6603,0.6704,16184902.35
1626134400,0.6703,0.6852,0.6256,0.6336,11943946.92
1626220800,0.6332,0.6527,0.5938,0.6384,13562488.86
1626307200,0.6379,0.6515,0.5907,0.6,13723562.49
1626393600,0.6011,0.6172,0.5769,0.5803,10763420.34
1626480000,0.5799,0.5902,0.5564,0.5595,8995906.45
1626566400,0.5585,0.5865,0.5492,0.5513,8820345.88
1626652800,0.5517,0.5567,0.5021,0.507,13497415.12
1626739200,0.5076,0.5184,0.4756,0.492,18042167.86
1626825600,0.492,0.5767,0.4743,0.5574,15725908.7
1626912000,0.5568,0.5621,0.5277,0.5597,15086561.56
1626998400,0.5597,0.5685,0.5176,0.5568,15766816.07
1627084800,0.557,0.5941,0.5352,0.55,24924367.42
1627171200,0.55,0.5566,0.5254,0.5425,25664947.13
1627257600,0.5425,0.6161,0.5392,0.5498,48060283.79
1627344000,0.5497,0.602,0.5246,0.5672,30438277.46
1627430400,0.5674,0.582,0.5464,0.5604,24065617.13
1627516800,0.5598,0.635,0.5485,0.5841,29938441.83
1627603200,0.5845,0.603,0.5545,0.5954,22377626.21
1627689600,0.5951,0.6396,0.5852,0.6259,26315030.87
1627776000,0.6266,0.7268,0.6181,0.659,44516034
1627862400,0.6591,0.701,0.6327,0.6921,26963139.93
1627948800,0.6922,0.7087,0.6381,0.6463,21414442.12
1628035200,0.6462,0.6845,0.6226,0.6669,19116686.06
1628121600,0.667,0.715,0.6386,0.7006,28101566.32
1628208000,0.7006,0.7244,0.6704,0.703,27823691.44
1628294400,0.7033,0.76,0.6939,0.7333,41386570.54
1628380800,0.7333,0.7345,0.6584,0.6723,31739098.8
1628467200,0.6725,0.7399,0.6464,0.7071,34768400.28
1628553600,0.7072,0.7709,0.6976,0.7499,44413678.79
1628640000,0.7499,0.887,0.7448,0.79,66693137.25
1628726400,0.7897,0.8867,0.7602,0.8804,73208106.73
1628812800,0.8803,0.9493,0.8709,0.9292,53044563.61
1628899200,0.929,0.9554,0.8678,0.901,36952098.01
1628985600,0.9009,0.9153,0.8436,0.8975,20978981.97
1629072000,0.8988,0.935,0.8518,0.8552,30755325.27
1629158400,0.855,1.024,0.8147,0.869,75916886.15
1629244800,0.8696,0.9203,0.8156,0.8537,47211581.22
1629331200,0.8543,0.9842,0.83,0.9842,46849971.28
1629417600,0.9845,1.0924,0.9787,1.042,60383925.08
1629504000,1.0416,1.0576,0.9848,0.9895,24793026.7
1629590400,0.9895,1.0785,0.9634,1.0746,32748292.94
1629676800,1.0747,1.0833,1.0039,1.0254,27833308.1
1629763200,1.0239,1.0353,0.895,0.9189,45030631.23
1629849600,0.919,0.979,0.8877,0.9512,40329140.17
1629936000,0.9516,0.9684,0.848,0.8648,48288265.68
1630022400,0.8647,0.9398,0.8375,0.9233,29293924.62
1630108800,0.9237,0.9497,0.8967,0.9166,16602605.68
1630195200,0.9172,0.9369,0.876,0.9153,17608652.8
1630281600,0.9156,0.9156,0.8437,0.851,22708973.89
1630368000,0.8508,0.9097,0.8432,0.8561,30719837.48
1630454400,0.856,0.93,0.8275,0.9227,34004379.18
1630540800,0.9218,0.9464,0.8937,0.9064,27062890.4
1630627200,0.9068,0.9366,0.8819,0.9133,22655221.01
1630713600,0.913,0.977,0.905,0.951,27216314.89
1630800000,0.9512,1.0358,0.9346,1.0237,38796625.62
1630886400,1.0237,1.0777,0.9128,1.0646,46422066.47
1630972800,1.0644,1.065,0.7102,0.8328,72664462.84
1631059200,0.8352,0.8628,0.7434,0.823,54334065.52
1631145600,0.8238,0.917,0.7979,0.8554,49521401.79
1631232000,0.8552,0.8943,0.7825,0.808,32393879.28
1631318400,0.808,0.9128,0.8034,0.8732,25887624.38
1631404800,0.8735,0.96,0.8317,0.9223,27796643.91
1631491200,0.921,0.9527,0.7962,0.8405,28443999.63
1631577600,0.8404,0.8793,0.8025,0.8599,23403669.23
1631664000,0.86,0.9222,0.8434,0.9085,19490770.11
1631750400,0.9082,0.9215,0.836,0.8563,26615690.2
1631836800,0.8563,0.865,0.8063,0.8187,20938312.83
1631923200,0.8184,0.848,0.8029,0.835,13879396.42
1632009600,0.8348,0.8408,0.8001,0.814,12569609.45
1632096000,0.8134,0.8146,0.6581,0.6999,45132089.49
1632182400,0.6997,0.737,0.6301,0.6568,32350590.48
1632268800,0.6573,0.7474,0.6526,0.7446,33748259.51
1632355200,0.7448,0.7477,0.7093,0.7341,22667825.32
1632441600,0.7337,0.825,0.6521,0.693,63632011.58
1632528000,0.6922,0.7001,0.6538,0.6828,19668654.58
1632614400,0.6833,0.7436,0.6234,0.6733,46464646.49
1632700800,0.6724,0.7206,0.6593,0.6616,24739013.23
1632787200,0.6613,0.679,0.625,0.6284,19732748.43
1632873600,0.628,0.6673,0.6197,0.6331,18364941.64
1632960000,0.6331,0.6581,0.6298,0.6459,16244254.18
1633046400,0.6459,0.7267,0.6433,0.707,25606779.96
1633132800,0.707,0.7586,0.6953,0.7264,19099137.95
1633219200,0.726,0.7573,0.7075,0.7372,20745993.54
1633305600,0.7367,0.7368,0.6944,0.7157,18609053
1633392000,0.7156,0.7896,0.7092,0.7571,26722143.77
1633478400,0.7575,0.7629,0.6846,0.7178,27542627.23
1633564800,0.718,0.7411,0.7021,0.7216,19444748.53
1633651200,0.7217,0.7368,0.707,0.712,16784948.4
1633737600,0.7121,0.7499,0.705,0.744,15428294.57
1633824000,0.7441,0.7441,0.6769,0.6818,14271767.17
1633910400,0.6816,0.7132,0.6631,0.6799,13441626.6
1633996800,0.6798,0.6837,0.6465,0.6759,16902058.38
1634083200,0.6757,0.7132,0.6627,0.7074,16964356.34
1634169600,0.7075,0.7482,0.6966,0.7161,16008460.94
1634256000,0.7161,0.8377,0.6952,0.8145,65063677.85
1634342400,0.8144,0.8858,0.79,0.7995,59729205.69
1634428800,0.7994,0.8308,0.753,0.7768,25625458.51
1634515200,0.7769,0.8001,0.7512,0.7691,18247049.16
1634601600,0.7688,0.7879,0.7521,0.78,17598445.72
1634688000,0.7801,0.881,0.7747,0.874,43687691.47
1634774400,0.874,0.9557,0.842,0.9355,58017439.33
1634860800,0.9355,0.9934,0.8788,0.9017,50667272.98
1634947200,0.9022,0.9131,0.8694,0.8863,15948758.46
1635033600,0.8863,0.9464,0.8743,0.9398,34484915.68
1635120000,0.9401,1.0729,0.9397,1.0375,76077929.77
1635206400,1.038,1.1966,1.0124,1.0797,56411762.06
1635292800,1.0807,1.1231,0.88,0.9321,68100545.76
1635379200,0.9322,0.9914,0.9158,0.9407,37557706.67
1635465600,0.9409,1.0257,0.9352,0.9713,38056998.6
1635552000,0.9696,0.9858,0.9002,0.9212,23970601.6
1635638400,0.921,1.1038,0.8931,1.0453,67051484.32
1635724800,1.0454,1.052,0.934,0.9925,34317623.51
1635811200,0.9926,1.0308,0.9788,0.9944,22158286.6
1635897600,0.9943,1.0204,0.9406,0.9887,34995293.73
1635984000,0.9889,1.0719,0.9731,1.0535,46754609.54
1636070400,1.0538,1.1666,1.0187,1.0667,57111437.56
1636156800,1.066,1.0853,1.0051,1.0623,24460732.53
1636243200,1.0623,1.135,1.0436,1.1156,30430715.03
1636329600,1.1155,1.1496,1.0642,1.1355,29192437.24
1636416000,1.1358,1.3391,1.1268,1.2083,88686225.07
1636502400,1.2077,1.2346,0.9947,1.0867,53840060.17
1636588800,1.0858,1.1617,1.0618,1.111,34286792.62
1636675200,1.111,1.1499,1.034,1.0748,24903206.18
1636761600,1.0747,1.125,1.0721,1.0965,15183114.06
1636848000,1.0966,1.1072,1.0445,1.067,10889478.04
1636934400,1.0671,1.1105,1.0185,1.0191,11775601.78
1637020800,1.0196,1.0196,0.8417,0.9214,32144012
1637107200,0.9221,0.9662,0.8817,0.9352,24761097.09
1637193600,0.9354,1.0247,0.8461,0.867,30475964.14
1637280000,0.8671,0.9741,0.8556,0.9571,18253272.51
1637366400,0.9571,0.9837,0.9153,0.9662,10012559.24
1637452800,0.9667,0.969,0.9205,0.9221,9791703.42
1637539200,0.9232,0.9269,0.8538,0.8771,25195907.03
1637625600,0.8766,0.9481,0.8565,0.9014,21466017.97
1637712000,0.9012,0.9017,0.8456,0.8667,17178687.91
1637798400,0.867,0.9462,0.8554,0.9211,21770185.69
1637884800,0.9216,1.0494,0.8424,0.8591,92849286.66
1637971200,0.8589,1.0842,0.845,1.0355,88021153.44
1638057600,1.0347,1.0967,0.9266,1.007,44196561.19
1638144000,1.0066,1.0099,0.9472,0.9642,17956826.21
1638230400,0.9636,0.9748,0.9068,0.9239,17103768.21
1638316800,0.9241,0.9635,0.9052,0.924,20003157.51
1638403200,0.9236,0.9247,0.8806,0.899,10124642.4
1638489600,0.899,0.9248,0.8224,0.8611,17893377.11
1638576000,0.8611,0.8629,0.6278,0.7356,32372850.92
1638662400,0.7349,0.7543,0.6543,0.6881,21584328.27
1638748800,0.6881,0.7131,0.6059,0.7062,29236795.31
1638835200,0.7055,0.7276,0.676,0.6898,16294388.76
1638921600,0.6898,0.7798,0.675,0.7642,26361432.04
1639008000,0.7643,0.7646,0.6802,0.6843,16405930.62
1639094400,0.6843,0.7066,0.6375,0.6399,15780173.01
1639180800,0.6387,0.675,0.6298,0.6711,8343583.96
1639267200,0.6713,0.6965,0.656,0.685,9606098.27
1639353600,0.6841,0.6885,0.5846,0.5983,21896007.24
1639440000,0.5979,0.6514,0.5898,0.6386,17954945.05
1639526400,0.638,0.6642,0.5814,0.64,25139142.04
1639612800,0.64,0.6684,0.6123,0.6141,19667003.94
1639699200,0.6138,0.6284,0.5789,0.5896,18692192.42
1639785600,0.5894,0.6164,0.581,0.6049,17012901.18
1639872000,0.6045,0.6677,0.6001,0.6482,19037539.42
1639958400,0.6483,0.668,0.5898,0.6222,20187985.06
1640044800,0.6233,0.717,0.6143,0.7097,27083217.35
1640131200,0.7097,0.7309,0.6914,0.6944,19064193.53
1640217600,0.6942,0.7504,0.678,0.7336,20472464.45
1640304000,0.7341,0.7497,0.6834,0.697,13887429.32
1640390400,0.6968,0.7294,0.6909,0.7199,9038117.7
1640476800,0.7203,0.7451,0.6862,0.7354,15263291.54
1640563200,0.7358,0.7779,0.7335,0.7375,14121635.92
1640649600,0.7375,0.7391,0.6611,0.6659,20578437.3
1640736000,0.6654,0.6935,0.6233,0.6329,17991486.41
1640822400,0.6327,0.662,0.6128,0.6466,15451841.56
1640908800,0.6463,0.6828,0.6215,0.6421,20683753.34
1640995200,0.6425,0.6664,0.6376,0.6647,13594732.03
1641081600,0.6644,0.6952,0.6486,0.6765,15334199.72
1641168000,0.6763,0.6952,0.6435,0.6582,24383133.6
1641254400,0.6583,0.7069,0.6405,0.6784,28480492.38
1641340800,0.6787,0.7316,0.5993,0.6298,42042256.52
1641427200,0.6306,0.6449,0.6052,0.6365,28615912.63
1641513600,0.6363,0.6388,0.5826,0.5936,42378970.21
1641600000,0.594,0.6203,0.5458,0.5732,27592555.36
1641686400,0.573,0.5965,0.565,0.5841,17139699.51
1641772800,0.5845,0.5948,0.5221,0.5425,23971917.98
1641859200,0.5425,0.5732,0.5365,0.5691,21222193.42
1641945600,0.5686,0.598,0.5645,0.5942,15683216
1642032000,0.5941,0.6261,0.5671,0.5711,22779627.17
1642118400,0.5707,0.5864,0.5551,0.5792,13057382.25
1642204800,0.5792,0.6011,0.5709,0.5948,7822817.91
1642291200,0.5952,0.5968,0.5743,0.5892,6377942.78
1642377600,0.5892,0.5919,0.5383,0.5478,16711723.61
1642464000,0.5477,0.5591,0.5156,0.5309,18828627.84
1642550400,0.5309,0.5348,0.4994,0.5244,15786189.53
1642636800,0.5245,0.5616,0.4972,0.5001,18907054.15
1642723200,0.5001,0.5065,0.4215,0.4366,51212738.51
1642809600,0.4365,0.4441,0.3672,0.4163,41479623.55
1642896000,0.4162,0.4318,0.3919,0.4151,22137848
1642982400,0.4149,0.4152,0.3444,0.3932,34503712.69
1643068800,0.3932,0.4214,0.3839,0.4145,23941964.2
1643155200,0.4148,0.4653,0.396,0.4047,31244216.42
1643241600,0.4047,0.4111,0.3838,0.4054,20047889.81
1643328000,0.4048,0.4177,0.3951,0.4141,17722695.83
1643414400,0.4141,0.4241,0.4057,0.4104,15888990.9
1643500800,0.4103,0.4211,0.3957,0.3997,16105889.42
1643587200,0.3997,0.4103,0.3798,0.409,18194352.45
1643673600,0.409,0.4487,0.4073,0.4393,26979169.95
1643760000,0.4392,0.4415,0.4023,0.4048,18733673.62
1643846400,0.4049,0.4087,0.3907,0.4067,12862605.33
1643932800,0.4065,0.441,0.4018,0.4406,22625551.38
1644019200,0.4405,0.4655,0.4367,0.4481,19345631.63
1644105600,0.4481,0.4742,0.4382,0.473,14667013.41
1644192000,0.4729,0.5102,0.461,0.5065,28834050.54
1644278400,0.5066,0.5232,0.455,0.4741,26487879.39
1644364800,0.4745,0.4959,0.4583,0.4877,16205760.79
1644451200,0.4876,0.4908,0.4482,0.4615,19487316.38
1644537600,0.4614,0.4674,0.4114,0.4181,20850267.03
1644624000,0.4181,0.4297,0.4046,0.4191,15337388.66
1644710400,0.4189,0.4245,0.3972,0.4057,12856702.6
1644796800,0.4058,0.4081,0.3861,0.4041,14380321.54
1644883200,0.4044,0.5081,0.404,0.4932,46892189.02
1644969600,0.494,0.5129,0.4711,0.4872,32697420.76
1645056000,0.4871,0.4891,0.43,0.4369,25231554.07
1645142400,0.4371,0.45,0.4088,0.4126,21624945.03
1645228800,0.4125,0.426,0.3985,0.4172,10222656.36
1645315200,0.4175,0.4175,0.376,0.3917,13042177.43
1645401600,0.3918,0.4238,0.3547,0.3572,35076047.05
1645488000,0.3571,0.3857,0.3479,0.3823,22893719.76
1645574400,0.3826,0.3942,0.3521,0.3536,17947687.4
1645660800,0.3537,0.3629,0.3015,0.3618,59916302.99
1645747200,0.3618,0.3702,0.34,0.3611,27121178.75
1645833600,0.361,0.3731,0.3425,0.3486,18653303.9
1645920000,0.3483,0.367,0.3282,0.3363,23125485.41
1646006400,0.3364,0.3779,0.3267,0.3772,25159080.72
1646092800,0.3772,0.3896,0.3649,0.3753,24039049.73
1646179200,0.3753,0.3947,0.362,0.3742,21489669.38
1646265600,0.3743,0.3777,0.3538,0.3645,14496745.67
1646352000,0.3644,0.366,0.3338,0.34,15645851.04
1646438400,0.34,0.3476,0.3281,0.3471,9137618.48
1646524800,0.3471,0.352,0.3282,0.329,11332746.56
1646611200,0.3291,0.3446,0.3144,0.3298,22528550.21
1646697600,0.3293,0.3611,0.3286,0.3352,30965029.44
1646784000,0.3353,0.3648,0.3347,0.3463,31985451.19
1646870400,0.3463,0.3475,0.3169,0.3255,20408792.52
1646956800,0.3257,0.3396,0.3157,0.3189,19881976.16
1647043200,0.3189,0.3283,0.3178,0.3185,5785194.78
1647129600,0.3186,0.3597,0.3163,0.3341,38564065.14
1647216000,0.3341,0.3773,0.3264,0.3655,32419309.94
1647302400,0.3658,0.4367,0.352,0.4259,72783963.12
1647388800,0.4261,0.4657,0.4122,0.455,60013452.17
1647475200,0.4547,0.4551,0.4019,0.4095,31490659.28
1647561600,0.4093,0.4294,0.397,0.4108,35186482.41
1647648000,0.4111,0.4284,0.4059,0.4109,28400721.18
1647734400,0.4108,0.4213,0.3883,0.3903,25930011.47
1647820800,0.3904,0.4238,0.3803,0.4118,24816669.15
1647907200,0.4119,0.4262,0.4041,0.4105,25111591.76
1647993600,0.4105,0.4335,0.4007,0.4244,28694415.1
1648080000,0.4244,0.4419,0.4103,0.44,28344653.62
1648166400,0.44,0.4518,0.4017,0.409,36078540.2
1648252800,0.409,0.4176,0.405,0.4109,15346110.21
1648339200,0.4109,0.4318,0.406,0.4313,19834769.08
1648425600,0.431,0.4883,0.425,0.4334,56467510.2
1648512000,0.4332,0.4953,0.431,0.4882,53512614.9
1648598400,0.4882,0.5,0.4574,0.4825,43505726.6
1648684800,0.4825,0.5264,0.4628,0.4698,56598288.83
1648771200,0.4697,0.4952,0.4359,0.4854,44890255.15
1648857600,0.4851,0.5509,0.481,0.5192,62171727.54
1648944000,0.5192,0.5327,0.4936,0.5174,35779799.46
1649030400,0.5174,0.5175,0.4666,0.4926,30610993.57
1649116800,0.4925,0.5004,0.4571,0.4596,21247271.65
1649203200,0.4597,0.4637,0.4105,0.4125,35068343.38
1649289600,0.4122,0.4352,0.4066,0.4315,23056836.28
1649376000,0.4306,0.4327,0.3867,0.3944,31873333.46
1649462400,0.3941,0.4087,0.3907,0.4059,9012175.2
1649548800,0.4059,0.4098,0.3824,0.3842,11449461.12
1649635200,0.3841,0.3864,0.3415,0.3489,30527411.57
1649721600,0.349,0.375,0.3464,0.373,18021954.81
1649808000,0.3732,0.3868,0.3622,0.3838,18307032.79
1649894400,0.384,0.3905,0.3565,0.3639,15208050.54
1649980800,0.3636,0.3718,0.3575,0.3686,7711797.93
1650067200,0.3687,0.3714,0.3557,0.3622,9408015.71
1650153600,0.3621,0.3704,0.3469,0.3486,7138385.84
1650240000,0.3487,0.3627,0.3308,0.3623,16338067.13
1650326400,0.3625,0.37,0.3561,0.3612,17664420.86
1650412800,0.3613,0.3811,0.3547,0.363,32214090.38
1650499200,0.3631,0.3953,0.3494,0.354,39501638.3
1650585600,0.3542,0.3669,0.3479,0.3536,12676384.85
1650672000,0.3536,0.3593,0.3435,0.354,9454883.96
1650758400,0.3539,0.3631,0.3465,0.3574,10378542.59
1650844800,0.3571,0.3604,0.3254,0.3604,17037010.76
1650931200,0.3604,0.4043,0.3355,0.3371,58165026.81
1651017600,0.3372,0.3732,0.3329,0.3677,23806554.99
1651104000,0.3676,0.4113,0.3564,0.3583,50208297.02
1651190400,0.3583,0.3619,0.3365,0.3503,29097814.03
1651276800,0.3503,0.3599,0.2907,0.3067,30081568.87
1651363200,0.3066,0.3257,0.3004,0.3153,17750727.81
1651449600,0.3156,0.3203,0.2972,0.3077,15421805.71
1651536000,0.3077,0.3385,0.3032,0.3191,26531383.59
1651622400,0.3191,0.3475,0.3106,0.3438,27490442.21
1651708800,0.3438,0.346,0.2863,0.3012,33908030.6
1651795200,0.3012,0.3015,0.28,0.2952,17336564.03
1651881600,0.2951,0.3044,0.2867,0.2918,12567007.22
1651968000,0.2918,0.3108,0.2824,0.2993,25586776.31
1652054400,0.2997,0.3067,0.2333,0.2389,37138616.59
1652140800,0.2383,0.2694,0.2261,0.2458,48613722.74
1652227200,0.2458,0.2565,0.1418,0.1517,108481988.67
1652313600,0.1518,0.1636,0.1127,0.1337,118471647.98
1652400000,0.1337,0.167,0.1326,0.1483,59581903.42
1652486400,0.1483,0.1958,0.1435,0.1924,75186441.97
1652572800,0.1924,0.2093,0.1857,0.1995,84752381.6
1652659200,0.1997,0.2043,0.1703,0.1736,39377354.57
1652745600,0.1737,0.1915,0.1678,0.1798,45554413.97
1652832000,0.1797,0.1845,0.1562,0.1571,70376663.51
1652918400,0.1572,0.1657,0.148,0.1603,58497134.94
1653004800,0.1606,0.1642,0.1457,0.1506,35609342.89
1653091200,0.1508,0.162,0.1476,0.1577,24201380.53
1653177600,0.1577,0.1677,0.1549,0.1628,30668275.57
1653264000,0.1627,0.1744,0.1523,0.1546,32544143.31
1653350400,0.1544,0.1609,0.1438,0.1547,41427605.33
1653436800,0.1547,0.1588,0.1479,0.1511,39540096.29
1653523200,0.1509,0.1536,0.1325,0.1378,35754442.62
1653609600,0.138,0.1443,0.131,0.1359,28984033.07
1653696000,0.1358,0.1424,0.1314,0.1374,22815823.27
1653782400,0.1376,0.1429,0.1332,0.1424,16039875.71
1653868800,0.1424,0.1575,0.1408,0.1566,34554487.74
1653955200,0.1566,0.1659,0.148,0.1634,35912796.6
1654041600,0.1633,0.1657,0.1413,0.1469,74886061.98
1654128000,0.1468,0.1532,0.1402,0.1522,41875612.85
1654214400,0.1522,0.1529,0.1412,0.1475,19282017.71
1654300800,0.1475,0.175,0.1447,0.1646,78955242.83
1654387200,0.1647,0.1729,0.1555,0.156,25004952.65
1654473600,0.1559,0.1696,0.1538,0.1585,37815968.75
1654560000,0.1587,0.1597,0.1445,0.1547,49373544.57
1654646400,0.1548,0.1562,0.1471,0.149,22134400.08
1654732800,0.1491,0.152,0.1427,0.1477,19779075.8
1654819200,0.1477,0.1496,0.1349,0.137,21214431.28
1654905600,0.137,0.1413,0.1199,0.1232,35305999.52
1654992000,0.1233,0.1244,0.1101,0.1116,33824572.2
1655078400,0.1118,0.114,0.0948,0.1066,66299828.75
1655164800,0.1064,0.116,0.0963,0.1042,67138001.96
1655251200,0.1044,0.1122,0.0901,0.112,53934812.41
1655337600,0.1121,0.1162,0.0941,0.0973,33109063.42
1655424000,0.0973,0.102,0.0956,0.0984,43987736.33
1655510400,0.0983,0.1003,0.0885,0.0987,43839637.61
1655596800,0.0988,0.1042,0.0922,0.1028,27240023.08
1655683200,0.1029,0.1085,0.0969,0.1037,21678783.45
1655769600,0.1037,0.1184,0.1017,0.1095,35362157.32
1655856000,0.1096,0.1109,0.1035,0.1046,26466189.45
1655942400,0.1047,0.1148,0.1041,0.1115,22900345.69
1656028800,0.1115,0.1195,0.1092,0.1157,33704297.03
1656115200,0.1158,0.1202,0.1096,0.1165,19282637.48
1656201600,0.1165,0.1239,0.1074,0.108,32803677.22
1656288000,0.1081,0.1143,0.1061,0.1078,14737220.85
1656374400,0.1078,0.1096,0.0986,0.0999,21904907.25
1656460800,0.0999,0.1021,0.0933,0.0946,19077049.92
1656547200,0.0949,0.096,0.0896,0.0955,32288475.96
1656633600,0.0955,0.099,0.0898,0.0921,27159910.42
1656720000,0.0921,0.0959,0.09,0.0942,10758421.88
1656806400,0.0944,0.0951,0.0905,0.0945,12319278.07
1656892800,0.0944,0.0985,0.0913,0.0979,20301236.75
1656979200,0.098,0.1012,0.0921,0.0965,29138722.25
1657065600,0.0964,0.0996,0.0951,0.0986,21265483.92
1657152000,0.0986,0.104,0.0981,0.1026,27165032.87
1657238400,0.1025,0.1048,0.0973,0.0993,25037136.28
1657324800,0.0995,0.1104,0.0993,0.1055,23355091.14
1657411200,0.1057,0.1058,0.0986,0.0999,13864651.68
1657497600,0.0999,0.1,0.0909,0.0915,25530525.99
1657584000,0.0915,0.0943,0.0866,0.0874,19576046.46
1657670400,0.0873,0.0941,0.0845,0.0938,33781111.05
1657756800,0.0938,0.0972,0.0898,0.0961,20989760.43
1657843200,0.0961,0.1005,0.095,0.0986,23625696.49
1657929600,0.0985,0.1042,0.0961,0.1012,30496433.02
1658016000,0.1013,0.1031,0.0971,0.0979,24505340.87
1658102400,0.098,0.1149,0.0979,0.1101,61118785.74
1658188800,0.1099,0.1171,0.106,0.1147,50893521.65
1658275200,0.1147,0.12,0.104,0.1047,37865514.31
1658361600,0.1047,0.1082,0.1012,0.107,27389356.45
1658448000,0.107,0.1166,0.1034,0.1038,36900730.51
1658534400,0.1039,0.1086,0.1006,0.106,23420830.33
1658620800,0.106,0.1084,0.1043,0.1048,17943315.88
1658707200,0.1048,0.1058,0.0955,0.0957,24327176.02
1658793600,0.0956,0.0983,0.0931,0.0972,30115770.5
1658880000,0.0974,0.1115,0.0946,0.1112,33054979.92
1658966400,0.1115,0.1185,0.1054,0.1148,45406882.25
1659052800,0.1147,0.1413,0.1135,0.1273,109776307.19
1659139200,0.1274,0.1462,0.1258,0.1319,68083624.84
1659225600,0.132,0.1405,0.1269,0.128,46617017.94
1659312000,0.1279,0.1328,0.1217,0.1236,32088984.45
1659398400,0.1236,0.1256,0.114,0.1168,38003958.44
1659484800,0.1169,0.1247,0.1144,0.118,24651761.38
1659571200,0.1178,0.1262,0.1172,0.1202,21132410.53
1659657600,0.1202,0.1313,0.12,0.131,31192621.1
1659744000,0.1311,0.1337,0.1272,0.1278,17674477.96
1659830400,0.1278,0.1313,0.125,0.1283,18786990.65
1659916800,0.1282,0.1584,0.128,0.1491,66440076.95
1660003200,0.1489,0.1532,0.1355,0.1396,42403045.29
1660089600,0.1397,0.1482,0.1353,0.1462,66065436.99
1660176000,0.1462,0.1483,0.1407,0.1423,26571926.34
1660262400,0.1425,0.1479,0.1375,0.1472,31963111.2
1660348800,0.1474,0.1509,0.1412,0.1441,31210940.12
1660435200,0.1439,0.15,0.1372,0.1393,26444432.15
1660521600,0.1393,0.1449,0.1318,0.1342,26543425.71
1660608000,0.134,0.1359,0.1288,0.1301,21768933.81
1660694400,0.1301,0.1347,0.121,0.1226,26998962.41
1660780800,0.1227,0.1255,0.1135,0.1149,24355594.43
1660867200,0.1147,0.1158,0.1036,0.1055,50233866.46
1660953600,0.1054,0.1109,0.0994,0.1029,40837658.84
1661040000,0.1028,0.1107,0.1022,0.108,23296519.38
1661126400,0.108,0.1115,0.1008,0.1111,22452082.18
1661212800,0.1111,0.1142,0.1069,0.1138,19748143.52
1661299200,0.1138,0.1186,0.1098,0.1146,28255090.83
1661385600,0.1146,0.1202,0.1131,0.1159,24265066.33
1661472000,0.1158,0.1163,0.1011,0.1024,38995546.67
1661558400,0.1025,0.1045,0.1003,0.1035,10677203.3
1661644800,0.1035,0.1048,0.0985,0.0992,13258519
1661731200,0.0992,0.1065,0.0975,0.1063,14254966.6
1661817600,0.1063,0.1081,0.1003,0.103,21776534.02
1661904000,0.1029,0.1072,0.1016,0.1025,16732948.91
1661990400,0.1025,0.105,0.1005,0.1049,14217741.58
1662076800,0.1049,0.1068,0.1015,0.103,22192073.5
1662163200,0.103,0.1035,0.1009,0.1018,8436013.97
1662249600,0.1018,0.1047,0.101,0.1045,9664840.77
1662336000,0.1044,0.1053,0.1005,0.104,14704805.37
1662422400,0.104,0.1092,0.0973,0.0977,36582065.12
1662508800,0.0976,0.1055,0.0958,0.104,20852601.68
1662595200,0.104,0.1054,0.1008,0.1042,24385253.31
1662681600,0.1043,0.1138,0.104,0.1126,27839572.89
1662768000,0.1127,0.1187,0.1117,0.1174,15999155.08
1662854400,0.1173,0.1214,0.114,0.1167,17714796.7
1662940800,0.1169,0.1341,0.1147,0.1284,42802700.1
1663027200,0.1284,0.1291,0.1076,0.1082,45150979.84
1663113600,0.1082,0.1136,0.1072,0.1126,18384312.96
1663200000,0.1126,0.1157,0.1061,0.1085,13482635.4
1663286400,0.1085,0.1102,0.1036,0.1058,14953079.43
1663372800,0.1056,0.1091,0.1056,0.1088,6836190.27
1663459200,0.1088,0.1094,0.0963,0.1,19068119.56
1663545600,0.0999,0.1036,0.0966,0.1012,18903572.35
1663632000,0.1012,0.1021,0.0957,0.0965,25551340.64
1663718400,0.0965,0.1018,0.0908,0.0932,29675204.41
1663804800,0.0932,0.1016,0.0929,0.1002,30670202.06
1663891200,0.1002,0.1039,0.0973,0.1028,17061592.08
1663977600,0.1029,0.1041,0.1003,0.1006,8889555.56
1664064000,0.1006,0.1088,0.0998,0.1012,19839333.18
1664150400,0.1013,0.1027,0.0986,0.1025,17272285.46
1664236800,0.1024,0.1056,0.0979,0.0991,21104159.79
1664323200,0.0993,0.1001,0.0954,0.0987,16866656.19
1664409600,0.0987,0.0994,0.0968,0.0991,9049139.25
1664496000,0.0991,0.1011,0.0971,0.0987,12098615.05
1664582400,0.0988,0.0994,0.0967,0.0975,5200365.24
1664668800,0.0975,0.0984,0.0943,0.0944,9875743.99
1664755200,0.0944,0.0982,0.0933,0.0977,11434110.65
1664841600,0.0977,0.1019,0.0975,0.101,15453859.67
1664928000,0.101,0.1015,0.0969,0.1001,13030666.21
1665014400,0.1,0.1039,0.0988,0.0989,21735002.29
1665100800,0.099,0.0998,0.0956,0.0977,14343308.38
1665187200,0.0977,0.0988,0.0958,0.0963,6912742.49
1665273600,0.0962,0.0968,0.0957,0.0963,13000118.18
1665360000,0.0963,0.0972,0.091,0.0911,17837945.62
1665446400,0.091,0.091,0.0878,0.0886,21947782.28
1665532800,0.0887,0.0896,0.0872,0.0875,10683148.26
1665619200,0.0874,0.0888,0.0792,0.0879,42551924.67
1665705600,0.0879,0.0908,0.0845,0.0853,20542297.76
1665792000,0.0853,0.0877,0.0834,0.0847,14801514.97
1665878400,0.0846,0.0868,0.0845,0.0858,8410885.61
1665964800,0.0858,0.088,0.0843,0.0867,20157459.89
1666051200,0.0866,0.0874,0.0818,0.083,26522578.66
1666137600,0.083,0.0834,0.0779,0.0792,23979215.17
1666224000,0.0792,0.0812,0.0776,0.0779,19013162.45
1666310400,0.0779,0.0796,0.0747,0.0787,24898278.85
1666396800,0.0787,0.0791,0.0774,0.0783,11027920.21
1666483200,0.0782,0.0804,0.0763,0.0801,15205983.22
1666569600,0.0801,0.0808,0.0778,0.0797,16444582.94
1666656000,0.0796,0.0845,0.0787,0.0808,34224065.18
1666742400,0.0809,0.0838,0.0806,0.0824,32522207.19
1666828800,0.0824,0.0856,0.0795,0.0798,35750452.56
1666915200,0.0799,0.0831,0.0787,0.0821,27197274.36
1667001600,0.0821,0.0866,0.0821,0.0841,35644464.61
1667088000,0.0841,0.088,0.0822,0.0835,42027451.61
1667174400,0.0835,0.0865,0.0815,0.0841,37335001.1
1667260800,0.0842,0.0874,0.082,0.0821,27314183.17
1667347200,0.0822,0.0844,0.079,0.0813,28785118.33
1667433600,0.0814,0.0976,0.081,0.0868,67627242.15
1667520000,0.0868,0.0988,0.0854,0.0949,86959372.42
1667606400,0.0948,0.1046,0.0948,0.0984,90189198.33
1667692800,0.0985,0.0999,0.0896,0.0901,41412218.19
1667779200,0.09,0.0928,0.0864,0.0904,50049785.57
1667865600,0.0904,0.0922,0.0701,0.0756,128953235.08
1667952000,0.0756,0.077,0.0564,0.0582,109746588.73
1668038400,0.0581,0.072,0.057,0.0694,61139728.71
1668124800,0.0693,0.0704,0.0627,0.0661,42467330.51
1668211200,0.066,0.066,0.0599,0.0621,15005870.12
1668297600,0.0621,0.0644,0.0602,0.0615,14461174.19
1668384000,0.0614,0.064,0.0578,0.0638,27534858.44
1668470400,0.0638,0.0669,0.0629,0.0641,27082152.27
1668556800,0.0641,0.0653,0.0605,0.0615,23646577.79
1668643200,0.0616,0.0621,0.0595,0.0604,21322132.51
1668729600,0.0603,0.0618,0.0596,0.0604,17717496.86
1668816000,0.0603,0.0605,0.0582,0.0598,18453835.31
1668902400,0.0598,0.0607,0.0564,0.0568,16215352.58
1668988800,0.0568,0.0575,0.0521,0.0537,27640493.95
1669075200,0.0538,0.0553,0.0516,0.0549,38092690.03
1669161600,0.0549,0.0727,0.0543,0.0622,70654502.29
1669248000,0.0621,0.0635,0.0593,0.0624,18754630.5
1669334400,0.0623,0.0647,0.0597,0.0625,23059008.88
1669420800,0.0625,0.0659,0.062,0.063,20007218.96
1669507200,0.0629,0.0666,0.0625,0.0627,18928323.28
1669593600,0.0627,0.0633,0.0589,0.0622,25214742.56
1669680000,0.0622,0.0638,0.0613,0.0625,24953322.39
1669766400,0.0625,0.065,0.0612,0.0646,29994294.54
1669852800,0.0647,0.0653,0.063,0.0644,16854063.12
1669939200,0.0643,0.0652,0.0627,0.0649,27329322.77
1670025600,0.0648,0.0663,0.0626,0.0628,9389162.87
1670112000,0.0628,0.0644,0.0627,0.0639,13735452.02
1670198400,0.0639,0.0657,0.0631,0.064,14135438.75
1670284800,0.0641,0.0649,0.063,0.0642,10537965
1670371200,0.0643,0.0644,0.0607,0.0617,13402147.97
1670457600,0.0616,0.064,0.0612,0.0636,11224728.93
1670544000,0.0637,0.0705,0.0631,0.0654,24261848.81
1670630400,0.0653,0.0753,0.0652,0.0723,73309567.37
1670716800,0.0722,0.0722,0.0685,0.0693,28292071.67
1670803200,0.0693,0.0701,0.0657,0.0681,16571517.6
1670889600,0.0681,0.0692,0.0654,0.0672,22648707.61
1670976000,0.0672,0.0683,0.0642,0.0657,20050867.12
1671062400,0.0656,0.067,0.0633,0.0638,17438375.3
1671148800,0.0638,0.0648,0.0549,0.0563,22481175.19
1671235200,0.0563,0.0581,0.055,0.058,9299746.62
1671321600,0.0581,0.0583,0.057,0.0576,6906962.28
1671408000,0.0576,0.0588,0.0538,0.055,29503428.57
1671494400,0.055,0.058,0.0547,0.0573,8090275.27
1671580800,0.0574,0.058,0.0563,0.0574,11841827.99
1671667200,0.0575,0.0587,0.0566,0.0584,14145242.58
1671753600,0.0584,0.0589,0.0576,0.0584,21427464.46
1671840000,0.0584,0.0585,0.0573,0.0577,14153816.4
1671926400,0.0577,0.0581,0.0555,0.0578,15881950.49
1672012800,0.0577,0.0609,0.0574,0.06,26961954.65
1672099200,0.06,0.0606,0.0581,0.0593,17968627.84
1672185600,0.0594,0.0598,0.0554,0.0558,22991193.18
1672272000,0.0558,0.0569,0.0537,0.055,20721794.53
1672358400,0.0551,0.0557,0.0537,0.0552,17741084.22
1672444800,0.0551,0.0563,0.0548,0.0554,8450757.5
1672531200,0.0554,0.0566,0.055,0.0564,8391054.4
1672617600,0.0564,0.0599,0.0554,0.0595,13904735.23
1672704000,0.0595,0.061,0.0585,0.06,15111951.05
1672790400,0.0601,0.062,0.0599,0.061,25200136.25
1672876800,0.061,0.0623,0.0597,0.0607,16359960.02
1672963200,0.0608,0.0626,0.058,0.062,16617063.9
1673049600,0.062,0.0644,0.0611,0.0641,13098139.04
1673136000,0.064,0.0716,0.0619,0.0699,60309835.96
1673222400,0.0699,0.0738,0.0687,0.0707,44658646.04
1673308800,0.0708,0.0746,0.0683,0.0729,53289691.73
1673395200,0.0727,0.0735,0.0681,0.0721,36706814.71
1673481600,0.0721,0.0748,0.0683,0.0732,56796406.34
1673568000,0.0732,0.078,0.071,0.0766,66524616.09
1673654400,0.0766,0.0835,0.0724,0.0823,58367769.4
1673740800,0.0822,0.0893,0.0776,0.085,59782209.36
1673827200,0.0851,0.0883,0.0791,0.0816,55113521.59
1673913600,0.0816,0.0857,0.0799,0.081,38442405.22
1674000000,0.0811,0.0822,0.073,0.0745,62152403.15
1674086400,0.0747,0.0785,0.0736,0.078,23220685.75
1674172800,0.0779,0.0845,0.0769,0.0838,39614064.17
1674259200,0.0837,0.0863,0.0823,0.0825,65493450.96
1674345600,0.0825,0.0877,0.0805,0.083,31262343.86
1674432000,0.083,0.093,0.083,0.0897,46699614.98
1674518400,0.0897,0.0969,0.0861,0.0895,53106682.72
1674604800,0.0895,0.0959,0.0846,0.0916,56622519.83
1674691200,0.0916,0.0938,0.0883,0.092,60775152.3
1674777600,0.092,0.0969,0.0889,0.0956,49312560.35
1674864000,0.0956,0.0977,0.0918,0.0927,34331088.04
1674950400,0.0927,0.0968,0.0912,0.0964,27734666.18
1675036800,0.0965,0.0968,0.0852,0.0871,49858092.78
1675123200,0.0872,0.0905,0.0869,0.0886,27908069.95
1675209600,0.0887,0.094,0.0832,0.093,44621139.12
1675296000,0.0931,0.1017,0.0928,0.0952,55847010.2
1675382400,0.0953,0.1018,0.0933,0.0988,36397189.76
1675468800,0.0988,0.1161,0.0974,0.1137,67091030.06
1675555200,0.1135,0.1329,0.1101,0.1328,123261885.32
1675641600,0.1326,0.1383,0.1256,0.1292,142279761.65
1675728000,0.129,0.232,0.1282,0.2084,458110802.13
1675814400,0.2084,0.2113,0.1703,0.175,293259154.12
1675900800,0.1751,0.1867,0.1405,0.1477,207565240.72
1675987200,0.1475,0.175,0.1434,0.1666,187444974.91
1676073600,0.1666,0.1678,0.1556,0.1616,69666399.24
1676160000,0.1617,0.1694,0.1513,0.1545,80203623.02
1676246400,0.1545,0.1563,0.1393,0.1478,65893682
1676332800,0.1478,0.175,0.1453,0.1693,116965177.98
1676419200,0.1693,0.1868,0.165,0.1847,90911447.77
1676505600,0.1847,0.1869,0.1626,0.1635,107135550.33
1676592000,0.1633,0.1737,0.1628,0.1679,65535815.91
1676678400,0.1679,0.1821,0.1661,0.1774,62487573.21
1676764800,0.1773,0.1848,0.1671,0.1688,73419576.07
1676851200,0.1688,0.175,0.1629,0.1711,66861825.43
1676937600,0.1713,0.1808,0.1634,0.1675,84904526.78
1677024000,0.1675,0.1686,0.1537,0.1635,62023518.53
1677110400,0.1635,0.1727,0.1587,0.1609,57864413.1
1677196800,0.161,0.1659,0.1509,0.1548,48995535.38
1677283200,0.1548,0.1557,0.1412,0.149,24832246.06
1677369600,0.149,0.1634,0.1486,0.1606,31148212.26
1677456000,0.1605,0.1635,0.1531,0.1574,38856902.44
1677542400,0.1575,0.168,0.1519,0.1525,59017508.39
1677628800,0.1525,0.1628,0.1512,0.1599,35150025.51
1677715200,0.1599,0.1612,0.1506,0.1547,25018570.38
1677801600,0.1547,0.155,0.135,0.1471,49803024.18
1677888000,0.1471,0.1487,0.1359,0.1418,9351350.33
1677974400,0.1417,0.1468,0.1395,0.1406,14145633.67
1678060800,0.1407,0.1438,0.1361,0.1426,24951630.59
1678147200,0.1428,0.1458,0.1327,0.1375,34614258.53
1678233600,0.1376,0.1393,0.1213,0.1252,38677625.59
1678320000,0.1253,0.1287,0.1125,0.1168,54541095.79
1678406400,0.117,0.1182,0.1051,0.1168,55122558.62
1678492800,0.1169,0.1232,0.1093,0.1149,37223961.25
1678579200,0.1149,0.1328,0.112,0.1323,38624415.02
1678665600,0.1323,0.1485,0.129,0.1458,97771460.35
1678752000,0.1458,0.1637,0.1396,0.1525,122501159.91
1678838400,0.1524,0.1582,0.1318,0.1405,92041777.67
1678924800,0.1406,0.1599,0.1389,0.1512,79667400.8
1679011200,0.1511,0.1638,0.1474,0.1635,67003437.1
1679097600,0.1635,0.1755,0.1511,0.1552,78073031.26
1679184000,0.1554,0.1684,0.153,0.1542,55552348.03
1679270400,0.1544,0.1605,0.1459,0.1494,51021348.4
1679356800,0.1491,0.1558,0.1421,0.1518,46731105.13
1679443200,0.1518,0.1545,0.1377,0.1435,63785158.35
1679529600,0.1434,0.1581,0.1415,0.1522,56167266.11
1679616000,0.1522,0.1529,0.1385,0.1427,42233702.87
1679702400,0.1429,0.1437,0.136,0.1381,18549793.48
1679788800,0.1381,0.1426,0.1366,0.1416,13338064.07
1679875200,0.1414,0.1417,0.128,0.1341,32924824.55
1679961600,0.134,0.1414,0.1292,0.1402,19223639.09
1680048000,0.14,0.1496,0.1396,0.1466,42032201.89
1680134400,0.1467,0.1509,0.1398,0.1444,26710625.85
1680220800,0.1446,0.147,0.14,0.1455,15224116.14
1680307200,0.1455,0.1481,0.1413,0.1427,16306340.79
1680393600,0.1428,0.1435,0.1363,0.1388,17646813.08
1680480000,0.1387,0.143,0.1337,0.1395,21696282.15
1680566400,0.1397,0.1439,0.1385,0.1433,16564970.64
1680652800,0.1433,0.1575,0.1422,0.1476,47721306.41
1680739200,0.1476,0.148,0.1434,0.1459,17886961.02
1680825600,0.1458,0.1462,0.1404,0.1425,14804196.79
1680912000,0.1426,0.1458,0.1405,0.1416,9182839.18
1680998400,0.1416,0.1447,0.1388,0.1434,17129949.56
1681084800,0.1436,0.1546,0.1418,0.1535,24876321.58
1681171200,0.1537,0.1554,0.1473,0.1478,33401684.21
1681257600,0.1478,0.1501,0.142,0.1476,26766187.94
1681344000,0.1476,0.152,0.1455,0.1505,19555469.55
1681430400,0.1504,0.1651,0.1499,0.1616,56660440.47
1681516800,0.1616,0.1723,0.1591,0.1672,53511528.3
1681603200,0.1671,0.1704,0.1631,0.1666,32912627.18
1681689600,0.1665,0.1743,0.1615,0.1726,68193167.44
1681776000,0.1725,0.1753,0.1653,0.1699,50226441.78
1681862400,0.1699,0.1713,0.1483,0.1518,63272596.46
1681948800,0.1517,0.1573,0.1435,0.1464,44651408.73
1682035200,0.1464,0.1493,0.1342,0.1365,39132492.14
1682121600,0.1365,0.1419,0.1351,0.1417,16036100.26
1682208000,0.1415,0.1415,0.1338,0.1381,15068255.91
1682294400,0.138,0.1409,0.1342,0.1355,15536153.81
1682380800,0.1357,0.142,0.1301,0.1414,22587679.58
1682467200,0.1414,0.1487,0.1309,0.139,35366401.32
1682553600,0.139,0.144,0.136,0.1404,19002442.46
1682640000,0.1402,0.1414,0.1345,0.1373,17789013.69
1682726400,0.1372,0.141,0.1364,0.1391,9356916.54
1682812800,0.1388,0.1402,0.1348,0.1355,13699309.55
1682899200,0.1356,0.1366,0.1291,0.1308,15484722.12
1682985600,0.1308,0.1338,0.1284,0.1329,16416801.45
1683072000,0.1329,0.138,0.1282,0.1362,22408306.94
1683158400,0.1362,0.1364,0.1313,0.1321,15096931.94
1683244800,0.1321,0.1353,0.1271,0.1341,18538779.83
1683331200,0.1341,0.1354,0.1232,0.1268,17300878.33
1683417600,0.1266,0.1287,0.1255,0.1264,9755304.33
1683504000,0.1261,0.1269,0.1112,0.1172,25614862.38
1683590400,0.1172,0.1183,0.1125,0.1149,25660510.91
1683676800,0.1149,0.1207,0.1112,0.1191,29667997.01
1683763200,0.1191,0.1191,0.1102,0.1112,19677918.28
1683849600,0.1113,0.1167,0.1081,0.1166,21040074.37
1683936000,0.1166,0.1179,0.1148,0.1165,10518836.1
1684022400,0.1166,0.1186,0.1144,0.1168,11972695.81
1684108800,0.1169,0.1319,0.1149,0.1252,39437269.13
1684195200,0.1255,0.1257,0.1204,0.1232,22096717.5
1684281600,0.1232,0.126,0.119,0.1243,21933122.92
1684368000,0.1242,0.1249,0.1179,0.1207,10677361.19
1684454400,0.1208,0.1272,0.1194,0.1239,13806384.66
1684540800,0.1239,0.1239,0.1201,0.1211,9704737.52
1684627200,0.1211,0.1217,0.1165,0.1179,10553060.83
1684713600,0.1178,0.1204,0.1158,0.1185,9562660.38
1684800000,0.1186,0.1228,0.1178,0.1217,22191141.67
1684886400,0.1217,0.1218,0.1123,0.1164,22442404.32
1684972800,0.1163,0.1175,0.1131,0.1159,16396848.73
1685059200,0.1159,0.1172,0.1144,0.1158,12733103.78
1685145600,0.1159,0.1198,0.1154,0.1188,9576859.67
1685232000,0.1188,0.1272,0.1179,0.1241,22415083.57
1685318400,0.1241,0.1294,0.1227,0.1264,28264634.66
1685404800,0.1264,0.1327,0.1247,0.1317,24875363.4
1685491200,0.1317,0.1372,0.1283,0.1333,55790561.31
1685577600,0.1334,0.1499,0.1266,0.1282,59571772.42
1685664000,0.128,0.1329,0.1238,0.1298,27163367.7
1685750400,0.1299,0.1307,0.1272,0.1286,12767649.76
1685836800,0.1285,0.1294,0.125,0.1256,13088300.44
1685923200,0.1255,0.1256,0.11,0.1147,41928346.52
1686009600,0.1146,0.1207,0.1125,0.1193,25849883.79
1686096000,0.1192,0.1192,0.1118,0.1128,15216375.77
1686182400,0.1127,0.1149,0.1102,0.1134,15680224.54
1686268800,0.1134,0.1137,0.1086,0.1109,20362661.23
1686355200,0.1109,0.1111,0.0884,0.1029,66817161.42
1686441600,0.1026,0.1032,0.0984,0.0993,25925649.08
1686528000,0.0993,0.1006,0.0958,0.0992,20369600.29
1686614400,0.0993,0.1023,0.0969,0.0983,19465154.27
1686700800,0.0983,0.1023,0.0938,0.097,31679960.16
1686787200,0.0969,0.0995,0.0939,0.0972,21078597.11
1686873600,0.0971,0.1002,0.0951,0.0983,20858963.78
1686960000,0.0983,0.1029,0.0975,0.102,16692873.59
1687046400,0.102,0.1037,0.0981,0.0993,15089724.59
1687132800,0.0993,0.101,0.0982,0.1003,13556564.4
1687219200,0.1004,0.1043,0.0967,0.104,24247430.21
1687305600,0.1041,0.11,0.1037,0.1088,22676532.31
1687392000,0.1088,0.1142,0.1065,0.1075,31469388.41
1687478400,0.1073,0.1146,0.1071,0.1123,28984949.65
1687564800,0.1123,0.1133,0.1066,0.1104,18991980.68
1687651200,0.1103,0.116,0.1103,0.1138,22049885.73
1687737600,0.1138,0.1139,0.1063,0.1078,21901920.39
1687824000,0.1078,0.1109,0.1074,0.1091,15526192.68
1687910400,0.1092,0.1092,0.0998,0.102,27811100.39
1687996800,0.102,0.1045,0.1009,0.1022,19157609.21
1688083200,0.1022,0.109,0.0973,0.1055,39280092.22
1688169600,0.1054,0.1069,0.1016,0.1054,18900697.6
1688256000,0.1054,0.1214,0.1047,0.1181,68292561.26
1688342400,0.1182,0.1437,0.1177,0.1352,85424978.47
1688428800,0.1352,0.1356,0.1258,0.1274,43200439.48
1688515200,0.1273,0.1282,0.1166,0.1193,26140051.25
1688601600,0.1193,0.1255,0.1149,0.1155,24404434.9
1688688000,0.1159,0.1229,0.1136,0.116,24954643.59
1688774400,0.116,0.1198,0.115,0.1167,16891719.38
1688860800,0.1167,0.1179,0.1132,0.1155,12966861.4
1688947200,0.1155,0.1176,0.11,0.1143,30417807.69
1689033600,0.1144,0.1161,0.1126,0.1144,15513198.98
1689120000,0.1143,0.118,0.1137,0.1165,24736885.58
1689206400,0.1166,0.1239,0.1145,0.1232,45302525.76
1689292800,0.1231,0.1286,0.1154,0.1198,52477198.38
1689379200,0.1199,0.1226,0.1178,0.1212,20311053.59
1689465600,0.1213,0.1231,0.1174,0.1184,15506585.82
1689552000,0.1184,0.1229,0.1164,0.1204,25688844.53
1689638400,0.1204,0.1215,0.1137,0.1158,27441201.11
1689724800,0.1158,0.1178,0.1152,0.1156,16249279.99
1689811200,0.1156,0.125,0.1151,0.1173,39226050.7
1689897600,0.1172,0.1199,0.1163,0.1174,25200793.43
1689984000,0.1175,0.1183,0.1145,0.1156,12638765.52
1690070400,0.1155,0.1188,0.1147,0.1177,16404591.38
1690156800,0.1178,0.1221,0.1108,0.112,38048345.91
1690243200,0.1119,0.112,0.1094,0.1103,15775341.76
1690329600,0.1104,0.1128,0.1078,0.1116,23188837.28
1690416000,0.1116,0.1151,0.1101,0.1117,16179401.41
1690502400,0.1117,0.1125,0.1097,0.1119,10841479.5
1690588800,0.1119,0.114,0.1111,0.1124,9768995.71
1690675200,0.1124,0.1128,0.1073,0.1101,10537176.49
1690761600,0.11,0.1114,0.1089,0.1102,8304759.83
1690848000,0.11,0.1118,0.1066,0.1117,18673528.19
1690934400,0.1118,0.1132,0.1082,0.1094,19396985.25
1691020800,0.1094,0.1102,0.1063,0.1066,12786561.63
1691107200,0.1065,0.1085,0.1035,0.1049,16475330.6
1691193600,0.1049,0.105,0.103,0.1049,13401845.29
1691280000,0.105,0.1065,0.1041,0.1045,9149623.4
1691366400,0.1045,0.1061,0.1011,0.1054,14181377.4
1691452800,0.1054,0.1098,0.1046,0.1081,24704123.81
1691539200,0.1082,0.1098,0.1071,0.1084,24206785.92
1691625600,0.1084,0.1087,0.1065,0.1067,18503642.23
1691712000,0.1067,0.1072,0.1052,0.1055,16705922.58
1691798400,0.1055,0.1062,0.1052,0.1059,2464191.86
1691884800,0.1059,0.1084,0.1056,0.1062,8900444.84
1691971200,0.1062,0.1105,0.1058,0.1089,24103356.04
1692057600,0.1088,0.1088,0.0966,0.103,36054395.52
1692144000,0.1029,0.1043,0.0962,0.0986,32387255.3
1692230400,0.0987,0.0998,0.0856,0.0884,36983989.73
1692316800,0.0884,0.0914,0.0883,0.0904,33065255.72
1692403200,0.0904,0.0947,0.09,0.0939,11986276.97
1692489600,0.0938,0.0956,0.0931,0.094,6092780.74
1692576000,0.094,0.0944,0.0895,0.0923,11115925.71
1692662400,0.0924,0.0924,0.0872,0.0908,10382953.71
1692748800,0.0909,0.0935,0.089,0.0925,12818689.77
1692835200,0.0924,0.0939,0.0904,0.0917,11921488.3
1692921600,0.0917,0.0917,0.0882,0.0893,9467180.92
1693008000,0.0893,0.0901,0.0887,0.0891,4320095.56
1693094400,0.0891,0.0897,0.0883,0.089,4655815.71
1693180800,0.089,0.0907,0.0867,0.0903,13054150.64
1693267200,0.0904,0.0945,0.0878,0.0935,14417595.17
1693353600,0.0936,0.094,0.091,0.0933,8566078.49
1693440000,0.0933,0.0952,0.0877,0.0885,12292499.01
1693526400,0.0885,0.0892,0.0849,0.0856,8997490.79
1693612800,0.0857,0.0869,0.0851,0.0865,4815462.78
1693699200,0.0867,0.088,0.0859,0.0873,4808339.68
1693785600,0.0873,0.0893,0.0853,0.0869,7688617.72
1693872000,0.087,0.0884,0.0858,0.0873,13086243.51
1693958400,0.0873,0.0883,0.0853,0.0874,6377798.08
1694044800,0.0874,0.088,0.0858,0.0876,4238441.17
1694131200,0.0876,0.0883,0.0856,0.0867,4296708.98
1694217600,0.0867,0.0877,0.0865,0.087,3088777.56
1694304000,0.087,0.087,0.0825,0.0833,10785063.03
1694390400,0.0834,0.0839,0.0767,0.0786,17130562.09
1694476800,0.0785,0.0822,0.0779,0.0793,12082415.2
1694563200,0.0794,0.083,0.0787,0.0825,13155700.17
1694649600,0.0825,0.0839,0.0819,0.0834,7798342.49
1694736000,0.0835,0.0893,0.0831,0.0885,20836333.67
1694822400,0.0887,0.0893,0.0854,0.0872,10471343.83
1694908800,0.0874,0.0874,0.083,0.0843,8023140.76
1694995200,0.0842,0.0886,0.0832,0.0866,10480969.97
1695081600,0.0867,0.0915,0.0861,0.0905,15386672.48
1695168000,0.0905,0.0922,0.0885,0.0915,8776022.41
1695254400,0.0914,0.0953,0.087,0.0875,12276594.48
1695340800,0.0875,0.0881,0.0868,0.0875,5036746.07
1695427200,0.0878,0.0898,0.0872,0.089,6584631.24
1695513600,0.0889,0.0889,0.0857,0.086,3721096.38
1695600000,0.0859,0.0887,0.0852,0.0879,6159304.34
1695686400,0.088,0.0884,0.0858,0.0866,2635183.17
1695772800,0.0866,0.088,0.0846,0.0856,5049490.36
1695859200,0.0855,0.0876,0.0851,0.0868,10100110.59
1695945600,0.0868,0.0888,0.0863,0.087,13380069.72
1696032000,0.087,0.0901,0.0865,0.0896,11900961.48
1696118400,0.0897,0.095,0.089,0.0932,13549394.47
1696204800,0.0934,0.0935,0.0874,0.0886,12411527.33
1696291200,0.0886,0.0899,0.0877,0.088,4735322.13
1696377600,0.088,0.088,0.085,0.0865,9371952.55
1696464000,0.0865,0.0868,0.084,0.0843,6405879.7
1696550400,0.0844,0.0865,0.0843,0.0857,6745746.92
1696636800,0.0857,0.0864,0.0849,0.0858,3334673.73
1696723200,0.0857,0.0863,0.0843,0.0851,5607567.85
1696809600,0.0851,0.0851,0.0796,0.0812,10543009.8
1696896000,0.0812,0.0821,0.0803,0.0817,5678570
1696982400,0.0816,0.082,0.0785,0.0801,6656290.76
1697068800,0.08,0.0806,0.0784,0.0796,3938686.05
1697155200,0.0795,0.0813,0.0793,0.0807,4373561.04
1697241600,0.0807,0.0818,0.0806,0.081,2032320.72
1697328000,0.0812,0.083,0.0808,0.082,3590429.09
1697414400,0.082,0.0852,0.0818,0.0827,7720019.94
1697500800,0.0827,0.0827,0.0792,0.0802,6103826.89
1697587200,0.0801,0.0805,0.0786,0.0796,7540431.98
1697673600,0.0797,0.0797,0.0765,0.0777,7863616.05
1697760000,0.0777,0.0827,0.0774,0.0811,13772430.03
1697846400,0.0809,0.0836,0.0807,0.0829,11185739.61
1697932800,0.0829,0.0851,0.0806,0.0851,11792315.32
1698019200,0.0851,0.0916,0.0845,0.091,36932077.62
1698105600,0.091,0.0965,0.0891,0.0914,28285566.9
1698192000,0.0914,0.1047,0.089,0.1014,49504389.1
1698278400,0.1014,0.1039,0.0954,0.0992,42387397.85
1698364800,0.0993,0.1012,0.0968,0.0976,13990023.7
1698451200,0.0976,0.1055,0.0971,0.1011,17536951.1
1698537600,0.1012,0.1073,0.0991,0.106,23061797.3
1698624000,0.1061,0.1108,0.1053,0.1097,33702326.37
1698710400,0.1096,0.1105,0.0982,0.1042,36048966.04
1698796800,0.1042,0.1153,0.1034,0.1142,46986258.21
1698883200,0.1143,0.1211,0.1065,0.1086,56821581.38
1698969600,0.1083,0.1176,0.1026,0.1147,43782839.16
1699056000,0.1146,0.1202,0.1137,0.1194,38578694.9
1699142400,0.1194,0.1337,0.1192,0.1268,56382290.82
1699228800,0.1268,0.1578,0.1268,0.1578,92702883.3
1699315200,0.1579,0.1632,0.1324,0.1375,95715089.92
1699401600,0.1374,0.1374,0.1293,0.1339,56763985.45
1699488000,0.1338,0.1398,0.1202,0.1357,109812031.6
1699574400,0.1357,0.138,0.1285,0.1358,84243640.66
1699660800,0.1359,0.143,0.1301,0.1364,66608977.61
1699747200,0.1364,0.1392,0.1292,0.1351,47704553.73
1699833600,0.135,0.1383,0.1236,0.1242,57398128.01
1699920000,0.1241,0.128,0.117,0.1253,39715299.44
1700006400,0.1251,0.135,0.1248,0.1335,33167867.77
1700092800,0.1336,0.14,0.1258,0.1284,45687331.74
1700179200,0.1285,0.1326,0.1206,0.1266,41123945.19
1700265600,0.1265,0.1278,0.1195,0.1271,15422243.75
1700352000,0.127,0.1374,0.1239,0.1369,25052627.7
1700438400,0.137,0.1457,0.1344,0.1388,36357616.71
1700524800,0.1389,0.1442,0.1253,0.1253,42889244.59
1700611200,0.1253,0.1454,0.1251,0.1452,36012296.54
1700697600,0.145,0.1466,0.1374,0.1386,22427710.21
1700784000,0.1384,0.1551,0.1375,0.1542,40507962.6
1700870400,0.1544,0.1617,0.1502,0.1521,32127934.28
1700956800,0.1521,0.154,0.1437,0.1498,24848875.77
1701043200,0.1499,0.1559,0.1439,0.1485,45554396.26
1701129600,0.1484,0.1516,0.14,0.1469,24288334.37
1701216000,0.1468,0.1519,0.1424,0.1435,22026758.95
1701302400,0.1433,0.1464,0.1402,0.1429,19316884.2
1701388800,0.143,0.1508,0.1421,0.15,27911970.84
1701475200,0.1502,0.1536,0.1484,0.1521,17648334.44
1701561600,0.1522,0.1535,0.1473,0.1496,15336692.32
1701648000,0.1496,0.1548,0.1426,0.1507,44367088.12
1701734400,0.1508,0.1588,0.1486,0.1578,52279473.47
1701820800,0.1578,0.1695,0.1533,0.1636,60533554.08
1701907200,0.1634,0.1658,0.1545,0.1649,45863260.63
1701993600,0.1649,0.1769,0.1645,0.1741,42377545.45
1702080000,0.1743,0.1774,0.1673,0.1688,29973903.8
1702166400,0.1689,0.179,0.1663,0.1717,21727838.92
1702252800,0.172,0.1748,0.1487,0.1586,46619602.24
1702339200,0.1586,0.166,0.1536,0.1599,29971978.68
1702425600,0.16,0.1656,0.1502,0.1643,33085837.78
1702512000,0.1643,0.1765,0.1618,0.1749,54272284.92
1702598400,0.1751,0.1756,0.163,0.1631,29948087.45
1702684800,0.1633,0.1674,0.1606,0.1622,18456275.27
1702771200,0.1623,0.1644,0.1574,0.1583,13711030.61
1702857600,0.1584,0.1604,0.1443,0.1602,32498421.24
1702944000,0.1603,0.1645,0.1541,0.1557,19176320.98
1703030400,0.1556,0.1699,0.1538,0.1607,30421254.6
1703116800,0.1608,0.1659,0.1575,0.1651,24412373.81
1703203200,0.1653,0.1948,0.1628,0.1903,98240917.99
1703289600,0.1905,0.1934,0.1767,0.1824,40973231.59
1703376000,0.1825,0.1991,0.1762,0.1861,53829596.22
1703462400,0.1864,0.1978,0.1802,0.1967,24968621.2
1703548800,0.1967,0.2043,0.18,0.1985,65565165.94
1703635200,0.1987,0.2019,0.185,0.1917,29887142.16
1703721600,0.1917,0.2015,0.1871,0.1885,44847617.42
1703808000,0.1886,0.1923,0.1772,0.1812,31172403.79
1703894400,0.1815,0.1822,0.1738,0.1781,16831104.88
1703980800,0.1782,0.19,0.1766,0.1838,25842902.87
1704067200,0.1845,0.2207,0.1842,0.2175,63811899.47
1704153600,0.2171,0.2252,0.2059,0.2073,47764803.37
1704240000,0.2072,0.2154,0.1701,0.1894,63118916.15
1704326400,0.1895,0.2009,0.1827,0.199,39489484.57
1704412800,0.1991,0.1998,0.1763,0.185,39355826.99
1704499200,0.185,0.185,0.1659,0.172,32497271.26
1704585600,0.1721,0.176,0.1607,0.1634,27422158.44
1704672000,0.1635,0.1721,0.1489,0.1717,49161291.94
1704758400,0.1718,0.1723,0.1533,0.1604,45632230.49
1704844800,0.1603,0.1919,0.1567,0.1777,46966804.87
1704931200,0.1778,0.191,0.175,0.1872,43644262.99
1705017600,0.1872,0.1962,0.1693,0.1748,35863301.65
1705104000,0.1748,0.1762,0.1687,0.1709,12715484.18
1705190400,0.1711,0.1721,0.1609,0.1612,15994300.52
1705276800,0.1614,0.167,0.1609,0.1626,19472260.93
1705363200,0.1627,0.17,0.1627,0.1693,24791623.08
1705449600,0.1696,0.1722,0.1638,0.1673,14910563.71
1705536000,0.1676,0.1682,0.1508,0.1546,46054149.73
1705622400,0.1547,0.1562,0.1456,0.1535,23982650.91
1705708800,0.1535,0.1619,0.1514,0.1603,18570147.19
1705795200,0.16,0.1647,0.1579,0.1597,14675780.48
1705881600,0.1598,0.1627,0.147,0.1486,25469888.91
1705968000,0.1486,0.1518,0.1384,0.1474,27943434.3
1706054400,0.1474,0.1539,0.1453,0.1533,12041331.74
1706140800,0.1532,0.1532,0.1462,0.1493,12705399.86
1706227200,0.1493,0.1576,0.1477,0.1561,14325260.93
1706313600,0.1562,0.1625,0.1559,0.1599,14516433.56
1706400000,0.16,0.1628,0.1552,0.1569,7563644.62
1706486400,0.1571,0.1636,0.1552,0.1623,9607362.82
1706572800,0.1625,0.1642,0.1574,0.1584,14152520.71
1706659200,0.1584,0.159,0.1525,0.1545,20751018.43
1706745600,0.155,0.1563,0.1512,0.1543,10736189.2
1706832000,0.1542,0.1573,0.1533,0.1559,7714090.27
1706918400,0.156,0.1599,0.1557,0.1564,9565682.86
1707004800,0.1563,0.1572,0.1519,0.1522,7611359.76
1707091200,0.152,0.1554,0.1497,0.1523,18846554.15
1707177600,0.1522,0.1614,0.1513,0.159,13649727.54
1707264000,0.159,0.1621,0.155,0.1606,10918382.76
1707350400,0.161,0.1647,0.1604,0.1646,26262958.87
1707436800,0.1646,0.169,0.1637,0.1672,20586630.17
1707523200,0.1672,0.1727,0.1665,0.1705,18934006.53
1707609600,0.1706,0.1722,0.166,0.1673,11975073.27
1707696000,0.1674,0.1767,0.1629,0.1752,25737096.94
1707782400,0.1751,0.1762,0.168,0.1721,20973139.8
1707868800,0.172,0.1813,0.17,0.1802,15585897.53
1707955200,0.1802,0.1873,0.1792,0.1842,21818837.03
1708041600,0.1845,0.1997,0.1812,0.1943,46025135.4
1708128000,0.1941,0.217,0.1834,0.2161,43581805.68
1708214400,0.2161,0.2519,0.21,0.2386,116880341.83
1708300800,0.2386,0.2756,0.2386,0.2451,116010758.12
1708387200,0.2451,0.2547,0.231,0.2497,85765290.5
1708473600,0.2498,0.2836,0.2298,0.2816,72775489.82
1708560000,0.2817,0.294,0.2646,0.2698,92862487.42
1708646400,0.2702,0.2983,0.2628,0.2652,68426668.09
1708732800,0.2652,0.28,0.2529,0.2706,40326369.89
1708819200,0.271,0.3026,0.2691,0.2892,77412034.06
1708905600,0.2892,0.3108,0.2843,0.2945,63259219
1708992000,0.2944,0.2946,0.2774,0.2798,40174460.81
1709078400,0.2797,0.3079,0.2669,0.2872,77739207.37
1709164800,0.2873,0.2922,0.2708,0.2822,56487883.23
1709251200,0.2823,0.3315,0.2823,0.3219,83459816.46
1709337600,0.3221,0.3259,0.3071,0.3181,33807885.4
1709424000,0.3184,0.3331,0.2958,0.3199,55888453.21
1709510400,0.32,0.323,0.3002,0.3082,40461369.43
1709596800,0.3084,0.312,0.2338,0.2782,67876516.2
1709683200,0.2781,0.3295,0.2682,0.3249,59922265.45
1709769600,0.3248,0.3601,0.3143,0.3458,81609290.83
1709856000,0.3462,0.3517,0.3224,0.3405,49849478.75
1709942400,0.3405,0.459,0.3377,0.454,85298021.41
1710028800,0.4539,0.4963,0.4269,0.4372,72883601.45
1710115200,0.4373,0.4592,0.4084,0.4346,60523974.31
1710201600,0.4348,0.4542,0.4082,0.4454,43928268.05
1710288000,0.4457,0.4726,0.4323,0.441,35622029.29
1710374400,0.441,0.4478,0.4052,0.4369,35297304.74
1710460800,0.437,0.4395,0.3696,0.4121,43753567.89
1710547200,0.4119,0.4225,0.3592,0.3673,34533237.18
1710633600,0.3673,0.4349,0.359,0.4221,36090559.75
1710720000,0.422,0.44,0.3883,0.3906,41250259.92
1710806400,0.3904,0.4052,0.3563,0.3729,56058486.68
1710892800,0.3727,0.4079,0.3544,0.4042,45330737.38
1710979200,0.4043,0.4045,0.3725,0.3806,23044201.01
1711065600,0.3806,0.3882,0.3567,0.3664,22757728.99
1711152000,0.3665,0.3796,0.3582,0.3648,20262842.63
1711238400,0.3647,0.3926,0.3622,0.388,19017247.29
1711324800,0.3887,0.4203,0.3812,0.4029,39349166.05
1711411200,0.4029,0.4203,0.3913,0.3983,28030880.09
1711497600,0.3983,0.4277,0.3868,0.4005,39279404.13
1711584000,0.4002,0.4261,0.3973,0.4123,31498946.14
1711670400,0.4119,0.4192,0.3901,0.3934,20528650.36
1711756800,0.3934,0.3974,0.3855,0.3891,12187076.56
1711843200,0.3891,0.3949,0.3864,0.3925,10105154.94
1711929600,0.3924,0.3942,0.36,0.3743,30820942.74
1712016000,0.3743,0.3763,0.3287,0.3337,40001331.83
1712102400,0.3336,0.3493,0.3195,0.3291,15742952.22
1712188800,0.329,0.3493,0.3232,0.338,11578747.85
1712275200,0.3381,0.34,0.3164,0.3312,12098500.45
1712361600,0.3312,0.3423,0.3293,0.3374,8466175.84
1712448000,0.3374,0.3416,0.3315,0.3369,8466125.72
1712534400,0.337,0.3547,0.3294,0.3521,10863323.19
1712620800,0.3521,0.3543,0.3312,0.3327,9559091.8
1712707200,0.3328,0.3354,0.313,0.3285,13586892.22
1712793600,0.3286,0.3293,0.3056,0.3105,14453894.6
1712880000,0.3103,0.316,0.24,0.2687,42943223.54
1712966400,0.2685,0.2747,0.2065,0.2374,63409162.59
1713052800,0.2369,0.2633,0.2221,0.2598,27713195.22
1713139200,0.2597,0.2887,0.2441,0.2533,30950155.55
1713225600,0.2533,0.2623,0.2399,0.2584,19476091.92
1713312000,0.2585,0.2606,0.2363,0.242,17350434.11
1713398400,0.2423,0.2583,0.2343,0.2556,13320828.77
1713484800,0.2551,0.2659,0.2325,0.2572,30512538.53
1713571200,0.2569,0.2997,0.2524,0.2914,24150587.42
1713657600,0.2913,0.2944,0.277,0.2815,10113461.98
1713744000,0.2816,0.3066,0.2785,0.3019,21832787.44
1713830400,0.3016,0.3118,0.2918,0.2929,15988122.02
1713916800,0.2929,0.2998,0.2665,0.2697,17309219.24
1714003200,0.2699,0.2733,0.2596,0.2663,17426356.93
1714089600,0.2662,0.2708,0.2545,0.2588,20365308.49
1714176000,0.2591,0.2723,0.25,0.2643,14972353.09
1714262400,0.2645,0.2755,0.2557,0.2567,8276040.48
1714348800,0.2567,0.2611,0.2457,0.2564,13819421.45
1714435200,0.2566,0.2604,0.2293,0.236,22849087.5
1714521600,0.2358,0.2478,0.2205,0.2428,18982012.61
1714608000,0.2428,0.2552,0.2336,0.2507,22618378.07
1714694400,0.2508,0.2841,0.2474,0.2751,20987004.24
1714780800,0.2752,0.286,0.2744,0.2753,11203442.21
1714867200,0.2758,0.3017,0.266,0.2938,23338878.47
1714953600,0.2937,0.306,0.2815,0.2817,21277162.41
1715040000,0.2822,0.2946,0.2785,0.28,14249386.63
1715126400,0.2799,0.2836,0.26,0.2629,17717335.77
1715212800,0.2626,0.2994,0.2617,0.2931,18370796.36
1715299200,0.2932,0.3177,0.285,0.2917,39112124.01
1715385600,0.2917,0.3026,0.2846,0.285,16267963.68
1715472000,0.285,0.2919,0.2765,0.2789,10607217.8
1715558400,0.2786,0.2889,0.2605,0.2792,23815453.99
1715644800,0.2785,0.2808,0.26,0.2647,11802569.62
1715731200,0.2647,0.3048,0.2629,0.303,25083961.74
1715817600,0.303,0.3131,0.2936,0.3035,21434174.34
1715904000,0.3035,0.3225,0.2997,0.317,18651342.12
1715990400,0.317,0.3204,0.3074,0.3124,7470481.68
1716076800,0.3126,0.3145,0.2964,0.3001,7201539.99
1716163200,0.3001,0.3388,0.299,0.3386,20367714.74
1716249600,0.3386,0.3542,0.3345,0.3398,27654281.49
1716336000,0.3396,0.3586,0.3291,0.3475,14665743.24
1716422400,0.3473,0.3487,0.311,0.3283,13543498.17
1716508800,0.3278,0.333,0.3165,0.3247,5788789.81
1716595200,0.3247,0.3282,0.3214,0.327,3840854.32
1716681600,0.327,0.3298,0.3143,0.3172,5159150.85
1716768000,0.3168,0.3319,0.3133,0.3253,8234275.96
1716854400,0.3255,0.3258,0.3084,0.3138,13188206.99
1716940800,0.3141,0.3239,0.3089,0.3093,13692809.03
1717027200,0.3093,0.3155,0.2991,0.3032,12004411.87
1717113600,0.3031,0.3061,0.292,0.2977,11459640.75
1717200000,0.298,0.3036,0.296,0.2993,3815649.45
1717286400,0.299,0.3026,0.2903,0.2934,4614616.95
1717372800,0.2929,0.3035,0.2884,0.2937,6687206.32
1717459200,0.2934,0.3025,0.2903,0.2996,12408411.3
1717545600,0.2996,0.3051,0.2978,0.3044,14672696.05
1717632000,0.3045,0.3047,0.2899,0.2935,10263414.48
1717718400,0.2935,0.2969,0.2443,0.2724,24942786.81
1717804800,0.2718,0.2732,0.2588,0.2665,10652422.41
1717891200,0.2661,0.2691,0.262,0.2682,5955855.36
1717977600,0.2685,0.2685,0.2562,0.2594,11286183.25
1718064000,0.2595,0.2605,0.2388,0.2441,31180641.49
1718150400,0.244,0.2725,0.2375,0.2625,26329898.08
1718236800,0.2625,0.2644,0.242,0.2433,22766462.15
1718323200,0.2432,0.2508,0.2297,0.2361,25124967.43
1718409600,0.2362,0.2414,0.2348,0.2378,4234356.71
1718496000,0.2378,0.2392,0.2329,0.2353,8253585.25
1718582400,0.2352,0.2376,0.209,0.2138,35896309.55
1718668800,0.214,0.2202,0.1883,0.2015,42147616.39
1718755200,0.2014,0.2228,0.1986,0.2186,29562710.06
1718841600,0.2183,0.2337,0.2165,0.2208,24734465.91
1718928000,0.2212,0.2265,0.2126,0.2178,16069371.69
1719014400,0.2178,0.2193,0.2118,0.2127,5463762.56
1719100800,0.2127,0.2213,0.2044,0.2054,8989424.67
1719187200,0.2055,0.2194,0.1952,0.2165,25667532.54
1719273600,0.2162,0.2256,0.2144,0.2204,17132992.65
1719360000,0.2202,0.2248,0.2143,0.2186,6971272.06
1719446400,0.2187,0.2251,0.2112,0.2175,6888627.33
1719532800,0.2176,0.2199,0.206,0.2068,15598254.59
1719619200,0.2067,0.211,0.2025,0.2029,9202929.52
1719705600,0.203,0.2116,0.1999,0.2103,9535265.67
1719792000,0.2101,0.2182,0.2064,0.2073,11497660.81
1719878400,0.2072,0.2139,0.2058,0.2121,7467538.49
1719964800,0.2119,0.2132,0.1958,0.1969,11485219.35
1720051200,0.197,0.1982,0.1745,0.176,26075123.2
1720137600,0.1759,0.1762,0.1532,0.1727,37131595.44
1720224000,0.1725,0.1888,0.1718,0.1878,11878748.15
1720310400,0.1874,0.1875,0.1726,0.1734,10604336.74
1720396800,0.1736,0.1871,0.1638,0.1765,18708656.57
1720483200,0.1764,0.1838,0.1754,0.1831,9689245.74
1720569600,0.1829,0.1921,0.1805,0.1859,7469975.84
1720656000,0.1859,0.196,0.1809,0.1812,12263397.31
1720742400,0.1815,0.1862,0.1782,0.1855,8584718.45
1720828800,0.1856,0.1946,0.1837,0.1923,9554584.74
1720915200,0.1922,0.2004,0.1881,0.1983,8645608.33
1721001600,0.1981,0.2215,0.1963,0.2198,20799765.89
1721088000,0.22,0.2219,0.2047,0.2139,27937584.11
1721174400,0.2137,0.2206,0.2081,0.2081,22863870.29
1721260800,0.2082,0.2131,0.198,0.2028,16727264.84
1721347200,0.2028,0.2156,0.1974,0.2144,18288469.5
1721433600,0.2145,0.2189,0.2125,0.2137,12379371.89
1721520000,0.2139,0.2241,0.2096,0.2192,19464464.67
1721606400,0.219,0.222,0.2045,0.2065,13806451.62
1721692800,0.2067,0.2097,0.1956,0.1985,11437316.13
1721779200,0.1984,0.2039,0.1909,0.1927,9526151.28
1721865600,0.1926,0.1934,0.1828,0.1894,15759601.55
1721952000,0.1892,0.2053,0.1889,0.2009,17585829.41
1722038400,0.2008,0.2045,0.1945,0.1979,7616733.27
1722124800,0.1979,0.1987,0.1908,0.1927,6497172.07
1722211200,0.1927,0.2033,0.1916,0.192,10157442.9
1722297600,0.1919,0.1953,0.1836,0.1879,8114921.26
1722384000,0.1878,0.19,0.1783,0.1797,12950718.34
1722470400,0.1797,0.1811,0.167,0.1781,10636545.39
1722556800,0.1779,0.1787,0.1616,0.1625,13159320.97
1722643200,0.1622,0.1642,0.1503,0.1539,9818611.63
1722729600,0.154,0.1568,0.1395,0.144,12056881.44
1722816000,0.144,0.145,0.1126,0.1313,59722595.09
1722902400,0.1313,0.142,0.1313,0.1373,15668948.5
1722988800,0.1375,0.1429,0.1274,0.1286,23590321.71
1723075200,0.1287,0.1473,0.127,0.1463,18164054.05
1723161600,0.1464,0.1469,0.1394,0.143,10698501.26
1723248000,0.1429,0.1473,0.1406,0.1462,5725354.27
1723334400,0.1459,0.1528,0.136,0.1366,11009016.81
1723420800,0.1367,0.1469,0.1351,0.1434,7887774.03
1723507200,0.1435,0.1486,0.1383,0.1463,8483885.97
1723593600,0.1462,0.1479,0.1398,0.1423,4707703.84
1723680000,0.1424,0.1451,0.1344,0.1365,7321724.21
1723766400,0.1363,0.1391,0.1322,0.1368,6631150.94
1723852800,0.1365,0.1387,0.1354,0.1385,3031716.03
1723939200,0.1385,0.144,0.1364,0.1398,4708284.33
1724025600,0.1397,0.1448,0.1368,0.1447,7406979.79
1724112000,0.1445,0.1486,0.1408,0.1429,6679127.23
1724198400,0.143,0.1516,0.1411,0.1499,8051680.24
1724284800,0.1499,0.1559,0.1474,0.1549,7465008.93
1724371200,0.1549,0.1723,0.1548,0.1707,19132698.04
1724457600,0.1708,0.1805,0.167,0.1767,13612002.73
1724544000,0.1766,0.1767,0.1671,0.1721,9237600.3
1724630400,0.1722,0.1742,0.1611,0.1612,11240164.88
1724716800,0.1612,0.1664,0.1483,0.1509,25374828.68
1724803200,0.151,0.155,0.1435,0.1464,19346608.27
1724889600,0.1464,0.1527,0.1437,0.1466,8018118.34
1724976000,0.1464,0.1481,0.1392,0.1474,8284528.62
1725062400,0.1474,0.1489,0.1438,0.1458,2602851.16
1725148800,0.1457,0.1462,0.1367,0.1384,8822126.83
1725235200,0.1381,0.1468,0.1373,0.1456,13054724.91
1725321600,0.1456,0.1479,0.1352,0.1354,8954425.9
1725408000,0.1358,0.143,0.1295,0.1397,11319366.29
1725494400,0.1397,0.1412,0.1331,0.134,5294781.91
1725580800,0.1344,0.1384,0.1258,0.1298,15889897.81
1725667200,0.1297,0.1346,0.1287,0.1317,7842620.54
1725753600,0.1318,0.1383,0.1314,0.1365,6877304.48
1725840000,0.1365,0.1451,0.136,0.1431,14843748.7
1725926400,0.1425,0.1447,0.1395,0.1417,12276411.45
1726012800,0.1415,0.1417,0.133,0.1374,8934088.76
1726099200,0.1375,0.144,0.1372,0.144,11894926.93
1726185600,0.144,0.1508,0.1431,0.1504,11053339.12
1726272000,0.1504,0.1522,0.1474,0.1495,6604886.39
1726358400,0.1494,0.1502,0.1412,0.1426,5811920.37
1726444800,0.1425,0.1435,0.137,0.1383,5351643.85
1726531200,0.1383,0.1446,0.1369,0.1419,14694620.24
1726617600,0.1419,0.1474,0.1345,0.1471,10473607.43
1726704000,0.1472,0.1584,0.1471,0.1541,25442082.88
1726790400,0.154,0.1636,0.1506,0.161,18645802.45
1726876800,0.1611,0.167,0.1597,0.1662,9830402.77
1726963200,0.1661,0.1663,0.155,0.1605,6717451.96
1727049600,0.1605,0.1793,0.1562,0.1745,23780141.04
1727136000,0.1746,0.1878,0.17,0.1875,26282767.85
1727222400,0.1875,0.1906,0.1774,0.1788,21339498.66
1727308800,0.1789,0.191,0.1747,0.187,15854708.32
1727395200,0.1871,0.1942,0.183,0.1885,16229469.81
1727481600,0.189,0.1906,0.1814,0.1867,6525392.62
1727568000,0.1865,0.1939,0.18,0.1885,9200749.38
1727654400,0.1885,0.1913,0.1734,0.1752,16309148.92
1727740800,0.1752,0.1816,0.1541,0.1594,21558403.99
1727827200,0.1593,0.1641,0.1504,0.1537,19712677.57
1727913600,0.1536,0.1585,0.1477,0.1542,15115708.5
1728000000,0.1541,0.1612,0.1515,0.1598,14701413.19
1728086400,0.16,0.1626,0.1545,0.158,7077430.89
1728172800,0.1581,0.1655,0.1561,0.1642,6736123.95
1728259200,0.1643,0.1754,0.1632,0.1645,19069023.53
1728345600,0.1645,0.1684,0.1576,0.1589,15929266.4
1728432000,0.1589,0.1606,0.1535,0.1553,15093459.92
1728518400,0.1553,0.1586,0.1485,0.1542,13812866.66
1728604800,0.1541,0.1644,0.1531,0.1626,13079997.56
1728691200,0.1628,0.169,0.1607,0.1665,6694489.59
1728777600,0.1664,0.1677,0.1581,0.1657,8313559.1
1728864000,0.1659,0.1788,0.1629,0.1778,30534634.61
1728950400,0.1778,0.1798,0.168,0.1739,24604709.15
1729036800,0.1738,0.1762,0.1674,0.1677,11982893.36
1729123200,0.1678,0.1699,0.1618,0.1639,8886877.07
1729209600,0.1635,0.1693,0.1625,0.1693,9268434.7
1729296000,0.1693,0.1723,0.1657,0.167,6194291.43
1729382400,0.167,0.1795,0.1646,0.1792,14979004.9
1729468800,0.1792,0.1801,0.1682,0.1693,14121573.28
1729555200,0.1694,0.1727,0.1652,0.1672,7230353.73
1729641600,0.1676,0.1677,0.1563,0.1609,8505934.46
1729728000,0.161,0.1651,0.1592,0.1637,4952483.1
1729814400,0.164,0.1645,0.1459,0.1518,14365665.99
1729900800,0.1517,0.1541,0.148,0.1518,6727926.09
1729987200,0.1518,0.1564,0.1501,0.1551,4233192.86
1730073600,0.1552,0.1571,0.1483,0.1563,9650069.88
1730160000,0.1562,0.1614,0.1531,0.1604,16944477.98
1730246400,0.1604,0.161,0.1555,0.157,5928385.21
1730332800,0.1571,0.1575,0.1457,0.1469,13738072.54
1730419200,0.1469,0.1526,0.1431,0.1451,9676841.74
1730505600,0.1451,0.1468,0.1415,0.1431,3794431.82
1730592000,0.1434,0.1442,0.1316,0.1365,10213207.06
1730678400,0.1365,0.1398,0.1285,0.1309,16137097.65
1730764800,0.1312,0.1413,0.1306,0.1388,8738865.18
1730851200,0.1389,0.1551,0.1388,0.1543,22966650.06
1730937600,0.1542,0.1705,0.1517,0.157,17221564.17
1731024000,0.1572,0.1639,0.1505,0.1635,24039155.07
1731110400,0.1635,0.1729,0.158,0.1713,25017552.43
1731196800,0.1714,0.1854,0.168,0.1786,35290016.38
1731283200,0.1786,0.201,0.1774,0.1999,47248956.61
1731369600,0.2,0.2107,0.1822,0.1913,65388497.67
1731456000,0.1915,0.1949,0.1733,0.1806,41288406.46
1731542400,0.1808,0.1878,0.1696,0.172,26669912.61
1731628800,0.172,0.185,0.1665,0.1845,23057295.3
1731715200,0.1845,0.21,0.1842,0.2094,47181288.07
1731801600,0.2094,0.2094,0.1879,0.1922,25211892.34
1731888000,0.1922,0.2232,0.19,0.2186,50060211.03
1731974400,0.2185,0.2478,0.2087,0.2335,81826033.54
1732060800,0.2334,0.2409,0.2179,0.221,54565075.93
1732147200,0.221,0.2292,0.2097,0.2218,46486402.18
1732233600,0.222,0.2404,0.211,0.2378,53872247.07
1732320000,0.2378,0.2578,0.2321,0.2396,76085000.89
1732406400,0.2391,0.2644,0.2279,0.26,80902232.63
1732492800,0.2602,0.2701,0.2395,0.2437,63754205.33
1732579200,0.2436,0.2558,0.2283,0.2423,33324761.93
1732665600,0.2423,0.2615,0.2356,0.2567,36562588.14
1732752000,0.2568,0.2792,0.246,0.2745,43877153.1
1732838400,0.2745,0.2934,0.2613,0.2868,37728236.35
1732924800,0.2869,0.2965,0.2774,0.2898,40229707.87
1733011200,0.2897,0.2952,0.2773,0.2889,27316701.73
1733097600,0.289,0.3,0.2698,0.2984,44960607.59
1733184000,0.2983,0.3289,0.275,0.3183,77294939.8
1733270400,0.3186,0.3356,0.3082,0.3229,57117843.51
1733356800,0.3229,0.3489,0.3063,0.3268,67248677.65
1733443200,0.3269,0.3479,0.3196,0.3372,63397491.18
1733529600,0.3375,0.3413,0.3228,0.3262,25266360.05
1733616000,0.3262,0.3284,0.314,0.3231,21315081.54
1733702400,0.3232,0.3235,0.237,0.2658,75522244.97
1733788800,0.2658,0.2752,0.2386,0.2627,64087622.19
1733875200,0.2627,0.2897,0.2499,0.2822,42512154.23
1733961600,0.2821,0.3,0.2812,0.2855,36077872.27
1734048000,0.2853,0.29,0.2747,0.2864,26599637.47
1734134400,0.2863,0.2903,0.2659,0.2727,22238148.77
1734220800,0.2728,0.2886,0.2654,0.2871,17733050.86
1734307200,0.2873,0.2925,0.2677,0.2748,31640412.46
1734393600,0.2749,0.2774,0.258,0.2603,22476642.5
1734480000,0.2602,0.2607,0.2316,0.2337,37197210.94
1734566400,0.2338,0.2377,0.2031,0.211,46377929.33
1734652800,0.2112,0.2258,0.1829,0.2181,46588034.38
1734739200,0.2181,0.233,0.202,0.2049,29849249.89
1734825600,0.2049,0.2142,0.1998,0.2055,23463257.78
1734912000,0.2054,0.2287,0.1999,0.2229,33370665.92
1734998400,0.2228,0.2341,0.2159,0.2295,24846283.79
1735084800,0.2294,0.2308,0.2194,0.2232,10802755.91
1735171200,0.2231,0.2256,0.2053,0.2075,16118142.27
1735257600,0.208,0.2181,0.2044,0.207,15617675.19
1735344000,0.2075,0.2172,0.2042,0.2157,10212850.73
1735430400,0.2157,0.219,0.2035,0.2062,13512353.97
1735516800,0.2061,0.2152,0.195,0.2034,26149590.84
1735603200,0.2034,0.2105,0.1976,0.199,22309114.56
1735689600,0.199,0.2143,0.1953,0.2081,36722392.52
1735776000,0.2081,0.226,0.208,0.2195,22903994.85
1735862400,0.2199,0.2439,0.2157,0.2417,34172796.04
1735948800,0.2417,0.2463,0.2371,0.2404,15783681.39
1736035200,0.2404,0.2463,0.2318,0.2428,14565704.3
1736121600,0.243,0.2553,0.2366,0.2483,19349118.24
1736208000,0.2481,0.2495,0.2206,0.2206,30562067.56
1736294400,0.2206,0.2232,0.1977,0.2118,24746711.17
1736380800,0.2117,0.2136,0.1984,0.2031,23729869.78
1736467200,0.2033,0.2113,0.1979,0.2061,35800512.85
1736553600,0.2057,0.2102,0.2008,0.2057,10195124.49
1736640000,0.2058,0.2068,0.1986,0.2015,10282587.44
1736726400,0.2017,0.2058,0.1804,0.193,27337034.29
1736812800,0.193,0.2055,0.1921,0.2038,16654511.32
1736899200,0.2044,0.2167,0.1963,0.2161,33432534.3
1736985600,0.2162,0.22,0.2071,0.2125,22047065.38
1737072000,0.2128,0.2382,0.2128,0.2351,38327787.72
1737158400,0.2351,0.2388,0.2131,0.2185,21055755.54
1737244800,0.2182,0.2253,0.1933,0.1972,31227980.56
1737331200,0.197,0.2188,0.1896,0.2019,37482233.51
1737417600,0.2018,0.2131,0.1925,0.2097,24637809.35
1737504000,0.2097,0.2116,0.1938,0.1953,17542278.32
1737590400,0.1951,0.1951,0.1836,0.1893,29101903.07
1737676800,0.1896,0.1956,0.1823,0.1831,25076502.3
1737763200,0.183,0.1866,0.1799,0.1821,15790375.73
1737849600,0.1821,0.1919,0.1805,0.1808,21759153.01
1737936000,0.1806,0.1817,0.1636,0.1775,32806310
1738022400,0.1777,0.1792,0.163,0.1646,18946632.41
1738108800,0.1647,0.1768,0.1641,0.1692,23329845.76
1738195200,0.1694,0.1861,0.1679,0.1817,20655544.62
1738281600,0.1821,0.192,0.1781,0.1801,17427370.09
1738368000,0.1797,0.1845,0.1645,0.1665,13808668.26
1738454400,0.1661,0.1699,0.1394,0.1446,48712331.99
1738540800,0.1446,0.1513,0.1047,0.1489,86244083.03
1738627200,0.1492,0.1507,0.1324,0.1399,34270020.89
1738713600,0.1395,0.1419,0.1332,0.1347,27241654.88
1738800000,0.1346,0.1387,0.1275,0.1286,25358727.58
1738886400,0.1286,0.138,0.1244,0.1278,24509146.1
1738972800,0.1271,0.1314,0.1257,0.1302,7736578.52
1739059200,0.1302,0.1363,0.125,0.1325,12664848.27
1739145600,0.1325,0.1446,0.1275,0.1397,17620322.51
1739232000,0.1398,0.1566,0.1366,0.138,30336021.8
1739318400,0.138,0.1476,0.1326,0.1453,24966353.37
1739404800,0.1456,0.1476,0.139,0.14,12816275.51
1739491200,0.1402,0.1466,0.1392,0.143,11135770.96
1739577600,0.1428,0.1451,0.1368,0.1384,10218208.9
1739664000,0.1384,0.143,0.1364,0.1382,9227084.84
1739750400,0.1381,0.1492,0.1381,0.1417,17498091.98
1739836800,0.142,0.1425,0.1265,0.1327,20900858.67
1739923200,0.1327,0.1395,0.1299,0.1337,23431857.79
1740009600,0.1337,0.14,0.1328,0.1391,12861237.63
1740096000,0.1391,0.1482,0.1317,0.1339,23727774.6
1740182400,0.1338,0.1421,0.1331,0.1388,13126635.12
1740268800,0.1388,0.1405,0.135,0.1371,9102729.42
1740355200,0.1371,0.1378,0.1204,0.1211,21749779.81
1740441600,0.121,0.1227,0.1109,0.1211,37051199.73
1740528000,0.1212,0.1245,0.1156,0.1199,26216889.28
1740614400,0.12,0.1261,0.1189,0.1229,22865994.01
1740700800,0.123,0.1239,0.1106,0.1203,28240482.58
1740787200,0.1203,0.122,0.1154,0.1192,10155143.85
1740873600,0.1192,0.1308,0.1161,0.1292,31609450.21
1740960000,0.129,0.13,0.1071,0.1091,37528286.87
1741046400,0.109,0.1097,0.097,0.1066,42233824.05
1741132800,0.1065,0.1113,0.1043,0.1101,28006579.32
1741219200,0.11,0.1134,0.1064,0.1074,20719240.38
1741305600,0.1075,0.1093,0.1014,0.103,29415740.04
1741392000,0.1028,0.1044,0.1002,0.1013,9739707.57
1741478400,0.1013,0.1019,0.0892,0.091,22918687.56
1741564800,0.0911,0.0974,0.0833,0.0845,38270728.88
1741651200,0.0845,0.0932,0.0797,0.0902,39866344.4
1741737600,0.0903,0.0952,0.0876,0.0924,29755542.74
1741824000,0.0923,0.093,0.0864,0.0891,31095661.18
1741910400,0.0891,0.0958,0.0887,0.0943,22291747.51
1741996800,0.0943,0.0971,0.0938,0.0958,16100996.08
1742083200,0.0959,0.0962,0.0907,0.0916,9503826.42
1742169600,0.0914,0.0974,0.0914,0.096,15512522.37
1742256000,0.0962,0.0978,0.0914,0.0955,17318391.45
1742342400,0.0955,0.1006,0.0943,0.0995,24939967.82
1742428800,0.0994,0.0999,0.0944,0.0955,10966432.32
1742515200,0.0954,0.0961,0.0916,0.0938,10363410.69
1742601600,0.0939,0.0973,0.0939,0.0955,6451123.21
1742688000,0.0954,0.0982,0.0945,0.0966,6649255.63
1742774400,0.0967,0.1038,0.0953,0.1022,20650627.9
1742860800,0.1021,0.1063,0.1005,0.1047,12151980.55
1742947200,0.1046,0.1085,0.1028,0.1041,13953686.31
1743033600,0.104,0.1079,0.1033,0.1044,10221651.07
1743120000,0.1043,0.1044,0.0937,0.095,16838884.41
1743206400,0.095,0.0955,0.0875,0.0886,16203979.38
1743292800,0.0886,0.0916,0.0876,0.0891,8422075.37
1743379200,0.0892,0.0898,0.0846,0.0879,13835398.61
1743465600,0.0878,0.0934,0.0878,0.0899,10510967.91
1743552000,0.0898,0.0905,0.0813,0.0829,23091194.32
1743638400,0.0828,0.0851,0.0795,0.0831,17756459.83
1743724800,0.0831,0.085,0.0804,0.0831,24797103.15
1743811200,0.0831,0.0839,0.0803,0.0819,7806405.66
1743897600,0.0818,0.0824,0.0713,0.0733,21156824.5
1743984000,0.0732,0.0778,0.0663,0.0748,46710307.3
1744070400,0.0747,0.0771,0.0714,0.0718,24172923.53
1744156800,0.0719,0.0811,0.0693,0.0803,39283906.9
1744243200,0.0802,0.0802,0.0746,0.0762,22397775.09
1744329600,0.0763,0.0808,0.0761,0.0793,19031995.72
1744416000,0.0794,0.084,0.0786,0.0824,14721886.98
1744502400,0.0824,0.0831,0.0779,0.0788,13581820.46
1744588800,0.0787,0.0813,0.0777,0.0782,22092980.56
1744675200,0.0783,0.0806,0.0772,0.0776,11322217.02
1744761600,0.0775,0.0787,0.075,0.0763,13203881.38
1744848000,0.0763,0.0783,0.0751,0.0757,17964935.33
1744934400,0.0756,0.0785,0.0751,0.0778,15073645.07
1745020800,0.0778,0.0829,0.0778,0.082,15990613.69
1745107200,0.0821,0.0848,0.0802,0.0833,23088253.11
1745193600,0.0834,0.0864,0.0822,0.0831,23357140.53
1745280000,0.0829,0.09,0.0815,0.0895,23004249.43
1745366400,0.0895,0.0931,0.0891,0.0905,20369694.47
1745452800,0.0906,0.0955,0.0872,0.0953,18412973.12
1745539200,0.0952,0.1046,0.0936,0.1009,29067146.92
1745625600,0.1009,0.1067,0.1003,0.1037,17432046.09
1745712000,0.1037,0.1046,0.098,0.0981,17375151.92
1745798400,0.098,0.1014,0.0958,0.099,26063568.25
1745884800,0.099,0.102,0.0958,0.0971,13672048.99
1745971200,0.097,0.0991,0.0929,0.0961,16471226.35
1746057600,0.0961,0.1044,0.0959,0.1006,22945497.34
1746144000,0.1007,0.1023,0.0974,0.0982,18185348.37
1746230400,0.0982,0.0985,0.0928,0.0934,11940783.69
1746316800,0.0933,0.094,0.0897,0.0899,9741291.32
1746403200,0.0899,0.0926,0.0888,0.092,26649486.58
1746489600,0.092,0.0921,0.0862,0.0899,23258025.69
1746576000,0.0899,0.0926,0.0888,0.0914,11667096.24
1746662400,0.0915,0.1038,0.0913,0.1038,23400817.31
1746748800,0.1039,0.1136,0.1026,0.1123,26831108.03
1746835200,0.1122,0.1259,0.1115,0.1254,32354759.23
1746921600,0.1253,0.1263,0.1153,0.1182,20503127.75
1747008000,0.1183,0.1255,0.1125,0.1185,38994687.54
1747094400,0.1183,0.1319,0.1112,0.128,33124457.23
1747180800,0.128,0.1312,0.1204,0.1218,19093769.22
1747267200,0.1218,0.1234,0.1113,0.1142,27249351.64
1747353600,0.1142,0.1165,0.109,0.1102,27846384.85
1747440000,0.1104,0.1106,0.1039,0.1057,17884238.42
1747526400,0.1055,0.1165,0.1051,0.1145,23578870.75
1747612800,0.1144,0.1148,0.1047,0.1104,20328925.47
1747699200,0.1105,0.1142,0.1059,0.1108,19614496.37
1747785600,0.1109,0.1163,0.1088,0.1147,24046469.7
1747872000,0.1146,0.1237,0.1146,0.1223,26294655.19
1747958400,0.1224,0.1252,0.1083,0.1093,29522558.55
1748044800,0.1092,0.1143,0.1073,0.1081,22527155.32
1748131200,0.108,0.1103,0.1039,0.1102,16220664.6
1748217600,0.1103,0.115,0.1079,0.1102,14596889.53
1748304000,0.1101,0.1154,0.107,0.1116,17946469.16
1748390400,0.1115,0.1138,0.1065,0.1113,19635352.09
1748476800,0.1113,0.114,0.1046,0.1054,22279416.84
1748563200,0.1052,0.106,0.091,0.0926,34637831.52
1748649600,0.0926,0.0971,0.0893,0.0951,17911767.17
1748736000,0.0951,0.097,0.0927,0.0961,16979007.1
1748822400,0.0962,0.0983,0.0929,0.0978,12458810.08
1748908800,0.0979,0.1021,0.0973,0.0976,11566907.98
1748995200,0.0976,0.0997,0.0938,0.0946,12520584.52
1749081600,0.0945,0.0959,0.086,0.0872,19628772.27
1749168000,0.0872,0.0928,0.0867,0.0894,12345842.29
1749254400,0.0894,0.0936,0.0892,0.0917,5394305.33
1749340800,0.0919,0.0937,0.0907,0.0917,10598295.06
1749427200,0.0916,0.0978,0.0897,0.0975,13263620.17
1749513600,0.0975,0.1025,0.0956,0.1022,13561821.03
1749600000,0.1021,0.103,0.0963,0.0972,15134269.54
1749686400,0.0972,0.0974,0.0898,0.0898,15008909.4
1749772800,0.0898,0.0898,0.083,0.0882,25291080.49
1749859200,0.0881,0.0888,0.0856,0.0874,6497234.93
1749945600,0.0871,0.0878,0.0849,0.0867,9053469.21
1750032000,0.0865,0.0918,0.0854,0.0875,20141108.46
1750118400,0.0877,0.0887,0.0818,0.0838,13402772.14
1750204800,0.084,0.0853,0.0802,0.0845,17026394.72
1750291200,0.0846,0.0855,0.082,0.0838,9001442.5
1750377600,0.0838,0.0855,0.079,0.0803,18765465.68
1750464000,0.0803,0.0821,0.0749,0.0767,16523811.41
1750550400,0.0768,0.0776,0.0693,0.0732,26824933.47
1750636800,0.0732,0.0818,0.0724,0.0815,21547020.84
1750723200,0.0817,0.0855,0.0815,0.0841,13049897.94
1750809600,0.0842,0.0846,0.0804,0.081,7978723.35
1750896000,0.081,0.0835,0.0788,0.0789,8096342.91
1750982400,0.0789,0.0824,0.0779,0.0811,7228551.24
1751068800,0.0811,0.0847,0.0809,0.0844,4983853.5
1751155200,0.0844,0.0886,0.0833,0.0878,8902607.35
1751241600,0.0878,0.0883,0.0837,0.084,9330738.3
1751328000,0.084,0.0845,0.079,0.0798,6634804.48
1751414400,0.0798,0.0886,0.0789,0.0868,11601654.4
1751500800,0.087,0.0893,0.0861,0.0873,8037744.85
1751587200,0.0876,0.0882,0.0813,0.0825,9231748.92
1751673600,0.0826,0.0833,0.0809,0.0826,3168581.32
1751760000,0.0824,0.0865,0.0819,0.0848,3867234.62
1751846400,0.0849,0.0857,0.0822,0.0831,4655614.81
1751932800,0.0829,0.0861,0.0817,0.0852,6968316.64
1752019200,0.0853,0.091,0.0844,0.0904,13138116.77
1752105600,0.0905,0.0977,0.0894,0.0973,16112631.07
1752192000,0.0973,0.1014,0.095,0.0963,20633376.99
1752278400,0.0963,0.0982,0.0928,0.0959,14856238.96
1752364800,0.0957,0.1015,0.0956,0.0995,13582301.51
1752451200,0.0996,0.1054,0.0978,0.099,25260552.02
1752537600,0.099,0.1035,0.0952,0.1034,18363485.55
1752624000,0.1035,0.1083,0.1007,0.1039,17837795.96
1752710400,0.1041,0.1074,0.1012,0.1063,23486408.34
1752796800,0.1062,0.1145,0.1043,0.1069,30010427.62
1752883200,0.1069,0.1109,0.1044,0.1101,12401518.48
1752969600,0.1102,0.1184,0.1092,0.1158,21616356.52
1753056000,0.1157,0.1207,0.1132,0.1148,22188856.97
1753142400,0.1148,0.1155,0.1081,0.1135,30591271.24
1753228800,0.1135,0.1136,0.0991,0.1026,30351487.02
1753315200,0.1026,0.1084,0.0986,0.1025,18674834.15
1753401600,0.1028,0.1052,0.0989,0.1049,15085907.71
1753488000,0.1048,0.1072,0.1041,0.1051,6970182.79
1753574400,0.1051,0.1105,0.1047,0.1099,13407881.1
1753660800,0.11,0.1127,0.1018,0.1031,18056184.84
1753747200,0.1031,0.1067,0.1003,0.1021,19674693.8
1753833600,0.1019,0.1024,0.095,0.1001,14684324.94
1753920000,0.1001,0.1025,0.0936,0.094,16592710.78
1754006400,0.0939,0.0948,0.088,0.0907,14218163.56
1754092800,0.0908,0.0919,0.0859,0.0884,10502659.02
1754179200,0.0883,0.0921,0.0874,0.0914,6040280.92
1754265600,0.0914,0.0949,0.0912,0.0933,7034385.95
1754352000,0.0933,0.0935,0.0875,0.0898,9926597.27
1754438400,0.0898,0.0929,0.0873,0.092,5751826.13
1754524800,0.0919,0.0959,0.0915,0.0957,9358224.68
1754611200,0.0958,0.0968,0.0931,0.0958,16495391.27
1754697600,0.0959,0.1028,0.0951,0.1002,10525856.25
1754784000,0.1002,0.1018,0.0961,0.0993,7430161.92
1754870400,0.0993,0.1025,0.0922,0.093,12141993.86
1754956800,0.0933,0.1019,0.0922,0.1019,9793708.49
1755043200,0.1017,0.1044,0.0998,0.1015,13835774.51
1755129600,0.1015,0.1036,0.0906,0.0927,21875385.12
1755216000,0.0926,0.1006,0.0892,0.0932,16605454.41
1755302400,0.0931,0.0955,0.0926,0.0949,6403499.28
1755388800,0.0948,0.0976,0.0939,0.094,4820980.86
1755475200,0.0941,0.0941,0.0898,0.0913,8134487.08
1755561600,0.0913,0.0929,0.0876,0.0884,11913383.96
1755648000,0.0885,0.0933,0.0876,0.0926,11137268.75
1755734400,0.0926,0.0932,0.0892,0.0896,9597651.49
1755820800,0.0898,0.0982,0.0868,0.097,26090153.45
1755907200,0.097,0.0973,0.0936,0.0955,7764424.37
1755993600,0.0956,0.0976,0.0909,0.0941,15806707.6
1756080000,0.0939,0.0955,0.085,0.0864,14786602.29
1756166400,0.0863,0.0906,0.0859,0.09,15420699.71
1756252800,0.0899,0.093,0.089,0.0905,11483708.43
1756339200,0.0906,0.0941,0.09,0.0935,9263544.41
1756425600,0.0936,0.0939,0.0862,0.0878,12973314.08
1756512000,0.0877,0.0896,0.0865,0.0896,4053107.3
1756598400,0.0896,0.0919,0.0884,0.0884,4859340.64
1756684800,0.0883,0.0915,0.0854,0.0872,10156191.77
1756771200,0.0872,0.0892,0.0857,0.0891,11372825.76
1756857600,0.0891,0.091,0.0886,0.0895,7511954.41
1756944000,0.0895,0.0899,0.086,0.0867,5156266.13
1757030400,0.0868,0.0908,0.0867,0.0886,11372474.75
1757116800,0.0887,0.089,0.0869,0.0877,3344893.58
1757203200,0.0878,0.0897,0.0877,0.0889,2562349.83
1757289600,0.0888,0.0924,0.0882,0.0917,6013483.67
1757376000,0.0918,0.1021,0.0918,0.0992,40170910.87
1757462400,0.0993,0.1003,0.0963,0.0978,16989019.6
1757548800,0.0977,0.1007,0.0957,0.1,13514932.49
1757635200,0.1001,0.1014,0.0977,0.1008,9644769.47
1757721600,0.1008,0.105,0.0991,0.1008,17184425.53
1757808000,0.1008,0.1009,0.096,0.0964,10633846.69
1757894400,0.0964,0.0976,0.0915,0.0932,9961366.02
1757980800,0.0932,0.0954,0.0917,0.0947,5796266.83
1758067200,0.0947,0.0979,0.092,0.0974,8664862.54
1758153600,0.0975,0.0995,0.0962,0.0987,5391044.44
1758240000,0.0989,0.0999,0.0923,0.0928,6642048.36
1758326400,0.0928,0.095,0.092,0.0942,3189349.91
1758412800,0.0942,0.0947,0.0921,0.0921,3616672.47
1758499200,0.0921,0.0927,0.0816,0.0852,21882676.63
1758585600,0.0852,0.0857,0.0831,0.0836,9280933.82
1758672000,0.0837,0.0858,0.0823,0.0838,7280738.24
1758758400,0.0838,0.084,0.0784,0.0798,18120846.36
1758844800,0.0799,0.0829,0.0791,0.0824,10370166.74
1758931200,0.0824,0.0825,0.0805,0.081,3423849.12
1759017600,0.081,0.083,0.0789,0.0828,5445278.68
1759104000,0.0828,0.0835,0.08,0.0817,7829427.65
1759190400,0.0817,0.0819,0.0781,0.0807,8600051.59
1759276800,0.0806,0.0853,0.08,0.0849,9951995.03
1759363200,0.0849,0.089,0.0845,0.0886,6747682.34
1759449600,0.0885,0.0892,0.0855,0.0858,7686786.53
1759536000,0.0858,0.0859,0.0821,0.0838,4666518.95
1759622400,0.0838,0.0874,0.0823,0.0829,8564070.4
1759708800,0.0829,0.0871,0.0824,0.0859,6415385.31
1759795200,0.0861,0.087,0.0816,0.0823,10427168.63
1759881600,0.0823,0.0846,0.0809,0.083,6047443.24
1759968000,0.083,0.0832,0.0794,0.0812,6835501.49
1760054400,0.0812,0.0834,0.0551,0.0657,54095009.79
1760140800,0.0659,0.0674,0.0596,0.0626,74521385.1
1760227200,0.0627,0.0701,0.0613,0.069,66285904.26
1760313600,0.0689,0.075,0.0678,0.0735,23838229.26
1760400000,0.0735,0.0737,0.0653,0.07,28323414
1760486400,0.0698,0.0711,0.065,0.0665,13103862.66
1760572800,0.0665,0.0679,0.0631,0.0638,15793727.1
1760659200,0.0638,0.0652,0.0594,0.0621,17540105.68
1760745600,0.062,0.0639,0.0616,0.0626,7144574.54
1760832000,0.0626,0.0652,0.0619,0.0641,15565375.47
1760918400,0.0639,0.0674,0.0628,0.0657,5043064.72
1761004800,0.0657,0.0684,0.0624,0.0633,11909672.01
1761091200,0.0633,0.0639,0.06,0.0616,11295732.12
1761177600,0.0615,0.0644,0.0613,0.0636,7709863.83
1761264000,0.0636,0.0659,0.0632,0.0648,4649822.81
1761350400,0.0648,0.0652,0.0634,0.0648,3008757.35
1761436800,0.0647,0.0674,0.0635,0.0664,6756986.66
1761523200,0.0664,0.0675,0.0644,0.065,10200616.16
1761609600,0.065,0.0657,0.0617,0.0622,6614496.96
1761696000,0.0624,0.0661,0.0623,0.0635,8805578.81
1761782400,0.0633,0.0642,0.0586,0.0609,11189170.2
1761868800,0.0609,0.0628,0.0602,0.0613,5981422.52
1761955200,0.0613,0.0647,0.0608,0.064,5551532.46
1762041600,0.0639,0.0653,0.0624,0.0653,10231474.1
1762128000,0.0652,0.0653,0.0552,0.0566,30164623.16
1762214400,0.0566,0.0575,0.0514,0.0547,34908890.04
1762300800,0.0547,0.0572,0.0521,0.0563,10566866.73
1762387200,0.0562,0.0564,0.0535,0.0564,15269127.38
1762473600,0.0564,0.0776,0.0564,0.07,63904125.16
1762560000,0.0701,0.0737,0.0647,0.0665,26755340.06
1762646400,0.0664,0.0672,0.0631,0.0664,13231279.99
1762732800,0.0663,0.0706,0.0659,0.0692,17120066.23
1762819200,0.0692,0.07,0.0633,0.0636,6850259.85
1762905600,0.0636,0.0673,0.0622,0.0629,6250407.68
1762992000,0.0632,0.0648,0.059,0.0604,10325027.46
1763078400,0.0603,0.0611,0.0557,0.0563,22350233.03
1763164800,0.0563,0.0591,0.0562,0.057,5148401.67
1763251200,0.057,0.0579,0.0543,0.0559,6568982.44
1763337600,0.0559,0.0583,0.054,0.0552,6014218.14
1763424000,0.055,0.0581,0.0544,0.0561,7156321.05
1763510400,0.056,0.0563,0.0519,0.0545,11210659.12
1763596800,0.0546,0.059,0.0526,0.0532,15300086.02
1763683200,0.0532,0.0541,0.0477,0.0492,16014471.37
1763769600,0.0492,0.0493,0.0473,0.0488,8346826.46
1763856000,0.0488,0.051,0.0485,0.0492,8315902.99
1763942400,0.0492,0.0523,0.0488,0.0513,8952675.88
1764028800,0.0514,0.0524,0.0499,0.0522,5520467.9
1764115200,0.0522,0.0524,0.0499,0.0519,5240090.74
1764201600,0.0518,0.0529,0.0513,0.0521,4697828.52
1764288000,0.0521,0.0528,0.0505,0.0512,4570531.53
1764374400,0.0512,0.0513,0.05,0.0506,5779660.72
1764460800,0.0506,0.0509,0.0493,0.0494,2232620.47
1764547200,0.0494,0.0494,0.0445,0.0464,23303578.17
1764633600,0.0464,0.0507,0.0458,0.0493,8885142.5
1764720000,0.0492,0.0504,0.0486,0.0499,9231643.6
1764806400,0.0499,0.0502,0.0472,0.0479,7699595.57
1764892800,0.0479,0.0485,0.0447,0.0455,7340341.07
1764979200,0.0456,0.047,0.0452,0.0466,6133133.78
1765065600,0.0465,0.0469,0.0444,0.045,18301752.86
1765152000,0.0451,0.0472,0.045,0.0461,5044184.29
1765238400,0.0459,0.0486,0.0451,0.0473,7040806.58
1765324800,0.0473,0.048,0.0453,0.0457,9850383.11
1765411200,0.0457,0.0457,0.0427,0.0445,9838135.07
1765497600,0.0445,0.0449,0.0404,0.041,17907610.18
1765584000,0.0409,0.0423,0.0405,0.042,7852204.21
1765670400,0.0419,0.0421,0.0396,0.0401,10206042.11
1765756800,0.0401,0.0416,0.0372,0.0381,20690209.09
1765843200,0.0381,0.0391,0.0376,0.0388,12118748.27
1765929600,0.0388,0.04,0.0369,0.0373,18765717.45
1766016000,0.0373,0.0381,0.0352,0.0357,16730203.27
1766102400,0.0357,0.0381,0.0351,0.0375,10858615.8
1766188800,0.0375,0.0383,0.0372,0.0376,4367959.05
1766275200,0.0376,0.0377,0.0357,0.0375,8764335.64
1766361600,0.0375,0.0392,0.0358,0.0379,17093357.86
1766448000,0.038,0.0382,0.036,0.0366,9268907.02
1766534400,0.0366,0.0367,0.0355,0.0366,7478186.31
1766620800,0.0365,0.0372,0.0353,0.0353,4459066.55
1766707200,0.0354,0.0374,0.0352,0.0364,46514296.29
1766793600,0.0364,0.0382,0.0362,0.0382,4273425.75
1766880000,0.0381,0.0385,0.0374,0.0378,3488671.56
1766966400,0.0378,0.0384,0.0343,0.0354,29675788.59
1767052800,0.0354,0.0356,0.0347,0.0349,13509457.62
1767139200,0.0349,0.0352,0.0326,0.0331,31317936.66
1767225600,0.0332,0.0361,0.0326,0.036,23967414.23
1767312000,0.0361,0.0377,0.0354,0.0373,13018930.35
1767398400,0.0373,0.0389,0.0363,0.0384,10596787.6
1767484800,0.0385,0.0413,0.0383,0.0409,13607909.8
1767571200,0.0411,0.043,0.0398,0.0418,17973321.1
1767657600,0.0418,0.044,0.0405,0.0425,17614098.51
1767744000,0.0425,0.0425,0.0401,0.0407,10779603.83
1767830400,0.0407,0.0414,0.0381,0.0405,15330891.16
1767916800,0.0405,0.0451,0.0402,0.0424,11705401.28
1768003200,0.0424,0.0426,0.0409,0.0416,5719628.8
1768089600,0.0416,0.0432,0.041,0.0416,7576708.77
1768176000,0.0416,0.0431,0.0403,0.0406,9750178.76
1768262400,0.0406,0.0442,0.0405,0.0435,9319209.52
1768348800,0.0436,0.0439,0.0419,0.0422,11344280.72
1768435200,0.0422,0.0423,0.0401,0.0408,11301479.8
1768521600,0.0409,0.042,0.0394,0.0416,4706367.09
1768608000,0.0416,0.0447,0.0415,0.0427,21202414.1
1768694400,0.0428,0.0433,0.0403,0.0404,10095652.48
1768780800,0.0403,0.0403,0.035,0.0385,20034011.17
1768867200,0.0385,0.039,0.0357,0.036,12824002.47
1768953600,0.036,0.0378,0.0358,0.037,10637391.52
1769040000,0.0369,0.0378,0.0357,0.0364,4531925.62
1769126400,0.0364,0.0376,0.036,0.0367,6001347.39
1769212800,0.0367,0.0369,0.0362,0.0364,1474867.12
1769299200,0.0364,0.0366,0.0343,0.0349,3880376.33
1769385600,0.0349,0.037,0.0349,0.0361,8982109.12
1769472000,0.0361,0.037,0.0353,0.0366,5122820.59
1769558400,0.0367,0.0371,0.0355,0.0369,17508191.13
1769644800,0.0368,0.0368,0.033,0.034,9261086.65
1769731200,0.0339,0.034,0.0321,0.033,12906659.31
1769817600,0.0329,0.033,0.0267,0.0303,31992502.29
1769904000,0.0303,0.0313,0.029,0.0296,13222907.24
1769990400,0.0294,0.0311,0.0288,0.0305,20559528.61
1770076800,0.0304,0.0309,0.0284,0.0296,15835374.95
1770163200,0.0296,0.0302,0.0283,0.029,12525827.72
1770249600,0.029,0.0294,0.024,0.0248,37377011.45
1770336000,0.0245,0.0294,0.0228,0.0284,27561615.45
1770422400,0.0285,0.0288,0.0273,0.028,10516776.83
1770508800,0.028,0.0283,0.0273,0.0276,4628390.98
1770595200,0.0276,0.0277,0.0264,0.0271,4741307.69
1770681600,0.0271,0.0273,0.0263,0.0265,6649451.18
1770768000,0.0265,0.0269,0.0253,0.0261,9519096.9
1770854400,0.0261,0.0276,0.0259,0.0268,9071061.88
1770940800,0.0268,0.0278,0.0262,0.0276,8128474.72
1771027200,0.0277,0.0295,0.0277,0.029,4676706.8
1771113600,0.0289,0.0293,0.0272,0.0278,7799801.23
1771200000,0.0279,0.0284,0.0274,0.0282,4299280.48
1771286400,0.0281,0.0282,0.0273,0.0278,4594545.3
1771372800,0.0278,0.028,0.0265,0.0269,3728279.8
1771459200,0.0268,0.0271,0.026,0.0264,3411331.68
1771545600,0.0265,0.0273,0.026,0.0273,8276717.32
1771632000,0.0273,0.0296,0.0272,0.0279,12395998.88
1771718400,0.0279,0.0279,0.0265,0.0267,4906280.72
1771804800,0.0267,0.0269,0.0256,0.0261,5320599.16
1771891200,0.0261,0.0263,0.0254,0.0257,6911808.5
1771977600,0.0257,0.029,0.0256,0.0278,10583013.74
1772064000,0.0278,0.028,0.026,0.0267,8335626.02
1772150400,0.0268,0.0275,0.0257,0.0261,8713941.19
1772236800,0.0262,0.0266,0.0243,0.0266,10984406.56
1772323200,0.0266,0.0273,0.0251,0.0257,8657385.01
1772409600,0.0257,0.027,0.0254,0.0261,10802240.23
1772496000,0.0261,0.0264,0.0253,0.0261,10345480.31
1772582400,0.026,0.0272,0.0257,0.0267,8666210.57
1772668800,0.0266,0.027,0.0259,0.0262,39787052.52
1772755200,0.0262,0.0266,0.0253,0.0258,6542657.46
1772841600,0.0258,0.0258,0.0249,0.0251,6275543.52
1772928000,0.025,0.0256,0.0245,0.0247,4998026.78
1773014400,0.0248,0.0258,0.0246,0.0251,6532949.16
1773100800,0.0251,0.0259,0.0249,0.0249,5767721.77
1773187200,0.0249,0.0262,0.0248,0.0259,13192556.67
1773273600,0.0259,0.0296,0.0253,0.0277,38481798.11
1773360000,0.0278,0.0292,0.0267,0.0267,11363737.48
1773446400,0.0266,0.0271,0.0259,0.0262,6428644.68
1773532800,0.0262,0.0272,0.026,0.027,5322299.16
1773619200,0.027,0.0285,0.0267,0.0281,18539364.69
1773705600,0.028,0.0282,0.0272,0.0279,7595228.89
1773792000,0.0279,0.0283,0.0263,0.0266,12894136.49
1773878400,0.0266,0.0269,0.0255,0.0258,6073218.76
1773964800,0.0258,0.0267,0.0258,0.0261,5455960.13
1774051200,0.0261,0.0263,0.0251,0.0253,2711049.57
1774137600,0.0251,0.0254,0.0242,0.0245,10952370.94
1774224000,0.0245,0.0257,0.024,0.0253,7808913.11
1774310400,0.0252,0.0255,0.0247,0.0253,9536717.45
1774396800,0.0253,0.0257,0.0252,0.0255,9843918.03
1774483200,0.0255,0.0255,0.0239,0.0243,9352959.99
1774569600,0.0244,0.0246,0.0236,0.0238,6808788
1774656000,0.0238,0.0243,0.0234,0.0236,5876895.8
1774742400,0.0236,0.0239,0.0229,0.0234,7333204.16
1774828800,0.0234,0.0246,0.0234,0.0237,3641631.12
1774915200,0.0237,0.0242,0.0235,0.0241,5578179.42
1775001600,0.024,0.0251,0.024,0.0244,7152921.27
1775088000,0.0244,0.0245,0.0232,0.0237,2653910.48
1775174400,0.0237,0.0246,0.0236,0.0239,4487596.96
1775260800,0.0239,0.0244,0.0238,0.0241,1882472.07
1775347200,0.024,0.0241,0.0234,0.0239,5522149.78
1775433600,0.024,0.0247,0.0235,0.0237,11196193.43
1775520000,0.0236,0.0252,0.0233,0.0251,10916250.29
1775606400,0.0251,0.0251,0.0238,0.0238,5618516.15
1775692800,0.0238,0.0246,0.0237,0.0241,4519368.4
1775779200,0.0242,0.0247,0.0239,0.0244,4821156.52
1775865600,0.0243,0.0245,0.0239,0.0242,3117266.95
1775952000,0.0242,0.0243,0.0234,0.0236,3694552.36
1776038400,0.0237,0.0248,0.0234,0.0248,6881947.63
1776124800,0.0247,0.025,0.0238,0.024,11644327.13
1776211200,0.024,0.025,0.0238,0.0249,12799842.98
1776297600,0.0249,0.026,0.0247,0.0258,5860302.05
1776384000,0.0257,0.0266,0.0253,0.0259,6808598.17
1776470400,0.0259,0.0266,0.0249,0.0249,7812687.11
1776556800,0.0248,0.0251,0.0242,0.0243,7644863.9
1776643200,0.0243,0.0257,0.0243,0.0251,7528496.26
1776729600,0.0252,0.0252,0.0243,0.0247,5119688.78
1776816000,0.0247,0.0255,0.0247,0.0247,2776122.69
1776902400,0.0247,0.025,0.0243,0.0246,6518293.64
1776988800,0.0247,0.0252,0.0244,0.0248,5583668.94
1777075200,0.0248,0.0257,0.0245,0.0247,3704755.83
1777161600,0.0246,0.0253,0.0245,0.025,4214250.9
1777248000,0.025,0.0254,0.0242,0.0247,6474047.9
1777334400,0.0246,0.0248,0.0243,0.0246,3450062.87
1777420800,0.0247,0.0254,0.0238,0.0243,7046418.13
1777507200,0.0243,0.0246,0.0239,0.0241,8049847.1
1777593600,0.0242,0.0245,0.024,0.0242,5282320.21
1777680000,0.0242,0.0251,0.0242,0.0249,2289048.7
1777766400,0.0248,0.0248,0.0243,0.0245,1867537.97
1777852800,0.0244,0.0252,0.0243,0.0244,7317205.46
1777939200,0.0245,0.0258,0.0244,0.0258,17010258.54
1778025600,0.0257,0.0267,0.0255,0.0265,11180774.88
1778112000,0.0265,0.0267,0.0256,0.026,8679247.62
1778198400,0.026,0.028,0.0258,0.0276,11952902.57
1778284800,0.0276,0.0279,0.0264,0.0271,10910077.66
1778371200,0.027,0.0303,0.0266,0.0286,20277152.57
1778457600,0.0286,0.0292,0.0275,0.0284,14236322.41
1778544000,0.0283,0.0299,0.028,0.0289,31642794.68
1778630400,0.0289,0.0295,0.0272,0.0274,19145789.38
1778716800,0.0274,0.0294,0.0269,0.0279,15320303.73
1778803200,0.0279,0.0282,0.0266,0.027,9777523.51
1778889600,0.0269,0.0271,0.0253,0.0255,8932173.89
1778976000,0.0255,0.0258,0.024,0.0246,21902516.32
1779062400,0.0246,0.0255,0.0244,0.0253,15890005.17
1779148800,0.0253,0.0254,0.0245,0.0245,2925800.41
1779235200,0.0245,0.0253,0.0245,0.0251,3006685.12
1779321600,0.0251,0.0258,0.025,0.0253,7012150.77
1779408000,0.0253,0.0276,0.0251,0.0258,8073361
1779494400,0.0258,0.0278,0.025,0.0267,13277393.96
1779580800,0.0268,0.0269,0.0253,0.0258,7402263.14
1779667200,0.0259,0.0284,0.0258,0.0277,14713510.78
1779753600,0.0276,0.03,0.0267,0.028,35412477.73
1779840000,0.0281,0.0293,0.0271,0.0272,34093148.22
1779926400,0.0271,0.0272,0.0257,0.0266,21265904.94
1780012800,0.0267,0.0275,0.0251,0.0259,17077061.62
1780099200,0.0258,0.0271,0.0256,0.0265,13673050.19
1780185600,0.0265,0.0265,0.0253,0.0259,5686423.78
1780272000,0.026,0.0269,0.0246,0.0251,19118227.16
1780358400,0.0251,0.0251,0.0225,0.0231,35797492.69
1780444800,0.0231,0.0244,0.0225,0.0232,14149636.77
1780531200,0.0232,0.0232,0.0212,0.0218,22635359.43
1780617600,0.0216,0.0219,0.0192,0.0201,47049450.98
1780704000,0.0201,0.0203,0.0188,0.0198,26756643.51
1780790400,0.0198,0.0206,0.0194,0.0202,18308847.28
1780876800,0.0201,0.0205,0.0197,0.02,11370116.91
1780963200,0.02,0.0201,0.0191,0.0196,18131513.69
1781049600,0.0196,0.0196,0.0185,0.0188,19353736.88
1781136000,0.0188,0.0198,0.0187,0.0198,18990688.19
1781222400,0.0197,0.02,0.0195,0.02,22640878.45
1781308800,0.02,0.0202,0.0196,0.02,12908008.94
1781395200,0.02,0.0203,0.0194,0.0201,13527091.35
1781481600,0.0202,0.0214,0.02,0.0204,26208521.13
1781568000,0.0204,0.0205,0.0196,0.0199,11660375.97
1781654400,0.0199,0.0204,0.0192,0.0195,16768761.37
1781740800,0.0196,0.0196,0.0186,0.0195,13630046.54
1781827200,0.0195,0.02,0.0191,0.0195,14130284.4
1781913600,0.0195,0.0199,0.0191,0.0199,7244709.18
1782000000,0.02,0.0205,0.0194,0.0195,5975785.94
1782086400,0.0195,0.0201,0.0193,0.0194,17274950.64
1782172800,0.0194,0.0195,0.0186,0.019,12865004.67
1782259200,0.019,0.0192,0.0176,0.0185,22703896.88
1782345600,0.0186,0.0188,0.0171,0.0181,21869821.72
1782432000,0.0181,0.0184,0.0173,0.0181,21011413.07
1782518400,0.0181,0.0184,0.0176,0.0177,8441440.87
1782604800,0.0177,0.018,0.0174,0.0176,6196516.09
1782691200,0.0175,0.0185,0.0175,0.0179,9924932.42
1782777600,0.0179,0.0182,0.0173,0.0177,7869515.07
1782864000,0.0177,0.018,0.0173,0.0177,4995317.65
1782950400,0.0177,0.0185,0.0176,0.0182,3109509.65
1783036800,0.0182,0.0195,0.0181,0.0193,3653371.5
1783123200,0.0193,0.0194,0.0187,0.0188,4359622.08
1783209600,0.0188,0.019,0.0183,0.0187,4682432.81
1783296000,0.0186,0.0191,0.018,0.0184,4796809.72
1783382400,0.0184,0.0184,0.0177,0.0178,5258663.07
1783468800,0.0179,0.0179,0.0173,0.0176,4450420.47
1783555200,0.0175,0.0177,0.0173,0.0174,3450101.66
1783641600,0.0174,0.018,0.0173,0.0176,4463788.23
1783728000,0.0176,0.0185,0.0175,0.0175,6563578.65
1783814400,0.0175,0.0177,0.0174,0.0174,1800626.24
1783900800,0.0175,0.0179,0.017,0.0172,3610475.03
1783987200,0.0172,0.0181,0.0172,0.0177,2613179.04
1784073600,0.0177,0.018,0.0176,0.0177,3583230.35
1784160000,0.0177,0.0179,0.0171,0.0172,7265402.88
1784246400,0.0172,0.0174,0.0168,0.0171,3688676.27
1784332800,0.0172,0.0172,0.0168,0.017,2800747.93
1784419200,0.017,0.017,0.0163,0.0165,6165947.08
1784505600,0.0165,0.0169,0.0162,0.0166,5963480.36
1784592000,0.0166,0.017,0.0165,0.0168,5090986.73
1784678400,0.0168,0.0168,0.0163,0.0165,5305248.69
1784764800,0.0165,0.0166,0.0158,0.0159,7692210.04
1784851200,0.0158,0.0162,0.0157,0.0158,3901541.81
1784937600,0.0158,0.0164,0.0155,0.0163,6554618.12
1785024000,0.0162,0.0163,0.0159,0.0161,4381668.2
1785110400,0.0161,0.0162,0.0152,0.0153,9966089.83
1785196800,0.0153,0.0153,0.0149,0.0152,8052238.24
1785283200,0.0153,0.0154,0.0146,0.015,12254484.52
1785369600,0.015,0.0151,0.0147,0.015,8898848.06
1785456000,0.0149,0.0151,0.0141,0.0143,8921611.69
1785542400,0.0144,0.0146,0.014,0.0141,9954941.42
1785628800,0.0142,0.0148,0.0141,0.0147,6093503.02
1785715200,0.0148,0.015,0.0143,0.0148,4535527.08
1785801600,0.0148,0.0149,0.0146,0.0146,3635566.49
1785888000,0.0146,0.0151,0.0141,0.0149,7683753.73
1785974400,0.0148,0.0148,0.0143,0.0145,5606680.54
1786060800,0.0145,0.0146,0.0142,0.0145,9496441.59
1786147200,0.0145,0.0147,0.0143,0.0146,3982367.52
1786233600,0.0145,0.0149,0.0144,0.0145,5614080.95
1786320000,0.0146,0.0147,0.014,0.0141,6204290.92
1786406400,0.0141,0.0143,0.0137,0.0139,9835603.25
1786492800,0.0139,0.0141,0.0132,0.0134,13133514.05
1786579200,0.0135,0.0139,0.0132,0.0136,9322745.38
1786665600,0.0136,0.0137,0.0132,0.0136,3790718.83
1786752000,0.0135,0.0138,0.0134,0.0135,7410129.6
1786838400,0.0135,0.0136,0.0131,0.0133,5660362.82
1786924800,0.0133,0.0136,0.0132,0.0135,16601551.08
1787011200,0.0134,0.0135,0.0129,0.013182,12253420.69
1787097600,0.01318,0.01413,0.012976,0.013966,33664573.44
1787184000,0.013969,0.015069,0.013808,0.015036,38610158.15
1787270400,0.015036,0.017409,0.015036,0.017306,66639061.53
1787356800,0.017354,0.018239,0.016079,0.016167,58118577.88
1787443200,0.016222,0.018074,0.015366,0.017668,52162207.85
1787529600,0.017672,0.018199,0.017019,0.017737,37262970.3
1787616000,0.017737,0.019299,0.017306,0.0176,40064456.8
1787702400,0.017568,0.018123,0.01696,0.017955,23508552.37
1787788800,0.017949,0.018294,0.017259,0.017676,20359081.94
1787875200,0.017704,0.018195,0.01618,0.016742,32556739.02
1787961600,0.01675,0.016817,0.016337,0.016558,13163206.24
1788048000,0.016558,0.016848,0.015858,0.0161,15908583.57
1788134400,0.0161,0.016508,0.01608,0.016368,11208975.37
1788220800,0.016367,0.016656,0.016,0.016218,5953684.72
1788307200,0.016234,0.016485,0.015911,0.016186,7805232.97
1788393600,0.016193,0.01752,0.016157,0.017248,13213893.57
1788480000,0.017248,0.01751,0.016481,0.016844,13551172.16
1788566400,0.016845,0.01825,0.016813,0.018206,25647689.64
1788652800,0.018222,0.021244,0.018096,0.01964,75267607.78
1788739200,0.01964,0.01964,0.018873,0.019329,17496553.55
1788825600,0.019336,0.020192,0.018947,0.019373,26670981.3
1788912000,0.019373,0.019967,0.018255,0.018772,23479778.91
1788998400,0.018782,0.018805,0.017666,0.017718,16752078.33
1789084800,0.017719,0.018365,0.017236,0.017559,14664222.73
1789171200,0.01756,0.018582,0.017548,0.018525,12315453.22
1789257600,0.018549,0.01919,0.018086,0.018318,19213380.13
1789344000,0.018315,0.019105,0.01818,0.018376,18338904.11
1789430400,0.018334,0.01845,0.017098,0.017253,21952147.86
1789516800,0.01724,0.018281,0.016945,0.018185,24204018.48
1789603200,0.01814,0.018985,0.017822,0.018939,13786421.73
1789689600,0.018965,0.020678,0.018816,0.020554,32136372.72
1789776000,0.020576,0.020915,0.019944,0.020561,25047062.69
1789862400,0.020584,0.022722,0.020137,0.02222,53300166.95
1789948800,0.022202,0.02341,0.022071,0.022473,16438949.31
