ts,open,high,low,close,volume
1561593600,2.80099,2.80099,2.05,2.3198,308183.77
1561680000,2.3198,3.6,2.2,3.18477,5414054.62
1561766400,3.18398,5.1,2.92001,3.80122,26561760.85
1561852800,3.84892,4.2499,3.20101,3.4195,12033409.56
1561939200,3.3806,3.9888,2.831,3.62996,12314761.84
1562025600,3.62992,3.95,3.07771,3.73703,11342995.07
1562112000,3.73803,3.85,3.44414,3.4906,5765830.58
1562198400,3.49051,3.61,3.222,3.46181,4281577.7
1562284800,3.46181,3.74662,3.41047,3.64999,4530449.5
1562371200,3.63693,3.667,3.4555,3.48569,2546458.72
1562457600,3.4856,3.53,3.25331,3.31098,2866735.36
1562544000,3.307,3.6188,3.27,3.34401,3374903.21
1562630400,3.35927,3.40909,2.95,3.07752,6316539.26
1562716800,3.08771,3.32769,2.83401,3.11687,6452929.72
1562803200,3.11665,3.15269,2.7,2.77789,4483964.32
1562889600,2.77789,3.37,2.58107,3.18405,7278976.86
1562976000,3.18405,3.3,3.05,3.16923,4587568.59
1563062400,3.15377,3.238,2.74058,2.78799,4298552.87
1563148800,2.78078,2.85612,2.59,2.70834,4497543.15
1563235200,2.70059,2.79,2.15,2.18128,5881284.42
1563321600,2.19177,2.605,2.053,2.41131,6487598.83
1563408000,2.41129,2.84,2.34733,2.67353,6801138.26
1563494400,2.67866,2.76,2.516,2.61545,2265888.48
1563580800,2.61704,2.7375,2.5912,2.64817,2295540.32
1563667200,2.64817,2.67431,2.4635,2.53736,1339613.24
1563753600,2.53344,2.58759,2.358,2.4009,1514934.28
1563840000,2.40403,2.53628,2.25,2.35031,2564541.15
1563926400,2.34929,2.51,2.275,2.40575,3094628.92
1564012800,2.40216,2.52259,2.36101,2.36101,1719586.17
1564099200,2.36617,2.42942,2.328,2.40999,823233.1
1564185600,2.40998,2.46412,2.19819,2.2429,2319970.59
1564272000,2.24292,2.27879,2.10849,2.2139,1416797.4
1564358400,2.21722,2.257,2.11011,2.13195,1556059.47
1564444800,2.12987,2.19,2,2.07301,2643612.54
1564531200,2.073,2.2441,2.0701,2.214,1955182.66
1564617600,2.214,2.23555,2.11501,2.16548,1458818.21
1564704000,2.1658,2.489,2.13321,2.42132,3619993.44
1564790400,2.42132,2.76493,2.36,2.42309,5618150.53
1564876800,2.42132,2.6,2.385,2.51992,2654050.59
1564963200,2.52067,2.66,2.4468,2.46271,2624935.1
1565049600,2.45103,2.51,2.301,2.465,3119693.39
1565136000,2.46999,2.49,2.33546,2.38206,1749603.82
1565222400,2.3826,2.39889,2.26,2.27264,2294921.83
1565308800,2.27265,2.295,2.14634,2.1692,2268534.09
1565395200,2.16833,2.45,2.13683,2.32251,2863973.63
1565481600,2.32911,2.479,2.28509,2.40904,2002811.13
1565568000,2.41625,2.46999,2.33627,2.38515,1304614.32
1565654400,2.3875,2.45,2.307,2.41396,1552118.06
1565740800,2.41799,2.5844,2.16,2.28605,4097683.93
1565827200,2.28353,2.44266,2.1666,2.42265,2429423.66
1565913600,2.41914,2.45,2.23001,2.31153,1880517.3
1566000000,2.31105,2.42,2.28401,2.40716,1047725.02
1566086400,2.40705,2.56507,2.374,2.50823,1858237.72
1566172800,2.50488,2.62,2.45,2.49507,2009663.71
1566259200,2.49508,2.55,2.34296,2.36609,1714947.7
1566345600,2.36322,2.37553,2.15,2.21134,2560011.89
1566432000,2.215,2.29884,2.1475,2.217,1380104.14
1566518400,2.21998,2.3495,2.17596,2.244,1731165.48
1566604800,2.244,2.26805,2.15627,2.17621,996653.12
1566691200,2.171,2.19898,2.03133,2.08829,1831541.75
1566777600,2.088,2.175,2.05001,2.075,1540837.73
1566864000,2.075,2.17485,2.01073,2.11229,1548469.35
1566950400,2.11228,2.11228,1.86,1.89759,2522814.91
1567036800,1.89755,1.94,1.72217,1.78068,3175897.98
1567123200,1.77904,1.91799,1.744,1.8,1276751.42
1567209600,1.8,1.85882,1.73473,1.78126,1053179.67
1567296000,1.78435,1.80198,1.72234,1.7799,850471.34
1567382400,1.7785,1.899,1.73555,1.833,1676868.62
1567468800,1.833,1.94495,1.81993,1.85059,1215327.54
1567555200,1.85311,1.86471,1.7463,1.78442,1275088.4
1567641600,1.7878,1.865,1.77298,1.794,967308.25
1567728000,1.79692,1.83,1.68,1.72196,1572206.69
1567814400,1.7225,1.80979,1.71259,1.77821,675228.15
1567900800,1.77796,1.9,1.76561,1.82997,1327272.34
1567987200,1.82987,1.8794,1.76302,1.79356,1144494.82
1568073600,1.79355,1.83388,1.7777,1.80122,643278.63
1568160000,1.79991,1.82533,1.72,1.73188,1131344.06
1568246400,1.73189,1.74544,1.7,1.71134,1143040.21
1568332800,1.71287,1.72365,1.44294,1.58457,5930276.14
1568419200,1.58035,1.64199,1.53529,1.56998,1484524.34
1568505600,1.57,1.64199,1.56242,1.61381,764584.23
1568592000,1.61438,1.638,1.55,1.589,1019209.64
1568678400,1.58415,1.68859,1.56,1.62707,2010690.12
1568764800,1.627,1.94999,1.627,1.80999,3508267.48
1568851200,1.80948,1.99333,1.73852,1.878,5428629.77
1568937600,1.87624,1.88,1.76004,1.82052,1864194.36
1569024000,1.82348,1.88,1.79202,1.88,1278502.59
1569110400,1.88,1.88497,1.78001,1.8194,1129793.51
1569196800,1.8194,1.88999,1.78092,1.80177,1998677.82
1569283200,1.80079,2.07769,1.51,1.7285,8027955.42
1569369600,1.72401,1.9355,1.62501,1.75001,4314651.77
1569456000,1.75225,1.78,1.52502,1.6559,2781848.65
1569542400,1.65587,1.68674,1.56286,1.66567,1670534.08
1569628800,1.66521,1.70333,1.63083,1.67973,861617.96
1569715200,1.67647,1.75387,1.6498,1.70105,1738380.32
1569801600,1.70101,1.77412,1.65,1.77329,1405139.24
1569888000,1.76695,1.88,1.75365,1.83509,2011729.22
1569974400,1.83464,2.03446,1.81002,2.0261,2694061.28
1570060800,2.02608,2.0431,1.89,1.94927,2470014.06
1570147200,1.94927,2.02305,1.89,1.97272,1345017.11
1570233600,1.97413,1.98246,1.91201,1.96325,1280360.78
1570320000,1.96577,2.27899,1.951,2.16693,4210298.61
1570406400,2.16348,2.51,2.101,2.40398,4788047.99
1570492800,2.40541,2.65,2.275,2.59411,4897549.43
1570579200,2.58114,2.97995,2.49252,2.81207,8227208.82
1570665600,2.81387,2.82983,2.4162,2.64758,5813673.71
1570752000,2.64739,2.8,2.54608,2.74999,4670777.61
1570838400,2.74999,2.759,2.55,2.60399,2317104.47
1570924800,2.6025,2.65447,2.4501,2.49153,2284809.71
1571011200,2.49139,2.6788,2.45011,2.53053,2360037.09
1571097600,2.53052,2.60968,2.32444,2.39047,2841844.89
1571184000,2.39162,2.415,2.18456,2.3807,4055917.86
1571270400,2.3765,2.4888,2.2815,2.42135,2735811.52
1571356800,2.42299,2.50038,2.32711,2.35035,1857334.73
1571443200,2.35168,2.39437,2.29471,2.35582,1022697.96
1571529600,2.35582,2.46244,2.28666,2.43997,1680865.45
1571616000,2.43863,2.6787,2.43357,2.63496,3875642.5
1571702400,2.63498,2.817,2.54917,2.6,4245340.3
1571788800,2.59999,2.68,2.4015,2.61394,4215143.81
1571875200,2.61205,2.789,2.60846,2.73172,3642013.29
1571961600,2.72749,2.98,2.61701,2.83729,4363526.42
1572048000,2.8368,3.098,2.66,2.73561,5337158.22
1572134400,2.73847,2.768,2.66,2.67438,1909475.96
1572220800,2.6755,2.89135,2.65183,2.67066,2387862.54
1572307200,2.67315,2.76989,2.637,2.66971,1377583.38
1572393600,2.67157,2.68066,2.52011,2.61249,1621440.01
1572480000,2.6125,2.76296,2.54992,2.72927,1526931.59
1572566400,2.73168,2.79,2.65002,2.71643,1167545.54
1572652800,2.71721,2.75,2.695,2.69877,772004.82
1572739200,2.70199,2.7186,2.63,2.65557,743596.05
1572825600,2.65796,2.72931,2.62711,2.67266,1009753.28
1572912000,2.67019,2.69813,2.63,2.6826,997988.79
1572998400,2.68232,2.82,2.65092,2.74806,1482736.39
1573084800,2.74697,2.75478,2.60994,2.6662,1415947.32
1573171200,2.67179,2.73027,2.62001,2.70817,1410026.78
1573257600,2.70793,2.85,2.70793,2.80355,1755663.31
1573344000,2.8089,2.84,2.73751,2.774,943256.07
1573430400,2.76717,2.77299,2.67109,2.73998,706564.44
1573516800,2.73998,2.87757,2.73209,2.8202,1285265.57
1573603200,2.82033,3.085,2.7854,3.02,2843903.25
1573689600,3.02,3.16,2.97022,3.04341,2943615.65
1573776000,3.03582,3.06848,2.79174,3.04264,2424537.49
1573862400,3.04264,3.04678,2.91674,2.99032,793644.22
1573948800,2.99395,2.99395,2.87,2.92,774662.54
1574035200,2.92,2.97,2.6733,2.77705,2072224.75
1574121600,2.77705,2.80288,2.58001,2.71752,2187351.28
1574208000,2.72399,2.80112,2.61748,2.69,1840485.58
1574294400,2.69,2.7,2.47,2.54154,2160608.42
1574380800,2.54473,2.593,2.12201,2.35334,4735493.19
1574467200,2.34949,2.4689,2.26367,2.4286,2059004.7
1574553600,2.4291,2.46399,2.19501,2.22795,2007593.69
1574640000,2.22096,2.3948,2.03668,2.26151,3931931.71
1574726400,2.26102,2.36374,2.15103,2.2496,2113967.5
1574812800,2.24812,2.30916,2.11,2.23204,2272564.01
1574899200,2.23485,2.32966,2.18001,2.27935,1717827.24
1574985600,2.27623,2.37284,2.265,2.34001,1209743.84
1575072000,2.34,2.34655,2.205,2.24724,1081642.68
1575158400,2.24429,2.24513,2.13731,2.16689,1160459.15
1575244800,2.16531,2.16871,2.055,2.0946,1957206.69
1575331200,2.0936,2.2,2.0659,2.125,1220718.07
1575417600,2.12685,2.164,2,2.03194,2237242.6
1575504000,2.02696,2.074,1.95557,2.00802,2261987.37
1575590400,2.00862,2.10756,1.965,2.09157,1418935
1575676800,2.08984,2.1155,2.0375,2.04772,926271.33
1575763200,2.04739,2.09,2,2.05512,1032394.49
1575849600,2.0553,2.09821,2.01662,2.09252,1017714.69
1575936000,2.09702,2.3,2.0619,2.26216,5125574.53
1576022400,2.2609,2.3,2.15,2.17519,1959410.17
1576108800,2.17707,2.196,2.02702,2.10732,2155555.07
1576195200,2.10622,2.12,2.06001,2.06603,1023430
1576281600,2.06603,2.08938,1.97,1.99799,1014076.83
1576368000,1.99874,2.11299,1.9607,2.07205,1027863.72
1576454400,2.07086,2.08006,1.96001,1.96866,1295883.23
1576540800,1.96556,2.00287,1.71375,1.76467,3924613.84
1576627200,1.76073,1.89882,1.63363,1.86045,3287459.31
1576713600,1.86387,1.88618,1.75555,1.79888,1576258.78
1576800000,1.79905,1.93538,1.77703,1.92076,1466904.25
1576886400,1.92076,1.92915,1.85642,1.85939,820464.36
1576972800,1.8593,1.94565,1.848,1.92502,651883.9
1577059200,1.92418,1.95468,1.84013,1.8652,970203.73
1577145600,1.86493,1.88408,1.81352,1.844,562471.17
1577232000,1.844,1.84496,1.76001,1.78253,646671.63
1577318400,1.78447,1.95795,1.77,1.8552,1031806.78
1577404800,1.85443,1.92314,1.83102,1.87481,861929.96
1577491200,1.878,1.8948,1.85011,1.87174,414889.66
1577577600,1.8713,1.92397,1.84319,1.90228,545536.07
1577664000,1.89863,1.90062,1.80409,1.81934,475970.77
1577750400,1.81812,1.82298,1.75003,1.76314,1065250.52
1577836800,1.75983,1.85,1.75501,1.80218,507769.17
1577923200,1.80467,1.80871,1.70167,1.73534,681650.37
1578009600,1.73534,1.82655,1.7,1.80037,790070.94
1578096000,1.8004,1.84,1.78457,1.82487,381799.1
1578182400,1.82548,1.84,1.7838,1.79772,385276.49
1578268800,1.79751,1.94719,1.79479,1.94178,1121974.95
1578355200,1.94179,2.14,1.90108,2.10878,2770259.29
1578441600,2.10375,2.35,2.10375,2.19301,4253295.25
1578528000,2.19328,2.23964,2.10223,2.19646,1416106.79
1578614400,2.19365,2.25,2.145,2.23112,1814703.4
1578700800,2.23102,2.349,2.22029,2.28045,1879728.53
1578787200,2.27877,2.315,2.21219,2.2406,903959.84
1578873600,2.24048,2.24048,2.15372,2.1901,939315.21
1578960000,2.1901,2.47999,2.18201,2.38084,3410538.63
1579046400,2.38142,2.55552,2.34,2.39768,3133023.87
1579132800,2.395,2.5,2.2811,2.48965,2169008.35
1579219200,2.48647,2.85455,2.45493,2.68933,5025878.83
1579305600,2.69355,2.78682,2.57001,2.77,1916584.7
1579392000,2.76744,2.85,2.52677,2.62309,2735185.15
1579478400,2.62492,2.74359,2.54138,2.68697,1297702.33
1579564800,2.68697,2.74451,2.57054,2.6708,1207188.77
1579651200,2.6708,2.68465,2.61002,2.63518,687810.73
1579737600,2.63518,2.64772,2.39215,2.46501,2160191.76
1579824000,2.46501,2.536,2.35584,2.49857,1459334.43
1579910400,2.49795,2.50894,2.41601,2.445,595995.2
1579996800,2.43823,2.577,2.41964,2.56999,767972.05
1580083200,2.56999,2.67995,2.56003,2.6014,1228851.05
1580169600,2.60475,2.6702,2.57001,2.65938,1008814.54
1580256000,2.65516,2.83273,2.62606,2.77341,2158657.51
1580342400,2.77576,2.94,2.70421,2.91338,2176574.79
1580428800,2.91351,2.91356,2.74955,2.81392,1083592.22
1580515200,2.81525,2.8855,2.74413,2.83766,1000686.52
1580601600,2.83712,2.88499,2.73088,2.82237,905688.67
1580688000,2.82201,2.87999,2.74,2.76724,880844.89
1580774400,2.77018,2.80698,2.67404,2.73476,910892.46
1580860800,2.73476,2.8856,2.71641,2.83455,1339315.18
1580947200,2.83469,2.94,2.8,2.89072,1391201.3
1581033600,2.89115,3.37,2.88252,3.3065,5462046.14
1581120000,3.30793,3.48959,3.12211,3.42449,3036388.05
1581206400,3.42806,3.51996,3.2253,3.51996,2747768.96
1581292800,3.51139,3.51996,3.28001,3.38104,2369219.41
1581379200,3.38104,4.03958,3.35,4.03957,5071501.22
1581465600,4.03957,4.22818,3.84479,4.00561,6487153.93
1581552000,4.0056,4.11905,3.70839,3.87592,3236296.5
1581638400,3.86855,4.5151,3.7815,4.44314,4393902.8
1581724800,4.44094,4.64,4.05502,4.32006,6605908.45
1581811200,4.305,4.86244,4.03,4.47283,7447994.97
1581897600,4.465,4.55,3.85,4.30344,5955958.97
1581984000,4.30586,4.63498,4.14542,4.5576,3718551.98
1582070400,4.56377,4.88,4.152,4.39613,5492148.58
1582156800,4.39591,4.48907,4.0699,4.27225,3771739.87
1582243200,4.26778,4.54064,4.1985,4.28217,2541440.57
1582329600,4.27545,4.35769,4.04273,4.11866,1766639.81
1582416000,4.11029,4.39,4.08002,4.25489,1592608.41
1582502400,4.25,4.299,3.76544,3.91998,3658582.98
1582588800,3.91993,3.95736,3.48087,3.48937,4176578.1
1582675200,3.48905,3.85,3.26,3.56334,6588429.11
1582761600,3.56334,4.13871,3.42018,3.95128,5206212.84
1582848000,3.96549,4.24,3.77,4.18,4306118.39
1582934400,4.18,4.36,4.05016,4.05864,3242972.36
1583020800,4.0675,4.24888,3.75214,3.86335,4049679.02
1583107200,3.86335,4.3498,3.80281,4.2349,3575814.09
1583193600,4.23231,4.69,4.13274,4.59851,4194298.91
1583280000,4.59835,4.97716,4.551,4.64436,6231395.02
1583366400,4.64439,4.89999,4.61791,4.72299,3511724.15
1583452800,4.70405,4.76434,4.5424,4.70278,2131621.18
1583539200,4.70102,4.70914,4.3333,4.3622,2162076.92
1583625600,4.358,4.45778,3.85,4.04972,5562904.34
1583712000,4.04973,4.38081,3.615,4.14276,7717121.07
1583798400,4.14276,4.24498,3.91,4.07643,3962113.09
1583884800,4.07642,4.11249,3.55,3.82519,4459905.8
1583971200,3.8255,3.85809,1.86,2.13985,23787442.87
1584057600,2.1201,2.8888,1.515,2.46196,24820702.08
1584144000,2.45391,2.5203,2.07,2.14352,6516263.86
1584230400,2.13547,2.47,2.02,2.08094,8844392.69
1584316800,2.07562,2.08379,1.56,1.79,16930573.92
1584403200,1.79,2.1,1.745,1.85287,10885589.01
1584489600,1.88066,1.96392,1.76,1.95934,8194009.18
1584576000,1.95385,2.37899,1.8874,2.2486,13797129.99
1584662400,2.25527,2.66237,2.01,2.26316,12731023.34
1584748800,2.26307,2.37554,2.10457,2.27988,4423969.32
1584835200,2.27972,2.33468,1.94363,2,6972046.03
1584921600,2,2.36,1.94205,2.25837,7833179.41
1585008000,2.25914,2.372,2.201,2.318,6248508.19
1585094400,2.31601,2.3515,2.1775,2.26353,3849470.62
1585180800,2.26995,2.32637,2.21,2.32637,3182222.56
1585267200,2.32637,2.37736,2.1,2.14539,4940026.27
1585353600,2.13916,2.16064,2.025,2.14272,4640076.84
1585440000,2.14658,2.16797,2.00895,2.00896,2847741.36
1585526400,2.00895,2.21366,2.001,2.14101,3375286.13
1585612800,2.14101,2.3,2.115,2.26565,2947278.39
1585699200,2.2675,2.298,2.125,2.27833,3520021.76
1585785600,2.279,2.44999,2.2448,2.298,3679861.09
1585872000,2.30122,2.391,2.25188,2.30047,1812131.75
1585958400,2.30046,2.37312,2.258,2.31964,1375532.92
1586044800,2.31999,2.33,2.24852,2.26721,813045.76
1586131200,2.27083,2.57856,2.26345,2.5654,4747213.33
1586217600,2.56012,2.918,2.56012,2.72925,9895318.11
1586304000,2.72925,3.29588,2.71393,3.17001,7812094.86
1586390400,3.17019,3.475,3.11668,3.3101,8990984.12
1586476800,3.31014,3.335,2.95,3.22601,10898065.65
1586563200,3.22803,3.44552,3.0707,3.30268,7485065.73
1586649600,3.30267,3.66326,3.177,3.42432,8940782.62
1586736000,3.42403,3.47358,3.20111,3.3831,7584525.01
1586822400,3.38483,3.45998,3.2,3.25,6433548.4
1586908800,3.24999,3.31749,3.0883,3.12482,4760223.1
1586995200,3.12482,3.57477,2.975,3.486,7935233.19
1587081600,3.486,3.53092,3.37336,3.45138,3060907.29
1587168000,3.45887,3.84,3.45002,3.78648,4557238.72
1587254400,3.78648,3.81981,3.50647,3.6,4449878.28
1587340800,3.595,3.79769,3.37,3.44376,6392103.74
1587427200,3.43931,3.57811,3.39,3.46809,3149753.48
1587513600,3.46882,3.70185,3.44002,3.68,3027309.84
1587600000,3.68,3.92,3.60192,3.75699,4331775.39
1587686400,3.75289,3.895,3.744,3.78101,2937084.08
1587772800,3.78361,3.908,3.73362,3.79071,2575195
1587859200,3.79365,3.82,3.66861,3.72254,3633592.76
1587945600,3.72415,3.75,3.46627,3.64499,4326771.1
1588032000,3.6412,3.74493,3.55741,3.65032,2385979.91
1588118400,3.65042,4,3.63285,3.88211,5500750.24
1588204800,3.8922,3.9749,3.645,3.712,4781583.25
1588291200,3.712,3.92343,3.70748,3.75887,2594957.58
1588377600,3.75886,3.86613,3.73,3.82338,1500610.25
1588464000,3.82417,3.87,3.6501,3.71734,2033305.76
1588550400,3.71814,3.83729,3.51,3.77,3421734.9
1588636800,3.7725,3.815,3.65164,3.68989,1513067.27
1588723200,3.68303,3.77,3.56,3.58798,2173860.47
1588809600,3.58798,3.8575,3.56711,3.76444,3846376.91
1588896000,3.76006,3.86498,3.69,3.80523,3014439.82
1588982400,3.80455,4.20757,3.767,4.00952,6842266.93
1589068800,4.00951,4.01679,3.53006,3.76891,6467101.18
1589155200,3.77532,3.835,3.30141,3.57994,4784605.3
1589241600,3.58182,3.79588,3.54652,3.69802,2275586.97
1589328000,3.69815,3.82669,3.6401,3.76902,1605694.56
1589414400,3.77342,3.86808,3.69979,3.80605,1986516.84
1589500800,3.80604,3.83628,3.60078,3.65902,2173388.65
1589587200,3.65564,3.79064,3.6147,3.76088,1641941.73
1589673600,3.75813,3.85,3.75107,3.785,1352718.44
1589760000,3.785,3.94843,3.77793,3.8876,2102077.39
1589846400,3.88872,3.95,3.77001,3.94978,1208011.89
1589932800,3.94982,4.13977,3.85282,4.08809,4562947.27
1590019200,4.08797,4.17305,3.72131,3.82925,4633678.84
1590105600,3.82915,4.14585,3.79,4.06109,3262174.89
1590192000,4.06112,4.10789,3.91279,3.9285,2139681.83
1590278400,3.92728,4.02897,3.79,3.79193,2158156.78
1590364800,3.79,3.90624,3.77029,3.85883,1483510.11
1590451200,3.85899,3.88333,3.76367,3.84636,1345108.32
1590537600,3.84636,3.92,3.81,3.85712,1170362.83
1590624000,3.8587,4.07,3.82696,4.04895,1630925.66
1590710400,4.04899,4.12041,3.947,3.97804,1529067.39
1590796800,3.98165,4.18,3.93796,4.1759,1801464.81
1590883200,4.17896,4.28695,4.04,4.1317,2167536.3
1590969600,4.12997,4.47725,4.11368,4.37999,3601367.59
1591056000,4.3783,4.62,4.09,4.40603,3806628.72
1591142400,4.40557,4.52898,4.3,4.48182,1799402.11
1591228800,4.48235,4.50765,4.285,4.43229,1381790.62
1591315200,4.4325,4.4824,4.335,4.35563,1025737.87
1591401600,4.35769,4.39651,4.28,4.35253,804235.03
1591488000,4.35642,4.40793,4.21157,4.35299,1083201.37
1591574400,4.34741,4.48397,4.33,4.48397,1026843.34
1591660800,4.48,4.505,4.34,4.44294,1511263.41
1591747200,4.43982,4.44652,4.34302,4.426,1263942.51
1591833600,4.42599,4.45616,3.9,3.9544,4342731.18
1591920000,3.95659,4.18893,3.86,4.07999,2602193.25
1592006400,4.08,4.12967,4.00176,4.10722,843919.13
1592092800,4.10723,4.11596,3.911,3.93138,1365473.26
1592179200,3.92922,3.99,3.64785,3.94787,4098630.23
1592265600,3.93501,4.10977,3.89602,4.04969,1424459.02
1592352000,4.05054,4.195,3.95427,4.16341,1943158.1
1592438400,4.16359,4.24244,4.09063,4.14063,1972699.14
1592524800,4.135,4.17616,4.04556,4.09639,1236106.41
1592611200,4.0942,4.2,4.06,4.17346,1921097.73
1592697600,4.16832,4.1998,4.13564,4.17802,662818.73
1592784000,4.17804,4.4884,4.17504,4.48199,2727502.15
1592870400,4.48589,4.95973,4.42359,4.80272,6345310
1592956800,4.80244,4.94,4.4879,4.70667,4025540.88
1593043200,4.70665,4.84684,4.49,4.81042,3114374.79
1593129600,4.80042,4.86,4.63,4.67598,1991087.67
1593216000,4.67599,4.69089,4.29505,4.40293,2636712.57
1593302400,4.40025,4.62095,4.3222,4.56001,1739376.58
1593388800,4.56672,4.65218,4.42067,4.61849,1412901.26
1593475200,4.61843,4.66372,4.54,4.56637,863830.15
1593561600,4.56543,4.73001,4.52123,4.71,1408385.36
1593648000,4.71,4.92,4.60328,4.7972,2983045.87
1593734400,4.79936,4.89,4.70533,4.72449,2078648.81
1593820800,4.72449,4.85211,4.71916,4.82,778240.88
1593907200,4.81531,4.829,4.62003,4.75004,1058829.32
1593993600,4.74992,5.55516,4.73511,5.36366,4865632.49
1594080000,5.36365,5.9,5.328,5.72489,6781701.15
1594166400,5.72487,6.58,5.60555,6.5049,9542932.08
1594252800,6.50529,6.50885,5.7052,6.08267,6367199.95
1594339200,6.08871,6.20953,5.71183,6.14606,3951151.01
1594425600,6.14669,6.27258,5.93275,6.09801,2088924.98
1594512000,6.1052,7.39996,6.09642,7.36619,8539266.19
1594598400,7.36513,8.53999,6.85,7.16009,17062494.77
1594684800,7.16444,8.47,7,8.1415,10371178.14
1594771200,8.12518,8.89999,7.84215,8.63676,9687702.43
1594857600,8.63892,8.87,7.95,8.34006,8366047.76
1594944000,8.35482,8.64999,8.199,8.26016,3733373.18
1595030400,8.25332,8.25879,7.6213,7.97107,5493054.13
1595116800,7.97688,8.21,7.77994,8.08745,2647868.27
1595203200,8.088,8.13762,7.13936,7.23875,5151228.56
1595289600,7.2333,7.68232,6.99,7.32641,5316660.24
1595376000,7.32067,7.65,7.09542,7.48527,3554539.72
1595462400,7.48522,8.1,7.41077,7.91333,4361439.83
1595548800,7.90509,7.94,7.39002,7.44453,2181059.93
1595635200,7.43677,7.809,7.39,7.67662,1645537.15
1595721600,7.68472,7.95,7.31,7.50763,3156456.29
1595808000,7.51071,7.51494,6.52,7.118,8937390.33
1595894400,7.11329,7.41777,6.92025,7.25,3513125.95
1595980800,7.24667,7.5,7,7.10001,3087203.97
1596067200,7.10001,7.6342,7.03495,7.42475,2931614.96
1596153600,7.4174,7.88999,7.4174,7.81,3357148.18
1596240000,7.80791,8.47,7.651,8.32167,3985012.89
1596326400,8.32842,8.78005,6.934,8.28562,7435773.67
1596412800,8.28564,9.28997,8.12186,9.27544,4993857.98
1596499200,9.27541,9.97638,9.1,9.8588,6496847.78
1596585600,9.87739,9.87739,9.32109,9.53253,3849253.97
1596672000,9.53839,10.3,9.45002,10.24,3668631.79
1596758400,10.25,10.29999,9.162,10.14997,4897766.74
1596844800,10.148,13.6575,9.939,12.72968,9978492.54
1596931200,12.72968,14.48934,12.01,13.83327,8983295.75
1597017600,13.83327,14.09577,12.60004,13.49,6756205.89
1597104000,13.488,13.54201,12.12409,12.96823,5649582.72
1597190400,12.96823,16.88353,12.58006,16.49102,9699620.22
1597276800,16.49102,18.35,16,17.20913,13666895.72
1597363200,17.19654,17.6246,16.35,16.97992,6435515.79
1597449600,16.98071,19.79,16.5,19.22214,7940181.42
1597536000,19.22206,20,18.51001,18.82425,5027165.38
1597622400,18.81136,19.71,14.64,16.85393,6417319.15
1597708800,16.86524,17.72834,14.64001,16.20617,10445458.07
1597795200,16.20613,17.25,14.88137,16.18832,5857659.36
1597881600,16.19554,16.77736,15.75,16.05069,3943678.78
1597968000,16.05091,16.14255,12.84,13.82669,13917516.19
1598054400,13.84138,16.36,13.64761,15.79706,6972955.49
1598140800,15.79173,16,14.65216,15.14877,3749944.15
1598227200,15.15595,15.87998,14.714,15.13262,2605662.62
1598313600,15.13952,15.37767,13.5,14.13544,4474215.31
1598400000,14.11688,15.68695,14.06356,15.20469,4109818.73
1598486400,15.22809,15.52666,14,14.52804,3094849.93
1598572800,14.52574,15.5,14.21656,15.11729,2277244.5
1598659200,15.11716,17.04999,14.96,16.37,4247937.15
1598745600,16.36365,17.74,16.31023,16.47496,3613567.59
1598832000,16.47177,16.98,15.5,15.58995,2460350.94
1598918400,15.59016,16.5,15.13,16.09042,2915543.11
1599004800,16.09042,16.35,14.07496,14.7792,3233469.52
1599091200,14.80982,15,11.03,12.07681,6401677.67
1599177600,12.01169,12.96502,11.04705,12.44729,5733025
1599264000,12.44729,12.75,9.2232,10.61184,9543721.99
1599350400,10.60719,13.4,9.7555,12.81,7198316.3
1599436800,12.81677,13.16,11.1276,12.49471,5726364.88
1599523200,12.49907,12.78648,11.07601,11.73339,3848511.33
1599609600,11.74417,12.66428,11.43004,12.3383,2668385.72
1599696000,12.33233,13.28944,12.1555,12.50359,3820370.52
1599782400,12.50864,12.69268,12.01076,12.44007,2251292.58
1599868800,12.44,12.75,12.091,12.72281,1405237.1
1599955200,12.73324,13.25,11.75312,12.07006,2334678.29
1600041600,12.07466,12.38909,11.63001,12.13,2070743.7
1600128000,12.13,12.24096,10.70491,10.94929,3012040.36
1600214400,10.93561,11.29966,10.4708,10.73319,3542946.91
1600300800,10.7324,11.7,10.50172,11.00975,3498616.67
1600387200,11.00626,11.13996,9.76618,10.08965,4482401.49
1600473600,10.08977,10.49995,9.84201,10.12334,2385596.76
1600560000,10.12137,10.63525,9.5,9.73776,3078130.66
1600646400,9.74212,9.91944,8.53828,8.70935,7006664.83
1600732800,8.71643,9.08292,8.55,8.74959,2633192.18
1600819200,8.74941,8.8,7.312,7.64053,6342739.05
1600905600,7.641,10.43,7.47795,9.87988,8493218.65
1600992000,9.87727,11.23,9.36505,10.73843,6324215.75
1601078400,10.74014,11.09,9.97,10.31709,3301766.65
1601164800,10.31961,10.99986,9.90197,10.79004,2708953.51
1601251200,10.81,11.08,10.15117,10.27198,2536196.8
1601337600,10.27697,10.37737,9.40473,10.14212,3178628.13
1601424000,10.14212,10.22449,9.57,9.89,1725934.6
1601510400,9.88585,10.42167,9.3,9.63898,2829540.98
1601596800,9.63282,9.83966,8.81,9.219,3532277.25
1601683200,9.22,9.55249,9.10929,9.27283,1074232.22
1601769600,9.27192,9.46,9.11777,9.3942,1043749.66
1601856000,9.39301,9.73008,9.27298,9.62573,1601129.09
1601942400,9.61564,9.66,8.56,8.77317,2517659.28
1602028800,8.77338,9.04167,8.35,8.97632,2393087.11
1602115200,8.97894,9.69,8.43282,9.56629,2651928.16
1602201600,9.55538,10.52537,9.37133,10.40312,3187196.56
1602288000,10.4,10.94496,10.32115,10.52,2481578.7
1602374400,10.52,11.06977,10.05784,10.85521,2315045.84
1602460800,10.85001,11.81997,10.69158,11.4357,3541296.25
1602547200,11.43107,11.59168,10.57,11.01606,2242289.79
1602633600,11.01997,11.35,10.61877,10.90942,2078685.37
1602720000,10.90052,10.9305,10.47557,10.75079,1518158.97
1602806400,10.74149,10.9,10.26392,10.59021,1419947.95
1602892800,10.5941,10.72998,10.425,10.6378,721148.58
1602979200,10.63865,10.98943,10.60063,10.94729,1003970.25
1603065600,10.97,11.23499,10.6613,10.91092,1261918.49
1603152000,10.91092,10.93378,9.78552,9.87542,1966986.16
1603238400,9.86919,11.15016,9.80524,10.81,3032767.88
1603324800,10.81,12.45,10.72186,11.98018,3696039.9
1603411200,11.96693,12.2697,11.573,12.17661,2666294.01
1603497600,12.17471,12.97,12,12.72339,2110507.46
1603584000,12.714,12.87066,11.9,12.16347,1937292.81
1603670400,12.1611,12.47037,11.2752,11.74203,2790375.32
1603756800,11.72246,12.488,11.51,11.9549,2417828.38
1603843200,11.96069,12.24,11.10759,11.46,2359831.57
1603929600,11.46,11.81,11.00602,11.27365,2207917.97
1604016000,11.2654,11.48686,10.75,11.09075,2234363.09
1604102400,11.09075,11.39679,10.90742,11.24327,1113052.79
1604188800,11.22231,11.59998,11.03864,11.57397,848599.07
1604275200,11.5889,11.69159,10.71576,10.77409,2120317.03
1604361600,10.77409,10.77475,10.05,10.3925,2906587.75
1604448000,10.39407,10.68166,9.76,10.49168,2834677.98
1604534400,10.50013,11.29421,10.08339,11.00472,3211828.29
1604620800,11.00924,12.3,10.94985,12.19186,3275987.59
1604707200,12.19186,13.61894,11.4952,11.79974,8552392.39
1604793600,11.78373,13.1,11.5,12.71617,3495240.27
1604880000,12.70008,13.04778,12.02,12.52851,3133235.97
1604966400,12.53625,13.29531,12.327,13.02569,3477206.57
1605052800,13.01909,13.44159,12.74123,12.77217,2717958.55
1605139200,12.77099,13.1,12.23871,12.42429,2297574.04
1605225600,12.42045,13.03692,12.32582,12.8908,2198342.34
1605312000,12.88534,12.94654,12.34428,12.55617,1331728.64
1605398400,12.56938,12.65508,11.83003,12.13003,1552123.84
1605484800,12.13099,12.81477,12.00111,12.62724,1924666.94
1605571200,12.62063,13.41667,12.53613,13.4,3112749.32
1605657600,13.4,14.27396,12.632,13.58127,6501348.04
1605744000,13.58264,14,13.0326,13.63211,2751397.28
1605830400,13.62222,14.48302,13.45638,14.1144,2950617.1
1605916800,14.10059,15.5,13.71294,15.46892,4578555.36
1606003200,15.46405,15.72,13.85,14.52029,4101337.92
1606089600,14.52449,15.44998,14.25,15.28505,3538741.95
1606176000,15.28175,16.42016,15.00001,15.66945,6506373.4
1606262400,15.65962,15.86708,13.80518,14.22,3651952.73
1606348800,14.22001,14.47607,11.2898,12.62545,9404874.69
1606435200,12.6147,12.95,12.027,12.49519,3820650.8
1606521600,12.49626,13.432,12.36006,13.10024,3208204.11
1606608000,13.10081,13.47214,12.85917,13.39454,1688442.36
1606694400,13.4,14.41996,13.4,14.26859,3513240.51
1606780800,14.25473,14.91,13.01538,13.35351,3762759.98
1606867200,13.36366,14.1574,13.07002,13.98656,1756547.96
1606953600,13.97996,14.23821,13.66478,13.9959,1412376.54
1607040000,13.97889,14.0429,12.50003,12.66923,2273044.53
1607126400,12.67078,13.35029,12.53,13.18144,1380646.48
1607212800,13.19043,13.53777,12.78,13.52444,1161799.79
1607299200,13.52495,13.56809,12.87134,13.06895,858750.96
1607385600,13.07737,13.19,11.96555,12.12374,1940840.2
1607472000,12.12374,12.82476,11.57,12.62725,2914258.43
1607558400,12.62578,12.67811,11.80811,11.89491,1566433.57
1607644800,11.9158,11.9867,11.42,11.65071,2053484.98
1607731200,11.6376,12.35911,11.60701,12.2312,1589547.35
1607817600,12.24069,13.2967,12.03639,12.93759,1456136.29
1607904000,12.9342,12.9796,12.32379,12.85276,1103564.25
1607990400,12.85564,13,12.46696,12.67646,1021225
1608076800,12.67074,13.51575,12.3152,13.51078,2348925.62
1608163200,13.49678,14.56556,13.06241,13.46155,3511618.53
1608249600,13.45938,14.01525,13.19493,13.52018,1795023.09
1608336000,13.52617,13.9922,13.31236,13.4925,1897474.65
1608422400,13.48888,13.84497,12.68379,13.07,2145146.28
1608508800,13.07,13.27633,12.09,12.30765,2538976.08
1608595200,12.30261,12.85152,11.81694,12.80274,2080720
1608681600,12.78594,12.87706,8.72,10.98005,5957837.46
1608768000,10.97371,11.68996,9.86137,11.56926,6236950.15
1608854400,11.56911,11.909,11.05837,11.56168,2820421.9
1608940800,11.56116,11.80503,10.62777,10.96718,3236861.55
1609027200,10.96845,13.22,10.39363,12.14707,8187094.42
1609113600,12.14276,12.92722,11.96,12.5983,3783623.08
1609200000,12.59339,13.00907,10.8,11.77536,4747271.51
1609286400,11.77136,11.97841,11.06418,11.255,3162436.94
1609372800,11.25501,11.76268,10.9462,11.25489,2653818.57
1609459200,11.24796,12.47666,11.08824,11.88126,3238494.13
1609545600,11.88126,12.45457,11.46666,12.23513,3960880.09
1609632000,12.23427,14.03648,11.83,13.70702,6836216.01
1609718400,13.72075,15.71713,12.3511,13.60876,10599370.14
1609804800,13.60098,14.94477,13.11426,14.56596,7178985.48
1609891200,14.56674,17.35557,14.15591,17.27249,10648089.91
1609977600,17.28044,17.45,15.1,15.99469,7765830.68
1610064000,15.99,16.20612,14.05867,15.24595,6764785.41
1610150400,15.26852,17.95897,15.0301,17.62978,5363151.37
1610236800,17.62977,18.5,15.36001,16.21958,6977888.64
1610323200,16.21124,16.25594,12.5,14.66602,12131490.59
1610409600,14.66216,15.4875,13.63107,13.95404,6747611.01
1610496000,13.95625,16.23696,13.267,15.94516,5519061.76
1610582400,15.96946,17.97272,15.33229,17.97239,5658122.06
1610668800,17.9642,21.4,17.51331,20.76328,17067351.08
1610755200,20.75,22.95833,19.58,20.12,11087036.27
1610841600,20.12977,23.73,19.4,23.26742,8620961.63
1610928000,23.27016,23.69079,21.11,22.03632,5091623.3
1611014400,22.02204,22.96573,20.32555,20.5531,5114683.91
1611100800,20.55213,21.98,19.06001,21.8575,5372167.17
1611187200,21.85267,22.03823,18.02953,18.41354,6167701.64
1611273600,18.39637,22.47757,17.10429,21.56518,7633736.88
1611360000,21.573,25.511,21.12108,24.83174,7366576.11
1611446400,24.83174,24.94998,23.15,24.83438,4264800.01
1611532800,24.83438,25.83917,22.572,23.3881,4689609.65
1611619200,23.36844,23.99999,21.64546,23.13576,3816380.2
1611705600,23.13047,23.25039,20.26,20.9969,3890903.37
1611792000,21.00021,24.49422,20.52438,23.07837,4913477.52
1611878400,23.08342,24.30653,22.07007,22.77436,4402177.42
1611964800,22.75701,23.98,22.2144,23.68064,2576628.24
1612051200,23.68956,24.7,22.05,22.57316,3129757.99
1612137600,22.56886,23.23,21.65412,22.89959,2733898.93
1612224000,22.8787,24.18247,22.75858,23.67457,2576775.33
1612310400,23.67499,25.58,23.56009,25.1273,3234024.23
1612396800,25.13208,26.19544,22.82,24.52854,4301624.23
1612483200,24.51668,27,24.44865,26.3425,5079593.09
1612569600,26.34659,26.82198,24.24381,25.08035,3626759.7
1612656000,25.07714,25.31274,22.90174,24.75,2691248.99
1612742400,24.75772,26,24.00015,25.46183,2724664.23
1612828800,25.46771,28.02985,25.01518,27.65837,4005402.22
1612915200,27.6638,28.64831,25.25,26.84211,4448569.73
1613001600,26.82352,28.58426,26.22094,27.87634,3542769.18
1613088000,27.87307,31.5,26.71428,30.72099,5336151.75
1613174400,30.71218,34.77,29.09468,34.25468,5133520.11
1613260800,34.26149,35.74999,32.3578,33.19261,5020581.86
1613347200,33.23007,34.92,27.5,32.58241,6205389.98
1613433600,32.59247,33.39455,30.80736,31.95171,3773291
1613520000,31.95171,32.7,30,32.25796,3180426.64
1613606400,32.24329,33.60503,31.78176,32.48306,1964708.91
1613692800,32.50845,35.53932,31.4,34.71995,3229919.69
1613779200,34.71989,36.92151,32.3745,33.97,4034859.17
1613865600,33.96048,35.3,33.26628,34.14866,1764904.42
1613952000,34.1493,34.23446,24.5327,31.48001,6267224.88
1614038400,31.47826,31.68429,21,25.9483,11634839.34
1614124800,25.96675,29.34892,24.53022,28.13126,5931870.69
1614211200,28.13417,28.72799,24.39866,24.73152,3433528.53
1614297600,24.73475,27.03105,23.69,25.16756,5250428.75
1614384000,25.18298,27.43814,24.82448,26.23968,2591575.54
1614470400,26.22369,26.77338,22.898,24.74591,3754730.9
1614556800,24.74,27.74946,24.63885,27.72423,3133871.54
1614643200,27.73189,30.5,27.19983,28.52571,4132034.92
1614729600,28.55184,31.44,28.19001,29.83953,3242496.31
1614816000,29.85804,30.57584,27.02313,27.67814,3314909.08
1614902400,27.67814,28.2695,25.66004,27.82024,3190260.11
1614988800,27.83832,28.42081,26.3,28.16613,1582297.33
1615075200,28.18245,29.15823,27.36253,28.57048,2315089.8
1615161600,28.59901,31.84466,28.29149,31.84065,2906569.69
1615248000,31.84441,32,30.38265,31.51188,1863918.35
1615334400,31.525,31.78722,29.2682,29.89613,2304237.88
1615420800,29.89737,30.48191,28.55027,30.14796,1711089.69
1615507200,30.13352,30.4,27.682,28.36933,1805196.45
1615593600,28.36666,30.58878,26.9816,29.7371,2380537.42
1615680000,29.7466,30.17572,28.5,28.55299,1246350.08
1615766400,28.5411,29.40901,26.81888,27.53713,2016792.61
1615852800,27.52781,28.18029,26.40001,27.93066,1589065.89
1615939200,27.9373,31.26656,27.3224,31.079,2949183.65
1616025600,31.08244,31.37921,29.00818,29.41017,2120311.67
1616112000,29.41646,30.54735,28.694,29.78029,1432330.95
1616198400,29.76579,31.43,29.513,29.64676,1255660.07
1616284800,29.63834,30.10333,28.59974,29.24407,918187.08
1616371200,29.26314,29.45703,27.23179,27.24369,1527520.91
1616457600,27.26259,27.93645,26.63624,26.79315,1923080.58
1616544000,26.79486,27.87658,23.75,24.85461,2355616.71
1616630400,24.83814,26.64083,24.3806,25.54023,2530802.63
1616716800,25.53322,27.44779,25.34251,27.41009,1616532.27
1616803200,27.42684,27.5,26.00348,26.89726,1191804.48
1616889600,26.88933,27.65,26.1,26.65876,1321001.86
1616976000,26.66085,28.6341,26.37807,28.02551,1785947.55
1617062400,28.0214,28.59995,27.45935,27.83886,1468409.42
1617148800,27.83886,29.4,26.26344,29.4,1810429.41
1617235200,29.4,31.09329,29.32741,30.07276,2070690.2
1617321600,30.06941,32.55896,29.51924,32.47172,1680568.08
1617408000,32.48693,33.15,29.2,29.30365,1613923.23
1617494400,29.29086,31.45001,28.72,30.745,1260610.39
1617580800,30.745,32.63,29.65,32.37938,1885623.51
1617667200,32.41546,34.91,31.3029,34.72219,3708975.86
1617753600,34.72218,35.09,30.23,31.13277,2920024.09
1617840000,31.12847,32.88,30.95042,32.80864,1263093.24
1617926400,32.79077,33.29266,31.22369,31.57179,1115021.99
1618012800,31.57179,32.97589,31,31.89001,1386380.69
1618099200,31.89479,34.39,31.73514,33.85987,1697551.12
1618185600,33.87744,34.11,31.871,33.08113,1233075.76
1618272000,33.10017,35.87523,32.40001,35.53966,2152914.09
1618358400,35.54,41.99,35.0106,41.35009,5009988.1
1618444800,41.35009,44.37687,39.64779,42.6269,3767202.59
1618531200,42.6537,43.27999,38.64,42.02078,3752766.79
1618617600,42.02077,44.14909,39.89006,39.93785,2708118.94
1618704000,39.93197,40.399,32.65037,39.19569,6173726.82
1618790400,39.17725,42.06702,31.73094,35.80695,4872822.04
1618876800,35.80988,39.46746,33.3,39.02144,3920654.14
1618963200,39.05,39.49748,35.96,36.25885,2323572.08
1619049600,36.27144,40.8338,33.59917,35.15,4594254.95
1619136000,35.13292,35.9489,30.11,35.25,4883670.03
1619222400,35.25,35.35916,31.1,31.28093,1880298.63
1619308800,31.3,33.45551,29.85,31.72301,2132829.65
1619395200,31.71306,35.33,31.41127,35.15311,2135248.86
1619481600,35.1531,37.76114,34.51471,36.84205,2093813.95
1619568000,36.8388,37.93796,34.98689,36.26785,2076285.62
1619654400,36.28237,37.5,35.03682,36.4578,1989017.13
1619740800,36.46215,38.79291,35.85,38.15982,2103438.64
1619827200,38.16588,41.28921,37.50094,41.28199,2343790.02
1619913600,41.28199,41.45,38.715,39.50338,1725414.72
1620000000,39.50581,42.86999,39.2619,42.1,2929829.08
1620086400,42.1,48.57,38.54578,45.56438,7746791.54
1620172800,45.56285,51.2,44.88777,49.62213,6427644.29
1620259200,49.65519,49.91524,45.34957,47.18943,4359110.57
1620345600,47.18673,51.99,45.8,49.16947,4772999.9
1620432000,49.19573,50.31099,46.6,48.7115,2473673.14
1620518400,48.71697,52.44694,46.01762,52.33984,3143568.89
1620604800,52.3203,52.99,40.53499,46.37129,5149894.35
1620691200,46.39399,48.91706,44.6,48.86401,3115421.4
1620777600,48.8776,49.90105,40.87079,41.50178,4540205.93
1620864000,41.54511,45,39.40141,43.29698,4706943.51
1620950400,43.2982,47.93161,42.87712,46.61093,2853949.25
1621036800,46.61061,48,41.04465,41.51479,3174346.81
1621123200,41.50435,44.7,37.71,40.70647,3520263.04
1621209600,40.72129,40.72133,35.08,37.21983,4780277.86
1621296000,37.22558,44.75536,36.67279,42.57775,4622913.58
1621382400,42.57775,43.488,21,26.31119,11241417.98
1621468800,26.30733,33.18076,23,30.65921,9208969.67
1621555200,30.6647,32,22.08328,25.60639,9452219.14
1621641600,25.6,26.25709,22.26,23.31876,6743023.21
1621728000,23.33581,24.38212,15,19.87843,14472384
1621814400,19.8873,26.4619,19.73008,26.44489,10572083.5
1621900800,26.44608,27.666,23.70001,27.54916,7223279.55
1621987200,27.543,34.33358,26.87105,34.04773,8060155.34
1622073600,34.04773,35.3643,30.0771,31.7348,6770839.72
1622160000,31.76035,32.19462,26.80737,27.87118,8202346.95
1622246400,27.85559,29.70941,24.13501,25.38331,5886001.91
1622332800,25.38332,29.2,23.72839,26.83846,4771609.11
1622419200,26.8239,32.15903,25.60197,32.12418,5333272.45
1622505600,32.12418,32.65838,29.01,30.72087,3903977.12
1622592000,30.72533,32.187,29.61,30.65753,2106302.29
1622678400,30.64984,32.85,30.02046,32.19107,2150880.03
1622764800,32.19377,32.25001,27.21427,28.84429,3637167.84
1622851200,28.84429,30.17374,26.06203,27.15546,2818907.28
1622937600,27.1503,28.19921,26.8421,27.52653,1304651.7
1623024000,27.53295,28.69733,24.24001,24.57476,3215717.76
1623110400,24.58149,25.10663,21.39001,24.08701,5943170.85
1623196800,24.10296,25.62856,22.45734,25.58621,3878424.61
1623283200,25.59706,25.78,22.74805,23.14,2585799.89
1623369600,23.16948,23.4083,21,21.48128,3068742.95
1623456000,21.47441,22.30856,20.02,21.67363,3398448.34
1623542400,21.67627,23.89999,20.42001,23.33325,2950486.49
1623628800,23.33326,25.28973,22.76136,24.98633,3153769.98
1623715200,24.99112,26.46925,24.38589,24.47677,3077596.03
1623801600,24.48547,24.64442,22.92,23.045,2504050.77
1623888000,23.04641,24.43434,22.81,23.38967,1840186.02
1623974400,23.40605,23.41998,20.55542,21.24458,2916775.47
1624060800,21.24403,21.93883,20.18291,20.26429,1683929.09
1624147200,20.27399,22.09439,19.09,21.64666,2565841.61
1624233600,21.65015,21.86586,17,17.38149,8041665.42
1624320000,17.37578,18.85458,15.001,16.87068,9412777.81
1624406400,16.85483,19.2046,16.16199,18.38623,4082738.1
1624492800,18.39148,19.51213,17.3511,19.05,2605045.69
1624579200,19.05,19.49963,16.81779,16.88475,3276908.42
1624665600,16.88319,17.47992,15.93103,16.96014,3224901.01
1624752000,16.96016,18.43225,16.61,18.4266,2409423.94
1624838400,18.4215,19.42826,17.9097,18.82075,2627477.95
1624924800,18.8268,20.55,18.75276,19.51147,2705566.06
1625011200,19.51199,19.76238,18.15,19.50085,2538472.71
1625097600,19.52248,19.53849,17.60368,18.2059,2397541.52
1625184000,18.2059,18.53186,17.26,18.27688,1988102.6
1625270400,18.28358,18.88847,17.86957,18.55,1367484.75
1625356800,18.54808,19.90753,18.01782,19.25576,1510281.65
1625443200,19.24175,19.24175,17.77833,18.35588,1237316.64
1625529600,18.3721,20.33562,18.332,20.08142,2794501.59
1625616000,20.07362,21.2737,19.58653,19.80239,2170480.91
1625702400,19.80218,19.88158,18.14,18.36758,2310816.51
1625788800,18.35538,18.86799,17.64001,18.66468,1672012.14
1625875200,18.65862,18.99644,17.75,18.20734,1237081.51
1625961600,18.20919,18.57389,17.86107,18.38416,913235.96
1626048000,18.37415,18.61569,17.13892,17.52572,1347823.91
1626134400,17.51439,17.76891,16.66,16.87462,1491990.79
1626220800,16.87617,17.41961,16.024,16.93356,2301207.28
1626307200,16.92966,17.23657,15.51165,15.76518,2550619.46
1626393600,15.77288,16.3345,15.13583,15.23963,2246280.75
1626480000,15.24,15.68336,15,15.35974,1919231.09
1626566400,15.36339,16.08084,15.16,15.47617,1313944.66
1626652800,15.47993,15.63,14.4136,14.52696,2750622.16
1626739200,14.53026,14.78253,13.3849,13.7441,4120032.39
1626825600,13.7441,15.77074,13.45593,15.295,3217956
1626912000,15.30255,16.18335,14.96639,16.08147,1746202.93
1626998400,16.08063,16.58619,15.23006,16.50932,1638273.7
1627084800,16.51654,17.16056,16.33598,16.69933,2380283.65
1627171200,16.70725,17.0622,16.16488,16.77343,1841029.49
1627257600,16.77343,19.96024,16.6931,18.04387,6193778.21
1627344000,18.03713,19.59758,17.6019,19.49681,3505430.29
1627430400,19.49837,20,18.61357,19.119,3819179.1
1627516800,19.12062,19.46881,18.62135,19.36497,1643580.34
1627603200,19.36904,22.67731,18.8413,22.29126,5685875.49
1627689600,22.29126,23.37,21.28087,22.73065,3775770.25
1627776000,22.7309,23.92949,21.76465,22.07602,3816249.2
1627862400,22.06757,23.97772,21.39,23.48414,3593371.62
1627948800,23.48341,24.43999,22.12001,23.92314,4116530.84
1628035200,23.93749,25,22.85352,24.19875,3599253.65
1628121600,24.19725,24.32504,22.44671,24.07253,2840345.02
1628208000,24.07415,24.40397,23.07,23.9013,2791442.43
1628294400,23.90254,25.17811,23.64,24.7182,2622605.72
1628380800,24.70742,24.95493,22.55418,23.04331,2540911.78
1628467200,23.04316,24.71041,22.05432,24.21064,2773502.76
1628553600,24.20134,25.5204,23.75219,24.54052,2838219.14
1628640000,24.54052,27.32898,24.45952,25.9127,4340059.98
1628726400,25.91617,26.90682,24.07913,24.96434,3457107.7
1628812800,24.94904,27.79696,24.72871,27.76559,2515032.16
1628899200,27.76867,27.97721,26.37524,27.15962,2462461.33
1628985600,27.15963,27.99,25.88001,27.92233,2223649
1629072000,27.92104,30.51982,25.7,27.95282,5739539.77
1629158400,27.93678,30.3,25.8969,26.13466,5125973.57
1629244800,26.12909,26.93432,24.80898,25.31039,4594553.45
1629331200,25.3214,27.13303,24.50514,27.09531,3515401.15
1629417600,27.08956,29.04567,26.65404,28.70891,3053346.97
1629504000,28.70894,29.17019,27.66756,27.86825,2159390.41
1629590400,27.87816,28.67359,26.78839,28.00564,2048875.98
1629676800,28.00811,29.31102,27.78803,28.57527,2377604.46
1629763200,28.55914,28.93001,25.62719,25.72353,2539239.6
1629849600,25.72415,26.87595,25.21716,26.60966,2155803.65
1629936000,26.62098,26.961,23.91662,24.39997,3111741.52
1630022400,24.38314,26.15849,24.00805,26.05013,2650670.94
1630108800,26.05369,26.2,25.36656,25.75,1760892.01
1630195200,25.75862,26.58426,25.16122,25.78479,2040791.7
1630281600,25.79383,26.48931,24.32001,25.04159,3078661.34
1630368000,25.04159,27.54382,24.71495,26.70915,4120982.53
1630454400,26.69626,29.80825,26.09489,29.74617,4502012.88
1630540800,29.75469,30.89,28.7779,29.96,3616645.85
1630627200,29.97402,31.74839,29.086,30.78178,3321699.17
1630713600,30.77187,31.17454,29.45478,29.90164,2253182.22
1630800000,29.90164,33.64792,29.55,33.57233,3213731.95
1630886400,33.58121,36.35122,32.53855,34.8276,4184982.63
1630972800,34.8307,35.34469,25,28.27129,8834983.14
1631059200,28.25597,29.22304,25.1539,27.17837,6365283.72
1631145600,27.16394,30.18836,26.46,27.98,5382655.58
1631232000,27.99614,29.55599,25.62676,26.39417,5505025.27
1631318400,26.39672,27.76781,26.26895,27.00796,2714069.01
1631404800,26.99906,29.75346,26.37202,29.4084,3658602.07
1631491200,29.41877,29.92997,25.22,26.96742,5876392.44
1631577600,26.97244,30.87718,26.72871,30.82583,4698890.3
1631664000,30.82161,31.45,29.60396,30.68,4201136.22
1631750400,30.69341,32.12,29.03049,29.79906,3778154.32
1631836800,29.81751,30.1318,27.36956,27.74473,3789872.39
1631923200,27.74286,29.4641,27.39888,28.40642,2481606.13
1632009600,28.41098,28.79532,26.93277,27.3836,1980126.32
1632096000,27.37993,27.42362,23.01,23.56574,6330749.67
1632182400,23.56041,24.37999,20.81631,21.42447,6609847.04
1632268800,21.43561,24.51706,21.03046,24.46555,4953506.5
1632355200,24.45588,25.49,23.41,25.44375,3050978.76
1632441600,25.4364,25.51091,21.4,23.28734,5820962.56
1632528000,23.28821,24.70811,22.05262,24.51968,4068669.14
1632614400,24.51968,25.37414,22.36114,24.63255,5177548.38
1632700800,24.60777,25.4792,23,23.03109,2720833.75
1632787200,23.02763,23.74245,22,22.09162,2850275.85
1632873600,22.09162,23.92042,22.01434,22.86,3274245.56
1632960000,22.8509,24.39038,22.7146,24,2982606.89
1633046400,23.99714,26.70306,23.58,26.33045,3670728.89
1633132800,26.33047,27.82351,25.84581,26.90795,2555431.28
1633219200,26.90804,28.16942,26.53351,27.58486,2356797.25
1633305600,27.58248,27.6841,25.59815,26.62653,2930849.93
1633392000,26.61944,27.5,26.20967,27.23022,2585079.23
1633478400,27.24174,28.18656,25.22896,26.80818,3560273.15
1633564800,26.81459,27.71244,25.9049,26.82026,3148934.63
1633651200,26.84337,27.45,26.15384,26.39,2450595.29
1633737600,26.39,27.89894,26.04177,27.42832,2529629.25
1633824000,27.45445,27.48373,25.40001,25.5494,2469482.84
1633910400,25.54376,26.75897,24.63426,25.23441,2829931.21
1633996800,25.23062,25.25542,23.53575,24.62765,3202931.81
1634083200,24.62764,25.68025,24.15932,25.68025,2894431.04
1634169600,25.68025,27.86875,25.38743,26.72471,3509087.33
1634256000,26.72798,27.39134,25.97351,27.01479,3731732.55
1634342400,27.01479,28.68795,26.94939,27.22954,2955862.99
1634428800,27.23087,27.62556,25.75,26.53806,2297174.21
1634515200,26.54487,26.743,25.27,25.70439,2231656.16
1634601600,25.6962,26.28718,25.36672,25.91872,1763938.59
1634688000,25.92283,27.64283,25.86382,27.49721,2283819.99
1634774400,27.48724,29.33331,27.19863,28.27285,4551488.17
1634860800,28.27546,30,28.00571,28.66153,3379321.86
1634947200,28.66153,31.45222,28.29881,31.37851,3150664.56
1635033600,31.37717,31.52883,28.75001,29.70899,2570307.11
1635120000,29.70206,32.91368,29.52644,32.38565,3206773.46
1635206400,32.38828,33.82297,31.2857,32.54232,3560333.29
1635292800,32.53551,33.90914,27.95759,28.91076,6488677.6
1635379200,28.91076,30.92854,28.64286,30.19988,4034461.77
1635465600,30.20567,31.96187,29.95346,30.96101,2825251.05
1635552000,30.98397,31.13122,29.1669,29.80182,2107477.27
1635638400,29.80586,30.67936,28.67,30.02323,2263947.22
1635724800,30.02661,31.88332,29.17045,31.68755,2977066.73
1635811200,31.69326,32.5,31.02701,32.28399,2048670.58
1635897600,32.29577,32.80777,30.57719,31.96549,2382947.64
1635984000,31.97414,32.116,30.24305,31.00373,2049801.46
1636070400,31.00374,33.71812,30.7,32.89255,3827444.48
1636156800,32.88101,33.22583,30.75155,32.0803,1930694.57
1636243200,32.09015,32.60999,31.74056,32.35652,1218640.5
1636329600,32.35899,34.83692,32.20391,34.47181,3083922.85
1636416000,34.49321,35.61366,33.4,33.84002,2742851.79
1636502400,33.84096,38.32458,31.85241,34.23874,7323463.09
1636588800,34.21261,36.94566,33.38427,34.70121,4263773.84
1636675200,34.7,35.45626,32.71127,34.28213,4161991.75
1636761600,34.2725,34.5947,33.20515,33.9902,1696360.56
1636848000,34.00175,34.45,32.5531,33.76863,1556063.52
1636934400,33.76864,34.51429,32,32.04394,2010603
1637020800,32.04568,32.05814,28.002,29.16949,4962255.24
1637107200,29.17116,29.76544,28.05816,29.19449,3163962.46
1637193600,29.20619,29.71441,25.8715,26.56392,3707337.01
1637280000,26.56641,28.89976,26.10858,28.30279,2723382.85
1637366400,28.30279,28.7451,27.30372,28.38554,1573436.54
1637452800,28.38554,29.27965,27.71703,29.01304,1449462.9
1637539200,29.02685,29.11635,26.26346,26.79008,2711453.3
1637625600,26.78523,27.57124,26.18105,26.95105,1959597.25
1637712000,26.955,26.98656,25.16769,25.59853,2454959.54
1637798400,25.5932,27.6,25.39551,26.43087,2088233.47
1637884800,26.44093,26.59046,23.08,23.97691,3962228.87
1637971200,23.9594,24.99529,23.78924,24.12474,2099658.95
1638057600,24.1135,25,22.65523,24.7734,2930737.34
1638144000,24.77134,25.61117,24.5602,25.00999,1857611.24
1638230400,25.00571,26.54577,24.17,25.33732,2501893.71
1638316800,25.33732,26.93342,24.98,25.34655,2552652.84
1638403200,25.34424,25.35879,24.19023,24.56127,2640771.14
1638489600,24.5599,25.862,22.52212,23.33415,3846072.15
1638576000,23.31959,23.35784,16.72908,20.69384,8422260.78
1638662400,20.6899,20.945,18.50675,19.50847,5374215.99
1638748800,19.52105,19.96029,17.24039,19.8414,7281789.41
1638835200,19.82798,21.19528,19.72984,21.09572,5195892.16
1638921600,21.09537,23.21467,20.77954,22.93763,7065918.25
1639008000,22.93763,23.07136,20.26315,20.29,5397507.75
1639094400,20.28,20.91,18.48,18.56,4897960.23
1639180800,18.57,20.22,18.18,19.98,3124682.66
1639267200,19.98,20.81,19.23,20.41,1843571.81
1639353600,20.41,20.58,17.31,17.79,5414731.4
1639440000,17.78,18.61,17.45,18.45,3809366.75
1639526400,18.45,19.99,17.26,19.68,4748027.77
1639612800,19.71,20.34,18.7,18.77,2645471.57
1639699200,18.76,19.23,17.75,18.28,3783843.3
1639785600,18.26,20,17.82,19.55,3937858.24
1639872000,19.54,20.4,18.81,18.88,3098709.95
1639958400,18.88,19.2,18.05,18.78,2938795.46
1640044800,18.79,19.67,18.36,19.44,2050605.11
1640131200,19.43,20.82,19.21,19.92,2487311.69
1640217600,19.92,22.23,19.55,22.19,3777741.27
1640304000,22.18,22.67,21.22,21.47,2314644.23
1640390400,21.49,22.4,21.3,22.12,1552489.04
1640476800,22.13,23.58,21.12,22.99,3110962.02
1640563200,22.99,24.5,22.76,23.02,2657118.22
1640649600,23.03,23.03,20.32,20.36,4360686.65
1640736000,20.38,20.98,19.53,19.74,3505105.25
1640822400,19.74,20.49,19.16,19.94,2929218.85
1640908800,19.93,20.63,19.04,19.51,2628843.82
1640995200,19.53,20.8,19.49,20.75,2086629.52
1641081600,20.75,22.22,20.57,21.88,2326435.14
1641168000,21.88,23.82,21.26,23.72,3676303.71
1641254400,23.71,24.48,22.78,23.43,3468466.07
1641340800,23.43,27.5,22.34,25.22,9725212.84
1641427200,25.23,25.99,23.31,25.39,6443317.27
1641513600,25.4,27.33,22.65,25.97,8034336.23
1641600000,25.98,27.36,23.56,25.31,5649061.36
1641686400,25.33,28.71145,25.09,27.54,6947266.4
1641772800,27.55,28.52,25.09,27.98,7146693.31
1641859200,27.98,28.7,25.85,26.6,5119948.95
1641945600,26.6,27.27,25.62,26.76,3688692.5
1642032000,26.75,26.77,24.42,24.88,3748891.13
1642118400,24.87,25.9,23.91,25.74,2981159.58
1642204800,25.74,26.23,25.13,25.19,1804584.21
1642291200,25.18,26.36,24.68,25.51,1453583.26
1642377600,25.5,25.63,23.27,23.8,2187773.78
1642464000,23.8,24.34,22.04,22.98,3221765.07
1642550400,22.97,23.15,21.23,21.56,2903396.2
1642636800,21.55,22.99,20.03,20.18,3628543.84
1642723200,20.16,20.51,17.12,17.44,8626310.09
1642809600,17.42,17.83,14.28,15.86,8577253.52
1642896000,15.87,16.88,15.15,16.67,4251482.53
1642982400,16.66,16.67,13.48,15.61,7242677.13
1643068800,15.61,16.04,14.59,15.49,4492333.11
1643155200,15.51,16.82,14.69,15.24,5927770.27
1643241600,15.25,15.71,14.31,15.23,5344486.38
1643328000,15.23,16.29,14.75,16.16,4790742.65
1643414400,16.15,16.75,15.97,16.24,2541936.38
1643500800,16.24,18.13,16.02,17.77,5208012.03
1643587200,17.76,17.89,16.41,17.16,5565683.91
1643673600,17.17,17.9,16.84,17,4533943.28
1643760000,17,17.38,15.57,15.79,3393191.03
1643846400,15.8,16.32,15.26,16.31,4074152.66
1643932800,16.31,17.55,16.03,17.51,3462797.96
1644019200,17.53,18.33,17.43,17.77,3409455.61
1644105600,17.78,18.18,17.19,18.08,2300752.16
1644192000,18.08,19.58,17.67,18.88,4597817.68
1644278400,18.9,19.56,17.74,18.4,4326377.02
1644364800,18.4,18.77,17.76,18.7,2268691.02
1644451200,18.7,18.77,17.36,17.51,4780443.27
1644537600,17.51,17.83,15.91,16.22,4252227.21
1644624000,16.21,16.39,15.57,15.97,2980310.15
1644710400,15.96,16.34,15.53,15.6,1974359.07
1644796800,15.61,16.13,15.21,15.9,3210784.98
1644883200,15.91,17.47,15.82,17.35,2911584.48
1644969600,17.36,17.43,16.52,17.14,2638175.33
1645056000,17.14,17.46,15.47,15.6,3754731.09
1645142400,15.61,16.06,15.04,15.2,3289460.52
1645228800,15.19,15.69,14.85,15.52,2539336.92
1645315200,15.53,15.54,14.42,14.62,3441089.46
1645401600,14.61,15.31,13.39,13.51,4616902.69
1645488000,13.51,14.2,13.04,13.98,4916054.42
1645574400,13.99,14.68,13.3,13.34,3650964.06
1645660800,13.35,13.97,11.42,13.27,10606117.81
1645747200,13.28,14.5,13.08,14.39,3475679.55
1645833600,14.37,15.05,14.1,14.72,2257139.53
1645920000,14.73,14.86,13.47,13.65,3034310.57
1646006400,13.65,15.16,13.32,15.14,3521407.78
1646092800,15.13,15.74,14.73,15.36,3037350.42
1646179200,15.36,15.87,14.91,15.29,2883372.8
1646265600,15.28,15.4,14.47,14.89,2216173.79
1646352000,14.9,14.98,13.56,13.74,2797090.45
1646438400,13.75,14.28,13.42,14,1192060.12
1646524800,14,14.13,13.26,13.32,1177091.89
1646611200,13.32,13.66,12.4,12.67,3759923.78
1646697600,12.7,13.56,12.57,13.09,2438164.21
1646784000,13.09,14.46,13.06,14.02,2461516.62
1646870400,14.02,14.11,12.99,13.17,2217975.03
1646956800,13.17,13.66,12.81,13.04,1661858.53
1647043200,13.05,13.46,13.03,13.14,786362.95
1647129600,13.15,13.43,12.6,12.71,1031991.19
1647216000,12.71,13.44,12.6,13.41,1668789.97
1647302400,13.41,13.8,12.87,13.7,1785582.19
1647388800,13.72,14.79,13.67,14.68,2663087.12
1647475200,14.68,14.93,14.24,14.41,1261527.83
1647561600,14.41,15.29,14.12,15.02,1709414.37
1647648000,15.02,15.41,14.83,15.01,1333351.47
1647734400,15,15.13,14.42,14.56,1084696.88
1647820800,14.57,15.28,14.31,15,1388230.83
1647907200,14.99,15.85,14.98,15.43,1603363.1
1647993600,15.43,15.96,15.13,15.85,1396651.14
1648080000,15.84,16.45,15.6,16.17,1879493.54
1648166400,16.17,16.46,15.48,15.61,2234458.18
1648252800,15.61,15.96,15.5,15.84,1292821.47
1648339200,15.85,16.91,15.64,16.87,1577170.91
1648425600,16.87,17.36,16.37,16.51,2632516.22
1648512000,16.5,17.53,16.48,16.99,2553035.54
1648598400,16.98,17.57,16.53,17.23,2079327.64
1648684800,17.23,18.06,16.65,16.93,2740786.44
1648771200,16.92,17.37,16.17,17.36,2347176.53
1648857600,17.36,17.88,17.11,17.42,1507076.67
1648944000,17.42,18.32,17.16,18.08,1655163.09
1649030400,18.08,18.09,16.83,17.51,2324628.78
1649116800,17.51,17.66,16.66,16.75,1541344.2
1649203200,16.76,16.78,15.29,15.43,2734087.26
1649289600,15.42,15.88,15.09,15.75,1645726.77
1649376000,15.74,15.91,15.03,15.14,1343994.49
1649462400,15.14,15.47,15.12,15.43,666660.93
1649548800,15.44,15.93,15.18,15.24,784446.09
1649635200,15.24,15.28,13.52,13.76,2142398.93
1649721600,13.76,14.33,13.64,13.97,1638779.64
1649808000,13.97,14.23,13.68,14.2,2083438.46
1649894400,14.19,14.33,13.33,13.64,1913845.52
1649980800,13.64,14.19,13.63,14.11,676700.55
1650067200,14.12,14.28,13.84,14.14,495634.34
1650153600,14.15,14.62,13.65,13.72,960857.62
1650240000,13.73,14.07,13.15,14.06,2597482.29
1650326400,14.06,14.41,13.84,14.25,992324.86
1650412800,14.25,14.49,13.7,14.03,1043440.07
1650499200,14.03,14.38,13.37,13.58,1284747.39
1650585600,13.58,13.88,13.47,13.59,1519701.68
1650672000,13.59,13.68,13.21,13.32,986623.11
1650758400,13.31,13.64,13.21,13.26,739462.91
1650844800,13.28,13.53,12.53,13.44,2073486.38
1650931200,13.44,13.5,12.1,12.37,1770375.44
1651017600,12.37,12.8,12.31,12.75,1375705.02
1651104000,12.75,12.99,12.4,12.65,1165147.5
1651190400,12.66,12.73,11.84,11.98,1373827.72
1651276800,11.98,12.25,10.67,10.97,1560540.65
1651363200,10.96,11.49,10.82,11.29,1481217.64
1651449600,11.3,11.45,10.77,11.17,1936435.42
1651536000,11.18,11.51,10.78,11.13,1713842.55
1651622400,11.12,12.21,11.11,12.2,2194735.05
1651708800,12.2,12.29,10.61,10.92,2689688.17
1651795200,10.92,11.03,10.39,10.79,2730935.19
1651881600,10.78,10.84,10,10.21,1697860.51
1651968000,10.21,10.38,9.84,9.99,2614421.33
1652054400,10,10.16,8.01,8.1,8845600.39
1652140800,8.1,9.33,7.89,8.58,8018671.41
1652227200,8.58,8.84,6.52,6.93,9670183.39
1652313600,6.91,7.41,5.3,6.56,9870675.54
1652400000,6.55,7.71,6.47,7.13,4754279.06
1652486400,7.15,7.43,6.63,7.25,2336500.2
1652572800,7.25,7.99,7.01,7.96,2232138.72
1652659200,7.97,7.97,7.16,7.42,2345630.2
1652745600,7.41,7.97,7.29,7.71,2393951.64
1652832000,7.71,7.8,6.76,6.79,2835567.71
1652918400,6.79,7.27,6.64,7.21,2681194.24
1653004800,7.21,7.35,6.73,6.86,2576850.15
1653091200,6.86,7.11,6.76,7.05,1272274.3
1653177600,7.05,7.4,6.9,7.32,1800151.59
1653264000,7.32,7.67,6.98,7.01,2604320.31
1653350400,7.01,7.3,6.71,7.22,2826877.75
1653436800,7.22,7.39,6.93,6.95,2561008.82
1653523200,6.95,7.08,6.22,6.57,3687503.87
1653609600,6.57,6.71,6.21,6.28,8591311.25
1653696000,6.29,6.65,6.19,6.57,5386858.15
1653782400,6.57,6.75,6.33,6.71,4511558.35
1653868800,6.71,7.52,6.64,7.45,7353187.96
1653955200,7.46,7.72,7.17,7.59,6073464.45
1654041600,7.59,7.78,6.76,6.93,5635072.83
1654128000,6.92,7.244,6.81,7.191,3904233.28
1654214400,7.192,7.218,6.661,6.847,6036419.9
1654300800,6.85,7.429,6.671,7.406,7624270.37
1654387200,7.407,7.87,7.24,7.64,7198071.92
1654473600,7.639,8.194,7.62,7.971,8081201.52
1654560000,7.97,8.99,7.305,8.705,5926447.08
1654646400,8.706,8.971,8.22,8.696,5062450.71
1654732800,8.702,9.652,8.487,9.26,5863721.33
1654819200,9.262,9.525,8,8.033,5608966.81
1654905600,8.032,8.421,6.93,7.036,6580721.12
1654992000,7.036,7.135,6.251,6.26,6328605.31
1655078400,6.258,6.336,5.286,5.917,13362707.52
1655164800,5.913,6.866,5.381,6.713,10574884.74
1655251200,6.72,7.368,5.824,7.32,9387396.27
1655337600,7.318,7.5,6.197,6.352,6563883.44
1655424000,6.349,6.725,6.25,6.36,3836815.58
1655510400,6.356,6.467,5.4,5.918,6633115.65
1655596800,5.92,6.815,5.818,6.592,4476916.89
1655683200,6.593,7.288,6.302,6.974,4071851.73
1655769600,6.972,7.557,6.748,6.85,3867866.64
1655856000,6.852,7.025,6.447,6.616,4034338.3
1655942400,6.615,7.081,6.596,6.987,2966319.92
1656028800,6.99,7.434,6.939,7.253,2787201.71
1656115200,7.263,7.37,6.798,7.258,2228017.37
1656201600,7.262,7.484,6.688,6.7,2567225.28
1656288000,6.694,6.991,6.39,6.547,2785503.72
1656374400,6.55,7.249,6.264,6.303,4390494.23
1656460800,6.305,6.48,6.117,6.224,3242551.54
1656547200,6.228,6.307,5.881,6.277,3430320.93
1656633600,6.274,6.434,5.924,6.069,3189833.81
1656720000,6.073,6.277,5.973,6.216,1645306.63
1656806400,6.216,6.235,6.01,6.21,1326738.63
1656892800,6.208,6.451,6.014,6.427,2306492.63
1656979200,6.428,6.544,6.049,6.305,3224472.01
1657065600,6.303,6.418,6.164,6.331,2009349.44
1657152000,6.333,6.757,6.297,6.636,2906090.53
1657238400,6.64,6.82,6.33,6.353,2765691.19
1657324800,6.351,6.58,6.341,6.479,1177579.02
1657411200,6.479,6.484,6.106,6.191,1693144.71
1657497600,6.191,6.425,5.979,6.038,2683050.3
1657584000,6.038,6.234,5.914,5.941,2189724.26
1657670400,5.939,6.189,5.686,6.172,3419653.57
1657756800,6.17,6.383,5.988,6.27,2590627.95
1657843200,6.271,6.454,6.117,6.321,2420997.14
1657929600,6.323,6.616,6.14,6.596,2137490.4
1658016000,6.596,6.71,6.313,6.345,2290399
1658102400,6.348,7.159,6.327,7.038,4275483.08
1658188800,7.039,7.375,6.732,7.258,4865618.77
1658275200,7.257,7.6,6.811,6.869,5168509.49
1658361600,6.865,7.065,6.646,6.995,2968312.68
1658448000,6.991,7.284,6.751,6.786,2812122.68
1658534400,6.784,7.029,6.61,6.844,1854109.32
1658620800,6.844,7.25,6.844,7.092,1720908.39
1658707200,7.092,7.143,6.41,6.421,2304959.99
1658793600,6.427,6.448,6.077,6.344,2485568.32
1658880000,6.344,6.876,6.18,6.864,2760814.13
1658966400,6.863,7.298,6.678,7.22,3825787.91
1659052800,7.222,8.12,7.115,7.887,7386848.57
1659139200,7.884,8.212,7.672,7.823,4395932.4
1659225600,7.822,8.093,7.579,7.66,2672638.39
1659312000,7.655,7.888,7.407,7.574,2585097.36
1659398400,7.572,7.669,7.021,7.179,3837249.69
1659484800,7.178,7.638,7.051,7.288,2109243.89
1659571200,7.285,7.543,7.167,7.364,1887234.26
1659657600,7.365,7.899,7.351,7.878,2315203.57
1659744000,7.881,8.11,7.734,7.794,1559141
1659830400,7.796,8.374,7.66,8.34,2063847.1
1659916800,8.344,8.785,8.224,8.607,4208002.71
1660003200,8.607,8.956,8.27,8.747,4240702.13
1660089600,8.746,9.304,8.3,9.062,5174073.16
1660176000,9.062,9.231,8.829,8.96,2268929.43
1660262400,8.967,9.506,8.803,9.333,2779520.39
1660348800,9.333,9.486,9.059,9.154,1451348.63
1660435200,9.152,9.37,8.678,8.769,2137670.03
1660521600,8.773,9.058,8.5,8.649,3605375.9
1660608000,8.646,8.845,8.373,8.453,2302255.17
1660694400,8.45,8.748,7.987,8.061,2704851.2
1660780800,8.062,8.242,7.6,7.645,2766683.73
1660867200,7.643,7.694,6.813,6.898,5337944.51
1660953600,6.898,7.207,6.668,6.902,2470482.64
1661040000,6.898,7.17,6.88,7.08,1314897.2
1661126400,7.081,7.085,6.679,7.045,1524399.45
1661212800,7.047,7.358,6.766,7.241,2004146.56
1661299200,7.244,7.378,7.017,7.122,1445576.89
1661385600,7.122,7.372,7.007,7.124,2137033.01
1661472000,7.121,7.197,6.408,6.504,2951174.4
1661558400,6.502,6.615,6.412,6.533,1733204.68
1661644800,6.535,6.639,6.226,6.251,1673358.97
1661731200,6.252,6.732,6.193,6.7,2059730.86
1661817600,6.701,6.825,6.37,6.558,2394846.51
1661904000,6.559,6.898,6.544,6.628,2649764.32
1661990400,6.629,6.965,6.447,6.927,3081541.11
1662076800,6.928,7.24,6.785,6.93,2703762.98
1662163200,6.926,6.965,6.724,6.861,1418211.11
1662249600,6.863,7.272,6.788,7.155,1972601.23
1662336000,7.155,7.437,7.096,7.382,2499289.79
1662422400,7.381,7.547,6.575,6.659,3525103.5
1662508800,6.656,7.161,6.575,7.083,2475569.87
1662595200,7.083,7.6,7.002,7.407,2987734.45
1662681600,7.408,8.1,7.39,7.749,3377290.42
1662768000,7.752,8.032,7.623,7.91,2459196.54
1662854400,7.915,8.171,7.736,8.03,2127620.05
1662940800,8.033,8.3,7.613,7.758,3176774.31
1663027200,7.761,7.966,7.022,7.025,3321991.47
1663113600,7.024,7.541,6.982,7.458,2691955.01
1663200000,7.457,7.6,7.014,7.563,2914886.49
1663286400,7.561,7.8,7.416,7.655,2373654.8
1663372800,7.656,8.142,7.64,8.09,1970298.25
1663459200,8.093,8.136,7.405,7.523,2457065.28
1663545600,7.522,7.676,7.009,7.296,3723883.04
1663632000,7.297,7.351,6.809,6.884,2879749.86
1663718400,6.884,7.331,6.513,6.682,3954366.36
1663804800,6.68,7.174,6.637,7.121,1819317.85
1663891200,7.12,7.49,6.962,7.446,3190752.13
1663977600,7.447,7.871,7.351,7.625,2704509.27
1664064000,7.627,8.068,7.567,7.869,3370399.56
1664150400,7.864,7.954,7.463,7.943,3166948.28
1664236800,7.942,8.391,7.634,8.054,4646536.96
1664323200,8.055,8.533,7.729,7.79,7083274.31
1664409600,7.794,7.943,7.579,7.901,3090011.94
1664496000,7.904,7.917,7.505,7.583,2740236.48
1664582400,7.58,7.646,7.312,7.396,1568283.65
1664668800,7.394,7.544,7.094,7.11,2112629.35
1664755200,7.11,7.355,7.015,7.331,2360483.03
1664841600,7.331,7.85,7.325,7.726,2720044.64
1664928000,7.728,7.946,7.59,7.876,3031506.44
1665014400,7.879,7.939,7.603,7.636,2400327.11
1665100800,7.636,7.807,7.473,7.603,1894945.83
1665187200,7.603,7.655,7.342,7.454,914074.97
1665273600,7.454,7.652,7.42,7.63,821233.92
1665360000,7.623,7.732,7.326,7.34,1886899.73
1665446400,7.341,7.384,7.069,7.133,2736348.99
1665532800,7.131,7.273,7.1,7.14,1250737.38
1665619200,7.146,7.158,6.308,7.028,4652462.16
1665705600,7.025,7.252,6.796,6.89,2420774.33
1665792000,6.89,6.986,6.821,6.888,1022823.12
1665878400,6.886,7.238,6.877,7.168,1199333.73
1665964800,7.167,7.374,7.067,7.327,1510312.53
1666051200,7.332,7.371,6.961,7.128,1563957.28
1666137600,7.128,7.137,6.704,6.776,1402877.4
1666224000,6.778,6.914,6.603,6.657,1838537.82
1666310400,6.66,6.847,6.443,6.809,2029646.36
1666396800,6.81,6.93,6.725,6.87,742993.14
1666483200,6.871,7.091,6.804,7.066,1330182.69
1666569600,7.075,7.089,6.793,6.91,1294776.89
1666656000,6.91,7.284,6.816,7.062,2822330.83
1666742400,7.067,7.327,7.031,7.16,2275499.74
1666828800,7.159,7.363,6.858,6.891,2454488.98
1666915200,6.894,7.216,6.826,7.112,2029709.08
1667001600,7.114,7.659,7.08,7.638,3473182.69
1667088000,7.639,7.933,7.495,7.783,3500522.88
1667174400,7.782,8.329,7.665,7.856,4658936.06
1667260800,7.853,7.922,7.628,7.682,1619037.75
1667347200,7.684,8.011,7.337,7.437,3866354.5
1667433600,7.436,8.021,7.387,7.718,3528147.11
1667520000,7.72,8.892,7.66,8.716,5741813.63
1667606400,8.718,9.1,8.57,8.664,3210917.22
1667692800,8.664,8.77,8.1,8.101,2319665.12
1667779200,8.101,9.25,7.901,8.951,4659863.63
1667865600,8.949,9.48,6.66,7.717,12809754.23
1667952000,7.711,7.9,5.836,6.217,10406276.45
1668038400,6.214,7.5,6.074,7.185,7650164.93
1668124800,7.18,7.315,6.5,7.021,3986848.13
1668211200,7.03,7.043,6.185,6.268,4816334.09
1668297600,6.272,6.528,5.938,6.064,2486147.75
1668384000,6.064,6.422,5.683,6.286,4000657.54
1668470400,6.287,6.66,6.2,6.412,2892785.78
1668556800,6.415,6.552,6.072,6.173,1965618.47
1668643200,6.175,6.34,6.024,6.219,1860555.24
1668729600,6.216,6.406,6.055,6.179,2495056.17
1668816000,6.178,6.206,5.998,6.138,792352.36
1668902400,6.141,6.243,5.701,5.761,1520425.63
1668988800,5.759,5.893,5.525,5.868,2426450.69
1669075200,5.867,6.469,5.826,6.415,2869111.09
1669161600,6.416,6.8,6.32,6.7,2891301.52
1669248000,6.701,6.968,6.58,6.823,2012825.01
1669334400,6.823,6.985,6.656,6.846,2226013.8
1669420800,6.846,7.289,6.821,7.152,3380296.79
1669507200,7.151,7.268,6.857,6.898,2011372.16
1669593600,6.898,7.341,6.53,7.194,6462952.2
1669680000,7.192,7.508,7.126,7.314,4096111.37
1669766400,7.316,7.759,7.235,7.672,5640843.25
1669852800,7.674,7.808,7.451,7.68,4469547.89
1669939200,7.68,7.725,7.482,7.609,3192804.31
1670025600,7.611,7.635,7.212,7.24,1986016.22
1670112000,7.24,7.47,7.192,7.447,1377782.73
1670198400,7.445,7.597,7.165,7.275,2448146.47
1670284800,7.276,7.336,6.962,7.132,2298699.38
1670371200,7.133,7.16,6.772,6.883,2493314.27
1670457600,6.883,7.077,6.777,7,1786637.85
1670544000,7.002,7.057,6.798,6.864,1107590.21
1670630400,6.865,6.923,6.704,6.856,999788.57
1670716800,6.855,6.958,6.655,6.701,1013809.41
1670803200,6.7,6.729,6.465,6.701,2168155.87
1670889600,6.701,7.041,6.473,6.923,2959636.88
1670976000,6.923,6.962,6.687,6.721,2265896.16
1671062400,6.72,6.744,6.39,6.458,2380693.95
1671148800,6.452,6.541,5.776,5.891,4098006.33
1671235200,5.892,6.065,5.795,6.029,2173658.81
1671321600,6.03,6.063,5.914,5.952,1004244.96
1671408000,5.954,6.066,5.675,5.787,3614510.16
1671494400,5.787,6.12,5.753,6.012,2434770.24
1671580800,6.013,6.042,5.884,5.988,2125830.75
1671667200,5.986,6.04,5.854,6.005,1846952.2
1671753600,6.007,6.052,5.922,5.938,1451809.82
1671840000,5.938,5.961,5.88,5.915,686840.7
1671926400,5.915,5.994,5.886,5.99,908223.63
1672012800,5.99,6.051,5.94,6.048,991128.85
1672099200,6.05,6.066,5.823,5.9,1271592.48
1672185600,5.9,5.909,5.625,5.672,2414229.62
1672272000,5.672,5.726,5.51,5.598,2629935.22
1672358400,5.598,5.639,5.411,5.472,2871488.31
1672444800,5.471,5.624,5.386,5.569,1899989.46
1672531200,5.569,5.639,5.5,5.629,1307321.81
1672617600,5.63,5.758,5.544,5.689,1807006.23
1672704000,5.687,5.719,5.57,5.623,1490157.93
1672790400,5.624,5.855,5.609,5.807,2155096.38
1672876800,5.808,5.816,5.607,5.659,1442853.7
1672963200,5.661,5.731,5.521,5.713,1599665.64
1673049600,5.711,5.841,5.69,5.828,1135509.28
1673136000,5.828,5.973,5.753,5.961,1587858.56
1673222400,5.961,6.254,5.932,6.063,4551702.74
1673308800,6.064,6.302,5.986,6.168,2407984.95
1673395200,6.167,6.303,6.01,6.281,2367401.78
1673481600,6.282,6.408,6.05,6.383,4164801.36
1673568000,6.382,6.617,6.261,6.605,3292514.92
1673654400,6.605,7.107,6.45,6.859,7126427.6
1673740800,6.86,6.931,6.601,6.699,4019908.25
1673827200,6.698,6.948,6.414,6.67,4975898.54
1673913600,6.671,6.99,6.551,6.805,3498392.7
1674000000,6.808,6.986,6.27,6.335,4503954.41
1674086400,6.33,6.546,6.316,6.508,1876799.14
1674172800,6.513,6.976,6.415,6.944,2216606.11
1674259200,6.943,7.11,6.77,6.853,3368036.27
1674345600,6.855,7.269,6.783,6.986,3538226.01
1674432000,6.986,7.234,6.839,7.015,3138733.69
1674518400,7.014,7.199,6.552,6.66,2732069.55
1674604800,6.659,7.1,6.514,6.96,3473698.21
1674691200,6.96,7.307,6.826,7.169,3379640.43
1674777600,7.177,7.503,6.927,7.384,3644156.66
1674864000,7.384,7.512,7.126,7.206,1691174.67
1674950400,7.206,7.512,7.146,7.374,2317745.34
1675036800,7.375,7.441,6.76,6.917,2317254.46
1675123200,6.917,7.081,6.85,6.954,1847819.29
1675209600,6.952,7.273,6.669,7.21,2604438.46
1675296000,7.212,7.49,7.04,7.098,2745552.56
1675382400,7.101,7.348,7.014,7.29,1936936.47
1675468800,7.29,7.364,7.129,7.24,1034458.33
1675555200,7.235,7.254,6.863,6.988,1576042.58
1675641600,6.988,7.062,6.766,6.838,1354609.4
1675728000,6.835,7.214,6.823,7.196,2084220.26
1675814400,7.196,7.3,6.96,7.138,1898049.29
1675900800,7.139,7.811,6.835,6.983,7357597.05
1675987200,6.987,7.121,6.79,6.893,2873617.76
1676073600,6.884,7.035,6.854,7.005,704809.04
1676160000,7.004,7.089,6.694,6.812,1141833.14
1676246400,6.81,6.849,6.43,6.68,2429721.96
1676332800,6.681,6.832,6.448,6.812,2276888.94
1676419200,6.813,7.308,6.726,7.283,2406952.71
1676505600,7.284,7.493,7.01,7.015,3577013.98
1676592000,7.014,7.712,6.97,7.649,2908574.87
1676678400,7.649,8.259,7.503,7.988,3877255.54
1676764800,7.988,8.288,7.823,8.008,3411658.4
1676851200,8.011,8.397,7.733,8.019,3474939.34
1676937600,8.017,8.072,7.5,7.644,2339281.84
1677024000,7.644,7.733,7.297,7.721,2450614
1677110400,7.718,8.208,7.672,7.937,3195479.58
1677196800,7.937,8.151,7.262,7.463,2968106.96
1677283200,7.464,7.492,7.181,7.372,2148724.35
1677369600,7.374,7.545,7.292,7.499,1465402.04
1677456000,7.496,7.504,7.128,7.272,1604955.41
1677542400,7.272,7.425,7.098,7.198,1714867.73
1677628800,7.199,7.545,7.147,7.532,1473947.47
1677715200,7.534,7.579,7.163,7.28,810693.38
1677801600,7.28,7.28,6.7,6.96,1889442.12
1677888000,6.959,7.012,6.72,6.86,279909.71
1677974400,6.858,7.021,6.808,6.947,716937.25
1678060800,6.946,6.979,6.821,6.858,852453.44
1678147200,6.859,6.973,6.667,6.885,1439416.28
1678233600,6.886,6.949,6.5,6.576,1433121.97
1678320000,6.577,6.686,6.002,6.16,2481324.54
1678406400,6.16,6.283,5.9,6.239,1960772.92
1678492800,6.239,6.469,5.975,6.213,1563062.16
1678579200,6.212,6.625,6.113,6.605,1536793.23
1678665600,6.604,6.97,6.403,6.789,2478594.2
1678752000,6.791,7.237,6.65,6.984,2747951.25
1678838400,6.984,7.145,6.404,6.571,2623741.38
1678924800,6.573,6.7,6.466,6.678,1171416.82
1679011200,6.677,7.275,6.615,7.221,2334065.43
1679097600,7.223,7.326,6.87,6.939,1913225.7
1679184000,6.937,7.305,6.932,7.101,1155574.82
1679270400,7.102,7.458,6.937,7.077,3074911.03
1679356800,7.077,7.484,6.87,7.4,2212555.33
1679443200,7.403,7.735,7.019,7.196,3396455.69
1679529600,7.187,7.659,7.109,7.623,1957109.99
1679616000,7.622,7.67,7.126,7.2,1568457.7
1679702400,7.2,7.264,6.98,7.082,983841.73
1679788800,7.083,7.297,7.058,7.265,590713.68
1679875200,7.266,7.278,6.756,6.876,1380229.45
1679961600,6.876,7.048,6.75,6.954,1170852.07
1680048000,6.953,7.496,6.928,7.383,1449739.08
1680134400,7.391,7.557,7.134,7.232,1252676.07
1680220800,7.234,7.674,7.227,7.591,1451285.67
1680307200,7.592,7.637,7.439,7.551,794163.08
1680393600,7.551,7.551,7.198,7.26,738793.12
1680480000,7.262,7.441,7.031,7.244,1607474.49
1680566400,7.247,7.48,7.202,7.372,1134938.92
1680652800,7.373,7.611,7.217,7.322,1400577.46
1680739200,7.324,7.337,7.12,7.207,810335.27
1680825600,7.204,7.314,7.112,7.273,576309.17
1680912000,7.274,7.299,7.094,7.136,425417.27
1680998400,7.135,7.26,7.054,7.203,573997.28
1681084800,7.205,7.381,7.137,7.348,892375.73
1681171200,7.348,7.456,7.284,7.307,1084573.8
1681257600,7.307,7.376,7.109,7.235,1402109.3
1681344000,7.236,7.552,7.176,7.466,1404713.39
1681430400,7.466,7.91,7.465,7.749,3365294.15
1681516800,7.748,8.092,7.621,8.015,2091463.33
1681603200,8.014,8.198,7.911,8.146,1696283.76
1681689600,8.144,8.301,7.867,8.165,3318441.82
1681776000,8.165,8.8,8.031,8.586,2829302.05
1681862400,8.583,8.602,7.65,7.756,4056551.98
1681948800,7.753,7.97,7.431,7.517,2886462.93
1682035200,7.513,7.606,7.012,7.111,2501652.77
1682121600,7.112,7.241,7.08,7.178,646206.94
1682208000,7.178,7.178,6.878,7.083,833742.48
1682294400,7.081,7.265,6.995,7.072,702890.25
1682380800,7.072,7.301,6.952,7.274,772855.14
1682467200,7.277,7.509,6.8,7.009,1966328.19
1682553600,7.009,7.232,6.977,7.173,1167005.83
1682640000,7.172,7.193,6.96,7.042,912149.13
1682726400,7.046,7.224,6.999,7.191,532885.88
1682812800,7.191,7.307,7.021,7.029,776329.62
1682899200,7.028,7.088,6.8,6.896,1148501.71
1682985600,6.898,7.018,6.802,6.988,523648.57
1683072000,6.991,7.155,6.821,7.128,942514.99
1683158400,7.132,7.163,6.964,7.004,524890.91
1683244800,7.004,7.288,6.9,7.235,1168492.27
1683331200,7.235,7.29,6.878,6.932,841892.13
1683417600,6.932,6.999,6.87,6.915,497525.3
1683504000,6.914,6.92,6.418,6.587,1558224.16
1683590400,6.591,6.639,6.456,6.528,582450.31
1683676800,6.528,6.702,6.306,6.592,1614768.19
1683763200,6.592,6.595,6.219,6.367,951548.56
1683849600,6.363,6.641,6.228,6.624,1010221.3
1683936000,6.629,6.639,6.479,6.494,383061.12
1684022400,6.497,6.613,6.445,6.55,331175.33
1684108800,6.552,6.71,6.459,6.638,693715.98
1684195200,6.637,6.728,6.553,6.657,625455.21
1684281600,6.659,6.808,6.55,6.757,994877.36
1684368000,6.76,6.767,6.423,6.53,1229056.85
1684454400,6.531,6.56,6.461,6.513,420558.33
1684540800,6.514,6.547,6.475,6.505,183236.47
1684627200,6.507,6.546,6.361,6.431,303508.11
1684713600,6.432,6.607,6.338,6.533,717814.94
1684800000,6.533,6.636,6.475,6.507,519433.84
1684886400,6.507,6.51,6.206,6.321,949154.93
1684972800,6.321,6.346,6.166,6.278,673370.63
1685059200,6.278,6.406,6.236,6.345,655788.58
1685145600,6.346,6.443,6.331,6.441,363271.88
1685232000,6.439,6.66,6.421,6.635,854574.94
1685318400,6.637,6.679,6.529,6.641,793345.67
1685404800,6.641,6.674,6.537,6.614,895467.87
1685491200,6.613,6.637,6.401,6.481,957700.65
1685577600,6.481,6.513,6.319,6.348,824000.75
1685664000,6.347,6.483,6.31,6.454,623375.87
1685750400,6.452,6.462,6.362,6.425,384338.83
1685836800,6.424,6.539,6.395,6.451,526814.91
1685923200,6.451,6.493,5.99,6.058,1641082.43
1686009600,6.059,6.31,6.007,6.263,2382095.58
1686096000,6.264,6.27,5.832,5.919,2609490.68
1686182400,5.919,6.037,5.886,5.996,907382.25
1686268800,5.997,6.082,5.916,5.992,902731.39
1686355200,5.991,6.008,4.926,5.24,4885341.55
1686441600,5.238,5.256,5.093,5.176,1464445.36
1686528000,5.176,5.2,5.005,5.16,1762422.18
1686614400,5.159,5.411,5.11,5.3,1516264.11
1686700800,5.299,5.507,5.142,5.249,2076488.12
1686787200,5.25,5.414,5.157,5.305,1554434.43
1686873600,5.305,5.395,5.137,5.322,1204033.85
1686960000,5.322,5.39,5.219,5.281,744558.88
1687046400,5.277,5.3,5.125,5.155,1055311.89
1687132800,5.154,5.19,4.996,5.133,1121426.43
1687219200,5.132,5.282,5,5.268,1400167.59
1687305600,5.269,5.588,5.244,5.556,2061224.28
1687392000,5.56,5.826,5.508,5.561,2721786.55
1687478400,5.562,6.157,5.553,6.074,2057585.67
1687564800,6.073,6.198,5.926,6.138,926061.3
1687651200,6.138,6.378,6.062,6.162,1166112.2
1687737600,6.162,6.259,6.007,6.058,983050.58
1687824000,6.06,6.263,6.047,6.198,1171068.49
1687910400,6.198,6.205,5.716,5.813,1211259.28
1687996800,5.816,6.184,5.788,5.891,1250731.82
1688083200,5.892,6.447,5.841,6.311,2752431.48
1688169600,6.311,6.521,6.119,6.505,1315740.35
1688256000,6.504,6.562,6.337,6.544,1159539.25
1688342400,6.54,6.695,6.471,6.628,1117999.11
1688428800,6.626,6.628,6.397,6.521,800998.92
1688515200,6.527,6.57,6.216,6.3,1125499.78
1688601600,6.295,6.507,6.077,6.084,1278127.15
1688688000,6.082,6.225,6.016,6.157,920520.82
1688774400,6.161,6.223,6.094,6.198,558869.78
1688860800,6.198,6.243,6.127,6.147,500033.05
1688947200,6.154,6.301,6.022,6.169,964932.25
1689033600,6.168,6.236,6.123,6.207,455936.38
1689120000,6.208,6.348,6.196,6.252,695346.83
1689206400,6.249,7.172,6.212,7.128,3339972.14
1689292800,7.128,7.347,6.695,6.963,2793202.4
1689379200,6.963,7.024,6.833,6.924,884608.04
1689465600,6.92,6.925,6.578,6.61,1012162.53
1689552000,6.612,7.272,6.454,7.191,3125453.26
1689638400,7.189,7.3,6.796,6.914,2737575.26
1689724800,6.916,7.049,6.775,6.917,2140177
1689811200,6.917,8.44,6.888,8.359,8910194.23
1689897600,8.365,8.443,8.05,8.135,2579102
1689984000,8.134,8.372,7.77,7.882,2068375.19
1690070400,7.882,8.096,7.819,7.893,1425493.88
1690156800,7.892,7.894,7.45,7.588,2183398.97
1690243200,7.587,7.642,7.343,7.393,1124998.4
1690329600,7.395,7.834,7.278,7.745,2031276.26
1690416000,7.745,8.125,7.686,7.986,2116996.28
1690502400,7.985,8.092,7.76,7.772,1095954.41
1690588800,7.773,7.898,7.723,7.844,657826.15
1690675200,7.845,7.862,7.371,7.555,1028780.02
1690761600,7.553,7.736,7.434,7.55,1328355.77
1690848000,7.549,7.644,7.31,7.637,1581990.46
1690934400,7.642,7.717,7.328,7.345,1338650.54
1691020800,7.343,7.405,7.07,7.122,1236198.96
1691107200,7.119,7.26,7.004,7.133,938999.45
1691193600,7.133,7.237,7.087,7.223,516054.11
1691280000,7.222,7.264,7.067,7.092,499365.33
1691366400,7.091,7.39,6.936,7.32,1254999.47
1691452800,7.318,7.547,7.282,7.462,1929905.01
1691539200,7.465,7.911,7.379,7.674,1939521.31
1691625600,7.673,7.732,7.552,7.611,1053334.79
1691712000,7.612,7.635,7.401,7.483,615124.86
1691798400,7.482,7.537,7.382,7.441,516089.63
1691884800,7.44,7.553,7.31,7.368,670913.08
1691971200,7.362,7.621,7.304,7.407,1362184.24
1692057600,7.406,7.426,6.85,7.034,1583217.28
1692144000,7.033,7.064,6.595,6.756,1481269.36
1692230400,6.758,6.86,5.93,6.197,2659383.51
1692316800,6.199,6.287,6.064,6.173,1652682.79
1692403200,6.17,6.259,6.113,6.178,1384149.69
1692489600,6.178,6.234,6.115,6.221,434409.84
1692576000,6.222,6.254,6.01,6.175,1112076
1692662400,6.175,6.254,5.876,6.113,1237217.14
1692748800,6.115,6.431,6.102,6.349,1553704.52
1692835200,6.348,6.368,5.987,6.084,906210.82
1692921600,6.083,6.083,5.911,6.013,1206743.02
1693008000,6.012,6.04,5.955,6.003,405661.7
1693094400,6.002,6.045,5.952,6.029,454880.04
1693180800,6.02,6.045,5.85,5.975,827520.58
1693267200,5.975,6.317,5.841,6.193,1795144.19
1693353600,6.194,6.199,5.886,5.924,1207328.95
1693440000,5.924,6.063,5.74,5.878,1360370.25
1693526400,5.878,6.03,5.811,5.939,1698785.07
1693612800,5.939,5.997,5.889,5.972,508124.59
1693699200,5.973,6.063,5.948,6.03,573914.52
1693785600,6.03,6.161,5.945,6.014,848202.29
1693872000,6.011,6.15,5.905,6.137,860988.79
1693958400,6.137,6.349,6.093,6.298,1486822.01
1694044800,6.299,6.469,6.194,6.387,1504403.67
1694131200,6.384,6.402,6.144,6.281,819714.94
1694217600,6.28,6.292,6.157,6.165,392070.8
1694304000,6.164,6.164,5.955,6.014,1003867.48
1694390400,6.013,6.034,5.737,5.828,1493662.04
1694476800,5.828,6.074,5.809,5.96,1104548.26
1694563200,5.96,6.091,5.925,6.022,1360718.09
1694649600,6.025,6.215,6.006,6.154,871180.36
1694736000,6.155,6.381,6.1,6.367,979272.25
1694822400,6.367,6.421,6.187,6.282,1079293.36
1694908800,6.281,6.281,6.054,6.152,570060.59
1694995200,6.151,6.84,6.102,6.568,3415474.51
1695081600,6.567,6.969,6.5,6.846,2390326.81
1695168000,6.851,7.051,6.743,6.904,2044187.95
1695254400,6.907,6.949,6.598,6.664,1761763.02
1695340800,6.663,6.975,6.599,6.957,1885968.24
1695427200,6.958,7.231,6.92,7.191,2415390.18
1695513600,7.189,7.25,6.956,6.972,1702315.57
1695600000,6.971,7.51,6.909,7.496,3190986.76
1695686400,7.497,7.57,7.246,7.352,2355732.87
1695772800,7.352,7.89,7.266,7.638,4100037.73
1695859200,7.638,8.04,7.569,7.81,3391071.41
1695945600,7.81,8.079,7.681,7.95,2160674.8
1696032000,7.951,8.264,7.95,8.19,2410474.11
1696118400,8.191,8.259,7.781,8.048,2618806.72
1696204800,8.05,8.104,7.353,7.464,2878541.4
1696291200,7.478,7.74,7.368,7.409,2004295
1696377600,7.406,7.784,7.197,7.671,2305962.74
1696464000,7.667,7.791,7.452,7.465,1112732.92
1696550400,7.471,7.758,7.435,7.646,1099339.65
1696636800,7.645,7.684,7.48,7.531,526734.21
1696723200,7.53,7.944,7.507,7.68,1096659.91
1696809600,7.68,7.702,7.138,7.279,2006466.88
1696896000,7.277,7.392,7.177,7.263,1201418.4
1696982400,7.256,7.427,7.15,7.389,1489397.19
1697068800,7.387,7.411,7.113,7.198,1168986.04
1697155200,7.197,7.404,7.111,7.256,1307056.48
1697241600,7.26,7.371,7.218,7.33,468794.22
1697328000,7.328,7.57,7.288,7.423,1672277.56
1697414400,7.425,7.824,7.396,7.53,2290004.85
1697500800,7.53,7.564,7.273,7.325,1067483.79
1697587200,7.323,7.482,7.283,7.356,932362.07
1697673600,7.361,7.437,7.218,7.308,702615.81
1697760000,7.306,7.715,7.265,7.577,1421368.24
1697846400,7.578,9.169,7.523,8.915,5473191.09
1697932800,8.915,10.236,8.843,10.201,6443710.3
1698019200,10.194,11.05,9.799,10.584,8747671.05
1698105600,10.585,11.144,9.7,10.375,6645482.2
1698192000,10.375,11.784,10.343,11.064,8804259.44
1698278400,11.066,11.394,10.391,10.926,4999645.27
1698364800,10.93,11.43,10.614,11.184,5629548.12
1698451200,11.184,11.66,10.825,10.927,4276406.65
1698537600,10.927,11.294,10.76,11.087,2531492.77
1698624000,11.091,11.843,10.898,11.227,3586115.26
1698710400,11.234,12.016,10.98,11.358,5703879.12
1698796800,11.353,11.775,10.688,11.643,6016269.03
1698883200,11.648,11.75,10.807,11.01,3705958.47
1698969600,11.008,11.598,10.516,11.462,3880555.9
1699056000,11.461,11.626,11.16,11.503,2360378.11
1699142400,11.507,12.565,11.368,12.242,5783412.69
1699228800,12.243,13.255,12.137,12.994,4851890.52
1699315200,12.991,13.338,12.525,13.047,4518606.55
1699401600,13.05,14.998,12.835,14.939,6859376.65
1699488000,14.934,15.998,13.85,14.613,9366499.52
1699574400,14.607,15.65,14.1,15.51,6124657.51
1699660800,15.511,16.581,14.75,16.475,6483651.87
1699747200,16.48,16.537,15.392,16.04,4262984.48
1699833600,16.039,16.303,14.312,14.364,4762466.59
1699920000,14.362,14.915,13.436,13.953,6386859.16
1700006400,13.955,15.394,13.931,15.043,4264755.34
1700092800,15.044,15.216,13.556,13.867,4515962.18
1700179200,13.873,14.264,12.862,13.716,4319831.91
1700265600,13.711,13.824,12.928,13.758,1756263.25
1700352000,13.757,15.109,13.376,14.921,3654257.76
1700438400,14.925,15.402,14.374,14.486,3590510.93
1700524800,14.486,14.677,13.308,13.373,3209623.84
1700611200,13.372,14.628,13.248,14.217,2434263.32
1700697600,14.219,14.859,14.132,14.396,1997559.81
1700784000,14.402,14.847,14.219,14.5,1758903.87
1700870400,14.502,14.98,14.392,14.776,1530588.21
1700956800,14.779,15.339,14.4,14.769,1995332.99
1701043200,14.773,15.299,13.88,14.185,2601655.44
1701129600,14.183,14.724,13.772,14.528,2114499.48
1701216000,14.53,14.996,14.411,14.519,1915440.97
1701302400,14.519,14.833,14.271,14.415,1719507.51
1701388800,14.419,15.064,14.276,14.998,2398526.37
1701475200,14.997,16.212,14.925,16,3016507.56
1701561600,16,16.293,15.677,15.714,1984382.68
1701648000,15.713,16.397,15.16,15.81,3680901.24
1701734400,15.805,16.08,15.184,15.73,2919844.56
1701820800,15.73,16.171,15.23,15.269,2988201.37
1701907200,15.271,15.8,14.673,15.693,3943270.82
1701993600,15.694,17.327,15.559,16.92,5197071.68
1702080000,16.935,17.3,16.042,16.2,4160264.61
1702166400,16.199,16.458,15.776,16.367,1801558.42
1702252800,16.372,16.461,14.191,14.763,4974841.6
1702339200,14.762,15.14,14.153,14.515,2738048.48
1702425600,14.522,14.961,13.851,14.773,2659031.28
1702512000,14.776,15.585,14.301,15.36,3410351.52
1702598400,15.372,15.39,14.25,14.279,2297499.83
1702684800,14.274,14.788,14.088,14.308,1339546.76
1702771200,14.31,14.361,13.9,14.003,1299546.34
1702857600,14.001,14.68,13.599,14.669,3254496.6
1702944000,14.67,14.8,13.921,14.096,1983227.54
1703030400,14.091,14.804,13.976,14.249,1933545.32
1703116800,14.251,15.308,14.18,15.305,2391682.15
1703203200,15.302,15.736,15.065,15.494,2379784.41
1703289600,15.494,15.918,14.909,15.69,2026057.89
1703376000,15.69,15.953,15.158,15.277,2049457.83
1703462400,15.276,15.739,15.124,15.59,1269715.24
1703548800,15.591,15.9,14.302,15.091,2177439.01
1703635200,15.097,16.75,14.649,16.715,3482020.77
1703721600,16.731,17.677,15.979,16.012,4797432.31
1703808000,16.019,16.234,15.13,15.543,2953752.56
1703894400,15.549,15.623,15.015,15.169,1191460.69
1703980800,15.173,15.526,14.758,14.935,1385011.18
1704067200,14.934,15.585,14.812,15.56,1414354.94
1704153600,15.559,16.079,15.046,15.169,2277157.35
1704240000,15.17,15.581,13.2,14.16,3496207.82
1704326400,14.155,14.799,13.997,14.541,1814373.07
1704412800,14.546,14.675,13.74,14.101,3339758.54
1704499200,14.1,14.11,13.2,13.445,1509559.13
1704585600,13.444,13.747,13,13.161,1118965.59
1704672000,13.165,14.419,12.538,14.154,2400026.44
1704758400,14.159,14.269,13.243,13.72,2314223.08
1704844800,13.722,15.367,13.56,15.075,2953044.25
1704931200,15.08,15.699,14.601,15.024,2081610.1
1705017600,15.027,15.309,13.604,14.148,1543743.45
1705104000,14.152,14.432,13.78,14.349,570918.5
1705190400,14.346,15.42,14.263,14.743,1988455.99
1705276800,14.736,16,14.733,15.174,2334370.42
1705363200,15.175,15.352,14.735,15.27,1163455.64
1705449600,15.267,16.383,15.267,15.749,2797738.51
1705536000,15.752,15.763,14.17,14.65,2423051.15
1705622400,14.65,16.4,14.45,16.103,3017672.57
1705708800,16.106,16.544,15.636,15.77,2433016.05
1705795200,15.771,15.9,15.351,15.382,882897.88
1705881600,15.378,15.962,14.498,14.583,2592674.15
1705968000,14.577,14.872,13.551,14.292,2750680.82
1706054400,14.293,14.423,13.902,14.231,1481806.82
1706140800,14.235,14.256,13.5,13.733,1340233.11
1706227200,13.733,14.296,13.631,14.186,1322706.44
1706313600,14.184,14.399,14.09,14.345,593603.12
1706400000,14.344,14.697,14.2,14.479,999990.97
1706486400,14.478,15.08,14.26,15.004,1628462.47
1706572800,15.005,15.804,14.896,15.475,2038807.69
1706659200,15.475,16.05,15.075,15.419,2328367.99
1706745600,15.417,17.377,15.132,17.184,4226734.74
1706832000,17.183,18.867,17.13,17.826,4760537.98
1706918400,17.821,18.139,17.5,17.652,1669951.41
1707004800,17.656,18.697,17.528,18.148,1947708.33
1707091200,18.148,19.777,17.789,19.139,3628590.39
1707177600,19.142,19.309,18.241,18.287,1984448.26
1707264000,18.287,19.077,18.056,18.812,2034147.38
1707350400,18.818,19.266,18.004,18.216,2491379.91
1707436800,18.216,18.622,18.005,18.483,1706222.55
1707523200,18.484,19.131,18.02,19.088,1277951.6
1707609600,19.086,20.693,18.862,20.153,2667335.34
1707696000,20.154,20.852,19.76,20.481,2260765.67
1707782400,20.489,20.612,19.47,19.879,2083987.24
1707868800,19.879,20.439,19.718,20.262,1653788
1707955200,20.262,20.569,19.664,19.951,1913899.29
1708041600,19.952,20.334,19.132,19.566,1724687.7
1708128000,19.573,20.279,19.23,20.038,1221107.2
1708214400,20.038,20.38,19.768,20.123,897380.94
1708300800,20.125,20.25,19.652,19.834,1344995.45
1708387200,19.832,19.886,18.481,19.296,2056715.19
1708473600,19.288,19.292,18.002,18.597,1561719.78
1708560000,18.6,19.006,18.065,18.105,1365694.94
1708646400,18.113,18.277,17.585,17.934,1509486.58
1708732800,17.933,18.567,17.75,18.535,785321.42
1708819200,18.535,18.855,18.369,18.724,739365.75
1708905600,18.722,19.279,18.135,19.103,1500035.05
1708992000,19.102,19.388,18.672,19.032,1437977.07
1709078400,19.027,20.85,18.354,19.455,4414215.7
1709164800,19.45,20.462,18.822,19.284,3018627.11
1709251200,19.288,20.114,19.275,20.063,1658323.77
1709337600,20.067,21.71,19.976,21.416,3059151.26
1709424000,21.414,21.549,19.59,20.519,1795457.31
1709510400,20.528,20.905,19.805,20.448,2471093.91
1709596800,20.445,21.064,17.473,19.002,5303763.07
1709683200,19.002,20.166,18.405,20.098,2639280.8
1709769600,20.1,20.803,19.605,20.124,2664826.03
1709856000,20.129,20.417,19.253,19.746,2168660.91
1709942400,19.746,20.369,19.704,20.019,1308801.71
1710028800,20.017,21.994,19.427,21.711,2600633.17
1710115200,21.713,22.876,20.761,21.277,4887169.52
1710201600,21.282,21.347,19.543,20.705,2327916.08
1710288000,20.705,20.969,20.214,20.767,1590922.22
1710374400,20.763,21.989,19.85,20.875,3167003.46
1710460800,20.879,20.992,18.501,19.634,2952545.45
1710547200,19.635,19.825,17.804,18.105,2028971.49
1710633600,18.102,18.817,17.378,18.65,1705269
1710720000,18.651,19.491,18.046,18.299,2161857.78
1710806400,18.298,18.46,16.5,16.804,3463717.05
1710892800,16.789,18.505,16.262,18.419,2823697.75
1710979200,18.416,18.913,17.88,18.447,1670598.53
1711065600,18.439,18.574,17.326,18.372,1746864.04
1711152000,18.367,18.477,17.9,18.067,1290510.28
1711238400,18.066,18.626,17.976,18.522,729788.84
1711324800,18.522,19.499,18.372,19.381,1454342.67
1711411200,19.376,20.735,19.329,20.009,1871395.47
1711497600,20.008,20.187,19,19.284,1520433.46
1711584000,19.281,19.805,19.034,19.146,1097619.08
1711670400,19.151,19.298,18.712,18.978,775842.63
1711756800,18.978,19.302,18.792,18.945,679880.48
1711843200,18.941,19.353,18.878,19.17,705541.84
1711929600,19.171,19.281,17.849,18.371,1254067.42
1712016000,18.37,18.493,17.389,17.958,1916518.95
1712102400,17.959,18.341,17.382,17.691,1050408.88
1712188800,17.687,18.272,17.397,17.8,984886.98
1712275200,17.791,17.791,16.867,17.33,812520.67
1712361600,17.334,17.688,17.269,17.564,363935.43
1712448000,17.569,17.973,17.505,17.917,494979.32
1712534400,17.912,18.67,17.547,18.102,936661.3
1712620800,18.102,18.18,17.241,17.354,803101.86
1712707200,17.353,17.574,16.805,17.415,817715.19
1712793600,17.418,17.621,17.003,17.558,640349.43
1712880000,17.557,17.871,14.2,15.164,3712925.66
1712966400,15.164,15.406,11.969,13.318,4953173.41
1713052800,13.317,14.27,12.726,14.119,3330101.68
1713139200,14.118,14.689,13.232,13.592,2065132.04
1713225600,13.59,13.821,12.826,13.471,1506265.96
1713312000,13.47,13.613,12.721,13.136,1099348.28
1713398400,13.134,13.99,12.816,13.893,863453.54
1713484800,13.897,14.13,12.75,13.955,1599485.91
1713571200,13.954,15.04,13.756,14.964,1274319.37
1713657600,14.965,15.18,14.537,15.106,648422.45
1713744000,15.112,16.039,15.015,15.461,1484483.36
1713830400,15.459,15.584,15.107,15.182,797669.59
1713916800,15.181,15.639,14.101,14.528,1278302.2
1714003200,14.532,14.897,14.352,14.592,822340.42
1714089600,14.592,14.936,14.354,14.48,706120.45
1714176000,14.485,14.522,13.862,14.254,997822.78
1714262400,14.259,14.434,13.723,13.803,728110.82
1714348800,13.808,14.18,13.71,14.074,691545.22
1714435200,14.074,14.205,12.77,13.121,1475649.71
1714521600,13.121,13.501,12.404,13.328,1951537.72
1714608000,13.331,13.781,12.915,13.588,911512.35
1714694400,13.59,14.208,13.453,14.1,1193549.28
1714780800,14.101,14.482,13.979,14.324,877252.38
1714867200,14.32,14.662,14.11,14.371,607333.95
1714953600,14.375,15.166,14.279,14.483,1159370.54
1715040000,14.487,14.72,13.963,14.001,1158625.92
1715126400,13.996,14.114,13.684,13.893,972452.44
1715212800,13.892,14.365,13.836,14.235,977051.39
1715299200,14.235,14.37,13.487,13.564,859670.36
1715385600,13.564,13.81,13.267,13.302,731768.98
1715472000,13.3,13.589,13.28,13.554,320564.8
1715558400,13.559,13.672,13.069,13.392,1022723.33
1715644800,13.391,13.59,12.93,12.981,814584.81
1715731200,12.98,13.943,12.838,13.872,1077564.58
1715817600,13.872,15.868,13.538,15.52,3111262.19
1715904000,15.515,16.765,15.5,16.247,4147880.57
1715990400,16.241,16.57,16.055,16.331,1545390.07
1716076800,16.335,17.115,16.303,16.561,2816903.08
1716163200,16.562,17.465,16.375,17.267,3541407.11
1716249600,17.268,17.454,16.51,16.735,1913414.3
1716336000,16.741,16.927,16.161,16.348,1263676.34
1716422400,16.349,16.803,15.418,16.594,2278825.82
1716508800,16.588,17.773,16.554,17.245,2983480.25
1716595200,17.248,17.463,16.917,17.436,814342.72
1716681600,17.438,17.901,16.983,17.032,1142638.34
1716768000,17.032,18.849,16.878,18.773,2327412.58
1716854400,18.776,18.825,17.857,18.513,2605867.58
1716940800,18.517,19.208,18.025,18.434,2204916.5
1717027200,18.433,19.19,17.782,17.944,1504309.2
1717113600,17.945,18.722,17.449,18.395,940255.9
1717200000,18.396,18.665,18.249,18.425,491131.27
1717286400,18.427,18.55,18.061,18.138,461400.48
1717372800,18.137,18.343,17.539,17.629,991439.52
1717459200,17.627,17.853,17.474,17.719,682852.68
1717545600,17.714,18.081,17.622,17.746,543910.98
1717632000,17.747,17.78,17.103,17.243,757783.24
1717718400,17.244,17.707,15.5,16.311,1449582.2
1717804800,16.312,16.414,15.679,15.928,891093.49
1717891200,15.926,16.382,15.905,16.375,338979.99
1717977600,16.376,16.392,15.755,15.899,683508.92
1718064000,15.9,15.907,14.654,14.989,1837834.34
1718150400,14.987,16.239,14.729,15.999,1655733.85
1718236800,16.005,16.046,15.05,15.135,1174634.61
1718323200,15.133,15.455,14.423,14.742,1686855.4
1718409600,14.737,15.103,14.695,14.852,646734.35
1718496000,14.852,15.219,14.564,15.131,519413.17
1718582400,15.131,15.209,14.008,14.518,1463410.2
1718668800,14.519,14.616,12.93,13.977,2357403.28
1718755200,13.98,14.497,13.909,14.338,1292776.1
1718841600,14.34,14.848,14.185,14.248,1268679.8
1718928000,14.252,14.582,13.84,13.844,1634421.23
1719014400,13.845,13.905,13.451,13.477,702180.03
1719100800,13.478,13.676,13.138,13.184,582538.47
1719187200,13.186,13.684,12.69,13.609,1958245.81
1719273600,13.601,14.293,13.566,14.192,1239342.26
1719360000,14.191,14.287,13.85,13.906,535708.75
1719446400,13.906,14.549,13.576,14.409,844608.11
1719532800,14.408,14.578,13.734,13.755,810726.85
1719619200,13.754,14.143,13.45,13.523,450319.92
1719705600,13.524,14.325,13.429,14.251,625921.58
1719792000,14.258,14.562,14.201,14.32,911577.57
1719878400,14.325,14.73,14.232,14.397,777636.77
1719964800,14.392,14.572,13.541,13.576,1502724.47
1720051200,13.577,13.723,12.51,12.536,1687689.29
1720137600,12.532,12.545,11.042,12.309,3553067.1
1720224000,12.31,13.283,12.187,13.182,1234737.45
1720310400,13.184,13.196,12.286,12.352,922351.69
1720396800,12.353,13.524,11.775,13.123,2352509.07
1720483200,13.122,13.314,12.727,12.839,1165080.33
1720569600,12.833,13.171,12.693,12.792,1102006.08
1720656000,12.792,13.159,12.289,12.343,1292231.18
1720742400,12.351,12.832,12.229,12.739,981561.06
1720828800,12.749,13.137,12.705,13.021,774737.55
1720915200,13.022,13.531,12.898,13.46,1088609.46
1721001600,13.45,14.51,13.409,14.403,1871748.35
1721088000,14.4,14.628,13.82,14.214,1392892.52
1721174400,14.216,14.505,13.731,13.736,971696.59
1721260800,13.739,14,13.413,13.594,1021805.39
1721347200,13.59,14.15,13.34,14.087,999471.62
1721433600,14.084,14.339,13.856,14.251,704929.23
1721520000,14.253,15.008,13.95,14.821,1400775.93
1721606400,14.824,14.878,13.79,13.94,1384527.51
1721692800,13.942,14.166,13.496,13.909,949917.05
1721779200,13.909,13.957,13.25,13.403,780408.02
1721865600,13.403,13.443,12.461,12.935,1286564.35
1721952000,12.934,13.641,12.906,13.53,763476.45
1722038400,13.528,13.875,13.262,13.549,639069.43
1722124800,13.546,13.644,13.188,13.305,578664.7
1722211200,13.301,13.903,13.298,13.534,1018724.85
1722297600,13.533,13.79,12.98,13.13,633971.2
1722384000,13.124,13.415,12.77,12.823,799327.34
1722470400,12.823,13.092,12.12,12.873,1036484.84
1722556800,12.872,12.936,11.751,11.908,1499514.4
1722643200,11.908,12.127,11.336,11.679,1227047.73
1722729600,11.68,11.778,10.484,10.884,1609885.92
1722816000,10.884,10.973,8.082,9.49,7259026.33
1722902400,9.492,10.466,9.482,10.071,2904925.76
1722988800,10.067,10.489,9.423,9.489,2089119.14
1723075200,9.492,10.837,9.34,10.754,1442474.69
1723161600,10.752,10.752,10.16,10.541,1234926.58
1723248000,10.542,10.706,10.473,10.555,754905.17
1723334400,10.559,10.844,9.948,10.001,776429.11
1723420800,10.001,10.754,9.943,10.553,1111567.45
1723507200,10.553,10.69,10.097,10.575,1031772.68
1723593600,10.575,10.747,10.212,10.4,999575.53
1723680000,10.396,10.693,9.98,10.177,1495414.61
1723766400,10.177,10.401,9.917,10.131,1313745.5
1723852800,10.127,10.18,10.03,10.155,507403.86
1723939200,10.158,10.472,10.06,10.087,674829.62
1724025600,10.083,10.201,9.947,10.185,901293.04
1724112000,10.186,10.551,10.045,10.235,1410415.88
1724198400,10.234,11.402,10.15,11.215,1710698.4
1724284800,11.218,11.618,11.15,11.478,1376647.44
1724371200,11.48,12.213,11.457,12.06,1844129.47
1724457600,12.064,12.561,11.913,12.346,1179230.99
1724544000,12.345,12.39,11.954,12.111,1352953.15
1724630400,12.11,12.698,11.838,11.841,1702518.33
1724716800,11.84,12.049,10.905,11.161,1901385.87
1724803200,11.162,11.708,10.94,11.172,1322575.88
1724889600,11.177,11.469,10.814,10.946,1043963.38
1724976000,10.942,11.198,10.5,11.107,1022683.86
1725062400,11.114,11.207,10.929,11.01,481037.77
1725148800,11.011,11.018,10.233,10.368,802823.97
1725235200,10.365,10.834,10.319,10.761,798196.61
1725321600,10.761,10.88,10.209,10.31,919948.67
1725408000,10.31,10.498,9.822,10.332,1429384.61
1725494400,10.332,10.394,9.909,10.025,842590.2
1725580800,10.023,10.177,9.28,9.576,1854086.15
1725667200,9.574,10.157,9.556,10.027,1137684.03
1725753600,10.027,10.452,9.965,10.351,876470.5
1725840000,10.351,10.824,10.271,10.539,1812036.78
1725926400,10.539,10.742,10.329,10.59,921010.02
1726012800,10.59,10.598,10.172,10.396,1258969.5
1726099200,10.397,10.804,10.39,10.785,1074765.39
1726185600,10.786,11.566,10.64,11.45,1867744
1726272000,11.458,11.484,11.218,11.302,661880.29
1726358400,11.302,11.366,10.8,10.811,847664.69
1726444800,10.812,10.829,10.412,10.544,1294279.35
1726531200,10.535,10.918,10.434,10.627,1428485.75
1726617600,10.624,10.894,10.289,10.891,1469395.63
1726704000,10.894,11.397,10.894,11.202,1841682.68
1726790400,11.204,11.737,11.124,11.439,1515133.95
1726876800,11.44,11.546,11.213,11.49,730326.37
1726963200,11.493,11.549,10.853,11.13,950773.25
1727049600,11.132,11.612,10.915,11.389,1380232.89
1727136000,11.393,12.226,11.192,12.148,2030716.55
1727222400,12.149,12.557,12.061,12.102,1635101.59
1727308800,12.106,12.749,11.872,12.558,2007476.32
1727395200,12.558,12.882,12.45,12.669,1377356.57
1727481600,12.67,12.974,12.368,12.944,952246.73
1727568000,12.948,12.974,12.437,12.467,823826.05
1727654400,12.467,12.474,11.757,11.847,1497772.9
1727740800,11.847,12.249,10.873,11.015,2435436.2
1727827200,11.01,11.305,10.45,10.653,1743470.27
1727913600,10.649,10.863,10.342,10.657,1548507.54
1728000000,10.658,11.245,10.594,11.074,1305108.15
1728086400,11.077,11.379,10.985,11.262,938777.46
1728172800,11.266,11.395,11.16,11.276,985494.53
1728259200,11.275,11.745,11.131,11.157,2052239.77
1728345600,11.158,11.287,10.783,10.826,1382995.34
1728432000,10.824,10.961,10.404,10.527,1238341.81
1728518400,10.529,10.73,10.24,10.55,1271114.2
1728604800,10.55,10.948,10.494,10.933,1164762.63
1728691200,10.9,11.143,10.834,10.998,826585.45
1728777600,10.999,11.072,10.622,10.751,915033.09
1728864000,10.75,11.339,10.599,11.283,2095539.98
1728950400,11.28,11.687,10.932,11.455,2578959.38
1729036800,11.458,11.527,11.064,11.243,1594260.05
1729123200,11.244,11.347,10.835,11.025,1198586.82
1729209600,11.026,11.506,10.974,11.478,1169374.92
1729296000,11.479,11.597,11.293,11.417,585192.17
1729382400,11.418,12.034,11.274,11.968,896975.74
1729468800,11.97,12.026,11.531,11.7,946027.18
1729555200,11.7,12.33,11.588,11.967,1723760.43
1729641600,11.969,11.995,11.001,11.314,1084395.97
1729728000,11.316,11.633,11.212,11.605,1014439.74
1729814400,11.61,12.085,10.79,11.117,2099904.62
1729900800,11.118,11.373,10.81,10.99,1229022.34
1729987200,10.994,11.16,10.833,10.968,722091.81
1730073600,10.966,11.258,10.7,11.175,1385416.74
1730160000,11.183,11.8,11.139,11.796,1462835.38
1730246400,11.793,12.456,11.648,12.393,1585906.8
1730332800,12.397,12.458,11.306,11.403,1352005.02
1730419200,11.399,11.719,11.15,11.244,1257509.18
1730505600,11.242,11.397,11.073,11.186,604770.83
1730592000,11.191,11.23,10.511,10.757,759442.3
1730678400,10.758,10.906,10.067,10.248,914169
1730764800,10.251,10.938,10.178,10.831,1212168.14
1730851200,10.835,12.32,10.802,12.181,3113609.02
1730937600,12.182,12.717,12.071,12.597,1969083.56
1731024000,12.599,13.762,12.527,13.703,2700799.47
1731110400,13.703,13.846,13.286,13.782,1447300.44
1731196800,13.781,14.862,13.644,14.272,3324970.52
1731283200,14.274,14.962,13.624,14.933,2777091.37
1731369600,14.933,15.361,13.68,13.968,3492503.79
1731456000,13.967,14.407,13.07,13.501,3178604.72
1731542400,13.5,13.83,12.802,12.988,2379723.81
1731628800,12.995,13.899,12.723,13.837,2183614.97
1731715200,13.842,14.798,13.74,14.53,3090591.43
1731801600,14.537,14.892,13.56,13.789,1933579.89
1731888000,13.794,16.005,13.754,15.285,3607382.07
1731974400,15.281,15.43,14.421,14.642,2082807.66
1732060800,14.638,15.336,14.047,14.248,2450895.28
1732147200,14.25,15.386,13.854,14.905,2933769.52
1732233600,14.91,16.611,14.734,16.586,4418664.21
1732320000,16.583,18.4,16.309,17.398,6039565.91
1732406400,17.402,18.354,16.12,17.924,3821455.16
1732492800,17.931,19.065,17.15,17.342,4536023.39
1732579200,17.338,17.845,16.183,17.333,3318026.92
1732665600,17.331,19.019,16.955,18.672,3203173.89
1732752000,18.678,18.716,17.489,17.941,2321005.87
1732838400,17.941,18.415,17.529,18.255,1890084.4
1732924800,18.251,19.456,17.94,19.008,2778533.27
1733011200,19.009,19.125,18.415,18.939,2285062.81
1733097600,18.93,26.926,18.588,25.235,12984283.07
1733184000,25.233,26.24,22.549,24.115,8231033.84
1733270400,24.119,26.5,23.622,24.108,5563340.36
1733356800,24.109,25.059,22.48,23.167,5933844.73
1733443200,23.174,26,22.74,25.916,3889849.48
1733529600,25.911,26.872,24.462,24.811,3480308.51
1733616000,24.803,27.401,24.706,26.116,3440910.4
1733702400,26.118,27.374,19.85,22.257,6550025.46
1733788800,22.255,23.791,20.279,22.129,7730853.2
1733875200,22.13,24.349,21.16,24.083,3913042.27
1733961600,24.084,29.45,23.889,29.106,9022641.62
1734048000,29.13,30.949,27.49,28.999,5216884.43
1734134400,28.998,30.75,28.716,29.112,4686288.66
1734220800,29.118,29.874,28.02,29.248,2858136.31
1734307200,29.249,30.812,28.406,28.751,4737715.13
1734393600,28.749,29.071,27.353,27.858,3101178.51
1734480000,27.865,28.405,24.699,24.841,3748955.5
1734566400,24.842,25.72,21.671,22.784,6540306.59
1734652800,22.797,23.698,20,23.387,7006221.55
1734739200,23.378,24.933,21.759,22.119,3281071.61
1734825600,22.122,22.779,21.288,22.061,2247561.78
1734912000,22.064,24.918,21.47,24.511,3990365.38
1734998400,24.514,25.966,23.503,25.406,3595893.43
1735084800,25.409,25.562,24.12,24.424,1235639.75
1735171200,24.417,24.69,22.395,22.656,1628908.99
1735257600,22.653,23.644,21.331,21.531,2136154.41
1735344000,21.536,22.346,21.025,21.948,1950627.37
1735430400,21.939,21.975,20.732,20.904,1120961.15
1735516800,20.911,21.787,20.052,20.542,2386902.15
1735603200,20.534,21.174,19.786,19.972,2244717.87
1735689600,19.976,21.8,19.655,21.692,1822381.06
1735776000,21.678,22.875,21.678,22.044,2154179.39
1735862400,22.046,23.892,21.626,23.474,2054732.82
1735948800,23.47,24.057,22.88,23.594,1267317.38
1736035200,23.595,23.821,22.851,23.573,1078605.75
1736121600,23.574,24.779,23.01,23.844,2214389.98
1736208000,23.832,23.851,21.169,21.385,2148186.4
1736294400,21.38,21.726,19.578,20.441,2782162.35
1736380800,20.437,20.728,19.136,19.645,2206846
1736467200,19.651,20.532,19.527,20.245,2048047.41
1736553600,20.24,20.682,19.803,20.21,1026993.04
1736640000,20.211,20.321,19.585,19.827,804275.03
1736726400,19.828,20.424,17.837,19.355,3044247.23
1736812800,19.353,20.49,19.24,20.312,1433059.55
1736899200,20.319,22.156,20.09,22.087,2291938.61
1736985600,22.089,23.88,21.296,23.022,3751414.2
1737072000,23.027,25.238,23.027,25.104,3033747.84
1737158400,25.107,25.679,23.354,24.086,3576559.27
1737244800,24.082,26.68,22.166,24.306,6125044.7
1737331200,24.315,26.9,23.368,25.053,6961513.6
1737417600,25.054,27.097,23.637,26.666,4434885.11
1737504000,26.656,27.2,25.099,25.275,2059283.55
1737590400,25.272,26.241,23.97,25.663,3312875.59
1737676800,25.665,26.437,24.839,25.188,2232846.6
1737763200,25.179,25.43,24.698,24.92,1479863.8
1737849600,24.927,26.384,24.843,24.863,1951200.58
1737936000,24.869,25.123,22.176,24.198,4290256.49
1738022400,24.205,24.657,22.35,22.603,2447674.45
1738108800,22.605,24.451,22.306,23.663,2731717.51
1738195200,23.663,25.266,23.401,24.459,2153033.44
1738281600,24.459,26.4,24.128,25.152,2483353.75
1738368000,25.148,25.959,22.76,22.97,2093949.39
1738454400,22.968,23.324,19.31,20.457,4162530.01
1738540800,20.459,22.067,16.01,21.67,9026633.21
1738627200,21.673,21.733,19.321,19.982,4178193.62
1738713600,19.989,20.272,18.97,19.199,2906253.7
1738800000,19.188,19.938,18.409,18.588,2402267.62
1738886400,18.59,19.863,17.796,18.39,2800737.01
1738972800,18.39,18.628,17.875,18.448,1113000.58
1739059200,18.447,19.009,17.44,18.269,1592447.11
1739145600,18.267,19.121,17.674,18.802,1489112.81
1739232000,18.798,19.795,18.218,18.647,1649090.45
1739318400,18.643,19.523,17.648,19.198,2069346.56
1739404800,19.206,19.333,18.179,18.552,1492037.36
1739491200,18.56,19.849,18.452,19.381,1887941.84
1739577600,19.385,19.661,18.74,19.003,862107.94
1739664000,18.995,19.26,18.56,18.698,790940.2
1739750400,18.692,19.785,18.364,19.113,1694828.76
1739836800,19.104,19.2,17.281,17.86,1748771.17
1739923200,17.863,18.2,17.43,17.978,1191507.68
1740009600,17.981,18.474,17.823,18.289,1314467.3
1740096000,18.286,19.06,17.119,17.415,1705870.2
1740182400,17.417,18.03,17.298,17.758,767881.54
1740268800,17.755,18.133,17.423,17.611,486993.18
1740355200,17.613,17.747,15,15.25,1899774.4
1740441600,15.25,15.569,14.021,15.294,3753552.9
1740528000,15.296,15.76,14.62,15.231,2125321.22
1740614400,15.236,15.769,14.75,15.091,1321528.69
1740700800,15.094,15.183,13.436,14.804,2884398.48
1740787200,14.804,15.128,14.216,14.751,1186533.46
1740873600,14.754,17.813,14.39,17.419,3313206.01
1740960000,17.415,17.495,14.359,14.443,3513192.01
1741046400,14.445,15.357,13.074,14.862,4520240.39
1741132800,14.859,16.588,14.631,16.418,3338974.21
1741219200,16.42,17.664,16.381,17.054,4142850.9
1741305600,17.048,17.527,15.732,15.932,4725872.39
1741392000,15.93,16.029,15.105,15.256,1740760.11
1741478400,15.258,15.367,13.601,13.8,2395701.78
1741564800,13.802,14.569,12.415,12.647,3800786.97
1741651200,12.647,13.653,11.842,13.133,4423962.62
1741737600,13.133,14.031,12.647,13.483,3177111.26
1741824000,13.478,13.6,12.71,13.032,2785633.7
1741910400,13.035,14.683,12.986,13.662,5050966.52
1741996800,13.661,14.248,13.634,14.015,1466908.03
1742083200,14.014,14.185,13.211,13.373,1584847.73
1742169600,13.37,14.24,13.34,14.023,1644907.19
1742256000,14.029,14.269,13.452,13.91,2373718.83
1742342400,13.91,15.043,13.77,15.024,3409181.53
1742428800,15.024,15.172,14.078,14.217,1586564.17
1742515200,14.21,14.378,13.819,13.953,1132231.72
1742601600,13.954,14.499,13.93,14.246,790782.22
1742688000,14.246,14.492,14.212,14.469,795221.24
1742774400,14.467,15.398,14.152,15.127,2326516.72
1742860800,15.127,15.649,14.864,15.437,1686642.9
1742947200,15.433,15.999,14.943,15.249,1900830.79
1743033600,15.25,15.797,15.169,15.519,2173051.1
1743120000,15.52,15.581,13.962,14.253,2485986.74
1743206400,14.251,14.405,13.366,13.547,1700986.41
1743292800,13.548,13.873,13.199,13.412,1566672.25
1743379200,13.413,13.71,12.957,13.503,2540726.64
1743465600,13.502,14.391,13.488,14.044,2279039.93
1743552000,14.045,14.394,12.811,12.903,3491734.39
1743638400,12.903,13.304,12.299,12.896,3092787.3
1743724800,12.899,13.189,12.352,12.942,3370444.3
1743811200,12.939,13.052,12.572,12.841,904941.59
1743897600,12.845,12.944,11,11.279,2891377.53
1743984000,11.281,11.871,10.1,11.449,6777671.63
1744070400,11.448,11.888,10.769,10.912,3301029.24
1744156800,10.915,12.824,10.436,12.65,5651018.14
1744243200,12.65,12.661,11.663,12.069,2499087.49
1744329600,12.065,12.901,12.018,12.64,2010336.2
1744416000,12.638,13.287,12.464,13.148,1369881.46
1744502400,13.148,13.228,12.421,12.625,1218226.62
1744588800,12.625,13.243,12.572,12.635,1452285.76
1744675200,12.639,12.832,12.2,12.233,1630038.11
1744761600,12.231,12.525,11.91,12.357,1507318.67
1744848000,12.353,12.701,12.201,12.536,1177786.61
1744934400,12.536,12.716,12.404,12.559,597318.74
1745020800,12.562,13.048,12.54,12.93,597909.95
1745107200,12.933,13.596,12.876,13.283,988503.39
1745193600,13.285,13.693,12.969,13.102,1307108.17
1745280000,13.102,14.175,12.886,14.138,2274317.95
1745366400,14.139,15.305,14.026,15.021,2889141.98
1745452800,15.019,15.156,14.156,15.064,2139818.48
1745539200,15.066,15.362,14.713,14.927,2131952.51
1745625600,14.928,15.289,14.682,14.87,1231714
1745712000,14.875,15.1,14.38,14.562,1232653.97
1745798400,14.562,15.111,14.245,15.024,1806537.31
1745884800,15.026,15.24,14.483,14.605,1193011.35
1745971200,14.603,14.763,13.834,14.296,1264910.16
1746057600,14.296,15.04,14.294,14.754,1180758.2
1746144000,14.747,15.04,14.5,14.663,1060068.84
1746230400,14.665,14.672,14.165,14.251,619903.89
1746316800,14.251,14.366,13.813,13.86,566284.3
1746403200,13.86,14.197,13.48,13.641,1323176.23
1746489600,13.642,13.887,13.203,13.819,1275441.04
1746576000,13.823,14.088,13.466,13.823,1210577.42
1746662400,13.823,15.98,13.811,15.889,2626102.97
1746748800,15.885,16.77,15.584,16.019,2423839.88
1746835200,16.013,17.469,15.861,17.336,1663385.14
1746921600,17.334,17.411,16.308,17.109,1760723.58
1747008000,17.112,17.979,16.032,16.736,2663046.48
1747094400,16.739,17.806,16.037,17.392,2029665.48
1747180800,17.393,17.536,16.675,17.018,1749303.02
1747267200,17.02,17.212,15.693,16.049,1917554.21
1747353600,16.05,16.551,15.614,15.769,1367253.97
1747440000,15.761,15.79,15.085,15.329,1159331.53
1747526400,15.331,16.404,14.907,15.876,1446534.06
1747612800,15.884,16.01,14.846,15.79,1919385.27
1747699200,15.793,16.451,15.244,15.705,1902907.2
1747785600,15.711,16.5,15.521,16.104,2343678.31
1747872000,16.11,16.914,16.042,16.742,2172374.6
1747958400,16.743,17.157,15.42,15.536,2438322.68
1748044800,15.541,15.912,15.253,15.345,890923.25
1748131200,15.347,15.565,14.872,15.54,880763.69
1748217600,15.543,15.966,15.406,15.542,1016001.47
1748304000,15.543,16.137,15.16,15.912,966734.24
1748390400,15.914,16.157,15.314,15.69,904395.86
1748476800,15.693,16.193,15.001,15.048,1408217.12
1748563200,15.045,15.12,13.774,13.9,2064083.48
1748649600,13.902,14.198,13.403,13.974,1264662.84
1748736000,13.974,14.133,13.584,14.074,1204347.02
1748822400,14.074,14.128,13.597,14.088,1139901.71
1748908800,14.088,14.456,14.01,14.124,1308151.07
1748995200,14.123,14.485,13.719,13.842,994475.71
1749081600,13.841,14.046,12.641,12.892,1749024.79
1749168000,12.893,13.693,12.828,13.582,1239498.58
1749254400,13.582,14.091,13.489,13.83,835285.4
1749340800,13.83,13.982,13.56,13.731,626763.4
1749427200,13.73,14.399,13.549,14.359,1234171.85
1749513600,14.358,15.534,14.333,15.448,2624115.81
1749600000,15.449,15.663,14.75,14.898,2083235.65
1749686400,14.897,14.924,13.825,13.978,1542964.96
1749772800,13.978,13.992,12.758,13.453,2478258
1749859200,13.453,13.471,12.845,13.158,756951.95
1749945600,13.159,13.33,12.995,13.298,586002.18
1750032000,13.299,14.171,13.174,13.571,1923810.01
1750118400,13.569,13.786,12.809,12.993,1826950.89
1750204800,12.994,13.234,12.634,13.121,1410877.39
1750291200,13.121,13.377,12.915,13.073,957404.36
1750377600,13.072,13.281,12.3,12.509,1478694.19
1750464000,12.507,12.744,11.695,12.034,1148463.27
1750550400,12.035,12.204,10.936,11.66,2726158.44
1750636800,11.66,12.955,11.406,12.836,2390973.37
1750723200,12.835,13.741,12.792,13.418,2146729.88
1750809600,13.418,13.515,12.996,13.144,1962841.13
1750896000,13.147,13.567,12.89,12.947,1438380.85
1750982400,12.944,13.236,12.736,13.056,1252752.13
1751068800,13.056,13.449,13.008,13.401,721449.04
1751155200,13.401,13.875,13.249,13.71,881911.68
1751241600,13.711,13.779,13.133,13.377,1203329.34
1751328000,13.377,13.438,12.792,12.899,761418.46
1751414400,12.9,13.856,12.734,13.56,1463473.64
1751500800,13.56,14.079,13.445,13.669,1421430.57
1751587200,13.678,13.79,12.944,13.173,979519.18
1751673600,13.173,13.273,12.999,13.232,489903.98
1751760000,13.233,13.706,13.101,13.497,775467.29
1751846400,13.498,13.733,13.25,13.435,1139676.72
1751932800,13.435,13.999,13.202,13.973,945628.51
1752019200,13.972,14.385,13.815,14.253,1820731.36
1752105600,14.253,15.344,14.153,15.241,1617919.8
1752192000,15.239,15.871,15.03,15.288,2326293.65
1752278400,15.289,15.48,14.708,15.112,1015582.99
1752364800,15.113,15.953,15.047,15.669,1158038.39
1752451200,15.67,16.473,15.577,15.761,2089354.56
1752537600,15.761,16.196,15.14,16.109,1888133.1
1752624000,16.108,17.05,15.824,16.683,3117458.17
1752710400,16.681,18.14,16.334,18.003,2525656.8
1752796800,18.006,19.19,17.331,17.842,3556995.42
1752883200,17.848,18.559,17.552,18.401,1159969.47
1752969600,18.399,19.95,18.33,19.288,2781111.21
1753056000,19.288,20.284,18.999,19.5,2578082.59
1753142400,19.506,19.998,18.634,19.666,2630322.3
1753228800,19.671,19.768,17.557,18.186,2296684.34
1753315200,18.187,18.692,17.172,17.92,2455386.91
1753401600,17.921,18.488,17.264,18.288,2312223.36
1753488000,18.293,18.646,18.168,18.414,1137197.76
1753574400,18.416,19.299,18.363,19.233,1319000.07
1753660800,19.241,19.563,17.97,18.117,1661380.58
1753747200,18.118,18.637,17.469,17.818,1640915.05
1753833600,17.816,17.95,16.77,17.704,1537636.69
1753920000,17.708,18.233,16.848,16.93,1509758.94
1754006400,16.928,17.033,15.663,16.065,2384278.8
1754092800,16.063,16.245,15.43,15.637,1242264.56
1754179200,15.644,16.397,15.437,16.306,832814.09
1754265600,16.307,17.202,16.274,17.11,1234066.06
1754352000,17.112,17.121,16.072,16.38,1162394.85
1754438400,16.383,16.904,16.034,16.674,1019276.31
1754524800,16.672,18.506,16.58,18.474,2040085.7
1754611200,18.478,19.972,18.094,19.894,3051985.53
1754697600,19.892,21.996,19.785,21.956,3684920.78
1754784000,21.952,22.693,21.154,22.072,3608656.63
1754870400,22.065,22.608,20.85,21.072,2610144.48
1754956800,21.07,24.194,21.001,23.594,4303018.27
1755043200,23.594,24.73,23.227,23.984,3626316.37
1755129600,23.987,24.326,21.51,22.468,3728180.21
1755216000,22.47,23.059,21.345,21.767,2568572.93
1755302400,21.766,22.988,21.416,22.651,1555098.18
1755388800,22.647,26.338,22.363,25.657,4580119.57
1755475200,25.655,26.729,24.301,25.792,5300648.17
1755561600,25.797,25.821,23.441,23.554,4550919.75
1755648000,23.553,26.892,23.354,26.466,6363846.67
1755734400,26.452,26.601,24.632,24.816,4227479.85
1755820800,24.812,27.865,24.11,26.77,6014795.96
1755907200,26.784,26.814,25.52,26.282,2010914.85
1755993600,26.276,26.62,25.234,25.82,2538394.68
1756080000,25.81,26.45,23.093,23.393,3471634.47
1756166400,23.39,24.74,22.88,24.382,3221465.83
1756252800,24.386,24.694,23.583,23.776,2542134.31
1756339200,23.773,26.044,23.554,25.178,5112494.35
1756425600,25.184,25.229,23.12,23.426,2636553.28
1756512000,23.428,23.525,22.825,23.513,943320.97
1756598400,23.504,24.056,23.182,23.198,1063505.06
1756684800,23.196,23.856,22.084,22.515,1972053.3
1756771200,22.514,23.593,22.34,23.485,1965016.56
1756857600,23.488,23.919,23.213,23.702,1047679.23
1756944000,23.701,23.965,22.2,22.312,1715979.02
1757030400,22.311,23.249,22.036,22.293,2053438.19
1757116800,22.292,22.51,21.876,22.193,849433.62
1757203200,22.198,22.608,22.116,22.456,832927.7
1757289600,22.455,23.305,22.229,23.053,1602229.49
1757376000,23.043,23.82,22.82,23.05,1638508.85
1757462400,23.049,23.933,22.886,23.569,1263002.94
1757548800,23.564,24.501,23.314,24.468,1296613.86
1757635200,24.472,25.344,24.169,25.147,2237008.6
1757721600,25.145,25.65,24.451,24.898,1457985.73
1757808000,24.9,25.037,23.854,24.104,919075.58
1757894400,24.102,24.44,22.986,23.567,1613316.01
1757980800,23.566,23.762,23.096,23.491,865055.86
1758067200,23.491,24.25,22.76,23.998,1747399.39
1758153600,24,24.74,23.687,24.636,1564201.07
1758240000,24.64,24.884,23.281,23.484,1750239.66
1758326400,23.483,23.664,23.109,23.344,619087.78
1758412800,23.346,23.494,22.913,22.966,520476.39
1758499200,22.961,23.059,20.301,21.675,2483057.25
1758585600,21.67,22.057,21.192,21.52,1248363.27
1758672000,21.521,21.975,20.962,21.615,1435123.82
1758758400,21.614,21.667,19.836,20.155,2586762.26
1758844800,20.155,21.258,19.95,21.083,1673639.95
1758931200,21.081,21.161,20.737,20.927,546487.99
1759017600,20.926,21.722,20.44,21.679,902082.92
1759104000,21.682,22.27,20.921,21.739,1332506.39
1759190400,21.738,21.883,20.974,21.322,1298359.98
1759276800,21.319,22.644,21.069,22.59,1569816.47
1759363200,22.589,23.16,21.941,22.791,1457759.76
1759449600,22.794,23.1,22.111,22.52,1514871.18
1759536000,22.519,22.631,21.781,22.031,733701.63
1759622400,22.032,22.94,21.89,22.007,1154027.42
1759708800,22.01,23.609,21.52,23.37,1793794.48
1759795200,23.371,23.734,21.784,21.81,1804898.58
1759881600,21.817,22.671,21.642,22.636,1418492.71
1759968000,22.638,22.676,21.331,22.007,1338291.12
1760054400,22.009,22.8,15,17.372,5447494.15
1760140800,17.364,18.537,16.622,17.215,4020338.68
1760227200,17.215,19.442,16.697,19.015,3530176.99
1760313600,19.009,20.199,18.774,19.861,4141562.24
1760400000,19.862,20.081,18.09,19.116,4482616.17
1760486400,19.11,19.258,17.736,18.058,2629880.25
1760572800,18.062,18.633,17.111,17.432,2569164.87
1760659200,17.428,17.693,15.7,16.607,4191744.3
1760745600,16.608,17.012,16.575,16.816,1006099.36
1760832000,16.816,17.675,16.533,17.29,1672358.2
1760918400,17.289,19.194,16.936,18.66,2738763.82
1761004800,18.659,18.972,17.545,17.614,2526728.78
1761091200,17.614,17.845,16.75,17.199,2123315.6
1761177600,17.205,17.797,17.102,17.435,1430429.84
1761264000,17.436,18.098,17.297,17.893,1578531.05
1761350400,17.894,18.1,17.796,18.019,408567.5
1761436800,18.018,18.686,17.693,18.552,1484400.15
1761523200,18.542,19.057,18.088,18.21,1719558.35
1761609600,18.205,18.82,17.45,17.823,1514034.71
1761696000,17.823,18.713,17.52,18.138,1743472.33
1761782400,18.142,18.428,16.324,16.802,2080664.92
1761868800,16.799,17.445,16.739,17.232,1516110.05
1761955200,17.236,17.426,17.025,17.139,693051.95
1762041600,17.14,17.631,16.988,17.583,946864.21
1762128000,17.588,17.655,14.54,15.243,2906122.2
1762214400,15.244,15.56,13.693,14.686,4366768.16
1762300800,14.685,15.4,13.985,15.091,2725845.71
1762387200,15.093,15.237,14.236,14.735,2375639.7
1762473600,14.735,16.221,14.293,15.784,3302649.83
1762560000,15.787,16.019,15.117,15.513,1250892.5
1762646400,15.516,16.13,15.017,15.923,1288854.37
1762732800,15.922,16.67,15.784,16.36,1974167.94
1762819200,16.362,16.784,15.196,15.278,2031472.83
1762905600,15.282,16.248,14.923,15.15,2053984.16
1762992000,15.146,16.01,14.14,14.545,2771020.75
1763078400,14.541,14.599,13.579,13.799,3049743.2
1763164800,13.797,14.324,13.785,14.128,1317570.86
1763251200,14.126,14.515,13.387,13.724,2315375.86
1763337600,13.722,14.261,13.071,13.316,3278032.69
1763424000,13.317,13.985,13.052,13.792,3040350.51
1763510400,13.792,13.828,12.76,13.517,3565097.19
1763596800,13.514,13.986,12.758,12.924,3158192.48
1763683200,12.924,13.191,11.596,12.11,4801643.78
1763769600,12.109,12.3,11.734,12.167,1643444.35
1763856000,12.167,12.749,12.108,12.519,2197274.68
1763942400,12.518,13.199,12.287,12.962,2641363.21
1764028800,12.962,13.212,12.545,13.077,1611405.13
1764115200,13.076,13.502,12.747,13.452,1561115.35
1764201600,13.452,13.568,13.234,13.335,755780.41
1764288000,13.334,13.538,13.048,13.125,1381122.84
1764374400,13.125,13.221,12.92,12.986,752280.02
1764460800,12.987,13.422,12.941,12.958,786095.76
1764547200,12.957,13.017,11.745,12.074,3146739.75
1764633600,12.074,13.585,11.977,13.478,2987512.07
1764720000,13.481,14.738,13.436,14.639,5140007.95
1764806400,14.642,14.933,13.966,14.258,2441952.35
1764892800,14.256,14.399,13.335,13.593,2523819.04
1764979200,13.593,14.08,13.493,13.918,1417874.12
1765065600,13.918,14.172,13.184,13.635,2509501.88
1765152000,13.636,14.28,13.574,13.764,2699851.42
1765238400,13.765,15.008,13.549,14.414,2777014.38
1765324800,14.414,14.885,13.941,14.102,2857576.14
1765411200,14.1,14.213,13.405,14.07,2531055.22
1765497600,14.065,14.345,13.214,13.638,2492913.76
1765584000,13.639,13.967,13.598,13.733,895360.4
1765670400,13.731,13.796,13.089,13.276,978542.7
1765756800,13.275,13.736,12.47,12.858,2962391.73
1765843200,12.856,13.121,12.55,12.928,2076759.48
1765929600,12.927,13.172,12.117,12.262,2892006.03
1766016000,12.262,12.873,11.726,11.928,3055724.78
1766102400,11.929,12.746,11.837,12.531,2047573.22
1766188800,12.531,12.709,12.476,12.545,588896.22
1766275200,12.549,12.701,12.222,12.433,826978.57
1766361600,12.433,12.949,12.331,12.579,2217784.69
1766448000,12.579,12.689,12.067,12.391,1624171.23
1766534400,12.39,12.428,12.002,12.264,1193289.42
1766620800,12.264,12.415,11.973,12.059,837838.72
1766707200,12.058,12.527,12.017,12.175,1357872.64
1766793600,12.175,12.533,12.156,12.502,872882.37
1766880000,12.501,12.58,12.308,12.483,1092840.77
1766966400,12.484,13.005,12.232,12.288,1704910.69
1767052800,12.287,12.591,12.246,12.406,1299066.92
1767139200,12.405,12.533,12.153,12.183,2062029.95
1767225600,12.184,12.612,12,12.608,1583742.72
1767312000,12.61,13.426,12.565,13.266,1956525.3
1767398400,13.265,13.362,12.971,13.223,1006543.6
1767484800,13.223,13.571,13.205,13.416,1234506.8
1767571200,13.418,14.126,13.382,13.91,2166853.01
1767657600,13.908,14.233,13.466,14.028,2500512.72
1767744000,14.029,14.039,13.292,13.434,1568206.32
1767830400,13.437,13.543,13.007,13.205,1819188.61
1767916800,13.207,13.431,13.024,13.123,1976468.4
1768003200,13.124,13.234,13.048,13.121,696568.91
1768089600,13.123,13.35,13.033,13.194,896686.83
1768176000,13.187,13.5,12.915,13.062,1744196.22
1768262400,13.062,14.175,13.037,14.074,1638996.14
1768348800,14.074,14.399,13.844,14.11,1840011.26
1768435200,14.11,14.206,13.559,13.79,1548392.34
1768521600,13.789,13.865,13.429,13.72,1148233.28
1768608000,13.72,13.888,13.623,13.731,448469.96
1768694400,13.731,13.87,13.292,13.307,1427612.49
1768780800,13.304,13.304,12.5,12.876,1469806.99
1768867200,12.876,12.902,12.042,12.115,1832849.35
1768953600,12.11,12.657,11.884,12.391,2243197.42
1769040000,12.391,12.568,12.113,12.247,1220193.69
1769126400,12.247,12.487,12.027,12.202,1082956.89
1769212800,12.2,12.268,12.11,12.186,432522.75
1769299200,12.184,12.202,11.351,11.509,2063075.57
1769385600,11.509,12.113,11.493,11.937,2143338.76
1769472000,11.937,12.174,11.826,12.024,1460672.07
1769558400,12.024,12.044,11.682,11.828,1212386.54
1769644800,11.829,11.95,10.811,11.102,2590996.87
1769731200,11.104,11.148,10.492,10.772,3277417.07
1769817600,10.771,10.817,8.996,9.98,4087576.21
1769904000,9.978,10.069,9.207,9.395,2942373.46
1769990400,9.394,10.024,9.014,9.801,4077460.24
1770076800,9.801,9.877,9.07,9.477,3920330.11
1770163200,9.477,9.758,9.01,9.235,4283256.72
1770249600,9.233,9.329,7.84,7.902,9157321.61
1770336000,7.903,9.004,7.197,8.876,9075300.49
1770422400,8.879,9.043,8.575,8.904,3896682.05
1770508800,8.904,9.045,8.721,8.817,1897164.78
1770595200,8.816,9.011,8.449,8.841,3255227.77
1770681600,8.841,8.88,8.468,8.573,2139345.97
1770768000,8.569,8.608,8.121,8.316,2792256.86
1770854400,8.32,8.59,8.167,8.406,2647993.89
1770940800,8.406,8.909,8.296,8.761,1831161.12
1771027200,8.762,9.2,8.749,9.086,1699974.63
1771113600,9.083,9.24,8.596,8.778,2213330.01
1771200000,8.776,8.988,8.641,8.93,1605520.97
1771286400,8.932,8.986,8.657,8.825,1764624.07
1771372800,8.826,8.994,8.514,8.602,1568786.99
1771459200,8.602,8.748,8.34,8.575,1355754.87
1771545600,8.574,9.008,8.453,8.939,2497218.85
1771632000,8.94,9.041,8.846,8.864,971258.8
1771718400,8.863,8.899,8.601,8.67,931278.95
1771804800,8.67,8.693,8.172,8.279,2797729.61
1771891200,8.279,8.335,8.05,8.198,2426911.73
1771977600,8.199,9.586,8.184,9.269,3727888.14
1772064000,9.269,9.344,8.852,9.097,2483581.76
1772150400,9.095,9.296,8.548,8.714,2179920.41
1772236800,8.712,8.945,8.204,8.857,2520926.11
1772323200,8.859,9.208,8.538,8.674,2433466.73
1772409600,8.673,9.271,8.582,8.953,2624367.55
1772496000,8.954,9.016,8.56,8.81,1966701.6
1772582400,8.81,9.637,8.687,9.352,2401845.14
1772668800,9.352,9.497,9.074,9.21,2881369.74
1772755200,9.207,9.303,8.673,8.797,2008272.28
1772841600,8.797,8.859,8.642,8.698,762277.95
1772928000,8.699,8.777,8.396,8.515,1191925.81
1773014400,8.514,9.1,8.483,8.868,1798426.13
1773100800,8.867,9.184,8.852,8.987,1416570.25
1773187200,8.985,9.17,8.867,8.999,1120297.66
1773273600,8.999,9.108,8.836,9.059,1224106.13
1773360000,9.059,9.61,9.023,9.085,2178869.65
1773446400,9.083,9.177,8.925,9.168,676382.04
1773532800,9.17,9.553,9.112,9.51,1046846.26
1773619200,9.512,10.079,9.412,9.924,2517614.99
1773705600,9.924,10.029,9.681,9.794,1328852.53
1773792000,9.794,9.93,9.09,9.231,1609504.41
1773878400,9.228,9.343,8.895,9.046,1514819.02
1773964800,9.046,9.208,8.96,9.116,1321780.92
1774051200,9.116,9.179,8.765,8.829,852909.37
1774137600,8.822,8.967,8.572,8.689,1673461.03
1774224000,8.69,9.286,8.57,9.118,3281427.45
1774310400,9.119,9.265,9.005,9.245,2281090.17
1774396800,9.246,9.495,9.17,9.375,2118357.99
1774483200,9.374,9.386,8.805,8.911,1742244.35
1774569600,8.91,8.979,8.481,8.561,2067990.08
1774656000,8.562,8.691,8.378,8.432,975493.05
1774742400,8.429,8.581,8.202,8.405,1199528.07
1774828800,8.408,8.914,8.392,8.617,1403674.09
1774915200,8.617,8.882,8.496,8.771,1369703.3
1775001600,8.774,9.189,8.733,8.941,1293174.98
1775088000,8.941,9.005,8.422,8.634,1478043.56
1775174400,8.635,8.822,8.589,8.656,740660.56
1775260800,8.657,8.778,8.606,8.695,316499.13
1775347200,8.695,8.865,8.478,8.82,634584.02
1775433600,8.821,9.146,8.724,8.8,1308297.47
1775520000,8.799,9.413,8.569,9.298,1827906.87
1775606400,9.294,9.335,8.84,8.858,1296787.08
1775692800,8.857,9.187,8.691,8.945,1304761.17
1775779200,8.944,9.181,8.882,9.087,996663.32
1775865600,9.089,9.288,8.96,9.072,667560.28
1775952000,9.073,9.084,8.69,8.736,810339.72
1776038400,8.734,9.434,8.69,9.358,1418559.45
1776124800,9.362,9.385,8.938,9.03,1257586.37
1776211200,9.031,9.371,8.996,9.264,1297158.15
1776297600,9.265,9.682,9.127,9.589,1688220.78
1776384000,9.586,9.871,9.34,9.616,1761763.43
1776470400,9.615,9.656,9.25,9.286,725081.51
1776556800,9.287,9.378,9.002,9.068,1031802.99
1776643200,9.065,9.41,9.055,9.292,1193845.77
1776729600,9.29,9.494,9.242,9.4,1202772.77
1776816000,9.402,9.558,9.285,9.293,1425666.48
1776902400,9.295,9.389,9.15,9.351,1078154.48
1776988800,9.351,9.447,9.245,9.38,982064.58
1777075200,9.379,9.448,9.289,9.347,384959.23
1777161600,9.346,9.537,9.301,9.483,646703
1777248000,9.487,9.595,9.148,9.319,906329.01
1777334400,9.319,9.331,9.145,9.238,604540.78
1777420800,9.238,9.417,8.91,9.109,1026970.9
1777507200,9.11,9.184,9.018,9.103,572272.91
1777593600,9.103,9.277,9.067,9.1,708504.67
1777680000,9.101,9.256,9.068,9.178,415763.88
1777766400,9.18,9.224,9.069,9.131,499858.62
1777852800,9.128,9.652,9.09,9.358,2054422.7
1777939200,9.358,9.849,9.356,9.764,1516488.48
1778025600,9.765,10.249,9.756,9.998,1943174.99
1778112000,9.997,10.128,9.8,9.849,1392214.26
1778198400,9.849,10.488,9.807,10.345,1181805.83
1778284800,10.342,10.608,10.282,10.373,1488274.45
1778371200,10.372,10.867,10.282,10.716,1578334.87
1778457600,10.72,10.755,10.401,10.585,1915273.29
1778544000,10.585,10.59,10.1,10.285,1800843.29
1778630400,10.283,10.8,10.035,10.21,2115400.09
1778716800,10.212,10.768,10.089,10.48,2502195.89
1778803200,10.481,10.559,9.962,10.065,1779977.91
1778889600,10.066,10.093,9.614,9.713,1134243.82
1778976000,9.714,9.847,9.337,9.559,1575732.59
1779062400,9.56,9.612,9.304,9.602,2849685.42
1779148800,9.603,9.82,9.426,9.439,2518174.1
1779235200,9.438,9.688,9.37,9.626,1580455.91
1779321600,9.626,9.844,9.51,9.747,1262330
1779408000,9.745,10.023,9.355,9.408,1664312.3
1779494400,9.409,9.768,9.057,9.554,1568184.58
1779580800,9.556,9.639,9.24,9.427,1042751.84
1779667200,9.425,9.662,9.355,9.497,702400.18
1779753600,9.496,9.671,9.327,9.37,1656026.31
1779840000,9.372,9.467,9.097,9.119,1194539.13
1779926400,9.119,9.139,8.761,8.992,2159859.41
1780012800,8.992,9.125,8.785,9.008,2166020.47
1780099200,9.01,9.3,9.006,9.177,1120814.35
1780185600,9.178,9.285,8.962,9.137,864939.84
1780272000,9.134,9.2,8.835,9.047,1546405.84
1780358400,9.046,9.06,8.235,8.362,1994469.92
1780444800,8.364,8.605,8.099,8.323,2188339.33
1780531200,8.322,8.387,7.798,8.008,3123613
1780617600,8.006,8.032,7.114,7.363,4340950.24
1780704000,7.362,7.464,7.001,7.391,1610438.8
1780790400,7.392,8.028,7.369,7.912,1543016.29
1780876800,7.911,8.125,7.715,7.994,1442807.92
1780963200,7.992,8.022,7.643,7.841,1115459.08
1781049600,7.84,7.893,7.478,7.554,1000242.76
1781136000,7.555,8,7.555,7.879,952992.56
1781222400,7.88,8.002,7.745,7.864,606153.1
1781308800,7.864,8.046,7.854,7.982,383843.12
1781395200,7.983,8.18,7.784,8.18,374030.17
1781481600,8.18,8.589,8.101,8.295,1177932.21
1781568000,8.293,8.471,8.01,8.278,719218.17
1781654400,8.279,8.407,7.931,8.083,707248.79
1781740800,8.085,8.13,7.764,8.005,985814.39
1781827200,8.006,8.031,7.763,7.941,578959.6
1781913600,7.941,8.005,7.821,7.98,601417.12
1782000000,7.982,8,7.759,7.773,321870.08
1782086400,7.774,8.144,7.772,7.865,654855.67
1782172800,7.864,7.907,7.474,7.624,879814.05
1782259200,7.623,7.686,7.115,7.416,1089224.59
1782345600,7.415,7.538,7.001,7.235,1018122.18
1782432000,7.236,7.387,7.006,7.343,1186235.73
1782518400,7.342,7.464,7.238,7.287,427318.98
1782604800,7.285,7.346,7.148,7.257,443950.19
1782691200,7.257,7.488,7.167,7.37,908431.13
1782777600,7.367,7.385,7.11,7.189,665095.08
1782864000,7.191,7.529,7.068,7.352,915349.25
1782950400,7.35,7.936,7.3,7.74,993071.11
1783036800,7.739,8.03,7.713,7.967,620740.51
1783123200,7.968,8.173,7.873,8,564510.45
1783209600,7.999,8.144,7.829,8.054,406983.78
1783296000,8.053,8.161,7.75,8.019,866331.65
1783382400,8.02,8.064,7.793,7.857,596516.8
1783468800,7.858,7.89,7.517,7.633,847367.63
1783555200,7.634,7.807,7.566,7.727,609741.43
1783641600,7.729,8.012,7.704,7.964,707851.87
1783728000,7.963,8.112,7.904,7.914,670958.6
1783814400,7.91,8.098,7.855,7.992,443923.99
1783900800,7.99,8.13,7.788,7.883,657944.52
1783987200,7.881,8.395,7.854,8.341,956608.66
1784073600,8.342,8.627,8.263,8.534,1088153.83
1784160000,8.533,8.561,8.304,8.335,911381.47
1784246400,8.334,8.361,7.995,8.25,619064.52
1784332800,8.251,8.372,8.206,8.346,307531.76
1784419200,8.347,8.406,8.284,8.379,514946.27
1784505600,8.378,8.638,8.281,8.586,962117.1
1784592000,8.585,8.751,8.563,8.652,1249106.91
1784678400,8.65,8.754,8.569,8.629,1380940.87
1784764800,8.629,8.68,8.411,8.464,617975.96
1784851200,8.463,8.574,8.284,8.334,454664.79
1784937600,8.333,8.428,8.258,8.376,489140.81
1785024000,8.373,8.833,8.37,8.816,913475.06
1785110400,8.816,8.907,8.341,8.377,1323091.22
1785196800,8.375,8.441,8.186,8.436,1406932.87
1785283200,8.435,8.502,8.16,8.326,1589837.91
1785369600,8.324,8.521,8.252,8.445,961783.37
1785456000,8.446,8.508,8.02,8.166,964655.72
1785542400,8.165,8.24,7.883,8.063,525713.8
1785628800,8.063,8.439,8.048,8.374,632622.79
1785715200,8.375,8.383,8.148,8.174,470741.27
1785801600,8.174,8.257,8.108,8.14,594021.55
1785888000,8.142,8.246,8.061,8.154,528136.5
1785974400,8.154,8.334,8.06,8.188,592508.79
1786060800,8.186,8.31,8.1,8.18,628363.49
1786147200,8.18,8.39,8.161,8.302,719692.13
1786233600,8.301,8.38,8.171,8.183,844509.69
1786320000,8.182,8.36,8.161,8.291,997452.44
1786406400,8.292,8.808,8.283,8.773,2106833.76
1786492800,8.773,8.887,8.62,8.665,935631.61
1786579200,8.662,8.895,8.61,8.879,801760.61
1786665600,8.881,9.005,8.719,8.963,1076258.14
1786752000,8.964,9.736,8.961,9.46,2597524.51
1786838400,9.459,9.503,9.287,9.381,950793.92
1786924800,9.38,9.565,9.348,9.533,1023860.63
1787011200,9.533,9.553,9.323,9.536,789662.28
1787097600,9.537,10.89,9.481,10.55,3233624.13
1787184000,10.55,10.877,10.361,10.695,2205343.85
1787270400,10.696,12.396,10.683,11.987,4049452.92
1787356800,11.986,12.605,10.874,11.646,2924205.83
1787443200,11.645,11.744,11.032,11.539,2066744.78
1787529600,11.542,11.78,11.291,11.627,1658994.3
1787616000,11.626,11.953,11.13,11.299,1762697.07
1787702400,11.293,11.629,11.067,11.612,1096545.15
1787788800,11.61,12.042,11.455,11.925,1330966.53
1787875200,11.924,12.064,11.258,11.432,1451999.83
1787961600,11.434,11.493,11.283,11.457,504481.35
1788048000,11.455,11.799,11,11.146,1176759.96
1788134400,11.147,11.502,11.037,11.319,1327521.61
1788220800,11.319,11.519,11.055,11.228,1485835.08
1788307200,11.231,11.299,10.91,11.116,1121831.33
1788393600,11.113,11.96,11,11.833,1667651.45
1788480000,11.828,12.159,11.465,11.633,1824995.15
1788566400,11.633,12.239,11.599,12.051,1242396.27
1788652800,12.051,13.359,12.045,13.237,2575847.4
1788739200,13.236,13.68,12.613,12.748,2354873.21
1788825600,12.744,12.808,12.298,12.52,1911836.42
1788912000,12.52,12.636,11.587,11.801,1948961.99
1788998400,11.796,11.891,11.432,11.447,1276674.64
1789084800,11.45,12.245,11.273,11.541,2191896.77
1789171200,11.542,11.626,11.46,11.505,907426.54
1789257600,11.502,11.559,11.152,11.199,1104347.95
1789344000,11.199,11.963,11.121,11.516,1730528.62
1789430400,11.513,11.629,10.784,10.88,2094666.15
1789516800,10.884,11.07,10.611,11.049,3153432.41
1789603200,11.05,11.429,10.98,11.377,1663598.14
1789689600,11.377,12.422,11.332,12.226,2390360.3
1789776000,12.227,12.694,12.212,12.416,1552053.62
1789862400,12.416,12.448,11.914,11.986,392281.85
