ts,open,high,low,close,volume
1504828800,80.23,82.25,68.12,73.7,1111755.62901859
1504915200,73.71,74.5,69.1,71.27,436602.37846644
1505001600,71.27,71.44,65.02,67.44,570164.66091764
1505088000,67.45,71.55,65.5,68.28,429326.53614126
1505174400,68.29,71.93,65.02,66,611134.49104279
1505260800,66,66.46,57.74,61.8,1130672.24832382
1505347200,61.81,62.6,45.1,45.42,1684511.7205506
1505433600,45.42,62.41,33.56,52.29,3159261.16267743
1505520000,52.28,59,50.35,52.47,905035.71502383
1505606400,52.47,54.1,47.87,51.37,592123.2248644
1505692800,51.37,58,51.36,56.3,892632.49378619
1505779200,56.3,56.86,51.38,52.95,622960.04801723
1505865600,52.95,54.6,51.11,51.57,354336.67811832
1505952000,51.58,52.5,45.18,46.61,852377.57872023
1506038400,46.65,49.72,45,47.81,694947.73730701
1506124800,47.83,50.33,46.45,49.41,332503.66789484
1506211200,49.4,49.58,47.06,47.7,239726.283377
1506297600,47.71,53.52,47.52,52.22,506469.76133829
1506384000,52.22,54.41,51.5,52.34,365151.3481447
1506470400,52.34,57.45,52.32,56.88,604496.92869584
1506556800,56.89,57.11,54.07,54.87,466215.26717765
1506643200,54.87,54.87,50.35,52.62,562849.25968209
1506729600,52.62,55.92,52.54,55.26,261761.56719374
1506816000,55.26,55.33,53.5,54.69,209353.77956626
1506902400,54.7,55.08,52.58,53.37,247848.01744737
1506988800,53.37,53.59,51.35,52.15,237685.87486817
1507075200,52.15,53,50.5,51.16,215611.53680266
1507161600,51.16,51.94,50.25,51.67,171878.89137037
1507248000,51.67,52.73,51.4,52.12,150728.51064168
1507334400,52.12,52.95,51.6,52.57,120581.74176358
1507420800,52.58,54.79,52.4,53.27,211464.64509389
1507507200,53.27,53.41,48.15,50.04,465258.29470985
1507593600,50.04,51.48,49.51,50.4,204493.93048201
1507680000,50.41,51,50.22,50.81,101226.69982139
1507766400,50.81,59.58,50.66,59.58,937812.72856896
1507852800,59.55,60.96,55.25,58.9,858105.59944679
1507939200,58.9,66.85,58.3,63.94,737614.48787311
1508025600,63.89,69.59,62.06,65.51,804268.45184031
1508112000,65.52,66.4,62.33,64.72,378161.52074137
1508198400,64.72,64.99,58.51,59.19,433723.78342293
1508284800,59.2,61.85,52.9,60.67,843146.55962508
1508371200,60.68,61.42,58.34,59.84,387551.35965277
1508457600,59.84,62.2,58.52,60.12,351861.58777365
1508544000,60.13,60.38,56.2,58.14,325825.46567236
1508630400,58.15,58.89,56.12,56.75,204786.90017057
1508716800,56.75,56.75,52.45,54.76,450602.74197022
1508803200,54.75,59.19,52.5,55.61,545094.36616611
1508889600,55.61,56.96,53.55,56.36,280808.56257943
1508976000,56.36,57.16,54.75,55.56,160315.18695515
1509062400,55.56,56.15,54.75,55.24,129495.65054542
1509148800,55.25,55.88,54,54.52,98216.94190939
1509235200,54.53,58,54.26,56.59,207083.18768587
1509321600,56.59,58.39,55.85,56.44,192554.17564693
1509408000,56.21,56.81,55.4,55.41,178273.90995509
1509494400,55.41,55.6,52.82,53,243999.16532137
1509580800,53,54.85,50.25,54.35,579982.0338999
1509667200,54.36,56.36,53.96,56.19,327613.09660843
1509753600,56.19,56.3,54.62,55.09,162855.94871579
1509840000,55.12,55.53,54.25,54.67,157524.57412166
1509926400,54.67,55.85,53.37,54.6,226534.71425651
1510012800,54.61,63.71,54.6,60.61,778986.97961875
1510099200,60.61,64.3,59.6,62.46,835181.58759677
1510185600,62.43,67.24,61.89,64.4,643670.07600206
1510272000,64.4,65.94,56.13,59.32,851660.87031764
1510358400,59.31,63.99,59.02,62.49,474600.72899705
1510444800,62.5,62.6,57.08,58.81,601022.9657797
1510531200,58.82,62.42,58.23,61.24,375566.44196294
1510617600,61.24,63.57,60.56,62.33,356954.02729043
1510704000,62.29,65.43,62.2,63.3,386656.39625125
1510790400,63.3,72.5,62.52,70.56,897472.38915577
1510876800,70.56,71.46,65.52,67.5,812037.51177371
1510963200,67.51,69.99,65.62,69.35,354121.78749131
1511049600,69.36,73.4,68.55,71.7,543753.16855135
1511136000,71.7,73.25,71.13,72.62,412885.65855884
1511222400,72.62,73,68,70,722069.7499309
1511308800,70,72.32,70,72.31,329603.57950226
1511395200,72.26,77.96,71.07,73.3,741428.34740885
1511481600,73.31,77.7,72.51,77.54,538366.46039049
1511568000,77.54,89.88,77.24,89.13,1068198.79325939
1511654400,89.14,89.21,84.11,86.62,736573.45794874
1511740800,86.61,93.89,86.4,91.38,930958.03960602
1511827200,91.36,94.88,89.96,94.49,591986.38829207
1511913600,94.49,103.54,76.01,86.7,1767195.72809484
1512000000,86.7,93.5,78,85.82,1094419.48945078
1512086400,85.86,100.77,82,100.16,1414239.41150093
1512172800,100.17,104.75,98.1,99.65,851099.24168469
1512259200,99.65,107.49,97,101.2,853094.33301575
1512345600,101.21,104.5,95.36,104.28,633093.29419253
1512432000,104.28,104.29,101.01,101.01,491730.59407565
1512518400,101.01,103.9,97.75,100.01,826067.51030605
1512604800,100.01,102.48,95.01,97.96,1016793.43972173
1512691200,97.95,144.75,95.8,128.97,2681038.29117077
1512777600,128.96,199,128.96,160.94,4042653.59362598
1512864000,160.94,160.95,135.45,150.99,1428847.12641115
1512950400,150.63,235,149.95,218.6,2891195.07350556
1513036800,218.57,420,213.3,352.08,4638912.67044234
1513123200,352.07,372.55,275,312.89,2475964.15157288
1513209600,312.89,324.62,256.1,283.8,1553107.45854306
1513296000,283.8,322.97,252.22,303.79,1850280.0270205
1513382400,303.86,314.97,280,306.87,869179.38698688
1513468800,306.87,334.87,303.24,324.74,1013207.50039729
1513555200,324.75,366.9,305.77,359.4,1242480.40016702
1513641600,359.4,380,324.67,350.66,1553392.36013527
1513728000,350.66,350.66,275,305.59,1624307.37291199
1513814400,305.59,327.99,291,311,711275.99526854
1513900800,311,311.89,144,267.79,3530405.85799184
1513987200,267.8,321.85,261,293.03,1011737.15361652
1514073600,293.02,295.99,254,278.81,723852.73234947
1514160000,278.81,287.4,271.12,273.52,302604.24667817
1514246400,273.53,286.99,273.17,280.14,373021.64161991
1514332800,280.14,286.46,252.81,264.4,486832.00268581
1514419200,264.39,266,223.59,251.18,765207.39190859
1514505600,251.19,259.5,236.5,245.79,469238.86221673
1514592000,245.79,246,206,216.04,635258.13535641
1514678400,216.03,237.88,210,227.17,451904.50476352
1514764800,227.18,232.29,217.66,225.22,258043.95090406
1514851200,225.22,262,225.21,253.31,732904.03891412
1514937600,253.3,258.54,240.56,244.99,456949.06911089
1515024000,244.99,245,226.79,238.91,534974.87384034
1515110400,238.91,251.97,236.24,246.23,505568.28877083
1515196800,246.23,304,245,279.42,915363.20001039
1515283200,279.42,286.95,265.24,272.06,383043.95294283
1515369600,272.13,273.77,231.42,255.21,590692.55461678
1515456000,255.21,258.75,238.75,246.89,405246.69947596
1515542400,246.9,249.67,232.51,248.81,458501.85564627
1515628800,248.82,253.42,219.07,226.91,614793.41335418
1515715200,226.91,241.99,220.2,235.52,333942.02663852
1515801600,235.52,263,235.51,258,388832.37921673
1515888000,258.01,268,233.82,237.89,382712.59815237
1515974400,237.89,244.2,231.11,232.51,214971.74502817
1516060800,232.51,233.23,146.6,191.13,1433426.06802905
1516147200,191.13,216,135,189,1688826.08247414
1516233600,189,211,176.31,192.6,828745.06899416
1516320000,192.59,203,187.1,192.5,406267.09343323
1516406400,192.5,214.88,192.5,210.91,367598.0996152
1516492800,210.91,211.09,183.12,191.25,350699.10130519
1516579200,191.25,194.7,165.5,179.42,457260.81445448
1516665600,179.43,186.03,165.01,178.27,358927.10260303
1516752000,178.27,184.69,172.23,180.6,263765.92119283
1516838400,180.59,184.8,175,178.86,231200.57959733
1516924800,178.86,181.71,166.15,175.71,272640.80171337
1517011200,175.71,182,173.96,179.65,174090.42528258
1517097600,179.65,192.47,178.65,191.12,229183.01528325
1517184000,191.12,191.12,175.56,179.57,211220.26042352
1517270400,179.57,179.9,158.2,164.25,405258.93221781
1517356800,164.24,166.5,155,161.9,326536.67159524
1517443200,161.9,164.9,125,140.6,809943.94260377
1517529600,140.6,141.34,100.2,130.69,1256777.86825348
1517616000,130.63,166.6,120.12,160.97,933344.89303879
1517702400,161.06,175,137,147.5,1167419.62317858
1517788800,147.51,153.87,112,124.98,1337480.26378748
1517875200,124.97,147.98,103.65,141.5,1850025.85374769
1517961600,142,160,130.6,137.8,994657.02957885
1518048000,137.81,151,136.65,149,495092.83029876
1518134400,149.09,164.38,142.09,164.1,543153.86015828
1518220800,164.11,169.49,148.02,155.08,647749.76124265
1518307200,155.08,155.78,142.26,149.26,336009.03408389
1518393600,149.26,163.28,149.18,161.5,349063.39894656
1518480000,161.49,162,153.4,158.91,216266.54623657
1518566400,158.91,219,158.91,211.85,1725486.50044762
1518652800,211.86,237.72,206.25,221.22,1232992.24644691
1518739200,221.19,234.75,210.55,228.24,638439.98793485
1518825600,228.24,233,225.03,229.9,298655.17781094
1518912000,229.9,232.75,212.45,214.5,526572.35711206
1518998400,214.45,225.96,213.5,222.1,254025.37165847
1519084800,222.11,251.9,221.5,229.5,1069933.53014412
1519171200,229.5,231.88,204.71,210.23,798916.03951726
1519257600,210.23,221.49,188.56,192.99,704250.2412395
1519344000,193,215.8,182.55,206.52,718971.51764958
1519430400,206.51,218.65,194.85,206.15,554726.34615675
1519516800,206.15,223.53,200.35,218.86,482274.58650888
1519603200,218.86,231.5,214.43,218.74,669021.78196955
1519689600,218.74,222.85,212.1,215.15,357365.63383413
1519776000,215.15,223.7,201.4,202.12,398226.35734864
1519862400,202.11,214.88,200.48,209.2,298039.72344015
1519948800,209.21,213.3,204.58,212,226647.93559519
1520035200,212,217.5,209.16,210.4,291404.04527386
1520121600,210.41,214,205.2,212.97,166264.39715771
1520208000,212.95,214.92,209.2,210.71,149693.72632812
1520294400,210.71,210.71,191.34,196.63,404714.55612164
1520380800,196.63,199.35,173.82,186.4,592975.0685407
1520467200,186.35,188.5,174.2,175.79,372420.75702616
1520553600,175.79,190,157.27,186.33,741401.77093883
1520640000,186.32,194.47,176.1,177.67,313884.30092113
1520726400,177.67,192.85,172.3,188.33,321529.86830728
1520812800,188.33,192.89,175,177.89,326246.2887038
1520899200,177.89,182,171.3,175.5,254142.67221398
1520985600,175.51,177.9,157.5,160.69,404302.72634945
1521072000,160.68,167.77,150,164.21,523821.19472323
1521158400,164.2,172,158.56,165.32,310395.20085812
1521244800,165.32,165.48,151.18,152.66,314081.91872076
1521331200,152.66,157.5,137.12,154,626887.40229016
1521417600,154,164,150.46,161.33,426553.8831442
1521504000,161.24,174,155.56,169.17,393440.46945425
1521590400,169.15,175.5,165.14,168.69,352394.19157414
1521676800,168.69,172.5,160.11,163.83,262191.58984857
1521763200,163.82,168.97,157.06,168.64,234932.60524784
1521849600,168.64,169.5,158.41,159,192213.43031177
1521936000,158.99,163.08,157.69,160.18,138836.60378384
1522022400,160.17,160.62,142,148.24,363716.26610081
1522108800,148.25,149.48,134.46,134.64,375612.08294688
1522195200,134.64,139.99,130.11,131.7,298037.9510397
1522281600,131.7,132.54,112,114.53,728308.53420014
1522368000,114.41,126.91,109.27,118.45,671231.29392697
1522454400,118.46,125.8,115.54,116.28,316144.1050102
1522540800,116.24,118.83,110.01,114.96,253595.1924138
1522627200,114.95,121.62,114.04,119.1,235752.42201925
1522713600,119.09,137.89,118.3,134.12,430173.94241895
1522800000,134.12,135.15,115.5,118.24,451883.83070476
1522886400,118.24,122.87,113.75,118.78,357320.67651447
1522972800,118.68,120.5,112.1,112.93,228985.06471815
1523059200,112.94,119.59,112.68,116.06,194055.61794306
1523145600,116.07,118.39,115.02,117.67,112105.89959049
1523232000,117.67,122.97,113.01,114.91,317465.85648463
1523318400,114.91,115.39,112,114.16,167314.07890865
1523404800,114.16,119.72,113.21,117.95,173818.92864713
1523491200,117.95,131,113.3,129.53,634109.87269615
1523577600,129.53,133.5,124,125.45,504213.18732191
1523664000,125.46,129.96,124.3,126.42,198923.55929067
1523750400,126.43,132.77,126.43,132.52,229662.72994231
1523836800,132.52,133.36,125.11,128.63,267263.76179993
1523923200,128.62,140.55,128.62,132.21,425318.13094382
1524009600,132.22,141.64,132.11,140.49,279996.97000183
1524096000,140.5,147.74,138.88,146.34,299369.19476237
1524182400,146.35,156.46,143.31,155.71,420156.39024072
1524268800,155.7,157.1,141.02,148.3,373859.11927284
1524355200,148.33,153,145.01,146.59,203065.15680923
1524441600,146.58,153.24,146.35,152.59,209789.472795
1524528000,152.59,165.87,152.59,164.72,548298.25111031
1524614400,164.72,164.84,138.8,145,646838.14190444
1524700800,145,154.65,142.2,153.1,263284.20887293
1524787200,153.09,153.75,145.29,145.9,245427.24219975
1524873600,145.89,152.94,145,151.82,152838.59281008
1524960000,151.81,156.39,148.22,153.24,169222.89508179
1525046400,153.24,153.79,147.06,148.32,151641.66964677
1525132800,148.32,148.75,142.73,147.99,200273.53411066
1525219200,147.99,152.88,146.53,150.8,144273.29892091
1525305600,150.79,163.35,150.69,161,352257.24130987
1525392000,161,171.28,157.19,168.2,319966.11143406
1525478400,168.25,182.35,167.03,177.73,359007.06706622
1525564800,177.74,181.95,165.1,171.07,294646.3577846
1525651200,171.07,171.62,157.25,164.09,308844.33050332
1525737600,164.32,168.1,157.01,158.98,259665.22479541
1525824000,158.98,160.33,151.05,156.83,217071.90738696
1525910400,156.83,160.45,148.01,148.18,199961.97972849
1525996800,148.43,148.61,133.52,136.51,448107.53264624
1526083200,136.5,145,131.88,142,225576.39809259
1526169600,142,146.73,137.2,144.43,159639.75852806
1526256000,144.43,152.94,134.5,147.32,397041.12210387
1526342400,147.33,149.72,138.1,139.78,238671.72381187
1526428800,139.78,140.99,135,139.36,181079.48954953
1526515200,139.36,141.76,131.37,132.65,175543.11544419
1526601600,132.64,137.6,129.1,136.3,207927.73176773
1526688000,136.3,138.01,133.25,135,91326.42672639
1526774400,134.99,140.7,132.2,139.38,108068.35938685
1526860800,139.37,139.98,133.53,134.26,99135.33366655
1526947200,134.26,135.75,127.6,128.11,126050.86757575
1527033600,128.1,129.35,116.27,118.85,309540.2896791
1527120000,118.86,125.25,115.11,122.99,213856.37140589
1527206400,123,124.44,117.28,119.05,139078.87166624
1527292800,119.06,122.63,117.5,118.33,77569.51389051
1527379200,118.33,118.98,116.51,117.83,76253.48631022
1527465600,117.84,118.95,110.51,111.24,181662.54436337
1527552000,111.24,122.7,110,119.52,188668.89840146
1527638400,119.54,122.86,115,117.18,135906.58320788
1527724800,117.18,120.99,116.49,118.36,112884.23498984
1527811200,118.37,120.82,117,119.88,90072.15715162
1527897600,119.88,124.46,118.52,123.66,96598.3534184
1527984000,123.65,127.95,122.56,125,102083.98469287
1528070400,125,126.69,118.22,119.87,103817.21238531
1528156800,119.87,122.5,116.17,121.87,128770.47686666
1528243200,121.88,122.67,118.48,121.37,98445.07383488
1528329600,121.38,123.48,119.45,121.63,89310.0309729
1528416000,121.62,121.95,118.59,120.04,77765.08553405
1528502400,120.04,120.95,117.15,117.43,56395.14772701
1528588800,117.43,117.43,103.35,106.97,344932.15785505
1528675200,106.97,109.02,103.2,107.47,218315.42504584
1528761600,107.46,107.95,97.5,100.19,276663.50248575
1528848000,100.19,100.57,89.25,93.82,391893.31645002
1528934400,93.8,103.06,93,101.12,352747.94129534
1529020800,101.11,101.11,94.75,95.54,152838.08914365
1529107200,95.54,97.64,92.79,96.72,91182.31042331
1529193600,96.73,98,94.75,95.01,63664.13356645
1529280000,95.01,99.7,93.2,98.63,151649.90545924
1529366400,98.63,101.65,96.86,98.58,129917.66150767
1529452800,98.59,99,95.51,97.83,97426.89370212
1529539200,97.83,99.17,96.15,96.69,82420.19217775
1529625600,96.69,96.79,80.29,85.03,401417.51068865
1529712000,85.03,87.11,81.59,83.21,152599.89382022
1529798400,83.15,83.75,73.46,80.61,399884.10464021
1529884800,80.6,84.49,78.8,81.67,228701.15948773
1529971200,81.67,82.55,75.37,75.8,174590.28979664
1530057600,75.81,81.97,74.85,80.73,199376.55766042
1530144000,80.73,81.2,74.01,74.25,186128.13648399
1530230400,74.25,80.49,72.43,78.94,251563.0214029
1530316800,78.94,84.5,78.94,81.01,175522.39904201
1530403200,81.01,81.39,77.72,79.89,92949.78869036
1530489600,79.89,86.98,78.32,85.45,193733.78452058
1530576000,85.46,90,84.01,84.96,227563.85502146
1530662400,84.96,89,83.51,85.4,122506.0834129
1530748800,85.39,86.81,82,83.3,143151.2802562
1530835200,83.29,84.01,80.76,82.96,94224.32788979
1530921600,82.97,85.2,79.42,84.7,107110.31082739
1531008000,84.69,85.72,82,82.2,85758.11760753
1531094400,82.21,83.07,80.02,80.49,113836.38424281
1531180800,80.49,80.5,74.51,75.95,216867.88598752
1531267200,75.95,80.84,75.48,78.35,115732.7415637
1531353600,78.34,78.35,74.5,76.97,134978.530545
1531440000,76.95,78.49,75.24,76.68,125626.00646609
1531526400,76.68,77.44,75.68,76.2,68609.16817857
1531612800,76.25,79.25,75.36,78.51,83445.91456365
1531699200,78.51,84,77.8,83.53,151117.22324775
1531785600,83.52,90.07,81.55,88.98,247555.57794433
1531872000,88.99,94.39,85.11,86.27,285019.62126712
1531958400,86.28,88.9,85.01,86.14,131434.64346416
1532044800,86.14,86.61,81,81.72,180923.95250878
1532131200,81.73,84.69,79.77,83.5,89496.67463466
1532217600,83.5,83.98,81.81,82.22,71747.3094079
1532304000,82.22,85.8,81.32,81.52,156141.45167748
1532390400,81.52,89.5,81,89.02,244820.63863786
1532476800,89.06,90.6,84.82,86.35,164112.76922915
1532563200,86.32,87.87,82.79,83.46,110480.26559277
1532649600,83.46,85.15,81.6,84.52,132363.98606512
1532736000,84.52,84.7,82.51,83.99,53446.99016511
1532822400,84,85.25,83.41,83.93,47715.94601163
1532908800,83.94,84.7,79.76,82.22,126136.67685658
1532995200,82.22,82.43,76.01,78.88,171925.96197994
1533081600,78.88,79.07,75.97,77.64,131680.71134866
1533168000,77.64,78.39,75.51,76.23,101324.47598879
1533254400,76.23,77.8,75,77.6,118352.09248203
1533340800,77.6,78,72.32,73.04,115870.13877625
1533427200,73.03,74.71,72.41,74.65,70572.38740681
1533513600,74.65,76.84,72.51,73.58,102544.30108297
1533600000,73.61,75.5,66.6,67.36,213117.68291535
1533686400,67.36,67.49,61.01,62.27,415491.08159511
1533772800,62.28,65.14,60.25,63.08,209170.6928274
1533859200,63.08,63.36,58.1,59.14,214040.51917482
1533945600,59.13,60.32,55.13,58.1,252949.02931701
1534032000,58.1,61.8,57.35,59.44,154909.24901288
1534118400,59.43,60.6,55.72,56.48,176429.22653802
1534204800,56.49,56.49,49.33,54.39,448989.69405852
1534291200,54.39,59.44,54,54.44,484679.81861407
1534377600,54.44,57.68,54.13,55.47,157456.48092943
1534464000,55.48,61.88,55.16,61.82,238257.77024455
1534550400,61.82,62.6,55.66,57.39,158893.72241324
1534636800,57.39,58.98,56.4,57.85,95276.84135273
1534723200,57.85,58.55,53.19,53.4,287223.8397046
1534809600,53.4,56.78,53.15,56.39,120632.74585734
1534896000,56.37,59.21,54.01,55.2,254340.83892037
1534982400,55.21,57.91,55.01,57.31,111458.83994234
1535068800,57.32,58.36,55.55,57.94,108527.06757
1535155200,57.94,58.36,57.08,58.01,60150.25303538
1535241600,58,58.2,56.02,57.11,72359.5503464
1535328000,57.11,61.14,56.64,60.7,133483.1790463
1535414400,60.7,63.91,59.76,63.18,202609.555829
1535500800,63.18,63.44,60.27,61.54,141705.16049481
1535587200,61.53,61.75,58.58,60.25,132951.53710664
1535673600,60.26,62.8,59.55,62.13,105750.8364688
1535760000,62.13,67.96,62.12,66.47,197737.84294152
1535846400,66.47,66.85,64.1,66.23,126971.81929799
1535932800,66.23,66.51,64.44,65.37,95510.15600853
1536019200,65.37,69.44,65.32,67.75,171219.26098063
1536105600,67.75,68.35,57.41,57.68,364886.94179862
1536192000,57.68,57.75,53.79,57.48,374061.91511501
1536278400,57.48,58.93,55.01,55.5,149561.22656439
1536364800,55.56,57.28,51.77,53.2,155231.86450126
1536451200,53.2,56.74,52.17,54.71,126187.1307201
1536537600,54.79,56.49,53.05,54.3,128599.38959913
1536624000,54.3,54.81,50,51.97,203091.68819317
1536710400,51.97,52.08,47.19,51.6,309934.48361715
1536796800,51.6,55.6,51.6,54.66,261468.42629839
1536883200,54.6,58.9,52.92,56.33,279635.44963635
1536969600,56.33,58.73,55.55,56.34,117333.58107499
1537056000,56.35,57.45,54.45,56.78,111451.02792155
1537142400,56.82,57.85,51.44,52.05,236263.88989869
1537228800,52.05,55.49,50.55,54,168166.34562496
1537315200,53.92,54.98,51.7,54.28,214942.53484644
1537401600,54.28,57.34,53.37,56.56,140851.30665137
1537488000,56.56,62.75,56.32,60.83,297249.56943931
1537574400,60.83,61.68,58.11,60.53,153265.3173546
1537660800,60.55,63.47,59.83,61.31,158010.33253279
1537747200,61.3,61.4,57.07,57.94,177779.74064644
1537833600,57.95,58.08,54.33,57.56,251685.91987199
1537920000,57.57,59.78,56.37,57.21,186365.12544139
1538006400,57.22,65.6,56.68,63.11,401594.86970994
1538092800,63.1,64.68,60.12,61.75,181400.97673172
1538179200,61.74,62.39,59.05,61.45,118805.94774703
1538265600,61.46,62.99,59.76,61.05,136111.5967624
1538352000,61.05,61.8,59.22,60.22,143577.08226428
1538438400,60.21,61.3,58.6,59.2,110150.18551349
1538524800,59.2,59.32,56.55,57.25,142525.46781134
1538611200,57.25,58.91,57.08,58,90990.01854423
1538697600,57.99,59.45,57.23,58.47,85012.52222633
1538784000,58.47,58.67,56.7,57.7,61959.61823111
1538870400,57.71,58.22,56.85,57.9,54122.81896167
1538956800,57.9,59.79,57.36,59.24,104503.56679715
1539043200,59.25,59.4,58.02,58.43,60986.03740161
1539129600,58.45,58.46,56.85,57.49,94562.57313765
1539216000,57.49,57.49,50.04,50.55,379817.81069868
1539302400,50.55,53.43,50.15,53.03,140954.77168572
1539388800,53.03,53.85,52.52,53.05,76712.93600762
1539475200,53.07,53.35,51.1,51.36,69595.08473578
1539561600,51.37,56.77,51.01,53.55,306834.18760176
1539648000,53.52,54.23,52.54,53.1,112262.17166457
1539734400,53.1,53.24,52.25,52.81,103175.94292678
1539820800,52.81,53.39,51.01,51.73,82319.52737741
1539907200,51.73,53.12,51.47,52.5,83368.8658625
1539993600,52.5,53,52.08,52.83,53780.84019558
1540080000,52.83,53.11,52.03,52.23,50064.63594867
1540166400,52.23,52.49,51.4,51.67,68864.19027325
1540252800,51.68,52.49,51.4,52.1,64772.14782596
1540339200,52.1,52.59,51.7,51.85,62788.07343135
1540425600,51.86,51.96,51.54,51.71,43207.56326801
1540512000,51.72,52.38,51.16,51.59,63223.5673218
1540598400,51.6,51.82,51.3,51.57,35088.0967228
1540684800,51.52,51.66,51.11,51.53,38522.51509769
1540771200,51.54,51.63,47.34,48.44,169466.38955571
1540857600,48.45,49.15,48.36,48.95,76438.83398802
1540944000,48.95,50.32,47.6,49.47,88252.51959983
1541030400,49.48,50.45,49.4,50.19,64605.77627363
1541116800,50.16,51.66,50.08,51.13,69380.83037991
1541203200,51.13,51.3,50.34,50.61,42198.95112926
1541289600,50.61,55.94,50.47,53.88,146318.42170398
1541376000,53.88,54.7,52.58,53.45,106830.82724281
1541462400,53.46,55.98,53.43,55.84,136449.86278657
1541548800,55.88,56.4,53.3,53.82,118040.88269062
1541635200,53.81,54.45,51.9,52.04,89515.38415529
1541721600,52.05,52.53,51.07,51.66,70712.28673253
1541808000,51.65,52.23,51.45,51.86,26688.16698029
1541894400,51.86,51.99,49.5,50.8,64655.84928246
1541980800,50.8,51.34,50,50.33,60494.21287629
1542067200,50.32,50.43,48.31,48.84,95213.74198694
1542153600,48.83,49.95,40,42.69,539021.79141038
1542240000,42.73,43.74,39.41,43.36,308334.68450329
1542326400,43.39,43.61,41.25,41.73,116371.05973088
1542412800,41.74,41.75,41.15,41.54,67828.42155203
1542499200,41.54,42.95,41.5,41.86,71163.65794115
1542585600,41.87,41.87,34.73,35.75,515896.30220418
1542672000,35.76,37.5,30.25,32.28,751638.77953405
1542758400,32.27,34.44,31.06,34.29,358137.59975278
1542844800,34.29,34.7,31.13,31.3,201776.3264349
1542931200,31.33,32.77,30.33,31.69,245067.75797488
1543017600,31.73,32.98,27.67,28.6,345610.64164598
1543104000,28.61,31.92,26.37,30.43,555957.05652986
1543190400,30.37,31.8,27.56,29.1,458733.92975226
1543276800,29.09,31.32,28.23,30.85,283737.83938276
1543363200,30.86,36,30.71,34.43,464969.87730236
1543449600,34.43,35.4,32.7,33.5,285043.04554835
1543536000,33.51,34.15,30.67,31.65,244207.16218152
1543622400,31.65,34.8,31.02,33.77,186996.96905582
1543708800,33.77,34.6,32.78,33.34,166655.66996997
1543795200,33.34,33.45,29.56,30.5,261134.88299434
1543881600,30.49,31.86,29.5,30.71,176666.96163547
1543968000,30.72,31.06,28.58,28.71,213921.88580638
1544054400,28.73,30.2,25.73,26.25,331020.03528923
1544140800,26.18,26.34,22.24,24.77,743608.94416589
1544227200,24.77,26.7,22.95,24.19,414138.99583721
1544313600,24.18,26.62,24.06,25.3,232344.50785166
1544400000,25.29,25.65,23.55,23.97,207841.69017852
1544486400,23.97,24.38,22.72,23.22,174969.03307902
1544572800,23.23,24.89,23.01,24,166466.99754672
1544659200,24.02,24.17,22.68,22.84,176051.53740788
1544745600,22.84,23.46,22.17,23.17,218872.99626315
1544832000,23.17,23.83,22.89,23.39,154315.66262533
1544918400,23.39,26.67,23.32,25.24,427941.65885994
1545004800,25.22,30.48,25.15,28.88,509885.92098318
1545091200,28.88,30.2,27.71,30.12,290300.53114661
1545177600,30.12,31.59,28.64,29,465560.51992901
1545264000,29.01,33.2,28.66,32.36,491827.5993817
1545350400,32.35,33.06,29.62,30.2,452717.96799263
1545436800,30.2,31.6,29.73,31.59,141952.57600987
1545523200,31.6,33.84,31.43,33.07,263408.08251949
1545609600,33.08,36.78,32.52,33.05,520374.09446033
1545696000,32.98,33.05,29.66,30.77,307993.70743651
1545782400,30.76,31.89,28.87,30.52,264161.93419991
1545868800,30.52,31.09,27.48,27.72,229122.71538013
1545955200,27.72,33.53,27.72,32.22,321602.0223594
1546041600,32.21,33.24,30.3,30.63,217244.10840487
1546128000,30.62,31.95,29.95,31.56,159542.50365714
1546214400,31.56,31.62,29.42,29.78,180087.76300903
1546300800,29.78,31.96,29.11,31.68,163841.18184543
1546387200,31.68,33.64,31.33,32.94,149356.69333031
1546473600,32.93,33.1,31,31.6,116386.06002668
1546560000,31.6,32.64,31.01,32.02,140520.87278091
1546646400,32.02,36.11,32.01,34.48,352630.8784291
1546732800,34.48,40.12,34.06,38.88,459249.46375678
1546819200,38.88,39.48,37.21,37.71,239703.64970223
1546905600,37.66,41.27,37.52,39.13,370547.4360597
1546992000,39.13,40.03,38.31,38.58,168060.72903982
1547078400,38.58,39.25,31.91,33.27,468509.00867965
1547164800,33.27,33.71,30.43,31.79,254559.77156741
1547251200,31.78,32.61,31.5,32.04,112850.54208144
1547337600,32.04,32.88,29.51,29.92,254441.28909099
1547424000,29.91,32.96,29.8,32.07,186937.97249402
1547510400,32.08,32.48,30.11,30.99,181171.81760839
1547596800,30.99,32.15,30.69,31.4,103454.76998718
1547683200,31.43,31.73,29.98,31.62,164225.69432132
1547769600,31.62,31.7,30.55,30.96,81934.51029354
1547856000,30.95,33.15,30.95,32.22,115529.85397461
1547942400,32.22,33.08,30.2,30.61,162111.49661773
1548028800,30.61,31.37,30.38,30.82,87793.675603
1548115200,30.83,32.01,29.41,31.48,179720.99259935
1548201600,31.47,32.2,31.31,31.6,99821.38181953
1548288000,31.6,33.13,31.08,32.47,139317.91198543
1548374400,32.47,32.95,31.84,32.73,147988.89833856
1548460800,32.73,34,32.51,32.64,146096.81541421
1548547200,32.63,32.9,31.06,32.02,101485.40382832
1548633600,32.02,32.27,29.81,30.96,198306.90792276
1548720000,30.97,31.21,29.86,30.69,89350.18128136
1548806400,30.69,31.75,30.42,31.53,112873.9994432
1548892800,31.53,32.22,30.82,31.24,98659.78518218
1548979200,31.25,33.21,30.57,32.37,190732.77629175
1549065600,32.34,34.66,32.19,34.18,153214.28934888
1549152000,34.18,34.58,32.47,32.87,186816.58146641
1549238400,32.88,34.15,32.87,33.64,116895.84569197
1549324800,33.65,34.15,33.26,33.95,92003.98190054
1549411200,33.95,34.1,31.95,32.47,166097.87220642
1549497600,32.48,33.19,32.41,32.85,74760.78230374
1549584000,32.85,44.48,32.52,42.56,832038.60408536
1549670400,42.55,46.01,41.75,44.2,386221.37425164
1549756800,44.21,47,41.72,46.51,335347.48223347
1549843200,46.53,46.55,41.11,42.37,314108.28047723
1549929600,42.38,44.06,41.4,43.35,188035.75304479
1550016000,43.42,44.5,40.24,41.21,215077.4911891
1550102400,41.21,41.99,39.6,40.93,137448.23566365
1550188800,40.94,44.2,40.81,42.08,191649.44989781
1550275200,42.08,43.91,41.92,43.15,144989.79057823
1550361600,43.15,44.44,42.06,43.45,190497.5992841
1550448000,43.44,48.72,43.12,47.34,522009.97228859
1550534400,47.34,48.8,46.49,46.91,281079.42314011
1550620800,46.92,51.91,46.24,51.08,366447.36928652
1550707200,51.05,51.27,47.52,48.46,234935.87658749
1550793600,48.47,49.47,47.83,49.07,164043.94400854
1550880000,49.07,51.73,48.02,51.19,244480.2924192
1550966400,51.19,53.49,42.5,43.57,577755.2596448
1551052800,43.57,46.89,43.2,45.37,269628.58038045
1551139200,45.37,45.7,44.05,44.66,128690.14422987
1551225600,44.64,45.31,42.4,44.96,204553.8783082
1551312000,44.94,46.65,44.38,45.44,197200.50471017
1551398400,45.43,48.7,45.26,46.81,211111.57072915
1551484800,46.81,49.11,46.41,48.25,122081.04058928
1551571200,48.26,48.73,46.78,47.49,93524.70120217
1551657600,47.48,48,44.4,45.64,181787.59978055
1551744000,45.65,53.98,45.33,52.3,407224.50402621
1551830400,52.31,56.58,51.22,55.17,317183.3374028
1551916800,55.17,58.87,53.63,56.51,426868.90426728
1552003200,56.51,57.38,54.02,55.33,226615.7752174
1552089600,55.31,59,55.12,57.43,243584.59118793
1552176000,57.44,57.45,55.77,56.3,130072.61269747
1552262400,56.3,56.95,53.75,54.65,168897.91258116
1552348800,54.66,56.7,52.15,56.2,229133.49852433
1552435200,56.2,56.46,54.12,55.06,112937.4394846
1552521600,55.05,57.74,53.11,55.61,155765.93302272
1552608000,55.61,58.58,55.6,58.13,163159.83033753
1552694400,58.13,61.58,58.12,61.01,254486.09364296
1552780800,61.01,61.02,59.38,60.29,90473.64962035
1552867200,60.3,62.22,57.8,58.99,177133.81840756
1552953600,59,59.67,58.07,59.29,120377.22591394
1553040000,59.27,60.91,56.8,60.21,155848.47668255
1553126400,60.21,60.4,57.2,58.41,151461.76315312
1553212800,58.42,59.43,57.85,59.12,96577.73550859
1553299200,59.13,61,58.94,60.43,96058.8640439
1553385600,60.44,60.44,58.75,59.46,85673.82751199
1553472000,59.46,60.25,57.82,58.66,124641.55412813
1553558400,58.63,58.89,57.06,58.48,86674.30734283
1553644800,58.42,61.5,58.3,61.26,168380.81772082
1553731200,61.26,61.26,60.03,60.26,59812.8236594
1553817600,60.27,61.38,59.81,61.23,89573.12195441
1553904000,61.27,61.37,59.71,60.25,100740.81131281
1553990400,60.25,60.48,59.76,60.35,47463.55525726
1554076800,60.33,60.83,59.9,60.35,71559.62730818
1554163200,60.36,79.38,60.17,77.5,750948.30357535
1554249600,77.57,99.89,73.03,85.6,1466987.4242299
1554336000,85.55,90.84,80.37,84.95,449811.49243706
1554422400,84.93,90.4,84.13,88.88,255188.54209714
1554508800,88.88,97.88,85.31,92.37,391376.71266533
1554595200,92.32,95.4,89.12,91.88,252400.72357002
1554681600,91.9,94.36,86.58,89.49,276668.69918592
1554768000,89.49,89.7,83.81,86.89,170699.02045043
1554854400,86.73,91.99,86.51,88.43,199622.24266122
1554940800,88.43,88.9,75.33,79.23,347528.63699469
1555027200,79.22,81.2,75.44,78.92,172719.04499649
1555113600,78.91,81.63,76.35,77.9,121572.78277232
1555200000,77.89,83.94,76.5,83.77,133012.31533227
1555286400,83.77,84.73,74.95,78.24,262799.56911416
1555372800,78.17,81.86,77.18,80.89,150296.55497484
1555459200,80.82,82.18,78.52,79.15,108204.92526174
1555545600,79.15,83.9,79.14,82.07,179703.04546441
1555632000,82.08,83.73,80.02,82.57,133323.16563795
1555718400,82.6,83.08,79.66,81.69,98583.47570816
1555804800,81.61,82.4,73.54,77.23,210576.30765898
1555891200,77.27,78.3,75.4,76.93,155535.31034066
1555977600,76.98,79.77,73.87,74.32,202891.46436665
1556064000,74.18,75.14,70.26,73.14,296799.41960504
1556150400,73.15,74.73,68.88,70.67,201385.45958783
1556236800,70.59,73.5,68.88,71.64,224831.44779404
1556323200,71.68,71.83,70.19,70.55,72475.19816761
1556409600,70.55,70.83,66.77,67.78,165526.54539404
1556496000,67.74,68.36,64.86,66.55,126454.74144842
1556582400,66.55,74,66.55,73.51,213434.93105351
1556668800,73.52,74.9,71,72.52,148796.08547937
1556755200,72.51,73.4,71.36,72.16,82014.90615227
1556841600,72.2,79.87,71.94,77.72,216168.93612552
1556928000,77.8,81.5,73.5,76.92,207124.69013721
1557014400,77,77.33,74.4,74.79,85791.07756544
1557100800,74.81,76.09,70.55,74.09,180125.48915087
1557187200,74.1,77.9,72.6,73.33,236492.71913272
1557273600,73.36,75,71.31,73.83,153243.25363001
1557360000,73.85,75.59,72.2,73.76,177059.38536216
1557446400,73.77,79.24,72.38,76.68,267068.86214199
1557532800,76.68,95.99,76.68,88.31,759605.95168228
1557619200,88.3,94.3,83,84.79,677601.44154943
1557705600,84.78,93.48,84.11,87.78,554268.29875714
1557792000,87.78,94.44,85.61,91.69,529694.19891738
1557878400,91.62,104.49,90.5,102.26,741616.31773802
1557964800,102.25,107.6,90.81,95.75,801323.87916931
1558051200,95.69,97.55,84,89.88,588672.01628033
1558137600,89.88,90.61,85.2,86.65,172761.06604904
1558224000,86.66,97.28,86.24,95.06,373515.18916349
1558310400,95.03,95.09,87.34,91.69,281703.88236997
1558396800,91.76,93.5,89.46,91.25,164062.36514063
1558483200,91.25,92.58,85.65,87.72,259291.77910919
1558569600,87.65,89.87,84.75,88.95,170514.90919516
1558656000,88.99,103.9,88.21,100.5,576361.56713699
1558742400,100.66,104.95,98.8,103.02,288436.41476566
1558828800,103.11,114.5,99,112.56,410013.43608155
1558915200,112.52,122,110.58,116.5,602778.4305614
1559001600,116.5,118.21,111.58,114.95,298167.64230743
1559088000,114.92,118.49,108.52,115.29,313917.44257706
1559174400,115.26,121,101.7,107.95,604579.80278602
1559260800,108.02,114.8,104.47,114.47,262101.39315019
1559347200,114.45,116.11,111,112.48,222671.93485988
1559433600,112.52,116.65,111.9,114.55,161044.4810195
1559520000,114.68,116.11,104.59,105.87,315766.8660471
1559606400,105.75,106.34,97.05,102.14,527950.94013727
1559692800,102.13,106,100,103.79,247030.96557283
1559779200,103.84,112.33,101.05,111.47,305363.60341065
1559865600,111.5,121.57,109.9,117.07,483324.88478305
1559952000,117.07,120,114,118.5,255271.04417882
1560038400,118.5,119.3,111.09,114.83,280386.0699627
1560124800,114.82,130.78,112.66,129.76,596264.58671181
1560211200,129.59,138.99,125.34,136.2,588456.50587165
1560297600,136.2,144.34,130.45,136.19,652474.16901331
1560384000,136.2,136.99,128,130.89,381672.46077816
1560470400,130.78,133.23,125.6,132.56,344171.90805762
1560556800,132.57,140,132.57,138.35,275694.21528818
1560643200,138.46,139.14,133.07,137,270179.87188321
1560729600,137,137.4,132.05,134.21,224291.30177387
1560816000,134.2,136.98,128.91,135.1,245947.50216401
1560902400,135.1,139.66,133.57,136.81,244073.67794616
1560988800,136.67,137.15,133.37,135.75,157353.27765328
1561075200,135.84,141.53,135.35,139.04,342026.20756735
1561161600,139.23,146,137.56,141.46,550829.37324511
1561248000,141.38,142.2,135.2,136.66,236553.45975575
1561334400,136.65,136.66,132.13,135.26,218106.45800131
1561420800,135.37,138.33,129,135.55,280093.4747632
1561507200,135.52,138.21,122.46,130.64,711169.20542353
1561593600,130.64,132.11,109.09,114.16,824068.05604666
1561680000,114.14,121.8,112.35,119.47,345820.45660094
1561766400,119.39,136.5,115,133.21,540252.45290379
1561852800,133.26,136.81,119.3,122.06,486639.4182443
1561939200,122.03,126.52,113.13,122.54,404519.94052958
1562025600,122.59,123.41,111.2,118.59,378949.36960981
1562112000,118.59,123.16,117.22,121.78,182539.16396149
1562198400,121.78,127.37,118.59,119.59,252442.87123813
1562284800,119.48,120.85,116.56,118.54,170118.86017284
1562371200,118.46,122.29,117.3,118.25,133588.85401387
1562457600,118.16,121.39,117,120.18,125056.68378978
1562544000,120.26,125.67,118.01,123.5,194849.89834076
1562630400,123.42,124.2,117.88,119.51,222192.30311409
1562716800,119.45,120.5,102.5,108.28,470340.12640767
1562803200,108.31,108.31,95.25,102.94,565958.86831804
1562889600,103.02,107,100.59,105.16,260223.40144552
1562976000,105.23,105.51,97.5,101.15,240576.48114799
1563062400,101.19,101.91,88,89.72,491898.43293513
1563148800,89.72,93,84.88,90.5,440032.24527423
1563235200,90.54,91.89,76.63,79.68,568882.93297915
1563321600,79.73,95,76.8,90.25,715309.05161181
1563408000,90.24,105,87.01,101.4,668519.01211687
1563494400,101.4,101.67,94.97,98.75,279799.21564025
1563580800,98.65,106.04,97.53,100.48,290370.23133668
1563667200,100.46,101.86,96.48,99.76,183357.66672708
1563753600,99.77,100.88,90.91,95.12,285813.39777507
1563840000,95.12,95.12,88.23,90.02,282613.76137617
1563926400,90.02,97.36,86.11,94.45,347152.19634545
1564012800,94.4,96.85,91.12,93.29,189626.63066569
1564099200,93.3,94.65,90.18,94.33,129615.61715823
1564185600,94.28,96.53,86.57,88.87,241175.82605723
1564272000,88.84,91.08,83.27,90.02,178250.89963871
1564358400,90.11,92.44,87.25,90.24,163220.89101816
1564444800,90.26,92.73,88.43,90.33,92345.98074439
1564531200,90.33,100,90.01,98.89,256689.54890338
1564617600,98.92,101.54,95.76,98.89,188773.47425355
1564704000,98.88,98.98,92.22,94.83,198060.88467465
1564790400,94.88,96.79,93.6,94.2,131132.20724345
1564876800,94.25,94.79,90.52,92.95,149822.68377798
1564963200,92.98,107.04,92.98,96.39,441478.61776596
1565049600,96.4,99.28,90.9,92.88,222033.6520475
1565136000,92.86,94.46,87.19,90.5,257938.77311365
1565222400,90.5,92.82,87.69,90,161430.25018746
1565308800,90,90.32,82.5,84.32,201687.89862439
1565395200,84.28,87.33,81.84,85.17,188577.69797416
1565481600,85.16,91.35,85.15,89.78,143540.94638153
1565568000,89.81,89.93,85.33,85.78,118035.74927201
1565654400,85.78,86.54,83,84.53,138641.01715489
1565740800,84.49,86.07,74,75.81,309258.20061085
1565827200,75.77,77.89,70.66,76.25,289825.68869643
1565913600,76.25,76.39,72.25,74.76,192246.37642216
1566000000,74.76,75.44,71.63,72.71,101501.63894422
1566086400,72.71,78.18,71.35,76.34,164689.92870419
1566172800,76.29,79.06,75.54,77.16,150828.12646747
1566259200,77.17,77.24,73.18,75.11,112305.35555907
1566345600,75.11,75.35,70,73.19,178248.18408149
1566432000,73.2,74.85,70.9,73.39,150659.5029084
1566518400,73.32,76.1,72.5,75.48,105235.07942968
1566604800,75.48,75.6,71.59,73.4,91228.96923384
1566691200,73.43,74.88,70.66,72.15,98225.25457526
1566777600,72.13,75.55,72.13,73.38,130476.08026019
1566864000,73.41,73.61,71.91,72.75,86523.38713263
1566950400,72.7,72.99,64.21,66.79,270218.93669232
1567036800,66.81,66.81,62.05,63.46,187437.74001171
1567123200,63.5,65.57,62.07,64.21,128511.82356221
1567209600,64.18,65.33,62.39,64.35,84686.98868465
1567296000,64.33,67.37,64,66.1,101607.22353909
1567382400,66.11,68.21,65.08,67.2,123405.87825961
1567468800,67.2,71,66.63,69.12,142373.26883318
1567555200,69.17,69.36,66.55,67.13,108131.25787971
1567641600,67.13,67.46,64.23,65.27,86343.82048253
1567728000,65.26,68.24,63.87,64.98,139951.38885967
1567814400,64.91,70.58,64.64,68.87,128152.72514779
1567900800,68.9,72.25,68.01,70.56,129627.91683298
1567987200,70.45,71.47,67.8,69.93,98888.29848439
1568073600,69.92,73.24,69.62,70.75,155632.88888102
1568160000,70.72,71.7,68.21,69.81,78310.43940964
1568246400,69.84,70,68.29,69.28,61911.30614481
1568332800,69.2,69.69,67.1,69.09,70265.84992451
1568419200,69.1,71.45,68.3,70.62,69011.00960988
1568505600,70.64,71.47,69.71,70.14,37490.28035507
1568592000,70.14,73.81,69.45,72.76,121648.98985418
1568678400,72.74,77.66,72.18,74.13,186716.79222766
1568764800,74.16,80.26,74.09,77.75,250100.373557
1568851200,77.78,77.78,72.58,76.82,231813.591646
1568937600,76.83,77.2,72.91,75.1,132704.73214397
1569024000,75.07,75.5,72.04,73.18,70573.61916907
1569110400,73.19,73.25,71.02,72.26,64992.66071357
1569196800,72.25,74.12,61.75,66.47,225079.42016512
1569283200,66.47,67.37,55.2,55.5,473932.82486726
1569369600,55.49,58.61,53.06,57.53,312923.83060013
1569456000,57.53,57.63,50.25,55.21,338012.58722206
1569542400,55.2,56.9,52.61,56.05,152419.06706767
1569628800,56.05,56.49,53.86,55.53,105881.68172532
1569715200,55.53,55.66,52.18,53.91,93879.19852639
1569801600,53.9,56.45,52.51,56.09,143290.92005847
1569888000,56.09,57.75,54.87,55.8,142133.00701459
1569974400,55.83,56.71,55.26,56.43,67490.4779621
1570060800,56.43,57.05,53.62,56.44,128354.06236599
1570147200,56.62,57.5,55.24,56.51,97984.41353147
1570233600,56.46,57.45,55.68,56.85,77326.20232318
1570320000,56.85,56.96,53.03,54.48,97445.59677648
1570406400,54.49,58.7,53.25,57.56,141433.85982005
1570492800,57.56,58.5,56.55,57,74609.56167126
1570579200,56.99,60.13,56.6,59.26,124558.32449416
1570665600,59.29,59.49,57.14,57.77,78486.72961661
1570752000,57.76,58.64,55.44,55.94,123950.06692077
1570838400,55.97,56.57,55.53,55.77,51241.35668838
1570924800,55.79,57.82,55.55,56.48,63758.60651373
1571011200,56.47,57.34,56.04,56.87,54513.39884413
1571097600,56.88,57.42,53.45,54.56,124797.24698675
1571184000,54.56,55.36,51.13,52.51,138566.03423923
1571270400,52.51,55.2,51.54,54.95,92832.68300747
1571356800,54.97,55,52.12,53.31,70136.95071588
1571443200,53.31,54.14,52.58,53.81,52703.50372545
1571529600,53.85,55.59,52.64,54.96,74704.14633596
1571616000,54.96,55.78,53.75,54.72,85383.1968606
1571702400,54.7,55.15,53.02,53.42,67071.49910209
1571788800,53.4,53.45,47.22,49.54,245325.46066325
1571875200,49.51,50.36,48.4,49.66,130251.73249662
1571961600,49.68,58.89,49.05,56.95,371964.28986441
1572048000,56.97,64.4,54.14,56.88,452297.77624475
1572134400,56.89,62.96,55.77,59.91,278065.97054496
1572220800,59.91,62.71,57.64,57.83,215037.98977155
1572307200,57.84,61.05,57.79,59.84,150462.82173948
1572393600,59.85,61.19,56.82,57.96,130917.90601703
1572480000,58.04,59.84,57.06,58.37,113406.7038827
1572566400,58.39,59,56.66,58.34,94166.62395297
1572652800,58.35,59.32,57.86,58.38,60882.0056203
1572739200,58.38,58.8,57.29,58.34,52649.70859678
1572825600,58.36,62.85,57.96,61.41,163759.42188434
1572912000,61.41,64.2,60.79,63.16,154098.50699112
1572998400,63.18,64.31,62.59,64.16,117437.38182006
1573084800,64.15,64.32,60.16,61.37,138383.40930077
1573171200,61.37,62.43,58.68,60.4,206543.31850926
1573257600,60.3,62.33,60.1,62.04,82335.96112811
1573344000,62.08,66.19,61.02,63.66,211144.8072059
1573430400,63.66,64.27,60.29,61.74,113528.42047145
1573516800,61.74,62.23,59.6,61.4,94955.91750393
1573603200,61.41,61.93,60.12,60.89,55374.05032866
1573689600,60.86,60.98,58.26,58.91,85626.66807933
1573776000,58.92,60.68,56.09,57.53,168616.49133104
1573862400,57.52,58.91,57.06,58.21,74863.57040954
1573948800,58.2,60.04,57.57,59.2,68859.97285962
1574035200,59.2,59.3,53.89,55.72,150876.14167269
1574121600,55.72,56.16,54.1,55.08,98185.66241307
1574208000,55.05,56.12,54.54,54.87,79944.22216065
1574294400,54.87,55.18,48.17,50.6,270858.23436333
1574380800,50.59,51.67,43.55,47.4,431936.59498768
1574467200,47.44,48.65,46.33,48.22,145244.08938856
1574553600,48.25,48.34,43.58,43.95,170409.48669973
1574640000,43.94,47.51,42.16,45.54,325253.79480635
1574726400,45.56,47.64,45.28,46.99,136712.21998879
1574812800,46.99,48.81,44.58,47.8,179397.17389695
1574899200,47.8,48.12,46.26,46.91,82239.08334879
1574985600,46.86,49.36,46.84,48.68,106728.43955362
1575072000,48.65,48.83,46.71,47.26,58483.45912298
1575158400,47.24,48.44,45.51,47.5,79250.27656436
1575244800,47.5,47.64,44.66,45.57,113003.371443
1575331200,45.55,46.31,44.27,44.82,79890.97348821
1575417600,44.83,47.17,43.71,44.69,161222.01146472
1575504000,44.7,45.22,43.72,44.84,93635.54750268
1575590400,44.85,45.66,44.09,45.36,70823.41926546
1575676800,45.37,46.54,45.03,45.21,57552.3924665
1575763200,45.21,46.32,44.92,45.6,56793.04949462
1575849600,45.6,45.94,44.07,44.44,75619.87761162
1575936000,44.44,44.59,43.6,44.11,53319.9210857
1576022400,44.08,44.43,43.19,43.63,54155.05163319
1576108800,43.62,44.07,42.7,43.6,60012.22300589
1576195200,43.61,44.5,43.39,44.43,42326.19571609
1576281600,44.43,44.64,43.2,43.24,34305.07465528
1576368000,43.24,44.04,42.88,43.41,32694.55868673
1576454400,43.43,43.51,38.98,39.9,169150.14150498
1576540800,39.93,40.06,36.16,36.98,201896.72174798
1576627200,36.97,41.65,35.88,40.77,217013.75637407
1576713600,40.77,41.12,39.06,39.69,116656.40208327
1576800000,39.7,40.32,39.3,40.13,75273.6598026
1576886400,40.13,40.22,39.52,39.73,61901.98203518
1576972800,39.73,42.27,39.69,41.93,69435.21517163
1577059200,41.92,42.69,40.23,40.61,93353.19282832
1577145600,40.54,41.12,39.75,40.3,73847.87574019
1577232000,40.33,40.39,39.36,40.08,34621.72050152
1577318400,40.09,41.68,39.58,39.97,63113.31202346
1577404800,39.97,41.42,39.58,40.93,78959.51466862
1577491200,40.94,43.65,40.87,42.73,95475.46541536
1577577600,42.7,43.73,42.06,43.07,72010.79819355
1577664000,43.04,44.02,41.72,42.23,73635.23888048
1577750400,42.18,43,40.82,41.1,109544.25208719
1577836800,41.09,41.97,40.99,41.49,53494.10370447
1577923200,41.49,41.56,38.74,39.32,88465.20189162
1578009600,39.29,42.37,38.74,42.2,124579.18841241
1578096000,42.2,42.81,41.74,42.73,54827.96372263
1578182400,42.7,44.51,42.58,43.28,79791.67624467
1578268800,43.28,46.18,43.12,45.79,143316.57954752
1578355200,45.81,46.89,44.48,46.36,213535.85907647
1578441600,46.36,48.6,44.08,45.28,238289.48324823
1578528000,45.32,45.75,43.86,44.73,95992.57024022
1578614400,44.72,49.67,43.72,48.99,231955.09832687
1578700800,49.01,52.03,47.72,49.36,178906.81311952
1578787200,49.37,51.7,48.82,51.42,105906.45468477
1578873600,51.41,51.63,48.85,49.58,112035.75877696
1578960000,49.57,60.8,49.56,58.4,489726.5966756
1579046400,58.4,60.25,55.24,58.12,251482.71331807
1579132800,58.09,58.4,54.72,57.5,150859.59510839
1579219200,57.53,63.17,56.7,60.86,298201.06770049
1579305600,60.87,62.4,57.92,59.28,150822.25710017
1579392000,59.24,62.5,55.33,57.57,178580.06296385
1579478400,57.54,58.19,55.71,57.1,96636.89920993
1579564800,57.12,57.98,55.76,57.49,86003.48150129
1579651200,57.49,59.13,57.03,58.1,70210.33061885
1579737600,58.11,58.2,52.1,54.42,178115.25574334
1579824000,54.45,55.34,50.63,54.33,156161.670056
1579910400,54.33,54.33,52.2,52.79,74542.36549578
1579996800,52.76,56.53,52.75,56.08,82281.26637469
1580083200,56.09,59.53,55.79,58.44,154329.98266349
1580169600,58.47,61.44,57.17,60.62,218236.19952383
1580256000,60.62,62.4,59.32,59.62,215676.30155165
1580342400,59.66,70.12,58.1,67.82,409353.58615573
1580428800,67.84,69.8,65.22,67.96,262115.19613835
1580515200,67.96,72.9,67.53,70.69,277993.80303612
1580601600,70.69,73.33,67.64,69.82,242634.35849274
1580688000,69.83,72.91,68.2,69.55,212427.37439651
1580774400,69.59,70.46,66.51,67.84,152382.59398695
1580860800,67.83,73.46,67.43,72.56,217673.04794635
1580947200,72.59,75,70.92,73.45,220326.46181563
1581033600,73.45,75.43,72.76,74.25,178898.92017792
1581120000,74.28,77.92,71.53,76.67,227062.19559548
1581206400,76.66,78.45,75,77.05,174507.04975649
1581292800,77.09,77.5,72.5,73.98,170789.96434716
1581379200,74,77.55,72.46,76.81,197534.83528138
1581465600,76.81,82.9,76.62,81.37,299230.97326237
1581552000,81.37,84.5,77.25,80.55,318910.87959203
1581638400,80.59,83.96,78.6,83.31,189594.3530544
1581724800,83.34,83.72,74.84,76.74,269228.69580315
1581811200,76.76,80.8,67.28,74.7,345742.89307363
1581897600,74.65,75.47,68.58,73.43,210622.17975777
1581984000,73.43,79.17,70.22,77.4,197957.87337282
1582070400,77.36,79.75,67.78,70.67,292531.09318362
1582156800,70.6,72.4,66,69.55,241394.28427495
1582243200,69.49,75.31,68.7,73.41,180149.6617431
1582329600,73.42,76.83,72.45,74.88,145729.68596392
1582416000,74.87,80.75,74.7,79.8,196301.3236778
1582502400,79.79,80.04,71.8,75.55,236081.1142491
1582588800,75.55,76.12,69.3,70.96,191265.89901079
1582675200,70.92,72.16,57.52,60.42,484846.89580407
1582761600,60.53,65.87,57.1,61.76,329838.19095444
1582848000,61.77,63.4,56.35,59.99,255604.40128573
1582934400,59.98,61.78,57.91,58.04,139340.16648839
1583020800,58.07,60.27,56.05,57.63,161664.63754828
1583107200,57.64,62.38,57.24,61.47,189786.58415082
1583193600,61.47,62.44,59.29,61,158871.60446699
1583280000,61.01,61.8,58.81,60.36,122573.91835519
1583366400,60.39,63.38,60.36,62.01,155971.38889699
1583452800,62.02,63.9,61.28,63.37,132823.74866296
1583539200,63.36,63.98,59.98,60.57,123692.29551015
1583625600,60.54,60.55,50.5,51.15,338369.64860501
1583712000,51.11,52.51,46.61,50.53,404484.46920914
1583798400,50.49,51.5,48.84,50.14,217031.84981885
1583884800,50.22,50.72,45.44,48.54,190363.77196425
1583971200,48.54,48.79,28.29,30.09,1295443.47412016
1584057600,29.99,41.31,25,38.01,1759677.99431087
1584144000,38.01,38.25,33.81,34.43,389165.97780001
1584230400,34.41,39,33.95,36.24,372347.37199192
1584316800,36.23,36.28,29.17,33.33,805533.64122317
1584403200,33.37,36.05,32.58,34.17,468722.4901525
1584489600,34.18,34.95,32.37,34.85,355432.93843312
1584576000,34.86,40.97,34.08,39.08,596063.5401322
1584662400,39.08,43.97,34.13,38.09,683270.81544971
1584748800,38.07,39.86,36.29,38.39,280210.6641734
1584835200,38.39,39.71,34.85,35.45,331013.48690719
1584921600,35.44,40.14,34.51,39.12,401153.33829773
1585008000,39.11,41.05,38.39,40.7,269331.93957383
1585094400,40.71,41.21,38.24,39.25,246537.26984675
1585180800,39.29,40.66,38.54,40.59,195149.94395814
1585267200,40.6,41.43,37.94,38.15,249311.2201489
1585353600,38.17,39.51,36.57,38.91,267051.30087453
1585440000,38.93,39.19,37.01,37.11,128864.50782672
1585526400,37.1,39.79,37.1,38.99,153320.99136908
1585612800,38.99,39.41,38.38,39.15,90366.03732699
1585699200,39.2,39.5,37.17,39.33,137571.3019552
1585785600,39.33,43,39.01,39.97,253540.23707943
1585872000,39.92,41.51,39.54,40.54,146916.77579923
1585958400,40.49,41.23,39.95,40.85,116122.52421151
1586044800,40.82,41.11,39.95,40.38,101091.20280079
1586131200,40.37,45.15,40.37,45.12,306101.80165043
1586217600,45.12,47.69,43.63,44.8,369765.42416411
1586304000,44.77,47.25,44.27,46.58,215204.11797405
1586390400,46.59,46.92,44.67,46.29,168911.20278432
1586476800,46.29,46.45,40.93,42.36,310086.06787075
1586563200,42.37,43.24,41.51,42.61,134221.15836547
1586649600,42.6,43.75,41.9,42.04,157019.84946749
1586736000,42,42,39.5,41.37,252257.91858691
1586822400,41.37,41.96,40.52,41.22,121272.56942758
1586908800,41.22,41.8,39.12,39.3,161434.87112467
1586995200,39.3,43.75,38,42.6,344240.67029713
1587081600,42.6,43.09,41.66,42.21,103965.61456409
1587168000,42.26,44.51,42.08,44.2,154548.08863536
1587254400,44.22,44.39,41.56,42.28,157063.20997163
1587340800,42.3,43.33,39.53,40.27,208215.01525198
1587427200,40.26,41.4,40.15,40.7,137212.33013393
1587513600,40.69,42.38,40.33,41.88,113064.18579238
1587600000,41.87,43.97,41.03,43,220095.78865154
1587686400,42.99,44.99,42.89,44.56,202913.91346037
1587772800,44.55,45.6,43.9,44.41,162978.76091284
1587859200,44.4,45.39,43.76,44.63,124959.60161551
1587945600,44.64,45.28,43.19,44.53,156879.50413573
1588032000,44.53,46.22,43.5,45.8,154106.2439051
1588118400,45.79,50.19,45.65,48.85,433999.85075309
1588204800,48.86,50.96,45.78,46.39,469948.73458496
1588291200,46.39,48.36,46.36,47.11,145467.33322019
1588377600,47.11,49.64,46.79,49.26,146295.03624369
1588464000,49.26,49.99,46.71,48.15,170361.07436819
1588550400,48.16,48.27,45.26,47.07,205771.88311552
1588636800,47.07,47.84,45.79,46.58,124117.70076311
1588723200,46.62,47.64,44.47,45.06,172293.22309713
1588809600,45.04,48.25,44.5,47.46,240753.29452893
1588896000,47.43,48.5,46.4,47.74,237192.90734679
1588982400,47.73,49.12,46.66,46.94,232097.73092766
1589068800,46.95,47,39.98,42.15,484171.80872952
1589155200,42.1,43.14,39.34,41.52,281292.33084005
1589241600,41.5,42.87,41.31,42.26,143902.57982042
1589328000,42.23,43.82,41.99,43.26,132447.47637696
1589414400,43.27,44.42,42.28,44.02,162135.91610805
1589500800,44.01,44.16,41.89,42.7,155228.8275706
1589587200,42.7,43.88,42.5,43.27,88025.82432655
1589673600,43.21,44.5,43.08,43.7,119367.86305995
1589760000,43.66,47.5,43.64,45.32,353209.40697848
1589846400,45.32,45.86,44.07,45.76,132536.74382185
1589932800,45.77,46.2,42.94,44.21,180901.18096472
1590019200,44.23,44.63,41.53,42.68,159270.83651021
1590105600,42.69,44.68,42.32,44.22,128211.54030337
1590192000,44.25,44.75,43.68,43.85,50438.27297605
1590278400,43.86,44.56,42.04,42.06,98282.48599049
1590364800,42.08,43.31,41.76,42.97,81678.15561368
1590451200,42.97,43.07,41.79,42.29,74651.4929374
1590537600,42.27,43.98,42.23,43.87,86956.32239818
1590624000,43.85,44.88,43.15,44.75,97888.52376408
1590710400,44.76,45.37,44.16,44.48,94083.82233789
1590796800,44.5,48.07,44.12,47.75,216888.85363188
1590883200,47.74,47.81,45.1,45.6,125301.11108743
1590969600,45.57,48.96,45.34,48.27,200988.86228216
1591056000,48.29,49.9,44.52,46.03,345204.2123439
1591142400,46.04,47.44,45.28,47.13,138638.25100665
1591228800,47.19,48.07,46.29,47.44,127960.25846747
1591315200,47.45,47.96,46.45,46.76,88149.5213648
1591401600,46.76,47.17,46,46.75,68895.56468514
1591488000,46.75,47,45.1,46.64,98604.70198454
1591574400,46.65,46.76,45.98,46.51,91939.01539587
1591660800,46.5,46.87,45.39,45.93,109843.80986744
1591747200,45.89,47.15,45.64,46.71,138941.48696784
1591833600,46.71,47,42.12,43.19,244686.35203563
1591920000,43.18,45.35,42.78,44.7,128084.83664896
1592006400,44.69,45.24,44.27,45.07,57037.73182986
1592092800,45.08,45.08,43.54,43.99,64934.69951803
1592179200,43.96,44.08,41.75,43.76,157475.41859027
1592265600,43.77,44.21,43.32,43.86,82069.16537146
1592352000,43.89,45.05,42.97,44.04,94770.68600234
1592438400,44.04,44.18,42.81,43.4,78430.83285348
1592524800,43.39,43.66,42.54,42.77,70834.9247573
1592611200,42.81,43.87,42.23,43.56,68715.13921253
1592697600,43.61,43.82,42.82,42.96,30295.32050984
1592784000,42.96,44.66,42.91,44.3,102659.15830902
1592870400,44.36,44.46,43.88,44.16,66036.12634085
1592956800,44.16,44.6,42,42.57,120432.24493376
1593043200,42.57,42.96,41.61,42.31,98787.84554209
1593129600,42.31,43.55,41.3,43.06,105097.47308044
1593216000,43.07,43.07,39.18,41.04,139851.5090001
1593302400,41.03,42.04,40.4,41.32,76550.14926239
1593388800,41.34,42.24,40.57,41.87,138471.45770183
1593475200,41.88,42.06,40.73,41.16,87725.66249834
1593561600,41.15,42.02,40.96,41.8,90040.25267324
1593648000,41.8,41.91,40.32,41.08,92590.91961476
1593734400,41.07,41.69,40.9,41.17,59851.60096156
1593820800,41.15,42.25,41.08,42.15,69557.95126195
1593907200,42.14,42.22,40.75,41.59,48602.14017544
1593993600,41.59,44.28,41.53,44.03,123371.60286072
1594080000,44.05,44.46,42.84,43.37,96588.8308436
1594166400,43.39,45.63,43.11,45.4,194183.13418818
1594252800,45.39,45.86,43.54,44.33,143449.73644858
1594339200,44.36,44.55,43.44,44.32,59555.31504022
1594425600,44.33,44.75,43.88,44.74,54369.82291024
1594512000,44.74,45.24,43.76,44.71,88298.68388054
1594598400,44.76,45.55,42.62,43.88,197318.59357955
1594684800,43.84,44,42.89,43.88,97524.78827021
1594771200,43.87,44,42.84,43.3,94270.76316143
1594857600,43.29,43.44,40.86,42.08,176455.46504461
1594944000,42.07,42.46,41.67,41.89,70495.29275715
1595030400,41.87,42.91,41.75,42.47,66946.75004607
1595116800,42.45,42.92,41.88,42.65,45068.68542218
1595203200,42.69,42.84,41.45,41.97,63463.00403552
1595289600,41.93,44.1,41.89,43.83,143836.76510518
1595376000,43.78,45.17,43.22,45.02,103094.13507942
1595462400,45.06,45.75,44.55,44.98,159555.06997036
1595548800,44.96,45.02,44,44.16,83961.81951495
1595635200,44.18,49.64,44.09,49.23,417779.65692932
1595721600,49.23,50.79,47.64,48.14,250162.87842471
1595808000,48.13,56.27,46.93,53.38,687116.98638302
1595894400,53.39,57.99,51.71,55.86,565218.61558367
1595980800,55.86,56.99,54.77,55.2,256964.95440846
1596067200,55.2,59.14,53.92,56.82,311150.63276624
1596153600,56.84,59.22,55.85,58.23,215041.08650029
1596240000,58.21,62.36,57.64,61.72,393363.98160172
1596326400,61.72,65.31,52.7,56.77,643179.88806517
1596412800,56.8,60.1,55.72,58.54,268801.25123756
1596499200,58.55,59.6,56.33,57.65,183754.76070154
1596585600,57.65,59.92,56.73,58.97,207576.91387004
1596672000,58.94,60.78,57.78,59.08,206942.35713422
1596758400,59.08,61.1,54.76,57.25,282108.70523961
1596844800,57.23,58.61,56.51,58.46,119001.48445355
1596931200,58.46,58.72,56.1,56.97,118709.29872856
1597017600,57.01,59.49,56.57,58.28,187943.31960366
1597104000,58.29,59.7,52.41,54.12,275618.67142667
1597190400,54.1,55.09,51.61,54.55,186859.8909026
1597276800,54.54,57.35,51.89,57.18,247877.52059308
1597363200,57.22,57.92,55.92,56.85,223915.26001336
1597449600,56.84,60.89,56.57,59.9,358740.07189436
1597536000,59.91,64.64,57.64,63.91,432590.7969034
1597622400,63.94,69,61.42,67.3,607245.16022831
1597708800,67.29,68.5,63.3,65.4,459641.26117711
1597795200,65.45,67.15,58.76,62.12,399762.61609727
1597881600,62.13,63.71,61.03,62.8,212675.27832847
1597968000,62.82,63.87,58.77,59.09,253293.77485154
1598054400,59.09,60.54,57.75,60.28,150189.28633804
1598140800,60.28,61.61,58.08,60.62,160307.47038685
1598227200,60.61,62.99,60.03,62.04,143649.87796524
1598313600,62.05,62.32,56.63,58.38,170447.19342281
1598400000,58.35,59.13,57,58.09,121801.91850844
1598486400,58.09,59.27,53.98,56.15,177729.68057111
1598572800,56.16,58.25,55.34,57.4,99285.15621213
1598659200,57.4,58.2,56.95,56.95,91471.25516673
1598745600,56.94,62.94,56.94,62.9,205877.39035288
1598832000,62.9,63.73,60.59,60.93,158964.93459098
1598918400,60.93,64.38,59.77,62.71,243590.37238101
1599004800,62.66,63.18,56.77,58.12,261021.89575086
1599091200,58.12,58.69,45.14,50.07,405821.17981048
1599177600,50.06,52.43,46.51,50.76,327758.79085871
1599264000,50.76,51.07,45.14,47.83,334390.52556155
1599350400,47.83,49.17,46.3,47.94,156230.93393026
1599436800,47.89,49.16,45.31,48.88,181580.72302902
1599523200,48.88,49.36,46,47.49,159074.566176
1599609600,47.47,48.86,46.55,47.86,118636.19223461
1599696000,47.81,49.49,47.81,48.71,123417.05048315
1599782400,48.74,49.4,47.44,48.98,106044.69618162
1599868800,48.99,51.31,48.4,50.85,123427.37249075
1599955200,50.85,51.05,47.31,48.18,135220.91970029
1600041600,48.19,49.66,47.15,49.1,221446.07854631
1600128000,49.08,50.33,48.14,48.3,139830.52041119
1600214400,48.32,48.76,47,47.74,117954.97407004
1600300800,47.73,49.62,47.65,48.88,95184.10095997
1600387200,48.88,49.11,47.5,48.55,102583.85681777
1600473600,48.55,48.99,47.98,48.48,56194.76243016
1600560000,48.49,48.52,46.2,47.09,93632.44447626
1600646400,47.1,47.68,41.64,43.13,227727.68419327
1600732800,43.15,44.82,42.77,44.49,118743.82272467
1600819200,44.49,45.12,42.24,42.95,96888.68240075
1600905600,42.97,45.23,42.59,44.94,85955.87440661
1600992000,44.94,46.55,44,46.04,120549.61004812
1601078400,46.04,46.56,45.15,46.06,76516.40424506
1601164800,46.08,46.63,44.6,46.07,70381.75989139
1601251200,46.1,47.13,44.8,45.21,118610.25841464
1601337600,45.2,45.82,44.95,45.69,62480.95831354
1601424000,45.67,46.69,45.43,46.32,64965.81954228
1601510400,46.33,48.49,45.28,46.16,193121.14288149
1601596800,46.15,46.96,43.25,44.9,138524.84881147
1601683200,44.94,46,44.77,45.56,60764.30666908
1601769600,45.59,47.07,45.31,46.71,63279.3282807
1601856000,46.68,47.09,45.55,46.35,56481.82798815
1601942400,46.35,48.22,45.55,46,134792.02685094
1602028800,45.95,46.92,45.03,46.58,85688.47973596
1602115200,46.56,47.49,45.5,47.24,93883.49406285
1602201600,47.25,48.22,46.61,47.82,81771.81643844
1602288000,47.82,50.48,47.8,48.9,147763.95727087
1602374400,48.86,51.25,48.71,50.48,93614.45943956
1602460800,50.47,51.55,49.29,50.61,158153.17687133
1602547200,50.6,50.72,48.86,49.97,105155.79488403
1602633600,49.97,51.04,49.29,49.84,76591.8499199
1602720000,49.81,50.26,48.88,49.58,76419.28988929
1602806400,49.55,49.9,45.64,47.64,169332.3780818
1602892800,47.65,47.67,46.34,46.93,63334.50061677
1602979200,46.93,47.98,46.81,47.58,45321.78025531
1603065600,47.58,48.48,46.6,48.01,77277.50409606
1603152000,48.01,48.46,46.45,46.95,87535.07508404
1603238400,46.95,55.19,46.9,53.13,475278.90353551
1603324800,53.09,56.32,53.09,54.42,326777.67416153
1603411200,54.42,57.04,53.16,55.46,254988.04944849
1603497600,55.45,59.67,54.91,59.21,243362.27597588
1603584000,59.18,59.99,56.56,58.85,218143.150177
1603670400,58.88,59.35,55,56.89,238259.33693771
1603756800,56.83,59.1,56.51,58.18,173980.76237557
1603843200,57.81,60.9,54.71,55.84,257032.53810454
1603929600,55.84,56.55,53.44,54.94,188062.91755927
1604016000,54.93,55.81,52.27,54.08,166459.43264668
1604102400,54.11,56.5,53.65,55.68,161337.08481029
1604188800,55.71,56.2,54.11,55.65,71187.07017078
1604275200,55.67,56.85,53.12,53.85,160154.91254076
1604361600,53.85,54.4,51.25,54.02,181262.39153026
1604448000,54.08,55.34,51.65,54.75,206517.92237682
1604534400,54.77,59.79,54.71,59.04,273647.72963001
1604620800,59.02,63.74,58.73,63.29,419560.67088908
1604707200,63.35,64.87,56.98,58.94,431041.52471115
1604793600,58.97,62.07,58.68,60.99,146472.86454459
1604880000,60.98,61.88,57.45,59.25,228954.64363444
1604966400,59.29,59.63,57.12,57.99,167252.84504751
1605052800,57.99,60.63,57.87,59.33,199943.29495809
1605139200,59.33,60.8,57.7,60.74,188590.08229276
1605225600,60.74,66.66,60.17,66.01,481039.87932094
1605312000,66.01,66.34,61.74,63.85,172711.38054471
1605398400,63.89,64.5,61.08,62.37,132175.66639613
1605484800,62.33,74.65,62.16,73.83,633900.68830653
1605571200,73.82,77.04,71.48,76.41,608283.05635232
1605657600,76.37,77.18,68.34,73.48,669396.20993694
1605744000,73.49,83.5,71.53,81.62,812714.2798768
1605830400,81.61,85.92,80.17,82.64,627670.97557165
1605916800,82.65,88.56,80.54,87.13,776409.15818262
1606003200,87.23,88,78,82.96,618485.43421601
1606089600,82.95,90.98,80.8,89.18,720297.63787624
1606176000,89.13,94.05,85.84,89.34,837367.93829356
1606262400,89.35,90.74,77.95,81.75,493458.15495534
1606348800,81.7,83.26,64.3,71.11,988347.77884566
1606435200,71.12,73.58,65.28,69.2,532935.79664142
1606521600,69.24,75,68.38,72.79,441134.21192161
1606608000,72.75,81.21,71.64,79,466057.04881118
1606694400,79.01,88.53,76.75,87.66,706120.28824358
1606780800,87.69,93,79.84,85.17,1155289.79175242
1606867200,85.18,90.63,82.79,88.99,495212.02530189
1606953600,88.96,91.35,85.54,89.03,419650.38368676
1607040000,89.04,89.9,78.01,79.58,418719.14882823
1607126400,79.54,84.33,78.7,83.21,247022.99514966
1607212800,83.18,85.26,80.36,83.64,215749.66487477
1607299200,83.58,86.89,81.75,83.41,215837.83740858
1607385600,83.44,84.93,75.5,76.7,304628.63425464
1607472000,76.7,78.24,72.15,77.42,316427.46170733
1607558400,77.42,77.64,73.1,74.71,146863.798506
1607644800,74.71,75.09,69.94,72.18,325119.55341277
1607731200,72.19,77.65,72.02,76.7,194168.42666556
1607817600,76.67,84.34,75.63,82.2,307459.52338213
1607904000,82.2,82.99,79.15,82.4,246471.88409561
1607990400,82.4,85,80.38,81.4,319582.79295973
1608076800,81.4,93.3,78.43,93.02,783108.77912154
1608163200,92.94,110,90.44,101.17,1347541.85407388
1608249600,101.06,112.92,99.28,109.46,872586.22468513
1608336000,109.45,124.4,105.5,120.02,917654.30896522
1608422400,120.04,123.19,109.85,114.65,911240.9222399
1608508800,114.65,118.87,100.65,104.44,888466.20235959
1608595200,104.49,114.6,98.31,114.31,833259.5140067
1608681600,114.28,117.32,95.28,102.35,1187433.79695259
1608768000,102.46,112.3,98.68,111.2,800710.15980679
1608854400,111.17,128.54,108.24,127.67,1078936.9451263
1608940800,127.8,135,124.84,129.56,1122808.59363966
1609027200,129.56,139.3,121.55,127.6,1327306.27355629
1609113600,127.67,136.99,126.21,129.69,742365.72495903
1609200000,129.67,130.67,120,128.69,543578.98588219
1609286400,128.7,132.89,122.6,130.11,527659.71781772
1609372800,130.09,130.35,122,124.41,402189.42314972
1609459200,124.42,134.22,123.19,126.53,495005.89206941
1609545600,126.53,142.21,123.8,137.13,999028.21705459
1609632000,137.1,164.98,135.5,161.52,1359302.40338031
1609718400,161.44,174.5,140,155.43,1288609.45497657
1609804800,155.48,163.36,146.62,159.03,864792.96091525
1609891200,159.01,169.9,155.37,169.41,861475.91623074
1609977600,169.45,181.25,162,169.75,1139850.35207682
1610064000,169.75,181.55,150.2,172.46,1248036.47869796
1610150400,172.46,179.42,163.58,177.87,719159.33210206
1610236800,177.9,186.34,160.62,170.21,1050079.22012166
1610323200,170.22,170.72,111.04,139.43,2538624.92406998
1610409600,139.35,146.88,128,133.39,1151437.30124188
1610496000,133.36,148.5,125.7,147.51,868082.62399309
1610582400,147.55,156.87,143.4,152.38,743175.0059382
1610668800,152.38,155.3,130.29,143.63,734295.41062156
1610755200,143.75,152.68,139.26,143.5,644616.17729527
1610841600,143.58,147,136.29,142.8,456112.44761885
1610928000,142.76,155,138.27,151.88,610752.27496003
1611014400,151.81,166.21,150.17,151.9,728847.58791126
1611100800,151.89,156.3,138.53,149.77,498760.05422524
1611187200,149.82,150.35,125.4,129.75,612256.64841475
1611273600,129.65,142,122.25,137.76,662088.44705923
1611360000,137.75,143.54,135,137.76,262547.92820686
1611446400,137.78,142.63,133.86,141.13,269997.41948133
1611532800,141.17,147.69,136.62,137.13,446787.17499634
1611619200,137.06,139.79,128.41,134.79,307362.49449081
1611705600,134.88,135.13,118,122.63,440010.40071072
1611792000,122.7,136.29,120.91,133.61,421567.72581511
1611878400,133.73,145.88,131.6,134.91,797262.34427069
1611964800,134.88,136.34,128.11,133.61,362512.92526212
1612051200,133.53,135.21,125.7,129.58,313954.46855087
1612137600,129.61,136.62,126.02,132.04,371025.50589096
1612224000,131.95,145.95,131.84,142.05,581092.08902155
1612310400,142.12,156.86,142.12,156.2,648677.39893866
1612396800,156.31,158.99,141.16,145.27,572190.38967315
1612483200,145.25,156.99,143.63,155.15,503058.75070061
1612569600,155.18,164.23,150,155.77,769217.22204908
1612656000,155.98,157.49,145.33,150.95,361309.14627921
1612742400,151.03,169.48,147.98,167.63,629544.3633159
1612828800,167.6,184.71,164.23,181.92,796456.09275364
1612915200,181.79,195.15,170.14,181.76,1085843.2024783
1613001600,181.73,193.65,175.79,183.8,678199.39210037
1613088000,183.71,199.99,176.89,197.2,772016.44510585
1613174400,197.2,229.52,192,226.62,1202918.03168112
1613260800,226.47,230.81,208.57,213.93,799636.00954237
1613347200,213.92,220,185.72,207.9,1027910.48458824
1613433600,208.1,221.95,200.18,210.17,688621.78091316
1613520000,210.17,237.59,203.52,237.54,833225.99715476
1613606400,237.52,239.11,220.7,226.65,568397.6040669
1613692800,226.69,241.99,220.1,236.69,642219.21560272
1613779200,236.68,247,216.08,227.17,795382.57879507
1613865600,227.04,233.95,220.25,227.54,498527.84605352
1613952000,227.57,227.72,178,208.23,1049019.69166626
1614038400,208.21,208.94,158.7,177.59,1553179.6704936
1614124800,177.5,189.69,168.89,181.7,736673.54631742
1614211200,181.59,205.2,175.21,179.47,760450.52816885
1614297600,179.4,182.9,162.23,170.3,713714.85098742
1614384000,170.27,180.48,167.23,172.01,352424.12669885
1614470400,171.97,173.17,153.07,165.72,574638.18435029
1614556800,165.58,176.82,163.54,176.01,389607.68234476
1614643200,176.08,185.48,170.7,179.25,457461.62814149
1614729600,179.27,196.71,177.15,187.61,530384.72101456
1614816000,187.62,194.5,177,180.59,411057.79016485
1614902400,180.59,183.53,168.58,180.3,389728.18658471
1614988800,180.36,184.71,174.73,182.85,270562.07972635
1615075200,182.88,192.14,182.33,190.74,254357.25458686
1615161600,190.83,195.22,180,191.9,357924.79201714
1615248000,191.91,205.2,189.01,203.98,421286.15194981
1615334400,204.02,208,191.23,200.23,496207.79764155
1615420800,200.32,203.45,191.08,201.47,314111.95609458
1615507200,201.47,224.33,198.67,220.84,723757.46809265
1615593600,220.83,230,212.7,226.09,456109.6540551
1615680000,226.1,227.94,214,214.11,256868.50842203
1615766400,214.02,222.44,197.65,200.82,492339.6096627
1615852800,200.65,205.27,191.18,201.64,370460.24272988
1615939200,201.67,206.88,194.25,206.04,296116.99073548
1616025600,206.1,208.23,198.87,199.65,321741.42992324
1616112000,199.74,204.95,195.8,199.91,221288.73600127
1616198400,199.88,206,198.73,200.16,179205.14625003
1616284800,200.16,201.95,192.37,195.53,191875.82871953
1616371200,195.62,199.17,185,185.7,264425.42582445
1616457600,185.73,189.51,180.71,185.85,247751.81033009
1616544000,185.85,197,172.25,175.95,348394.18554257
1616630400,175.95,178.24,167.78,171.48,334710.9219652
1616716800,171.52,183.93,171.47,183.7,228873.49471838
1616803200,183.71,186.24,177.75,184.14,173064.49588676
1616889600,184.11,187.3,180,184.27,154052.46599189
1616976000,184.24,197.54,182.28,193.66,325949.98694959
1617062400,193.68,200.08,190.18,195.73,247251.94168221
1617148800,195.74,199,187.15,196.88,252062.78070165
1617235200,196.9,204.95,194.14,202.67,286667.40876187
1617321600,202.74,213.56,200.79,211.5,321181.76232722
1617408000,211.4,217.88,195.05,195.34,317823.08064585
1617494400,195.26,204.74,191.9,202.26,218315.0523257
1617580800,202.26,225,198.11,221.44,550829.18683667
1617667200,221.42,244.54,213,237.09,828949.44919589
1617753600,237.23,242.96,211,219.33,763530.35248426
1617840000,219.2,228,217,226.24,291594.18292009
1617926400,226.17,228.96,218.84,221.07,235532.76037331
1618012800,221.12,256.63,219.02,255.94,544874.50286414
1618099200,256.25,262.98,244.48,252.44,481409.6304081
1618185600,252.31,258.69,240.14,244.35,361404.35449923
1618272000,244.4,273.3,244.33,267.77,577987.13293251
1618358400,267.77,283.2,255,278.85,686386.0861287
1618444800,278.75,291.25,266.01,286.18,518631.79087024
1618531200,286.18,319.94,266.21,308.75,1184360.59920071
1618617600,308.86,335.35,297.41,301.1,876013.94396398
1618704000,301.05,305.33,241.09,274.2,1395640.76309573
1618790400,274.13,283.69,249.06,261.56,775928.9371337
1618876800,261.7,276.47,233.85,261.01,904837.88455432
1618963200,260.87,276.97,251.17,257.78,556502.22260617
1619049600,257.84,289.8,239.13,252.65,933943.4808806
1619136000,252.74,257.07,207.1,241.67,1075371.98091985
1619222400,241.74,241.79,220.84,225.3,383106.56970624
1619308800,225.28,235.86,211.07,224.18,399366.0903442
1619395200,224.25,248.36,221.25,247.65,473806.36636804
1619481600,247.6,264,243.81,259.96,393941.15591105
1619568000,259.99,267,248.51,258.81,428097.52590696
1619654400,258.79,262.99,248.75,255.51,323987.78866021
1619740800,255.5,273.87,252.74,271.59,359881.27995122
1619827200,271.6,278.71,266.17,277,271898.39940726
1619913600,277.02,277.64,265,269.1,236592.90033338
1620000000,269.1,299.71,268.64,294.91,550293.67954926
1620086400,294.91,327.91,271.03,305.5,1214734.86336712
1620172800,305.43,360,300.98,356.43,1281044.26297317
1620259200,356.5,365.2,320,354.44,906905.51076159
1620345600,354.52,372.88,333.55,345.25,820059.10109328
1620432000,345.27,357,334.97,347.72,459286.23059221
1620518400,347.75,389.65,334,388.3,687149.21256321
1620604800,388.13,413.91,336.21,359.41,1162589.27791832
1620691200,359.35,379.87,345.33,378.16,650613.25265649
1620777600,378.16,394.46,301,310.91,1038052.41132146
1620864000,310.9,336,291,318.41,1055462.1029788
1620950400,318.3,339.62,308.46,326.67,491773.70377342
1621036800,326.52,332.01,296.52,300.18,508796.27016044
1621123200,300.11,324.19,279.38,296.11,549651.96819741
1621209600,296.22,296.76,261.37,281.6,824472.30656581
1621296000,281.5,318.43,278.49,294.13,715600.39391922
1621382400,294.13,300.49,145.26,186.65,1979517.3125512
1621468800,186.65,232.99,166.95,211.11,1469920.08172847
1621555200,211.15,219.79,156.94,180.23,1305376.26817431
1621641600,180.33,184.82,161.88,169.48,662128.28498101
1621728000,169.47,176.51,117.58,142.72,1313910.78805244
1621814400,142.73,185.57,139.86,185.42,1066742.10807403
1621900800,185.56,194.89,167.41,184.09,802237.79921507
1621987200,183.95,204.48,179.39,199.18,636113.9456062
1622073600,199.26,208.98,180.61,194.41,562897.02697085
1622160000,194.42,198.92,165.5,177.41,781738.26731908
1622246400,177.48,188.72,157.7,164.12,677430.24009038
1622332800,164.15,181.2,155.28,170.72,538593.33961416
1622419200,170.63,188.5,163.7,188.05,518731.03985268
1622505600,188.05,193.28,175.98,182.98,382106.93051135
1622592000,183,191.27,178.37,187.27,281546.76040403
1622678400,187.19,197.67,182.03,193.58,301137.16583651
1622764800,193.55,193.8,169.18,178.63,328026.48373818
1622851200,178.62,185.49,167.67,173.07,246503.77870196
1622937600,173.01,180.06,171.82,176.38,209323.8511947
1623024000,176.38,182.25,160.25,161.98,314008.9197124
1623110400,161.98,164.58,145,160.76,543709.07566951
1623196800,160.73,173.33,152.46,172.57,423830.19206403
1623283200,172.69,174.69,162.21,168.38,256216.55327818
1623369600,168.46,173.76,160.58,162.9,287615.08357665
1623456000,162.88,164.36,154.23,161.85,208418.73974157
1623542400,161.86,171.73,156.54,171.02,222849.92611976
1623628800,170.92,180.18,166.33,180.02,282734.13846732
1623715200,179.98,181.26,172.18,175.15,189931.66986973
1623801600,175.2,177.34,164.39,166.61,239436.79038648
1623888000,166.58,173.4,162.88,167.18,185436.80156591
1623974400,167.18,167.39,151.11,156.41,283531.28366186
1624060800,156.44,160.88,152.36,152.53,157026.56276912
1624147200,152.58,156.2,143.81,154.87,226491.35195946
1624233600,154.88,155.45,124.02,124.45,557738.04469492
1624320000,124.4,133.02,105,119.83,839987.08795346
1624406400,119.78,133.76,115.55,129.2,413114.72978183
1624492800,129.22,137.4,123.77,134.53,242359.68933728
1624579200,134.54,138.45,124.34,125,254565.43654921
1624665600,124.97,129.37,118.71,126.81,198924.10641412
1624752000,126.76,132.7,124.61,132.67,193643.31291421
1624838400,132.64,139.6,129.92,137.69,225524.84307114
1624924800,137.71,149.26,137.25,144.18,275539.07107194
1625011200,144.19,146.94,136.09,144.36,206466.49305394
1625097600,144.42,144.43,134.15,137.16,192826.49456614
1625184000,137.04,139,130.6,136.91,146111.40635382
1625270400,136.9,141.41,134.55,140.19,93221.36532276
1625356800,140.22,148,136.89,144.94,91406.59332627
1625443200,144.99,145,134.17,137.82,135617.38733173
1625529600,137.82,142.73,135.7,138.89,115797.14308462
1625616000,138.88,142.98,137.01,137.42,138259.73409181
1625702400,137.47,137.81,127.9,132.1,156854.0714377
1625788800,132.12,135.8,126.08,134.61,117814.52726038
1625875200,134.61,136.86,130.36,134.01,72257.74705853
1625961600,134.03,136.44,132.13,134.26,82591.45115304
1626048000,134.29,139.65,131.65,133.37,153652.48151648
1626134400,133.37,134.62,129.56,131.44,110477.99630521
1626220800,131.43,132.39,123.86,131.02,121965.85575187
1626307200,131.02,133.07,121.95,125.79,134766.97391234
1626393600,125.92,127.82,120.44,120.68,130554.60380952
1626480000,120.71,122.95,117.73,120.02,108808.45494968
1626566400,120.04,124.1,116.37,119.13,103714.04776396
1626652800,119.2,120.71,111.84,113.17,135210.96479477
1626739200,113.2,115.06,103.88,107.3,248413.40790394
1626825600,107.3,119.22,105.08,117.83,203854.10068571
1626912000,117.77,122.1,115.63,120.74,121783.80561523
1626998400,120.74,125.06,117.06,124.28,118715.13081923
1627084800,124.3,127.82,123.37,126.12,135389.55116175
1627171200,126.09,128.12,123.62,127.75,127952.25500464
1627257600,127.74,140.43,127.03,131.11,359541.42055543
1627344000,131.09,135.19,127.43,134.74,247001.59531521
1627430400,134.75,142.07,132.43,140.47,286528.35863658
1627516800,140.48,143,136.63,141.52,177678.6190261
1627603200,141.57,145.93,135.92,145.62,192035.3875036
1627689600,145.61,146.68,141.95,144.43,130109.55881696
1627776000,144.46,149.87,138.14,140.28,187796.35302912
1627862400,140.31,145.91,138.81,141.36,183456.98787082
1627948800,141.35,143.26,135.69,138.48,123513.48539737
1628035200,138.47,144.5,135.54,142.54,147775.74279442
1628121600,142.54,145.25,136.25,143.59,196551.82944498
1628208000,143.6,150.96,141.95,148.09,217727.61633752
1628294400,148.06,156.53,147.2,156.05,208133.59909119
1628380800,156.06,157.72,147.09,149.88,188841.77994737
1628467200,149.81,171,145.36,166.42,376807.81327687
1628553600,166.31,168.42,158.86,165.43,233705.00596673
1628640000,165.45,176.1,164.3,170.79,263494.03534489
1628726400,170.72,179.79,160.83,165.51,276424.08981661
1628812800,165.53,184.7,163.95,183.42,328321.12334418
1628899200,183.43,185.11,174.82,182.98,224239.1107917
1628985600,182.92,186.65,175.35,184.76,223341.65253993
1629072000,184.76,189.12,176.65,177.94,267171.38421808
1629158400,177.93,184.45,168,168.54,274172.62679324
1629244800,168.55,174.58,162.93,166.6,247513.02454585
1629331200,166.58,175.9,162.66,175.57,210597.63195355
1629417600,175.57,184.05,174.12,183.67,191226.37467495
1629504000,183.7,184.5,176.72,179.83,163136.59947414
1629590400,179.72,189.81,178.71,185.97,243484.37913948
1629676800,185.97,191.8,183.55,187.08,234267.74096108
1629763200,186.97,188.68,172.15,173.54,199712.78941399
1629849600,173.4,178.95,169.21,177.87,164560.64589372
1629936000,177.78,180.36,165.11,167.74,194575.04855421
1630022400,167.71,176.4,165.12,176.32,201737.52291561
1630108800,176.37,177.15,171.21,175.75,159434.83931485
1630195200,175.78,182.75,173.18,174.48,247497.6838299
1630281600,174.48,176.59,166.49,167.34,288992.34950092
1630368000,167.39,175.4,165.67,171.57,331552.77637043
1630454400,171.6,182.78,168.57,180.86,322373.48071463
1630540800,180.86,188,179.41,183.39,324109.73507593
1630627200,183.46,218,179.87,213.28,871559.81944932
1630713600,213.29,225.25,208.5,212.12,564488.87971849
1630800000,212.17,232.64,210.57,232.3,496688.96153408
1630886400,232.3,232.41,215.21,219.47,548256.67262962
1630972800,219.47,222.04,161,178.36,728410.82923365
1631059200,178.54,189,169.31,179.7,652199.22038733
1631145600,179.8,188.85,176.55,180.42,475432.1339973
1631232000,180.45,187.38,170.88,174.16,398201.55119415
1631318400,174.12,186.06,173.25,178.56,278718.74577145
1631404800,178.59,186.1,175.2,182.96,262913.05865611
1631491200,183.01,237.88,170.82,179.36,1496172.5694997
1631577600,179.4,188.88,176.21,183.09,397600.05282447
1631664000,183.13,191.86,179.59,189.24,310057.49293746
1631750400,189.26,195.49,181.53,185.33,416480.86075227
1631836800,185.33,190.53,177.66,180,311809.32311182
1631923200,180,185.95,177.96,181.38,221527.15373024
1632009600,181.34,181.72,172.68,175.76,215456.47931378
1632096000,175.77,176.13,153.49,157.23,573903.49042629
1632182400,157.16,162.32,144.6,148.52,390553.55721928
1632268800,148.59,161.87,145.31,161.5,324932.41121436
1632355200,161.45,165,157.26,163.92,272209.09653201
1632441600,163.89,166.65,141.82,152.25,477108.13869179
1632528000,152.27,156.13,148.86,151.01,347454.65963575
1632614400,151.01,153.51,142.07,150.74,331126.80434951
1632700800,150.67,154.97,144.9,145.16,250724.36785366
1632787200,145.07,148.93,140,140.54,398551.72274447
1632873600,140.55,150.4,139.77,144.78,423547.49154291
1632960000,144.76,154.49,143.9,153.3,389203.74557722
1633046400,153.32,168.16,151.09,166.23,432487.21219771
1633132800,166.28,172.84,164.58,169.03,232322.74239775
1633219200,168.99,174.99,165.9,170.67,264155.15727703
1633305600,170.59,170.88,161.39,167.53,304914.91896242
1633392000,167.57,175.53,166.66,173.79,404914.26911615
1633478400,173.81,183.03,163.87,178.5,609155.31412348
1633564800,178.5,187.03,173.42,178.61,522904.83474569
1633651200,178.65,183.44,174.46,175.91,440256.91906559
1633737600,175.97,182.9,174.44,180,222512.19464806
1633824000,179.99,183.99,174.13,174.92,264105.74236132
1633910400,174.78,185.34,172.41,179.2,303802.63035512
1633996800,179.15,179.22,166.5,172.63,377752.48323672
1634083200,172.62,179.66,167.61,177.61,341575.45483082
1634169600,177.69,186.52,176.95,181.5,375167.41296209
1634256000,181.47,192.84,176.61,189.63,460651.37552053
1634342400,189.62,192.62,185.04,186.05,307473.77442814
1634428800,186,188,176.56,183.73,224273.99013581
1634515200,183.77,187.5,178.51,185.63,295595.9270615
1634601600,185.59,191.62,183.17,188.73,266492.5028302
1634688000,188.73,209.64,185.69,207.32,446648.21098948
1634774400,207.33,214.8,195.2,196.81,462642.63081892
1634860800,196.82,201.47,187.97,190.98,311400.9715948
1634947200,190.99,198,188.89,196.42,203866.54403645
1635033600,196.35,199.9,185.23,190.48,261962.80913475
1635120000,190.39,197.36,189.63,195.37,225589.79491642
1635206400,195.47,199.36,190.26,197.51,261202.60003284
1635292800,197.56,205.03,172.4,179.35,754514.95633572
1635379200,179.27,194.6,177.73,189.89,490637.47110408
1635465600,189.94,198.73,188.32,196.69,383850.93165483
1635552000,196.73,197.38,186.68,190.38,278594.37062563
1635638400,190.34,195.25,186.87,192.01,308056.28605002
1635724800,192.01,201.31,188.02,197.65,340593.92941113
1635811200,197.7,204.75,195.24,201.03,316484.83292612
1635897600,201.07,209.44,197.51,207.31,491021.72313062
1635984000,207.26,207.33,196.31,202.9,362029.63020698
1636070400,202.78,203.48,196.87,199.13,258443.93790015
1636156800,199.07,201.36,191.22,197.77,222980.0091007
1636243200,197.8,202.28,197.12,202.23,193687.26843786
1636329600,202.23,229.7,202.18,229.11,648494.43176405
1636416000,229.12,274.72,226.75,262.16,1335377.57431193
1636502400,262.08,302.08,252.3,260.18,1432536.98780613
1636588800,260.17,274.27,250.61,262.3,629822.53674174
1636675200,262.3,282.92,243.86,251.23,872535.61730782
1636761600,251.23,264.11,245.4,257.74,443198.67673785
1636848000,257.74,279.7,248.4,279.36,472688.51836669
1636934400,279.39,281.46,259.2,263.05,420366.82395619
1637020800,262.97,263.2,223.13,230.37,816802.47016915
1637107200,230.48,235.49,218.23,229.57,537422.03605793
1637193600,229.64,232.31,199.95,204.24,790594.7304001
1637280000,204.15,221.65,199.75,218.12,466660.7643226
1637366400,218.12,228.01,212.8,227,350247.65923721
1637452800,227.01,230.87,219.81,221.48,271287.02279284
1637539200,221.49,221.96,205.31,209.22,411426.62220519
1637625600,209.13,218.89,205.28,216.32,279859.57859184
1637712000,216.28,216.65,206.01,212.21,281906.88901599
1637798400,212.21,229.82,210.77,223.05,378729.96937452
1637884800,223.13,224.96,190.12,195.78,558189.44101309
1637971200,195.76,201.13,190.87,195.36,263655.64810942
1638057600,195.24,200.09,182,199.64,377797.30242457
1638144000,199.68,209.69,195.48,205.8,288375.39715305
1638230400,205.81,220.18,197.65,207.97,471626.64730961
1638316800,208.01,217.97,205.29,208.91,315917.89629455
1638403200,208.97,210.29,200.14,203.63,322037.42044499
1638489600,203.52,208.24,180,188.21,392607.9334132
1638576000,188.1,189.28,136.94,162.9,954555.44885843
1638662400,162.91,165.28,148.4,156.63,746975.39586435
1638748800,156.6,164.76,141.48,161.61,650531.51184137
1638835200,161.65,166,158.39,162.03,459475.98663549
1638921600,162.08,170.48,156.18,165.21,526582.0890391
1639008000,165.24,167.26,151.32,151.4,454912.66185153
1639094400,151.44,159.86,147.69,148.49,375902.00824309
1639180800,148.45,159.61,145.75,158.07,335773.95991684
1639267200,158.17,162.98,153.34,159,216389.8609043
1639353600,159.04,159.97,142.74,144.62,420783.47603601
1639440000,144.66,152,143,150.5,285504.24307695
1639526400,150.45,155.1,141.78,153.65,323015.76167421
1639612800,153.62,156.72,148.54,148.79,246670.00476091
1639699200,148.86,150.35,141.27,144.12,284096.57222804
1639785600,143.99,150.38,142.87,148.75,183272.66082718
1639872000,148.75,161.05,147.59,153.31,377860.30185905
1639958400,153.32,157.49,145.29,152.71,321920.67543599
1640044800,152.71,156.42,149.12,154.8,221780.38359116
1640131200,154.8,160.24,153,155.44,209521.78212264
1640217600,155.4,165.3,153.04,163.74,244250.61779342
1640304000,163.8,166.82,160.3,161.35,185566.64755025
1640390400,161.36,163.72,157.67,158,191428.40687092
1640476800,157.99,158.51,153.21,155.96,235000.30541184
1640563200,155.97,161.28,154.67,155.78,182308.28591587
1640649600,155.96,155.96,144.58,145.67,365835.43656449
1640736000,145.71,150.96,144.1,145.62,245272.53399565
1640822400,145.56,149.96,142.85,147.94,169463.433936
1640908800,147.97,152.71,143.63,146.15,187204.67530322
1640995200,146.23,151.04,146.12,150.83,155011.74124172
1641081600,150.79,153.34,147.89,151.2,106740.14889105
1641168000,151.18,151.19,146.03,148.43,146106.39089201
1641254400,148.44,151.59,145.23,146.44,170607.86207027
1641340800,146.45,149.93,130,135.32,328403.7648693
1641427200,135.35,138.09,132.41,135.9,313202.24101972
1641513600,135.94,136.53,125.9,131.34,370636.73334452
1641600000,131.33,134.76,125,129.51,246368.33010928
1641686400,129.45,132.58,127.76,130.91,189571.82514676
1641772800,130.87,131.55,120.78,126.52,292054.2104573
1641859200,126.51,133.54,125.77,131.67,207354.19370816
1641945600,131.67,142.35,130.92,142.02,204445.58344654
1642032000,141.99,142.37,134.63,136.82,200903.9070007
1642118400,136.8,146.54,135.96,144.84,289207.21213514
1642204800,144.84,150.72,144.07,147.73,200500.18659435
1642291200,147.75,149.04,143.33,146.49,140846.57775994
1642377600,146.46,153.91,144.19,151.19,385413.3131516
1642464000,151.2,153.45,138.63,141.53,316520.11577683
1642550400,141.53,143.07,133.18,136.2,262870.40462573
1642636800,136.35,142.88,128.86,129.8,237051.90406683
1642723200,129.73,131.1,110,114.51,633352.63953891
1642809600,114.51,117.01,96.51,108.41,874503.63315709
1642896000,108.49,112.76,105.61,112.35,473869.96273106
1642982400,112.28,112.32,97.51,109.65,741516.82001623
1643068800,109.6,110.01,105.21,107.9,371666.09907819
1643155200,107.86,116.67,104.75,107,442820.00249194
1643241600,107.09,110,102.9,106.92,333055.19168513
1643328000,106.88,110.07,105.31,109.49,277224.59642641
1643414400,109.49,112.33,107.65,110.84,200310.16536839
1643500800,110.85,112.32,107.07,108.59,170230.74671713
1643587200,108.61,111.35,104.4,109.54,260661.12319526
1643673600,109.5,116.9,108.27,115.11,257072.41281599
1643760000,115.18,116.07,107.23,108.36,219744.10546933
1643846400,108.33,111.1,105.39,111.02,228153.68046523
1643932800,111.03,121.5,108.8,121.42,280454.13017712
1644019200,121.47,123.95,118.93,121.8,239148.7688494
1644105600,121.81,128.11,120.66,127.68,219258.13984267
1644192000,127.69,139.97,125.07,137.43,319063.61043997
1644278400,137.47,143.04,130.57,133.82,393502.67272601
1644364800,133.81,141.08,132.14,140.21,291783.43188295
1644451200,140.13,143.88,134.09,134.59,316414.77332234
1644537600,134.6,134.88,125,125.69,318617.84186862
1644624000,125.66,127.72,120.92,126.78,231949.86336103
1644710400,126.78,128.89,123.56,125.67,187856.88910197
1644796800,125.68,127,121.41,124.62,197881.62888441
1644883200,124.62,132.6,124,131.74,203506.59428876
1644969600,131.73,131.87,125.52,127.84,177202.6345645
1645056000,127.8,129.05,114.9,116.39,281372.68472738
1645142400,116.47,123.52,113.84,114.85,377834.48911989
1645228800,114.88,117.23,113.07,115.59,194483.60665995
1645315200,115.57,115.79,108.4,110.69,200191.65355108
1645401600,110.7,114.59,102.04,102.78,293869.63472811
1645488000,102.79,107.92,100.28,107.51,289230.26190797
1645574400,107.51,111.56,105,105.41,224560.11584123
1645660800,105.41,107.98,91.52,104.24,605381.43120346
1645747200,104.25,110.75,101.6,109.33,290992.6357505
1645833600,109.35,114.99,106.52,108.29,231339.94022687
1645920000,108.31,110.15,101.27,103.05,209004.93170558
1646006400,103.05,113.97,101.27,113.82,294138.40317485
1646092800,113.81,116.03,109.95,112.66,296594.83113363
1646179200,112.72,114.74,109.17,110.35,217097.36615511
1646265600,110.4,113.05,107.89,111.69,243361.00746569
1646352000,111.76,112.71,99.01,101.05,263119.574424
1646438400,101.04,105.33,99.43,104.9,158905.68748833
1646524800,104.91,105.88,100.67,101.1,142088.88880712
1646611200,101.09,103.92,96.25,98.35,347795.26294199
1646697600,98.36,102.58,97.77,100.75,243554.4429491
1646784000,100.75,109.3,100.44,106.99,248439.35884158
1646870400,106.98,107.08,99.56,102.58,254225.35850982
1646956800,102.57,107,99.72,104.55,249980.08650817
1647043200,104.58,107.95,104.51,105.58,156648.77130625
1647129600,105.56,107.38,101.05,101.69,175912.71837423
1647216000,101.68,106.4,100.85,105.58,243259.89674957
1647302400,105.58,108.64,102.51,106.94,205412.34915953
1647388800,106.91,111.93,105.69,111.35,284247.93537392
1647475200,111.33,111.69,108.62,110.26,180675.66642122
1647561600,110.27,113.04,107.79,111.9,175052.91737604
1647648000,111.92,117.31,111.44,116.82,223503.3979164
1647734400,116.8,118.49,111.37,114.88,251517.38316672
1647820800,114.9,116.82,113.18,116.13,217077.41952491
1647907200,116.11,123.84,115.59,122.81,299000.1990727
1647993600,122.83,124.5,118.64,122.51,203659.52158983
1648080000,122.52,127.78,120.09,126.52,294840.94569007
1648166400,126.53,127.39,121.61,124,251885.75973135
1648252800,124,125.6,121.97,124.85,129919.67152024
1648339200,124.85,129.81,123.31,129.68,172099.55704898
1648425600,129.64,132.68,126.7,127.59,254063.38507721
1648512000,127.59,132,127.04,130.08,200532.96175386
1648598400,130.08,134.11,126,131.12,243969.09752133
1648684800,131.17,132.92,121.32,123.87,337383.71575167
1648771200,123.87,126.47,119.11,124.88,230170.57257836
1648857600,124.85,128.38,123.71,124.9,158733.95966093
1648944000,124.91,129.56,123.71,128.77,152797.01873617
1649030400,128.76,128.93,121.24,124.76,216989.20887141
1649116800,124.79,127.38,122.57,122.76,128919.62797315
1649203200,122.79,123.19,111.38,111.68,316044.95192981
1649289600,111.66,116.76,110.13,114.17,186626.01929985
1649376000,114.12,115.31,109.64,110.73,183348.79793618
1649462400,110.68,112.96,110,112.7,104017.1851897
1649548800,112.69,114.5,110.06,110.26,116679.65453236
1649635200,110.31,110.63,101.89,102.54,238768.56515644
1649721600,102.51,105.78,101.72,104.92,165177.11942778
1649808000,104.88,110.84,103.94,110.58,187363.24099125
1649894400,110.55,112.33,105.97,107.38,129539.88712734
1649980800,107.36,112.86,107.08,111,160149.17391639
1650067200,110.97,114.79,110.12,114.34,135651.97888812
1650153600,114.35,115.17,108.27,108.78,121722.47806807
1650240000,108.82,111.47,105.29,111.24,168301.4200937
1650326400,111.27,114.16,110.61,113.81,135552.34259408
1650412800,113.79,114.21,110.75,111.86,115511.09138237
1650499200,111.91,114.57,105.45,106.69,185475.68027311
1650585600,106.71,108.71,104.81,105.34,128432.50387496
1650672000,105.34,107.25,104.41,105.16,93528.1174473
1650758400,105.19,105.95,103.56,104.59,90416.43694128
1650844800,104.56,104.89,98.49,104.56,210819.69532116
1650931200,104.57,105.37,96.36,98.59,190383.80590802
1651017600,98.58,101.96,97.72,100.63,171054.05031386
1651104000,100.62,104.4,99.72,103.33,187257.47489544
1651190400,103.32,104.46,98.32,100.39,162691.042827
1651276800,100.38,101.58,94.05,95.89,185165.55669883
1651363200,95.89,100.02,94.42,99.27,158599.7404214
1651449600,99.27,101.89,98.3,100.65,191348.63125507
1651536000,100.63,101.39,97.41,99.35,157484.79361626
1651622400,99.35,107.03,99,106.25,191498.76235693
1651708800,106.26,106.86,94.79,96.84,218974.89391106
1651795200,96.88,98.41,92.8,96.69,234529.54894113
1651881600,96.71,97.33,92.47,94.27,141005.91880514
1651968000,94.24,95.72,91.46,93.83,171874.39041982
1652054400,93.88,94.95,75.25,76.19,433391.21152214
1652140800,76.19,85.02,73.33,80.12,471382.82007354
1652227200,80.15,82.77,64,66.31,550618.1139555
1652313600,66.33,69.69,52,64.26,660531.13411283
1652400000,64.29,73.16,63.04,67.78,432468.5389034
1652486400,67.75,70.17,64.06,68.81,280438.81505824
1652572800,68.8,71.67,65.9,71.5,280440.22327883
1652659200,71.48,71.53,64.89,67.13,291852.9484005
1652745600,67.16,73.79,66.92,73.04,324596.81651429
1652832000,73.04,74.29,65.67,65.87,370137.09495734
1652918400,65.89,72.6,64.58,72.02,348888.70177918
1653004800,72.02,73.3,66.67,68.48,300585.81135815
1653091200,68.47,70.58,67.74,69.78,176250.79963991
1653177600,69.76,72.42,69.3,71.61,168510.38605541
1653264000,71.57,73.9,68.23,68.95,260071.33733133
1653350400,68.97,70.71,66.89,70.2,318689.15308867
1653436800,70.17,71.6,67.78,68.16,261089.74535166
1653523200,68.16,68.77,60.4,63.42,365679.4514976
1653609600,63.37,64.04,60.83,61.51,247811.55432713
1653696000,61.47,63.95,61.23,62.99,135682.29615232
1653782400,62.97,64.34,61.79,63.58,159068.49855032
1653868800,63.58,69.69,63.17,69.07,245010.94205638
1653955200,69.07,69.69,66.64,68.32,178801.75431922
1654041600,68.35,70.5,61.64,62.64,294215.57050579
1654128000,62.64,64.72,61.97,64.38,178089.56111652
1654214400,64.37,64.84,61.3,62.54,158889.28500271
1654300800,62.52,64.29,61.27,63.68,141152.51626719
1654387200,63.69,63.82,61.63,63.1,123318.14233394
1654473600,63.07,66.45,62.86,64.38,190383.67587109
1654560000,64.36,65.43,60.13,63.77,288258.89387788
1654646400,63.8,64.42,61.07,61.34,240405.50446404
1654732800,61.33,62.34,59.18,60.17,193111.21072881
1654819200,60.19,60.33,55.55,56.62,303617.68545204
1654905600,56.62,57.73,51.59,52.13,432698.9430261
1654992000,52.11,52.61,47.28,47.86,445549.09230494
1655078400,47.86,48.25,40.56,43.45,825408.72245026
1655164800,43.45,46.45,40.32,46.1,774540.36608005
1655251200,46.1,50.96,41.59,50.63,603086.91137476
1655337600,50.63,51.15,43.97,44.74,424563.16484194
1655424000,44.72,48.38,44.36,47.55,410666.41770604
1655510400,47.53,48.29,41.41,47.13,607730.68628942
1655596800,47.11,56.24,44.86,54.25,853089.46808681
1655683200,54.21,54.71,51.25,52.69,469736.82127925
1655769600,52.7,55.71,51.82,53.46,404764.35003924
1655856000,53.51,53.53,50.38,52.07,364323.63743714
1655942400,52.09,56.71,51.85,55.73,457443.00813889
1656028800,55.7,57.32,54.35,55.79,326222.77752537
1656115200,55.82,59.7,54.58,58.8,291264.45458328
1656201600,58.86,60.44,56.57,56.58,261807.66960647
1656288000,56.57,58.61,54.79,55.86,263364.67915221
1656374400,55.85,56.94,52.49,52.65,270322.39457144
1656460800,52.65,54.4,51.31,53.63,296491.27822412
1656547200,53.64,53.96,50.08,53.81,369412.17120822
1656633600,53.82,56.25,50.01,51.13,417762.93289699
1656720000,51.13,51.62,49.69,50.5,212243.90007967
1656806400,50.47,52.13,49.05,50.86,198607.65554234
1656892800,50.86,52.35,49.65,52.2,221485.92587116
1656979200,52.2,52.42,47.89,49.65,376278.59769944
1657065600,49.65,51.16,48.9,50.29,287535.25974814
1657152000,50.29,52.6,49.72,52.11,241613.02362156
1657238400,52.13,53.98,50.73,51.31,244901.09200714
1657324800,51.33,54.82,51.3,54.05,184047.87188469
1657411200,54.05,55.02,50.65,52.09,258238.1652585
1657497600,52.09,52.22,48.22,48.67,218240.76120082
1657584000,48.68,49.36,47.23,47.28,221720.13302714
1657670400,47.28,49.67,46.31,49.5,306169.58392847
1657756800,49.49,51.71,47.91,51.32,245172.33976433
1657843200,51.32,52.76,50.62,51.75,301382.90402948
1657929600,51.74,55.52,51.06,55.09,245839.28655938
1658016000,55.08,57.02,54.41,55.74,244370.90493945
1658102400,55.74,59.3,55.21,58.58,361885.3763359
1658188800,58.58,59.61,55.8,57.91,353481.14243593
1658275200,57.91,61.8,56.4,57.22,441039.80312667
1658361600,57.2,58.7,55.16,58.03,236048.79421065
1658448000,58.02,59.22,55.53,56.1,196921.58193527
1658534400,56.1,57.28,54.48,56.34,223948.831809
1658620800,56.34,59.79,56.33,58.37,186224.11199816
1658707200,58.4,58.98,53.92,54.02,226638.25583149
1658793600,54,54.17,51.96,53.9,221570.7465108
1658880000,53.89,59.08,53.01,59.04,283927.23173926
1658966400,59.04,64.3,57.98,63.43,419770.49087208
1659052800,63.42,64.58,59.75,60.71,283920.06366666
1659139200,60.71,64.25,59.95,60.47,370833.68945159
1659225600,60.46,62.99,59.63,59.76,238723.72694933
1659312000,59.76,60.75,58.28,59.47,303677.46921425
1659398400,59.48,59.87,56.64,58.09,283396.07843739
1659484800,58.1,60.15,56.71,57.78,211243.06068514
1659571200,57.77,60.81,57.63,59.65,218757.25495821
1659657600,59.65,62.59,59.62,62.49,197541.50139091
1659744000,62.51,62.57,60.51,60.84,105782.82970865
1659830400,60.86,62.03,59.89,61.12,138859.86298668
1659916800,61.1,64.09,60.8,62.61,219255.34781052
1660003200,62.61,62.87,58.28,59.18,249566.57346432
1660089600,59.17,62.35,57.59,61.61,302141.1284252
1660176000,61.58,63.53,61.47,61.89,195969.86832032
1660262400,61.89,63.11,60.62,62.95,168535.43131253
1660348800,62.93,65.69,62.68,63.86,198436.42913876
1660435200,63.86,65.83,62.44,63.17,200070.3956128
1660521600,63.16,65.33,59.69,60.69,294060.71378685
1660608000,60.68,61.77,60,61.33,216069.56972249
1660694400,61.31,64.72,59.7,60.52,315548.29203837
1660780800,60.54,61.7,59.35,60,199009.08307393
1660867200,60.02,60.17,53.24,54.02,400034.06454746
1660953600,54.02,55.62,52.62,54.1,256113.87418522
1661040000,54.1,56.01,53.81,55.68,153009.31307956
1661126400,55.69,57.45,52.3,57.22,289740.68930539
1661212800,57.23,57.73,53.92,57.1,206534.48143913
1661299200,57.11,57.68,55.57,56.46,214320.94862065
1661385600,56.47,57.52,55.82,56.62,166742.69276617
1661472000,56.61,58.31,52.11,52.71,246245.46968792
1661558400,52.69,53.47,51.69,53.03,223788.86020548
1661644800,53.03,56.02,52.46,53.38,222124.76604475
1661731200,53.4,56.7,52.52,55.79,253205.7343034
1661817600,55.79,56.24,51.85,53.01,236552.45512532
1661904000,53.02,55.27,53.01,53.84,214506.62973223
1661990400,53.84,57.8,53.2,57.56,366065.90423686
1662076800,57.58,62.41,56.48,61.02,418279.82771373
1662163200,60.99,62.23,59.54,60.19,246138.16826108
1662249600,60.19,61.01,58.61,60.93,204252.6362682
1662336000,60.92,61.63,59.26,60.45,243892.24896458
1662422400,60.44,62.75,54,54.12,514825.82735209
1662508800,54.09,58.3,52.93,57.3,311494.17667765
1662595200,57.29,58.61,56.06,57.99,277243.44031406
1662681600,57.97,61.94,57.7,61.15,281920.53105442
1662768000,61.16,64.72,60.59,63.32,294861.73112029
1662854400,63.32,64.46,61.37,62.18,184144.10818344
1662940800,62.17,63.24,60.09,61.41,253330.96620714
1663027200,61.38,67.48,58.31,59.1,433040.24879016
1663113600,59.08,61.2,58.2,60.2,268067.11192327
1663200000,60.2,60.84,55.84,56.34,329792.22462048
1663286400,56.34,56.92,54.62,55.93,302148.26640893
1663372800,55.93,58.42,55.8,57.84,136846.75592239
1663459200,57.82,57.85,52.32,52.65,207761.21538631
1663545600,52.66,53.73,50.01,52.89,298289.44269123
1663632000,52.89,53.85,50.86,52.34,359088.50945206
1663718400,52.33,55.55,50.23,51.08,467465.94994286
1663804800,51.08,54.1,50.63,53.59,195685.98026218
1663891200,53.6,55.34,51.39,55.23,315176.26939393
1663977600,55.23,55.95,53.16,53.43,198768.42274208
1664064000,53.42,54.41,52.27,52.55,157616.23977951
1664150400,52.53,53.72,51.88,53.44,189471.42240123
1664236800,53.45,55.55,51.81,52.67,212062.62597564
1664323200,52.68,53.83,51.01,53.28,174959.16163942
1664409600,53.29,54.15,52.24,53.98,177220.7104928
1664496000,53.98,55.11,52.85,53.48,188715.26063499
1664582400,53.48,53.83,52.46,52.93,144736.24122538
1664668800,52.92,53.47,51.66,51.82,142432.91658221
1664755200,51.81,54.35,51.48,54.18,167745.23230467
1664841600,54.17,55.75,53.87,55.32,171104.92033802
1664928000,55.3,55.33,53.31,54.64,182188.57770398
1665014400,54.65,55.07,53.35,53.56,193197.23243802
1665100800,53.55,53.86,52.28,52.86,159998.27537395
1665187200,52.84,53.55,52.41,52.82,122173.33073261
1665273600,52.8,54.02,52.7,53.93,102347.74590926
1665360000,53.91,54.48,52.49,52.63,166555.34641594
1665446400,52.64,52.65,51.11,52.01,152019.49440837
1665532800,52.01,52.97,51.63,52.23,144633.42428794
1665619200,52.23,52.52,48.33,51.09,258038.9301401
1665705600,51.08,52.58,50.91,51.32,134602.69692645
1665792000,51.31,51.68,50.25,50.4,94158.31392327
1665878400,50.39,51.82,50.3,51.45,87522.34978072
1665964800,51.45,52.17,51.04,51.84,112048.53039671
1666051200,51.86,52.23,50.76,51.88,131250.62485695
1666137600,51.86,52.01,50.75,50.92,118631.53824869
1666224000,50.92,52.11,50.56,51.22,119793.53383618
1666310400,51.23,51.82,49.55,51.64,139663.60429082
1666396800,51.65,52.5,51.37,52.19,100855.57227779
1666483200,52.18,54.05,51.83,54.03,119104.21316795
1666569600,54.03,54.22,52.11,52.55,167465.90765031
1666656000,52.55,56.84,52.27,55.96,242336.25500125
1666742400,55.97,57.63,55.69,56.42,209163.34897158
1666828800,56.42,57.37,54.51,54.76,197039.71122952
1666915200,54.77,55.59,53.5,54.93,172125.81293566
1667001600,54.92,57.6,54.67,56.61,185502.84947507
1667088000,56.63,57.52,54.76,55.39,171118.29421639
1667174400,55.39,56.6,54,55.01,328235.15538974
1667260800,55.02,55.89,54.49,55.11,174888.81030558
1667347200,55.12,62.87,54.67,60.94,595683.52584767
1667433600,60.95,64.77,60.1,61.87,551173.06071325
1667520000,61.86,70.41,61.65,67.61,493433.36075747
1667606400,67.59,71.91,67.09,69.28,361179.96337176
1667692800,69.27,70.82,67.5,68.29,246689.94613897
1667779200,68.26,73.29,66.22,67.45,489259.64008594
1667865600,67.44,68.9,54,57.86,648776.9937435
1667952000,57.8,59.92,47.5,50.51,629859.91062417
1668038400,50.59,61.14,49.53,60.38,486102.31280037
1668124800,60.39,64.12,58.33,61.32,341879.86154292
1668211200,61.33,61.6,58.03,59.86,275515.50121757
1668297600,59.88,60.23,56.17,57.28,170861.80583077
1668384000,57.26,59.14,53.4,56.62,278309.31621476
1668470400,56.59,59.49,56.42,57.95,178778.66489158
1668556800,57.92,60.11,56.68,57.45,206679.2446001
1668643200,57.43,63.24,56.95,62.56,324024.43952117
1668729600,62.54,63.8,61.45,62.55,248513.68256921
1668816000,62.55,64.51,61.28,63.9,137331.74643868
1668902400,63.9,64.8,60.32,61.99,196092.90620255
1668988800,61.99,63.44,59.11,61.24,341997.09376651
1669075200,61.23,71.24,61,70.55,474529.17648644
1669161600,70.54,83.43,69.5,78.9,721641.07823604
1669248000,78.9,79.4,74.98,78.6,435568.52115938
1669334400,78.61,79.81,73.2,74.04,357596.83710922
1669420800,74.06,79.6,73.86,76.43,288588.00389192
1669507200,76.45,79.2,74.14,74.88,235193.01118282
1669593600,74.86,75.3,70.5,73.91,420960.81272676
1669680000,73.92,77.89,73.39,75.77,270415.34755532
1669766400,75.78,80.7,75.42,79.23,308676.70824879
1669852800,79.2,80.62,76.29,77.59,285345.49342386
1669939200,77.58,78.13,75.39,77.94,189905.64585478
1670025600,77.95,78.13,75.46,76.48,125212.31422755
1670112000,76.43,77.52,75.78,77.13,131387.7260973
1670198400,77.15,84.97,76.8,80.21,394843.67475095
1670284800,80.21,81.78,77.68,79.88,246954.57971747
1670371200,79.91,80.38,75.56,76.91,315738.14604651
1670457600,76.92,78.72,74.48,78.29,329104.6383285
1670544000,78.25,78.8,75.83,76.32,184869.75974951
1670630400,76.3,77.42,75.64,76.37,142318.82044013
1670716800,76.35,78.43,76.3,76.51,134260.86677448
1670803200,76.5,76.71,73.52,76.23,225110.8050415
1670889600,76.23,79.83,74.38,77.38,339307.42801961
1670976000,77.37,79.09,74.18,75.37,285441.24941827
1671062400,75.34,75.51,71.76,72.44,245191.06587731
1671148800,72.43,73.56,65,66.26,475373.93288577
1671235200,66.24,67.71,62.72,64.91,319643.27775526
1671321600,64.91,65.94,63.05,64.43,218058.69981039
1671408000,64.42,65.05,61,63.36,346868.8923833
1671494400,63.34,66.9,63.1,65.58,333270.94801202
1671580800,65.57,66.82,64.62,65.39,218155.50735583
1671667200,65.39,66.69,64.25,66.18,198436.5122956
1671753600,66.17,66.69,64.96,65.73,159889.57092986
1671840000,65.76,66.04,65.02,65.76,80049.63315163
1671926400,65.75,69.69,65.31,69.16,166377.09894521
1672012800,69.19,71.6,68.59,70.76,198396.54958871
1672099200,70.77,71.16,67.75,68.66,192670.71743416
1672185600,68.66,69.45,65.65,66.3,328846.54954901
1672272000,66.28,67.25,65.53,66.65,187329.52146616
1672358400,66.62,68.63,66.03,67.93,214064.33274956
1672444800,67.91,71,67.57,70.09,178318.91141621
1672531200,70.1,71.47,68.88,70.89,149695.29304401
1672617600,70.88,77.97,70.03,74.71,309409.36199751
1672704000,74.71,76.39,73.65,75.51,249484.30801721
1672790400,75.52,77.95,74.28,75.41,348784.39346113
1672876800,75.4,76.25,73.59,74.23,252094.71802425
1672963200,74.2,76.53,72.45,75.89,372998.7110588
1673049600,75.9,76.81,75.45,76.36,141112.76058653
1673136000,76.36,78.76,75.09,78.6,190557.57508301
1673222400,78.63,83.57,78.09,81.59,415104.27751227
1673308800,81.6,82.83,79.45,80.86,286296.22287785
1673395200,80.86,84.97,79.91,84.07,273778.84637634
1673481600,84.08,87.88,80.75,86.1,337396.40138026
1673568000,86.08,87.99,83.6,86.26,259314.8148205
1673654400,86.27,91.14,85.99,87.85,567454.45410682
1673740800,87.84,88.75,85.36,87.37,237925.27290441
1673827200,87.37,89.21,83.91,85.94,309438.04519345
1673913600,85.91,89.35,84.56,87,272285.06483997
1674000000,87.02,88.42,82.16,82.64,304276.22180158
1674086400,82.62,84.59,81.67,84.23,176943.31884125
1674172800,84.23,91.22,82.99,90.29,214981.84984433
1674259200,90.29,92.09,87.64,87.93,250824.97329149
1674345600,87.93,90.04,86.52,87.6,166888.8680576
1674432000,87.58,93.16,87.51,89.94,180084.77597607
1674518400,89.96,91.47,86.06,87.24,147628.64767634
1674604800,87.24,91.98,85.56,89.41,156572.13464263
1674691200,89.44,89.97,86.88,87.54,112409.06899916
1674777600,87.53,89.24,85.86,88.93,140008.72581198
1674864000,88.91,89.98,87.02,89.7,94391.23137959
1674950400,89.7,97.77,89.7,94.85,306807.19927523
1675036800,94.87,96.15,88.44,91.38,220542.44759024
1675123200,91.4,96.27,91.35,94.13,253963.61454968
1675209600,94.12,102.65,93.72,100.33,349057.96377188
1675296000,100.33,102.27,97.94,98.6,195173.62181158
1675382400,98.64,100.82,97.48,99.87,155026.95194587
1675468800,99.89,101.38,98.23,98.52,104004.6101439
1675555200,98.49,98.88,94.83,96.7,129238.03328475
1675641600,96.69,97.95,94.78,95.93,134048.0825617
1675728000,95.9,101.55,95.88,100.82,201441.47381366
1675814400,100.84,102.38,96.84,99.21,219305.45885527
1675900800,99.23,99.49,90.02,92.07,323636.51117322
1675987200,92.11,94.18,91.09,93.29,207388.5689126
1676073600,93.29,94.82,92.65,94.31,106180.59259905
1676160000,94.3,94.58,90.98,92.49,105821.74505823
1676246400,92.49,94.99,88.25,91.13,259846.62818485
1676332800,91.14,95.99,90.38,95.86,173014.37336862
1676419200,95.87,103.26,95.04,102.86,210628.80630723
1676505600,102.88,105.69,98.48,98.58,227980.94897383
1676592000,98.53,101.71,98.22,100.16,148495.44374481
1676678400,100.14,101.92,98.94,99.75,117451.98434494
1676764800,99.75,101.5,96.83,97.48,145787.09152042
1676851200,97.43,98.71,94.47,95.87,193861.25727192
1676937600,95.88,96.81,91.6,93.82,216484.09091694
1677024000,93.81,95.56,91.58,95.24,201125.51162933
1677110400,95.27,96.24,93.36,94.63,124742.38906994
1677196800,94.62,95.27,89.98,91.58,156685.26428605
1677283200,91.59,93.49,90.31,93.14,112297.36202429
1677369600,93.15,95.5,92.76,95.24,114431.8057705
1677456000,95.24,96.06,92.43,94.06,149398.41337998
1677542400,94.06,96,93.03,93.8,140404.61752897
1677628800,93.8,98.34,93.56,97.77,178921.95083453
1677715200,97.75,98.34,93.94,95.4,140717.13913758
1677801600,95.39,95.49,86.01,90.62,223159.81231103
1677888000,90.6,90.86,87.5,89.33,53135.05065797
1677974400,89.35,91.81,89.18,89.94,154962.09188959
1678060800,89.94,90.65,86.55,87.38,263774.03658546
1678147200,87.36,88.97,83.9,86.28,243336.17586737
1678233600,86.27,86.64,81.31,82.76,205564.72245895
1678320000,82.72,84.92,75.03,76.68,245338.41007055
1678406400,76.73,76.83,68.08,71.68,373492.31624878
1678492800,71.67,74.93,65.39,69.74,338104.73765721
1678579200,69.73,76.95,67.87,76.85,237012.78463452
1678665600,76.89,83.68,74.31,81.87,340551.51525127
1678752000,81.9,88.66,79.57,84.3,418569.03772097
1678838400,84.29,85.92,75.23,76.77,291856.47502757
1678924800,76.76,80.13,75.89,79.03,373039.40308339
1679011200,79.04,85.79,78.34,85.73,218685.25135982
1679097600,85.72,88.09,82.2,83.26,201555.00443265
1679184000,83.22,86.69,82.3,84.21,132738.66912983
1679270400,84.25,84.56,78.03,78.34,191889.89418179
1679356800,78.32,83.7,76.96,82.77,172608.30216753
1679443200,82.74,88.59,79.44,87.51,376480.43416227
1679529600,87.46,94.88,85.78,93.88,400730.31278335
1679616000,93.88,96.11,89.05,93.74,363783.36825269
1679702400,93.73,94.42,90.1,91.6,146355.08810034
1679788800,91.6,94.92,90.67,93.41,200507.17762607
1679875200,93.41,94.15,87.7,89.27,227210.58052351
1679961600,89.3,89.63,85.61,89.17,282190.88741621
1680048000,89.16,93.02,88.99,91.31,222745.84732498
1680134400,91.32,93.36,86.69,89.1,278391.86864714
1680220800,89.09,90.31,87.27,89.59,155585.74961049
1680307200,89.59,94.3,89.39,92.6,166067.05557705
1680393600,92.59,94.62,90.42,92.83,142594.32174463
1680480000,92.89,95.85,89.74,92.98,221344.69218932
1680566400,92.99,94.05,91.61,92.61,173193.36701899
1680652800,92.63,95.08,91.12,92.67,188381.3774316
1680739200,92.63,92.68,89.85,91.04,133253.83170605
1680825600,91,91.53,89.14,90.69,87466.70525638
1680912000,90.66,91.5,89.31,89.96,55428.65375958
1680998400,89.95,91.11,89.22,90.63,59706.79968324
1681084800,90.65,94.53,89.93,93.83,120531.03603754
1681171200,93.84,97.05,93.22,94.28,193936.18689537
1681257600,94.32,94.82,91.02,92.16,171910.36579001
1681344000,92.16,94.62,91.76,94.27,119932.65169016
1681430400,94.26,99.44,93.75,96.41,247593.13445746
1681516800,96.39,97.43,94.82,96.8,97979.73602538
1681603200,96.8,102.21,95.2,100.06,240805.49964997
1681689600,100.09,100.37,97.44,98.89,167403.7857907
1681776000,98.91,103.42,97.68,101.95,208288.41153326
1681862400,101.92,101.95,87.04,90.51,385776.63528804
1681948800,90.44,92.39,87.1,90.26,303463.25409403
1682035200,90.23,90.9,84.5,85.34,267153.46263632
1682121600,85.34,87.24,84.77,87.05,101558.53755749
1682208000,87.07,87.11,84.29,86.79,115560.37974773
1682294400,86.79,89.01,85.92,88.32,182664.4803674
1682380800,88.33,91.78,87.2,91.03,213124.36623918
1682467200,91.05,94.01,84.21,88.17,445650.27156506
1682553600,88.19,90.68,87.31,89.76,307167.56740496
1682640000,89.75,90.42,87.71,89.71,176450.10008192
1682726400,89.69,91.7,89.31,91.13,118836.45723787
1682812800,91.11,91.46,87.8,88.18,124077.37757111
1682899200,88.27,88.92,85.13,86.75,204165.39052254
1682985600,86.75,89.16,86.01,88.22,146265.21546112
1683072000,88.24,89.88,85.44,88.88,167546.11607272
1683158400,88.92,89.17,87.44,88.42,90430.11705738
1683244800,88.43,89.76,86.19,88.73,157517.24537627
1683331200,88.7,89.41,80.67,83.44,204883.82258637
1683417600,83.42,84.8,83.05,83.52,110069.70260828
1683504000,83.5,85.34,75.32,77.8,282332.72264934
1683590400,77.8,80.14,77.36,79.96,182487.46479813
1683676800,79.95,82.11,77.11,81.01,277149.11706114
1683763200,80.99,82.01,78.38,80.93,227361.47344941
1683849600,80.93,81.54,77.08,80.49,240363.58428843
1683936000,80.48,81.13,79.82,80.27,94428.21716021
1684022400,80.29,84.03,79.64,83.54,120383.84459993
1684108800,83.54,88.65,82.18,86.94,283601.18770445
1684195200,86.93,90.54,86.15,90.01,370831.36844947
1684281600,90,95,89.62,93.9,359808.45441575
1684368000,93.88,94.22,89.21,90.38,226019.46787545
1684454400,90.43,93.33,90.26,91.8,205443.79725215
1684540800,91.77,92.81,90.58,92.45,94587.82345472
1684627200,92.45,93.5,91.17,92.2,111954.10013622
1684713600,92.2,92.8,89.85,90.86,147887.61712737
1684800000,90.86,93.13,90.42,91.7,129876.07162992
1684886400,91.7,91.9,84.38,85.84,286148.97405389
1684972800,85.81,86.78,82.52,86.61,183831.60674385
1685059200,86.58,88.24,86.08,87.1,183109.65536796
1685145600,87.1,88.86,86.94,88.59,82801.49933759
1685232000,88.59,92.32,88.17,91.49,125395.09544218
1685318400,91.49,92.26,90.14,90.9,137435.55589881
1685404800,90.89,93.32,90.53,92.29,153881.78760216
1685491200,92.29,92.73,87.72,90.44,226481.19968665
1685577600,90.44,95.94,89.21,94.23,347293.82127946
1685664000,94.17,95.7,92.5,95.49,198295.29649063
1685750400,95.48,97.53,94.2,96.04,122211.62925297
1685836800,96.04,96.52,93.84,94.21,119770.85858952
1685923200,94.19,94.59,83.66,87.75,371855.42261484
1686009600,87.74,91.46,85.66,90.94,305388.52827787
1686096000,90.94,91.36,87.45,88.84,215820.7320909
1686182400,88.87,89.55,87.21,88.53,115409.6395039
1686268800,88.53,90.08,86.68,89.3,204648.99994864
1686355200,89.29,89.36,74.11,77.2,496773.92459923
1686441600,77.24,79,76.21,77.72,170043.62890477
1686528000,77.7,77.9,74.99,77.51,220196.23094127
1686614400,77.5,79.77,76.27,77.51,224741.95853751
1686700800,77.5,78.13,71.09,73.15,227179.11655534
1686787200,73.16,75.07,71.92,74.54,177535.72999662
1686873600,74.54,76.8,74.05,76.08,148115.67978972
1686960000,76.08,77.8,75.65,76.86,96445.50927582
1687046400,76.87,78.48,76.21,77.17,93436.91241522
1687132800,77.15,77.77,76.02,77.44,132628.77431067
1687219200,77.43,80.94,75.71,80.39,240601.29894052
1687305600,80.38,87.4,80.04,85.05,401977.04319358
1687392000,85.04,88.87,84.35,85.94,223421.26719064
1687478400,85.95,93.11,85.02,91.32,342565.84107664
1687564800,91.3,93.82,86.43,89.79,212949.63659904
1687651200,89.79,90.46,86.65,88.25,140194.09698963
1687737600,88.26,90.37,85.8,87.22,209941.29127246
1687824000,87.2,89.48,86.94,88.09,167320.54048754
1687910400,88.09,88.12,81.77,83.01,239828.45140022
1687996800,82.98,85.75,82.91,84.71,130444.27641967
1688083200,84.72,111.68,84.29,108.68,1183861.36237001
1688169600,108.7,112.67,102.91,107.12,485782.73040969
1688256000,107.11,114.01,105.07,113.62,567502.25517747
1688342400,113.61,114.98,105.57,107.3,452153.80290665
1688428800,107.27,109.56,103.65,104.28,293662.82736042
1688515200,104.3,106.63,98.58,102.61,399841.39538082
1688601600,102.58,105.95,95.13,95.24,477711.73749514
1688688000,95.27,98.61,94.14,98.24,275976.6724212
1688774400,98.24,98.43,96.56,97.8,122858.46479285
1688860800,97.79,98.41,94.52,95.1,152787.92579105
1688947200,95.12,97.84,91.88,96.77,347861.63672303
1689033600,96.77,98.3,95.51,96.78,201685.80086849
1689120000,96.79,97.86,94.18,96.21,164167.78370064
1689206400,96.2,104.48,95.6,101.92,531995.77407635
1689292800,101.93,103.64,92.5,95.2,550668.65689559
1689379200,95.18,95.87,93.8,94.81,136239.71559893
1689465600,94.8,95.38,91.91,92.97,123110.7512755
1689552000,92.91,93.64,89.28,92.22,196606.1186925
1689638400,92.22,92.99,89.43,91.58,138889.21943933
1689724800,91.58,94.25,91.42,92.01,154231.92603088
1689811200,91.99,94.96,91.46,92.36,191624.83593392
1689897600,92.38,94.63,91.69,94.09,214824.32581634
1689984000,94.09,96.44,91.23,92.06,172913.73335152
1690070400,92.06,93.59,91.53,93.17,145862.59026953
1690156800,93.15,93.44,87.39,89.13,214279.60952949
1690243200,89.15,90.16,88.56,89.44,107993.26402688
1690329600,89.45,91.19,88.53,90.6,123614.89738081
1690416000,90.61,91.94,89.6,90.59,98326.8297765
1690502400,90.58,91.97,90.5,91.46,93853.90387132
1690588800,91.45,94.93,90.84,94.34,108501.70564596
1690675200,94.35,99.6,91.03,94.03,462597.39963705
1690761600,94.01,95.16,91.08,92.28,258936.29572602
1690848000,92.25,94.01,87.92,93.89,362571.69118469
1690934400,93.9,94.61,85.78,87.52,381635.31928942
1691020800,87.49,88.34,81.64,82.49,253881.0442962
1691107200,82.48,83.86,80.63,82.07,338341.38650237
1691193600,82.09,83.35,81.23,83.06,104351.21692343
1691280000,83.04,83.4,81.6,82.45,85378.940338
1691366400,82.45,83.32,79.19,82.41,156474.09548627
1691452800,82.42,85.4,81.68,83.85,229123.41958749
1691539200,83.85,84.58,83.15,84.03,131751.45107354
1691625600,84.02,84.36,82.56,83.07,76454.34273251
1691712000,83.06,83.61,82.55,83.5,95809.62677179
1691798400,83.5,83.94,83.22,83.42,46673.19993231
1691884800,83.44,83.74,81.01,81.85,73872.79049994
1691971200,81.85,83.02,81.43,82.03,86913.60762791
1692057600,82.03,82.17,76.94,79.17,201605.67775379
1692144000,79.18,79.53,72.72,74.47,299489.28728693
1692230400,74.48,75.74,60.75,64.78,426479.63638638
1692316800,64.8,65.98,63.15,63.96,313811.32236334
1692403200,63.94,64.99,63.49,64.16,155044.94111245
1692489600,64.15,65.9,63.97,65.26,142327.07669913
1692576000,65.28,67.23,64.33,66.99,263529.34377212
1692662400,67.01,67.35,62.01,64.8,318424.08343377
1692748800,64.77,66.74,64.03,65.62,154839.31615647
1692835200,65.62,65.9,63.86,64.86,103457.29733729
1692921600,64.86,65.43,63.52,65.1,142010.70180625
1693008000,65.1,65.53,64.85,64.99,59402.81005668
1693094400,64.98,65.91,64.81,65.38,63272.76198933
1693180800,65.35,65.71,63.93,65.46,103371.11199205
1693267200,65.46,70.68,64.56,68.86,246278.14751854
1693353600,68.87,69.03,66.52,67.67,135394.91864825
1693440000,67.65,68.34,63.22,63.89,179045.95756478
1693526400,63.89,64.25,61.82,62.96,114606.71353486
1693612800,62.99,64.71,62.94,64.59,87102.08835206
1693699200,64.58,64.91,63.55,63.93,70885.41275283
1693785600,63.92,65.01,62.98,63.74,84372.56286104
1693872000,63.74,63.78,62.53,63.14,95607.39557505
1693958400,63.13,63.86,61.43,62.83,106242.97949247
1694044800,62.84,64.48,62.45,63.71,108567.32892398
1694131200,63.7,64.21,61.51,62.6,96946.10455697
1694217600,62.6,63.29,62.52,63.04,51929.5593279
1694304000,63.05,63.06,60.05,61.11,143357.29674214
1694390400,61.1,61.65,57.64,58.84,183803.02422189
1694476800,58.85,61.5,58.64,59.97,172403.80742257
1694563200,59.97,62.78,59.62,61.97,197660.54414455
1694649600,61.97,63.43,61.94,62.84,153043.20281001
1694736000,62.83,66.26,62.57,65.89,164496.80934782
1694822400,65.89,67.03,64.42,65.41,102280.87430299
1694908800,65.41,65.43,62.79,63.57,88351.33894147
1694995200,63.59,67.9,62.95,65.88,209217.44039693
1695081600,65.88,68.41,65.61,67.29,156512.1376041
1695168000,67.3,67.88,63.28,64.55,238451.09000234
1695254400,64.58,65.03,62.92,64.71,186384.89406235
1695340800,64.71,65.88,63.96,64.37,148589.71342178
1695427200,64.38,65.27,64.38,65.09,78335.74231544
1695513600,65.08,65.12,63.26,63.56,61371.88723477
1695600000,63.57,65.04,62.57,64.34,84948.63756226
1695686400,64.32,65.08,63.05,63.78,81624.39323313
1695772800,63.76,65.5,63.02,63.5,90698.13705235
1695859200,63.52,65.5,63.11,65.23,104590.42561034
1695945600,65.22,66.49,64.9,65.54,99016.97028421
1696032000,65.54,66.6,65.35,65.97,58303.32090882
1696118400,65.97,68.82,65.82,68.16,110627.27538446
1696204800,68.16,68.4,65.16,66,123594.60922539
1696291200,66,66.91,65.25,65.51,99089.54666802
1696377600,65.5,65.52,63.15,64.4,111624.53658564
1696464000,64.4,65.29,63.77,64.81,72593.63659412
1696550400,64.81,66.02,64.38,65.53,77102.16280875
1696636800,65.53,66.28,64.98,65.51,52899.74209438
1696723200,65.5,66.03,65.01,65.4,56435.23865088
1696809600,65.4,65.42,61.6,63.09,111149.39106985
1696896000,63.09,63.84,62.58,63.62,85457.77446823
1696982400,63.62,63.76,61.08,61.53,192622.11467331
1697068800,61.55,61.55,60.33,61.12,104970.57707899
1697155200,61.13,62.16,61.05,61.58,85851.55516928
1697241600,61.57,61.98,61.37,61.61,49383.59319634
1697328000,61.62,62.19,61.37,61.64,52859.13260771
1697414400,61.65,66.33,61.57,63.24,245859.49822363
1697500800,63.24,63.36,61.4,62.09,130049.17887818
1697587200,62.09,62.84,60,60.21,141101.22711994
1697673600,60.22,61.97,59.73,61.79,108238.87038411
1697760000,61.8,64.32,61.61,63.42,220126.88330454
1697846400,63.42,65.42,63.37,64.77,105025.30131362
1697932800,64.77,66.35,63.17,65.3,139905.438606
1698019200,65.3,69.98,64.9,69.04,354853.05458156
1698105600,69.04,72.85,67.18,69.14,303318.03189004
1698192000,69.14,70.42,67.73,68.74,202228.68442895
1698278400,68.74,70.64,66.13,68.76,229318.67802905
1698364800,68.76,68.83,65.59,67.03,151173.1017915
1698451200,67.03,68.41,66.97,67.74,134756.63993671
1698537600,67.74,69.33,67.02,68.82,105461.89540364
1698624000,68.81,69.82,67.66,69.25,127134.06105192
1698710400,69.25,70.56,67.6,68.91,146097.15029049
1698796800,68.91,70.49,66.53,69.97,269518.86452108
1698883200,69.96,70.8,67.43,69.46,260393.0519114
1698969600,69.44,69.59,67.51,69.5,100906.43920666
1699056000,69.5,75.88,68.79,70.51,107501.08402085
1699142400,70.51,72.39,69.96,71.68,162944.84706643
1699228800,71.66,74.97,70.85,74.47,163213.94113745
1699315200,74.47,74.56,71.07,73.45,163029.02312988
1699401600,73.44,74.33,72.48,73.1,124855.49810142
1699488000,73.1,76.26,69.36,73.86,331764.7184689
1699574400,73.86,75.45,70.74,73.3,230291.38458228
1699660800,73.31,75.97,70.94,75.28,305004.88274459
1699747200,75.29,76.85,72.16,74.92,177454.04221072
1699833600,74.94,76.1,70.51,71.13,191235.72710835
1699920000,71.11,72.56,68.02,70.64,281789.09061033
1700006400,70.63,74.46,70.54,74.17,154249.13463654
1700092800,74.17,74.4,69.79,70.98,171721.44435718
1700179200,70.99,71.64,68.05,70.31,313090.05402766
1700265600,70.33,70.37,67.53,69.91,71627.1320414
1700352000,69.92,70.74,68.54,70.6,72758.51427302
1700438400,70.61,71.06,68.71,69.57,93325.63806735
1700524800,69.57,71.88,65.22,66.19,212464.46678993
1700611200,66.19,69.15,66.03,68.73,95538.35806527
1700697600,68.73,70.75,68.43,69.53,110130.21556713
1700784000,69.52,71.8,69.45,70.79,102561.14053673
1700870400,70.79,72.27,70.58,71.89,61593.52453924
1700956800,71.9,71.91,68.93,70.05,68899.80848026
1701043200,70.06,70.52,67.93,69.22,95404.69746727
1701129600,69.24,70.28,67.81,69.78,105633.68555075
1701216000,69.81,70.48,69.14,70.01,60625.93698494
1701302400,70.02,70.17,69.1,69.44,64323.99135507
1701388800,69.44,72.35,69.21,71.63,188433.58826298
1701475200,71.63,72.75,71.24,72.23,75829.01408429
1701561600,72.24,72.76,71.34,72.32,84418.65546699
1701648000,72.34,75.09,71.87,72.91,337731.31171387
1701734400,72.91,74.4,71.19,74.36,179054.58484085
1701820800,74.36,74.9,72.16,72.44,186551.81041852
1701907200,72.42,74.5,71.87,74.03,142739.64931753
1701993600,74.05,78.9,73.35,78.53,310903.89201764
1702080000,78.53,79.54,75.8,76.35,194489.25721467
1702166400,76.36,79.01,76.36,77.18,134466.90158256
1702252800,77.19,77.52,70.63,72.65,245008.3701612
1702339200,72.65,73.74,70.96,72.34,125941.88391021
1702425600,72.35,74.07,70.11,73.17,163237.43874782
1702512000,73.17,74.04,71.21,72.92,279155.64519077
1702598400,72.92,72.97,70.56,70.93,151215.05130184
1702684800,70.94,72.48,70.45,72.15,87119.60408656
1702771200,72.17,73.54,70.81,71.14,96440.66740389
1702857600,71.15,71.5,67.99,70.86,146304.69728791
1702944000,70.86,71.61,69.64,70.7,90395.36381106
1703030400,70.71,71.89,69.37,69.82,193718.60148812
1703116800,69.82,71.08,68.93,70.93,149082.91325652
1703203200,70.93,73.86,70.31,73.66,216280.64635575
1703289600,73.65,74.17,71.45,72.5,153795.6655527
1703376000,72.5,72.99,70.01,71.15,142026.28939251
1703462400,71.16,72.79,70.6,72.22,92321.57138777
1703548800,72.26,74.42,71.06,73.25,228024.52019498
1703635200,73.25,77.31,72.08,76.05,335929.18414893
1703721600,76.03,77.65,74.54,76.51,315712.42116508
1703808000,76.54,77.85,72.8,73.22,315107.79997357
1703894400,73.21,73.99,72.38,73.23,175907.48106892
1703980800,73.24,74.21,71.45,72.81,117693.68339891
1704067200,72.81,74.83,72.05,74.75,112009.56093292
1704153600,74.75,75.94,72.5,72.98,163486.58739399
1704240000,72.99,73.63,60,65.29,330936.15727392
1704326400,65.28,67.18,64.57,66.49,238707.22206345
1704412800,66.49,66.81,63.51,66.06,236222.08405657
1704499200,66.06,66.16,63.27,65.7,101258.03053944
1704585600,65.69,66.41,63.72,64.31,86854.59051206
1704672000,64.31,68.44,61.1,67.81,283313.48603498
1704758400,67.8,67.87,64.21,67.01,265463.70738217
1704844800,67,71.26,65,70.12,290115.20805102
1704931200,70.13,74.66,69.57,71.88,289293.01324706
1705017600,71.9,77.1,70.41,72.94,430416.55553513
1705104000,72.96,73.57,71,72,160136.12236067
1705190400,72,72.29,69.43,69.74,172836.81144939
1705276800,69.76,71.58,68.72,69.08,127742.88911286
1705363200,69.08,70.54,68.32,69.4,132351.68677201
1705449600,69.4,69.95,68.28,69.39,98480.97340796
1705536000,69.4,70.25,66.15,68.04,175124.55354662
1705622400,68.06,71.5,66.88,71.26,202916.06839042
1705708800,71.23,72.73,70.42,71.31,167567.3021948
1705795200,71.31,72.28,70.45,71.67,94973.34533082
1705881600,71.67,72.67,66.57,67.31,261850.79257689
1705968000,67.29,68.37,63.13,65.46,194779.51697209
1706054400,65.47,66.34,64.83,66.12,125059.60969504
1706140800,66.11,66.14,64.54,65.48,105179.89108335
1706227200,65.44,67.53,65.17,67.02,108588.19448834
1706313600,67.03,68.34,66.33,68.07,78215.11571326
1706400000,68.07,68.49,67.31,68.36,78396.68145709
1706486400,68.36,68.79,66.8,68.42,115414.02646123
1706572800,68.44,68.75,67.16,67.5,97842.79313159
1706659200,67.48,69.99,66.1,66.73,125558.06659432
1706745600,66.72,68.11,65.66,67.52,91465.19641624
1706832000,67.53,68.38,67.29,68.02,73508.50511231
1706918400,68.02,69.17,67.87,68.8,74508.1524104
1707004800,68.81,68.88,66.46,66.92,97590.98095528
1707091200,66.91,68.18,66.55,67.63,75942.9294412
1707177600,67.63,68.8,67.48,68.26,104296.25870481
1707264000,68.27,68.79,67.68,68.62,245248.8327213
1707350400,68.61,70.67,68.37,70.55,133803.37292202
1707436800,70.54,71.95,70.1,70.69,205645.64693709
1707523200,70.67,71.23,69.97,70.82,84442.68504255
1707609600,70.84,73.12,70.65,71.58,131024.66986369
1707696000,71.59,73.45,70.3,72.85,123006.77578591
1707782400,72.84,73.19,68.12,69,214431.3630108
1707868800,69,70.79,68.47,69.9,192100.95131616
1707955200,69.89,70.97,69.07,69.84,181962.73654268
1708041600,69.84,71,68.78,70.64,150133.89239774
1708128000,70.66,70.75,68.09,70,109586.92259487
1708214400,70,71.35,69.85,70.82,84873.6496752
1708300800,70.82,71.75,70.44,71.33,117056.87353795
1708387200,71.32,71.5,67.38,69.66,192538.48338141
1708473600,69.67,69.72,67.32,68.92,116061.78477399
1708560000,68.92,69.81,67.91,68.76,164292.77021673
1708646400,68.76,69.1,67.48,68.77,98154.13269607
1708732800,68.78,70.69,68.62,70.41,100240.47605084
1708819200,70.4,70.59,69.74,70.16,80694.25596705
1708905600,70.17,73.13,69.11,71.97,228851.99376536
1708992000,71.98,76.44,71.98,74.01,366219.88874986
1709078400,74.04,78,70.34,74.58,489757.77116659
1709164800,74.58,84.99,73.95,79.97,639834.98356604
1709251200,79.99,86.22,79.99,84.94,354465.59582862
1709337600,84.99,94.7,84.5,94.67,575950.67405812
1709424000,94.63,94.88,84.9,90.76,362194.8850811
1709510400,90.75,92.69,87.54,89.07,591626.60150754
1709596800,89.06,92,72.06,82.04,818160.42337597
1709683200,82.04,87.42,79.86,85.95,327059.30046633
1709769600,85.94,89.73,83.44,88.15,294098.06784724
1709856000,88.16,89.67,84.12,88.54,413552.06299405
1709942400,88.54,91.14,87.02,90.86,220352.12020933
1710028800,90.84,91,85.5,87.52,192237.67389949
1710115200,87.51,105.71,83.29,103.82,823702.25529118
1710201600,103.87,104.27,91.69,97.57,444874.79489273
1710288000,97.57,98.99,94.12,97.28,287186.80255031
1710374400,97.26,98.27,89.5,94.07,434579.13208273
1710460800,94.07,95.4,83.31,89.8,448776.25551076
1710547200,89.78,90.71,82.21,84.04,305335.17989134
1710633600,84.05,86.76,80.64,85.86,214046.61741817
1710720000,85.87,88.08,80.75,86.76,290319.44341527
1710806400,86.73,87.87,77.08,78.43,694236.19958826
1710892800,78.41,85.37,76.96,84.67,460152.72425964
1710979200,84.66,87.2,83.59,85.72,245590.79936784
1711065600,85.71,86.21,80.57,83.43,206647.06419785
1711152000,83.43,87.49,82.89,85.27,220340.29200079
1711238400,85.25,90.71,85.25,89.62,292443.83722772
1711324800,89.66,92.09,88.56,90.59,274931.03264669
1711411200,90.59,97,87.61,95.74,595436.36927159
1711497600,95.74,98.9,92.32,93.52,505454.19771575
1711584000,93.51,96.55,93.4,94.15,405746.71834295
1711670400,94.15,110.47,92.8,109.14,732621.54348965
1711756800,109.13,109.31,101.12,102.9,349078.46438837
1711843200,102.9,106.76,101.4,105.05,280185.60316358
1711929600,105.04,112.98,97.25,99.3,625529.98530092
1712016000,99.28,109.04,93.2,106.79,903101.80909608
1712102400,106.77,109.89,96.58,98.35,499644.72172813
1712188800,98.36,104.25,96.26,98.47,502190.12480937
1712275200,98.47,100.25,95.1,97.88,311333.97804777
1712361600,97.88,102.5,97.21,101.65,184215.84210159
1712448000,101.65,105.95,100.11,101.22,299552.07856677
1712534400,101.24,106.02,99.59,103.24,319995.39827519
1712620800,103.24,103.43,96.47,97.53,271970.08289909
1712707200,97.53,98.28,93.46,96.71,222610.68326495
1712793600,96.72,99.98,94.85,98.78,212993.16355635
1712880000,98.76,99.53,80.01,86.16,516258.24593288
1712966400,86.16,86.62,70.83,77.47,679710.0994161
1713052800,77.48,80.49,73.79,79.82,465056.0912589
1713139200,79.8,82.9,75.63,78.13,325097.13146713
1713225600,78.14,80.46,75.37,79.99,232952.11885792
1713312000,79.96,80.83,76.32,80.18,187140.01640329
1713398400,80.17,82.54,78.66,80.8,193794.82719748
1713484800,80.8,82.2,75.8,80.91,194079.71484958
1713571200,80.89,86.02,80.31,85.08,128115.48932702
1713657600,85.06,85.71,82.75,84.18,99055.65852622
1713744000,84.17,86.53,83.96,85.44,138356.47847073
1713830400,85.44,86.5,84.01,85.04,137005.00374881
1713916800,85.02,87.69,82.27,83.21,232107.76315278
1714003200,83.2,85.04,81.82,83.76,149777.71960778
1714089600,83.75,88.56,83.07,88.09,302820.10725718
1714176000,88.08,88.46,83.09,83.83,239105.84427093
1714262400,83.83,85.41,83.58,83.97,112922.05708902
1714348800,83.98,85.62,81.71,83.48,163646.00046478
1714435200,83.48,84.5,77.21,79.44,218367.02045755
1714521600,79.44,80.81,74.53,80.05,244154.69764978
1714608000,80.04,81.28,78.58,80.04,138133.41633274
1714694400,80.04,82.66,79.35,81.91,127061.20788736
1714780800,81.9,82.99,81.55,81.69,99102.36935453
1714867200,81.69,81.82,80.4,81.33,106573.95418559
1714953600,81.34,84.23,80.02,80.8,194285.7131066
1715040000,80.77,82.64,79.79,80.83,145087.56335277
1715126400,80.82,82.29,79.31,81.65,150003.32716283
1715212800,81.67,83.16,80.67,83.07,114888.4430761
1715299200,83.05,83.48,79.55,80.22,109554.49587602
1715385600,80.22,82.26,80.12,81.36,83214.93845814
1715472000,81.36,82.14,80.8,81.38,66309.16155251
1715558400,81.38,82.5,78.9,80.61,160047.64439703
1715644800,80.61,83,78.41,78.7,152975.98118948
1715731200,78.75,82.98,78.24,82.5,155712.63771542
1715817600,82.49,83.27,81.38,82.44,133670.58103124
1715904000,82.44,84.26,81.91,84.18,110718.77183059
1715990400,84.17,84.85,83.45,83.87,90425.9347358
1716076800,83.86,84.4,81.77,82.39,77089.22330222
1716163200,82.39,89.17,82.38,88.65,184021.06141805
1716249600,88.64,89.63,86.94,88.24,235271.75659231
1716336000,88.24,88.48,84.86,85.75,184372.39538242
1716422400,85.75,87.96,80.51,85.41,303789.67405426
1716508800,85.41,86.45,83.99,84.99,166773.19881125
1716595200,84.98,85.93,84.43,84.99,71686.71338215
1716681600,84.99,85.27,83.49,83.84,78862.80214773
1716768000,83.84,86.37,83.77,85.17,96547.77421646
1716854400,85.18,85.49,81.98,83.35,145662.4076179
1716940800,83.37,84.14,82.54,83.47,119963.93737913
1717027200,83.47,85.53,81.88,84.43,151852.9171056
1717113600,84.42,84.65,81.97,83.13,110828.6206423
1717200000,83.13,83.86,82.83,83.43,61109.40208311
1717286400,83.41,83.48,82.13,83.08,72498.9485517
1717372800,83.08,84.25,82.59,82.82,94587.29565849
1717459200,82.82,83.72,81.09,83.68,98439.43648748
1717545600,83.67,85.48,83.5,85.44,96079.94010235
1717632000,85.44,85.79,84.12,84.17,131407.98872071
1717718400,84.18,84.83,75.09,80.1,235299.53067999
1717804800,80.1,80.44,78.83,79.98,82669.64420839
1717891200,79.97,80.71,79.49,80.47,55469.34867156
1717977600,80.47,80.49,79.04,79.63,102262.8352264
1718064000,79.64,79.83,75.58,77.29,269256.47404925
1718150400,77.3,79.29,76.34,78.49,214826.46223322
1718236800,78.49,79.81,77.24,79.12,296952.67113477
1718323200,79.12,80.26,76.32,77.57,272393.80664947
1718409600,77.57,79.42,77.31,79.19,102830.20331723
1718496000,79.19,80.09,78.55,78.95,101893.31627036
1718582400,78.98,79.21,75.09,76.59,178389.52163564
1718668800,76.58,76.76,70.63,72.64,343507.58611606
1718755200,72.63,74.95,72.48,73.75,129447.9208816
1718841600,73.76,75.32,73.19,74.68,143037.36724016
1718928000,74.68,74.71,72.1,74.15,147558.04493222
1719014400,74.14,74.86,73.52,74.58,73549.23302585
1719100800,74.59,75,73.2,73.32,93633.71719168
1719187200,73.33,73.4,67.5,69.67,235317.7619469
1719273600,69.67,71.99,69.37,71.34,125833.07085487
1719360000,71.35,71.95,70.35,70.97,119721.34785407
1719446400,70.98,73.26,70.48,73.16,107472.61117446
1719532800,73.16,74.68,72.42,72.77,244562.64720434
1719619200,72.75,76.76,72.75,74.82,190285.06583878
1719705600,74.82,75.89,73.99,75.21,177834.96083669
1719792000,75.22,75.85,74.07,74.3,152295.851143
1719878400,74.3,76.1,74.19,75.93,123304.93854577
1719964800,75.94,76.13,71.7,72.07,188761.13069753
1720051200,72.06,72.36,65,65.41,278577.58841154
1720137600,65.41,65.57,56.76,61.88,546363.93563431
1720224000,61.85,65.69,61.42,65.4,211960.69785032
1720310400,65.41,65.59,61.62,62.05,170288.10485018
1720396800,62.04,67.1,59.24,64.9,289928.3651535
1720483200,64.9,66.28,64.25,65.31,135015.53091038
1720569600,65.31,67.3,64.51,66.97,146081.98000098
1720656000,66.96,69.15,66.44,67.37,147955.94549087
1720742400,67.37,69.44,66.79,69.29,209890.97095226
1720828800,69.29,70.7,69.17,69.85,147944.48182367
1720915200,69.84,70.54,69.26,69.96,107936.62082205
1721001600,69.95,72.57,69.71,72.34,199044.11702007
1721088000,72.33,74.12,70.36,73.24,178287.64879072
1721174400,73.24,74.28,71.14,71.38,178457.72258524
1721260800,71.38,72.96,70.51,71.63,152679.92303164
1721347200,71.63,74.16,69.66,73.45,168954.64467231
1721433600,73.46,73.94,72.34,73.06,91241.54498563
1721520000,73.06,74.14,71.26,73.99,124457.98336609
1721606400,74,74.61,70.77,71.29,226351.73392585
1721692800,71.29,73.7,70.4,72.92,139430.26339729
1721779200,72.9,73.68,70.76,71.28,115149.77030189
1721865600,71.26,71.67,67.27,68.8,210149.18153452
1721952000,68.8,71.69,68.74,71.32,120236.33512515
1722038400,71.33,72.35,70.26,71.34,98618.22146622
1722124800,71.33,71.77,70.33,71.08,75420.38097274
1722211200,71.08,76.76,71.03,73.68,289466.52157854
1722297600,73.67,74.55,71.06,71.68,146863.83920673
1722384000,71.67,72.91,69.86,70.14,163332.96101171
1722470400,70.12,71.42,65.91,69.51,225766.10036945
1722556800,69.51,69.89,63.91,64.97,224563.30625076
1722643200,64.97,66.33,62.53,64.62,199949.588108
1722729600,64.62,65.21,60.32,62.43,185599.8290545
1722816000,62.42,62.55,49.9,56.09,789775.58971575
1722902400,56.08,59.42,55.99,58.3,261126.15494629
1722988800,58.29,59.54,55.35,55.99,201549.81891455
1723075200,56.01,61.99,55.18,61.17,189110.55295571
1723161600,61.17,61.27,59.34,60.73,145779.00239238
1723248000,60.74,61.56,60.15,61.16,114767.47994666
1723334400,61.17,62.39,58.8,59.75,157586.57402222
1723420800,59.74,62.07,59.19,61.51,190738.92583777
1723507200,61.51,63.52,61.1,63.45,154465.02437419
1723593600,63.46,64.71,62.61,64.08,174490.17343711
1723680000,64.07,66.91,63.6,65.35,304040.40060527
1723766400,65.36,66.81,64.3,66.51,223088.58426702
1723852800,66.52,67.88,65.89,67.61,125137.31754373
1723939200,67.6,68.16,66.09,66.35,112275.35317443
1724025600,66.35,67.45,66,66.33,155908.61039006
1724112000,66.34,67.34,63.18,64.4,168769.14576809
1724198400,64.4,64.8,62.03,64.29,180927.30236896
1724284800,64.28,64.39,62.5,63.74,150298.84700135
1724371200,63.76,66.91,63.47,66.15,100411.30417177
1724457600,66.16,68.02,65.45,66.61,93531.04760578
1724544000,66.61,66.92,64.45,64.86,82456.42276227
1724630400,64.86,65.12,63,63.02,95025.0755829
1724716800,63.02,64,59.03,60.41,145989.8198799
1724803200,60.4,62.44,59.4,61.81,163652.77342507
1724889600,61.84,63.95,61.11,62.48,141011.6658804
1724976000,62.48,65.43,61.54,64.9,193721.25965796
1725062400,64.9,66.49,64.86,64.96,139658.08770517
1725148800,64.95,65.12,62.85,63.57,80029.5948533
1725235200,63.56,65.74,62.59,65.36,115860.8974486
1725321600,65.34,66.35,64.29,64.35,123380.04162598
1725408000,64.35,66.23,62.07,65.42,149379.89785544
1725494400,65.42,68.53,64.42,66.07,203213.59919466
1725580800,66.06,66.81,61.17,63.05,185642.1601108
1725667200,63.05,64.15,61.65,62.05,127016.72078336
1725753600,62.06,62.3,59.92,60.95,142092.73889505
1725840000,60.95,61.82,59.66,61.44,208790.58847377
1725926400,61.43,61.78,60.34,61.53,132446.60204749
1726012800,61.53,62.44,60.11,62.21,128830.09926104
1726099200,62.21,63.14,61.43,62.85,94207.80425732
1726185600,62.85,65.05,62.41,64.97,109423.39643119
1726272000,64.98,66.78,64.9,65.94,89844.48431582
1726358400,65.95,66.35,62.91,63.26,69741.19985632
1726444800,63.25,63.73,62.08,62.62,76894.0140024
1726531200,62.63,64.05,61.91,63.78,108244.96302869
1726617600,63.75,64.87,62.4,64.85,97243.86433726
1726704000,64.85,66.09,64.71,65.41,117039.74187193
1726790400,65.41,66.44,64.32,65.34,120528.86432035
1726876800,65.32,67.16,64.84,66.85,82126.69388594
1726963200,66.84,68.81,66.48,68.71,108303.22805009
1727049600,68.7,69.33,66.63,66.96,118892.66072496
1727136000,66.96,67.16,65.64,66.69,106785.5672643
1727222400,66.7,67.86,65.9,66.54,93344.81017105
1727308800,66.53,68.61,65.61,68.57,118005.58770767
1727395200,68.55,71.24,68.3,71.16,135193.02542898
1727481600,71.15,71.54,69.03,69.98,78310.5225683
1727568000,69.99,70.34,68.5,69.28,75789.92707359
1727654400,69.28,69.39,66.3,66.82,132775.07938766
1727740800,66.82,68.59,61.98,63.4,156802.93182087
1727827200,63.4,64.77,62.21,62.95,126825.77135459
1727913600,62.94,63.99,61.93,63.48,91807.16278954
1728000000,63.47,65.2,63.29,64.96,96754.94398368
1728086400,64.95,66.36,64.68,66.32,67160.30798478
1728172800,66.33,67.64,66.13,67.05,64829.07252122
1728259200,67.04,67.98,64.5,64.75,90347.601346
1728345600,64.76,66.13,64.52,65.65,63090.39303004
1728432000,65.66,65.94,64.03,64.53,75593.10890399
1728518400,64.54,65.02,63.19,64.27,82915.31187509
1728604800,64.27,65.93,64.22,65.57,81670.95879692
1728691200,65.58,66.67,65.04,66.19,67904.02217905
1728777600,66.19,66.29,64.41,64.79,71405.902397
1728864000,64.79,67.36,64.11,66.82,127587.79274286
1728950400,66.83,71.94,65.26,70.87,261360.68554576
1729036800,70.86,73.01,69.33,70.08,192114.90461168
1729123200,70.07,73.98,69.86,72.77,175960.2726204
1729209600,72.72,74.82,71.87,73.09,179986.67445623
1729296000,73.11,76.18,73.03,74.89,122648.60201904
1729382400,74.88,75.88,73.57,74.28,104835.93441967
1729468800,74.28,74.57,70.3,70.74,145967.83938936
1729555200,70.75,71.56,69.35,70,144466.70377622
1729641600,70,70.36,67.78,69.98,111049.07692758
1729728000,69.99,71.29,69.21,71.12,95785.43106823
1729814400,71.14,72.26,66.74,68.72,112005.11990528
1729900800,68.72,69.64,67.99,68.39,73574.39629943
1729987200,68.38,71.15,67.92,70.99,73500.83020694
1730073600,70.99,71.47,69.55,70.78,108220.15195522
1730160000,70.8,74.34,70.68,73.95,138798.27539021
1730246400,73.96,74.25,71.41,71.76,91001.18859509
1730332800,71.75,72.08,68.34,69.23,112607.08010463
1730419200,69.24,71.06,67.65,70.24,126075.84234719
1730505600,70.22,71.24,68.84,69.19,71016.22756516
1730592000,69.2,69.29,65.26,66.85,103279.64710925
1730678400,66.85,67.68,64.42,65.51,96806.90434182
1730764800,65.53,67.26,64.83,65.4,168042.24235615
1730851200,65.4,71.69,65.33,71.11,268990.15921977
1730937600,71.08,72.48,69.94,71.51,148537.23270753
1731024000,71.52,73.13,70.72,72.85,169615.80668397
1731110400,72.85,74.24,71.63,74.04,133094.32490073
1731196800,74.02,78.28,73.46,76.63,289219.36973331
1731283200,76.65,80.47,74.65,80.14,291273.65154378
1731369600,80.16,82.87,74.07,76.76,369905.29552183
1731456000,76.79,78.03,71.94,75.49,370593.50049364
1731542400,75.5,85.17,74.24,82.38,770584.90884413
1731628800,82.38,87.34,78.89,83.72,532721.98223052
1731715200,83.72,98.57,82.85,95.49,785097.30735435
1731801600,95.51,97.45,84.87,87.23,500614.72067487
1731888000,87.24,94.81,86.45,89.27,529942.38347246
1731974400,89.29,90.25,85.17,86.78,339626.31844095
1732060800,86.79,87.9,82.44,83.47,282770.63009139
1732147200,83.5,92.11,81.65,89.65,471001.90045702
1732233600,89.64,92.77,87.8,92.34,459326.05749926
1732320000,92.35,106.58,92.2,99.65,863907.29706419
1732406400,99.64,103.3,91.67,96.98,518099.09140065
1732492800,97.03,99.28,90.89,92.29,410294.6217227
1732579200,92.26,95.43,87.96,92.79,394203.41752418
1732665600,92.79,99.4,91.44,97.25,368848.12770289
1732752000,97.34,98.43,93.68,95.54,213540.68820494
1732838400,95.56,104.89,94.74,104.83,448839.49123281
1732924800,104.87,105.2,100.36,102.8,304497.73233809
1733011200,102.8,122.05,99.4,119.61,661444.68940028
1733097600,119.61,139.9,114.79,132.9,1530748.95456509
1733184000,132.86,135.33,121.53,130.95,922218.20337529
1733270400,131.04,135.87,121.79,133.85,822989.20296742
1733356800,133.88,147.22,124.94,135.93,1084325.67207381
1733443200,135.94,139.39,130.18,136.1,621437.81676721
1733529600,136.17,139,131.86,133.89,307406.04532174
1733616000,133.89,136,130.16,134.98,215275.77501739
1733702400,134.96,135.13,105,110.49,798636.01174904
1733788800,110.48,114.89,101.31,109.92,822382.6214167
1733875200,109.9,119.19,106.08,117.38,564738.69898187
1733961600,117.38,125.12,116.52,119.3,564566.58145837
1734048000,119.28,125.31,117.06,124.53,352628.7206026
1734134400,124.53,125.4,115.41,118.22,261377.8187465
1734220800,118.23,122.14,113.94,121.08,278117.95048932
1734307200,121.09,124.29,115.21,118.05,486943.28645186
1734393600,118.05,131.52,114.4,125.59,576758.78053478
1734480000,125.62,129.13,106.78,108.26,654467.32790478
1734566400,108.25,111.7,94.57,99.23,527781.42683914
1734652800,99.28,103.14,86.7,101.32,506072.43871635
1734739200,101.35,105.99,97.63,101.52,306913.91724317
1734825600,101.53,104,96.63,99.7,221156.37797091
1734912000,99.7,107.5,97.81,106.63,262492.57682435
1734998400,106.63,110.73,103.8,108.29,231293.16185958
1735084800,108.23,110.58,106.83,109.78,136219.85961057
1735171200,109.78,110.25,100.95,102.11,216788.59182163
1735257600,102.16,106.41,99.56,100.46,206406.45988154
1735344000,100.45,101.65,98.51,100.56,110855.19241838
1735430400,100.56,101.51,96.69,98.33,120737.78657758
1735516800,98.33,102.83,97.17,99.24,190939.56540365
1735603200,99.23,104.67,97.58,103.07,193345.34960903
1735689600,103.07,107.94,101.83,105.02,189578.93199247
1735776000,105,108.59,104.51,105.01,185797.9210437
1735862400,105.05,114.79,104.02,112.68,218130.45472452
1735948800,112.67,112.83,110.04,111.21,122701.95327373
1736035200,111.18,116.15,110.57,115.66,151608.47530457
1736121600,115.68,117.43,111.6,114.05,220528.98584686
1736208000,114.02,115,102.03,102.72,250213.05412548
1736294400,102.69,105.04,97.16,101.4,213146.4813923
1736380800,101.4,105.81,99.84,102.25,197073.18676992
1736467200,102.22,106.27,102.05,103.93,140887.94538913
1736553600,103.91,104.93,102.09,104.34,99571.95546263
1736640000,104.36,105.23,101.33,102.32,92163.93626897
1736726400,102.33,104.41,92.51,98.33,220211.95173911
1736812800,98.34,102.53,97.54,102.43,121959.77831907
1736899200,102.43,118.7,100.71,117.01,296737.04747567
1736985600,116.98,130.46,114.05,124.36,805260.6153924
1737072000,124.39,141.14,124.39,137.1,649477.94994949
1737158400,137.13,139.55,123.12,125.27,457343.22455869
1737244800,125.26,128.52,111.17,115.39,518983.71327376
1737331200,115.38,127.89,112.78,118.43,521539.70840528
1737417600,118.42,124.78,113.58,119.12,405468.14477381
1737504000,119.14,120.26,114.18,115.31,232588.39028783
1737590400,115.36,117.35,111.19,116.42,247571.5246538
1737676800,116.46,124.43,112.85,118.72,494973.41909686
1737763200,118.74,129.33,118.05,123.88,570533.17027262
1737849600,123.92,125.14,116.86,117.08,305596.87210295
1737936000,117.05,117.97,106.14,115.07,485698.60452866
1738022400,115.07,119,109.04,109.88,300915.03913847
1738108800,109.87,119.53,109.79,115.92,288653.27415489
1738195200,115.91,134.16,114,130.14,577535.23296327
1738281600,130.15,135.35,125.16,128.03,421667.67504725
1738368000,128.02,134.5,117.62,118.02,374823.94801509
1738454400,118.03,121.39,104.08,109.12,487937.18344495
1738540800,109.14,109.14,80.64,107,1038285.66463573
1738627200,107,108.87,98.47,101.08,570402.41946855
1738713600,101.13,109.48,100.48,103.4,355055.32000941
1738800000,103.39,109.73,99.51,101.7,405054.10091721
1738886400,101.69,108.16,100.6,103.11,329617.42083193
1738972800,103.14,105.17,101.75,104.72,207018.75241693
1739059200,104.68,109.18,102.3,107.2,234028.77885381
1739145600,107.22,122.48,107.14,120.23,637665.79760708
1739232000,120.23,132.21,117.78,119.26,752641.13325873
1739318400,119.25,125.36,111.33,122.09,616823.12656631
1739404800,122.09,129.69,118.85,126.67,564092.5367389
1739491200,126.66,133.86,124.36,124.88,598865.08954049
1739577600,124.92,135.01,124.26,133.89,508204.07915433
1739664000,133.87,137.53,124.84,125.7,455637.76326336
1739750400,125.73,128.88,120,122.28,483675.16876426
1739836800,122.28,129.76,119.79,129.63,511203.10583383
1739923200,129.67,139.82,129.59,134.87,593021.46360625
1740009600,134.87,135.2,125.86,130.89,466496.24616891
1740096000,130.9,140,123.66,128.04,671309.03290748
1740182400,128.04,131.18,125.66,125.94,254130.34516219
1740268800,125.94,130.39,125.22,129.87,170598.94436964
1740355200,129.87,130.5,112.13,114.76,385380.77993824
1740441600,114.76,117.17,106.08,114.41,541312.98666541
1740528000,114.44,128.48,113.83,124.47,803230.14392039
1740614400,124.48,131.95,121.68,126.76,616859.52529717
1740700800,126.76,129.5,114,128,732374.1063315
1740787200,128.01,130.88,122.9,124.29,261475.46493522
1740873600,124.27,130.59,117.51,127.85,579256.88246597
1740960000,127.9,130.34,106.57,109.81,710003.41663479
1741046400,109.84,110.88,93.94,103.65,828737.38362141
1741132800,103.62,106.84,100.61,104.74,322122.11043984
1741219200,104.72,113,102.1,103.41,528875.72721221
1741305600,103.38,106.72,97.33,103.66,455381.8065808
1741392000,103.66,108.65,101.63,102.28,312936.59037865
1741478400,102.3,102.74,93.64,94.57,363899.62054164
1741564800,94.59,99.11,86.22,87.43,454924.92634385
1741651200,87.44,93.32,83.23,90.42,571208.71367369
1741737600,90.42,92.91,87.27,91.5,251301.9237845
1741824000,91.48,91.77,86.21,88.07,254708.31055927
1741910400,88.07,92.83,87.76,91.31,179224.08276352
1741996800,91.33,94.27,90.94,92.47,124292.20819268
1742083200,92.46,92.7,88.35,90.21,130296.2613267
1742169600,90.21,94.48,90.21,92.28,221733.4847258
1742256000,92.3,92.31,87.08,90.01,175890.96498453
1742342400,90.01,94.28,89.31,94.11,184108.13329639
1742428800,94.12,94.6,90.05,93.25,129175.90472901
1742515200,93.23,93.94,90.79,90.81,169092.23355324
1742601600,90.81,92.21,90.38,91.36,76607.32972682
1742688000,91.37,92.99,90.64,91.49,69366.78191446
1742774400,91.48,95.63,90.81,93.79,226229.56706522
1742860800,93.76,94.86,91.89,94.41,141116.78911784
1742947200,94.42,96.53,90.91,92.44,160173.23966718
1743033600,92.45,95.02,92.07,92.76,124891.12800988
1743120000,92.77,93.43,85.65,87.33,183663.22851222
1743206400,87.34,88,84.13,85.43,117047.74354826
1743292800,85.45,86.8,84.67,86.1,125578.02215368
1743379200,86.13,86.26,80.78,82.94,256063.53421473
1743465600,82.96,85.9,82.83,84.5,146806.3913519
1743552000,84.5,88.55,80.92,81.53,307024.26452888
1743638400,81.52,84.66,80.11,83.43,207932.49074864
1743724800,83.44,85.09,81.6,84.39,293941.38433907
1743811200,84.37,84.94,81.6,82.65,81235.93845513
1743897600,82.65,83.1,68.37,70.6,354603.68718344
1743984000,70.61,72.99,63.03,70.98,499961.63088455
1744070400,70.98,73.5,68.13,69.09,262360.73420404
1744156800,69.1,78.37,66.45,76.02,431404.98046927
1744243200,76,76.09,71.04,73.79,235960.91642038
1744329600,73.78,77.5,73.67,76.17,211302.82524734
1744416000,76.16,80.09,74.87,78.64,161913.5956029
1744502400,78.63,80.02,76.38,77.84,146389.90500719
1744588800,77.85,80.62,75.7,77.18,158761.71995148
1744675200,77.18,78.7,74.66,75.26,141815.75063334
1744761600,75.26,76.54,73.28,74.34,166722.92377604
1744848000,74.32,76.54,73.64,74.96,142908.1433178
1744934400,74.96,77.07,74.61,76,112841.72582573
1745020800,76.01,76.79,74.23,76.11,106931.34788149
1745107200,76.1,78.49,75.22,77.8,103437.42554505
1745193600,77.8,81.79,77.41,78.15,173540.87393097
1745280000,78.14,84.72,77.39,83.53,205113.46773191
1745366400,83.54,85.26,82.2,83.32,207295.2227946
1745452800,83.31,84.65,80.79,84.31,186211.10929861
1745539200,84.33,87.34,82.94,86.33,181050.23563076
1745625600,86.35,88.09,85.24,87.09,104153.98212508
1745712000,87.1,87.64,84.59,85.41,107629.91050552
1745798400,85.41,88.12,83.74,85.7,210373.92299355
1745884800,85.7,87.48,84.53,85.59,170405.9293781
1745971200,85.59,86.66,81.46,83.53,205115.26568208
1746057600,83.53,91.05,83.31,88.86,222942.86872287
1746144000,88.89,91.87,87.07,88,144112.42270899
1746230400,88.02,88.05,85.57,86.55,94031.77085079
1746316800,86.56,86.93,84.8,85.05,116718.31513426
1746403200,85.06,89.5,82.11,83.26,313507.19628963
1746489600,83.24,92.65,81.01,91.58,436398.41702806
1746576000,91.59,93.62,87.22,89.56,402771.20770103
1746662400,89.56,95.45,89.41,94.98,402660.96019469
1746748800,94.96,101.55,93.81,100.53,390368.83571062
1746835200,100.53,107.05,100.45,105.28,473041.89614101
1746921600,105.25,105.96,98.15,100.16,320729.95285731
1747008000,100.16,105.08,98.29,103.83,478887.11827214
1747094400,103.87,105.34,99.43,103.45,437449.48629114
1747180800,103.41,105.88,98.6,100.99,357373.8081695
1747267200,101,101.94,95.59,99.31,373584.3704164
1747353600,99.32,102.21,98.28,99.5,177030.67154577
1747440000,99.52,101.25,95.68,96.11,165579.47191369
1747526400,96.13,102.5,95.88,101,167497.12365704
1747612800,101,101.31,94.37,98.27,164498.31442553
1747699200,98.27,99.71,92.39,94.53,201861.95000862
1747785600,94.54,98.37,93.48,97.14,182275.44020756
1747872000,97.15,101.1,96.98,100.26,216372.85656271
1747958400,100.28,102.93,94.64,95.31,191760.66771215
1748044800,95.29,97.85,94.84,95.63,79648.08729952
1748131200,95.66,96.12,93.12,95.68,83914.85625412
1748217600,95.69,97.66,94.35,95.07,116366.60030241
1748304000,95.07,97.06,93.07,95.94,202738.62309708
1748390400,95.94,97.53,93.54,95.4,103035.40107007
1748476800,95.42,98.95,92.87,93.22,164765.07990196
1748563200,93.21,93.92,84.96,85.68,170408.71946368
1748649600,85.7,87.99,83.19,87.1,104508.58413187
1748736000,87.1,88.78,85.8,88.44,74902.42447034
1748822400,88.46,90.01,86.99,89.58,94530.87807871
1748908800,89.58,90.66,88.74,89.55,88576.8039656
1748995200,89.54,91.02,87.44,88.03,79825.65824596
1749081600,88.04,89.16,82,83.64,131493.91482838
1749168000,83.64,87.75,83.23,87.35,106701.34635922
1749254400,87.33,89.36,86.7,88.39,64818.3084862
1749340800,88.39,88.69,86.61,87.22,69031.07049563
1749427200,87.22,90.86,86.77,90.81,99672.51546988
1749513600,90.79,93.49,89.56,93.35,126618.02494182
1749600000,93.35,94.21,90.41,91.59,109205.51091715
1749686400,91.59,91.92,86.07,86.18,101204.02455104
1749772800,86.18,86.74,81.37,86.6,157745.20854831
1749859200,86.58,86.97,84.23,85.22,76251.83063853
1749945600,85.21,86.61,84.93,86.32,69544.01751078
1750032000,86.31,88.98,85.36,86.72,105756.91166471
1750118400,86.72,87.81,82.5,84.26,116814.85717726
1750204800,84.27,85.7,83.36,85.13,86567.28504806
1750291200,85.13,85.99,84.19,85.13,88900.38697366
1750377600,85.15,86,80.93,82.96,122479.02973199
1750464000,82.94,84.14,78.68,80.31,100260.93042959
1750550400,80.3,82.07,76.21,80.25,157722.94256534
1750636800,80.23,85.5,79.51,84.96,123527.73749671
1750723200,84.97,85.45,83.86,84.89,95967.61574715
1750809600,84.88,85.5,83.99,84.74,132383.98103813
1750896000,84.74,86,83.8,84.33,87206.07359534
1750982400,84.31,85.69,83.21,84.88,94895.73536852
1751068800,84.89,87.43,84.59,86.36,71961.07586693
1751155200,86.36,88.52,85.89,87.99,72454.03389144
1751241600,87.98,88.38,84.79,86.03,102793.26579535
1751328000,86.02,86.86,82.42,83.26,96724.49511438
1751414400,83.25,88.7,82.98,87.36,114854.89721316
1751500800,87.36,92.32,86.93,89.11,169958.73530634
1751587200,89.11,89.35,85.7,86.87,116571.15369902
1751673600,86.86,87.86,85.85,87.57,58187.32255941
1751760000,87.58,88.57,86.5,87.37,80909.84088309
1751846400,87.37,88.28,85.15,86.06,122478.43858983
1751932800,86.07,88.04,85.53,87.81,91845.50653178
1752019200,87.81,91.42,87.14,90.64,137515.78000628
1752105600,90.65,95.32,90.15,94.86,160543.41736722
1752192000,94.86,98.33,92.69,94.3,242951.31013991
1752278400,94.29,95.5,90.78,92.8,162416.87177222
1752364800,92.8,96.93,92.53,94.68,180357.18490446
1752451200,94.68,97.99,94.11,95.65,208863.95588283
1752537600,95.63,96.74,91.19,96.38,189204.37910745
1752624000,96.38,99.98,95.13,97.52,203102.32351734
1752710400,97.52,103.65,95.36,101.66,356863.7174819
1752796800,101.67,112.31,100.12,101.8,540952.98346659
1752883200,101.8,114.21,99.73,113.21,431076.75597456
1752969600,113.21,121.51,110.62,116.64,417699.01979394
1753056000,116.63,122,114.61,115.49,263687.85375292
1753142400,115.49,119.96,112.64,119.7,354555.33570056
1753228800,119.73,122.33,108.93,112.12,369142.73770894
1753315200,112.12,115.49,106.64,112.28,213919.34562827
1753401600,112.32,116.4,108.21,113.81,241003.73831919
1753488000,113.8,115.5,112.07,113.95,95402.28624457
1753574400,113.95,115.64,112.47,114.85,116367.44339172
1753660800,114.85,116.41,108.28,109.06,213973.51011584
1753747200,109.07,110.79,106.73,108.5,163608.95538836
1753833600,108.49,111.36,105.38,110.52,258876.58368823
1753920000,110.53,111.86,105.77,106.08,225977.65430935
1754006400,106.08,108.34,103.09,106.57,343129.3550361
1754092800,106.58,110.16,104.06,106.08,282816.73796833
1754179200,106.12,111.45,104.14,110.4,171535.28779933
1754265600,110.41,121.45,110.16,121.2,249548.27525592
1754352000,121.16,129.15,119.34,120.25,340165.08065206
1754438400,120.27,121.16,115.16,119.24,188904.28131917
1754524800,119.21,123.15,117.41,122.93,237818.53058511
1754611200,122.94,126.43,119.34,123.79,221805.77431937
1754697600,123.79,126.35,120.18,120.22,170738.98647568
1754784000,120.23,125.98,118.26,123.77,192358.51457312
1754870400,123.75,128.14,119.56,120.08,362492.97391214
1754956800,120.08,131.93,118.37,130.41,311911.39439826
1755043200,130.41,134.14,128.63,130.94,240321.13268916
1755129600,130.94,133.93,119.58,121.37,369533.59004621
1755216000,121.39,123.36,116.58,119.21,237002.84562501
1755302400,119.2,121.13,117.25,121.11,165422.15829088
1755388800,121.11,123.29,119.86,120.81,115946.07637581
1755475200,120.8,121,115.37,117.81,182761.65867826
1755561600,117.83,119.12,112.22,112.65,207263.35436249
1755648000,112.66,117.12,112.09,116.07,159516.43230129
1755734400,116.07,117.32,113.44,114.76,120977.29159738
1755820800,114.74,123.64,112.47,122.93,199747.51123972
1755907200,122.92,123.33,119.72,121.41,92158.97121963
1755993600,121.42,124.75,117.08,118.19,169247.2474019
1756080000,118.19,118.64,106.76,109.18,256186.11141207
1756166400,109.18,114.81,108.82,113.5,134029.02965324
1756252800,113.49,116.25,111.96,112.17,146589.40817534
1756339200,112.18,114.63,111.32,113.66,93682.24204953
1756425600,113.66,113.86,108.61,109.92,125189.2533805
1756512000,109.94,111.26,108.33,110.86,80802.18524496
1756598400,110.87,111.95,108.76,108.91,62484.25371213
1756684800,108.89,111.35,106.46,108.73,129187.94933375
1756771200,108.74,112.11,108.58,111.77,161853.70519048
1756857600,111.78,113.33,110.79,113.06,88801.8511658
1756944000,113.06,113.52,109.54,111.08,84844.16784119
1757030400,111.07,115.13,111.02,112.05,137198.10188415
1757116800,112.06,112.55,111.2,112.13,57463.90214706
1757203200,112.16,115.4,112.16,114.92,79500.1624374
1757289600,114.93,115.51,111.92,112.76,134175.66364256
1757376000,112.76,114.69,110.81,111.93,107854.50747759
1757462400,111.95,118.74,111.54,117.68,143081.98628703
1757548800,117.64,117.82,112.98,115.87,120341.83479936
1757635200,115.88,118.36,114.8,118.12,122878.03484609
1757721600,118.11,121,117.47,119.31,150213.84403438
1757808000,119.3,119.41,114.02,115.15,109251.96457278
1757894400,115.17,116.79,112.05,113.77,122010.49417945
1757980800,113.77,115.85,112.05,115.09,113052.91817048
1758067200,115.08,117.63,113.1,117.06,109319.80165728
1758153600,117.06,119.16,114.94,118.26,132006.92186282
1758240000,118.26,119.53,113.44,114.11,138554.0050159
1758326400,114.1,115.38,113.48,113.99,74636.88075572
1758412800,113.99,116.32,113.78,114.08,65667.48676654
1758499200,114.05,114.57,102.55,105.77,238165.43448123
1758585600,105.76,107.3,104.42,106.09,100074.28573038
1758672000,106.11,107.73,104.57,105.57,131470.72109586
1758758400,105.58,105.9,100.31,102.36,163002.94556969
1758844800,102.37,104.98,101.04,104.63,99377.72115412
1758931200,104.63,104.99,103.38,104.53,58062.43671187
1759017600,104.52,107.17,102.78,106.9,65750.47639713
1759104000,106.91,107.66,105.34,106.83,102430.85437824
1759190400,106.82,107.63,103.86,106.89,102379.53005659
1759276800,106.89,115.39,105.42,115.16,168823.82566547
1759363200,115.17,122.71,115.17,119.65,392168.26854959
1759449600,119.62,124.86,115.88,120.65,233376.1404187
1759536000,120.64,121.08,117.49,120.55,104266.88632417
1759622400,120.56,124.19,118.37,118.88,160184.23469506
1759708800,118.88,121.51,118.15,118.39,176830.80306254
1759795200,118.38,119.33,115.3,116.97,187329.95523695
1759881600,116.98,119.63,115.38,118.64,100923.97405018
1759968000,118.64,128.11,115.47,125.96,273231.89365295
1760054400,125.98,135.92,71.73,99.23,926898.73472816
1760140800,98.51,102.9,90,93.46,450602.26294761
1760227200,93.46,102.24,91.75,99.17,452301.5686208
1760313600,99.17,101.45,94.88,99.57,543137.44407421
1760400000,99.56,100.59,91.25,97.39,507725.27471682
1760486400,97.4,100,93.39,95.58,301539.17738127
1760572800,95.58,97.5,89.68,91.83,387043.01234896
1760659200,91.81,93.14,84.26,90.16,420744.25673402
1760745600,90.15,92.26,89.93,91.7,121504.78585513
1760832000,91.72,94.84,90.74,93.36,107367.43550134
1760918400,93.36,95.84,92.28,94.02,138829.21881446
1761004800,94.01,97.34,91.67,92.48,269109.39813123
1761091200,92.45,96,89.91,91.89,348055.30672737
1761177600,91.89,94.81,91.8,94.08,105341.05843971
1761264000,94.08,97.48,93.96,96.48,193369.68165195
1761350400,96.47,97.08,95.7,97,46661.59747967
1761436800,97,100.93,96.37,100.03,105735.70985989
1761523200,100,103.11,98.17,99.4,223926.99696888
1761609600,99.38,106.92,95.41,96.65,371607.37139973
1761696000,96.63,101.44,95.94,98.55,188065.21339846
1761782400,98.55,99.79,90.43,93.4,276514.51409949
1761868800,93.4,96.76,92.99,95.35,159424.26066608
1761955200,95.34,101.88,95,101.32,199227.96213871
1762041600,101.32,101.49,97.48,99.41,142223.34481743
1762128000,99.41,99.79,85.56,87.41,293686.876011
1762214400,87.4,91.18,79.68,85.2,354874.751428
1762300800,85.19,89.98,82.01,89.38,218340.91951331
1762387200,89.39,89.41,85.23,86.96,192372.405648
1762473600,86.97,107,85.88,101.83,619740.83164113
1762560000,101.83,108.3,98,106.95,306153.64531693
1762646400,106.92,113.69,98.78,110.36,704620.51847321
1762732800,110.34,112.8,103.52,104.21,478189.05976519
1762819200,104.22,107.21,98.84,99.64,361601.35009426
1762905600,99.65,104.31,94.87,97.59,377130.83425466
1762992000,97.59,102.59,93.67,96.51,279044.81155543
1763078400,96.5,100.16,93.25,97.6,308435.56121326
1763164800,97.6,109.45,97.48,101.64,371599.78395004
1763251200,101.63,103.31,94.16,95.74,222387.44221744
1763337600,95.74,97.85,90.47,91.16,329051.76312315
1763424000,91.18,97.48,90.36,95.6,356176.85038807
1763510400,95.62,95.93,88.8,92.82,224888.57649028
1763596800,92.82,93.74,85.76,87.14,188178.16373703
1763683200,87.13,88.55,80,82.6,356208.76418229
1763769600,82.59,83.87,80.77,82.05,134508.52738544
1763856000,82.07,84.41,81.8,83.08,143765.69941138
1763942400,83.08,87.3,82.16,85.44,174692.93941415
1764028800,85.44,86.72,83.05,85.26,152250.68161809
1764115200,85.26,87.7,83.28,86.85,136048.84062699
1764201600,86.83,87.76,85.97,86.58,98508.89020307
1764288000,86.57,86.76,83.15,84.24,135422.7606382
1764374400,84.23,85.73,83.16,83.97,87492.14057584
1764460800,83.98,84.86,82.29,82.39,84734.93607942
1764547200,82.39,82.52,74.68,77.56,277505.42981478
1764633600,77.58,83.36,77.31,82.83,162270.74991303
1764720000,82.84,86.75,82.53,85.83,188417.90169941
1764806400,85.86,86.79,82.08,83.56,141272.09813493
1764892800,83.55,84.16,79.63,80.42,136155.95737886
1764979200,80.42,82.52,79.93,81.71,87533.2413531
1765065600,81.71,83.78,79.9,81.43,107405.22695261
1765152000,81.42,84.49,81.02,83.89,113658.77142677
1765238400,83.87,87.55,82.47,85.82,131299.12164388
1765324800,85.84,87.11,83.77,84.34,116902.87917055
1765411200,84.34,84.6,80.33,82.96,126634.44176887
1765497600,82.96,84.49,80.48,81.97,91519.50883945
1765584000,81.97,82.47,80.8,81.48,64078.26034144
1765670400,81.5,82.01,77.99,78.98,87399.27749307
1765756800,78.96,81.42,75.76,77.52,127646.94781641
1765843200,77.53,79.79,76.44,79.05,122080.74983859
1765929600,79.05,81.01,75.14,76,125783.68423047
1766016000,76,78.51,72.63,74.25,139527.44568634
1766102400,74.26,77.96,73.52,77.45,110463.66892298
1766188800,77.44,79.37,76.26,77.83,81759.04491678
1766275200,77.82,78.04,75.46,76.76,75480.02770026
1766361600,76.76,79.46,76.31,77,108020.10402984
1766448000,77,77.91,75.46,76.95,95067.42194743
1766534400,76.98,77.38,75.19,75.76,102831.71497618
1766620800,75.75,77.53,75.32,75.67,80813.89442194
1766707200,75.65,77.93,75.43,76.82,92832.50702313
1766793600,76.83,80.48,76.72,80.27,92795.75069064
1766880000,80.28,80.51,77.8,78.67,85696.01476703
1766966400,78.67,80.2,76.84,78.22,137326.40731007
1767052800,78.26,78.95,77.55,78.81,83368.68996877
1767139200,78.81,78.81,75.94,76.73,130541.13579018
1767225600,76.71,79.95,76.54,79.87,112214.10358228
1767312000,79.88,82.23,78.95,81.9,121388.0333734
1767398400,81.9,82.8,80.72,82.04,104709.68850015
1767484800,82.04,83.14,81.62,82.25,97169.95990762
1767571200,82.23,84.56,81.42,83.47,138048.292284
1767657600,83.45,84.84,81.13,83.94,110076.48028649
1767744000,83.94,83.94,80.9,81.65,101690.08555194
1767830400,81.65,82.24,79.88,81.25,102165.93579555
1767916800,81.23,82.03,79.85,81.39,98246.96267776
1768003200,81.38,82.31,80.62,81.09,60728.11733091
1768089600,81.08,81.69,78.44,78.68,92153.33994809
1768176000,78.68,80.64,75.54,76.04,238855.49292702
1768262400,76.02,78.93,75.22,78.13,245856.12868704
1768348800,78.15,81.52,76.11,76.66,431437.83282915
1768435200,76.68,76.96,69.99,72.2,458223.28842203
1768521600,72.2,76.05,70.8,75.17,305354.52588549
1768608000,75.19,76.15,73.7,74.89,174070.05351199
1768694400,74.87,75.84,72.07,72.26,180382.96132768
1768780800,72.25,72.25,66.66,70.77,261238.77154119
1768867200,70.76,71,65.8,67.04,357497.17188242
1768953600,67.06,69.65,65.97,68.42,247415.67808266
1769040000,68.41,69.59,67.08,68.14,159421.06998278
1769126400,68.15,69.5,66.9,67.99,166972.91603699
1769212800,68,68.87,67.63,68.08,79375.78587113
1769299200,68.1,70.28,65.16,67.23,260498.71459064
1769385600,67.24,70,66.92,69.66,200267.30458669
1769472000,69.66,70.38,68.54,69.94,137530.58279827
1769558400,69.94,70.22,68.34,69.33,143709.45292602
1769644800,69.31,69.44,64.34,66.15,222819.87135396
1769731200,66.15,66.37,62.92,65.38,276673.52439914
1769817600,65.37,65.4,54.96,59.48,388278.24070167
1769904000,59.45,59.8,57.12,58.44,271501.41957628
1769990400,58.45,61.13,56.41,59.97,324385.53711131
1770076800,59.95,61.3,56.82,59.41,251382.95550793
1770163200,59.39,60.91,56.95,58.76,272317.42775432
1770249600,58.77,59.37,50.1,50.71,590598.55599544
1770336000,50.69,56.45,45.08,54.99,516568.03463146
1770422400,54.97,55.96,52.83,55.17,273476.85721059
1770508800,55.19,55.77,53.61,54.49,152090.631166
1770595200,54.5,55.09,52.32,54.42,145302.10956706
1770681600,54.42,54.66,52.79,53.34,124993.31854079
1770768000,53.33,53.69,50.99,52.28,157815.80374678
1770854400,52.29,53.78,51.5,53.11,107220.61317216
1770940800,53.1,55.68,52.32,55,129869.98449724
1771027200,55,56.62,54.85,55.96,105326.12924268
1771113600,55.97,56.66,54.17,55.05,136286.03252837
1771200000,55.05,55.64,53.31,55.11,103524.67289507
1771286400,55.11,55.82,53.14,53.91,107004.01609743
1771372800,53.89,54.91,52.94,53.31,92163.74260682
1771459200,53.3,53.71,51.41,52.68,101801.88163106
1771545600,52.68,55.45,52.64,55.19,153987.58177891
1771632000,55.19,55.99,54.78,54.88,93814.01196471
1771718400,54.89,54.91,52.93,53.47,87824.6865904
1771804800,53.44,53.52,50.72,51.35,158020.40070591
1771891200,51.33,51.88,50.16,51.18,137143.13954544
1771977600,51.19,58.99,51.05,56.78,249740.14820792
1772064000,56.74,57.09,54.39,55.64,179749.11954695
1772150400,55.62,56.38,53.42,54.58,165909.03113834
1772236800,54.56,54.98,51.49,54.43,208451.64125505
1772323200,54.41,55.56,52.48,53.25,173732.19058165
1772409600,53.23,55.73,52.93,54.6,195530.11952643
1772496000,54.61,55.25,53.02,54.79,158392.79478314
1772582400,54.8,57.71,54.32,56.79,206605.23422542
1772668800,56.79,57.29,55.06,55.48,154394.79344959
1772755200,55.48,57,53.07,53.8,143822.07350638
1772841600,53.8,54.29,53.21,53.6,89735.20958928
1772928000,53.6,53.89,51.88,52.59,121658.70172192
1773014400,52.6,54.75,52.49,53.78,138261.57070585
1773100800,53.77,54.99,53.43,53.88,125116.35095795
1773187200,53.89,55.24,53.54,54.8,124700.73289122
1773273600,54.81,55.01,53.81,54.58,106703.05154171
1773360000,54.59,56.73,54.48,55.31,195197.90585462
1773446400,55.31,55.84,54.38,55,86791.08327777
1773532800,55,56.42,54.68,56.29,95488.94889157
1773619200,56.3,59.21,55.82,58.71,180655.33348713
1773705600,58.7,59.26,57.32,58.12,127016.75737472
1773792000,58.12,58.6,55.32,56.08,124934.29266521
1773878400,56.09,56.37,54.61,55.54,113793.03477088
1773964800,55.55,56.46,55.2,56.19,105172.51855918
1774051200,56.19,56.59,54.41,54.8,92792.48757556
1774137600,54.78,55.03,53.03,53.51,104325.27019669
1774224000,53.52,56.16,53.26,55.75,126718.92351005
1774310400,55.77,56.49,55.03,56.36,103355.25385012
1774396800,56.39,56.78,55.79,56.64,110583.33262646
1774483200,56.62,56.66,54.17,54.56,102297.8244735
1774569600,54.57,55.16,53.25,53.69,118300.63088089
1774656000,53.69,54.89,53.23,53.82,115053.51594383
1774742400,53.82,54.35,52.23,53.27,120198.59582991
1774828800,53.29,54.37,53.02,53.31,148822.33270543
1774915200,53.3,54.21,53.09,53.9,162711.761613
1775001600,53.89,54.73,53.71,53.82,135315.91829668
1775088000,53.83,54.13,51.4,52.3,152818.50926127
1775174400,52.3,53.49,52.14,53.24,94803.05608556
1775260800,53.21,53.86,52.98,53.6,80675.98171009
1775347200,53.59,54.2,52.59,54.11,87169.07218658
1775433600,54.12,54.61,53.21,53.54,109055.18359826
1775520000,53.53,55.73,52.92,55.37,125507.5658324
1775606400,55.38,55.59,53.9,53.97,119405.53216924
1775692800,53.96,55.28,53.47,54.57,129779.43787746
1775779200,54.57,55.54,54.24,55,113914.364426
1775865600,55,55.73,54.38,55.07,94918.86784835
1775952000,55.08,55.09,53.37,53.49,108533.7956747
1776038400,53.49,54.77,52.67,54.65,159961.99642265
1776124800,54.65,55.29,54.02,54.32,140591.47006439
1776211200,54.32,55.68,53.84,55.18,134426.15072675
1776297600,55.18,56.61,54.6,56.37,155308.47404876
1776384000,56.36,57.44,55.36,56.42,126669.27978536
1776470400,56.42,56.78,55.14,55.67,142335.03763637
1776556800,55.68,55.86,53.95,54.08,135490.80392039
1776643200,54.05,55.47,54.02,55.05,122409.00150012
1776729600,55.05,55.9,54.68,55.6,98336.45645169
1776816000,55.61,56.57,55.5,55.52,107441.25765191
1776902400,55.52,56.27,54.94,56.23,111804.50632104
1776988800,56.23,56.78,55.77,56.58,93022.3574075
1777075200,56.57,56.77,55.93,56.08,83811.57262977
1777161600,56.08,56.49,55.77,56.3,73722.89402935
1777248000,56.31,56.83,54.96,55.58,116559.42957506
1777334400,55.58,55.78,54.68,55.7,77342.45638705
1777420800,55.71,57.68,54.31,55.31,140896.35693965
1777507200,55.31,55.97,54.93,55.17,101680.90234531
1777593600,55.17,56.03,54.89,55.4,116366.5717664
1777680000,55.4,55.71,54.99,55.36,98068.73399682
1777766400,55.39,55.76,54.84,55.3,80064.58523636
1777852800,55.3,56.42,54.88,54.96,140590.37648405
1777939200,54.97,56.62,54.75,56.33,119918.1265702
1778025600,56.35,57.95,56.08,56.74,154755.0886075
1778112000,56.74,57.4,56.07,56.44,109609.60440156
1778198400,56.44,58.99,56.37,58.33,109849.32593079
1778284800,58.33,59.17,57.6,57.99,125230.36975465
1778371200,57.98,60.62,57.65,60.44,194217.81071708
1778457600,60.43,60.6,58.04,58.5,122039.32831199
1778544000,58.5,58.65,57.01,58.1,109394.23880219
1778630400,58.1,58.95,56.27,56.99,125092.48656351
1778716800,56.99,59.56,56.61,58.22,117972.47166562
1778803200,58.21,58.51,56.36,57.48,121903.92962352
1778889600,57.48,57.68,55.55,56.13,104617.50174108
1778976000,56.12,56.48,53.72,54.56,100367.90897496
1779062400,54.55,54.57,53.15,54.35,169163.73813349
1779148800,54.35,54.56,53.45,54.48,90177.13985788
1779235200,54.48,54.52,53.24,53.91,115143.04187231
1779321600,53.91,54.64,53.27,54.12,108002.78501029
1779408000,54.14,54.51,52.22,52.58,122110.03352002
1779494400,52.59,54.17,51.43,53.41,126611.56150976
1779580800,53.44,53.61,51.94,52.67,84862.17113673
1779667200,52.7,53.11,52.41,52.67,78368.07903393
1779753600,52.68,53.05,51.55,51.86,101657.05014271
1779840000,51.86,52.79,51.58,51.89,95627.27843374
1779926400,51.89,52.07,50.26,51.6,124920.01569961
1780012800,51.6,52.27,51.08,51.82,117792.3352902
1780099200,51.82,52.72,51.76,52.38,105135.39700736
1780185600,52.39,52.69,51.33,51.99,80206.83487686
1780272000,51.99,52.22,50.02,50.71,125939.08404545
1780358400,50.73,50.78,46.24,46.84,213618.49307064
1780444800,46.84,48.48,46.77,47.08,150313.24437533
1780531200,47.08,47.42,43.89,45.6,198880.73424724
1780617600,45.58,45.81,41.96,43.31,290973.19109126
1780704000,43.31,44.03,40.51,41.39,209190.24969958
1780790400,41.39,43.39,41.09,42.82,215361.79694504
1780876800,42.81,43.82,42.02,43,170450.77582977
1780963200,43.01,43.47,41.79,43.01,139808.92988639
1781049600,43,43.22,41.22,41.7,133758.54645389
1781136000,41.71,42.87,41.69,42.44,156120.22284397
1781222400,42.41,43.5,42.13,43.06,127594.79906954
1781308800,43.04,44.38,42.93,44.32,109154.94281952
1781395200,44.33,45.42,43.71,45.38,135043.44463482
1781481600,45.38,46.28,44.75,45.73,157095.68248859
1781568000,45.73,46.33,44.47,45.67,121144.47770188
1781654400,45.66,45.94,44.35,44.9,114633.17216732
1781740800,44.9,45.01,42.95,43.82,121597.33558221
1781827200,43.81,44.56,43.15,44.03,107989.5391147
1781913600,44.01,44.59,43.74,44.5,87206.97003916
1782000000,44.49,46.01,44.33,44.42,102558.69574857
1782086400,44.43,45.79,44.25,44.5,92740.76329661
1782172800,44.49,44.64,41.75,42.14,121894.78169026
1782259200,42.14,42.35,39.27,41.13,172173.36947152
1782345600,41.13,41.94,39.21,40.85,166511.836862
1782432000,40.86,42.12,39.97,41.87,154551.89349952
1782518400,41.87,43.24,41.65,42.11,120384.82913982
1782604800,42.11,43.32,41.85,42.46,109123.71684015
1782691200,42.46,43.38,42.05,43.13,140662.19108738
1782777600,43.13,43.15,41.51,41.88,131372.70131477
1782864000,41.88,43.65,41.08,42.68,182133.34081661
1782950400,42.67,43.87,42.37,43.49,154203.46209659
1783036800,43.5,45.31,43.06,44.79,133371.86336833
1783123200,44.79,45.67,43.93,44.82,124498.74774071
1783209600,44.82,46.09,43.99,45.77,136479.7497018
1783296000,45.78,46.01,43.72,44.81,159197.1096902
1783382400,44.82,44.98,43.64,43.89,109729.37599636
1783468800,43.89,44.05,43.14,43.64,133181.53477773
1783555200,43.64,44.3,43.4,43.77,104062.12555275
1783641600,43.76,44.87,43.54,44.76,123193.90881592
1783728000,44.75,45.52,44.57,44.61,96948.53123143
1783814400,44.62,44.87,43.91,43.98,96046.34619529
1783900800,43.96,44.52,42.87,43.51,115483.48718738
1783987200,43.53,45.47,43.37,45.38,131771.27609695
1784073600,45.38,46.05,44.58,45.15,192522.69371531
1784160000,45.13,45.39,44.32,44.91,123172.07185984
1784246400,44.9,45.86,44.06,45.15,154965.21427182
1784332800,45.13,47.86,45.04,46.97,179712.15190063
1784419200,46.99,47.86,46.58,47.03,158111.48366471
1784505600,47.03,47.8,46.24,47.33,194924.94726133
1784592000,47.32,48.13,46.64,46.83,138030.80956772
1784678400,46.84,47.62,46.3,47.13,120649.26852349
1784764800,47.13,47.53,46.16,46.94,162394.13704676
1784851200,46.94,47.38,45.91,46.34,107042.10760945
1784937600,46.34,46.65,45.76,46.53,84056.45767092
1785024000,46.53,48.22,46.44,47.81,124471.22693931
1785110400,47.8,47.8,45.91,46.02,104702.29261875
1785196800,46.02,46.66,45.85,46.16,99922.25216206
1785283200,46.17,46.35,44.26,45.4,167634.74253146
1785369600,45.41,45.8,44.83,45.55,113581.55182566
1785456000,45.55,45.87,44.1,44.27,125165.8302134
1785542400,44.28,44.74,43.58,44.22,128451.39392817
1785628800,44.22,45.01,44.08,44.65,112234.80524069
1785715200,44.64,44.72,43.96,44.26,96339.2218481
1785801600,44.25,45.13,44.01,44.81,111996.69796168
1785888000,44.81,45.4,44.69,45.28,113759.28105462
1785974400,45.29,45.81,44.73,45.42,110204.49611809
1786060800,45.42,46.04,45.24,45.53,124531.28902409
1786147200,45.52,46.08,45.41,45.98,76938.83733705
1786233600,45.98,46.47,45.36,45.41,101873.06968827
1786320000,45.4,45.75,44.92,45.1,107414.38842805
1786406400,45.1,45.54,44.89,45.47,87590.28505504
1786492800,45.47,45.62,44.58,44.84,132835.79647613
1786579200,44.84,45.03,44.57,44.8,121440.43348141
1786665600,44.79,44.91,43.33,43.82,143880.78976308
1786752000,43.82,44.3,43.61,44.08,96418.61945377
1786838400,44.08,44.78,43.99,44.11,110734.96652115
1786924800,44.1,44.62,43.78,44.53,126160.01667307
1787011200,44.54,44.72,44.11,44.356,107510.87057882
1787097600,44.36,47.231,44.29,46.772,167050.83066912
1787184000,46.781,48.578,46.457,47.809,282396.72529282
1787270400,47.799,54.189,47.761,53.08,407000.49138403
1787356800,53.097,55.453,50.238,52.464,514456.98824275
1787443200,52.465,53.198,50.61,52.284,215089.34176132
1787529600,52.285,54.089,51.26,51.661,261958.85064594
1787616000,51.643,52.979,49.478,49.959,148989.44141487
1787702400,49.964,50.89,49.145,50.516,150457.78731986
1787788800,50.496,50.55,49.39,49.936,131366.97046306
1787875200,49.946,50.532,47.97,49.332,125544.01483181
1787961600,49.332,49.509,48.575,49.022,93615.30241786
1788048000,49.024,50.138,47.446,47.948,94442.68226875
1788134400,47.922,49.048,47.729,48.544,118496.81874521
1788220800,48.541,50.077,48.287,49.529,137611.06612204
1788307200,49.548,49.986,48.479,49.661,111525.6660673
1788393600,49.666,51.88,49.46,51.493,133867.49438228
1788480000,51.5,51.825,49.794,50.757,113677.0529552
1788566400,50.761,55.358,50.724,54.715,281641.38430693
1788652800,54.713,55.225,53.378,54.958,144997.37194362
1788739200,54.968,59.422,53.877,55.217,262372.78628447
1788825600,55.217,56.252,53.836,54.291,146607.84702396
1788912000,54.304,54.78,52.44,53.184,139870.38022213
1788998400,53.187,53.398,51.608,52.108,129506.9713851
1789084800,52.109,54.288,51.921,53.294,141694.54484407
1789171200,53.292,54.249,53.121,53.661,80693.92534269
1789257600,53.651,55.256,53.25,53.727,120100.07400344
1789344000,53.741,54.569,53.082,53.156,124896.56256535
1789430400,53.142,53.142,50.734,51.24,117223.11366068
1789516800,51.212,51.768,50.11,51.668,157473.07777216
1789603200,51.655,54,51.523,53.884,126264.77081318
1789689600,53.917,58.2,53.864,58.164,203903.77986184
1789776000,58.159,59.192,56.715,58.27,183788.44166633
1789862400,58.299,58.404,56.494,56.896,43302.09433163
