ts,open,high,low,close,volume
1725487200,0.3855,0.3855,0.3819,0.3822,9329.75
1725490800,0.3821,0.3832,0.38,0.3818,32901.51
1725494400,0.3819,0.3826,0.3799,0.3811,13119.71
1725498000,0.3805,0.3851,0.3805,0.3848,9372.49
1725501600,0.3842,0.3857,0.3825,0.3825,7413.9
1725505200,0.3825,0.3825,0.3768,0.3774,29036.24
1725508800,0.3766,0.3782,0.3766,0.378,14023.88
1725512400,0.378,0.378,0.376,0.3765,11544.23
1725516000,0.3753,0.3755,0.3731,0.3742,4820.23
1725519600,0.3743,0.3784,0.3743,0.3771,24118.61
1725523200,0.3767,0.3767,0.375,0.375,9435.49
1725526800,0.3752,0.3792,0.3746,0.3792,99897.81
1725530400,0.3794,0.3854,0.3794,0.3807,500531.93
1725534000,0.3803,0.3804,0.3646,0.3667,366352.4
1725537600,0.3665,0.369,0.3634,0.3683,199952.2
1725541200,0.3693,0.376,0.3682,0.3738,74054.08
1725544800,0.3759,0.3759,0.3685,0.3737,438289.8
1725548400,0.3715,0.3725,0.3676,0.3704,74570.13
1725552000,0.3694,0.3707,0.3659,0.3678,124507.46
1725555600,0.3676,0.37,0.3667,0.3697,116690.26
1725559200,0.3697,0.3702,0.367,0.3683,123645.34
1725562800,0.3683,0.3706,0.3659,0.3672,104187.7
1725566400,0.3675,0.3694,0.3663,0.3679,25880.73
1725570000,0.3678,0.3703,0.367,0.3689,43069.82
1725573600,0.3688,0.3732,0.3679,0.3716,143175.56
1725577200,0.3717,0.3717,0.367,0.3683,95868.24
1725580800,0.3687,0.3688,0.3624,0.3667,106185.19
1725584400,0.3662,0.3721,0.3633,0.3677,302033.57
1725588000,0.3691,0.3716,0.3682,0.3703,25997.01
1725591600,0.3702,0.3738,0.3701,0.3703,70035.11
1725595200,0.3703,0.3736,0.3703,0.3713,94720.23
1725598800,0.3715,0.3726,0.3702,0.3725,41716.83
1725602400,0.3723,0.3726,0.3708,0.3718,33249.46
1725606000,0.3724,0.3726,0.3701,0.3706,60256.15
1725609600,0.3706,0.3715,0.3686,0.3694,70492.85
1725613200,0.3696,0.3724,0.369,0.3696,65951.01
1725616800,0.3696,0.3712,0.369,0.3703,58569.42
1725620400,0.3701,0.3708,0.3695,0.3705,10479.63
1725624000,0.3708,0.3792,0.3696,0.378,117888.75
1725627600,0.3796,0.3796,0.3695,0.3712,286931.96
1725631200,0.371,0.373,0.3648,0.3678,197908.94
1725634800,0.3693,0.3713,0.3631,0.3657,113119.99
1725638400,0.3657,0.3685,0.3625,0.3673,176558.14
1725642000,0.3673,0.3684,0.3634,0.3647,63231.74
1725645600,0.3646,0.3652,0.3606,0.3606,122071.06
1725649200,0.3601,0.364,0.3597,0.3624,84526.31
1725652800,0.3618,0.3629,0.3592,0.3599,69179.58
1725656400,0.3593,0.3658,0.3558,0.3658,168553.2
1725660000,0.3658,0.3659,0.3629,0.3629,96459.44
1725663600,0.3629,0.3666,0.3617,0.3657,84953.13
1725667200,0.3662,0.3679,0.3645,0.3662,62831.48
1725670800,0.3662,0.3673,0.3658,0.3664,64967.41
1725674400,0.3666,0.3668,0.3648,0.3653,49956.56
1725678000,0.3652,0.3678,0.365,0.3677,12188.12
1725681600,0.3677,0.3686,0.367,0.3686,14271.19
1725685200,0.3688,0.3748,0.3688,0.3729,26974.54
1725688800,0.3729,0.3754,0.3727,0.3745,147497.62
1725692400,0.3745,0.376,0.374,0.3751,151145.4
1725696000,0.3755,0.3755,0.3742,0.3749,5682.7
1725699600,0.3749,0.3753,0.3708,0.372,60108.54
1725703200,0.3721,0.3734,0.3721,0.3728,3994.48
1725706800,0.3729,0.3743,0.3724,0.374,18716.74
1725710400,0.3739,0.3746,0.3728,0.3743,92658.52
1725714000,0.3744,0.3748,0.3735,0.3744,31803.04
1725717600,0.3743,0.3749,0.3734,0.374,27811.08
1725721200,0.3747,0.3763,0.3743,0.3756,114955.01
1725724800,0.3757,0.376,0.3737,0.3743,25050.85
1725728400,0.3741,0.3744,0.3714,0.372,31288.09
1725732000,0.3718,0.3732,0.3716,0.3724,38704.53
1725735600,0.3724,0.3741,0.3723,0.3734,91041.37
1725739200,0.3735,0.3735,0.3706,0.3708,40235.46
1725742800,0.3708,0.3708,0.3692,0.3696,34234.23
1725746400,0.3701,0.3705,0.3679,0.3679,29818.99
1725750000,0.3683,0.3696,0.3672,0.3696,104767.97
1725753600,0.3694,0.3702,0.3688,0.3695,40600.87
1725757200,0.3697,0.3703,0.3694,0.3702,28372.48
1725760800,0.3701,0.3713,0.3701,0.371,41986.36
1725764400,0.3708,0.3715,0.3708,0.3714,8864.84
1725768000,0.3714,0.3735,0.3714,0.3732,12615.11
1725771600,0.3728,0.3731,0.3714,0.3716,7745.59
1725775200,0.372,0.373,0.3719,0.3727,15922.79
1725778800,0.3727,0.374,0.3726,0.3733,31107.27
1725782400,0.3734,0.3738,0.3724,0.3732,18385.5
1725786000,0.3735,0.3758,0.3735,0.3745,44896.64
1725789600,0.3748,0.3757,0.3743,0.3752,107799.4
1725793200,0.3751,0.3758,0.3742,0.3745,21724.23
1725796800,0.3749,0.3749,0.3706,0.3709,41172.28
1725800400,0.3711,0.3725,0.3696,0.3719,18653.71
1725804000,0.3722,0.3724,0.3696,0.3702,22693.52
1725807600,0.3698,0.3704,0.3684,0.3687,16525.68
1725811200,0.3682,0.3695,0.3673,0.3687,107195.22
1725814800,0.3699,0.3793,0.3699,0.3747,269993.84
1725818400,0.3745,0.3747,0.3729,0.3735,19639.24
1725822000,0.3735,0.3748,0.3729,0.3742,66328.41
1725825600,0.3741,0.3745,0.3731,0.3744,11647.85
1725829200,0.3744,0.3768,0.3744,0.3748,55465.59
1725832800,0.3751,0.3796,0.3739,0.3756,53011.33
1725836400,0.375,0.3767,0.375,0.3759,41801.21
1725840000,0.3756,0.3775,0.3753,0.3768,67590.02
1725843600,0.3777,0.3789,0.3766,0.3777,30736.94
1725847200,0.3776,0.3781,0.3754,0.3766,19549.18
1725850800,0.3761,0.3768,0.3736,0.3757,68810.25
1725854400,0.3759,0.3759,0.3741,0.3754,15677.58
1725858000,0.3755,0.3755,0.3726,0.3729,105915.66
1725861600,0.3729,0.375,0.3728,0.375,21303.8
1725865200,0.3751,0.3768,0.374,0.3768,36567.8
1725868800,0.3765,0.3788,0.3765,0.378,41481.14
1725872400,0.3785,0.3794,0.3764,0.3769,128364.38
1725876000,0.3769,0.3782,0.3763,0.3772,111556.33
1725879600,0.3772,0.3773,0.3758,0.3762,39097.02
1725883200,0.3762,0.3765,0.3745,0.3765,77220.87
1725886800,0.3764,0.3774,0.375,0.3774,44875.19
1725890400,0.3769,0.3771,0.3724,0.3725,72189.36
1725894000,0.3724,0.3743,0.3722,0.3739,25734.56
1725897600,0.374,0.3854,0.3736,0.3825,202873.41
1725901200,0.3825,0.3857,0.3815,0.3823,69319.82
1725904800,0.3823,0.3836,0.3812,0.3812,47434.12
1725908400,0.3815,0.3837,0.3813,0.3829,75588.85
1725912000,0.3833,0.3834,0.3814,0.382,73853.14
1725915600,0.3817,0.3853,0.3774,0.3844,67384.06
1725919200,0.3848,0.385,0.3829,0.383,32400.49
1725922800,0.3834,0.3839,0.3823,0.3825,31950.27
1725926400,0.3826,0.3829,0.3778,0.3811,106965.05
1725930000,0.3811,0.3811,0.3784,0.3788,31285.52
1725933600,0.3789,0.3793,0.3774,0.379,36418.94
1725937200,0.3788,0.38,0.3773,0.3784,29604.9
1725940800,0.3782,0.3796,0.3782,0.3783,22527.06
1725944400,0.3781,0.3812,0.3781,0.3806,50741.66
1725948000,0.3807,0.3807,0.3778,0.3785,27052.86
1725951600,0.3782,0.3798,0.3773,0.379,21869.11
1725955200,0.3791,0.3805,0.3788,0.3799,5847.23
1725958800,0.3793,0.3801,0.3787,0.3794,21499.98
1725962400,0.3795,0.38,0.3791,0.3797,12659.84
1725966000,0.3799,0.3805,0.3794,0.3805,39554.55
1725969600,0.3809,0.3859,0.3808,0.3848,220609.14
1725973200,0.3852,0.3852,0.3815,0.3815,71484.21
1725976800,0.3816,0.3839,0.38,0.3803,59840.84
1725980400,0.3805,0.3823,0.38,0.3806,87685.76
1725984000,0.3806,0.3812,0.3791,0.381,57279.36
1725987600,0.381,0.3856,0.381,0.3832,69265.2
1725991200,0.3828,0.3879,0.3828,0.385,65449.17
1725994800,0.385,0.3862,0.3818,0.3858,45402.35
1725998400,0.3855,0.3903,0.385,0.3871,41849.36
1726002000,0.3869,0.3876,0.3832,0.3872,39343.37
1726005600,0.3871,0.3887,0.3866,0.3883,42220.81
1726009200,0.3883,0.3892,0.3873,0.3879,47399.27
1726012800,0.3882,0.3887,0.3868,0.3875,68911.09
1726016400,0.3875,0.3875,0.378,0.3788,40958.87
1726020000,0.3789,0.3798,0.3706,0.3795,331571.43
1726023600,0.3795,0.38,0.3721,0.3749,89367.47
1726027200,0.3748,0.3751,0.3709,0.3715,20388.47
1726030800,0.3714,0.3734,0.3705,0.3734,66765.77
1726034400,0.3736,0.3773,0.3733,0.3743,36292.38
1726038000,0.3746,0.3774,0.3745,0.3754,13566.15
1726041600,0.3758,0.3758,0.3709,0.3721,77056.66
1726045200,0.3722,0.3746,0.3719,0.3746,18665.81
1726048800,0.3744,0.3744,0.371,0.3716,46961.49
1726052400,0.3727,0.3736,0.372,0.3731,24025
1726056000,0.3728,0.3737,0.371,0.3733,162971.82
1726059600,0.3733,0.3757,0.3677,0.3693,93099.06
1726063200,0.3689,0.3704,0.3662,0.3693,204163.46
1726066800,0.3693,0.3751,0.3693,0.374,86035.24
1726070400,0.3743,0.3758,0.3729,0.3739,99131.75
1726074000,0.3736,0.3803,0.3735,0.378,259231.61
1726077600,0.378,0.378,0.3764,0.3768,162041.25
1726081200,0.3768,0.3772,0.3743,0.377,201767.76
1726084800,0.3771,0.3771,0.3742,0.376,111116.07
1726088400,0.3756,0.3759,0.3745,0.3754,44679.08
1726092000,0.3752,0.3759,0.3741,0.3752,37968.47
1726095600,0.3752,0.3752,0.3738,0.3741,32462.16
1726099200,0.3743,0.3762,0.3729,0.3762,34026.26
1726102800,0.3765,0.3789,0.3765,0.377,234197.7
1726106400,0.3778,0.3876,0.376,0.3771,442616.82
1726110000,0.3769,0.3805,0.3767,0.3804,138114.01
1726113600,0.38,0.381,0.3783,0.3787,26348.24
1726117200,0.3783,0.3795,0.3776,0.3787,8813.25
1726120800,0.3786,0.3797,0.3784,0.3792,18865.62
1726124400,0.3798,0.3811,0.3787,0.3799,35828.75
1726128000,0.3808,0.3821,0.3793,0.3804,43295.78
1726131600,0.3802,0.3819,0.3798,0.3799,36447.38
1726135200,0.3809,0.3818,0.3792,0.3796,33979.51
1726138800,0.3799,0.3876,0.3787,0.3792,172722.12
1726142400,0.3795,0.383,0.3777,0.3783,98884.37
1726146000,0.3776,0.3781,0.3746,0.3755,121261.02
1726149600,0.3759,0.3791,0.3747,0.3758,92514.14
1726153200,0.3755,0.3766,0.3715,0.3725,228411.96
1726156800,0.3728,0.3764,0.3723,0.3763,98798.49
1726160400,0.3763,0.3777,0.3757,0.3777,13223.95
1726164000,0.3777,0.3809,0.3765,0.3772,39660.92
1726167600,0.3772,0.3795,0.3768,0.3775,35220.25
1726171200,0.3776,0.3798,0.3759,0.3791,80811.15
1726174800,0.3789,0.3791,0.3768,0.3776,35251.85
1726178400,0.3779,0.3792,0.3776,0.3791,26566.2
1726182000,0.3788,0.3807,0.3787,0.3795,15500.21
1726185600,0.3795,0.381,0.3784,0.3792,41441.1
1726189200,0.379,0.3806,0.3786,0.3794,41705.6
1726192800,0.3794,0.3803,0.3791,0.3794,12522.59
1726196400,0.3796,0.381,0.3792,0.3796,57810.83
1726200000,0.3801,0.3801,0.3774,0.3775,15886.93
1726203600,0.3773,0.3787,0.3771,0.3775,28641.41
1726207200,0.3779,0.3781,0.3749,0.3753,60905.44
1726210800,0.3756,0.3779,0.3741,0.3779,109589.72
1726214400,0.378,0.3797,0.3775,0.3785,110141.96
1726218000,0.3779,0.3818,0.3776,0.3815,66912.51
1726221600,0.3813,0.4232,0.3813,0.4093,828587.28
1726225200,0.4098,0.4181,0.4031,0.4052,459474.17
1726228800,0.4051,0.4323,0.4044,0.4254,654847.49
1726232400,0.4251,0.4468,0.4251,0.4317,744170.81
1726236000,0.4315,0.4386,0.4225,0.4292,976054.98
1726239600,0.4301,0.4301,0.4165,0.4202,390642.76
1726243200,0.4202,0.43,0.415,0.4182,169776.24
1726246800,0.4178,0.4292,0.4155,0.4187,313028.39
1726250400,0.4189,0.4235,0.4172,0.4228,142915.63
1726254000,0.423,0.4266,0.4191,0.4222,99604.12
1726257600,0.4233,0.4249,0.4206,0.4216,87237.22
1726261200,0.4215,0.4215,0.4166,0.4206,133942.72
1726264800,0.421,0.422,0.4174,0.4183,97795.51
1726268400,0.4192,0.4197,0.4073,0.4107,849961.21
1726272000,0.4128,0.4206,0.4074,0.4203,287541.47
1726275600,0.4183,0.4239,0.4173,0.4183,207575.64
1726279200,0.4187,0.4199,0.4156,0.4182,104971.5
1726282800,0.4186,0.424,0.4175,0.4236,74507.29
1726286400,0.424,0.424,0.4185,0.4192,95536.86
1726290000,0.4182,0.4229,0.411,0.4161,57397.17
1726293600,0.4154,0.4208,0.4132,0.4195,86712.79
1726297200,0.4191,0.4195,0.4143,0.4143,29229.18
1726300800,0.4156,0.4164,0.4117,0.4138,36930.04
1726304400,0.4132,0.4159,0.4127,0.4152,34131.8
1726308000,0.4146,0.4147,0.4066,0.4085,99524.78
1726311600,0.4085,0.4095,0.4059,0.4083,73402.33
1726315200,0.4083,0.4121,0.4045,0.4107,178754.42
1726318800,0.4101,0.4125,0.4062,0.4098,90890.91
1726322400,0.4089,0.4117,0.4073,0.4112,51064
1726326000,0.4109,0.4138,0.4101,0.4108,77705.36
1726329600,0.4106,0.4117,0.4081,0.409,145272.78
1726333200,0.4089,0.4092,0.4066,0.4083,33963.58
1726336800,0.4072,0.4078,0.402,0.4071,76594.82
1726340400,0.4071,0.4071,0.3967,0.4022,180946.07
1726344000,0.4022,0.4057,0.4001,0.4055,88788.77
1726347600,0.4047,0.4065,0.4035,0.4056,70874.82
1726351200,0.406,0.4061,0.402,0.4051,81910.51
1726354800,0.4055,0.4069,0.4041,0.4058,59841.15
1726358400,0.4046,0.4058,0.4017,0.4022,85523.37
1726362000,0.4025,0.4071,0.4022,0.4056,97667.15
1726365600,0.4056,0.4084,0.4032,0.407,66626.42
1726369200,0.4073,0.4077,0.4051,0.4053,68226.91
1726372800,0.4049,0.4066,0.4026,0.4028,92884.24
1726376400,0.4031,0.4061,0.4026,0.4044,50083.68
1726380000,0.4043,0.4053,0.4031,0.4032,31318.78
1726383600,0.404,0.4048,0.3984,0.4011,102906.78
1726387200,0.4017,0.4022,0.3975,0.3991,82714.66
1726390800,0.3991,0.4019,0.3956,0.3995,155273.94
1726394400,0.3992,0.4013,0.3987,0.4002,81604.15
1726398000,0.4002,0.4006,0.3986,0.3994,36766.15
1726401600,0.3992,0.4019,0.3989,0.4012,36847.46
1726405200,0.4017,0.4038,0.4011,0.4031,77890.83
1726408800,0.4034,0.4041,0.4,0.402,45990.45
1726412400,0.4021,0.4041,0.4017,0.4039,57623.65
1726416000,0.4038,0.404,0.3983,0.3993,43351.12
1726419600,0.3993,0.3997,0.3914,0.3963,200432.31
1726423200,0.3962,0.4018,0.3949,0.3982,199911.43
1726426800,0.3977,0.4015,0.3977,0.4,87551.16
1726430400,0.4,0.4001,0.3945,0.3988,101528.84
1726434000,0.3979,0.3994,0.3935,0.3979,79127.45
1726437600,0.3979,0.3998,0.3945,0.3955,195122.24
1726441200,0.3955,0.3957,0.3869,0.3887,206723.66
1726444800,0.3893,0.3923,0.3845,0.3869,217892.17
1726448400,0.3868,0.3875,0.3781,0.3808,160738.47
1726452000,0.3806,0.381,0.3746,0.3753,120456.74
1726455600,0.3754,0.3822,0.3754,0.3816,312005.52
1726459200,0.3818,0.3834,0.3816,0.3828,176240.53
1726462800,0.3829,0.3848,0.3816,0.3848,37244.28
1726466400,0.3854,0.3854,0.382,0.3821,60803.95
1726470000,0.3824,0.3854,0.3821,0.3846,82372.76
1726473600,0.3844,0.3852,0.383,0.3848,32448.61
1726477200,0.3842,0.3843,0.3764,0.3771,199675.71
1726480800,0.3768,0.3807,0.3746,0.3804,123570.73
1726484400,0.3804,0.3819,0.3777,0.3801,79740.24
1726488000,0.3801,0.3813,0.3772,0.3775,39312.16
1726491600,0.3775,0.3813,0.3756,0.3813,110670.7
1726495200,0.3813,0.3813,0.3754,0.3784,117776.97
1726498800,0.3786,0.3799,0.3777,0.3778,84239.05
1726502400,0.3778,0.3798,0.3754,0.3762,116220.48
1726506000,0.3759,0.3823,0.3723,0.3802,341767.34
1726509600,0.3799,0.3799,0.3771,0.3779,19422.83
1726513200,0.3779,0.3789,0.3764,0.3783,30879.29
1726516800,0.3778,0.3795,0.3754,0.3754,50583.5
1726520400,0.3755,0.3779,0.3748,0.3773,99783.57
1726524000,0.377,0.3777,0.374,0.3749,252726.12
1726527600,0.3753,0.377,0.3749,0.3758,83006.95
1726531200,0.3761,0.3786,0.3745,0.3745,69872.96
1726534800,0.3749,0.3767,0.3737,0.3755,44727.6
1726538400,0.376,0.3779,0.3749,0.3779,48873.52
1726542000,0.3783,0.3816,0.3762,0.3795,101703.01
1726545600,0.3791,0.3818,0.3782,0.3816,88224.98
1726549200,0.381,0.3855,0.3802,0.3853,103434.95
1726552800,0.3852,0.386,0.3821,0.3835,72097.07
1726556400,0.383,0.3871,0.383,0.3863,79507.59
1726560000,0.3861,0.3875,0.3858,0.3858,66969.06
1726563600,0.3857,0.3882,0.3843,0.3865,152732.62
1726567200,0.3864,0.3866,0.3832,0.3854,54734.72
1726570800,0.3854,0.3857,0.3813,0.3835,101388.56
1726574400,0.3834,0.386,0.3822,0.3858,66104.89
1726578000,0.3855,0.3858,0.3819,0.383,72506.03
1726581600,0.3829,0.3903,0.3828,0.3875,131055.11
1726585200,0.388,0.3908,0.3866,0.3883,137404.02
1726588800,0.3882,0.3892,0.3817,0.3827,216588.75
1726592400,0.3825,0.3862,0.3815,0.3848,321449.72
1726596000,0.3846,0.3856,0.3798,0.382,275753.57
1726599600,0.3817,0.3826,0.3785,0.3803,209740.61
1726603200,0.3805,0.3837,0.3793,0.3812,64563.18
1726606800,0.3815,0.383,0.3812,0.3822,60902.29
1726610400,0.3818,0.3826,0.3812,0.3817,13857.39
1726614000,0.3815,0.3816,0.3796,0.3816,45733.68
1726617600,0.3816,0.3821,0.3771,0.3788,130048.74
1726621200,0.379,0.3799,0.3776,0.3782,83161.19
1726624800,0.3782,0.3807,0.3778,0.3803,62251.11
1726628400,0.3803,0.3824,0.38,0.3808,112629.87
1726632000,0.3808,0.3817,0.3792,0.38,37371.19
1726635600,0.3794,0.3801,0.3785,0.3798,31922.6
1726639200,0.3796,0.3812,0.3794,0.3798,97912.53
1726642800,0.3799,0.3808,0.3799,0.3804,14963.38
1726646400,0.3802,0.3802,0.3781,0.3793,48400.49
1726650000,0.379,0.3792,0.3758,0.376,53624.19
1726653600,0.3762,0.3777,0.3734,0.3771,90336.73
1726657200,0.3771,0.3794,0.3756,0.3766,160515.91
1726660800,0.3764,0.3782,0.3764,0.3782,79075.29
1726664400,0.378,0.379,0.3745,0.3754,141994.3
1726668000,0.3755,0.377,0.3744,0.375,106619.81
1726671600,0.3754,0.3756,0.3725,0.3734,88938.01
1726675200,0.3733,0.3777,0.3728,0.3775,72537.72
1726678800,0.3781,0.3801,0.3755,0.3788,79914.08
1726682400,0.3785,0.3861,0.3784,0.3858,327616.96
1726686000,0.3844,0.3848,0.3801,0.3815,233245.87
1726689600,0.3818,0.3825,0.3791,0.3821,77417.12
1726693200,0.3823,0.3853,0.3821,0.3834,147248.13
1726696800,0.3835,0.3862,0.3835,0.3848,82298.25
1726700400,0.3854,0.39,0.3852,0.3899,79839.04
1726704000,0.3905,0.3951,0.3889,0.3921,244705.81
1726707600,0.3928,0.3935,0.3889,0.3916,115660.09
1726711200,0.3916,0.3939,0.3899,0.3936,128951.6
1726714800,0.3936,0.3952,0.3927,0.3938,123976.96
1726718400,0.3939,0.3945,0.3923,0.3945,185081.29
1726722000,0.3948,0.3978,0.3937,0.3972,129825.11
1726725600,0.3968,0.3971,0.3942,0.3945,52045.06
1726729200,0.395,0.3973,0.394,0.397,26466.6
1726732800,0.398,0.3992,0.3938,0.3938,78215.75
1726736400,0.3943,0.3966,0.3941,0.3958,37927.39
1726740000,0.3958,0.3981,0.3952,0.3952,57347.94
1726743600,0.3952,0.398,0.3949,0.3974,108989.34
1726747200,0.3977,0.3998,0.397,0.398,91806.26
1726750800,0.3977,0.3999,0.3965,0.3981,314747.45
1726754400,0.3986,0.4003,0.3971,0.3972,199335.47
1726758000,0.3972,0.3992,0.397,0.3992,69864.94
1726761600,0.399,0.4012,0.3982,0.4008,133186.32
1726765200,0.4011,0.4027,0.3999,0.3999,390935.61
1726768800,0.4004,0.4022,0.4004,0.4016,88971.76
1726772400,0.4017,0.4017,0.3992,0.3998,74968.68
1726776000,0.3996,0.3997,0.3974,0.3977,68749.71
1726779600,0.3975,0.3977,0.3959,0.3961,69428.31
1726783200,0.3956,0.397,0.3926,0.3968,110135.41
1726786800,0.3973,0.3997,0.3968,0.399,52108.12
1726790400,0.399,0.3997,0.3949,0.3954,220921.93
1726794000,0.3954,0.397,0.3934,0.3969,130921.99
1726797600,0.3968,0.3977,0.3957,0.3975,65743.52
1726801200,0.3975,0.4029,0.3972,0.4029,165417.62
1726804800,0.4027,0.4076,0.4023,0.4065,178657.31
1726808400,0.4069,0.4087,0.4055,0.406,160185.45
1726812000,0.4068,0.4088,0.4056,0.4086,101375.18
1726815600,0.4085,0.4087,0.4058,0.4084,56843.52
1726819200,0.4084,0.41,0.4065,0.4069,68329.07
1726822800,0.4071,0.4093,0.4055,0.4059,52822.21
1726826400,0.406,0.4076,0.4054,0.4071,54406.2
1726830000,0.4064,0.4066,0.4038,0.4043,114531.87
1726833600,0.4038,0.4067,0.4038,0.4059,104527.67
1726837200,0.4061,0.4062,0.3978,0.399,132230.69
1726840800,0.399,0.4011,0.3958,0.3975,321395.26
1726844400,0.3967,0.3989,0.3948,0.3988,86141.64
1726848000,0.399,0.3996,0.3961,0.3971,81541.33
1726851600,0.3971,0.3972,0.3952,0.396,66274.88
1726855200,0.3964,0.398,0.3949,0.398,37593.01
1726858800,0.3982,0.3989,0.3974,0.3987,146075.1
1726862400,0.3989,0.3994,0.398,0.3988,57622.69
1726866000,0.3988,0.401,0.3985,0.4003,84346.01
1726869600,0.4003,0.401,0.4,0.4006,179387.91
1726873200,0.4008,0.4013,0.3993,0.401,115471.41
1726876800,0.4015,0.404,0.399,0.4021,47886.68
1726880400,0.4022,0.4034,0.3984,0.3984,128622.6
1726884000,0.3987,0.3993,0.3964,0.3988,132907.51
1726887600,0.3989,0.4004,0.3985,0.3989,19486.49
1726891200,0.3988,0.3989,0.3959,0.397,166988.69
1726894800,0.397,0.398,0.3961,0.3978,14666.03
1726898400,0.398,0.4,0.3979,0.3992,33004.38
1726902000,0.3995,0.4004,0.3988,0.4001,47836.93
1726905600,0.4005,0.4019,0.3998,0.4002,49619.27
1726909200,0.3998,0.4022,0.3994,0.4009,74741.71
1726912800,0.4013,0.4013,0.4,0.4,25352.87
1726916400,0.4003,0.4015,0.3996,0.4012,29108.61
1726920000,0.4015,0.4052,0.4006,0.4052,99308.69
1726923600,0.4053,0.406,0.4041,0.4059,110241.46
1726927200,0.4063,0.4085,0.4063,0.408,49826.82
1726930800,0.4076,0.4076,0.4049,0.4065,182629.99
1726934400,0.4069,0.4079,0.4054,0.4068,46152.93
1726938000,0.4069,0.4081,0.4065,0.4076,90887.91
1726941600,0.4078,0.4081,0.4062,0.4068,35206.43
1726945200,0.4068,0.4088,0.4068,0.4088,78187.12
1726948800,0.4088,0.4089,0.4076,0.4079,38563.11
1726952400,0.4077,0.4082,0.4057,0.406,51262.73
1726956000,0.4061,0.4079,0.4051,0.4079,78317.39
1726959600,0.4074,0.4118,0.407,0.4113,81926.63
1726963200,0.4109,0.4118,0.407,0.4091,155145.64
1726966800,0.4088,0.411,0.4076,0.4104,61146.07
1726970400,0.4103,0.4103,0.4038,0.4049,114916.59
1726974000,0.405,0.407,0.4043,0.4064,33526.81
1726977600,0.4057,0.4067,0.4055,0.4059,21839.47
1726981200,0.4058,0.4058,0.4024,0.4031,47142.16
1726984800,0.4028,0.4035,0.4009,0.4013,39126.58
1726988400,0.4011,0.4025,0.4007,0.4022,21896.09
1726992000,0.4023,0.4055,0.4019,0.4052,40608.14
1726995600,0.405,0.4056,0.4006,0.4009,63337.2
1726999200,0.4006,0.4029,0.3994,0.3994,66469.32
1727002800,0.3997,0.4025,0.3992,0.4018,50982.75
1727006400,0.4015,0.4017,0.3998,0.4016,33324.77
1727010000,0.4014,0.4018,0.3982,0.399,38474.81
1727013600,0.3986,0.4002,0.3969,0.3979,57846.94
1727017200,0.3978,0.3999,0.3967,0.3991,34341.65
1727020800,0.3984,0.4002,0.3968,0.3995,42686.1
1727024400,0.3992,0.4022,0.3992,0.4013,51450.36
1727028000,0.401,0.401,0.3983,0.3992,51187.45
1727031600,0.3992,0.4012,0.3973,0.4007,19251.26
1727035200,0.4001,0.4022,0.3999,0.4007,201387.33
1727038800,0.4007,0.4012,0.3957,0.3958,85097.08
1727042400,0.3961,0.4019,0.3929,0.4017,196430.33
1727046000,0.402,0.4022,0.4,0.401,32866.57
1727049600,0.401,0.4018,0.3942,0.4011,85546.59
1727053200,0.4009,0.4042,0.4006,0.4037,43600.18
1727056800,0.4042,0.4043,0.4019,0.4036,87917.09
1727060400,0.4038,0.4069,0.4037,0.4064,97307.48
1727064000,0.4064,0.4075,0.4028,0.4042,179841.03
1727067600,0.4038,0.4054,0.4024,0.4053,30715.47
1727071200,0.4052,0.4053,0.4038,0.4041,24627.48
1727074800,0.404,0.4044,0.4011,0.4019,38088
1727078400,0.4015,0.4017,0.3994,0.4013,60928.05
1727082000,0.401,0.4042,0.401,0.4042,97391.23
1727085600,0.4039,0.4043,0.4017,0.4029,105862.17
1727089200,0.4027,0.4033,0.4013,0.4016,56579.67
1727092800,0.4015,0.4033,0.4015,0.4031,63117.52
1727096400,0.4033,0.4035,0.4009,0.4013,94328.4
1727100000,0.4016,0.4076,0.4016,0.4076,87462.87
1727103600,0.408,0.4081,0.4052,0.4059,61699.43
1727107200,0.4057,0.4081,0.4048,0.4054,174909.1
1727110800,0.405,0.4058,0.4047,0.4054,46655.37
1727114400,0.4054,0.4066,0.4051,0.4056,110271.4
1727118000,0.4051,0.4064,0.4042,0.4057,114453.58
1727121600,0.4055,0.4059,0.4045,0.4052,42451.98
1727125200,0.4047,0.4079,0.4044,0.4058,244162.53
1727128800,0.4055,0.4062,0.4047,0.4057,51773.76
1727132400,0.4057,0.4065,0.4047,0.4063,133467.14
1727136000,0.4058,0.4072,0.4026,0.4026,64645.12
1727139600,0.4031,0.4045,0.4001,0.4024,76826.6
1727143200,0.4024,0.4029,0.4,0.4025,99251.17
1727146800,0.4028,0.4038,0.4014,0.4034,45292.87
1727150400,0.4038,0.4038,0.4005,0.4009,78108.76
1727154000,0.401,0.4031,0.401,0.403,28893.64
1727157600,0.4029,0.4055,0.4029,0.4046,40831.03
1727161200,0.4054,0.4066,0.4051,0.4063,25355.73
1727164800,0.4062,0.4083,0.4057,0.4074,365751.85
1727168400,0.4075,0.408,0.406,0.4074,55645.6
1727172000,0.4076,0.4092,0.4076,0.4081,36990.67
1727175600,0.4076,0.4076,0.405,0.4054,180239.36
1727179200,0.4059,0.4144,0.4049,0.4051,331874.97
1727182800,0.4051,0.4076,0.405,0.4062,44582.47
1727186400,0.4052,0.4052,0.3993,0.4017,779272.93
1727190000,0.4019,0.4025,0.4008,0.4015,64574.99
1727193600,0.4014,0.4027,0.4001,0.4015,34460.83
1727197200,0.4018,0.4054,0.4016,0.4047,197575.54
1727200800,0.4047,0.4058,0.4036,0.4042,82769.97
1727204400,0.4039,0.4071,0.4037,0.4067,47239.21
1727208000,0.407,0.408,0.4054,0.4073,235107.41
1727211600,0.4071,0.408,0.4061,0.4068,298519.75
1727215200,0.407,0.4097,0.407,0.4095,428324.13
1727218800,0.4095,0.4099,0.4087,0.4098,125348.27
1727222400,0.4095,0.4107,0.4082,0.4089,83012.79
1727226000,0.4094,0.4139,0.4091,0.4117,236966.23
1727229600,0.4119,0.4122,0.4106,0.412,24995.2
1727233200,0.4114,0.4131,0.4108,0.413,68604.09
1727236800,0.4129,0.4131,0.4093,0.4093,35936.12
1727240400,0.4092,0.4114,0.409,0.4093,287338.12
1727244000,0.4096,0.41,0.4052,0.4058,79524.32
1727247600,0.4059,0.4068,0.4043,0.4063,367203.78
1727251200,0.4064,0.4094,0.4063,0.4081,54506.48
1727254800,0.4092,0.4097,0.4076,0.4078,20965.89
1727258400,0.4076,0.4096,0.4071,0.4088,38011.6
1727262000,0.409,0.4096,0.4075,0.4096,146338.36
1727265600,0.4092,0.4136,0.4091,0.4126,72797.52
1727269200,0.4124,0.4166,0.4112,0.4131,201581.44
1727272800,0.4136,0.4191,0.4136,0.4181,193799.31
1727276400,0.4182,0.4183,0.4127,0.413,88283.28
1727280000,0.4125,0.4152,0.4118,0.4148,204647.3
1727283600,0.4151,0.4152,0.4087,0.4093,120164.14
1727287200,0.4089,0.4123,0.4086,0.4121,77345.24
1727290800,0.4124,0.4134,0.4103,0.4103,136528.98
1727294400,0.4104,0.4137,0.4102,0.4127,108420.98
1727298000,0.4123,0.4171,0.4123,0.4149,169082.97
1727301600,0.4148,0.4151,0.4115,0.4138,97118.61
1727305200,0.4137,0.4138,0.4088,0.4095,108607.03
1727308800,0.41,0.4116,0.4029,0.4043,136436.08
1727312400,0.4041,0.4077,0.4031,0.4077,81194.27
1727316000,0.4075,0.4116,0.4075,0.4116,72247.37
1727319600,0.4112,0.4123,0.4106,0.4114,62155.38
1727323200,0.412,0.412,0.4091,0.41,60724.47
1727326800,0.4097,0.4139,0.4089,0.4135,436211.89
1727330400,0.4138,0.4187,0.4131,0.4178,131057.8
1727334000,0.4185,0.419,0.4167,0.4179,39257.32
1727337600,0.4178,0.4191,0.416,0.4165,107505.21
1727341200,0.4166,0.4286,0.4162,0.4207,164836
1727344800,0.4207,0.4269,0.4207,0.423,136323.52
1727348400,0.4235,0.4235,0.4205,0.4206,105930.12
1727352000,0.4212,0.4246,0.4197,0.424,141288.27
1727355600,0.4243,0.4251,0.4205,0.4218,121115.7
1727359200,0.4221,0.4264,0.4219,0.4238,120298.73
1727362800,0.4237,0.4304,0.4224,0.4277,242798.66
1727366400,0.4284,0.4311,0.4277,0.4285,237566.56
1727370000,0.4288,0.4325,0.4259,0.426,331888.94
1727373600,0.4258,0.4287,0.4254,0.4287,68090.29
1727377200,0.4283,0.4292,0.4258,0.4261,98230.3
1727380800,0.4259,0.4265,0.4214,0.4221,109541.57
1727384400,0.4214,0.426,0.4212,0.4247,130969.23
1727388000,0.4248,0.4262,0.4247,0.4262,46430.53
1727391600,0.4257,0.4262,0.4224,0.426,108913.36
1727395200,0.4258,0.4279,0.4249,0.4274,46097.57
1727398800,0.4273,0.4279,0.4242,0.4255,136056.35
1727402400,0.4258,0.4268,0.4239,0.4242,114583.64
1727406000,0.4244,0.4288,0.4237,0.4288,88797.04
1727409600,0.429,0.4303,0.4284,0.4295,26702.54
1727413200,0.4295,0.4353,0.4293,0.4346,400217.85
1727416800,0.4347,0.4353,0.4333,0.434,110025.14
1727420400,0.4339,0.4346,0.4325,0.4342,46127.08
1727424000,0.4342,0.4394,0.4341,0.4346,290223.98
1727427600,0.4342,0.4368,0.4336,0.4341,182494.85
1727431200,0.4341,0.4345,0.4295,0.43,75317.29
1727434800,0.4299,0.4321,0.4299,0.4319,20592.94
1727438400,0.4319,0.4347,0.4312,0.4344,47372.78
1727442000,0.4342,0.4347,0.4281,0.4329,407569.36
1727445600,0.4338,0.4379,0.4333,0.4367,115151.06
1727449200,0.4368,0.4382,0.4334,0.4336,211568.69
1727452800,0.434,0.4383,0.4335,0.4377,318790.28
1727456400,0.4376,0.4378,0.4311,0.4332,172910.55
1727460000,0.4332,0.4334,0.4308,0.4325,89782.36
1727463600,0.4327,0.4328,0.4313,0.4313,166093.13
1727467200,0.4311,0.4331,0.4302,0.4327,150612.84
1727470800,0.4328,0.4331,0.4317,0.4329,136642.1
1727474400,0.433,0.4352,0.4327,0.4347,55817.37
1727478000,0.4351,0.4364,0.4334,0.4338,141080.24
1727481600,0.4337,0.4358,0.4333,0.4358,36340.85
1727485200,0.4353,0.4356,0.432,0.4349,134271.76
1727488800,0.4351,0.4377,0.4349,0.4375,45699.87
1727492400,0.4375,0.4375,0.4352,0.4358,92892.48
1727496000,0.436,0.4365,0.4334,0.4342,36119.09
1727499600,0.4339,0.434,0.4315,0.4319,133521.2
1727503200,0.4322,0.4324,0.4257,0.4265,110275.33
1727506800,0.4267,0.4278,0.4242,0.4243,57826.49
1727510400,0.4241,0.4241,0.4211,0.4224,365498.46
1727514000,0.4225,0.423,0.4178,0.423,58000.79
1727517600,0.4231,0.4244,0.4217,0.4243,14786.61
1727521200,0.424,0.4246,0.4225,0.4238,28570.47
1727524800,0.4237,0.4237,0.4203,0.4216,42874.85
1727528400,0.4215,0.4233,0.42,0.4216,32817.57
1727532000,0.4219,0.4274,0.4219,0.4267,118898
1727535600,0.4265,0.4267,0.4239,0.4242,209879.25
1727539200,0.424,0.4249,0.4216,0.4219,33251.5
1727542800,0.4223,0.4265,0.4219,0.4247,101228.38
1727546400,0.4247,0.4266,0.4242,0.4243,163997.68
1727550000,0.4243,0.425,0.4235,0.4245,51975.57
1727553600,0.4243,0.4247,0.4231,0.4231,23865.95
1727557200,0.4233,0.4234,0.4189,0.4228,70608.42
1727560800,0.4233,0.4239,0.4217,0.4236,19169.09
1727564400,0.4235,0.4248,0.4224,0.4242,37083.37
1727568000,0.4241,0.4253,0.4212,0.4216,57785.76
1727571600,0.4216,0.4233,0.4208,0.4232,17267.15
1727575200,0.4235,0.4246,0.4228,0.4241,42707.21
1727578800,0.424,0.4243,0.4222,0.4234,26651.76
1727582400,0.4242,0.4242,0.4219,0.4228,19313.24
1727586000,0.4225,0.4242,0.4206,0.4213,37218.76
1727589600,0.4208,0.4213,0.4195,0.4205,37350.31
1727593200,0.4206,0.4214,0.4178,0.4187,45990.29
1727596800,0.4186,0.4202,0.4183,0.419,22748.05
1727600400,0.4189,0.4208,0.4189,0.4197,63902.81
1727604000,0.4199,0.4205,0.4166,0.4177,48974.1
1727607600,0.4178,0.4192,0.4178,0.4186,128777.96
1727611200,0.4191,0.4202,0.4152,0.416,77782.94
1727614800,0.4156,0.4192,0.4136,0.4186,57627.31
1727618400,0.419,0.4199,0.4183,0.4196,48397.68
1727622000,0.4194,0.4222,0.4189,0.4218,57803.39
1727625600,0.4215,0.4222,0.4194,0.4222,67368.08
1727629200,0.4221,0.424,0.4221,0.4231,64320.71
1727632800,0.4227,0.424,0.4225,0.4235,30251.1
1727636400,0.4234,0.4251,0.423,0.4249,25803.88
1727640000,0.4252,0.426,0.4223,0.4226,20085.05
1727643600,0.4227,0.4247,0.4219,0.4232,94122.67
1727647200,0.4239,0.425,0.4215,0.422,39438.29
1727650800,0.4221,0.4225,0.4197,0.4213,67641.47
1727654400,0.4215,0.4221,0.413,0.4187,106430.06
1727658000,0.4186,0.4195,0.4127,0.4127,87701.15
1727661600,0.4126,0.4138,0.41,0.4101,119608.75
1727665200,0.4102,0.4134,0.4062,0.4125,145973.07
1727668800,0.4125,0.4125,0.4094,0.4111,72626.03
1727672400,0.4109,0.4142,0.4106,0.4136,27760.73
1727676000,0.4136,0.4158,0.4121,0.4122,28120.75
1727679600,0.4125,0.4157,0.4119,0.4153,27299.84
1727683200,0.4149,0.4149,0.4115,0.414,26024.69
1727686800,0.4141,0.4141,0.407,0.407,45885.12
1727690400,0.4067,0.408,0.4053,0.4075,136271.98
1727694000,0.4074,0.4101,0.406,0.4097,58971.89
1727697600,0.4095,0.4102,0.4074,0.4101,41641.73
1727701200,0.41,0.4131,0.4083,0.4113,590881.07
1727704800,0.4105,0.4107,0.4067,0.4076,308418.05
1727708400,0.4073,0.4085,0.4022,0.4023,248389.33
1727712000,0.4025,0.4048,0.4019,0.4028,151270.27
1727715600,0.4024,0.4047,0.4019,0.4039,171252.9
1727719200,0.4043,0.4045,0.3991,0.4022,259364.86
1727722800,0.4017,0.405,0.4003,0.4013,230986.81
1727726400,0.4013,0.404,0.401,0.4023,63932.91
1727730000,0.4025,0.403,0.4006,0.4006,82572
1727733600,0.4004,0.4012,0.3986,0.3986,71636.78
1727737200,0.399,0.3997,0.3937,0.3964,81089.02
1727740800,0.3963,0.3991,0.3933,0.3974,62471.18
1727744400,0.3975,0.4,0.3975,0.3977,44670.99
1727748000,0.398,0.3997,0.3962,0.3993,39050.2
1727751600,0.3994,0.4029,0.3993,0.4029,45032.18
1727755200,0.4027,0.4046,0.4013,0.4043,57401.14
1727758800,0.4043,0.4043,0.4019,0.4028,34696.15
1727762400,0.4029,0.4053,0.4029,0.4053,29057.07
1727766000,0.4054,0.4055,0.4036,0.4038,54288.77
1727769600,0.4033,0.4043,0.4023,0.4031,42855.39
1727773200,0.403,0.4043,0.4022,0.4029,53735.56
1727776800,0.4024,0.4045,0.4021,0.4042,46935.43
1727780400,0.4045,0.405,0.4028,0.4034,35514.76
1727784000,0.4033,0.4041,0.4017,0.4026,45896.01
1727787600,0.4026,0.4026,0.3925,0.396,134195.56
1727791200,0.3954,0.3979,0.3874,0.3884,198022.99
1727794800,0.3886,0.3905,0.3738,0.3879,688768.21
1727798400,0.3877,0.3884,0.3779,0.3824,134462.1
1727802000,0.3815,0.3815,0.3661,0.3792,369590.6
1727805600,0.3796,0.3835,0.3787,0.3804,181211.85
1727809200,0.3802,0.3803,0.3762,0.3769,168012.56
1727812800,0.3768,0.3769,0.3679,0.3744,209319.34
1727816400,0.3741,0.3767,0.373,0.3766,80949.06
1727820000,0.3766,0.3766,0.374,0.3748,72678.21
1727823600,0.3747,0.3769,0.3743,0.3759,63396.09
1727827200,0.3759,0.3794,0.3742,0.3792,56990.82
1727830800,0.379,0.385,0.3786,0.385,76053.25
1727834400,0.3848,0.3871,0.3832,0.3869,66341.34
1727838000,0.3864,0.3872,0.3848,0.3848,54839.97
1727841600,0.3849,0.3855,0.3814,0.3814,36278.35
1727845200,0.3815,0.3835,0.3811,0.3825,49302.4
1727848800,0.3826,0.3863,0.3824,0.3854,30083.59
1727852400,0.3846,0.3866,0.3835,0.3853,84615.81
1727856000,0.3856,0.3856,0.3842,0.3848,54404.33
1727859600,0.3844,0.3845,0.377,0.3775,103355.64
1727863200,0.3772,0.381,0.3767,0.3769,29498.6
1727866800,0.3769,0.3787,0.375,0.3772,34437.95
1727870400,0.3772,0.3772,0.3726,0.3732,122538.98
1727874000,0.3737,0.3785,0.3713,0.3784,116975.58
1727877600,0.3778,0.3796,0.376,0.3761,95319.72
1727881200,0.3762,0.3805,0.3762,0.3798,69915.43
1727884800,0.3798,0.3827,0.3792,0.3818,68637.71
1727888400,0.3818,0.382,0.38,0.3808,63555.77
1727892000,0.3802,0.3804,0.3709,0.371,59430.84
1727895600,0.3712,0.3727,0.368,0.3715,182394.77
1727899200,0.3718,0.3773,0.3707,0.376,100121.71
1727902800,0.377,0.3773,0.3723,0.3734,162374.3
1727906400,0.3733,0.3761,0.37,0.376,99446.19
1727910000,0.376,0.3761,0.3729,0.3734,67278.51
1727913600,0.3732,0.3754,0.3708,0.3747,51793.57
1727917200,0.3744,0.3776,0.3744,0.3766,145867.4
1727920800,0.3766,0.3788,0.3766,0.378,50133.64
1727924400,0.3784,0.3789,0.3764,0.3785,69144.06
1727928000,0.3789,0.3792,0.3766,0.3772,99683.83
1727931600,0.3774,0.3779,0.3748,0.3753,33144.06
1727935200,0.3752,0.3762,0.3743,0.3753,34393.82
1727938800,0.3753,0.3765,0.3712,0.3715,61026.29
1727942400,0.3716,0.3716,0.3669,0.3687,70124.43
1727946000,0.3686,0.3719,0.365,0.3719,273670.14
1727949600,0.3723,0.373,0.371,0.3721,53229.79
1727953200,0.3725,0.3741,0.3696,0.3703,1478473.46
1727956800,0.3705,0.3761,0.3681,0.3714,1320188.26
1727960400,0.3714,0.3848,0.3677,0.3715,6598576.56
1727964000,0.3718,0.3745,0.3682,0.3683,134393.36
1727967600,0.3683,0.3709,0.3653,0.3702,93723.59
1727971200,0.3705,0.3718,0.3673,0.3688,105997.12
1727974800,0.3687,0.3743,0.3667,0.3742,86249.23
1727978400,0.3744,0.3753,0.3731,0.3742,136117.98
1727982000,0.374,0.3777,0.374,0.3777,60193.33
1727985600,0.3777,0.3782,0.3745,0.3752,71156.73
1727989200,0.3754,0.3807,0.3731,0.3758,210420.76
1727992800,0.3751,0.3776,0.375,0.377,74580.42
1727996400,0.3768,0.3777,0.3747,0.3757,47435.09
1728000000,0.3761,0.3771,0.3747,0.3751,46076.13
1728003600,0.3755,0.3803,0.3755,0.38,164614.24
1728007200,0.38,0.3804,0.3786,0.3789,55560.68
1728010800,0.3788,0.379,0.376,0.3764,12762.26
1728014400,0.3764,0.3794,0.3764,0.377,12203.06
1728018000,0.377,0.3801,0.377,0.3798,16027.02
1728021600,0.38,0.38,0.3776,0.3776,17721.84
1728025200,0.3772,0.3793,0.3772,0.3789,25449.06
1728028800,0.379,0.3806,0.3784,0.3786,66136.54
1728032400,0.3783,0.3802,0.378,0.3784,23563.4
1728036000,0.3783,0.3789,0.3775,0.3776,24826.49
1728039600,0.3776,0.3795,0.3773,0.379,15777.42
1728043200,0.3794,0.3808,0.3765,0.3808,208535.45
1728046800,0.381,0.3825,0.3794,0.3796,79920.59
1728050400,0.3797,0.3807,0.3774,0.3798,52203.6
1728054000,0.3802,0.3836,0.38,0.3834,143878.78
1728057600,0.3835,0.3861,0.3832,0.3846,148416.15
1728061200,0.3844,0.3856,0.383,0.3838,89923.44
1728064800,0.3833,0.3857,0.3824,0.3857,46076.94
1728068400,0.386,0.3862,0.3849,0.3856,57440.16
1728072000,0.3859,0.386,0.384,0.3858,57757.64
1728075600,0.386,0.3861,0.3842,0.3847,94595.15
1728079200,0.3844,0.3851,0.3835,0.384,24125.83
1728082800,0.3843,0.3845,0.3832,0.384,55464.02
1728086400,0.3838,0.3858,0.3838,0.3857,30746.14
1728090000,0.3857,0.3858,0.3828,0.3833,63644.37
1728093600,0.3835,0.3835,0.3801,0.3801,32068.41
1728097200,0.3805,0.3812,0.3794,0.3806,19041.39
1728100800,0.3806,0.3834,0.3799,0.383,29575.97
1728104400,0.3827,0.3844,0.3827,0.3841,11641.61
1728108000,0.3841,0.3856,0.3834,0.3851,13442.02
1728111600,0.385,0.3853,0.3838,0.3838,12772.49
1728115200,0.3843,0.3847,0.383,0.3834,11625.12
1728118800,0.3829,0.3846,0.3829,0.3843,23826.14
1728122400,0.3842,0.3848,0.3836,0.3836,39197.35
1728126000,0.3838,0.3846,0.3838,0.3843,2698.54
1728129600,0.3842,0.385,0.3839,0.3845,25337.77
1728133200,0.3849,0.3853,0.382,0.382,96299.91
1728136800,0.3823,0.3828,0.3806,0.3812,20158.97
1728140400,0.3818,0.3824,0.3805,0.3822,74075.6
1728144000,0.3821,0.3826,0.3793,0.3793,36378.57
1728147600,0.3794,0.38,0.3763,0.3779,235084.31
1728151200,0.3789,0.3799,0.3772,0.3773,29835.97
1728154800,0.377,0.3773,0.3759,0.3768,22416.95
1728158400,0.377,0.3783,0.3761,0.3766,40381.86
1728162000,0.3763,0.3793,0.3763,0.3784,21264.91
1728165600,0.3785,0.3803,0.3783,0.3798,25739.91
1728169200,0.38,0.3801,0.379,0.3794,19833.39
1728172800,0.3795,0.3799,0.378,0.3784,20649.72
1728176400,0.3793,0.3811,0.3792,0.3806,40349.24
1728180000,0.3812,0.3813,0.3793,0.38,7321.36
1728183600,0.3793,0.3802,0.3779,0.3779,8400.45
1728187200,0.3782,0.3791,0.3773,0.3782,7704.39
1728190800,0.3781,0.3786,0.3768,0.3782,76306.2
1728194400,0.3783,0.3793,0.3777,0.3781,8158.65
1728198000,0.3783,0.3786,0.3779,0.3783,9530.35
1728201600,0.3782,0.3792,0.3773,0.3783,15647.34
1728205200,0.3787,0.3805,0.3784,0.3802,32360.56
1728208800,0.3806,0.3806,0.3795,0.3801,3000.68
1728212400,0.3805,0.3814,0.3801,0.3813,9017.18
1728216000,0.3813,0.3824,0.381,0.3824,67066.08
1728219600,0.3825,0.3828,0.3813,0.3814,40702.19
1728223200,0.3811,0.3839,0.381,0.3839,14768.19
1728226800,0.3837,0.3844,0.3825,0.3844,51058.77
1728230400,0.3842,0.385,0.3831,0.3831,117268.24
1728234000,0.3833,0.3844,0.3823,0.3825,43136.26
1728237600,0.3826,0.3834,0.3826,0.3834,31538.24
1728241200,0.3832,0.3835,0.3818,0.382,55382.69
1728244800,0.3816,0.3829,0.3814,0.3819,15835.84
1728248400,0.3818,0.3824,0.3799,0.38,28747.52
1728252000,0.3799,0.3817,0.3798,0.3815,22476.71
1728255600,0.3818,0.3832,0.3817,0.382,63556.29
1728259200,0.3822,0.3872,0.3812,0.3872,45082.72
1728262800,0.3873,0.3895,0.3873,0.3892,22608.65
1728266400,0.3896,0.3898,0.3871,0.3883,64616.93
1728270000,0.3883,0.3889,0.3866,0.3879,38837.81
1728273600,0.3879,0.3885,0.3864,0.3864,21290.49
1728277200,0.3866,0.3879,0.3856,0.386,95837.5
1728280800,0.3859,0.3875,0.3856,0.3872,39599.9
1728284400,0.3874,0.3876,0.3853,0.3858,57786.89
1728288000,0.3856,0.3872,0.3856,0.3865,34350.06
1728291600,0.3867,0.3867,0.3817,0.3831,225717.24
1728295200,0.3829,0.3829,0.3794,0.3816,53189.06
1728298800,0.3814,0.3835,0.379,0.3834,61398.65
1728302400,0.3833,0.3833,0.381,0.3814,29629.19
1728306000,0.3814,0.3852,0.3814,0.3846,22189.5
1728309600,0.3848,0.3881,0.3843,0.3855,172690.27
1728313200,0.3846,0.3857,0.3831,0.3844,68397.88
1728316800,0.3842,0.3852,0.3826,0.3852,66307.69
1728320400,0.3854,0.3854,0.3823,0.3844,96886.71
1728324000,0.3844,0.3848,0.3761,0.3777,189584.75
1728327600,0.3773,0.381,0.3773,0.3803,41900.21
1728331200,0.3805,0.381,0.3781,0.3781,117246.75
1728334800,0.3781,0.3805,0.3781,0.3803,64102.91
1728338400,0.38,0.3801,0.375,0.376,171802.42
1728342000,0.3747,0.3769,0.373,0.3742,89025.21
1728345600,0.3743,0.3776,0.3743,0.3771,98957.88
1728349200,0.3769,0.3775,0.3751,0.3768,56517.65
1728352800,0.3772,0.3775,0.3753,0.3773,31530.83
1728356400,0.3774,0.3776,0.3761,0.3772,32554.64
1728360000,0.3773,0.3781,0.3762,0.3771,43360.35
1728363600,0.377,0.377,0.3734,0.3744,42179.26
1728367200,0.3744,0.3759,0.3725,0.3757,14654.76
1728370800,0.3752,0.3756,0.3716,0.3748,45270.2
1728374400,0.3737,0.3753,0.3733,0.3745,66596.8
1728378000,0.3747,0.3755,0.3733,0.3752,34306.47
1728381600,0.375,0.375,0.3738,0.3745,67290.43
1728385200,0.3746,0.376,0.3745,0.3759,33865.03
1728388800,0.3759,0.3763,0.3737,0.3737,97122.42
1728392400,0.3743,0.3767,0.3724,0.3767,48598.69
1728396000,0.3771,0.3776,0.3729,0.3763,98822.93
1728399600,0.3766,0.3767,0.3702,0.3734,56952.86
1728403200,0.3727,0.3774,0.3712,0.376,118859.29
1728406800,0.376,0.3761,0.3731,0.3747,59980.84
1728410400,0.3748,0.3765,0.3729,0.3746,65726.13
1728414000,0.3746,0.3765,0.3729,0.3765,62582.01
1728417600,0.3765,0.3794,0.3758,0.3778,54000.01
1728421200,0.3778,0.3789,0.3769,0.3786,64750.88
1728424800,0.3781,0.3786,0.3751,0.3751,29901.14
1728428400,0.3754,0.3768,0.3742,0.3765,86352.56
1728432000,0.3762,0.3773,0.3744,0.3759,45658.13
1728435600,0.3763,0.3798,0.3761,0.3786,69555.41
1728439200,0.3783,0.379,0.3772,0.3774,28855.89
1728442800,0.3779,0.3787,0.3766,0.3779,19173.8
1728446400,0.3777,0.3794,0.3775,0.378,36260
1728450000,0.378,0.3808,0.3778,0.3807,92797.16
1728453600,0.3805,0.3805,0.3778,0.3783,32744
1728457200,0.3779,0.3781,0.3764,0.377,35379.35
1728460800,0.3773,0.3773,0.3738,0.3742,38711.78
1728464400,0.3739,0.3762,0.3736,0.376,100721.74
1728468000,0.3762,0.3762,0.3741,0.3754,17434.09
1728471600,0.3754,0.3762,0.3746,0.3755,26649.66
1728475200,0.3759,0.3763,0.3727,0.3733,83238.55
1728478800,0.3738,0.3742,0.3718,0.372,60293.53
1728482400,0.3715,0.3722,0.3702,0.3706,857960.74
1728486000,0.3711,0.3741,0.3711,0.3731,51242.7
1728489600,0.3731,0.3733,0.3712,0.3718,707850.72
1728493200,0.3715,0.3729,0.371,0.3718,211308.14
1728496800,0.3721,0.3725,0.3681,0.3687,532955.55
1728500400,0.3685,0.3697,0.3675,0.369,233354.12
1728504000,0.3683,0.3683,0.3618,0.3619,375668.98
1728507600,0.3617,0.3675,0.361,0.3675,472458.54
1728511200,0.367,0.3673,0.3653,0.3667,94668.75
1728514800,0.3668,0.3678,0.3665,0.3669,41973.09
1728518400,0.3671,0.3677,0.3653,0.3671,25474.49
1728522000,0.3674,0.3695,0.3674,0.3695,44224.09
1728525600,0.369,0.3695,0.3683,0.3686,53106.06
1728529200,0.3682,0.3688,0.3682,0.3683,22870.7
1728532800,0.3681,0.3681,0.3661,0.3675,13898.36
1728536400,0.3675,0.3692,0.3667,0.3689,26125.71
1728540000,0.3687,0.3692,0.3683,0.3688,32281.31
1728543600,0.3689,0.369,0.3664,0.367,49052.91
1728547200,0.367,0.368,0.3651,0.3651,29540.05
1728550800,0.3653,0.3655,0.3619,0.3648,49975.48
1728554400,0.3657,0.3681,0.3657,0.3676,27499.89
1728558000,0.3675,0.3684,0.3668,0.3681,66581.38
1728561600,0.3682,0.3685,0.3653,0.3668,104778.26
1728565200,0.3669,0.3684,0.3646,0.3663,99104.35
1728568800,0.3668,0.367,0.3644,0.3656,128284.58
1728572400,0.3655,0.3681,0.3647,0.3681,106280.71
1728576000,0.3681,0.3695,0.3661,0.3661,123821.07
1728579600,0.3664,0.3665,0.3619,0.3627,209304.4
1728583200,0.3622,0.3647,0.36,0.3647,129913.85
1728586800,0.3648,0.3653,0.3629,0.3651,108105.84
1728590400,0.3649,0.3667,0.3643,0.3659,71791.18
1728594000,0.3658,0.3674,0.3651,0.3671,116104.8
1728597600,0.3673,0.3675,0.366,0.3667,101037.4
1728601200,0.3668,0.3684,0.3668,0.3684,45117.12
1728604800,0.3683,0.3689,0.3676,0.3684,68099.09
1728608400,0.3682,0.3703,0.3666,0.3698,77631.63
1728612000,0.37,0.37,0.3687,0.3698,82923.46
1728615600,0.3701,0.3711,0.3701,0.3706,172012.33
1728619200,0.3707,0.3711,0.3692,0.3699,72500.54
1728622800,0.3699,0.3706,0.3686,0.3688,95267.45
1728626400,0.3689,0.3704,0.3688,0.3698,58770.79
1728630000,0.3699,0.3705,0.3698,0.3698,44542.41
1728633600,0.3703,0.3714,0.3699,0.3706,52300.29
1728637200,0.3705,0.3727,0.3705,0.3722,163723.18
1728640800,0.3723,0.3736,0.3717,0.3727,127102.68
1728644400,0.3728,0.3728,0.3719,0.3725,48887.28
1728648000,0.3728,0.3741,0.3723,0.373,86918.31
1728651600,0.3732,0.3736,0.3718,0.3723,374006.61
1728655200,0.3721,0.3724,0.3704,0.3704,513114.2
1728658800,0.3704,0.373,0.3704,0.3727,425906.27
1728662400,0.3727,0.3731,0.3714,0.3721,453295.43
1728666000,0.3719,0.3736,0.3706,0.3732,492939.36
1728669600,0.3732,0.3735,0.3719,0.3724,224424.61
1728673200,0.3724,0.3745,0.3722,0.373,293140.99
1728676800,0.3732,0.3744,0.3727,0.3739,205630.67
1728680400,0.3738,0.375,0.3735,0.3742,191466.7
1728684000,0.3743,0.3749,0.3732,0.3737,212602.85
1728687600,0.3737,0.3739,0.3728,0.3733,128108.01
1728691200,0.3735,0.3745,0.3732,0.3745,140994.29
1728694800,0.374,0.3749,0.3737,0.3739,174041.1
1728698400,0.3738,0.3739,0.3716,0.3718,260753.65
1728702000,0.3719,0.3725,0.3705,0.3709,257425.67
1728705600,0.3711,0.3731,0.3711,0.3728,242953.89
1728709200,0.3731,0.3734,0.3721,0.3729,239291.07
1728712800,0.3737,0.374,0.3732,0.3734,218327.42
1728716400,0.3735,0.3742,0.3721,0.374,212166.94
1728720000,0.374,0.3747,0.3727,0.3739,287374.08
1728723600,0.3739,0.3744,0.3728,0.3738,239486.77
1728727200,0.3736,0.3748,0.3732,0.3748,290006.96
1728730800,0.3748,0.3758,0.3731,0.3733,302266.29
1728734400,0.3734,0.3739,0.3724,0.3733,279386.52
1728738000,0.3732,0.3742,0.3727,0.3735,245542.45
1728741600,0.3737,0.3757,0.3731,0.3741,354059.14
1728745200,0.3741,0.3751,0.373,0.3732,225672.62
1728748800,0.3733,0.3749,0.3725,0.3725,269170.72
1728752400,0.3725,0.3733,0.372,0.3721,223336.59
1728756000,0.3722,0.3724,0.3708,0.3715,239594.64
1728759600,0.3713,0.3717,0.3706,0.3714,227747.92
1728763200,0.3712,0.3722,0.371,0.3716,235873.75
1728766800,0.3716,0.3725,0.3713,0.3718,243201.56
1728770400,0.3721,0.3728,0.3711,0.3725,233003.39
1728774000,0.3724,0.3727,0.3711,0.3717,230486.55
1728777600,0.3717,0.372,0.3709,0.3711,274188.1
1728781200,0.3711,0.3711,0.3684,0.3689,247208.62
1728784800,0.3691,0.3701,0.3689,0.3699,219329.99
1728788400,0.3701,0.3701,0.3675,0.3678,221874.5
1728792000,0.3679,0.3696,0.3679,0.3695,211265.97
1728795600,0.3696,0.371,0.3689,0.369,210777.38
1728799200,0.369,0.3694,0.3683,0.3684,234039.04
1728802800,0.3685,0.3688,0.3678,0.3687,214398.48
1728806400,0.3687,0.3697,0.3678,0.3679,200831.4
1728810000,0.3679,0.3691,0.3679,0.3688,173879.95
1728813600,0.3687,0.3689,0.3673,0.3673,199462.59
1728817200,0.3674,0.3683,0.3634,0.3664,468521.03
1728820800,0.3662,0.3682,0.3662,0.3672,244616.07
1728824400,0.3671,0.3682,0.367,0.3679,278412.91
1728828000,0.3678,0.3678,0.363,0.3634,536550.42
1728831600,0.3629,0.3649,0.3613,0.3628,407566.33
1728835200,0.3626,0.3649,0.3614,0.3641,318775.67
1728838800,0.3638,0.3647,0.3617,0.3618,784094.91
1728842400,0.3617,0.3634,0.3608,0.3615,342500.16
1728846000,0.3615,0.3632,0.3614,0.3624,296080.52
1728849600,0.3624,0.3627,0.3615,0.3624,359906.98
1728853200,0.3626,0.3646,0.3623,0.3638,293087.22
1728856800,0.3638,0.3668,0.3637,0.365,395607.02
1728860400,0.3647,0.3662,0.3636,0.3662,319386.22
1728864000,0.3662,0.3665,0.3633,0.3636,372546.24
1728867600,0.3637,0.367,0.3635,0.3652,354766.18
1728871200,0.365,0.3652,0.3631,0.3648,314179.49
1728874800,0.3648,0.3711,0.3647,0.3706,803526.83
1728878400,0.3709,0.3728,0.3706,0.3711,181691.32
1728882000,0.3711,0.3717,0.3692,0.3703,177981.75
1728885600,0.3707,0.3726,0.3642,0.3715,814773.82
1728889200,0.3714,0.3727,0.3705,0.3723,400724.93
1728892800,0.3722,0.3731,0.3712,0.3714,333636.28
1728896400,0.3711,0.3733,0.3711,0.3727,327489.49
1728900000,0.3727,0.374,0.3724,0.3726,408350.42
1728903600,0.3728,0.3734,0.3721,0.3725,295897.6
1728907200,0.373,0.3736,0.3718,0.3723,201136.58
1728910800,0.3722,0.3739,0.3718,0.3737,136508.98
1728914400,0.3737,0.3759,0.3737,0.3744,494318.95
1728918000,0.3745,0.3758,0.3734,0.3752,191786.21
1728921600,0.3751,0.376,0.3734,0.3743,197796.59
1728925200,0.3742,0.3757,0.3738,0.3748,138846.76
1728928800,0.375,0.3767,0.3745,0.3761,145415.32
1728932400,0.3759,0.3767,0.375,0.3753,112244.56
1728936000,0.3753,0.376,0.3751,0.3752,100294.19
1728939600,0.3753,0.376,0.3737,0.3746,170271.65
1728943200,0.3746,0.3777,0.3746,0.3776,102762.83
1728946800,0.3776,0.3776,0.3755,0.3761,184665.83
1728950400,0.376,0.3779,0.3752,0.3765,122088.83
1728954000,0.3765,0.378,0.3764,0.3776,113053.81
1728957600,0.3773,0.3786,0.3763,0.3782,95702.73
1728961200,0.378,0.3782,0.3745,0.3745,105295.96
1728964800,0.3746,0.3763,0.3739,0.3755,56711.39
1728968400,0.3757,0.3757,0.3725,0.3726,96636.83
1728972000,0.3729,0.3744,0.3716,0.374,127702.36
1728975600,0.3741,0.3758,0.3741,0.3747,177044.85
1728979200,0.3752,0.3758,0.3747,0.3747,152690.74
1728982800,0.375,0.3753,0.3734,0.3737,94199.81
1728986400,0.374,0.3758,0.3738,0.3748,118921.31
1728990000,0.3751,0.3755,0.3667,0.3684,392145.04
1728993600,0.3682,0.3731,0.3681,0.3719,195888.33
1728997200,0.3719,0.3767,0.3685,0.3767,444240.25
1729000800,0.3766,0.3777,0.3654,0.367,548425.26
1729004400,0.3671,0.3705,0.3611,0.3691,389808.63
1729008000,0.369,0.3749,0.3679,0.3717,224383.01
1729011600,0.3711,0.3725,0.3691,0.3712,253554.21
1729015200,0.3715,0.3728,0.3702,0.3705,131732.4
1729018800,0.3702,0.3709,0.3677,0.3705,180681.61
1729022400,0.3703,0.3705,0.3651,0.3657,132805.39
1729026000,0.3656,0.3682,0.3654,0.3677,79420.22
1729029600,0.3676,0.369,0.3669,0.3687,53225.14
1729033200,0.3686,0.3711,0.3686,0.3708,34068.44
1729036800,0.3705,0.3707,0.369,0.3697,63623.47
1729040400,0.3695,0.373,0.3683,0.3723,85583.31
1729044000,0.3727,0.3741,0.3714,0.3714,47775.17
1729047600,0.3714,0.3717,0.3698,0.3703,79891.04
1729051200,0.3702,0.3711,0.3676,0.3693,60623.4
1729054800,0.3692,0.371,0.3692,0.37,101634.93
1729058400,0.3701,0.3712,0.3683,0.3692,191134.14
1729062000,0.3689,0.3689,0.3667,0.3674,65721.36
1729065600,0.3672,0.369,0.367,0.3684,107856.87
1729069200,0.3687,0.3705,0.3681,0.3705,96873.24
1729072800,0.3705,0.3729,0.3701,0.3712,216146.21
1729076400,0.3708,0.3737,0.3699,0.3731,89456.64
1729080000,0.3727,0.3735,0.3711,0.3713,143091.82
1729083600,0.3715,0.3724,0.3687,0.3698,185062.28
1729087200,0.3699,0.3727,0.3684,0.37,123399.61
1729090800,0.3698,0.3712,0.3683,0.3694,93820.18
1729094400,0.3693,0.3702,0.3674,0.3698,169694.06
1729098000,0.3696,0.3711,0.3692,0.37,94702.1
1729101600,0.3699,0.371,0.3654,0.369,372183.39
1729105200,0.3691,0.37,0.3685,0.3692,79810.96
1729108800,0.3694,0.3724,0.3694,0.3712,257463.37
1729112400,0.3712,0.3718,0.3704,0.371,70200.88
1729116000,0.3711,0.3731,0.371,0.3727,34441.81
1729119600,0.3728,0.3731,0.3709,0.3715,90467.75
1729123200,0.3715,0.3733,0.3713,0.3716,73224.79
1729126800,0.3719,0.3736,0.3706,0.3734,68766.67
1729130400,0.3734,0.3737,0.3707,0.3707,101672.83
1729134000,0.3706,0.3727,0.3706,0.3725,30352.86
1729137600,0.3723,0.3726,0.3693,0.3695,50088.75
1729141200,0.3695,0.3702,0.3683,0.3685,47322.19
1729144800,0.3684,0.3694,0.3674,0.3678,45402.71
1729148400,0.3678,0.3684,0.3671,0.3684,74691.28
1729152000,0.3686,0.369,0.3674,0.3685,162533.67
1729155600,0.3684,0.3691,0.3673,0.3677,65847.3
1729159200,0.3674,0.3674,0.3634,0.3657,78034.41
1729162800,0.3658,0.3658,0.3634,0.364,59034.52
1729166400,0.3635,0.3661,0.3629,0.3655,103943.27
1729170000,0.3658,0.3667,0.3635,0.3651,38342.46
1729173600,0.365,0.3689,0.3625,0.3666,288584.41
1729177200,0.3665,0.3689,0.365,0.3684,141307.77
1729180800,0.3676,0.3676,0.3648,0.3652,37610.37
1729184400,0.3655,0.3664,0.3634,0.3644,123205.71
1729188000,0.3638,0.3643,0.3616,0.3635,624699.44
1729191600,0.3632,0.3652,0.3626,0.3647,24936.3
1729195200,0.3644,0.3657,0.3643,0.3648,149017.6
1729198800,0.3648,0.3666,0.3639,0.3647,138346.64
1729202400,0.3647,0.3663,0.3645,0.3662,84488.43
1729206000,0.3661,0.3661,0.365,0.3658,38825
1729209600,0.3659,0.366,0.3617,0.3651,232914.95
1729213200,0.365,0.3698,0.3648,0.3692,93860.52
1729216800,0.3688,0.3696,0.3675,0.369,39297.91
1729220400,0.3686,0.3689,0.3661,0.3661,41085.54
1729224000,0.3664,0.3673,0.3661,0.3661,57856.54
1729227600,0.3664,0.3681,0.3657,0.3681,9179.63
1729231200,0.369,0.3697,0.3689,0.3693,75031.57
1729234800,0.3695,0.3699,0.3685,0.3697,65546.4
1729238400,0.3698,0.3702,0.3685,0.3686,49058.47
1729242000,0.3684,0.3685,0.3669,0.3669,57409.34
1729245600,0.3669,0.3681,0.3667,0.3678,52373.35
1729249200,0.3675,0.3683,0.3659,0.3659,30456.66
1729252800,0.3669,0.3671,0.364,0.3649,33777.59
1729256400,0.3647,0.3671,0.3647,0.3665,153391.72
1729260000,0.3671,0.3678,0.3651,0.367,115173.54
1729263600,0.3674,0.368,0.3663,0.3674,90647.83
1729267200,0.3674,0.3687,0.3657,0.3687,298215.07
1729270800,0.3684,0.3689,0.3673,0.3678,72421.92
1729274400,0.3675,0.37,0.3672,0.3696,172408.92
1729278000,0.3695,0.3701,0.3675,0.3678,74708.36
1729281600,0.3678,0.368,0.3665,0.367,60308.59
1729285200,0.3672,0.368,0.3668,0.3677,48282.56
1729288800,0.3677,0.3688,0.3673,0.3677,107111.52
1729292400,0.3677,0.3702,0.3677,0.3698,84071.85
1729296000,0.3701,0.3729,0.3701,0.3715,154778.92
1729299600,0.3714,0.3721,0.3709,0.3711,72465.84
1729303200,0.3711,0.3748,0.3709,0.3747,133347.08
1729306800,0.3749,0.3771,0.3748,0.3755,175940.55
1729310400,0.3756,0.3763,0.3731,0.3733,26091.43
1729314000,0.3734,0.3758,0.3734,0.3752,44705.44
1729317600,0.3753,0.3753,0.3742,0.3744,31155.38
1729321200,0.3743,0.3746,0.3728,0.3732,62155.65
1729324800,0.3738,0.3755,0.3738,0.3755,18384.51
1729328400,0.3751,0.3759,0.3744,0.375,35646.8
1729332000,0.3756,0.3758,0.3727,0.3736,111783.89
1729335600,0.3736,0.3744,0.3713,0.3715,36086.89
1729339200,0.3715,0.3738,0.3715,0.373,68789.46
1729342800,0.373,0.3732,0.371,0.3712,61136.69
1729346400,0.3712,0.3737,0.371,0.3737,61757.31
1729350000,0.3738,0.3742,0.3723,0.3727,27825.39
1729353600,0.3725,0.3729,0.3706,0.3708,20414.63
1729357200,0.3706,0.3719,0.3702,0.371,40682.07
1729360800,0.3709,0.3722,0.3709,0.3717,33665.68
1729364400,0.3715,0.3724,0.3709,0.3713,44488.77
1729368000,0.3714,0.3722,0.371,0.371,23716.54
1729371600,0.3712,0.372,0.3707,0.3707,33036.56
1729375200,0.3708,0.3725,0.3704,0.3723,32891.75
1729378800,0.3721,0.3723,0.3711,0.3717,87694.84
1729382400,0.3719,0.3725,0.3704,0.3707,55630.79
1729386000,0.3705,0.3706,0.3697,0.37,17353.06
1729389600,0.3701,0.3705,0.3687,0.3694,20369.2
1729393200,0.3694,0.3698,0.3679,0.3698,51002.13
1729396800,0.3695,0.37,0.3684,0.3696,14919.42
1729400400,0.3697,0.3709,0.3687,0.3692,12637.81
1729404000,0.3692,0.3703,0.3688,0.3703,45733.62
1729407600,0.3703,0.3708,0.3695,0.3695,19189.66
1729411200,0.3702,0.3707,0.3694,0.3696,23402.15
1729414800,0.37,0.3709,0.3694,0.3707,50197.3
1729418400,0.3707,0.3708,0.3696,0.3702,14444.62
1729422000,0.3699,0.371,0.3698,0.3705,49424.06
1729425600,0.3708,0.3714,0.3693,0.3697,107912.68
1729429200,0.3704,0.3804,0.3704,0.3794,403541.04
1729432800,0.3802,0.3835,0.38,0.3812,398315.21
1729436400,0.3817,0.382,0.377,0.3815,258971.52
1729440000,0.3814,0.3817,0.3792,0.3792,116492.93
1729443600,0.3793,0.3799,0.3775,0.3787,45997.53
1729447200,0.379,0.3807,0.3788,0.3796,54765.78
1729450800,0.3796,0.3803,0.3783,0.3797,84904.84
1729454400,0.3797,0.381,0.3791,0.3803,48390.81
1729458000,0.3806,0.381,0.3795,0.381,77793.51
1729461600,0.3811,0.3848,0.3809,0.3833,102434.25
1729465200,0.3834,0.3857,0.3826,0.3854,133552.75
1729468800,0.3853,0.3882,0.3839,0.3851,150706.88
1729472400,0.3851,0.3865,0.3843,0.3852,35457.04
1729476000,0.3855,0.3858,0.3815,0.3815,63903.87
1729479600,0.3819,0.3822,0.3806,0.3817,70379.9
1729483200,0.3818,0.3827,0.3808,0.3824,36007.88
1729486800,0.3831,0.3842,0.3828,0.3842,35985.01
1729490400,0.384,0.3847,0.3808,0.3812,74369.28
1729494000,0.3808,0.3818,0.3792,0.3793,53159.24
1729497600,0.3796,0.3806,0.3775,0.3781,117931.55
1729501200,0.3776,0.3789,0.3745,0.377,503590.2
1729504800,0.3773,0.3782,0.3758,0.3758,58599.04
1729508400,0.3759,0.3786,0.3753,0.3772,82467.53
1729512000,0.3774,0.3784,0.3749,0.3763,80239.38
1729515600,0.376,0.377,0.3685,0.371,201204.05
1729519200,0.3713,0.3728,0.3707,0.3727,76597.56
1729522800,0.3727,0.3728,0.3708,0.3728,157431.22
1729526400,0.3726,0.3726,0.3695,0.3723,158136.48
1729530000,0.3724,0.3748,0.3721,0.3738,106093.92
1729533600,0.3736,0.3736,0.371,0.3723,71906.46
1729537200,0.3721,0.3748,0.3721,0.3742,48303.68
1729540800,0.3742,0.3743,0.3729,0.3736,19629.27
1729544400,0.3734,0.3744,0.3719,0.3728,74665.67
1729548000,0.3729,0.3736,0.3723,0.3732,31699.39
1729551600,0.3731,0.3731,0.3707,0.3708,61585.85
1729555200,0.3713,0.3719,0.368,0.371,243896.67
1729558800,0.371,0.3731,0.37,0.3723,205604.01
1729562400,0.3725,0.3737,0.3706,0.3708,93231.79
1729566000,0.3707,0.373,0.3706,0.3724,181660.45
1729569600,0.3723,0.3731,0.3713,0.3717,148509.34
1729573200,0.3721,0.3738,0.3721,0.3731,25652.61
1729576800,0.373,0.3742,0.3727,0.3727,21019.89
1729580400,0.373,0.374,0.3718,0.372,26661.99
1729584000,0.3717,0.3721,0.3652,0.3652,107088.5
1729587600,0.3658,0.3669,0.3639,0.3658,383347.27
1729591200,0.3662,0.3673,0.365,0.367,51197.25
1729594800,0.3666,0.3676,0.3666,0.3666,77670.66
1729598400,0.3658,0.3672,0.364,0.3652,70763.72
1729602000,0.3652,0.3665,0.3635,0.3656,100395.08
1729605600,0.3651,0.3679,0.3644,0.3673,175395.57
1729609200,0.3677,0.3677,0.3651,0.3663,122795.42
1729612800,0.366,0.3661,0.3632,0.3636,105387.71
1729616400,0.3636,0.3666,0.3633,0.3664,112034.98
1729620000,0.3664,0.3669,0.3645,0.3645,40403.49
1729623600,0.3647,0.3668,0.3647,0.3661,27049.94
1729627200,0.3656,0.3662,0.3637,0.365,90256.8
1729630800,0.3646,0.3664,0.3645,0.3661,24767.18
1729634400,0.3661,0.3677,0.3656,0.3673,36875.32
1729638000,0.3669,0.3675,0.3657,0.3665,42266.65
1729641600,0.3664,0.3665,0.3643,0.3647,46046.87
1729645200,0.3647,0.3656,0.364,0.3648,57477.37
1729648800,0.3652,0.3654,0.3637,0.3641,88099.76
1729652400,0.3637,0.3648,0.3625,0.3642,86592.76
1729656000,0.3639,0.3643,0.3629,0.364,19007.91
1729659600,0.3635,0.3642,0.3628,0.3631,15562.46
1729663200,0.3635,0.3653,0.3629,0.3629,33817.25
1729666800,0.3629,0.3642,0.3616,0.3617,128178.18
1729670400,0.3617,0.3628,0.3582,0.3593,230810.02
1729674000,0.3597,0.3608,0.359,0.3598,60812.09
1729677600,0.3598,0.3611,0.3592,0.3596,34928.48
1729681200,0.3595,0.3607,0.3591,0.3594,110730.7
1729684800,0.3595,0.3598,0.356,0.358,99115.35
1729688400,0.358,0.3604,0.3571,0.3601,84826.57
1729692000,0.3595,0.3595,0.3571,0.3574,88875.13
1729695600,0.3573,0.358,0.352,0.3546,727749.56
1729699200,0.3548,0.355,0.35,0.3504,265862.92
1729702800,0.3506,0.354,0.3503,0.3503,138352.61
1729706400,0.3502,0.3512,0.3458,0.3509,326855.89
1729710000,0.351,0.3532,0.35,0.3532,220547.18
1729713600,0.3529,0.3545,0.3529,0.3545,101011.93
1729717200,0.3543,0.3543,0.353,0.3532,59343.86
1729720800,0.3532,0.3551,0.3532,0.3545,59404.25
1729724400,0.3544,0.3555,0.3541,0.3549,79963.81
1729728000,0.3549,0.3583,0.3537,0.3582,75083.93
1729731600,0.3583,0.3592,0.3565,0.3573,77193.8
1729735200,0.3574,0.3584,0.3565,0.3584,44518.8
1729738800,0.3583,0.3583,0.3567,0.3567,61766.41
1729742400,0.3566,0.3577,0.3564,0.3575,50703.23
1729746000,0.3575,0.3584,0.3574,0.3583,96490.63
1729749600,0.3583,0.3586,0.3571,0.3571,51025.71
1729753200,0.3572,0.3577,0.3553,0.3558,82436.48
1729756800,0.3556,0.3569,0.3529,0.3529,65109.69
1729760400,0.3529,0.3542,0.352,0.3535,56898.02
1729764000,0.3538,0.3549,0.3522,0.3526,140800.64
1729767600,0.3524,0.3549,0.3524,0.3538,120939.57
1729771200,0.3538,0.3552,0.3538,0.3549,65831.41
1729774800,0.3553,0.3565,0.3542,0.3557,88947.06
1729778400,0.3558,0.3558,0.3536,0.3546,177189.14
1729782000,0.3546,0.3564,0.3541,0.3553,45288.06
1729785600,0.3554,0.3567,0.354,0.3558,197682.89
1729789200,0.3558,0.3564,0.3549,0.356,66820.92
1729792800,0.3559,0.3576,0.3559,0.3567,113875.79
1729796400,0.3569,0.358,0.3564,0.3578,131801
1729800000,0.3576,0.3577,0.3566,0.3568,136926
1729803600,0.3572,0.3591,0.3566,0.3568,74551.81
1729807200,0.3571,0.3577,0.356,0.3561,56130.52
1729810800,0.356,0.3563,0.3551,0.3561,46117.05
1729814400,0.3562,0.3563,0.353,0.3535,156984.34
1729818000,0.3536,0.3536,0.3511,0.3516,160628.4
1729821600,0.3516,0.3518,0.3501,0.3507,309602.2
1729825200,0.3507,0.3518,0.3496,0.3504,310511.75
1729828800,0.3505,0.3508,0.3462,0.3467,314178.44
1729832400,0.3469,0.3494,0.3462,0.3485,64515.36
1729836000,0.3485,0.3498,0.3478,0.3486,38324.54
1729839600,0.3487,0.3494,0.3463,0.3484,88800.99
1729843200,0.3486,0.3497,0.3458,0.3492,41893.14
1729846800,0.3492,0.3515,0.3492,0.3514,24090.48
1729850400,0.3514,0.3519,0.3507,0.3516,34516.16
1729854000,0.3518,0.3523,0.3509,0.3515,62490.67
1729857600,0.3522,0.3525,0.3502,0.3502,57484.26
1729861200,0.3504,0.351,0.349,0.3504,76120.97
1729864800,0.3504,0.3521,0.3498,0.3506,58400.38
1729868400,0.3509,0.3509,0.3414,0.3438,408046.89
1729872000,0.3433,0.3442,0.34,0.3428,176918.67
1729875600,0.343,0.3436,0.3348,0.3358,205285.92
1729879200,0.335,0.3394,0.3294,0.3304,583590.21
1729882800,0.3303,0.3326,0.3288,0.3321,255968.8
1729886400,0.332,0.3347,0.3311,0.3324,171923.14
1729890000,0.3332,0.3361,0.3328,0.3361,185150.28
1729893600,0.3361,0.3362,0.3319,0.3319,123784.34
1729897200,0.3319,0.3327,0.3063,0.322,756534.85
1729900800,0.321,0.3235,0.3188,0.3222,382943.37
1729904400,0.3223,0.3233,0.3214,0.3228,78064.84
1729908000,0.3225,0.325,0.3204,0.3236,82357.46
1729911600,0.3232,0.3257,0.323,0.3255,115181.77
1729915200,0.3253,0.3258,0.3247,0.3256,55266.18
1729918800,0.3261,0.3285,0.3245,0.3255,498182.48
1729922400,0.3254,0.3269,0.3246,0.3259,40123.02
1729926000,0.326,0.3261,0.3253,0.3256,45292.3
1729929600,0.3254,0.327,0.3254,0.3267,23988.3
1729933200,0.3264,0.3275,0.3259,0.326,49081.51
1729936800,0.3262,0.3268,0.3251,0.3255,26794.38
1729940400,0.3256,0.3271,0.3253,0.3271,79260.13
1729944000,0.3268,0.3275,0.3266,0.3273,71036.93
1729947600,0.3273,0.3273,0.3243,0.3244,133848.89
1729951200,0.3244,0.3248,0.3193,0.3193,96992.21
1729954800,0.3197,0.322,0.3187,0.3217,67709.5
1729958400,0.3212,0.3212,0.3212,0.3212,46.1
1729962000,0.3197,0.3341,0.3196,0.326,32686.44
1729965600,0.326,0.3266,0.3252,0.3259,184043.64
1729969200,0.326,0.3272,0.3258,0.3271,48799.07
1729972800,0.327,0.33,0.327,0.3278,88164.17
1729976400,0.3279,0.3282,0.3274,0.3274,24855.31
1729980000,0.3274,0.3288,0.3274,0.3284,16116.97
1729983600,0.3285,0.3291,0.3279,0.3284,22665.37
1729987200,0.3285,0.3285,0.3268,0.3272,60495.76
1729990800,0.3271,0.3288,0.3268,0.3283,27729.61
1729994400,0.3285,0.3291,0.3275,0.3278,10171.77
1729998000,0.3276,0.3295,0.3274,0.3293,8650.48
1730001600,0.3293,0.3295,0.3289,0.3292,26348.82
1730005200,0.3292,0.3297,0.3289,0.3292,20462.32
1730008800,0.3289,0.329,0.3272,0.3272,48886.71
1730012400,0.3273,0.3279,0.3271,0.3275,15733.13
1730016000,0.3277,0.3286,0.3277,0.3279,16491.98
1730019600,0.3271,0.3271,0.3254,0.3262,25128.18
1730023200,0.3262,0.3268,0.3252,0.3254,25531.34
1730026800,0.3251,0.3267,0.3251,0.3263,5872.89
1730030400,0.3261,0.3284,0.3259,0.3273,15601.3
1730034000,0.3275,0.3296,0.3275,0.3284,38384.62
1730037600,0.3289,0.3298,0.3287,0.3296,89329.58
1730041200,0.3294,0.3305,0.3293,0.3303,52711.18
1730044800,0.3308,0.3317,0.3302,0.3307,37980.97
1730048400,0.3312,0.3312,0.3293,0.3296,44700.56
1730052000,0.3296,0.3301,0.3268,0.3269,33310.16
1730055600,0.3268,0.3282,0.3265,0.3273,79665.55
1730059200,0.3275,0.3289,0.3272,0.3284,50495.2
1730062800,0.3284,0.3303,0.3282,0.3296,41540.54
1730066400,0.3299,0.3314,0.3293,0.3294,93074.8
1730070000,0.3298,0.3314,0.3298,0.3304,89635.17
1730073600,0.3301,0.3303,0.3288,0.3289,67442.88
1730077200,0.3288,0.3294,0.3283,0.3284,68108.19
1730080800,0.3284,0.3292,0.3277,0.3277,39634.13
1730084400,0.3277,0.3283,0.3243,0.3249,96768.58
1730088000,0.3243,0.3256,0.3225,0.3241,120902.09
1730091600,0.3231,0.3245,0.3202,0.3238,86190.37
1730095200,0.3235,0.3248,0.3228,0.3245,42208.61
1730098800,0.3245,0.3287,0.3245,0.3279,191227.44
1730102400,0.3278,0.3298,0.3278,0.3287,161114.86
1730106000,0.3285,0.3289,0.3264,0.3281,62364.58
1730109600,0.3276,0.3282,0.3266,0.3269,46705
1730113200,0.3271,0.3271,0.3251,0.3256,60521.05
1730116800,0.3257,0.3281,0.3239,0.326,185164.62
1730120400,0.327,0.3275,0.325,0.3251,106840.31
1730124000,0.325,0.3259,0.3197,0.3237,1515815.57
1730127600,0.3235,0.3237,0.3125,0.3143,3504667.29
1730131200,0.3137,0.3176,0.3127,0.3149,251459.22
1730134800,0.3151,0.3187,0.3126,0.3174,255129.6
1730138400,0.3174,0.3191,0.3151,0.3174,163782.06
1730142000,0.3171,0.321,0.3171,0.3201,221497.46
1730145600,0.3201,0.3213,0.3197,0.3213,61739.22
1730149200,0.3213,0.3246,0.3211,0.3246,65345.59
1730152800,0.3246,0.3285,0.3246,0.3264,231767.67
1730156400,0.3269,0.3274,0.325,0.3253,139794.96
1730160000,0.3255,0.3258,0.3235,0.3247,135927.32
1730163600,0.3249,0.326,0.3239,0.3258,84267.26
1730167200,0.3259,0.3312,0.3257,0.3296,123803.25
1730170800,0.33,0.3313,0.3299,0.3309,142488.79
1730174400,0.331,0.3333,0.3308,0.3318,101256.73
1730178000,0.3319,0.3326,0.3303,0.3322,42283.98
1730181600,0.3325,0.3358,0.3325,0.3336,494176.28
1730185200,0.3339,0.3342,0.3281,0.3282,481066.7
1730188800,0.3279,0.3321,0.3279,0.3309,147587.62
1730192400,0.3309,0.3315,0.3301,0.3313,108205.89
1730196000,0.3316,0.3316,0.3295,0.3311,146517.62
1730199600,0.3313,0.3321,0.3309,0.3314,67116.12
1730203200,0.3317,0.3324,0.3308,0.3312,87414.65
1730206800,0.331,0.334,0.331,0.334,250521.18
1730210400,0.3338,0.3342,0.3314,0.3327,145201.03
1730214000,0.3324,0.3348,0.332,0.3348,237552.47
1730217600,0.3347,0.3383,0.3347,0.3374,192246.51
1730221200,0.3373,0.3384,0.3359,0.3359,148082.48
1730224800,0.3361,0.3377,0.3351,0.3374,127990.92
1730228400,0.3373,0.3385,0.3319,0.3323,265553.84
1730232000,0.3321,0.3327,0.3291,0.3312,88679.9
1730235600,0.331,0.3324,0.3303,0.3321,138956.43
1730239200,0.3323,0.3363,0.3318,0.335,133380.71
1730242800,0.3352,0.3354,0.3341,0.3352,105322.05
1730246400,0.3351,0.3351,0.3314,0.3326,119113.13
1730250000,0.3325,0.3329,0.3301,0.3327,85693.17
1730253600,0.3327,0.334,0.3325,0.3329,56156.36
1730257200,0.3329,0.3348,0.3328,0.3338,60085.34
1730260800,0.3338,0.3351,0.3335,0.3342,74116.74
1730264400,0.3342,0.3348,0.3335,0.3346,72312.99
1730268000,0.3348,0.3377,0.3348,0.3349,59067.45
1730271600,0.3347,0.3362,0.3338,0.3339,60839.67
1730275200,0.3339,0.3363,0.3316,0.3316,121850.73
1730278800,0.3316,0.3348,0.3316,0.3346,90129.46
1730282400,0.3346,0.3346,0.3323,0.3327,180827.27
1730286000,0.3325,0.3326,0.3298,0.3301,76553.42
1730289600,0.3295,0.3318,0.3282,0.3315,123268.68
1730293200,0.3313,0.3335,0.3301,0.3333,100999.86
1730296800,0.3331,0.3369,0.3331,0.336,235433.42
1730300400,0.3357,0.3359,0.332,0.333,182385.45
1730304000,0.3332,0.3338,0.3296,0.3331,734027.39
1730307600,0.3329,0.3331,0.3316,0.3324,107311.23
1730311200,0.3323,0.3341,0.3321,0.3332,83513.45
1730314800,0.333,0.3335,0.3313,0.3313,222803.46
1730318400,0.3313,0.3341,0.33,0.3341,160178.17
1730322000,0.3342,0.3342,0.3305,0.3321,245259.03
1730325600,0.3321,0.3329,0.3312,0.3321,31914.38
1730329200,0.3326,0.3339,0.3322,0.3322,55328.93
1730332800,0.3324,0.3336,0.3299,0.3301,150038.75
1730336400,0.3301,0.3307,0.3274,0.3296,186044.11
1730340000,0.3294,0.3314,0.3284,0.33,93640.69
1730343600,0.33,0.3305,0.3288,0.3292,84917.31
1730347200,0.329,0.3298,0.3285,0.3288,47726.53
1730350800,0.3288,0.3297,0.3286,0.3287,173745.3
1730354400,0.3289,0.3292,0.3265,0.327,39405.2
1730358000,0.3268,0.3279,0.3253,0.3268,38326.09
1730361600,0.3268,0.3268,0.3234,0.3251,237385.44
1730365200,0.3251,0.3264,0.3249,0.3253,50817.17
1730368800,0.3252,0.3266,0.324,0.326,86216.91
1730372400,0.3268,0.3268,0.3245,0.325,129064.32
1730376000,0.325,0.3269,0.3248,0.3267,91682.39
1730379600,0.3267,0.3271,0.3228,0.3228,188600.49
1730383200,0.3229,0.3229,0.3185,0.3201,836666.69
1730386800,0.3205,0.3227,0.3203,0.3217,101378.35
1730390400,0.3214,0.3218,0.32,0.3218,61406.42
1730394000,0.3215,0.3222,0.3167,0.3187,189989.34
1730397600,0.3185,0.3188,0.3152,0.3183,297963.09
1730401200,0.3184,0.3195,0.3173,0.3173,411495.8
1730404800,0.3175,0.319,0.3169,0.3188,256264.53
1730408400,0.3188,0.321,0.3182,0.3205,63247.67
1730412000,0.3206,0.3206,0.3187,0.3201,47867.02
1730415600,0.3203,0.3215,0.3196,0.3204,32271
1730419200,0.3201,0.3215,0.3201,0.3207,46108.11
1730422800,0.3203,0.3205,0.3165,0.3174,99198.46
1730426400,0.3176,0.3186,0.3144,0.3186,108851.83
1730430000,0.3187,0.3202,0.3183,0.3185,102813.63
1730433600,0.3186,0.3198,0.3186,0.3191,18800.5
1730437200,0.3197,0.3198,0.3187,0.3187,49020.95
1730440800,0.3187,0.3187,0.3141,0.3141,49186
1730444400,0.314,0.315,0.3121,0.3137,86042.39
1730448000,0.3139,0.3163,0.3134,0.316,52343.11
1730451600,0.316,0.3179,0.3156,0.3175,121921.06
1730455200,0.3176,0.3206,0.3174,0.3199,43582.4
1730458800,0.3201,0.3217,0.3199,0.3207,85230.97
1730462400,0.3206,0.3226,0.3203,0.3221,134928.33
1730466000,0.3221,0.3244,0.3211,0.3244,111821.29
1730469600,0.3245,0.325,0.3216,0.3226,591548.62
1730473200,0.3226,0.3228,0.3125,0.3154,151457.27
1730476800,0.3153,0.32,0.3151,0.3191,127510.3
1730480400,0.3191,0.3199,0.3178,0.3188,81215.79
1730484000,0.3186,0.3195,0.3173,0.3181,80546.27
1730487600,0.3176,0.3186,0.3164,0.3186,83354.39
1730491200,0.3182,0.3198,0.3181,0.3186,89249.78
1730494800,0.3181,0.3181,0.3141,0.3167,142369.92
1730498400,0.3167,0.3172,0.3156,0.3167,20812.6
1730502000,0.3162,0.3183,0.3162,0.3181,83965.47
1730505600,0.3182,0.3197,0.3181,0.3182,133720.89
1730509200,0.3183,0.319,0.3171,0.319,16853.32
1730512800,0.3189,0.3207,0.3189,0.3192,76596.61
1730516400,0.3192,0.3196,0.3177,0.3184,25458.68
1730520000,0.3182,0.3197,0.3178,0.3182,29337.09
1730523600,0.3181,0.3194,0.3172,0.3189,40338.54
1730527200,0.3192,0.3194,0.318,0.319,51626.98
1730530800,0.3191,0.3198,0.3186,0.3198,22991.22
1730534400,0.3199,0.3199,0.3178,0.3178,35971.85
1730538000,0.3173,0.3178,0.3163,0.3166,99351.71
1730541600,0.3165,0.317,0.3159,0.3162,46434.25
1730545200,0.3164,0.3172,0.316,0.3165,37428.48
1730548800,0.3166,0.317,0.3126,0.3128,77078.19
1730552400,0.3132,0.3156,0.3116,0.3117,101271.8
1730556000,0.3115,0.3131,0.3108,0.3129,71264.17
1730559600,0.3124,0.3141,0.3106,0.3141,87409.16
1730563200,0.314,0.3153,0.3127,0.3149,92731.12
1730566800,0.3148,0.3148,0.3116,0.3118,132028.32
1730570400,0.3118,0.3125,0.3104,0.3116,92196.34
1730574000,0.3116,0.3127,0.3112,0.3121,42923.78
1730577600,0.3121,0.3138,0.3119,0.3136,43767.84
1730581200,0.3137,0.3138,0.3128,0.3131,110748.22
1730584800,0.3129,0.3148,0.3124,0.3131,241355.57
1730588400,0.3131,0.3132,0.3112,0.3129,48531.17
1730592000,0.3131,0.3139,0.3126,0.3127,21810.69
1730595600,0.3127,0.3129,0.3099,0.3099,137322.02
1730599200,0.3102,0.3106,0.3009,0.3032,399295.01
1730602800,0.303,0.3055,0.3003,0.3052,52878.11
1730606400,0.305,0.3075,0.3049,0.3067,32309.8
1730610000,0.3067,0.3074,0.3049,0.3049,11277.56
1730613600,0.3054,0.3078,0.3054,0.3076,158458.3
1730617200,0.3072,0.3075,0.3065,0.3067,18963.13
1730620800,0.3071,0.308,0.3066,0.3077,26084.12
1730624400,0.3073,0.3078,0.3046,0.3048,201196.02
1730628000,0.3051,0.307,0.3051,0.3061,47733.92
1730631600,0.3057,0.3066,0.3041,0.3041,20210.36
1730635200,0.3043,0.3055,0.3037,0.3042,48535.18
1730638800,0.3038,0.3045,0.297,0.2982,181654.28
1730642400,0.298,0.2997,0.2949,0.2968,285214.37
1730646000,0.2966,0.2997,0.2938,0.2995,223672.2
1730649600,0.2994,0.3027,0.2984,0.2992,282071.89
1730653200,0.2996,0.3016,0.2995,0.2996,83766.92
1730656800,0.3004,0.3004,0.2952,0.2964,97936.59
1730660400,0.2964,0.3017,0.2961,0.3013,140998.82
1730664000,0.3019,0.3029,0.3003,0.3026,52722.99
1730667600,0.3027,0.304,0.3013,0.3018,221533.47
1730671200,0.3019,0.3029,0.3003,0.3008,287730.06
1730674800,0.3008,0.3016,0.2986,0.3006,122622.62
1730678400,0.3006,0.301,0.2972,0.2991,52622.03
1730682000,0.2995,0.3029,0.299,0.3019,204748.66
1730685600,0.3018,0.3033,0.3013,0.3033,226958.53
1730689200,0.3033,0.3043,0.3009,0.3009,50492.23
1730692800,0.3014,0.3029,0.3013,0.3019,242921.84
1730696400,0.302,0.302,0.2982,0.2983,85296.63
1730700000,0.2985,0.301,0.2985,0.3007,20540.6
1730703600,0.3006,0.3008,0.298,0.2989,210607.03
1730707200,0.299,0.3009,0.2983,0.299,47425.17
1730710800,0.2987,0.3002,0.297,0.298,156272.67
1730714400,0.2975,0.3006,0.2974,0.2977,83148.47
1730718000,0.2978,0.2997,0.2975,0.2984,71694.16
1730721600,0.2984,0.2998,0.2976,0.2983,69606.28
1730725200,0.2982,0.3002,0.2962,0.2962,78809.79
1730728800,0.296,0.2971,0.294,0.2951,222813.25
1730732400,0.2955,0.2967,0.295,0.2964,117904.2
1730736000,0.2961,0.2961,0.2907,0.2912,233194.17
1730739600,0.2914,0.2938,0.291,0.2928,136079.04
1730743200,0.293,0.2942,0.2922,0.2928,183635.05
1730746800,0.2928,0.295,0.2928,0.294,85100.3
1730750400,0.2938,0.2944,0.292,0.2923,65279.72
1730754000,0.2924,0.2928,0.2853,0.2864,679168.65
1730757600,0.2862,0.292,0.2861,0.2917,302508.14
1730761200,0.2911,0.2922,0.29,0.2919,203461.05
1730764800,0.2917,0.2951,0.2916,0.2942,143124.6
1730768400,0.2941,0.2957,0.2918,0.2952,117609.72
1730772000,0.2953,0.296,0.293,0.2941,45322.02
1730775600,0.2942,0.2956,0.2941,0.2954,45380.11
1730779200,0.2958,0.2973,0.2951,0.2965,66168.82
1730782800,0.2963,0.2982,0.2961,0.2982,103521.88
1730786400,0.298,0.298,0.2963,0.2969,50694.64
1730790000,0.297,0.2979,0.296,0.2974,76176.18
1730793600,0.2984,0.2992,0.2976,0.2992,66450.81
1730797200,0.2997,0.3004,0.2984,0.2985,99866.31
1730800800,0.2985,0.2991,0.2976,0.2987,58018.15
1730804400,0.2991,0.3001,0.299,0.3,105863.66
1730808000,0.3001,0.3014,0.2994,0.3004,104819.91
1730811600,0.3008,0.301,0.2997,0.3008,89414.45
1730815200,0.3008,0.3076,0.3005,0.3051,426330.41
1730818800,0.3054,0.3054,0.3013,0.303,233003.2
1730822400,0.3033,0.3065,0.3033,0.3063,125834.45
1730826000,0.3063,0.3071,0.3045,0.3045,156436.57
1730829600,0.3046,0.3048,0.3035,0.3039,76272.25
1730833200,0.3037,0.3046,0.2984,0.2994,159048.29
1730836800,0.2985,0.3034,0.2982,0.3025,227494.23
1730840400,0.3026,0.3033,0.3008,0.301,174070.84
1730844000,0.3008,0.3039,0.3001,0.3039,105283.19
1730847600,0.3037,0.3049,0.3027,0.3034,161319.95
1730851200,0.3034,0.3088,0.3034,0.3079,185540.28
1730854800,0.3083,0.31,0.3063,0.3076,336274.82
1730858400,0.3079,0.3173,0.3066,0.3166,380993.09
1730862000,0.3165,0.3213,0.3151,0.3181,431783.99
1730865600,0.3187,0.3207,0.317,0.3192,295961.65
1730869200,0.3185,0.3215,0.3159,0.3213,364814.65
1730872800,0.3213,0.3295,0.3209,0.3253,536623.91
1730876400,0.3254,0.3281,0.3221,0.323,277808.5
1730880000,0.3231,0.3234,0.3173,0.3217,467153.69
1730883600,0.3218,0.3256,0.3217,0.3246,502115.86
1730887200,0.3245,0.3294,0.3236,0.3292,146305.51
1730890800,0.3291,0.3298,0.3272,0.3278,116267.07
1730894400,0.3276,0.3325,0.3259,0.3259,465592.11
1730898000,0.3261,0.3264,0.3237,0.3254,127317.02
1730901600,0.3254,0.3257,0.3224,0.3227,144322.06
1730905200,0.323,0.3259,0.3221,0.3253,103225.83
1730908800,0.3251,0.3279,0.3245,0.3271,163409.72
1730912400,0.3268,0.3273,0.3253,0.3268,247611.91
1730916000,0.3268,0.3308,0.3268,0.3306,178974.13
1730919600,0.3308,0.331,0.3287,0.3307,328257.57
1730923200,0.3306,0.3356,0.3294,0.3312,1244603.5
1730926800,0.331,0.3343,0.3306,0.3343,60405.72
1730930400,0.3341,0.3371,0.3327,0.3368,146378.74
1730934000,0.3368,0.3368,0.3338,0.3344,171749.94
1730937600,0.3342,0.3345,0.3315,0.3341,267944.03
1730941200,0.3348,0.3499,0.3343,0.345,411990.92
1730944800,0.3448,0.3474,0.3434,0.3472,226305.64
1730948400,0.347,0.349,0.3439,0.3446,346362.62
1730952000,0.3444,0.345,0.3394,0.3412,181833.98
1730955600,0.3414,0.3427,0.34,0.342,94030.45
1730959200,0.3421,0.3421,0.3348,0.3381,107907.31
1730962800,0.338,0.3393,0.3372,0.3381,73160.61
1730966400,0.338,0.3432,0.3377,0.3428,142087.92
1730970000,0.343,0.3441,0.3397,0.3404,143257.03
1730973600,0.3401,0.3409,0.3367,0.3401,130686.04
1730977200,0.3401,0.3422,0.3397,0.3403,103488.73
1730980800,0.3405,0.3423,0.3405,0.3422,66992.04
1730984400,0.3422,0.3432,0.3374,0.338,208730.07
1730988000,0.338,0.3416,0.3377,0.3396,690390.64
1730991600,0.3394,0.3453,0.3388,0.3453,207076.35
1730995200,0.3453,0.3458,0.3426,0.345,223747.08
1730998800,0.3449,0.3472,0.3436,0.3472,599752.17
1731002400,0.347,0.3472,0.3418,0.3455,238207.27
1731006000,0.3453,0.3461,0.343,0.3459,168455.97
1731009600,0.3461,0.35,0.3454,0.3492,356122.01
1731013200,0.3496,0.3511,0.3472,0.3474,236259.53
1731016800,0.3473,0.3475,0.3419,0.3446,288849.71
1731020400,0.3446,0.3471,0.3422,0.346,128817.76
1731024000,0.3461,0.3502,0.3461,0.3472,246524.91
1731027600,0.347,0.3491,0.3444,0.3461,144108.72
1731031200,0.3461,0.3466,0.3411,0.3411,103039.37
1731034800,0.341,0.3422,0.3391,0.341,150456.62
1731038400,0.3411,0.3438,0.3408,0.3426,100702.43
1731042000,0.3425,0.344,0.3422,0.344,78933.92
1731045600,0.3439,0.3457,0.343,0.345,166350.66
1731049200,0.3448,0.349,0.3434,0.3473,170697.62
1731052800,0.3472,0.3472,0.3428,0.3429,131468.05
1731056400,0.3428,0.3496,0.3428,0.3472,104281.76
1731060000,0.3472,0.3615,0.3469,0.3584,501988.88
1731063600,0.3586,0.3697,0.3585,0.3681,615166.63
1731067200,0.3683,0.3851,0.3671,0.3819,958919.3
1731070800,0.3817,0.3835,0.3697,0.3734,378629
1731074400,0.3732,0.3764,0.3681,0.3718,378884.94
1731078000,0.3716,0.3981,0.3704,0.3897,1650007.15
1731081600,0.3896,0.3992,0.3808,0.3811,1471465.35
1731085200,0.3811,0.3884,0.3785,0.3865,752755.86
1731088800,0.3864,0.4045,0.3858,0.4033,868238.1
1731092400,0.4025,0.407,0.3962,0.3982,889902.08
1731096000,0.3982,0.4001,0.3892,0.3917,490322.57
1731099600,0.392,0.3942,0.389,0.3925,367338.41
1731103200,0.3925,0.396,0.3916,0.3928,260719.49
1731106800,0.3926,0.394,0.3915,0.3927,324515.77
1731110400,0.3929,0.3971,0.3869,0.3869,284429.42
1731114000,0.387,0.388,0.3831,0.3857,287543.25
1731117600,0.3856,0.3871,0.3835,0.3855,225922.08
1731121200,0.3851,0.3855,0.3801,0.3812,169806.4
1731124800,0.3811,0.3824,0.3783,0.3801,180030.86
1731128400,0.3799,0.3886,0.3796,0.3881,234831.28
1731132000,0.3882,0.3882,0.3821,0.383,255435.32
1731135600,0.3826,0.3856,0.3817,0.3856,409200.03
1731139200,0.3856,0.3872,0.384,0.3852,151646.01
1731142800,0.3849,0.387,0.3845,0.3862,82793.05
1731146400,0.386,0.389,0.3854,0.3883,147539.69
1731150000,0.3885,0.3893,0.3852,0.3889,199925.66
1731153600,0.3892,0.3894,0.3826,0.3832,232628.65
1731157200,0.3833,0.386,0.3822,0.3832,172426.57
1731160800,0.3831,0.3838,0.3787,0.3816,313638.9
1731164400,0.3814,0.3814,0.376,0.38,271999.68
1731168000,0.3796,0.3803,0.3765,0.3775,92184.48
1731171600,0.3779,0.378,0.3724,0.3764,163303.23
1731175200,0.3755,0.3781,0.3753,0.377,63027.78
1731178800,0.377,0.3797,0.3763,0.3783,389421.77
1731182400,0.3779,0.38,0.3773,0.379,137385.63
1731186000,0.3789,0.3798,0.3777,0.3778,127524.84
1731189600,0.3779,0.3842,0.3768,0.3828,228380.08
1731193200,0.383,0.3894,0.3827,0.3855,786656.49
1731196800,0.3858,0.392,0.3827,0.3861,274714.23
1731200400,0.3861,0.3861,0.3813,0.3849,304296.28
1731204000,0.385,0.3959,0.3846,0.3891,753753.58
1731207600,0.3888,0.3957,0.3878,0.3919,341742.03
1731211200,0.3919,0.4001,0.3918,0.3976,881432.63
1731214800,0.3977,0.4111,0.3955,0.4021,1009050.63
1731218400,0.4019,0.4019,0.3945,0.3971,790115.8
1731222000,0.3974,0.3991,0.3966,0.3975,247291.42
1731225600,0.3979,0.4034,0.3979,0.4019,280870.64
1731229200,0.4018,0.4066,0.401,0.4034,209486.32
1731232800,0.4037,0.4106,0.4033,0.4091,538428.43
1731236400,0.409,0.411,0.4051,0.4098,437825.27
1731240000,0.4095,0.4136,0.4026,0.4135,558389.45
1731243600,0.4135,0.4164,0.4104,0.4139,362079.69
1731247200,0.4137,0.4215,0.4057,0.4104,767882.92
1731250800,0.4107,0.419,0.407,0.4185,320882.45
1731254400,0.4187,0.4196,0.4093,0.4175,487115.98
1731258000,0.4166,0.4196,0.4149,0.415,485031.37
1731261600,0.4149,0.4237,0.4149,0.4191,622569.4
1731265200,0.4197,0.4258,0.406,0.4093,862824.42
1731268800,0.4095,0.4131,0.396,0.3963,524579.1
1731272400,0.3963,0.4055,0.3831,0.4035,897192.47
1731276000,0.4035,0.4109,0.4002,0.4075,895196.62
1731279600,0.4078,0.4096,0.405,0.4075,308053.65
1731283200,0.4074,0.4164,0.4058,0.4159,226121.19
1731286800,0.4158,0.4159,0.4106,0.4117,313786.11
1731290400,0.4119,0.4192,0.4103,0.416,309589.59
1731294000,0.4163,0.4193,0.413,0.4184,285706.39
1731297600,0.4177,0.4197,0.4118,0.4163,387527.17
1731301200,0.4169,0.4171,0.3975,0.4014,465448.83
1731304800,0.4015,0.406,0.3981,0.4024,233444.98
1731308400,0.4025,0.4062,0.4005,0.4055,150415.7
1731312000,0.4053,0.4089,0.4053,0.408,195649.89
1731315600,0.4072,0.4079,0.404,0.4077,256650.95
1731319200,0.4077,0.4108,0.4064,0.4083,171524.61
1731322800,0.4087,0.4116,0.4075,0.4109,242324.11
1731326400,0.4109,0.4121,0.404,0.4061,424121.94
1731330000,0.4061,0.4071,0.4019,0.4037,274854.4
1731333600,0.4039,0.4069,0.4009,0.4056,300664.7
1731337200,0.4054,0.4113,0.4044,0.4076,473695.76
1731340800,0.4084,0.4156,0.4067,0.4132,705917.51
1731344400,0.4128,0.4191,0.4105,0.4169,671755.67
1731348000,0.4166,0.4202,0.4128,0.4193,579483.83
1731351600,0.4194,0.4222,0.4153,0.4164,879408.72
1731355200,0.4164,0.4272,0.4161,0.4228,540762.37
1731358800,0.423,0.4236,0.4175,0.4197,577424.58
1731362400,0.4201,0.4214,0.4111,0.4212,671062.54
1731366000,0.4213,0.4299,0.4209,0.4283,387727.48
1731369600,0.429,0.4291,0.4138,0.4232,634882.37
1731373200,0.4231,0.4232,0.4185,0.4203,404676.88
1731376800,0.4203,0.4231,0.416,0.4202,288394.4
1731380400,0.42,0.4254,0.4157,0.425,253207.12
1731384000,0.4247,0.4255,0.4199,0.4211,204481.01
1731387600,0.4208,0.422,0.4183,0.4214,255033.3
1731391200,0.4214,0.4299,0.4212,0.4272,279420.83
1731394800,0.4272,0.4314,0.4239,0.4304,479352.96
1731398400,0.4308,0.444,0.4308,0.444,586550.77
1731402000,0.444,0.4476,0.4252,0.4254,533406.07
1731405600,0.4251,0.4279,0.3909,0.405,1617019.1
1731409200,0.4043,0.408,0.3973,0.3999,670253.22
1731412800,0.3999,0.4035,0.3876,0.3908,617308.61
1731416400,0.3922,0.394,0.3817,0.3901,696255.54
1731420000,0.3908,0.3975,0.3857,0.3975,651975.79
1731423600,0.3969,0.3984,0.3898,0.3905,252400.87
1731427200,0.3909,0.3913,0.3811,0.389,348261.51
1731430800,0.3898,0.3946,0.389,0.3893,272844.64
1731434400,0.3899,0.401,0.3893,0.4004,401812.12
1731438000,0.3985,0.4039,0.3985,0.3995,659760.12
1731441600,0.3997,0.4059,0.3967,0.4026,379596.93
1731445200,0.4036,0.4046,0.3978,0.4036,379272.04
1731448800,0.4037,0.41,0.3998,0.4087,515265.08
1731452400,0.4072,0.4081,0.4002,0.4008,550909.59
1731456000,0.4008,0.4044,0.3973,0.3979,214384.29
1731459600,0.3977,0.4011,0.3919,0.3947,378316.23
1731463200,0.3954,0.3955,0.3845,0.3917,317448.26
1731466800,0.3917,0.3926,0.3789,0.379,325257.53
1731470400,0.3795,0.3868,0.3658,0.3756,1006620.78
1731474000,0.3749,0.3774,0.3687,0.3694,666989.67
1731477600,0.37,0.3739,0.3605,0.365,536538.1
1731481200,0.3647,0.3723,0.3638,0.3706,495368.08
1731484800,0.37,0.3721,0.3664,0.3675,211819.79
1731488400,0.3675,0.3689,0.3637,0.3661,258086.8
1731492000,0.3662,0.3702,0.3626,0.3697,343670.53
1731495600,0.369,0.3771,0.369,0.3747,468639.62
1731499200,0.3747,0.3754,0.3696,0.3725,447864.99
1731502800,0.3724,0.3875,0.3704,0.3857,1506742.9
1731506400,0.3858,0.3993,0.3824,0.3978,1256818.1
1731510000,0.3961,0.4016,0.3891,0.3988,1574414.71
1731513600,0.3986,0.4033,0.393,0.3957,460647.79
1731517200,0.3949,0.3984,0.3927,0.3939,465012.56
1731520800,0.3941,0.3968,0.3904,0.3922,290793.25
1731524400,0.3924,0.3934,0.3714,0.3719,897193.84
1731528000,0.3715,0.3784,0.3665,0.3734,525916.16
1731531600,0.3735,0.3735,0.3612,0.3693,497846.58
1731535200,0.369,0.3742,0.367,0.374,651095.79
1731538800,0.3741,0.3773,0.3708,0.3765,286463.56
1731542400,0.3767,0.3781,0.3712,0.3712,289797.77
1731546000,0.3714,0.3763,0.3691,0.3746,362238.81
1731549600,0.3747,0.3771,0.3686,0.372,356888.97
1731553200,0.3724,0.3734,0.3653,0.3734,225479.03
1731556800,0.3731,0.377,0.3708,0.377,215034.81
1731560400,0.3768,0.3789,0.3751,0.3785,261147.05
1731564000,0.3787,0.3839,0.3728,0.3737,273476.96
1731567600,0.3725,0.3783,0.3704,0.3777,186605.6
1731571200,0.3771,0.3796,0.3732,0.3756,300572.21
1731574800,0.3754,0.3768,0.3731,0.3759,319744.16
1731578400,0.3753,0.3775,0.3691,0.3693,682026.26
1731582000,0.3696,0.3702,0.3636,0.37,338825.52
1731585600,0.3697,0.3712,0.3677,0.3696,258555.7
1731589200,0.3697,0.3802,0.3693,0.3709,912696.22
1731592800,0.3709,0.3736,0.3592,0.3592,938286.62
1731596400,0.3589,0.3633,0.3551,0.3594,831781.28
1731600000,0.3593,0.3682,0.3571,0.367,583369.99
1731603600,0.3665,0.3666,0.3624,0.3633,316892.83
1731607200,0.3635,0.3665,0.3623,0.3636,274438.07
1731610800,0.3637,0.3679,0.3637,0.3672,308561.14
1731614400,0.3669,0.367,0.3613,0.3617,252357.72
1731618000,0.3616,0.3683,0.3603,0.3679,399636.46
1731621600,0.3685,0.3688,0.3604,0.3631,291329.2
1731625200,0.3626,0.3639,0.3532,0.3587,491461.71
1731628800,0.3583,0.3623,0.356,0.3565,239850.52
1731632400,0.3563,0.3591,0.3524,0.3583,578933.21
1731636000,0.3583,0.36,0.3539,0.3594,1812314.05
1731639600,0.3591,0.3595,0.3547,0.358,920563.87
1731643200,0.3578,0.3585,0.3494,0.3525,434489.35
1731646800,0.3523,0.3564,0.3506,0.3564,223648.15
1731650400,0.3567,0.3613,0.3567,0.3593,138057.01
1731654000,0.3593,0.3622,0.3569,0.3577,535117.7
1731657600,0.3575,0.3611,0.3536,0.3606,185409.18
1731661200,0.3609,0.3656,0.3605,0.3635,270898.38
1731664800,0.3637,0.3654,0.3631,0.3645,162231.07
1731668400,0.3644,0.3658,0.363,0.3658,166956.92
1731672000,0.3655,0.3697,0.3647,0.3693,232336.11
1731675600,0.3693,0.3754,0.369,0.3731,472695.08
1731679200,0.3732,0.3739,0.3422,0.3664,1959634.01
1731682800,0.3671,0.3671,0.3553,0.3581,4322559.07
1731686400,0.358,0.3627,0.3564,0.36,1663873.24
1731690000,0.3606,0.3648,0.3582,0.3598,734178.53
1731693600,0.3596,0.3616,0.3555,0.3561,695956.68
1731697200,0.3562,0.3617,0.35,0.3606,2729163.95
1731700800,0.3605,0.368,0.3605,0.3678,483072.15
1731704400,0.3678,0.3707,0.3628,0.3692,1545021.58
1731708000,0.3696,0.3727,0.369,0.3707,486822.58
1731711600,0.3707,0.3731,0.369,0.372,539502.91
1731715200,0.3716,0.3734,0.369,0.3717,440205.86
1731718800,0.3716,0.3755,0.3716,0.3737,461374.93
1731722400,0.3743,0.376,0.3734,0.3751,268520.42
1731726000,0.375,0.38,0.3749,0.38,301917.63
1731729600,0.3798,0.3814,0.3781,0.3797,823055.89
1731733200,0.3796,0.3848,0.3789,0.3833,684983.04
1731736800,0.3831,0.3831,0.3761,0.3769,275298.53
1731740400,0.377,0.4009,0.377,0.3999,1472990.27
1731744000,0.4001,0.405,0.3963,0.3989,1712246.59
1731747600,0.3989,0.4042,0.395,0.395,614598.92
1731751200,0.3954,0.4113,0.3907,0.4101,788489.89
1731754800,0.4103,0.4123,0.4033,0.4105,785641.22
1731758400,0.4106,0.4147,0.4055,0.4095,742600.78
1731762000,0.4098,0.419,0.4092,0.4126,766516.77
1731765600,0.4125,0.4305,0.4122,0.4258,2047988.8
1731769200,0.4258,0.4268,0.4059,0.4095,2239950.55
1731772800,0.4096,0.4129,0.4045,0.4103,542799.41
1731776400,0.4103,0.4181,0.4085,0.413,629876.43
1731780000,0.4132,0.4236,0.4124,0.4232,608502.95
1731783600,0.4229,0.424,0.4191,0.4226,665921.36
1731787200,0.4223,0.4262,0.4179,0.424,967678.63
1731790800,0.4239,0.4371,0.4239,0.437,1405357.52
1731794400,0.4372,0.4396,0.4238,0.4241,726115.53
1731798000,0.4241,0.4295,0.4227,0.425,637900.92
1731801600,0.4247,0.4411,0.4238,0.4368,1178524.38
1731805200,0.4367,0.4429,0.4199,0.4242,1272099.6
1731808800,0.4242,0.4271,0.4102,0.4231,2182762.71
1731812400,0.4229,0.4271,0.4208,0.4259,433835.86
1731816000,0.4253,0.4264,0.4157,0.4226,710403.11
1731819600,0.4244,0.4281,0.4167,0.4168,591624.49
1731823200,0.4178,0.4306,0.4171,0.4286,253551.92
1731826800,0.4282,0.4285,0.4214,0.4216,267703.16
1731830400,0.4219,0.425,0.4192,0.4216,246379.44
1731834000,0.4222,0.4255,0.4173,0.419,161185.75
1731837600,0.4185,0.4212,0.4147,0.4151,253535.44
1731841200,0.4156,0.4156,0.408,0.4089,356028.26
1731844800,0.4085,0.4134,0.4075,0.4133,254218.94
1731848400,0.4133,0.4138,0.4083,0.4106,451327.93
1731852000,0.4108,0.4131,0.4078,0.4099,223552.79
1731855600,0.4099,0.4115,0.4065,0.4083,486520.5
1731859200,0.4084,0.409,0.4034,0.4071,311963.59
1731862800,0.4068,0.4079,0.4024,0.4072,451936.03
1731866400,0.407,0.407,0.4003,0.4004,418761.21
1731870000,0.4,0.4005,0.3956,0.3959,528891.51
1731873600,0.3958,0.3987,0.3933,0.396,702190.93
1731877200,0.3958,0.3987,0.3936,0.3939,504927.45
1731880800,0.3936,0.3974,0.3911,0.396,347933.65
1731884400,0.3946,0.4005,0.3937,0.4005,186269.94
1731888000,0.4006,0.4078,0.3958,0.4046,312805.64
1731891600,0.4046,0.4193,0.4031,0.4186,470710.56
1731895200,0.419,0.422,0.4154,0.4162,567866.67
1731898800,0.4163,0.4184,0.4136,0.4175,641888.64
1731902400,0.4175,0.4185,0.4147,0.4151,563126.37
1731906000,0.415,0.4197,0.415,0.4179,152736.61
1731909600,0.418,0.4285,0.418,0.4278,549790.63
1731913200,0.4279,0.4279,0.4225,0.425,280718.44
1731916800,0.425,0.4252,0.4211,0.4228,288700.87
1731920400,0.423,0.4262,0.4193,0.4216,431760.42
1731924000,0.4216,0.4271,0.4214,0.426,344641.27
1731927600,0.4264,0.4264,0.4115,0.4148,380450.82
1731931200,0.4145,0.4221,0.4131,0.4183,491853.98
1731934800,0.4182,0.4184,0.4093,0.411,548585.89
1731938400,0.4116,0.4218,0.4106,0.4195,642770.1
1731942000,0.4196,0.4294,0.4192,0.4287,673331.09
1731945600,0.4288,0.4693,0.4282,0.4667,3696443.26
1731949200,0.4667,0.4778,0.4511,0.455,3220724.53
1731952800,0.4546,0.4604,0.4484,0.4493,1046133.29
1731956400,0.4489,0.449,0.4369,0.4446,728610.71
1731960000,0.4444,0.452,0.4401,0.4462,667696.37
1731963600,0.446,0.4562,0.4457,0.4509,484117.32
1731967200,0.4509,0.4558,0.4497,0.4503,436026.3
1731970800,0.4506,0.4585,0.4432,0.4574,428668.47
1731974400,0.4575,0.4593,0.4477,0.4494,433042.31
1731978000,0.4494,0.4512,0.4433,0.4433,263573.78
1731981600,0.4436,0.4481,0.4434,0.4477,282862.62
1731985200,0.4477,0.4517,0.4456,0.4485,183170.13
1731988800,0.4488,0.4495,0.4359,0.4378,588890.13
1731992400,0.4376,0.4418,0.4362,0.4404,209475.8
1731996000,0.4403,0.4427,0.4386,0.442,163676.91
1731999600,0.4416,0.4423,0.4369,0.4372,463155.37
1732003200,0.4369,0.4379,0.4326,0.4359,212067.74
1732006800,0.4359,0.4368,0.4314,0.4353,241702.12
1732010400,0.4353,0.4412,0.4335,0.4411,395600.71
1732014000,0.4413,0.4474,0.4377,0.4446,829262.89
1732017600,0.4446,0.4464,0.442,0.4429,440267.68
1732021200,0.4429,0.4432,0.4264,0.4264,872356.17
1732024800,0.427,0.4352,0.4233,0.4313,1159345.2
1732028400,0.4316,0.4357,0.4293,0.4354,231856.5
1732032000,0.4354,0.4441,0.4339,0.4426,532132.2
1732035600,0.4423,0.4423,0.4329,0.4393,854418.12
1732039200,0.4395,0.4406,0.436,0.4399,487052.23
1732042800,0.4402,0.4404,0.4358,0.4361,280738.39
1732046400,0.4359,0.438,0.4276,0.4292,883541.47
1732050000,0.4292,0.4327,0.4249,0.4324,458493.93
1732053600,0.4322,0.4332,0.4241,0.4288,321325.61
1732057200,0.4286,0.4352,0.428,0.4331,175089.14
1732060800,0.4336,0.436,0.4293,0.433,200851.38
1732064400,0.4333,0.4436,0.4298,0.4385,833743.02
1732068000,0.4389,0.4435,0.4272,0.4369,203937.49
1732071600,0.436,0.436,0.4215,0.4322,310108.63
1732075200,0.4318,0.4365,0.4282,0.4317,223552.33
1732078800,0.4311,0.4329,0.4283,0.4311,261588.4
1732082400,0.4311,0.4329,0.4258,0.4258,232667.28
1732086000,0.4262,0.4289,0.4261,0.4269,75997.92
1732089600,0.427,0.4344,0.4261,0.4335,463465.61
1732093200,0.4331,0.4552,0.4316,0.4541,663927.53
1732096800,0.4533,0.4566,0.4434,0.4437,465080.7
1732100400,0.4442,0.4553,0.4392,0.4532,347694.08
1732104000,0.4533,0.4533,0.4418,0.4476,1169702.64
1732107600,0.4469,0.4643,0.4454,0.4637,830777.94
1732111200,0.4641,0.4648,0.4508,0.4558,839826.31
1732114800,0.4558,0.4622,0.4504,0.4591,710711.06
1732118400,0.4589,0.4598,0.444,0.4461,1092138
1732122000,0.4455,0.4496,0.4377,0.4384,807050.66
1732125600,0.4384,0.4397,0.4328,0.4355,955657.81
1732129200,0.436,0.436,0.424,0.4268,255540.15
1732132800,0.4269,0.4377,0.4256,0.4355,292957.33
1732136400,0.4355,0.4398,0.4333,0.4383,226423.62
1732140000,0.4384,0.4443,0.4345,0.4351,220648.82
1732143600,0.4351,0.4374,0.4307,0.4316,166669.75
1732147200,0.4317,0.437,0.4305,0.4331,542747.85
1732150800,0.4331,0.437,0.4314,0.4317,586461.69
1732154400,0.4315,0.4315,0.418,0.4247,672684.11
1732158000,0.4242,0.4314,0.423,0.4262,503011.15
1732161600,0.4264,0.4425,0.4264,0.4412,358359.92
1732165200,0.4412,0.4422,0.4329,0.4347,219376.47
1732168800,0.4347,0.4391,0.4328,0.4391,242602.05
1732172400,0.4388,0.4422,0.4372,0.4377,250993.94
1732176000,0.4385,0.4409,0.4363,0.4388,244446.14
1732179600,0.4385,0.4393,0.4315,0.4317,125414.42
1732183200,0.4319,0.4341,0.4264,0.4321,229747.42
1732186800,0.4317,0.4363,0.4311,0.4352,170179.29
1732190400,0.4348,0.452,0.4342,0.4449,1280200.13
1732194000,0.4454,0.457,0.4454,0.4554,453323.55
1732197600,0.4556,0.4602,0.4462,0.4531,744195.62
1732201200,0.4522,0.4525,0.4389,0.4434,684404.94
1732204800,0.4432,0.4536,0.4432,0.4472,470704.43
1732208400,0.447,0.4511,0.4455,0.4498,688031.55
1732212000,0.4501,0.4527,0.445,0.4488,372856.73
1732215600,0.4487,0.4489,0.4448,0.447,577928.04
1732219200,0.4472,0.4499,0.4414,0.4448,468241.98
1732222800,0.4445,0.4493,0.4432,0.4475,210438.58
1732226400,0.4474,0.4513,0.4474,0.4499,179567.16
1732230000,0.4498,0.4557,0.4486,0.4539,331433.18
1732233600,0.4538,0.4647,0.4466,0.4488,897945.14
1732237200,0.4483,0.4613,0.4461,0.4589,602180.48
1732240800,0.4592,0.4638,0.4547,0.4604,348269.22
1732244400,0.4604,0.4699,0.4581,0.4688,1138494.04
1732248000,0.4688,0.4787,0.4652,0.47,1023440.12
1732251600,0.4705,0.4753,0.467,0.4696,597264.49
1732255200,0.47,0.4713,0.4615,0.4636,500182.61
1732258800,0.4636,0.4652,0.4573,0.4574,949135.6
1732262400,0.4575,0.4628,0.4574,0.4628,318243.87
1732266000,0.4628,0.4646,0.4584,0.4609,193591.6
1732269600,0.4611,0.4633,0.4569,0.4574,303608.97
1732273200,0.4568,0.465,0.4545,0.4647,211056.21
1732276800,0.4647,0.4731,0.4637,0.4719,410415.88
1732280400,0.4717,0.4717,0.4496,0.4548,881574.07
1732284000,0.4548,0.4586,0.449,0.4511,597888.57
1732287600,0.451,0.4844,0.4496,0.4641,1655996.2
1732291200,0.4641,0.473,0.4591,0.4695,867264.88
1732294800,0.4694,0.4761,0.4676,0.471,833078.66
1732298400,0.4708,0.4827,0.4697,0.4705,782194.38
1732302000,0.4703,0.4791,0.4675,0.4749,552393.56
1732305600,0.4743,0.4818,0.4737,0.4805,463175.63
1732309200,0.4809,0.4896,0.4767,0.4867,942604.57
1732312800,0.4866,0.4884,0.4809,0.485,748784.37
1732316400,0.4848,0.4974,0.4832,0.4958,787756.2
1732320000,0.4959,0.5291,0.4899,0.5205,2374501.08
1732323600,0.5202,0.532,0.5155,0.5301,1225802.65
1732327200,0.5302,0.535,0.5125,0.5202,984267.39
1732330800,0.5196,0.5278,0.514,0.5255,401406.13
1732334400,0.5253,0.5256,0.5093,0.515,900595.01
1732338000,0.5155,0.54,0.5149,0.5351,473881.38
1732341600,0.5354,0.5466,0.533,0.5388,1975864.6
1732345200,0.5388,0.55,0.5363,0.5392,889150.65
1732348800,0.539,0.55,0.5388,0.5424,583647.34
1732352400,0.5423,0.5559,0.5381,0.5526,677790.57
1732356000,0.5522,0.5531,0.5364,0.537,496369.59
1732359600,0.5365,0.5472,0.5337,0.545,395570.55
1732363200,0.545,0.571,0.545,0.5599,2002807.51
1732366800,0.559,0.5697,0.5562,0.5637,781024.21
1732370400,0.564,0.5983,0.5625,0.5926,1514777.87
1732374000,0.593,0.6131,0.5724,0.599,1736781.32
1732377600,0.5988,0.6005,0.5553,0.5733,2041226.31
1732381200,0.5738,0.5829,0.5578,0.5812,989583.07
1732384800,0.5807,0.5812,0.5683,0.5754,728338.78
1732388400,0.5751,0.586,0.5727,0.5768,546312.88
1732392000,0.5763,0.5767,0.5553,0.5671,544616.03
1732395600,0.5671,0.5789,0.5667,0.576,394626.87
1732399200,0.5761,0.5781,0.5681,0.5697,340944.1
1732402800,0.5695,0.572,0.5621,0.5712,484354.21
1732406400,0.5716,0.6028,0.5662,0.5957,1170692.05
1732410000,0.5957,0.5965,0.5811,0.5905,576495.54
1732413600,0.5908,0.5973,0.5848,0.592,473754.69
1732417200,0.5921,0.5945,0.5856,0.5939,338427.03
1732420800,0.5937,0.5983,0.5745,0.5828,555494.12
1732424400,0.5828,0.5866,0.5712,0.58,367416.93
1732428000,0.5788,0.5798,0.5723,0.5775,299957.28
1732431600,0.5776,0.5825,0.5755,0.581,147940.32
1732435200,0.5809,0.5822,0.5683,0.5683,249541.98
1732438800,0.5685,0.5742,0.5637,0.571,425206.38
1732442400,0.5709,0.572,0.5553,0.5627,274159.05
1732446000,0.5625,0.5642,0.5445,0.5459,468812.34
1732449600,0.5455,0.5545,0.5225,0.5343,1240232.18
1732453200,0.5331,0.5517,0.5306,0.5494,947749.69
1732456800,0.5472,0.5481,0.533,0.5441,616680.76
1732460400,0.5434,0.5451,0.5254,0.5256,887129.14
1732464000,0.5256,0.5438,0.5247,0.5392,955359.11
1732467600,0.5391,0.541,0.5303,0.5388,264869.22
1732471200,0.5381,0.5476,0.5377,0.546,455021.41
1732474800,0.5463,0.5467,0.54,0.5422,186134.69
1732478400,0.5418,0.5556,0.5407,0.5556,419731.14
1732482000,0.5557,0.5607,0.5525,0.5607,326772.31
1732485600,0.5605,0.5769,0.5595,0.5758,582000.26
1732489200,0.576,0.5844,0.5699,0.5762,537654.58
1732492800,0.576,0.5767,0.5574,0.5589,450415.63
1732496400,0.5587,0.5611,0.5431,0.5504,1212073.46
1732500000,0.5501,0.5576,0.5486,0.5504,304680.61
1732503600,0.5512,0.5604,0.5511,0.5588,299865.93
1732507200,0.5585,0.5665,0.5577,0.5584,275430.07
1732510800,0.5583,0.5665,0.5579,0.5642,223633.74
1732514400,0.5642,0.5662,0.5584,0.559,161837.65
1732518000,0.5592,0.5691,0.5588,0.5656,151011.09
1732521600,0.5658,0.5741,0.564,0.5738,315003.31
1732525200,0.5736,0.5882,0.572,0.5825,457007.84
1732528800,0.5825,0.6073,0.5787,0.602,951751.57
1732532400,0.6024,0.62,0.5857,0.5937,1058031.73
1732536000,0.5934,0.5999,0.5852,0.5919,1180996.75
1732539600,0.5914,0.5984,0.5774,0.5877,686195.67
1732543200,0.5878,0.5955,0.5705,0.5718,801021.36
1732546800,0.5719,0.5925,0.559,0.59,1199582.19
1732550400,0.5896,0.5935,0.5731,0.5773,1133961.33
1732554000,0.5764,0.5771,0.5611,0.57,438101.35
1732557600,0.5699,0.5755,0.5634,0.5655,360627.45
1732561200,0.5653,0.5719,0.5594,0.567,532221.62
1732564800,0.5671,0.5885,0.5649,0.5803,589131.31
1732568400,0.5811,0.5905,0.5562,0.5614,789418.32
1732572000,0.5611,0.5619,0.5401,0.5579,920282.7
1732575600,0.5571,0.5576,0.5442,0.5469,517938.48
1732579200,0.5469,0.5552,0.543,0.5479,293493.59
1732582800,0.5475,0.5634,0.5464,0.5606,299890.18
1732586400,0.5604,0.5628,0.5565,0.5591,258234.3
1732590000,0.5588,0.562,0.5483,0.5549,651460.08
1732593600,0.5547,0.5559,0.5495,0.5515,293562.65
1732597200,0.5516,0.5549,0.5486,0.5543,217563.08
1732600800,0.5534,0.5568,0.55,0.5506,202195.65
1732604400,0.5503,0.5503,0.5367,0.5391,460797.56
1732608000,0.5388,0.5398,0.5255,0.5303,716984.97
1732611600,0.5297,0.5363,0.5239,0.529,426084.6
1732615200,0.5288,0.5311,0.5146,0.5152,730252.16
1732618800,0.5149,0.5208,0.4945,0.5149,1492728.13
1732622400,0.5149,0.5213,0.5075,0.5127,606666.24
1732626000,0.5126,0.5216,0.5089,0.518,572145.17
1732629600,0.5177,0.5314,0.5121,0.5285,1386949.93
1732633200,0.5287,0.5306,0.5183,0.5197,390373.86
1732636800,0.52,0.5345,0.5178,0.5318,367703.92
1732640400,0.5324,0.5325,0.5257,0.5285,251452.15
1732644000,0.5281,0.5296,0.5103,0.5164,455841.01
1732647600,0.5157,0.5215,0.5104,0.5158,369467.88
1732651200,0.5151,0.5272,0.5138,0.5239,405260.04
1732654800,0.5235,0.5285,0.5194,0.523,453242.85
1732658400,0.5228,0.5317,0.522,0.5247,278106.13
1732662000,0.5249,0.5288,0.5234,0.5278,288059.72
1732665600,0.5273,0.5338,0.5163,0.518,530700.47
1732669200,0.518,0.5278,0.5149,0.5265,256251.97
1732672800,0.5264,0.5302,0.5185,0.5289,311059.07
1732676400,0.5282,0.5291,0.5218,0.5246,360442.43
1732680000,0.5245,0.5432,0.5245,0.5365,560615.33
1732683600,0.5368,0.5415,0.5324,0.5354,547000.24
1732687200,0.5359,0.5484,0.5359,0.5457,374305.83
1732690800,0.5457,0.5586,0.5425,0.5575,627956.74
1732694400,0.5571,0.5599,0.55,0.5517,559252.96
1732698000,0.5513,0.5554,0.5442,0.5541,297422.04
1732701600,0.5544,0.5651,0.5526,0.5581,398621.37
1732705200,0.5581,0.559,0.5527,0.5578,494083.68
1732708800,0.5577,0.5597,0.5459,0.5565,332221.95
1732712400,0.5571,0.5629,0.5548,0.5628,353717.37
1732716000,0.5627,0.565,0.5593,0.5646,392345.88
1732719600,0.5646,0.5739,0.561,0.5695,573123.84
1732723200,0.5699,0.5732,0.5623,0.5641,735847.76
1732726800,0.5644,0.5667,0.5622,0.5662,518179.45
1732730400,0.5663,0.5693,0.5637,0.5665,337436.47
1732734000,0.5666,0.5711,0.566,0.5701,468566.27
1732737600,0.5702,0.5777,0.5697,0.571,641163.58
1732741200,0.571,0.576,0.5679,0.5759,542545.42
1732744800,0.5761,0.5828,0.5755,0.5806,643415.39
1732748400,0.5806,0.5848,0.5751,0.5811,628085.42
1732752000,0.581,0.581,0.5678,0.5718,312784.19
1732755600,0.5715,0.5728,0.5675,0.571,343894.91
1732759200,0.5711,0.5719,0.5601,0.5612,364551.43
1732762800,0.5616,0.565,0.5528,0.5595,381893.51
1732766400,0.5594,0.5675,0.558,0.565,222266.49
1732770000,0.5653,0.568,0.5581,0.56,179786.23
1732773600,0.5603,0.5616,0.5542,0.5607,510480.53
1732777200,0.5609,0.5644,0.5544,0.555,294260.22
1732780800,0.5553,0.5643,0.5513,0.5625,303004.91
1732784400,0.5621,0.5629,0.5538,0.554,184688.54
1732788000,0.5542,0.5578,0.5522,0.5547,446312.7
1732791600,0.5549,0.5621,0.5518,0.5605,197016.64
1732795200,0.5604,0.5636,0.5554,0.5603,326297.98
1732798800,0.5603,0.5654,0.5561,0.5646,462805
1732802400,0.565,0.5682,0.5571,0.5599,363474.59
1732806000,0.5595,0.562,0.5471,0.5484,385694.1
1732809600,0.5485,0.5565,0.5485,0.553,261066.86
1732813200,0.5524,0.5584,0.5524,0.5545,198543.56
1732816800,0.5545,0.5611,0.5543,0.5601,237945.93
1732820400,0.5598,0.5614,0.5559,0.5583,228931.46
1732824000,0.5584,0.5589,0.5516,0.5535,222852.2
1732827600,0.5537,0.5619,0.5537,0.5617,209538.18
1732831200,0.5618,0.5666,0.5601,0.566,241803.63
1732834800,0.5657,0.5681,0.5631,0.5632,282574.14
1732838400,0.5632,0.5685,0.559,0.5649,302987.33
1732842000,0.5639,0.5703,0.5637,0.5694,217918.4
1732845600,0.5695,0.5741,0.5695,0.5726,805410.21
1732849200,0.5725,0.5726,0.5646,0.5653,561245.6
1732852800,0.5651,0.5663,0.5586,0.5656,386821.73
1732856400,0.5654,0.5691,0.5622,0.5623,266350.27
1732860000,0.5621,0.5664,0.5604,0.563,217106.07
1732863600,0.5628,0.5638,0.5569,0.5571,306690.54
1732867200,0.5573,0.5648,0.5573,0.5625,179878.99
1732870800,0.5625,0.5667,0.5599,0.5652,252151.02
1732874400,0.5654,0.5717,0.5646,0.5717,367066.14
1732878000,0.5718,0.5739,0.5686,0.5736,355370.49
1732881600,0.5736,0.5746,0.5657,0.5682,266697.23
1732885200,0.5681,0.5737,0.5662,0.5736,373719.4
1732888800,0.5736,0.5746,0.5698,0.5744,661996.99
1732892400,0.5745,0.5785,0.57,0.5733,902813
1732896000,0.5725,0.5774,0.567,0.5698,444197.4
1732899600,0.5698,0.5703,0.5634,0.5658,301928.96
1732903200,0.566,0.5702,0.565,0.5678,465221.44
1732906800,0.5677,0.5705,0.5608,0.5705,498028.31
1732910400,0.5706,0.5765,0.5704,0.5734,339398.82
1732914000,0.5735,0.5834,0.5735,0.5827,382294.02
1732917600,0.5827,0.5876,0.5827,0.5851,482615.44
1732921200,0.585,0.5867,0.5822,0.5834,414425.64
1732924800,0.5834,0.5868,0.5759,0.5802,543217.19
1732928400,0.5798,0.581,0.5755,0.5765,280605.89
1732932000,0.5766,0.5776,0.573,0.5764,240897.36
1732935600,0.5766,0.5834,0.5753,0.5828,224032.06
1732939200,0.5828,0.5895,0.5824,0.5825,524268.52
1732942800,0.5825,0.5942,0.5819,0.5939,295361.04
1732946400,0.5941,0.5969,0.5901,0.5922,672327.21
1732950000,0.5926,0.5992,0.5902,0.5963,377228.64
1732953600,0.5963,0.5999,0.5898,0.591,379252.89
1732957200,0.5906,0.5915,0.5857,0.5903,262295.45
1732960800,0.5899,0.5917,0.5794,0.5802,380205.56
1732964400,0.5801,0.5886,0.5792,0.5867,533751.21
1732968000,0.5868,0.5927,0.5863,0.5911,191660.13
1732971600,0.5913,0.5964,0.5893,0.5905,357863.87
1732975200,0.5902,0.5949,0.5847,0.5857,293661.44
1732978800,0.5858,0.5963,0.585,0.5938,982271.8
1732982400,0.5938,0.598,0.5922,0.5979,888684.44
1732986000,0.5977,0.6005,0.5942,0.5989,533008.6
1732989600,0.5987,0.6011,0.5952,0.6011,402953.14
1732993200,0.6011,0.6106,0.5996,0.6101,560049.75
1732996800,0.6101,0.6183,0.607,0.6089,976060.92
1733000400,0.6092,0.6097,0.6013,0.6055,342763.73
1733004000,0.6055,0.61,0.5929,0.5962,562281.08
1733007600,0.5963,0.6011,0.5951,0.5976,397859.47
1733011200,0.5972,0.6045,0.588,0.5886,292470.3
1733014800,0.5885,0.595,0.582,0.5874,249506.03
1733018400,0.5876,0.5905,0.5782,0.5806,391460.65
1733022000,0.5806,0.5891,0.5806,0.5873,461400.92
1733025600,0.5872,0.5886,0.5826,0.5875,118146.79
1733029200,0.5869,0.5878,0.5823,0.5826,140507.94
1733032800,0.5826,0.5874,0.5823,0.5853,445129.11
1733036400,0.5853,0.59,0.5836,0.5882,128684.06
1733040000,0.5881,0.61,0.5865,0.6035,647066.72
1733043600,0.6033,0.6036,0.5966,0.6003,151725.24
1733047200,0.6002,0.6013,0.5853,0.5881,325921.98
1733050800,0.5878,0.5941,0.5878,0.5915,189685.87
1733054400,0.5916,0.5939,0.5878,0.5909,162227.91
1733058000,0.5907,0.599,0.5902,0.5932,350827.98
1733061600,0.5922,0.5976,0.5918,0.5968,135077.05
1733065200,0.5971,0.6006,0.5948,0.5976,335831.95
1733068800,0.5979,0.6,0.5934,0.594,226369.36
1733072400,0.5941,0.5953,0.5895,0.5929,206021.82
1733076000,0.5926,0.5962,0.5922,0.5935,126347.16
1733079600,0.5935,0.5989,0.5915,0.5977,440924.92
1733083200,0.5979,0.5986,0.585,0.5948,769413.35
1733086800,0.594,0.598,0.5927,0.596,508459.28
1733090400,0.5958,0.6018,0.5953,0.601,868036.23
1733094000,0.6008,0.6131,0.5993,0.6033,812027.96
1733097600,0.6035,0.6214,0.6028,0.6131,1385658.97
1733101200,0.6136,0.6278,0.6125,0.6269,1218058.53
1733104800,0.6272,0.6414,0.6162,0.6399,1345981.75
1733108400,0.6404,0.647,0.6123,0.6195,1879355.95
1733112000,0.6189,0.6246,0.602,0.6111,3242769.34
1733115600,0.6111,0.6188,0.6063,0.6122,1635982.17
1733119200,0.6122,0.6175,0.6029,0.6169,653481
1733122800,0.6172,0.6193,0.605,0.6107,624956.71
1733126400,0.6108,0.6139,0.5696,0.5807,1439978.75
1733130000,0.5802,0.5908,0.5774,0.5891,494635.68
1733133600,0.5889,0.589,0.5727,0.5738,519263.11
1733137200,0.5738,0.5843,0.5713,0.5806,221365.3
1733140800,0.58,0.595,0.5768,0.5886,324235.12
1733144400,0.5884,0.6224,0.5884,0.6214,1442494.47
1733148000,0.6216,0.6295,0.6118,0.6186,1152422.45
1733151600,0.6188,0.65,0.6125,0.6345,2154378.07
1733155200,0.6345,0.6392,0.6122,0.6205,1432347.45
1733158800,0.6208,0.6251,0.5981,0.6011,1401691.19
1733162400,0.6014,0.6267,0.6005,0.6267,465666.94
1733166000,0.626,0.6302,0.615,0.629,645732.16
1733169600,0.6288,0.6384,0.6276,0.6353,861039.82
1733173200,0.6347,0.645,0.6335,0.638,2515065.67
1733176800,0.6379,0.6474,0.6316,0.6464,851477.07
1733180400,0.6462,0.6574,0.6436,0.6572,956093.11
1733184000,0.6572,0.6625,0.643,0.6603,1689611.78
1733187600,0.6596,0.6813,0.6572,0.6713,1216051.42
1733191200,0.6711,0.6721,0.662,0.6704,682031.41
1733194800,0.6711,0.6914,0.6698,0.6871,1469760.34
1733198400,0.6868,0.701,0.6796,0.7003,1125366.4
1733202000,0.6999,0.7268,0.6957,0.7168,2424574.2
1733205600,0.7162,0.7245,0.6939,0.701,1889059.11
1733209200,0.701,0.7103,0.6923,0.7033,1117600.59
1733212800,0.7033,0.7322,0.6989,0.7292,945878.78
1733216400,0.7285,0.7675,0.728,0.7592,2184280.47
1733220000,0.759,0.7653,0.7331,0.7346,1494377.34
1733223600,0.7343,0.7473,0.7335,0.7364,990591.7
1733227200,0.7365,0.7398,0.7216,0.7226,755055.13
1733230800,0.7231,0.724,0.651,0.6842,2441361.02
1733234400,0.6832,0.6956,0.6518,0.68,2135586.32
1733238000,0.6795,0.6998,0.6784,0.6897,1833472.93
1733241600,0.6894,0.7107,0.6842,0.6849,836137.28
1733245200,0.6848,0.6875,0.6688,0.6864,1109358.65
1733248800,0.6858,0.6978,0.6848,0.6912,593265.04
1733252400,0.6907,0.6907,0.6763,0.6863,392202.33
1733256000,0.6865,0.7031,0.6851,0.7013,495203.52
1733259600,0.7012,0.7168,0.7006,0.7081,768795.2
1733263200,0.7085,0.7181,0.6961,0.7153,649402.34
1733266800,0.7163,0.7182,0.6965,0.7013,1058645.66
1733270400,0.7013,0.7257,0.6998,0.7164,1246619.75
1733274000,0.7158,0.7229,0.7089,0.719,907490.16
1733277600,0.7201,0.7204,0.7025,0.7093,571722.93
1733281200,0.709,0.7203,0.7088,0.7157,261870.25
1733284800,0.7149,0.716,0.7107,0.714,299326.48
1733288400,0.7144,0.7216,0.7114,0.7204,439051
1733292000,0.7191,0.7211,0.7115,0.7157,388926.7
1733295600,0.7156,0.7197,0.711,0.719,320892.29
1733299200,0.7189,0.7215,0.7105,0.7204,624231.2
1733302800,0.7207,0.7371,0.717,0.719,767915.27
1733306400,0.719,0.7196,0.7129,0.7166,565839.29
1733310000,0.7167,0.7373,0.7158,0.7306,725307.46
1733313600,0.729,0.7317,0.7132,0.7256,845727.89
1733317200,0.7254,0.7332,0.713,0.7221,471341.55
1733320800,0.7221,0.7405,0.7127,0.7355,981725.94
1733324400,0.7352,0.751,0.7271,0.741,2153095.33
1733328000,0.7412,0.7428,0.7022,0.7102,1582878.67
1733331600,0.71,0.723,0.7078,0.7214,1288949.51
1733335200,0.7213,0.7307,0.7177,0.7241,507339.25
1733338800,0.7229,0.7314,0.7215,0.7242,465680.5
1733342400,0.7244,0.7321,0.7092,0.7174,777549.88
1733346000,0.7174,0.721,0.7083,0.7188,755241.49
1733349600,0.7189,0.725,0.7115,0.713,358305.3
1733353200,0.7127,0.7148,0.6977,0.71,800144.48
1733356800,0.7097,0.7119,0.6944,0.6963,623946.07
1733360400,0.6959,0.696,0.67,0.682,543288.37
1733364000,0.6819,0.7033,0.6819,0.6966,812639.24
1733367600,0.6968,0.7079,0.685,0.6893,434713.02
1733371200,0.6895,0.708,0.6861,0.7033,381742.31
1733374800,0.7029,0.7037,0.6911,0.6986,401216.49
1733378400,0.6977,0.7038,0.6929,0.7016,332329.63
1733382000,0.7012,0.7131,0.7,0.71,633285.93
1733385600,0.7088,0.7184,0.7069,0.7136,359681.24
1733389200,0.7131,0.7158,0.7084,0.7123,322361.82
1733392800,0.7121,0.7157,0.7104,0.7129,309890.99
1733396400,0.7124,0.7236,0.7124,0.7217,246851.85
1733400000,0.7212,0.7219,0.7121,0.7143,329196.77
1733403600,0.7137,0.7196,0.7119,0.7143,264292.52
1733407200,0.7142,0.7319,0.703,0.7079,1125728.11
1733410800,0.7075,0.7094,0.6948,0.7032,1026641.41
1733414400,0.703,0.7087,0.6965,0.7066,613175.05
1733418000,0.7056,0.7088,0.7042,0.7086,375755.13
1733421600,0.7081,0.7088,0.6992,0.6993,294573.63
1733425200,0.6994,0.7126,0.6866,0.689,491007.9
1733428800,0.6881,0.6947,0.6762,0.6907,1078286.99
1733432400,0.6904,0.6976,0.6871,0.6949,429253.31
1733436000,0.6945,0.6991,0.6633,0.6868,1201443.68
1733439600,0.6862,0.6892,0.6747,0.6816,1378789.76
1733443200,0.6813,0.6982,0.6759,0.696,459683.95
1733446800,0.696,0.7033,0.6896,0.6989,293987.46
1733450400,0.6981,0.6983,0.6888,0.6927,470353.65
1733454000,0.6928,0.6976,0.6862,0.6975,325805.46
1733457600,0.6967,0.7007,0.6963,0.6994,251913.7
1733461200,0.6988,0.6998,0.6913,0.6949,328860.49
1733464800,0.6948,0.7001,0.6933,0.6967,218778.19
1733468400,0.6967,0.6971,0.6923,0.6966,302135.45
1733472000,0.6964,0.7006,0.6944,0.6952,527949.6
1733475600,0.6952,0.6961,0.6784,0.6835,372701.78
1733479200,0.6832,0.6843,0.6715,0.6808,415567.21
1733482800,0.6799,0.6846,0.6731,0.6771,353574.57
1733486400,0.676,0.6845,0.66,0.66,517273.16
1733490000,0.6616,0.6833,0.6613,0.6789,310011.3
1733493600,0.6788,0.6943,0.6742,0.6942,384343.08
1733497200,0.6942,0.7022,0.6905,0.6926,761804.01
1733500800,0.6929,0.7017,0.6913,0.6991,260738.67
1733504400,0.699,0.7094,0.6983,0.7052,574099.33
1733508000,0.7049,0.7107,0.7027,0.7093,254587.33
1733511600,0.7102,0.7205,0.7101,0.7193,467253.06
1733515200,0.7193,0.7229,0.7121,0.7148,415709.9
1733518800,0.7146,0.7155,0.7109,0.7113,307882.29
1733522400,0.7113,0.7259,0.7113,0.722,523494.13
1733526000,0.7216,0.7265,0.7121,0.7144,581398.21
1733529600,0.7142,0.7181,0.7052,0.7102,324247.23
1733533200,0.7099,0.7157,0.7055,0.7056,203971.12
1733536800,0.7054,0.7122,0.7028,0.708,83443.96
1733540400,0.7077,0.7077,0.6999,0.6999,238201.54
1733544000,0.7,0.7041,0.6978,0.7037,103405.45
1733547600,0.7032,0.7048,0.695,0.7023,424396.48
1733551200,0.7024,0.7088,0.7017,0.7068,209833.79
1733554800,0.7058,0.706,0.6948,0.7004,161676.59
1733558400,0.7004,0.7041,0.6967,0.7012,159434.42
1733562000,0.7008,0.7058,0.7008,0.7032,168078.89
1733565600,0.7026,0.7061,0.6971,0.7015,266925.32
1733569200,0.7012,0.7111,0.7007,0.706,263098.16
1733572800,0.7067,0.7097,0.7047,0.7095,69249.12
1733576400,0.7092,0.7126,0.7059,0.7081,150792.29
1733580000,0.7078,0.7115,0.7019,0.7087,109764.9
1733583600,0.7082,0.7117,0.7056,0.7111,207126.2
1733587200,0.7115,0.7119,0.705,0.7071,233726.59
1733590800,0.7072,0.7078,0.6961,0.6987,243811.18
1733594400,0.6984,0.7083,0.6984,0.706,246491.72
1733598000,0.7062,0.7089,0.7,0.7,166049.15
1733601600,0.7005,0.7044,0.6983,0.6989,159941.99
1733605200,0.6994,0.7033,0.698,0.7003,160127.94
1733608800,0.7006,0.7022,0.6976,0.6991,202528.15
1733612400,0.6983,0.7063,0.6983,0.7004,569876.99
1733616000,0.7,0.7028,0.6965,0.7017,140079.96
1733619600,0.7022,0.7034,0.6941,0.695,372774.04
1733623200,0.695,0.6989,0.692,0.698,177424.63
1733626800,0.698,0.7006,0.6951,0.6953,242622.96
1733630400,0.695,0.6976,0.6908,0.6908,122723.32
1733634000,0.6909,0.6926,0.685,0.6875,232571.38
1733637600,0.6877,0.6925,0.6845,0.6918,115913.69
1733641200,0.692,0.6966,0.6913,0.6942,55832.08
1733644800,0.694,0.6946,0.6814,0.6815,76191.96
1733648400,0.6816,0.689,0.6777,0.6811,107963.01
1733652000,0.6815,0.6893,0.6815,0.6878,116532.28
1733655600,0.6875,0.695,0.6852,0.6937,96730.19
1733659200,0.6933,0.698,0.6875,0.6975,204883.38
1733662800,0.6974,0.7076,0.6971,0.7035,233485.41
1733666400,0.7034,0.7059,0.6979,0.6981,155772.52
1733670000,0.6986,0.7043,0.6925,0.703,150311.87
1733673600,0.7028,0.7065,0.7011,0.7027,124428.31
1733677200,0.7024,0.7055,0.6995,0.7039,190604.47
1733680800,0.7039,0.7054,0.696,0.6975,155909.07
1733684400,0.6975,0.7052,0.696,0.7042,103227.33
1733688000,0.7043,0.7054,0.6957,0.696,81167.85
1733691600,0.6963,0.6987,0.6945,0.6987,81889.6
1733695200,0.6987,0.7052,0.6976,0.7041,133714.75
1733698800,0.7046,0.7055,0.7,0.7032,174036.24
1733702400,0.7026,0.7029,0.6858,0.6895,275338.22
1733706000,0.6895,0.6925,0.6826,0.6834,242260.46
1733709600,0.683,0.6862,0.6761,0.679,183495.73
1733713200,0.6794,0.682,0.6667,0.6747,300591.98
1733716800,0.6743,0.6802,0.6696,0.6801,234348.66
1733720400,0.6799,0.6822,0.6778,0.6815,118891.15
1733724000,0.6813,0.6813,0.6679,0.6703,151349.7
1733727600,0.6702,0.6717,0.6594,0.668,412596.47
1733731200,0.6687,0.6687,0.6389,0.6415,626298.45
1733734800,0.6415,0.6489,0.6337,0.6414,362400.92
1733738400,0.6419,0.6501,0.6398,0.6459,297142.81
1733742000,0.6454,0.6454,0.6288,0.6309,257335.1
1733745600,0.6293,0.6403,0.6255,0.64,296313.2
1733749200,0.6398,0.6534,0.6362,0.6512,410084.33
1733752800,0.6513,0.6601,0.6455,0.6581,283469.2
1733756400,0.6585,0.6587,0.6323,0.6367,360794.04
1733760000,0.6344,0.6461,0.6338,0.6401,235043.45
1733763600,0.64,0.645,0.6363,0.6363,200280.11
1733767200,0.6373,0.6427,0.6373,0.6391,172396.57
1733770800,0.6384,0.6402,0.6339,0.6354,456565.13
1733774400,0.6355,0.636,0.5867,0.591,1595743.37
1733778000,0.5916,0.5933,0.5148,0.5723,3379155.63
1733781600,0.5721,0.5755,0.5148,0.574,1703594.33
1733785200,0.5736,0.5883,0.5651,0.582,892206.69
1733788800,0.582,0.5932,0.567,0.5916,268587.78
1733792400,0.5913,0.5934,0.5747,0.5856,192682.13
1733796000,0.5849,0.5849,0.5606,0.561,268166.51
1733799600,0.5608,0.5655,0.5383,0.561,502454.57
1733803200,0.5596,0.5705,0.5464,0.569,621414.11
1733806800,0.5685,0.5796,0.5655,0.5787,253114.66
1733810400,0.5792,0.5906,0.5742,0.5888,446211.95
1733814000,0.5885,0.5887,0.5779,0.5875,1023315.25
1733817600,0.587,0.5882,0.577,0.587,268569.66
1733821200,0.5864,0.5964,0.5847,0.5911,309289.06
1733824800,0.5914,0.6033,0.5914,0.601,227759.91
1733828400,0.6001,0.6008,0.5881,0.5926,106705.2
1733832000,0.5923,0.5933,0.5625,0.5657,332870.78
1733835600,0.5655,0.5801,0.5654,0.574,359263.98
1733839200,0.5744,0.5887,0.5741,0.5776,233719.89
1733842800,0.5774,0.581,0.5466,0.5469,685895.13
1733846400,0.5464,0.5597,0.536,0.5571,1355993.74
1733850000,0.5548,0.5548,0.5289,0.5289,798392.4
1733853600,0.5303,0.549,0.5279,0.5427,1161612.64
1733857200,0.5423,0.5627,0.542,0.5608,636584.36
1733860800,0.5605,0.5748,0.5575,0.5733,362632.71
1733864400,0.5729,0.5853,0.5725,0.5802,323623.02
1733868000,0.5804,0.5861,0.5771,0.5813,207670.75
1733871600,0.5813,0.5856,0.578,0.5813,157948.05
1733875200,0.5812,0.5844,0.5649,0.5721,351289.81
1733878800,0.5718,0.5718,0.5549,0.5568,209487.78
1733882400,0.5576,0.5796,0.555,0.5764,430200.77
1733886000,0.5756,0.5807,0.5749,0.5764,233437.6
1733889600,0.5766,0.5791,0.572,0.5762,199263.11
1733893200,0.5768,0.5792,0.573,0.5764,206316.07
1733896800,0.5762,0.5831,0.5733,0.581,352929.92
1733900400,0.5813,0.5837,0.5727,0.5736,244772.03
1733904000,0.5726,0.5913,0.5726,0.5875,276010.8
1733907600,0.5879,0.5907,0.5829,0.5907,365416.67
1733911200,0.5905,0.5909,0.586,0.5894,190319.19
1733914800,0.589,0.5959,0.5874,0.5905,232728.65
1733918400,0.5904,0.6068,0.5903,0.6038,585362.72
1733922000,0.6038,0.6222,0.6021,0.6178,719132.34
1733925600,0.6176,0.6235,0.6081,0.6196,783970.84
1733929200,0.6197,0.6324,0.6187,0.6276,1092452.03
1733932800,0.6276,0.6338,0.6223,0.6226,462060.23
1733936400,0.6226,0.6267,0.6171,0.6177,321676.97
1733940000,0.6186,0.6273,0.6182,0.6233,361625.91
1733943600,0.6236,0.6307,0.6236,0.6299,602011.11
1733947200,0.6299,0.6353,0.6282,0.6314,637341.75
1733950800,0.6307,0.6313,0.6276,0.6292,312202.77
1733954400,0.6296,0.637,0.6296,0.6342,427405.56
1733958000,0.6345,0.6379,0.6289,0.6308,1069970.46
1733961600,0.6308,0.6386,0.6275,0.6308,805760.98
1733965200,0.6309,0.6375,0.6287,0.6322,298670.1
1733968800,0.6324,0.6511,0.6324,0.6491,495107.03
1733972400,0.6487,0.6556,0.6443,0.6523,906111.11
1733976000,0.652,0.657,0.6472,0.6514,636904.43
1733979600,0.6515,0.6702,0.6499,0.6604,903703.8
1733983200,0.6604,0.6623,0.651,0.6532,1083589.55
1733986800,0.6535,0.657,0.6488,0.6498,226630.36
1733990400,0.6498,0.6556,0.6497,0.6538,745102.69
1733994000,0.654,0.6568,0.6474,0.6477,140450.01
1733997600,0.6475,0.6477,0.6375,0.6409,300534.58
1734001200,0.6402,0.6413,0.6315,0.6345,385233.62
1734004800,0.635,0.6496,0.635,0.6487,226885.42
1734008400,0.6489,0.6553,0.6379,0.6421,1057525.17
1734012000,0.6417,0.6495,0.6388,0.6469,427676.35
1734015600,0.6469,0.6488,0.6377,0.6437,687057.42
1734019200,0.6436,0.6526,0.6414,0.6449,320836.42
1734022800,0.6447,0.6508,0.64,0.6427,615761.27
1734026400,0.6429,0.6438,0.6345,0.6356,457107.54
1734030000,0.6359,0.64,0.6182,0.6203,568750.09
1734033600,0.6202,0.6318,0.6202,0.6283,344829.01
1734037200,0.6289,0.6308,0.6234,0.6238,497034.71
1734040800,0.6238,0.6265,0.6168,0.6229,404249.09
1734044400,0.6233,0.6262,0.6214,0.6243,209757.89
1734048000,0.6243,0.6299,0.6181,0.6239,1692829.49
1734051600,0.6236,0.6236,0.6102,0.6185,862212.82
1734055200,0.6185,0.6316,0.6168,0.6251,288690.74
1734058800,0.6251,0.629,0.6234,0.629,195724.53
1734062400,0.6292,0.6302,0.619,0.6248,618155.35
1734066000,0.6247,0.6297,0.6206,0.622,351371.61
1734069600,0.622,0.6267,0.6124,0.6124,844412.7
1734073200,0.6124,0.6181,0.6084,0.6149,316128.07
1734076800,0.6155,0.6211,0.6121,0.6204,263541.27
1734080400,0.6204,0.6227,0.6131,0.6163,224176.39
1734084000,0.6163,0.6212,0.6105,0.6195,167689.07
1734087600,0.6195,0.6271,0.6189,0.6204,191996.95
1734091200,0.6206,0.6268,0.6206,0.6253,137462.39
1734094800,0.6252,0.6252,0.6151,0.6196,254312.96
1734098400,0.6196,0.6253,0.6147,0.6252,185950.77
1734102000,0.6256,0.6294,0.6091,0.6099,382035.18
1734105600,0.6101,0.6219,0.6094,0.6169,282912.92
1734109200,0.6167,0.6209,0.6137,0.62,189536.22
1734112800,0.6199,0.6202,0.6117,0.6125,151101.08
1734116400,0.6125,0.6181,0.6125,0.617,94942.54
1734120000,0.6171,0.6228,0.6163,0.6201,210515.4
1734123600,0.6199,0.6202,0.6149,0.6149,135791.87
1734127200,0.615,0.6152,0.6103,0.6124,484148.28
1734130800,0.6124,0.6225,0.6116,0.6218,287846.68
1734134400,0.6214,0.6251,0.6172,0.62,199399.76
1734138000,0.6199,0.6289,0.6197,0.6242,582738.56
1734141600,0.6242,0.6246,0.6172,0.6205,232550.34
1734145200,0.6205,0.6223,0.6178,0.6198,89435.22
1734148800,0.6197,0.6211,0.6161,0.6175,126671.15
1734152400,0.6175,0.618,0.6143,0.6175,499264
1734156000,0.6175,0.6213,0.6166,0.6183,132782.25
1734159600,0.6182,0.6186,0.615,0.6165,61134.57
1734163200,0.6165,0.621,0.6164,0.6198,96678.37
1734166800,0.6197,0.6202,0.6152,0.6159,316179.34
1734170400,0.616,0.616,0.6102,0.6131,115140.96
1734174000,0.6132,0.6151,0.61,0.6107,128728.81
1734177600,0.6105,0.6117,0.6009,0.6014,349011.11
1734181200,0.6013,0.6032,0.5905,0.5968,664914.28
1734184800,0.5969,0.6052,0.5966,0.6026,124144.96
1734188400,0.602,0.6029,0.5984,0.6,151821.2
1734192000,0.5994,0.601,0.5937,0.6001,146882.58
1734195600,0.6004,0.6014,0.5894,0.5908,354071.43
1734199200,0.591,0.5935,0.5865,0.5872,134623.77
1734202800,0.5869,0.5939,0.5868,0.5936,201608.42
1734206400,0.5936,0.5962,0.5846,0.5862,132571.03
1734210000,0.5861,0.5942,0.5858,0.5938,79586.17
1734213600,0.5937,0.6,0.5923,0.5987,264021.44
1734217200,0.5989,0.6033,0.5978,0.601,228904.42
1734220800,0.6002,0.6006,0.5924,0.5944,167089.09
1734224400,0.5943,0.604,0.5941,0.6028,137769.8
1734228000,0.6031,0.6043,0.5994,0.5996,476499.05
1734231600,0.5997,0.6005,0.5952,0.5953,87695.02
1734235200,0.5954,0.6038,0.5948,0.6002,161641.19
1734238800,0.5998,0.602,0.5977,0.5988,54669.3
1734242400,0.5988,0.5996,0.5926,0.5926,97093.28
1734246000,0.5929,0.5947,0.5833,0.5871,197080.87
1734249600,0.5871,0.5955,0.586,0.5951,85263.32
1734253200,0.5952,0.5999,0.5925,0.5993,152994.89
1734256800,0.5993,0.6015,0.5959,0.5959,40318.96
1734260400,0.5957,0.5993,0.5951,0.598,55177.67
1734264000,0.5978,0.6023,0.5956,0.6009,210926.98
1734267600,0.6009,0.6105,0.5974,0.6076,225663.09
1734271200,0.6078,0.6138,0.6078,0.6131,115792.79
1734274800,0.6131,0.6135,0.6089,0.6099,81415.38
1734278400,0.6101,0.6131,0.6076,0.6092,109436.62
1734282000,0.6088,0.6102,0.6054,0.6064,219878.21
1734285600,0.6065,0.6089,0.6037,0.6078,138094.25
1734289200,0.6081,0.6116,0.6081,0.6094,166820.89
1734292800,0.6097,0.6108,0.6049,0.6051,129070.46
1734296400,0.6049,0.6053,0.5912,0.5914,261429.89
1734300000,0.5911,0.602,0.5881,0.601,290100.8
1734303600,0.601,0.62,0.6006,0.6166,806040.7
1734307200,0.6166,0.6267,0.6135,0.6245,546586.78
1734310800,0.6241,0.6258,0.6173,0.6232,477824.73
1734314400,0.6229,0.6273,0.6066,0.6078,490523.56
1734318000,0.6078,0.6102,0.599,0.6018,139682.21
1734321600,0.602,0.6036,0.5995,0.6018,163390.94
1734325200,0.6018,0.6058,0.5989,0.6051,93603.54
1734328800,0.6049,0.608,0.5991,0.6004,230096.67
1734332400,0.6002,0.6058,0.5991,0.6056,57714.51
1734336000,0.6056,0.6056,0.5975,0.5982,417504
1734339600,0.598,0.5991,0.593,0.5931,194634.84
1734343200,0.5935,0.5971,0.5916,0.5955,174137.02
1734346800,0.5955,0.5964,0.5856,0.5868,215878.45
1734350400,0.587,0.5921,0.5855,0.5867,578829.37
1734354000,0.5867,0.5929,0.5853,0.5899,234858
1734357600,0.5899,0.5999,0.5899,0.5933,320630.47
1734361200,0.5934,0.6006,0.591,0.5966,212873.43
1734364800,0.5967,0.6049,0.5967,0.6007,271587.89
1734368400,0.6008,0.6087,0.6001,0.6067,266341.83
1734372000,0.6068,0.6125,0.6047,0.6125,495272.1
1734375600,0.6125,0.6127,0.602,0.6029,203222.96
1734379200,0.6029,0.605,0.5974,0.5988,142980.04
1734382800,0.5992,0.6028,0.5965,0.6022,340725.14
1734386400,0.6019,0.6037,0.5981,0.5994,127903.65
1734390000,0.5985,0.6007,0.5911,0.5928,438036.36
1734393600,0.593,0.5942,0.5834,0.5836,355046.34
1734397200,0.5838,0.5906,0.5828,0.5895,154672.83
1734400800,0.5893,0.5934,0.5881,0.5888,71762.89
1734404400,0.5891,0.5939,0.5891,0.5917,95991.64
1734408000,0.591,0.5918,0.5825,0.584,98365.04
1734411600,0.5839,0.5873,0.5819,0.5865,110846.42
1734415200,0.5864,0.5868,0.5808,0.5844,169338.65
1734418800,0.5847,0.5882,0.5815,0.5831,96463.2
1734422400,0.5837,0.588,0.5837,0.5852,73751.46
1734426000,0.5855,0.5973,0.5844,0.5963,109737.68
1734429600,0.596,0.5998,0.5935,0.5987,163919.14
1734433200,0.5984,0.6001,0.5947,0.5961,129878.72
1734436800,0.5963,0.5995,0.5908,0.5985,279637.4
1734440400,0.5982,0.5984,0.5941,0.595,214637.99
1734444000,0.595,0.595,0.5834,0.59,338541.78
1734447600,0.5898,0.5898,0.574,0.5791,495629.23
1734451200,0.5778,0.5849,0.5748,0.5841,397752.15
1734454800,0.5843,0.5909,0.5823,0.5859,519873.17
1734458400,0.5862,0.5867,0.5766,0.577,278156.82
1734462000,0.5786,0.58,0.5745,0.58,336335.52
1734465600,0.58,0.5816,0.5748,0.5763,162245.58
1734469200,0.5763,0.5799,0.5729,0.5745,62890.41
1734472800,0.5745,0.5757,0.5632,0.5648,882507.38
1734476400,0.5636,0.5679,0.5587,0.5669,566232.33
1734480000,0.5669,0.5692,0.5579,0.5625,399393.16
1734483600,0.5621,0.5672,0.5566,0.5566,239933
1734487200,0.5569,0.5632,0.556,0.5588,347356.32
1734490800,0.5594,0.5605,0.5539,0.5548,148248.65
1734494400,0.5538,0.5555,0.5458,0.5524,344028.98
1734498000,0.5525,0.5563,0.5488,0.5512,298607.43
1734501600,0.5507,0.5545,0.5453,0.5477,265996.6
1734505200,0.5467,0.5516,0.546,0.5497,151431.04
1734508800,0.55,0.5542,0.5483,0.5542,108877.58
1734512400,0.5542,0.5594,0.5542,0.558,82182.11
1734516000,0.5576,0.5602,0.5554,0.5596,123889.04
1734519600,0.5593,0.5631,0.5593,0.5623,71802.1
1734523200,0.5619,0.5628,0.5502,0.5523,156824.24
1734526800,0.5524,0.5559,0.5491,0.5514,470917.99
1734530400,0.5538,0.5556,0.5475,0.5483,186982.79
1734534000,0.5484,0.5527,0.5422,0.5486,875636.54
1734537600,0.5484,0.5522,0.5449,0.5483,284515.04
1734541200,0.5482,0.5529,0.5421,0.5502,201026.07
1734544800,0.55,0.5586,0.5482,0.5569,345292.65
1734548400,0.5578,0.5597,0.535,0.535,719519.14
1734552000,0.535,0.5387,0.5043,0.5212,2534400.69
1734555600,0.5213,0.5288,0.5178,0.524,1186016.79
1734559200,0.524,0.5339,0.5188,0.5225,1170287.83
1734562800,0.5227,0.5246,0.5144,0.5159,543820.35
1734566400,0.5159,0.5321,0.5106,0.5203,1243569.81
1734570000,0.5202,0.5206,0.5005,0.5047,822557.54
1734573600,0.5046,0.507,0.4866,0.5062,2154216.03
1734577200,0.5065,0.5179,0.506,0.5164,688689.63
1734580800,0.516,0.5197,0.5146,0.5147,106082.88
1734584400,0.5149,0.5209,0.5145,0.5196,235958.18
1734588000,0.5196,0.5196,0.5137,0.515,178109.23
1734591600,0.5154,0.5209,0.5149,0.5199,316347.96
1734595200,0.5199,0.5199,0.5102,0.5114,322472.3
1734598800,0.5113,0.5181,0.5113,0.5177,187165.76
1734602400,0.5182,0.5275,0.5144,0.5251,224811.85
1734606000,0.5249,0.5268,0.5221,0.5236,461717.11
1734609600,0.5236,0.5247,0.5117,0.5128,170591.11
1734613200,0.5126,0.5194,0.5122,0.5174,143597.67
1734616800,0.5178,0.523,0.5117,0.5123,210353.19
1734620400,0.5122,0.5124,0.4971,0.5071,906430.16
1734624000,0.5056,0.5118,0.5018,0.511,186001.64
1734627600,0.511,0.5112,0.4734,0.4854,1710005.52
1734631200,0.4848,0.4851,0.4641,0.4833,1649969.43
1734634800,0.483,0.4853,0.4632,0.4719,655846.24
1734638400,0.4725,0.4748,0.458,0.4702,1111823.71
1734642000,0.4707,0.4856,0.467,0.4807,616835.39
1734645600,0.4805,0.4871,0.479,0.4813,509561.46
1734649200,0.4811,0.4825,0.4745,0.4752,362715.76
1734652800,0.4762,0.4823,0.4679,0.4799,212128.81
1734656400,0.48,0.4837,0.477,0.4794,159612.63
1734660000,0.4787,0.4939,0.4782,0.4918,192828.62
1734663600,0.4918,0.4918,0.4842,0.4844,144557.99
1734667200,0.4848,0.4881,0.4832,0.4846,257911.89
1734670800,0.4846,0.485,0.4746,0.4746,274789.05
1734674400,0.4746,0.4798,0.4648,0.4694,433698.9
1734678000,0.4697,0.4826,0.4697,0.4752,241722.7
1734681600,0.4737,0.4751,0.4427,0.4459,1303816.15
1734685200,0.4477,0.4499,0.4375,0.4375,1116820.09
1734688800,0.4379,0.4414,0.4255,0.4296,2610622.55
1734692400,0.4298,0.4376,0.4114,0.413,5148901.82
1734696000,0.4132,0.4459,0.4128,0.4411,3112440.61
1734699600,0.441,0.4576,0.4388,0.4558,1779730.69
1734703200,0.4543,0.4609,0.4502,0.4568,954523.89
1734706800,0.4567,0.4747,0.4567,0.4702,628747.03
1734710400,0.4698,0.4776,0.467,0.4696,805334.34
1734714000,0.4681,0.4809,0.4679,0.4796,471525.83
1734717600,0.4794,0.4821,0.4754,0.4799,369985.46
1734721200,0.4801,0.4939,0.4798,0.4892,598990.28
1734724800,0.4893,0.4916,0.4843,0.4879,361672.48
1734728400,0.4888,0.4933,0.4795,0.4862,743318.3
1734732000,0.4863,0.5022,0.4847,0.5002,151800.59
1734735600,0.4999,0.5041,0.4965,0.4995,468605.64
1734739200,0.499,0.5009,0.4929,0.4963,263302.76
1734742800,0.4958,0.5038,0.4958,0.4986,199208.23
1734746400,0.4984,0.5031,0.4949,0.4992,204493.97
1734750000,0.4994,0.5004,0.4955,0.4991,55958.18
1734753600,0.4993,0.5032,0.4987,0.5025,105350.45
1734757200,0.5025,0.5155,0.5023,0.5155,159114.56
1734760800,0.5148,0.5194,0.5137,0.5174,579754.99
1734764400,0.518,0.5231,0.5162,0.5198,256491.06
1734768000,0.521,0.5211,0.5074,0.5082,127717.94
1734771600,0.5086,0.5089,0.5,0.5072,418193.53
1734775200,0.5071,0.5124,0.5044,0.5062,151497.88
1734778800,0.5064,0.5076,0.4979,0.503,243538.84
1734782400,0.5029,0.5033,0.4853,0.4857,391874.08
1734786000,0.4866,0.4888,0.4706,0.4849,718419.13
1734789600,0.4849,0.4896,0.4784,0.4788,280479.17
1734793200,0.4792,0.4856,0.4791,0.4827,170548.49
1734796800,0.483,0.4835,0.4734,0.4753,807065.59
1734800400,0.4751,0.4805,0.4709,0.4783,224813.91
1734804000,0.4807,0.4807,0.4691,0.4714,125160.69
1734807600,0.4711,0.4711,0.464,0.4699,350835.01
1734811200,0.4712,0.4765,0.468,0.474,142509.86
1734814800,0.4758,0.4762,0.4692,0.4712,426251.11
1734818400,0.4709,0.4749,0.4663,0.4712,215253.52
1734822000,0.4708,0.474,0.4668,0.4733,161899.67
1734825600,0.4735,0.4788,0.4691,0.4752,355600.67
1734829200,0.4751,0.4804,0.4703,0.476,260185.1
1734832800,0.476,0.4782,0.4716,0.4733,87156.46
1734836400,0.4739,0.4779,0.4681,0.4761,310834.01
1734840000,0.4762,0.4778,0.4654,0.4654,203186.07
1734843600,0.4658,0.4724,0.4607,0.4695,316914.85
1734847200,0.4694,0.4769,0.4678,0.4769,135907.78
1734850800,0.4768,0.4776,0.4716,0.4751,132490.98
1734854400,0.4758,0.4822,0.4758,0.4784,178922.22
1734858000,0.4786,0.4903,0.4767,0.4853,223504.6
1734861600,0.4853,0.4898,0.4851,0.4855,248334.52
1734865200,0.4849,0.4877,0.4838,0.4853,98444.24
1734868800,0.4852,0.4878,0.483,0.4839,119823.69
1734872400,0.4846,0.4891,0.4817,0.4861,43672.24
1734876000,0.4869,0.4875,0.4704,0.4717,259562.64
1734879600,0.4724,0.4794,0.4724,0.4762,648185.09
1734883200,0.4762,0.4842,0.4721,0.4804,365020.42
1734886800,0.4802,0.481,0.477,0.4783,238408.65
1734890400,0.4784,0.4837,0.4763,0.4803,139525.47
1734894000,0.4802,0.4812,0.4655,0.4673,190148.02
1734897600,0.4682,0.4767,0.4613,0.4766,234366.26
1734901200,0.4769,0.4796,0.4728,0.4748,114696.66
1734904800,0.4748,0.4748,0.4655,0.4741,414741.72
1734908400,0.473,0.4781,0.4707,0.4732,133991.37
1734912000,0.4734,0.4737,0.4656,0.4677,137317.54
1734915600,0.4675,0.4748,0.4613,0.4704,187267.3
1734919200,0.4712,0.4735,0.4653,0.4726,114826.59
1734922800,0.4727,0.4887,0.4711,0.4884,346900.65
1734926400,0.4887,0.4916,0.483,0.4846,278495.43
1734930000,0.4839,0.4853,0.4781,0.4799,284925.75
1734933600,0.4804,0.4811,0.4683,0.4716,353842.61
1734937200,0.4718,0.4756,0.4693,0.4744,81505.58
1734940800,0.4745,0.4797,0.4732,0.4794,168532.1
1734944400,0.48,0.4853,0.4785,0.4806,188911.36
1734948000,0.4809,0.484,0.4795,0.482,108726.28
1734951600,0.482,0.482,0.4767,0.4783,58330.23
1734955200,0.4788,0.4844,0.4775,0.4826,63985.15
1734958800,0.483,0.483,0.4715,0.4746,933660.83
1734962400,0.4742,0.4808,0.4673,0.4713,379237.41
1734966000,0.4716,0.4733,0.4674,0.4676,218316.99
1734969600,0.4679,0.4827,0.4654,0.4807,675451.64
1734973200,0.4807,0.4831,0.4742,0.4746,341529.08
1734976800,0.4744,0.4773,0.4698,0.4711,100982.02
1734980400,0.4711,0.4838,0.4709,0.4791,107786.54
1734984000,0.4797,0.4976,0.4796,0.4976,322385.31
1734987600,0.4976,0.5057,0.4964,0.4964,1343140.56
1734991200,0.4965,0.5043,0.4962,0.5035,147940.62
1734994800,0.5036,0.5052,0.4989,0.5008,206218.98
1734998400,0.5007,0.5023,0.4966,0.5014,240893.14
1735002000,0.5013,0.5024,0.4926,0.4938,166943.33
1735005600,0.4938,0.4969,0.4891,0.4953,162366.68
1735009200,0.4953,0.5008,0.4951,0.5005,335124.22
1735012800,0.5005,0.5044,0.4975,0.5044,72285.79
1735016400,0.5045,0.5108,0.5024,0.5089,324310.1
1735020000,0.5087,0.5094,0.5001,0.5007,246962.87
1735023600,0.501,0.505,0.4983,0.5033,219334.85
1735027200,0.5029,0.5065,0.5011,0.5058,201037.22
1735030800,0.5058,0.5069,0.4996,0.5017,172503.08
1735034400,0.5016,0.5023,0.4984,0.4994,49679.42
1735038000,0.4996,0.5061,0.4995,0.506,175894.8
1735041600,0.5058,0.5062,0.5005,0.5033,49035.1
1735045200,0.5032,0.5172,0.5028,0.5168,261839.66
1735048800,0.517,0.5202,0.5132,0.52,315531.14
1735052400,0.52,0.5343,0.5176,0.5308,613258.97
1735056000,0.5306,0.5334,0.5263,0.5281,265025.98
1735059600,0.5281,0.5308,0.5263,0.5282,105392.71
1735063200,0.5284,0.5333,0.5271,0.5275,215542.31
1735066800,0.527,0.5278,0.5191,0.5196,152510.82
1735070400,0.5198,0.5199,0.5136,0.5155,166380.86
1735074000,0.5157,0.526,0.5157,0.5255,94594.13
1735077600,0.5255,0.5266,0.5225,0.5239,129502.19
1735081200,0.524,0.5297,0.5229,0.5281,461661.23
1735084800,0.5279,0.5281,0.5238,0.524,184245.24
1735088400,0.5241,0.5271,0.5235,0.5253,143945.77
1735092000,0.5253,0.5257,0.5217,0.5233,314647.6
1735095600,0.5231,0.5242,0.5171,0.5192,88909.09
1735099200,0.5189,0.5218,0.5166,0.519,217629.48
1735102800,0.5192,0.5221,0.5184,0.5208,118361.28
1735106400,0.5209,0.5236,0.5171,0.5179,115328.04
1735110000,0.5182,0.522,0.5162,0.5167,77173.51
1735113600,0.517,0.5205,0.5159,0.518,123543.27
1735117200,0.5182,0.5205,0.5174,0.5188,69918.42
1735120800,0.519,0.5277,0.5173,0.519,412132.52
1735124400,0.5192,0.5225,0.5125,0.5134,256280.96
1735128000,0.5135,0.5182,0.5115,0.5172,289480.16
1735131600,0.5166,0.5208,0.5155,0.5182,93636.55
1735135200,0.5183,0.5213,0.517,0.5194,183499.92
1735138800,0.5197,0.5205,0.5135,0.5144,115151
1735142400,0.5144,0.5155,0.5047,0.5088,817664.26
1735146000,0.5092,0.5143,0.5086,0.5142,50191.03
1735149600,0.5142,0.5156,0.5129,0.5145,27544.9
1735153200,0.5147,0.5187,0.5139,0.5176,39348.19
1735156800,0.5179,0.5194,0.5105,0.5118,47083.43
1735160400,0.5113,0.5149,0.5083,0.5107,96215.96
1735164000,0.5101,0.5144,0.509,0.5121,90166.31
1735167600,0.5119,0.5158,0.5119,0.5149,65786.75
1735171200,0.5148,0.5199,0.5096,0.5104,123972.21
1735174800,0.5107,0.514,0.5071,0.5072,198890.24
1735178400,0.5071,0.5087,0.5026,0.5032,175462.29
1735182000,0.5032,0.5048,0.5009,0.5009,239334.65
1735185600,0.5012,0.5015,0.4985,0.4998,119471.29
1735189200,0.5,0.5005,0.4968,0.4981,441492.83
1735192800,0.4976,0.4995,0.4947,0.4959,550730.92
1735196400,0.496,0.4984,0.4931,0.4932,206495.42
1735200000,0.4933,0.4938,0.479,0.4848,458701.19
1735203600,0.4844,0.4877,0.4844,0.4851,387677.82
1735207200,0.485,0.4874,0.4834,0.4863,112883.59
1735210800,0.4863,0.4899,0.4862,0.4865,88865.22
1735214400,0.4865,0.4866,0.4816,0.4824,143691.75
1735218000,0.4825,0.4843,0.4784,0.4838,95761.7
1735221600,0.4838,0.4872,0.4764,0.4789,183070.88
1735225200,0.4792,0.4829,0.4775,0.4807,259655.15
1735228800,0.4804,0.485,0.4802,0.484,185572.83
1735232400,0.4837,0.4838,0.4744,0.4785,405868.22
1735236000,0.4782,0.4797,0.4762,0.4793,191702.2
1735239600,0.4792,0.4798,0.4757,0.4783,101739.73
1735243200,0.4787,0.4794,0.474,0.4762,84997.86
1735246800,0.4763,0.4775,0.471,0.4763,132757.2
1735250400,0.4763,0.4795,0.476,0.4774,235888.99
1735254000,0.4776,0.4779,0.4727,0.4762,202164.52
1735257600,0.4764,0.4783,0.4713,0.4764,50419.66
1735261200,0.4763,0.4841,0.4763,0.4809,179504.05
1735264800,0.4805,0.487,0.4796,0.4806,279227.06
1735268400,0.4808,0.4835,0.4791,0.482,93560.22
1735272000,0.482,0.4856,0.4807,0.4809,61543.22
1735275600,0.4814,0.4835,0.478,0.4833,388821.75
1735279200,0.4835,0.4891,0.4824,0.4889,84839.39
1735282800,0.4889,0.4897,0.4752,0.4794,300854.51
1735286400,0.4795,0.488,0.4794,0.4846,82152.35
1735290000,0.4844,0.5,0.4843,0.4981,347473.15
1735293600,0.4981,0.4985,0.4899,0.4956,99679.31
1735297200,0.4953,0.4991,0.4945,0.4988,78880.13
1735300800,0.4984,0.4994,0.4966,0.4976,69206.44
1735304400,0.4979,0.4979,0.4898,0.4916,41762.65
1735308000,0.4914,0.492,0.4821,0.4865,65271.38
1735311600,0.4863,0.4863,0.4774,0.4797,409815.18
1735315200,0.4796,0.4811,0.4747,0.4774,924996.55
1735318800,0.4777,0.4887,0.4755,0.4885,449675.04
1735322400,0.4884,0.4894,0.4857,0.488,106564.68
1735326000,0.4878,0.4878,0.4826,0.4856,328442.12
1735329600,0.4857,0.4862,0.4806,0.4832,177297.54
1735333200,0.4835,0.4839,0.4789,0.4791,124480.45
1735336800,0.479,0.4814,0.4764,0.4779,274986.66
1735340400,0.478,0.4797,0.4756,0.4795,137941.3
1735344000,0.4795,0.4806,0.4776,0.48,67750.62
1735347600,0.48,0.4804,0.474,0.4776,179946.1
1735351200,0.4776,0.4804,0.476,0.4768,71430.36
1735354800,0.4769,0.4812,0.4767,0.4802,206952.7
1735358400,0.4802,0.4804,0.4775,0.4785,64806.62
1735362000,0.4786,0.4812,0.4786,0.4794,88205.05
1735365600,0.4795,0.48,0.4747,0.4757,177113.04
1735369200,0.4759,0.478,0.4741,0.4748,60991.98
1735372800,0.4745,0.4792,0.4742,0.4783,38193.15
1735376400,0.4787,0.4807,0.4787,0.4796,82571.6
1735380000,0.4797,0.4801,0.4753,0.4755,48023.12
1735383600,0.4755,0.4786,0.4755,0.4778,19440.81
1735387200,0.4778,0.4788,0.4728,0.473,144096.59
1735390800,0.4732,0.4811,0.4732,0.4809,146835.66
1735394400,0.4812,0.4863,0.4775,0.4792,384116.65
1735398000,0.4795,0.4839,0.4783,0.4789,137424.94
1735401600,0.4792,0.4848,0.4783,0.4845,360534.65
1735405200,0.4846,0.4894,0.484,0.4863,256361.59
1735408800,0.4865,0.4871,0.483,0.4836,255642.88
1735412400,0.4835,0.485,0.4832,0.4848,82946.22
1735416000,0.4851,0.4856,0.4822,0.4846,102171.59
1735419600,0.4847,0.488,0.4836,0.4879,97452.98
1735423200,0.488,0.4926,0.4877,0.4912,261944.08
1735426800,0.491,0.491,0.4874,0.4879,91158.47
1735430400,0.4881,0.4889,0.486,0.487,116310.01
1735434000,0.4872,0.4888,0.4823,0.4836,106154.54
1735437600,0.4836,0.4881,0.4832,0.4873,67338.61
1735441200,0.4874,0.4882,0.4856,0.4882,16811.28
1735444800,0.4883,0.4889,0.4855,0.4859,22236
1735448400,0.4861,0.4861,0.4846,0.4852,27787.91
1735452000,0.485,0.487,0.481,0.4868,679668.38
1735455600,0.4864,0.4886,0.4859,0.4885,210545.47
1735459200,0.4884,0.4889,0.4845,0.4851,194469.02
1735462800,0.4852,0.4866,0.4835,0.4863,54369.75
1735466400,0.4864,0.4877,0.4856,0.4866,231503.69
1735470000,0.4867,0.4867,0.4836,0.4837,133735.92
1735473600,0.4836,0.4838,0.4787,0.4793,175711.85
1735477200,0.4795,0.4831,0.4784,0.4819,598053.76
1735480800,0.4819,0.4847,0.475,0.4773,381805.02
1735484400,0.4772,0.4798,0.4761,0.4779,311509.8
1735488000,0.4779,0.4784,0.4724,0.4735,572666.16
1735491600,0.4737,0.4746,0.4714,0.4728,776459.24
1735495200,0.4728,0.4728,0.4694,0.4698,203491.04
1735498800,0.4698,0.4711,0.4679,0.4685,93425.91
1735502400,0.4684,0.4698,0.4652,0.4695,213916.14
1735506000,0.4695,0.471,0.4648,0.4653,74020.45
1735509600,0.4654,0.4662,0.4608,0.4631,148662.52
1735513200,0.4632,0.4666,0.4612,0.4651,168941.93
1735516800,0.4651,0.4693,0.4637,0.468,231718.18
1735520400,0.4681,0.4779,0.4664,0.4741,680462.76
1735524000,0.474,0.4765,0.4706,0.473,187127.28
1735527600,0.4732,0.4752,0.4694,0.4699,347338.32
1735531200,0.47,0.4727,0.4681,0.4682,305726.52
1735534800,0.4684,0.4713,0.4676,0.4713,122353.85
1735538400,0.4713,0.4775,0.4713,0.4759,86193.12
1735542000,0.4759,0.4762,0.4706,0.4738,110017.99
1735545600,0.474,0.4776,0.4714,0.4729,194116.04
1735549200,0.4727,0.4734,0.4702,0.471,76909.31
1735552800,0.4714,0.472,0.4681,0.4686,126008.54
1735556400,0.4689,0.4712,0.4656,0.4707,88575.09
1735560000,0.4707,0.475,0.4697,0.4706,45153.67
1735563600,0.4709,0.4723,0.4551,0.456,259532.18
1735567200,0.4556,0.4581,0.4505,0.4517,476725.5
1735570800,0.4516,0.4554,0.4497,0.4528,174215.24
1735574400,0.4525,0.4545,0.4494,0.4518,84874.51
1735578000,0.4522,0.4681,0.4518,0.4673,213728
1735581600,0.4672,0.4726,0.4653,0.4714,172124.46
1735585200,0.4718,0.4728,0.4684,0.4726,142397.05
1735588800,0.473,0.4775,0.4718,0.472,55883.02
1735592400,0.4721,0.4722,0.4561,0.4561,318888.4
1735596000,0.4567,0.4616,0.4552,0.4594,375625.82
1735599600,0.4592,0.4616,0.4575,0.4605,230910.33
1735603200,0.4605,0.4606,0.4545,0.455,205957.69
1735606800,0.455,0.4572,0.4524,0.4558,378475.52
1735610400,0.4558,0.456,0.4532,0.4546,181423.67
1735614000,0.4547,0.455,0.4495,0.4504,1521034.98
1735617600,0.4504,0.4542,0.4496,0.4499,249793.77
1735621200,0.45,0.4539,0.4487,0.4531,193388.13
1735624800,0.4532,0.456,0.4519,0.4554,201264
1735628400,0.4557,0.4576,0.4549,0.4565,334004.07
1735632000,0.4565,0.4683,0.4561,0.4629,260107.11
1735635600,0.4629,0.4673,0.4619,0.4655,268651.76
1735639200,0.4656,0.4658,0.4619,0.4636,155926.32
1735642800,0.4638,0.4653,0.4633,0.465,74263.43
1735646400,0.4649,0.4687,0.4636,0.4638,131611.68
1735650000,0.4633,0.4741,0.4633,0.4722,547540.72
1735653600,0.4724,0.4756,0.4705,0.472,178629.2
1735657200,0.4725,0.4734,0.4687,0.4702,488100.13
1735660800,0.4702,0.4707,0.4656,0.4677,115225.96
1735664400,0.4679,0.4681,0.4544,0.4593,148438.48
1735668000,0.4593,0.4603,0.4571,0.4575,182831.93
1735671600,0.4573,0.4576,0.4535,0.4544,87286.65
1735675200,0.4546,0.4558,0.4498,0.4523,333463.43
1735678800,0.4523,0.4552,0.4511,0.4542,315247.86
1735682400,0.4544,0.4544,0.4496,0.4504,247564.39
1735686000,0.4504,0.4526,0.4498,0.4512,456008.53
1735689600,0.4511,0.4581,0.4511,0.4581,436814.48
1735693200,0.4569,0.457,0.4526,0.4532,235410.87
1735696800,0.4534,0.4546,0.4522,0.4536,432503.96
1735700400,0.454,0.454,0.4493,0.4503,326237.76
1735704000,0.4502,0.452,0.4495,0.4495,354116.5
1735707600,0.4494,0.4534,0.4492,0.4526,121599.7
1735711200,0.4525,0.4531,0.4502,0.4527,203012.09
1735714800,0.4523,0.4527,0.451,0.4517,117051.3
1735718400,0.452,0.4524,0.4478,0.4479,130980.49
1735722000,0.4479,0.4486,0.4447,0.4475,369751.96
1735725600,0.4479,0.45,0.4475,0.4493,190694.25
1735729200,0.449,0.4536,0.4485,0.4522,64391.12
1735732800,0.4522,0.4561,0.4515,0.4556,61847.45
1735736400,0.4558,0.4583,0.4535,0.4571,372630.6
1735740000,0.4584,0.46,0.4539,0.4569,215868.46
1735743600,0.457,0.4627,0.4558,0.4624,198661.15
1735747200,0.4623,0.467,0.4621,0.4655,199937.12
1735750800,0.4656,0.4668,0.4599,0.4666,150380.3
1735754400,0.4667,0.4745,0.4644,0.474,179605.63
1735758000,0.474,0.4756,0.4676,0.4745,330871.85
1735761600,0.475,0.4769,0.4744,0.4757,214802.88
1735765200,0.4757,0.4778,0.4752,0.476,190996.99
1735768800,0.4762,0.4765,0.4735,0.4762,307660.34
1735772400,0.476,0.4767,0.4723,0.4725,114784.67
1735776000,0.4724,0.482,0.4711,0.4789,1562692.94
1735779600,0.479,0.482,0.4763,0.4772,118508.98
1735783200,0.4779,0.4811,0.4767,0.4811,147437.55
1735786800,0.481,0.4821,0.4786,0.479,304875.26
1735790400,0.4794,0.486,0.4792,0.4846,285311.01
1735794000,0.4847,0.4856,0.4815,0.4834,128627.65
1735797600,0.4839,0.4846,0.4793,0.481,91388.24
1735801200,0.4811,0.4852,0.4806,0.4848,78781.79
1735804800,0.485,0.488,0.4828,0.488,69238.15
1735808400,0.4876,0.4927,0.4876,0.4925,294596.42
1735812000,0.4925,0.4946,0.4909,0.494,166954.39
1735815600,0.4942,0.4944,0.489,0.4908,119896.79
1735819200,0.4919,0.4936,0.49,0.4923,90472.53
1735822800,0.4924,0.4935,0.4891,0.4901,76429.86
1735826400,0.4901,0.4956,0.4852,0.4907,224218.01
1735830000,0.4905,0.4905,0.4844,0.4863,127858.3
1735833600,0.4866,0.491,0.4842,0.4897,95167.58
1735837200,0.4894,0.4918,0.4829,0.485,136180.2
1735840800,0.4864,0.487,0.4831,0.4864,356727.77
1735844400,0.486,0.4886,0.4847,0.4849,55436.65
1735848000,0.4852,0.4876,0.4832,0.4837,111186.71
1735851600,0.484,0.4851,0.4813,0.4828,240115.61
1735855200,0.4824,0.4824,0.4785,0.4815,183949.71
1735858800,0.4814,0.485,0.4808,0.4842,103084.85
1735862400,0.4844,0.4846,0.4819,0.4822,374766.12
1735866000,0.4825,0.484,0.4794,0.4839,57920.11
1735869600,0.4839,0.4895,0.4832,0.4881,211647.84
1735873200,0.488,0.4915,0.4856,0.4912,154465.96
1735876800,0.4909,0.4909,0.485,0.4851,181953.35
1735880400,0.4858,0.4861,0.4827,0.4838,115998.43
1735884000,0.4837,0.4891,0.4837,0.486,146983.31
1735887600,0.4859,0.4867,0.4817,0.4834,121476.75
1735891200,0.4834,0.488,0.4826,0.4866,73514.97
1735894800,0.4866,0.4943,0.4861,0.4915,266168.89
1735898400,0.4922,0.4946,0.4894,0.4938,164010.76
1735902000,0.4939,0.5038,0.4935,0.5027,281194.15
1735905600,0.5022,0.5096,0.5018,0.5051,696584.04
1735909200,0.5049,0.5099,0.5011,0.5027,521827.38
1735912800,0.5029,0.5109,0.5029,0.5107,162596.06
1735916400,0.5106,0.5199,0.5099,0.5196,397338.73
1735920000,0.5199,0.523,0.5163,0.5222,1581716.76
1735923600,0.5223,0.5226,0.5173,0.5173,370702.88
1735927200,0.5175,0.52,0.5169,0.5188,380722.08
1735930800,0.5194,0.5229,0.5179,0.5192,222430.59
1735934400,0.5188,0.5199,0.5156,0.519,417753.77
1735938000,0.5188,0.52,0.517,0.5185,114832.87
1735941600,0.5188,0.5212,0.5184,0.5201,96514.11
1735945200,0.5201,0.5205,0.5162,0.519,207947.45
1735948800,0.5191,0.5226,0.516,0.5169,199419.73
1735952400,0.5169,0.5181,0.5115,0.5178,250886.65
1735956000,0.5179,0.5199,0.5155,0.5187,102290.79
1735959600,0.5188,0.52,0.5173,0.5194,205102.22
1735963200,0.5194,0.5194,0.5129,0.5165,103808.87
1735966800,0.5164,0.5172,0.5149,0.517,101467.94
1735970400,0.517,0.5273,0.5165,0.5251,203626.84
1735974000,0.5252,0.5271,0.5234,0.5257,211849.46
1735977600,0.5258,0.526,0.5164,0.5164,147435.58
1735981200,0.5164,0.5208,0.5164,0.5183,147822.08
1735984800,0.5183,0.5196,0.5134,0.5184,100074.45
1735988400,0.5186,0.5194,0.516,0.519,103706.86
1735992000,0.5189,0.5251,0.5182,0.5248,88089.8
1735995600,0.5246,0.5276,0.5225,0.5268,109737.14
1735999200,0.5268,0.5297,0.524,0.5285,170338.39
1736002800,0.5283,0.529,0.5141,0.5174,393541.95
1736006400,0.5173,0.5211,0.5157,0.5193,89362.29
1736010000,0.5192,0.5227,0.5183,0.5227,68904.85
1736013600,0.5226,0.5234,0.5197,0.5207,120848.77
1736017200,0.5207,0.5233,0.5197,0.5217,73696.13
1736020800,0.5215,0.5269,0.5215,0.5263,192759.8
1736024400,0.5264,0.5277,0.5231,0.5238,205723.6
1736028000,0.5238,0.5247,0.5213,0.5243,230533.77
1736031600,0.5243,0.525,0.5221,0.5234,159686.95
1736035200,0.5234,0.5258,0.5202,0.5212,122493.77
1736038800,0.5212,0.5228,0.5176,0.5208,179584.02
1736042400,0.5207,0.5227,0.5201,0.5217,276659.91
1736046000,0.5216,0.5217,0.518,0.5195,103204.23
1736049600,0.5196,0.5227,0.5196,0.5208,98187.05
1736053200,0.5208,0.5208,0.5165,0.5175,116309.14
1736056800,0.5176,0.52,0.5165,0.5196,88467
1736060400,0.5196,0.5212,0.5178,0.5185,171630.46
1736064000,0.5187,0.519,0.5115,0.5165,179671.32
1736067600,0.5166,0.5173,0.5107,0.511,147126.91
1736071200,0.5112,0.5135,0.5082,0.5132,118936.94
1736074800,0.5128,0.5151,0.5122,0.5137,44612.14
1736078400,0.5135,0.5157,0.5112,0.5137,58579.5
1736082000,0.5135,0.5168,0.5128,0.5131,47703.61
1736085600,0.5131,0.5137,0.5063,0.5129,291544.94
1736089200,0.5128,0.5159,0.5109,0.5141,60844.95
1736092800,0.5138,0.5159,0.5099,0.5119,44802.45
1736096400,0.512,0.5153,0.5102,0.5111,79418.96
1736100000,0.5111,0.5136,0.5084,0.5134,83143.29
1736103600,0.5134,0.5147,0.5116,0.5142,135994.43
1736107200,0.5141,0.5176,0.5136,0.5148,87249.77
1736110800,0.515,0.5184,0.515,0.5173,50316.75
1736114400,0.5175,0.5201,0.5157,0.5201,47445.58
1736118000,0.5199,0.521,0.5161,0.5165,111782.06
1736121600,0.5172,0.5184,0.5103,0.5108,89313.44
1736125200,0.511,0.5182,0.5083,0.5174,411239.66
1736128800,0.5168,0.5247,0.5168,0.5225,359401.4
1736132400,0.5225,0.5241,0.5208,0.5225,357484.83
1736136000,0.5228,0.5244,0.5201,0.5224,97518.19
1736139600,0.5225,0.5249,0.5206,0.5222,173323.07
1736143200,0.5224,0.5234,0.52,0.5204,87458.91
1736146800,0.5207,0.5219,0.5175,0.5202,394606.03
1736150400,0.5201,0.5219,0.5163,0.5172,449377.22
1736154000,0.5172,0.5212,0.5172,0.5193,140874.13
1736157600,0.5195,0.52,0.5162,0.5178,104507.99
1736161200,0.5179,0.5222,0.5167,0.522,122790.3
1736164800,0.5219,0.5228,0.5192,0.5197,112053.23
1736168400,0.5196,0.5201,0.5159,0.519,462053.64
1736172000,0.5191,0.5252,0.5113,0.5221,552112.29
1736175600,0.5223,0.5296,0.5202,0.529,866190.95
1736179200,0.5292,0.5385,0.5286,0.5328,1153891.1
1736182800,0.5326,0.533,0.524,0.5272,847831.19
1736186400,0.5272,0.5295,0.5245,0.5254,474655.24
1736190000,0.5252,0.5309,0.5244,0.5307,346639.25
1736193600,0.5308,0.5336,0.5268,0.5282,414659.28
1736197200,0.5282,0.5287,0.5217,0.5224,380251.48
1736200800,0.5225,0.5258,0.5216,0.5236,165623.65
1736204400,0.5234,0.5252,0.5209,0.5249,194214.62
1736208000,0.5249,0.5267,0.5208,0.5211,239964.27
1736211600,0.5211,0.5244,0.5183,0.5242,313375.92
1736215200,0.524,0.5244,0.5174,0.518,165761.29
1736218800,0.5182,0.5199,0.5169,0.5193,125980.18
1736222400,0.5192,0.5198,0.5159,0.516,81951.02
1736226000,0.5159,0.5186,0.5147,0.5185,45439.58
1736229600,0.5182,0.5219,0.5166,0.5215,98934.27
1736233200,0.5214,0.5224,0.5181,0.5185,58839.62
1736236800,0.5185,0.5251,0.5184,0.5245,73897.24
1736240400,0.5247,0.5259,0.5182,0.5214,96909.5
1736244000,0.5211,0.5211,0.5173,0.519,216168.16
1736247600,0.5189,0.5196,0.5103,0.5143,401781.64
1736251200,0.5138,0.5151,0.5111,0.5136,96888.37
1736254800,0.5134,0.5164,0.513,0.5142,306559.56
1736258400,0.5142,0.516,0.5049,0.5073,161711.25
1736262000,0.507,0.5073,0.4785,0.4851,1262670.98
1736265600,0.484,0.49,0.4812,0.4852,153165.13
1736269200,0.4852,0.4864,0.4762,0.4794,260680.51
1736272800,0.4794,0.4827,0.4739,0.4766,170714.66
1736276400,0.4762,0.4783,0.4716,0.4717,148217.02
1736280000,0.4719,0.4742,0.4686,0.4733,497589.33
1736283600,0.4729,0.4771,0.4693,0.4693,119092.46
1736287200,0.4688,0.4741,0.4667,0.4739,84218.36
1736290800,0.4725,0.4729,0.4693,0.4695,268141.41
1736294400,0.4695,0.4758,0.4684,0.4755,462342.3
1736298000,0.4754,0.4754,0.4676,0.4705,237839.97
1736301600,0.4704,0.4735,0.4688,0.4694,402152.89
1736305200,0.4694,0.4697,0.4632,0.4668,209875.81
1736308800,0.4665,0.4675,0.4622,0.4628,93155.88
1736312400,0.4629,0.4659,0.4604,0.4613,119887.04
1736316000,0.4616,0.4642,0.4524,0.4524,283615.66
1736319600,0.4524,0.4618,0.452,0.4613,205673.06
1736323200,0.4614,0.4701,0.4612,0.4673,235996.06
1736326800,0.4673,0.4698,0.4623,0.4623,125705.55
1736330400,0.4623,0.4672,0.4621,0.4654,192049.01
1736334000,0.4654,0.466,0.4569,0.4602,290978.67
1736337600,0.4603,0.4638,0.4578,0.4582,148734.28
1736341200,0.4583,0.4648,0.4583,0.4616,193273.63
1736344800,0.4616,0.4673,0.4616,0.4654,301759.9
1736348400,0.4649,0.4692,0.4595,0.4645,242547.39
1736352000,0.4645,0.4648,0.4546,0.4553,334417.97
1736355600,0.4552,0.4571,0.4382,0.4538,777811.76
1736359200,0.4535,0.4635,0.4507,0.4545,391137.46
1736362800,0.4547,0.4587,0.4525,0.4526,93572.97
1736366400,0.4524,0.4563,0.4511,0.4552,125403.85
1736370000,0.4557,0.4574,0.4502,0.4559,351846.83
1736373600,0.4559,0.4659,0.4559,0.4631,343876.23
1736377200,0.4631,0.4649,0.4594,0.4641,306043.65
1736380800,0.4629,0.4642,0.4588,0.464,62596.87
1736384400,0.4641,0.467,0.4631,0.4634,115685.12
1736388000,0.4634,0.4662,0.4584,0.4643,401634.93
1736391600,0.4643,0.4643,0.4589,0.4602,346863.21
1736395200,0.4602,0.4628,0.4579,0.4628,89277.99
1736398800,0.4626,0.4631,0.4596,0.4597,92663.26
1736402400,0.4599,0.4629,0.4589,0.4596,42922.09
1736406000,0.4585,0.4608,0.4523,0.4533,97525.64
1736409600,0.4534,0.4603,0.4509,0.4569,113792.44
1736413200,0.4569,0.4617,0.4565,0.4607,73328.63
1736416800,0.4606,0.4611,0.4533,0.459,96306.64
1736420400,0.4588,0.4649,0.457,0.4616,120865.75
1736424000,0.4616,0.4635,0.4571,0.458,351905.85
1736427600,0.458,0.4598,0.4456,0.4459,140908.29
1736431200,0.4458,0.4519,0.4423,0.4507,327916.42
1736434800,0.4509,0.4632,0.4492,0.4607,618784.52
1736438400,0.4606,0.4629,0.4572,0.4605,420726.91
1736442000,0.4606,0.4607,0.448,0.4506,294248.24
1736445600,0.4505,0.4556,0.4495,0.4525,139762.63
1736449200,0.4524,0.4543,0.4448,0.4462,162380.87
1736452800,0.446,0.4474,0.4389,0.4449,546087.02
1736456400,0.4445,0.4494,0.4439,0.4442,106920.33
1736460000,0.4441,0.4516,0.4429,0.4499,249179.04
1736463600,0.4498,0.4503,0.4472,0.4488,136922.84
1736467200,0.449,0.4513,0.4473,0.4497,98540.1
1736470800,0.4496,0.4514,0.4471,0.4508,164644.47
1736474400,0.4508,0.4535,0.4491,0.4507,102288.23
1736478000,0.4508,0.4515,0.4491,0.4509,176237.86
1736481600,0.4511,0.4541,0.4505,0.4516,227078.98
1736485200,0.4517,0.4571,0.4501,0.4546,118244.07
1736488800,0.4547,0.4585,0.4527,0.4582,60747.77
1736492400,0.4584,0.4642,0.4564,0.4619,160083.96
1736496000,0.4619,0.4629,0.4597,0.4611,97275.21
1736499600,0.4609,0.4645,0.4601,0.4634,116978.67
1736503200,0.4633,0.4645,0.4604,0.464,95260.22
1736506800,0.4637,0.4641,0.4586,0.461,110891.43
1736510400,0.4608,0.4613,0.4572,0.4607,176137.27
1736514000,0.4605,0.4633,0.446,0.4522,629368.8
1736517600,0.4509,0.4579,0.4502,0.4538,132843.39
1736521200,0.4531,0.4565,0.4449,0.4526,290984.77
1736524800,0.4526,0.4536,0.4481,0.45,183296.32
1736528400,0.4499,0.462,0.4488,0.461,436061.83
1736532000,0.4612,0.4624,0.4558,0.4576,454939.05
1736535600,0.4578,0.461,0.4555,0.4607,172795.39
1736539200,0.4606,0.461,0.4555,0.4569,92381.18
1736542800,0.457,0.4596,0.4565,0.4575,145054.81
1736546400,0.4577,0.4603,0.4553,0.4593,274251.21
1736550000,0.4595,0.4599,0.4574,0.4576,97418.56
1736553600,0.4576,0.4593,0.4558,0.4593,130528.83
1736557200,0.4595,0.4605,0.4542,0.4556,95613.01
1736560800,0.4554,0.4576,0.4538,0.4569,60904.13
1736564400,0.4567,0.4567,0.4536,0.4546,109986.19
1736568000,0.4547,0.4557,0.4519,0.4533,78917.8
1736571600,0.4534,0.457,0.4529,0.4564,116563.69
1736575200,0.4566,0.4573,0.4538,0.4538,51614.36
1736578800,0.4538,0.4554,0.4521,0.4531,64770.72
1736582400,0.4533,0.455,0.4506,0.4521,45986.74
1736586000,0.452,0.4539,0.4516,0.4529,40067.34
1736589600,0.4528,0.4558,0.4524,0.4553,58142.76
1736593200,0.4554,0.4572,0.4546,0.456,120092.87
1736596800,0.456,0.4564,0.4542,0.4545,55272.95
1736600400,0.4546,0.4555,0.4522,0.4533,55285.11
1736604000,0.4533,0.4568,0.4524,0.4567,202079.78
1736607600,0.4565,0.4566,0.4531,0.4538,39127.68
1736611200,0.4541,0.4574,0.4531,0.4572,475405.87
1736614800,0.4573,0.4574,0.4524,0.4538,150467.34
1736618400,0.454,0.4548,0.4524,0.4541,74597.99
1736622000,0.4542,0.455,0.4517,0.454,99534.37
1736625600,0.4538,0.4614,0.4529,0.4608,367288.42
1736629200,0.461,0.4644,0.4603,0.4638,494975.72
1736632800,0.4638,0.4644,0.4587,0.4587,175584.79
1736636400,0.4587,0.461,0.4582,0.4595,69937.81
1736640000,0.4595,0.4609,0.458,0.4603,54285.87
1736643600,0.4595,0.4631,0.458,0.4622,116228.35
1736647200,0.4618,0.4629,0.4596,0.4628,197806.99
1736650800,0.4631,0.4633,0.4591,0.4615,74372.3
1736654400,0.4616,0.4631,0.4613,0.4625,214620.81
1736658000,0.4624,0.4631,0.4595,0.4601,61562.21
1736661600,0.4601,0.461,0.4566,0.4566,174779.14
1736665200,0.4566,0.4577,0.455,0.457,53169.7
1736668800,0.457,0.4584,0.4536,0.4542,43403.75
1736672400,0.4544,0.4551,0.4511,0.4522,53080.28
1736676000,0.4523,0.4528,0.4495,0.4522,68375.48
1736679600,0.4522,0.455,0.4508,0.4544,83145.22
1736683200,0.4541,0.4561,0.4516,0.4529,101543.58
1736686800,0.4527,0.4559,0.4526,0.4552,38884.44
1736690400,0.4553,0.4571,0.4543,0.4549,124099.51
1736694000,0.4549,0.4595,0.4539,0.459,92751.48
1736697600,0.459,0.4598,0.4553,0.4576,114874.96
1736701200,0.4576,0.4589,0.4556,0.4578,43766.23
1736704800,0.4575,0.4594,0.4553,0.4558,81293.69
1736708400,0.4556,0.4569,0.4535,0.4538,92773.96
1736712000,0.4541,0.4551,0.4511,0.4516,80638.45
1736715600,0.4515,0.452,0.4484,0.449,364566.9
1736719200,0.4487,0.4488,0.4448,0.4463,710188.55
1736722800,0.4466,0.4506,0.4466,0.45,64874.96
1736726400,0.4502,0.4598,0.4496,0.4571,380551.73
1736730000,0.457,0.4578,0.4467,0.4477,548481.26
1736733600,0.4478,0.4485,0.4391,0.4414,502132.39
1736737200,0.4412,0.4436,0.4345,0.4368,593900.05
1736740800,0.4362,0.4452,0.436,0.4426,102231.23
1736744400,0.4422,0.4426,0.4351,0.4369,650443.92
1736748000,0.4371,0.4391,0.4296,0.4313,454462.94
1736751600,0.4311,0.4345,0.4297,0.4331,114161.05
1736755200,0.4334,0.4335,0.4271,0.4282,429968.96
1736758800,0.428,0.4295,0.4227,0.4265,507960.82
1736762400,0.4264,0.4264,0.4192,0.4214,447901.96
1736766000,0.4207,0.4208,0.4125,0.4126,336252.57
1736769600,0.4126,0.4194,0.4119,0.4178,213936.64
1736773200,0.4177,0.428,0.4161,0.4207,679365.16
1736776800,0.42,0.4306,0.4095,0.4265,681768.53
1736780400,0.4264,0.4334,0.4237,0.4301,245773.52
1736784000,0.4301,0.4317,0.423,0.4232,238697.81
1736787600,0.423,0.4273,0.4204,0.4222,183617.84
1736791200,0.4222,0.4253,0.4165,0.4215,164940.47
1736794800,0.4218,0.4263,0.4196,0.4236,209161.72
1736798400,0.4236,0.4343,0.4212,0.4329,125566.24
1736802000,0.4331,0.4383,0.4314,0.4378,247846.26
1736805600,0.438,0.4428,0.4379,0.4402,117321.89
1736809200,0.4405,0.4405,0.4378,0.439,187487.94
1736812800,0.4392,0.4398,0.4368,0.4369,78907.73
1736816400,0.4372,0.4417,0.4372,0.4386,43199.4
1736820000,0.4386,0.4448,0.4382,0.4411,49304.3
1736823600,0.4409,0.4435,0.4405,0.4417,55649.15
1736827200,0.4416,0.4443,0.4416,0.444,69064.55
1736830800,0.4441,0.4464,0.4409,0.441,95251.79
1736834400,0.441,0.4436,0.4397,0.4432,42893.49
1736838000,0.4434,0.4444,0.4408,0.4408,40002.2
1736841600,0.4408,0.4452,0.4408,0.4436,55062.16
1736845200,0.4435,0.453,0.4428,0.4507,175251.46
1736848800,0.4508,0.4569,0.4476,0.4499,695115.24
1736852400,0.4498,0.4498,0.4444,0.448,110379.35
1736856000,0.4479,0.4486,0.4439,0.445,121089.62
1736859600,0.4449,0.452,0.4437,0.4494,263831.52
1736863200,0.4496,0.4537,0.447,0.4486,144954.58
1736866800,0.4486,0.4521,0.448,0.4497,136001.56
1736870400,0.4495,0.45,0.4455,0.4495,188994.8
1736874000,0.4493,0.4553,0.4486,0.4537,773028.64
1736877600,0.4539,0.4561,0.4529,0.4551,210561.05
1736881200,0.455,0.4568,0.4537,0.4549,170820.57
1736884800,0.4547,0.4552,0.4512,0.4537,550313.53
1736888400,0.4537,0.4562,0.4531,0.4536,177674.9
1736892000,0.4538,0.4583,0.4536,0.4571,164243.52
1736895600,0.4572,0.4573,0.4545,0.4553,97354.14
1736899200,0.4554,0.4585,0.4551,0.4551,98489.49
1736902800,0.4549,0.4593,0.4541,0.4574,220454.59
1736906400,0.4575,0.4597,0.4539,0.4555,338539.52
1736910000,0.4555,0.458,0.4543,0.458,160620.94
1736913600,0.458,0.4594,0.4552,0.457,73053.79
1736917200,0.4569,0.4582,0.455,0.4579,33228.14
1736920800,0.4577,0.4578,0.455,0.4564,30184.76
1736924400,0.4565,0.4613,0.4565,0.4591,308320.02
1736928000,0.4591,0.4611,0.4579,0.4582,129102.6
1736931600,0.4577,0.4582,0.4498,0.4505,131094.64
1736935200,0.4504,0.453,0.4501,0.451,193965.51
1736938800,0.451,0.4515,0.4467,0.4507,160461.58
1736942400,0.4506,0.4514,0.4471,0.4501,327028.1
1736946000,0.4496,0.4675,0.4493,0.4672,872240.37
1736949600,0.4674,0.4741,0.4637,0.4737,355255.5
1736953200,0.4738,0.4816,0.4717,0.4782,469318.34
1736956800,0.4783,0.4839,0.4772,0.4772,421724.99
1736960400,0.4772,0.4789,0.4728,0.4738,196688.5
1736964000,0.4736,0.4824,0.4736,0.4824,112478.71
1736967600,0.4822,0.4835,0.4799,0.4832,304466.43
1736971200,0.4833,0.4875,0.4795,0.4809,408755.33
1736974800,0.4808,0.4835,0.4804,0.4819,203722.92
1736978400,0.482,0.4853,0.4804,0.4853,124445.3
1736982000,0.4854,0.4887,0.4842,0.4875,417664.68
1736985600,0.4874,0.489,0.4761,0.4794,327992.14
1736989200,0.4793,0.4832,0.4788,0.4816,225759.12
1736992800,0.4817,0.4817,0.4776,0.4788,56130.71
1736996400,0.4788,0.4804,0.4743,0.4779,154574.87
1737000000,0.478,0.4799,0.4776,0.4799,174878.95
1737003600,0.4797,0.4799,0.477,0.4779,79089.84
1737007200,0.4779,0.4823,0.477,0.4818,132391.18
1737010800,0.482,0.4831,0.4795,0.48,118746.88
1737014400,0.48,0.4811,0.4697,0.4724,202474.28
1737018000,0.4723,0.4739,0.4684,0.4738,195552.36
1737021600,0.4739,0.4753,0.4722,0.4741,61183.88
1737025200,0.4741,0.4794,0.4721,0.4791,265202.58
1737028800,0.4791,0.4887,0.4769,0.4875,343933.53
1737032400,0.4876,0.4887,0.4778,0.4813,284378.09
1737036000,0.4812,0.484,0.4672,0.4704,387621.31
1737039600,0.4704,0.4793,0.4693,0.4793,247177.6
1737043200,0.4791,0.4851,0.479,0.4815,602607.16
1737046800,0.4813,0.4856,0.4791,0.4829,416601.8
1737050400,0.4827,0.4848,0.4773,0.4781,344636.61
1737054000,0.478,0.4828,0.477,0.4825,355848.24
1737057600,0.4825,0.4838,0.4789,0.4798,163740.34
1737061200,0.4798,0.4798,0.474,0.4763,219392.8
1737064800,0.4764,0.4766,0.4699,0.4728,451645.27
1737068400,0.4729,0.4749,0.4704,0.4735,197767.21
1737072000,0.4735,0.478,0.4735,0.478,110638.43
1737075600,0.4779,0.4858,0.4769,0.4853,597873.16
1737079200,0.4853,0.4874,0.4811,0.4837,808259.28
1737082800,0.4836,0.486,0.4829,0.484,129924.15
1737086400,0.4842,0.4873,0.4825,0.4868,376566.07
1737090000,0.4868,0.4877,0.4856,0.4876,257054.36
1737093600,0.4875,0.4944,0.4865,0.4943,373871.8
1737097200,0.4941,0.5007,0.4938,0.5001,709059.7
1737100800,0.5001,0.509,0.4984,0.5083,536870.59
1737104400,0.5085,0.5118,0.5055,0.5106,241115.66
1737108000,0.5104,0.5156,0.5103,0.5156,268886.04
1737111600,0.5155,0.517,0.5126,0.5128,265764.38
1737115200,0.5129,0.5129,0.5053,0.5061,319029.32
1737118800,0.5059,0.5089,0.502,0.5039,206489.17
1737122400,0.5039,0.5096,0.5028,0.5077,532309.78
1737126000,0.5077,0.5107,0.504,0.506,560577.44
1737129600,0.5062,0.5103,0.5055,0.5075,441670.19
1737133200,0.5076,0.5081,0.5005,0.5017,490859.86
1737136800,0.502,0.5054,0.5002,0.5033,287489.71
1737140400,0.5035,0.5074,0.5033,0.5065,353412.52
1737144000,0.5065,0.5135,0.5056,0.512,594331.27
1737147600,0.5117,0.5123,0.5068,0.508,311472.15
1737151200,0.5081,0.5111,0.507,0.5083,160343.34
1737154800,0.5085,0.5094,0.5068,0.5075,127188.47
1737158400,0.5077,0.5135,0.5077,0.5128,450799.83
1737162000,0.5128,0.5128,0.5044,0.5055,226495.02
1737165600,0.5055,0.5087,0.5055,0.5063,130109.42
1737169200,0.5064,0.508,0.4927,0.4945,499537.91
1737172800,0.4946,0.4972,0.4886,0.4909,163169.7
1737176400,0.4914,0.4929,0.4752,0.4753,352521.7
1737180000,0.475,0.484,0.475,0.4828,339206.26
1737183600,0.4826,0.4827,0.4735,0.4756,140609.59
1737187200,0.4754,0.4783,0.469,0.4772,281464.93
1737190800,0.477,0.4783,0.4723,0.4759,347251.01
1737194400,0.476,0.4771,0.471,0.4759,176809.63
1737198000,0.4757,0.4849,0.4732,0.4841,164293.88
1737201600,0.4838,0.486,0.4803,0.4827,283468.6
1737205200,0.4827,0.4873,0.4789,0.4873,381512.25
1737208800,0.4872,0.4891,0.4776,0.4778,602165.82
1737212400,0.478,0.4843,0.4755,0.477,412695.56
1737216000,0.4772,0.4807,0.4715,0.4717,279454.3
1737219600,0.4719,0.4773,0.4713,0.4729,474239.21
1737223200,0.4732,0.4781,0.4714,0.4738,352521.05
1737226800,0.474,0.4806,0.4739,0.4806,111294.61
1737230400,0.4806,0.4808,0.4723,0.4742,409060.7
1737234000,0.4742,0.4777,0.4736,0.4743,144381.78
1737237600,0.4743,0.4806,0.4735,0.4779,260571.21
1737241200,0.4783,0.4852,0.4777,0.4829,314404.88
1737244800,0.4829,0.4872,0.4814,0.4853,323065.95
1737248400,0.4852,0.4936,0.4848,0.4928,192012.66
1737252000,0.4929,0.4943,0.4887,0.4893,231970.35
1737255600,0.4892,0.4904,0.4833,0.4842,398748.13
1737259200,0.4843,0.4844,0.4756,0.4758,280353.14
1737262800,0.4755,0.4775,0.4716,0.4769,204291.28
1737266400,0.4773,0.4774,0.4725,0.4725,201690.97
1737270000,0.4725,0.4744,0.4676,0.4686,231264.46
1737273600,0.4683,0.4683,0.4545,0.4549,489826.2
1737277200,0.4547,0.4599,0.4464,0.4599,1283096.65
1737280800,0.4599,0.4599,0.4522,0.4534,271797.01
1737284400,0.4536,0.4543,0.4426,0.4465,587639.13
1737288000,0.4468,0.4592,0.4458,0.4582,580442.61
1737291600,0.4579,0.47,0.4565,0.4693,617447.7
1737295200,0.4697,0.4844,0.4671,0.4829,703832.94
1737298800,0.4828,0.4882,0.4794,0.4824,640197.93
1737302400,0.4824,0.4875,0.4808,0.4844,529956.45
1737306000,0.4844,0.4922,0.4823,0.4917,609562.04
1737309600,0.4918,0.4924,0.4847,0.4875,349310.02
1737313200,0.4873,0.4875,0.4828,0.4861,133767.94
1737316800,0.486,0.4892,0.4779,0.4784,845440.59
1737320400,0.4788,0.4796,0.4526,0.4533,1105678.62
1737324000,0.4529,0.4615,0.4369,0.4517,1152865.53
1737327600,0.4517,0.4517,0.4339,0.4447,1494574.84
1737331200,0.445,0.4453,0.4316,0.4319,1216248.43
1737334800,0.4318,0.4401,0.4312,0.4362,874383.1
1737338400,0.4363,0.4507,0.4351,0.444,280314.11
1737342000,0.4439,0.4492,0.4409,0.4468,189095.59
1737345600,0.4467,0.4545,0.4426,0.4495,543028.59
1737349200,0.4494,0.4564,0.4476,0.4509,181450.3
1737352800,0.4509,0.4725,0.4509,0.4704,432989.19
1737356400,0.4703,0.488,0.4686,0.4744,1097118.17
1737360000,0.4747,0.4802,0.474,0.4773,714376.84
1737363600,0.477,0.479,0.4686,0.4703,286964.7
1737367200,0.4702,0.4723,0.4642,0.4668,551269.35
1737370800,0.4665,0.4682,0.4622,0.468,305735.14
1737374400,0.4681,0.4682,0.4504,0.457,593231.43
1737378000,0.4574,0.4636,0.4553,0.4615,241173.59
1737381600,0.4614,0.4627,0.4573,0.4605,422827.36
1737385200,0.4602,0.4603,0.451,0.4531,665832.25
1737388800,0.4532,0.4622,0.4458,0.4616,591850.06
1737392400,0.4615,0.4615,0.431,0.4426,2551490.65
1737396000,0.4424,0.4517,0.4424,0.4501,475484.26
1737399600,0.4509,0.4511,0.4458,0.4489,434420.7
1737403200,0.4492,0.4497,0.445,0.4473,479063.81
1737406800,0.4467,0.4495,0.4398,0.4398,554180.64
1737410400,0.4397,0.4478,0.4363,0.4463,243957.09
1737414000,0.4464,0.4467,0.4398,0.4416,298443.66
1737417600,0.4415,0.4427,0.4341,0.4343,371462.48
1737421200,0.4343,0.439,0.4305,0.4343,315142.15
1737424800,0.4346,0.4361,0.4306,0.4356,231870.04
1737428400,0.4358,0.4381,0.4335,0.4367,138904.73
1737432000,0.4366,0.4366,0.4279,0.4352,483960.34
1737435600,0.4352,0.4359,0.4287,0.4298,222977.52
1737439200,0.4296,0.4346,0.4275,0.4338,523956.76
1737442800,0.4336,0.4402,0.4322,0.4377,329328.16
1737446400,0.4375,0.4447,0.4356,0.4428,373201.84
1737450000,0.4426,0.4465,0.4417,0.4462,269216.76
1737453600,0.4465,0.4541,0.4456,0.4522,419381.81
1737457200,0.4521,0.4544,0.4478,0.4519,407660.55
1737460800,0.4519,0.4568,0.4501,0.4534,323617.14
1737464400,0.4537,0.4555,0.4506,0.4534,677171.25
1737468000,0.4535,0.4567,0.4482,0.4496,240456.74
1737471600,0.4491,0.4523,0.4462,0.4511,290793.03
1737475200,0.451,0.4579,0.45,0.4541,1060699.78
1737478800,0.4542,0.4626,0.4533,0.4624,1809320.38
1737482400,0.4623,0.4645,0.4607,0.4629,743104.96
1737486000,0.4629,0.4629,0.455,0.4576,922040.89
1737489600,0.4576,0.4582,0.4528,0.455,345057.58
1737493200,0.4552,0.4562,0.4523,0.4554,1016344.08
1737496800,0.4553,0.4577,0.4537,0.4552,757925.82
1737500400,0.4554,0.4555,0.45,0.4528,948385.11
1737504000,0.4527,0.4555,0.4504,0.455,1284812.68
1737507600,0.455,0.4552,0.4486,0.4496,668701.04
1737511200,0.4493,0.4528,0.4479,0.4521,179135.22
1737514800,0.4522,0.4532,0.4512,0.452,210070.83
1737518400,0.4519,0.4529,0.4486,0.4505,180061.79
1737522000,0.4506,0.4532,0.4502,0.4505,221432.92
1737525600,0.4504,0.4529,0.45,0.4517,44177.68
1737529200,0.4517,0.4523,0.4484,0.4492,261490.81
1737532800,0.4493,0.4499,0.4445,0.4499,166405.27
1737536400,0.4496,0.4512,0.4482,0.4494,245227.96
1737540000,0.4496,0.4511,0.4473,0.4505,188097.31
1737543600,0.4509,0.4544,0.4498,0.4531,88625.95
1737547200,0.4536,0.4546,0.4507,0.4516,161269.55
1737550800,0.4515,0.4515,0.4449,0.4458,347148.39
1737554400,0.4456,0.4502,0.4432,0.4485,260819.36
1737558000,0.4483,0.4501,0.4439,0.4466,193629.28
1737561600,0.4462,0.4482,0.443,0.4471,116825.25
1737565200,0.4469,0.4498,0.4464,0.4493,154883.99
1737568800,0.4492,0.4502,0.4413,0.4421,394010.62
1737572400,0.4423,0.4478,0.4423,0.4452,71587.17
1737576000,0.4453,0.448,0.4444,0.4448,186115.77
1737579600,0.445,0.4467,0.4425,0.4453,145483.48
1737583200,0.4454,0.4476,0.4414,0.4419,139757.02
1737586800,0.4418,0.443,0.4394,0.4421,201421.4
1737590400,0.4419,0.4425,0.4381,0.4395,145101.83
1737594000,0.4395,0.4409,0.435,0.4358,182553.38
1737597600,0.4358,0.4365,0.4328,0.4359,287124.96
1737601200,0.4359,0.4404,0.4351,0.4374,314744.33
1737604800,0.437,0.4384,0.4326,0.434,206728.09
1737608400,0.434,0.437,0.434,0.436,156487.32
1737612000,0.4359,0.4368,0.4335,0.4343,76068.71
1737615600,0.4344,0.4386,0.4331,0.4383,19794.62
1737619200,0.4382,0.4389,0.4338,0.4341,218131.76
1737622800,0.4339,0.437,0.4326,0.4336,107119.63
1737626400,0.4337,0.4354,0.4307,0.432,435802.34
1737630000,0.4321,0.4343,0.4311,0.4333,166262.7
1737633600,0.4334,0.4334,0.4294,0.4294,203064.78
1737637200,0.4298,0.4373,0.4295,0.4359,301062.95
1737640800,0.4357,0.4444,0.4336,0.4427,245361.98
1737644400,0.4426,0.4447,0.435,0.4411,478183.96
1737648000,0.4413,0.448,0.4403,0.4408,325186.2
1737651600,0.4404,0.4443,0.4369,0.4429,68982.35
1737655200,0.4429,0.4442,0.4367,0.437,113025.5
1737658800,0.4369,0.4371,0.4306,0.4319,246248.93
1737662400,0.4321,0.4438,0.4306,0.4353,357383.52
1737666000,0.4367,0.4367,0.4294,0.4327,234136.82
1737669600,0.4323,0.4412,0.432,0.4411,164641.31
1737673200,0.4412,0.4442,0.4395,0.4418,236713.47
1737676800,0.4422,0.4435,0.4347,0.435,132449.49
1737680400,0.4349,0.4374,0.4318,0.4332,108762.27
1737684000,0.433,0.4341,0.4298,0.4305,113909.87
1737687600,0.4307,0.4354,0.4278,0.4328,514666.51
1737691200,0.4325,0.4348,0.4254,0.434,4687568.32
1737694800,0.4341,0.4421,0.4328,0.4419,353867.6
1737698400,0.4421,0.4427,0.4385,0.4395,408881.86
1737702000,0.4393,0.441,0.4372,0.4392,151762.38
1737705600,0.4392,0.4451,0.4378,0.4441,636402.56
1737709200,0.444,0.4455,0.4411,0.4425,242213.23
1737712800,0.4424,0.4467,0.4412,0.4465,137923.62
1737716400,0.4466,0.4469,0.4447,0.4462,81230.48
1737720000,0.4465,0.4469,0.4429,0.4465,298294.36
1737723600,0.4466,0.4497,0.4458,0.4461,394596.07
1737727200,0.4462,0.4494,0.4436,0.4467,355170.82
1737730800,0.4471,0.4486,0.4411,0.4443,235784.79
1737734400,0.4444,0.4447,0.441,0.4414,102807.61
1737738000,0.4414,0.4451,0.4394,0.4443,211590.14
1737741600,0.4442,0.4455,0.4415,0.4423,255235.31
1737745200,0.4423,0.4427,0.4388,0.4397,205787.03
1737748800,0.4401,0.4413,0.433,0.4331,387161.69
1737752400,0.4332,0.4357,0.4325,0.4335,173725.81
1737756000,0.4334,0.4355,0.432,0.4323,315504.18
1737759600,0.4322,0.4333,0.4303,0.433,312461.65
1737763200,0.4328,0.4329,0.4286,0.4287,191091.8
1737766800,0.4286,0.4354,0.4286,0.4326,250117.22
1737770400,0.4326,0.4352,0.4317,0.4341,62689.17
1737774000,0.434,0.4388,0.4329,0.4377,423685.29
1737777600,0.4376,0.4376,0.4329,0.4332,130384.44
1737781200,0.4331,0.4346,0.4309,0.4323,189862.39
1737784800,0.4325,0.4333,0.4308,0.4314,37012.41
1737788400,0.4312,0.4317,0.4296,0.4309,60224.63
1737792000,0.4307,0.4328,0.4298,0.4308,232224.96
1737795600,0.4309,0.4318,0.4297,0.4299,98577.77
1737799200,0.4298,0.4321,0.4288,0.4315,113311.14
1737802800,0.4313,0.4349,0.4306,0.4347,71911.99
1737806400,0.4346,0.4346,0.432,0.4342,27730.08
1737810000,0.4343,0.4355,0.4333,0.434,154894.24
1737813600,0.4341,0.4342,0.4317,0.4339,58315.69
1737817200,0.4337,0.4373,0.4334,0.4359,134899.47
1737820800,0.436,0.4377,0.4341,0.4356,154065.99
1737824400,0.4357,0.4362,0.4327,0.4356,75399.28
1737828000,0.4357,0.4361,0.4342,0.4349,45258.35
1737831600,0.4349,0.4358,0.434,0.4351,73692.31
1737835200,0.4352,0.4371,0.4342,0.4344,109561.32
1737838800,0.4344,0.4353,0.4331,0.4349,164143.39
1737842400,0.435,0.4381,0.4347,0.4367,99107.7
1737846000,0.4365,0.4371,0.434,0.4341,163113.6
1737849600,0.4345,0.4374,0.4336,0.4365,128907.22
1737853200,0.4362,0.4377,0.4357,0.4365,77998.16
1737856800,0.4362,0.4364,0.4346,0.4364,90719.63
1737860400,0.4366,0.4397,0.4366,0.4388,337298.78
1737864000,0.4386,0.4414,0.4382,0.4397,436013.94
1737867600,0.4398,0.4399,0.4374,0.4382,185912.53
1737871200,0.4382,0.44,0.4375,0.4397,393563.63
1737874800,0.4397,0.4407,0.4381,0.4394,64345.46
1737878400,0.4394,0.4407,0.4378,0.4392,59591.68
1737882000,0.4393,0.4393,0.4339,0.4348,58714.32
1737885600,0.4347,0.4351,0.4327,0.4349,126507.88
1737889200,0.435,0.4366,0.4349,0.4366,55769.35
1737892800,0.4365,0.4368,0.4348,0.4367,37880.06
1737896400,0.4367,0.4375,0.4359,0.4372,84141.96
1737900000,0.4371,0.4371,0.4348,0.4366,75875.19
1737903600,0.4366,0.4377,0.4355,0.4368,103926.09
1737907200,0.4365,0.4382,0.4344,0.4381,240616.92
1737910800,0.438,0.4411,0.4378,0.4403,231518.67
1737914400,0.4402,0.4432,0.4398,0.4425,157629.73
1737918000,0.4426,0.4456,0.4418,0.445,208810.28
1737921600,0.4451,0.4468,0.4436,0.4441,151111.14
1737925200,0.4442,0.4464,0.4413,0.4454,253851
1737928800,0.4453,0.4477,0.4435,0.4455,163889.46
1737932400,0.445,0.4451,0.4333,0.4346,703692.29
1737936000,0.4343,0.4395,0.4287,0.4298,518880.66
1737939600,0.4299,0.4315,0.4248,0.426,400094.59
1737943200,0.4259,0.4259,0.4194,0.4202,380054.25
1737946800,0.42,0.4261,0.4191,0.4225,135844.75
1737950400,0.4224,0.4224,0.4178,0.4189,197872.25
1737954000,0.4189,0.419,0.4111,0.4138,756341.85
1737957600,0.4134,0.416,0.4062,0.4078,804095.26
1737961200,0.4076,0.4088,0.3892,0.4019,1297958.14
1737964800,0.4017,0.4019,0.3923,0.3982,386449.23
1737968400,0.3984,0.4022,0.3958,0.4011,716819.77
1737972000,0.4011,0.4013,0.3923,0.3936,617226.85
1737975600,0.3935,0.4012,0.3935,0.3969,481308.66
1737979200,0.3971,0.4074,0.3955,0.4058,243219.27
1737982800,0.4057,0.4116,0.4043,0.4063,376564.46
1737986400,0.4059,0.4159,0.4036,0.4144,345147.29
1737990000,0.4143,0.4157,0.4106,0.4113,94673.55
1737993600,0.4116,0.4127,0.403,0.4038,149332.6
1737997200,0.4041,0.4064,0.401,0.4026,126347.05
1738000800,0.4021,0.4047,0.3969,0.3979,192292.66
1738004400,0.3981,0.4037,0.3981,0.4016,100724.31
1738008000,0.402,0.4154,0.402,0.4145,205066.06
1738011600,0.4141,0.4212,0.4118,0.4129,302703.29
1738015200,0.413,0.4162,0.4119,0.4152,59694.25
1738018800,0.4152,0.4158,0.4126,0.4152,63442.38
1738022400,0.415,0.4185,0.4122,0.4124,95249.56
1738026000,0.4127,0.4129,0.4087,0.4112,87968.85
1738029600,0.4108,0.4146,0.4108,0.4138,60118.05
1738033200,0.4139,0.416,0.4113,0.4146,45362.25
1738036800,0.4148,0.4189,0.4142,0.4162,177129.05
1738040400,0.4162,0.417,0.4145,0.4149,80388.38
1738044000,0.4151,0.4152,0.4114,0.4119,139843.74
1738047600,0.4119,0.4157,0.4108,0.4121,176635.87
1738051200,0.4122,0.4129,0.4102,0.4106,77354.61
1738054800,0.4109,0.412,0.409,0.4118,151346.93
1738058400,0.4117,0.4136,0.4107,0.4122,92944.73
1738062000,0.4122,0.4133,0.4085,0.4106,56237.41
1738065600,0.4096,0.412,0.4069,0.4076,111995.59
1738069200,0.4078,0.4111,0.4074,0.4092,50859.43
1738072800,0.4094,0.4109,0.4055,0.4085,115589.51
1738076400,0.4087,0.4133,0.4076,0.4091,113176.1
1738080000,0.4091,0.4092,0.4033,0.4055,87038.87
1738083600,0.4056,0.4083,0.4046,0.4058,84167.72
1738087200,0.4061,0.4066,0.4017,0.4024,261063.65
1738090800,0.4023,0.4027,0.4001,0.4023,34061.5
1738094400,0.4022,0.4034,0.3951,0.3951,253699.02
1738098000,0.395,0.3973,0.3872,0.3876,317224.87
1738101600,0.3875,0.3927,0.3858,0.3908,278238.52
1738105200,0.3903,0.3922,0.3865,0.3903,139588.21
1738108800,0.3901,0.3944,0.3893,0.3927,127240.69
1738112400,0.3929,0.3964,0.3928,0.3957,125249.3
1738116000,0.3957,0.3995,0.3952,0.3955,89685.42
1738119600,0.3954,0.3984,0.395,0.3984,22753.26
1738123200,0.3984,0.3992,0.3962,0.397,28172.74
1738126800,0.3969,0.3996,0.3962,0.3995,77899.23
1738130400,0.3996,0.4032,0.3995,0.4032,108415.63
1738134000,0.4032,0.4032,0.4009,0.4021,74237.03
1738137600,0.4021,0.4041,0.401,0.4016,119382.12
1738141200,0.4017,0.4017,0.3966,0.3982,63024.22
1738144800,0.3983,0.4009,0.3962,0.4002,42614.1
1738148400,0.4005,0.4017,0.3994,0.4003,54883.95
1738152000,0.4005,0.4006,0.3956,0.3959,59594.42
1738155600,0.3957,0.3963,0.3903,0.3922,122891.77
1738159200,0.3922,0.395,0.3899,0.3924,118038.57
1738162800,0.3924,0.3958,0.392,0.3929,154113.72
1738166400,0.3931,0.3937,0.3897,0.3914,169772.42
1738170000,0.3916,0.3953,0.3916,0.3927,48956.48
1738173600,0.3926,0.3963,0.3899,0.3958,68180.36
1738177200,0.395,0.4009,0.3825,0.3971,737289.32
1738180800,0.3979,0.4062,0.3931,0.4015,452679.83
1738184400,0.4014,0.405,0.3977,0.4012,289652.06
1738188000,0.4011,0.402,0.3971,0.3975,87747.72
1738191600,0.3973,0.3997,0.3942,0.3946,185220.03
1738195200,0.3948,0.3982,0.3919,0.3977,108595.82
1738198800,0.3975,0.4026,0.3969,0.3999,100724.03
1738202400,0.3997,0.4032,0.3983,0.4032,88387.11
1738206000,0.4031,0.4058,0.4021,0.4057,68547.88
1738209600,0.4058,0.4084,0.405,0.4078,64792.24
1738213200,0.4076,0.4081,0.4035,0.4047,159813.93
1738216800,0.4049,0.4062,0.4042,0.4044,131240.7
1738220400,0.4045,0.4052,0.4018,0.4039,62191.33
1738224000,0.4042,0.4064,0.4026,0.4057,223845.46
1738227600,0.4058,0.4086,0.4044,0.408,124054.84
1738231200,0.4078,0.4103,0.4062,0.4103,248714.86
1738234800,0.4104,0.4105,0.4082,0.4099,199388.47
1738238400,0.4101,0.4101,0.4069,0.4079,110097.42
1738242000,0.4077,0.4125,0.407,0.4124,159190.88
1738245600,0.4126,0.4179,0.4117,0.4168,277837.24
1738249200,0.4169,0.4209,0.4162,0.4172,193003.11
1738252800,0.4173,0.4191,0.4157,0.4187,208454.23
1738256400,0.4186,0.4201,0.4161,0.4176,142846.35
1738260000,0.4176,0.4183,0.4147,0.4166,359075.17
1738263600,0.4166,0.4174,0.4146,0.4169,70518.86
1738267200,0.417,0.4176,0.4129,0.4129,247075.1
1738270800,0.4133,0.4155,0.4131,0.4153,129050
1738274400,0.4149,0.4164,0.4135,0.414,50555.07
1738278000,0.4139,0.4155,0.4114,0.4117,62849.52
1738281600,0.4116,0.4131,0.409,0.4125,93173.55
1738285200,0.4127,0.4133,0.4106,0.4129,69784.93
1738288800,0.4128,0.4133,0.4087,0.4087,60011.8
1738292400,0.4087,0.4087,0.4055,0.4083,150768.12
1738296000,0.4076,0.4084,0.4052,0.4056,36165.3
1738299600,0.4055,0.4081,0.4052,0.4081,31083.53
1738303200,0.4078,0.4133,0.4077,0.4131,30370.83
1738306800,0.4132,0.4163,0.4109,0.4111,32428.35
1738310400,0.4113,0.4117,0.4076,0.4079,173078.96
1738314000,0.4079,0.4127,0.4077,0.4124,72545.07
1738317600,0.4121,0.4132,0.4104,0.4128,88796.24
1738321200,0.4128,0.419,0.4126,0.4182,201284.32
1738324800,0.4183,0.419,0.4169,0.4179,33145.99
1738328400,0.4179,0.4199,0.4155,0.4163,248406.58
1738332000,0.4164,0.4184,0.413,0.4155,431075.54
1738335600,0.4156,0.4239,0.4156,0.4225,187258.33
1738339200,0.4224,0.4238,0.4188,0.4201,323624.93
1738342800,0.42,0.4203,0.414,0.4144,117968.35
1738346400,0.4144,0.4167,0.4078,0.4092,278507.7
1738350000,0.4092,0.412,0.4084,0.4099,127802.04
1738353600,0.4099,0.41,0.4043,0.4067,101168.16
1738357200,0.4066,0.4073,0.402,0.4068,213026.63
1738360800,0.4066,0.4091,0.4046,0.4075,54942.26
1738364400,0.4073,0.4079,0.4057,0.4075,132944.13
1738368000,0.4074,0.4118,0.4065,0.4112,71630.65
1738371600,0.4114,0.4133,0.4108,0.4111,62619.37
1738375200,0.411,0.414,0.4102,0.4135,131949.31
1738378800,0.4132,0.4135,0.4076,0.4087,89574.07
1738382400,0.4087,0.4102,0.4067,0.4086,75385.29
1738386000,0.4086,0.4119,0.4086,0.4116,77471.98
1738389600,0.4114,0.4117,0.4074,0.4095,29087.86
1738393200,0.4094,0.4101,0.4059,0.4063,18394.38
1738396800,0.4066,0.4072,0.4018,0.4034,37483.54
1738400400,0.4032,0.4034,0.3974,0.3989,72813.77
1738404000,0.3991,0.4021,0.3984,0.3994,22333.39
1738407600,0.3991,0.4023,0.3984,0.4022,108298.23
1738411200,0.402,0.4034,0.4007,0.4021,23055.83
1738414800,0.4023,0.4023,0.3974,0.3979,46264.5
1738418400,0.3976,0.3994,0.3955,0.3956,37282.7
1738422000,0.3955,0.3966,0.3922,0.3957,117441.7
1738425600,0.3955,0.3975,0.3927,0.3933,104696.35
1738429200,0.3936,0.3974,0.3936,0.3956,138744.22
1738432800,0.3956,0.3959,0.3909,0.3917,79944.83
1738436400,0.3917,0.3918,0.3855,0.3868,159114.05
1738440000,0.3868,0.3868,0.3801,0.3843,349377.3
1738443600,0.3842,0.3871,0.3824,0.383,201493.41
1738447200,0.3829,0.384,0.3773,0.3779,557390.01
1738450800,0.3779,0.378,0.3718,0.3743,503573.4
1738454400,0.3743,0.3847,0.3737,0.3828,109900.4
1738458000,0.3832,0.3864,0.382,0.3825,65790.83
1738461600,0.3826,0.3826,0.3745,0.3749,79969.37
1738465200,0.3751,0.3766,0.3665,0.3671,486325.35
1738468800,0.3674,0.3727,0.3659,0.371,107468.61
1738472400,0.3711,0.3771,0.3708,0.3763,93671.24
1738476000,0.3761,0.3783,0.3749,0.3757,157387.96
1738479600,0.3757,0.3757,0.3717,0.3731,943162.1
1738483200,0.373,0.3794,0.3725,0.3768,105708.3
1738486800,0.3767,0.3771,0.3744,0.3762,77876.4
1738490400,0.376,0.3763,0.3718,0.3737,63830.09
1738494000,0.3739,0.374,0.3647,0.3658,402551.43
1738497600,0.3655,0.3694,0.3618,0.3625,192895.39
1738501200,0.3627,0.3699,0.3627,0.3699,96524.58
1738504800,0.3696,0.3728,0.3693,0.3699,187893.33
1738508400,0.3698,0.3698,0.3625,0.3663,425530.21
1738512000,0.3663,0.3664,0.3523,0.3541,1363602.76
1738515600,0.354,0.3567,0.3375,0.3409,2020451.82
1738519200,0.3408,0.3459,0.3315,0.3333,2554641.11
1738522800,0.333,0.349,0.3296,0.3464,1479688.45
1738526400,0.3465,0.3523,0.3422,0.3432,1597574.8
1738530000,0.3433,0.3444,0.3372,0.3385,2603333.5
1738533600,0.3386,0.3433,0.3181,0.3334,1741983.73
1738537200,0.3332,0.334,0.3213,0.3335,2342485.86
1738540800,0.3334,0.335,0.3111,0.3212,2661599.85
1738544400,0.3218,0.3247,0.2608,0.2726,5473116.02
1738548000,0.2728,0.2813,0.2447,0.272,3441261.99
1738551600,0.2718,0.2947,0.2717,0.2905,2098476.12
1738555200,0.2912,0.2949,0.2794,0.2801,1972696.95
1738558800,0.2805,0.2951,0.2805,0.2948,1520402.81
1738562400,0.2946,0.307,0.2907,0.3047,2006825
1738566000,0.3045,0.3138,0.3018,0.3132,1414875.37
1738569600,0.3126,0.3126,0.3006,0.3053,455631.13
1738573200,0.3049,0.3093,0.3036,0.307,776811.05
1738576800,0.3068,0.3174,0.3068,0.317,1653987.29
1738580400,0.3169,0.3169,0.3066,0.3087,229198.79
1738584000,0.3088,0.3174,0.3082,0.3096,452061.95
1738587600,0.3098,0.3128,0.3053,0.3073,485812.23
1738591200,0.3074,0.3139,0.2986,0.313,913669.55
1738594800,0.3126,0.328,0.3109,0.3263,960853.92
1738598400,0.3263,0.3296,0.3236,0.3249,1506798.48
1738602000,0.3252,0.3268,0.3217,0.3252,623381.79
1738605600,0.3246,0.3272,0.3225,0.3268,212873.85
1738609200,0.3267,0.3362,0.3254,0.3354,1094112.08
1738612800,0.3352,0.3353,0.3281,0.3299,463508.18
1738616400,0.33,0.339,0.3298,0.3378,369456.8
1738620000,0.338,0.3462,0.3378,0.3439,631654.9
1738623600,0.3441,0.3444,0.3392,0.342,300474.07
1738627200,0.3418,0.3437,0.3375,0.3377,397400.45
1738630800,0.3376,0.3409,0.3372,0.3396,143949
1738634400,0.3393,0.3401,0.3315,0.3316,448367.07
1738638000,0.3319,0.333,0.3277,0.3311,389427.55
1738641600,0.331,0.3332,0.3283,0.3289,404394.86
1738645200,0.329,0.3291,0.3109,0.3133,1670634.12
1738648800,0.3136,0.3178,0.3132,0.3164,505059.04
1738652400,0.3163,0.3166,0.308,0.3092,223873.54
1738656000,0.3095,0.3129,0.3065,0.3091,1287735.56
1738659600,0.3091,0.3131,0.309,0.3096,314599.79
1738663200,0.3094,0.317,0.3094,0.3158,356437.43
1738666800,0.3157,0.3205,0.3155,0.3157,332741.97
1738670400,0.3159,0.323,0.3159,0.3206,443243.55
1738674000,0.3204,0.323,0.3176,0.3182,599501.81
1738677600,0.3184,0.3241,0.3153,0.3209,993844.98
1738681200,0.3211,0.3225,0.3123,0.3168,957545.04
1738684800,0.317,0.3207,0.3143,0.3154,211365
1738688400,0.3156,0.3192,0.3136,0.3153,310068.84
1738692000,0.3152,0.3193,0.3131,0.3187,365483.34
1738695600,0.3186,0.3248,0.3136,0.3136,1174607.26
1738699200,0.3138,0.3167,0.3096,0.3104,842903.64
1738702800,0.3106,0.3106,0.3022,0.3025,953366.07
1738706400,0.3027,0.3121,0.3022,0.3116,526660.97
1738710000,0.3116,0.3168,0.3108,0.313,283217.62
1738713600,0.3129,0.3136,0.3107,0.3116,93091.06
1738717200,0.3115,0.3162,0.3115,0.3125,217272.99
1738720800,0.3127,0.3179,0.3112,0.3167,489902.01
1738724400,0.3167,0.3181,0.3149,0.3167,196015.11
1738728000,0.317,0.3191,0.316,0.3179,85103.96
1738731600,0.3178,0.3219,0.3151,0.3212,293273.33
1738735200,0.3211,0.3215,0.3168,0.3176,286199.94
1738738800,0.3174,0.3229,0.3165,0.3212,347235.74
1738742400,0.3212,0.323,0.3188,0.3199,173290.56
1738746000,0.3197,0.3221,0.3175,0.3187,590433.17
1738749600,0.3185,0.3214,0.3183,0.3204,202296.79
1738753200,0.3205,0.3244,0.3205,0.323,524317.58
1738756800,0.323,0.3247,0.3203,0.3208,225060.63
1738760400,0.3209,0.3245,0.3201,0.3239,195098.23
1738764000,0.324,0.3246,0.3193,0.3202,441438.86
1738767600,0.3202,0.3226,0.3166,0.3191,1069666.17
1738771200,0.3189,0.3199,0.3107,0.3156,565991.77
1738774800,0.3156,0.3172,0.3078,0.3093,554174.11
1738778400,0.3094,0.3123,0.3072,0.3088,201279.74
1738782000,0.3087,0.3176,0.3078,0.3166,471152.27
1738785600,0.3167,0.3178,0.3107,0.3145,462041.05
1738789200,0.3146,0.3172,0.3131,0.314,606346.02
1738792800,0.3137,0.3151,0.3089,0.3097,498102.94
1738796400,0.3098,0.3126,0.3098,0.3112,354098.22
1738800000,0.3113,0.3134,0.3096,0.3098,75072.94
1738803600,0.3097,0.3155,0.3085,0.3113,342335.36
1738807200,0.3115,0.3156,0.3113,0.3148,158753.64
1738810800,0.3149,0.3161,0.3128,0.3154,159681.92
1738814400,0.3154,0.3178,0.3148,0.3169,165758.26
1738818000,0.3167,0.3182,0.3158,0.317,197893.74
1738821600,0.3169,0.3209,0.3154,0.3205,161573.29
1738825200,0.3205,0.3205,0.3166,0.317,124785.55
1738828800,0.3171,0.3176,0.3152,0.3153,113073.79
1738832400,0.3153,0.319,0.3146,0.3179,126846.21
1738836000,0.3178,0.3192,0.3148,0.3161,159925.24
1738839600,0.316,0.3163,0.3108,0.3133,177514.99
1738843200,0.3133,0.3136,0.3086,0.3103,118023.61
1738846800,0.3103,0.3135,0.3093,0.3111,297831.4
1738850400,0.3113,0.3122,0.3044,0.3052,749467.5
1738854000,0.3053,0.3069,0.2969,0.2988,1970155.35
1738857600,0.2992,0.3021,0.297,0.2985,701188.89
1738861200,0.2982,0.3033,0.297,0.2998,452510.06
1738864800,0.2998,0.3011,0.2973,0.2985,592004.14
1738868400,0.2983,0.302,0.2961,0.297,328432.1
1738872000,0.2969,0.3019,0.2964,0.3012,336499.85
1738875600,0.3013,0.3016,0.2951,0.2989,462419.5
1738879200,0.2989,0.2991,0.2944,0.2982,248741.33
1738882800,0.2982,0.2987,0.2946,0.2972,183800.89
1738886400,0.297,0.3008,0.2965,0.2974,319339.07
1738890000,0.2975,0.304,0.2975,0.3017,219191.55
1738893600,0.3019,0.3034,0.3013,0.3026,194582.17
1738897200,0.3026,0.3035,0.2996,0.3018,101573.99
1738900800,0.3019,0.3038,0.301,0.3015,49298.16
1738904400,0.3017,0.3024,0.299,0.3008,144636.55
1738908000,0.3009,0.301,0.2949,0.2985,263271.9
1738911600,0.2986,0.3038,0.2986,0.3018,120965.2
1738915200,0.302,0.3064,0.3008,0.3051,491637.44
1738918800,0.3051,0.3102,0.3045,0.31,164454.03
1738922400,0.3098,0.311,0.3091,0.3092,161578.02
1738926000,0.3093,0.3118,0.3088,0.3106,281137.03
1738929600,0.3104,0.3119,0.3079,0.3106,386079.92
1738933200,0.3107,0.3158,0.3072,0.3155,622628.9
1738936800,0.3154,0.3199,0.3152,0.3183,753634.68
1738940400,0.3181,0.3182,0.3091,0.3114,650023.15
1738944000,0.3115,0.3119,0.3066,0.3066,449948.92
1738947600,0.3067,0.3075,0.3026,0.3044,574938.11
1738951200,0.3043,0.3083,0.3036,0.3055,232695.12
1738954800,0.3056,0.3056,0.3017,0.3025,278769.88
1738958400,0.3026,0.3027,0.2938,0.2945,575901.53
1738962000,0.2946,0.2965,0.2924,0.2936,1033326.13
1738965600,0.2937,0.294,0.2897,0.2934,350372.63
1738969200,0.2932,0.2991,0.2928,0.2991,180346.12
1738972800,0.2991,0.3029,0.2975,0.3012,325327.02
1738976400,0.3009,0.3009,0.2986,0.2989,226419.7
1738980000,0.299,0.3005,0.2982,0.3004,49227.57
1738983600,0.3005,0.3019,0.2995,0.3004,184730.02
1738987200,0.3003,0.3006,0.2987,0.299,108036.1
1738990800,0.2992,0.2993,0.2966,0.2976,159058.98
1738994400,0.2975,0.3008,0.2969,0.3002,548563.81
1738998000,0.3001,0.3032,0.2973,0.3018,234305.34
1739001600,0.3017,0.302,0.2984,0.2986,193149.51
1739005200,0.2987,0.3009,0.2986,0.3003,18074.23
1739008800,0.3006,0.3014,0.2974,0.298,67445.14
1739012400,0.2981,0.2997,0.2967,0.2993,149579.08
1739016000,0.2991,0.3004,0.2975,0.299,136913.87
1739019600,0.2991,0.3046,0.299,0.3026,322203.29
1739023200,0.3025,0.3041,0.3013,0.3036,156240.96
1739026800,0.3037,0.3052,0.301,0.3027,209828.81
1739030400,0.3027,0.3042,0.3011,0.304,227113.04
1739034000,0.304,0.3087,0.304,0.3071,346553.96
1739037600,0.3071,0.3085,0.3044,0.308,179303.67
1739041200,0.308,0.3087,0.3065,0.3074,141827.25
1739044800,0.3075,0.3087,0.3065,0.3078,134400.28
1739048400,0.3079,0.3089,0.3068,0.308,734031
1739052000,0.3081,0.3099,0.3062,0.3073,149976.3
1739055600,0.3074,0.3103,0.3074,0.309,123179.38
1739059200,0.309,0.3098,0.3072,0.3082,143934.49
1739062800,0.3083,0.311,0.3078,0.3102,112085.78
1739066400,0.3103,0.3114,0.3097,0.3102,137075.76
1739070000,0.31,0.3176,0.3098,0.3168,231733.37
1739073600,0.3168,0.317,0.3131,0.3139,153955.95
1739077200,0.314,0.314,0.312,0.3123,54046.59
1739080800,0.3122,0.3135,0.3106,0.3131,65578.35
1739084400,0.313,0.313,0.3091,0.3119,462201.44
1739088000,0.3119,0.315,0.3119,0.314,149744.41
1739091600,0.3141,0.3141,0.312,0.3129,142610.15
1739095200,0.3128,0.3153,0.312,0.3142,76312.58
1739098800,0.3143,0.3155,0.3128,0.313,201903.96
1739102400,0.3129,0.3142,0.3109,0.3123,135474.59
1739106000,0.3124,0.3127,0.3051,0.3061,165723.31
1739109600,0.3059,0.3091,0.3054,0.3075,210067.31
1739113200,0.3073,0.3113,0.3073,0.3106,69444.79
1739116800,0.3106,0.3115,0.3091,0.3103,90211.03
1739120400,0.3101,0.3105,0.3066,0.3077,40674.98
1739124000,0.3075,0.3084,0.3058,0.3073,214860.9
1739127600,0.3073,0.3081,0.3031,0.3036,190037.09
1739131200,0.3038,0.3075,0.3037,0.3054,93451.93
1739134800,0.3055,0.3056,0.2935,0.2954,539387.49
1739138400,0.295,0.3038,0.2923,0.3015,724536.49
1739142000,0.3012,0.3049,0.3004,0.304,133497.67
1739145600,0.3039,0.308,0.3039,0.3051,145131.01
1739149200,0.3053,0.3055,0.2959,0.2966,317667.62
1739152800,0.2969,0.2986,0.2944,0.297,219675.3
1739156400,0.2968,0.3062,0.2959,0.3028,298702.5
1739160000,0.3028,0.305,0.3008,0.3031,543106.41
1739163600,0.3031,0.3088,0.3024,0.3069,355153.8
1739167200,0.3069,0.3074,0.305,0.307,125066.15
1739170800,0.3073,0.3094,0.3066,0.3087,76216.09
1739174400,0.3089,0.312,0.3081,0.3086,227245.26
1739178000,0.3087,0.31,0.3071,0.3084,113458.74
1739181600,0.3087,0.3098,0.307,0.3078,78644.4
1739185200,0.3076,0.3082,0.3056,0.306,76503.2
1739188800,0.3059,0.3066,0.3032,0.3037,91078.43
1739192400,0.304,0.3111,0.3037,0.31,125411.9
1739196000,0.31,0.3109,0.306,0.3072,206487.41
1739199600,0.3071,0.309,0.3049,0.3065,228048.14
1739203200,0.3064,0.308,0.3046,0.3077,155773.44
1739206800,0.3074,0.3103,0.3061,0.31,140176.18
1739210400,0.3099,0.3102,0.3072,0.3098,271808.74
1739214000,0.3096,0.3115,0.3092,0.3115,1468646.7
1739217600,0.3116,0.3134,0.3114,0.3127,204448.83
1739221200,0.3125,0.3125,0.3096,0.3103,122924.02
1739224800,0.3102,0.313,0.3099,0.3113,139206.03
1739228400,0.3112,0.3135,0.3109,0.3135,104869.87
1739232000,0.3133,0.3174,0.3124,0.3166,296213.05
1739235600,0.3167,0.3175,0.3152,0.316,141028.12
1739239200,0.3161,0.3165,0.3119,0.314,93596.55
1739242800,0.3139,0.3153,0.3129,0.315,79703.41
1739246400,0.315,0.3211,0.3147,0.3206,349024.5
1739250000,0.3209,0.3258,0.3202,0.3254,185330.38
1739253600,0.3254,0.3289,0.3239,0.3288,190998.81
1739257200,0.3287,0.3294,0.3262,0.3265,281743.43
1739260800,0.3266,0.3287,0.3257,0.3268,129882.01
1739264400,0.3271,0.328,0.3222,0.3222,195341.33
1739268000,0.3223,0.3234,0.3199,0.3212,295359.73
1739271600,0.321,0.3226,0.3199,0.3225,225202.28
1739275200,0.3226,0.3228,0.3178,0.3195,307638.79
1739278800,0.3193,0.3209,0.3115,0.312,514702.31
1739282400,0.3118,0.3167,0.3113,0.3156,805938.76
1739286000,0.3153,0.3175,0.3129,0.3147,176736.9
1739289600,0.3148,0.3164,0.3127,0.3133,656904.36
1739293200,0.313,0.3134,0.3088,0.3098,155059.75
1739296800,0.31,0.31,0.3056,0.3067,469434.99
1739300400,0.3068,0.3078,0.3038,0.3054,352192.27
1739304000,0.3052,0.3091,0.3048,0.3068,374008.19
1739307600,0.3067,0.3109,0.3062,0.3091,125077.2
1739311200,0.3091,0.3118,0.305,0.3059,214071.86
1739314800,0.3062,0.3091,0.3062,0.3072,239513.78
1739318400,0.3071,0.3108,0.3062,0.3102,258391.05
1739322000,0.3099,0.3112,0.3074,0.3101,144057.65
1739325600,0.3102,0.3105,0.3058,0.307,81911.06
1739329200,0.3068,0.3095,0.3053,0.3075,76516.55
1739332800,0.3076,0.3087,0.3051,0.307,95646.76
1739336400,0.3071,0.3092,0.3063,0.3083,120029.35
1739340000,0.3083,0.309,0.3062,0.3069,159983.78
1739343600,0.3067,0.3102,0.3064,0.3086,57667.59
1739347200,0.3088,0.3117,0.3088,0.311,115879.55
1739350800,0.3107,0.3107,0.3072,0.3091,37014.45
1739354400,0.3089,0.3094,0.3068,0.3083,122045.97
1739358000,0.3083,0.3112,0.3079,0.3096,93069.99
1739361600,0.3096,0.3131,0.3091,0.3091,177969.62
1739365200,0.3091,0.3133,0.2995,0.3052,1026747.34
1739368800,0.3049,0.3073,0.2999,0.3066,158256.65
1739372400,0.3075,0.311,0.3033,0.3104,564555.09
1739376000,0.3106,0.3165,0.3078,0.3153,909239.12
1739379600,0.3153,0.3184,0.3142,0.3177,287074.64
1739383200,0.318,0.3183,0.3145,0.3173,113944.71
1739386800,0.3174,0.3231,0.3156,0.322,659436.39
1739390400,0.3221,0.3245,0.3205,0.3211,289004.6
1739394000,0.321,0.3238,0.3199,0.3219,210702.01
1739397600,0.322,0.3327,0.3218,0.3281,878169.27
1739401200,0.3281,0.3293,0.3258,0.329,240096.63
1739404800,0.3291,0.3298,0.3271,0.3286,89760.37
1739408400,0.3287,0.3316,0.3281,0.3306,833174.59
1739412000,0.3307,0.3307,0.3259,0.3265,88664.63
1739415600,0.3265,0.3298,0.3262,0.3295,99431.63
1739419200,0.3295,0.3296,0.3242,0.3251,189055.83
1739422800,0.3251,0.3253,0.322,0.3224,473717.18
1739426400,0.3225,0.323,0.3173,0.3187,146022.6
1739430000,0.3185,0.3209,0.3174,0.3187,194817.45
1739433600,0.3188,0.32,0.316,0.3175,184198.2
1739437200,0.3175,0.3204,0.3165,0.3204,96489.11
1739440800,0.3202,0.3204,0.3187,0.32,95099.56
1739444400,0.3201,0.3203,0.317,0.3191,44208.24
1739448000,0.3192,0.3196,0.3164,0.3168,31029.52
1739451600,0.3166,0.3208,0.3159,0.3184,464901.89
1739455200,0.3176,0.3176,0.3128,0.3145,418602.89
1739458800,0.3144,0.3185,0.3125,0.3168,532686.01
1739462400,0.3166,0.3166,0.3112,0.3129,688133.87
1739466000,0.313,0.3164,0.313,0.3141,283939.58
1739469600,0.314,0.3149,0.3119,0.3146,84754.62
1739473200,0.3148,0.3176,0.3129,0.3132,365295.37
1739476800,0.3133,0.3159,0.313,0.3149,189022
1739480400,0.3149,0.3183,0.3142,0.3169,217885.42
1739484000,0.3169,0.3191,0.3151,0.3155,276088.35
1739487600,0.3156,0.3176,0.3147,0.3176,318515.57
1739491200,0.3177,0.3185,0.3158,0.3174,79995.25
1739494800,0.3175,0.319,0.3161,0.3185,370846.82
1739498400,0.3185,0.3202,0.3178,0.3183,147105.75
1739502000,0.3186,0.3215,0.3181,0.3211,54653.56
1739505600,0.3212,0.3213,0.3171,0.3177,176912.1
1739509200,0.318,0.319,0.3164,0.3175,46769.19
1739512800,0.3175,0.3178,0.3159,0.3177,57610.9
1739516400,0.3178,0.3184,0.3172,0.3172,86368.62
1739520000,0.3174,0.323,0.3174,0.3211,162563.92
1739523600,0.321,0.3247,0.3209,0.324,833055.96
1739527200,0.3242,0.3252,0.3219,0.3222,105957.39
1739530800,0.322,0.3234,0.3199,0.3213,152595.31
1739534400,0.3213,0.3216,0.3188,0.3196,121595.29
1739538000,0.3194,0.3224,0.3192,0.3222,100193.1
1739541600,0.3222,0.3237,0.3199,0.3221,297814.46
1739545200,0.3222,0.3222,0.317,0.3203,332001.82
1739548800,0.3203,0.3224,0.3178,0.322,109875.23
1739552400,0.3221,0.3287,0.3209,0.3272,275384.37
1739556000,0.3275,0.3298,0.3249,0.3251,637416.22
1739559600,0.3253,0.3275,0.3234,0.3256,179888.52
1739563200,0.3257,0.3271,0.322,0.3228,244421.12
1739566800,0.3229,0.3258,0.3209,0.3258,271595.97
1739570400,0.3256,0.327,0.3191,0.3216,297845.6
1739574000,0.3217,0.324,0.321,0.3231,243122.06
1739577600,0.323,0.3232,0.3201,0.3228,189539.63
1739581200,0.3226,0.3261,0.3225,0.326,147734.38
1739584800,0.326,0.3267,0.324,0.3263,69269.56
1739588400,0.3261,0.3268,0.3245,0.3258,288896.43
1739592000,0.3258,0.3267,0.3247,0.3257,87099.59
1739595600,0.3257,0.3276,0.3251,0.327,99294.06
1739599200,0.3266,0.3268,0.3232,0.3233,90909.38
1739602800,0.3237,0.3242,0.3214,0.3228,93670.48
1739606400,0.3227,0.3246,0.3219,0.3228,135497.68
1739610000,0.323,0.3236,0.3207,0.3213,28327.95
1739613600,0.3214,0.3229,0.3199,0.3223,131217.05
1739617200,0.3222,0.3227,0.3198,0.3215,68044.96
1739620800,0.3215,0.3242,0.3212,0.3238,188886.77
1739624400,0.3242,0.3256,0.3225,0.3242,89384.63
1739628000,0.3241,0.3241,0.318,0.3207,447757.08
1739631600,0.3206,0.3219,0.3186,0.3201,165200.88
1739635200,0.3198,0.3208,0.3183,0.3189,111322.43
1739638800,0.3186,0.3199,0.3174,0.3177,161474.86
1739642400,0.3179,0.3209,0.3176,0.3202,267430.85
1739646000,0.32,0.3204,0.3176,0.3179,116165.02
1739649600,0.3179,0.3185,0.3151,0.3162,125542.24
1739653200,0.3165,0.3193,0.3165,0.3191,79061.24
1739656800,0.3192,0.3197,0.3167,0.3179,41698.53
1739660400,0.3179,0.3191,0.3168,0.3179,184032.44
1739664000,0.3178,0.3195,0.3173,0.3185,43576.83
1739667600,0.3184,0.3184,0.3168,0.318,60887.34
1739671200,0.3177,0.3182,0.3154,0.3162,95495.64
1739674800,0.3158,0.3167,0.3148,0.3167,175365.93
1739678400,0.3167,0.3181,0.3163,0.3178,83490.5
1739682000,0.3179,0.3187,0.316,0.3179,97828.84
1739685600,0.3177,0.3186,0.3173,0.3182,143304.46
1739689200,0.318,0.318,0.3157,0.3167,244879.98
1739692800,0.3168,0.321,0.3163,0.321,168237.65
1739696400,0.321,0.3256,0.3199,0.3252,299096.6
1739700000,0.3251,0.3266,0.3247,0.3253,115763.72
1739703600,0.3251,0.332,0.3249,0.3314,386117.4
1739707200,0.3314,0.3317,0.3279,0.329,253160.32
1739710800,0.3291,0.33,0.3246,0.325,353425.91
1739714400,0.3251,0.3274,0.322,0.3263,216467.66
1739718000,0.3262,0.3277,0.325,0.3258,192860.01
1739721600,0.3256,0.3304,0.3245,0.3281,641946.15
1739725200,0.3282,0.3302,0.325,0.3253,238412.87
1739728800,0.3253,0.3253,0.3213,0.324,206382.3
1739732400,0.3237,0.3253,0.3217,0.3248,41184.18
1739736000,0.3247,0.3258,0.3223,0.3224,262827.21
1739739600,0.3223,0.3275,0.3223,0.3271,165205.08
1739743200,0.3273,0.328,0.3242,0.3265,130818.9
1739746800,0.3264,0.3267,0.3233,0.3261,321034.29
1739750400,0.326,0.3285,0.3252,0.3283,136886.55
1739754000,0.3282,0.3296,0.326,0.3292,72935.76
1739757600,0.3291,0.3299,0.3271,0.3275,33305.13
1739761200,0.3273,0.3274,0.3246,0.3255,72024.03
1739764800,0.3255,0.326,0.3237,0.3245,242328.25
1739768400,0.3244,0.3244,0.3192,0.3228,303579.73
1739772000,0.3229,0.3253,0.322,0.3241,425827.82
1739775600,0.3241,0.3254,0.3199,0.3214,265235.41
1739779200,0.3213,0.3247,0.3197,0.3227,95591.7
1739782800,0.3225,0.3242,0.3216,0.3242,159600.15
1739786400,0.3239,0.3287,0.3238,0.3269,276631.74
1739790000,0.3268,0.3283,0.3253,0.327,1205989.54
1739793600,0.3272,0.3293,0.3264,0.3269,1143464.06
1739797200,0.327,0.33,0.3263,0.3291,97002.6
1739800800,0.3291,0.3338,0.329,0.333,506230.62
1739804400,0.3331,0.3345,0.3219,0.3226,608854.57
1739808000,0.3227,0.3246,0.3187,0.3191,648146.87
1739811600,0.3191,0.3232,0.319,0.3199,121607.91
1739815200,0.3197,0.3197,0.3137,0.3141,719726.81
1739818800,0.3139,0.3181,0.3126,0.3176,443370.54
1739822400,0.3175,0.3201,0.3172,0.318,154203.57
1739826000,0.3182,0.3236,0.3181,0.3236,135047.03
1739829600,0.3236,0.3236,0.3184,0.3193,195080.83
1739833200,0.3193,0.3211,0.3182,0.3198,195044.66
1739836800,0.3197,0.3208,0.3149,0.3154,282224.88
1739840400,0.3153,0.3186,0.3148,0.3185,54217.06
1739844000,0.3184,0.319,0.3163,0.3173,134513.6
1739847600,0.3175,0.319,0.3144,0.3154,898393.05
1739851200,0.3154,0.3164,0.3126,0.3133,229745.17
1739854800,0.3135,0.3149,0.3089,0.3094,937982.91
1739858400,0.3096,0.3097,0.3034,0.3049,765967.82
1739862000,0.3049,0.3062,0.3023,0.3038,374039.25
1739865600,0.3038,0.3045,0.3002,0.3011,306300.93
1739869200,0.3011,0.3071,0.3005,0.307,588936.9
1739872800,0.3068,0.3076,0.3041,0.3042,188569.49
1739876400,0.3043,0.3043,0.3017,0.3031,148755.31
1739880000,0.303,0.3077,0.3026,0.3064,316732.39
1739883600,0.3062,0.3074,0.3039,0.3063,347804.22
1739887200,0.3063,0.3082,0.301,0.3025,676143.83
1739890800,0.3025,0.3027,0.2966,0.2987,573552.18
1739894400,0.2986,0.3002,0.2915,0.2915,497701.31
1739898000,0.2917,0.2952,0.2914,0.2945,403327.07
1739901600,0.2942,0.2969,0.2935,0.2958,313566.08
1739905200,0.2955,0.2969,0.2928,0.2954,167190.19
1739908800,0.2952,0.297,0.2935,0.2944,255785.74
1739912400,0.2943,0.2996,0.2941,0.2979,302031.04
1739916000,0.298,0.3017,0.2975,0.3002,141803.26
1739919600,0.3001,0.3028,0.2992,0.3025,205615.09
1739923200,0.3025,0.3033,0.3,0.3,176087.01
1739926800,0.3003,0.3007,0.2973,0.3,221416.33
1739930400,0.3,0.3047,0.3,0.3038,160618.75
1739934000,0.3036,0.3041,0.3014,0.3032,74910.31
1739937600,0.3031,0.3037,0.298,0.2982,184061.06
1739941200,0.2979,0.3026,0.2976,0.302,96012.21
1739944800,0.302,0.3066,0.3015,0.306,261688.34
1739948400,0.3062,0.3095,0.3055,0.3066,782554.13
1739952000,0.3065,0.3084,0.3062,0.3072,216016.22
1739955600,0.307,0.309,0.3034,0.3044,325264.14
1739959200,0.3046,0.3061,0.3031,0.3049,347696.44
1739962800,0.3049,0.3067,0.3043,0.3063,144013.51
1739966400,0.3063,0.3065,0.3031,0.3032,41404.12
1739970000,0.3034,0.3054,0.3023,0.3026,178286.65
1739973600,0.3028,0.3052,0.2986,0.2991,247737.55
1739977200,0.2994,0.3017,0.2983,0.2992,183509.46
1739980800,0.2991,0.3021,0.2986,0.3009,205902.66
1739984400,0.3009,0.302,0.2989,0.3002,138203.36
1739988000,0.3002,0.3002,0.2978,0.2987,80136.95
1739991600,0.2985,0.3017,0.2973,0.3007,293158.07
1739995200,0.3006,0.3032,0.2996,0.2996,120783.28
1739998800,0.2998,0.3015,0.2975,0.2982,208114.73
1740002400,0.2983,0.3015,0.2979,0.301,358923.65
1740006000,0.3011,0.302,0.3006,0.3015,211732.31
1740009600,0.3017,0.3026,0.2999,0.3022,111213.4
1740013200,0.302,0.3033,0.2996,0.3004,36276.05
1740016800,0.3006,0.304,0.3004,0.3034,77674.89
1740020400,0.3035,0.3042,0.3021,0.3038,155715.06
1740024000,0.3036,0.3066,0.3032,0.3053,68243.41
1740027600,0.3054,0.3057,0.3035,0.3036,107124.25
1740031200,0.3035,0.3039,0.3019,0.3022,89179.68
1740034800,0.3021,0.3033,0.3008,0.3008,106903.62
1740038400,0.301,0.3037,0.3005,0.303,104684.4
1740042000,0.3028,0.303,0.3009,0.3015,112813.6
1740045600,0.3016,0.3045,0.3016,0.3043,66559.67
1740049200,0.3041,0.3045,0.3026,0.3026,108550.5
1740052800,0.3028,0.3045,0.3026,0.3033,292529.92
1740056400,0.3034,0.3043,0.3017,0.3034,186818.1
1740060000,0.3035,0.31,0.3028,0.3034,438235.72
1740063600,0.3034,0.3038,0.2992,0.2996,297861.08
1740067200,0.2992,0.3024,0.2988,0.3,140507.36
1740070800,0.3003,0.3037,0.3,0.3036,230877.41
1740074400,0.3036,0.3065,0.3031,0.3042,237857.7
1740078000,0.3041,0.3073,0.3038,0.3064,167017.17
1740081600,0.3064,0.3079,0.3057,0.3064,134263.57
1740085200,0.3065,0.3066,0.3045,0.3051,165109.24
1740088800,0.305,0.3073,0.3045,0.3068,73952.19
1740092400,0.3066,0.3087,0.3064,0.3074,79944.01
1740096000,0.3076,0.308,0.3043,0.3055,201471.2
1740099600,0.3057,0.3057,0.3034,0.3047,56022.37
1740103200,0.3045,0.3053,0.3026,0.303,77645.86
1740106800,0.303,0.3052,0.3027,0.3046,38020.23
1740110400,0.3047,0.3068,0.3047,0.3068,99582.96
1740114000,0.3068,0.3073,0.3056,0.3067,40112.35
1740117600,0.3068,0.3097,0.3064,0.3085,308986.25
1740121200,0.3084,0.3103,0.3074,0.3078,381427.73
1740124800,0.308,0.3104,0.3072,0.3101,69483.32
1740128400,0.31,0.3157,0.31,0.3115,555998.51
1740132000,0.3116,0.3138,0.3113,0.3131,43101.16
1740135600,0.3131,0.3132,0.3105,0.3109,52803.78
1740139200,0.3109,0.3129,0.3098,0.3125,58821.69
1740142800,0.3127,0.3165,0.3123,0.3156,258181.41
1740146400,0.3155,0.3158,0.3105,0.3127,819983.65
1740150000,0.3126,0.3143,0.2996,0.304,568262.03
1740153600,0.3041,0.3079,0.3019,0.3033,197906.73
1740157200,0.3033,0.3047,0.2947,0.2953,574082.89
1740160800,0.2951,0.297,0.2937,0.2952,297633.46
1740164400,0.2951,0.2958,0.2867,0.2885,668915.35
1740168000,0.2884,0.2919,0.2879,0.2892,721531.08
1740171600,0.2893,0.2905,0.2863,0.289,345118.34
1740175200,0.2889,0.2916,0.2888,0.2916,278313.69
1740178800,0.2915,0.293,0.2899,0.2926,204636.07
1740182400,0.2924,0.2952,0.2909,0.2932,1898350.41
1740186000,0.293,0.2954,0.2927,0.294,153535.21
1740189600,0.2939,0.2946,0.2917,0.2935,137669.41
1740193200,0.2935,0.2955,0.2926,0.2949,84417.93
1740196800,0.2947,0.2968,0.2944,0.2964,267963.23
1740200400,0.2964,0.2985,0.2947,0.2985,551887.6
1740204000,0.2985,0.2994,0.2949,0.2954,879061.06
1740207600,0.2954,0.2974,0.2926,0.2926,1189416.04
1740211200,0.2928,0.2943,0.2918,0.2936,627165.73
1740214800,0.2936,0.2947,0.2931,0.2942,125339.94
1740218400,0.2942,0.2958,0.2934,0.2948,266806.28
1740222000,0.2949,0.2952,0.2932,0.2943,288957.27
1740225600,0.2945,0.296,0.2945,0.2958,115112.87
1740229200,0.2959,0.2966,0.2938,0.2942,115951.37
1740232800,0.2942,0.2951,0.2931,0.2931,291206.36
1740236400,0.2934,0.2965,0.2934,0.2958,316077.52
1740240000,0.2959,0.298,0.2955,0.296,449692.95
1740243600,0.2961,0.2989,0.2955,0.298,102844.64
1740247200,0.2982,0.2991,0.2965,0.2971,121468.45
1740250800,0.2971,0.2979,0.2959,0.2964,384128.1
1740254400,0.2965,0.2966,0.2944,0.2952,114631.03
1740258000,0.2954,0.2971,0.2953,0.2969,278135.05
1740261600,0.2969,0.2984,0.2967,0.2982,60015.11
1740265200,0.2979,0.2989,0.2968,0.2975,125698.31
1740268800,0.2973,0.298,0.2964,0.2974,168867.19
1740272400,0.2974,0.2977,0.2949,0.2958,201702.23
1740276000,0.2957,0.2961,0.2946,0.2953,114234.74
1740279600,0.2952,0.2962,0.2945,0.2952,41819.22
1740283200,0.2952,0.2952,0.2938,0.2949,101051.31
1740286800,0.2946,0.2956,0.2943,0.2946,403286.55
1740290400,0.2946,0.2961,0.2939,0.2958,105665.3
1740294000,0.2955,0.2995,0.2955,0.299,113104.23
1740297600,0.2989,0.2989,0.2978,0.2983,102644.52
1740301200,0.2985,0.2996,0.2965,0.2977,153625.05
1740304800,0.298,0.2984,0.297,0.2982,12845.53
1740308400,0.2981,0.2985,0.2959,0.2963,37549.48
1740312000,0.2966,0.2972,0.2936,0.2944,60054.04
1740315600,0.2945,0.2965,0.2945,0.2957,310170.47
1740319200,0.2958,0.297,0.2947,0.295,58544.41
1740322800,0.295,0.2963,0.2901,0.2909,440313.96
1740326400,0.2907,0.2933,0.2903,0.2922,171069.87
1740330000,0.2922,0.2949,0.2922,0.294,111563.53
1740333600,0.294,0.2949,0.2927,0.2928,222086.65
1740337200,0.2928,0.2934,0.2921,0.2926,161239.3
1740340800,0.2926,0.2932,0.2916,0.293,105351.41
1740344400,0.2929,0.2937,0.2917,0.2937,21016.61
1740348000,0.2937,0.2946,0.2922,0.2932,125757.03
1740351600,0.2931,0.2966,0.2931,0.2962,254238.98
1740355200,0.2963,0.2983,0.2956,0.2958,345495.53
1740358800,0.2957,0.2962,0.2912,0.292,278782.7
1740362400,0.2922,0.2933,0.2903,0.2909,43151.97
1740366000,0.2908,0.2908,0.2848,0.286,728173.68
1740369600,0.2861,0.2868,0.2824,0.2854,261209.48
1740373200,0.2853,0.2892,0.2843,0.2892,179134.45
1740376800,0.2893,0.2899,0.2879,0.2889,102332.83
1740380400,0.2888,0.2901,0.2878,0.2886,63541.85
1740384000,0.2885,0.2885,0.2826,0.2838,232488.64
1740387600,0.2839,0.2876,0.2836,0.2851,52110.55
1740391200,0.2852,0.2856,0.2809,0.2835,259794.24
1740394800,0.2837,0.2867,0.2822,0.2862,346826.18
1740398400,0.286,0.2872,0.2848,0.2856,73698.5
1740402000,0.2855,0.2884,0.284,0.2846,354308.79
1740405600,0.2847,0.2853,0.2803,0.2812,219692.63
1740409200,0.2811,0.2842,0.2793,0.2822,218415.98
1740412800,0.282,0.2841,0.2811,0.2814,105020.1
1740416400,0.2813,0.2847,0.2809,0.2819,157733.93
1740420000,0.2819,0.2828,0.28,0.2803,159236.6
1740423600,0.2802,0.2819,0.2758,0.278,481043.86
1740427200,0.2783,0.2813,0.2775,0.2783,429856.04
1740430800,0.2785,0.2815,0.2771,0.2781,87311.64
1740434400,0.2779,0.2779,0.2627,0.2655,1315921.66
1740438000,0.2661,0.2709,0.2653,0.2668,902306
1740441600,0.2668,0.2694,0.26,0.266,650910.84
1740445200,0.2659,0.2683,0.2619,0.2653,172376.28
1740448800,0.2651,0.2703,0.2625,0.2702,322703.9
1740452400,0.2699,0.2707,0.2666,0.267,214960.08
1740456000,0.2672,0.2686,0.2635,0.2649,254963.13
1740459600,0.2648,0.27,0.2637,0.2697,157694.15
1740463200,0.2698,0.2704,0.2644,0.2645,106800.35
1740466800,0.2647,0.265,0.2494,0.2564,1311469.6
1740470400,0.256,0.2633,0.2551,0.2598,461079.3
1740474000,0.2601,0.2617,0.2557,0.2564,337964.27
1740477600,0.2563,0.2599,0.2516,0.2582,225190.82
1740481200,0.258,0.264,0.2539,0.2629,303932.44
1740484800,0.2629,0.2664,0.2616,0.2662,1104913.25
1740488400,0.2662,0.2669,0.262,0.2624,182561.04
1740492000,0.2623,0.2639,0.2557,0.2573,157061.81
1740495600,0.2568,0.2638,0.2554,0.2618,297314.52
1740499200,0.2616,0.2654,0.2592,0.2639,285004.45
1740502800,0.2633,0.2674,0.2624,0.2652,141764.69
1740506400,0.2653,0.2679,0.2632,0.2653,220324.85
1740510000,0.2655,0.2702,0.2634,0.2702,110708.94
1740513600,0.2702,0.2746,0.269,0.2726,329172.79
1740517200,0.2722,0.2736,0.2702,0.2734,72707.67
1740520800,0.2733,0.2753,0.2721,0.2735,209153.08
1740524400,0.2741,0.2753,0.2717,0.2718,90157.15
1740528000,0.2718,0.2729,0.2691,0.2691,27277.9
1740531600,0.2695,0.2761,0.2695,0.2755,119560.76
1740535200,0.2752,0.2796,0.2741,0.2794,242267.22
1740538800,0.2794,0.2808,0.278,0.278,60667.42
1740542400,0.2782,0.2795,0.2768,0.2768,33624.6
1740546000,0.2769,0.2781,0.2754,0.2754,93036.36
1740549600,0.2757,0.2791,0.2755,0.2791,37019.57
1740553200,0.2794,0.2803,0.2768,0.2791,48229.35
1740556800,0.2788,0.2795,0.2754,0.2783,210764.24
1740560400,0.2779,0.2813,0.2779,0.2807,103530.69
1740564000,0.2806,0.2826,0.2792,0.282,46512.63
1740567600,0.2819,0.2826,0.2785,0.2786,125401.7
1740571200,0.2788,0.2789,0.2709,0.2732,270051.54
1740574800,0.2734,0.2755,0.2715,0.2719,148822.3
1740578400,0.2713,0.2761,0.2679,0.2756,186222.36
1740582000,0.2758,0.2803,0.2758,0.278,175054.66
1740585600,0.2781,0.2791,0.2746,0.2767,143290.92
1740589200,0.2766,0.2774,0.2692,0.2702,142681.15
1740592800,0.2704,0.2723,0.2639,0.2652,115398.17
1740596400,0.2647,0.2685,0.2643,0.2663,119561.72
1740600000,0.2669,0.273,0.2641,0.2724,138607.41
1740603600,0.2722,0.2755,0.2711,0.2755,473993.77
1740607200,0.2753,0.2793,0.2752,0.2757,95000.06
1740610800,0.2756,0.2762,0.272,0.2734,65182.86
1740614400,0.2738,0.275,0.2712,0.2731,80571.98
1740618000,0.2731,0.2774,0.2712,0.2748,114963.53
1740621600,0.2752,0.2781,0.2746,0.2756,100859.25
1740625200,0.2758,0.2793,0.2756,0.2786,94146.2
1740628800,0.2785,0.2797,0.2753,0.2766,31262.15
1740632400,0.2766,0.2786,0.2764,0.2786,199436.13
1740636000,0.2782,0.2816,0.2782,0.281,60735.19
1740639600,0.281,0.2829,0.2793,0.2817,61232.22
1740643200,0.2813,0.2838,0.2813,0.2833,149171.22
1740646800,0.2828,0.2849,0.2824,0.2845,120523.9
1740650400,0.2841,0.287,0.284,0.287,57997.62
1740654000,0.2871,0.2872,0.2829,0.2831,19285.42
1740657600,0.2833,0.2842,0.2804,0.2808,39893.1
1740661200,0.2812,0.2827,0.2794,0.2806,35621.37
1740664800,0.2807,0.2819,0.277,0.2771,124970.92
1740668400,0.2769,0.2805,0.2757,0.2791,133538.86
1740672000,0.2789,0.2803,0.2758,0.2761,236963.69
1740675600,0.2762,0.2783,0.2762,0.2782,71284.37
1740679200,0.2784,0.2793,0.2772,0.2777,214425
1740682800,0.2772,0.2778,0.2733,0.2743,187224.93
1740686400,0.2742,0.2742,0.2698,0.2716,117684.74
1740690000,0.2717,0.2763,0.2694,0.2763,251627.31
1740693600,0.2761,0.2762,0.2731,0.2758,198098.35
1740697200,0.2758,0.2774,0.2748,0.2769,52200.36
1740700800,0.2767,0.2774,0.2748,0.2748,68090.71
1740704400,0.2745,0.2759,0.2647,0.2648,621304.26
1740708000,0.2645,0.2679,0.2604,0.2641,257778.2
1740711600,0.264,0.2665,0.2599,0.2603,93063.21
1740715200,0.2604,0.262,0.2566,0.2602,255872.36
1740718800,0.2602,0.2611,0.2573,0.2604,115840.27
1740722400,0.2604,0.2612,0.2565,0.2592,624882.3
1740726000,0.2591,0.2624,0.2582,0.2596,73216.12
1740729600,0.2592,0.2609,0.2548,0.2595,239682.78
1740733200,0.2592,0.2637,0.2592,0.2628,102160.96
1740736800,0.263,0.2633,0.2586,0.2592,85915.47
1740740400,0.2588,0.2619,0.2584,0.2594,198679.95
1740744000,0.2594,0.2613,0.2576,0.2595,59868.92
1740747600,0.2597,0.2652,0.2596,0.2639,340059.9
1740751200,0.264,0.2666,0.2624,0.2655,736759.74
1740754800,0.2653,0.2713,0.2653,0.2695,125931.82
1740758400,0.2693,0.2722,0.2676,0.2702,94674.56
1740762000,0.2703,0.2707,0.268,0.2684,93088.35
1740765600,0.2685,0.2733,0.2676,0.2714,168884.74
1740769200,0.2715,0.2721,0.2706,0.2713,70179
1740772800,0.2712,0.2726,0.2692,0.2711,51699.76
1740776400,0.2709,0.2731,0.2708,0.2721,88646.53
1740780000,0.2723,0.273,0.2703,0.271,180157.55
1740783600,0.2713,0.2724,0.2706,0.2719,37783.65
1740787200,0.2719,0.2719,0.2685,0.2687,54222.98
1740790800,0.2689,0.2734,0.2687,0.2731,419005.98
1740794400,0.2728,0.2744,0.272,0.2731,72592.13
1740798000,0.2732,0.2737,0.2722,0.2726,73471.92
1740801600,0.2727,0.2758,0.2724,0.2749,85039.09
1740805200,0.2751,0.2751,0.2734,0.2737,47450.99
1740808800,0.2735,0.2743,0.2709,0.2723,24254.58
1740812400,0.2719,0.272,0.2698,0.2711,23874.26
1740816000,0.2714,0.2736,0.2713,0.2726,31780.67
1740819600,0.2727,0.2739,0.2707,0.2724,53764.3
1740823200,0.272,0.272,0.2692,0.27,97956.38
1740826800,0.27,0.27,0.2676,0.269,96472.98
1740830400,0.2687,0.2695,0.267,0.2686,77190.81
1740834000,0.269,0.2693,0.2655,0.267,131293.62
1740837600,0.2669,0.2698,0.2669,0.2687,79855.13
1740841200,0.2685,0.2696,0.2674,0.2696,28574.52
1740844800,0.2692,0.2722,0.2686,0.2722,150776.48
1740848400,0.2721,0.2728,0.2698,0.2719,79280.59
1740852000,0.2721,0.275,0.2712,0.2746,71443.58
1740855600,0.2747,0.2783,0.2746,0.2779,156058.98
1740859200,0.278,0.2802,0.2768,0.2795,201274.46
1740862800,0.2795,0.2835,0.2784,0.2832,133955.86
1740866400,0.283,0.2855,0.2814,0.2839,322956.1
1740870000,0.2836,0.284,0.2807,0.2828,95606.09
1740873600,0.2823,0.2824,0.2792,0.2807,127586.64
1740877200,0.2808,0.2821,0.2794,0.2806,90223.65
1740880800,0.2804,0.2814,0.2789,0.2805,62603.86
1740884400,0.2807,0.2824,0.2807,0.2809,125345.74
1740888000,0.2811,0.2818,0.2805,0.2806,57009.54
1740891600,0.2803,0.2817,0.2799,0.281,6723.98
1740895200,0.2806,0.2815,0.2791,0.2799,33609.03
1740898800,0.2798,0.28,0.2782,0.2783,112446.41
1740902400,0.278,0.278,0.2765,0.2775,27587.49
1740906000,0.2771,0.2797,0.2767,0.2789,29012.45
1740909600,0.2788,0.2803,0.2787,0.2795,55411.78
1740913200,0.2794,0.2799,0.2786,0.2786,36478.56
1740916800,0.2783,0.2787,0.2769,0.2787,7955.61
1740920400,0.2785,0.2787,0.2764,0.277,37779.94
1740924000,0.2775,0.2778,0.2748,0.2765,12985.2
1740927600,0.2768,0.2924,0.276,0.2863,577290.26
1740931200,0.2867,0.3057,0.2865,0.3027,1226627.53
1740934800,0.3031,0.3105,0.2993,0.3069,800356.53
1740938400,0.3068,0.308,0.3017,0.3037,173030.03
1740942000,0.3044,0.3057,0.3029,0.3051,208200.86
1740945600,0.3052,0.3058,0.3021,0.3049,413752.91
1740949200,0.3047,0.3049,0.302,0.3041,139055.2
1740952800,0.3043,0.3043,0.3018,0.303,118572.14
1740956400,0.3032,0.3049,0.3023,0.3034,175954.88
1740960000,0.3037,0.304,0.2992,0.2992,256509.59
1740963600,0.2993,0.3002,0.2949,0.2949,135721.28
1740967200,0.2952,0.2954,0.2913,0.294,200542.66
1740970800,0.2942,0.2949,0.29,0.2916,117671.04
1740974400,0.2918,0.2923,0.2906,0.2919,144921.64
1740978000,0.2917,0.2936,0.2909,0.2931,73714.66
1740981600,0.293,0.2932,0.2824,0.2849,233898.91
1740985200,0.2852,0.288,0.2816,0.2875,91250.19
1740988800,0.2874,0.2874,0.2798,0.2818,144450.59
1740992400,0.2817,0.2837,0.2797,0.2828,58242.05
1740996000,0.2829,0.2847,0.282,0.2838,133257.18
1740999600,0.2836,0.284,0.281,0.2821,136748.74
1741003200,0.2816,0.284,0.2804,0.2825,140869.52
1741006800,0.2822,0.2851,0.282,0.2846,126986.47
1741010400,0.2845,0.2845,0.2736,0.2739,265007.62
1741014000,0.2748,0.28,0.2748,0.2753,271596.73
1741017600,0.2752,0.2773,0.2734,0.2756,1248016.6
1741021200,0.2752,0.277,0.2737,0.2743,261487.39
1741024800,0.2743,0.2747,0.2626,0.2648,481163.21
1741028400,0.2646,0.2667,0.25,0.2515,980605.81
1741032000,0.2515,0.2555,0.2503,0.2539,700708.8
1741035600,0.2541,0.2572,0.2508,0.2514,566952.72
1741039200,0.2517,0.2565,0.2517,0.2555,447681.15
1741042800,0.2551,0.2571,0.2542,0.2547,235369.36
1741046400,0.2544,0.2565,0.2517,0.252,307142.27
1741050000,0.2522,0.2528,0.2385,0.2399,1828448.64
1741053600,0.2398,0.2436,0.2337,0.2421,1879204.15
1741057200,0.2425,0.2462,0.2403,0.2442,263695.15
1741060800,0.2439,0.247,0.2439,0.2447,140857.09
1741064400,0.245,0.249,0.2445,0.2463,147259.72
1741068000,0.2462,0.2467,0.2436,0.2443,94714.34
1741071600,0.2445,0.2449,0.2424,0.2429,77652.68
1741075200,0.2428,0.246,0.2415,0.2447,162622.79
1741078800,0.2438,0.2447,0.2414,0.242,47049.5
1741082400,0.2418,0.2444,0.2417,0.2438,231456.5
1741086000,0.2435,0.2453,0.2427,0.2434,148073.77
1741089600,0.243,0.243,0.2398,0.2409,120213.77
1741093200,0.2406,0.2408,0.2363,0.2378,184452.15
1741096800,0.2377,0.2489,0.2371,0.2398,495170.81
1741100400,0.2393,0.2411,0.2348,0.2398,350905.65
1741104000,0.24,0.2404,0.2286,0.2363,891315.03
1741107600,0.2362,0.2442,0.236,0.2428,227744.67
1741111200,0.2429,0.2473,0.2418,0.2472,191599.31
1741114800,0.2465,0.2491,0.2463,0.2489,285750.5
1741118400,0.2485,0.2499,0.2442,0.2447,133521.33
1741122000,0.2449,0.2523,0.244,0.2492,148327.22
1741125600,0.2494,0.2508,0.2483,0.2483,145020.48
1741129200,0.2486,0.2495,0.247,0.2488,217958.76
1741132800,0.2485,0.2499,0.2468,0.2473,132421.8
1741136400,0.2477,0.2506,0.2466,0.2504,20006.37
1741140000,0.2506,0.2513,0.2483,0.2493,347401.51
1741143600,0.2491,0.2506,0.2466,0.2466,134672.29
1741147200,0.2462,0.2476,0.2459,0.2472,76062.65
1741150800,0.2471,0.2479,0.246,0.2463,92925.04
1741154400,0.2462,0.2482,0.245,0.2482,45593.71
1741158000,0.2479,0.249,0.2473,0.2485,117415.13
1741161600,0.2486,0.2519,0.2483,0.251,54563.59
1741165200,0.2509,0.255,0.2509,0.2535,125256.96
1741168800,0.2534,0.2578,0.2533,0.2563,173481.04
1741172400,0.256,0.2565,0.2525,0.2533,78335.37
1741176000,0.2534,0.255,0.2526,0.2532,91496.72
1741179600,0.2534,0.2544,0.2507,0.2516,126857.57
1741183200,0.2514,0.252,0.2484,0.2489,44165.9
1741186800,0.2487,0.252,0.2479,0.2502,108362.77
1741190400,0.25,0.2514,0.2475,0.251,137261.75
1741194000,0.2506,0.253,0.2498,0.251,100586.11
1741197600,0.2509,0.2518,0.2499,0.2518,136435.03
1741201200,0.2519,0.2556,0.2517,0.2549,539377.39
1741204800,0.2552,0.2576,0.2552,0.257,204502.16
1741208400,0.2569,0.2578,0.2557,0.2569,81780.27
1741212000,0.2566,0.257,0.2549,0.2566,76564.56
1741215600,0.2564,0.2571,0.2553,0.2557,141947.63
1741219200,0.2555,0.2564,0.2527,0.2533,240870.09
1741222800,0.2532,0.2572,0.2517,0.2552,86826.54
1741226400,0.2553,0.2576,0.2548,0.2571,49249.94
1741230000,0.2566,0.2575,0.2557,0.2562,18676.5
1741233600,0.2563,0.2593,0.2555,0.2589,103824.51
1741237200,0.259,0.2605,0.2579,0.2591,71464.76
1741240800,0.2589,0.2597,0.2568,0.2589,149266.49
1741244400,0.2589,0.2589,0.2563,0.2567,101749.75
1741248000,0.2566,0.2588,0.256,0.2579,23653.16
1741251600,0.2578,0.2579,0.2561,0.2566,80000.96
1741255200,0.2562,0.2593,0.2562,0.2587,86573.14
1741258800,0.2585,0.2588,0.2574,0.2581,32167.58
1741262400,0.2581,0.2581,0.2539,0.2549,83021.97
1741266000,0.255,0.2554,0.2516,0.2516,183056.47
1741269600,0.2518,0.2536,0.2493,0.2512,195433.56
1741273200,0.2512,0.2562,0.2512,0.2542,117553.24
1741276800,0.2543,0.2551,0.2498,0.25,200166.49
1741280400,0.2496,0.25,0.2456,0.247,171906.65
1741284000,0.2469,0.2478,0.2457,0.2463,308648.38
1741287600,0.2463,0.249,0.2449,0.2468,176124.93
1741291200,0.2466,0.2491,0.2464,0.2485,74098.13
1741294800,0.2487,0.2517,0.2487,0.2505,163481.29
1741298400,0.2507,0.2533,0.2498,0.2519,119334.68
1741302000,0.2516,0.2522,0.2495,0.2496,147611.04
1741305600,0.2496,0.2516,0.2365,0.2378,420346.47
1741309200,0.2377,0.2476,0.2366,0.2462,96585.32
1741312800,0.246,0.2473,0.2446,0.2452,35569.7
1741316400,0.2451,0.2465,0.2438,0.2438,181808.27
1741320000,0.2438,0.2458,0.2423,0.2423,223286.34
1741323600,0.2422,0.2453,0.2421,0.244,42564.4
1741327200,0.244,0.2462,0.2431,0.2454,10768.82
1741330800,0.2452,0.2476,0.2451,0.2475,18344.62
1741334400,0.2472,0.2478,0.2452,0.2459,29500.09
1741338000,0.2458,0.2496,0.2458,0.2482,73651.5
1741341600,0.2481,0.2484,0.2467,0.2483,54705.24
1741345200,0.2482,0.2493,0.2472,0.2477,42812.78
1741348800,0.2479,0.2489,0.2455,0.2467,98148.67
1741352400,0.2466,0.2528,0.246,0.2473,404221.62
1741356000,0.2478,0.252,0.2462,0.2493,58767.89
1741359600,0.2494,0.2513,0.2465,0.2487,128813.09
1741363200,0.2486,0.2494,0.2414,0.2428,123535.55
1741366800,0.243,0.248,0.2424,0.246,409986.51
1741370400,0.2458,0.2508,0.2456,0.2502,213835.42
1741374000,0.2504,0.2511,0.2462,0.247,214950.73
1741377600,0.2474,0.2485,0.2442,0.2452,187757.07
1741381200,0.2459,0.2459,0.2408,0.2438,323133.21
1741384800,0.2433,0.2445,0.2408,0.244,166620.54
1741388400,0.2438,0.2438,0.2396,0.2416,138072.53
1741392000,0.2414,0.2417,0.2394,0.2411,62074.05
1741395600,0.2415,0.2418,0.2375,0.2398,141239.1
1741399200,0.24,0.2408,0.2389,0.2404,84587.85
1741402800,0.2402,0.2407,0.2381,0.2405,63822.38
1741406400,0.2403,0.2428,0.2394,0.2425,100645.92
1741410000,0.2425,0.2427,0.2403,0.2411,104308.83
1741413600,0.2412,0.2415,0.24,0.2408,60869.23
1741417200,0.2408,0.2425,0.2398,0.2398,149307.57
1741420800,0.2397,0.2403,0.2383,0.2389,232450.66
1741424400,0.2386,0.2403,0.2375,0.2379,81593.92
1741428000,0.2383,0.2402,0.2383,0.2392,48853.05
1741431600,0.2391,0.2391,0.237,0.2386,126018.98
1741435200,0.2389,0.2413,0.238,0.241,125959.6
1741438800,0.2408,0.2431,0.2404,0.2428,100474.09
1741442400,0.2428,0.2443,0.2424,0.2426,67665.64
1741446000,0.2423,0.2431,0.2408,0.2429,124760.7
1741449600,0.2427,0.2427,0.2394,0.2423,300945.68
1741453200,0.2423,0.2435,0.2404,0.2427,95354.33
1741456800,0.2425,0.2445,0.2423,0.2441,63468.18
1741460400,0.2442,0.2459,0.2431,0.2456,35692.63
1741464000,0.245,0.2473,0.245,0.2464,50975.51
1741467600,0.2464,0.2476,0.2457,0.2463,80291.72
1741471200,0.2463,0.247,0.2443,0.2467,348692.3
1741474800,0.2462,0.2475,0.2452,0.246,100724.04
1741478400,0.246,0.2473,0.2455,0.2457,18995.35
1741482000,0.2457,0.2466,0.2438,0.2444,34349.91
1741485600,0.2446,0.2452,0.2424,0.2428,87948.85
1741489200,0.2429,0.2436,0.2427,0.2432,58560.35
1741492800,0.243,0.2446,0.2427,0.2438,19138.08
1741496400,0.2437,0.2445,0.2417,0.2424,43011.65
1741500000,0.2425,0.2427,0.2409,0.2412,120497.85
1741503600,0.2414,0.2439,0.2409,0.2437,36038.1
1741507200,0.2438,0.2438,0.2419,0.2421,130364.26
1741510800,0.2421,0.2435,0.2409,0.2413,223082.87
1741514400,0.2414,0.242,0.2365,0.2373,506980.58
1741518000,0.2374,0.2394,0.2374,0.2386,107449.1
1741521600,0.2385,0.2386,0.2361,0.2375,99883.06
1741525200,0.2372,0.2387,0.2353,0.2354,205301.81
1741528800,0.2353,0.2359,0.2334,0.2347,139757.05
1741532400,0.2348,0.2357,0.2319,0.2327,187643.5
1741536000,0.2324,0.2343,0.2269,0.227,262391.85
1741539600,0.2272,0.2278,0.2215,0.2222,438541.65
1741543200,0.2222,0.2246,0.2196,0.2214,1175676.14
1741546800,0.2217,0.2258,0.2217,0.2252,347044.93
1741550400,0.2252,0.2262,0.2238,0.2246,284470.67
1741554000,0.2243,0.2246,0.2206,0.2212,158116.67
1741557600,0.221,0.2219,0.2192,0.2207,239451.53
1741561200,0.2208,0.2227,0.219,0.2208,280801.19
1741564800,0.2211,0.2249,0.2177,0.224,547694.58
1741568400,0.2237,0.2253,0.2223,0.2235,157701.17
1741572000,0.2233,0.2256,0.2224,0.2239,161966.01
1741575600,0.2241,0.2252,0.2229,0.2248,161089.86
1741579200,0.2245,0.2264,0.2244,0.2261,112752.35
1741582800,0.226,0.2263,0.2239,0.2246,66256.98
1741586400,0.2244,0.2259,0.2241,0.2256,307076.33
1741590000,0.2258,0.228,0.2255,0.228,507242.57
1741593600,0.2279,0.2279,0.2214,0.222,571258
1741597200,0.2222,0.232,0.2222,0.2262,418695.35
1741600800,0.2264,0.2269,0.2239,0.2263,268263.29
1741604400,0.2269,0.2297,0.2254,0.2296,67392.31
1741608000,0.229,0.2309,0.2276,0.2287,196103.99
1741611600,0.2288,0.2295,0.2235,0.2238,186212.01
1741615200,0.2238,0.2241,0.2168,0.2188,728068.68
1741618800,0.2189,0.2222,0.2179,0.2192,682804.39
1741622400,0.2191,0.22,0.2163,0.2167,368265.42
1741626000,0.2165,0.2171,0.2052,0.2068,1041860.39
1741629600,0.2065,0.2105,0.2,0.2004,1084308.01
1741633200,0.2005,0.2107,0.1999,0.21,794867.15
1741636800,0.2097,0.2103,0.2065,0.2086,507193.71
1741640400,0.2085,0.2102,0.2069,0.2083,500383.96
1741644000,0.2082,0.209,0.2059,0.2067,191979.44
1741647600,0.2068,0.208,0.2037,0.204,266832.18
1741651200,0.204,0.2065,0.1906,0.1965,1897849.51
1741654800,0.1964,0.2019,0.1923,0.2019,1146783.42
1741658400,0.202,0.2043,0.2014,0.2039,538326.32
1741662000,0.2039,0.2065,0.2029,0.203,234516.65
1741665600,0.203,0.2067,0.2029,0.2055,206424.23
1741669200,0.2053,0.21,0.205,0.2092,540657.2
1741672800,0.2091,0.2111,0.2088,0.2094,248680.44
1741676400,0.2096,0.2127,0.2096,0.2099,290371.65
1741680000,0.2099,0.2124,0.2088,0.2111,286633.25
1741683600,0.2113,0.2129,0.2107,0.2107,166274.6
1741687200,0.2108,0.2127,0.2103,0.2113,83226.41
1741690800,0.2115,0.2123,0.2101,0.2114,250227.4
1741694400,0.2114,0.2114,0.2074,0.2079,228932.98
1741698000,0.2079,0.2138,0.2056,0.2099,1195856.13
1741701600,0.2097,0.2111,0.2026,0.2046,839878.29
1741705200,0.2043,0.2128,0.2043,0.212,707269.23
1741708800,0.2118,0.2144,0.2101,0.2119,367184.28
1741712400,0.2118,0.2118,0.2083,0.2097,254899.79
1741716000,0.2099,0.2181,0.2099,0.2165,765776.51
1741719600,0.2167,0.217,0.2147,0.2165,311700.18
1741723200,0.2167,0.2175,0.2159,0.2164,309146.41
1741726800,0.2163,0.2176,0.2159,0.2168,195445.63
1741730400,0.2169,0.218,0.2166,0.2176,58904.6
1741734000,0.2177,0.2177,0.2139,0.2146,255401.85
1741737600,0.2147,0.2154,0.2132,0.2141,206343.16
1741741200,0.2143,0.2177,0.2143,0.2165,109353.86
1741744800,0.2164,0.2172,0.2129,0.2135,585303.4
1741748400,0.2137,0.2139,0.2101,0.2102,97055.64
1741752000,0.21,0.2107,0.2087,0.21,167066.97
1741755600,0.2101,0.2122,0.21,0.2122,111828.69
1741759200,0.2119,0.2124,0.2105,0.2121,99501.3
1741762800,0.2117,0.2155,0.2115,0.215,119182.85
1741766400,0.2149,0.2188,0.2137,0.2176,443790.21
1741770000,0.2177,0.2196,0.2143,0.216,321176.17
1741773600,0.2158,0.2167,0.2148,0.2165,137986.83
1741777200,0.2165,0.2202,0.2164,0.2198,145863.16
1741780800,0.2201,0.2243,0.2182,0.2226,1109629.39
1741784400,0.2229,0.2231,0.2169,0.2177,287641
1741788000,0.2175,0.2184,0.213,0.2132,269979.45
1741791600,0.2132,0.2143,0.2103,0.2142,768834.49
1741795200,0.2138,0.217,0.2136,0.2152,229606.57
1741798800,0.2151,0.2181,0.2133,0.2136,362147.24
1741802400,0.2135,0.217,0.2134,0.216,87839.72
1741806000,0.2161,0.2161,0.2129,0.2138,314651.36
1741809600,0.2138,0.2159,0.2138,0.2155,317721.08
1741813200,0.2155,0.2162,0.2144,0.215,199181.26
1741816800,0.2151,0.2172,0.2151,0.2171,88803.43
1741820400,0.2167,0.2171,0.2158,0.2168,95298.21
1741824000,0.2167,0.2177,0.2151,0.2154,66348.96
1741827600,0.2153,0.2171,0.2144,0.2166,36269.54
1741831200,0.2168,0.2182,0.2161,0.2164,28482.27
1741834800,0.2165,0.2178,0.2159,0.2161,92523.1
1741838400,0.2163,0.2169,0.2142,0.2147,174926.2
1741842000,0.2146,0.2162,0.2131,0.2137,116156.67
1741845600,0.2138,0.2141,0.2124,0.2137,98128.76
1741849200,0.2138,0.2155,0.2135,0.2146,146331.74
1741852800,0.2147,0.2157,0.2129,0.2151,55220.89
1741856400,0.2155,0.2189,0.2155,0.2187,117500.8
1741860000,0.2186,0.2195,0.2165,0.2188,186173.65
1741863600,0.2185,0.2186,0.2167,0.2176,97296.22
1741867200,0.2177,0.2206,0.2152,0.2158,182692.15
1741870800,0.2161,0.2176,0.2123,0.2129,394346.35
1741874400,0.2129,0.2154,0.2124,0.2138,97939.94
1741878000,0.2139,0.2143,0.2116,0.2118,181829.17
1741881600,0.212,0.2123,0.2086,0.2095,290865.92
1741885200,0.2093,0.2093,0.2064,0.2064,182633.1
1741888800,0.2068,0.2098,0.2066,0.2082,128922.55
1741892400,0.2083,0.2087,0.2064,0.2071,266978.98
1741896000,0.2073,0.2083,0.2063,0.2065,130958.51
1741899600,0.2067,0.2086,0.2059,0.2086,233276.18
1741903200,0.2084,0.2128,0.2084,0.2126,123794.33
1741906800,0.2126,0.2131,0.2103,0.2107,91780.23
1741910400,0.2107,0.2125,0.21,0.212,154461.87
1741914000,0.2118,0.2129,0.2104,0.212,23201.74
1741917600,0.2119,0.2138,0.2113,0.2138,32393.51
1741921200,0.2136,0.2137,0.2123,0.2131,71829.84
1741924800,0.2131,0.214,0.213,0.2137,19413.8
1741928400,0.2137,0.2149,0.2131,0.2139,38082.25
1741932000,0.214,0.2145,0.2133,0.2144,42500.66
1741935600,0.2143,0.2148,0.2134,0.2134,17828.91
1741939200,0.2136,0.216,0.2134,0.2157,85942.52
1741942800,0.2159,0.2168,0.2156,0.2157,132874.36
1741946400,0.2156,0.216,0.2149,0.2157,113596.06
1741950000,0.2155,0.2156,0.2146,0.2149,59827.06
1741953600,0.2149,0.2151,0.213,0.2137,307036.82
1741957200,0.2137,0.2148,0.2125,0.2141,187884.36
1741960800,0.2142,0.2154,0.2123,0.2149,525400.71
1741964400,0.2153,0.2185,0.2151,0.217,240400.44
1741968000,0.217,0.2183,0.2147,0.2179,797948.03
1741971600,0.2178,0.2179,0.2163,0.2171,182690.44
1741975200,0.2174,0.2179,0.2161,0.2174,162455.18
1741978800,0.2172,0.2183,0.2158,0.2169,76519.34
1741982400,0.2169,0.2169,0.2149,0.2165,391337.06
1741986000,0.216,0.2161,0.2144,0.216,621291.62
1741989600,0.2159,0.2171,0.2152,0.2169,201806.66
1741993200,0.2167,0.2168,0.2145,0.2146,67212.1
1741996800,0.215,0.2151,0.2139,0.2143,520383.47
1742000400,0.2145,0.2153,0.2138,0.215,58950.02
1742004000,0.2148,0.216,0.2142,0.2159,332183.4
1742007600,0.2159,0.2179,0.2158,0.2173,37782.92
1742011200,0.2174,0.2181,0.2166,0.2177,68484.01
1742014800,0.2178,0.2186,0.2175,0.2184,117809.29
1742018400,0.2183,0.2183,0.2164,0.2168,70420.19
1742022000,0.2169,0.217,0.215,0.2154,35837.23
1742025600,0.2152,0.2164,0.2144,0.2163,122082.72
1742029200,0.2163,0.2166,0.215,0.2166,34742.25
1742032800,0.2161,0.2164,0.2156,0.2161,47103.84
1742036400,0.2159,0.2169,0.2157,0.2166,40140.34
1742040000,0.2167,0.217,0.2158,0.2159,69065.77
1742043600,0.2162,0.2174,0.2158,0.2174,31424.22
1742047200,0.2172,0.2174,0.2148,0.2149,146025.85
1742050800,0.2151,0.216,0.215,0.2158,385163.88
1742054400,0.2157,0.2178,0.215,0.2176,154006.78
1742058000,0.2176,0.2182,0.2168,0.2172,65218.76
1742061600,0.2174,0.2184,0.2163,0.2175,95928.23
1742065200,0.2172,0.2173,0.2163,0.2167,93071.28
1742068800,0.2168,0.2178,0.2165,0.217,139282.65
1742072400,0.2169,0.2192,0.2169,0.2186,231723.92
1742076000,0.2188,0.2195,0.2176,0.2186,197360.34
1742079600,0.2185,0.2192,0.2179,0.2189,97242.83
1742083200,0.2188,0.2197,0.2176,0.2183,201015.79
1742086800,0.2183,0.2187,0.2156,0.2165,307429.25
1742090400,0.2163,0.2168,0.2152,0.2159,93979.64
1742094000,0.2162,0.2183,0.2162,0.2173,132644.36
1742097600,0.2175,0.2182,0.2172,0.2178,92509.31
1742101200,0.2176,0.2192,0.2176,0.2192,57657.21
1742104800,0.2194,0.2195,0.2184,0.2194,62795.67
1742108400,0.2191,0.2192,0.2179,0.2186,77764.17
1742112000,0.2191,0.2192,0.2175,0.2188,23010.97
1742115600,0.2186,0.2186,0.2154,0.216,139977.76
1742119200,0.2162,0.2176,0.215,0.2151,147127.52
1742122800,0.2148,0.2148,0.2107,0.2111,341446.46
1742126400,0.2111,0.2127,0.2111,0.2115,120554.03
1742130000,0.2123,0.2127,0.2091,0.2093,244519.85
1742133600,0.2096,0.2127,0.2096,0.2127,285024.3
1742137200,0.2124,0.2132,0.2108,0.2121,214602.45
1742140800,0.212,0.2157,0.2115,0.2129,153395.86
1742144400,0.2134,0.2146,0.2108,0.2116,911940.48
1742148000,0.2113,0.2137,0.2091,0.2097,851368.08
1742151600,0.2097,0.2098,0.2069,0.2079,111016.87
1742155200,0.2081,0.2086,0.2072,0.2086,241225.66
1742158800,0.2088,0.2099,0.2085,0.2093,98119.99
1742162400,0.2096,0.2103,0.2083,0.2087,773938.97
1742166000,0.2088,0.2099,0.2081,0.2099,32379.5
1742169600,0.2098,0.2118,0.2093,0.2116,98253.16
1742173200,0.2113,0.2155,0.211,0.2142,109384.98
1742176800,0.2147,0.216,0.2144,0.2159,161498.11
1742180400,0.2156,0.2159,0.2147,0.2157,51610.34
1742184000,0.2159,0.2161,0.2151,0.2155,77268.68
1742187600,0.2156,0.2157,0.2146,0.2146,37175.26
1742191200,0.2145,0.2155,0.2129,0.2155,25774.91
1742194800,0.2159,0.2164,0.2153,0.2164,76271.72
1742198400,0.2161,0.2168,0.2156,0.2165,57082.89
1742202000,0.2166,0.2182,0.2163,0.2173,114220.47
1742205600,0.2175,0.2178,0.2166,0.2172,29182.24
1742209200,0.2167,0.218,0.2164,0.2173,83147.38
1742212800,0.2172,0.2203,0.2157,0.2161,491423.5
1742216400,0.216,0.2171,0.2141,0.2153,150495.18
1742220000,0.2149,0.2164,0.2131,0.2139,350638.2
1742223600,0.214,0.2149,0.2119,0.2146,436785.78
1742227200,0.2142,0.2155,0.2124,0.2131,51113.01
1742230800,0.2129,0.2151,0.2127,0.2146,103052.76
1742234400,0.2146,0.2171,0.2142,0.2169,173526.31
1742238000,0.2169,0.2176,0.2155,0.2163,396371.74
1742241600,0.216,0.217,0.2157,0.2159,133107.52
1742245200,0.2164,0.2171,0.2157,0.2168,18337.57
1742248800,0.2165,0.2169,0.215,0.2157,148028.38
1742252400,0.2149,0.2149,0.2136,0.2146,77369.22
1742256000,0.2144,0.2147,0.2129,0.2137,113183.11
1742259600,0.2141,0.2141,0.2103,0.2107,139485.4
1742263200,0.2106,0.2122,0.2105,0.2118,210457.98
1742266800,0.2113,0.2114,0.2091,0.2099,134570.56
1742270400,0.2099,0.2107,0.2097,0.2102,101921.16
1742274000,0.2105,0.2116,0.21,0.2113,139810.5
1742277600,0.2113,0.2113,0.2082,0.2099,172555.05
1742281200,0.2109,0.212,0.2109,0.2114,167810.34
1742284800,0.2115,0.2121,0.21,0.211,70605.84
1742288400,0.2109,0.2111,0.2094,0.2094,81917.13
1742292000,0.2096,0.2104,0.2076,0.2081,380785.04
1742295600,0.2084,0.2091,0.2071,0.2077,139064.25
1742299200,0.2073,0.2083,0.2053,0.2061,352487.5
1742302800,0.2064,0.2072,0.2034,0.2041,523758.84
1742306400,0.2039,0.2065,0.2029,0.2059,190328.8
1742310000,0.2055,0.2069,0.2047,0.2047,63372.84
1742313600,0.2051,0.2063,0.2033,0.2047,91791.17
1742317200,0.2047,0.2053,0.2036,0.2041,121120.19
1742320800,0.2041,0.2058,0.2034,0.2054,104350.92
1742324400,0.2054,0.2077,0.2053,0.2076,265793.06
1742328000,0.2077,0.2086,0.207,0.2081,142581.98
1742331600,0.2081,0.2095,0.208,0.2094,90278.63
1742335200,0.2098,0.2117,0.2092,0.2116,179754.41
1742338800,0.2113,0.2123,0.2113,0.2121,36603.43
1742342400,0.2118,0.2139,0.2114,0.213,57191.5
1742346000,0.2133,0.2139,0.2105,0.2105,112467.06
1742349600,0.2107,0.2116,0.2101,0.2115,40435.54
1742353200,0.2117,0.2131,0.2112,0.2131,27155.18
1742356800,0.2132,0.2137,0.2125,0.2126,13083.65
1742360400,0.2121,0.213,0.2121,0.213,24303.35
1742364000,0.2122,0.2125,0.2118,0.2123,10695.25
1742367600,0.2121,0.2122,0.2101,0.2101,46832.62
1742371200,0.2109,0.2128,0.2107,0.2119,85313.13
1742374800,0.212,0.2124,0.2113,0.2117,18351.21
1742378400,0.212,0.2149,0.2113,0.2131,133898.64
1742382000,0.2133,0.2179,0.2129,0.217,361567.71
1742385600,0.217,0.217,0.2145,0.2156,130504.34
1742389200,0.2155,0.2185,0.2151,0.2165,492296.18
1742392800,0.2167,0.218,0.2152,0.2166,263593.56
1742396400,0.2168,0.2173,0.2157,0.2167,86312.11
1742400000,0.2168,0.2168,0.2152,0.2158,209005.48
1742403600,0.2156,0.2161,0.2134,0.2141,394925.33
1742407200,0.214,0.2172,0.2128,0.217,478563.5
1742410800,0.2168,0.218,0.2149,0.2157,421367.14
1742414400,0.2155,0.2176,0.2155,0.2158,274808.61
1742418000,0.2163,0.2172,0.2163,0.2168,42627.15
1742421600,0.217,0.2213,0.217,0.2203,960085.48
1742425200,0.22,0.2206,0.2193,0.2203,315588.04
1742428800,0.2204,0.221,0.2181,0.2182,90257.92
1742432400,0.2185,0.2185,0.2164,0.2173,100144.43
1742436000,0.2177,0.2183,0.2169,0.2182,95157.73
1742439600,0.2183,0.2187,0.2178,0.2179,124486.89
1742443200,0.2175,0.2183,0.2171,0.2179,85163.16
1742446800,0.2178,0.2178,0.217,0.2177,25514.88
1742450400,0.2181,0.2183,0.2167,0.2176,31716.62
1742454000,0.2174,0.218,0.2169,0.2177,40278.73
1742457600,0.2172,0.2192,0.2171,0.219,62333.07
1742461200,0.2188,0.2188,0.2171,0.2171,70803.11
1742464800,0.2167,0.2167,0.2128,0.2136,197392.64
1742468400,0.2137,0.2138,0.2127,0.2132,125427.6
1742472000,0.2132,0.2135,0.2122,0.2133,80855
1742475600,0.2133,0.214,0.2125,0.2135,91000.23
1742479200,0.2143,0.2163,0.2139,0.2153,405701.99
1742482800,0.2151,0.2154,0.212,0.2125,133330.22
1742486400,0.2126,0.2131,0.2093,0.2098,146146.94
1742490000,0.2095,0.2115,0.2095,0.2109,72279.27
1742493600,0.2113,0.2117,0.2107,0.2107,45295.19
1742497200,0.211,0.2121,0.2105,0.2117,212122.76
1742500800,0.2117,0.2125,0.2117,0.2125,32306.91
1742504400,0.2127,0.2129,0.2115,0.2115,152666.83
1742508000,0.2112,0.2113,0.2099,0.2107,322410.61
1742511600,0.2107,0.2118,0.2105,0.2118,136644.01
1742515200,0.2118,0.213,0.2115,0.2129,20010.73
1742518800,0.2127,0.2136,0.2121,0.2132,90900.86
1742522400,0.2136,0.2136,0.212,0.212,22142.52
1742526000,0.2123,0.2123,0.2107,0.211,131499.78
1742529600,0.2109,0.2122,0.2109,0.2119,557457.66
1742533200,0.2119,0.2119,0.2099,0.2106,1531751.57
1742536800,0.2106,0.2106,0.2096,0.2105,1073780.38
1742540400,0.2105,0.2105,0.2095,0.2103,43045.57
1742544000,0.2102,0.2114,0.208,0.2092,355159.06
1742547600,0.2093,0.2098,0.2081,0.2088,64379.3
1742551200,0.2092,0.2092,0.2057,0.2073,199594.56
1742554800,0.2069,0.2069,0.2058,0.2067,96828.3
1742558400,0.2066,0.2069,0.2041,0.2041,137140.02
1742562000,0.2043,0.2065,0.2038,0.2063,253805.32
1742565600,0.2064,0.2069,0.2051,0.2061,102013.42
1742569200,0.206,0.206,0.2048,0.2051,180839.21
1742572800,0.2045,0.2066,0.2045,0.2066,35764.67
1742576400,0.2062,0.2075,0.2059,0.2074,25732.06
1742580000,0.2071,0.2087,0.2065,0.2074,487131.28
1742583600,0.2072,0.2074,0.2056,0.2057,284929.1
1742587200,0.2056,0.2066,0.2049,0.2065,783637.5
1742590800,0.2064,0.2076,0.2062,0.2065,186575.77
1742594400,0.2062,0.2062,0.2049,0.2059,211278.24
1742598000,0.2059,0.2061,0.2051,0.2059,204644.82
1742601600,0.2062,0.207,0.2056,0.2068,37967.14
1742605200,0.2071,0.2078,0.2064,0.2066,55302.85
1742608800,0.2062,0.2071,0.206,0.2068,50966.11
1742612400,0.2069,0.2081,0.2067,0.2081,36269.91
1742616000,0.208,0.2089,0.2077,0.2088,233153.53
1742619600,0.2088,0.2096,0.2082,0.2096,53724.96
1742623200,0.2099,0.2105,0.2093,0.2102,31198.48
1742626800,0.2102,0.2111,0.2102,0.2108,18856.53
1742630400,0.2112,0.212,0.2108,0.2117,31184.67
1742634000,0.2119,0.213,0.2114,0.2115,41053.65
1742637600,0.2115,0.2116,0.211,0.2116,36845.58
1742641200,0.2114,0.2115,0.21,0.21,45649.53
1742644800,0.2103,0.2106,0.2094,0.2103,94905.26
1742648400,0.2104,0.2104,0.2085,0.2088,63789.68
1742652000,0.2091,0.2096,0.2082,0.2089,82164.64
1742655600,0.2086,0.21,0.2086,0.21,107399.91
1742659200,0.2099,0.2109,0.2097,0.2108,40033.45
1742662800,0.2112,0.2118,0.2106,0.2107,55466.59
1742666400,0.2108,0.2112,0.2103,0.2104,69532.71
1742670000,0.2106,0.2107,0.21,0.2107,60499.31
1742673600,0.2106,0.211,0.2098,0.2098,33213.99
1742677200,0.2099,0.2108,0.2086,0.2091,97201.39
1742680800,0.2097,0.21,0.2092,0.2092,129570.77
1742684400,0.209,0.2095,0.2078,0.2095,237823.79
1742688000,0.2093,0.21,0.209,0.2097,119087.43
1742691600,0.2097,0.2104,0.2092,0.21,108398.51
1742695200,0.2099,0.2116,0.2098,0.2113,60858.78
1742698800,0.2114,0.2123,0.2107,0.2123,45518.13
1742702400,0.212,0.212,0.2109,0.2109,30760.16
1742706000,0.211,0.2112,0.2099,0.2111,16202.34
1742709600,0.211,0.2123,0.2105,0.2119,70715.54
1742713200,0.2117,0.212,0.2113,0.2119,32427.67
1742716800,0.2118,0.2131,0.2117,0.2119,142206.92
1742720400,0.212,0.2124,0.2117,0.2121,5043.3
1742724000,0.2123,0.2129,0.2121,0.2123,139331.37
1742727600,0.2124,0.2136,0.212,0.2123,198438.01
1742731200,0.2123,0.2126,0.2112,0.2115,147343.07
1742734800,0.2119,0.2132,0.2106,0.2131,96643.74
1742738400,0.2129,0.2133,0.211,0.211,276230.57
1742742000,0.2108,0.2116,0.2102,0.2107,128763.43
1742745600,0.2109,0.211,0.2093,0.21,194466.57
1742749200,0.2103,0.2104,0.208,0.2091,134842.43
1742752800,0.2089,0.2095,0.2084,0.2092,52224.46
1742756400,0.2091,0.2106,0.209,0.2104,12583.5
1742760000,0.2103,0.212,0.2103,0.2112,81144.96
1742763600,0.2112,0.2118,0.2111,0.2118,197266.2
1742767200,0.2116,0.2132,0.2113,0.2121,100394.69
1742770800,0.2122,0.213,0.212,0.2129,66240.46
1742774400,0.2127,0.2143,0.2123,0.2125,180114.59
1742778000,0.2122,0.2122,0.21,0.21,188413.4
1742781600,0.2103,0.2109,0.2101,0.2108,20286.84
1742785200,0.2105,0.2132,0.2103,0.213,122995.74
1742788800,0.2131,0.2155,0.2131,0.2153,116594.14
1742792400,0.2157,0.2171,0.2157,0.2162,352445.62
1742796000,0.2162,0.2197,0.2162,0.2195,390388.51
1742799600,0.2192,0.2198,0.2178,0.218,377031.14
1742803200,0.219,0.221,0.2187,0.2204,214503.3
1742806800,0.2205,0.2205,0.2184,0.2188,119784.06
1742810400,0.2186,0.2201,0.2185,0.2193,56251.09
1742814000,0.2195,0.2196,0.2185,0.2187,108879.23
1742817600,0.2185,0.2205,0.2185,0.2188,139468.05
1742821200,0.2186,0.2191,0.217,0.2188,153884.51
1742824800,0.2187,0.2225,0.2186,0.2186,383268.95
1742828400,0.2186,0.2203,0.2184,0.2201,166863.67
1742832000,0.2198,0.2202,0.218,0.2187,74224.66
1742835600,0.219,0.2209,0.219,0.2202,209977.75
1742839200,0.2203,0.2207,0.2191,0.2205,151274.96
1742842800,0.2206,0.2215,0.2201,0.2214,435082.22
1742846400,0.2211,0.222,0.2203,0.2205,64788.32
1742850000,0.2206,0.2213,0.2201,0.2213,140587.26
1742853600,0.2213,0.2218,0.2194,0.2194,207176.21
1742857200,0.2198,0.2199,0.2179,0.2195,95114.5
1742860800,0.2196,0.221,0.219,0.2207,190501.76
1742864400,0.2204,0.2204,0.2175,0.2186,141114.05
1742868000,0.2184,0.2196,0.2179,0.2188,56407.99
1742871600,0.2189,0.2193,0.2171,0.2174,347663.3
1742875200,0.2172,0.2183,0.2167,0.2178,38623.08
1742878800,0.2178,0.2195,0.2177,0.219,185582.83
1742882400,0.2188,0.2201,0.2186,0.2195,125187.38
1742886000,0.2204,0.2209,0.219,0.2197,85285.3
1742889600,0.2196,0.2236,0.2196,0.2219,266509.81
1742893200,0.2222,0.2228,0.2213,0.222,101925.34
1742896800,0.222,0.2221,0.2208,0.2218,53251.72
1742900400,0.222,0.2248,0.2217,0.2235,263797.78
1742904000,0.2236,0.2261,0.2231,0.2238,602959.83
1742907600,0.2238,0.2272,0.2233,0.2242,457399.07
1742911200,0.2237,0.2249,0.2229,0.2244,207748.77
1742914800,0.2246,0.2251,0.2235,0.224,165938.06
1742918400,0.2242,0.2278,0.2237,0.2259,821672.17
1742922000,0.2257,0.2273,0.2253,0.2271,238402.23
1742925600,0.2271,0.2278,0.2245,0.2256,264639.52
1742929200,0.226,0.228,0.2256,0.2278,323111.3
1742932800,0.2278,0.2297,0.2271,0.2274,415529.22
1742936400,0.2274,0.2293,0.2273,0.2281,165627.12
1742940000,0.2281,0.2296,0.2278,0.2294,262256.05
1742943600,0.2292,0.2293,0.2271,0.229,232061.14
1742947200,0.2291,0.2326,0.2283,0.2309,568300.32
1742950800,0.231,0.2344,0.2307,0.234,855019.62
1742954400,0.2341,0.2342,0.2293,0.2298,475815.17
1742958000,0.2299,0.2309,0.2297,0.2299,92378.64
1742961600,0.23,0.2362,0.23,0.2362,1036301.23
1742965200,0.2362,0.2394,0.2347,0.2391,617707.61
1742968800,0.2392,0.2451,0.2385,0.2433,1364048.19
1742972400,0.2433,0.2445,0.2424,0.2427,692055.71
1742976000,0.2427,0.2445,0.242,0.2431,344652.47
1742979600,0.2429,0.2462,0.2429,0.2437,365792.54
1742983200,0.2438,0.246,0.2432,0.2455,468191.55
1742986800,0.2455,0.2468,0.2447,0.2463,301639.76
1742990400,0.2463,0.2464,0.2393,0.2397,603109.98
1742994000,0.2397,0.2403,0.2333,0.2345,1223067.07
1742997600,0.2338,0.2359,0.2306,0.2322,978992.3
1743001200,0.2321,0.2354,0.2321,0.2333,946245.85
1743004800,0.2332,0.2369,0.2327,0.2347,256796.27
1743008400,0.2349,0.2355,0.2314,0.2315,509141.73
1743012000,0.2318,0.2332,0.2308,0.2312,637467.2
1743015600,0.2314,0.235,0.2294,0.2346,478436.03
1743019200,0.2344,0.2369,0.2342,0.2355,1083638.03
1743022800,0.2356,0.2364,0.2334,0.2363,563396.66
1743026400,0.2363,0.2363,0.2333,0.2334,338505.63
1743030000,0.2334,0.2336,0.2313,0.2326,161302.05
1743033600,0.2326,0.2351,0.2318,0.2349,226959.41
1743037200,0.2348,0.2363,0.234,0.2355,2032329.91
1743040800,0.2354,0.2369,0.2354,0.2363,355242.23
1743044400,0.2364,0.2383,0.2362,0.2376,605071.88
1743048000,0.2383,0.2427,0.2383,0.2426,1143080.12
1743051600,0.2426,0.2429,0.2391,0.2393,425331.9
1743055200,0.2394,0.2406,0.2377,0.2383,407462.18
1743058800,0.2383,0.2392,0.2379,0.2387,587453.18
1743062400,0.2388,0.2414,0.2384,0.2396,711443.32
1743066000,0.2394,0.2397,0.2348,0.2354,667383.45
1743069600,0.2355,0.2364,0.2333,0.234,455423.18
1743073200,0.2344,0.2347,0.2311,0.2317,520716.57
1743076800,0.2314,0.2336,0.2308,0.2325,252175.05
1743080400,0.2325,0.2337,0.2297,0.2319,268330.29
1743084000,0.2325,0.2354,0.2308,0.2354,385732.93
1743087600,0.2354,0.2365,0.2334,0.2348,845616.33
1743091200,0.2348,0.2367,0.2335,0.2335,798888.72
1743094800,0.2335,0.2341,0.2308,0.2311,512124.98
1743098400,0.2311,0.2335,0.2307,0.2325,158643.44
1743102000,0.2325,0.2332,0.2314,0.2318,444661.03
1743105600,0.232,0.2328,0.231,0.2321,295817.8
1743109200,0.2321,0.2336,0.2309,0.2334,365564.73
1743112800,0.2331,0.2335,0.2324,0.2329,133229.2
1743116400,0.2327,0.2329,0.2306,0.231,641921.48
1743120000,0.2309,0.2313,0.2256,0.228,993455.42
1743123600,0.2277,0.2296,0.2264,0.2282,710682.69
1743127200,0.2283,0.2286,0.2272,0.228,252307.69
1743130800,0.228,0.2282,0.2253,0.226,294230.52
1743134400,0.2259,0.2261,0.2193,0.2203,870044.95
1743138000,0.22,0.2205,0.2158,0.2161,1030917.43
1743141600,0.2155,0.217,0.2146,0.2146,561723.72
1743145200,0.2148,0.2157,0.2137,0.2141,371515.93
1743148800,0.214,0.215,0.2136,0.214,640482.3
1743152400,0.2139,0.2144,0.2127,0.2134,188739.64
1743156000,0.2136,0.2142,0.212,0.2121,200787.1
1743159600,0.2122,0.2138,0.2115,0.2135,417218.39
1743163200,0.2134,0.2142,0.2116,0.2116,246128.73
1743166800,0.2116,0.2134,0.2101,0.2108,324177.24
1743170400,0.2107,0.2116,0.2091,0.2105,1203495.07
1743174000,0.2105,0.2113,0.2095,0.2097,165962.5
1743177600,0.2097,0.2104,0.2075,0.2076,537580.32
1743181200,0.2075,0.2094,0.2074,0.2094,388036.22
1743184800,0.2093,0.21,0.2083,0.2093,131953.4
1743188400,0.2094,0.2107,0.2079,0.2083,2472878.99
1743192000,0.2083,0.2114,0.2083,0.2099,295841.49
1743195600,0.2094,0.2114,0.209,0.2112,242891.92
1743199200,0.2114,0.2134,0.2114,0.2133,40619.42
1743202800,0.2131,0.2132,0.2117,0.2126,229329.89
1743206400,0.2123,0.2132,0.2112,0.2116,295152.58
1743210000,0.2117,0.2122,0.2111,0.2116,27189.33
1743213600,0.2118,0.2118,0.2087,0.2087,202887.41
1743217200,0.2086,0.2101,0.2076,0.2095,1930301.4
1743220800,0.2094,0.2102,0.2086,0.2092,38837.9
1743224400,0.2091,0.2091,0.2075,0.208,199084.9
1743228000,0.2081,0.2081,0.2059,0.2064,1087665.74
1743231600,0.2063,0.2065,0.2042,0.2053,324496.12
1743235200,0.2049,0.2058,0.2045,0.2052,902522.54
1743238800,0.2048,0.2053,0.2021,0.2043,672970.72
1743242400,0.2041,0.2043,0.2029,0.2036,267554.36
1743246000,0.2036,0.2039,0.2004,0.2016,475532.08
1743249600,0.2018,0.2036,0.2011,0.2035,262485.77
1743253200,0.2033,0.2049,0.2033,0.2046,198754.59
1743256800,0.2043,0.2043,0.2016,0.2016,237614.07
1743260400,0.2017,0.2031,0.2009,0.2016,262459.83
1743264000,0.2016,0.2021,0.1992,0.1999,705968.55
1743267600,0.1997,0.201,0.1975,0.1999,534054.64
1743271200,0.1997,0.2009,0.1992,0.1995,264344.02
1743274800,0.1995,0.2005,0.1985,0.2005,391377.83
1743278400,0.2005,0.2016,0.1993,0.1998,560787.93
1743282000,0.2001,0.2026,0.1996,0.2021,1028192.18
1743285600,0.2021,0.2027,0.2011,0.2015,222633.27
1743289200,0.2014,0.2028,0.2011,0.2025,406580.68
1743292800,0.2024,0.2028,0.2,0.2016,422673.36
1743296400,0.2022,0.2046,0.2022,0.2039,676886.18
1743300000,0.2037,0.2069,0.2037,0.2059,443581.29
1743303600,0.2058,0.2065,0.2042,0.2043,60457.47
1743307200,0.2051,0.2069,0.205,0.2063,173382.78
1743310800,0.2066,0.2069,0.2042,0.2042,581397.78
1743314400,0.2047,0.2053,0.2038,0.2048,128034.2
1743318000,0.2047,0.2053,0.2043,0.2049,39285.83
1743321600,0.2051,0.2061,0.2051,0.206,143341.62
1743325200,0.2061,0.2064,0.2053,0.2062,84775.66
1743328800,0.2062,0.2063,0.2035,0.2035,143170.45
1743332400,0.2035,0.2054,0.2035,0.2045,92692.37
1743336000,0.2045,0.2054,0.2039,0.2043,73292.66
1743339600,0.2044,0.2052,0.2016,0.2029,750720.09
1743343200,0.2026,0.2044,0.202,0.2035,781051.7
1743346800,0.2035,0.2045,0.2022,0.2023,241560.38
1743350400,0.2025,0.2032,0.2002,0.2012,408750.02
1743354000,0.2012,0.2023,0.2004,0.202,59318.93
1743357600,0.2021,0.2048,0.2021,0.2048,131683.13
1743361200,0.2048,0.2054,0.2041,0.2041,120069.83
1743364800,0.2041,0.2046,0.2028,0.2039,181603.68
1743368400,0.2039,0.2053,0.2026,0.203,136055.43
1743372000,0.2025,0.2047,0.2006,0.2036,94193.09
1743375600,0.2037,0.2051,0.2028,0.204,332804.21
1743379200,0.204,0.205,0.2013,0.2023,223882.22
1743382800,0.2021,0.2054,0.2021,0.2049,333786.72
1743386400,0.2051,0.2052,0.2034,0.2041,97566.02
1743390000,0.204,0.2044,0.2012,0.2016,64330.02
1743393600,0.2017,0.2027,0.201,0.2027,164164.99
1743397200,0.2027,0.2046,0.2027,0.2041,55972.49
1743400800,0.2048,0.2051,0.2032,0.2032,317482.59
1743404400,0.2038,0.2041,0.2004,0.2015,174698.71
1743408000,0.2018,0.2025,0.2008,0.2008,71170.08
1743411600,0.2008,0.2019,0.1996,0.2005,162296.09
1743415200,0.2004,0.2031,0.1997,0.2026,215793.68
1743418800,0.2026,0.2037,0.2021,0.2028,349580.24
1743422400,0.203,0.2067,0.2028,0.2045,478678.99
1743426000,0.2044,0.2044,0.2013,0.2037,768966.72
1743429600,0.2041,0.2083,0.2041,0.2074,603204.65
1743433200,0.2076,0.2094,0.207,0.207,634101.27
1743436800,0.2072,0.2083,0.2048,0.2048,279767.11
1743440400,0.2048,0.2062,0.203,0.2037,257959.1
1743444000,0.2039,0.2066,0.203,0.2059,171646.52
1743447600,0.2056,0.206,0.1998,0.2015,2851078.46
1743451200,0.2016,0.2027,0.2002,0.2003,693553.34
1743454800,0.2004,0.2031,0.2002,0.2003,657084.36
1743458400,0.2002,0.202,0.1997,0.202,183380.45
1743462000,0.202,0.2029,0.2016,0.2023,129740.39
1743465600,0.202,0.2035,0.2016,0.2032,188134.03
1743469200,0.2027,0.2028,0.2015,0.2019,225587.23
1743472800,0.202,0.2044,0.2018,0.2041,292049.97
1743476400,0.2042,0.2049,0.2029,0.2034,228046
1743480000,0.2035,0.2039,0.2027,0.2039,138290.16
1743483600,0.2039,0.206,0.2037,0.2044,152168.41
1743487200,0.2043,0.2064,0.2038,0.206,47879.71
1743490800,0.2058,0.2058,0.2039,0.2046,251176.26
1743494400,0.2045,0.2076,0.2044,0.2064,424302.09
1743498000,0.2064,0.2072,0.2053,0.2061,347972.29
1743501600,0.2062,0.2069,0.2042,0.2042,402622.15
1743505200,0.2043,0.2043,0.2028,0.2033,448437.83
1743508800,0.2033,0.2041,0.202,0.2025,324074.65
1743512400,0.2024,0.2041,0.2023,0.2034,307815.03
1743516000,0.2032,0.2041,0.2003,0.2032,899804.6
1743519600,0.2033,0.2061,0.2031,0.2054,823317.6
1743523200,0.2054,0.2058,0.2034,0.2042,312342.58
1743526800,0.2041,0.205,0.2034,0.2034,308004.52
1743530400,0.2035,0.2035,0.2011,0.2018,518911.95
1743534000,0.2017,0.2019,0.1995,0.2,1251582.01
1743537600,0.2002,0.2005,0.1987,0.2002,438648.53
1743541200,0.2,0.2023,0.1996,0.2009,395154.32
1743544800,0.2007,0.2018,0.2003,0.201,361758.83
1743548400,0.2009,0.2028,0.1997,0.2011,444773.14
1743552000,0.201,0.201,0.1986,0.1988,313567.43
1743555600,0.1988,0.1994,0.1968,0.1976,511630.05
1743559200,0.1979,0.198,0.1948,0.196,847277.38
1743562800,0.1958,0.1982,0.1958,0.198,139085.84
1743566400,0.1978,0.1987,0.1974,0.1981,192525.96
1743570000,0.198,0.198,0.1945,0.1945,507283.4
1743573600,0.1946,0.1958,0.1946,0.1948,567634.89
1743577200,0.1943,0.1961,0.194,0.1957,457682.92
1743580800,0.1957,0.1974,0.1946,0.1969,207263.08
1743584400,0.197,0.1989,0.197,0.1977,274137.08
1743588000,0.1978,0.1984,0.196,0.1967,353388.27
1743591600,0.1966,0.197,0.1953,0.1954,80585.15
1743595200,0.1953,0.1969,0.1947,0.1969,258966.43
1743598800,0.1963,0.1985,0.1946,0.196,280990.13
1743602400,0.1958,0.1969,0.1946,0.1964,432208.93
1743606000,0.1964,0.1999,0.1963,0.1972,551425.61
1743609600,0.1974,0.1992,0.1969,0.197,345723.26
1743613200,0.1972,0.198,0.1943,0.1956,570204.26
1743616800,0.1956,0.197,0.1947,0.1966,231736.02
1743620400,0.1967,0.1969,0.1955,0.1967,206081.93
1743624000,0.1959,0.2002,0.1913,0.1946,3318671.35
1743627600,0.1946,0.1947,0.1903,0.1913,843632.64
1743631200,0.1914,0.1914,0.1831,0.184,3336262.94
1743634800,0.1837,0.1863,0.1821,0.1857,757994.6
1743638400,0.1857,0.1893,0.1852,0.1892,254640.81
1743642000,0.1892,0.1903,0.1886,0.19,181085.36
1743645600,0.19,0.1901,0.1887,0.19,109155.16
1743649200,0.19,0.1906,0.1875,0.1878,636245.92
1743652800,0.1878,0.1889,0.1873,0.1886,218577.72
1743656400,0.1886,0.1888,0.1872,0.1875,131932.32
1743660000,0.1873,0.1882,0.186,0.1862,170374.69
1743663600,0.1862,0.1863,0.1837,0.1849,310958.15
1743667200,0.185,0.1857,0.1845,0.1855,72470.04
1743670800,0.1856,0.1867,0.1847,0.185,546000.49
1743674400,0.185,0.186,0.1818,0.1819,278504.26
1743678000,0.1818,0.1829,0.1806,0.1828,601930.01
1743681600,0.1828,0.1833,0.1782,0.1785,1411715.67
1743685200,0.1787,0.1828,0.1784,0.1827,531086.01
1743688800,0.1825,0.1825,0.1793,0.1797,399190.34
1743692400,0.1796,0.1831,0.1796,0.183,514311.15
1743696000,0.1828,0.1841,0.1827,0.1835,308053.55
1743699600,0.1836,0.1877,0.1833,0.1855,642584.97
1743703200,0.1859,0.1886,0.1851,0.1871,224239.46
1743706800,0.1872,0.1882,0.1868,0.1876,107269.02
1743710400,0.1877,0.1892,0.1872,0.1889,312404.91
1743714000,0.1889,0.1903,0.1882,0.19,297325.51
1743717600,0.19,0.1903,0.1889,0.1899,87014.86
1743721200,0.1899,0.1902,0.1887,0.1894,76972.32
1743724800,0.1897,0.1902,0.1886,0.1886,174698.22
1743728400,0.1889,0.1898,0.1878,0.1878,71057.34
1743732000,0.1882,0.1905,0.1882,0.1901,279485.95
1743735600,0.1903,0.1903,0.1886,0.1893,77806.86
1743739200,0.1895,0.1899,0.1887,0.1891,145632.27
1743742800,0.1894,0.1912,0.1886,0.1904,305560.74
1743746400,0.1908,0.1909,0.1899,0.1899,107398.67
1743750000,0.19,0.1917,0.1896,0.1903,620815.91
1743753600,0.1905,0.1916,0.1901,0.1903,146389.73
1743757200,0.1903,0.1913,0.1897,0.1908,264775.06
1743760800,0.1909,0.1913,0.1868,0.1869,320061.18
1743764400,0.1876,0.1885,0.1862,0.1885,352733.22
1743768000,0.1885,0.1917,0.1881,0.1906,786904.13
1743771600,0.1909,0.1921,0.1888,0.1911,321972.26
1743775200,0.191,0.1916,0.1886,0.1897,273956.46
1743778800,0.1895,0.1928,0.1893,0.1898,875475.39
1743782400,0.1899,0.1906,0.1889,0.1899,326873.18
1743786000,0.1898,0.1923,0.1888,0.1914,283834.8
1743789600,0.1914,0.1917,0.1901,0.1902,53107.95
1743793200,0.1901,0.1909,0.1897,0.1901,258434.94
1743796800,0.1902,0.1916,0.1895,0.1913,82860.3
1743800400,0.191,0.192,0.1905,0.192,253393.54
1743804000,0.1917,0.1919,0.1903,0.1905,81574.62
1743807600,0.1903,0.1907,0.1899,0.1907,97155.24
1743811200,0.1906,0.1907,0.1897,0.1902,156853.09
1743814800,0.1903,0.1908,0.1899,0.1899,41160.12
1743818400,0.1899,0.1901,0.1891,0.1899,69713.35
1743822000,0.1898,0.1901,0.1888,0.1899,215665.21
1743825600,0.19,0.1904,0.1889,0.1891,35345.55
1743829200,0.1891,0.1902,0.1891,0.1894,22697.89
1743832800,0.1895,0.1902,0.1891,0.1902,275405.93
1743836400,0.19,0.1907,0.1897,0.1905,65052.69
1743840000,0.1905,0.191,0.19,0.1904,66760.66
1743843600,0.1904,0.1912,0.1904,0.1905,150597.94
1743847200,0.1906,0.1906,0.1896,0.1896,44964.22
1743850800,0.1895,0.19,0.1893,0.1893,54034.37
1743854400,0.1893,0.1894,0.1871,0.188,76186.78
1743858000,0.188,0.1881,0.1863,0.1869,245086.27
1743861600,0.1872,0.1885,0.1871,0.1883,77574.2
1743865200,0.1882,0.1882,0.1863,0.1867,138425.75
1743868800,0.1868,0.1876,0.1867,0.187,139194.5
1743872400,0.1868,0.1878,0.1866,0.1874,153577.05
1743876000,0.1872,0.1879,0.187,0.1878,101795.33
1743879600,0.1876,0.188,0.1865,0.1868,94353.31
1743883200,0.1867,0.1877,0.1859,0.1868,170955.34
1743886800,0.1868,0.1872,0.1862,0.1867,72625.38
1743890400,0.1867,0.1875,0.1867,0.1874,167501.68
1743894000,0.1874,0.1879,0.187,0.1874,143818.38
1743897600,0.1875,0.1882,0.1869,0.1876,25785.41
1743901200,0.1877,0.1882,0.1873,0.1876,14454.46
1743904800,0.1877,0.1879,0.1859,0.186,158410.33
1743908400,0.1861,0.1867,0.1849,0.1864,501676.77
1743912000,0.1863,0.1864,0.1858,0.1862,159051.99
1743915600,0.1864,0.1874,0.1864,0.1874,102040.23
1743919200,0.1873,0.1874,0.1861,0.1861,28149.24
1743922800,0.1861,0.1861,0.1853,0.1856,79635.2
1743926400,0.1853,0.1855,0.1844,0.1853,38683.44
1743930000,0.1853,0.186,0.1852,0.1856,57302.29
1743933600,0.1853,0.1855,0.1845,0.1849,132739.54
1743937200,0.1849,0.1852,0.184,0.1848,145753.71
1743940800,0.1844,0.1848,0.1826,0.1826,249939.46
1743944400,0.1825,0.1828,0.1806,0.1809,550471.6
1743948000,0.1807,0.184,0.1805,0.184,195189.07
1743951600,0.184,0.1846,0.1822,0.1825,352520.33
1743955200,0.182,0.1824,0.1802,0.1803,228486.81
1743958800,0.1803,0.1807,0.1748,0.1753,568395.28
1743962400,0.1752,0.1752,0.1692,0.1704,991101.37
1743966000,0.1704,0.173,0.1701,0.1728,414456.98
1743969600,0.1724,0.173,0.1672,0.1675,390034.25
1743973200,0.1674,0.1705,0.1673,0.1694,420939.57
1743976800,0.1692,0.1713,0.1681,0.1691,1522460.95
1743980400,0.1691,0.172,0.1672,0.1712,966696.6
1743984000,0.1707,0.1711,0.1667,0.168,835183.84
1743987600,0.1689,0.1716,0.1681,0.1706,205722.11
1743991200,0.1705,0.1711,0.1688,0.1692,91855.5
1743994800,0.1693,0.1697,0.1625,0.1643,450144.23
1743998400,0.1646,0.1656,0.1635,0.165,212915.53
1744002000,0.1652,0.1666,0.1638,0.1644,115855.41
1744005600,0.1649,0.1654,0.1518,0.1535,2450140.7
1744009200,0.1534,0.1577,0.1526,0.1557,722142.25
1744012800,0.1556,0.1622,0.1555,0.1608,723762.34
1744016400,0.1608,0.1623,0.159,0.16,1013382.08
1744020000,0.1598,0.1637,0.1598,0.1625,373531.66
1744023600,0.1631,0.1636,0.1607,0.1616,115443.75
1744027200,0.1618,0.167,0.1615,0.1663,1151814.91
1744030800,0.1662,0.1718,0.1628,0.1704,863198.05
1744034400,0.1701,0.1783,0.1689,0.1709,1792781.28
1744038000,0.1714,0.1721,0.1684,0.1713,818241.45
1744041600,0.1708,0.1723,0.1698,0.1701,255949.22
1744045200,0.1698,0.1747,0.1698,0.1741,536759.48
1744048800,0.174,0.174,0.1716,0.1719,363334.55
1744052400,0.1717,0.1732,0.1716,0.1721,393144.04
1744056000,0.1722,0.1755,0.1722,0.1743,85117.17
1744059600,0.1747,0.175,0.173,0.1743,173662.66
1744063200,0.1746,0.1758,0.1743,0.1754,400962.32
1744066800,0.1753,0.1753,0.1732,0.1734,70434.21
1744070400,0.1734,0.1752,0.1733,0.1739,403550.52
1744074000,0.1738,0.1778,0.1735,0.1774,369631
1744077600,0.1775,0.1794,0.1772,0.1781,131586.51
1744081200,0.1782,0.1785,0.1758,0.1762,177610.44
1744084800,0.1766,0.178,0.176,0.1779,148589.33
1744088400,0.178,0.1781,0.1756,0.1763,59538.39
1744092000,0.1763,0.1763,0.1747,0.175,82758.03
1744095600,0.1749,0.1754,0.1731,0.1738,279406.68
1744099200,0.1738,0.1739,0.1723,0.173,140661.27
1744102800,0.173,0.1746,0.1726,0.1737,105958.68
1744106400,0.1738,0.1745,0.1735,0.1736,37838.66
1744110000,0.1737,0.1773,0.1734,0.1773,80703.68
1744113600,0.1775,0.1779,0.1761,0.1772,418734.12
1744117200,0.1771,0.179,0.1765,0.1787,551732.77
1744120800,0.1787,0.1799,0.1754,0.1754,350486.61
1744124400,0.1755,0.1764,0.1744,0.1752,257787.87
1744128000,0.1751,0.1756,0.1696,0.1699,656054.09
1744131600,0.1699,0.17,0.1669,0.1694,466778.25
1744135200,0.1696,0.1713,0.1686,0.1692,316289.58
1744138800,0.1694,0.17,0.1667,0.1669,320201.47
1744142400,0.1672,0.169,0.1668,0.1684,163707.44
1744146000,0.1686,0.1687,0.1665,0.1683,158680.77
1744149600,0.1684,0.1685,0.1653,0.1668,166553.23
1744153200,0.1669,0.1672,0.1659,0.167,135294.94
1744156800,0.1669,0.1687,0.1659,0.1667,87954.2
1744160400,0.1668,0.1677,0.1617,0.1677,297288.21
1744164000,0.1677,0.1695,0.1669,0.167,129457.78
1744167600,0.167,0.1676,0.1655,0.1672,531021.73
1744171200,0.1671,0.1701,0.1669,0.1687,332131.34
1744174800,0.1689,0.1709,0.1687,0.1706,136165.57
1744178400,0.1707,0.1724,0.1706,0.1711,254583.75
1744182000,0.1711,0.1737,0.1711,0.1736,197369.23
1744185600,0.1737,0.1742,0.1729,0.174,39504.9
1744189200,0.174,0.1743,0.173,0.1737,68600.3
1744192800,0.1736,0.174,0.1721,0.1732,292753.56
1744196400,0.1731,0.1731,0.1682,0.1694,327821.29
1744200000,0.1694,0.1698,0.1668,0.1688,183994.71
1744203600,0.1689,0.1722,0.1675,0.1714,240116.57
1744207200,0.1716,0.1728,0.1702,0.1702,140526.27
1744210800,0.1703,0.1725,0.1703,0.1718,152623.06
1744214400,0.1719,0.1746,0.1717,0.1741,263692.07
1744218000,0.1741,0.1859,0.1736,0.1858,1863819.61
1744221600,0.186,0.1876,0.1839,0.1841,530337.34
1744225200,0.1841,0.1868,0.1839,0.1861,244883.06
1744228800,0.1863,0.1882,0.1863,0.1881,483692.93
1744232400,0.188,0.1889,0.1869,0.1877,219873.86
1744236000,0.1876,0.1883,0.1871,0.1873,115563.66
1744239600,0.1874,0.1874,0.1856,0.1868,162705.42
1744243200,0.1867,0.187,0.1843,0.1857,228977.91
1744246800,0.1856,0.1861,0.1848,0.1855,223606.55
1744250400,0.1855,0.1863,0.185,0.1853,97440.71
1744254000,0.1853,0.1858,0.1822,0.1834,170599.36
1744257600,0.1836,0.1839,0.1822,0.1839,32718.99
1744261200,0.184,0.1848,0.1834,0.1841,115111.26
1744264800,0.184,0.1846,0.1829,0.1838,90432.09
1744268400,0.1837,0.184,0.1814,0.1827,67934.42
1744272000,0.1827,0.183,0.1814,0.1823,228070.41
1744275600,0.1823,0.1834,0.1817,0.1822,223382.84
1744279200,0.1821,0.1821,0.1781,0.1788,166034.43
1744282800,0.1788,0.1799,0.1777,0.1794,160862.42
1744286400,0.1794,0.1824,0.1793,0.1805,267894.28
1744290000,0.1806,0.1819,0.1792,0.1803,311973.64
1744293600,0.1803,0.1822,0.1797,0.1811,134171.5
1744297200,0.181,0.1813,0.1754,0.1762,142559.97
1744300800,0.1764,0.1784,0.1754,0.1783,291975.87
1744304400,0.1782,0.179,0.1768,0.1782,265188.04
1744308000,0.1782,0.1791,0.178,0.1786,59788.6
1744311600,0.1786,0.1801,0.1785,0.1791,231237.43
1744315200,0.1792,0.1807,0.1792,0.1804,91769.74
1744318800,0.1803,0.1807,0.1794,0.18,205172.42
1744322400,0.1805,0.1824,0.1802,0.1817,176588.09
1744326000,0.1816,0.1823,0.181,0.1817,156720.6
1744329600,0.1817,0.1827,0.1804,0.1804,288048.61
1744333200,0.1805,0.1837,0.1805,0.1836,131629
1744336800,0.1836,0.1846,0.1828,0.1836,133289.84
1744340400,0.1836,0.1844,0.1832,0.1839,151338
1744344000,0.184,0.1847,0.1837,0.1841,188377.35
1744347600,0.1843,0.1843,0.1832,0.1839,38846.65
1744351200,0.1842,0.1848,0.1838,0.184,63558.47
1744354800,0.1839,0.1841,0.1828,0.1828,70410.73
1744358400,0.183,0.184,0.1821,0.1832,33739.71
1744362000,0.1832,0.1839,0.1822,0.1837,189111.02
1744365600,0.1838,0.1859,0.1829,0.1859,254638.73
1744369200,0.1859,0.1866,0.1834,0.1836,176826.53
1744372800,0.1839,0.1855,0.1831,0.1834,378016.96
1744376400,0.1836,0.1856,0.1832,0.1846,178960.28
1744380000,0.1848,0.1849,0.1827,0.1836,375999.39
1744383600,0.1836,0.1845,0.1832,0.1842,283988.66
1744387200,0.1842,0.1848,0.1834,0.1842,191655.82
1744390800,0.1843,0.1862,0.1842,0.1855,161569.25
1744394400,0.1855,0.1864,0.1843,0.1845,315413.82
1744398000,0.1845,0.1852,0.1839,0.1845,142336.68
1744401600,0.1845,0.1847,0.1839,0.1842,87202.7
1744405200,0.1843,0.1859,0.1841,0.1846,49850.23
1744408800,0.1844,0.1849,0.1838,0.1839,37122.54
1744412400,0.1838,0.1838,0.1814,0.1825,182972.41
1744416000,0.1825,0.1825,0.1815,0.1818,67211.09
1744419600,0.1821,0.1824,0.1813,0.1818,97102.48
1744423200,0.1818,0.1818,0.1808,0.1811,44754.84
1744426800,0.1811,0.1819,0.1809,0.1816,13457.71
1744430400,0.1816,0.1829,0.1812,0.1828,30233.17
1744434000,0.183,0.1839,0.1827,0.1827,232898.58
1744437600,0.1829,0.1839,0.1829,0.1833,63736.7
1744441200,0.1834,0.1843,0.1832,0.1841,116706.26
1744444800,0.184,0.1852,0.1839,0.1842,113310.41
1744448400,0.1842,0.185,0.1838,0.185,35761.02
1744452000,0.1849,0.1849,0.1836,0.1842,149667.74
1744455600,0.1845,0.1859,0.1845,0.1856,72814.99
1744459200,0.1858,0.1885,0.185,0.1882,1280296.07
1744462800,0.1882,0.1916,0.1881,0.1905,500667.67
1744466400,0.1904,0.1925,0.19,0.1908,447085.11
1744470000,0.1911,0.1924,0.19,0.1915,661531.11
1744473600,0.1915,0.1924,0.1897,0.1898,919480.2
1744477200,0.1899,0.1899,0.1879,0.1888,251826.48
1744480800,0.189,0.1903,0.1887,0.1898,201020.34
1744484400,0.1898,0.1898,0.1883,0.1889,201291.1
1744488000,0.1889,0.1903,0.1887,0.1896,177130.43
1744491600,0.1896,0.1904,0.1886,0.1896,251155.72
1744495200,0.1896,0.1908,0.1894,0.19,168456.83
1744498800,0.19,0.1908,0.1897,0.1901,48132.21
1744502400,0.1903,0.1914,0.1895,0.1904,225837.53
1744506000,0.1906,0.1914,0.1891,0.1893,147251.77
1744509600,0.1892,0.1897,0.1884,0.1896,80719.37
1744513200,0.1897,0.1898,0.1889,0.1898,21737
1744516800,0.1896,0.1896,0.1881,0.1884,954486.78
1744520400,0.1884,0.1886,0.1875,0.1882,336114.92
1744524000,0.1882,0.1899,0.1882,0.1895,87613.73
1744527600,0.1894,0.1913,0.1894,0.1906,144406.54
1744531200,0.1907,0.1919,0.1905,0.1912,85707.42
1744534800,0.1912,0.1932,0.1911,0.1932,138110.02
1744538400,0.1933,0.1933,0.1916,0.1924,143165.07
1744542000,0.1925,0.1929,0.1905,0.1909,152272.76
1744545600,0.191,0.1913,0.1898,0.1903,112907.91
1744549200,0.1904,0.1908,0.1856,0.1861,321239.28
1744552800,0.1862,0.187,0.1855,0.1867,112332.82
1744556400,0.1867,0.1871,0.185,0.1862,432565.2
1744560000,0.1863,0.1881,0.1861,0.1877,402035.23
1744563600,0.1879,0.1911,0.1877,0.1905,72916.97
1744567200,0.1903,0.1917,0.1891,0.1891,257934.17
1744570800,0.1893,0.1893,0.1832,0.1856,522226.64
1744574400,0.1856,0.1876,0.1848,0.1856,235671.44
1744578000,0.1856,0.1856,0.1829,0.1848,176956.64
1744581600,0.1848,0.1856,0.1813,0.1817,1186088.35
1744585200,0.1816,0.1828,0.1808,0.1826,162319.41
1744588800,0.1827,0.1861,0.1823,0.184,248588.1
1744592400,0.1841,0.1848,0.1832,0.1836,72316.36
1744596000,0.1836,0.1873,0.1834,0.1855,85343.1
1744599600,0.1857,0.1857,0.1836,0.1839,174759.64
1744603200,0.184,0.186,0.1837,0.1856,141936.6
1744606800,0.1856,0.186,0.1833,0.1839,124727.16
1744610400,0.1839,0.1839,0.1825,0.1827,94772.79
1744614000,0.1826,0.1828,0.18,0.1823,572784.13
1744617600,0.1823,0.183,0.1812,0.1829,513723.97
1744621200,0.1829,0.1832,0.1817,0.1822,192147.88
1744624800,0.1823,0.1858,0.1823,0.1856,218220.67
1744628400,0.1857,0.1868,0.1848,0.1854,163748.95
1744632000,0.1857,0.1861,0.1845,0.1848,329344.24
1744635600,0.185,0.1855,0.1822,0.1833,201456.63
1744639200,0.1835,0.1872,0.1829,0.1863,332539.82
1744642800,0.1861,0.1862,0.1808,0.1812,460660.33
1744646400,0.1812,0.1821,0.1801,0.1811,236549.94
1744650000,0.1812,0.1835,0.1812,0.1831,378796.78
1744653600,0.1831,0.184,0.1829,0.1832,75210.07
1744657200,0.1832,0.1845,0.183,0.1833,32986.65
1744660800,0.1833,0.1841,0.1827,0.1832,85255.81
1744664400,0.1832,0.1836,0.1817,0.1833,149225.07
1744668000,0.1834,0.1836,0.1825,0.1826,45175.35
1744671600,0.1825,0.1833,0.1818,0.1824,370758.48
1744675200,0.1825,0.1831,0.1817,0.1827,275239.17
1744678800,0.1827,0.1834,0.1813,0.1834,28868.87
1744682400,0.1831,0.1833,0.1815,0.1828,180424.84
1744686000,0.1827,0.1838,0.182,0.1836,105030.21
1744689600,0.1837,0.1838,0.1823,0.1836,79277.74
1744693200,0.1837,0.1844,0.1831,0.1839,28735.27
1744696800,0.1834,0.1839,0.183,0.1833,45817.08
1744700400,0.1835,0.1854,0.1835,0.1851,172913.67
1744704000,0.1852,0.186,0.1851,0.1854,33780.7
1744707600,0.1853,0.1867,0.1851,0.1859,420437.05
1744711200,0.1861,0.1861,0.1837,0.1847,144604.74
1744714800,0.1844,0.1848,0.1838,0.1847,84577.19
1744718400,0.1846,0.1854,0.1839,0.1848,271622.03
1744722000,0.185,0.1865,0.1841,0.1841,125986.75
1744725600,0.1845,0.1853,0.1818,0.1829,326642.56
1744729200,0.1831,0.184,0.1821,0.1829,73469.52
1744732800,0.183,0.1834,0.1822,0.1823,159654.43
1744736400,0.1822,0.1826,0.181,0.1814,63007.84
1744740000,0.1814,0.1819,0.1805,0.1811,115569.8
1744743600,0.1812,0.1816,0.1805,0.1811,65269.21
1744747200,0.1811,0.1819,0.1796,0.1801,119916.56
1744750800,0.1802,0.1823,0.1797,0.1821,320490.22
1744754400,0.1818,0.1818,0.1793,0.1798,45530.45
1744758000,0.1798,0.1803,0.1794,0.1797,92128.47
1744761600,0.1798,0.1815,0.179,0.1801,193448.13
1744765200,0.18,0.1829,0.18,0.1826,107899.41
1744768800,0.1828,0.1844,0.1826,0.1838,375164.87
1744772400,0.184,0.184,0.1817,0.1827,61112.47
1744776000,0.1826,0.1828,0.1806,0.1818,136882.98
1744779600,0.1816,0.1824,0.1796,0.1807,89629.53
1744783200,0.1805,0.1813,0.1798,0.1808,43925.8
1744786800,0.1809,0.1811,0.1792,0.1796,87708.73
1744790400,0.1797,0.1821,0.1786,0.181,179701.44
1744794000,0.181,0.1812,0.1797,0.18,13494.2
1744797600,0.18,0.1811,0.1795,0.1809,58981.71
1744801200,0.181,0.1811,0.1795,0.1804,83649.62
1744804800,0.1805,0.181,0.1792,0.1795,75761.51
1744808400,0.1793,0.1803,0.1788,0.1789,103552.65
1744812000,0.179,0.1818,0.179,0.1811,236047.28
1744815600,0.1813,0.1825,0.1801,0.1801,104789.75
1744819200,0.1803,0.1807,0.1781,0.1801,191287.26
1744822800,0.1802,0.1822,0.1756,0.176,781229.6
1744826400,0.1761,0.1802,0.1753,0.1784,474595.17
1744830000,0.1785,0.181,0.1775,0.18,242317.66
1744833600,0.1802,0.181,0.1781,0.1783,148846.75
1744837200,0.1784,0.1805,0.178,0.1802,280969.05
1744840800,0.1802,0.1803,0.1793,0.1798,30455.29
1744844400,0.1797,0.1797,0.1779,0.1785,75455.33
1744848000,0.1786,0.1787,0.1776,0.1784,21335.6
1744851600,0.1785,0.1799,0.178,0.1793,12475.61
1744855200,0.1794,0.1794,0.1782,0.1789,48953.13
1744858800,0.1787,0.1788,0.1774,0.1783,362780.17
1744862400,0.1782,0.1793,0.178,0.1792,25631.34
1744866000,0.1792,0.1805,0.1792,0.18,317501.31
1744869600,0.18,0.1813,0.18,0.1813,66035.97
1744873200,0.1811,0.1819,0.1808,0.1811,93085.27
1744876800,0.1811,0.1814,0.1795,0.1795,185147.75
1744880400,0.1795,0.181,0.1793,0.1804,122131.43
1744884000,0.1804,0.1805,0.1793,0.1801,122502.43
1744887600,0.1802,0.1803,0.1795,0.1797,240371.51
1744891200,0.1798,0.1811,0.1797,0.181,191377.4
1744894800,0.1809,0.1809,0.1797,0.1803,193858.83
1744898400,0.1805,0.1805,0.1779,0.1787,122010
1744902000,0.1787,0.1813,0.1786,0.1806,356478.66
1744905600,0.1806,0.184,0.1802,0.1835,298228.07
1744909200,0.1837,0.1846,0.1834,0.1836,144994.2
1744912800,0.1837,0.1848,0.1835,0.1836,182960.32
1744916400,0.1839,0.1843,0.182,0.1826,192086.33
1744920000,0.1825,0.1842,0.1825,0.1834,49619.68
1744923600,0.1834,0.1838,0.1829,0.1834,29349.6
1744927200,0.1833,0.1837,0.1812,0.1815,208787.02
1744930800,0.1818,0.1825,0.1817,0.1821,96915.37
1744934400,0.1821,0.1828,0.1818,0.182,163546.97
1744938000,0.182,0.1833,0.1819,0.1822,38929.2
1744941600,0.1825,0.1829,0.1816,0.1824,118916.73
1744945200,0.1824,0.1836,0.182,0.1831,129220.38
1744948800,0.1832,0.1845,0.1827,0.1845,44678.16
1744952400,0.1844,0.1847,0.1836,0.1847,123054.73
1744956000,0.1848,0.1856,0.1847,0.1855,91863.63
1744959600,0.1854,0.1874,0.1854,0.1872,103718.25
1744963200,0.1873,0.1888,0.1871,0.1879,35814.31
1744966800,0.1877,0.1877,0.1871,0.1876,96342.14
1744970400,0.1876,0.1879,0.1868,0.187,45484.38
1744974000,0.1871,0.1891,0.1869,0.1888,180850.14
1744977600,0.1887,0.1902,0.1885,0.1895,185813.77
1744981200,0.1891,0.1894,0.1882,0.1893,64929.56
1744984800,0.1894,0.1897,0.1886,0.1891,25476.27
1744988400,0.1893,0.1895,0.1874,0.1876,220551.53
1744992000,0.1877,0.189,0.1876,0.1885,70612.72
1744995600,0.1887,0.1893,0.1882,0.1887,279072.65
1744999200,0.1889,0.1902,0.1883,0.1899,503756.9
1745002800,0.1898,0.1899,0.189,0.1891,15354.63
1745006400,0.1892,0.1909,0.1892,0.1903,157287.28
1745010000,0.1903,0.1903,0.1894,0.1903,133138.35
1745013600,0.1904,0.1907,0.1894,0.1896,228340.5
1745017200,0.1894,0.1894,0.188,0.1885,221362.57
1745020800,0.1883,0.1911,0.1883,0.1901,305158.09
1745024400,0.1898,0.1909,0.1898,0.1909,36576.21
1745028000,0.191,0.1924,0.1909,0.1915,99494.82
1745031600,0.1916,0.1926,0.1913,0.1913,90900.04
1745035200,0.1911,0.1914,0.1895,0.1902,157195.71
1745038800,0.1902,0.1905,0.1894,0.19,30058.43
1745042400,0.1898,0.1899,0.189,0.1895,66586.13
1745046000,0.1898,0.1904,0.1895,0.1903,73349.18
1745049600,0.1904,0.1905,0.1891,0.1894,73280.05
1745053200,0.1895,0.1899,0.189,0.1896,110915.16
1745056800,0.1893,0.1896,0.1889,0.1893,39051.98
1745060400,0.1893,0.1899,0.1892,0.1897,76461.24
1745064000,0.1899,0.1904,0.1896,0.1899,33769.06
1745067600,0.1896,0.1908,0.1896,0.1902,221290.07
1745071200,0.1901,0.1905,0.1896,0.1901,21356.87
1745074800,0.1899,0.1912,0.1898,0.1907,218706.96
1745078400,0.1907,0.1917,0.1897,0.1898,70645.08
1745082000,0.1899,0.1929,0.1897,0.1918,569792.52
1745085600,0.1919,0.1926,0.1912,0.1914,173981.15
1745089200,0.1914,0.1916,0.1909,0.1915,50041.05
1745092800,0.1915,0.1916,0.1909,0.1914,30104.02
1745096400,0.1915,0.1926,0.1914,0.1926,34055.35
1745100000,0.1925,0.1926,0.1919,0.192,73730.16
1745103600,0.1921,0.1924,0.1913,0.1914,197745.19
1745107200,0.1911,0.192,0.1909,0.1911,112204.29
1745110800,0.1907,0.1919,0.1907,0.1914,157324.26
1745114400,0.1911,0.1911,0.1904,0.1907,140358.26
1745118000,0.1907,0.1908,0.19,0.1904,51784.23
1745121600,0.1903,0.1916,0.1897,0.1912,250965.02
1745125200,0.1911,0.1916,0.1901,0.1901,128170.59
1745128800,0.19,0.1909,0.1897,0.1904,293316.23
1745132400,0.1904,0.1906,0.189,0.1902,163762.04
1745136000,0.1901,0.1901,0.1885,0.1891,40567.11
1745139600,0.1889,0.1897,0.1889,0.1897,10459.79
1745143200,0.1897,0.1902,0.1878,0.1883,206091.14
1745146800,0.1884,0.1891,0.1872,0.188,162642.28
1745150400,0.1879,0.1898,0.1878,0.1898,30583.17
1745154000,0.19,0.1903,0.1887,0.1896,40944.21
1745157600,0.1894,0.1902,0.1894,0.19,67867.08
1745161200,0.1899,0.1899,0.1884,0.1888,74211.96
1745164800,0.1885,0.1901,0.1882,0.1897,363849.24
1745168400,0.19,0.1901,0.1892,0.1901,64800.24
1745172000,0.1899,0.1906,0.1896,0.1901,134140.21
1745175600,0.1897,0.191,0.1897,0.191,82275.61
1745179200,0.1909,0.1926,0.1907,0.1913,45296.38
1745182800,0.1912,0.1913,0.1904,0.1906,147131.88
1745186400,0.1907,0.1907,0.1898,0.1904,102918.31
1745190000,0.1906,0.1918,0.1906,0.191,184171.65
1745193600,0.1908,0.1939,0.1906,0.192,329348.52
1745197200,0.1924,0.194,0.1919,0.1932,216430.19
1745200800,0.1935,0.1939,0.1921,0.1927,344763.87
1745204400,0.1928,0.1931,0.1922,0.1926,133463.89
1745208000,0.1928,0.1935,0.1921,0.1935,91508.42
1745211600,0.1934,0.1947,0.1928,0.1945,98397.48
1745215200,0.1946,0.1956,0.1943,0.1953,138925.34
1745218800,0.1953,0.1962,0.195,0.1957,53414.21
1745222400,0.196,0.1967,0.1954,0.1962,139968.26
1745226000,0.1959,0.1965,0.1957,0.1964,116961.65
1745229600,0.1966,0.1978,0.1966,0.1977,66389.73
1745233200,0.1979,0.1982,0.1962,0.1978,105012.25
1745236800,0.1979,0.1993,0.1979,0.1985,226258.27
1745240400,0.1987,0.1991,0.1977,0.1978,106028.41
1745244000,0.1979,0.203,0.1979,0.203,364885.64
1745247600,0.2029,0.2049,0.1998,0.2003,585110.6
1745251200,0.2006,0.2051,0.2,0.2004,615711.31
1745254800,0.2005,0.2016,0.1979,0.2004,228289.93
1745258400,0.2,0.2029,0.1991,0.1991,195226.24
1745262000,0.1991,0.2011,0.1991,0.2001,227832.4
1745265600,0.2001,0.201,0.1996,0.2005,129797.52
1745269200,0.2004,0.2009,0.2001,0.2003,196869.93
1745272800,0.2003,0.2006,0.199,0.1992,284173.32
1745276400,0.1994,0.1997,0.1982,0.1991,256521.53
1745280000,0.1991,0.1992,0.1961,0.1982,515386.84
1745283600,0.1978,0.2003,0.1973,0.2002,408913.73
1745287200,0.2004,0.2009,0.1992,0.1997,467298.06
1745290800,0.1997,0.2038,0.1995,0.2029,338002.93
1745294400,0.2028,0.2071,0.2026,0.2049,857188.33
1745298000,0.2048,0.208,0.2044,0.2075,1786148.7
1745301600,0.2075,0.2112,0.2068,0.211,1449763.69
1745305200,0.2111,0.2186,0.2106,0.2184,1641806.46
1745308800,0.2185,0.2225,0.2154,0.2199,3691737.58
1745312400,0.2197,0.2221,0.2152,0.2156,1951451.73
1745316000,0.2156,0.2193,0.2152,0.2192,305623.58
1745319600,0.2191,0.2191,0.2149,0.2178,1201606.36
1745323200,0.2177,0.2182,0.2135,0.2162,1235675.82
1745326800,0.2163,0.2169,0.2129,0.2147,756727.57
1745330400,0.215,0.2159,0.2131,0.2155,650236.65
1745334000,0.2155,0.2192,0.2132,0.2161,1431395.38
1745337600,0.2163,0.2186,0.2151,0.2169,1603982.37
1745341200,0.2169,0.2177,0.2158,0.2164,468280.35
1745344800,0.2162,0.218,0.2148,0.2176,756614.64
1745348400,0.2177,0.2179,0.2165,0.2174,207187.84
1745352000,0.2177,0.2179,0.2159,0.2169,295068.35
1745355600,0.217,0.2204,0.2146,0.2191,881977.62
1745359200,0.2191,0.2198,0.217,0.2189,509060.99
1745362800,0.219,0.2209,0.219,0.2199,675962.48
1745366400,0.2202,0.2226,0.2194,0.2215,1093806.13
1745370000,0.2216,0.223,0.2192,0.2192,235502.55
1745373600,0.2192,0.2199,0.2182,0.2192,288391.52
1745377200,0.2192,0.2216,0.2187,0.2214,250681.3
1745380800,0.2215,0.2237,0.2198,0.2237,540610.55
1745384400,0.2234,0.2234,0.2204,0.2208,223425.54
1745388000,0.2207,0.2211,0.2184,0.219,626093.63
1745391600,0.2187,0.219,0.217,0.2189,164157.76
1745395200,0.2186,0.2195,0.2173,0.2193,1497806.97
1745398800,0.2192,0.2206,0.219,0.2203,87437.92
1745402400,0.2204,0.2222,0.218,0.2217,374402.72
1745406000,0.222,0.2247,0.2214,0.2218,796692.28
1745409600,0.2217,0.2238,0.2217,0.2221,250577.62
1745413200,0.2222,0.2239,0.2197,0.2197,685931.57
1745416800,0.22,0.2244,0.2199,0.2236,853461.4
1745420400,0.2235,0.2244,0.2208,0.2238,788556.31
1745424000,0.2239,0.2271,0.2223,0.2268,317035.99
1745427600,0.2267,0.2276,0.2244,0.2262,361118.31
1745431200,0.2263,0.2267,0.2245,0.225,472664.62
1745434800,0.2249,0.2253,0.2217,0.2221,375055.4
1745438400,0.222,0.2231,0.2219,0.2224,124212.02
1745442000,0.2222,0.2226,0.2198,0.2204,354054.6
1745445600,0.2205,0.2219,0.2198,0.2215,281066.36
1745449200,0.2213,0.2219,0.2205,0.2216,151383.17
1745452800,0.2215,0.2217,0.2177,0.2188,199824.6
1745456400,0.219,0.2192,0.2168,0.2188,120053.91
1745460000,0.2187,0.2202,0.2176,0.218,112456.92
1745463600,0.2181,0.2194,0.2155,0.2159,122517.42
1745467200,0.2159,0.2177,0.2154,0.2174,307510.64
1745470800,0.2177,0.2208,0.2174,0.2202,513964.47
1745474400,0.2203,0.2226,0.2203,0.2215,165878.93
1745478000,0.2218,0.2248,0.2214,0.223,904499.17
1745481600,0.223,0.2253,0.2222,0.2246,824545.14
1745485200,0.2245,0.2367,0.2239,0.2325,2647485.14
1745488800,0.2328,0.2394,0.2315,0.2365,1889147.9
1745492400,0.2367,0.2418,0.2326,0.2404,2447074.59
1745496000,0.2403,0.2543,0.2369,0.2516,8120538.82
1745499600,0.2516,0.2674,0.2452,0.2613,8586540.63
1745503200,0.2612,0.2644,0.2544,0.2561,5172905.79
1745506800,0.2564,0.2585,0.2493,0.2508,3024944.82
1745510400,0.2509,0.2544,0.2509,0.2519,838697.06
1745514000,0.2518,0.2522,0.2449,0.2478,1389039.87
1745517600,0.2476,0.25,0.2474,0.2485,629137.8
1745521200,0.2484,0.2521,0.2472,0.2514,1207351.48
1745524800,0.2514,0.2538,0.2499,0.2523,981845.94
1745528400,0.2525,0.2534,0.2484,0.2507,1441986.39
1745532000,0.2506,0.251,0.2472,0.2472,1455521.55
1745535600,0.2471,0.2478,0.2453,0.2471,1269466.13
1745539200,0.2469,0.2475,0.2427,0.2442,971469.8
1745542800,0.2442,0.2457,0.2438,0.2449,440403.31
1745546400,0.2451,0.2462,0.2395,0.2403,810568.84
1745550000,0.2401,0.2428,0.2389,0.2424,535685.64
1745553600,0.2421,0.2465,0.2419,0.2463,363952.72
1745557200,0.2463,0.2488,0.2455,0.2477,1245322.81
1745560800,0.2478,0.2485,0.246,0.2476,439869.79
1745564400,0.2476,0.2496,0.2469,0.2485,1180206.68
1745568000,0.2484,0.252,0.2475,0.2502,1368697.89
1745571600,0.2501,0.2502,0.2463,0.2488,466541.92
1745575200,0.2486,0.2488,0.2439,0.2446,808093.18
1745578800,0.2451,0.2462,0.2444,0.2462,244868.29
1745582400,0.246,0.2478,0.2426,0.2431,1012120.32
1745586000,0.2432,0.2446,0.2408,0.2434,781380.28
1745589600,0.2434,0.2474,0.2427,0.2469,574217.18
1745593200,0.2471,0.2496,0.2454,0.2463,916577.56
1745596800,0.2463,0.2465,0.243,0.2465,406532.8
1745600400,0.2463,0.2486,0.2456,0.2468,246797.95
1745604000,0.2471,0.2492,0.2466,0.2474,278564.46
1745607600,0.2475,0.2484,0.2459,0.247,214811.74
1745611200,0.2472,0.2503,0.2472,0.2494,735869.5
1745614800,0.2493,0.2515,0.2477,0.2482,318805.77
1745618400,0.2482,0.2521,0.2482,0.2504,215061.27
1745622000,0.2505,0.2512,0.2476,0.2496,594402.12
1745625600,0.2497,0.252,0.2495,0.2516,701109.81
1745629200,0.2517,0.2542,0.2508,0.2525,836860.99
1745632800,0.2524,0.2526,0.2504,0.2511,472956.93
1745636400,0.251,0.2513,0.2482,0.2489,308256.9
1745640000,0.2485,0.249,0.2465,0.247,183749.36
1745643600,0.2472,0.2481,0.2461,0.2475,117229.98
1745647200,0.2477,0.2511,0.2473,0.2507,467177.22
1745650800,0.2507,0.2519,0.2486,0.2486,189744.85
1745654400,0.2488,0.2509,0.2452,0.2464,638118.32
1745658000,0.2465,0.2469,0.2442,0.2463,130439.78
1745661600,0.246,0.248,0.2458,0.2478,95584.58
1745665200,0.2474,0.2483,0.2429,0.2447,337891.67
1745668800,0.2448,0.2487,0.2448,0.2475,269648.74
1745672400,0.2471,0.2484,0.246,0.2484,184668.32
1745676000,0.2485,0.2508,0.2478,0.2493,430483.88
1745679600,0.2495,0.2517,0.2495,0.2509,602046.93
1745683200,0.2504,0.2508,0.2494,0.2501,195948.26
1745686800,0.2503,0.2503,0.2472,0.2477,36928.69
1745690400,0.2476,0.248,0.2467,0.2467,40565.12
1745694000,0.2467,0.2469,0.2452,0.246,118664.69
1745697600,0.2461,0.2463,0.2453,0.2456,178534.39
1745701200,0.2457,0.2474,0.2447,0.2448,147417.71
1745704800,0.2449,0.2458,0.2441,0.2449,162221.52
1745708400,0.245,0.2456,0.2438,0.2454,194151.37
1745712000,0.2451,0.247,0.2433,0.2438,448997.46
1745715600,0.2438,0.2441,0.238,0.2381,267675.97
1745719200,0.2384,0.2429,0.238,0.2413,424243.44
1745722800,0.2414,0.244,0.2413,0.2436,559527.01
1745726400,0.2437,0.2471,0.2433,0.2452,852817.85
1745730000,0.245,0.2504,0.245,0.2459,1824444.48
1745733600,0.2458,0.2498,0.2454,0.2493,506684.29
1745737200,0.2497,0.2498,0.2467,0.2475,311161.48
1745740800,0.2475,0.2492,0.2446,0.246,627459.03
1745744400,0.246,0.2461,0.2439,0.2449,214111.79
1745748000,0.2451,0.2457,0.2442,0.2452,257135.53
1745751600,0.245,0.245,0.2432,0.2436,56225.9
1745755200,0.2434,0.2434,0.239,0.2391,267811.21
1745758800,0.2394,0.242,0.238,0.2413,187392.48
1745762400,0.2411,0.2419,0.24,0.2402,418187.1
1745766000,0.2402,0.2406,0.2383,0.2397,171925.17
1745769600,0.2396,0.24,0.2364,0.2369,133331.61
1745773200,0.2371,0.2389,0.2367,0.2388,163879.93
1745776800,0.2385,0.2405,0.2383,0.2388,146786.57
1745780400,0.2388,0.241,0.2383,0.2407,171365.41
1745784000,0.2408,0.2417,0.2397,0.2416,330526.79
1745787600,0.2415,0.2425,0.2388,0.2421,424098.64
1745791200,0.242,0.2426,0.239,0.2407,777387.39
1745794800,0.2406,0.2416,0.2397,0.2404,293585.94
1745798400,0.2401,0.2407,0.233,0.2342,1690791.57
1745802000,0.2343,0.2366,0.23,0.2313,1291410.92
1745805600,0.2313,0.2359,0.2309,0.2356,169188.26
1745809200,0.2356,0.2402,0.2346,0.2384,480638.5
1745812800,0.2386,0.2395,0.2372,0.2379,348212.25
1745816400,0.2378,0.2395,0.2374,0.2385,346229.93
1745820000,0.2386,0.2419,0.2381,0.2418,621080.81
1745823600,0.2419,0.2424,0.24,0.2418,175800.45
1745827200,0.2419,0.2427,0.2398,0.2402,134336.04
1745830800,0.2402,0.2417,0.2402,0.241,145973.94
1745834400,0.2411,0.2475,0.2399,0.245,1139831.87
1745838000,0.2449,0.247,0.2435,0.244,469561.3
1745841600,0.2442,0.2459,0.2428,0.2441,604129.04
1745845200,0.2441,0.2461,0.2417,0.2417,945040.42
1745848800,0.2418,0.2452,0.2398,0.2416,882045.76
1745852400,0.2415,0.2425,0.237,0.239,787883.29
1745856000,0.2392,0.2425,0.2381,0.2425,497199.49
1745859600,0.2426,0.2438,0.2407,0.2434,1297848.85
1745863200,0.2434,0.2438,0.2403,0.2412,327753.71
1745866800,0.241,0.2441,0.2408,0.2427,621519.42
1745870400,0.2426,0.2429,0.2407,0.2411,178948.94
1745874000,0.2409,0.2409,0.2375,0.2393,159317.36
1745877600,0.2393,0.2411,0.2381,0.2397,395903.85
1745881200,0.2399,0.24,0.2386,0.2392,185691.71
1745884800,0.239,0.2404,0.2385,0.2399,133476.1
1745888400,0.2396,0.2411,0.2385,0.2399,354308.84
1745892000,0.2398,0.2399,0.2376,0.2384,194743.42
1745895600,0.2385,0.2404,0.2377,0.2402,78529.55
1745899200,0.2402,0.2413,0.2384,0.2387,88609.51
1745902800,0.2388,0.244,0.2388,0.2419,1185913.77
1745906400,0.2422,0.2434,0.2421,0.243,65742.58
1745910000,0.2431,0.2435,0.2411,0.2427,616620.47
1745913600,0.2426,0.2435,0.2417,0.2428,160408.14
1745917200,0.2428,0.2433,0.2395,0.2399,395605.65
1745920800,0.2398,0.2408,0.2384,0.2394,193172.05
1745924400,0.2397,0.2406,0.2391,0.2404,366627.03
1745928000,0.2403,0.2408,0.2383,0.2386,445670.68
1745931600,0.2384,0.2397,0.2369,0.239,292839.87
1745935200,0.2385,0.2413,0.2378,0.2405,369716.87
1745938800,0.2402,0.2402,0.238,0.2388,127813.9
1745942400,0.2386,0.2394,0.2374,0.2377,157252.16
1745946000,0.2378,0.2393,0.2368,0.2387,256611.73
1745949600,0.2388,0.2402,0.2382,0.2397,104171.4
1745953200,0.2396,0.2402,0.2388,0.2391,178949.68
1745956800,0.2392,0.2392,0.2375,0.2376,83069.77
1745960400,0.2376,0.2383,0.2355,0.2374,293818.67
1745964000,0.2371,0.2371,0.2344,0.235,157548.27
1745967600,0.2347,0.2369,0.2333,0.2364,258773.09
1745971200,0.2362,0.2369,0.2352,0.236,106440.87
1745974800,0.2363,0.2364,0.2339,0.2355,102342.09
1745978400,0.2354,0.2374,0.2354,0.2371,125881.69
1745982000,0.2371,0.2376,0.2357,0.2371,104150.42
1745985600,0.2375,0.2375,0.2364,0.237,56924.33
1745989200,0.237,0.237,0.2357,0.2361,380508.51
1745992800,0.2362,0.2369,0.2354,0.2362,88143.65
1745996400,0.2361,0.2361,0.2335,0.2348,131912.67
1746000000,0.2348,0.2359,0.2343,0.2352,32997.83
1746003600,0.2356,0.2373,0.2356,0.2372,122406.34
1746007200,0.2372,0.2413,0.2371,0.2411,601637.49
1746010800,0.241,0.2433,0.2407,0.2427,1049874.73
1746014400,0.2427,0.243,0.2363,0.2384,344362.53
1746018000,0.2381,0.2389,0.2263,0.2266,1658584.8
1746021600,0.2268,0.2341,0.2259,0.2315,651186.25
1746025200,0.2319,0.2339,0.2314,0.2334,110089.77
1746028800,0.2329,0.2336,0.2308,0.2331,38293.8
1746032400,0.2333,0.2353,0.2321,0.2343,221831.87
1746036000,0.234,0.237,0.234,0.2361,329495.09
1746039600,0.2362,0.2362,0.2336,0.2354,241412.78
1746043200,0.2354,0.2391,0.2353,0.237,577559.97
1746046800,0.2373,0.2381,0.2361,0.2366,745264.42
1746050400,0.2367,0.2379,0.2367,0.2375,253285.5
1746054000,0.2375,0.2377,0.2362,0.2376,150474.4
1746057600,0.2372,0.2385,0.2369,0.2383,41249.38
1746061200,0.2384,0.2421,0.2384,0.2406,742047.41
1746064800,0.2408,0.2412,0.2396,0.2398,244149.29
1746068400,0.2403,0.2418,0.2397,0.2404,523852.63
1746072000,0.2397,0.2399,0.239,0.2399,106945.12
1746075600,0.2398,0.2402,0.2391,0.2396,356046.53
1746079200,0.2396,0.2397,0.2383,0.2389,71056.76
1746082800,0.2388,0.2399,0.2382,0.2397,166032.39
1746086400,0.2398,0.2427,0.2394,0.2419,713695.73
1746090000,0.2416,0.2416,0.2398,0.2406,349509.76
1746093600,0.2406,0.2428,0.2406,0.2421,163082.06
1746097200,0.2423,0.2424,0.2406,0.2415,197697.79
1746100800,0.2414,0.2466,0.2408,0.2459,1121955.01
1746104400,0.2459,0.2466,0.2406,0.2406,770570.71
1746108000,0.2409,0.2443,0.2403,0.2442,367229.42
1746111600,0.2442,0.2451,0.2414,0.2414,569073.64
1746115200,0.2417,0.2441,0.2417,0.2434,407242.49
1746118800,0.2432,0.2448,0.2419,0.2429,814859.16
1746122400,0.243,0.2432,0.2411,0.2427,334820.68
1746126000,0.2427,0.2431,0.2419,0.2426,429461.83
1746129600,0.2424,0.2438,0.241,0.2437,239817.72
1746133200,0.2433,0.2433,0.2412,0.2415,246101.15
1746136800,0.2415,0.2421,0.2409,0.2414,155982.91
1746140400,0.2412,0.2415,0.2393,0.2396,275951.19
1746144000,0.2398,0.2414,0.2393,0.2406,570846.37
1746147600,0.2409,0.2413,0.239,0.2404,357460.18
1746151200,0.24,0.2422,0.2397,0.2422,134999.43
1746154800,0.2422,0.2426,0.2412,0.2415,81287.18
1746158400,0.2418,0.2421,0.2405,0.2406,129071.62
1746162000,0.2405,0.241,0.2394,0.24,144502.29
1746165600,0.2397,0.2408,0.2394,0.2405,35181.44
1746169200,0.2405,0.2419,0.2385,0.2408,1365817.43
1746172800,0.2407,0.2434,0.2404,0.2421,101218.12
1746176400,0.2421,0.2429,0.2403,0.2405,124040.31
1746180000,0.2407,0.2407,0.2388,0.2388,228256.73
1746183600,0.2391,0.2402,0.2381,0.2383,502306.64
1746187200,0.238,0.2394,0.2366,0.2394,224756.76
1746190800,0.2394,0.2394,0.2379,0.2383,103549.81
1746194400,0.2383,0.24,0.2381,0.2398,489271.96
1746198000,0.2398,0.2402,0.2373,0.2379,40429.95
1746201600,0.238,0.2395,0.238,0.2387,127340.8
1746205200,0.2383,0.2383,0.2361,0.2371,318455.76
1746208800,0.237,0.2377,0.2362,0.2366,211995.7
1746212400,0.2366,0.2369,0.2347,0.2356,296054.05
1746216000,0.2352,0.238,0.235,0.2379,225614.28
1746219600,0.2379,0.238,0.2362,0.2371,297962.8
1746223200,0.2367,0.2385,0.2367,0.2384,208198.84
1746226800,0.2381,0.2397,0.2381,0.2397,183386.84
1746230400,0.2397,0.2399,0.2391,0.2392,154093.6
1746234000,0.239,0.2393,0.2376,0.2379,66947.43
1746237600,0.2381,0.2395,0.2381,0.2394,21324.54
1746241200,0.2393,0.2401,0.2393,0.2399,136680.37
1746244800,0.2399,0.2402,0.2386,0.239,87185.24
1746248400,0.239,0.2391,0.2376,0.2381,23141.99
1746252000,0.2379,0.238,0.2369,0.2373,68108.7
1746255600,0.237,0.237,0.2355,0.2359,184718.85
1746259200,0.2355,0.2358,0.2342,0.2355,281816.98
1746262800,0.2355,0.2356,0.2334,0.2338,228259.33
1746266400,0.2337,0.2341,0.2313,0.2315,711539.51
1746270000,0.2318,0.2328,0.2309,0.231,189930.47
1746273600,0.231,0.2338,0.2308,0.2332,136219.17
1746277200,0.2333,0.2354,0.2333,0.2349,127775.02
1746280800,0.2349,0.2354,0.2328,0.2346,137540.75
1746284400,0.2345,0.2353,0.234,0.2344,111142.5
1746288000,0.2342,0.2343,0.2305,0.2314,362860.18
1746291600,0.2316,0.2316,0.2276,0.2313,267318.57
1746295200,0.2311,0.2314,0.2287,0.2292,294317.79
1746298800,0.2292,0.2318,0.2291,0.2317,65621.07
1746302400,0.2316,0.2317,0.2304,0.2308,91691.51
1746306000,0.2309,0.2315,0.2289,0.2299,133244.24
1746309600,0.2301,0.2314,0.2293,0.2303,304389.94
1746313200,0.2303,0.2308,0.2298,0.2299,201055.23
1746316800,0.2299,0.2301,0.2277,0.2286,191192.85
1746320400,0.2286,0.2306,0.2284,0.23,175286.18
1746324000,0.23,0.2318,0.2297,0.2302,164677
1746327600,0.2302,0.2312,0.2287,0.2299,100952.36
1746331200,0.2297,0.2315,0.2297,0.2311,43100.19
1746334800,0.2312,0.2332,0.2312,0.2328,103098.51
1746338400,0.2323,0.2329,0.2306,0.2322,84934.77
1746342000,0.2322,0.2327,0.2296,0.2306,92671.5
1746345600,0.2308,0.2308,0.2283,0.229,180817.8
1746349200,0.2288,0.2295,0.2277,0.2286,82940.83
1746352800,0.2288,0.2305,0.2283,0.2299,42831.39
1746356400,0.2297,0.2309,0.2295,0.23,165465.59
1746360000,0.2299,0.2309,0.2295,0.2302,119617.62
1746363600,0.2303,0.2306,0.2285,0.2293,123942.42
1746367200,0.2293,0.2327,0.2293,0.2325,299575.32
1746370800,0.2322,0.2324,0.2309,0.2317,121734.06
1746374400,0.2317,0.2319,0.2307,0.2315,37786.91
1746378000,0.2312,0.2316,0.2296,0.2312,65993.94
1746381600,0.2314,0.2324,0.2308,0.231,116273.17
1746385200,0.2308,0.232,0.2307,0.2308,89691.22
1746388800,0.231,0.2321,0.2306,0.2318,45488.56
1746392400,0.2316,0.2317,0.23,0.2312,235819.76
1746396000,0.2313,0.2313,0.2291,0.2302,390456.52
1746399600,0.23,0.2304,0.2291,0.2291,245162.85
1746403200,0.229,0.2317,0.2278,0.2315,539108.4
1746406800,0.2313,0.2314,0.2269,0.2272,224917.35
1746410400,0.2271,0.2314,0.2264,0.2308,193820.69
1746414000,0.2309,0.2315,0.2292,0.2295,264816.08
1746417600,0.2292,0.2324,0.2292,0.2323,108308.02
1746421200,0.2323,0.2334,0.2312,0.2334,219462.49
1746424800,0.2334,0.2337,0.232,0.2325,104449.69
1746428400,0.2324,0.2335,0.2319,0.2333,426109.57
1746432000,0.2335,0.2351,0.2334,0.234,228680.07
1746435600,0.2341,0.2347,0.2327,0.2327,76752.56
1746439200,0.233,0.233,0.2283,0.2298,444941.78
1746442800,0.23,0.2303,0.2276,0.2279,93758.13
1746446400,0.2276,0.2277,0.2262,0.2271,685508.59
1746450000,0.227,0.2273,0.2246,0.2257,348321.58
1746453600,0.2259,0.2271,0.2239,0.2252,392733.79
1746457200,0.2251,0.2265,0.224,0.2244,84577.68
1746460800,0.2245,0.2257,0.224,0.2244,151779.5
1746464400,0.2243,0.2262,0.2238,0.2259,238984.27
1746468000,0.2259,0.2274,0.2259,0.2265,194445.32
1746471600,0.2267,0.2277,0.2237,0.2237,378491.38
1746475200,0.2239,0.2239,0.2208,0.2226,326521.79
1746478800,0.2227,0.2237,0.2216,0.2229,106051.88
1746482400,0.2231,0.2258,0.2231,0.2251,132739.22
1746486000,0.225,0.2255,0.2232,0.2232,246067.21
1746489600,0.2236,0.2236,0.2211,0.2223,144044.02
1746493200,0.222,0.2244,0.2217,0.2223,56143.94
1746496800,0.2225,0.2227,0.2178,0.2205,620375.43
1746500400,0.2203,0.2218,0.2196,0.2212,108118.91
1746504000,0.2214,0.2217,0.2201,0.2201,17167.65
1746507600,0.2198,0.2203,0.2191,0.2196,70341.63
1746511200,0.2199,0.2206,0.2199,0.2206,95355.87
1746514800,0.2208,0.2214,0.2199,0.2201,50195.4
1746518400,0.22,0.22,0.2181,0.2193,141279.8
1746522000,0.2189,0.219,0.2174,0.2184,77467.98
1746525600,0.2183,0.2185,0.2167,0.2172,95952.21
1746529200,0.2176,0.2194,0.2156,0.2163,422015.95
1746532800,0.2158,0.2174,0.2149,0.2171,541581.16
1746536400,0.2171,0.2175,0.2155,0.2165,124664.74
1746540000,0.2165,0.2194,0.2165,0.217,261155.5
1746543600,0.2168,0.217,0.2144,0.2149,244473.08
1746547200,0.2149,0.2149,0.2106,0.2109,296196.35
1746550800,0.2106,0.2137,0.2106,0.2116,439303.93
1746554400,0.2117,0.2144,0.211,0.2144,255377.63
1746558000,0.2145,0.2152,0.2135,0.2136,93865.68
1746561600,0.2134,0.2136,0.2098,0.2105,795655.31
1746565200,0.2104,0.2115,0.2079,0.2105,251035.31
1746568800,0.2103,0.2171,0.2103,0.2171,537183.75
1746572400,0.217,0.2185,0.2161,0.2182,464274.44
1746576000,0.2183,0.2191,0.2164,0.219,495243.52
1746579600,0.219,0.2198,0.2182,0.2194,160327.35
1746583200,0.2196,0.2198,0.2171,0.2175,144259.48
1746586800,0.2173,0.2185,0.2158,0.2183,70192.19
1746590400,0.2185,0.2201,0.2185,0.2198,405370.8
1746594000,0.2196,0.2196,0.2173,0.2181,270152.9
1746597600,0.2185,0.2207,0.2183,0.2202,431456.57
1746601200,0.22,0.221,0.2199,0.2203,175613.15
1746604800,0.2206,0.2218,0.2195,0.2209,173363.04
1746608400,0.221,0.2212,0.2199,0.2205,95893.97
1746612000,0.22,0.2204,0.2189,0.2191,52485.2
1746615600,0.219,0.2204,0.2188,0.22,194603.46
1746619200,0.2199,0.2203,0.2184,0.2192,329103.79
1746622800,0.2189,0.2208,0.2176,0.2205,334676.02
1746626400,0.2203,0.2206,0.218,0.219,289639.84
1746630000,0.2188,0.2202,0.2175,0.2185,577568.46
1746633600,0.2184,0.2184,0.2147,0.2175,413505.95
1746637200,0.2175,0.2182,0.2162,0.2167,691535.43
1746640800,0.2167,0.22,0.2154,0.2189,842549.17
1746644400,0.2189,0.2191,0.2152,0.2162,865083.56
1746648000,0.216,0.2167,0.215,0.2161,588616.47
1746651600,0.2162,0.2179,0.2154,0.2173,528102.16
1746655200,0.2175,0.2192,0.2173,0.2191,582823.46
1746658800,0.2189,0.2194,0.2177,0.2186,859191.71
1746662400,0.2186,0.2193,0.2169,0.219,1280032.1
1746666000,0.2189,0.2206,0.2189,0.22,1058946.02
1746669600,0.22,0.2225,0.2198,0.2221,868286.25
1746673200,0.2221,0.2249,0.2216,0.2248,813859.95
1746676800,0.2248,0.2275,0.2247,0.2266,1055410.66
1746680400,0.2267,0.2281,0.2256,0.2271,718697.91
1746684000,0.2271,0.2277,0.2259,0.226,807039.12
1746687600,0.2261,0.2277,0.2257,0.227,828654.87
1746691200,0.2272,0.2301,0.227,0.2291,922290.63
1746694800,0.2291,0.2315,0.2284,0.2315,1030876.79
1746698400,0.2315,0.2324,0.2304,0.2316,1290504.6
1746702000,0.2315,0.2315,0.2287,0.2298,941440.81
1746705600,0.2297,0.2306,0.2282,0.2284,985352.09
1746709200,0.2284,0.2304,0.2283,0.2292,1010687.27
1746712800,0.2293,0.232,0.2285,0.2302,1242757.22
1746716400,0.2301,0.2371,0.2301,0.2353,2407722.17
1746720000,0.2354,0.249,0.2353,0.2486,2604378.75
1746723600,0.2486,0.2542,0.2462,0.247,3418934.04
1746727200,0.247,0.2552,0.246,0.2531,1621560.81
1746730800,0.2529,0.2537,0.2495,0.2509,723185.14
1746734400,0.251,0.2555,0.2495,0.2539,1380278.64
1746738000,0.2538,0.2559,0.2494,0.2513,1395818.7
1746741600,0.2514,0.2519,0.2486,0.2495,961010.96
1746745200,0.2495,0.2509,0.2487,0.2508,600499.58
1746748800,0.2508,0.2511,0.2483,0.2496,620409.57
1746752400,0.2496,0.253,0.249,0.2505,904175.41
1746756000,0.2506,0.2507,0.2478,0.2483,689622.56
1746759600,0.2482,0.2508,0.2462,0.2468,874331.66
1746763200,0.2468,0.2487,0.2461,0.2474,736989.24
1746766800,0.2474,0.2486,0.2467,0.2483,691590.05
1746770400,0.2483,0.2514,0.2472,0.2511,1146044.53
1746774000,0.2511,0.2572,0.2511,0.2556,1374040.62
1746777600,0.2554,0.2631,0.2529,0.2568,1658151.4
1746781200,0.2567,0.2592,0.2505,0.2535,981545.28
1746784800,0.2535,0.2574,0.2525,0.257,899658.96
1746788400,0.2567,0.2592,0.2537,0.2553,1237733.5
1746792000,0.2552,0.2565,0.2529,0.2557,1202850.24
1746795600,0.2558,0.2588,0.2553,0.2573,919164.54
1746799200,0.2573,0.2575,0.2497,0.2526,1959668.59
1746802800,0.2527,0.2553,0.2503,0.2525,1353346.17
1746806400,0.2526,0.2537,0.2498,0.2507,998265.84
1746810000,0.2505,0.254,0.2498,0.2534,864464.64
1746813600,0.2536,0.2537,0.2516,0.2517,945763.24
1746817200,0.2518,0.2524,0.2505,0.2517,736453.83
1746820800,0.2518,0.2524,0.2505,0.2521,707379.49
1746824400,0.2523,0.2534,0.2515,0.2519,858829.7
1746828000,0.2521,0.2525,0.2499,0.25,818763.01
1746831600,0.25,0.2532,0.2498,0.2529,1025214.47
1746835200,0.2528,0.2573,0.2525,0.2538,2156375.25
1746838800,0.2537,0.2563,0.2511,0.2535,1462958.5
1746842400,0.2536,0.2559,0.2529,0.2548,899344.72
1746846000,0.2548,0.2586,0.2544,0.2583,1051119.45
1746849600,0.2582,0.2582,0.2558,0.2566,843200.28
1746853200,0.2566,0.2569,0.2548,0.2568,790432.52
1746856800,0.2567,0.2605,0.2566,0.2594,1838203.38
1746860400,0.2594,0.263,0.2578,0.2621,1267162.47
1746864000,0.2621,0.263,0.2583,0.2593,993205.18
1746867600,0.2594,0.2602,0.2575,0.2595,675022.08
1746871200,0.2592,0.2606,0.257,0.2571,902111.05
1746874800,0.2569,0.2579,0.2535,0.254,754269.67
1746878400,0.2539,0.2573,0.2539,0.2565,802392.41
1746882000,0.2564,0.2599,0.2564,0.2589,990474.88
1746885600,0.2588,0.2595,0.2563,0.2586,1092470.37
1746889200,0.2587,0.2591,0.2555,0.2564,1010286.51
1746892800,0.2564,0.2612,0.2557,0.2608,1293340.98
1746896400,0.2607,0.2652,0.2602,0.2607,1348894.5
1746900000,0.2605,0.2647,0.2602,0.2638,813694.5
1746903600,0.2638,0.2645,0.2627,0.2636,796574.73
1746907200,0.2637,0.2637,0.2611,0.2622,970040.58
1746910800,0.2623,0.2686,0.2622,0.2664,1251043.56
1746914400,0.2665,0.2707,0.266,0.2705,1394816.64
1746918000,0.2706,0.2752,0.2706,0.2744,1236046.98
1746921600,0.2743,0.2766,0.2657,0.2688,1469335.21
1746925200,0.2687,0.2712,0.2672,0.2692,1100615.25
1746928800,0.2693,0.2754,0.2687,0.2719,1381286.63
1746932400,0.2718,0.2738,0.269,0.269,1790375.36
1746936000,0.269,0.2709,0.2678,0.2699,1054865.24
1746939600,0.27,0.2705,0.2684,0.2686,1305985.38
1746943200,0.2686,0.2687,0.2608,0.2631,1142918.19
1746946800,0.2629,0.2629,0.2572,0.2586,1492727.05
1746950400,0.2587,0.2622,0.258,0.2591,873732.89
1746954000,0.259,0.2618,0.259,0.26,972615.05
1746957600,0.2602,0.2612,0.2591,0.261,1093169.17
1746961200,0.261,0.2616,0.2603,0.2611,1118729.33
1746964800,0.2611,0.2621,0.2602,0.2615,1195196.55
1746968400,0.2615,0.2617,0.2548,0.2549,1470345.95
1746972000,0.255,0.2581,0.2547,0.2571,1210725.84
1746975600,0.257,0.2589,0.2535,0.2561,1313728.58
1746979200,0.256,0.2565,0.2526,0.2545,1151200.58
1746982800,0.2545,0.2577,0.2538,0.2569,1369688.77
1746986400,0.2569,0.2587,0.2551,0.2576,1096085.55
1746990000,0.2576,0.2591,0.2567,0.257,1091835.8
1746993600,0.257,0.2578,0.2548,0.2562,1134500.1
1746997200,0.2561,0.2564,0.2542,0.2562,1197604.56
1747000800,0.2561,0.2574,0.2548,0.2561,629276.35
1747004400,0.2561,0.257,0.2541,0.255,1427703.45
1747008000,0.255,0.2592,0.2549,0.2588,1700382.88
1747011600,0.2587,0.2592,0.2535,0.256,1366858.33
1747015200,0.2559,0.2583,0.2558,0.2568,1024442.19
1747018800,0.2567,0.2581,0.2548,0.2579,1070921.9
1747022400,0.2579,0.2598,0.2565,0.259,1216264.81
1747026000,0.2591,0.2595,0.2548,0.2565,1012659.54
1747029600,0.2564,0.2585,0.2552,0.2582,1124997.49
1747033200,0.2583,0.2679,0.2583,0.2641,1905568.09
1747036800,0.264,0.2684,0.2611,0.2678,1033761.67
1747040400,0.268,0.2684,0.2651,0.2651,861520.13
1747044000,0.2649,0.2681,0.2641,0.2679,1284988.63
1747047600,0.2678,0.2688,0.2608,0.2613,1373437.38
1747051200,0.2613,0.2679,0.2613,0.2677,1694091.04
1747054800,0.2676,0.2702,0.2644,0.2675,1221076.75
1747058400,0.2676,0.2686,0.2594,0.2606,1309173.23
1747062000,0.2607,0.2627,0.2567,0.2592,1628124.06
1747065600,0.2591,0.2637,0.2578,0.2628,1214526.92
1747069200,0.2627,0.2637,0.2578,0.2583,950433.77
1747072800,0.2583,0.2597,0.2463,0.2503,1906002.4
1747076400,0.2504,0.2546,0.2499,0.2545,1346330.51
1747080000,0.2543,0.2567,0.2528,0.2557,984038.87
1747083600,0.2554,0.2558,0.2535,0.2554,886334.9
1747087200,0.2557,0.2564,0.2547,0.2554,971378.82
1747090800,0.2552,0.2564,0.2545,0.2552,1534868.6
1747094400,0.2551,0.2551,0.2489,0.2494,1680749.26
1747098000,0.2491,0.251,0.2468,0.2487,1302365.35
1747101600,0.2487,0.25,0.245,0.2462,1344758.35
1747105200,0.2462,0.2476,0.2437,0.2446,1499400.84
1747108800,0.2444,0.2491,0.2442,0.2488,1850179.44
1747112400,0.2487,0.2487,0.2456,0.247,1428087.2
1747116000,0.2469,0.2481,0.2464,0.2469,1401635.12
1747119600,0.2467,0.2487,0.2467,0.2477,1199103.41
1747123200,0.2477,0.2484,0.2462,0.2476,1353448.74
1747126800,0.2476,0.2516,0.2476,0.2506,1601066.35
1747130400,0.2506,0.2509,0.2485,0.2504,1333016.19
1747134000,0.2503,0.2523,0.2494,0.2508,1740884.15
1747137600,0.2509,0.2533,0.2493,0.2519,1835402.05
1747141200,0.2519,0.2534,0.2504,0.2516,1439932.92
1747144800,0.2515,0.2518,0.2468,0.2482,1373478.83
1747148400,0.2482,0.251,0.2481,0.251,1172332.11
1747152000,0.2511,0.2548,0.2505,0.2536,1684589.61
1747155600,0.2536,0.2568,0.2527,0.256,2247091.45
1747159200,0.256,0.2596,0.256,0.2596,1307610.61
1747162800,0.2596,0.2644,0.2588,0.2615,1818629.66
1747166400,0.2614,0.2622,0.2593,0.2601,1506271.24
1747170000,0.2601,0.2614,0.2587,0.259,1370418.84
1747173600,0.2592,0.2608,0.2578,0.2591,882616.6
1747177200,0.2592,0.2607,0.2571,0.2593,402284.01
1747180800,0.2595,0.2624,0.2593,0.2624,488621.45
1747184400,0.2621,0.2639,0.2597,0.2607,509309.11
1747188000,0.2606,0.2606,0.2574,0.2588,199145.71
1747191600,0.2588,0.2599,0.2581,0.2594,239435.2
1747195200,0.2592,0.261,0.2575,0.261,262526.37
1747198800,0.2612,0.2631,0.2601,0.2619,208345.3
1747202400,0.2621,0.2625,0.2608,0.2619,95373.4
1747206000,0.2618,0.2619,0.2576,0.2585,93688.69
1747209600,0.2587,0.2594,0.2522,0.2522,958247.72
1747213200,0.2524,0.2546,0.2515,0.2542,832700.21
1747216800,0.2545,0.2564,0.254,0.2555,117593.81
1747220400,0.2557,0.2582,0.2557,0.2568,261244.18
1747224000,0.2569,0.2574,0.2538,0.2546,92584.72
1747227600,0.2543,0.2558,0.2496,0.253,635847.49
1747231200,0.253,0.2531,0.2496,0.2513,285898.06
1747234800,0.2512,0.2525,0.2498,0.2525,302472.89
1747238400,0.2527,0.2532,0.2491,0.2507,252629.44
1747242000,0.2508,0.2511,0.2469,0.2511,519245.03
1747245600,0.2512,0.2527,0.2503,0.251,206120.43
1747249200,0.2512,0.2524,0.2508,0.2518,92227.07
1747252800,0.2519,0.2526,0.2514,0.2515,233973.83
1747256400,0.2516,0.2517,0.2496,0.2516,120394.46
1747260000,0.2517,0.2519,0.2496,0.2496,184477.07
1747263600,0.2496,0.2499,0.247,0.2493,459799.24
1747267200,0.2495,0.2516,0.2488,0.2512,75493.67
1747270800,0.2511,0.2516,0.2456,0.2467,115129.3
1747274400,0.2462,0.2484,0.2462,0.2476,35367.59
1747278000,0.2476,0.2479,0.2452,0.2458,137478.14
1747281600,0.246,0.2472,0.2455,0.2465,50784.22
1747285200,0.2465,0.2467,0.2431,0.2436,182810.38
1747288800,0.2438,0.2448,0.24,0.2422,623078.02
1747292400,0.2421,0.2423,0.2357,0.2362,302383.74
1747296000,0.2365,0.2416,0.2365,0.2401,336746.95
1747299600,0.24,0.2402,0.2356,0.2379,320919.89
1747303200,0.2379,0.2382,0.2335,0.2356,838786.44
1747306800,0.2357,0.2379,0.2355,0.2375,197988.25
1747310400,0.2374,0.2395,0.2355,0.2381,549408.6
1747314000,0.238,0.2398,0.2327,0.2349,502388.23
1747317600,0.2351,0.2364,0.232,0.2349,880741.89
1747321200,0.2347,0.2407,0.2338,0.2404,545794.37
1747324800,0.2403,0.2435,0.2385,0.2435,560784.93
1747328400,0.2435,0.245,0.2423,0.2436,140069.86
1747332000,0.2432,0.2434,0.2364,0.2373,378548.28
1747335600,0.2373,0.2398,0.2359,0.2381,158386.73
1747339200,0.2382,0.2396,0.2353,0.2375,561624.75
1747342800,0.2372,0.2374,0.2314,0.2364,566749.35
1747346400,0.2363,0.2378,0.2344,0.2345,89134.68
1747350000,0.2342,0.2357,0.2314,0.2354,366825.16
1747353600,0.2357,0.2374,0.2344,0.2353,488223.58
1747357200,0.2354,0.2382,0.234,0.238,468133.78
1747360800,0.2382,0.2396,0.2373,0.239,328858.65
1747364400,0.239,0.2431,0.2387,0.2424,692734.82
1747368000,0.2424,0.2428,0.2394,0.24,128093.31
1747371600,0.2403,0.2428,0.2403,0.2415,282940.31
1747375200,0.2414,0.2434,0.2414,0.2429,76149.61
1747378800,0.2427,0.2439,0.2414,0.2425,120924.26
1747382400,0.2426,0.2428,0.2374,0.2394,730912.68
1747386000,0.2393,0.2426,0.239,0.2425,39049.75
1747389600,0.2426,0.2452,0.242,0.2451,355191.83
1747393200,0.245,0.2458,0.2439,0.2442,49741.07
1747396800,0.244,0.2447,0.2423,0.2426,102681.12
1747400400,0.2427,0.245,0.2424,0.2444,70685.67
1747404000,0.2443,0.2443,0.2406,0.2419,222176.36
1747407600,0.242,0.2435,0.2415,0.2422,194036.21
1747411200,0.2424,0.2431,0.2396,0.2418,213969.22
1747414800,0.2418,0.2425,0.2389,0.2396,139684.55
1747418400,0.2396,0.2414,0.2395,0.2409,40370.46
1747422000,0.2407,0.2418,0.2401,0.2414,162094.94
1747425600,0.2412,0.2413,0.238,0.2397,311083.02
1747429200,0.2396,0.2419,0.2394,0.2406,178382.47
1747432800,0.2404,0.2404,0.2358,0.2375,285701.98
1747436400,0.2374,0.2394,0.2374,0.2382,202620.15
1747440000,0.238,0.2384,0.2329,0.2345,353918.38
1747443600,0.2342,0.2342,0.2268,0.229,745733.6
1747447200,0.229,0.2329,0.2279,0.2314,308546.46
1747450800,0.2316,0.2336,0.2299,0.2334,86487.63
1747454400,0.2333,0.2351,0.2332,0.2342,207361.15
1747458000,0.2343,0.2346,0.2311,0.2318,61316.77
1747461600,0.2318,0.2339,0.2315,0.2334,142029.34
1747465200,0.2333,0.2348,0.2315,0.2329,85248.59
1747468800,0.2327,0.2334,0.2311,0.2311,104113.07
1747472400,0.2308,0.2322,0.2297,0.2316,159605.85
1747476000,0.2315,0.2332,0.2312,0.2321,142205.47
1747479600,0.2321,0.2329,0.2303,0.2318,121638.76
1747483200,0.2318,0.2324,0.2304,0.2304,850633.91
1747486800,0.2305,0.2316,0.2283,0.2295,254704.06
1747490400,0.2297,0.2326,0.2297,0.2325,179957.14
1747494000,0.2325,0.2343,0.2314,0.2321,484722.91
1747497600,0.2321,0.2327,0.2286,0.2311,541343.81
1747501200,0.2312,0.2331,0.2311,0.2314,67808.23
1747504800,0.2312,0.2337,0.2295,0.2299,515829.77
1747508400,0.2297,0.2323,0.2292,0.2303,28734.87
1747512000,0.2304,0.234,0.2298,0.2335,83855.63
1747515600,0.2336,0.2336,0.2314,0.2325,203499.41
1747519200,0.2324,0.2325,0.229,0.2303,342962.36
1747522800,0.2305,0.2324,0.2302,0.2315,50225.34
1747526400,0.2317,0.233,0.2309,0.2329,234271.11
1747530000,0.2329,0.2339,0.232,0.233,188100.81
1747533600,0.2333,0.2336,0.2317,0.2324,26249.9
1747537200,0.2324,0.2332,0.2309,0.2327,140878.87
1747540800,0.2326,0.234,0.2325,0.2338,107610.62
1747544400,0.2339,0.2372,0.2339,0.2371,136321.23
1747548000,0.2367,0.237,0.2355,0.2366,405386.39
1747551600,0.2364,0.2389,0.2363,0.2387,90513.73
1747555200,0.2388,0.2405,0.2387,0.2402,240233.58
1747558800,0.24,0.2407,0.238,0.2384,47040.9
1747562400,0.2386,0.2389,0.2372,0.2388,108356.34
1747566000,0.2388,0.2396,0.238,0.2381,100235.55
1747569600,0.2381,0.2389,0.2364,0.2387,83078.89
1747573200,0.2388,0.2421,0.2383,0.2417,70078.7
1747576800,0.2422,0.2439,0.241,0.2427,312731.77
1747580400,0.2428,0.2448,0.2415,0.2442,349870.81
1747584000,0.244,0.2445,0.2426,0.2438,68036.44
1747587600,0.2436,0.2438,0.2373,0.2374,385242.04
1747591200,0.2374,0.238,0.2331,0.2355,542327.54
1747594800,0.2355,0.2372,0.2314,0.2316,312993.65
1747598400,0.2315,0.234,0.2274,0.2339,335610.14
1747602000,0.2341,0.2372,0.2341,0.2351,305548.2
1747605600,0.2351,0.2384,0.2332,0.2384,208446.24
1747609200,0.2384,0.2428,0.2371,0.2422,204684.15
1747612800,0.2417,0.2435,0.236,0.237,651913.33
1747616400,0.2369,0.2378,0.235,0.2361,126557.69
1747620000,0.2361,0.2364,0.2336,0.2339,55746.09
1747623600,0.2339,0.2342,0.2315,0.2319,99685.7
1747627200,0.2317,0.233,0.2284,0.2298,244325.39
1747630800,0.2295,0.2311,0.2288,0.2305,214193.17
1747634400,0.2307,0.2317,0.2277,0.2279,93174.85
1747638000,0.2276,0.2333,0.2276,0.2322,368384.63
1747641600,0.2321,0.233,0.2307,0.2314,196875.99
1747645200,0.2315,0.2336,0.2301,0.231,588585.51
1747648800,0.2306,0.2321,0.2295,0.2311,116471.99
1747652400,0.2309,0.2317,0.2302,0.2312,59422
1747656000,0.231,0.2314,0.2268,0.228,175096.41
1747659600,0.2281,0.2318,0.2276,0.2312,302721.53
1747663200,0.2307,0.2325,0.2297,0.2319,357454.8
1747666800,0.2321,0.2338,0.2318,0.2326,238905.95
1747670400,0.2329,0.2345,0.2311,0.2344,151350.74
1747674000,0.2345,0.2361,0.2334,0.2334,568243.68
1747677600,0.2337,0.2345,0.2312,0.2318,241270.23
1747681200,0.2318,0.234,0.2311,0.2335,141796.29
1747684800,0.2333,0.234,0.2323,0.2331,171257.1
1747688400,0.2332,0.2333,0.2308,0.2331,143335.82
1747692000,0.2332,0.2332,0.2311,0.2324,58324.6
1747695600,0.2319,0.2337,0.2319,0.2329,84424.83
1747699200,0.233,0.2351,0.2322,0.2324,359307.4
1747702800,0.2323,0.2362,0.2323,0.2357,583419.46
1747706400,0.2358,0.2377,0.2349,0.2356,319674.5
1747710000,0.2357,0.2361,0.2336,0.2342,187087.9
1747713600,0.2341,0.2356,0.2331,0.2353,26404.89
1747717200,0.2353,0.2363,0.2349,0.2351,123367.51
1747720800,0.2352,0.2355,0.2334,0.2348,204085.92
1747724400,0.2347,0.235,0.232,0.2324,259689.79
1747728000,0.2326,0.2337,0.2315,0.2332,188250.23
1747731600,0.233,0.2341,0.2322,0.2325,172893.53
1747735200,0.2323,0.2333,0.2292,0.2299,324895.49
1747738800,0.2298,0.2302,0.2272,0.2286,147753.23
1747742400,0.228,0.2283,0.2258,0.2275,274757.73
1747746000,0.2276,0.2294,0.2275,0.2287,474220.38
1747749600,0.2286,0.2302,0.2278,0.2289,353213.68
1747753200,0.2292,0.2314,0.2289,0.2304,160365.62
1747756800,0.2302,0.2311,0.229,0.2291,187371.67
1747760400,0.229,0.232,0.2287,0.2312,438742.81
1747764000,0.2312,0.2319,0.2266,0.227,224614.69
1747767600,0.2268,0.232,0.2268,0.2313,267479.84
1747771200,0.231,0.2326,0.2301,0.2321,355370.1
1747774800,0.2321,0.234,0.231,0.2332,444400.11
1747778400,0.2333,0.2336,0.2305,0.2321,210533.98
1747782000,0.2317,0.2331,0.2312,0.2319,177571.01
1747785600,0.232,0.2327,0.2306,0.231,154703.07
1747789200,0.2308,0.2328,0.2307,0.2309,32914.56
1747792800,0.2313,0.2325,0.2297,0.2322,161897.8
1747796400,0.2321,0.2347,0.2313,0.232,923927.3
1747800000,0.2321,0.2332,0.2302,0.2323,427928.28
1747803600,0.2321,0.2345,0.2319,0.2342,236229.91
1747807200,0.2342,0.2353,0.2327,0.2344,209440.24
1747810800,0.2344,0.235,0.2311,0.2321,247338.92
1747814400,0.2321,0.2331,0.2305,0.2305,231893.9
1747818000,0.2308,0.2309,0.2293,0.2299,98283.87
1747821600,0.23,0.2319,0.2296,0.2319,54469.33
1747825200,0.2318,0.234,0.2317,0.2326,238855.77
1747828800,0.2324,0.2336,0.2315,0.2321,266123.67
1747832400,0.2323,0.2341,0.2306,0.233,220616.57
1747836000,0.2332,0.2352,0.232,0.2349,271667.47
1747839600,0.2349,0.2371,0.2332,0.2364,404195.01
1747843200,0.2366,0.2449,0.2365,0.2422,447928.1
1747846800,0.2422,0.2436,0.2329,0.2348,785953.54
1747850400,0.2351,0.2383,0.2339,0.2363,372222.25
1747854000,0.2361,0.2392,0.2347,0.2389,77287.49
1747857600,0.2389,0.2394,0.2373,0.2386,142181.16
1747861200,0.2385,0.2393,0.2381,0.2392,134915.36
1747864800,0.239,0.241,0.2389,0.2408,164966.82
1747868400,0.2408,0.2443,0.2402,0.2421,374640.14
1747872000,0.2421,0.2452,0.2421,0.2452,177717.52
1747875600,0.2454,0.2478,0.245,0.2457,756612.23
1747879200,0.2459,0.2479,0.2457,0.2477,159849.55
1747882800,0.2477,0.2489,0.2467,0.2484,346305.82
1747886400,0.2486,0.2502,0.2467,0.2484,1005423.63
1747890000,0.2484,0.2496,0.2473,0.2473,309491.6
1747893600,0.2474,0.249,0.247,0.2475,177603.28
1747897200,0.2475,0.25,0.2471,0.2498,130362.9
1747900800,0.2498,0.2526,0.2496,0.2508,495034.08
1747904400,0.2509,0.2529,0.2506,0.2523,228695.45
1747908000,0.2521,0.2524,0.2501,0.2505,146761.91
1747911600,0.2501,0.2506,0.2475,0.2499,174495.18
1747915200,0.2499,0.2505,0.2484,0.2499,297209.13
1747918800,0.2499,0.2499,0.2465,0.2477,467988.99
1747922400,0.2477,0.2504,0.2476,0.2496,329687.43
1747926000,0.2495,0.2517,0.2493,0.2507,481240.96
1747929600,0.2507,0.2534,0.2482,0.2488,740466.66
1747933200,0.249,0.2508,0.2486,0.2498,357059.99
1747936800,0.2498,0.2506,0.2486,0.2501,225828.19
1747940400,0.2503,0.2504,0.2481,0.2485,79054.24
1747944000,0.2486,0.2504,0.2481,0.2486,366776.69
1747947600,0.2485,0.2485,0.2471,0.248,301666.81
1747951200,0.2482,0.2513,0.2481,0.2505,112900.81
1747954800,0.2504,0.2515,0.2502,0.2512,153529.07
1747958400,0.2512,0.2526,0.2503,0.2519,94269.19
1747962000,0.2519,0.2535,0.2504,0.2531,283286.53
1747965600,0.2531,0.2574,0.2529,0.2554,373881.26
1747969200,0.2552,0.2568,0.2551,0.2568,116493.91
1747972800,0.2567,0.2571,0.2518,0.2534,475158.02
1747976400,0.2534,0.2539,0.2512,0.2534,195540.27
1747980000,0.2534,0.2537,0.2491,0.2501,262537.48
1747983600,0.25,0.2517,0.2492,0.2496,159341.17
1747987200,0.2497,0.2516,0.2493,0.2513,167427.5
1747990800,0.2513,0.2547,0.2508,0.2543,193543.4
1747994400,0.2536,0.2537,0.2516,0.253,131090.91
1747998000,0.2529,0.2529,0.2422,0.2431,263217.86
1748001600,0.2424,0.2431,0.2363,0.2429,448399.87
1748005200,0.243,0.2464,0.2424,0.2461,234530.05
1748008800,0.2463,0.2478,0.2451,0.2462,87088.4
1748012400,0.2463,0.2469,0.2425,0.2426,385067.61
1748016000,0.2428,0.2434,0.24,0.2427,398090.98
1748019600,0.2427,0.2442,0.2424,0.2435,90768.14
1748023200,0.2433,0.2439,0.2411,0.2417,73496.34
1748026800,0.2417,0.2426,0.2404,0.2408,73253.33
1748030400,0.2404,0.2408,0.2378,0.2382,172318.97
1748034000,0.2379,0.2394,0.2375,0.2381,87081.66
1748037600,0.2383,0.2397,0.237,0.2371,181868.83
1748041200,0.2369,0.2371,0.2335,0.2349,225580.89
1748044800,0.2351,0.2369,0.2338,0.2353,134731.03
1748048400,0.2352,0.2381,0.2345,0.2366,227014.56
1748052000,0.2362,0.2387,0.236,0.2387,56993.39
1748055600,0.2385,0.2404,0.2385,0.2399,47273.33
1748059200,0.2397,0.2403,0.2394,0.2398,118924.02
1748062800,0.2396,0.2398,0.2374,0.2385,146065.88
1748066400,0.2385,0.239,0.236,0.2374,126031.34
1748070000,0.2375,0.2385,0.2367,0.237,129816.07
1748073600,0.2369,0.2378,0.2362,0.2374,64641.77
1748077200,0.2372,0.238,0.2367,0.2368,58597.38
1748080800,0.2368,0.2393,0.2367,0.2386,91345.42
1748084400,0.2388,0.2392,0.2375,0.2377,108831.39
1748088000,0.2377,0.2381,0.2369,0.2376,53340.22
1748091600,0.2375,0.2377,0.2362,0.2363,62828.82
1748095200,0.2362,0.2377,0.2357,0.2375,195258.36
1748098800,0.2375,0.2378,0.2365,0.237,70595.18
1748102400,0.2369,0.237,0.2356,0.2366,74975.68
1748106000,0.2365,0.2375,0.2358,0.2358,52805.9
1748109600,0.2359,0.2364,0.2341,0.2343,99921.66
1748113200,0.2341,0.2352,0.2335,0.2346,174200.58
1748116800,0.2347,0.2351,0.2339,0.2347,52666.62
1748120400,0.2347,0.235,0.2322,0.2338,242667.56
1748124000,0.2335,0.2335,0.2323,0.2326,46487.85
1748127600,0.2326,0.2335,0.2319,0.2332,176936.7
1748131200,0.233,0.2338,0.2299,0.2305,400395.18
1748134800,0.2304,0.2314,0.2293,0.2304,99961.65
1748138400,0.2305,0.2318,0.2294,0.2315,64113.95
1748142000,0.2318,0.2322,0.2311,0.2311,78991.74
1748145600,0.231,0.2314,0.2301,0.2314,26339.92
1748149200,0.2314,0.232,0.2311,0.232,18667.09
1748152800,0.2317,0.2317,0.2306,0.2314,45807.1
1748156400,0.2312,0.2312,0.2294,0.2299,11796.93
1748160000,0.2299,0.2299,0.227,0.2277,98511.25
1748163600,0.2275,0.2285,0.2269,0.2282,18811.88
1748167200,0.2283,0.2285,0.2274,0.2275,18233.22
1748170800,0.2272,0.2288,0.227,0.2287,72466.61
1748174400,0.2286,0.2309,0.2279,0.2309,26738.07
1748178000,0.231,0.232,0.2305,0.2309,53456.8
1748181600,0.2305,0.2313,0.2301,0.2304,21291.11
1748185200,0.2306,0.2308,0.2277,0.2308,155923.59
1748188800,0.2304,0.2304,0.2282,0.2294,49382.11
1748192400,0.2295,0.2298,0.2285,0.2294,36109.7
1748196000,0.2293,0.2303,0.2291,0.2294,13519.99
1748199600,0.2291,0.2315,0.229,0.2308,155675.19
1748203200,0.2307,0.232,0.2297,0.2313,96083.08
1748206800,0.2313,0.2319,0.2295,0.2302,48452.2
1748210400,0.2303,0.2351,0.2303,0.2347,937482.46
1748214000,0.2347,0.2363,0.2337,0.2359,409666.49
1748217600,0.2359,0.2379,0.2346,0.2379,117454.93
1748221200,0.2378,0.2384,0.2372,0.2376,120388.83
1748224800,0.2377,0.2381,0.2354,0.236,165208.42
1748228400,0.2359,0.2363,0.2353,0.236,31713.98
1748232000,0.236,0.2361,0.2349,0.235,83607.78
1748235600,0.2352,0.2362,0.2347,0.2361,84528.27
1748239200,0.2361,0.2375,0.236,0.2374,86492.71
1748242800,0.2375,0.2388,0.2371,0.2384,119623.69
1748246400,0.2385,0.2388,0.2368,0.237,78428.61
1748250000,0.2371,0.2381,0.2364,0.2368,77569.03
1748253600,0.2369,0.238,0.2365,0.237,104601.76
1748257200,0.2372,0.2387,0.237,0.2382,143164.3
1748260800,0.2382,0.239,0.237,0.2387,104085.21
1748264400,0.2387,0.2392,0.235,0.2358,114382.34
1748268000,0.2357,0.2361,0.2322,0.2329,374804.02
1748271600,0.2331,0.2355,0.2318,0.235,221635
1748275200,0.235,0.2353,0.2305,0.231,166346.46
1748278800,0.2309,0.2315,0.2282,0.2292,109381.7
1748282400,0.2292,0.2312,0.2285,0.2302,97070.91
1748286000,0.2302,0.2307,0.2295,0.2302,109890.28
1748289600,0.23,0.231,0.2291,0.2308,42297.79
1748293200,0.231,0.2311,0.2293,0.2307,48654.82
1748296800,0.2305,0.2317,0.2297,0.23,139155.4
1748300400,0.23,0.2312,0.2295,0.2312,143373.16
1748304000,0.2312,0.2321,0.2295,0.2295,120503.39
1748307600,0.2294,0.2294,0.2262,0.2283,296174.19
1748311200,0.2282,0.2298,0.2282,0.229,151046.37
1748314800,0.229,0.231,0.229,0.2301,53747.82
1748318400,0.2303,0.2313,0.2302,0.2302,59276.85
1748322000,0.2304,0.2309,0.2288,0.2307,29418.75
1748325600,0.2309,0.2331,0.2308,0.2311,39985.35
1748329200,0.2313,0.2334,0.2313,0.233,22354.97
1748332800,0.2331,0.2347,0.2331,0.2345,473349.17
1748336400,0.2346,0.235,0.2333,0.2334,123474.79
1748340000,0.2334,0.2339,0.2329,0.2339,127822.29
1748343600,0.2339,0.2339,0.2308,0.2308,72188.6
1748347200,0.231,0.2324,0.2308,0.2324,82017.95
1748350800,0.2325,0.2355,0.2321,0.2329,255422.83
1748354400,0.233,0.2339,0.23,0.2318,186179.61
1748358000,0.2318,0.2335,0.2311,0.2331,275254.13
1748361600,0.2333,0.2345,0.2325,0.2336,162771.98
1748365200,0.2336,0.2345,0.2318,0.2331,408052.57
1748368800,0.2333,0.2337,0.2322,0.2324,412157.81
1748372400,0.2325,0.2325,0.2317,0.232,120448.64
1748376000,0.2319,0.233,0.2314,0.2325,68911.01
1748379600,0.2327,0.233,0.2296,0.2305,148313.82
1748383200,0.2306,0.2312,0.2285,0.2299,75215.15
1748386800,0.23,0.2302,0.2292,0.2299,165162.34
1748390400,0.2299,0.2316,0.2291,0.2316,222736.04
1748394000,0.2316,0.2319,0.2295,0.2296,159525.48
1748397600,0.2298,0.23,0.2279,0.2289,168298.76
1748401200,0.2287,0.2301,0.2286,0.23,173383.62
1748404800,0.2297,0.2308,0.2285,0.2299,127960.9
1748408400,0.23,0.2307,0.2289,0.2299,54556.6
1748412000,0.2297,0.2298,0.228,0.2284,159655.76
1748415600,0.2284,0.2302,0.228,0.2295,269495.1
1748419200,0.2295,0.2308,0.2287,0.2307,52844.19
1748422800,0.2307,0.2309,0.2283,0.2288,122139.71
1748426400,0.2284,0.2302,0.2272,0.2301,211395.85
1748430000,0.23,0.2319,0.23,0.2318,132604.32
1748433600,0.2319,0.2337,0.2311,0.2323,101246.18
1748437200,0.2324,0.2327,0.2294,0.2298,333276.38
1748440800,0.2297,0.2305,0.2269,0.2273,271348.69
1748444400,0.2272,0.2282,0.2254,0.2262,108074.52
1748448000,0.2262,0.2283,0.2262,0.2278,175753.42
1748451600,0.2279,0.229,0.2256,0.2264,174860.07
1748455200,0.2264,0.2269,0.2242,0.2244,128401.26
1748458800,0.2247,0.2261,0.2228,0.2233,193480.95
1748462400,0.2233,0.225,0.2231,0.225,64023.48
1748466000,0.2248,0.2264,0.2239,0.2264,132453.78
1748469600,0.2262,0.2266,0.2253,0.226,100810.36
1748473200,0.226,0.2292,0.2259,0.2292,159331.08
1748476800,0.2289,0.2328,0.2284,0.2328,214039.7
1748480400,0.2326,0.2327,0.2306,0.2315,185502.91
1748484000,0.2315,0.2356,0.2305,0.2351,251004.48
1748487600,0.2352,0.2362,0.233,0.2335,271312.61
1748491200,0.2336,0.2343,0.2292,0.2311,427869.58
1748494800,0.2311,0.2316,0.2297,0.2304,64960.49
1748498400,0.2304,0.2314,0.2297,0.23,194770.78
1748502000,0.23,0.2307,0.2289,0.2302,89388.87
1748505600,0.2303,0.2309,0.2291,0.2306,72528.3
1748509200,0.2304,0.2314,0.2295,0.231,50005
1748512800,0.2311,0.2316,0.2304,0.2312,51991.08
1748516400,0.2312,0.2321,0.2307,0.2311,70998.43
1748520000,0.2311,0.2312,0.2288,0.2298,107259.63
1748523600,0.2298,0.2316,0.229,0.2292,194415.32
1748527200,0.2292,0.2308,0.2268,0.2306,309190.89
1748530800,0.2304,0.2307,0.2278,0.2281,221668.04
1748534400,0.2281,0.2295,0.2267,0.2272,175789.89
1748538000,0.227,0.229,0.2268,0.2284,141763.8
1748541600,0.2282,0.2293,0.227,0.2271,116553.93
1748545200,0.2269,0.2281,0.225,0.2261,190472.03
1748548800,0.2261,0.2273,0.2251,0.2259,206090.91
1748552400,0.2257,0.2281,0.2255,0.228,100569.58
1748556000,0.2277,0.2285,0.2266,0.2266,98789.71
1748559600,0.2267,0.2271,0.2239,0.2247,203582.48
1748563200,0.2247,0.2279,0.2142,0.2167,820741.63
1748566800,0.2168,0.2211,0.2165,0.219,254034.6
1748570400,0.2191,0.2217,0.2188,0.2203,120618.53
1748574000,0.2202,0.2221,0.2201,0.2207,32307.83
1748577600,0.2209,0.2213,0.2199,0.2208,44769.33
1748581200,0.2206,0.2219,0.2202,0.2214,299678.36
1748584800,0.2213,0.2213,0.2178,0.2187,52110.48
1748588400,0.2188,0.2206,0.2183,0.2193,51670.62
1748592000,0.2196,0.2206,0.2184,0.2196,37323.17
1748595600,0.2194,0.2219,0.2182,0.2219,119020.47
1748599200,0.2217,0.2222,0.2203,0.2203,91104.51
1748602800,0.2206,0.2218,0.2197,0.2208,114314.24
1748606400,0.2207,0.2215,0.2181,0.221,83431.14
1748610000,0.2209,0.2213,0.2185,0.2192,940827.65
1748613600,0.2194,0.2205,0.2183,0.2201,132103.5
1748617200,0.2199,0.2207,0.2187,0.2187,117052.43
1748620800,0.2186,0.2194,0.2112,0.2123,487705.69
1748624400,0.2122,0.2145,0.2116,0.2129,202875.74
1748628000,0.2129,0.2155,0.2127,0.2154,101331.73
1748631600,0.2151,0.2157,0.2143,0.2151,51947.73
1748635200,0.215,0.2151,0.2124,0.2124,263791.14
1748638800,0.2124,0.2137,0.2113,0.212,181783.64
1748642400,0.2119,0.2124,0.2079,0.2084,276832.78
1748646000,0.2083,0.2084,0.2046,0.2065,367846.03
1748649600,0.2061,0.207,0.2035,0.2039,465428.09
1748653200,0.2036,0.2052,0.2007,0.2034,270262.22
1748656800,0.2032,0.2052,0.202,0.2021,81843.33
1748660400,0.2023,0.2044,0.2007,0.2039,100235.84
1748664000,0.2037,0.2051,0.2026,0.205,71784.41
1748667600,0.2048,0.2061,0.2042,0.2048,152652.83
1748671200,0.2047,0.2065,0.2046,0.2057,184062.9
1748674800,0.2057,0.2074,0.2056,0.2068,34347.61
1748678400,0.2071,0.2078,0.2062,0.2072,48107.52
1748682000,0.2075,0.2081,0.2062,0.2068,41285.1
1748685600,0.2071,0.2087,0.2067,0.2073,108753.25
1748689200,0.2076,0.2077,0.2068,0.2074,47701.14
1748692800,0.2074,0.2113,0.2074,0.2113,492961.26
1748696400,0.2111,0.2122,0.2105,0.2113,348268.93
1748700000,0.2111,0.2124,0.2111,0.2121,260279.81
1748703600,0.2121,0.2127,0.2104,0.2109,128244.82
1748707200,0.211,0.2137,0.2104,0.2135,82978.11
1748710800,0.2133,0.2139,0.2121,0.2123,126675.08
1748714400,0.2122,0.2145,0.2122,0.2144,145791.76
1748718000,0.2146,0.2153,0.2142,0.2144,98046.58
1748721600,0.2144,0.2181,0.2141,0.2153,252155.74
1748725200,0.2153,0.216,0.2145,0.2155,171535.96
1748728800,0.2156,0.2156,0.2139,0.2141,143988.49
1748732400,0.2142,0.215,0.2135,0.214,205784.02
1748736000,0.2141,0.2148,0.2132,0.2144,276442.92
1748739600,0.2144,0.2155,0.2127,0.2133,198873.89
1748743200,0.2131,0.2144,0.212,0.2142,156069.2
1748746800,0.2142,0.2148,0.2127,0.2142,38702.54
1748750400,0.2142,0.2157,0.2136,0.2153,143722.06
1748754000,0.2154,0.2166,0.2153,0.2158,82765.71
1748757600,0.2158,0.2158,0.2145,0.2146,72885.96
1748761200,0.2144,0.2144,0.2132,0.2132,83700.55
1748764800,0.2133,0.2137,0.212,0.213,35452.47
1748768400,0.2131,0.2135,0.2097,0.2109,74807.74
1748772000,0.211,0.2123,0.2107,0.2123,117117.03
1748775600,0.2123,0.2135,0.2112,0.2125,48515.18
1748779200,0.2124,0.2125,0.2106,0.2109,83063.61
1748782800,0.211,0.2128,0.2108,0.2119,34634.69
1748786400,0.212,0.2141,0.2119,0.2132,100700.18
1748790000,0.2132,0.2148,0.2131,0.214,324028.03
1748793600,0.2139,0.2163,0.2139,0.215,254468.12
1748797200,0.2151,0.2161,0.2149,0.2151,97770.47
1748800800,0.2152,0.2152,0.2121,0.2134,345856.17
1748804400,0.2134,0.2142,0.2131,0.2138,253654.09
1748808000,0.214,0.2153,0.2134,0.2147,61791.76
1748811600,0.2145,0.2157,0.2144,0.2157,53024.14
1748815200,0.2158,0.2168,0.2148,0.2149,192741.98
1748818800,0.2152,0.2162,0.2148,0.2152,30261.95
1748822400,0.2153,0.2155,0.2137,0.2143,63595.67
1748826000,0.2145,0.2154,0.2134,0.2134,57642.02
1748829600,0.2136,0.2139,0.2125,0.2128,153292.14
1748833200,0.2128,0.2134,0.2115,0.2127,194444.61
1748836800,0.2127,0.2137,0.2127,0.213,49628.06
1748840400,0.2131,0.2141,0.2123,0.2136,46749.81
1748844000,0.2136,0.2152,0.2134,0.2149,132603.71
1748847600,0.2149,0.2163,0.2147,0.2153,202034.95
1748851200,0.2153,0.2165,0.2142,0.2146,25277.15
1748854800,0.2145,0.2145,0.2124,0.2126,64725.81
1748858400,0.2124,0.213,0.2113,0.2121,135892.49
1748862000,0.2121,0.2125,0.2111,0.2121,70192.84
1748865600,0.2122,0.2148,0.2121,0.2145,54936.33
1748869200,0.2146,0.2154,0.2135,0.2139,120981.48
1748872800,0.2138,0.2163,0.2136,0.2152,60622.34
1748876400,0.2153,0.2161,0.2145,0.215,147896.01
1748880000,0.215,0.215,0.2134,0.2142,482452.05
1748883600,0.2144,0.2154,0.2133,0.2153,305006.83
1748887200,0.2153,0.217,0.2145,0.2155,683528.7
1748890800,0.2154,0.2163,0.2132,0.2141,47657.32
1748894400,0.2142,0.2166,0.2142,0.2164,161017.02
1748898000,0.2165,0.2179,0.2165,0.2176,116103.9
1748901600,0.2177,0.2195,0.2177,0.2182,251839.05
1748905200,0.2184,0.2194,0.2184,0.2188,305399.77
1748908800,0.2187,0.2202,0.2186,0.2192,199871.37
1748912400,0.2193,0.221,0.2192,0.2209,73120.5
1748916000,0.2209,0.2212,0.2186,0.219,91743.31
1748919600,0.2187,0.2191,0.2173,0.2176,430532.44
1748923200,0.2175,0.2175,0.2157,0.216,89052.31
1748926800,0.2161,0.2179,0.2161,0.2179,95539.25
1748930400,0.2178,0.218,0.2168,0.218,51998.07
1748934000,0.2179,0.2183,0.2169,0.2171,59617.02
1748937600,0.2172,0.2175,0.2152,0.2164,87982.93
1748941200,0.2166,0.2174,0.216,0.2171,24328.27
1748944800,0.217,0.2179,0.2168,0.2174,170173.54
1748948400,0.2175,0.2183,0.2168,0.2173,32631.3
1748952000,0.2173,0.2176,0.2165,0.2172,27843.79
1748955600,0.2171,0.219,0.2171,0.2183,139894.75
1748959200,0.2183,0.2197,0.217,0.2196,137062.67
1748962800,0.2197,0.2199,0.2184,0.2185,81587.75
1748966400,0.2186,0.2189,0.2175,0.2176,58796.35
1748970000,0.2174,0.2191,0.2174,0.2186,33236.03
1748973600,0.2184,0.2186,0.2171,0.2178,51639.47
1748977200,0.2178,0.2189,0.2176,0.2182,69740.79
1748980800,0.2182,0.2183,0.2145,0.2161,195067.05
1748984400,0.2161,0.2164,0.2128,0.2141,408384.46
1748988000,0.2141,0.2163,0.2138,0.216,61141.76
1748991600,0.2158,0.2159,0.2146,0.2154,77687.05
1748995200,0.2154,0.2161,0.2144,0.2159,50944.59
1748998800,0.216,0.2176,0.216,0.217,31633.09
1749002400,0.2171,0.2188,0.2165,0.2167,197319.22
1749006000,0.2167,0.2182,0.2162,0.2176,74668.76
1749009600,0.2177,0.2185,0.2171,0.2176,216823.1
1749013200,0.2176,0.2187,0.2174,0.2184,203012.35
1749016800,0.2184,0.219,0.2177,0.2181,127230.78
1749020400,0.2182,0.2186,0.2176,0.218,246485.71
1749024000,0.2181,0.2197,0.2181,0.2191,48819.75
1749027600,0.2191,0.2193,0.2175,0.2185,39404.63
1749031200,0.2184,0.2188,0.2172,0.2175,16228.55
1749034800,0.2173,0.2175,0.2158,0.2161,73139.6
1749038400,0.2161,0.2164,0.2147,0.2148,39310.99
1749042000,0.2148,0.2168,0.2142,0.2153,283625.75
1749045600,0.2152,0.2165,0.2141,0.2165,183770.64
1749049200,0.2164,0.2195,0.2157,0.2192,262521.84
1749052800,0.2192,0.2196,0.2183,0.2187,138518.64
1749056400,0.2188,0.2192,0.217,0.218,305787.8
1749060000,0.218,0.2186,0.2172,0.2174,36834.47
1749063600,0.2172,0.2172,0.2153,0.2153,70217.16
1749067200,0.2152,0.2152,0.2126,0.2134,350210.13
1749070800,0.2133,0.2154,0.212,0.2147,150051.42
1749074400,0.2146,0.2152,0.2132,0.2134,259608.08
1749078000,0.2132,0.2138,0.2127,0.2132,71041.45
1749081600,0.2132,0.2144,0.2127,0.2144,81375.58
1749085200,0.2144,0.2152,0.2138,0.2145,184036.92
1749088800,0.2146,0.2164,0.2146,0.216,61184.79
1749092400,0.2157,0.216,0.215,0.2155,10191.03
1749096000,0.2156,0.2169,0.2154,0.2168,63538.13
1749099600,0.2169,0.2169,0.2138,0.2144,71901.29
1749103200,0.2145,0.2153,0.214,0.2143,41422.66
1749106800,0.2143,0.217,0.2142,0.2155,293198.62
1749110400,0.2155,0.2159,0.2146,0.2154,22357.19
1749114000,0.2154,0.2163,0.2147,0.2151,76793.92
1749117600,0.2149,0.2151,0.2125,0.2132,97459.19
1749121200,0.2132,0.2135,0.212,0.2132,41538.76
1749124800,0.2131,0.2159,0.213,0.2158,113816.12
1749128400,0.2157,0.2157,0.2121,0.2123,277647.43
1749132000,0.2124,0.213,0.21,0.2122,260209.79
1749135600,0.2121,0.2132,0.2113,0.2123,7091.24
1749139200,0.2124,0.2126,0.2086,0.2092,333835.52
1749142800,0.2093,0.2097,0.2073,0.208,62900.07
1749146400,0.2078,0.2082,0.206,0.2078,97212.6
1749150000,0.2078,0.2079,0.2022,0.2047,250711.86
1749153600,0.2048,0.2052,0.1953,0.1954,1599371.9
1749157200,0.1955,0.2004,0.1955,0.2004,363851.7
1749160800,0.2003,0.2004,0.1982,0.1995,69958.01
1749164400,0.1996,0.201,0.1989,0.1989,57192.05
1749168000,0.1988,0.2006,0.1981,0.2006,48935.67
1749171600,0.2007,0.2014,0.2,0.2012,42394.11
1749175200,0.2011,0.2017,0.1989,0.2011,196262.71
1749178800,0.2011,0.2029,0.201,0.2028,89864.7
1749182400,0.2027,0.2041,0.2024,0.2038,46090.25
1749186000,0.2036,0.2043,0.2032,0.2042,48912.87
1749189600,0.2039,0.2058,0.2039,0.2054,62642.37
1749193200,0.2053,0.2065,0.2046,0.2054,92876.63
1749196800,0.2054,0.2071,0.2051,0.207,24081.63
1749200400,0.2071,0.2076,0.2061,0.2062,91757.48
1749204000,0.2063,0.2078,0.2063,0.2072,25913.69
1749207600,0.2075,0.2081,0.2069,0.2074,64115.42
1749211200,0.2076,0.21,0.2073,0.208,219121.5
1749214800,0.2083,0.2109,0.2082,0.2101,55376.08
1749218400,0.2098,0.2186,0.2098,0.217,1079663.9
1749222000,0.217,0.2263,0.2134,0.2153,3762980.69
1749225600,0.2154,0.2168,0.2135,0.2143,884971.74
1749229200,0.2144,0.2163,0.2134,0.2163,146412.55
1749232800,0.2164,0.2164,0.2139,0.2143,238626.67
1749236400,0.2143,0.2154,0.2139,0.2146,179407.16
1749240000,0.2146,0.2163,0.2141,0.2158,76790.65
1749243600,0.2153,0.2159,0.2141,0.2159,362777.23
1749247200,0.2159,0.2166,0.2146,0.216,95894.51
1749250800,0.2161,0.2161,0.2135,0.2144,241922.79
1749254400,0.2147,0.2167,0.2133,0.2163,1026015.77
1749258000,0.2163,0.2163,0.2129,0.2138,235293.52
1749261600,0.2137,0.2154,0.2136,0.2151,29416.66
1749265200,0.215,0.2169,0.215,0.2163,118279.9
1749268800,0.2164,0.2168,0.2156,0.2163,76827.85
1749272400,0.2166,0.2176,0.2159,0.2173,70474.85
1749276000,0.2173,0.2193,0.2169,0.219,452881.43
1749279600,0.2187,0.2187,0.2179,0.2183,31771.87
1749283200,0.2181,0.2182,0.2162,0.2164,45159.6
1749286800,0.2163,0.2168,0.2158,0.2162,11349.28
1749290400,0.2162,0.2162,0.2144,0.2153,162572.19
1749294000,0.2152,0.2158,0.2148,0.2148,65620.48
1749297600,0.215,0.2162,0.215,0.216,106126.33
1749301200,0.216,0.2172,0.2156,0.2165,101102.05
1749304800,0.2164,0.2165,0.2154,0.2159,40296.23
1749308400,0.2159,0.2174,0.2158,0.2171,266576.37
1749312000,0.2174,0.2178,0.2149,0.215,45670.84
1749315600,0.215,0.2157,0.2147,0.2147,255910.73
1749319200,0.215,0.2157,0.2148,0.2152,52112.68
1749322800,0.215,0.2154,0.2139,0.2141,212627.96
1749326400,0.2142,0.2146,0.214,0.2143,14205.96
1749330000,0.2143,0.2144,0.2133,0.2136,146527.74
1749333600,0.2136,0.215,0.2135,0.2142,99475.88
1749337200,0.2143,0.2143,0.2129,0.2132,125200.85
1749340800,0.2129,0.2141,0.2122,0.2132,129019.97
1749344400,0.2134,0.2137,0.2125,0.2136,130240.43
1749348000,0.2132,0.2134,0.2126,0.2129,112925.31
1749351600,0.2127,0.2127,0.2116,0.2116,177074.5
1749355200,0.2116,0.2124,0.211,0.2118,95862.81
1749358800,0.2118,0.2118,0.2107,0.2107,27927.24
1749362400,0.211,0.2115,0.2101,0.2102,102749.17
1749366000,0.2101,0.2108,0.2093,0.2095,52826.23
1749369600,0.2096,0.21,0.2091,0.2093,66512.08
1749373200,0.2091,0.21,0.2083,0.21,72568.2
1749376800,0.2098,0.2103,0.2092,0.2097,183019.3
1749380400,0.2097,0.211,0.2097,0.2104,153223.91
1749384000,0.2106,0.2107,0.2098,0.2102,387883.95
1749387600,0.2103,0.2116,0.2096,0.2101,21005.98
1749391200,0.2101,0.2113,0.21,0.2106,13700.37
1749394800,0.2107,0.2117,0.2107,0.211,63309.03
1749398400,0.2111,0.2125,0.2111,0.2125,52471.47
1749402000,0.2125,0.2129,0.2115,0.2115,115220.77
1749405600,0.2116,0.212,0.2111,0.2116,116019.32
1749409200,0.2118,0.2122,0.2115,0.212,41480.88
1749412800,0.212,0.2125,0.2114,0.2116,166042.25
1749416400,0.2119,0.2129,0.2118,0.2123,150023.01
1749420000,0.2121,0.2121,0.2101,0.2103,75187.51
1749423600,0.2105,0.2108,0.2095,0.2103,154137.25
1749427200,0.2104,0.2112,0.2097,0.2109,135305.94
1749430800,0.2109,0.2112,0.21,0.2103,50944.37
1749434400,0.2102,0.2108,0.2096,0.2101,33467.38
1749438000,0.2101,0.2101,0.2088,0.2099,16333.15
1749441600,0.2101,0.2101,0.2089,0.2089,7991.87
1749445200,0.2091,0.2092,0.2082,0.2083,18880.74
1749448800,0.2082,0.2095,0.2078,0.2095,36450.82
1749452400,0.2092,0.2092,0.2083,0.2091,12154.28
1749456000,0.2092,0.2101,0.2082,0.2101,53227.29
1749459600,0.2101,0.2113,0.2097,0.2108,133488.79
1749463200,0.2103,0.213,0.2098,0.2129,261653.54
1749466800,0.2128,0.2135,0.2122,0.2124,245519.93
1749470400,0.2123,0.2132,0.212,0.2127,61482.16
1749474000,0.2126,0.2137,0.2102,0.2111,242630.09
1749477600,0.2112,0.213,0.2112,0.2125,67397.21
1749481200,0.2125,0.2132,0.2122,0.2125,24166.5
1749484800,0.2126,0.2138,0.2126,0.2129,49025.19
1749488400,0.2131,0.2138,0.2131,0.2137,75095.25
1749492000,0.2136,0.2139,0.2129,0.2134,406879.45
1749495600,0.2135,0.2135,0.2124,0.2131,145364.15
1749499200,0.2132,0.2139,0.213,0.2136,56901.83
1749502800,0.2137,0.2172,0.2137,0.2169,157759.34
1749506400,0.2172,0.2194,0.2172,0.2188,188603.51
1749510000,0.2186,0.2193,0.2178,0.2189,166866.66
1749513600,0.219,0.2207,0.2187,0.2192,68514.44
1749517200,0.2195,0.2205,0.219,0.2198,34912.34
1749520800,0.22,0.22,0.2182,0.2184,31286.68
1749524400,0.2184,0.2185,0.2178,0.218,20801.14
1749528000,0.2179,0.2182,0.2168,0.2171,107711.57
1749531600,0.2172,0.218,0.2151,0.2157,103170.11
1749535200,0.2157,0.2163,0.2145,0.2158,177397.99
1749538800,0.2158,0.2176,0.2154,0.2176,150921.1
1749542400,0.2174,0.2186,0.2167,0.2171,223872.25
1749546000,0.217,0.2184,0.2166,0.2184,285900.67
1749549600,0.2181,0.2184,0.2169,0.2175,54352.41
1749553200,0.2179,0.222,0.2168,0.2219,161756.81
1749556800,0.222,0.2251,0.2216,0.2246,105010.66
1749560400,0.2247,0.2265,0.2209,0.223,306731.04
1749564000,0.2228,0.2236,0.2201,0.2201,250981.88
1749567600,0.2203,0.2221,0.2186,0.221,21120.17
1749571200,0.2211,0.2235,0.2208,0.2227,281621.58
1749574800,0.2229,0.2233,0.2217,0.2223,169424.12
1749578400,0.2224,0.2252,0.2221,0.2248,289817.51
1749582000,0.2249,0.2268,0.2237,0.2244,196603.99
1749585600,0.2245,0.2249,0.2231,0.2249,68732.32
1749589200,0.225,0.2261,0.224,0.226,133497.31
1749592800,0.2259,0.2272,0.2251,0.2262,66199.17
1749596400,0.2258,0.226,0.225,0.2257,50536.08
1749600000,0.2259,0.2273,0.225,0.225,152389.75
1749603600,0.225,0.2253,0.2233,0.2233,126211.29
1749607200,0.2237,0.2246,0.2232,0.2238,63268.7
1749610800,0.224,0.2263,0.2238,0.2258,147158
1749614400,0.2259,0.2259,0.2243,0.2248,79017.86
1749618000,0.2248,0.2253,0.2238,0.2252,69048.25
1749621600,0.225,0.2263,0.225,0.2261,59611.84
1749625200,0.2261,0.2261,0.2248,0.2249,43112.2
1749628800,0.2248,0.2256,0.2212,0.2217,478318.66
1749632400,0.2218,0.2226,0.2197,0.2197,165141.51
1749636000,0.2201,0.221,0.2196,0.2208,205818.34
1749639600,0.2206,0.2207,0.2189,0.22,72188.12
1749643200,0.2202,0.2234,0.2192,0.2223,217347.04
1749646800,0.2223,0.2365,0.2218,0.2357,1691372.91
1749650400,0.2358,0.2388,0.2336,0.2336,630378.34
1749654000,0.2335,0.2355,0.2325,0.2343,178063.24
1749657600,0.2347,0.2399,0.2344,0.2384,568067.91
1749661200,0.238,0.2389,0.2331,0.2341,419310.24
1749664800,0.2341,0.2344,0.2304,0.2313,256382.72
1749668400,0.2314,0.2325,0.2282,0.2284,479777.49
1749672000,0.2285,0.2293,0.2258,0.2285,174893.72
1749675600,0.2286,0.2297,0.2257,0.2273,144725.49
1749679200,0.2272,0.2286,0.2253,0.2279,160638.43
1749682800,0.2279,0.2315,0.2278,0.2305,441850.06
1749686400,0.2302,0.233,0.2298,0.2326,351550.4
1749690000,0.2323,0.2325,0.2296,0.2315,103679.97
1749693600,0.2312,0.2319,0.2275,0.2276,160046.21
1749697200,0.2279,0.2285,0.2259,0.2259,246647.71
1749700800,0.2258,0.2258,0.2232,0.2241,214412.07
1749704400,0.2239,0.2245,0.2225,0.223,68184.35
1749708000,0.2229,0.2229,0.2211,0.2214,168163.78
1749711600,0.2213,0.2225,0.2198,0.2208,65983.74
1749715200,0.2209,0.2227,0.2196,0.2222,325104.19
1749718800,0.2219,0.2226,0.2206,0.221,369876.62
1749722400,0.2209,0.2213,0.2185,0.2198,316872.92
1749726000,0.2199,0.2199,0.2174,0.2174,131814.5
1749729600,0.2178,0.2205,0.2169,0.2196,114034.98
1749733200,0.2197,0.2218,0.2189,0.2211,181605.02
1749736800,0.2212,0.2223,0.2212,0.2213,113628.42
1749740400,0.2214,0.222,0.2178,0.2178,110903.96
1749744000,0.2181,0.2209,0.2177,0.2197,269100.75
1749747600,0.2196,0.2211,0.2191,0.2192,150329.01
1749751200,0.219,0.2191,0.216,0.2166,217515.28
1749754800,0.2165,0.217,0.2125,0.213,503258
1749758400,0.2129,0.2137,0.2094,0.2106,531033.46
1749762000,0.2105,0.213,0.2101,0.211,156403.47
1749765600,0.2113,0.2125,0.2099,0.2106,142160.23
1749769200,0.2107,0.2124,0.21,0.2108,988496.62
1749772800,0.2107,0.2108,0.1975,0.1987,1673142.26
1749776400,0.1987,0.1989,0.1908,0.1941,1864185.82
1749780000,0.1941,0.1942,0.1908,0.1933,863721.31
1749783600,0.1933,0.2015,0.193,0.2007,736121.7
1749787200,0.2006,0.2012,0.1984,0.2006,274929.72
1749790800,0.2005,0.2014,0.1995,0.2003,185230.86
1749794400,0.2003,0.2018,0.1984,0.2018,120934.6
1749798000,0.2014,0.2014,0.2,0.2008,70436.95
1749801600,0.201,0.203,0.2005,0.2017,770023.37
1749805200,0.2018,0.2027,0.2009,0.202,156942.4
1749808800,0.2021,0.2021,0.2004,0.202,202174.94
1749812400,0.2018,0.2021,0.2,0.2018,88091.19
1749816000,0.2017,0.203,0.1997,0.1997,84967.3
1749819600,0.1999,0.202,0.1997,0.2006,73410.26
1749823200,0.2007,0.2015,0.1982,0.2014,273495.08
1749826800,0.2012,0.2056,0.2005,0.2042,238043.66
1749830400,0.2041,0.2064,0.203,0.2054,176118.09
1749834000,0.2052,0.2052,0.2017,0.2033,186524.22
1749837600,0.2032,0.204,0.2,0.2015,285889.42
1749841200,0.2015,0.203,0.201,0.2019,91174.5
1749844800,0.2015,0.2037,0.2013,0.2033,103411.51
1749848400,0.2035,0.2036,0.2018,0.2032,131387.05
1749852000,0.2034,0.2044,0.2027,0.2035,129761.52
1749855600,0.2033,0.2049,0.2033,0.2045,107955.65
1749859200,0.2046,0.2046,0.2034,0.2034,214806.14
1749862800,0.2034,0.2035,0.202,0.2028,61589.22
1749866400,0.2026,0.203,0.2012,0.2014,111345.16
1749870000,0.2015,0.2028,0.2014,0.2017,127848.17
1749873600,0.2017,0.202,0.2012,0.2014,21702.59
1749877200,0.2014,0.2027,0.2013,0.2021,5208.13
1749880800,0.202,0.2024,0.2008,0.2019,310968.42
1749884400,0.2021,0.203,0.2014,0.2026,52408.1
1749888000,0.2024,0.2024,0.2015,0.202,13102.51
1749891600,0.2018,0.2026,0.2013,0.2015,79140.62
1749895200,0.2015,0.2028,0.2014,0.2026,68508.09
1749898800,0.2025,0.2032,0.2014,0.2017,123499.03
1749902400,0.2018,0.2022,0.2005,0.2018,155927.2
1749906000,0.2019,0.2027,0.2002,0.2008,174001.53
1749909600,0.201,0.2013,0.2,0.2003,60473.45
1749913200,0.2005,0.2007,0.1987,0.1994,71018.38
1749916800,0.1995,0.2,0.1975,0.1981,59624.96
1749920400,0.1981,0.1998,0.1981,0.1994,56183.51
1749924000,0.1993,0.2001,0.1967,0.1981,83792
1749927600,0.198,0.1985,0.1971,0.1972,217406.79
1749931200,0.1971,0.1974,0.1958,0.1969,111995.29
1749934800,0.1969,0.1998,0.1965,0.1994,147482.83
1749938400,0.1994,0.2001,0.1989,0.1991,15254.16
1749942000,0.199,0.1997,0.1987,0.199,59700.54
1749945600,0.199,0.1997,0.1988,0.1997,22977.87
1749949200,0.1998,0.1999,0.1984,0.1988,135637.54
1749952800,0.199,0.1998,0.1988,0.1988,49174.14
1749956400,0.1991,0.2004,0.1989,0.1999,25951.42
1749960000,0.1999,0.2005,0.1996,0.1998,59804.73
1749963600,0.2001,0.2011,0.1994,0.2009,9276.8
1749967200,0.2008,0.2008,0.199,0.199,29097.09
1749970800,0.199,0.1991,0.1981,0.1991,37397.89
1749974400,0.1989,0.1989,0.198,0.1984,116712.71
1749978000,0.1986,0.1986,0.197,0.1972,77045.09
1749981600,0.1974,0.1986,0.1974,0.1986,26053.79
1749985200,0.1986,0.1988,0.1975,0.1981,75926.57
1749988800,0.1983,0.1993,0.198,0.1991,26933.7
1749992400,0.1994,0.2002,0.1991,0.1999,66707.13
1749996000,0.1996,0.2009,0.1984,0.2005,134366.43
1749999600,0.2008,0.2008,0.199,0.1993,151922.21
1750003200,0.1994,0.2003,0.1989,0.1994,72372.19
1750006800,0.1995,0.2001,0.1991,0.1994,168299.11
1750010400,0.1994,0.1994,0.198,0.1986,91164.99
1750014000,0.1986,0.1993,0.1971,0.1976,131666.22
1750017600,0.1975,0.1977,0.1952,0.1961,263632.69
1750021200,0.1961,0.1969,0.1952,0.1966,135148.62
1750024800,0.1968,0.1992,0.1968,0.1986,40566.8
1750028400,0.1986,0.1994,0.1985,0.1989,63865.99
1750032000,0.1989,0.199,0.198,0.1984,57739.23
1750035600,0.1983,0.2001,0.1967,0.2001,80713.08
1750039200,0.2002,0.2011,0.1999,0.2001,365250.33
1750042800,0.2001,0.2007,0.1997,0.1999,92495.06
1750046400,0.1999,0.2014,0.1998,0.2012,52691.44
1750050000,0.2009,0.2033,0.2008,0.2025,93697.61
1750053600,0.2027,0.2032,0.2025,0.2025,12471.79
1750057200,0.2024,0.2041,0.2022,0.2038,334776.8
1750060800,0.2038,0.2041,0.2029,0.2036,55811.62
1750064400,0.2038,0.205,0.2037,0.2042,134530.36
1750068000,0.2046,0.2049,0.2034,0.2042,3532.57
1750071600,0.2039,0.2044,0.2035,0.2042,23635.15
1750075200,0.2041,0.2044,0.203,0.2036,80138.88
1750078800,0.2038,0.2053,0.203,0.2051,160453.3
1750082400,0.2051,0.2066,0.2047,0.2062,119233.7
1750086000,0.2058,0.2069,0.2056,0.2057,53236.97
1750089600,0.2061,0.2077,0.2055,0.2065,76330.85
1750093200,0.2065,0.2068,0.2058,0.2065,58897.15
1750096800,0.2064,0.2076,0.2064,0.2075,50542.27
1750100400,0.2077,0.2081,0.2065,0.2066,69830.35
1750104000,0.2067,0.2073,0.2058,0.207,148793.37
1750107600,0.2071,0.2071,0.2055,0.2061,136974.44
1750111200,0.2065,0.2073,0.2008,0.2027,245841.28
1750114800,0.2021,0.2034,0.1994,0.1997,155228.06
1750118400,0.1994,0.2015,0.1956,0.2015,95315.39
1750122000,0.2014,0.2023,0.2009,0.2015,43870.82
1750125600,0.201,0.2024,0.1999,0.2021,28765.37
1750129200,0.2023,0.2028,0.2017,0.202,14941.81
1750132800,0.2018,0.2023,0.2006,0.2009,45213.14
1750136400,0.2009,0.2009,0.1996,0.2005,37690.37
1750140000,0.2002,0.2011,0.1991,0.1995,94444.49
1750143600,0.1994,0.2002,0.1994,0.1997,29871.14
1750147200,0.1999,0.1999,0.198,0.1985,183534.33
1750150800,0.1983,0.1991,0.1982,0.1987,37283.36
1750154400,0.1989,0.1994,0.1974,0.1989,144240.63
1750158000,0.1989,0.1989,0.1974,0.198,185981.67
1750161600,0.1979,0.199,0.1975,0.1975,60886.68
1750165200,0.1977,0.1999,0.1976,0.1989,118208.68
1750168800,0.199,0.2009,0.1986,0.1986,230767.18
1750172400,0.1985,0.1985,0.1951,0.1965,129240.69
1750176000,0.1968,0.1971,0.1938,0.194,559601.73
1750179600,0.1937,0.1959,0.193,0.1942,233925.59
1750183200,0.1939,0.1962,0.1932,0.1962,347784.83
1750186800,0.1963,0.1994,0.1961,0.1981,108153.91
1750190400,0.198,0.1987,0.1967,0.1967,58237.46
1750194000,0.1969,0.1969,0.1951,0.1958,865477.51
1750197600,0.1959,0.1959,0.1936,0.1937,107427.3
1750201200,0.1939,0.1952,0.1937,0.1941,77521.22
1750204800,0.1946,0.1951,0.1935,0.1946,116968.05
1750208400,0.1947,0.1959,0.194,0.194,58278.32
1750212000,0.194,0.1949,0.1935,0.1942,23725.71
1750215600,0.1943,0.196,0.194,0.1958,24055.55
1750219200,0.1959,0.1974,0.1956,0.1969,99063.4
1750222800,0.1967,0.1975,0.1963,0.1966,16854.5
1750226400,0.1965,0.1966,0.1951,0.1952,34623.75
1750230000,0.1954,0.1954,0.1946,0.1953,66261.99
1750233600,0.1951,0.1958,0.1935,0.194,121225.31
1750237200,0.1942,0.1946,0.193,0.1932,129366.71
1750240800,0.1933,0.1933,0.189,0.1896,270863.3
1750244400,0.1897,0.1924,0.1891,0.1921,495586.79
1750248000,0.1922,0.1926,0.1902,0.1905,138474.59
1750251600,0.1906,0.1906,0.1878,0.1896,489201.1
1750255200,0.1896,0.1918,0.1884,0.1901,105828.77
1750258800,0.1902,0.1909,0.1889,0.1893,108797.83
1750262400,0.1893,0.1897,0.1871,0.1876,87259.59
1750266000,0.1876,0.1877,0.1839,0.1858,217139.31
1750269600,0.186,0.1877,0.1824,0.1826,291330.93
1750273200,0.1823,0.1857,0.1821,0.1848,177673.98
1750276800,0.1845,0.1898,0.1845,0.1894,51568.68
1750280400,0.1897,0.1916,0.1886,0.1911,125212.64
1750284000,0.1908,0.1919,0.1908,0.1911,53658.27
1750287600,0.1913,0.1914,0.1891,0.1902,114959.76
1750291200,0.1902,0.1919,0.1898,0.1907,205804.84
1750294800,0.1909,0.1909,0.1888,0.1889,73922.78
1750298400,0.1892,0.1898,0.1884,0.1885,55081.44
1750302000,0.1886,0.1903,0.1886,0.1903,49292.24
1750305600,0.1904,0.1912,0.1894,0.1903,33428.36
1750309200,0.1904,0.1924,0.19,0.19,194160.41
1750312800,0.1899,0.1905,0.1887,0.1888,208205.11
1750316400,0.189,0.1898,0.1888,0.1894,36844.55
1750320000,0.1894,0.1911,0.1894,0.1902,111336.56
1750323600,0.1901,0.1923,0.1901,0.1917,353805.15
1750327200,0.1914,0.1921,0.191,0.1917,78674.76
1750330800,0.1914,0.1914,0.1893,0.1896,113105.16
1750334400,0.1894,0.1901,0.1885,0.1889,19359.56
1750338000,0.189,0.1894,0.1877,0.1878,20615.63
1750341600,0.1878,0.1889,0.187,0.1874,32602.26
1750345200,0.1871,0.1881,0.1853,0.1853,124300.71
1750348800,0.1857,0.1866,0.1844,0.1848,118442.37
1750352400,0.185,0.1889,0.1849,0.1875,196846.17
1750356000,0.1877,0.1884,0.1868,0.1876,113944.59
1750359600,0.1877,0.1883,0.1868,0.1871,41182.2
1750363200,0.1874,0.1882,0.1864,0.1869,68395.15
1750366800,0.1872,0.1881,0.1869,0.1879,82413.8
1750370400,0.1878,0.1894,0.1877,0.1887,120743.24
1750374000,0.1886,0.1889,0.187,0.1872,152778.67
1750377600,0.1874,0.1883,0.1863,0.1868,74570.37
1750381200,0.187,0.1874,0.1858,0.187,69627.8
1750384800,0.1872,0.1879,0.187,0.1874,65155.89
1750388400,0.1874,0.1885,0.187,0.1882,24328.28
1750392000,0.1882,0.1887,0.1863,0.1863,5036.26
1750395600,0.1866,0.1878,0.1859,0.1875,258313.93
1750399200,0.1875,0.1889,0.1874,0.1884,84276.82
1750402800,0.1885,0.191,0.1885,0.1904,259578.1
1750406400,0.1904,0.1918,0.1902,0.1909,208085.05
1750410000,0.191,0.1912,0.1898,0.1901,77475.53
1750413600,0.1903,0.1909,0.1897,0.1905,73234.57
1750417200,0.1907,0.1912,0.1899,0.1909,26655.61
1750420800,0.1907,0.1913,0.1906,0.1911,51378.84
1750424400,0.1912,0.1925,0.1895,0.1905,48405.93
1750428000,0.1905,0.191,0.1873,0.1875,175923.84
1750431600,0.1876,0.188,0.1866,0.1868,1649896.33
1750435200,0.187,0.1879,0.1851,0.1852,1879944.52
1750438800,0.1854,0.1859,0.1799,0.1835,1291168.74
1750442400,0.1834,0.1843,0.1826,0.1828,344870.1
1750446000,0.1828,0.1835,0.1815,0.1835,152706.39
1750449600,0.1833,0.185,0.1832,0.1844,18928.62
1750453200,0.1844,0.1844,0.1835,0.1835,41625.71
1750456800,0.1837,0.1837,0.181,0.1814,71003.78
1750460400,0.1815,0.1829,0.1811,0.1827,99410.87
1750464000,0.1827,0.184,0.1823,0.1831,102695.75
1750467600,0.1832,0.1849,0.1832,0.1847,132860.54
1750471200,0.1848,0.1849,0.184,0.1841,24025.99
1750474800,0.1843,0.1856,0.1843,0.1852,41141.33
1750478400,0.1851,0.1853,0.1843,0.1846,254530.97
1750482000,0.1842,0.1848,0.1839,0.1848,69573.25
1750485600,0.1847,0.1857,0.1846,0.1854,56942.45
1750489200,0.1855,0.1865,0.1848,0.1863,70706.05
1750492800,0.1865,0.1883,0.1864,0.1882,49536.72
1750496400,0.1884,0.1884,0.1868,0.1873,107661.87
1750500000,0.1874,0.1874,0.1861,0.1866,81352.56
1750503600,0.1865,0.187,0.1865,0.1865,13123.97
1750507200,0.1867,0.1873,0.1854,0.1856,43467.25
1750510800,0.1857,0.1859,0.1832,0.1835,38948.32
1750514400,0.1833,0.1837,0.1823,0.1829,106673.28
1750518000,0.1833,0.1833,0.1816,0.1832,229507.47
1750521600,0.1833,0.1837,0.1822,0.1829,141076.51
1750525200,0.1829,0.1836,0.1802,0.1807,54835
1750528800,0.1807,0.1809,0.178,0.178,364850.78
1750532400,0.1785,0.1789,0.1746,0.1746,925034.43
1750536000,0.1748,0.1757,0.1732,0.1753,342269.01
1750539600,0.1754,0.1754,0.1676,0.1714,719630.22
1750543200,0.1711,0.173,0.1701,0.1719,378992.36
1750546800,0.1718,0.1734,0.1702,0.1729,624556.25
1750550400,0.173,0.1753,0.1718,0.1743,364691.52
1750554000,0.1744,0.1752,0.1725,0.1726,267586.51
1750557600,0.1727,0.1734,0.1714,0.173,663699.47
1750561200,0.1728,0.1731,0.1707,0.1716,38658.48
1750564800,0.1716,0.1733,0.1714,0.1729,81593.54
1750568400,0.173,0.1737,0.1725,0.1737,130829.23
1750572000,0.1736,0.1745,0.1732,0.1739,69144.13
1750575600,0.1739,0.174,0.1723,0.1728,176334.92
1750579200,0.173,0.173,0.1716,0.173,209042.98
1750582800,0.1733,0.1736,0.1719,0.1722,213194.82
1750586400,0.1722,0.1745,0.172,0.1738,59030.17
1750590000,0.174,0.175,0.1735,0.1746,92826.83
1750593600,0.1743,0.1752,0.1727,0.174,103213.81
1750597200,0.1743,0.1746,0.1667,0.1688,546156.3
1750600800,0.1687,0.1708,0.1661,0.1708,501612.76
1750604400,0.1704,0.1712,0.1677,0.168,202318.68
1750608000,0.1679,0.1686,0.1665,0.1681,1034043.48
1750611600,0.1685,0.1699,0.1673,0.1694,182350.43
1750615200,0.1692,0.17,0.1685,0.1687,95131.22
1750618800,0.1689,0.1691,0.1675,0.1678,101925.93
1750622400,0.1679,0.1686,0.1637,0.1678,606371.62
1750626000,0.1683,0.1688,0.166,0.1662,91135.23
1750629600,0.1669,0.1725,0.1668,0.1725,264807.58
1750633200,0.1725,0.1731,0.1718,0.1725,62710.5
1750636800,0.1725,0.174,0.1719,0.1727,256196.8
1750640400,0.1726,0.1732,0.1715,0.1732,143793.42
1750644000,0.1733,0.1734,0.1724,0.173,127883.59
1750647600,0.1731,0.1737,0.1724,0.173,99292.77
1750651200,0.1728,0.174,0.1728,0.1731,92830.85
1750654800,0.1732,0.1745,0.1731,0.1742,250500.89
1750658400,0.1743,0.175,0.1739,0.1746,29472.89
1750662000,0.175,0.1757,0.1747,0.175,74211.44
1750665600,0.175,0.1756,0.1742,0.1743,187064.95
1750669200,0.1743,0.1745,0.1736,0.1742,33367.62
1750672800,0.174,0.1741,0.1725,0.1729,127432.21
1750676400,0.173,0.173,0.1722,0.1728,5200.65
1750680000,0.1728,0.1739,0.1717,0.1739,131484.48
1750683600,0.174,0.1752,0.1705,0.1747,264469.52
1750687200,0.1748,0.1755,0.1724,0.173,490758.58
1750690800,0.1727,0.1735,0.1713,0.1714,73537.38
1750694400,0.1716,0.1716,0.1665,0.1676,497983.64
1750698000,0.1675,0.1735,0.1673,0.1729,216119.29
1750701600,0.1731,0.1749,0.173,0.1745,384815.72
1750705200,0.1744,0.1754,0.1735,0.1744,180763.53
1750708800,0.1745,0.1781,0.1741,0.177,541615.5
1750712400,0.1772,0.1786,0.1764,0.1765,695264.66
1750716000,0.1768,0.1833,0.1768,0.1818,1461771.41
1750719600,0.182,0.1821,0.1809,0.1813,182597.05
1750723200,0.1814,0.1825,0.1798,0.1808,959166.33
1750726800,0.1806,0.1819,0.1802,0.1816,157802.96
1750730400,0.1817,0.1818,0.1798,0.1798,226829.09
1750734000,0.1799,0.181,0.1798,0.1804,246305.56
1750737600,0.1805,0.1809,0.1803,0.1809,104050.22
1750741200,0.1808,0.1846,0.1808,0.1843,839615.1
1750744800,0.1846,0.1855,0.1841,0.1847,180534.41
1750748400,0.1846,0.1854,0.1815,0.1816,626404.55
1750752000,0.1818,0.1818,0.1789,0.18,309011.15
1750755600,0.1798,0.1828,0.1798,0.1815,205493.57
1750759200,0.1817,0.1822,0.1812,0.182,202117.16
1750762800,0.1821,0.1827,0.1808,0.1817,16944.68
1750766400,0.1815,0.1824,0.1807,0.1815,77913.2
1750770000,0.1814,0.182,0.1799,0.181,301348.58
1750773600,0.1811,0.1831,0.1808,0.1816,143413.17
1750777200,0.1819,0.1825,0.1801,0.1808,491033.5
1750780800,0.1808,0.1846,0.1804,0.1846,479744.51
1750784400,0.1843,0.1846,0.1811,0.1823,189816.52
1750788000,0.1823,0.1825,0.1808,0.1811,39670.23
1750791600,0.181,0.1824,0.1807,0.1824,130116.75
1750795200,0.1825,0.183,0.181,0.183,209848.66
1750798800,0.1831,0.1831,0.1816,0.1831,207239.16
1750802400,0.1828,0.1836,0.1823,0.1835,50428.87
1750806000,0.1833,0.1844,0.1826,0.1844,135142.93
1750809600,0.1841,0.1851,0.1825,0.1835,370259.34
1750813200,0.1835,0.1838,0.1824,0.1828,76958.85
1750816800,0.183,0.184,0.1825,0.1829,195173.74
1750820400,0.1828,0.1843,0.1828,0.1829,47860.27
1750824000,0.1829,0.183,0.1819,0.1824,50048.15
1750827600,0.1826,0.1827,0.1813,0.1813,102170.98
1750831200,0.1815,0.1831,0.1812,0.1829,43441.67
1750834800,0.1829,0.1841,0.1825,0.1838,23950.44
1750838400,0.1839,0.1841,0.1819,0.1828,116949.65
1750842000,0.1826,0.1835,0.1812,0.1816,89524.69
1750845600,0.1819,0.1827,0.1816,0.182,28455.29
1750849200,0.1823,0.1831,0.1819,0.1829,152093.1
1750852800,0.1828,0.1829,0.182,0.1822,83258.01
1750856400,0.1823,0.1843,0.1822,0.1832,498003.99
1750860000,0.1833,0.1833,0.1803,0.1814,79315.64
1750863600,0.1814,0.1814,0.1785,0.1787,257583.4
1750867200,0.1788,0.1791,0.1775,0.178,118950.07
1750870800,0.1782,0.1801,0.1775,0.1791,44164.05
1750874400,0.1791,0.1792,0.178,0.1786,132276.48
1750878000,0.1785,0.1799,0.1785,0.1791,176530.4
1750881600,0.179,0.1797,0.1788,0.1792,48860.25
1750885200,0.1796,0.1804,0.1786,0.179,77604.05
1750888800,0.1788,0.1789,0.1774,0.1779,155270.35
1750892400,0.1778,0.1779,0.1767,0.1778,191325.02
1750896000,0.1778,0.1788,0.1776,0.1781,36419.93
1750899600,0.178,0.1798,0.1766,0.1785,245455.12
1750903200,0.1786,0.1805,0.178,0.1802,241999.55
1750906800,0.1801,0.1812,0.1784,0.1787,55238.65
1750910400,0.1787,0.179,0.1772,0.1779,81555.49
1750914000,0.1777,0.1779,0.1771,0.1775,57510.46
1750917600,0.1776,0.1784,0.1776,0.1782,8943.95
1750921200,0.1783,0.1795,0.1783,0.179,39484.78
1750924800,0.1791,0.1797,0.1784,0.1786,45177.55
1750928400,0.1784,0.1788,0.1768,0.1768,131909.64
1750932000,0.1768,0.1773,0.1759,0.1764,102524.61
1750935600,0.1762,0.1762,0.1752,0.1755,58384.68
1750939200,0.1754,0.1756,0.1733,0.1737,85232.57
1750942800,0.1736,0.1741,0.1714,0.172,151035.33
1750946400,0.172,0.174,0.171,0.1728,141669.28
1750950000,0.173,0.1732,0.1713,0.1731,136132.73
1750953600,0.1731,0.1731,0.1715,0.1717,62709.63
1750957200,0.1718,0.1733,0.1718,0.1724,87467.83
1750960800,0.1721,0.1733,0.172,0.173,118214.58
1750964400,0.173,0.1745,0.1727,0.1742,135148.92
1750968000,0.1741,0.1765,0.174,0.1754,190967.19
1750971600,0.1752,0.1752,0.1724,0.1735,187752.16
1750975200,0.1736,0.1742,0.1726,0.1728,83140.51
1750978800,0.1727,0.1731,0.1726,0.173,76548.15
1750982400,0.1729,0.1735,0.1719,0.1722,144930.71
1750986000,0.1723,0.1747,0.1715,0.1742,266536.15
1750989600,0.1741,0.1752,0.1738,0.175,81829.05
1750993200,0.1751,0.1759,0.1748,0.1753,44858.5
1750996800,0.1754,0.1754,0.1743,0.1745,39662.27
1751000400,0.1744,0.176,0.1732,0.1732,155995.32
1751004000,0.1731,0.1742,0.1729,0.1737,45536.01
1751007600,0.174,0.1747,0.173,0.1733,97583.6
1751011200,0.1734,0.1756,0.1734,0.1753,42384.29
1751014800,0.1754,0.1754,0.1746,0.1749,29017.82
1751018400,0.1748,0.1748,0.1737,0.1737,33871.58
1751022000,0.1736,0.1742,0.1735,0.1737,22605.83
1751025600,0.1737,0.1744,0.1726,0.1729,40168.4
1751029200,0.173,0.1743,0.1723,0.1736,109043.99
1751032800,0.1736,0.1744,0.1731,0.1734,100302.16
1751036400,0.1733,0.1752,0.1732,0.1752,61013.79
1751040000,0.1752,0.1768,0.1749,0.1757,96825.32
1751043600,0.1758,0.1758,0.1732,0.174,28904.07
1751047200,0.1738,0.174,0.1723,0.1725,387832.88
1751050800,0.1727,0.1735,0.1726,0.1731,228526.36
1751054400,0.173,0.1743,0.173,0.1742,101764.36
1751058000,0.1743,0.1748,0.174,0.1748,18972.75
1751061600,0.1747,0.1755,0.1746,0.1747,15208.74
1751065200,0.1746,0.1747,0.174,0.1747,40253.4
1751068800,0.1744,0.175,0.1743,0.1745,240898.59
1751072400,0.1744,0.1755,0.174,0.1755,57945.29
1751076000,0.1755,0.1756,0.1748,0.1748,43141.46
1751079600,0.1748,0.1751,0.1747,0.175,41048.51
1751083200,0.1749,0.1753,0.1745,0.1745,35302.33
1751086800,0.1744,0.1757,0.1744,0.1751,90261.15
1751090400,0.175,0.1754,0.1747,0.1753,20085.15
1751094000,0.1754,0.1758,0.175,0.1758,4695.85
1751097600,0.1756,0.1758,0.175,0.1752,52567.63
1751101200,0.1753,0.176,0.175,0.1759,16653.22
1751104800,0.1759,0.1764,0.1756,0.176,79687.39
1751108400,0.1761,0.1763,0.1752,0.1752,29851.27
1751112000,0.1755,0.1755,0.1749,0.1753,86890.03
1751115600,0.1754,0.1755,0.1747,0.1752,13030.75
1751119200,0.1753,0.1759,0.1753,0.1758,78013.94
1751122800,0.1759,0.1769,0.1757,0.1767,81577.8
1751126400,0.1769,0.1777,0.1765,0.1765,157305
1751130000,0.1764,0.1775,0.1758,0.1773,57156.1
1751133600,0.1774,0.1778,0.1768,0.1778,24831.39
1751137200,0.1778,0.178,0.1772,0.1772,68672.99
1751140800,0.1774,0.1778,0.1771,0.1776,26924.64
1751144400,0.1775,0.1783,0.1774,0.1777,50429.63
1751148000,0.1778,0.1787,0.1777,0.1785,226421.25
1751151600,0.1785,0.1789,0.178,0.1781,80955.2
1751155200,0.1783,0.1784,0.1775,0.1779,396735.22
1751158800,0.1781,0.1783,0.1774,0.1776,1306.85
1751162400,0.1773,0.1773,0.1765,0.1773,74990.38
1751166000,0.1772,0.1773,0.1767,0.1768,202909.82
1751169600,0.1766,0.177,0.1766,0.177,253985.36
1751173200,0.1771,0.1771,0.1767,0.177,59875.18
1751176800,0.177,0.1781,0.177,0.1781,23375.33
1751180400,0.178,0.1786,0.1779,0.1786,21161.03
1751184000,0.1787,0.1797,0.1786,0.1794,26639.35
1751187600,0.1793,0.1808,0.1792,0.1802,28168.56
1751191200,0.1805,0.1812,0.1802,0.1808,14692.56
1751194800,0.1808,0.1809,0.1802,0.1805,99881.53
1751198400,0.1806,0.1808,0.1798,0.1803,16022.78
1751202000,0.1802,0.1807,0.1794,0.1794,404098.47
1751205600,0.1795,0.1797,0.1782,0.1784,57829.35
1751209200,0.1784,0.1784,0.1775,0.1776,28830
1751212800,0.1779,0.178,0.177,0.178,33393.29
1751216400,0.1781,0.1789,0.1776,0.1789,5030.08
1751220000,0.179,0.1794,0.1787,0.1793,57962.83
1751223600,0.1792,0.1796,0.1788,0.1795,105901.32
1751227200,0.1794,0.1801,0.1793,0.1797,143709.74
1751230800,0.1797,0.1824,0.1791,0.1824,101309.58
1751234400,0.1824,0.1864,0.1824,0.1857,172438.89
1751238000,0.1859,0.1868,0.1844,0.1847,289932.27
1751241600,0.1848,0.1854,0.1842,0.1842,134230.68
1751245200,0.1843,0.1843,0.1826,0.183,97574.05
1751248800,0.183,0.1836,0.1828,0.1835,74725.07
1751252400,0.1831,0.1841,0.183,0.1838,8793.83
1751256000,0.1839,0.184,0.1823,0.1825,277986.02
1751259600,0.1826,0.1835,0.1824,0.1834,94501.43
1751263200,0.1836,0.1838,0.1811,0.182,73923.86
1751266800,0.1821,0.184,0.1819,0.1836,82212.6
1751270400,0.1836,0.1839,0.183,0.1832,255770.41
1751274000,0.183,0.1837,0.1817,0.1818,18878.03
1751277600,0.1816,0.1828,0.1815,0.1827,83269.32
1751281200,0.1826,0.1834,0.1821,0.1828,12213.06
1751284800,0.1828,0.1842,0.1828,0.1839,169095.13
1751288400,0.1838,0.1851,0.1821,0.184,678868.59
1751292000,0.1841,0.1848,0.1826,0.183,458678.89
1751295600,0.1831,0.1863,0.1828,0.1862,457971.73
1751299200,0.1862,0.1894,0.186,0.1893,690689.02
1751302800,0.189,0.1903,0.1875,0.1879,618179.05
1751306400,0.1878,0.1886,0.1863,0.1872,231210.83
1751310000,0.1873,0.1927,0.1867,0.1923,570350.23
1751313600,0.1922,0.1931,0.1906,0.191,429192.29
1751317200,0.1914,0.1918,0.1889,0.1898,207733.66
1751320800,0.19,0.1907,0.1894,0.1897,184294.78
1751324400,0.1896,0.1899,0.188,0.1887,444449.33
1751328000,0.1884,0.1895,0.1871,0.1875,462183.08
1751331600,0.1873,0.1877,0.185,0.1851,309953.75
1751335200,0.185,0.1855,0.1845,0.1847,43568.99
1751338800,0.1846,0.1855,0.1843,0.185,36327.44
1751342400,0.185,0.185,0.1825,0.1825,234790.03
1751346000,0.1827,0.1833,0.1819,0.1831,26221.97
1751349600,0.183,0.1838,0.1825,0.1838,195328.86
1751353200,0.1838,0.184,0.1817,0.1836,75213.59
1751356800,0.1834,0.1834,0.1807,0.1815,643661.66
1751360400,0.1814,0.1833,0.1813,0.1829,1000088.52
1751364000,0.183,0.1849,0.1827,0.1833,1746685.72
1751367600,0.1834,0.1838,0.1827,0.1832,84750.43
1751371200,0.1831,0.1836,0.1824,0.1831,49770.1
1751374800,0.1832,0.1849,0.1829,0.1843,325330.2
1751378400,0.184,0.186,0.184,0.1854,261125.62
1751382000,0.1851,0.1854,0.1823,0.183,415456.63
1751385600,0.1828,0.1846,0.1821,0.1831,878769.71
1751389200,0.1831,0.1831,0.1809,0.181,369488.12
1751392800,0.1812,0.1815,0.1765,0.1772,589829.52
1751396400,0.1769,0.1778,0.1755,0.1764,617805.58
1751400000,0.1765,0.1778,0.176,0.1778,113780.02
1751403600,0.1776,0.1783,0.1768,0.177,205121.58
1751407200,0.177,0.1781,0.1764,0.177,34592.56
1751410800,0.1769,0.1772,0.1754,0.177,72221.34
1751414400,0.177,0.1772,0.1756,0.1756,35492.21
1751418000,0.1759,0.1778,0.1747,0.1773,73568.26
1751421600,0.1772,0.1774,0.1761,0.1773,45933.45
1751425200,0.1773,0.1791,0.1772,0.1775,263261.66
1751428800,0.1774,0.1802,0.1771,0.18,104346.39
1751432400,0.1799,0.181,0.1793,0.1796,172249.45
1751436000,0.1795,0.1806,0.1793,0.1805,39347.55
1751439600,0.1805,0.1805,0.1794,0.1797,70139.35
1751443200,0.1799,0.1807,0.1799,0.1807,18128.43
1751446800,0.1807,0.1807,0.1799,0.1801,17501.88
1751450400,0.18,0.1812,0.18,0.1811,175397.87
1751454000,0.1813,0.1821,0.1803,0.1806,98358.8
1751457600,0.1806,0.1806,0.1783,0.1789,281730.77
1751461200,0.1788,0.1808,0.1787,0.1804,493314.43
1751464800,0.1806,0.1822,0.1806,0.1819,126607.14
1751468400,0.1822,0.1842,0.1819,0.1841,306854.96
1751472000,0.1843,0.1879,0.1842,0.1877,221687.04
1751475600,0.1878,0.1888,0.1868,0.1878,273724.6
1751479200,0.1879,0.1897,0.1879,0.1897,67892.76
1751482800,0.1897,0.19,0.1891,0.19,105280.9
1751486400,0.1898,0.1913,0.1898,0.1903,195187.46
1751490000,0.1905,0.1919,0.19,0.1906,664017.3
1751493600,0.1907,0.1912,0.1896,0.1901,60851.61
1751497200,0.1902,0.1904,0.1875,0.1882,151170.92
1751500800,0.1884,0.19,0.1884,0.1889,267481.89
1751504400,0.189,0.1904,0.1888,0.1903,189768.44
1751508000,0.19,0.1902,0.1891,0.1895,42640.42
1751511600,0.1898,0.1904,0.1894,0.1896,12568.14
1751515200,0.1896,0.1903,0.1893,0.19,11802.39
1751518800,0.1901,0.192,0.19,0.1917,137237.97
1751522400,0.1918,0.1925,0.1913,0.1923,81889.82
1751526000,0.1923,0.1925,0.1919,0.1923,81642.45
1751529600,0.1919,0.192,0.19,0.191,273507.75
1751533200,0.1912,0.1925,0.1909,0.1918,86168
1751536800,0.1914,0.1919,0.1907,0.1914,34382.63
1751540400,0.191,0.1911,0.1889,0.1893,198641.93
1751544000,0.1895,0.1911,0.1878,0.1893,326205.53
1751547600,0.1894,0.1911,0.1887,0.1905,72739.7
1751551200,0.1906,0.1912,0.1883,0.1886,89678.86
1751554800,0.1889,0.189,0.1855,0.1857,147101.58
1751558400,0.1859,0.1871,0.1859,0.1864,84247.86
1751562000,0.1866,0.1872,0.1865,0.1871,36401.75
1751565600,0.1873,0.1878,0.1867,0.1873,131190.43
1751569200,0.1876,0.188,0.1875,0.188,82994.07
1751572800,0.1879,0.1883,0.1875,0.1879,93238.75
1751576400,0.1879,0.1883,0.1873,0.1883,130865.4
1751580000,0.1881,0.1886,0.1877,0.1881,189419.08
1751583600,0.1881,0.1881,0.1866,0.1872,530914.98
1751587200,0.1874,0.1881,0.1866,0.1877,350939.01
1751590800,0.1877,0.1883,0.1875,0.1875,40503.09
1751594400,0.1874,0.1877,0.1857,0.1858,140648.05
1751598000,0.1859,0.1873,0.1857,0.1867,239365.19
1751601600,0.1865,0.1875,0.1859,0.186,160723.56
1751605200,0.1861,0.187,0.1855,0.1855,73769.56
1751608800,0.1854,0.1854,0.1838,0.1841,362476.43
1751612400,0.1842,0.1845,0.1811,0.1812,350739.96
1751616000,0.181,0.1829,0.1803,0.1824,140253.83
1751619600,0.1824,0.1836,0.1824,0.183,172558.54
1751623200,0.1829,0.1831,0.1809,0.1812,116833.69
1751626800,0.1813,0.182,0.1812,0.1815,54468.02
1751630400,0.1814,0.1821,0.1811,0.1817,47434.98
1751634000,0.1816,0.1824,0.1805,0.1805,574541.11
1751637600,0.1805,0.1812,0.1792,0.1807,227147.74
1751641200,0.1808,0.1808,0.1791,0.1797,225905.94
1751644800,0.1795,0.1795,0.1775,0.1786,197814.24
1751648400,0.1787,0.1795,0.1783,0.1795,108704.39
1751652000,0.1794,0.1794,0.1781,0.1787,133298.18
1751655600,0.1784,0.1791,0.1774,0.1779,69126.95
1751659200,0.1778,0.179,0.1776,0.1785,76241.73
1751662800,0.1785,0.1792,0.1779,0.179,41628.34
1751666400,0.179,0.1806,0.1788,0.1802,59126.24
1751670000,0.1801,0.1801,0.1793,0.1796,90762.68
1751673600,0.1796,0.181,0.1795,0.1807,85591.8
1751677200,0.1806,0.1808,0.1795,0.18,62082.88
1751680800,0.1799,0.1801,0.179,0.1798,19016.69
1751684400,0.18,0.1805,0.1795,0.1798,105090.59
1751688000,0.1797,0.18,0.179,0.179,133021.86
1751691600,0.1789,0.1801,0.1788,0.1799,60713.59
1751695200,0.1798,0.1804,0.1791,0.1802,83863.69
1751698800,0.1802,0.1802,0.1795,0.1799,13604.02
1751702400,0.1799,0.1806,0.1797,0.1797,215291.68
1751706000,0.1796,0.1801,0.1791,0.1801,81412.01
1751709600,0.1799,0.1802,0.1795,0.1797,12857.8
1751713200,0.1798,0.1816,0.1798,0.1808,20636.82
1751716800,0.1808,0.1808,0.1797,0.1807,66448.31
1751720400,0.1803,0.181,0.1801,0.1802,9125.37
1751724000,0.1801,0.1807,0.1799,0.1807,46240
1751727600,0.1807,0.1809,0.1798,0.1802,21407.46
1751731200,0.1803,0.1812,0.1802,0.1812,60890.61
1751734800,0.1813,0.1827,0.1805,0.1826,267392.41
1751738400,0.1824,0.1835,0.1816,0.1824,228540.54
1751742000,0.1824,0.1829,0.1811,0.1828,162104.7
1751745600,0.1825,0.183,0.182,0.1828,17351.13
1751749200,0.1829,0.1831,0.1818,0.1826,478922.1
1751752800,0.1826,0.1829,0.1823,0.1827,112250.45
1751756400,0.1826,0.1831,0.1822,0.1823,90555.25
1751760000,0.1823,0.1825,0.1817,0.1821,49061.8
1751763600,0.182,0.182,0.1811,0.1817,58741.51
1751767200,0.1817,0.1819,0.1811,0.1812,43249.83
1751770800,0.1811,0.1812,0.1807,0.1811,59946.51
1751774400,0.1809,0.1815,0.1804,0.1809,43034.44
1751778000,0.181,0.181,0.18,0.1804,30653.6
1751781600,0.1802,0.1813,0.1802,0.1809,134968.25
1751785200,0.1808,0.181,0.1803,0.1805,32712.8
1751788800,0.1806,0.1812,0.1801,0.181,69924.5
1751792400,0.1808,0.1817,0.1808,0.181,16451.52
1751796000,0.1812,0.1819,0.1811,0.1816,40872
1751799600,0.1814,0.1818,0.1812,0.1814,47871.78
1751803200,0.1815,0.1823,0.181,0.1819,19567.99
1751806800,0.1819,0.1841,0.1818,0.1838,28190.21
1751810400,0.1836,0.1839,0.1828,0.1839,24927.46
1751814000,0.1839,0.1842,0.1834,0.1842,62482.05
1751817600,0.1842,0.1846,0.1835,0.1839,53795.27
1751821200,0.1839,0.1842,0.1834,0.1842,131724.33
1751824800,0.184,0.1846,0.1829,0.1837,93007.73
1751828400,0.1838,0.1843,0.1834,0.1841,12462.26
1751832000,0.1842,0.1847,0.1842,0.1844,10003.46
1751835600,0.1843,0.1861,0.1843,0.1853,166924.86
1751839200,0.1854,0.1861,0.1847,0.1848,97583.68
1751842800,0.1846,0.1846,0.1833,0.1838,247039.49
1751846400,0.1837,0.1838,0.183,0.1836,44282.81
1751850000,0.1836,0.1841,0.1833,0.1841,156536.31
1751853600,0.184,0.1854,0.184,0.1851,56962.74
1751857200,0.1851,0.1855,0.1847,0.1847,81805.77
1751860800,0.1848,0.1853,0.1845,0.1846,7843.35
1751864400,0.1846,0.185,0.1841,0.1841,13069.21
1751868000,0.1842,0.1842,0.1832,0.1835,598971.4
1751871600,0.1836,0.1851,0.1832,0.1851,23689.01
1751875200,0.185,0.1857,0.1848,0.1851,41750.49
1751878800,0.185,0.1852,0.1843,0.1845,31075.03
1751882400,0.1843,0.1846,0.1839,0.1846,81230.93
1751886000,0.1846,0.1859,0.1845,0.1856,21857.86
1751889600,0.1856,0.1871,0.1855,0.1865,283152.78
1751893200,0.1866,0.1872,0.186,0.1872,289717.69
1751896800,0.1871,0.1873,0.1846,0.1851,111582.99
1751900400,0.1851,0.1853,0.1841,0.1845,145757.46
1751904000,0.1845,0.1852,0.1832,0.1837,187515.68
1751907600,0.1836,0.1847,0.1834,0.1836,11267.47
1751911200,0.1836,0.1841,0.1825,0.1838,204661.24
1751914800,0.1839,0.1847,0.1837,0.1841,105775.68
1751918400,0.1842,0.1844,0.1825,0.1837,51029.72
1751922000,0.1837,0.1843,0.1827,0.1843,65558.44
1751925600,0.1844,0.1845,0.1835,0.1837,36794.06
1751929200,0.1839,0.185,0.1838,0.1847,102414.33
1751932800,0.185,0.1856,0.1844,0.1845,192146.14
1751936400,0.1844,0.1844,0.183,0.1832,71978.75
1751940000,0.1832,0.1841,0.1827,0.184,165576.39
1751943600,0.1841,0.1852,0.1841,0.185,133245.17
1751947200,0.1851,0.1854,0.1845,0.1853,37070.03
1751950800,0.1854,0.1856,0.1849,0.1856,12850.5
1751954400,0.1856,0.1871,0.1856,0.187,97446.14
1751958000,0.187,0.187,0.1849,0.1857,135916.49
1751961600,0.1858,0.1864,0.1851,0.1851,61058.88
1751965200,0.1851,0.1863,0.185,0.1861,50969.55
1751968800,0.1863,0.1874,0.186,0.1874,91947.33
1751972400,0.1875,0.1884,0.1875,0.1879,43635.59
1751976000,0.1879,0.1891,0.1876,0.1891,74350.53
1751979600,0.1892,0.1893,0.1878,0.1887,86090.23
1751983200,0.1887,0.1887,0.1867,0.187,154565.11
1751986800,0.1868,0.1875,0.1867,0.1871,32695.86
1751990400,0.1873,0.1878,0.1865,0.1876,89014.58
1751994000,0.1878,0.1897,0.1877,0.1891,68780.11
1751997600,0.1891,0.1899,0.189,0.1899,89847.22
1752001200,0.1897,0.1898,0.1885,0.1894,122176.26
1752004800,0.1892,0.1897,0.1886,0.1893,34112.54
1752008400,0.1891,0.1905,0.1889,0.1905,520324.38
1752012000,0.1906,0.1943,0.1897,0.1943,912753.4
1752015600,0.1941,0.1957,0.1923,0.1927,1214808.77
1752019200,0.1929,0.1932,0.1916,0.1931,244337.62
1752022800,0.1931,0.1947,0.193,0.1941,262133.58
1752026400,0.1941,0.1952,0.1936,0.1951,196670.77
1752030000,0.1949,0.1966,0.1949,0.1961,111127
1752033600,0.1958,0.1978,0.1951,0.1978,209500.72
1752037200,0.1978,0.1983,0.1948,0.1983,366189.28
1752040800,0.1984,0.2011,0.1982,0.2003,291643.24
1752044400,0.2004,0.201,0.1988,0.1998,677423.23
1752048000,0.1999,0.2035,0.1999,0.2021,244099.07
1752051600,0.2018,0.2053,0.2005,0.2053,468454.88
1752055200,0.2051,0.2069,0.204,0.2047,502258.2
1752058800,0.2046,0.2056,0.2018,0.2022,965359.09
1752062400,0.2023,0.203,0.2014,0.2025,504277.08
1752066000,0.2025,0.2028,0.2008,0.2011,48252.57
1752069600,0.2008,0.2017,0.199,0.2004,860252.23
1752073200,0.2006,0.2025,0.1998,0.2003,239773.82
1752076800,0.2004,0.2024,0.2004,0.2022,195558.01
1752080400,0.2025,0.2035,0.2015,0.2032,486439.95
1752084000,0.2033,0.2063,0.2031,0.2036,389718.52
1752087600,0.2036,0.2081,0.2035,0.2071,448350.32
1752091200,0.2074,0.208,0.2051,0.2057,309244.1
1752094800,0.2059,0.2084,0.2059,0.2068,183982.9
1752098400,0.207,0.2078,0.2062,0.2074,165172.8
1752102000,0.2074,0.2083,0.207,0.2082,175940.46
1752105600,0.2081,0.209,0.2049,0.2051,303762.04
1752109200,0.2054,0.207,0.2053,0.2059,88507.74
1752112800,0.206,0.2072,0.206,0.2068,64515.99
1752116400,0.2067,0.2073,0.2066,0.2069,71057.35
1752120000,0.2068,0.2098,0.2059,0.209,539401.64
1752123600,0.209,0.209,0.2077,0.2077,38182.71
1752127200,0.2078,0.2094,0.2074,0.2089,288526.7
1752130800,0.2089,0.2104,0.2087,0.209,167917.69
1752134400,0.2086,0.2103,0.2082,0.2102,226106.97
1752138000,0.2103,0.2103,0.2084,0.2085,116867.81
1752141600,0.2084,0.2113,0.2081,0.2109,140782.89
1752145200,0.2108,0.2113,0.21,0.2102,137307.68
1752148800,0.21,0.2101,0.2075,0.2084,73050.09
1752152400,0.2083,0.2097,0.2079,0.2083,72940.24
1752156000,0.2084,0.2084,0.2068,0.2075,162731.26
1752159600,0.2072,0.2075,0.2041,0.2051,328022.92
1752163200,0.2049,0.2126,0.2045,0.2106,1505175.7
1752166800,0.2102,0.2137,0.2101,0.2128,574850.19
1752170400,0.2127,0.2136,0.2113,0.2124,841218.64
1752174000,0.2123,0.2131,0.2115,0.2128,392375.93
1752177600,0.2129,0.2145,0.2123,0.2143,128832.7
1752181200,0.2144,0.221,0.2144,0.221,736103.1
1752184800,0.2208,0.2239,0.2198,0.223,676319.58
1752188400,0.2229,0.2229,0.2187,0.2206,600989.87
1752192000,0.2206,0.2216,0.2172,0.2194,515815.35
1752195600,0.2195,0.225,0.2193,0.224,667976.77
1752199200,0.2239,0.2258,0.2232,0.2254,117521.67
1752202800,0.2255,0.2258,0.224,0.224,224850.65
1752206400,0.2239,0.2241,0.2218,0.2241,148217.56
1752210000,0.224,0.2279,0.2239,0.2265,998864.26
1752213600,0.2265,0.2282,0.2238,0.2244,508375.42
1752217200,0.2241,0.226,0.2228,0.2238,320268.48
1752220800,0.2242,0.2277,0.2238,0.2277,141640.69
1752224400,0.2278,0.2325,0.2274,0.2298,370500.15
1752228000,0.2295,0.2308,0.2281,0.23,303579.92
1752231600,0.2301,0.2305,0.2266,0.227,197068.66
1752235200,0.2272,0.2298,0.2259,0.2295,221557.27
1752238800,0.2294,0.2349,0.228,0.2349,335897.6
1752242400,0.2345,0.2381,0.2338,0.2381,714114.48
1752246000,0.238,0.2403,0.2298,0.2302,983554.48
1752249600,0.2305,0.2351,0.2296,0.2342,172802.68
1752253200,0.2339,0.2361,0.2334,0.2359,255456.21
1752256800,0.236,0.2373,0.2347,0.2362,649042.49
1752260400,0.2358,0.2389,0.2349,0.2389,263058.11
1752264000,0.2388,0.2391,0.2337,0.2342,291437.38
1752267600,0.234,0.2352,0.2304,0.2314,299083.99
1752271200,0.2317,0.2322,0.2243,0.2274,1089843.88
1752274800,0.2275,0.2296,0.2272,0.2296,327877.63
1752278400,0.2297,0.2308,0.2263,0.2288,214590.98
1752282000,0.2288,0.2326,0.2288,0.232,477128.2
1752285600,0.2318,0.2338,0.231,0.2317,407300.6
1752289200,0.232,0.234,0.2318,0.2333,204546.02
1752292800,0.2334,0.2334,0.2292,0.2299,226104.61
1752296400,0.23,0.2318,0.2277,0.2309,206392.75
1752300000,0.2309,0.2343,0.2302,0.2337,240985.45
1752303600,0.2342,0.2348,0.2324,0.2348,349322.72
1752307200,0.2348,0.2355,0.2314,0.2322,144079.33
1752310800,0.2321,0.2364,0.2315,0.2359,215657.94
1752314400,0.2355,0.2363,0.2344,0.2352,125996.76
1752318000,0.2351,0.2356,0.2342,0.235,175279.23
1752321600,0.2348,0.2354,0.232,0.234,175693.53
1752325200,0.2341,0.235,0.2293,0.2309,848633.18
1752328800,0.2309,0.2321,0.2272,0.2272,359562.94
1752332400,0.2275,0.2277,0.2221,0.2235,1473048.42
1752336000,0.2236,0.2262,0.2231,0.2236,147522.01
1752339600,0.2239,0.2278,0.2238,0.2272,212282.1
1752343200,0.2272,0.2298,0.2265,0.2292,208091.39
1752346800,0.2288,0.2295,0.228,0.2293,89467.1
1752350400,0.2292,0.2292,0.2214,0.2216,879858.45
1752354000,0.2216,0.2255,0.2216,0.2253,246984.96
1752357600,0.225,0.2257,0.2236,0.2254,27704.19
1752361200,0.2255,0.2265,0.2247,0.2264,65604.5
1752364800,0.2265,0.2271,0.2252,0.2259,103868.54
1752368400,0.2259,0.2274,0.2256,0.2272,109748.09
1752372000,0.227,0.2287,0.2253,0.2283,152432.31
1752375600,0.2282,0.2282,0.2264,0.2264,638424.31
1752379200,0.2263,0.2297,0.2253,0.2294,196552.21
1752382800,0.2293,0.23,0.228,0.2282,260864.29
1752386400,0.2283,0.2314,0.2283,0.2308,67602.2
1752390000,0.2305,0.2336,0.2305,0.2333,357956.28
1752393600,0.2333,0.2337,0.2312,0.2321,140674.82
1752397200,0.2322,0.2328,0.2296,0.2305,58324.96
1752400800,0.2306,0.2326,0.2306,0.2315,159502.63
1752404400,0.2316,0.2341,0.2316,0.2326,238634.3
1752408000,0.2325,0.2337,0.2319,0.2335,754045.27
1752411600,0.2333,0.234,0.2326,0.2339,194666.28
1752415200,0.2339,0.2341,0.2317,0.2325,534919.85
1752418800,0.2325,0.2348,0.2323,0.2336,521713.55
1752422400,0.2337,0.2353,0.2307,0.2312,383499.62
1752426000,0.2309,0.2337,0.2305,0.2335,105091.94
1752429600,0.2335,0.2353,0.2331,0.2342,662849.7
1752433200,0.2342,0.2354,0.2334,0.2341,119524.81
1752436800,0.2341,0.235,0.233,0.2347,129163.62
1752440400,0.2349,0.2351,0.2305,0.2317,173299.37
1752444000,0.2316,0.2324,0.23,0.231,511848.33
1752447600,0.231,0.2333,0.2305,0.2331,254709.72
1752451200,0.233,0.2347,0.2323,0.2336,278613.7
1752454800,0.2337,0.2355,0.2336,0.2352,605054.22
1752458400,0.2353,0.2381,0.2344,0.2367,409515.73
1752462000,0.2368,0.2452,0.2365,0.2446,1027576.53
1752465600,0.2443,0.2447,0.2425,0.2437,623870.83
1752469200,0.2436,0.2436,0.237,0.2391,841115.18
1752472800,0.2391,0.2404,0.2367,0.2374,863815.28
1752476400,0.2373,0.2413,0.2372,0.2402,540478.37
1752480000,0.2401,0.2401,0.2363,0.2389,310532.45
1752483600,0.239,0.2405,0.238,0.2398,88378.92
1752487200,0.2395,0.2403,0.2376,0.2398,335964.25
1752490800,0.2397,0.2405,0.2377,0.2386,112810.24
1752494400,0.2385,0.2389,0.237,0.238,212958.26
1752498000,0.2379,0.2402,0.2368,0.2401,464207.51
1752501600,0.2402,0.2423,0.2363,0.2382,670087.27
1752505200,0.2381,0.2383,0.2309,0.2322,1171243.76
1752508800,0.2321,0.2339,0.2302,0.2335,696145.54
1752512400,0.2336,0.2336,0.2305,0.2316,37423.47
1752516000,0.2314,0.2316,0.2292,0.2293,254341.39
1752519600,0.2292,0.2303,0.2285,0.229,165550.67
1752523200,0.2289,0.2313,0.2265,0.2302,610410.07
1752526800,0.2303,0.2303,0.2286,0.2287,116803.66
1752530400,0.2286,0.2308,0.2282,0.2297,325904.87
1752534000,0.23,0.2302,0.2282,0.2289,416287.07
1752537600,0.2287,0.2306,0.2256,0.226,724446.39
1752541200,0.2259,0.227,0.2228,0.2253,465635.32
1752544800,0.2252,0.2259,0.2226,0.2232,215663.48
1752548400,0.2232,0.2232,0.2193,0.2214,683792.09
1752552000,0.2213,0.2241,0.2193,0.2239,615346.69
1752555600,0.2239,0.2249,0.2233,0.2242,433868.77
1752559200,0.2241,0.225,0.2228,0.224,331121.93
1752562800,0.2241,0.2251,0.223,0.2234,316725.66
1752566400,0.2233,0.2255,0.2223,0.2254,145279.42
1752570000,0.2255,0.2266,0.2244,0.2244,94098.69
1752573600,0.2244,0.2255,0.224,0.2243,77705.09
1752577200,0.2242,0.225,0.2221,0.2235,192866.64
1752580800,0.2235,0.2261,0.2212,0.2238,323368.86
1752584400,0.2236,0.2277,0.2236,0.2269,278162.47
1752588000,0.2268,0.2279,0.2206,0.2213,587863.87
1752591600,0.2215,0.2256,0.2209,0.2254,631884.44
1752595200,0.2255,0.228,0.2253,0.227,266878.63
1752598800,0.2271,0.231,0.2265,0.2303,677153.05
1752602400,0.2302,0.2312,0.2253,0.2277,487658.97
1752606000,0.2276,0.2285,0.2226,0.2234,761177.99
1752609600,0.2235,0.2254,0.2225,0.2247,180408.8
1752613200,0.2246,0.2283,0.2244,0.2276,96305.17
1752616800,0.2276,0.2297,0.2273,0.2297,259463.2
1752620400,0.2298,0.2343,0.2298,0.2342,371844.69
1752624000,0.2338,0.235,0.2315,0.2344,246032.35
1752627600,0.2343,0.2347,0.2328,0.2334,369722.44
1752631200,0.2336,0.2337,0.2288,0.2302,339615.25
1752634800,0.2302,0.2316,0.2298,0.2302,182703.31
1752638400,0.2302,0.2313,0.2285,0.2313,494899.36
1752642000,0.231,0.2327,0.2308,0.2319,386184.27
1752645600,0.2318,0.2329,0.2307,0.2329,175772.3
1752649200,0.233,0.2339,0.2319,0.2327,88849.07
1752652800,0.2327,0.2327,0.2311,0.2319,141704.86
1752656400,0.2318,0.2332,0.2305,0.2326,292270.91
1752660000,0.2324,0.2325,0.2302,0.2309,409849.13
1752663600,0.231,0.2322,0.2304,0.2309,472382.11
1752667200,0.231,0.2327,0.2305,0.2309,743322.11
1752670800,0.2307,0.2328,0.2303,0.2316,416420.56
1752674400,0.2316,0.2355,0.23,0.2349,475776.15
1752678000,0.2349,0.2366,0.2303,0.232,490089.17
1752681600,0.232,0.2361,0.231,0.236,407694.1
1752685200,0.2361,0.237,0.2345,0.2362,738789.34
1752688800,0.2364,0.2374,0.2349,0.2355,945893.09
1752692400,0.2356,0.2358,0.234,0.2353,716332.15
1752696000,0.2354,0.2386,0.2352,0.2369,1098598.53
1752699600,0.2369,0.2398,0.2363,0.2371,1351484.05
1752703200,0.2372,0.2383,0.2327,0.2336,783313.56
1752706800,0.2335,0.2337,0.2315,0.2325,384942.14
1752710400,0.2328,0.235,0.232,0.232,467865.55
1752714000,0.232,0.2325,0.2264,0.2284,1074327.22
1752717600,0.2283,0.2299,0.2279,0.2292,229743.15
1752721200,0.2292,0.2292,0.2248,0.2262,455694.48
1752724800,0.2264,0.228,0.2257,0.2278,212413.72
1752728400,0.2277,0.2304,0.227,0.2303,142264.41
1752732000,0.2305,0.2338,0.2301,0.2321,220815.26
1752735600,0.2318,0.233,0.2303,0.2327,104002.08
1752739200,0.2328,0.2341,0.2321,0.2338,165975.38
1752742800,0.2337,0.2394,0.2335,0.2377,329207.74
1752746400,0.2382,0.2385,0.2353,0.2363,253719.35
1752750000,0.2362,0.237,0.2348,0.2355,280345.2
1752753600,0.2358,0.2374,0.233,0.2362,701299.53
1752757200,0.2363,0.2372,0.2298,0.2335,396685.87
1752760800,0.2338,0.2353,0.2327,0.2339,405470.6
1752764400,0.2342,0.2354,0.232,0.2345,333007.55
1752768000,0.2346,0.2353,0.2292,0.2313,613248.05
1752771600,0.2313,0.2341,0.2306,0.2341,201745.58
1752775200,0.234,0.235,0.2332,0.2343,492318.05
1752778800,0.2343,0.2355,0.2311,0.2313,258010.26
1752782400,0.2313,0.2327,0.2283,0.2324,834079.47
1752786000,0.2324,0.2384,0.2324,0.2359,1169779.2
1752789600,0.2361,0.2393,0.2359,0.2368,692586.81
1752793200,0.2368,0.2394,0.2359,0.237,625322.86
1752796800,0.2372,0.243,0.2357,0.243,1005441.33
1752800400,0.243,0.2474,0.2423,0.2467,804013.83
1752804000,0.2466,0.2466,0.2439,0.2455,614916.53
1752807600,0.2454,0.2475,0.2446,0.247,834653.75
1752811200,0.2469,0.2493,0.2463,0.2492,698219.47
1752814800,0.2492,0.254,0.249,0.2539,1304737.57
1752818400,0.2539,0.2539,0.2475,0.249,1131205.22
1752822000,0.2493,0.2505,0.2447,0.245,536959.43
1752825600,0.2451,0.2482,0.2439,0.2458,468298.77
1752829200,0.2457,0.2468,0.2443,0.2464,156542.07
1752832800,0.2463,0.2475,0.2429,0.2472,499922.14
1752836400,0.2474,0.2475,0.2424,0.244,251613.47
1752840000,0.2441,0.2464,0.2433,0.2459,716316.15
1752843600,0.2459,0.2485,0.2442,0.2473,612043.65
1752847200,0.2469,0.2486,0.2387,0.2415,769554.26
1752850800,0.2413,0.2424,0.2365,0.2394,1332075.42
1752854400,0.2396,0.2417,0.2385,0.2403,560074.93
1752858000,0.2403,0.243,0.2392,0.2414,428313.32
1752861600,0.2413,0.2415,0.2378,0.2382,419305.86
1752865200,0.2381,0.2398,0.2359,0.2374,994350.71
1752868800,0.2374,0.2377,0.2314,0.2349,719497.41
1752872400,0.2348,0.2383,0.2347,0.2362,748170.12
1752876000,0.2362,0.2378,0.2337,0.2339,540155.58
1752879600,0.2339,0.2358,0.2318,0.2357,384729.44
1752883200,0.2358,0.2371,0.2322,0.2322,347358.21
1752886800,0.2321,0.2359,0.2306,0.2354,288865.26
1752890400,0.2353,0.2371,0.2339,0.2365,211990.47
1752894000,0.2367,0.2399,0.2367,0.2399,217999.54
1752897600,0.2399,0.2407,0.2392,0.2393,622047.82
1752901200,0.2394,0.2394,0.2374,0.2389,37253.85
1752904800,0.2388,0.2388,0.2366,0.2378,29390.66
1752908400,0.2379,0.2388,0.2362,0.2367,166929.42
1752912000,0.2365,0.2371,0.2347,0.2352,100148.21
1752915600,0.2351,0.2374,0.235,0.2364,227081.34
1752919200,0.2362,0.2379,0.2355,0.2363,141679.42
1752922800,0.2362,0.2368,0.2343,0.2349,244032.51
1752926400,0.2349,0.2361,0.2338,0.2358,457445.41
1752930000,0.2357,0.2358,0.2333,0.234,129101.89
1752933600,0.2341,0.2343,0.231,0.2315,332790.76
1752937200,0.2322,0.2357,0.2322,0.2344,211631.05
1752940800,0.2345,0.2359,0.233,0.2339,68722.73
1752944400,0.2339,0.2346,0.2335,0.2341,1131309.41
1752948000,0.234,0.2362,0.234,0.2357,210168.77
1752951600,0.2357,0.2391,0.235,0.2387,270809.46
1752955200,0.2382,0.2399,0.2378,0.239,372719.43
1752958800,0.239,0.2398,0.2367,0.2389,212266.69
1752962400,0.2391,0.2395,0.2381,0.2389,57786.83
1752966000,0.239,0.2407,0.2388,0.2405,384865.89
1752969600,0.2405,0.2407,0.2387,0.2399,216831.96
1752973200,0.2398,0.2415,0.2398,0.2398,247691.5
1752976800,0.2399,0.2403,0.239,0.2398,249014.4
1752980400,0.2398,0.2426,0.2392,0.2413,197475.08
1752984000,0.2412,0.2429,0.2406,0.2423,292986.8
1752987600,0.2423,0.244,0.2408,0.2436,534338.45
1752991200,0.2435,0.2439,0.2421,0.2428,175442.43
1752994800,0.2429,0.2449,0.2427,0.2433,374897.34
1752998400,0.2435,0.2455,0.2433,0.2453,237729.05
1753002000,0.2453,0.2473,0.2442,0.2454,364295.56
1753005600,0.2458,0.247,0.2456,0.2462,231211.67
1753009200,0.2462,0.2489,0.2461,0.2485,238877.32
1753012800,0.2483,0.2493,0.2475,0.2484,377294.65
1753016400,0.2485,0.2504,0.2482,0.2501,410017.05
1753020000,0.2498,0.2498,0.2458,0.2496,568462.21
1753023600,0.2496,0.2506,0.2488,0.2502,602215.15
1753027200,0.2503,0.2552,0.2501,0.2544,675819.54
1753030800,0.2545,0.2552,0.25,0.2505,1093261.86
1753034400,0.2505,0.2544,0.2505,0.2543,274320.03
1753038000,0.2544,0.2562,0.254,0.2545,308381.16
1753041600,0.2542,0.2557,0.2517,0.254,351243.58
1753045200,0.2539,0.2556,0.2513,0.2548,345090.69
1753048800,0.255,0.255,0.247,0.2512,689056.23
1753052400,0.2511,0.2532,0.2495,0.252,342471.71
1753056000,0.2519,0.2525,0.2465,0.2504,607715.66
1753059600,0.2505,0.2513,0.2467,0.2503,258291.64
1753063200,0.2503,0.2519,0.2498,0.2519,605457.05
1753066800,0.2518,0.255,0.2518,0.2541,296918.25
1753070400,0.254,0.2551,0.2528,0.2534,768199.1
1753074000,0.2534,0.2548,0.2518,0.2543,332715.25
1753077600,0.2545,0.2565,0.254,0.2558,542752.3
1753081200,0.2559,0.258,0.2559,0.2575,410189.8
1753084800,0.2575,0.2586,0.2559,0.2575,179690.64
1753088400,0.2576,0.2577,0.2546,0.2567,520906.73
1753092000,0.2566,0.26,0.2552,0.2599,695588.99
1753095600,0.2598,0.2616,0.2582,0.2584,588477.84
1753099200,0.2584,0.2594,0.2569,0.258,140850.23
1753102800,0.2584,0.2607,0.256,0.2603,360721.48
1753106400,0.2603,0.2635,0.2584,0.2632,806669.64
1753110000,0.2633,0.2638,0.2578,0.2586,753908.43
1753113600,0.2587,0.2593,0.2529,0.2552,707115.29
1753117200,0.255,0.2585,0.255,0.2578,367973.39
1753120800,0.2578,0.2595,0.2542,0.2546,309846.45
1753124400,0.2544,0.2565,0.2523,0.2541,178627.29
1753128000,0.2538,0.2563,0.2528,0.2541,156030.88
1753131600,0.254,0.2565,0.2536,0.2555,160213.3
1753135200,0.2558,0.2578,0.2554,0.2574,436827.49
1753138800,0.2572,0.2589,0.2558,0.2586,980915.19
1753142400,0.2585,0.2585,0.2531,0.2536,335870.21
1753146000,0.2535,0.2574,0.248,0.2563,544029.8
1753149600,0.2566,0.2566,0.252,0.2526,295645.35
1753153200,0.2522,0.2534,0.2493,0.2513,282473.87
1753156800,0.2512,0.2518,0.2453,0.2456,751128.82
1753160400,0.2453,0.2496,0.2453,0.2479,466107.15
1753164000,0.2475,0.2503,0.2469,0.2489,133248.73
1753167600,0.249,0.2515,0.2487,0.2495,113334.15
1753171200,0.2494,0.2494,0.2432,0.2465,531253.76
1753174800,0.2465,0.2476,0.2429,0.2471,324752.09
1753178400,0.247,0.2492,0.2463,0.2487,123720.07
1753182000,0.2485,0.2497,0.2472,0.249,79313.45
1753185600,0.2489,0.2493,0.2478,0.2491,44071.55
1753189200,0.249,0.2511,0.246,0.2463,236800.53
1753192800,0.2466,0.2506,0.2444,0.2506,195760
1753196400,0.2506,0.2531,0.2505,0.2512,404850.74
1753200000,0.251,0.2549,0.2508,0.2524,419165.39
1753203600,0.2522,0.2527,0.249,0.2511,312264.9
1753207200,0.2511,0.2525,0.248,0.2513,427019.06
1753210800,0.2514,0.2516,0.2468,0.2475,205764.6
1753214400,0.2475,0.2514,0.2472,0.2507,498867.27
1753218000,0.2508,0.2518,0.2496,0.2516,152474.56
1753221600,0.2517,0.2525,0.251,0.2522,155220.85
1753225200,0.2519,0.2551,0.2518,0.2546,340848.16
1753228800,0.2545,0.2549,0.2505,0.2507,394124.46
1753232400,0.2505,0.2519,0.2488,0.2511,262670.61
1753236000,0.2509,0.2514,0.2493,0.2507,307687.54
1753239600,0.2506,0.2515,0.2492,0.2496,117175.24
1753243200,0.2495,0.2523,0.2492,0.2522,265508.37
1753246800,0.2523,0.2523,0.251,0.2513,135556.98
1753250400,0.2513,0.2515,0.2484,0.2498,205475.93
1753254000,0.2497,0.2511,0.2476,0.2485,168512.12
1753257600,0.2484,0.2505,0.248,0.2504,62528.17
1753261200,0.2504,0.2505,0.2463,0.2464,131837.39
1753264800,0.2463,0.2466,0.2444,0.2458,190750.36
1753268400,0.2456,0.2459,0.2443,0.2451,189474.55
1753272000,0.2449,0.2452,0.2381,0.2385,805474.09
1753275600,0.2386,0.24,0.2319,0.2339,1067247.62
1753279200,0.2338,0.2372,0.2331,0.2352,393208.65
1753282800,0.2357,0.2417,0.2346,0.2415,416644.44
1753286400,0.2412,0.2414,0.2339,0.2344,484760.95
1753290000,0.2346,0.2351,0.2304,0.2337,587390
1753293600,0.2338,0.2352,0.2329,0.2346,304058.79
1753297200,0.2345,0.2347,0.2315,0.2317,334753.33
1753300800,0.2317,0.2331,0.2264,0.2291,630317.03
1753304400,0.2293,0.2309,0.2243,0.2302,592895.72
1753308000,0.23,0.2328,0.2283,0.231,390608.23
1753311600,0.231,0.2328,0.2308,0.2317,785404.93
1753315200,0.2318,0.2343,0.2302,0.234,795705.67
1753318800,0.2339,0.2348,0.2313,0.2343,237052.79
1753322400,0.2343,0.2348,0.2326,0.233,252788.82
1753326000,0.2331,0.2356,0.2319,0.232,148685.09
1753329600,0.2322,0.2326,0.2276,0.2283,2798535.62
1753333200,0.2282,0.2282,0.2215,0.2219,671678.92
1753336800,0.2219,0.2261,0.217,0.2201,766767.76
1753340400,0.22,0.2261,0.2177,0.2261,940618.5
1753344000,0.2259,0.2278,0.2244,0.2273,104507.76
1753347600,0.2279,0.2295,0.2275,0.2293,727332.48
1753351200,0.2292,0.2301,0.2249,0.2281,76294.14
1753354800,0.2279,0.2314,0.2277,0.2308,87604.99
1753358400,0.231,0.2315,0.2284,0.2297,53546.15
1753362000,0.2296,0.2313,0.2278,0.2281,157692.37
1753365600,0.228,0.2347,0.2262,0.2345,392222.83
1753369200,0.2348,0.2382,0.2323,0.2341,511842.62
1753372800,0.2341,0.2342,0.2282,0.2295,497224.34
1753376400,0.2295,0.2345,0.2293,0.2331,373473.29
1753380000,0.233,0.2353,0.2329,0.2351,945527.75
1753383600,0.2354,0.2362,0.2333,0.2334,118314.61
1753387200,0.2334,0.2356,0.233,0.2356,163851.42
1753390800,0.2354,0.2354,0.2329,0.2336,869403.17
1753394400,0.2334,0.2348,0.2325,0.234,1078352.41
1753398000,0.2339,0.2339,0.2287,0.2291,994412.31
1753401600,0.2292,0.2297,0.2256,0.2269,317591.79
1753405200,0.2269,0.2313,0.2262,0.2308,188137.18
1753408800,0.2307,0.2315,0.2257,0.2265,248423.97
1753412400,0.2265,0.2287,0.2235,0.226,434409.24
1753416000,0.2259,0.2284,0.2238,0.2283,253296.76
1753419600,0.2283,0.2288,0.2257,0.2259,271147.06
1753423200,0.2258,0.2288,0.225,0.228,202516.8
1753426800,0.2278,0.2303,0.2261,0.2283,467289.59
1753430400,0.2282,0.2307,0.228,0.229,256219.1
1753434000,0.2288,0.2326,0.2285,0.2323,208741.35
1753437600,0.2326,0.2331,0.2315,0.2325,140532.72
1753441200,0.2324,0.2347,0.2322,0.2336,231748.27
1753444800,0.2337,0.2351,0.2319,0.2324,148043.56
1753448400,0.2325,0.2335,0.2309,0.2325,200459.33
1753452000,0.2326,0.233,0.2269,0.2271,310838.75
1753455600,0.227,0.2296,0.2244,0.2271,230664.02
1753459200,0.227,0.2293,0.2259,0.2289,98044.61
1753462800,0.2287,0.2299,0.2277,0.2288,141254.81
1753466400,0.2287,0.2294,0.2282,0.2287,121597.75
1753470000,0.2284,0.2299,0.227,0.2286,58544.37
1753473600,0.2285,0.2337,0.2283,0.2327,487015.86
1753477200,0.2329,0.2346,0.2329,0.234,193647.62
1753480800,0.2342,0.2346,0.2336,0.2339,90665.16
1753484400,0.2339,0.234,0.2327,0.2335,243677.97
1753488000,0.2335,0.2342,0.2322,0.2334,99036.43
1753491600,0.2334,0.2339,0.2323,0.2325,45847.88
1753495200,0.2324,0.2354,0.2324,0.2347,128396.19
1753498800,0.2346,0.2346,0.2336,0.2341,68531.36
1753502400,0.2342,0.2347,0.2337,0.2341,294434.67
1753506000,0.234,0.2349,0.2335,0.2345,119978.83
1753509600,0.2343,0.2344,0.2333,0.2335,76138.85
1753513200,0.2335,0.2341,0.2335,0.2337,30374.91
1753516800,0.2337,0.2355,0.2337,0.235,183129.94
1753520400,0.235,0.2357,0.2346,0.2357,34509.63
1753524000,0.2355,0.2364,0.2351,0.2353,28442.91
1753527600,0.2351,0.236,0.234,0.2345,37378.63
1753531200,0.2343,0.2352,0.2337,0.2345,55515.6
1753534800,0.2345,0.236,0.2341,0.2352,64454.12
1753538400,0.2352,0.2363,0.2341,0.2349,180050.62
1753542000,0.2347,0.2356,0.233,0.2353,297054.54
1753545600,0.2354,0.2365,0.2344,0.2364,152486.3
1753549200,0.2364,0.237,0.2358,0.2362,59852.22
1753552800,0.2361,0.2399,0.235,0.2398,649939.62
1753556400,0.2399,0.2402,0.2383,0.2392,226238.76
1753560000,0.2391,0.2393,0.2374,0.2374,156806.77
1753563600,0.2374,0.2378,0.236,0.2375,136808.03
1753567200,0.2376,0.2388,0.2364,0.2365,614329.89
1753570800,0.2365,0.2366,0.2352,0.2353,99199.06
1753574400,0.2355,0.236,0.2351,0.2355,275607.75
1753578000,0.2354,0.2371,0.235,0.2365,51993.73
1753581600,0.2365,0.2382,0.2361,0.2375,655328.07
1753585200,0.2377,0.2383,0.2365,0.2366,246211.38
1753588800,0.2367,0.2383,0.2364,0.2378,345543.41
1753592400,0.2378,0.2397,0.2377,0.2386,291938.31
1753596000,0.2384,0.2388,0.2372,0.2383,127791.27
1753599600,0.2381,0.2385,0.2372,0.2382,147512.84
1753603200,0.2382,0.2383,0.2367,0.2372,55356.48
1753606800,0.2374,0.2376,0.2358,0.2362,134547.77
1753610400,0.2363,0.24,0.2363,0.2395,109688.68
1753614000,0.2396,0.24,0.2381,0.2386,62133.56
1753617600,0.2384,0.2395,0.2372,0.2392,33761.25
1753621200,0.2392,0.24,0.2381,0.2383,90142.18
1753624800,0.2383,0.2396,0.2363,0.2373,84534.13
1753628400,0.2371,0.239,0.2367,0.239,175064.49
1753632000,0.2391,0.242,0.2387,0.2396,426427.88
1753635600,0.2393,0.2403,0.239,0.2403,75169.09
1753639200,0.2401,0.2411,0.2398,0.2406,163419.34
1753642800,0.2407,0.2409,0.2387,0.2387,89321.36
1753646400,0.2391,0.2401,0.2385,0.239,80037.35
1753650000,0.2388,0.2399,0.238,0.2399,68662.43
1753653600,0.24,0.242,0.24,0.2409,211363.74
1753657200,0.2408,0.2408,0.2391,0.2402,265697.91
1753660800,0.2398,0.2422,0.2396,0.2401,78077.93
1753664400,0.2399,0.24,0.2376,0.2384,73639.55
1753668000,0.2378,0.2419,0.2378,0.2418,46241.44
1753671600,0.2417,0.2419,0.2394,0.2409,435233.92
1753675200,0.2409,0.2425,0.2396,0.2422,165317.4
1753678800,0.2422,0.2446,0.2418,0.2445,413522.09
1753682400,0.2445,0.2445,0.242,0.2431,434675.56
1753686000,0.2432,0.2432,0.2398,0.2418,453976.22
1753689600,0.2419,0.2426,0.2405,0.2418,25789.82
1753693200,0.2418,0.243,0.2408,0.2426,58561.29
1753696800,0.2424,0.2425,0.2409,0.2409,44533.15
1753700400,0.2411,0.2411,0.2389,0.2405,62355.04
1753704000,0.2403,0.2412,0.2389,0.2389,111667.29
1753707600,0.2389,0.2391,0.235,0.2361,192583.22
1753711200,0.2358,0.2365,0.2312,0.2317,725171.94
1753714800,0.2316,0.2334,0.23,0.2312,129930.23
1753718400,0.2311,0.2321,0.2296,0.2309,117250.93
1753722000,0.2306,0.2309,0.2287,0.2289,446912.8
1753725600,0.229,0.2292,0.2257,0.2274,210532.41
1753729200,0.2274,0.2289,0.2259,0.2279,103965.86
1753732800,0.228,0.2281,0.2256,0.2269,48250.46
1753736400,0.2269,0.2284,0.2255,0.2268,63142.19
1753740000,0.2269,0.2275,0.2253,0.2261,280968.23
1753743600,0.226,0.227,0.2254,0.2264,165894.81
1753747200,0.2263,0.2281,0.2233,0.2263,184881.5
1753750800,0.2261,0.2278,0.2255,0.2259,19831.76
1753754400,0.2257,0.2263,0.224,0.2251,243274.84
1753758000,0.2252,0.2286,0.225,0.2282,127685.32
1753761600,0.2282,0.229,0.2273,0.2277,106262.28
1753765200,0.2279,0.2305,0.2277,0.2303,57469.55
1753768800,0.2302,0.2307,0.2299,0.2302,58953.88
1753772400,0.2304,0.2328,0.2302,0.2325,132910.04
1753776000,0.2322,0.2326,0.2311,0.2319,82601.19
1753779600,0.232,0.2322,0.2308,0.2315,68075.84
1753783200,0.2316,0.2316,0.2282,0.2284,61080.85
1753786800,0.2285,0.2303,0.2285,0.2294,51172.78
1753790400,0.2294,0.2315,0.2293,0.2305,139931.48
1753794000,0.2307,0.2313,0.2275,0.2277,285172.97
1753797600,0.2276,0.2276,0.2223,0.2238,138644.06
1753801200,0.2236,0.2239,0.2206,0.221,427755.8
1753804800,0.221,0.2215,0.2179,0.2213,221189.04
1753808400,0.2211,0.2235,0.221,0.2211,493231.95
1753812000,0.221,0.2214,0.2197,0.2204,212144.04
1753815600,0.2204,0.222,0.2191,0.2197,224529.13
1753819200,0.2196,0.2211,0.2179,0.219,271696.66
1753822800,0.2193,0.2223,0.2181,0.2213,238838.88
1753826400,0.2212,0.2219,0.2198,0.2214,166723.18
1753830000,0.2215,0.2219,0.221,0.2216,132644.32
1753833600,0.2212,0.2213,0.2175,0.2191,200917.87
1753837200,0.2192,0.222,0.2174,0.221,203298.73
1753840800,0.221,0.2224,0.2204,0.2219,104680.55
1753844400,0.2216,0.2233,0.2214,0.2218,87111.36
1753848000,0.2219,0.223,0.2203,0.2203,492163.83
1753851600,0.2203,0.2219,0.2196,0.2212,55428.56
1753855200,0.2213,0.2219,0.2204,0.2216,33035.46
1753858800,0.2217,0.2223,0.219,0.2195,131466.4
1753862400,0.2193,0.2213,0.2181,0.22,103606.06
1753866000,0.22,0.2205,0.2181,0.2185,82818.6
1753869600,0.2187,0.2197,0.2171,0.2174,85251.44
1753873200,0.2172,0.2183,0.2135,0.2144,348405.34
1753876800,0.2146,0.2164,0.2126,0.2151,780668.47
1753880400,0.215,0.2162,0.2141,0.2149,580471.52
1753884000,0.2148,0.2203,0.2138,0.2193,522191.08
1753887600,0.2193,0.2195,0.217,0.2188,119549.71
1753891200,0.2189,0.2204,0.218,0.2191,67774.8
1753894800,0.2192,0.2195,0.2168,0.2178,194716.65
1753898400,0.2178,0.2189,0.2132,0.2132,258023.38
1753902000,0.2134,0.2159,0.2073,0.2157,461741.52
1753905600,0.2158,0.2175,0.2158,0.2166,189960.43
1753909200,0.2167,0.2173,0.2141,0.2153,47314.9
1753912800,0.2153,0.2158,0.2139,0.2149,112653.95
1753916400,0.2148,0.217,0.2147,0.2164,28295.77
1753920000,0.2163,0.2186,0.2162,0.2183,236818.55
1753923600,0.2184,0.2193,0.2179,0.2188,132211.71
1753927200,0.2188,0.2197,0.2182,0.2197,92344.99
1753930800,0.2197,0.2207,0.2195,0.2201,93128.78
1753934400,0.2199,0.2207,0.2195,0.2204,172434.64
1753938000,0.2203,0.2208,0.2199,0.2203,185956.79
1753941600,0.2204,0.2216,0.2197,0.2214,129062.16
1753945200,0.2214,0.2216,0.2209,0.2212,256078.46
1753948800,0.2213,0.2221,0.2211,0.2214,270964.27
1753952400,0.2215,0.2224,0.2213,0.2222,33752.03
1753956000,0.2221,0.2222,0.2215,0.2217,31430.31
1753959600,0.2216,0.2217,0.2202,0.2209,69190.86
1753963200,0.2208,0.2208,0.2179,0.219,86853.25
1753966800,0.2188,0.219,0.2156,0.216,624254.8
1753970400,0.2159,0.2162,0.2084,0.2095,1327427.11
1753974000,0.2096,0.2123,0.2095,0.2119,97106.39
1753977600,0.2122,0.217,0.2122,0.2156,269897.36
1753981200,0.2158,0.2158,0.211,0.2116,68010.99
1753984800,0.2115,0.2123,0.2098,0.2113,168870.62
1753988400,0.2114,0.2115,0.2094,0.2096,225582.99
1753992000,0.2098,0.2104,0.2072,0.2073,55203.76
1753995600,0.2072,0.2085,0.2054,0.2071,683922.91
1753999200,0.207,0.2073,0.2056,0.2061,281147.67
1754002800,0.2063,0.2075,0.2043,0.205,483767.47
1754006400,0.2051,0.2052,0.1983,0.2031,1104353.16
1754010000,0.203,0.2039,0.2008,0.2031,259625.85
1754013600,0.203,0.2051,0.2021,0.2039,215702.23
1754017200,0.2039,0.2047,0.2029,0.2035,121524.11
1754020800,0.2034,0.2034,0.2023,0.2023,57003.12
1754024400,0.2026,0.2031,0.2005,0.2013,157948.37
1754028000,0.2012,0.2021,0.1995,0.2017,87831.13
1754031600,0.202,0.2022,0.2006,0.2013,226205.82
1754035200,0.2012,0.2012,0.197,0.1999,357150.77
1754038800,0.1998,0.202,0.1998,0.2,187931.97
1754042400,0.2002,0.2021,0.2002,0.2015,49784.45
1754046000,0.2014,0.2033,0.2006,0.203,95603.99
1754049600,0.2029,0.2041,0.2015,0.2028,245159.78
1754053200,0.2027,0.2037,0.1985,0.1995,321350.86
1754056800,0.1994,0.2042,0.1986,0.2034,342571.04
1754060400,0.2035,0.2036,0.2009,0.2031,600929.79
1754064000,0.203,0.2037,0.2004,0.2009,530245.86
1754067600,0.2009,0.2012,0.1988,0.1993,1006485.7
1754071200,0.1994,0.2006,0.1975,0.1992,392678.32
1754074800,0.1991,0.2012,0.1987,0.2006,441339.16
1754078400,0.2005,0.2011,0.1964,0.1998,339901.32
1754082000,0.1996,0.2019,0.1993,0.1997,622972.36
1754085600,0.1995,0.2001,0.1928,0.1956,1848653.57
1754089200,0.1955,0.1978,0.1949,0.1975,169800.81
1754092800,0.1975,0.1985,0.1971,0.1984,156458.75
1754096400,0.1984,0.1988,0.1971,0.1985,228321.79
1754100000,0.1984,0.1991,0.1983,0.1988,249371
1754103600,0.1988,0.1995,0.1988,0.1993,30656.65
1754107200,0.1994,0.2004,0.1986,0.2001,57055.29
1754110800,0.2,0.2002,0.199,0.1993,495610.96
1754114400,0.1991,0.1991,0.1944,0.1959,194933.4
1754118000,0.196,0.1989,0.1944,0.1989,148139.2
1754121600,0.1987,0.1987,0.1959,0.1964,29105.41
1754125200,0.1961,0.1971,0.196,0.197,203138.3
1754128800,0.1969,0.197,0.1954,0.1967,34462.11
1754132400,0.1966,0.1982,0.1958,0.197,88841.26
1754136000,0.1969,0.1975,0.196,0.197,45067.85
1754139600,0.1969,0.1982,0.1961,0.1975,250773.37
1754143200,0.1974,0.1979,0.1945,0.1955,142032
1754146800,0.1956,0.1967,0.1937,0.1944,319427.95
1754150400,0.1945,0.1958,0.193,0.1947,69085.05
1754154000,0.1946,0.196,0.1914,0.1924,180341.74
1754157600,0.1926,0.1932,0.1903,0.1912,167603.68
1754161200,0.1913,0.1946,0.1905,0.1913,254426.45
1754164800,0.1913,0.1939,0.1912,0.1939,119296.04
1754168400,0.194,0.1949,0.1928,0.194,97756.19
1754172000,0.1941,0.1948,0.1927,0.1944,47214.99
1754175600,0.1946,0.1946,0.192,0.1937,67266.03
1754179200,0.1938,0.1948,0.1912,0.1948,68673.35
1754182800,0.1945,0.1956,0.1941,0.1955,89497.05
1754186400,0.1956,0.1968,0.1955,0.1968,86919.06
1754190000,0.1969,0.1973,0.1963,0.1967,168717.42
1754193600,0.1967,0.1972,0.1961,0.1972,37807.58
1754197200,0.1972,0.198,0.1972,0.1978,41562.1
1754200800,0.1979,0.1984,0.1972,0.1983,28031.27
1754204400,0.1984,0.1991,0.1984,0.199,118231.65
1754208000,0.1991,0.2,0.199,0.1998,118409.65
1754211600,0.1997,0.2,0.1992,0.1997,27812.28
1754215200,0.1995,0.2005,0.1995,0.2003,418483.85
1754218800,0.2003,0.2016,0.2003,0.2008,208231.28
1754222400,0.2008,0.2016,0.1999,0.2009,89754.22
1754226000,0.2008,0.2015,0.2003,0.2009,13095.4
1754229600,0.201,0.2011,0.1997,0.2009,146108.36
1754233200,0.2009,0.2014,0.2003,0.2014,54195.3
1754236800,0.2012,0.2022,0.2007,0.2017,44464.05
1754240400,0.2018,0.2023,0.2011,0.2016,34243.59
1754244000,0.2016,0.202,0.2008,0.2017,101836.95
1754247600,0.2018,0.2026,0.2012,0.2014,114810.6
1754251200,0.2013,0.2019,0.2008,0.2017,108805.25
1754254800,0.2017,0.2026,0.2017,0.2024,261148.08
1754258400,0.2024,0.2028,0.2015,0.2026,70142.42
1754262000,0.2026,0.2034,0.202,0.2021,95268.1
1754265600,0.2021,0.2041,0.2017,0.2035,122779.81
1754269200,0.2034,0.204,0.202,0.2022,130232.53
1754272800,0.2021,0.2029,0.2014,0.2028,169694.99
1754276400,0.2026,0.2026,0.2012,0.2017,241859.18
1754280000,0.2018,0.2023,0.201,0.201,44866.17
1754283600,0.2011,0.2017,0.2004,0.2015,150008.88
1754287200,0.2015,0.2015,0.2004,0.2015,133753.17
1754290800,0.2016,0.2029,0.2016,0.2024,36082.65
1754294400,0.2025,0.203,0.202,0.2023,76455.68
1754298000,0.2023,0.2031,0.2018,0.2019,51377.4
1754301600,0.2019,0.2027,0.2016,0.2024,174050.38
1754305200,0.2021,0.2024,0.201,0.2023,20376.17
1754308800,0.2023,0.2031,0.2018,0.2031,74237.83
1754312400,0.2032,0.205,0.2019,0.205,135991.98
1754316000,0.2051,0.2069,0.2046,0.205,167577.76
1754319600,0.2051,0.2068,0.205,0.2066,145476.15
1754323200,0.2066,0.2093,0.2066,0.2093,95483.64
1754326800,0.2094,0.2108,0.2091,0.2098,268468.8
1754330400,0.2094,0.2095,0.2081,0.2085,41448.19
1754334000,0.2085,0.2085,0.2056,0.206,92568.05
1754337600,0.2058,0.2099,0.2058,0.2095,963901.46
1754341200,0.2095,0.2109,0.2094,0.2109,365436.92
1754344800,0.211,0.2131,0.211,0.2131,269614.45
1754348400,0.2132,0.2134,0.2109,0.2115,1219495.06
1754352000,0.2116,0.2122,0.2108,0.2115,226666.88
1754355600,0.2115,0.2121,0.2102,0.2106,124959.89
1754359200,0.2107,0.2129,0.2107,0.2129,136189.05
1754362800,0.2128,0.2128,0.2112,0.2118,98422.54
1754366400,0.2118,0.2136,0.2118,0.2129,175625.92
1754370000,0.2128,0.2166,0.2128,0.2163,869944.13
1754373600,0.2164,0.2181,0.2127,0.2129,429996.4
1754377200,0.2131,0.2137,0.2104,0.2104,342071.29
1754380800,0.2104,0.2128,0.2092,0.2128,81230.06
1754384400,0.2128,0.2161,0.2128,0.216,93387.68
1754388000,0.216,0.2202,0.2144,0.2194,412542.69
1754391600,0.2195,0.2264,0.2195,0.2228,1689610.36
1754395200,0.2229,0.223,0.2176,0.2198,454970.41
1754398800,0.2199,0.222,0.2188,0.2205,436707.22
1754402400,0.221,0.2214,0.2132,0.2135,423674.62
1754406000,0.2134,0.2154,0.2111,0.2118,465884.04
1754409600,0.2117,0.2149,0.2109,0.2113,156714.41
1754413200,0.2113,0.2127,0.2106,0.2121,90956.17
1754416800,0.2121,0.2123,0.209,0.2112,130578.88
1754420400,0.2114,0.212,0.2094,0.2098,299591.95
1754424000,0.21,0.2131,0.21,0.211,272715.28
1754427600,0.2109,0.2122,0.2094,0.2095,163233.2
1754431200,0.2095,0.2118,0.2072,0.2114,426487.19
1754434800,0.2112,0.2137,0.211,0.2131,299336.88
1754438400,0.213,0.2134,0.2092,0.2092,197408.53
1754442000,0.2091,0.2098,0.2079,0.2094,105465.23
1754445600,0.2093,0.21,0.2074,0.2092,27512.37
1754449200,0.209,0.2094,0.2076,0.208,111231.99
1754452800,0.2079,0.2094,0.2068,0.209,66270.93
1754456400,0.209,0.2176,0.2088,0.2163,256205.51
1754460000,0.216,0.2189,0.2143,0.2181,289107.85
1754463600,0.218,0.2199,0.217,0.2193,489407.39
1754467200,0.2193,0.2213,0.2178,0.2187,318205.01
1754470800,0.2187,0.221,0.2172,0.2184,243778.92
1754474400,0.2185,0.2187,0.2166,0.2178,139364.22
1754478000,0.2179,0.2203,0.2179,0.2188,224931.88
1754481600,0.2189,0.2202,0.2162,0.2192,131710.26
1754485200,0.2189,0.2239,0.2187,0.2224,222957.12
1754488800,0.2226,0.2247,0.221,0.2238,424753.28
1754492400,0.2236,0.2269,0.2224,0.2265,403929.32
1754496000,0.2264,0.227,0.2241,0.2241,300981.3
1754499600,0.224,0.2249,0.2224,0.2239,217106.42
1754503200,0.224,0.2249,0.2218,0.2232,676368.55
1754506800,0.2233,0.2242,0.2221,0.2227,351812.75
1754510400,0.2228,0.2237,0.2222,0.2237,115846.95
1754514000,0.2236,0.2243,0.2222,0.224,175013.08
1754517600,0.224,0.2254,0.2237,0.2253,192796.53
1754521200,0.2256,0.2256,0.224,0.2243,320420.61
1754524800,0.2244,0.2256,0.2226,0.2251,225195.3
1754528400,0.2252,0.2303,0.2252,0.2282,879777.81
1754532000,0.2279,0.2309,0.2277,0.2287,435485.99
1754535600,0.2286,0.2324,0.2282,0.2322,701130.17
1754539200,0.2318,0.232,0.23,0.2312,347265.28
1754542800,0.2313,0.2356,0.2309,0.2348,968476.45
1754546400,0.2349,0.2383,0.234,0.2371,1367562.33
1754550000,0.2371,0.2401,0.237,0.2381,1415345.38
1754553600,0.238,0.2394,0.2361,0.2365,379614.49
1754557200,0.2366,0.2383,0.235,0.2362,1894251.57
1754560800,0.2363,0.2396,0.2363,0.2388,475564.12
1754564400,0.2385,0.2392,0.2367,0.2368,238259.49
1754568000,0.2371,0.2377,0.2362,0.2377,195254.53
1754571600,0.2378,0.2389,0.2371,0.2386,251705.29
1754575200,0.2387,0.2392,0.2364,0.2381,753392.21
1754578800,0.2382,0.2385,0.2361,0.2365,414477.45
1754582400,0.2365,0.2382,0.234,0.2368,450000.29
1754586000,0.237,0.2375,0.2333,0.2342,355972.76
1754589600,0.2342,0.2345,0.2323,0.2332,227392.62
1754593200,0.233,0.2352,0.2329,0.235,196901.87
1754596800,0.235,0.2366,0.2346,0.2359,265345.84
1754600400,0.236,0.2362,0.2346,0.2358,162451.02
1754604000,0.2358,0.238,0.2357,0.2376,167663.45
1754607600,0.2374,0.2374,0.2363,0.2367,126378.69
1754611200,0.2367,0.2401,0.2325,0.2369,1884698.66
1754614800,0.237,0.2396,0.232,0.2381,3945353.04
1754618400,0.2379,0.2408,0.2376,0.2395,486669.51
1754622000,0.2394,0.2399,0.2378,0.2386,319748.63
1754625600,0.2386,0.2388,0.2356,0.2357,511945.89
1754629200,0.2357,0.2362,0.234,0.2349,235135.14
1754632800,0.235,0.2366,0.2335,0.2366,310020.63
1754636400,0.2366,0.2403,0.2365,0.2384,660240.52
1754640000,0.2386,0.2395,0.2379,0.2386,139687.11
1754643600,0.2385,0.2392,0.2371,0.2383,333068.94
1754647200,0.2382,0.2399,0.2381,0.2399,210585.67
1754650800,0.2397,0.2412,0.2391,0.2409,126028.99
1754654400,0.2407,0.2409,0.2386,0.2389,138313.76
1754658000,0.239,0.2424,0.2385,0.2422,268019.33
1754661600,0.2423,0.2489,0.242,0.2431,1236066.64
1754665200,0.2431,0.2432,0.2394,0.2421,427368.94
1754668800,0.2422,0.243,0.2407,0.2415,457786.9
1754672400,0.2415,0.2461,0.2413,0.246,606469.03
1754676000,0.2457,0.2469,0.2437,0.2452,481715.38
1754679600,0.2453,0.246,0.2437,0.2449,427978.55
1754683200,0.245,0.2453,0.2443,0.245,145096.73
1754686800,0.2454,0.2458,0.2445,0.2448,94021.55
1754690400,0.2446,0.2456,0.2438,0.245,204556.4
1754694000,0.245,0.2458,0.2438,0.2443,62588.45
1754697600,0.2444,0.2487,0.2441,0.2487,95667.51
1754701200,0.2487,0.2489,0.2461,0.2463,160870.81
1754704800,0.2464,0.2487,0.2463,0.2478,308821.83
1754708400,0.2477,0.2492,0.2472,0.2476,185361.1
1754712000,0.2475,0.2495,0.2468,0.2482,200467.9
1754715600,0.2481,0.2514,0.2481,0.251,498848.06
1754719200,0.251,0.252,0.2487,0.2493,222664.55
1754722800,0.2494,0.2502,0.2483,0.2499,118463.75
1754726400,0.2502,0.2509,0.2492,0.2499,153707.37
1754730000,0.2498,0.2514,0.2493,0.251,817749.53
1754733600,0.2511,0.2516,0.2499,0.2499,89267.94
1754737200,0.2498,0.2504,0.2482,0.2482,116432.49
1754740800,0.2482,0.25,0.2478,0.2497,129182.09
1754744400,0.2494,0.2497,0.2458,0.2461,153229.29
1754748000,0.246,0.2482,0.245,0.248,704576.02
1754751600,0.2479,0.2488,0.2463,0.2475,297710.58
1754755200,0.2475,0.2485,0.2472,0.2478,335344.57
1754758800,0.2477,0.2484,0.2474,0.2481,195285.46
1754762400,0.248,0.249,0.2479,0.2486,190941.9
1754766000,0.2486,0.25,0.2486,0.2495,215523.43
1754769600,0.2496,0.2514,0.2496,0.2505,213758.3
1754773200,0.2505,0.2512,0.2485,0.2492,380181.79
1754776800,0.2491,0.2504,0.2471,0.2481,186389.23
1754780400,0.2481,0.2485,0.2476,0.2482,125630.67
1754784000,0.2481,0.2505,0.2478,0.2502,79180.41
1754787600,0.2501,0.2518,0.2497,0.2502,618843.96
1754791200,0.2501,0.2505,0.2477,0.248,420868.72
1754794800,0.2477,0.2497,0.2472,0.2491,191125.43
1754798400,0.2491,0.2506,0.2484,0.2503,127044.48
1754802000,0.2503,0.2504,0.2478,0.2481,264703.66
1754805600,0.2478,0.2482,0.2461,0.2468,366261.47
1754809200,0.247,0.2478,0.2422,0.2424,189599.99
1754812800,0.2424,0.2449,0.2392,0.2448,573375.86
1754816400,0.2447,0.2452,0.2422,0.2425,80222.43
1754820000,0.2424,0.2431,0.2399,0.2399,207241.56
1754823600,0.2402,0.241,0.2393,0.2395,390227.62
1754827200,0.2394,0.241,0.2391,0.2403,88996.01
1754830800,0.2405,0.2411,0.2384,0.2384,173616.17
1754834400,0.2383,0.2437,0.2379,0.2426,205790.6
1754838000,0.2428,0.244,0.2419,0.2424,106716.51
1754841600,0.2423,0.2445,0.2419,0.2426,225745.33
1754845200,0.2428,0.243,0.2415,0.2422,47783.72
1754848800,0.242,0.2438,0.2419,0.2436,342307.86
1754852400,0.2436,0.2436,0.2423,0.2424,49482.06
1754856000,0.2425,0.2425,0.2406,0.2406,130049.18
1754859600,0.2405,0.2407,0.2382,0.2407,178172.84
1754863200,0.2403,0.2414,0.2396,0.2411,58572.92
1754866800,0.2412,0.2414,0.24,0.2407,58388.46
1754870400,0.2406,0.2421,0.2396,0.2407,183118.09
1754874000,0.2406,0.2449,0.2405,0.2443,168031.58
1754877600,0.2443,0.2477,0.2443,0.2469,693910.82
1754881200,0.2468,0.2468,0.2447,0.2454,209489.21
1754884800,0.2456,0.2475,0.2456,0.2459,157408.2
1754888400,0.246,0.2477,0.2459,0.2467,287084.53
1754892000,0.2468,0.2473,0.2459,0.246,362610.83
1754895600,0.246,0.2468,0.2428,0.2433,265093.64
1754899200,0.2433,0.2452,0.242,0.2447,218248.43
1754902800,0.2446,0.2449,0.242,0.2424,48613.63
1754906400,0.2422,0.2423,0.24,0.2401,69980.26
1754910000,0.24,0.2401,0.2363,0.2369,160738.75
1754913600,0.2369,0.2384,0.2362,0.238,260486.67
1754917200,0.2381,0.2418,0.2353,0.2414,686603.8
1754920800,0.2415,0.2439,0.2392,0.2405,1188927.97
1754924400,0.2406,0.2416,0.2395,0.2413,209182.34
1754928000,0.2414,0.2446,0.2413,0.243,274829.62
1754931600,0.2431,0.2437,0.2403,0.2408,168501.94
1754935200,0.2407,0.2424,0.2387,0.2417,122076.64
1754938800,0.2416,0.2424,0.2388,0.2405,207394.99
1754942400,0.2405,0.2408,0.2375,0.2378,270821.91
1754946000,0.2377,0.2388,0.234,0.236,321183.72
1754949600,0.2361,0.2367,0.2335,0.2358,185880.84
1754953200,0.2357,0.2375,0.2356,0.2368,84370.15
1754956800,0.2367,0.2394,0.2362,0.2385,190357.61
1754960400,0.2384,0.2399,0.238,0.2394,156188.23
1754964000,0.2393,0.2408,0.2385,0.2385,58765.93
1754967600,0.2384,0.2391,0.2369,0.2369,314970.76
1754971200,0.2368,0.2384,0.2363,0.2383,128468.95
1754974800,0.2382,0.2382,0.2356,0.2364,163582.02
1754978400,0.2364,0.2377,0.2347,0.236,199773.78
1754982000,0.2361,0.2383,0.236,0.2381,53280.73
1754985600,0.2378,0.2378,0.2349,0.2349,87873.59
1754989200,0.2348,0.2357,0.2334,0.2337,123092.69
1754992800,0.2336,0.2336,0.2322,0.2325,55703.33
1754996400,0.2324,0.2342,0.2312,0.2339,154706.22
1755000000,0.2341,0.2417,0.2332,0.2408,811318.58
1755003600,0.2407,0.2423,0.2375,0.2386,383148.04
1755007200,0.2385,0.2421,0.238,0.2421,347249.01
1755010800,0.2418,0.2444,0.2417,0.2438,185156
1755014400,0.2436,0.2452,0.2422,0.2452,522246.4
1755018000,0.2449,0.248,0.2448,0.2456,501252.97
1755021600,0.2457,0.2476,0.2453,0.247,400647.99
1755025200,0.2471,0.2486,0.247,0.2483,470385.49
1755028800,0.2481,0.2501,0.2476,0.2499,444463.21
1755032400,0.2498,0.2499,0.2468,0.2472,315588.87
1755036000,0.2473,0.2478,0.2461,0.2474,128273.89
1755039600,0.2474,0.2484,0.2471,0.248,330914.04
1755043200,0.2481,0.2504,0.2479,0.2498,157702.12
1755046800,0.2498,0.2498,0.246,0.2467,377777.41
1755050400,0.2465,0.2497,0.2458,0.2494,126388
1755054000,0.2494,0.2509,0.2483,0.25,224744.92
1755057600,0.2502,0.2512,0.2492,0.2496,287360.7
1755061200,0.2495,0.2495,0.2464,0.2468,164024.98
1755064800,0.247,0.2494,0.2463,0.2494,606141.96
1755068400,0.2495,0.2504,0.249,0.2503,899761.18
1755072000,0.2504,0.2519,0.2503,0.2518,366402.1
1755075600,0.2518,0.2545,0.2517,0.2543,377401.73
1755079200,0.2542,0.2551,0.2533,0.2536,284879.12
1755082800,0.2536,0.2536,0.2517,0.2522,210084.42
1755086400,0.2523,0.2527,0.2492,0.2498,336575.52
1755090000,0.2497,0.2536,0.2492,0.2521,693797.08
1755093600,0.2522,0.2528,0.2484,0.2501,647114.78
1755097200,0.2502,0.2514,0.248,0.2504,2460291.38
1755100800,0.2502,0.2524,0.2498,0.2502,120330.57
1755104400,0.2503,0.2524,0.2496,0.2519,310920.9
1755108000,0.2521,0.2525,0.2493,0.2503,291173.68
1755111600,0.2504,0.2523,0.2501,0.2523,67478.15
1755115200,0.2522,0.2522,0.2507,0.2516,115346.02
1755118800,0.2514,0.2532,0.251,0.2516,465304.24
1755122400,0.2514,0.2554,0.2511,0.2546,427556.35
1755126000,0.2547,0.2577,0.2543,0.2571,231131.24
1755129600,0.2569,0.2588,0.2558,0.2571,813936.37
1755133200,0.2569,0.2596,0.2553,0.2583,305319.67
1755136800,0.2583,0.2611,0.2575,0.2606,383995.45
1755140400,0.2605,0.2612,0.259,0.2607,210100.21
1755144000,0.2607,0.2611,0.2582,0.2583,247732.46
1755147600,0.2584,0.2591,0.2557,0.2565,327586.03
1755151200,0.2564,0.2572,0.2536,0.2566,600960.45
1755154800,0.2566,0.257,0.2536,0.2553,787124.36
1755158400,0.2553,0.2553,0.2506,0.2509,326767.78
1755162000,0.2507,0.2525,0.2497,0.2519,99517.19
1755165600,0.2521,0.2526,0.2485,0.2507,292524.28
1755169200,0.2508,0.2526,0.2496,0.2497,212866.57
1755172800,0.25,0.2517,0.2354,0.2389,789784.85
1755176400,0.2391,0.2437,0.2346,0.242,635020.34
1755180000,0.242,0.2442,0.2409,0.242,211676.3
1755183600,0.2419,0.2426,0.239,0.2395,812230.34
1755187200,0.2395,0.2396,0.2349,0.2368,253131.4
1755190800,0.237,0.2391,0.2354,0.2373,83308.35
1755194400,0.2372,0.2374,0.2329,0.2371,155009.32
1755198000,0.2372,0.2384,0.2364,0.2364,59120.8
1755201600,0.2363,0.2368,0.235,0.2364,441466.19
1755205200,0.2364,0.2365,0.2309,0.2335,306658.46
1755208800,0.2333,0.2368,0.2325,0.2363,129491.37
1755212400,0.2365,0.2393,0.2365,0.2385,419018.75
1755216000,0.2384,0.2398,0.2372,0.2382,125403.12
1755219600,0.2382,0.2392,0.2377,0.2384,218666.23
1755223200,0.2383,0.2388,0.2378,0.2382,54915.75
1755226800,0.2381,0.2408,0.2375,0.2395,82484.67
1755230400,0.2394,0.241,0.2385,0.2401,705681.23
1755234000,0.2401,0.241,0.2399,0.2407,250628.46
1755237600,0.2407,0.243,0.2407,0.2414,682833.42
1755241200,0.2413,0.2416,0.2393,0.24,257574.17
1755244800,0.2402,0.2411,0.2395,0.2402,91899.5
1755248400,0.2403,0.2408,0.2377,0.2386,145334.56
1755252000,0.2387,0.2404,0.2385,0.2395,65180.52
1755255600,0.2396,0.24,0.2387,0.2394,32928.89
1755259200,0.2393,0.2415,0.2376,0.2399,303449.26
1755262800,0.2401,0.2406,0.2364,0.2367,750958.73
1755266400,0.2365,0.238,0.2336,0.2344,177427.58
1755270000,0.2342,0.2346,0.229,0.2303,459798.68
1755273600,0.2302,0.2322,0.2278,0.2313,680536.76
1755277200,0.2315,0.2324,0.2293,0.2315,306014.38
1755280800,0.2314,0.2318,0.2292,0.2297,177910.29
1755284400,0.2299,0.2318,0.229,0.2296,110702.71
1755288000,0.2297,0.232,0.2292,0.232,83870.24
1755291600,0.2318,0.2327,0.2304,0.2323,156974.24
1755295200,0.2322,0.2354,0.2319,0.2354,254190.44
1755298800,0.2355,0.236,0.2323,0.2335,87396.6
1755302400,0.2335,0.2363,0.2331,0.2362,132457.15
1755306000,0.2362,0.2362,0.2347,0.2356,138485.29
1755309600,0.2357,0.2359,0.2342,0.2348,34796.72
1755313200,0.2347,0.2354,0.2343,0.2349,29315.27
1755316800,0.2346,0.2359,0.234,0.2355,36216.7
1755320400,0.2354,0.2354,0.2335,0.2337,143124.36
1755324000,0.2336,0.2342,0.2331,0.2334,10366.08
1755327600,0.2333,0.2355,0.2332,0.235,67907.52
1755331200,0.235,0.2353,0.2341,0.2342,45856.48
1755334800,0.2342,0.236,0.2323,0.2323,80943.26
1755338400,0.2322,0.2331,0.2316,0.2327,42807
1755342000,0.2328,0.2343,0.2319,0.232,43004.45
1755345600,0.2318,0.2339,0.2316,0.2339,52627.22
1755349200,0.2338,0.235,0.233,0.2331,135743.38
1755352800,0.2332,0.2365,0.233,0.2363,156799.2
1755356400,0.2365,0.2377,0.236,0.2374,115300.48
1755360000,0.2375,0.2382,0.2359,0.2369,81110.59
1755363600,0.2369,0.2371,0.2351,0.2355,1323579.94
1755367200,0.2356,0.2365,0.2349,0.2362,334892.72
1755370800,0.2363,0.2379,0.2363,0.2366,42235.47
1755374400,0.2366,0.2375,0.236,0.2368,282934.97
1755378000,0.2366,0.2368,0.2361,0.2362,76717.23
1755381600,0.2361,0.238,0.2357,0.2376,170169.87
1755385200,0.2377,0.2377,0.2361,0.237,129582.45
1755388800,0.2369,0.2372,0.2363,0.2367,140618.78
1755392400,0.2364,0.2371,0.2357,0.2365,243872.26
1755396000,0.2366,0.2383,0.2359,0.2383,75035.5
1755399600,0.2382,0.2393,0.2375,0.239,171199
1755403200,0.2391,0.2407,0.2389,0.2405,354830.47
1755406800,0.2405,0.2412,0.2401,0.2409,183416
1755410400,0.241,0.2415,0.2401,0.2403,75598.29
1755414000,0.2402,0.2417,0.2399,0.2415,61335.28
1755417600,0.2413,0.2434,0.2409,0.2433,81362.66
1755421200,0.2431,0.2441,0.2427,0.2441,87725.37
1755424800,0.244,0.2444,0.2435,0.2442,46234.57
1755428400,0.2441,0.2449,0.243,0.2448,257405.02
1755432000,0.245,0.2471,0.2446,0.2451,443637.15
1755435600,0.2452,0.249,0.245,0.248,212701.41
1755439200,0.248,0.2508,0.2473,0.2503,347467.12
1755442800,0.2504,0.2554,0.2501,0.2554,381841.48
1755446400,0.2553,0.2556,0.2488,0.2504,874194.22
1755450000,0.2505,0.2521,0.2503,0.2515,194663.46
1755453600,0.2517,0.2524,0.2461,0.2487,346190.7
1755457200,0.2488,0.2498,0.2464,0.247,349080.83
1755460800,0.2469,0.2483,0.2461,0.2461,136285.54
1755464400,0.246,0.2475,0.2457,0.247,155844.58
1755468000,0.2469,0.2497,0.2469,0.2489,392455.32
1755471600,0.2489,0.2489,0.2466,0.2468,160582.54
1755475200,0.2468,0.2499,0.2459,0.2499,460468.6
1755478800,0.2499,0.2545,0.2497,0.2526,1394446.29
1755482400,0.2526,0.2526,0.2438,0.2439,920443.3
1755486000,0.2438,0.2464,0.2394,0.2421,608007.64
1755489600,0.2418,0.2449,0.2406,0.2446,513414.46
1755493200,0.2447,0.2451,0.2404,0.2447,222395.45
1755496800,0.2448,0.2455,0.2401,0.2421,301510.15
1755500400,0.2422,0.2442,0.241,0.2427,369557.28
1755504000,0.2428,0.2488,0.2428,0.245,300926.24
1755507600,0.2449,0.2488,0.2408,0.2482,1013240.98
1755511200,0.2482,0.2497,0.2465,0.2468,356413.28
1755514800,0.2466,0.2468,0.2433,0.2446,493032.38
1755518400,0.2445,0.2522,0.244,0.2519,556633.71
1755522000,0.252,0.2528,0.2479,0.2479,638964.09
1755525600,0.2478,0.2548,0.2476,0.2541,933761.37
1755529200,0.2543,0.2581,0.2519,0.258,1453599.03
1755532800,0.2581,0.2615,0.25,0.2521,1251590.01
1755536400,0.2523,0.2548,0.2508,0.2513,405417.28
1755540000,0.2511,0.2534,0.2504,0.2534,126785.08
1755543600,0.2531,0.2538,0.2502,0.2518,321325.25
1755547200,0.2521,0.2535,0.2505,0.2508,241421.3
1755550800,0.2512,0.2555,0.2507,0.2548,427977.91
1755554400,0.2549,0.2609,0.2547,0.2566,1718292.26
1755558000,0.2566,0.2594,0.256,0.2594,1128824.08
1755561600,0.2594,0.2655,0.2535,0.2655,1341943.82
1755565200,0.2656,0.268,0.2608,0.262,1738754.8
1755568800,0.2621,0.2621,0.2558,0.2558,741158.07
1755572400,0.2557,0.2563,0.2505,0.252,614821.43
1755576000,0.2521,0.2563,0.249,0.255,1482406.48
1755579600,0.2551,0.2578,0.2524,0.254,767997.41
1755583200,0.2539,0.2579,0.2535,0.2571,285643.86
1755586800,0.2568,0.2568,0.2522,0.2524,466411.86
1755590400,0.2526,0.2545,0.2506,0.2525,481121.56
1755594000,0.2526,0.255,0.2516,0.252,571073.79
1755597600,0.2518,0.2547,0.2512,0.2538,496083.45
1755601200,0.2538,0.2538,0.2508,0.2514,311021.46
1755604800,0.2516,0.2524,0.2465,0.2489,669331.11
1755608400,0.2488,0.2533,0.2473,0.2491,476162.47
1755612000,0.2492,0.25,0.2447,0.246,250031.22
1755615600,0.2458,0.2502,0.2437,0.2455,524131.75
1755619200,0.2455,0.2457,0.2419,0.242,456783.44
1755622800,0.2421,0.2433,0.2401,0.2423,320233.31
1755626400,0.2424,0.2433,0.2338,0.2352,1206729.81
1755630000,0.235,0.237,0.2332,0.2345,560204.64
1755633600,0.2344,0.2374,0.2337,0.237,589360.08
1755637200,0.2369,0.237,0.2348,0.2364,207240.44
1755640800,0.2363,0.2366,0.2346,0.2358,449524.79
1755644400,0.2356,0.2357,0.2315,0.2319,390446.91
1755648000,0.2319,0.2375,0.2317,0.2349,595766.85
1755651600,0.2351,0.2378,0.2332,0.237,208356.86
1755655200,0.2369,0.2399,0.2366,0.2377,1331001.12
1755658800,0.2377,0.2393,0.2371,0.2373,224508.33
1755662400,0.2373,0.2389,0.2363,0.2384,359972.38
1755666000,0.2383,0.2383,0.2364,0.2382,67429.37
1755669600,0.2381,0.2381,0.235,0.2364,286771.97
1755673200,0.2365,0.2378,0.2353,0.2354,141473.93
1755676800,0.2353,0.2393,0.2352,0.2389,249137.03
1755680400,0.2388,0.241,0.2383,0.2396,826114.45
1755684000,0.2394,0.2398,0.2376,0.2384,312357.56
1755687600,0.2383,0.2387,0.235,0.2371,223054.11
1755691200,0.2372,0.2397,0.2372,0.2376,142428.64
1755694800,0.2375,0.2378,0.2324,0.2339,369561.64
1755698400,0.2337,0.2397,0.2321,0.2382,375737.55
1755702000,0.2385,0.2447,0.2385,0.2434,357077.33
1755705600,0.2436,0.2458,0.2415,0.242,534489.36
1755709200,0.2419,0.2446,0.2417,0.2431,215057.6
1755712800,0.2432,0.2435,0.2394,0.2411,113853.5
1755716400,0.2414,0.2452,0.2414,0.2448,60516.99
1755720000,0.2447,0.2456,0.2443,0.2447,253639.35
1755723600,0.2447,0.2463,0.2438,0.2456,344270.53
1755727200,0.2458,0.2465,0.2447,0.2458,181235.52
1755730800,0.2455,0.2458,0.2435,0.2439,109293.82
1755734400,0.244,0.244,0.2423,0.2436,96395.96
1755738000,0.2436,0.2468,0.2424,0.2466,451635.8
1755741600,0.2463,0.2469,0.2425,0.2429,135800.07
1755745200,0.243,0.2458,0.243,0.2431,151433.72
1755748800,0.2432,0.2437,0.2418,0.2418,72610.74
1755752400,0.242,0.2423,0.2406,0.2417,91705.42
1755756000,0.2416,0.2417,0.2401,0.2406,85282.87
1755759600,0.2405,0.242,0.2402,0.2418,151480.35
1755763200,0.2419,0.2425,0.2384,0.2385,179025.83
1755766800,0.2385,0.2394,0.2376,0.2379,281956.76
1755770400,0.2378,0.2393,0.2374,0.2387,171104.58
1755774000,0.2389,0.24,0.2382,0.2386,68214.63
1755777600,0.2386,0.2408,0.2375,0.2387,418565.95
1755781200,0.2388,0.2424,0.2384,0.2393,168282.14
1755784800,0.2392,0.2423,0.2387,0.2398,145523.04
1755788400,0.2397,0.2402,0.2376,0.2384,180027.29
1755792000,0.2385,0.2403,0.2375,0.2376,111445.08
1755795600,0.2374,0.2376,0.2364,0.2372,242060.04
1755799200,0.2371,0.2394,0.2368,0.239,50843.63
1755802800,0.2389,0.2399,0.2361,0.2365,114631.71
1755806400,0.2366,0.2388,0.2357,0.2379,56290.75
1755810000,0.2378,0.2394,0.2364,0.2385,153943.16
1755813600,0.2386,0.2394,0.238,0.2383,126127.36
1755817200,0.2382,0.2382,0.2351,0.2362,99212.89
1755820800,0.2363,0.2378,0.2356,0.2362,168851.29
1755824400,0.2362,0.2369,0.2347,0.2364,217382.06
1755828000,0.2364,0.2392,0.2364,0.2366,93659.95
1755831600,0.2366,0.2376,0.2345,0.235,117455.05
1755835200,0.2352,0.2373,0.2352,0.2354,116338.6
1755838800,0.2355,0.2365,0.2351,0.236,106987.57
1755842400,0.2359,0.237,0.2349,0.2357,49469.17
1755846000,0.2362,0.239,0.2362,0.2384,125772.32
1755849600,0.2382,0.2391,0.237,0.237,75633.99
1755853200,0.2374,0.2375,0.236,0.237,108618.44
1755856800,0.2369,0.2369,0.2346,0.2349,62264.35
1755860400,0.235,0.235,0.2329,0.2329,265985.79
1755864000,0.2331,0.2344,0.2309,0.2334,351235.25
1755867600,0.2335,0.2372,0.2325,0.2372,475105.68
1755871200,0.2373,0.2498,0.2373,0.2471,1269459.83
1755874800,0.2472,0.2498,0.2472,0.2484,729631.87
1755878400,0.2484,0.2535,0.2484,0.2514,1508881.57
1755882000,0.2514,0.2551,0.2507,0.2522,773359.07
1755885600,0.2521,0.2528,0.2502,0.2516,264366.89
1755889200,0.2517,0.2542,0.2517,0.2534,319080.31
1755892800,0.2533,0.2553,0.2532,0.2547,392249.79
1755896400,0.2548,0.2564,0.2546,0.2557,284442.86
1755900000,0.2557,0.2562,0.253,0.2531,267969.33
1755903600,0.2533,0.2543,0.2531,0.2537,250478.23
1755907200,0.2538,0.2539,0.2507,0.251,98088.32
1755910800,0.2507,0.2512,0.2466,0.2495,761325.28
1755914400,0.2495,0.2497,0.2441,0.247,1035494.45
1755918000,0.2469,0.2482,0.2463,0.2469,110352.06
1755921600,0.2475,0.2498,0.2475,0.2497,134951.71
1755925200,0.2497,0.2517,0.2493,0.2517,150497.73
1755928800,0.2516,0.2522,0.2497,0.25,62083.55
1755932400,0.2498,0.2505,0.2476,0.2485,61596.57
1755936000,0.2485,0.2492,0.2474,0.2488,45330.98
1755939600,0.2487,0.2499,0.248,0.2499,119905
1755943200,0.25,0.25,0.2482,0.2484,74113.61
1755946800,0.2485,0.2494,0.2478,0.2482,69235.81
1755950400,0.248,0.2496,0.2469,0.2484,235786.67
1755954000,0.2483,0.2505,0.2483,0.2497,339573.35
1755957600,0.2495,0.2508,0.2484,0.2488,83064.39
1755961200,0.2489,0.2493,0.248,0.2489,162238
1755964800,0.2487,0.2495,0.247,0.2479,174248.78
1755968400,0.248,0.2486,0.2475,0.2483,106413.03
1755972000,0.2481,0.2488,0.2477,0.2488,35141.38
1755975600,0.2489,0.251,0.2486,0.2508,192851.64
1755979200,0.2507,0.251,0.2494,0.2505,34467.51
1755982800,0.2502,0.2505,0.2488,0.2491,185133.42
1755986400,0.2491,0.2505,0.2491,0.2505,34708.18
1755990000,0.2505,0.2506,0.2495,0.2499,128978.19
1755993600,0.2501,0.253,0.2501,0.2528,214003.75
1755997200,0.2526,0.2526,0.2503,0.2514,98974.99
1756000800,0.2512,0.2516,0.2497,0.25,109695.82
1756004400,0.2495,0.2504,0.249,0.2504,67524.14
1756008000,0.2502,0.2502,0.2491,0.2498,39801.03
1756011600,0.2494,0.2495,0.2483,0.2485,45251.38
1756015200,0.2485,0.2486,0.2461,0.2464,156705.79
1756018800,0.2465,0.2479,0.246,0.2462,83143.97
1756022400,0.2459,0.2476,0.2455,0.2471,109987.19
1756026000,0.2471,0.2471,0.2458,0.2458,40565.95
1756029600,0.2457,0.2465,0.2444,0.2448,74439.41
1756033200,0.2446,0.2451,0.2425,0.2432,139461.61
1756036800,0.2434,0.2442,0.2429,0.2436,155762.31
1756040400,0.2438,0.245,0.2436,0.2436,102318.13
1756044000,0.2435,0.2455,0.2432,0.2452,129250.08
1756047600,0.2451,0.2473,0.2451,0.2454,197923.35
1756051200,0.2455,0.2463,0.2443,0.2456,181915.63
1756054800,0.2457,0.2502,0.2457,0.2496,113340.45
1756058400,0.2495,0.2629,0.2493,0.259,1697461.86
1756062000,0.2593,0.2633,0.2497,0.2562,1246504.78
1756065600,0.2566,0.2569,0.25,0.2546,556471.34
1756069200,0.254,0.256,0.2521,0.253,299176.45
1756072800,0.253,0.2541,0.2495,0.2539,659078.45
1756076400,0.2537,0.2558,0.2525,0.253,453947.78
1756080000,0.2531,0.2541,0.2463,0.2492,243396.12
1756083600,0.2494,0.2514,0.2481,0.2498,47539.87
1756087200,0.2502,0.2523,0.2502,0.2518,111827.47
1756090800,0.2517,0.2525,0.2499,0.2505,150419.31
1756094400,0.2502,0.251,0.2481,0.2487,35192.06
1756098000,0.2491,0.2491,0.2464,0.2464,36291.44
1756101600,0.2465,0.2469,0.2435,0.2448,124754.92
1756105200,0.2451,0.2453,0.2413,0.2413,74558.09
1756108800,0.2414,0.244,0.24,0.2429,223584.2
1756112400,0.2431,0.2431,0.2412,0.2418,116259.86
1756116000,0.2419,0.2419,0.2396,0.2405,130671.47
1756119600,0.2405,0.2427,0.2402,0.2425,222215.26
1756123200,0.2424,0.2428,0.2412,0.2424,102065.15
1756126800,0.2422,0.2435,0.2404,0.242,76080.73
1756130400,0.2423,0.2447,0.2417,0.2433,128085.45
1756134000,0.2435,0.2436,0.2405,0.2405,178300.11
1756137600,0.2405,0.2428,0.2395,0.2401,455204.14
1756141200,0.2402,0.2403,0.2376,0.239,298219.27
1756144800,0.2388,0.2395,0.238,0.2386,56156.7
1756148400,0.2384,0.2387,0.234,0.2343,260198.45
1756152000,0.2344,0.2352,0.2301,0.2303,328515.77
1756155600,0.2302,0.2323,0.2297,0.2306,361316.41
1756159200,0.2305,0.2334,0.2301,0.2325,82640.39
1756162800,0.2323,0.2336,0.2308,0.2332,217349.18
1756166400,0.2329,0.2338,0.2304,0.2312,248667.5
1756170000,0.2311,0.2344,0.2305,0.234,345152.98
1756173600,0.234,0.2356,0.233,0.2337,137671.59
1756177200,0.2336,0.2347,0.2329,0.2342,72210.19
1756180800,0.2343,0.2369,0.2343,0.2362,508908.78
1756184400,0.2361,0.2372,0.2352,0.2352,108018.05
1756188000,0.2351,0.2362,0.2339,0.2342,117471.07
1756191600,0.2342,0.2377,0.2341,0.2365,662893.27
1756195200,0.2364,0.237,0.2352,0.2362,151004.59
1756198800,0.2362,0.237,0.2354,0.236,56714.88
1756202400,0.2361,0.2374,0.2357,0.2367,170270.01
1756206000,0.2365,0.2369,0.2344,0.2354,64870.85
1756209600,0.2355,0.2403,0.2341,0.2383,494671.06
1756213200,0.2384,0.2393,0.2351,0.2382,228755.25
1756216800,0.2381,0.2409,0.2363,0.2404,104400.19
1756220400,0.2404,0.2416,0.2394,0.2404,265932.72
1756224000,0.2405,0.2427,0.2393,0.2426,354910.42
1756227600,0.2426,0.2427,0.2402,0.2414,140699.93
1756231200,0.2414,0.2435,0.2414,0.2432,203992.18
1756234800,0.2432,0.2465,0.2426,0.2462,544808.21
1756238400,0.246,0.2484,0.2458,0.247,532937.56
1756242000,0.2467,0.2474,0.2452,0.2474,195375.79
1756245600,0.2473,0.2473,0.2455,0.246,216241.83
1756249200,0.2459,0.2474,0.2443,0.2445,88787.46
1756252800,0.2445,0.2454,0.243,0.2432,294310.64
1756256400,0.2432,0.2432,0.2416,0.2426,89241.38
1756260000,0.2426,0.2431,0.241,0.2425,74448.03
1756263600,0.2427,0.2448,0.2414,0.2435,151842.44
1756267200,0.2434,0.2457,0.2432,0.2453,74949.43
1756270800,0.2453,0.2457,0.2438,0.244,112733.46
1756274400,0.244,0.2444,0.2427,0.2431,14390.39
1756278000,0.2432,0.2433,0.2421,0.2429,214432.19
1756281600,0.243,0.2434,0.2412,0.2429,30085.46
1756285200,0.2429,0.2443,0.2429,0.2432,92538.92
1756288800,0.2434,0.2442,0.2422,0.2426,127182.94
1756292400,0.2427,0.2432,0.2422,0.243,84818.21
1756296000,0.2429,0.2433,0.2416,0.2427,102305.01
1756299600,0.2427,0.2449,0.2413,0.2434,217008.52
1756303200,0.2433,0.2467,0.2429,0.2445,181740.72
1756306800,0.2443,0.2461,0.2437,0.245,694924.01
1756310400,0.245,0.2452,0.2426,0.2435,116863.65
1756314000,0.2433,0.2452,0.2428,0.2444,89126.2
1756317600,0.2444,0.2453,0.2426,0.2426,233968.51
1756321200,0.2425,0.2431,0.2401,0.2414,676306.28
1756324800,0.2411,0.244,0.2385,0.2439,430804
1756328400,0.2438,0.2443,0.241,0.2416,283363.13
1756332000,0.2414,0.2426,0.2397,0.2416,111802
1756335600,0.2415,0.2423,0.2403,0.2406,172276.95
1756339200,0.2405,0.2409,0.2381,0.2395,175895.06
1756342800,0.2396,0.2413,0.2396,0.2408,156898.36
1756346400,0.2409,0.2414,0.2386,0.2391,224811.39
1756350000,0.2389,0.2409,0.2387,0.2407,47177.48
1756353600,0.2406,0.2438,0.2404,0.2431,255377.65
1756357200,0.2434,0.2442,0.2422,0.2431,64714.29
1756360800,0.243,0.2438,0.2424,0.2437,61682.33
1756364400,0.2438,0.2439,0.2424,0.2439,60307.79
1756368000,0.244,0.245,0.2434,0.2439,65421.77
1756371600,0.2439,0.244,0.2424,0.2427,102925.3
1756375200,0.2426,0.244,0.2422,0.2437,97693.81
1756378800,0.2436,0.2437,0.2421,0.2432,145015.75
1756382400,0.2432,0.2446,0.2428,0.2439,233892.99
1756386000,0.2438,0.2457,0.2436,0.2452,331528.38
1756389600,0.2453,0.2477,0.245,0.2469,559037.1
1756393200,0.2471,0.2484,0.2441,0.2448,652851.03
1756396800,0.245,0.2458,0.241,0.241,140938.19
1756400400,0.2409,0.2439,0.2407,0.2437,221983.57
1756404000,0.2436,0.2459,0.2435,0.2452,320911.5
1756407600,0.2453,0.2458,0.2421,0.2421,108813.86
1756411200,0.242,0.2443,0.2418,0.2443,177269.69
1756414800,0.2444,0.2458,0.2442,0.2457,357990.46
1756418400,0.2458,0.2484,0.2457,0.2484,451473.83
1756422000,0.2484,0.2487,0.2471,0.2484,508701
1756425600,0.2487,0.2513,0.2487,0.2508,238191.88
1756429200,0.251,0.2593,0.2488,0.2581,1794257.98
1756432800,0.258,0.2608,0.253,0.2571,2112302.05
1756436400,0.2571,0.2615,0.2562,0.2577,1223653.28
1756440000,0.2578,0.2627,0.2551,0.2552,1741902.16
1756443600,0.2551,0.2568,0.2507,0.2514,384769.94
1756447200,0.2514,0.2521,0.2482,0.2521,498143.02
1756450800,0.252,0.2521,0.2432,0.2452,391665.29
1756454400,0.2449,0.2459,0.2429,0.2435,447570.98
1756458000,0.2431,0.2459,0.2423,0.2444,201071.67
1756461600,0.2446,0.2473,0.2446,0.2456,417962.16
1756465200,0.2458,0.2464,0.2441,0.2451,188224.67
1756468800,0.2452,0.2512,0.2434,0.249,569138.76
1756472400,0.2488,0.2491,0.2432,0.2453,330970.01
1756476000,0.246,0.2469,0.242,0.243,735239.08
1756479600,0.2439,0.2457,0.2424,0.2428,286418.09
1756483200,0.2429,0.2441,0.2412,0.2417,459068.92
1756486800,0.2416,0.2416,0.2374,0.2387,578003.42
1756490400,0.2384,0.2388,0.237,0.2379,180021.84
1756494000,0.2377,0.2413,0.2375,0.2402,168169.72
1756497600,0.2403,0.2404,0.238,0.2382,161678.83
1756501200,0.2381,0.2427,0.237,0.2427,487984.83
1756504800,0.2424,0.2424,0.2403,0.2413,105512.52
1756508400,0.2414,0.2416,0.2406,0.2413,188698.14
1756512000,0.2412,0.2418,0.2401,0.2407,85179.59
1756515600,0.2409,0.2413,0.2366,0.2371,238411.04
1756519200,0.2372,0.2403,0.2368,0.2399,47589.33
1756522800,0.2398,0.2436,0.2398,0.2419,98350.14
1756526400,0.2418,0.2424,0.2412,0.2413,70852
1756530000,0.2414,0.2436,0.2409,0.2429,71773.82
1756533600,0.2431,0.2441,0.2431,0.2435,251371.78
1756537200,0.2434,0.2443,0.2434,0.2443,129836.69
1756540800,0.2442,0.2449,0.2433,0.2435,305213.06
1756544400,0.2434,0.2438,0.2426,0.2431,98707.49
1756548000,0.243,0.244,0.2427,0.2432,104824.97
1756551600,0.2431,0.2435,0.2421,0.2426,30702.1
1756555200,0.2425,0.2427,0.2403,0.2415,77205.44
1756558800,0.2419,0.2442,0.2405,0.2442,211585.92
1756562400,0.2442,0.2476,0.2437,0.2476,199509.14
1756566000,0.2474,0.2556,0.2463,0.2549,1691894.92
1756569600,0.2548,0.2554,0.2512,0.2517,630025.46
1756573200,0.2533,0.257,0.2527,0.2547,729738.29
1756576800,0.2553,0.2569,0.2538,0.2541,326502.74
1756580400,0.254,0.255,0.2528,0.2544,236817.67
1756584000,0.2545,0.2547,0.2528,0.2539,119460.48
1756587600,0.2539,0.2558,0.2534,0.2555,449326.33
1756591200,0.2554,0.2596,0.2542,0.257,853511.9
1756594800,0.2568,0.2583,0.2559,0.2571,458813.27
1756598400,0.257,0.2583,0.2534,0.2566,419412.67
1756602000,0.2566,0.2621,0.2553,0.2602,887495.91
1756605600,0.2602,0.262,0.2567,0.2618,1241989.53
1756609200,0.262,0.266,0.2603,0.2649,1314552.06
1756612800,0.2649,0.2705,0.2648,0.2701,3015620.24
1756616400,0.2702,0.28,0.2692,0.2736,3428357.8
1756620000,0.2726,0.2726,0.266,0.2679,3110788.63
1756623600,0.268,0.275,0.2677,0.2744,1514738.62
1756627200,0.2742,0.2785,0.273,0.276,796701.54
1756630800,0.2759,0.2819,0.2738,0.2757,1484450.53
1756634400,0.2758,0.2762,0.2705,0.2741,621725.54
1756638000,0.2742,0.2852,0.2729,0.2846,1938329.72
1756641600,0.2845,0.2953,0.2808,0.2853,5993862.22
1756645200,0.2854,0.2862,0.281,0.2828,1742017.53
1756648800,0.2832,0.2843,0.2756,0.2784,1847095.58
1756652400,0.2786,0.2846,0.2786,0.2819,1916100.57
1756656000,0.2822,0.2855,0.279,0.2842,1414761.04
1756659600,0.2842,0.2843,0.2804,0.2816,811513.25
1756663200,0.2817,0.2855,0.2803,0.2843,1335557.9
1756666800,0.2843,0.2866,0.2817,0.2866,1070920.29
1756670400,0.2864,0.2889,0.285,0.2856,1591585.69
1756674000,0.2856,0.2891,0.2851,0.2868,897592.68
1756677600,0.2864,0.2864,0.2807,0.2811,1028992.6
1756681200,0.2812,0.2828,0.2767,0.2779,1810429.42
1756684800,0.2778,0.2816,0.2709,0.2745,2016136.41
1756688400,0.2745,0.2841,0.2733,0.2841,1443699.4
1756692000,0.284,0.2852,0.2785,0.2807,1495488.63
1756695600,0.2808,0.281,0.2771,0.2793,854309.48
1756699200,0.2792,0.282,0.2746,0.2753,535274.48
1756702800,0.2754,0.2828,0.2754,0.2796,1334918.09
1756706400,0.2798,0.2801,0.2737,0.2737,914571.56
1756710000,0.2737,0.2812,0.2714,0.2811,783629.23
1756713600,0.2812,0.2834,0.2774,0.2801,380429.95
1756717200,0.2799,0.2824,0.2793,0.2793,484879.08
1756720800,0.2794,0.2814,0.2768,0.2796,654071.12
1756724400,0.2796,0.2798,0.2766,0.2777,401332.23
1756728000,0.2776,0.2843,0.2776,0.2824,731425.9
1756731600,0.2822,0.2833,0.2785,0.2802,394300.04
1756735200,0.2803,0.2823,0.2778,0.2804,1538295.84
1756738800,0.2803,0.2803,0.2756,0.2774,461297.52
1756742400,0.2774,0.2801,0.2752,0.2753,192022.74
1756746000,0.2752,0.2767,0.2736,0.2744,677203.13
1756749600,0.2746,0.276,0.274,0.2757,331210.18
1756753200,0.2754,0.276,0.2729,0.2744,402427.7
1756756800,0.2746,0.2753,0.2697,0.2727,554009.85
1756760400,0.2728,0.273,0.267,0.271,581724.61
1756764000,0.2712,0.2727,0.2693,0.2704,503110.13
1756767600,0.2703,0.2724,0.2685,0.2718,363674.48
1756771200,0.2717,0.2745,0.2693,0.2731,715442.18
1756774800,0.2732,0.274,0.2697,0.271,330176.93
1756778400,0.2711,0.2766,0.2708,0.2762,153938.65
1756782000,0.2761,0.282,0.2753,0.2815,1006508.71
1756785600,0.2812,0.2836,0.2774,0.2824,904303.03
1756789200,0.2823,0.2825,0.2786,0.2795,592101.23
1756792800,0.2794,0.2822,0.2786,0.2797,654519.97
1756796400,0.2799,0.2891,0.2798,0.2855,1543782.94
1756800000,0.285,0.2889,0.2835,0.2852,1804271.53
1756803600,0.2853,0.2866,0.2828,0.2839,779439.15
1756807200,0.2837,0.2883,0.2832,0.2883,376358.3
1756810800,0.2884,0.2909,0.2842,0.2853,405221.56
1756814400,0.2854,0.2865,0.2796,0.2801,1512482.69
1756818000,0.2803,0.2874,0.2793,0.2857,1286782.63
1756821600,0.2861,0.2927,0.2848,0.2872,1956063.89
1756825200,0.2868,0.2882,0.2854,0.2864,797261.02
1756828800,0.2864,0.2909,0.2862,0.2866,1379844.44
1756832400,0.2868,0.2874,0.2849,0.2856,312741
1756836000,0.2859,0.2881,0.284,0.287,777421.71
1756839600,0.287,0.288,0.2841,0.2855,629218.97
1756843200,0.2853,0.29,0.2847,0.2899,785861.6
1756846800,0.29,0.2926,0.2896,0.2908,841997.36
1756850400,0.2906,0.2907,0.289,0.2896,427815.18
1756854000,0.2896,0.2909,0.2887,0.2892,634265.45
1756857600,0.289,0.2894,0.2871,0.2874,804193.43
1756861200,0.2874,0.2879,0.2838,0.2879,754337.04
1756864800,0.288,0.2962,0.2879,0.2945,1075829
1756868400,0.2943,0.2962,0.2867,0.2898,1008735.16
1756872000,0.29,0.2905,0.2865,0.2877,561516.53
1756875600,0.2878,0.2899,0.2859,0.2869,260765.3
1756879200,0.2869,0.2875,0.2849,0.2854,471536.37
1756882800,0.2855,0.2868,0.2847,0.2859,157491.63
1756886400,0.286,0.2878,0.2844,0.2855,233278.31
1756890000,0.2856,0.2858,0.2818,0.2849,769566.79
1756893600,0.2851,0.2866,0.2846,0.2862,299890.14
1756897200,0.2862,0.2887,0.2862,0.2879,352086.03
1756900800,0.2881,0.2887,0.2845,0.2847,697349.25
1756904400,0.285,0.2891,0.2848,0.2874,685785.21
1756908000,0.2872,0.2897,0.2853,0.2874,796976.17
1756911600,0.2874,0.2876,0.2845,0.2851,639969
1756915200,0.2849,0.2852,0.2814,0.282,490501.08
1756918800,0.2821,0.2837,0.282,0.2829,482441.32
1756922400,0.2829,0.2832,0.2808,0.2818,313956.25
1756926000,0.2816,0.2827,0.281,0.2827,333417.57
1756929600,0.2826,0.2834,0.2817,0.2827,137401.46
1756933200,0.2828,0.2833,0.2803,0.2819,396406.67
1756936800,0.2818,0.2834,0.2813,0.2826,108132.85
1756940400,0.2828,0.2828,0.281,0.2826,792302.68
1756944000,0.2827,0.2828,0.2793,0.2796,315238.44
1756947600,0.2796,0.2796,0.2775,0.2779,398316.09
1756951200,0.2779,0.2789,0.2752,0.2758,1222573.83
1756954800,0.2756,0.2756,0.2724,0.2731,433248.57
1756958400,0.2732,0.2755,0.2727,0.2741,274604.92
1756962000,0.2739,0.2739,0.2724,0.2726,113619.04
1756965600,0.2725,0.2734,0.2712,0.2724,161265.46
1756969200,0.2725,0.274,0.2724,0.2737,216820.29
1756972800,0.2737,0.2752,0.2734,0.2745,172931.42
1756976400,0.2746,0.2768,0.2746,0.2758,236342.78
1756980000,0.2758,0.2782,0.2757,0.2772,343304.77
1756983600,0.2773,0.2838,0.2773,0.2815,555911.28
1756987200,0.2815,0.2854,0.2808,0.2828,890374.29
1756990800,0.2827,0.2866,0.2822,0.2828,553293.33
1756994400,0.2826,0.2847,0.2792,0.2828,591640.94
1756998000,0.2828,0.2829,0.278,0.2783,240642.67
1757001600,0.2783,0.2816,0.2774,0.2812,551801.86
1757005200,0.2806,0.2806,0.2738,0.2762,522688.19
1757008800,0.2762,0.2779,0.2731,0.2749,481489.38
1757012400,0.275,0.2767,0.2738,0.2745,242142.05
1757016000,0.2746,0.2781,0.2745,0.2764,150746.03
1757019600,0.2763,0.2801,0.2758,0.2798,186631.84
1757023200,0.2794,0.287,0.2793,0.2828,776869.66
1757026800,0.2828,0.2832,0.2799,0.2799,280361.41
1757030400,0.2799,0.2812,0.2786,0.2794,168726.76
1757034000,0.2794,0.2849,0.279,0.2841,332471.01
1757037600,0.2842,0.2864,0.2823,0.2844,376938.71
1757041200,0.284,0.2861,0.2831,0.285,133446.9
1757044800,0.285,0.2887,0.2828,0.2871,222719.56
1757048400,0.287,0.2884,0.2855,0.286,280759.39
1757052000,0.286,0.2863,0.2841,0.2859,393462.59
1757055600,0.2859,0.2893,0.2853,0.2891,217057.85
1757059200,0.289,0.2909,0.2869,0.2886,616532.23
1757062800,0.2883,0.2891,0.2848,0.2871,462958.8
1757066400,0.2869,0.2876,0.2831,0.2843,407219.57
1757070000,0.2842,0.2851,0.283,0.2848,303539.86
1757073600,0.2847,0.2879,0.2838,0.2876,447688.32
1757077200,0.2876,0.2886,0.286,0.2866,402153.19
1757080800,0.2865,0.2865,0.2769,0.2789,756722.78
1757084400,0.279,0.2809,0.2781,0.2782,215081.07
1757088000,0.2783,0.2788,0.2773,0.2778,91884.7
1757091600,0.2777,0.2795,0.2762,0.2785,208807.73
1757095200,0.2784,0.2816,0.2778,0.2813,290274.91
1757098800,0.2811,0.283,0.2806,0.2828,189339.32
1757102400,0.2831,0.2837,0.2824,0.2837,188594.26
1757106000,0.2838,0.284,0.281,0.2816,192738.7
1757109600,0.2815,0.2818,0.28,0.2806,211768.35
1757113200,0.2805,0.2808,0.2784,0.2786,75485.29
1757116800,0.2787,0.2814,0.2787,0.2809,138357.77
1757120400,0.2808,0.282,0.2795,0.2818,198856.03
1757124000,0.2819,0.2833,0.2814,0.2829,150124.11
1757127600,0.2829,0.2849,0.2827,0.2828,148929.16
1757131200,0.2828,0.2829,0.2809,0.2809,156736.49
1757134800,0.2808,0.281,0.2793,0.2793,214182.68
1757138400,0.2798,0.2805,0.2794,0.2796,69853.14
1757142000,0.2798,0.2801,0.2778,0.2785,281307.18
1757145600,0.2786,0.2789,0.2778,0.2784,112217.21
1757149200,0.2783,0.2783,0.2767,0.277,140745.26
1757152800,0.2769,0.2799,0.2759,0.2797,95829.58
1757156400,0.2794,0.2806,0.2789,0.2789,277325.5
1757160000,0.2788,0.279,0.2756,0.2756,166260.89
1757163600,0.2755,0.2762,0.2738,0.2762,276061.84
1757167200,0.2762,0.277,0.2753,0.2754,317726.84
1757170800,0.2754,0.2761,0.2743,0.2753,367677.95
1757174400,0.2752,0.2771,0.275,0.2763,178782.17
1757178000,0.2764,0.2764,0.2741,0.2743,283624.33
1757181600,0.2742,0.2749,0.2735,0.2743,196317.32
1757185200,0.2743,0.2749,0.2724,0.2729,126463.52
1757188800,0.2731,0.2757,0.2726,0.2757,291209.4
1757192400,0.2752,0.2754,0.2744,0.2748,104974.54
1757196000,0.2749,0.2756,0.2745,0.2746,121662.76
1757199600,0.2745,0.2755,0.2733,0.2734,77476.54
1757203200,0.2735,0.2754,0.2733,0.2751,117632.26
1757206800,0.2753,0.2787,0.2753,0.2786,111881.16
1757210400,0.2786,0.2797,0.2776,0.2789,317092.67
1757214000,0.2789,0.2799,0.2783,0.279,272861.3
1757217600,0.2791,0.2796,0.2784,0.2794,105370.57
1757221200,0.2794,0.2802,0.2792,0.2799,196001.45
1757224800,0.2799,0.2804,0.2795,0.2798,188168.59
1757228400,0.2796,0.2816,0.2782,0.2806,268045.55
1757232000,0.2807,0.2811,0.2799,0.2801,71791.72
1757235600,0.28,0.2808,0.2787,0.2794,82797.92
1757239200,0.2795,0.2813,0.2792,0.2811,645456.73
1757242800,0.2811,0.2816,0.2791,0.2798,364082.87
1757246400,0.2794,0.2796,0.2787,0.2789,154743.07
1757250000,0.2789,0.2799,0.2779,0.2792,585484.4
1757253600,0.2791,0.2795,0.2766,0.2769,248522.42
1757257200,0.2768,0.2775,0.2752,0.277,433176.23
1757260800,0.2769,0.2769,0.2743,0.2744,203115.37
1757264400,0.2744,0.2755,0.2739,0.2742,117434.13
1757268000,0.2741,0.2764,0.2737,0.276,363888.52
1757271600,0.276,0.2772,0.2755,0.2768,228391.4
1757275200,0.2768,0.2769,0.2754,0.2767,121348.58
1757278800,0.2768,0.2773,0.2763,0.2771,194954.61
1757282400,0.2771,0.2783,0.2767,0.2783,53859.58
1757286000,0.2782,0.2794,0.2769,0.277,123355.97
1757289600,0.2772,0.2788,0.2755,0.2764,405466.39
1757293200,0.2763,0.2768,0.2756,0.2761,71827.85
1757296800,0.2761,0.2785,0.2756,0.2784,130590.14
1757300400,0.2785,0.2795,0.2778,0.2781,104580.32
1757304000,0.2783,0.2783,0.2762,0.2767,209408.07
1757307600,0.2766,0.2774,0.2762,0.2771,158466.77
1757311200,0.2771,0.278,0.2761,0.2775,73988.33
1757314800,0.2776,0.2782,0.2767,0.2769,88848.36
1757318400,0.2768,0.2789,0.2765,0.2778,431171.07
1757322000,0.2778,0.2797,0.2773,0.2797,527489.66
1757325600,0.2798,0.2805,0.2793,0.2794,690241.1
1757329200,0.2793,0.2794,0.277,0.2774,294936.34
1757332800,0.2776,0.2779,0.2764,0.2772,555538.01
1757336400,0.2774,0.279,0.2756,0.2759,546243.41
1757340000,0.2759,0.2786,0.2759,0.278,555926.83
1757343600,0.2779,0.28,0.2776,0.2794,664840.17
1757347200,0.2794,0.2799,0.277,0.2773,505930.77
1757350800,0.2771,0.2787,0.2757,0.2771,370428.97
1757354400,0.2774,0.2791,0.2774,0.2782,229813.79
1757358000,0.2781,0.2781,0.2737,0.2744,330276.85
1757361600,0.2745,0.2754,0.2712,0.2719,722232.58
1757365200,0.2718,0.2741,0.2718,0.2739,495504.6
1757368800,0.2739,0.2754,0.2732,0.274,165813.06
1757372400,0.2742,0.2744,0.2721,0.2738,457603.26
1757376000,0.2737,0.2753,0.2724,0.2739,199649.09
1757379600,0.274,0.2744,0.2717,0.2718,90991.73
1757383200,0.2718,0.2723,0.2696,0.2703,453380.99
1757386800,0.2701,0.2719,0.2699,0.2715,319757.87
1757390400,0.2716,0.273,0.2711,0.2729,109822.69
1757394000,0.2728,0.2729,0.2708,0.2723,259092.78
1757397600,0.2722,0.277,0.2722,0.2768,406721.21
1757401200,0.2769,0.2788,0.2764,0.2787,258331.43
1757404800,0.2789,0.2819,0.2778,0.2814,315593.31
1757408400,0.2812,0.2812,0.2781,0.2791,403807.5
1757412000,0.2791,0.2802,0.2759,0.2773,290393.48
1757415600,0.2773,0.2784,0.2758,0.2758,255422.09
1757419200,0.276,0.2777,0.2747,0.2753,273202.07
1757422800,0.2755,0.2758,0.273,0.2756,287344.38
1757426400,0.2757,0.2759,0.2697,0.2723,549749.49
1757430000,0.2724,0.2724,0.2686,0.2701,397010.7
1757433600,0.2704,0.2705,0.269,0.2696,324018.61
1757437200,0.2698,0.2708,0.2693,0.2698,121365.71
1757440800,0.2696,0.27,0.2679,0.2683,212798.22
1757444400,0.2685,0.2721,0.2667,0.2695,757775.77
1757448000,0.2694,0.2705,0.2685,0.2702,173219.72
1757451600,0.2702,0.271,0.2689,0.2692,151174.06
1757455200,0.2693,0.2709,0.2688,0.2708,44351.87
1757458800,0.2706,0.2706,0.2688,0.2695,95716.1
1757462400,0.2696,0.2697,0.2656,0.2673,281848.17
1757466000,0.2674,0.2677,0.2662,0.2667,134482.44
1757469600,0.2668,0.2696,0.2668,0.2683,332468.13
1757473200,0.2685,0.269,0.2675,0.2683,134644.38
1757476800,0.2681,0.2681,0.2663,0.267,83154.64
1757480400,0.267,0.2687,0.2666,0.2673,108620.75
1757484000,0.2674,0.2691,0.2667,0.2684,110515.1
1757487600,0.2683,0.2698,0.2682,0.2689,171051.92
1757491200,0.269,0.269,0.2673,0.2681,247744.55
1757494800,0.268,0.2683,0.267,0.2674,182506.73
1757498400,0.2673,0.2677,0.2658,0.2659,116900.62
1757502000,0.2657,0.2668,0.2651,0.2663,184730.48
1757505600,0.2664,0.2706,0.2663,0.2701,563728.09
1757509200,0.2699,0.2735,0.2696,0.272,324989.99
1757512800,0.2721,0.2729,0.2699,0.2702,594903.14
1757516400,0.2702,0.272,0.27,0.271,350194.52
1757520000,0.271,0.2712,0.2686,0.271,173382.06
1757523600,0.271,0.2722,0.2692,0.2706,278951.82
1757527200,0.2705,0.2721,0.2703,0.271,318436.12
1757530800,0.2709,0.2709,0.266,0.2674,297072.55
1757534400,0.2674,0.2684,0.2674,0.2681,87085.84
1757538000,0.2682,0.2699,0.2682,0.2696,112019.75
1757541600,0.2698,0.2707,0.269,0.2698,55418.98
1757545200,0.27,0.2715,0.2699,0.2711,141194.11
1757548800,0.2711,0.2716,0.2696,0.271,536045.66
1757552400,0.2711,0.2737,0.271,0.2732,315591.23
1757556000,0.2732,0.275,0.272,0.2727,557376.5
1757559600,0.2729,0.274,0.2724,0.2739,74910.03
1757563200,0.2739,0.2743,0.2728,0.273,149989.9
1757566800,0.2731,0.2733,0.2719,0.2726,128690.67
1757570400,0.2726,0.2741,0.2724,0.2737,178598.4
1757574000,0.2739,0.274,0.2727,0.2731,173017.99
1757577600,0.2732,0.2732,0.2721,0.2723,92504.08
1757581200,0.2721,0.2724,0.2711,0.2712,186437.71
1757584800,0.2713,0.2718,0.2711,0.2715,124191.05
1757588400,0.2717,0.2727,0.2703,0.2707,186331.02
1757592000,0.2707,0.274,0.2675,0.2707,527321.86
1757595600,0.2705,0.2715,0.2678,0.2713,355669.81
1757599200,0.2712,0.2714,0.2686,0.2704,159494.01
1757602800,0.2705,0.2706,0.2674,0.2679,111656.79
1757606400,0.2678,0.2693,0.2675,0.2685,251527.87
1757610000,0.2686,0.2695,0.2681,0.2691,145593.18
1757613600,0.2691,0.2698,0.2682,0.2692,418202.02
1757617200,0.2694,0.2712,0.2693,0.2711,68707.74
1757620800,0.2711,0.2747,0.2675,0.2708,124613.9
1757624400,0.2705,0.2718,0.2705,0.2713,155769.91
1757628000,0.2714,0.2728,0.2709,0.272,362693.25
1757631600,0.272,0.2727,0.2717,0.2725,270105.69
1757635200,0.2724,0.2746,0.2716,0.2731,139640.92
1757638800,0.2732,0.2742,0.2721,0.2724,203703.93
1757642400,0.2725,0.2733,0.2723,0.2726,185318.45
1757646000,0.2727,0.2727,0.2703,0.2705,213069.97
1757649600,0.2705,0.2719,0.2698,0.2709,518644.43
1757653200,0.2708,0.2729,0.2706,0.2727,249014.8
1757656800,0.2726,0.2748,0.2719,0.2725,779620.09
1757660400,0.2725,0.2735,0.2711,0.2717,370093.7
1757664000,0.2718,0.2721,0.2702,0.2709,129925.4
1757667600,0.271,0.2712,0.2695,0.2707,180291.72
1757671200,0.2708,0.2708,0.2695,0.2701,122959.53
1757674800,0.2705,0.2719,0.2702,0.2707,92194.16
1757678400,0.2708,0.271,0.2692,0.2704,109468.36
1757682000,0.2704,0.2708,0.269,0.2697,370824.38
1757685600,0.2702,0.2712,0.2692,0.2698,143548.48
1757689200,0.2699,0.2699,0.2683,0.2685,229646.33
1757692800,0.2682,0.2695,0.2676,0.2693,335674.26
1757696400,0.2691,0.2705,0.2687,0.2699,478737.86
1757700000,0.2699,0.2715,0.2694,0.2712,389366.74
1757703600,0.2712,0.2726,0.2705,0.2723,801441.15
1757707200,0.2719,0.2725,0.2709,0.2719,523951.61
1757710800,0.2719,0.272,0.2709,0.2719,357176.39
1757714400,0.272,0.274,0.2717,0.2729,991871.61
1757718000,0.2729,0.2736,0.2719,0.2736,380629.01
1757721600,0.2734,0.2736,0.2724,0.2733,243239.46
1757725200,0.2734,0.2758,0.2734,0.2746,302613.47
1757728800,0.2746,0.2772,0.2736,0.2766,146694.17
1757732400,0.2768,0.2807,0.2767,0.2803,555626.7
1757736000,0.2801,0.2802,0.277,0.2773,246641.03
1757739600,0.2774,0.2792,0.2767,0.2791,113039.1
1757743200,0.2792,0.2798,0.2782,0.2794,178892.34
1757746800,0.2795,0.2815,0.2788,0.281,399804.63
1757750400,0.2808,0.2834,0.2804,0.2831,214960.49
1757754000,0.283,0.2847,0.2823,0.2827,381927.94
1757757600,0.2826,0.2864,0.2823,0.2863,712888.49
1757761200,0.2862,0.2862,0.2834,0.2846,431536.57
1757764800,0.2845,0.2872,0.2841,0.2869,301330.17
1757768400,0.2869,0.2878,0.281,0.2838,501916.95
1757772000,0.2839,0.286,0.2822,0.2837,449596.06
1757775600,0.2837,0.2855,0.281,0.2824,253994.34
1757779200,0.2824,0.2837,0.2795,0.28,388066.51
1757782800,0.28,0.2813,0.2775,0.2812,168907.62
1757786400,0.2811,0.2825,0.2795,0.2817,164365.89
1757790000,0.2817,0.2826,0.2811,0.2821,123054.3
1757793600,0.2821,0.2851,0.2821,0.2848,214508.35
1757797200,0.2847,0.2855,0.2838,0.2843,157806.08
1757800800,0.2844,0.2853,0.2826,0.2832,217751.34
1757804400,0.2832,0.2845,0.2831,0.2832,99265.55
1757808000,0.2832,0.2842,0.2813,0.2816,239574.95
1757811600,0.2814,0.2827,0.2792,0.2827,196998.37
1757815200,0.2828,0.2838,0.2819,0.2823,144217.57
1757818800,0.2824,0.2827,0.28,0.2802,54305.19
1757822400,0.2802,0.281,0.278,0.2801,185202.25
1757826000,0.2801,0.2827,0.2799,0.2826,101704.48
1757829600,0.2825,0.2826,0.2802,0.2811,68691.03
1757833200,0.2807,0.2815,0.28,0.2801,47305.61
1757836800,0.28,0.28,0.2788,0.2791,40802.16
1757840400,0.2789,0.2809,0.2785,0.2804,146519.19
1757844000,0.2802,0.2805,0.2796,0.2797,120047.37
1757847600,0.2799,0.2801,0.275,0.2753,387374.89
1757851200,0.2754,0.2771,0.2737,0.2745,261817.94
1757854800,0.2748,0.2749,0.271,0.2723,247862.39
1757858400,0.2724,0.274,0.2698,0.2716,251525.72
1757862000,0.2716,0.2725,0.2693,0.2712,165216.92
1757865600,0.2712,0.2729,0.2711,0.2726,147091.41
1757869200,0.2724,0.2741,0.272,0.273,141556.39
1757872800,0.273,0.273,0.2717,0.272,91897.95
1757876400,0.2719,0.2738,0.2713,0.2727,100362.43
1757880000,0.2727,0.2739,0.2724,0.2733,72753.32
1757883600,0.2733,0.2747,0.272,0.2744,107742.04
1757887200,0.2743,0.2754,0.2731,0.2749,308286.23
1757890800,0.2748,0.2748,0.2714,0.2719,77550.56
1757894400,0.2718,0.273,0.2711,0.2711,140580.31
1757898000,0.2711,0.2729,0.2696,0.2727,348046.02
1757901600,0.2728,0.2738,0.2716,0.272,63509.77
1757905200,0.2721,0.2733,0.2719,0.2727,28863.88
1757908800,0.2726,0.2731,0.2717,0.2719,146653.37
1757912400,0.272,0.2741,0.2718,0.2741,81545.5
1757916000,0.274,0.2744,0.2701,0.2713,42257.68
1757919600,0.2716,0.2723,0.2668,0.2677,330348.09
1757923200,0.2676,0.2676,0.261,0.2613,997390.01
1757926800,0.2613,0.2646,0.2612,0.2639,393225.62
1757930400,0.2638,0.2642,0.2618,0.2637,100462.31
1757934000,0.2639,0.2647,0.2636,0.2643,114069.12
1757937600,0.2642,0.2645,0.2623,0.2627,424991.95
1757941200,0.2629,0.265,0.2622,0.2637,272509.47
1757944800,0.2636,0.2638,0.2612,0.2616,266569.26
1757948400,0.2617,0.2627,0.2579,0.2593,705808.86
1757952000,0.2593,0.2594,0.2561,0.2566,411629.33
1757955600,0.2564,0.2566,0.254,0.2564,646844.31
1757959200,0.2564,0.257,0.2553,0.2565,415436.49
1757962800,0.2565,0.2573,0.2545,0.2554,468502.29
1757966400,0.2555,0.2559,0.2549,0.2558,420784.66
1757970000,0.2558,0.2584,0.2557,0.2582,337126.17
1757973600,0.2581,0.2586,0.2565,0.2565,247240.47
1757977200,0.2567,0.2581,0.2562,0.2578,370170.46
1757980800,0.2576,0.2576,0.2546,0.2553,186103.74
1757984400,0.2551,0.2566,0.2545,0.2547,118889.42
1757988000,0.2547,0.2563,0.2547,0.2553,43518.74
1757991600,0.2553,0.2563,0.2551,0.2558,184562.79
1757995200,0.2556,0.2559,0.253,0.2556,180816.71
1757998800,0.2556,0.258,0.2556,0.258,139360.39
1758002400,0.258,0.2586,0.2563,0.257,59942.51
1758006000,0.257,0.259,0.257,0.259,100619.25
1758009600,0.2591,0.2612,0.2591,0.2603,26174.48
1758013200,0.2601,0.2604,0.2588,0.2595,119617.13
1758016800,0.2594,0.2595,0.2585,0.2588,82702.3
1758020400,0.2588,0.2596,0.2581,0.2595,73195.71
1758024000,0.2593,0.2603,0.2567,0.2567,192524.85
1758027600,0.2567,0.2575,0.2536,0.2559,325692.84
1758031200,0.2558,0.256,0.2535,0.255,420271.34
1758034800,0.2547,0.257,0.2537,0.2567,200162.35
1758038400,0.2568,0.2571,0.2551,0.2559,201530.66
1758042000,0.2559,0.2591,0.2559,0.2581,302473.08
1758045600,0.2584,0.2593,0.2572,0.2581,91865.56
1758049200,0.2579,0.2588,0.2574,0.2585,133229.28
1758052800,0.2582,0.2594,0.2578,0.2594,110583.89
1758056400,0.2595,0.2598,0.2586,0.2596,113066.03
1758060000,0.2598,0.2608,0.259,0.259,314971.64
1758063600,0.259,0.2592,0.2573,0.2576,230705.73
1758067200,0.2576,0.2582,0.2565,0.2576,55091.55
1758070800,0.2574,0.258,0.256,0.2564,110933.49
1758074400,0.2562,0.259,0.256,0.258,226565.74
1758078000,0.2579,0.2579,0.2554,0.2561,594281.45
1758081600,0.2562,0.257,0.2547,0.2551,356382.35
1758085200,0.2552,0.257,0.2549,0.257,263309.8
1758088800,0.2566,0.2572,0.256,0.257,270636.85
1758092400,0.257,0.2572,0.2558,0.2558,251755.55
1758096000,0.2557,0.2557,0.2514,0.2521,742634.03
1758099600,0.252,0.2524,0.2506,0.2506,364209.7
1758103200,0.2506,0.2515,0.2504,0.2515,220696.95
1758106800,0.2514,0.2526,0.251,0.2518,134035.42
1758110400,0.2519,0.2527,0.2512,0.252,344487.14
1758114000,0.252,0.253,0.2511,0.2519,106593.57
1758117600,0.2519,0.2526,0.251,0.2512,208014.51
1758121200,0.2512,0.252,0.2508,0.2517,311446.9
1758124800,0.2516,0.2528,0.25,0.2526,161911.8
1758128400,0.2526,0.2552,0.2519,0.2526,581427.28
1758132000,0.2526,0.2558,0.2511,0.2517,568166.45
1758135600,0.2523,0.2574,0.2523,0.2574,103086.13
1758139200,0.2571,0.2593,0.2545,0.255,320725.54
1758142800,0.2545,0.2585,0.2531,0.2584,190624.6
1758146400,0.2586,0.2638,0.2586,0.2638,124517.43
1758150000,0.2635,0.2642,0.2613,0.2624,489934.66
1758153600,0.2625,0.2632,0.2606,0.261,98804.77
1758157200,0.261,0.2624,0.2607,0.2619,107755.55
1758160800,0.2618,0.2627,0.2611,0.2627,97338.41
1758164400,0.2628,0.2645,0.2628,0.2638,216620.87
1758168000,0.2639,0.2642,0.2625,0.2629,308366.52
1758171600,0.2627,0.2627,0.2604,0.2614,63980.65
1758175200,0.2614,0.2615,0.2587,0.2597,41963.18
1758178800,0.2596,0.2609,0.2593,0.2599,38167.94
1758182400,0.2599,0.2607,0.2591,0.2607,184231.63
1758186000,0.2608,0.262,0.2601,0.2617,241326.63
1758189600,0.2616,0.2617,0.2595,0.2602,223056.91
1758193200,0.2603,0.2607,0.2595,0.2598,257946.82
1758196800,0.2596,0.2606,0.259,0.2597,156070.72
1758200400,0.2596,0.2616,0.259,0.2611,183844.43
1758204000,0.2612,0.2624,0.2601,0.2606,124120.88
1758207600,0.2606,0.2613,0.2589,0.2598,273010.89
1758211200,0.26,0.2625,0.2599,0.2624,230142.27
1758214800,0.2624,0.2639,0.2622,0.2633,265355.02
1758218400,0.2634,0.2648,0.2631,0.2643,353180.4
1758222000,0.2643,0.2643,0.2611,0.2624,322504.21
1758225600,0.2626,0.2634,0.262,0.2623,137985.54
1758229200,0.2622,0.263,0.2615,0.2622,218670.64
1758232800,0.2619,0.2626,0.2607,0.2607,110288.44
1758236400,0.2608,0.2616,0.2596,0.261,146375.84
1758240000,0.2612,0.2641,0.2612,0.264,67327.48
1758243600,0.2639,0.2643,0.262,0.2624,134602.2
1758247200,0.262,0.2626,0.2605,0.2606,48777.13
1758250800,0.2606,0.2611,0.2568,0.257,304921.51
1758254400,0.2569,0.2586,0.2551,0.2582,169174.41
1758258000,0.2582,0.2584,0.2559,0.2568,178435.36
1758261600,0.2568,0.257,0.2545,0.2552,117708.86
1758265200,0.2546,0.2574,0.2545,0.2562,49973.94
1758268800,0.2563,0.2579,0.2562,0.2563,29761.46
1758272400,0.2565,0.2576,0.2548,0.2559,103630.42
1758276000,0.2559,0.257,0.2553,0.2563,129529.88
1758279600,0.2565,0.2566,0.2536,0.2547,381135.39
1758283200,0.255,0.2561,0.2541,0.2542,102902.1
1758286800,0.254,0.2551,0.2536,0.2545,165754.39
1758290400,0.2544,0.2556,0.2523,0.253,268901.74
1758294000,0.2529,0.253,0.2503,0.2527,397993.11
1758297600,0.2526,0.2541,0.2525,0.2537,96491.11
1758301200,0.2535,0.2535,0.2504,0.2506,336472.86
1758304800,0.2504,0.2506,0.248,0.249,850864.1
1758308400,0.2488,0.2496,0.2478,0.2481,402614.83
1758312000,0.2484,0.25,0.2484,0.2493,84319.93
1758315600,0.2492,0.2509,0.2488,0.2509,182003.86
1758319200,0.2509,0.2517,0.2507,0.2508,46022.18
1758322800,0.2509,0.2509,0.2481,0.2498,61009.5
1758326400,0.25,0.2511,0.2494,0.2511,96149.33
1758330000,0.2511,0.2511,0.2493,0.2502,21361.03
1758333600,0.2501,0.251,0.2485,0.2509,86187.42
1758337200,0.2509,0.2519,0.2502,0.2515,62371.39
1758340800,0.2516,0.2521,0.2511,0.2516,37664.88
1758344400,0.2513,0.2527,0.2513,0.2526,90355.45
1758348000,0.2522,0.2528,0.2519,0.2527,23258.19
1758351600,0.2526,0.2533,0.2523,0.2529,76108.03
1758355200,0.2531,0.2531,0.251,0.2512,25001.44
1758358800,0.2512,0.2519,0.2503,0.2511,30472.7
1758362400,0.2513,0.2523,0.2513,0.2516,97038
1758366000,0.2518,0.2526,0.251,0.2522,126868.21
1758369600,0.2525,0.2525,0.2517,0.2517,74364.72
1758373200,0.2517,0.252,0.2511,0.2512,162452.12
1758376800,0.2511,0.2529,0.2504,0.2528,158205.91
1758380400,0.2528,0.2541,0.2526,0.2529,300259.61
1758384000,0.2534,0.2535,0.252,0.2527,191116.1
1758387600,0.2529,0.253,0.2512,0.2517,102490.95
1758391200,0.2519,0.2519,0.2502,0.2505,31927.02
1758394800,0.2505,0.2513,0.2498,0.2501,74903.06
1758398400,0.2502,0.2515,0.2502,0.2515,59672.38
1758402000,0.2515,0.2522,0.2509,0.2511,41426.65
1758405600,0.2511,0.2513,0.2507,0.2509,18711.15
1758409200,0.2508,0.2508,0.2493,0.2502,161737.08
1758412800,0.25,0.2508,0.2493,0.2507,36757.95
1758416400,0.2506,0.2506,0.2493,0.2496,68096.69
1758420000,0.2494,0.2504,0.2488,0.2502,122305.11
1758423600,0.25,0.2511,0.2497,0.2511,50484.23
1758427200,0.2509,0.251,0.2501,0.2504,39324.9
1758430800,0.2507,0.2515,0.2504,0.2515,4097.85
1758434400,0.2514,0.2519,0.2511,0.2511,50261.85
1758438000,0.251,0.2515,0.2504,0.2506,56141.69
1758441600,0.2509,0.251,0.2494,0.2497,222712.91
1758445200,0.2499,0.2499,0.2468,0.2488,181914.79
1758448800,0.2487,0.2491,0.2477,0.2477,72723.99
1758452400,0.2478,0.2492,0.2478,0.2482,67697.36
1758456000,0.2481,0.2497,0.248,0.2483,144801.76
1758459600,0.2484,0.2495,0.2482,0.2492,79572.22
1758463200,0.2492,0.2496,0.2484,0.2485,96116.77
1758466800,0.2483,0.249,0.2482,0.2486,60229.76
1758470400,0.2487,0.2489,0.2459,0.2462,200378.51
1758474000,0.2464,0.248,0.2454,0.2479,48125.4
1758477600,0.248,0.2489,0.2476,0.2487,47108.46
1758481200,0.2487,0.2487,0.2472,0.248,58748.89
1758484800,0.2479,0.2484,0.2474,0.2479,49420.15
1758488400,0.248,0.2483,0.2475,0.2479,82993.98
1758492000,0.2479,0.2483,0.2467,0.2483,19666.49
1758495600,0.248,0.248,0.2454,0.2455,190850.05
1758499200,0.2455,0.2462,0.2362,0.2372,1170129.8
1758502800,0.2371,0.24,0.2364,0.2387,389564.11
1758506400,0.2388,0.2391,0.2343,0.2357,353300.55
1758510000,0.2356,0.2377,0.2354,0.2372,106550.64
1758513600,0.2373,0.2383,0.2365,0.2365,135260.21
1758517200,0.2368,0.237,0.2307,0.231,564582.42
1758520800,0.2308,0.2308,0.2175,0.2286,1462465.97
1758524400,0.2284,0.229,0.227,0.2271,419154.05
1758528000,0.227,0.2297,0.2262,0.2292,237196.16
1758531600,0.2291,0.2291,0.2263,0.2269,186821.91
1758535200,0.2268,0.2298,0.2263,0.2294,191658.57
1758538800,0.2293,0.2302,0.228,0.2284,598014.23
1758542400,0.2282,0.2295,0.2262,0.2274,202471.65
1758546000,0.2276,0.2292,0.2271,0.2292,126063.9
1758549600,0.2293,0.2298,0.2262,0.2269,556610.79
1758553200,0.2269,0.2276,0.2251,0.2262,94152.66
1758556800,0.2262,0.2271,0.2236,0.224,713229.73
1758560400,0.2241,0.2258,0.2231,0.2258,314225.85
1758564000,0.2256,0.2267,0.2254,0.2266,114911.7
1758567600,0.2264,0.2266,0.2246,0.2251,86518.85
1758571200,0.2248,0.2272,0.2248,0.2267,78990.8
1758574800,0.2269,0.2277,0.2265,0.2275,124048.33
1758578400,0.2275,0.2275,0.2266,0.2272,59480.43
1758582000,0.227,0.2277,0.227,0.2276,70095.67
1758585600,0.2276,0.2283,0.2265,0.2266,113696.06
1758589200,0.2266,0.227,0.2255,0.2257,90460.83
1758592800,0.2258,0.2266,0.2234,0.2236,58770.41
1758596400,0.2235,0.2267,0.2224,0.2265,82564.95
1758600000,0.2266,0.227,0.2241,0.225,38993.32
1758603600,0.2249,0.2262,0.2243,0.2249,72457.79
1758607200,0.2251,0.228,0.2249,0.2276,151848.46
1758610800,0.2274,0.2287,0.2272,0.2287,228099.52
1758614400,0.2286,0.2299,0.228,0.2299,109115.72
1758618000,0.2299,0.2305,0.2279,0.2283,119048.51
1758621600,0.2282,0.2289,0.228,0.2283,464144.32
1758625200,0.2282,0.2283,0.2273,0.2273,64786.46
1758628800,0.2272,0.228,0.227,0.2272,455393.17
1758632400,0.2271,0.2282,0.2268,0.2269,908520.92
1758636000,0.2268,0.2282,0.2261,0.2262,223349.59
1758639600,0.2261,0.2278,0.2255,0.227,132526.12
1758643200,0.2267,0.228,0.2255,0.2262,222515.68
1758646800,0.2261,0.2261,0.224,0.2242,148206.82
1758650400,0.2242,0.2249,0.2233,0.224,152100.02
1758654000,0.224,0.2252,0.2229,0.2237,253655.65
1758657600,0.2238,0.2251,0.2235,0.2251,135235.6
1758661200,0.2251,0.2267,0.2244,0.2267,30039.12
1758664800,0.2265,0.2265,0.2248,0.2261,217344.53
1758668400,0.2261,0.2261,0.225,0.2252,80998.2
1758672000,0.2253,0.2268,0.2251,0.2258,73003.17
1758675600,0.2257,0.228,0.2251,0.2278,107274.08
1758679200,0.2279,0.228,0.2264,0.2269,91502.77
1758682800,0.2267,0.2268,0.2239,0.224,67668.89
1758686400,0.2239,0.2259,0.2207,0.2247,82411.89
1758690000,0.2248,0.2259,0.2245,0.2258,198621.32
1758693600,0.2258,0.2259,0.2252,0.2254,62810.32
1758697200,0.2256,0.2262,0.2252,0.2262,80158.15
1758700800,0.2263,0.2265,0.2254,0.2262,42602.97
1758704400,0.2263,0.227,0.226,0.227,235415.49
1758708000,0.2268,0.227,0.2253,0.2265,740760.32
1758711600,0.2266,0.2271,0.2263,0.2268,343115.39
1758715200,0.227,0.2275,0.2267,0.2274,189671.28
1758718800,0.2273,0.228,0.2265,0.2267,1667215.14
1758722400,0.2268,0.229,0.2267,0.2287,1683484.8
1758726000,0.2288,0.2288,0.2271,0.2275,145155.83
1758729600,0.2273,0.228,0.2268,0.2269,163429.84
1758733200,0.2267,0.2277,0.2264,0.2273,192178.04
1758736800,0.2274,0.2274,0.2265,0.2268,201226.64
1758740400,0.2267,0.2267,0.2257,0.2262,40580.26
1758744000,0.2264,0.2265,0.2246,0.2255,133457.38
1758747600,0.2255,0.2262,0.2254,0.2254,97715.08
1758751200,0.2254,0.226,0.2248,0.2253,66149.35
1758754800,0.2254,0.2258,0.2241,0.2249,73366.23
1758758400,0.2249,0.2254,0.2233,0.2237,97852.99
1758762000,0.2235,0.224,0.2221,0.2229,76512.01
1758765600,0.223,0.2243,0.2212,0.2236,70406.25
1758769200,0.2235,0.2235,0.2208,0.2223,47685.45
1758772800,0.2221,0.2229,0.2179,0.2188,103211.32
1758776400,0.2188,0.2216,0.2184,0.2209,244284.73
1758780000,0.2207,0.2209,0.2186,0.2187,66640.23
1758783600,0.2185,0.2206,0.2185,0.2202,40514.23
1758787200,0.2201,0.2212,0.2196,0.2205,13987.28
1758790800,0.2205,0.2223,0.2204,0.2205,41132.2
1758794400,0.2206,0.2219,0.2204,0.2205,76369.06
1758798000,0.2206,0.2209,0.219,0.22,230431.73
1758801600,0.2201,0.2202,0.2154,0.2186,292313.09
1758805200,0.2187,0.2206,0.217,0.2194,78740.27
1758808800,0.2194,0.2228,0.2194,0.2216,84913.75
1758812400,0.2214,0.2215,0.2196,0.22,363376.51
1758816000,0.22,0.2203,0.2163,0.2164,325145.21
1758819600,0.2163,0.2165,0.2108,0.212,737027.91
1758823200,0.2119,0.2179,0.2109,0.2179,1588796.96
1758826800,0.2177,0.2202,0.2177,0.2185,110786.55
1758830400,0.2186,0.2188,0.2162,0.2166,231542.87
1758834000,0.2167,0.2191,0.2164,0.2187,83367.38
1758837600,0.2186,0.2193,0.2169,0.2174,17371.49
1758841200,0.2174,0.2185,0.2149,0.2166,112329.6
1758844800,0.2166,0.2196,0.2162,0.2193,181904.52
1758848400,0.2195,0.2204,0.2187,0.2196,124225.42
1758852000,0.2197,0.2203,0.2175,0.2177,65236.75
1758855600,0.2175,0.218,0.2165,0.218,178237.28
1758859200,0.2178,0.2182,0.2165,0.2173,35649.02
1758862800,0.2172,0.2185,0.2164,0.2167,48587.49
1758866400,0.2166,0.2178,0.216,0.2165,43965.55
1758870000,0.2164,0.2173,0.2152,0.217,133967.9
1758873600,0.2171,0.2183,0.2171,0.2172,23662.72
1758877200,0.2171,0.2179,0.216,0.2172,55609.36
1758880800,0.2169,0.2169,0.2148,0.2153,61053.03
1758884400,0.2152,0.2172,0.2144,0.2164,119259.25
1758888000,0.2163,0.2191,0.2144,0.2181,158512.69
1758891600,0.2183,0.22,0.2171,0.2196,166655.14
1758895200,0.2196,0.2198,0.217,0.2176,96855.85
1758898800,0.2177,0.2196,0.2176,0.2191,166791.23
1758902400,0.2194,0.2219,0.2194,0.2219,210916.08
1758906000,0.2221,0.223,0.2213,0.2222,320020.76
1758909600,0.2221,0.2231,0.2217,0.2217,138728.22
1758913200,0.2216,0.2216,0.2191,0.2195,70692.07
1758916800,0.2194,0.2203,0.2191,0.2196,110863.7
1758920400,0.2196,0.2202,0.2193,0.2199,46947.93
1758924000,0.2199,0.2208,0.2196,0.2202,97175.38
1758927600,0.2202,0.2215,0.2196,0.2213,42520.37
1758931200,0.2213,0.2218,0.221,0.2216,49804.42
1758934800,0.2217,0.2229,0.2214,0.2221,330199.84
1758938400,0.2221,0.2236,0.2216,0.2229,117410.45
1758942000,0.2229,0.2236,0.2221,0.2228,61435.42
1758945600,0.2229,0.2234,0.2224,0.2232,135772.4
1758949200,0.2228,0.225,0.2226,0.2245,137196.01
1758952800,0.2244,0.2245,0.2237,0.2238,15225.96
1758956400,0.224,0.2242,0.2228,0.2228,18696.45
1758960000,0.2229,0.2237,0.2223,0.2228,9593.75
1758963600,0.2229,0.223,0.2218,0.2227,14434.28
1758967200,0.2228,0.2232,0.2217,0.2227,8193.74
1758970800,0.2226,0.2229,0.2221,0.2227,37608.54
1758974400,0.2226,0.224,0.222,0.224,71053.49
1758978000,0.2238,0.2241,0.2232,0.2236,17197.71
1758981600,0.2236,0.2239,0.2225,0.2227,34238.91
1758985200,0.2229,0.224,0.2221,0.2239,25856.89
1758988800,0.2239,0.224,0.2222,0.2222,82862.64
1758992400,0.2219,0.2219,0.2208,0.2211,100480.14
1758996000,0.221,0.2217,0.2205,0.2216,94190.07
1758999600,0.2216,0.2223,0.2213,0.2223,31546.23
1759003200,0.2222,0.2233,0.2222,0.2231,31486.42
1759006800,0.2232,0.2233,0.222,0.2231,170380.82
1759010400,0.2232,0.2243,0.2231,0.2235,94339.22
1759014000,0.2234,0.2237,0.2229,0.2231,81582.47
1759017600,0.2232,0.2237,0.2224,0.2231,50056.92
1759021200,0.223,0.2231,0.2215,0.2217,93968.85
1759024800,0.2219,0.223,0.2215,0.2224,121135.13
1759028400,0.2225,0.2237,0.2225,0.2237,40555.86
1759032000,0.2235,0.225,0.2229,0.2246,241591.28
1759035600,0.2247,0.2253,0.224,0.224,1413186.24
1759039200,0.224,0.2256,0.2234,0.2255,236310.09
1759042800,0.2257,0.2265,0.2248,0.2263,1286216.91
1759046400,0.2265,0.2267,0.224,0.224,189832.27
1759050000,0.2244,0.2245,0.2227,0.2229,136189.02
1759053600,0.2228,0.2234,0.2215,0.2234,60864.37
1759057200,0.2234,0.2234,0.2215,0.222,70261.48
1759060800,0.222,0.222,0.2207,0.2217,61720.78
1759064400,0.2219,0.224,0.2219,0.2238,64245.02
1759068000,0.2238,0.2247,0.2237,0.2246,130801.91
1759071600,0.2246,0.2248,0.2236,0.2243,61378.21
1759075200,0.2243,0.2255,0.2233,0.2237,71646.21
1759078800,0.2238,0.2247,0.2235,0.2241,97331.3
1759082400,0.224,0.2249,0.224,0.2249,87702.11
1759086000,0.2249,0.2254,0.2246,0.2252,54803.77
1759089600,0.2254,0.2262,0.224,0.2258,1163429.5
1759093200,0.2259,0.2265,0.2259,0.2263,196495.99
1759096800,0.2264,0.2288,0.2263,0.2288,1975091.78
1759100400,0.2288,0.2289,0.228,0.2286,93146.88
1759104000,0.2286,0.2295,0.228,0.2291,61973.19
1759107600,0.2291,0.2293,0.2283,0.2283,70289.07
1759111200,0.2282,0.2298,0.2275,0.2283,378158.59
1759114800,0.2284,0.2291,0.228,0.229,78323.48
1759118400,0.2289,0.229,0.2277,0.2277,65855.81
1759122000,0.2276,0.2298,0.2268,0.2298,234854.39
1759125600,0.2296,0.2296,0.228,0.2282,73471.2
1759129200,0.2283,0.2286,0.2274,0.2282,65542.21
1759132800,0.2284,0.2296,0.228,0.2291,263296.13
1759136400,0.229,0.2296,0.2282,0.2285,137770.78
1759140000,0.2287,0.2294,0.2274,0.2274,407011.28
1759143600,0.2273,0.2276,0.226,0.2271,53988.51
1759147200,0.227,0.2273,0.2246,0.2248,2917.6
1759150800,0.2247,0.2275,0.2235,0.2269,110675.41
1759154400,0.227,0.2294,0.227,0.2293,401929.37
1759158000,0.2292,0.2298,0.2264,0.2268,99899.49
1759161600,0.2269,0.2274,0.2245,0.2246,60405.69
1759165200,0.2244,0.2265,0.2236,0.2264,130931.21
1759168800,0.2263,0.2264,0.2253,0.2263,199869.83
1759172400,0.2262,0.2277,0.2256,0.2276,107447.89
1759176000,0.2275,0.2295,0.2275,0.2294,157828.27
1759179600,0.2294,0.2295,0.2285,0.2286,203937.51
1759183200,0.2285,0.2287,0.2273,0.2274,89917.39
1759186800,0.2274,0.2274,0.2259,0.2261,388594.54
1759190400,0.226,0.2265,0.2242,0.2247,291469.06
1759194000,0.2246,0.226,0.224,0.2246,83122.43
1759197600,0.2247,0.2255,0.2243,0.2245,343101.1
1759201200,0.2245,0.2254,0.2243,0.2249,25410.6
1759204800,0.2248,0.2262,0.2248,0.2258,26589.28
1759208400,0.2256,0.2271,0.2254,0.2263,91059.29
1759212000,0.2265,0.2266,0.2257,0.2259,78407.46
1759215600,0.2257,0.2268,0.2246,0.2254,223459.51
1759219200,0.2251,0.2252,0.2243,0.2245,82348.94
1759222800,0.2245,0.2251,0.2232,0.2236,112831
1759226400,0.2234,0.2246,0.2234,0.2242,19306.12
1759230000,0.2241,0.2251,0.223,0.2248,39101.75
1759233600,0.2247,0.2253,0.2241,0.2243,22252.18
1759237200,0.2244,0.2265,0.2235,0.2258,91661.63
1759240800,0.2256,0.2257,0.2237,0.2248,253735.6
1759244400,0.2244,0.2244,0.2213,0.222,153173.23
1759248000,0.222,0.2222,0.2203,0.2208,1172295.37
1759251600,0.2207,0.2214,0.2202,0.2205,463209.5
1759255200,0.2205,0.2222,0.22,0.2222,181575.02
1759258800,0.2222,0.2246,0.2218,0.2246,104469.27
1759262400,0.2246,0.2272,0.224,0.2272,332611.2
1759266000,0.2272,0.2275,0.2253,0.2253,82029.2
1759269600,0.2254,0.2263,0.2235,0.2235,40164.45
1759273200,0.2236,0.2247,0.2233,0.2247,48413.4
1759276800,0.2245,0.2248,0.223,0.2239,176705.25
1759280400,0.224,0.2259,0.2239,0.2259,88579.55
1759284000,0.2258,0.2275,0.2256,0.2258,235547.88
1759287600,0.2258,0.2259,0.2237,0.2237,141381.24
1759291200,0.2236,0.2254,0.2235,0.224,78171.86
1759294800,0.2243,0.2259,0.2243,0.2254,100723.05
1759298400,0.2253,0.2254,0.2241,0.2248,39432.85
1759302000,0.2249,0.2262,0.2247,0.2261,197831.75
1759305600,0.2261,0.2333,0.2261,0.2333,164368.44
1759309200,0.2334,0.2352,0.2333,0.2348,959887.51
1759312800,0.2349,0.2351,0.2325,0.233,276732.77
1759316400,0.233,0.2335,0.2323,0.2332,101747.67
1759320000,0.2331,0.2335,0.2317,0.2321,62778.84
1759323600,0.2322,0.2338,0.2322,0.2334,168628.98
1759327200,0.2331,0.2355,0.233,0.2349,144124.67
1759330800,0.2347,0.2358,0.2341,0.2355,76293.57
1759334400,0.2356,0.2365,0.2344,0.2349,372969.75
1759338000,0.235,0.2355,0.234,0.2348,337061.31
1759341600,0.2349,0.2371,0.2347,0.2367,462481.84
1759345200,0.2367,0.2382,0.2367,0.2377,415863.65
1759348800,0.2377,0.2381,0.2368,0.2381,124966.47
1759352400,0.238,0.2383,0.237,0.2382,89968.77
1759356000,0.2382,0.2387,0.2376,0.2377,96971.76
1759359600,0.2376,0.239,0.2374,0.239,224552.7
1759363200,0.239,0.24,0.2378,0.2379,234227.25
1759366800,0.2379,0.2405,0.2379,0.2404,190395.11
1759370400,0.2403,0.2404,0.2391,0.2397,103561.8
1759374000,0.2395,0.2398,0.2383,0.2386,167791.69
1759377600,0.2386,0.2397,0.2381,0.2395,86510.96
1759381200,0.2395,0.2405,0.2391,0.2396,49520.65
1759384800,0.2399,0.2411,0.2394,0.2402,98317.69
1759388400,0.2402,0.2407,0.239,0.2393,41034.06
1759392000,0.2394,0.24,0.2393,0.2397,58472.7
1759395600,0.2396,0.2399,0.239,0.2395,30262.21
1759399200,0.2395,0.2405,0.2389,0.2401,98790.56
1759402800,0.24,0.2409,0.2395,0.2395,119158.13
1759406400,0.2394,0.2417,0.2394,0.2411,229478.84
1759410000,0.2412,0.2413,0.2384,0.2394,253424.09
1759413600,0.2393,0.2394,0.2341,0.2348,400735.74
1759417200,0.2346,0.2379,0.2334,0.2379,151452.91
1759420800,0.238,0.24,0.2373,0.238,447978.92
1759424400,0.238,0.24,0.2371,0.2397,135512.22
1759428000,0.2398,0.2413,0.2398,0.2405,258194.52
1759431600,0.2405,0.2425,0.2404,0.2415,151615.68
1759435200,0.2415,0.2419,0.2399,0.2405,173072.48
1759438800,0.2404,0.2414,0.24,0.2407,82077.75
1759442400,0.2406,0.2415,0.2394,0.2396,213942.66
1759446000,0.2399,0.2407,0.2398,0.2406,213485.98
1759449600,0.2405,0.2405,0.2378,0.2381,75294.92
1759453200,0.2381,0.239,0.2372,0.2376,137425.42
1759456800,0.2375,0.2393,0.2375,0.2391,76930.17
1759460400,0.2392,0.2408,0.2379,0.2381,206088.04
1759464000,0.2382,0.2402,0.2382,0.24,107254.41
1759467600,0.2396,0.2399,0.2381,0.239,101958.15
1759471200,0.2388,0.2393,0.2375,0.2383,91961.98
1759474800,0.2383,0.2385,0.2375,0.2384,43526.91
1759478400,0.2383,0.2388,0.2368,0.2386,100579.26
1759482000,0.2387,0.2393,0.238,0.2392,122215.48
1759485600,0.2392,0.2394,0.2387,0.2388,38142.11
1759489200,0.2388,0.2388,0.2378,0.2381,33546.9
1759492800,0.2382,0.2394,0.2377,0.239,61059
1759496400,0.239,0.2406,0.2377,0.2401,120784.26
1759500000,0.24,0.2415,0.2378,0.2411,191969.97
1759503600,0.2411,0.2435,0.2407,0.2435,562105.98
1759507200,0.2434,0.2454,0.2427,0.2427,193720.87
1759510800,0.2426,0.2426,0.2389,0.2392,195576.54
1759514400,0.239,0.2421,0.2384,0.2419,93729.04
1759518000,0.2417,0.2431,0.2412,0.242,195720.76
1759521600,0.2419,0.2426,0.241,0.2423,120223.17
1759525200,0.2424,0.2426,0.2415,0.2418,68705.26
1759528800,0.2419,0.2422,0.2412,0.2414,94329.22
1759532400,0.2414,0.2415,0.2404,0.2411,177731.43
1759536000,0.2412,0.2414,0.2399,0.2403,58467.75
1759539600,0.2402,0.2402,0.2386,0.239,64025.47
1759543200,0.2392,0.2399,0.2386,0.2395,191271.97
1759546800,0.2394,0.2396,0.2382,0.2387,24199.44
1759550400,0.2385,0.2391,0.2377,0.2385,46864.35
1759554000,0.2386,0.2393,0.2383,0.2393,18250.06
1759557600,0.2393,0.2398,0.239,0.2394,55834.78
1759561200,0.2393,0.2395,0.2378,0.2382,121742.9
1759564800,0.2381,0.2382,0.2363,0.2365,115416
1759568400,0.2364,0.2373,0.2358,0.236,52733.96
1759572000,0.2362,0.2371,0.2355,0.2356,144291.08
1759575600,0.2357,0.236,0.2351,0.2353,142609.43
1759579200,0.2352,0.2365,0.2351,0.2363,168771.97
1759582800,0.2365,0.2385,0.2363,0.2381,91431.28
1759586400,0.2379,0.2388,0.2358,0.2358,104706.34
1759590000,0.236,0.2364,0.2346,0.2355,193699.04
1759593600,0.2358,0.2367,0.2348,0.2363,108632.38
1759597200,0.2365,0.2366,0.2349,0.2355,411006.62
1759600800,0.2356,0.2356,0.2345,0.2348,30387.49
1759604400,0.2348,0.2355,0.2348,0.2355,44529.66
1759608000,0.2356,0.2366,0.2356,0.2358,35084.43
1759611600,0.236,0.2371,0.2359,0.2365,107447.05
1759615200,0.2366,0.2373,0.2364,0.2364,229025.87
1759618800,0.2364,0.2366,0.2363,0.2365,43641.22
1759622400,0.2364,0.2379,0.2364,0.2366,60589.95
1759626000,0.2366,0.2375,0.2366,0.2373,82288.34
1759629600,0.2374,0.2397,0.237,0.2397,351571.66
1759633200,0.2398,0.2403,0.2389,0.2391,90046.49
1759636800,0.239,0.2408,0.2387,0.2406,307730.71
1759640400,0.2405,0.2421,0.2402,0.2417,154573.06
1759644000,0.2418,0.2428,0.2414,0.2422,100490.24
1759647600,0.2422,0.2453,0.2422,0.2453,155276.25
1759651200,0.2453,0.2458,0.2442,0.2447,109445.34
1759654800,0.2446,0.2451,0.2417,0.2418,447314.94
1759658400,0.2418,0.2418,0.2401,0.2401,38059.8
1759662000,0.2403,0.2408,0.2388,0.2406,57109.63
1759665600,0.2406,0.241,0.2391,0.2392,261869.83
1759669200,0.2393,0.2405,0.2391,0.2401,66990.79
1759672800,0.24,0.241,0.2386,0.2393,59708.46
1759676400,0.2393,0.2401,0.2388,0.2394,46043.84
1759680000,0.2391,0.2396,0.2374,0.2395,85825.94
1759683600,0.2396,0.2397,0.2362,0.2366,130828.01
1759687200,0.2367,0.2392,0.2358,0.2386,55350.82
1759690800,0.2386,0.2387,0.2364,0.2364,150458.34
1759694400,0.2363,0.2378,0.2358,0.2371,65104.72
1759698000,0.2373,0.2375,0.2364,0.2375,42378.85
1759701600,0.2376,0.2381,0.2368,0.2373,73369.51
1759705200,0.2373,0.2383,0.2373,0.2376,98643.58
1759708800,0.2376,0.239,0.2358,0.2363,178749.08
1759712400,0.2363,0.2397,0.2353,0.2397,358623.3
1759716000,0.2396,0.2401,0.2381,0.2396,88688.89
1759719600,0.2396,0.2402,0.2393,0.2396,77701.26
1759723200,0.2396,0.2399,0.2382,0.2382,66567.23
1759726800,0.2385,0.2395,0.238,0.2394,85199.75
1759730400,0.2393,0.242,0.2393,0.2412,124010.7
1759734000,0.2411,0.2426,0.2403,0.241,211945.05
1759737600,0.2412,0.2422,0.2409,0.2412,177000.64
1759741200,0.2413,0.2425,0.2413,0.2424,85018.84
1759744800,0.2423,0.2428,0.2412,0.2422,156904.06
1759748400,0.2421,0.2441,0.242,0.2435,157943.8
1759752000,0.2435,0.2443,0.2426,0.2435,121209.67
1759755600,0.2433,0.2461,0.2429,0.2461,130465.48
1759759200,0.2462,0.2479,0.2454,0.2458,164967.12
1759762800,0.246,0.2481,0.2453,0.2471,239825.81
1759766400,0.2472,0.2477,0.2457,0.2469,125242.49
1759770000,0.2469,0.2485,0.2463,0.2479,120988.37
1759773600,0.2479,0.2535,0.2479,0.2526,564471
1759777200,0.2525,0.2525,0.2493,0.25,161010.52
1759780800,0.2503,0.2511,0.2496,0.2504,96949.01
1759784400,0.2504,0.2509,0.2494,0.2504,158519.29
1759788000,0.2506,0.2509,0.2487,0.2497,89086.76
1759791600,0.2497,0.2509,0.2495,0.2498,142411.47
1759795200,0.2501,0.2508,0.2495,0.2501,194758.72
1759798800,0.2502,0.2512,0.2487,0.2489,150301.2
1759802400,0.249,0.2497,0.2484,0.2487,77835.85
1759806000,0.2487,0.2488,0.2476,0.2478,121498.7
1759809600,0.2477,0.2486,0.2469,0.2483,170983.21
1759813200,0.248,0.2484,0.2475,0.2477,56840.63
1759816800,0.2477,0.2479,0.2438,0.2448,269887.35
1759820400,0.2449,0.2459,0.244,0.2446,159931.04
1759824000,0.2445,0.2462,0.2428,0.2457,165819.72
1759827600,0.2458,0.2468,0.2458,0.2461,33444.58
1759831200,0.2461,0.2474,0.246,0.2473,81194.4
1759834800,0.2471,0.2485,0.247,0.2481,83934.45
1759838400,0.248,0.25,0.2478,0.2499,114895.87
1759842000,0.25,0.2506,0.2451,0.2457,360898.62
1759845600,0.2457,0.2459,0.2397,0.2397,617722.52
1759849200,0.24,0.24,0.2363,0.2379,574704.29
1759852800,0.2378,0.2408,0.2365,0.2392,187680.4
1759856400,0.2393,0.2394,0.2372,0.2372,72982.32
1759860000,0.2371,0.2374,0.2363,0.237,457785.41
1759863600,0.2371,0.2391,0.2371,0.2387,127440.33
1759867200,0.2388,0.2408,0.2388,0.2399,405149
1759870800,0.2398,0.2415,0.239,0.2394,112606.32
1759874400,0.2391,0.2401,0.2383,0.2383,168829.3
1759878000,0.2383,0.2386,0.2371,0.2373,92833.34
1759881600,0.2372,0.2391,0.2371,0.2387,50235.71
1759885200,0.2386,0.2402,0.2384,0.2387,78091.33
1759888800,0.2386,0.2391,0.2377,0.2379,59073.05
1759892400,0.2378,0.2378,0.2351,0.2352,562052.18
1759896000,0.2352,0.237,0.2345,0.237,374085.65
1759899600,0.2368,0.2368,0.2351,0.236,28920.7
1759903200,0.2357,0.2367,0.2352,0.2366,175575.83
1759906800,0.2365,0.2379,0.2363,0.2379,31094.43
1759910400,0.238,0.239,0.2374,0.2383,283532.45
1759914000,0.2384,0.2385,0.2372,0.2382,94954.63
1759917600,0.2382,0.2388,0.238,0.2385,94294.38
1759921200,0.2386,0.2393,0.2373,0.238,48068.97
1759924800,0.2376,0.2382,0.2369,0.2378,62932.66
1759928400,0.2378,0.2385,0.2359,0.2385,222471.16
1759932000,0.2386,0.2403,0.2378,0.2383,59600.49
1759935600,0.2383,0.2396,0.238,0.2381,126945.88
1759939200,0.2381,0.2402,0.2381,0.2398,124098.95
1759942800,0.2399,0.244,0.2395,0.2433,267737.34
1759946400,0.2434,0.2442,0.2423,0.243,258205.29
1759950000,0.2429,0.2434,0.2419,0.2432,75386.74
1759953600,0.2431,0.2444,0.2421,0.2423,198408.64
1759957200,0.2424,0.2428,0.2412,0.2418,270964.4
1759960800,0.2418,0.2426,0.2416,0.2417,58129.88
1759964400,0.2417,0.2418,0.2406,0.2413,218974.69
1759968000,0.2414,0.2418,0.2398,0.2401,299513.51
1759971600,0.2402,0.2402,0.2385,0.2394,90639.32
1759975200,0.2394,0.2394,0.2353,0.2359,226194.58
1759978800,0.2357,0.2385,0.2357,0.2384,74264.56
1759982400,0.2384,0.2403,0.2384,0.239,159757.67
1759986000,0.2389,0.2394,0.2382,0.2384,119888.78
1759989600,0.2384,0.2391,0.2376,0.2379,165801.89
1759993200,0.2382,0.2388,0.2369,0.2369,97249.1
1759996800,0.237,0.2374,0.2343,0.2351,138384.17
1760000400,0.235,0.2371,0.2349,0.2367,132984.05
1760004000,0.237,0.238,0.2365,0.2377,155062.74
1760007600,0.2377,0.239,0.2372,0.2385,90570.62
1760011200,0.239,0.2417,0.239,0.2415,302719.68
1760014800,0.2417,0.2417,0.2385,0.239,598705.49
1760018400,0.2389,0.2396,0.2347,0.2369,402422
1760022000,0.237,0.2385,0.2355,0.2362,334953.88
1760025600,0.2359,0.2365,0.2325,0.2331,618276.49
1760029200,0.233,0.2361,0.2329,0.2356,453681.43
1760032800,0.2357,0.2357,0.2338,0.2339,258112.59
1760036400,0.234,0.2361,0.234,0.2348,264737.91
1760040000,0.235,0.2354,0.2337,0.2343,143356.59
1760043600,0.2342,0.2354,0.2339,0.2353,189235.6
1760047200,0.2351,0.2375,0.2351,0.2366,68982.57
1760050800,0.2366,0.2369,0.2361,0.2363,156895.2
1760054400,0.2364,0.2371,0.2359,0.2368,374597.86
1760058000,0.2369,0.238,0.2368,0.2369,29876.26
1760061600,0.2368,0.2371,0.2359,0.2363,157518.14
1760065200,0.236,0.24,0.2352,0.2384,231259
1760068800,0.2386,0.2393,0.238,0.2384,76562.1
1760072400,0.2384,0.2396,0.2373,0.2396,181939.16
1760076000,0.2396,0.2396,0.2371,0.238,196938.97
1760079600,0.2379,0.2379,0.2363,0.2364,101829.01
1760083200,0.2362,0.2377,0.2357,0.2376,462506.51
1760086800,0.2374,0.2375,0.2354,0.2354,328988.2
1760090400,0.2354,0.2385,0.2354,0.2383,130130.52
1760094000,0.2384,0.2393,0.2379,0.2392,232479.4
1760097600,0.2392,0.2399,0.2383,0.2392,537348.65
1760101200,0.2393,0.2402,0.2385,0.2393,253434.25
1760104800,0.2394,0.2399,0.2361,0.2365,214582.6
1760108400,0.2365,0.2366,0.2261,0.2296,1193340.06
1760112000,0.2289,0.2315,0.2289,0.229,519452.33
1760115600,0.2292,0.2297,0.2267,0.2267,331929.01
1760119200,0.2267,0.2279,0.226,0.226,244399.97
1760122800,0.2261,0.2264,0.221,0.2242,1211301.65
1760126400,0.224,0.2262,0.2097,0.2127,1942588.52
1760130000,0.2118,0.2177,0.15,0.2021,4035015.11
1760133600,0.2049,0.2174,0.166,0.1893,3950052.51
1760137200,0.1893,0.1916,0.1768,0.1839,1696512.39
1760140800,0.1833,0.1999,0.1833,0.1989,1157893.54
1760144400,0.1988,0.2022,0.187,0.1882,747902.24
1760148000,0.1884,0.1972,0.1884,0.1956,364572.09
1760151600,0.1955,0.1955,0.1902,0.1921,353445.61
1760155200,0.1922,0.1935,0.1904,0.1928,750814.92
1760158800,0.1928,0.1936,0.1888,0.1911,474431.8
1760162400,0.1914,0.1936,0.1907,0.1913,409350.16
1760166000,0.1914,0.1926,0.19,0.1912,327038.29
1760169600,0.1913,0.1962,0.1907,0.1961,468805.4
1760173200,0.1961,0.1977,0.1944,0.1947,324157.57
1760176800,0.1949,0.1967,0.1936,0.1946,201992.6
1760180400,0.1947,0.1949,0.1921,0.1932,538822.28
1760184000,0.1932,0.1955,0.1915,0.1925,1153994.07
1760187600,0.1926,0.1932,0.1894,0.1927,213582.71
1760191200,0.1927,0.193,0.1909,0.1927,613811.57
1760194800,0.193,0.1951,0.1929,0.1943,417023.02
1760198400,0.1941,0.1952,0.193,0.1936,283452.59
1760202000,0.1938,0.1947,0.1925,0.1932,435484.76
1760205600,0.1932,0.1933,0.1919,0.1919,187319.72
1760209200,0.1921,0.1921,0.185,0.1864,330745.51
1760212800,0.1863,0.1863,0.1817,0.1825,482836.16
1760216400,0.1824,0.1862,0.1796,0.1855,1360853.61
1760220000,0.1859,0.1874,0.1855,0.1866,164440.37
1760223600,0.1866,0.1871,0.1855,0.1856,164112.18
1760227200,0.1855,0.1863,0.1826,0.1828,398984.73
1760230800,0.1829,0.1845,0.1823,0.1825,154301.77
1760234400,0.182,0.185,0.182,0.1839,47129.76
1760238000,0.1839,0.1873,0.1836,0.186,150078.46
1760241600,0.1861,0.1885,0.1859,0.1879,132157.37
1760245200,0.1879,0.1893,0.1873,0.1887,72952.9
1760248800,0.1884,0.1911,0.1884,0.1907,119427.23
1760252400,0.1905,0.191,0.1893,0.1907,112266.73
1760256000,0.1907,0.192,0.1893,0.1893,144896.23
1760259600,0.1889,0.1909,0.188,0.1909,367588.45
1760263200,0.1911,0.1914,0.1891,0.1894,154192.57
1760266800,0.1895,0.1905,0.1892,0.1894,122225.77
1760270400,0.1893,0.1911,0.189,0.1893,150125.63
1760274000,0.1893,0.1898,0.1859,0.1866,260276.43
1760277600,0.1867,0.1945,0.186,0.1919,1290861.83
1760281200,0.192,0.1981,0.1918,0.1969,313683.05
1760284800,0.1973,0.2017,0.1973,0.2007,335257.31
1760288400,0.2002,0.2024,0.1996,0.2015,339617.66
1760292000,0.2011,0.2021,0.1978,0.1991,452977.63
1760295600,0.1992,0.202,0.1992,0.2018,296651.26
1760299200,0.2018,0.2041,0.2011,0.2019,203617.64
1760302800,0.2017,0.203,0.1982,0.2009,348525.44
1760306400,0.2014,0.2023,0.1993,0.2001,94886.13
1760310000,0.2002,0.2002,0.1985,0.1999,135991.31
1760313600,0.1998,0.2015,0.1977,0.1988,138249.06
1760317200,0.1986,0.201,0.1978,0.201,188420.17
1760320800,0.2013,0.2013,0.1995,0.2007,61218.41
1760324400,0.2007,0.2011,0.199,0.1996,40896.31
1760328000,0.1996,0.2007,0.199,0.2004,77889.27
1760331600,0.2003,0.2003,0.199,0.1996,73844.33
1760335200,0.1997,0.2024,0.1984,0.2018,94553.56
1760338800,0.2019,0.2047,0.2013,0.2024,126921.12
1760342400,0.2026,0.2049,0.2024,0.2044,205790.79
1760346000,0.2044,0.2051,0.2032,0.205,138653.03
1760349600,0.2049,0.2058,0.2036,0.2049,276452.14
1760353200,0.2047,0.2048,0.1977,0.2009,267136.87
1760356800,0.201,0.2026,0.1996,0.2006,176414.21
1760360400,0.2007,0.2056,0.2002,0.2049,228743.39
1760364000,0.2051,0.2052,0.2007,0.2021,686780.04
1760367600,0.2023,0.2065,0.2022,0.2058,606276.71
1760371200,0.2059,0.2078,0.2047,0.2075,308795.18
1760374800,0.2073,0.2096,0.2056,0.2096,502652.12
1760378400,0.2095,0.21,0.2076,0.2088,268539.48
1760382000,0.2088,0.2119,0.2087,0.2117,428286.4
1760385600,0.2117,0.2135,0.2102,0.2125,402454.81
1760389200,0.2123,0.2124,0.21,0.2105,119040.64
1760392800,0.2109,0.2113,0.2102,0.2105,99448.7
1760396400,0.2104,0.2106,0.2096,0.2099,198339.89
1760400000,0.2101,0.2102,0.2077,0.2085,245493.02
1760403600,0.2085,0.2086,0.207,0.2077,112951.58
1760407200,0.2075,0.2093,0.205,0.205,579281.37
1760410800,0.2049,0.2049,0.2032,0.2043,201803.73
1760414400,0.2046,0.2046,0.2005,0.2019,179128.98
1760418000,0.202,0.2034,0.1989,0.1998,241114.13
1760421600,0.1999,0.2013,0.1911,0.1956,296439.72
1760425200,0.1958,0.1972,0.1944,0.195,235496.21
1760428800,0.1952,0.1976,0.194,0.1965,137650.17
1760432400,0.1963,0.1983,0.1959,0.197,191691.47
1760436000,0.1969,0.1969,0.1914,0.1945,952375
1760439600,0.1945,0.1971,0.1944,0.1959,115334.18
1760443200,0.1957,0.1957,0.192,0.1922,144206.51
1760446800,0.1922,0.1946,0.19,0.1932,349944.88
1760450400,0.1931,0.1967,0.1923,0.1939,196828.02
1760454000,0.194,0.1994,0.1929,0.1994,194062.85
1760457600,0.199,0.2025,0.1977,0.1988,186130.64
1760461200,0.1982,0.2023,0.1962,0.2006,246113.74
1760464800,0.2006,0.2028,0.2004,0.2011,379071.12
1760468400,0.2011,0.2027,0.198,0.2006,222553.81
1760472000,0.2008,0.2017,0.1993,0.2013,99354.4
1760475600,0.2016,0.2027,0.1998,0.2027,157221.6
1760479200,0.2028,0.2037,0.2014,0.2019,243085.16
1760482800,0.2019,0.2028,0.2018,0.2021,290834.58
1760486400,0.2023,0.2026,0.2009,0.2023,68118.14
1760490000,0.2021,0.2021,0.2001,0.2012,120088.17
1760493600,0.201,0.2033,0.2009,0.2018,83978.3
1760497200,0.2019,0.2019,0.1992,0.2,121216.92
1760500800,0.2002,0.2015,0.1993,0.2015,374521.3
1760504400,0.2016,0.2022,0.2005,0.2011,86581.67
1760508000,0.2012,0.2021,0.1997,0.2017,296154.66
1760511600,0.2017,0.2027,0.2012,0.2025,33438.47
1760515200,0.2023,0.2059,0.2023,0.2029,309266.23
1760518800,0.2029,0.203,0.2005,0.2009,55773.88
1760522400,0.2008,0.2018,0.1993,0.1997,147619.76
1760526000,0.1999,0.2004,0.1982,0.1995,97197.4
1760529600,0.1995,0.2002,0.1976,0.1986,548336.8
1760533200,0.1987,0.1999,0.1952,0.1988,950806.41
1760536800,0.1989,0.201,0.1964,0.1974,242481.22
1760540400,0.1974,0.1989,0.1948,0.1962,125064
1760544000,0.1962,0.1968,0.1951,0.1956,155947.22
1760547600,0.1955,0.1962,0.1935,0.1962,284820.76
1760551200,0.1962,0.1975,0.1954,0.1974,111823.04
1760554800,0.1973,0.1973,0.1946,0.1955,187496.32
1760558400,0.1951,0.1967,0.1921,0.1941,183709.24
1760562000,0.194,0.1955,0.1924,0.1936,262368.24
1760565600,0.1937,0.1953,0.1934,0.1943,116735.74
1760569200,0.1943,0.1958,0.1943,0.1958,93587.99
1760572800,0.1954,0.1963,0.1949,0.1949,44736.42
1760576400,0.195,0.1975,0.195,0.1972,260406.75
1760580000,0.1971,0.198,0.1961,0.1974,153330.41
1760583600,0.1973,0.1975,0.1957,0.1959,144630.85
1760587200,0.1961,0.197,0.1947,0.1951,87523.57
1760590800,0.1949,0.1958,0.1937,0.1947,14599.83
1760594400,0.1949,0.1971,0.1949,0.1971,82902.81
1760598000,0.197,0.197,0.1952,0.196,101184.73
1760601600,0.1957,0.196,0.1943,0.1946,47256.07
1760605200,0.1948,0.1973,0.1903,0.1966,180923.12
1760608800,0.1966,0.1986,0.1964,0.1977,196505.21
1760612400,0.1976,0.1984,0.1967,0.1982,197506.39
1760616000,0.1981,0.1992,0.1975,0.1981,249295.94
1760619600,0.1981,0.199,0.1963,0.1965,100358.07
1760623200,0.1967,0.1977,0.1934,0.195,205391.1
1760626800,0.195,0.1956,0.189,0.1896,597414.05
1760630400,0.1898,0.1937,0.1871,0.1934,392788.96
1760634000,0.193,0.193,0.1903,0.1908,284647.18
1760637600,0.1905,0.1912,0.1884,0.1903,142393.58
1760641200,0.1902,0.1903,0.1856,0.1877,1044076.73
1760644800,0.1875,0.1878,0.1842,0.1856,512122.71
1760648400,0.1857,0.1885,0.1851,0.1885,555005.08
1760652000,0.1885,0.1885,0.1865,0.1865,902262.13
1760655600,0.1865,0.1892,0.1865,0.1882,526651.26
1760659200,0.1883,0.1899,0.1882,0.1897,283439.89
1760662800,0.1896,0.1911,0.1889,0.1897,207229.68
1760666400,0.1898,0.1909,0.1888,0.1906,193642.93
1760670000,0.1906,0.1921,0.1906,0.192,208696.27
1760673600,0.1921,0.1921,0.19,0.1904,429769.72
1760677200,0.1902,0.1904,0.1883,0.1886,95920.05
1760680800,0.1884,0.189,0.1815,0.1824,651655.17
1760684400,0.1821,0.1825,0.1777,0.1782,669190.02
1760688000,0.1782,0.1793,0.1754,0.1773,356226.5
1760691600,0.1775,0.1829,0.1767,0.1799,564992.51
1760695200,0.18,0.1813,0.1769,0.1809,355644.14
1760698800,0.181,0.1862,0.1807,0.1843,300358.31
1760702400,0.1843,0.1853,0.1831,0.1832,475703.3
1760706000,0.1832,0.1851,0.1813,0.1841,700936.64
1760709600,0.184,0.1846,0.1804,0.1819,377009.96
1760713200,0.1818,0.1851,0.1816,0.1851,287123.31
1760716800,0.185,0.187,0.1837,0.1845,350149.18
1760720400,0.1846,0.1864,0.1842,0.1861,311787.29
1760724000,0.1862,0.1886,0.1847,0.1865,294031.49
1760727600,0.1864,0.1871,0.1847,0.186,307852.56
1760731200,0.1858,0.1875,0.1854,0.1873,181897.96
1760734800,0.1875,0.1892,0.1873,0.1892,409544.89
1760738400,0.1893,0.1895,0.1871,0.1878,141809.6
1760742000,0.1878,0.1878,0.1862,0.1865,223531.56
1760745600,0.1865,0.1875,0.1861,0.1865,418764.08
1760749200,0.1865,0.1895,0.1864,0.1895,822918.37
1760752800,0.1895,0.1897,0.1875,0.1878,203601.76
1760756400,0.1879,0.1891,0.1878,0.1886,250207.83
1760760000,0.1886,0.1891,0.1878,0.1884,381310.72
1760763600,0.1885,0.19,0.1878,0.1898,165521.2
1760767200,0.1896,0.1908,0.1882,0.1893,253144.52
1760770800,0.1893,0.1914,0.1892,0.1894,298120.2
1760774400,0.1894,0.1906,0.1892,0.1892,68934.58
1760778000,0.1894,0.19,0.1885,0.1897,47183.58
1760781600,0.1898,0.1906,0.1891,0.1901,687277.08
1760785200,0.1902,0.1908,0.1895,0.1906,198645.14
1760788800,0.1902,0.1906,0.1894,0.1894,127042
1760792400,0.1894,0.1894,0.1874,0.1875,330449.01
1760796000,0.1876,0.188,0.1855,0.1877,309095.34
1760799600,0.1877,0.1883,0.1867,0.1877,105235.8
1760803200,0.1878,0.188,0.1862,0.1873,375780.51
1760806800,0.1873,0.1891,0.1868,0.1889,127662.72
1760810400,0.189,0.1892,0.188,0.1882,356523.2
1760814000,0.1882,0.1888,0.1879,0.1888,97193.08
1760817600,0.1888,0.1896,0.1885,0.1889,261160.28
1760821200,0.1889,0.1902,0.1881,0.1895,538408.75
1760824800,0.1895,0.1905,0.189,0.1892,228027.94
1760828400,0.1894,0.1896,0.1888,0.1895,473503.59
1760832000,0.1896,0.1897,0.1878,0.1885,188331.9
1760835600,0.1884,0.1888,0.1874,0.1888,184819.31
1760839200,0.1887,0.1894,0.1882,0.1887,313849.79
1760842800,0.1886,0.1902,0.1883,0.1898,157266.38
1760846400,0.1898,0.1899,0.189,0.1895,133097.72
1760850000,0.1895,0.1902,0.1888,0.1892,241787.11
1760853600,0.1894,0.1894,0.188,0.1888,187624.23
1760857200,0.1888,0.1896,0.1888,0.1894,69996.57
1760860800,0.1896,0.1909,0.1876,0.1876,143195.66
1760864400,0.1875,0.1913,0.1867,0.1899,279245.2
1760868000,0.1902,0.1921,0.1892,0.1919,206252.69
1760871600,0.1918,0.1931,0.191,0.1918,140194.85
1760875200,0.1918,0.1919,0.1907,0.1917,171983.09
1760878800,0.1917,0.1944,0.1913,0.1939,333012.07
1760882400,0.1938,0.195,0.1929,0.1947,170898.72
1760886000,0.1948,0.195,0.1937,0.1942,201899
1760889600,0.1941,0.1948,0.1931,0.1941,242983.67
1760893200,0.194,0.196,0.194,0.1948,322405.62
1760896800,0.1947,0.1963,0.1947,0.196,206798.82
1760900400,0.1959,0.1964,0.1951,0.1964,135511.76
1760904000,0.1963,0.1977,0.1959,0.1973,251895.55
1760907600,0.1974,0.1982,0.1957,0.1963,251586.42
1760911200,0.1964,0.1974,0.1962,0.1966,198618.01
1760914800,0.1966,0.1966,0.1949,0.1952,149803.98
1760918400,0.1952,0.1953,0.1916,0.1934,357230.67
1760922000,0.1935,0.1962,0.1928,0.1938,623602.79
1760925600,0.1938,0.1952,0.193,0.195,171904.74
1760929200,0.195,0.1997,0.1946,0.1994,660996.44
1760932800,0.1994,0.1996,0.198,0.1995,353803.27
1760936400,0.1994,0.201,0.1989,0.2009,532219.57
1760940000,0.2008,0.2028,0.2006,0.2022,215497.98
1760943600,0.2021,0.2024,0.2006,0.2012,134251.21
1760947200,0.201,0.202,0.2003,0.2012,176962.03
1760950800,0.2011,0.2014,0.2005,0.201,473027.58
1760954400,0.2011,0.2027,0.2005,0.2011,247712.72
1760958000,0.2011,0.2018,0.2004,0.2018,355543.12
1760961600,0.2016,0.2025,0.2012,0.2019,186394.53
1760965200,0.202,0.2031,0.2008,0.2029,314594.19
1760968800,0.2029,0.2032,0.201,0.2023,256624.69
1760972400,0.202,0.2024,0.2005,0.2005,246677.88
1760976000,0.2004,0.2004,0.1973,0.199,474512.24
1760979600,0.1991,0.2,0.1982,0.1994,777654
1760983200,0.1995,0.2001,0.1988,0.2,354851.98
1760986800,0.1998,0.2013,0.1993,0.2003,388880
1760990400,0.2002,0.2017,0.2,0.2015,326501.24
1760994000,0.2015,0.2021,0.2001,0.2003,111406.17
1760997600,0.2004,0.2014,0.1999,0.2007,84442.92
1761001200,0.2008,0.2011,0.2003,0.2008,66751.23
1761004800,0.2006,0.2011,0.2001,0.2007,133584.33
1761008400,0.2008,0.2008,0.1984,0.199,262646.27
1761012000,0.199,0.1992,0.1976,0.1982,273355.02
1761015600,0.1981,0.1986,0.1968,0.1971,142925.66
1761019200,0.197,0.197,0.1939,0.1943,390191.43
1761022800,0.1943,0.1947,0.1932,0.1935,319969.61
1761026400,0.1934,0.1952,0.1929,0.1946,109803.1
1761030000,0.1948,0.1959,0.1941,0.1957,210950.86
1761033600,0.1957,0.1959,0.1937,0.1946,289378.9
1761037200,0.1944,0.1947,0.1937,0.1941,100704.47
1761040800,0.1942,0.1965,0.1939,0.1957,69917.42
1761044400,0.1956,0.1967,0.1951,0.1962,198019.78
1761048000,0.1962,0.1985,0.196,0.1965,275292.06
1761051600,0.1967,0.198,0.1956,0.1968,1306818.29
1761055200,0.197,0.2038,0.197,0.2034,2204505.33
1761058800,0.2034,0.2051,0.202,0.2039,1174430.18
1761062400,0.2039,0.2043,0.2006,0.201,590240.68
1761066000,0.2011,0.2022,0.1996,0.2016,366110.11
1761069600,0.2017,0.2021,0.2003,0.201,176987.21
1761073200,0.2007,0.2014,0.2003,0.2006,229462.77
1761076800,0.2006,0.2007,0.1984,0.199,267877.41
1761080400,0.199,0.1995,0.1966,0.1987,499600.8
1761084000,0.1985,0.1987,0.1948,0.1951,675811.43
1761087600,0.1952,0.1961,0.1932,0.1938,908465.39
1761091200,0.1938,0.1946,0.1919,0.1928,176895.56
1761094800,0.1928,0.1941,0.1925,0.1934,470000.61
1761098400,0.1934,0.1944,0.1931,0.1937,144910.4
1761102000,0.1936,0.1943,0.1931,0.1942,199975.94
1761105600,0.1943,0.1959,0.194,0.1953,133902.12
1761109200,0.1955,0.1958,0.1927,0.1941,287588.84
1761112800,0.194,0.1945,0.1934,0.1934,239987.66
1761116400,0.1935,0.194,0.1923,0.1936,140730.79
1761120000,0.1935,0.1936,0.1926,0.1932,300292.29
1761123600,0.1933,0.1941,0.1924,0.1928,235532.79
1761127200,0.1928,0.1942,0.1923,0.1924,201153.49
1761130800,0.1926,0.1944,0.1909,0.1936,234218
1761134400,0.1936,0.1948,0.193,0.1939,112871.17
1761138000,0.1941,0.1955,0.193,0.195,512665.17
1761141600,0.1949,0.1953,0.1914,0.1939,526387.62
1761145200,0.194,0.1943,0.191,0.1926,212847.94
1761148800,0.1928,0.193,0.1907,0.1919,292117.93
1761152400,0.1919,0.1926,0.1903,0.1906,238518.14
1761156000,0.1906,0.1914,0.19,0.191,204747.84
1761159600,0.191,0.1922,0.1895,0.1908,152328.87
1761163200,0.1908,0.1911,0.1885,0.1889,364009.88
1761166800,0.1888,0.1888,0.1843,0.1873,409438.96
1761170400,0.1871,0.1875,0.1861,0.1868,250333.48
1761174000,0.1868,0.19,0.1868,0.1895,420066.26
1761177600,0.1894,0.1901,0.1891,0.1896,145554.1
1761181200,0.1896,0.1907,0.1895,0.19,376809.63
1761184800,0.19,0.1908,0.1898,0.1905,174841.65
1761188400,0.1904,0.191,0.1897,0.1899,135314.97
1761192000,0.19,0.1911,0.1895,0.1907,220359.21
1761195600,0.1908,0.1913,0.1905,0.1913,101222.08
1761199200,0.1912,0.1932,0.1909,0.1929,802641.27
1761202800,0.1928,0.1929,0.1918,0.1926,147216.45
1761206400,0.1927,0.1933,0.1923,0.1927,134198.4
1761210000,0.1927,0.1928,0.1922,0.1926,85798.84
1761213600,0.1926,0.1931,0.1917,0.1917,170082.57
1761217200,0.192,0.1923,0.1903,0.1906,246206.02
1761220800,0.1906,0.191,0.1894,0.1905,305256.7
1761224400,0.1905,0.192,0.1897,0.1912,129970.03
1761228000,0.1912,0.1916,0.1894,0.1909,249582.43
1761231600,0.1908,0.1931,0.1905,0.1922,265425.38
1761235200,0.192,0.1942,0.1919,0.1942,137498.71
1761238800,0.1942,0.195,0.1926,0.1946,296989.38
1761242400,0.1947,0.1949,0.1933,0.1935,297409.66
1761246000,0.1936,0.1937,0.1926,0.1932,274091.54
1761249600,0.1932,0.1932,0.1911,0.1916,196877.49
1761253200,0.1915,0.1922,0.1912,0.1914,161445.85
1761256800,0.1915,0.1922,0.1913,0.192,160300.39
1761260400,0.192,0.1931,0.1918,0.1929,186591.64
1761264000,0.1929,0.1934,0.1923,0.1928,201258.77
1761267600,0.1928,0.1931,0.192,0.1926,84075.85
1761271200,0.1927,0.1929,0.1921,0.1927,412273.77
1761274800,0.1926,0.1929,0.1916,0.1921,124165.54
1761278400,0.1921,0.1951,0.1915,0.1949,990797.93
1761282000,0.1948,0.1956,0.1943,0.1955,324428.27
1761285600,0.1956,0.1956,0.195,0.1955,151095.75
1761289200,0.1956,0.1956,0.1938,0.1943,106721.16
1761292800,0.1944,0.1954,0.1938,0.1945,122216.64
1761296400,0.1944,0.1947,0.1938,0.1941,213317.28
1761300000,0.194,0.1942,0.1936,0.1939,170553.25
1761303600,0.1938,0.1945,0.1925,0.1945,434223.16
1761307200,0.1945,0.1976,0.194,0.1958,399391.99
1761310800,0.1958,0.1961,0.1931,0.1946,344772.58
1761314400,0.1945,0.1945,0.1916,0.1925,145706.07
1761318000,0.1925,0.1939,0.1913,0.192,141952.74
1761321600,0.1921,0.1923,0.1906,0.1917,195391.77
1761325200,0.1918,0.193,0.1915,0.1919,131454.65
1761328800,0.1919,0.1932,0.1919,0.1931,145754.59
1761332400,0.193,0.1947,0.193,0.1942,78846.73
1761336000,0.194,0.1953,0.194,0.1948,434927.34
1761339600,0.1951,0.1955,0.1947,0.1954,150143.6
1761343200,0.1954,0.1958,0.195,0.1955,126741
1761346800,0.1954,0.1955,0.1947,0.195,124557.85
1761350400,0.1948,0.1952,0.1938,0.194,69481.3
1761354000,0.194,0.195,0.1938,0.1945,133029.76
1761357600,0.1942,0.195,0.1939,0.1947,74593.63
1761361200,0.1947,0.195,0.1937,0.1938,58321.65
1761364800,0.1938,0.1948,0.1938,0.1945,155413.33
1761368400,0.1944,0.1944,0.1935,0.1942,211777.88
1761372000,0.1942,0.1942,0.1932,0.1934,71215.78
1761375600,0.1933,0.1944,0.193,0.1932,172205.81
1761379200,0.1931,0.1943,0.1931,0.1941,50147.19
1761382800,0.1941,0.1945,0.1935,0.1936,75524.78
1761386400,0.1937,0.194,0.1929,0.1935,44719.84
1761390000,0.1934,0.1941,0.1933,0.1939,54754.28
1761393600,0.1938,0.1947,0.1938,0.1946,52293.02
1761397200,0.1944,0.1946,0.194,0.1946,46538.1
1761400800,0.1946,0.1969,0.1945,0.195,187136.64
1761426000,0.1958,0.1966,0.1954,0.1959,83276.34
1761429600,0.1959,0.1966,0.1954,0.1963,119379.86
1761433200,0.1963,0.1963,0.1955,0.1961,151259.78
1761436800,0.1961,0.1971,0.1955,0.1962,124069.97
1761440400,0.1961,0.1963,0.1943,0.195,140590.98
1761444000,0.1948,0.1952,0.1944,0.1945,207359.49
1761447600,0.1947,0.1947,0.1937,0.1942,124302.42
1761451200,0.1942,0.1951,0.1941,0.1948,81026.6
1761454800,0.1948,0.1962,0.1945,0.196,91650.94
1761458400,0.1959,0.1963,0.1958,0.1962,109592.18
1761462000,0.1962,0.197,0.1961,0.1968,38085.12
1761465600,0.1968,0.1972,0.1964,0.1968,63920.66
1761469200,0.1968,0.1991,0.1964,0.1984,423573.48
1761472800,0.1986,0.1986,0.1973,0.1979,75465.65
1761476400,0.1979,0.2005,0.1974,0.2,244543.43
1761480000,0.2001,0.2005,0.1993,0.2002,283661.74
1761483600,0.2001,0.2015,0.1998,0.2009,340137.64
1761487200,0.2009,0.2009,0.1997,0.2007,144888.66
1761490800,0.2006,0.2022,0.2,0.2019,129406.22
1761494400,0.202,0.2021,0.2006,0.2009,187468.61
1761498000,0.2009,0.2017,0.2006,0.2012,202888.93
1761501600,0.2011,0.202,0.2011,0.2016,275077.65
1761505200,0.2016,0.2016,0.2009,0.2013,80505.68
1761508800,0.2012,0.2018,0.2003,0.2006,284098.59
1761512400,0.2008,0.2012,0.1997,0.2012,122929.5
1761516000,0.2013,0.2041,0.2013,0.2032,188521.19
1761519600,0.2033,0.2035,0.2021,0.2021,158708.13
1761523200,0.2023,0.2035,0.2021,0.203,89363.39
1761526800,0.203,0.2049,0.2028,0.2046,429443.38
1761530400,0.2045,0.2056,0.204,0.2046,197561.98
1761534000,0.2044,0.2048,0.2037,0.2043,104557.93
1761537600,0.2043,0.2051,0.2037,0.2051,84814.08
1761541200,0.2049,0.207,0.2048,0.2057,154192.45
1761544800,0.2055,0.2064,0.2044,0.2055,185275.38
1761548400,0.2056,0.2061,0.2028,0.2037,112011.48
1761552000,0.2038,0.2046,0.2014,0.2019,199472.98
1761555600,0.2017,0.2017,0.1987,0.1998,473122.69
1761559200,0.1999,0.2005,0.1996,0.2002,171948.3
1761562800,0.2003,0.2012,0.1991,0.201,60860.06
1761566400,0.2011,0.2011,0.1984,0.1987,166845.12
1761570000,0.1987,0.2,0.1969,0.1997,296088.15
1761573600,0.1997,0.1997,0.198,0.1988,102124.8
1761577200,0.199,0.2006,0.1989,0.2002,221995
1761580800,0.2002,0.2038,0.2002,0.2038,151726.18
1761584400,0.2038,0.2042,0.2027,0.2039,125530.8
1761588000,0.2039,0.2047,0.2033,0.2034,247684.39
1761591600,0.2033,0.2033,0.2004,0.2008,240644.64
1761595200,0.2007,0.2009,0.1992,0.1993,230491.37
1761598800,0.1993,0.2015,0.1992,0.2002,320571.62
1761602400,0.2001,0.2012,0.1992,0.1997,86081.2
1761606000,0.1995,0.2004,0.1986,0.1995,163056.43
1761609600,0.1996,0.2001,0.1987,0.2001,105022.26
1761613200,0.2,0.2008,0.1998,0.2005,137816.89
1761616800,0.2005,0.2008,0.1982,0.1992,153787.77
1761620400,0.1993,0.1999,0.1987,0.1996,275539.4
1761624000,0.1996,0.2013,0.1992,0.2013,114968.1
1761627600,0.2011,0.2014,0.198,0.1982,163845.82
1761631200,0.1984,0.2023,0.1982,0.2022,212614.02
1761634800,0.2021,0.2024,0.2,0.2006,290223.37
1761638400,0.2004,0.2014,0.1997,0.201,189837.83
1761642000,0.2013,0.2018,0.2004,0.2014,185689.16
1761645600,0.2013,0.2017,0.2003,0.2006,146391.03
1761649200,0.2006,0.2015,0.2003,0.2003,268574.53
1761652800,0.2001,0.2019,0.1997,0.2017,185682.19
1761656400,0.2018,0.2031,0.2018,0.2025,174648.31
1761660000,0.2026,0.2029,0.1966,0.2004,365092.95
1761663600,0.2004,0.2019,0.1997,0.1999,336052.77
1761667200,0.2,0.2013,0.199,0.201,162900.95
1761670800,0.2008,0.2014,0.1998,0.1999,72758.79
1761674400,0.1998,0.2,0.1984,0.199,101904.11
1761678000,0.1988,0.1989,0.1944,0.1956,396873.37
1761681600,0.1955,0.1955,0.1921,0.1928,344630.7
1761685200,0.1928,0.1944,0.1908,0.1934,465756.32
1761688800,0.1932,0.1954,0.1929,0.1952,151827.88
1761692400,0.1951,0.1951,0.1941,0.1946,113701.07
1761696000,0.1945,0.1954,0.1937,0.194,230281.43
1761699600,0.194,0.1953,0.1936,0.1944,99697.54
1761703200,0.1945,0.195,0.194,0.1946,81724.74
1761706800,0.1944,0.1945,0.1935,0.1935,155920.8
1761710400,0.1933,0.195,0.1933,0.1941,117995.54
1761714000,0.1939,0.1956,0.1937,0.195,149961.09
1761717600,0.1949,0.1955,0.1944,0.1951,113400.02
1761721200,0.1951,0.196,0.1948,0.1955,131150.39
1761724800,0.1955,0.1956,0.1943,0.1949,73327.83
1761728400,0.1949,0.1956,0.1942,0.1951,136288.14
1761732000,0.1952,0.1973,0.1951,0.1965,161077.17
1761735600,0.1966,0.1982,0.1964,0.1977,60382.65
1761739200,0.1978,0.1982,0.1972,0.198,148116.62
1761742800,0.1978,0.1989,0.1968,0.1974,103373.11
1761746400,0.1977,0.1978,0.196,0.1978,169503.82
1761750000,0.1978,0.1978,0.1949,0.1957,208743.34
1761753600,0.1957,0.1974,0.1951,0.1959,130591.86
1761757200,0.1959,0.1997,0.1958,0.1996,476948.48
1761760800,0.1995,0.2,0.1918,0.1979,2172643.66
1761764400,0.1979,0.1999,0.1968,0.1993,1102098.89
1761768000,0.1993,0.2006,0.1975,0.1991,388602.56
1761771600,0.1993,0.1997,0.1985,0.1991,252613.6
1761775200,0.199,0.1995,0.1975,0.1978,157187.23
1761778800,0.1977,0.1977,0.194,0.1953,412771.43
1761782400,0.1953,0.1964,0.1941,0.1961,199281
1761786000,0.1959,0.1965,0.1954,0.1959,326257.45
1761789600,0.1957,0.1975,0.1957,0.1974,462194.4
1761793200,0.1973,0.1974,0.1951,0.1958,312923.19
1761796800,0.1956,0.1956,0.1894,0.1915,1336883.82
1761800400,0.1914,0.1951,0.191,0.1943,207458.81
1761804000,0.1943,0.1946,0.1929,0.1938,80944.17
1761807600,0.1937,0.1958,0.1933,0.1949,56785.99
1761811200,0.1948,0.1948,0.1933,0.1934,53145.89
1761814800,0.1934,0.1937,0.1923,0.1926,66513.41
1761818400,0.1926,0.1936,0.1917,0.1923,253177.93
1761822000,0.1923,0.1932,0.1918,0.192,150978.69
1761825600,0.1922,0.1923,0.1883,0.1894,290096.78
1761829200,0.1895,0.1905,0.1863,0.1869,203615.74
1761832800,0.187,0.1879,0.186,0.1871,206035.95
1761836400,0.1872,0.1872,0.1842,0.1843,318063.17
1761840000,0.1841,0.1859,0.1838,0.185,375917.07
1761843600,0.1852,0.1852,0.1811,0.1836,978474.82
1761847200,0.1837,0.1839,0.1811,0.1815,422872.56
1761850800,0.1814,0.1818,0.1793,0.1802,638788.73
1761854400,0.1801,0.1819,0.1796,0.1815,717778.49
1761858000,0.1814,0.1821,0.1797,0.1812,650128.2
1761861600,0.1811,0.183,0.181,0.183,218433.67
1761865200,0.183,0.1849,0.1824,0.1847,246586.52
1761868800,0.1846,0.1859,0.1839,0.1855,197077.94
1761872400,0.1855,0.1869,0.1853,0.1864,181834.77
1761876000,0.1863,0.1864,0.1845,0.1852,311457
1761879600,0.1851,0.1864,0.1848,0.1857,123841.07
1761883200,0.1857,0.1876,0.1856,0.1876,253528.14
1761886800,0.1875,0.1879,0.1868,0.1872,161113.82
1761890400,0.1872,0.1872,0.1858,0.1863,103287.06
1761894000,0.1863,0.1869,0.186,0.1866,141282.31
1761897600,0.1868,0.1877,0.186,0.1875,58011.93
1761901200,0.1877,0.1879,0.1867,0.1873,110512.25
1761904800,0.1874,0.1881,0.1872,0.1875,246218.51
1761908400,0.1875,0.1902,0.1873,0.1898,235721.04
1761912000,0.1897,0.1904,0.1879,0.1881,100896.76
1761915600,0.188,0.1891,0.187,0.1886,115744.27
1761919200,0.1886,0.1893,0.1874,0.1888,617741.44
1761922800,0.1888,0.1895,0.1874,0.1878,296556.69
1761926400,0.1876,0.188,0.1838,0.184,455780.35
1761930000,0.184,0.1846,0.1818,0.182,419363.95
1761933600,0.1823,0.1833,0.1799,0.1826,723601.59
1761937200,0.1823,0.186,0.181,0.1855,173943.16
1761940800,0.1856,0.1856,0.1836,0.1839,242186.69
1761944400,0.1839,0.1842,0.183,0.1836,244761.87
1761948000,0.1836,0.1843,0.1834,0.1836,348742.35
1761951600,0.1838,0.1848,0.1836,0.1842,194603.62
1761955200,0.1843,0.185,0.1834,0.1849,242068.02
1761958800,0.1849,0.1852,0.1839,0.1839,175930.39
1761962400,0.184,0.1846,0.1829,0.1846,191344.51
1761966000,0.1847,0.1862,0.1847,0.1859,185103.39
1761969600,0.1858,0.1861,0.1847,0.1855,112059.1
1761973200,0.1856,0.1858,0.1846,0.1846,414394.22
1761976800,0.1848,0.1853,0.1841,0.1853,138988.42
1761980400,0.1852,0.1876,0.1851,0.1872,80887.84
1761984000,0.1874,0.1893,0.1866,0.1889,1006803.82
1761987600,0.189,0.1902,0.1878,0.1881,318025.56
1761991200,0.1884,0.1897,0.188,0.1895,163461.19
1761994800,0.1898,0.19,0.1882,0.1893,241269.05
1761998400,0.1893,0.19,0.1888,0.1899,1204771.83
1762002000,0.1898,0.1899,0.1874,0.1891,375403.52
1762005600,0.1889,0.189,0.187,0.1879,287731.04
1762009200,0.1877,0.1905,0.1876,0.1903,308594.72
1762012800,0.1905,0.192,0.1902,0.191,589238.41
1762016400,0.1906,0.1916,0.1903,0.1909,290020.8
1762020000,0.1909,0.1912,0.1903,0.1911,117118.66
1762023600,0.1909,0.1918,0.1907,0.1917,653388.08
1762027200,0.192,0.193,0.1915,0.1924,180572.31
1762030800,0.1924,0.1927,0.1907,0.1907,174785.97
1762034400,0.1908,0.1919,0.1906,0.1918,151793.19
1762038000,0.192,0.1929,0.1918,0.1927,282580.79
1762041600,0.1926,0.1928,0.1917,0.1918,817368.77
1762045200,0.192,0.1922,0.1907,0.1911,187678.83
1762048800,0.191,0.192,0.1908,0.1912,162751.95
1762052400,0.1912,0.1915,0.1908,0.191,108160.56
1762056000,0.1911,0.1937,0.1909,0.1937,71089.13
1762059600,0.1936,0.1945,0.1926,0.1945,171279.99
1762063200,0.1946,0.195,0.194,0.1948,269894.39
1762066800,0.1949,0.195,0.1937,0.1946,286825.77
1762070400,0.1944,0.1948,0.1933,0.1935,67340.83
1762074000,0.1936,0.1947,0.1929,0.193,168752.6
1762077600,0.1931,0.1935,0.1917,0.1925,213042.2
1762081200,0.1926,0.1952,0.1923,0.195,288550.83
1762084800,0.1949,0.1951,0.1932,0.1932,293595.08
1762088400,0.193,0.1932,0.191,0.1919,137023.58
1762092000,0.1914,0.1925,0.1882,0.1892,418704.97
1762095600,0.1891,0.1907,0.1884,0.1889,182646.69
1762099200,0.1891,0.1905,0.1872,0.1905,339542.77
1762102800,0.1905,0.1905,0.1888,0.1896,191286.62
1762106400,0.1895,0.1899,0.1889,0.1889,98120.4
1762110000,0.189,0.1892,0.1875,0.1887,260294.11
1762113600,0.1887,0.1889,0.188,0.1887,148605.2
1762117200,0.1888,0.1894,0.1884,0.1887,160922.61
1762120800,0.1887,0.1897,0.188,0.1891,252807.06
1762124400,0.1891,0.1931,0.1891,0.1928,236645.39
1762128000,0.1927,0.1929,0.1889,0.189,193033.38
1762131600,0.1891,0.1896,0.1873,0.1879,91463.94
1762135200,0.1879,0.188,0.1851,0.1861,198235.98
1762138800,0.1863,0.1865,0.1808,0.1812,311429.9
1762142400,0.1811,0.1825,0.1803,0.1825,943191.87
1762146000,0.1825,0.1836,0.181,0.181,282991.18
1762149600,0.181,0.1817,0.1792,0.1807,481967.06
1762153200,0.1807,0.1834,0.1804,0.1821,337224.91
1762156800,0.182,0.1824,0.1806,0.1815,307894.18
1762160400,0.1812,0.1831,0.1797,0.18,142126.59
1762164000,0.1801,0.1814,0.1786,0.1793,261449.96
1762167600,0.1792,0.1822,0.1792,0.1813,274283.19
1762171200,0.1815,0.1825,0.1811,0.1811,248921.16
1762174800,0.1812,0.1814,0.1795,0.1806,290297.42
1762178400,0.1807,0.1823,0.18,0.1817,190910.8
1762182000,0.1816,0.1816,0.1663,0.1699,2100393.47
1762185600,0.17,0.173,0.1689,0.1718,3283943.71
1762189200,0.1718,0.1744,0.1714,0.1741,1375254.22
1762192800,0.174,0.1743,0.1703,0.1703,409181.02
1762196400,0.1704,0.1708,0.1682,0.1686,728182.76
1762200000,0.1686,0.1689,0.1645,0.1656,707486
1762203600,0.1657,0.1677,0.164,0.1664,510687.73
1762207200,0.1668,0.1671,0.1645,0.166,245234.67
1762210800,0.1659,0.1689,0.165,0.1685,725172.78
1762214400,0.1685,0.1715,0.1671,0.1711,206720.61
1762218000,0.171,0.172,0.1699,0.1707,329004.24
1762221600,0.1707,0.1719,0.1702,0.1715,353958.45
1762225200,0.1719,0.1732,0.1708,0.1723,244735.5
1762228800,0.1723,0.1729,0.1718,0.1721,339830.52
1762232400,0.172,0.1722,0.1635,0.1636,630369.33
1762236000,0.1637,0.1703,0.1637,0.1659,755337.9
1762239600,0.1662,0.1663,0.1637,0.1645,430062.85
1762243200,0.1646,0.1677,0.1634,0.1661,290755.77
1762246800,0.1662,0.1678,0.1657,0.1676,507937.13
1762250400,0.1676,0.1687,0.1676,0.168,365757.17
1762254000,0.168,0.1697,0.1676,0.1683,525463.69
1762257600,0.1682,0.1683,0.1661,0.1668,597950.87
1762261200,0.1671,0.1672,0.1646,0.1658,817713.85
1762264800,0.1658,0.1709,0.1645,0.1704,556035.19
1762268400,0.1707,0.1711,0.167,0.1674,279879.53
1762272000,0.1674,0.1687,0.1643,0.1649,379543.04
1762275600,0.1648,0.1656,0.1607,0.1635,1109522.14
1762279200,0.1635,0.1636,0.1578,0.1621,997343.05
1762282800,0.1625,0.1632,0.1581,0.1586,1833042.58
1762286400,0.1584,0.1616,0.1528,0.1597,1976475.92
1762290000,0.1596,0.1603,0.1534,0.1597,1783187.87
1762293600,0.1596,0.1657,0.1594,0.1625,1082431.4
1762297200,0.1625,0.1638,0.1619,0.1623,539428.69
1762300800,0.1622,0.1625,0.1593,0.1605,399936.68
1762304400,0.1604,0.1606,0.1545,0.1601,983263.21
1762308000,0.16,0.1645,0.16,0.1645,577151.53
1762311600,0.1645,0.1655,0.1636,0.165,317183.19
1762315200,0.1651,0.1662,0.1643,0.1656,435425.23
1762318800,0.1658,0.1669,0.1648,0.1649,319992.3
1762322400,0.1648,0.1651,0.1637,0.1651,323202.48
1762326000,0.1649,0.165,0.1637,0.1647,138325.98
1762329600,0.1646,0.1646,0.1613,0.1623,132439.22
1762333200,0.1627,0.1639,0.1627,0.1638,52143.17
1762336800,0.1637,0.1639,0.1617,0.1617,136437.57
1762340400,0.1619,0.1649,0.1619,0.1646,346515.8
1762344000,0.1645,0.1662,0.164,0.1658,507169.48
1762347600,0.1658,0.1672,0.1648,0.1662,298733.01
1762351200,0.1663,0.1667,0.1636,0.1658,305890.26
1762354800,0.1657,0.1688,0.1653,0.1683,572439.66
1762358400,0.1683,0.169,0.1661,0.1686,266356.73
1762362000,0.1685,0.1695,0.168,0.169,298544.15
1762365600,0.1691,0.1709,0.1689,0.1705,431383.46
1762369200,0.1703,0.171,0.1695,0.1698,328298.52
1762372800,0.1697,0.1705,0.1682,0.1685,1665283.59
1762376400,0.1683,0.1694,0.1676,0.1691,239921.61
1762380000,0.1693,0.1703,0.1686,0.1703,313464.62
1762383600,0.1702,0.1702,0.1686,0.1686,352757.16
1762387200,0.1685,0.1688,0.167,0.1673,164423.97
1762390800,0.167,0.1674,0.1654,0.1673,209409.34
1762394400,0.1673,0.1698,0.166,0.1691,408205.39
1762398000,0.1693,0.17,0.169,0.169,169420.22
1762401600,0.1691,0.17,0.1687,0.1693,213216.78
1762405200,0.1692,0.1693,0.1656,0.166,142101.2
1762408800,0.166,0.167,0.1658,0.1665,122757.47
1762412400,0.1665,0.1671,0.1655,0.1659,70292.12
1762416000,0.1663,0.1665,0.1653,0.1663,125203.31
1762419600,0.1662,0.1669,0.1656,0.1658,168997.87
1762423200,0.1658,0.1667,0.1646,0.1659,185683.91
1762426800,0.1655,0.1667,0.1652,0.1665,219285.21
1762430400,0.1664,0.1667,0.1644,0.1644,207079.01
1762434000,0.1644,0.1683,0.1643,0.1674,274893.83
1762437600,0.1674,0.1678,0.164,0.1644,520537.03
1762441200,0.1642,0.1654,0.1613,0.1621,1306117.75
1762444800,0.1622,0.1632,0.1596,0.161,441912.89
1762448400,0.161,0.1636,0.1608,0.1631,1786402.19
1762452000,0.163,0.165,0.161,0.1638,1626905.43
1762455600,0.1638,0.1642,0.1624,0.1635,808452.65
1762459200,0.1639,0.1643,0.1616,0.163,518626.89
1762462800,0.1629,0.1643,0.1624,0.1639,399177.24
1762466400,0.1638,0.164,0.162,0.1635,265828.92
1762470000,0.1636,0.1638,0.1621,0.1638,205609.25
1762473600,0.1638,0.1659,0.1636,0.1657,925137.58
1762477200,0.1659,0.1668,0.1643,0.1664,986421.99
1762480800,0.1665,0.1671,0.1649,0.1671,1166266.74
1762484400,0.1672,0.1687,0.1669,0.1681,179691.79
1762488000,0.168,0.1684,0.1664,0.1677,182159.22
1762491600,0.1679,0.1703,0.1679,0.17,329926.37
1762495200,0.1699,0.1708,0.1693,0.1693,836010.6
1762498800,0.1696,0.1725,0.1693,0.1723,653260.72
1762502400,0.1724,0.1733,0.1714,0.1719,215084.12
1762506000,0.1717,0.1723,0.1689,0.1705,579270.72
1762509600,0.1706,0.1716,0.1682,0.1688,263227.12
1762513200,0.1689,0.1689,0.166,0.1681,944754.75
1762516800,0.168,0.1684,0.164,0.1648,394473.01
1762520400,0.1648,0.1679,0.1641,0.1669,205467.02
1762524000,0.1669,0.1708,0.1642,0.1703,820431.52
1762527600,0.1702,0.1733,0.1689,0.173,575030.27
1762531200,0.173,0.1798,0.1729,0.1786,777396.47
1762534800,0.1786,0.1847,0.178,0.1845,1560034.16
1762538400,0.1847,0.1868,0.1834,0.1842,1044402.58
1762542000,0.1841,0.1843,0.1812,0.1814,440444.71
1762545600,0.1815,0.1831,0.1806,0.1826,357999.57
1762549200,0.1828,0.1839,0.1828,0.1831,338523.04
1762552800,0.1833,0.1837,0.182,0.1837,346543.17
1762556400,0.1835,0.1836,0.1805,0.1819,330463.56
1762560000,0.1816,0.1846,0.1798,0.1801,243343.28
1762563600,0.1797,0.185,0.1797,0.185,168515.67
1762567200,0.1849,0.1875,0.1847,0.1857,164487.68
1762570800,0.1858,0.1871,0.183,0.183,261347.73
1762574400,0.1833,0.1854,0.1833,0.1835,207776.46
1762578000,0.1834,0.1838,0.1798,0.18,449004.26
1762581600,0.1799,0.1802,0.178,0.1796,403500.23
1762585200,0.1798,0.1806,0.1779,0.1805,113762.57
1762588800,0.1805,0.182,0.1788,0.1813,89457.71
1762592400,0.181,0.1826,0.1801,0.181,172865.06
1762596000,0.181,0.1839,0.181,0.183,221412.23
1762599600,0.183,0.1853,0.1821,0.1832,191313.42
1762603200,0.1831,0.1841,0.1817,0.1828,350371.12
1762606800,0.1828,0.1828,0.179,0.179,190795.97
1762610400,0.1791,0.1795,0.1763,0.1783,224551.32
1762614000,0.1785,0.179,0.1752,0.1762,397240.32
1762617600,0.1764,0.1769,0.1748,0.1765,218010.46
1762621200,0.1763,0.1779,0.1758,0.1774,291305.34
1762624800,0.1773,0.1784,0.1765,0.1779,346032.17
1762628400,0.1779,0.1781,0.1758,0.1775,145331.29
1762632000,0.1776,0.1785,0.1767,0.1777,115269.58
1762635600,0.1779,0.1786,0.1773,0.1782,53799.32
1762639200,0.1783,0.1791,0.1781,0.1789,57173.12
1762642800,0.1788,0.1795,0.1783,0.1792,85495.63
1762646400,0.179,0.179,0.1765,0.1768,153911.99
1762650000,0.1769,0.1784,0.1764,0.1772,99202.26
1762653600,0.1772,0.1775,0.1725,0.1729,221472.59
1762657200,0.173,0.1737,0.1718,0.1725,231726.7
1762660800,0.1725,0.1742,0.1723,0.1734,124165.07
1762664400,0.1733,0.1744,0.1729,0.174,141921.61
1762668000,0.174,0.1748,0.1733,0.1737,93613.05
1762671600,0.1738,0.176,0.1736,0.1758,64725.89
1762675200,0.1756,0.1764,0.174,0.1747,127673.39
1762678800,0.1749,0.1762,0.173,0.1732,210728.2
1762682400,0.1729,0.175,0.1718,0.175,234294.99
1762686000,0.1752,0.1767,0.1751,0.1758,236925.06
1762689600,0.1756,0.1768,0.1752,0.1756,139930.18
1762693200,0.1753,0.1768,0.1753,0.1757,57334.54
1762696800,0.1756,0.1792,0.1755,0.1775,405701.86
1762700400,0.1776,0.1806,0.1775,0.1795,379747.87
1762704000,0.1795,0.1811,0.1788,0.1811,198040.7
1762707600,0.181,0.181,0.1785,0.179,371420.57
1762711200,0.1788,0.1806,0.1779,0.1803,166562.96
1762714800,0.1803,0.1818,0.18,0.1818,206874.61
1762718400,0.1818,0.182,0.1803,0.1809,447705
1762722000,0.1809,0.1815,0.1805,0.181,197518.42
1762725600,0.1809,0.1812,0.1793,0.1812,491847.83
1762729200,0.1811,0.1823,0.1793,0.1802,237989.46
1762732800,0.1802,0.1833,0.1787,0.182,344271.71
1762736400,0.1822,0.1835,0.1812,0.182,451106.24
1762740000,0.1821,0.1825,0.1808,0.1819,203217.23
1762743600,0.1821,0.183,0.1813,0.1818,495682.56
1762747200,0.1817,0.1821,0.1802,0.1816,181329.57
1762750800,0.1816,0.1826,0.1808,0.1818,107218.32
1762754400,0.182,0.1824,0.1804,0.1817,208583.81
1762758000,0.1818,0.1822,0.1805,0.181,221456.01
1762761600,0.1811,0.1813,0.1793,0.1798,339490.92
1762765200,0.1799,0.1837,0.1799,0.1831,156635.73
1762768800,0.1831,0.1839,0.1815,0.1821,398320.39
1762772400,0.182,0.1843,0.1818,0.1831,221626.66
1762776000,0.1834,0.1836,0.1817,0.1818,191754.22
1762779600,0.1818,0.1844,0.1817,0.1835,138686.96
1762783200,0.1833,0.1834,0.179,0.1803,425344.72
1762786800,0.1805,0.1832,0.1799,0.1807,263522.53
1762790400,0.1805,0.1814,0.175,0.1768,7895148.11
1762794000,0.1768,0.1788,0.1763,0.1785,2320367.06
1762797600,0.1787,0.1794,0.1775,0.1775,725220.89
1762801200,0.1776,0.1814,0.1776,0.1803,674858.13
1762804800,0.1802,0.1821,0.1799,0.181,236555.8
1762808400,0.1806,0.1809,0.179,0.1808,319221.08
1762812000,0.1809,0.185,0.1796,0.1845,812649.78
1762815600,0.1843,0.1845,0.1818,0.1824,280655.79
1762819200,0.1827,0.1834,0.1803,0.1822,263781.1
1762822800,0.1822,0.1857,0.1813,0.182,310893.95
1762826400,0.182,0.1851,0.1805,0.1839,233830.21
1762830000,0.1839,0.1853,0.1833,0.1836,159381.51
1762833600,0.1833,0.1839,0.181,0.1813,138250.44
1762837200,0.181,0.181,0.1788,0.1793,125905.66
1762840800,0.1794,0.1802,0.1783,0.1795,207883.07
1762844400,0.1795,0.18,0.1771,0.1773,643524.61
1762848000,0.1776,0.1786,0.1768,0.1781,182063.52
1762851600,0.1782,0.1793,0.1777,0.1777,152344.88
1762855200,0.1775,0.1791,0.1775,0.1786,150397.59
1762858800,0.1787,0.1798,0.1782,0.1789,92715.3
1762862400,0.1788,0.1801,0.1769,0.1777,367017.28
1762866000,0.1778,0.179,0.1768,0.1772,243465.71
1762869600,0.1769,0.1791,0.1758,0.179,271162.98
1762873200,0.1781,0.1783,0.1757,0.1766,471860.06
1762876800,0.1766,0.1775,0.1755,0.1767,359085.9
1762880400,0.177,0.1778,0.1744,0.1752,295569.46
1762884000,0.1752,0.1758,0.1732,0.1733,245026.22
1762887600,0.1732,0.1745,0.1725,0.1732,658684.58
1762891200,0.1732,0.1736,0.1718,0.1725,250930.65
1762894800,0.1724,0.1733,0.1714,0.1717,275557.56
1762898400,0.1717,0.1736,0.1709,0.173,242969.37
1762902000,0.173,0.1732,0.171,0.1712,118195.21
1762905600,0.1713,0.1728,0.1704,0.1716,112333.77
1762909200,0.1716,0.174,0.1714,0.1733,150560.36
1762912800,0.1735,0.1743,0.1725,0.1738,125950.07
1762916400,0.1736,0.1741,0.1734,0.1736,235013.39
1762920000,0.1735,0.1744,0.1731,0.1737,126212.96
1762923600,0.1736,0.174,0.173,0.1731,168821.56
1762927200,0.1733,0.1747,0.1732,0.1739,95084.86
1762930800,0.174,0.1746,0.1729,0.1731,193502.73
1762934400,0.1735,0.1765,0.1735,0.1755,226825.91
1762938000,0.1754,0.1769,0.1754,0.1764,110465.7
1762941600,0.1763,0.1776,0.1763,0.1773,99657.61
1762945200,0.1774,0.1783,0.1765,0.1769,353114.51
1762948800,0.1769,0.1779,0.1762,0.1768,374330.93
1762952400,0.1769,0.179,0.1763,0.1784,78752.35
1762956000,0.1781,0.1786,0.1737,0.1755,273656.8
1762959600,0.1754,0.1773,0.1718,0.1726,329596.72
1762963200,0.1725,0.1729,0.1686,0.1693,573798.51
1762966800,0.1695,0.1711,0.1677,0.1703,241259.58
1762970400,0.1703,0.1705,0.1683,0.1685,192678.25
1762974000,0.1684,0.1694,0.1669,0.1682,144878.28
1762977600,0.1684,0.1705,0.1679,0.1699,296778.24
1762981200,0.17,0.1705,0.1695,0.1701,321333.21
1762984800,0.17,0.1705,0.1689,0.1698,120978.41
1762988400,0.1697,0.1698,0.1689,0.1695,131255.31
1762992000,0.1695,0.1708,0.1691,0.17,382226.06
1762995600,0.1701,0.172,0.1701,0.1712,885928.22
1762999200,0.1712,0.1724,0.1711,0.1711,231062.56
1763002800,0.1713,0.1743,0.1689,0.1729,152629.73
1763006400,0.1729,0.1742,0.1717,0.1735,166914.26
1763010000,0.1735,0.1756,0.1726,0.1752,152207.84
1763013600,0.1751,0.1764,0.175,0.1751,119526.65
1763017200,0.1751,0.1762,0.1745,0.1749,180503.01
1763020800,0.1747,0.1768,0.1747,0.176,168351.8
1763024400,0.176,0.176,0.1734,0.1737,81629.11
1763028000,0.1738,0.1758,0.1737,0.1744,158788.96
1763031600,0.1742,0.1749,0.1739,0.1743,422820.2
1763035200,0.1742,0.1755,0.1736,0.1755,174186.97
1763038800,0.1755,0.1757,0.1735,0.174,337115.39
1763042400,0.1741,0.177,0.1723,0.176,634843.16
1763046000,0.176,0.1768,0.172,0.1728,1120507.7
1763049600,0.1729,0.1735,0.1699,0.1699,448951.06
1763053200,0.1698,0.1704,0.1658,0.1662,970030.81
1763056800,0.1662,0.1666,0.1625,0.1639,1928094.92
1763060400,0.1638,0.1651,0.1618,0.1625,1511332.15
1763064000,0.1624,0.1634,0.1605,0.162,637680.38
1763067600,0.162,0.1631,0.161,0.1621,822474.46
1763071200,0.162,0.1657,0.162,0.1653,889678.17
1763074800,0.1652,0.1676,0.1643,0.166,672982.59
1763078400,0.1657,0.1671,0.1644,0.1647,727472.67
1763082000,0.1642,0.1655,0.164,0.1645,803040.38
1763085600,0.1647,0.1666,0.1647,0.1659,494983.46
1763089200,0.1657,0.1657,0.1636,0.1646,687546.65
1763092800,0.1645,0.1645,0.1585,0.1617,879693.85
1763096400,0.1618,0.1648,0.1618,0.1644,300171.37
1763100000,0.1644,0.1658,0.1613,0.1658,359663.54
1763103600,0.1656,0.1664,0.1645,0.1653,223491.36
1763107200,0.1651,0.1653,0.1634,0.1638,217898.75
1763110800,0.1638,0.1644,0.1613,0.1615,231669.48
1763114400,0.1617,0.1632,0.1615,0.1621,320756.64
1763118000,0.1623,0.1623,0.1601,0.161,510770.27
1763121600,0.1609,0.1613,0.1577,0.1609,1185683.62
1763125200,0.1611,0.1619,0.1582,0.1599,757967.59
1763128800,0.16,0.1633,0.1584,0.1617,1007503.15
1763132400,0.1617,0.1635,0.1601,0.1614,929059.7
1763136000,0.1617,0.1619,0.1594,0.161,1563749.09
1763139600,0.1611,0.1611,0.1568,0.1568,472907.7
1763143200,0.1569,0.1579,0.1542,0.1552,3171435.39
1763146800,0.1552,0.1572,0.1545,0.1567,797082.69
1763150400,0.1567,0.1569,0.1496,0.1503,8313789.34
1763154000,0.1504,0.1527,0.1498,0.1522,1459272.75
1763157600,0.1522,0.1543,0.1512,0.1528,1084949.63
1763161200,0.1528,0.1529,0.1484,0.1516,1100020.65
1763164800,0.1515,0.154,0.1514,0.154,585735.93
1763168400,0.1539,0.1551,0.1537,0.1546,559904.05
1763172000,0.1546,0.1562,0.1541,0.1562,238513.77
1763175600,0.1563,0.1572,0.1562,0.1565,329330.14
1763179200,0.1566,0.1569,0.1548,0.1551,864956.25
1763182800,0.1551,0.156,0.1546,0.1558,267825.06
1763186400,0.1559,0.1571,0.1557,0.1564,538821.72
1763190000,0.1563,0.1563,0.1547,0.1552,251102.23
1763193600,0.1549,0.1549,0.1517,0.1525,512082.43
1763197200,0.1523,0.1545,0.1523,0.1534,275522.46
1763200800,0.1533,0.1543,0.1531,0.1543,90688.05
1763204400,0.1543,0.1545,0.1533,0.1541,97842.04
1763208000,0.1539,0.156,0.1536,0.1558,157694.11
1763211600,0.1558,0.1571,0.1556,0.1563,281507.96
1763215200,0.1564,0.1567,0.1557,0.1562,474430.82
1763218800,0.1561,0.1568,0.1556,0.1556,269211.15
1763222400,0.1558,0.1562,0.1548,0.1561,179713.01
1763226000,0.1562,0.1576,0.1556,0.1575,298716.72
1763229600,0.1573,0.1579,0.1566,0.1569,272165.76
1763233200,0.1568,0.1571,0.1563,0.1569,214671.63
1763236800,0.1569,0.1571,0.1557,0.1559,225233.33
1763240400,0.1558,0.157,0.1545,0.1545,307709.36
1763244000,0.1545,0.1559,0.1545,0.1558,174751.78
1763247600,0.156,0.1562,0.1554,0.1557,225466.23
1763251200,0.1556,0.1557,0.1538,0.1548,302333.5
1763254800,0.1547,0.1551,0.1527,0.1547,428851.33
1763258400,0.1546,0.157,0.154,0.157,474077.34
1763262000,0.157,0.1579,0.1565,0.1571,501304.26
1763265600,0.1571,0.1571,0.1554,0.1559,133674.06
1763269200,0.1558,0.1572,0.1557,0.1562,109711.71
1763272800,0.1565,0.1571,0.1564,0.1566,264203.03
1763276400,0.1565,0.1578,0.1564,0.1577,101858.09
1763280000,0.1577,0.1579,0.1564,0.1567,152192.83
1763283600,0.1564,0.1574,0.156,0.1573,692848.51
1763287200,0.1569,0.1571,0.1562,0.1562,136427.23
1763290800,0.1561,0.1562,0.1535,0.1538,332840
1763294400,0.1538,0.1549,0.153,0.1539,182650.02
1763298000,0.1539,0.1543,0.1522,0.1526,415414.53
1763301600,0.1528,0.1537,0.1522,0.1533,351216.95
1763305200,0.1533,0.1533,0.1497,0.1497,711651.88
1763308800,0.1497,0.1512,0.1485,0.1491,910945.58
1763312400,0.1491,0.1495,0.1472,0.149,990724.55
1763316000,0.1489,0.1517,0.1477,0.1488,467405.7
1763319600,0.1485,0.1506,0.1485,0.1488,279372.2
1763323200,0.1488,0.1502,0.1486,0.1487,221646.46
1763326800,0.1488,0.1488,0.1474,0.1486,502074.06
1763330400,0.1487,0.1506,0.1474,0.15,395560.66
1763334000,0.1496,0.1512,0.1471,0.1498,333903.34
1763337600,0.1499,0.1516,0.1483,0.1507,466773.81
1763341200,0.1506,0.1513,0.1491,0.1493,1007843.76
1763344800,0.1495,0.1506,0.1491,0.15,561616.8
1763348400,0.15,0.1513,0.1499,0.1507,397833.42
1763352000,0.1508,0.1513,0.1499,0.15,355336.23
1763355600,0.15,0.1506,0.1494,0.1503,193054.5
1763359200,0.1504,0.1513,0.1498,0.1512,235038.76
1763362800,0.1513,0.1525,0.1513,0.1522,283758.37
1763366400,0.1522,0.1525,0.1509,0.1511,216141.37
1763370000,0.1512,0.1517,0.1506,0.1511,276776.27
1763373600,0.1512,0.1517,0.1509,0.1513,198736.14
1763377200,0.1514,0.1526,0.1511,0.1518,194974.14
1763380800,0.1518,0.1519,0.1511,0.1519,262652.23
1763384400,0.1519,0.1521,0.1478,0.149,406752.33
1763388000,0.1489,0.154,0.1483,0.1511,335455.87
1763391600,0.1513,0.1519,0.1479,0.1489,368765.15
1763395200,0.1488,0.1504,0.1463,0.1501,954818.8
1763398800,0.1503,0.1503,0.1456,0.1456,402234.31
1763402400,0.1456,0.1468,0.144,0.1448,1219298.49
1763406000,0.145,0.1453,0.142,0.1426,1256843.57
1763409600,0.1424,0.1433,0.1405,0.1421,1234510.55
1763413200,0.1422,0.1435,0.1411,0.1422,901057.11
1763416800,0.1422,0.1441,0.1417,0.1436,396057.69
1763420400,0.1435,0.1448,0.1433,0.1446,326529.54
1763424000,0.1446,0.145,0.1417,0.1448,858462.25
1763427600,0.1447,0.1454,0.1442,0.1446,370295.69
1763431200,0.1447,0.1468,0.1431,0.1454,1168925.93
1763434800,0.1453,0.1479,0.1439,0.1474,615855.32
1763438400,0.1474,0.1478,0.145,0.1475,462284
1763442000,0.1471,0.149,0.1454,0.1455,616310.92
1763445600,0.1453,0.1455,0.1434,0.1436,611015.36
1763449200,0.1436,0.1454,0.1429,0.1446,706452.81
1763452800,0.1445,0.1462,0.1444,0.1461,567780.61
1763456400,0.146,0.1463,0.1448,0.1458,535108.53
1763460000,0.1459,0.1469,0.1457,0.1469,224078.88
1763463600,0.1467,0.1467,0.145,0.1452,613785.39
1763467200,0.1453,0.1463,0.1444,0.146,376049.56
1763470800,0.1457,0.1457,0.1442,0.1454,460457.57
1763474400,0.1452,0.1473,0.1448,0.145,883072.96
1763478000,0.1452,0.1486,0.1442,0.1474,1478178.33
1763481600,0.1475,0.1531,0.1474,0.1518,3429148.37
1763485200,0.1517,0.153,0.15,0.1515,814742.81
1763488800,0.1514,0.1526,0.1514,0.152,513412.5
1763492400,0.152,0.1526,0.1502,0.1506,665092.81
1763496000,0.1508,0.151,0.1499,0.1499,579358.65
1763499600,0.1499,0.1506,0.1485,0.1485,688707.16
1763503200,0.1486,0.1507,0.1486,0.1499,547566.12
1763506800,0.1499,0.1501,0.1489,0.1493,304699.59
1763510400,0.1492,0.1494,0.1475,0.1492,198169.63
1763514000,0.149,0.15,0.1485,0.1497,440750.28
1763517600,0.1496,0.1504,0.149,0.1496,236007.65
1763521200,0.1496,0.1496,0.1475,0.148,174519.73
1763524800,0.1478,0.1481,0.1466,0.1468,280390.4
1763528400,0.1466,0.1469,0.1438,0.1445,249001.7
1763532000,0.1444,0.146,0.1444,0.1459,247210.85
1763535600,0.1458,0.1477,0.1457,0.1473,183730.18
1763539200,0.1472,0.1479,0.1467,0.1467,293701.97
1763542800,0.1468,0.1475,0.1463,0.1473,78226.72
1763546400,0.1472,0.1481,0.1466,0.1466,127496.53
1763550000,0.1467,0.1475,0.1464,0.1468,166409.55
1763553600,0.1465,0.1476,0.1462,0.1472,179589.75
1763557200,0.1473,0.1474,0.1456,0.1461,105538
1763560800,0.1461,0.1466,0.1445,0.1462,597536.48
1763564400,0.1462,0.148,0.1433,0.1435,562336.94
1763568000,0.1434,0.1442,0.1415,0.1418,1186466.36
1763571600,0.142,0.1426,0.1393,0.1407,1610700.85
1763575200,0.1407,0.1414,0.1385,0.1396,1110832.53
1763578800,0.1396,0.1402,0.1385,0.1392,427361.81
1763582400,0.1394,0.1419,0.1389,0.1417,202616.06
1763586000,0.1418,0.1451,0.1413,0.145,768035.75
1763589600,0.1449,0.1449,0.1432,0.1441,225842.16
1763593200,0.1443,0.1458,0.1443,0.1453,172446.33
1763596800,0.1452,0.1463,0.1447,0.1449,279868.52
1763600400,0.1449,0.1459,0.1448,0.1455,225524.55
1763604000,0.1456,0.1464,0.1455,0.1461,131090.29
1763607600,0.1462,0.1468,0.1459,0.1467,178053.01
1763611200,0.1467,0.1482,0.1465,0.1481,208852.95
1763614800,0.1481,0.1487,0.1472,0.1482,447173.84
1763618400,0.1481,0.1484,0.1472,0.1479,327471.62
1763622000,0.1481,0.1493,0.148,0.1492,245992.21
1763625600,0.1491,0.1494,0.1485,0.1491,151350.86
1763629200,0.1491,0.1491,0.1479,0.1486,202507.07
1763632800,0.1486,0.1486,0.1474,0.1479,291671.9
1763636400,0.148,0.1492,0.1474,0.149,76370.79
1763640000,0.1489,0.1519,0.1487,0.1519,526881.11
1763643600,0.1518,0.1525,0.1503,0.1506,632627.08
1763647200,0.1504,0.1523,0.1486,0.1513,805968.23
1763650800,0.1513,0.1513,0.1487,0.1489,621781.32
1763654400,0.1488,0.1492,0.1421,0.1427,2400273.41
1763658000,0.1427,0.1434,0.1404,0.1413,2012950.56
1763661600,0.1411,0.1421,0.1395,0.1401,918387.41
1763665200,0.14,0.1417,0.1384,0.1414,846538.94
1763668800,0.1414,0.1415,0.14,0.1408,437263.55
1763672400,0.1407,0.1432,0.1407,0.143,258079.74
1763676000,0.143,0.145,0.1429,0.1438,511305.7
1763679600,0.1438,0.1439,0.1398,0.1401,578059.67
1763683200,0.1404,0.1422,0.1401,0.1417,267386.63
1763686800,0.1419,0.1426,0.1408,0.1417,709276.4
1763690400,0.1416,0.1419,0.1384,0.1389,1011182.55
1763694000,0.139,0.1412,0.1389,0.1402,653451.72
1763697600,0.1401,0.1407,0.1383,0.1404,1285123.32
1763701200,0.1405,0.1409,0.1388,0.1393,365608.35
1763704800,0.1393,0.14,0.1387,0.1394,607594.85
1763708400,0.1393,0.1398,0.13,0.1339,1504397.97
1763712000,0.134,0.1356,0.1331,0.1338,621495.94
1763715600,0.1339,0.1345,0.132,0.1323,321554.65
1763719200,0.1321,0.1337,0.1315,0.1322,1179646.13
1763722800,0.1323,0.1336,0.1307,0.131,620298.47
1763726400,0.131,0.1331,0.1279,0.1321,2391227.36
1763730000,0.1321,0.1341,0.1318,0.133,708856.03
1763733600,0.1331,0.1356,0.132,0.1349,644572.57
1763737200,0.1348,0.1351,0.1314,0.1319,1014306.31
1763740800,0.1319,0.1349,0.1301,0.1348,1402816.79
1763744400,0.1347,0.136,0.1344,0.135,640136.36
1763748000,0.1349,0.1359,0.1322,0.1349,517265.69
1763751600,0.1351,0.1354,0.1329,0.1332,392418.91
1763755200,0.1332,0.1333,0.1309,0.1319,622276.93
1763758800,0.132,0.1338,0.131,0.1333,557242.69
1763762400,0.1333,0.1335,0.1298,0.1298,338661.29
1763766000,0.1299,0.1331,0.1294,0.1324,610755.09
1763769600,0.1324,0.133,0.1317,0.1327,257251.88
1763773200,0.1328,0.1337,0.1323,0.1335,985028.06
1763776800,0.1336,0.1338,0.1325,0.1331,496206.52
1763780400,0.1333,0.1338,0.1326,0.133,291155.39
1763784000,0.133,0.1331,0.1305,0.1321,649606.69
1763787600,0.1322,0.1324,0.1304,0.1314,296546.29
1763791200,0.1315,0.1334,0.1306,0.1328,334610.5
1763794800,0.1329,0.1335,0.1322,0.1323,440179.09
1763798400,0.1324,0.1324,0.13,0.1305,376524.67
1763802000,0.1305,0.1318,0.1297,0.131,256964.57
1763805600,0.1311,0.1317,0.1299,0.1306,88925.48
1763809200,0.1305,0.1323,0.1302,0.1311,155164.8
1763812800,0.1312,0.1312,0.1297,0.1303,219378.16
1763816400,0.1303,0.1307,0.1292,0.1306,347047.48
1763820000,0.1307,0.133,0.1307,0.1328,1332177.85
1763823600,0.1329,0.1334,0.1312,0.1321,416396.03
1763827200,0.1321,0.1332,0.1317,0.1331,217725.38
1763830800,0.133,0.1331,0.132,0.1322,1513636.81
1763834400,0.1321,0.133,0.1317,0.1327,234165.33
1763838000,0.1327,0.1332,0.1321,0.133,286304.59
1763841600,0.133,0.1341,0.1319,0.1324,510969.81
1763845200,0.1322,0.133,0.1322,0.1326,168736.36
1763848800,0.1326,0.1349,0.1322,0.1346,798479.03
1763852400,0.1344,0.1348,0.1335,0.1337,327993.46
1763856000,0.1338,0.1349,0.1334,0.134,261938.18
1763859600,0.1341,0.1357,0.134,0.1355,367506.67
1763863200,0.1356,0.1367,0.1352,0.136,593417.64
1763866800,0.136,0.1362,0.1351,0.1359,244819.65
1763870400,0.1359,0.1369,0.1356,0.136,317783.4
1763874000,0.1361,0.1365,0.1358,0.1364,270328.26
1763877600,0.1363,0.1367,0.1352,0.1355,288345.64
1763881200,0.1355,0.1358,0.1344,0.1353,309817.42
1763884800,0.1353,0.1356,0.1351,0.1355,121845.67
1763888400,0.1354,0.1364,0.1354,0.1361,30364.67
1763892000,0.1361,0.1361,0.1352,0.1355,164310.04
1763895600,0.1354,0.1354,0.134,0.1348,437394.7
1763899200,0.1348,0.1361,0.1348,0.1356,197394.09
1763902800,0.1355,0.136,0.135,0.1359,352295.37
1763906400,0.1359,0.1364,0.1347,0.1347,115991.5
1763910000,0.1348,0.1365,0.1344,0.1362,680216.8
1763913600,0.1362,0.1366,0.1353,0.1353,717345.21
1763917200,0.1353,0.1357,0.1346,0.135,208549.67
1763920800,0.1351,0.1363,0.135,0.1355,85358.68
1763924400,0.1355,0.1365,0.1354,0.1357,354591.84
1763928000,0.1358,0.1362,0.1356,0.1356,112894.06
1763931600,0.1355,0.1366,0.1351,0.1364,178627.2
1763935200,0.1364,0.1364,0.1352,0.1359,146560.43
1763938800,0.136,0.136,0.1333,0.1334,248837.67
1763942400,0.1334,0.1341,0.1317,0.1325,1737445.73
1763946000,0.1324,0.1331,0.1314,0.1329,223541.93
1763949600,0.1329,0.1358,0.1328,0.1348,255308.08
1763953200,0.1348,0.1358,0.134,0.1348,209531.23
1763956800,0.1348,0.1355,0.1327,0.1335,583099.73
1763960400,0.1335,0.1361,0.1333,0.1357,102188.36
1763964000,0.1356,0.1358,0.1337,0.1346,167536.81
1763967600,0.1346,0.1346,0.1337,0.1339,50530.12
1763971200,0.1338,0.1342,0.1335,0.1339,77665.46
1763974800,0.1339,0.1339,0.1316,0.132,101743.77
1763978400,0.1319,0.133,0.1319,0.1328,491140.87
1763982000,0.1329,0.1333,0.1324,0.133,265655.76
1763985600,0.1329,0.1332,0.132,0.1323,214537.55
1763989200,0.1322,0.1335,0.1321,0.1323,411781.69
1763992800,0.1323,0.1341,0.1311,0.1333,1008932.45
1763996400,0.1334,0.1343,0.1319,0.1339,613395.12
1764000000,0.134,0.1353,0.1338,0.1348,492343.1
1764003600,0.1349,0.1389,0.1347,0.1388,816573.1
1764007200,0.1389,0.139,0.1381,0.1387,600058.49
1764010800,0.1386,0.1395,0.1382,0.1386,615555.6
1764014400,0.1387,0.1402,0.1387,0.1395,905712.4
1764018000,0.1394,0.1394,0.138,0.1382,876638.92
1764021600,0.1383,0.139,0.1374,0.1377,903781.35
1764025200,0.1377,0.1379,0.1371,0.1372,451463.29
1764028800,0.1372,0.1381,0.1367,0.1375,288895.56
1764032400,0.1375,0.1379,0.1368,0.1368,128165.24
1764036000,0.1366,0.1369,0.1359,0.1367,447780.66
1764039600,0.1367,0.1372,0.1362,0.1364,324188.56
1764043200,0.1364,0.1372,0.1362,0.1369,457730.4
1764046800,0.137,0.1372,0.1363,0.1365,728852.76
1764050400,0.1365,0.1366,0.1352,0.1359,353779.36
1764054000,0.1357,0.1361,0.1347,0.1348,369417.92
1764057600,0.1351,0.1354,0.1341,0.1341,314586.31
1764061200,0.1341,0.1349,0.1338,0.1348,564000.06
1764064800,0.1347,0.1352,0.134,0.135,544016.77
1764068400,0.135,0.1352,0.1342,0.1344,336450.19
1764072000,0.1344,0.1359,0.1342,0.1354,445015.22
1764075600,0.1354,0.1359,0.1337,0.1339,901135.93
1764079200,0.1339,0.1348,0.1322,0.1336,305529.28
1764082800,0.1335,0.1347,0.1325,0.1338,161720.49
1764086400,0.1339,0.1358,0.1337,0.1351,406172.65
1764090000,0.1351,0.1357,0.1339,0.1344,413591.41
1764093600,0.1346,0.1355,0.1342,0.1344,387335.23
1764097200,0.1344,0.1344,0.1323,0.134,161646.87
1764100800,0.1341,0.1356,0.1337,0.1349,744382.4
1764104400,0.1349,0.1352,0.1342,0.1342,126925.35
1764108000,0.1342,0.1362,0.1332,0.1361,181744.09
1764111600,0.1359,0.1371,0.1355,0.1365,537822.12
1764115200,0.1365,0.1368,0.136,0.1363,325002.04
1764118800,0.1362,0.1373,0.1356,0.1364,259277.88
1764122400,0.1364,0.1366,0.1357,0.1357,122878.16
1764126000,0.1357,0.136,0.1344,0.1345,158132.18
1764129600,0.1345,0.1347,0.1341,0.1343,361366
1764133200,0.1344,0.1355,0.1342,0.1351,333215.93
1764136800,0.1351,0.1361,0.1347,0.1359,305139.02
1764140400,0.1358,0.1366,0.1357,0.1363,250446.2
1764144000,0.1362,0.1363,0.1348,0.1348,330487.82
1764147600,0.1348,0.1349,0.1338,0.1343,332634.5
1764151200,0.1343,0.1348,0.1336,0.1343,277916.87
1764154800,0.1342,0.1346,0.1333,0.1335,249883.7
1764158400,0.1335,0.1337,0.1326,0.1333,332681.53
1764162000,0.1332,0.1343,0.1332,0.1341,344903.93
1764165600,0.134,0.1345,0.1327,0.1329,637467.99
1764169200,0.1329,0.1338,0.1323,0.1332,173679.47
1764172800,0.1332,0.1347,0.1332,0.134,949447.59
1764176400,0.1341,0.1378,0.1339,0.1376,856930.84
1764180000,0.1376,0.1387,0.137,0.1386,690175.44
1764183600,0.1385,0.1386,0.1375,0.1378,484491.61
1764187200,0.1376,0.1386,0.1373,0.138,239601.82
1764190800,0.1379,0.1389,0.1375,0.1379,302062.85
1764194400,0.1381,0.1384,0.1375,0.1378,327638.39
1764198000,0.138,0.1384,0.1375,0.1379,204549.56
1764201600,0.1377,0.1383,0.1369,0.1376,253148.26
1764205200,0.1374,0.1382,0.1372,0.1379,241755.7
1764208800,0.1379,0.1385,0.1375,0.1375,339585.25
1764212400,0.1375,0.1379,0.1364,0.1368,405722.65
1764216000,0.1367,0.1374,0.1366,0.137,267245.27
1764219600,0.137,0.1381,0.1367,0.1371,665498.03
1764223200,0.1371,0.1379,0.1371,0.1378,381830.57
1764226800,0.1376,0.1377,0.1371,0.1375,225035.01
1764230400,0.1375,0.1376,0.1365,0.1373,263402.77
1764234000,0.1373,0.1381,0.1369,0.1377,410265.77
1764237600,0.1377,0.1382,0.1373,0.1382,304152.83
1764241200,0.1382,0.1383,0.1373,0.1374,354588.69
1764244800,0.1374,0.1377,0.1359,0.136,319292.31
1764248400,0.1361,0.1373,0.1361,0.1369,430357.63
1764252000,0.137,0.1375,0.1365,0.1372,899383.68
1764255600,0.1371,0.1387,0.1365,0.1383,297961.46
1764259200,0.1383,0.1391,0.1379,0.139,343564.57
1764262800,0.139,0.1393,0.1385,0.1389,362804.35
1764266400,0.1389,0.1398,0.1387,0.1393,226674.66
1764270000,0.1393,0.1394,0.1388,0.1392,93302.34
1764273600,0.1392,0.1398,0.139,0.1396,167334.82
1764277200,0.1396,0.1401,0.1391,0.1393,180718.42
1764280800,0.1392,0.1393,0.1376,0.1381,275944.2
1764284400,0.1381,0.1383,0.1374,0.1377,114143.8
1764288000,0.1378,0.1384,0.1375,0.1379,102095.15
1764291600,0.1379,0.1379,0.1366,0.1367,163178.43
1764295200,0.1368,0.1374,0.1363,0.137,386956.32
1764298800,0.137,0.1373,0.1366,0.1368,41594.83
1764302400,0.1367,0.1371,0.1362,0.1362,227671.42
1764306000,0.1362,0.1367,0.136,0.1364,170750.49
1764309600,0.1363,0.1364,0.1357,0.1358,357800.71
1764313200,0.1357,0.1367,0.1356,0.1361,281198
1764316800,0.136,0.1395,0.1358,0.1395,455068.23
1764320400,0.1395,0.1398,0.1385,0.1389,734986.69
1764324000,0.1389,0.1389,0.1385,0.1385,135268.26
1764327600,0.1385,0.1387,0.1367,0.137,553763.27
1764331200,0.137,0.1372,0.1363,0.1364,378336.97
1764334800,0.1365,0.1383,0.1361,0.1379,685730.5
1764338400,0.1379,0.1387,0.1372,0.1379,532681.77
1764342000,0.1379,0.1389,0.1376,0.1379,341681.91
1764345600,0.1375,0.1375,0.1354,0.1357,555891.55
1764349200,0.1357,0.1358,0.1342,0.1346,1378238.16
1764352800,0.1347,0.1351,0.1338,0.1349,543473.58
1764356400,0.1348,0.1364,0.1345,0.1352,551690.57
1764360000,0.135,0.1354,0.1346,0.1354,292656.97
1764363600,0.1353,0.1354,0.1343,0.1345,149976.12
1764367200,0.1344,0.1354,0.1341,0.1354,191003.65
1764370800,0.1354,0.1357,0.135,0.1353,299874.3
1764374400,0.135,0.1359,0.135,0.1357,281798.53
1764378000,0.1359,0.1366,0.1357,0.1361,208430.37
1764381600,0.136,0.1362,0.1353,0.136,281287.43
1764385200,0.1361,0.1364,0.1357,0.1357,113037.72
1764388800,0.1358,0.1362,0.1353,0.1362,224198.13
1764392400,0.1362,0.1362,0.1347,0.1348,308326.99
1764396000,0.1347,0.136,0.1339,0.1347,449128.76
1764399600,0.1347,0.1351,0.1342,0.1345,173052.46
1764403200,0.1344,0.1348,0.1341,0.1342,123560.8
1764406800,0.1343,0.1345,0.1342,0.1344,48769.17
1764410400,0.1344,0.1347,0.1339,0.1344,66509.52
1764414000,0.1344,0.1351,0.1344,0.135,48599.45
1764417600,0.135,0.1351,0.1347,0.1348,96291.79
1764421200,0.1347,0.1349,0.1344,0.1345,100671.2
1764424800,0.1345,0.1345,0.1341,0.1342,194257.29
1764428400,0.1341,0.1352,0.1341,0.1347,277821.54
1764432000,0.1347,0.135,0.134,0.1343,132665.77
1764435600,0.1345,0.1345,0.1332,0.1333,187243.56
1764439200,0.1335,0.1338,0.1329,0.1337,206511.85
1764442800,0.1337,0.1339,0.1333,0.1335,219126.42
1764446400,0.1335,0.1342,0.1331,0.1342,57122.07
1764450000,0.1342,0.1345,0.1337,0.134,118040.37
1764453600,0.1339,0.1339,0.1335,0.1335,40986.97
1764457200,0.1335,0.1339,0.1333,0.1335,57630.98
1764460800,0.1335,0.134,0.1334,0.1337,87198.2
1764464400,0.1337,0.1343,0.1337,0.134,117924.08
1764468000,0.1342,0.1346,0.1336,0.1337,180749.78
1764471600,0.1338,0.1342,0.1328,0.1341,138820.42
1764475200,0.1341,0.1342,0.1334,0.1336,42312.18
1764478800,0.1337,0.1337,0.1331,0.1334,48654.39
1764482400,0.1335,0.134,0.1331,0.1334,174289.99
1764486000,0.1337,0.1342,0.1336,0.1341,204693
1764489600,0.1341,0.1345,0.1335,0.1338,64428.46
1764493200,0.1337,0.1342,0.1336,0.1341,66275.7
1764496800,0.1341,0.1341,0.1336,0.1337,21547.51
1764500400,0.1337,0.134,0.1331,0.1332,30016.82
1764504000,0.1333,0.1343,0.1327,0.134,76236.98
1764507600,0.134,0.135,0.1338,0.1349,159645.73
1764511200,0.1348,0.1348,0.1335,0.1337,138997.59
1764514800,0.1337,0.1339,0.133,0.1336,147297.41
1764518400,0.1337,0.1346,0.1337,0.1342,260951
1764522000,0.1339,0.1347,0.1339,0.1345,480420
1764525600,0.1345,0.1347,0.1341,0.1346,447051.95
1764529200,0.1346,0.1347,0.1341,0.1344,107426.28
1764532800,0.1344,0.1353,0.1341,0.1349,186786.31
1764536400,0.1349,0.1352,0.134,0.1345,322715.4
1764540000,0.1347,0.1354,0.1344,0.135,91667.5
1764543600,0.1351,0.1351,0.1329,0.133,103051.77
1764547200,0.133,0.133,0.1249,0.1254,2057376.12
1764550800,0.1254,0.1268,0.1248,0.1254,707380.47
1764554400,0.1255,0.1262,0.125,0.1251,383696.92
1764558000,0.1252,0.1252,0.1234,0.1242,428575.1
1764561600,0.1241,0.1242,0.1229,0.1242,351599.6
1764565200,0.1241,0.125,0.1241,0.1245,341689.35
1764568800,0.1245,0.1254,0.1244,0.1251,313810.55
1764572400,0.1249,0.1258,0.1244,0.1258,351625.7
1764576000,0.1258,0.1259,0.1251,0.1255,256697.15
1764579600,0.1254,0.1259,0.1247,0.1249,253507.62
1764583200,0.125,0.1253,0.1241,0.1242,208835.88
1764586800,0.1242,0.1242,0.1233,0.1236,151692.14
1764590400,0.1236,0.1237,0.1211,0.1231,1172253.05
1764594000,0.1233,0.124,0.122,0.1225,292735.42
1764597600,0.1226,0.1233,0.1201,0.1218,2612196.4
1764601200,0.1218,0.1218,0.1181,0.1192,1133724.44
1764604800,0.119,0.1202,0.1181,0.1183,786086.86
1764608400,0.1183,0.1189,0.1167,0.1168,2056011.37
1764612000,0.117,0.1181,0.1169,0.1179,1749375.9
1764615600,0.1181,0.1183,0.1172,0.118,662953.5
1764619200,0.1182,0.1194,0.1177,0.1186,1607583.69
1764622800,0.1186,0.1205,0.1185,0.1197,527699.99
1764626400,0.1198,0.1207,0.119,0.1202,305598.02
1764630000,0.1202,0.1205,0.1196,0.1199,267064.47
1764633600,0.1199,0.1201,0.1175,0.1176,790042.7
1764637200,0.1176,0.1191,0.1172,0.1175,676415.9
1764640800,0.1175,0.1181,0.1167,0.1176,576870.72
1764644400,0.1176,0.1187,0.1168,0.1186,499165.79
1764648000,0.1186,0.1195,0.1185,0.119,234906.18
1764651600,0.1189,0.1197,0.1188,0.1194,249690.5
1764655200,0.1194,0.1207,0.1189,0.1207,462728.2
1764658800,0.1207,0.1212,0.1201,0.121,559210.8
1764662400,0.121,0.1211,0.1193,0.1198,188473.4
1764666000,0.1199,0.1205,0.1196,0.1198,826755.84
1764669600,0.1198,0.1215,0.1198,0.1215,261495.85
1764673200,0.1213,0.1217,0.1208,0.1215,59243.38
1764676800,0.1215,0.1217,0.1208,0.1215,192838.67
1764680400,0.1214,0.1229,0.1213,0.1225,194133.09
1764684000,0.1226,0.1257,0.1224,0.1257,649253.69
1764687600,0.1257,0.1335,0.1257,0.1332,751373.29
1764691200,0.1334,0.1338,0.131,0.1318,1056054.91
1764694800,0.1321,0.133,0.1318,0.1321,997604.46
1764698400,0.132,0.1323,0.1312,0.1314,976167.65
1764702000,0.1315,0.1317,0.1305,0.1306,1111085.21
1764705600,0.1306,0.1308,0.1291,0.1299,744494.95
1764709200,0.1299,0.1301,0.1294,0.1299,342740.1
1764712800,0.1301,0.131,0.1298,0.1304,970541.27
1764716400,0.1305,0.1305,0.129,0.1296,564603.98
1764720000,0.1297,0.1308,0.1287,0.129,664091.65
1764723600,0.1291,0.1293,0.1286,0.1288,201346.68
1764727200,0.1288,0.1299,0.1287,0.1297,228896.71
1764730800,0.1297,0.1304,0.1287,0.1289,682568.83
1764734400,0.1289,0.1297,0.1283,0.1295,1390436
1764738000,0.1295,0.1303,0.1291,0.1296,1150852.28
1764741600,0.1298,0.131,0.1296,0.1299,162799.59
1764745200,0.1299,0.1302,0.1294,0.1295,677760.96
1764748800,0.1297,0.1302,0.1294,0.13,282321.83
1764752400,0.13,0.1302,0.129,0.1294,329858.82
1764756000,0.1294,0.13,0.1284,0.1286,208312.18
1764759600,0.1285,0.1289,0.128,0.1286,330364.18
1764763200,0.1288,0.1291,0.1279,0.1283,497007.64
1764766800,0.1282,0.1293,0.1282,0.129,191710.43
1764770400,0.1289,0.1298,0.1261,0.1277,960366.76
1764774000,0.1277,0.1284,0.1267,0.127,758935
1764777600,0.127,0.1277,0.1258,0.1266,557203.44
1764781200,0.1267,0.1279,0.1266,0.1277,460560.67
1764784800,0.1278,0.1285,0.1268,0.1269,436123.05
1764788400,0.1271,0.128,0.1269,0.128,189179.12
1764792000,0.128,0.129,0.1275,0.1282,632661.2
1764795600,0.1281,0.1291,0.1278,0.1291,407558.78
1764799200,0.1291,0.1299,0.1283,0.1298,751283.47
1764802800,0.1298,0.1303,0.1292,0.1292,497639.92
1764806400,0.1293,0.1296,0.1283,0.1288,220147.39
1764810000,0.1288,0.1305,0.1286,0.1286,867134.1
1764813600,0.1285,0.1295,0.1284,0.1289,370884.79
1764817200,0.1288,0.1293,0.1281,0.1282,600571.27
1764820800,0.1282,0.1285,0.1275,0.1279,184155.04
1764824400,0.1278,0.1284,0.1274,0.1278,234969.34
1764828000,0.1279,0.1289,0.1276,0.1289,329334.68
1764831600,0.1289,0.1289,0.1282,0.1283,151470.46
1764835200,0.1289,0.1289,0.1279,0.1281,26792.3
1764838800,0.1282,0.1287,0.128,0.1284,51493.06
1764842400,0.1284,0.1286,0.1275,0.1275,78451.68
1764846000,0.1276,0.1278,0.1271,0.1275,247256.9
1764849600,0.1277,0.1277,0.1264,0.1272,894057.07
1764853200,0.127,0.127,0.1258,0.126,183450.77
1764856800,0.126,0.1267,0.1247,0.1254,1986580.38
1764860400,0.1254,0.1281,0.1254,0.1275,630492.17
1764864000,0.1275,0.1276,0.1257,0.126,277868.47
1764867600,0.1259,0.1261,0.125,0.126,411077.8
1764871200,0.1258,0.1263,0.125,0.1251,444988.69
1764874800,0.125,0.1251,0.1224,0.1247,949927.56
1764878400,0.1246,0.1253,0.124,0.1251,125140.19
1764882000,0.1252,0.1255,0.1241,0.1241,246896.61
1764885600,0.1242,0.1254,0.1241,0.1251,334883.12
1764889200,0.1251,0.1254,0.1245,0.1246,158805.09
1764892800,0.1246,0.1256,0.1246,0.1248,319653.84
1764896400,0.1247,0.1255,0.1247,0.125,405616.3
1764900000,0.1248,0.1256,0.1246,0.1251,305199.62
1764903600,0.1252,0.1256,0.1248,0.1251,130107.94
1764907200,0.1251,0.1254,0.1236,0.1241,490047.37
1764910800,0.1241,0.1243,0.1235,0.1239,60092.11
1764914400,0.1238,0.1246,0.1238,0.1244,115945.99
1764918000,0.1243,0.1252,0.1243,0.1252,100830.48
1764921600,0.1253,0.1253,0.1242,0.1246,232569.87
1764925200,0.1246,0.1248,0.1225,0.1228,356987.47
1764928800,0.1228,0.124,0.1227,0.1234,442454.12
1764932400,0.1233,0.1236,0.1224,0.123,164780.1
1764936000,0.123,0.1236,0.1229,0.1229,180005.79
1764939600,0.123,0.1235,0.1215,0.1222,209395.02
1764943200,0.122,0.1225,0.1212,0.1216,341507.37
1764946800,0.1215,0.1238,0.1215,0.1219,610617.61
1764950400,0.1218,0.1219,0.1182,0.1193,1542187.41
1764954000,0.1192,0.1199,0.1184,0.1194,824944.01
1764957600,0.1193,0.1202,0.1177,0.1177,331637.57
1764961200,0.1176,0.1191,0.1174,0.1187,278040.33
1764964800,0.1187,0.1195,0.1183,0.1185,117359.72
1764968400,0.1187,0.1195,0.1186,0.1192,206698.37
1764972000,0.119,0.1202,0.1189,0.1199,108050.51
1764975600,0.1199,0.1205,0.1192,0.1202,261448.99
1764979200,0.1203,0.1203,0.1193,0.12,181530.71
1764982800,0.1199,0.1204,0.1197,0.1198,94115.96
1764986400,0.1199,0.1206,0.1195,0.1204,50669.02
1764990000,0.1204,0.1212,0.1204,0.1211,145118.39
1764993600,0.1211,0.1212,0.1206,0.1208,204798.63
1764997200,0.1207,0.1208,0.1197,0.1199,135221.95
1765000800,0.1198,0.1206,0.1197,0.12,53489.69
1765004400,0.12,0.1205,0.1197,0.1203,55614.11
1765008000,0.1203,0.1206,0.1196,0.1197,86397.67
1765011600,0.1198,0.121,0.1198,0.1208,32811.38
1765015200,0.1209,0.1212,0.1202,0.1203,185411.72
1765018800,0.1201,0.1211,0.12,0.1209,105378.91
1765022400,0.1211,0.1218,0.1209,0.1211,164055.19
1765026000,0.1212,0.1218,0.121,0.1213,307028.97
1765029600,0.1212,0.1231,0.1212,0.1229,150446.89
1765033200,0.1228,0.1229,0.1216,0.122,222621.02
1765036800,0.1223,0.1234,0.1223,0.123,277023.16
1765040400,0.123,0.1248,0.123,0.1248,282418.15
1765044000,0.1249,0.1256,0.1247,0.125,202824.91
1765047600,0.1249,0.125,0.1221,0.1241,666982.57
1765051200,0.1238,0.124,0.1232,0.1238,126490.86
1765054800,0.1238,0.1251,0.1236,0.1239,301067.5
1765058400,0.1238,0.1239,0.1227,0.1228,93576.6
1765062000,0.1229,0.1232,0.1225,0.1232,107576.33
1765065600,0.1233,0.1244,0.1232,0.1242,113392.01
1765069200,0.1242,0.1243,0.1236,0.1239,124234.7
1765072800,0.124,0.1244,0.1237,0.1241,230811.01
1765076400,0.1242,0.1242,0.1236,0.1237,90373.4
1765080000,0.1236,0.1238,0.123,0.1233,70867.25
1765083600,0.1233,0.1241,0.1231,0.1236,117293.76
1765087200,0.1235,0.1244,0.1235,0.1242,187177.6
1765090800,0.1242,0.1242,0.1227,0.1232,110303.41
1765094400,0.1233,0.1233,0.1221,0.1226,90429.13
1765098000,0.1227,0.1227,0.1217,0.1219,74708.17
1765101600,0.1219,0.1224,0.1215,0.1216,54309.04
1765105200,0.1217,0.1219,0.1212,0.1216,43824.68
1765108800,0.1216,0.1224,0.1213,0.1221,86417.73
1765112400,0.122,0.1221,0.1209,0.1209,148923.78
1765116000,0.1211,0.1211,0.1182,0.1188,341709.37
1765119600,0.1187,0.1224,0.1187,0.1223,399865.94
1765123200,0.1221,0.1221,0.1208,0.1216,110237.35
1765126800,0.1214,0.1242,0.121,0.1234,373288.79
1765130400,0.1234,0.1244,0.1234,0.1239,129959.61
1765134000,0.124,0.1245,0.1234,0.1245,286200.72
1765137600,0.1245,0.1248,0.1243,0.1246,124073.97
1765141200,0.1246,0.1247,0.1213,0.1217,306530.54
1765144800,0.1216,0.1216,0.1192,0.12,493690.46
1765148400,0.1199,0.1206,0.1195,0.1204,172909.9
1765152000,0.1204,0.1214,0.1199,0.1203,168296.6
1765155600,0.1204,0.1231,0.1204,0.1216,258326.72
1765159200,0.1216,0.1227,0.1215,0.1226,191086.17
1765162800,0.1227,0.1235,0.1225,0.123,101901.49
1765166400,0.1231,0.1244,0.1231,0.1239,328422.1
1765170000,0.1239,0.1243,0.1235,0.1238,43624.71
1765173600,0.1239,0.1246,0.1237,0.1242,66597.59
1765177200,0.1242,0.1248,0.1239,0.1244,90021.79
1765180800,0.1242,0.1249,0.124,0.1249,25497.81
1765184400,0.125,0.1262,0.1249,0.1251,668415.88
1765188000,0.1251,0.1254,0.1245,0.1249,83277.98
1765191600,0.1248,0.1248,0.1237,0.124,294776.43
1765195200,0.124,0.1244,0.1234,0.1243,218821.42
1765198800,0.1241,0.1249,0.1239,0.1242,111550.2
1765202400,0.1241,0.1253,0.1234,0.1244,828664.74
1765206000,0.1245,0.1249,0.1231,0.1238,359605.26
1765209600,0.1238,0.1254,0.1232,0.1241,184192.41
1765213200,0.124,0.1248,0.1234,0.1245,379323.3
1765216800,0.1246,0.1247,0.1229,0.1234,151502.63
1765220400,0.1232,0.1236,0.1225,0.1229,156753.01
1765224000,0.1229,0.1244,0.1229,0.1242,151054.05
1765227600,0.1241,0.1247,0.1236,0.1247,178147.06
1765231200,0.1247,0.1247,0.1233,0.1239,128033.97
1765234800,0.1239,0.124,0.1229,0.1238,109233.5
1765238400,0.1237,0.1245,0.1233,0.1237,387050.95
1765242000,0.1236,0.1238,0.1224,0.1228,194027.26
1765245600,0.1228,0.1234,0.1226,0.1228,176972.91
1765249200,0.1229,0.1238,0.1226,0.1238,99650.14
1765252800,0.1236,0.1236,0.1221,0.1222,200993.31
1765256400,0.1223,0.1227,0.1216,0.1221,194160.39
1765260000,0.1221,0.1224,0.1214,0.1221,177671.63
1765263600,0.1222,0.1232,0.122,0.1231,51345.4
1765267200,0.1231,0.1234,0.1226,0.1231,71527.66
1765270800,0.1229,0.1231,0.1219,0.1223,66071.32
1765274400,0.1223,0.1227,0.1216,0.1225,281183.51
1765278000,0.1225,0.1231,0.1221,0.123,156772.48
1765281600,0.1229,0.1241,0.1229,0.1239,253653.97
1765285200,0.1238,0.1242,0.1231,0.1235,316806.7
1765288800,0.1236,0.1239,0.1224,0.1232,648407.72
1765292400,0.1231,0.1271,0.1231,0.1268,819335.9
1765296000,0.1269,0.13,0.1269,0.1296,753714.17
1765299600,0.1298,0.1305,0.1283,0.1288,336378.47
1765303200,0.1288,0.129,0.1278,0.1286,209810.01
1765306800,0.1286,0.1287,0.1276,0.128,159279.69
1765310400,0.1281,0.1285,0.1261,0.1268,562485.68
1765314000,0.1267,0.1271,0.1252,0.1263,409693.27
1765317600,0.1263,0.1277,0.1261,0.127,371165.58
1765321200,0.1269,0.1273,0.1266,0.1269,243236.97
1765324800,0.1268,0.1272,0.1261,0.1263,246574
1765328400,0.1263,0.1265,0.1256,0.126,238265.46
1765332000,0.1262,0.1267,0.1258,0.1264,261204.73
1765335600,0.1264,0.1265,0.1254,0.1257,189454.32
1765339200,0.1257,0.1264,0.1255,0.1259,122252.66
1765342800,0.126,0.126,0.1251,0.1251,112940.44
1765346400,0.125,0.1256,0.1249,0.1254,221765.96
1765350000,0.1254,0.1255,0.1248,0.1249,134583.7
1765353600,0.125,0.1251,0.1241,0.1241,57206.36
1765357200,0.124,0.1251,0.1238,0.125,84627.56
1765360800,0.1249,0.1255,0.1236,0.1238,157981.44
1765364400,0.1239,0.1242,0.123,0.1235,681583.76
1765368000,0.1235,0.1237,0.1231,0.1237,160042.45
1765371600,0.1236,0.124,0.1234,0.1237,77039.92
1765375200,0.1237,0.1238,0.123,0.1235,382552.51
1765378800,0.1238,0.1242,0.1232,0.1236,305886.43
1765382400,0.1235,0.1247,0.1235,0.1242,256770.27
1765386000,0.1242,0.1256,0.124,0.1248,412954.09
1765389600,0.1248,0.1268,0.1245,0.1256,471507.76
1765393200,0.1258,0.1273,0.1243,0.1266,639091.66
1765396800,0.1264,0.1287,0.1256,0.126,474912.99
1765400400,0.126,0.1262,0.1243,0.1246,301249.68
1765404000,0.1246,0.1251,0.123,0.1248,472677.66
1765407600,0.1249,0.125,0.1233,0.1233,248941.12
1765411200,0.1232,0.1237,0.1214,0.1216,939543.13
1765414800,0.1214,0.1216,0.1203,0.1203,574693.55
1765418400,0.1202,0.1204,0.1194,0.1197,353304.88
1765422000,0.1197,0.1197,0.118,0.1186,383033.09
1765425600,0.1185,0.1205,0.1185,0.1202,331470.7
1765429200,0.1197,0.1204,0.1197,0.12,66012.34
1765432800,0.1201,0.1205,0.1197,0.12,87125.1
1765436400,0.12,0.1204,0.1197,0.1202,145889.37
1765440000,0.1201,0.1202,0.1196,0.12,74147.75
1765443600,0.12,0.1207,0.1199,0.1201,316993.77
1765447200,0.1201,0.1203,0.1197,0.1202,64199.41
1765450800,0.1201,0.1208,0.12,0.12,191865.76
1765454400,0.1201,0.1204,0.1197,0.1198,303778.13
1765458000,0.1198,0.1201,0.1196,0.1199,212650.62
1765461600,0.1198,0.1201,0.1187,0.1191,367500.09
1765465200,0.1189,0.1204,0.1186,0.1193,389997.08
1765468800,0.1192,0.1198,0.1182,0.1189,227949.05
1765472400,0.119,0.1197,0.1188,0.1191,1021222.84
1765476000,0.1191,0.121,0.1189,0.1201,288776.2
1765479600,0.1202,0.1213,0.1199,0.1201,330050.94
1765483200,0.1203,0.1216,0.1202,0.1214,216847.96
1765486800,0.1215,0.1231,0.1214,0.1222,336655.57
1765490400,0.1222,0.1226,0.1209,0.1215,111772.21
1765494000,0.1214,0.1218,0.121,0.1214,503290.15
1765497600,0.1215,0.122,0.12,0.1203,216584.8
1765501200,0.1206,0.1218,0.1203,0.1216,397963.56
1765504800,0.1216,0.1223,0.1214,0.1219,311135.34
1765508400,0.1218,0.1221,0.1211,0.1214,278150.05
1765512000,0.1213,0.1214,0.1209,0.1211,107389.21
1765515600,0.121,0.122,0.1207,0.122,178531.1
1765519200,0.122,0.1229,0.1219,0.1219,71211.76
1765522800,0.122,0.1221,0.1216,0.1218,54605.72
1765526400,0.1217,0.1219,0.1211,0.1214,46910.49
1765530000,0.1215,0.1222,0.1209,0.1221,112773.91
1765533600,0.1222,0.1223,0.1218,0.1219,21722.72
1765537200,0.1218,0.1222,0.1215,0.1222,179060.3
1765540800,0.1222,0.1227,0.1219,0.1224,91628.02
1765544400,0.1224,0.1228,0.122,0.122,162308.02
1765548000,0.122,0.1222,0.1215,0.1218,109414.92
1765551600,0.1216,0.1216,0.1166,0.1173,721486.74
1765555200,0.1172,0.1175,0.1156,0.1167,847941.72
1765558800,0.1168,0.1182,0.1167,0.1173,299357.79
1765562400,0.1172,0.1191,0.1171,0.1179,412704.1
1765566000,0.118,0.1182,0.1173,0.1178,529752.54
1765569600,0.1177,0.1184,0.1174,0.1179,210601.11
1765573200,0.1182,0.119,0.1182,0.1185,107422.99
1765576800,0.1185,0.1196,0.1185,0.1195,156544.26
1765580400,0.1194,0.1197,0.1193,0.1197,132503.77
1765584000,0.1196,0.1202,0.1195,0.1198,277402.25
1765587600,0.1198,0.12,0.1193,0.1195,222671.64
1765591200,0.1195,0.1198,0.1194,0.1197,253143.77
1765594800,0.1196,0.1204,0.1196,0.1201,324504.44
1765598400,0.1201,0.1205,0.12,0.1202,125943.37
1765602000,0.1203,0.1212,0.1201,0.1203,253132.88
1765605600,0.1203,0.1204,0.1198,0.1202,197616.44
1765609200,0.1203,0.121,0.1202,0.1208,215183.53
1765612800,0.1208,0.1221,0.1208,0.1215,265440.56
1765616400,0.1214,0.1216,0.1212,0.1214,112825.95
1765620000,0.1213,0.122,0.1213,0.1216,56797.49
1765623600,0.1214,0.1214,0.1207,0.1208,70494.8
1765627200,0.1209,0.1214,0.1209,0.1212,110195.55
1765630800,0.1212,0.1215,0.1207,0.1208,91371.53
1765634400,0.121,0.121,0.1203,0.1207,183949.53
1765638000,0.1207,0.1213,0.1207,0.1212,37629.23
1765641600,0.1212,0.1213,0.1209,0.1211,258728.05
1765645200,0.1211,0.1211,0.1204,0.1204,217614.5
1765648800,0.1205,0.121,0.1205,0.1207,61158.22
1765652400,0.1207,0.1211,0.1206,0.1208,202410.64
1765656000,0.1209,0.1209,0.1206,0.1206,216607.11
1765659600,0.1207,0.1208,0.1198,0.1207,153435.68
1765663200,0.1206,0.1208,0.1201,0.1206,210024.9
1765666800,0.1208,0.1212,0.1206,0.121,173800.29
1765670400,0.121,0.1212,0.1206,0.121,262386.32
1765674000,0.1209,0.1211,0.1206,0.1207,130583.01
1765677600,0.1206,0.1212,0.1206,0.1212,136673.44
1765681200,0.1211,0.1211,0.1203,0.1204,196165.64
1765684800,0.1204,0.1206,0.1198,0.1199,142187.49
1765688400,0.1198,0.1199,0.1194,0.1197,107652.82
1765692000,0.1196,0.1196,0.119,0.1194,125047.79
1765695600,0.1193,0.1196,0.1192,0.1195,185251.33
1765699200,0.1196,0.1198,0.119,0.119,84203.09
1765702800,0.1189,0.1193,0.1183,0.1189,503087.22
1765706400,0.1189,0.119,0.118,0.1185,345840.41
1765710000,0.1184,0.1187,0.1172,0.1184,483905.06
1765713600,0.1184,0.1191,0.118,0.1188,235501.53
1765717200,0.1187,0.119,0.1184,0.119,199051.48
1765720800,0.1191,0.1191,0.1178,0.1179,229900.08
1765724400,0.1179,0.1181,0.1175,0.1177,250306.32
1765728000,0.1177,0.1185,0.1176,0.1181,372566.49
1765731600,0.1181,0.1182,0.1168,0.117,489590.94
1765735200,0.1171,0.1178,0.1171,0.1175,248945.05
1765738800,0.1175,0.1175,0.1168,0.1171,169134.51
1765742400,0.1172,0.1179,0.1166,0.1171,191154.58
1765746000,0.1171,0.1174,0.1166,0.1168,200798.28
1765749600,0.1168,0.1174,0.1164,0.1174,250983.06
1765753200,0.1174,0.1174,0.1159,0.1171,305947.45
1765756800,0.1171,0.1179,0.1168,0.1179,395775.55
1765760400,0.1179,0.1196,0.1178,0.1194,192267.93
1765764000,0.1193,0.1209,0.1193,0.1198,91084.41
1765767600,0.1198,0.1204,0.1195,0.1204,150255.33
1765771200,0.1204,0.1209,0.1201,0.1207,185588.35
1765774800,0.1206,0.1213,0.1205,0.1213,121760.05
1765778400,0.1212,0.1216,0.1207,0.1211,342607.15
1765782000,0.1213,0.1213,0.1197,0.1204,286281.45
1765785600,0.1204,0.1206,0.12,0.1201,149798.49
1765789200,0.1202,0.1206,0.12,0.1204,211199.87
1765792800,0.1204,0.1206,0.12,0.1201,117727.44
1765796400,0.12,0.1204,0.1197,0.1197,331616.28
1765800000,0.1197,0.1202,0.1195,0.1201,164631.37
1765803600,0.1202,0.1203,0.119,0.1191,104409.77
1765807200,0.1191,0.12,0.1165,0.1173,382057.37
1765810800,0.117,0.1173,0.1134,0.1143,1234696.18
1765814400,0.114,0.1143,0.1126,0.1128,921954.36
1765818000,0.1128,0.113,0.1111,0.1112,865981.27
1765821600,0.1111,0.1118,0.1101,0.1117,829332.16
1765825200,0.1115,0.1125,0.1111,0.1114,848385.43
1765828800,0.1112,0.1112,0.11,0.1106,994204.2
1765832400,0.1106,0.1118,0.1105,0.1116,326035.96
1765836000,0.1116,0.1122,0.1115,0.1122,448014.68
1765839600,0.1123,0.113,0.1123,0.1128,675670.2
1765843200,0.1128,0.1133,0.1117,0.1117,693619.5
1765846800,0.1116,0.1125,0.1113,0.1118,596922.41
1765850400,0.1117,0.1125,0.1113,0.112,610185.72
1765854000,0.112,0.1122,0.1111,0.1119,324295.65
1765857600,0.1118,0.1119,0.1097,0.1109,748128.79
1765861200,0.111,0.1114,0.1108,0.1109,86310.64
1765864800,0.1111,0.1119,0.1111,0.1118,92926.23
1765868400,0.1118,0.112,0.1102,0.1104,212129.2
1765872000,0.1106,0.1115,0.1106,0.1111,245787.49
1765875600,0.1112,0.1115,0.1111,0.1112,107067.13
1765879200,0.1112,0.1133,0.1111,0.1127,111436.24
1765882800,0.1127,0.1137,0.1125,0.1136,167473.49
1765886400,0.1137,0.114,0.1131,0.1132,266516.69
1765890000,0.1133,0.1145,0.1117,0.1117,573089.26
1765893600,0.1119,0.1131,0.111,0.1126,775562.27
1765897200,0.1126,0.1137,0.1117,0.1135,641239.95
1765900800,0.1134,0.1137,0.1124,0.1127,227808.18
1765904400,0.1127,0.1134,0.1124,0.1126,164613.34
1765908000,0.1126,0.1141,0.1124,0.1134,235718.57
1765911600,0.1134,0.1137,0.1124,0.1135,215723.81
1765915200,0.1135,0.114,0.1132,0.1137,447474.05
1765918800,0.1138,0.1142,0.1136,0.1142,339034.3
1765922400,0.1142,0.1145,0.114,0.114,465459.69
1765926000,0.1141,0.1141,0.1135,0.114,110765.7
1765929600,0.1141,0.1141,0.1134,0.1136,538532.83
1765933200,0.1137,0.1145,0.1135,0.1138,419777.89
1765936800,0.1139,0.1139,0.1131,0.1138,154845.11
1765940400,0.1138,0.1141,0.1128,0.113,378028.55
1765944000,0.113,0.1131,0.1118,0.112,432249.27
1765947600,0.1119,0.1125,0.1115,0.112,133218.59
1765951200,0.112,0.1125,0.1118,0.1118,100232.97
1765954800,0.1119,0.1123,0.1116,0.1117,106796.4
1765958400,0.1118,0.1119,0.1109,0.1109,127246.5
1765962000,0.1109,0.111,0.1103,0.1104,191594.09
1765965600,0.1102,0.1108,0.1102,0.1104,279973.22
1765969200,0.1104,0.1113,0.1103,0.111,358786.04
1765972800,0.1111,0.1112,0.1102,0.1108,276427.16
1765976400,0.1106,0.1121,0.1104,0.1119,318681.43
1765980000,0.1121,0.1143,0.1098,0.1143,786478.04
1765983600,0.1143,0.1157,0.1103,0.1105,954912.12
1765987200,0.1105,0.1113,0.1076,0.109,1273864.69
1765990800,0.109,0.1095,0.1073,0.1078,707265.87
1765994400,0.1077,0.1082,0.1066,0.1068,363977.77
1765998000,0.1068,0.108,0.1063,0.1079,571857.46
1766001600,0.1079,0.1086,0.1072,0.1074,626624.96
1766005200,0.1074,0.1075,0.1064,0.1066,1016827.62
1766008800,0.1065,0.1071,0.1061,0.1068,745663.1
1766012400,0.1067,0.1073,0.1063,0.1073,616893.3
1766016000,0.1072,0.1073,0.1065,0.1071,73776.89
1766019600,0.1069,0.107,0.1059,0.1062,135929.48
1766023200,0.1061,0.1076,0.1061,0.1072,333063.3
1766026800,0.1072,0.1073,0.106,0.1062,609434.4
1766030400,0.1062,0.1068,0.1059,0.1066,355364.73
1766034000,0.1066,0.1067,0.1053,0.1054,418028.96
1766037600,0.1054,0.1062,0.1054,0.1062,154651.26
1766041200,0.1064,0.1068,0.1061,0.1067,82925
1766044800,0.1068,0.1075,0.1067,0.1074,45157.79
1766048400,0.1074,0.1075,0.1068,0.1071,692103.14
1766052000,0.1072,0.1077,0.1072,0.1076,391052.77
1766055600,0.1076,0.1078,0.1071,0.1078,123385.03
1766059200,0.1078,0.1083,0.1072,0.1081,256864.69
1766062800,0.1081,0.1112,0.1081,0.1112,842615.41
1766066400,0.1113,0.1122,0.1093,0.1097,400207.11
1766070000,0.1098,0.1114,0.109,0.1103,308732.18
1766073600,0.1103,0.1103,0.1092,0.1103,385918.85
1766077200,0.1102,0.1102,0.104,0.1063,1479555.94
1766080800,0.1063,0.1071,0.1043,0.1047,243405.47
1766084400,0.1045,0.105,0.102,0.1024,602126.82
1766088000,0.1023,0.1037,0.1023,0.103,660371.95
1766091600,0.1035,0.1044,0.1034,0.1042,216056.35
1766095200,0.1044,0.1048,0.104,0.1043,263494.03
1766098800,0.1041,0.1041,0.1034,0.1034,161448.56
1766102400,0.1035,0.1037,0.1024,0.103,223304.1
1766106000,0.103,0.103,0.1019,0.1023,158016.14
1766109600,0.1021,0.1028,0.1017,0.1026,455310.21
1766113200,0.1027,0.1063,0.1027,0.1054,541545.25
1766116800,0.1055,0.1062,0.1054,0.1056,256039.01
1766120400,0.1058,0.1058,0.1046,0.1048,133023.2
1766124000,0.1049,0.1059,0.1045,0.1059,137405.88
1766127600,0.1059,0.1073,0.1057,0.1061,301597.07
1766131200,0.1062,0.1065,0.1058,0.106,44590.63
1766134800,0.1059,0.1059,0.1054,0.1057,55109.17
1766138400,0.1056,0.106,0.1053,0.1053,17603.95
1766142000,0.1056,0.1063,0.1052,0.1063,47590.67
1766145600,0.1063,0.1065,0.1058,0.1062,186590.01
1766149200,0.1062,0.1066,0.106,0.1062,208439.42
1766152800,0.1061,0.1079,0.1057,0.1073,336857.2
1766156400,0.1073,0.1098,0.1071,0.1086,490540.12
1766160000,0.1084,0.1103,0.1084,0.1087,314627.76
1766163600,0.1089,0.11,0.1073,0.1073,309927.97
1766167200,0.1074,0.1083,0.1072,0.108,970748.18
1766170800,0.108,0.1099,0.108,0.1096,768950.97
1766174400,0.1094,0.11,0.1091,0.1095,177263.11
1766178000,0.1095,0.1095,0.1085,0.1087,220072.11
1766181600,0.1087,0.1095,0.1087,0.1092,297838.58
1766185200,0.1092,0.1092,0.1087,0.109,373023.94
1766188800,0.1089,0.1089,0.1085,0.1087,196473.81
1766192400,0.1088,0.1091,0.1086,0.1087,113398.8
1766196000,0.1086,0.109,0.1085,0.1087,160395.15
1766199600,0.1088,0.1097,0.1086,0.1094,279277.46
1766203200,0.1095,0.1095,0.109,0.109,254257.56
1766206800,0.1091,0.1099,0.109,0.1096,262032.14
1766210400,0.1095,0.1099,0.1095,0.1099,132838.46
1766214000,0.11,0.1111,0.1097,0.1111,378185.87
1766217600,0.1111,0.112,0.1111,0.1113,348198.54
1766221200,0.1113,0.1118,0.1113,0.1114,164258.14
1766224800,0.1114,0.1115,0.1103,0.1104,141217.52
1766228400,0.1104,0.1108,0.1102,0.1108,196397.75
1766232000,0.1108,0.111,0.1104,0.1106,129430.5
1766235600,0.1106,0.1107,0.1098,0.1103,261632.51
1766239200,0.1101,0.1108,0.1097,0.1106,396592.82
1766242800,0.1106,0.1106,0.1098,0.1104,233337.15
1766246400,0.1104,0.1106,0.1101,0.1104,221623.35
1766250000,0.1105,0.1108,0.1103,0.1106,91169.7
1766253600,0.1105,0.1106,0.1102,0.1104,137986.96
1766257200,0.1105,0.1106,0.1102,0.1102,117664.94
1766260800,0.1101,0.1107,0.1101,0.1106,150494.49
1766264400,0.1107,0.1109,0.1105,0.1108,400777.75
1766268000,0.1106,0.1111,0.1103,0.1109,279584.88
1766271600,0.1108,0.1109,0.1103,0.1105,117614.98
1766275200,0.1106,0.1109,0.1101,0.1101,116382.11
1766278800,0.1102,0.1102,0.1091,0.1091,95009.37
1766282400,0.109,0.1093,0.1086,0.1088,197865.39
1766286000,0.1088,0.1093,0.1088,0.109,81986.46
1766289600,0.1091,0.1092,0.1088,0.1089,161558.28
1766293200,0.109,0.1095,0.109,0.1091,151388.76
1766296800,0.1091,0.1093,0.109,0.1093,162486.88
1766300400,0.1094,0.1096,0.1092,0.1095,118340.79
1766304000,0.1097,0.1101,0.1092,0.1099,276841.81
1766307600,0.1099,0.1103,0.1097,0.1101,240270.94
1766311200,0.1102,0.1102,0.1091,0.1091,170863.58
1766314800,0.1091,0.1093,0.1088,0.109,893807.41
1766318400,0.1089,0.1093,0.1081,0.1083,516033.96
1766322000,0.1082,0.1082,0.1057,0.1059,590000.3
1766325600,0.1058,0.107,0.1058,0.1067,240851.82
1766329200,0.1066,0.1071,0.1063,0.1066,208163.18
1766332800,0.1067,0.1073,0.1063,0.1071,194716.01
1766336400,0.107,0.1076,0.107,0.1071,411254.24
1766340000,0.1072,0.1072,0.1064,0.1072,246793.12
1766343600,0.1075,0.1077,0.107,0.1075,379346.84
1766347200,0.1077,0.1077,0.107,0.1072,219097.94
1766350800,0.1071,0.1074,0.1065,0.1065,311704.1
1766354400,0.1065,0.1076,0.1065,0.1075,180503.12
1766358000,0.1076,0.1081,0.107,0.1075,305919.25
1766361600,0.1074,0.1096,0.1074,0.1076,507174.8
1766365200,0.1077,0.1087,0.1074,0.1075,386876.84
1766368800,0.1075,0.1075,0.1059,0.1068,732278.45
1766372400,0.1067,0.1074,0.1064,0.107,226333.51
1766376000,0.107,0.1074,0.1067,0.1072,346731.24
1766379600,0.1071,0.1074,0.1068,0.107,155079.65
1766383200,0.107,0.1073,0.1068,0.1068,91591.23
1766386800,0.1069,0.1076,0.1069,0.1075,165738.05
1766390400,0.1075,0.1088,0.1075,0.108,179245.12
1766394000,0.1079,0.1082,0.1076,0.1081,63488.11
1766397600,0.1081,0.1087,0.1078,0.1086,359068.42
1766401200,0.1085,0.109,0.1082,0.1088,152363.33
1766404800,0.1089,0.11,0.1085,0.1092,164458.8
1766408400,0.1094,0.1096,0.1088,0.1092,75673.57
1766412000,0.1093,0.1102,0.1088,0.1099,469110.97
1766415600,0.1097,0.1102,0.1082,0.1091,404794.77
1766419200,0.1089,0.1094,0.1084,0.1086,520080.49
1766422800,0.1086,0.109,0.1082,0.1088,155010.26
1766426400,0.1088,0.1095,0.1086,0.1088,363693.6
1766430000,0.1087,0.1087,0.1072,0.1072,366311.66
1766433600,0.1072,0.1077,0.1066,0.1074,372064.35
1766437200,0.1073,0.1079,0.1072,0.1072,623088.95
1766440800,0.1073,0.1082,0.1071,0.1082,371586.91
1766444400,0.1081,0.1082,0.1078,0.108,585342.23
1766448000,0.108,0.1088,0.1079,0.1085,284735.1
1766451600,0.1085,0.1085,0.1079,0.1081,273718.74
1766455200,0.108,0.1083,0.1075,0.1075,301226.33
1766458800,0.1075,0.1078,0.107,0.1073,188285.15
1766462400,0.1073,0.1075,0.1068,0.107,89250.58
1766466000,0.107,0.1072,0.1065,0.107,86286.61
1766469600,0.1069,0.1071,0.1055,0.106,403515.4
1766473200,0.106,0.1063,0.1059,0.106,69326.46
1766476800,0.106,0.1064,0.1056,0.1058,82913.02
1766480400,0.1059,0.1061,0.1054,0.106,133545.64
1766484000,0.1063,0.1063,0.1059,0.1062,120942.61
1766487600,0.1062,0.1064,0.1059,0.1061,228633.73
1766491200,0.106,0.106,0.1052,0.1055,116871.84
1766494800,0.1054,0.106,0.1047,0.1052,669354.34
1766498400,0.1055,0.1056,0.104,0.1048,923875.12
1766502000,0.1048,0.1058,0.1046,0.1055,210871.77
1766505600,0.1054,0.1068,0.1054,0.1067,716526.98
1766509200,0.1067,0.1069,0.1051,0.1053,236028.83
1766512800,0.1053,0.1069,0.1053,0.1068,356431.3
1766516400,0.1067,0.1067,0.1061,0.1064,192498.68
1766520000,0.1064,0.1078,0.1062,0.1067,231711.09
1766523600,0.1068,0.107,0.1064,0.1066,70513.25
1766527200,0.1066,0.1068,0.1061,0.1061,602918.77
1766530800,0.1061,0.1069,0.106,0.1068,96432.76
1766534400,0.1069,0.1072,0.1064,0.107,96486.02
1766538000,0.107,0.1074,0.1064,0.1065,164277.53
1766541600,0.1066,0.1067,0.1053,0.1056,424439
1766545200,0.1055,0.1059,0.105,0.1058,217168.27
1766548800,0.1058,0.1063,0.1052,0.1053,272612.88
1766552400,0.1054,0.1055,0.1046,0.105,516908.29
1766556000,0.1051,0.1053,0.1047,0.1051,211280.44
1766559600,0.1052,0.1053,0.1047,0.1047,168751.07
1766563200,0.1047,0.1051,0.1046,0.1046,103851.24
1766566800,0.1048,0.1051,0.1047,0.105,94470.47
1766570400,0.105,0.1054,0.1049,0.1051,177573.25
1766574000,0.1051,0.1055,0.105,0.1051,628936.48
1766577600,0.1051,0.1056,0.1046,0.1055,977960.64
1766581200,0.1055,0.1055,0.1047,0.1049,353039.32
1766584800,0.1049,0.1058,0.104,0.1054,495543.26
1766588400,0.1055,0.1058,0.1047,0.1055,416057.4
1766592000,0.1056,0.1062,0.105,0.1054,295410.43
1766595600,0.1054,0.1057,0.1052,0.1054,288685.7
1766599200,0.1053,0.1055,0.105,0.1053,360821.9
1766602800,0.1052,0.1057,0.1049,0.1056,387828.19
1766606400,0.1056,0.1061,0.1056,0.1059,783244.83
1766610000,0.1059,0.1061,0.1057,0.1061,188350.22
1766613600,0.1062,0.1069,0.106,0.1069,187338.22
1766617200,0.1069,0.1069,0.1062,0.1064,287856.45
1766620800,0.1064,0.1068,0.1061,0.1062,204024.99
1766624400,0.1062,0.1066,0.1061,0.1065,233969.52
1766628000,0.1065,0.1071,0.1062,0.107,201500.13
1766631600,0.1068,0.107,0.1063,0.1064,164090.15
1766635200,0.1065,0.107,0.1064,0.1068,211667.19
1766638800,0.1068,0.1068,0.1062,0.1062,147700.74
1766642400,0.1061,0.1065,0.1061,0.1064,66887.09
1766646000,0.1064,0.1066,0.106,0.1064,148806.12
1766649600,0.1063,0.1068,0.1059,0.106,284000.75
1766653200,0.106,0.1062,0.1057,0.1058,272860.78
1766656800,0.1058,0.1058,0.1048,0.1052,126530.84
1766660400,0.1053,0.1055,0.1052,0.1052,321769.2
1766664000,0.1052,0.1056,0.1052,0.1055,112220.98
1766667600,0.1054,0.1057,0.1051,0.1052,236045.17
1766671200,0.1052,0.1052,0.1045,0.1046,147661.22
1766674800,0.1045,0.1063,0.1044,0.106,401688.83
1766678400,0.1059,0.1064,0.1055,0.1055,112188.21
1766682000,0.1055,0.1056,0.1052,0.1055,394331.89
1766685600,0.1056,0.1058,0.1055,0.1056,175956.71
1766689200,0.1056,0.1057,0.1052,0.1056,258875.16
1766692800,0.1056,0.1056,0.1053,0.1055,473075.53
1766696400,0.1056,0.1058,0.1055,0.1058,428486.33
1766700000,0.1058,0.1058,0.1032,0.1037,792875.06
1766703600,0.1037,0.1042,0.1025,0.1027,549674.36
1766707200,0.1027,0.103,0.1024,0.1025,534090.41
1766710800,0.1025,0.1034,0.1025,0.1033,394509.42
1766714400,0.1032,0.1065,0.1032,0.1059,326830.17
1766718000,0.106,0.1061,0.1052,0.1055,304460.72
1766721600,0.1053,0.1056,0.1048,0.1053,341618.48
1766725200,0.1052,0.1053,0.1049,0.105,153353.49
1766728800,0.1051,0.1055,0.1047,0.1049,301009.08
1766732400,0.105,0.1053,0.1038,0.1039,383559.99
1766736000,0.104,0.1043,0.1037,0.104,164176.63
1766739600,0.104,0.1044,0.1039,0.1043,117276.52
1766743200,0.1042,0.1043,0.1039,0.1041,124436.37
1766746800,0.1041,0.1045,0.104,0.1044,116365
1766750400,0.1043,0.1051,0.1043,0.1051,221545.62
1766754000,0.1052,0.1056,0.105,0.1054,249411.66
1766757600,0.1054,0.1055,0.103,0.103,315681.98
1766761200,0.1027,0.1036,0.1022,0.1034,164019.66
1766764800,0.1034,0.1036,0.1021,0.1022,102285.36
1766768400,0.1022,0.1032,0.1021,0.1028,492018.66
1766772000,0.1029,0.1034,0.1027,0.1032,374907.79
1766775600,0.1032,0.1041,0.103,0.1038,165160.15
1766779200,0.1038,0.1043,0.1036,0.1041,235264.35
1766782800,0.1041,0.1041,0.1036,0.1036,340868.45
1766786400,0.1037,0.1038,0.1034,0.1036,577232.54
1766790000,0.1035,0.1039,0.1035,0.1036,546166.05
1766793600,0.1036,0.1044,0.1036,0.1041,495979.73
1766797200,0.1041,0.1046,0.1039,0.1046,560344.3
1766800800,0.1046,0.1049,0.1043,0.1048,206514.56
1766804400,0.1049,0.1054,0.1047,0.1052,191337
1766808000,0.1052,0.1053,0.1046,0.1046,3502402.16
1766811600,0.1047,0.1048,0.1042,0.1046,278616.64
1766815200,0.1046,0.1046,0.1044,0.1045,163832.04
1766818800,0.1045,0.1048,0.1044,0.1045,202417.95
1766822400,0.1046,0.1047,0.1043,0.1044,182042.86
1766826000,0.1044,0.1045,0.104,0.104,243093.69
1766829600,0.1041,0.1041,0.1034,0.104,322064.7
1766833200,0.104,0.105,0.1039,0.105,344862.62
1766836800,0.105,0.105,0.1045,0.1046,124483.7
1766840400,0.1046,0.1047,0.1041,0.1042,160661.34
1766844000,0.1041,0.1045,0.1041,0.1044,362877.64
1766847600,0.1045,0.1051,0.1043,0.1049,260694.86
1766851200,0.105,0.1052,0.1047,0.1049,121658.08
1766854800,0.105,0.105,0.1048,0.1049,99185.89
1766858400,0.1049,0.1049,0.1046,0.1048,287951.94
1766862000,0.1047,0.1053,0.1047,0.1053,330484.38
1766865600,0.1053,0.1055,0.105,0.1051,215403.37
1766869200,0.1051,0.1065,0.1051,0.1064,378541.82
1766872800,0.1064,0.1073,0.1057,0.1061,1131894.66
1766876400,0.1061,0.1077,0.1061,0.1077,431818.18
1766880000,0.1077,0.1081,0.1074,0.1076,442935.13
1766883600,0.1077,0.108,0.1075,0.1078,279018.57
1766887200,0.1078,0.1085,0.1078,0.1084,331136.4
1766890800,0.1084,0.1084,0.1074,0.1076,387409.15
1766894400,0.1076,0.1078,0.1073,0.1073,474974.21
1766898000,0.1073,0.1077,0.1071,0.1077,221016.48
1766901600,0.1076,0.1081,0.1074,0.1081,198867.01
1766905200,0.108,0.1083,0.1079,0.1082,230876.49
1766908800,0.108,0.1084,0.108,0.1082,328079.59
1766912400,0.1082,0.1086,0.108,0.1081,359329.28
1766916000,0.1082,0.1086,0.1082,0.1086,182069.63
1766919600,0.1085,0.1086,0.1077,0.1079,192549.27
1766923200,0.1078,0.1079,0.1071,0.1073,320679.04
1766926800,0.1073,0.1074,0.1069,0.1072,197260.34
1766930400,0.1071,0.1076,0.1071,0.1075,187137.63
1766934000,0.1076,0.108,0.1073,0.1074,195035.27
1766937600,0.1074,0.1078,0.1071,0.1076,444330.86
1766941200,0.1075,0.1078,0.1074,0.1077,1058621.21
1766944800,0.1077,0.1077,0.1065,0.1067,1092492.49
1766948400,0.1067,0.107,0.1064,0.1066,849714.39
1766952000,0.1066,0.1067,0.1061,0.1063,393727.46
1766955600,0.1064,0.1067,0.1063,0.1065,383901.78
1766959200,0.1065,0.107,0.1063,0.1069,436326.98
1766962800,0.1071,0.1074,0.1067,0.1073,332407.66
1766966400,0.1073,0.1082,0.1068,0.1079,511598.05
1766970000,0.1078,0.1086,0.1071,0.1083,550584.27
1766973600,0.1084,0.1091,0.1081,0.1085,648883.76
1766977200,0.1084,0.1094,0.1082,0.1092,386466.27
1766980800,0.1094,0.1096,0.1088,0.1091,537059.8
1766984400,0.109,0.1091,0.1083,0.1085,489240.55
1766988000,0.1085,0.1086,0.1079,0.108,418177.13
1766991600,0.108,0.108,0.1073,0.1078,462684.54
1766995200,0.1077,0.108,0.1073,0.1074,336665.82
1766998800,0.1075,0.1077,0.1062,0.1067,560733.51
1767002400,0.1068,0.1071,0.1068,0.107,168753.68
1767006000,0.1069,0.1069,0.1063,0.1063,229229.42
1767009600,0.1064,0.1064,0.1049,0.1056,511676.88
1767013200,0.1057,0.1058,0.105,0.1052,241986.35
1767016800,0.1052,0.1067,0.105,0.1056,474372.39
1767020400,0.1056,0.1066,0.1056,0.106,916664.36
1767024000,0.106,0.106,0.105,0.1052,726780.27
1767027600,0.1052,0.1055,0.1048,0.1055,420966.03
1767031200,0.1053,0.1055,0.1042,0.1043,594174.89
1767034800,0.1041,0.1046,0.1037,0.1039,741439.65
1767038400,0.1039,0.1042,0.1034,0.1036,331283.03
1767042000,0.1037,0.1041,0.1035,0.1039,189573.01
1767045600,0.1038,0.1043,0.1036,0.1042,384435.33
1767049200,0.1042,0.1042,0.1036,0.1038,153549.72
1767052800,0.1038,0.1041,0.1034,0.1037,381987.92
1767056400,0.1036,0.1041,0.1033,0.1037,942527.83
1767060000,0.1036,0.1038,0.1029,0.1031,335100.15
1767063600,0.1032,0.1036,0.1028,0.1036,146073.14
1767067200,0.1035,0.1036,0.1031,0.1031,420245.87
1767070800,0.1031,0.1032,0.1024,0.103,208845.23
1767074400,0.1029,0.1035,0.1029,0.1032,144710.95
1767078000,0.103,0.1034,0.103,0.1031,169073.12
1767081600,0.1033,0.1045,0.1033,0.1036,447974.67
1767085200,0.1037,0.104,0.1034,0.1039,324762.29
1767088800,0.104,0.104,0.1036,0.1036,474567.61
1767092400,0.1038,0.104,0.1035,0.104,138009.14
1767096000,0.1039,0.1043,0.1038,0.104,155057.21
1767099600,0.1039,0.1042,0.1037,0.1037,260942.57
1767103200,0.1036,0.1043,0.1029,0.1039,815727.3
1767106800,0.1038,0.1038,0.1031,0.1038,870901.16
1767110400,0.1038,0.1041,0.1028,0.1031,755849.69
1767114000,0.1032,0.1034,0.1023,0.1025,665125.61
1767117600,0.1024,0.1028,0.1023,0.1025,465321.6
1767121200,0.1025,0.1031,0.1019,0.103,348936.29
1767124800,0.1029,0.1029,0.1021,0.1023,211742.35
1767128400,0.1022,0.1027,0.1021,0.1026,250165.3
1767132000,0.1026,0.1029,0.1024,0.1026,751950.26
1767135600,0.1026,0.103,0.1025,0.1027,498378.8
1767139200,0.1025,0.1027,0.1023,0.1026,304569.72
1767142800,0.1025,0.1034,0.1024,0.103,323737.61
1767146400,0.103,0.1032,0.1024,0.1029,218113.05
1767150000,0.1028,0.103,0.1024,0.1027,102993.97
1767153600,0.1028,0.1028,0.1023,0.1025,101801.43
1767157200,0.1028,0.1031,0.1027,0.1028,508767.1
1767160800,0.1028,0.103,0.1027,0.1028,419955.81
1767164400,0.1027,0.1029,0.1026,0.1028,157382.71
1767168000,0.1028,0.1028,0.102,0.1022,1385093.49
1767171600,0.1022,0.1026,0.1021,0.1024,201673.63
1767175200,0.1024,0.1025,0.102,0.1024,186364.25
1767178800,0.1022,0.1032,0.1022,0.103,244636.64
1767182400,0.103,0.103,0.1023,0.1023,199586.15
1767186000,0.1024,0.1027,0.1023,0.1026,586966.32
1767189600,0.1027,0.103,0.102,0.1022,1101861.85
1767193200,0.1022,0.1023,0.1013,0.1015,455968.76
1767196800,0.1014,0.1018,0.0997,0.1004,2196274.79
1767200400,0.1003,0.1005,0.0997,0.0999,1072893.41
1767204000,0.0998,0.1005,0.0996,0.1001,1619043.73
1767207600,0.1002,0.1009,0.1002,0.1003,2655542.59
1767211200,0.1003,0.1009,0.0998,0.1008,640812.13
1767214800,0.1008,0.1014,0.1006,0.101,268384.64
1767218400,0.101,0.1012,0.0998,0.1004,1839954.36
1767222000,0.1005,0.1007,0.1002,0.1004,736581.89
1767225600,0.1004,0.101,0.1004,0.1004,309697.57
1767229200,0.1004,0.1006,0.0998,0.0999,703443
1767232800,0.0999,0.1,0.0994,0.0997,1563606.63
1767236400,0.0995,0.0995,0.0989,0.099,656241.4
1767240000,0.0989,0.099,0.0983,0.0985,567277.02
1767243600,0.0986,0.0991,0.0986,0.0991,1972263.63
1767247200,0.0991,0.0992,0.0988,0.0989,64051.71
1767250800,0.0989,0.099,0.0987,0.0988,206627.34
1767254400,0.0989,0.0989,0.0985,0.0989,147903.89
1767258000,0.0991,0.0995,0.0989,0.0994,44601.72
1767261600,0.0994,0.1001,0.0994,0.1001,52457.15
1767265200,0.1,0.1,0.0996,0.0999,66201.17
1767268800,0.0999,0.1,0.0994,0.0995,49766.02
1767272400,0.0994,0.1004,0.0994,0.1004,747969.01
1767276000,0.1005,0.1017,0.1003,0.1017,465770.29
1767279600,0.1017,0.1032,0.1017,0.1029,952184.59
1767283200,0.1032,0.1033,0.1022,0.1025,471877.22
1767286800,0.1026,0.1035,0.1026,0.1034,761212.08
1767290400,0.1036,0.1039,0.1033,0.1037,562351.33
1767294000,0.1038,0.1049,0.1036,0.1049,267146.05
1767297600,0.105,0.1055,0.1046,0.1051,345204.28
1767301200,0.1051,0.1052,0.1044,0.1049,380079.27
1767304800,0.105,0.1065,0.105,0.1065,371777.66
1767308400,0.1066,0.1067,0.1059,0.1063,731188.65
1767312000,0.1063,0.1067,0.1058,0.1061,482948.01
1767315600,0.1062,0.1064,0.1056,0.1061,247900.55
1767319200,0.106,0.1067,0.1056,0.1066,391479.6
1767322800,0.1066,0.108,0.1064,0.108,787333.54
1767326400,0.108,0.1082,0.1071,0.1073,266877.1
1767330000,0.1073,0.1076,0.107,0.1076,256217.48
1767333600,0.1077,0.1081,0.1074,0.1078,485675.56
1767337200,0.1081,0.1083,0.1069,0.1069,242739.77
1767340800,0.1069,0.1077,0.1068,0.1077,215915.21
1767344400,0.1077,0.1099,0.1077,0.1097,2398905.69
1767348000,0.1097,0.1099,0.1092,0.1098,397027.92
1767351600,0.1097,0.1097,0.1083,0.1086,228885.81
1767355200,0.1085,0.1099,0.1083,0.1099,1190723.29
1767358800,0.1097,0.1105,0.1097,0.1101,2325467.48
1767362400,0.1103,0.1115,0.1085,0.1106,2053684.97
1767366000,0.1107,0.1108,0.109,0.1101,854602.17
1767369600,0.11,0.1127,0.1096,0.1127,821502.94
1767373200,0.1128,0.1132,0.1117,0.1121,501407.99
1767376800,0.1121,0.1124,0.1108,0.1112,254914.37
1767380400,0.1113,0.1123,0.1111,0.1121,432894.96
1767384000,0.1121,0.1124,0.1118,0.112,209076.57
1767387600,0.112,0.1131,0.112,0.1129,514417.51
1767391200,0.1128,0.1138,0.1127,0.1133,908019.22
1767394800,0.1133,0.1136,0.113,0.1134,212142.35
1767398400,0.1135,0.1142,0.1135,0.1135,507897.26
1767402000,0.1135,0.114,0.1134,0.1139,92604.32
1767405600,0.1139,0.1149,0.1134,0.1149,116523.64
1767409200,0.1149,0.1167,0.1147,0.1165,387838.69
1767412800,0.1164,0.1165,0.1155,0.1157,331696.45
1767416400,0.1158,0.116,0.1146,0.1153,436006.91
1767420000,0.1155,0.116,0.1134,0.1137,826150.93
1767423600,0.1136,0.1138,0.1114,0.1116,619487.43
1767427200,0.1116,0.1124,0.1113,0.1123,115145.58
1767430800,0.1124,0.1134,0.1121,0.113,172276.49
1767434400,0.113,0.1131,0.1124,0.1129,84551.76
1767438000,0.1126,0.113,0.1125,0.1129,110730.3
1767441600,0.1128,0.114,0.1124,0.114,47453.38
1767445200,0.114,0.1142,0.1136,0.1139,185098.46
1767448800,0.1137,0.1142,0.1136,0.1138,30141.25
1767452400,0.1137,0.1139,0.1131,0.1131,123023.82
1767456000,0.1132,0.1151,0.1131,0.1149,130789.01
1767459600,0.115,0.1155,0.1146,0.1151,91352.81
1767463200,0.1151,0.1157,0.1143,0.1155,78130.14
1767466800,0.1155,0.1158,0.115,0.1152,167597.73
1767470400,0.1151,0.1151,0.1143,0.1147,183504.91
1767474000,0.1146,0.1152,0.1145,0.1147,141026.07
1767477600,0.1148,0.1159,0.1146,0.1157,822337.27
1767481200,0.1158,0.1159,0.1154,0.1154,345268.27
1767484800,0.1154,0.1169,0.1154,0.1167,433549.06
1767488400,0.1167,0.1169,0.1161,0.1166,37466.98
1767492000,0.1165,0.1172,0.1165,0.117,97277.16
1767495600,0.1169,0.1183,0.1169,0.118,360983.82
1767499200,0.118,0.1184,0.1177,0.1179,321518.41
1767502800,0.1178,0.1189,0.1177,0.1189,693230.62
1767506400,0.1189,0.1192,0.1175,0.1178,273546.7
1767510000,0.1178,0.1192,0.1176,0.1186,202468.35
1767513600,0.1186,0.1191,0.1175,0.1191,520674.81
1767517200,0.1191,0.1198,0.1184,0.1196,230434.81
1767520800,0.1196,0.1201,0.1194,0.12,485307.24
1767524400,0.12,0.1202,0.1195,0.1199,199519.85
1767528000,0.1198,0.1211,0.1197,0.1202,511639.78
1767531600,0.12,0.1203,0.1189,0.1201,818043.97
1767535200,0.12,0.1206,0.1196,0.1205,210643.18
1767538800,0.1207,0.1214,0.1201,0.1211,188555.18
1767542400,0.1211,0.1231,0.121,0.1229,335303.71
1767546000,0.1229,0.1231,0.1224,0.1228,320279.36
1767549600,0.1228,0.1229,0.1208,0.1213,259208.31
1767553200,0.1212,0.1212,0.1196,0.1206,339815.22
1767556800,0.1205,0.1216,0.1204,0.1213,86892.85
1767560400,0.1214,0.1221,0.1205,0.1211,207308.8
1767564000,0.121,0.1217,0.1208,0.1216,273136.65
1767567600,0.1217,0.1226,0.1211,0.1215,416654.45
1767571200,0.1214,0.1224,0.1208,0.1219,558091.22
1767574800,0.1218,0.124,0.1214,0.1237,345374.4
1767578400,0.1239,0.124,0.1223,0.1231,157928.5
1767582000,0.1231,0.1232,0.1223,0.1227,211135.07
1767585600,0.1228,0.1228,0.1203,0.1204,331145.65
1767589200,0.1202,0.1211,0.1201,0.1202,207241.41
1767592800,0.1203,0.1206,0.1192,0.12,255060.88
1767596400,0.1201,0.1212,0.1197,0.1209,53286.12
1767600000,0.121,0.1213,0.1202,0.1204,393309.47
1767603600,0.1204,0.1206,0.1194,0.1199,237653.79
1767607200,0.12,0.1206,0.1193,0.1198,145179.42
1767610800,0.1197,0.121,0.1189,0.1208,491126.51
1767614400,0.1209,0.121,0.1196,0.121,423862.39
1767618000,0.1209,0.1219,0.1205,0.1208,599133.39
1767621600,0.1208,0.1228,0.1205,0.1225,709740.61
1767625200,0.1225,0.1232,0.1214,0.1231,586377.8
1767628800,0.1231,0.1237,0.1227,0.1233,517850.03
1767632400,0.1234,0.1254,0.1226,0.1251,671147.12
1767636000,0.125,0.1254,0.1239,0.125,580017.02
1767639600,0.125,0.1254,0.1241,0.1245,758464.47
1767643200,0.1245,0.1256,0.1241,0.1246,711706.17
1767646800,0.1246,0.1251,0.1241,0.1249,337394.58
1767650400,0.1249,0.1262,0.1247,0.1257,1276598.08
1767654000,0.1255,0.1257,0.125,0.1251,119351.39
1767657600,0.1252,0.1256,0.1239,0.1251,612637.17
1767661200,0.1252,0.1259,0.1248,0.1251,1108014.05
1767664800,0.1251,0.1258,0.1249,0.1254,304132.22
1767668400,0.1255,0.1268,0.1255,0.1266,1436032.51
1767672000,0.1268,0.1271,0.1263,0.1269,997361.73
1767675600,0.1268,0.1273,0.1266,0.1271,516439.33
1767679200,0.127,0.1273,0.1259,0.1265,1223391.52
1767682800,0.1267,0.1268,0.1253,0.1258,491899.65
1767686400,0.1256,0.127,0.1253,0.1256,528677.6
1767690000,0.1257,0.1262,0.1256,0.1259,186403.77
1767693600,0.126,0.1262,0.1258,0.126,417021.62
1767697200,0.1261,0.1268,0.1261,0.1267,916277.05
1767700800,0.1267,0.1278,0.1266,0.1275,332340.77
1767704400,0.1275,0.1285,0.1272,0.1284,315858.57
1767708000,0.1285,0.1325,0.1285,0.1316,3157084.57
1767711600,0.1314,0.1336,0.1295,0.1304,1900124.74
1767715200,0.1304,0.133,0.1278,0.128,3807352.6
1767718800,0.1276,0.1278,0.1243,0.1243,1127399.07
1767722400,0.1246,0.126,0.1246,0.1256,613618.07
1767726000,0.1256,0.1258,0.1251,0.1254,591858.45
1767729600,0.1254,0.128,0.1254,0.1277,614090.06
1767733200,0.1277,0.1292,0.1264,0.1285,718796.58
1767736800,0.1288,0.1289,0.1271,0.1275,454089.69
1767740400,0.1275,0.1285,0.1275,0.1281,258642.78
1767744000,0.128,0.1285,0.1258,0.1258,172890.54
1767747600,0.126,0.1265,0.1255,0.1259,782481.17
1767751200,0.1259,0.1264,0.1255,0.1263,215192.43
1767754800,0.1262,0.1272,0.1261,0.1262,242901.75
1767758400,0.1262,0.1266,0.1261,0.1261,66587.32
1767762000,0.1262,0.127,0.126,0.1264,679738.14
1767765600,0.1264,0.1267,0.1262,0.1266,406292.37
1767769200,0.1267,0.1288,0.1267,0.1288,178255.95
1767772800,0.1286,0.1308,0.1286,0.1303,396244.42
1767776400,0.1305,0.1306,0.1267,0.1269,457149.52
1767780000,0.1268,0.1277,0.1268,0.1272,334931.97
1767783600,0.1271,0.129,0.1271,0.1289,618945
1767787200,0.1287,0.129,0.1275,0.1284,637866.78
1767790800,0.1284,0.129,0.1261,0.1265,863419.7
1767794400,0.1265,0.1266,0.1252,0.1263,850496.44
1767798000,0.1262,0.1263,0.1247,0.1257,1859218.01
1767801600,0.1257,0.1276,0.1257,0.1267,375412.17
1767805200,0.1265,0.1286,0.1265,0.1266,492562.89
1767808800,0.1268,0.1274,0.1255,0.1258,860707.84
1767812400,0.1259,0.1264,0.1252,0.1262,619102.96
1767816000,0.1262,0.1266,0.1257,0.1265,263632.89
1767819600,0.1266,0.128,0.1265,0.1276,641688.5
1767823200,0.1278,0.1296,0.1276,0.1283,642520.89
1767826800,0.1283,0.1293,0.1275,0.128,381696.18
1767830400,0.1281,0.1297,0.1276,0.1294,679727.48
1767834000,0.1295,0.13,0.1288,0.1297,527180.48
1767837600,0.1296,0.1297,0.1282,0.1288,150929.23
1767841200,0.1288,0.1301,0.1276,0.1276,264879.18
1767844800,0.1278,0.1295,0.1275,0.1286,239493.54
1767848400,0.1284,0.1301,0.1284,0.1287,350845.81
1767852000,0.1286,0.1286,0.1252,0.1252,662033.21
1767855600,0.1251,0.1271,0.1242,0.1268,342361.31
1767859200,0.1271,0.1276,0.1263,0.1272,133810.28
1767862800,0.1272,0.1279,0.1262,0.1262,208669.83
1767866400,0.126,0.1309,0.1259,0.1307,673794.44
1767870000,0.1309,0.131,0.1292,0.1298,663921.9
1767873600,0.1301,0.1304,0.1274,0.1274,618961.04
1767877200,0.1278,0.1281,0.1266,0.1276,1014850.86
1767880800,0.1271,0.1299,0.1271,0.1284,1950231.11
1767884400,0.1283,0.1341,0.1278,0.134,3794507.35
1767888000,0.134,0.1353,0.1307,0.1339,2043990.96
1767891600,0.1339,0.1346,0.1327,0.1343,510725.57
1767895200,0.1342,0.1346,0.1333,0.1337,458301.97
1767898800,0.1336,0.1383,0.1331,0.137,3147163.24
1767902400,0.1371,0.1373,0.1338,0.1341,1234529.59
1767906000,0.134,0.1359,0.1337,0.1357,917973.3
1767909600,0.1357,0.1378,0.1353,0.1371,894739.63
1767913200,0.137,0.137,0.1354,0.1358,1304812.5
1767916800,0.1359,0.1387,0.1356,0.1383,925075.92
1767920400,0.1384,0.14,0.1373,0.1382,1062653.97
1767924000,0.138,0.1403,0.1376,0.1391,933636.31
1767927600,0.1393,0.1414,0.139,0.1411,946214.06
1767931200,0.1411,0.1431,0.1408,0.1425,2261810.06
1767934800,0.1425,0.1461,0.1425,0.1459,3533946.55
1767938400,0.1459,0.1485,0.1449,0.1481,3853956.59
1767942000,0.148,0.1509,0.1479,0.1485,2387683.15
1767945600,0.1486,0.149,0.1429,0.1443,2427497.34
1767949200,0.1444,0.1451,0.1415,0.1442,1416745.99
1767952800,0.1445,0.147,0.1436,0.1462,1085739.53
1767956400,0.1462,0.1471,0.1438,0.1439,1093350.84
1767960000,0.144,0.1464,0.1425,0.1446,1171881.41
1767963600,0.1451,0.1537,0.1449,0.1533,2982992.95
1767967200,0.153,0.153,0.149,0.1522,3060315.49
1767970800,0.152,0.1595,0.1475,0.1581,5298519.65
1767974400,0.1582,0.16,0.1523,0.1531,3370186.98
1767978000,0.1532,0.1566,0.1518,0.1532,4511104.94
1767981600,0.1531,0.1552,0.1521,0.1538,1316529.99
1767985200,0.1538,0.1538,0.1504,0.1514,1176566.52
1767988800,0.1516,0.1527,0.1508,0.151,782455.3
1767992400,0.1511,0.1545,0.1505,0.1534,1795080.55
1767996000,0.1535,0.1558,0.1529,0.1552,1715938.74
1767999600,0.1554,0.1581,0.155,0.1556,2132355.74
1768003200,0.1555,0.1569,0.1541,0.1561,2026824.06
1768006800,0.1563,0.1606,0.1561,0.1595,2690940.82
1768010400,0.1593,0.16,0.1565,0.1572,1246972.22
1768014000,0.1571,0.1616,0.1563,0.1604,1705140.93
1768017600,0.1601,0.1616,0.1585,0.1605,2960870.45
1768021200,0.1605,0.1652,0.1604,0.1644,3364752.3
1768024800,0.1641,0.1718,0.164,0.1717,3688449.31
1768028400,0.1714,0.174,0.1665,0.1684,6283149.45
1768032000,0.1686,0.1729,0.1669,0.1721,2579538.4
1768035600,0.1721,0.1756,0.1665,0.1665,3555663.54
1768039200,0.1665,0.1717,0.1656,0.1706,3803745.27
1768042800,0.1707,0.1736,0.169,0.172,2945666.38
1768046400,0.1719,0.177,0.1703,0.1769,2743138.22
1768050000,0.1769,0.1786,0.1736,0.1741,3718979.69
1768053600,0.1744,0.1751,0.1715,0.1725,1635851.68
1768057200,0.1725,0.1777,0.1725,0.1763,2279133.72
1768060800,0.1762,0.1785,0.1747,0.1755,2839253.63
1768064400,0.1753,0.1782,0.1751,0.1766,1273969.07
1768068000,0.1763,0.1815,0.1762,0.1813,2539074.67
1768071600,0.1815,0.1864,0.1803,0.1806,7895654.68
1768075200,0.1808,0.1849,0.1802,0.1828,4195699.15
1768078800,0.1828,0.1864,0.181,0.1814,5468628.88
1768082400,0.1812,0.1853,0.1758,0.1768,5300766.7
1768086000,0.1768,0.179,0.1754,0.1774,3248913.04
1768089600,0.1775,0.1804,0.1757,0.1762,2553625.96
1768093200,0.1762,0.1763,0.1729,0.1743,3190945.43
1768096800,0.1744,0.1749,0.1713,0.1714,4284344.73
1768100400,0.1715,0.1788,0.1708,0.178,4499427.72
1768104000,0.1777,0.1853,0.1776,0.1841,5289904.87
1768107600,0.1842,0.1852,0.1759,0.1764,4326576.86
1768111200,0.1765,0.1802,0.1743,0.1774,2607289.6
1768114800,0.1777,0.1806,0.1773,0.1795,1808437.78
1768118400,0.1793,0.1811,0.1733,0.1736,2597135.5
1768122000,0.1735,0.1737,0.1713,0.1721,2826206.8
1768125600,0.1722,0.173,0.1713,0.1718,1132902.82
1768129200,0.1716,0.1749,0.1699,0.1726,2611386.46
1768132800,0.1725,0.1731,0.1702,0.1709,1648912.16
1768136400,0.1711,0.1715,0.1678,0.1695,1796754.61
1768140000,0.1695,0.1698,0.166,0.1666,3188552.24
1768143600,0.1667,0.1667,0.1622,0.1624,3411026.22
1768147200,0.1624,0.1665,0.1615,0.1664,2890242.91
1768150800,0.1663,0.1722,0.1656,0.1702,4689678.45
1768154400,0.1701,0.1707,0.1681,0.1687,698251.35
1768158000,0.1688,0.1689,0.1677,0.168,1966500.51
1768161600,0.1679,0.1679,0.1656,0.1664,1760968.01
1768165200,0.1664,0.1664,0.1641,0.1647,2388519.92
1768168800,0.1645,0.1645,0.1629,0.163,890347.29
1768172400,0.163,0.1647,0.1618,0.1636,1849403.65
1768176000,0.1637,0.1653,0.1602,0.1624,1675936.22
1768179600,0.1625,0.164,0.16,0.1605,1243029.79
1768183200,0.1605,0.1627,0.1603,0.1621,2462345.69
1768186800,0.1621,0.1628,0.1592,0.1597,2185649.8
1768190400,0.1597,0.1602,0.1577,0.1594,2370113.48
1768194000,0.1594,0.1595,0.1544,0.1553,1745914.11
1768197600,0.1553,0.1555,0.1517,0.1525,1205544.8
1768201200,0.1525,0.1561,0.1516,0.1556,2296813.26
1768204800,0.1555,0.1605,0.1552,0.1591,2403418.81
1768208400,0.1598,0.1598,0.1549,0.1562,1895120.28
1768212000,0.156,0.1586,0.1531,0.1541,1733330.78
1768215600,0.1541,0.1564,0.1534,0.1557,1583629.17
1768219200,0.1557,0.1558,0.1521,0.153,1515982.99
1768222800,0.153,0.153,0.1506,0.1508,1377311.49
1768226400,0.1508,0.1533,0.1507,0.1531,1529190.49
1768230000,0.1531,0.1575,0.1529,0.1572,1478612.41
1768233600,0.1572,0.1572,0.1542,0.1546,1656042.84
1768237200,0.1547,0.1552,0.1524,0.1527,1284609.38
1768240800,0.1528,0.1541,0.1522,0.1528,623988.79
1768244400,0.1526,0.155,0.1525,0.1543,888194.17
1768248000,0.1543,0.1548,0.153,0.1539,889903.59
1768251600,0.1539,0.1569,0.1536,0.1559,1581739.43
1768255200,0.156,0.156,0.1497,0.1521,6247325.28
1768258800,0.152,0.152,0.1499,0.1506,1053717.08
1768262400,0.1506,0.1524,0.1505,0.1516,852528.14
1768266000,0.1516,0.1532,0.1484,0.1497,3148745.67
1768269600,0.1498,0.1537,0.1497,0.151,1584758.35
1768273200,0.1511,0.1533,0.1504,0.1523,623640.12
1768276800,0.1524,0.153,0.1512,0.1516,338831.3
1768280400,0.1516,0.153,0.1511,0.1516,773832.57
1768284000,0.1516,0.1518,0.1508,0.1513,483722.96
1768287600,0.1512,0.1524,0.1505,0.1517,677421.71
1768291200,0.1517,0.1526,0.1511,0.152,342526.63
1768294800,0.152,0.153,0.1507,0.1516,881097.28
1768298400,0.1515,0.1521,0.1502,0.1504,975509.65
1768302000,0.1502,0.1507,0.1494,0.1495,590178.24
1768305600,0.1496,0.1504,0.1481,0.1502,4084004.45
1768309200,0.1502,0.1529,0.1501,0.1508,1424085.13
1768312800,0.1507,0.1538,0.1502,0.1517,957407.5
1768316400,0.1516,0.1553,0.151,0.1551,1476973.52
1768320000,0.1552,0.1624,0.155,0.1575,6192307.77
1768323600,0.1579,0.1585,0.1551,0.156,2935301.67
1768327200,0.1558,0.1613,0.1558,0.159,3741344.49
1768330800,0.1589,0.1616,0.1568,0.1609,1634031.74
1768334400,0.161,0.1611,0.1563,0.1567,3095865.06
1768338000,0.1568,0.1574,0.1561,0.1561,1309849.66
1768341600,0.1563,0.1609,0.1561,0.1583,2549546.78
1768345200,0.1585,0.1591,0.1567,0.1575,1419183.08
1768348800,0.1576,0.1612,0.1562,0.1596,2322775.15
1768352400,0.1595,0.1602,0.1583,0.1591,866531.96
1768356000,0.1591,0.1594,0.1574,0.1579,1003063.6
1768359600,0.1577,0.1587,0.1575,0.1583,454427.95
1768363200,0.1582,0.1599,0.157,0.1593,1502302.22
1768366800,0.1591,0.1656,0.1583,0.1649,2348719.32
1768370400,0.1648,0.1674,0.1618,0.1622,3007587.06
1768374000,0.1621,0.165,0.1613,0.164,948863.32
1768377600,0.1641,0.1647,0.1606,0.1606,711059.47
1768381200,0.1609,0.1631,0.1593,0.1612,1184999.22
1768384800,0.1612,0.1618,0.1586,0.1597,385940.71
1768388400,0.1598,0.1601,0.157,0.1575,1128261.59
1768392000,0.1573,0.1582,0.156,0.1563,777545.68
1768395600,0.1563,0.157,0.1555,0.1564,905688.86
1768399200,0.1563,0.1587,0.1563,0.1578,1228603.16
1768402800,0.1576,0.1597,0.157,0.1591,1146122.07
1768406400,0.1589,0.161,0.1588,0.1591,1133718.17
1768410000,0.1589,0.1604,0.158,0.1585,1087980.31
1768413600,0.1584,0.1585,0.1565,0.1576,1001605.36
1768417200,0.1575,0.1582,0.1564,0.1566,1544668.39
1768420800,0.1565,0.1576,0.1559,0.1567,344564
1768424400,0.1564,0.1566,0.1547,0.1558,1579922.59
1768428000,0.1559,0.1565,0.1544,0.1552,1379399.42
1768431600,0.1552,0.1564,0.1543,0.1554,459158.78
1768435200,0.1554,0.1577,0.155,0.1562,950479.59
1768438800,0.1562,0.1581,0.1562,0.1571,437130.56
1768442400,0.1572,0.1616,0.1566,0.159,1616807.72
1768446000,0.159,0.1604,0.156,0.1574,1143064.75
1768449600,0.1573,0.1584,0.1543,0.1548,741125.45
1768453200,0.1547,0.1554,0.1538,0.1543,662732.91
1768456800,0.1543,0.1543,0.1518,0.1519,1730877.87
1768460400,0.1518,0.1555,0.1516,0.1544,1348860.63
1768464000,0.1543,0.1544,0.1521,0.1534,1131475.35
1768467600,0.1533,0.1561,0.1524,0.155,649624.92
1768471200,0.1551,0.1555,0.154,0.1542,332380.52
1768474800,0.154,0.1548,0.1531,0.1548,667252.1
1768478400,0.1548,0.1586,0.1547,0.158,1441158.6
1768482000,0.1579,0.1583,0.1559,0.156,977311.64
1768485600,0.1561,0.157,0.1537,0.155,639696.1
1768489200,0.1549,0.1553,0.1502,0.1532,966340.37
1768492800,0.1532,0.1538,0.1513,0.1527,836438.3
1768496400,0.1527,0.1532,0.1507,0.1509,629077.11
1768500000,0.151,0.1517,0.1498,0.1504,918859.6
1768503600,0.1504,0.1518,0.1492,0.1517,1004862.23
1768507200,0.1517,0.1523,0.1484,0.1486,1753387.51
1768510800,0.1486,0.1496,0.1486,0.1496,389747.29
1768514400,0.1496,0.1504,0.1492,0.15,376306.38
1768518000,0.15,0.1506,0.1487,0.1493,167514.04
1768521600,0.1493,0.1502,0.149,0.1498,274399.11
1768525200,0.1497,0.1505,0.1493,0.1495,347498.05
1768528800,0.1494,0.1494,0.1476,0.149,1268436.8
1768532400,0.1489,0.1492,0.1477,0.1479,788741.57
1768536000,0.1479,0.1482,0.1466,0.1471,2191252.64
1768539600,0.1471,0.1483,0.1468,0.1475,830742.95
1768543200,0.1476,0.1487,0.1472,0.1484,689050.15
1768546800,0.1484,0.1487,0.1475,0.1484,373543.95
1768550400,0.1484,0.1484,0.1473,0.1474,892541.14
1768554000,0.1474,0.1479,0.1472,0.1478,662607.46
1768557600,0.1478,0.1478,0.1445,0.145,1858948.26
1768561200,0.145,0.1452,0.1442,0.1445,963661.5
1768564800,0.1445,0.1445,0.1429,0.1434,1798768.84
1768568400,0.1434,0.1437,0.1419,0.1426,1414667.35
1768572000,0.1426,0.1436,0.1422,0.1427,1462948.31
1768575600,0.1426,0.1436,0.1387,0.1391,3234645.39
1768579200,0.139,0.1413,0.1384,0.1407,2773863.05
1768582800,0.1406,0.1408,0.1392,0.1404,1408857.82
1768586400,0.1405,0.1414,0.1401,0.1404,1860442.82
1768590000,0.1405,0.1414,0.1398,0.1412,1082881.32
1768593600,0.1413,0.1436,0.1408,0.1436,1583232.98
1768597200,0.1436,0.1506,0.1434,0.1464,908164.46
1768600800,0.1463,0.1463,0.1445,0.1452,932708.62
1768604400,0.1452,0.1454,0.1441,0.1445,1044241.41
1768608000,0.1446,0.1458,0.1441,0.1455,890370.15
1768611600,0.1455,0.1465,0.1451,0.1455,771228.4
1768615200,0.1455,0.1462,0.1445,0.1449,678277.72
1768618800,0.1449,0.1456,0.1444,0.1448,376086.55
1768622400,0.1447,0.1456,0.1445,0.1451,335791.64
1768626000,0.1451,0.1455,0.1448,0.1449,238318.8
1768629600,0.1449,0.146,0.1447,0.1455,229428.03
1768633200,0.1454,0.1466,0.1448,0.1461,461602.15
1768636800,0.1461,0.1466,0.1451,0.1465,391178.07
1768640400,0.1464,0.1474,0.1459,0.1465,1122601.72
1768644000,0.1464,0.1488,0.1463,0.1483,546754.75
1768647600,0.1483,0.1494,0.1468,0.1469,954529.8
1768651200,0.1469,0.1487,0.1456,0.1465,806057.05
1768654800,0.1465,0.1469,0.1459,0.1464,640325.54
1768658400,0.1464,0.1483,0.1457,0.148,1281742.72
1768662000,0.1479,0.1483,0.1468,0.1475,469105.84
1768665600,0.1474,0.1478,0.1459,0.1472,618312.05
1768669200,0.147,0.1475,0.1463,0.1466,609313.98
1768672800,0.1467,0.1472,0.1462,0.1468,546730.01
1768676400,0.1468,0.1469,0.1456,0.1463,698857.57
1768680000,0.1463,0.1467,0.1457,0.1458,622448.77
1768683600,0.1458,0.1461,0.1454,0.1456,806905.42
1768687200,0.1456,0.1458,0.144,0.1444,817974.69
1768690800,0.1444,0.1452,0.1444,0.1451,534288.34
1768694400,0.145,0.1467,0.1448,0.1451,876154.1
1768698000,0.1451,0.1454,0.1436,0.1441,445181.18
1768701600,0.1442,0.1446,0.1435,0.1438,774024.16
1768705200,0.1438,0.1442,0.1433,0.1434,696705.27
1768708800,0.1433,0.1436,0.1428,0.1435,609470.72
1768712400,0.1435,0.1435,0.1427,0.1432,321981.55
1768716000,0.1431,0.1434,0.1427,0.1429,214546.28
1768719600,0.1428,0.1434,0.1422,0.1425,618717.57
1768723200,0.1425,0.1429,0.142,0.1421,495592.98
1768726800,0.1421,0.1424,0.1418,0.1422,735089.52
1768730400,0.1422,0.1423,0.1417,0.1418,555813.97
1768734000,0.1417,0.1421,0.1413,0.1418,584952.27
1768737600,0.1418,0.1431,0.1416,0.1419,461694.58
1768741200,0.142,0.1431,0.1416,0.1431,905260.24
1768744800,0.1429,0.1439,0.1426,0.1427,1199959.96
1768748400,0.1428,0.1444,0.1424,0.1441,864657.21
1768752000,0.144,0.1451,0.1437,0.1438,530776.42
1768755600,0.1438,0.1447,0.1432,0.1438,1004924.06
1768759200,0.1437,0.1445,0.1434,0.1442,553119.64
1768762800,0.1442,0.1444,0.1426,0.1429,733124.03
1768766400,0.1429,0.1442,0.1425,0.1434,556164.39
1768770000,0.1433,0.1436,0.1429,0.1433,336724.4
1768773600,0.1433,0.1438,0.1428,0.1436,445174.14
1768777200,0.1435,0.1435,0.1375,0.1378,2560018.31
1768780800,0.1379,0.1379,0.1262,0.134,4543589.22
1768784400,0.1339,0.1352,0.1333,0.1347,540659.11
1768788000,0.1347,0.1359,0.1346,0.1351,443306.17
1768791600,0.1351,0.1404,0.135,0.1392,756259.73
1768795200,0.1392,0.1404,0.1378,0.1393,1149068.65
1768798800,0.1394,0.1401,0.1382,0.1384,621262.46
1768802400,0.1383,0.1385,0.137,0.1371,421093.26
1768806000,0.137,0.1373,0.1363,0.1363,544196.15
1768809600,0.1362,0.1396,0.136,0.1388,887450.56
1768813200,0.1387,0.139,0.1364,0.1364,733207.36
1768816800,0.1364,0.1364,0.135,0.1356,588009.68
1768820400,0.1357,0.1366,0.1353,0.1356,638226.76
1768824000,0.1355,0.1356,0.1342,0.1344,630306.68
1768827600,0.1344,0.1348,0.1339,0.1343,487290.36
1768831200,0.1343,0.1355,0.134,0.135,405787.34
1768834800,0.135,0.136,0.1346,0.1356,719383.49
1768838400,0.1355,0.1369,0.1353,0.1365,537849.26
1768842000,0.1364,0.1367,0.1358,0.1364,434688.89
1768845600,0.1363,0.1364,0.1354,0.1359,667116.22
1768849200,0.136,0.1374,0.136,0.1371,354556.4
1768852800,0.137,0.1375,0.1364,0.1368,574203.52
1768856400,0.1369,0.137,0.1356,0.1356,264551.3
1768860000,0.1356,0.136,0.1349,0.135,643474.92
1768863600,0.1351,0.1371,0.1347,0.136,596411.61
1768867200,0.1361,0.1366,0.1356,0.1358,339352.7
1768870800,0.1358,0.1367,0.135,0.1364,403561.07
1768874400,0.1364,0.1371,0.1357,0.137,339453.97
1768878000,0.1371,0.1371,0.1356,0.1356,381930.17
1768881600,0.1355,0.1358,0.1352,0.1354,459684.06
1768885200,0.1353,0.1361,0.1346,0.1352,870648.22
1768888800,0.1351,0.1353,0.1331,0.1333,542394.88
1768892400,0.1333,0.1342,0.1328,0.1328,392128.16
1768896000,0.1329,0.1331,0.1311,0.1314,734675.48
1768899600,0.1314,0.1325,0.1313,0.1323,177689.43
1768903200,0.1323,0.1337,0.1322,0.1328,525305.14
1768906800,0.1329,0.133,0.1315,0.1317,382933.06
1768910400,0.1318,0.1324,0.1315,0.1319,827454.8
1768914000,0.1319,0.1321,0.1309,0.131,443005.17
1768917600,0.131,0.1332,0.131,0.1322,581819.67
1768921200,0.1324,0.1324,0.1306,0.1315,785420
1768924800,0.1314,0.1321,0.13,0.1305,562140.53
1768928400,0.1304,0.1314,0.1291,0.1297,1717445.12
1768932000,0.13,0.1304,0.1289,0.1296,799251.81
1768935600,0.1297,0.1303,0.1293,0.1296,348028.75
1768939200,0.1295,0.1311,0.1291,0.1309,434010.07
1768942800,0.1308,0.131,0.13,0.1305,315564.17
1768946400,0.1305,0.1312,0.129,0.1306,626103.21
1768950000,0.1305,0.1311,0.1299,0.1308,588073.68
1768953600,0.1308,0.1334,0.1308,0.1334,977689.9
1768957200,0.1333,0.1342,0.1331,0.1337,1744227.73
1768960800,0.1338,0.1354,0.1338,0.1347,543672.18
1768964400,0.1347,0.135,0.134,0.1341,571758.5
1768968000,0.1341,0.1352,0.1341,0.1343,303223.48
1768971600,0.1345,0.1347,0.1334,0.1337,491493.17
1768975200,0.1338,0.1338,0.133,0.1331,372112.1
1768978800,0.1331,0.1333,0.1317,0.1319,610440
1768982400,0.132,0.1324,0.1312,0.132,340040.24
1768986000,0.132,0.1326,0.1316,0.1326,141738.77
1768989600,0.1325,0.1335,0.1324,0.133,270046.12
1768993200,0.133,0.1338,0.1321,0.1323,298365.34
1768996800,0.1322,0.1329,0.1309,0.1327,565122.28
1769000400,0.1328,0.1336,0.1317,0.1319,476075.38
1769004000,0.1321,0.136,0.1321,0.1359,1725154.94
1769007600,0.1359,0.1399,0.1356,0.1399,2028691.31
1769011200,0.1398,0.141,0.1341,0.1345,2807658.82
1769014800,0.1347,0.1358,0.1322,0.1331,1408594.45
1769018400,0.1334,0.1354,0.1326,0.1344,673314.27
1769022000,0.1343,0.1378,0.1329,0.1378,888173.85
1769025600,0.1377,0.1386,0.1354,0.1379,1428528.15
1769029200,0.1378,0.1389,0.1376,0.1381,690951.76
1769032800,0.1379,0.1382,0.1358,0.1358,571989.1
1769036400,0.1358,0.1363,0.1337,0.1347,841048.27
1769040000,0.1345,0.1366,0.1345,0.1355,520294.96
1769043600,0.1354,0.1362,0.1352,0.1361,413068.5
1769047200,0.1359,0.1366,0.1356,0.1358,275655.95
1769050800,0.1357,0.1366,0.1355,0.1361,522566.26
1769054400,0.1361,0.137,0.1359,0.1365,305758.62
1769058000,0.1365,0.1373,0.1357,0.1364,540798.77
1769061600,0.1364,0.1365,0.1353,0.1356,427018.62
1769065200,0.1357,0.1358,0.1343,0.1343,475434.36
1769068800,0.1344,0.1354,0.1344,0.1353,332274.97
1769072400,0.1352,0.1366,0.1352,0.136,534903.23
1769076000,0.136,0.1362,0.1356,0.1359,409786.6
1769079600,0.1358,0.1359,0.134,0.1341,322106.65
1769083200,0.1341,0.1346,0.131,0.1323,874598.86
1769086800,0.1324,0.133,0.1311,0.1319,652169.32
1769090400,0.1318,0.1327,0.13,0.1301,2195817.97
1769094000,0.1301,0.1314,0.1295,0.1307,865003.25
1769097600,0.1308,0.1315,0.1301,0.1315,505506.4
1769101200,0.1314,0.1327,0.1304,0.1324,743665.85
1769104800,0.1324,0.1331,0.1321,0.1325,1046834.86
1769108400,0.1325,0.1347,0.1321,0.134,639520.12
1769112000,0.134,0.1346,0.1329,0.1337,808556.92
1769115600,0.1337,0.1347,0.1324,0.1324,782422.69
1769119200,0.1324,0.133,0.1318,0.1323,716173.23
1769122800,0.1322,0.1329,0.132,0.1327,403775.47
1769126400,0.1327,0.133,0.1321,0.1325,442399.92
1769130000,0.1325,0.1341,0.1325,0.134,398314.51
1769133600,0.1339,0.1339,0.133,0.1331,403330.34
1769137200,0.1331,0.1346,0.133,0.134,317543.63
1769140800,0.1339,0.1348,0.1339,0.1345,365569.75
1769144400,0.1345,0.1345,0.132,0.1329,631579.55
1769148000,0.1329,0.1333,0.1317,0.1319,565006.38
1769151600,0.1319,0.1329,0.1316,0.1326,419455.01
1769155200,0.1326,0.1326,0.1312,0.1316,279624.19
1769158800,0.1316,0.1322,0.1313,0.1319,298390.91
1769162400,0.132,0.1321,0.1314,0.132,761036.62
1769166000,0.1319,0.1329,0.1319,0.1323,410925.53
1769169600,0.1323,0.1323,0.1315,0.1318,214570.05
1769173200,0.1319,0.1323,0.1293,0.1295,1304549.57
1769176800,0.1295,0.1295,0.1273,0.1281,2646226.86
1769180400,0.128,0.1301,0.1277,0.1301,559351.25
1769184000,0.13,0.1309,0.1288,0.1297,853801.26
1769187600,0.1296,0.1321,0.1289,0.1308,1485515.8
1769191200,0.1308,0.132,0.1306,0.1308,1460785.15
1769194800,0.1307,0.1307,0.1284,0.1285,944111.2
1769198400,0.1284,0.1287,0.126,0.1273,2730702.45
1769202000,0.1274,0.1281,0.1273,0.1276,417678.26
1769205600,0.1277,0.1289,0.1277,0.1286,687019.83
1769209200,0.1286,0.1286,0.1276,0.1279,379078.53
1769212800,0.1278,0.1281,0.127,0.1271,319829.31
1769216400,0.1271,0.1274,0.1267,0.1269,390024
1769220000,0.1271,0.1278,0.127,0.1276,330927.86
1769223600,0.1277,0.1282,0.1272,0.1275,397498.92
1769227200,0.1275,0.1277,0.1271,0.1275,297700.68
1769230800,0.1275,0.1278,0.1272,0.1276,85761.44
1769234400,0.1276,0.1278,0.1273,0.1275,67896.05
1769238000,0.1274,0.1274,0.1266,0.1267,310736.65
1769241600,0.1266,0.1273,0.1262,0.1271,295849.34
1769245200,0.1271,0.1273,0.1268,0.127,193416.27
1769248800,0.1269,0.127,0.1262,0.1267,316530.25
1769252400,0.1266,0.1275,0.1266,0.1274,35329.63
1769256000,0.1273,0.1275,0.1271,0.1274,43737.7
1769259600,0.1274,0.1274,0.1264,0.1264,256208.34
1769263200,0.1261,0.1268,0.1261,0.1263,57776.96
1769266800,0.1264,0.1267,0.1254,0.1257,660640.18
1769270400,0.1258,0.126,0.125,0.1258,600040.02
1769274000,0.1259,0.1263,0.1255,0.1262,192632.95
1769277600,0.1261,0.1261,0.1252,0.1253,209833.96
1769281200,0.1252,0.1253,0.1247,0.125,449895.3
1769284800,0.125,0.1264,0.125,0.1261,1108920.05
1769288400,0.1261,0.1274,0.1261,0.1273,1036445.84
1769292000,0.1272,0.1273,0.1266,0.1272,628482.35
1769295600,0.1273,0.1273,0.1255,0.1258,1091488.36
1769299200,0.1257,0.1264,0.1251,0.126,649988.78
1769302800,0.1259,0.1264,0.1252,0.1256,189766.75
1769306400,0.1257,0.1258,0.125,0.1252,210226.75
1769310000,0.1253,0.1253,0.1245,0.1247,188767.14
1769313600,0.1247,0.125,0.1243,0.1245,355421.27
1769317200,0.1244,0.1246,0.1241,0.1245,504485.67
1769320800,0.1244,0.1248,0.1239,0.1241,601944.44
1769324400,0.1241,0.1243,0.1235,0.1241,130013.82
1769328000,0.124,0.1243,0.1231,0.1234,259152.26
1769331600,0.1233,0.1247,0.1233,0.1244,629249.28
1769335200,0.1243,0.1246,0.1238,0.1238,129636.75
1769338800,0.1237,0.1241,0.1232,0.1233,103168.03
1769342400,0.1233,0.1234,0.1227,0.1231,443920.32
1769346000,0.1232,0.1233,0.1226,0.1229,300097.25
1769349600,0.1229,0.123,0.1212,0.1216,561709.01
1769353200,0.1218,0.1222,0.1211,0.1214,225598.73
1769356800,0.1213,0.1214,0.1191,0.12,1239885.38
1769360400,0.1201,0.1202,0.1192,0.1192,213265.88
1769364000,0.1192,0.1196,0.1175,0.1182,497473.93
1769367600,0.1183,0.1186,0.1161,0.1168,884428.13
1769371200,0.1169,0.1175,0.1162,0.1173,590095.92
1769374800,0.1174,0.1181,0.1173,0.1179,529836.66
1769378400,0.1179,0.1181,0.1171,0.1178,720441.67
1769382000,0.1176,0.1188,0.1174,0.1186,473270.37
1769385600,0.1185,0.1196,0.1182,0.1196,222561.55
1769389200,0.1196,0.1214,0.1193,0.1211,902459.43
1769392800,0.1211,0.1211,0.1199,0.1205,455946.9
1769396400,0.1204,0.1208,0.1194,0.1196,279238.25
1769400000,0.1197,0.1212,0.1197,0.1207,239048.49
1769403600,0.1206,0.1209,0.1205,0.1205,198469.49
1769407200,0.1204,0.1216,0.1202,0.1215,212503.66
1769410800,0.1215,0.1222,0.1214,0.122,264985.32
1769414400,0.122,0.1228,0.1218,0.1221,641037.12
1769418000,0.1221,0.1221,0.1213,0.1214,558786.08
1769421600,0.1216,0.1222,0.1215,0.1222,633372.34
1769425200,0.1224,0.1226,0.1217,0.1221,382159.33
1769428800,0.122,0.1225,0.1218,0.1221,114010.78
1769432400,0.1221,0.1227,0.1218,0.1227,289579.95
1769436000,0.1227,0.1228,0.1216,0.1225,634601.42
1769439600,0.1225,0.1235,0.1206,0.1214,1097776.94
1769443200,0.1214,0.1217,0.1199,0.1199,804123.51
1769446800,0.1199,0.1203,0.1188,0.1198,574695.36
1769450400,0.1197,0.1207,0.1197,0.1206,710226.04
1769454000,0.1206,0.1207,0.1195,0.1196,198945.96
1769457600,0.1197,0.12,0.1192,0.1194,260645.09
1769461200,0.1195,0.1206,0.1191,0.1203,297817.56
1769464800,0.1204,0.1204,0.1194,0.1194,495566.61
1769468400,0.1193,0.1195,0.119,0.119,134510.66
1769472000,0.1189,0.1195,0.1184,0.1192,255307.61
1769475600,0.1192,0.1201,0.1188,0.1194,410722.67
1769479200,0.1194,0.1199,0.1182,0.1188,623393.34
1769482800,0.1188,0.1188,0.1178,0.1183,447849.07
1769486400,0.1182,0.1188,0.1181,0.1183,518035.66
1769490000,0.1183,0.1184,0.118,0.1182,115076.32
1769493600,0.1182,0.1183,0.1174,0.1178,370733.26
1769497200,0.1178,0.1184,0.1178,0.118,280549.67
1769500800,0.1182,0.1185,0.1172,0.1176,181650.55
1769504400,0.1175,0.118,0.1169,0.118,272317.33
1769508000,0.118,0.118,0.1171,0.1172,294404.71
1769511600,0.1173,0.1177,0.1168,0.1173,274834.67
1769515200,0.1172,0.1173,0.116,0.1162,211162.99
1769518800,0.1162,0.1165,0.1154,0.1156,544963.52
1769522400,0.1155,0.1169,0.1155,0.1163,350455.57
1769526000,0.1162,0.1167,0.1148,0.116,871082.64
1769529600,0.116,0.118,0.1158,0.1177,387821.55
1769533200,0.1176,0.1176,0.1149,0.1151,732244.48
1769536800,0.115,0.1182,0.1148,0.1178,533547.21
1769540400,0.1178,0.1201,0.1172,0.1197,1425579.45
1769544000,0.1196,0.1208,0.1194,0.1204,595010.71
1769547600,0.1203,0.1206,0.1191,0.1192,439662.14
1769551200,0.1193,0.12,0.119,0.1191,455070.06
1769554800,0.119,0.1199,0.1185,0.1195,1200118.33
1769558400,0.1196,0.12,0.1189,0.1198,598166.59
1769562000,0.1197,0.12,0.1187,0.1188,247052.24
1769565600,0.1189,0.1192,0.1184,0.1191,107122.65
1769569200,0.1192,0.1192,0.1186,0.1188,204836.96
1769572800,0.1189,0.1191,0.1182,0.1186,214942.04
1769576400,0.1185,0.1185,0.1174,0.1182,430870.51
1769580000,0.1182,0.1189,0.1181,0.1189,241523.81
1769583600,0.1187,0.1189,0.1181,0.1187,226682.75
1769587200,0.1187,0.1194,0.1185,0.1186,230117.25
1769590800,0.1186,0.1198,0.1182,0.1196,198949.5
1769594400,0.1196,0.1198,0.1191,0.1194,248962.76
1769598000,0.1196,0.1213,0.1195,0.1212,421169.05
1769601600,0.1212,0.1212,0.12,0.1203,501103.94
1769605200,0.1203,0.1205,0.1193,0.1197,527001.58
1769608800,0.1196,0.1197,0.1171,0.1174,765902.85
1769612400,0.1175,0.118,0.116,0.1169,858835.46
1769616000,0.1169,0.1172,0.1161,0.1165,339876.38
1769619600,0.1166,0.118,0.1154,0.1177,817876.75
1769623200,0.1176,0.1177,0.1165,0.1169,420469.71
1769626800,0.1169,0.1178,0.1166,0.1173,167175.32
1769630400,0.1174,0.1184,0.117,0.1172,249613.51
1769634000,0.1173,0.1184,0.1165,0.1182,417038.57
1769637600,0.1182,0.1191,0.1177,0.1191,301384.99
1769641200,0.1191,0.1192,0.1181,0.1184,155627.64
1769644800,0.1184,0.1186,0.1171,0.1176,209779.28
1769648400,0.1177,0.1179,0.1168,0.1173,141707.44
1769652000,0.1172,0.1179,0.1157,0.1162,509527.27
1769655600,0.1162,0.117,0.116,0.1165,376357.02
1769659200,0.1164,0.1167,0.1154,0.1164,218412.23
1769662800,0.1164,0.1169,0.1162,0.1167,38910.14
1769666400,0.1166,0.1172,0.1165,0.1171,67220.85
1769670000,0.1173,0.1178,0.1173,0.1173,366301.45
1769673600,0.1173,0.1174,0.1164,0.1167,113230.36
1769677200,0.1169,0.1169,0.1162,0.1162,166201.73
1769680800,0.1162,0.117,0.1162,0.1166,443053.14
1769684400,0.1167,0.1168,0.1156,0.1158,304781.92
1769688000,0.1158,0.1163,0.115,0.1153,489892.75
1769691600,0.1155,0.1167,0.1155,0.1166,166338.61
1769695200,0.1165,0.117,0.1135,0.1138,817670.68
1769698800,0.1136,0.1136,0.1104,0.112,1782440.64
1769702400,0.1118,0.1123,0.1108,0.1122,536674.85
1769706000,0.1124,0.1132,0.1109,0.1111,594263.57
1769709600,0.1111,0.1114,0.1093,0.1095,654931.83
1769713200,0.1094,0.1115,0.1092,0.1112,695857.37
1769716800,0.1111,0.1121,0.1108,0.112,939085.19
1769720400,0.112,0.1127,0.112,0.1126,383309.59
1769724000,0.1125,0.1128,0.1122,0.1125,694682.12
1769727600,0.1124,0.1125,0.1119,0.1124,271281.65
1769731200,0.1125,0.113,0.1122,0.1128,350902.31
1769734800,0.1129,0.1134,0.1091,0.1115,1698584.26
1769738400,0.1114,0.1114,0.1087,0.1101,548660.12
1769742000,0.1102,0.1107,0.1097,0.11,499216.36
1769745600,0.11,0.1117,0.11,0.1111,691183.9
1769749200,0.111,0.1114,0.1107,0.1107,166252.67
1769752800,0.1108,0.1108,0.1086,0.1095,542407.06
1769756400,0.1095,0.1115,0.1094,0.111,413187.57
1769760000,0.1109,0.1118,0.1103,0.111,194551.66
1769763600,0.111,0.1113,0.11,0.1105,691166.69
1769767200,0.1106,0.1114,0.1102,0.1106,672713.85
1769770800,0.1105,0.1122,0.1105,0.1119,415799.42
1769774400,0.112,0.1121,0.1108,0.1112,478324.28
1769778000,0.1112,0.1113,0.11,0.1104,706985.67
1769781600,0.1105,0.1116,0.1102,0.1104,822546.79
1769785200,0.1104,0.1113,0.1093,0.1106,664495.31
1769788800,0.1107,0.1118,0.1101,0.111,850086.09
1769792400,0.1111,0.1121,0.1104,0.1115,474159.57
1769796000,0.1115,0.1137,0.1088,0.1135,702281.21
1769799600,0.1134,0.1139,0.113,0.1133,275955.26
1769803200,0.1132,0.1132,0.1107,0.1111,1394955.86
1769806800,0.1112,0.1122,0.1108,0.1118,799024.73
1769810400,0.1119,0.1121,0.111,0.1119,574706.42
1769814000,0.1118,0.1118,0.1109,0.1117,182919.76
1769817600,0.1118,0.1118,0.1113,0.1115,191994.89
1769821200,0.1115,0.112,0.1112,0.1115,389740.93
1769824800,0.1115,0.1122,0.1109,0.112,418445.49
1769828400,0.112,0.1121,0.1116,0.1117,195793.2
1769832000,0.1117,0.1123,0.1114,0.1114,154869.4
1769835600,0.1113,0.1116,0.111,0.1112,121150.93
1769839200,0.1113,0.1114,0.1101,0.1104,354280.92
1769842800,0.1103,0.1104,0.1093,0.1103,193177.39
1769846400,0.1104,0.1104,0.1077,0.1089,688509.66
1769850000,0.1088,0.1094,0.1084,0.1085,102606.87
1769853600,0.1085,0.1089,0.1081,0.1084,600558.31
1769857200,0.1083,0.1084,0.1077,0.1079,254574.11
1769860800,0.1076,0.108,0.1072,0.1073,515115.42
1769864400,0.1073,0.1074,0.1065,0.1068,387055.5
1769868000,0.1068,0.1071,0.1019,0.1035,2791673.76
1769871600,0.1036,0.105,0.1033,0.1035,1324033.39
1769875200,0.1036,0.1049,0.1026,0.103,769742.99
1769878800,0.1029,0.1032,0.0981,0.1001,3941155.53
1769882400,0.1001,0.1005,0.093,0.0985,2425986.84
1769886000,0.0986,0.1004,0.0983,0.0996,1337311.5
1769889600,0.0994,0.1004,0.0989,0.1004,895744.95
1769893200,0.1005,0.1022,0.0998,0.1021,721141.6
1769896800,0.102,0.1022,0.1012,0.1019,703777.6
1769900400,0.1019,0.1043,0.1018,0.1037,442720.41
1769904000,0.1036,0.1049,0.1036,0.1046,314018.55
1769907600,0.1047,0.1058,0.1036,0.1055,558707.68
1769911200,0.1055,0.1073,0.1049,0.1059,827764.8
1769914800,0.106,0.1076,0.1059,0.107,931225.63
1769918400,0.107,0.1073,0.1065,0.1068,502535.66
1769922000,0.1068,0.1068,0.1058,0.1063,794604.77
1769925600,0.1063,0.1072,0.106,0.1065,385271.52
1769929200,0.1065,0.108,0.1064,0.1071,557586.9
1769932800,0.107,0.1074,0.1062,0.1067,469897.92
1769936400,0.1067,0.1074,0.1064,0.1073,210602.14
1769940000,0.1073,0.1076,0.1048,0.105,772899.26
1769943600,0.1051,0.1061,0.105,0.1059,423173.58
1769947200,0.1059,0.106,0.1051,0.1054,603734.6
1769950800,0.1053,0.106,0.104,0.1044,619286.19
1769954400,0.1044,0.1048,0.1025,0.1041,670884.16
1769958000,0.104,0.104,0.1015,0.1028,1387017.72
1769961600,0.1028,0.1035,0.1019,0.103,320329.7
1769965200,0.1028,0.1034,0.1023,0.1031,200764.11
1769968800,0.1031,0.1048,0.1031,0.1042,183230.98
1769972400,0.1043,0.1045,0.1028,0.1033,218419.96
1769976000,0.1033,0.1043,0.1025,0.1033,550280.99
1769979600,0.1033,0.1036,0.1026,0.1029,595747.35
1769983200,0.1029,0.1044,0.1027,0.1034,687445.87
1769986800,0.1032,0.1042,0.1007,0.1026,986256.62
1769990400,0.1027,0.1053,0.102,0.1046,1049674.46
1769994000,0.1045,0.1071,0.1033,0.1057,1154623.97
1769997600,0.1056,0.106,0.1036,0.1038,2167633.61
1770001200,0.1038,0.1039,0.1,0.1031,729091.49
1770004800,0.1031,0.104,0.1016,0.1024,305452.21
1770008400,0.1024,0.1027,0.0999,0.1006,1001898.64
1770012000,0.1005,0.1027,0.099,0.1015,852121.4
1770015600,0.1014,0.1026,0.101,0.1015,892983.03
1770019200,0.1016,0.1024,0.1014,0.1021,883569.51
1770022800,0.1021,0.1039,0.1015,0.1035,1181122.9
1770026400,0.1035,0.1039,0.1031,0.1035,605046.89
1770030000,0.1035,0.1041,0.1034,0.1035,410211.83
1770033600,0.1037,0.1044,0.1034,0.1042,138588.33
1770037200,0.1041,0.105,0.1037,0.1048,1113360.74
1770040800,0.1048,0.1063,0.1038,0.1054,594603.27
1770044400,0.1056,0.1119,0.105,0.1103,2310951.35
1770048000,0.1103,0.111,0.1082,0.1107,1626092.53
1770051600,0.1106,0.114,0.1103,0.1118,2780410.86
1770055200,0.1117,0.1156,0.1116,0.1156,1871413.78
1770058800,0.1153,0.1166,0.1132,0.1134,1794670.39
1770062400,0.1132,0.1141,0.1126,0.1136,1656119.92
1770066000,0.1136,0.114,0.1128,0.1135,1648989.67
1770069600,0.1135,0.1144,0.1129,0.1135,1954627.39
1770073200,0.1135,0.1142,0.1128,0.1138,1275923.75
1770076800,0.1141,0.1146,0.1131,0.1136,2235452.22
1770080400,0.1136,0.114,0.1117,0.1121,1232086.64
1770084000,0.1119,0.1122,0.1099,0.1101,809130.47
1770087600,0.1101,0.1137,0.1093,0.1137,889270.11
1770091200,0.1134,0.1135,0.1121,0.1123,549517.55
1770094800,0.1121,0.1122,0.1105,0.1107,375337.69
1770098400,0.1107,0.1136,0.1103,0.113,851219.31
1770102000,0.113,0.1142,0.1127,0.1133,275724.41
1770105600,0.1133,0.1176,0.1133,0.1161,1080065.28
1770109200,0.1161,0.1172,0.1139,0.1171,1716088.6
1770112800,0.1171,0.1185,0.1167,0.1177,1107223.56
1770116400,0.1177,0.1187,0.1159,0.1162,1585124.61
1770120000,0.1161,0.1179,0.1152,0.1164,912153.19
1770123600,0.1164,0.1166,0.1137,0.1145,714263.06
1770127200,0.1145,0.1149,0.1112,0.1112,1221689.13
1770130800,0.1114,0.1139,0.1106,0.1136,1300747.67
1770134400,0.1137,0.1139,0.1103,0.1104,1198161.65
1770138000,0.1106,0.1106,0.1069,0.107,1463140.4
1770141600,0.107,0.1078,0.1056,0.1061,1409023.37
1770145200,0.1061,0.1112,0.1061,0.1098,2514662.41
1770148800,0.11,0.114,0.1086,0.1109,2080011.01
1770152400,0.111,0.1118,0.1097,0.1101,588254.79
1770156000,0.11,0.11,0.1082,0.1085,877623.57
1770159600,0.1084,0.1089,0.1075,0.1079,405837.27
1770163200,0.1078,0.1086,0.1072,0.1082,550355.87
1770166800,0.1082,0.1092,0.108,0.1081,272136.78
1770170400,0.1082,0.1082,0.107,0.1075,625512.18
1770174000,0.1076,0.1091,0.1073,0.1087,586024.42
1770177600,0.1087,0.109,0.1082,0.1082,553325.19
1770181200,0.1082,0.109,0.1078,0.1081,159388.21
1770184800,0.1081,0.11,0.1078,0.1097,364431.58
1770188400,0.1097,0.1115,0.1095,0.1105,384834.65
1770192000,0.1104,0.111,0.1096,0.1102,956124.36
1770195600,0.1101,0.1104,0.1095,0.1104,167916.27
1770199200,0.1102,0.1107,0.1099,0.1101,154596.72
1770202800,0.1101,0.1101,0.1085,0.1092,381118.39
1770206400,0.1093,0.1094,0.1079,0.1082,229238.93
1770210000,0.1082,0.1083,0.1052,0.1052,671441.45
1770213600,0.1054,0.1071,0.1049,0.1052,982340.32
1770217200,0.1053,0.1074,0.1048,0.1064,1128957.01
1770220800,0.1064,0.1075,0.1051,0.1061,1665433.79
1770224400,0.1063,0.1071,0.1052,0.1065,1145921.34
1770228000,0.1064,0.1085,0.1054,0.1072,1196808.11
1770231600,0.1072,0.109,0.1061,0.109,665693.86
1770235200,0.1087,0.1095,0.1079,0.1085,354206.85
1770238800,0.1085,0.1088,0.1065,0.1075,237153.97
1770242400,0.1076,0.1088,0.1056,0.1066,1074648.15
1770246000,0.1067,0.1088,0.1062,0.1086,858554.05
1770249600,0.1086,0.1103,0.108,0.1087,898769.48
1770253200,0.1087,0.1101,0.1072,0.108,956793.96
1770256800,0.1078,0.1085,0.1065,0.1066,802872.88
1770260400,0.1065,0.1075,0.106,0.1066,725898.82
1770264000,0.1066,0.1082,0.1058,0.1062,1078971.81
1770267600,0.106,0.1073,0.1048,0.1064,913618.3
1770271200,0.1064,0.1067,0.1043,0.1048,490659.34
1770274800,0.1049,0.1061,0.1047,0.105,613365.52
1770278400,0.1051,0.106,0.1047,0.1053,513747.06
1770282000,0.1052,0.1064,0.105,0.1053,260587.61
1770285600,0.1051,0.1052,0.1025,0.1028,597474.18
1770289200,0.1029,0.1034,0.1011,0.1026,854286.96
1770292800,0.1024,0.1033,0.1017,0.1022,676960.94
1770296400,0.1022,0.1033,0.1018,0.1023,824058.72
1770300000,0.1024,0.1042,0.1018,0.1021,749326.3
1770303600,0.102,0.1021,0.0964,0.0982,3173145.22
1770307200,0.0983,0.0995,0.0965,0.0975,2964193.25
1770310800,0.0976,0.098,0.0945,0.0947,1803892.57
1770314400,0.0948,0.0953,0.0926,0.094,2721944.21
1770318000,0.094,0.0944,0.092,0.0925,2358118.69
1770321600,0.0926,0.0935,0.0863,0.0881,6777910.76
1770325200,0.0879,0.0905,0.0874,0.0892,3491663.43
1770328800,0.0894,0.0956,0.0894,0.0927,6528445.54
1770332400,0.0926,0.0941,0.0912,0.0916,1175682.94
1770336000,0.0917,0.0922,0.0838,0.0906,3835775.17
1770339600,0.0906,0.0952,0.0903,0.0952,2345761.03
1770343200,0.0953,0.0955,0.0918,0.092,2721639.51
1770346800,0.0921,0.0927,0.0908,0.0912,708757.75
1770350400,0.0912,0.0916,0.0903,0.0911,248705.48
1770354000,0.0912,0.1032,0.0912,0.1027,3083316.29
1770357600,0.1026,0.1032,0.0952,0.0954,2413078.73
1770361200,0.0955,0.1006,0.0944,0.1,2048289.03
1770364800,0.0999,0.1005,0.0958,0.0958,974590.32
1770368400,0.0957,0.0965,0.0939,0.0953,718770.51
1770372000,0.0953,0.0969,0.0949,0.0966,481942.45
1770375600,0.0966,0.097,0.0959,0.0963,533722.56
1770379200,0.0963,0.0963,0.095,0.0961,374071.03
1770382800,0.0961,0.0965,0.0955,0.0963,693143.06
1770386400,0.0962,0.0983,0.0949,0.0975,1021854.46
1770390000,0.0973,0.0973,0.096,0.0961,1699900.66
1770393600,0.0962,0.0988,0.0961,0.0983,1190152.72
1770397200,0.0983,0.1003,0.0979,0.0986,1356048.38
1770400800,0.0985,0.0985,0.0958,0.0961,1056617.29
1770404400,0.0959,0.098,0.0954,0.0976,1746356.18
1770408000,0.0975,0.0982,0.0966,0.097,720060.07
1770411600,0.0971,0.0981,0.0969,0.0979,389856.92
1770415200,0.0978,0.0993,0.0977,0.0992,921519.2
1770418800,0.0991,0.0992,0.0964,0.0966,569224.72
1770422400,0.0966,0.0966,0.0951,0.0956,1248297.61
1770426000,0.0955,0.096,0.0948,0.0955,585642.85
1770429600,0.0954,0.0965,0.0952,0.0955,431510.95
1770433200,0.0955,0.0968,0.0954,0.0964,966949.24
1770436800,0.0964,0.097,0.0956,0.0959,723663.27
1770440400,0.096,0.0971,0.0959,0.0968,671693.71
1770444000,0.0966,0.0966,0.095,0.095,509369.25
1770447600,0.095,0.0957,0.0936,0.0947,536378.32
1770451200,0.0947,0.0961,0.0944,0.096,324177.8
1770454800,0.0958,0.0961,0.095,0.0953,157005.83
1770458400,0.0955,0.0961,0.095,0.0958,712096.9
1770462000,0.0959,0.0961,0.0952,0.0959,245792.77
1770465600,0.0957,0.0989,0.0957,0.0984,267072.34
1770469200,0.0983,0.0986,0.0969,0.0969,226854.36
1770472800,0.0971,0.0973,0.0961,0.0963,493826.45
1770476400,0.0962,0.0976,0.096,0.0971,241213.04
1770480000,0.0972,0.0993,0.0968,0.0976,3043015.14
1770483600,0.0976,0.0976,0.0963,0.0973,424658.97
1770487200,0.0973,0.0986,0.0972,0.0981,399910.73
1770490800,0.098,0.0982,0.0971,0.0972,408187.38
1770494400,0.0972,0.0981,0.097,0.0979,399924.43
1770498000,0.0979,0.0982,0.0972,0.0973,556923.11
1770501600,0.0972,0.0977,0.0968,0.0969,751046.43
1770505200,0.0969,0.0978,0.0963,0.0974,247752.08
1770508800,0.0974,0.0977,0.0968,0.0971,156506.04
1770512400,0.0971,0.0977,0.0968,0.097,325552.33
1770516000,0.097,0.0973,0.0962,0.0964,253784.92
1770519600,0.0965,0.0965,0.0959,0.096,264358.9
1770523200,0.0959,0.0962,0.0956,0.0959,207000.48
1770526800,0.0959,0.0962,0.0956,0.0962,568255.12
1770530400,0.0962,0.0962,0.0956,0.0958,135643.9
1770534000,0.0959,0.0965,0.0959,0.0961,189074.94
1770537600,0.0961,0.0977,0.0957,0.0975,528585.7
1770541200,0.0975,0.0977,0.0967,0.0969,212958.34
1770544800,0.0971,0.0972,0.0961,0.0963,72614.96
1770548400,0.0963,0.0979,0.0963,0.0979,173186.7
1770552000,0.0978,0.098,0.097,0.0973,113235.37
1770555600,0.0975,0.0977,0.0968,0.0975,774299.61
1770559200,0.0974,0.0979,0.0972,0.0973,89652.05
1770562800,0.0972,0.0977,0.0964,0.0965,118620.51
1770566400,0.0965,0.0969,0.0943,0.0948,343168.91
1770570000,0.0949,0.0959,0.0949,0.0959,201239.1
1770573600,0.0959,0.0968,0.0957,0.0962,207690.42
1770577200,0.0961,0.0968,0.0957,0.0965,200582.24
1770580800,0.0964,0.0964,0.0951,0.0953,535831.94
1770584400,0.0952,0.0956,0.0946,0.0952,361106.01
1770588000,0.0954,0.0959,0.0952,0.0957,165355.45
1770591600,0.0958,0.0976,0.0947,0.0953,1070890.96
1770595200,0.0952,0.096,0.0951,0.0959,160791.4
1770598800,0.0959,0.0968,0.0952,0.0956,335026.12
1770602400,0.0955,0.0967,0.0952,0.0964,162978.09
1770606000,0.0965,0.0965,0.0961,0.0964,145943.74
1770609600,0.0963,0.0965,0.0957,0.0961,243656.55
1770613200,0.0961,0.0964,0.0957,0.096,243527.83
1770616800,0.096,0.096,0.0948,0.0951,596511.18
1770620400,0.0951,0.0957,0.0949,0.095,658866.93
1770624000,0.095,0.0953,0.0935,0.0941,998218.88
1770627600,0.094,0.0943,0.0932,0.0935,327712.3
1770631200,0.0934,0.0937,0.0919,0.0923,522797.29
1770634800,0.0924,0.093,0.0923,0.0923,142630.9
1770638400,0.0925,0.0929,0.0923,0.0927,232155.78
1770642000,0.0928,0.0933,0.0924,0.0924,301363.53
1770645600,0.0924,0.0939,0.092,0.0936,1207968.13
1770649200,0.0937,0.0944,0.0909,0.0924,1704951.4
1770652800,0.0923,0.0949,0.0919,0.0938,1545178.82
1770656400,0.0938,0.095,0.0933,0.0947,288527.06
1770660000,0.0947,0.095,0.0935,0.0938,369566.9
1770663600,0.0937,0.094,0.0933,0.0938,439435.69
1770667200,0.0938,0.0943,0.0933,0.0942,140750.41
1770670800,0.0943,0.0945,0.0935,0.0943,267145.87
1770674400,0.0941,0.0947,0.0941,0.0945,228559.07
1770678000,0.0945,0.0947,0.0941,0.0944,322036.86
1770681600,0.0944,0.095,0.0942,0.0946,398808.1
1770685200,0.0946,0.0953,0.0944,0.0952,324731.85
1770688800,0.0952,0.0961,0.0951,0.0953,966568.22
1770692400,0.0953,0.0953,0.0936,0.094,740172.53
1770696000,0.0941,0.0947,0.0938,0.0942,202459.7
1770699600,0.0942,0.0949,0.0936,0.0937,989120.51
1770703200,0.0937,0.094,0.0922,0.0925,789007.69
1770706800,0.0925,0.0935,0.0924,0.0926,843663.16
1770710400,0.0927,0.0931,0.0924,0.0928,238024.06
1770714000,0.0928,0.0932,0.0925,0.0928,395085.11
1770717600,0.0929,0.093,0.0922,0.0922,338411.12
1770721200,0.0922,0.0927,0.0921,0.0923,624191.66
1770724800,0.0923,0.0927,0.0915,0.0917,697559.78
1770728400,0.0916,0.0921,0.0916,0.0919,421857.69
1770732000,0.092,0.0936,0.0916,0.0919,2076649
1770735600,0.0918,0.0929,0.0914,0.0925,772348.44
1770739200,0.0925,0.0928,0.0916,0.0918,801931.4
1770742800,0.0918,0.0923,0.0911,0.092,1055445.62
1770746400,0.092,0.092,0.0898,0.0901,1240312.1
1770750000,0.0901,0.0915,0.0899,0.091,2343191.71
1770753600,0.091,0.0914,0.0906,0.0912,693487.04
1770757200,0.0912,0.0916,0.0907,0.0909,511795.97
1770760800,0.0909,0.0911,0.0905,0.0907,410701.58
1770764400,0.0907,0.0911,0.0906,0.091,668472.67
1770768000,0.091,0.0917,0.0909,0.0915,811761.15
1770771600,0.0915,0.0918,0.0912,0.0918,838583.87
1770775200,0.0918,0.0926,0.0912,0.0913,377754.98
1770778800,0.0913,0.0917,0.0906,0.0912,240796.61
1770782400,0.0912,0.0913,0.09,0.0902,1156680.57
1770786000,0.0902,0.0907,0.0895,0.0897,1113218.27
1770789600,0.0897,0.0898,0.0883,0.0884,1397900.3
1770793200,0.0884,0.0888,0.0881,0.0885,612648.57
1770796800,0.0885,0.0891,0.0882,0.0887,823749.83
1770800400,0.0888,0.0889,0.0882,0.0885,220896.27
1770804000,0.0885,0.0887,0.0877,0.0883,922639.19
1770807600,0.0884,0.0892,0.0884,0.0892,454346.02
1770811200,0.0891,0.0893,0.0887,0.0892,715651.83
1770814800,0.0892,0.0905,0.0891,0.0904,1520104.76
1770818400,0.0905,0.0926,0.0889,0.0891,2010070.5
1770822000,0.089,0.0896,0.0883,0.089,2035566.57
1770825600,0.089,0.0898,0.0881,0.0882,1827031.04
1770829200,0.0883,0.0894,0.0878,0.0889,1661397.41
1770832800,0.0888,0.0902,0.0885,0.0897,358313.73
1770836400,0.0898,0.0901,0.0892,0.0892,367873.7
1770840000,0.0891,0.0894,0.0884,0.0893,159111.15
1770843600,0.0894,0.0903,0.0889,0.09,290996.6
1770847200,0.0898,0.0902,0.0892,0.0894,250449.63
1770850800,0.0893,0.0895,0.0884,0.0888,206051.06
1770854400,0.089,0.0902,0.0888,0.0899,74803.16
1770858000,0.0899,0.0907,0.0895,0.0896,311727.13
1770861600,0.0896,0.0903,0.0895,0.0898,305744.17
1770865200,0.0898,0.0904,0.0898,0.0902,51981.52
1770868800,0.0903,0.0906,0.0899,0.0901,70461.5
1770872400,0.0902,0.0908,0.0899,0.0908,66746.82
1770876000,0.0907,0.0916,0.0907,0.0913,858729.35
1770879600,0.0913,0.0915,0.0906,0.0915,509634.74
1770883200,0.0915,0.0918,0.091,0.0913,158701.81
1770886800,0.0912,0.0921,0.0911,0.0919,267705.5
1770890400,0.0919,0.0935,0.0919,0.0934,512294.93
1770894000,0.0936,0.0939,0.093,0.0934,334739.24
1770897600,0.0932,0.0932,0.0924,0.0926,525568.86
1770901200,0.0927,0.0935,0.0923,0.0933,85302.98
1770904800,0.0932,0.0939,0.0925,0.0937,483681.15
1770908400,0.0938,0.0943,0.0928,0.0938,459114.1
1770912000,0.0938,0.0941,0.0919,0.0922,1048636.1
1770915600,0.0922,0.093,0.092,0.0924,268111.48
1770919200,0.0925,0.0931,0.0922,0.0931,839117.79
1770922800,0.0931,0.0954,0.0931,0.0943,1084972.05
1770926400,0.0943,0.0947,0.0934,0.0941,598436.96
1770930000,0.0939,0.0948,0.0936,0.0944,362973.44
1770933600,0.0943,0.0956,0.0941,0.0953,537310.6
1770937200,0.0954,0.0963,0.0953,0.0962,481956.64
1770940800,0.0961,0.0968,0.0947,0.095,1025591.12
1770944400,0.0952,0.0969,0.0952,0.0965,463514.4
1770948000,0.0964,0.0988,0.0964,0.0985,914378.19
1770951600,0.0985,0.099,0.0969,0.0969,987453.45
1770955200,0.0969,0.0969,0.0954,0.0959,309273.41
1770958800,0.0959,0.0965,0.0956,0.0956,1219141.6
1770962400,0.0956,0.0957,0.0943,0.0954,1204247.96
1770966000,0.0954,0.096,0.0948,0.0951,646117.83
1770969600,0.0951,0.0968,0.0951,0.0962,973129.29
1770973200,0.0962,0.0963,0.0946,0.0948,854043.2
1770976800,0.0948,0.0954,0.0948,0.0953,479134.34
1770980400,0.0954,0.0958,0.095,0.0955,348156.66
1770984000,0.0953,0.0958,0.095,0.0957,79121.03
1770987600,0.0957,0.0964,0.0953,0.0958,300455.4
1770991200,0.0958,0.0967,0.0956,0.0966,385940.42
1770994800,0.0967,0.0997,0.0965,0.0985,1540304.81
1770998400,0.0986,0.099,0.0969,0.0986,1477216.48
1771002000,0.0986,0.0992,0.098,0.0983,271108.55
1771005600,0.0983,0.0993,0.098,0.099,487511.38
1771009200,0.0988,0.0998,0.0986,0.0995,277723.2
1771012800,0.0994,0.0995,0.0989,0.0993,262898.64
1771016400,0.0993,0.0999,0.0991,0.0998,391735.4
1771020000,0.1,0.1018,0.1,0.1004,625529.59
1771023600,0.1004,0.101,0.0999,0.1004,627669.45
1771027200,0.1004,0.1016,0.1004,0.1013,519549.57
1771030800,0.1012,0.1018,0.1009,0.1017,500569.51
1771034400,0.1015,0.102,0.1007,0.1008,449833.09
1771038000,0.1008,0.1009,0.1003,0.1009,326374.18
1771041600,0.1008,0.101,0.1005,0.1007,364058.07
1771045200,0.1008,0.1011,0.1006,0.1008,395848.96
1771048800,0.1008,0.1009,0.1003,0.1003,285593.29
1771052400,0.1003,0.1026,0.1003,0.1017,1117255.5
1771056000,0.1017,0.1029,0.1017,0.1027,202901.9
1771059600,0.1026,0.1033,0.1023,0.103,109285.86
1771063200,0.1029,0.1035,0.1029,0.1034,71219.82
1771066800,0.1034,0.1072,0.1034,0.1071,2987779.89
1771070400,0.1071,0.108,0.1061,0.1064,956720.62
1771074000,0.1065,0.1076,0.1053,0.1066,803783.5
1771077600,0.1068,0.1106,0.1066,0.1102,1619945.91
1771081200,0.1102,0.112,0.1099,0.112,1424706.06
1771084800,0.1118,0.1178,0.1117,0.1158,4403272.86
1771088400,0.116,0.1174,0.1134,0.1141,4107082.46
1771092000,0.1141,0.1144,0.1104,0.1106,4967038.14
1771095600,0.1109,0.1116,0.1106,0.111,1096916
1771099200,0.1109,0.1111,0.1094,0.1097,1439284.77
1771102800,0.1097,0.1102,0.1083,0.1088,866855.01
1771106400,0.1088,0.1096,0.1083,0.1095,768831.6
1771110000,0.1095,0.11,0.1087,0.1094,580260.7
1771113600,0.1094,0.11,0.1084,0.1096,1368316.04
1771117200,0.1098,0.1103,0.108,0.1085,284268.86
1771120800,0.1085,0.1089,0.1076,0.1083,446949.25
1771124400,0.1083,0.1092,0.1075,0.1092,135522.03
1771128000,0.1092,0.1122,0.1091,0.1112,3512876.89
1771131600,0.1111,0.1135,0.1109,0.112,1675235.86
1771135200,0.112,0.1126,0.1108,0.1109,3252693.27
1771138800,0.1109,0.1115,0.1108,0.111,420246.13
1771142400,0.1111,0.1116,0.1098,0.1099,693632.01
1771146000,0.1098,0.1106,0.1095,0.1099,445621.79
1771149600,0.1097,0.1099,0.1087,0.1091,586946.12
1771153200,0.1092,0.1095,0.1086,0.1088,395274.27
1771156800,0.1088,0.1089,0.1057,0.1057,1205707.22
1771160400,0.1058,0.1068,0.1045,0.1048,1204227.41
1771164000,0.1049,0.1057,0.1045,0.1056,883017.59
1771167600,0.1055,0.1059,0.105,0.1057,579699.87
1771171200,0.1057,0.1073,0.1057,0.1071,1798144.61
1771174800,0.107,0.1079,0.1054,0.1065,1761832.63
1771178400,0.1065,0.1076,0.1061,0.1063,950549.26
1771182000,0.1062,0.1076,0.1061,0.1073,342207.52
1771185600,0.1074,0.1082,0.1073,0.1079,272082.74
1771189200,0.1078,0.1083,0.1074,0.1078,422625.79
1771192800,0.1078,0.1078,0.1067,0.1072,393831.03
1771196400,0.107,0.1082,0.1068,0.1078,447451.53
1771200000,0.1078,0.1083,0.1076,0.1079,448729.35
1771203600,0.108,0.1081,0.1073,0.1077,483182.41
1771207200,0.1076,0.1077,0.107,0.1074,429320.7
1771210800,0.1074,0.1074,0.1062,0.1068,596935.5
1771214400,0.107,0.1077,0.1068,0.1077,206860.7
1771218000,0.1075,0.1076,0.1057,0.1062,251388.89
1771221600,0.1062,0.107,0.1061,0.1065,142809.93
1771225200,0.1067,0.1067,0.106,0.1061,104600.14
1771228800,0.1062,0.107,0.1061,0.1062,164841.45
1771232400,0.1063,0.107,0.1061,0.1063,62130.71
1771236000,0.1062,0.1064,0.1055,0.1056,158898
1771239600,0.1056,0.1056,0.1043,0.1045,200154.73
1771243200,0.1044,0.1062,0.1042,0.1061,339402.08
1771246800,0.1061,0.1066,0.1044,0.1049,317049.63
1771250400,0.1049,0.1054,0.104,0.1049,373911.15
1771254000,0.105,0.1064,0.1046,0.1058,358912.08
1771257600,0.1058,0.1074,0.1057,0.1062,379632.24
1771261200,0.1064,0.1067,0.1056,0.1059,165029.51
1771264800,0.106,0.1069,0.106,0.1066,68502.56
1771268400,0.1066,0.1069,0.1063,0.1068,43257.7
1771272000,0.1067,0.1078,0.1066,0.1076,234375.92
1771275600,0.1075,0.1082,0.1074,0.1082,84569.86
1771279200,0.1081,0.1086,0.1075,0.108,746115.86
1771282800,0.1078,0.1083,0.1078,0.1082,246869.65
1771286400,0.1083,0.1083,0.1078,0.108,264051.13
1771290000,0.1082,0.1082,0.1071,0.1075,233807.22
1771293600,0.1076,0.1081,0.1071,0.1077,396427.67
1771297200,0.1076,0.1076,0.107,0.1071,161706.9
1771300800,0.107,0.1076,0.1068,0.1068,118434.7
1771304400,0.1067,0.1068,0.1057,0.1068,91566.24
1771308000,0.1068,0.1074,0.1063,0.1069,165104.21
1771311600,0.1068,0.1081,0.1067,0.1076,205053.45
1771315200,0.1076,0.1085,0.1066,0.1066,376181.21
1771318800,0.1066,0.1068,0.1062,0.1068,148940.15
1771322400,0.1069,0.107,0.1062,0.1066,104249
1771326000,0.1068,0.1078,0.1063,0.1071,612893.51
1771329600,0.107,0.1078,0.1067,0.1067,92986.12
1771333200,0.1069,0.1071,0.106,0.1064,486965.34
1771336800,0.1065,0.107,0.1054,0.106,268323.67
1771340400,0.1061,0.1074,0.1061,0.1073,352707.09
1771344000,0.1073,0.1095,0.1073,0.1084,1351045.19
1771347600,0.1084,0.1086,0.1072,0.1083,459533.39
1771351200,0.1081,0.1097,0.108,0.109,837992.6
1771354800,0.1091,0.1098,0.1088,0.1093,432512.36
1771358400,0.1093,0.1095,0.1089,0.1091,223127.8
1771362000,0.1091,0.11,0.109,0.1093,352318.25
1771365600,0.1092,0.1094,0.1084,0.1084,130197.15
1771369200,0.1084,0.1088,0.1079,0.1084,558733.19
1771372800,0.1084,0.1088,0.1078,0.108,428852.93
1771376400,0.1081,0.1083,0.1077,0.1081,116798.79
1771380000,0.108,0.1084,0.1078,0.1082,122759.76
1771383600,0.1082,0.1083,0.1078,0.1082,79081.2
1771387200,0.1082,0.1091,0.108,0.1091,226123.9
1771390800,0.1092,0.1107,0.1091,0.11,629788.46
1771394400,0.1101,0.1113,0.1098,0.1111,1286218.72
1771398000,0.1111,0.1117,0.1107,0.1109,877318.59
1771401600,0.111,0.1114,0.1107,0.1109,860298.72
1771405200,0.1109,0.1112,0.11,0.111,518347.17
1771408800,0.111,0.1111,0.1098,0.1098,260717.39
1771412400,0.1099,0.1099,0.109,0.1096,235896.72
1771416000,0.1096,0.1102,0.1089,0.1099,214051.17
1771419600,0.1099,0.1101,0.109,0.1094,449049.22
1771423200,0.1094,0.1095,0.108,0.1087,424547.2
1771426800,0.1088,0.1107,0.1087,0.1099,485769.63
1771430400,0.1099,0.1101,0.1089,0.1093,520292.44
1771434000,0.1095,0.1112,0.1095,0.1105,1221001.81
1771437600,0.1106,0.1114,0.1099,0.1101,1405232.8
1771441200,0.1104,0.1106,0.1091,0.1094,478001.45
1771444800,0.1095,0.1104,0.1089,0.1099,303333.05
1771448400,0.1098,0.1098,0.1077,0.108,435816.6
1771452000,0.1078,0.1089,0.1078,0.1083,228653.59
1771455600,0.1082,0.1082,0.1072,0.1077,880086.44
1771459200,0.1078,0.1083,0.1069,0.1077,520243.95
1771462800,0.1078,0.1087,0.1074,0.1085,275503.88
1771466400,0.1086,0.1088,0.1076,0.1078,170707.78
1771470000,0.1078,0.1079,0.1074,0.1075,167405.47
1771473600,0.1076,0.1081,0.1075,0.1076,137858.2
1771477200,0.1075,0.1077,0.1068,0.1071,236202.84
1771480800,0.107,0.1073,0.1068,0.107,75268.89
1771484400,0.1068,0.1078,0.1066,0.1074,139169.2
1771488000,0.1074,0.1074,0.1055,0.106,211216.44
1771491600,0.106,0.1068,0.106,0.1063,276418.87
1771495200,0.1062,0.1065,0.1058,0.106,167905.38
1771498800,0.1058,0.1066,0.1057,0.1058,270643.29
1771502400,0.1057,0.1062,0.1055,0.1055,89890.1
1771506000,0.1056,0.1057,0.104,0.104,262266.92
1771509600,0.1042,0.1047,0.1029,0.1046,794962.96
1771513200,0.1045,0.1055,0.1037,0.1053,775272.54
1771516800,0.1052,0.1053,0.1037,0.1043,315592.51
1771520400,0.1044,0.1061,0.1044,0.1049,634882.96
1771524000,0.1047,0.1067,0.1047,0.1063,153552.67
1771527600,0.1063,0.1067,0.1052,0.106,120568.41
1771531200,0.1058,0.1062,0.1053,0.1057,334280.3
1771534800,0.1057,0.1058,0.1044,0.1046,345104.11
1771538400,0.1048,0.1053,0.1039,0.105,1472375.21
1771542000,0.1051,0.1052,0.1048,0.1049,109165.26
1771545600,0.1047,0.1058,0.1047,0.1056,47143.57
1771549200,0.1057,0.1059,0.1049,0.105,182626.24
1771552800,0.1052,0.106,0.1052,0.1058,84318.94
1771556400,0.1058,0.106,0.1052,0.1052,426524.35
1771560000,0.1051,0.1054,0.1043,0.1051,134028.39
1771563600,0.1051,0.1061,0.1048,0.1059,224760.49
1771567200,0.106,0.1061,0.1052,0.1057,124495.53
1771570800,0.1056,0.1057,0.1051,0.1055,29042.03
1771574400,0.1055,0.1059,0.1054,0.1057,28073.98
1771578000,0.1056,0.1066,0.1056,0.1066,295794.6
1771581600,0.1066,0.1076,0.1066,0.1071,207599.76
1771585200,0.1069,0.1069,0.1058,0.1062,285568.71
1771588800,0.1062,0.1066,0.1054,0.1056,178537.06
1771592400,0.1055,0.1057,0.1036,0.1041,156565.34
1771596000,0.1042,0.1062,0.1042,0.1057,124728.95
1771599600,0.1059,0.108,0.1055,0.1072,610682.69
1771603200,0.1071,0.1075,0.1056,0.1061,1164978.36
1771606800,0.106,0.1061,0.1037,0.1058,798247.51
1771610400,0.1057,0.106,0.1046,0.1049,1556819.66
1771614000,0.1049,0.1059,0.1036,0.1059,673392.76
1771617600,0.1058,0.1058,0.1049,0.1053,266662.67
1771621200,0.1054,0.1057,0.1051,0.1052,266780.99
1771624800,0.1052,0.106,0.105,0.1059,109245.51
1771628400,0.1059,0.1061,0.1053,0.1061,204452.03
1771632000,0.1061,0.1068,0.106,0.1063,109697.78
1771635600,0.1064,0.1067,0.1062,0.1064,75747.87
1771639200,0.1064,0.1073,0.1062,0.107,83073.74
1771642800,0.107,0.1074,0.1068,0.107,91059.24
1771646400,0.1071,0.1085,0.107,0.1085,257587.7
1771650000,0.1083,0.1084,0.1075,0.108,419451.73
1771653600,0.1079,0.1089,0.1075,0.1086,1174499.56
1771657200,0.1085,0.1096,0.1084,0.1096,313734.69
1771660800,0.1097,0.1111,0.1097,0.1109,2658070.77
1771664400,0.111,0.1117,0.1105,0.1107,705701.83
1771668000,0.1108,0.1111,0.1105,0.1108,300902.27
1771671600,0.1109,0.1112,0.1106,0.1109,308874.55
1771675200,0.1107,0.1116,0.1102,0.1107,745679.15
1771678800,0.1106,0.1119,0.1106,0.1117,636179.05
1771682400,0.1117,0.1126,0.1115,0.1117,494714.32
1771686000,0.1118,0.1154,0.1118,0.115,3438579.58
1771689600,0.115,0.1152,0.111,0.1113,2615323.81
1771693200,0.1114,0.1117,0.11,0.1111,499776.12
1771696800,0.1112,0.1117,0.1108,0.1117,178293.12
1771700400,0.1117,0.1136,0.1117,0.1127,1439847.06
1771704000,0.1127,0.1127,0.1112,0.1113,287093.28
1771707600,0.1113,0.1115,0.1106,0.1115,204128.46
1771711200,0.1115,0.1115,0.1105,0.1109,185175.6
1771714800,0.1108,0.1108,0.1101,0.1102,235842.62
1771718400,0.1103,0.1103,0.1086,0.1091,255567.11
1771722000,0.109,0.1092,0.1085,0.1088,175785.92
1771725600,0.1087,0.109,0.1076,0.1077,508921.22
1771729200,0.1078,0.1082,0.1072,0.1082,307902.32
1771732800,0.108,0.1082,0.1076,0.1079,208884.14
1771736400,0.1079,0.108,0.1072,0.1074,289337.49
1771740000,0.1075,0.1078,0.107,0.1071,396556.11
1771743600,0.1073,0.1078,0.1072,0.1073,449307.55
1771747200,0.1073,0.1076,0.1063,0.1065,625780.44
1771750800,0.1066,0.1071,0.1066,0.1071,345342.66
1771754400,0.1072,0.1078,0.1071,0.1076,254520.17
1771758000,0.1076,0.1084,0.1074,0.1075,579310.26
1771761600,0.1075,0.1076,0.1064,0.1069,537110.83
1771765200,0.1069,0.1071,0.106,0.106,626757.3
1771768800,0.1059,0.1062,0.1056,0.1059,392780.76
1771772400,0.1059,0.1061,0.1052,0.1058,1242673.25
1771776000,0.1057,0.1059,0.1052,0.1059,308691.55
1771779600,0.1059,0.1059,0.105,0.1055,278969.75
1771783200,0.1055,0.1057,0.1052,0.1056,178484.29
1771786800,0.1056,0.1061,0.1054,0.1059,273935.53
1771790400,0.106,0.1061,0.1055,0.1057,81139.61
1771794000,0.1057,0.1058,0.1052,0.1056,94944.78
1771797600,0.1057,0.1063,0.1053,0.1063,380597.59
1771801200,0.1063,0.1069,0.1063,0.1068,243333.99
1771804800,0.1069,0.1074,0.1056,0.1057,553006.58
1771808400,0.1055,0.1056,0.1018,0.1021,1987850.98
1771812000,0.1022,0.1034,0.1016,0.1034,994385.29
1771815600,0.1034,0.1041,0.1028,0.1032,1288345.54
1771819200,0.1032,0.1035,0.1027,0.1031,485998.79
1771822800,0.103,0.104,0.1029,0.1036,583113.24
1771826400,0.1037,0.1059,0.1037,0.1055,1026578.46
1771830000,0.1054,0.1063,0.1051,0.1061,844042.96
1771833600,0.106,0.106,0.1055,0.1058,652764.34
1771837200,0.1059,0.1091,0.1057,0.1088,1197827.3
1771840800,0.1089,0.1113,0.1087,0.1104,4893131.02
1771844400,0.1104,0.1107,0.1085,0.1091,2777477.53
1771848000,0.1091,0.1103,0.1085,0.1102,765966.1
1771851600,0.1102,0.1108,0.1099,0.1105,486004.6
1771855200,0.1103,0.111,0.1085,0.1089,1043127.65
1771858800,0.1091,0.1096,0.108,0.1092,703293.19
1771862400,0.1092,0.1115,0.1085,0.1096,938839.98
1771866000,0.1097,0.1102,0.1057,0.1071,1363062.46
1771869600,0.1073,0.108,0.1065,0.1066,311698.93
1771873200,0.1065,0.1067,0.1056,0.1063,443107.68
1771876800,0.1063,0.1066,0.1056,0.1062,489054.83
1771880400,0.1063,0.1068,0.1061,0.1062,103061.98
1771884000,0.1064,0.1072,0.1063,0.1063,413249.75
1771887600,0.1065,0.1071,0.1063,0.1065,796435.22
1771891200,0.1065,0.1079,0.1065,0.1068,645315.93
1771894800,0.1067,0.107,0.1046,0.106,838183.37
1771898400,0.106,0.1061,0.1053,0.1056,442898.76
1771902000,0.1057,0.1057,0.105,0.1055,863332.75
1771905600,0.1055,0.1058,0.1046,0.1054,600906.45
1771909200,0.1054,0.1063,0.1043,0.1046,792784.79
1771912800,0.1047,0.1052,0.1042,0.1044,897354.78
1771916400,0.1045,0.1054,0.1043,0.1048,476485.18
1771920000,0.1049,0.1063,0.1045,0.1062,363219.73
1771923600,0.106,0.1063,0.1052,0.1056,99288.4
1771927200,0.1056,0.1058,0.1051,0.1057,194677.01
1771930800,0.1057,0.1057,0.1048,0.1057,102035.22
1771934400,0.1059,0.1065,0.1048,0.1054,135243.23
1771938000,0.1054,0.1059,0.1046,0.1056,464680.93
1771941600,0.1056,0.1084,0.1051,0.1078,1069327.13
1771945200,0.1079,0.1093,0.107,0.1089,1001984.24
1771948800,0.109,0.1105,0.1089,0.1103,924766.38
1771952400,0.1104,0.1115,0.1095,0.1099,3510242.91
1771956000,0.1098,0.1121,0.1093,0.1115,2733201.21
1771959600,0.1116,0.1125,0.111,0.1121,1167998.46
1771963200,0.1122,0.1137,0.112,0.1131,532358.9
1771966800,0.1133,0.1141,0.1126,0.113,263026.29
1771970400,0.1131,0.1141,0.1131,0.1134,247056.07
1771974000,0.1134,0.1135,0.1119,0.1128,476103.33
1771977600,0.1129,0.1132,0.1114,0.112,911026.2
1771981200,0.1122,0.116,0.1122,0.1159,1276111.49
1771984800,0.116,0.1175,0.1151,0.1158,1012347.35
1771988400,0.1159,0.1162,0.1142,0.1144,717966.26
1771992000,0.1146,0.1148,0.1128,0.1132,267892.58
1771995600,0.1133,0.1134,0.1115,0.1126,432602.29
1771999200,0.1123,0.113,0.1122,0.1128,179904.82
1772002800,0.1128,0.115,0.1127,0.113,673736.3
1772006400,0.1129,0.1149,0.1125,0.1146,706604.68
1772010000,0.1146,0.1152,0.1142,0.1142,144967.81
1772013600,0.1142,0.1145,0.1133,0.1134,171041.09
1772017200,0.1136,0.1138,0.1129,0.1137,140250.57
1772020800,0.1138,0.1149,0.1136,0.1149,415646.09
1772024400,0.115,0.1162,0.1145,0.1151,1520704.1
1772028000,0.115,0.1153,0.1145,0.115,1032764.45
1772031600,0.1149,0.1154,0.1136,0.1144,667028.36
1772035200,0.1145,0.1168,0.1143,0.1159,1885954.07
1772038800,0.1159,0.1169,0.1158,0.1159,791369.09
1772042400,0.1159,0.1166,0.1153,0.1166,960193.05
1772046000,0.1166,0.118,0.1162,0.1178,644317.65
1772049600,0.1177,0.1184,0.1169,0.1177,1217657.23
1772053200,0.1175,0.1181,0.1168,0.1173,689966.96
1772056800,0.1171,0.1178,0.1148,0.1157,749795.02
1772060400,0.1157,0.1158,0.1126,0.1139,851190.46
1772064000,0.114,0.1142,0.1126,0.1132,532542.2
1772067600,0.1132,0.1137,0.1128,0.1129,596154.83
1772071200,0.1127,0.114,0.112,0.114,693128.27
1772074800,0.114,0.1142,0.1132,0.1138,364899.76
1772078400,0.1138,0.1141,0.1128,0.1131,615029.16
1772082000,0.113,0.1131,0.1119,0.1127,381182.14
1772085600,0.1125,0.1129,0.1118,0.1122,279088.7
1772089200,0.1122,0.1124,0.111,0.111,241042.68
1772092800,0.111,0.111,0.1098,0.1103,899507.21
1772096400,0.1104,0.1114,0.1104,0.1112,139426.68
1772100000,0.1111,0.1115,0.1105,0.1105,209378.88
1772103600,0.1106,0.1106,0.1094,0.11,302317.76
1772107200,0.1101,0.111,0.1099,0.1108,165472.24
1772110800,0.1106,0.1115,0.1104,0.1109,108720.45
1772114400,0.1111,0.1117,0.1101,0.111,278816.66
1772118000,0.1108,0.1108,0.1098,0.1107,926396.87
1772121600,0.1107,0.111,0.1082,0.1086,883188.7
1772125200,0.1086,0.1097,0.1086,0.1093,490901.83
1772128800,0.1092,0.1102,0.1086,0.1093,624991.22
1772132400,0.1094,0.1107,0.1092,0.1104,551548.81
1772136000,0.1105,0.1108,0.1095,0.1098,192751.68
1772139600,0.1097,0.1105,0.1096,0.1101,312558.41
1772143200,0.11,0.1107,0.1097,0.1107,194124.86
1772146800,0.1105,0.1105,0.11,0.1103,153726.75
1772150400,0.1104,0.1111,0.11,0.1104,901933.24
1772154000,0.1103,0.1118,0.11,0.1117,1630822.36
1772157600,0.1119,0.1126,0.1109,0.1117,376353.75
1772161200,0.1116,0.1129,0.1116,0.1129,301332.61
1772164800,0.113,0.1143,0.113,0.1142,274645.85
1772168400,0.1142,0.1149,0.1135,0.1145,1755751.02
1772172000,0.1146,0.1153,0.1138,0.1151,630683.83
1772175600,0.1148,0.1158,0.1145,0.1155,268829.12
1772179200,0.1158,0.1165,0.1158,0.1161,1142064.49
1772182800,0.116,0.117,0.1147,0.1147,461081.72
1772186400,0.1147,0.1149,0.1127,0.1129,731761.6
1772190000,0.113,0.1131,0.11,0.1104,642477.39
1772193600,0.1104,0.1114,0.1095,0.1105,700843.67
1772197200,0.1106,0.1109,0.1096,0.1104,1199817.15
1772200800,0.1104,0.1105,0.1094,0.1096,209237.78
1772204400,0.1097,0.1103,0.1093,0.1099,307570.93
1772208000,0.1097,0.1098,0.1076,0.1077,888388.04
1772211600,0.1079,0.1092,0.1068,0.1091,683860.1
1772215200,0.1091,0.1094,0.1083,0.1083,465760.15
1772218800,0.1083,0.1085,0.1076,0.1083,160758.81
1772222400,0.1083,0.1088,0.1082,0.1084,136687.17
1772226000,0.1083,0.1085,0.1076,0.1082,132530.07
1772229600,0.1081,0.1084,0.1069,0.1081,237729.04
1772233200,0.1082,0.1091,0.108,0.1089,537444.03
1772236800,0.1088,0.1095,0.1083,0.109,772058.26
1772240400,0.1091,0.1092,0.1077,0.1077,140811.91
1772244000,0.1077,0.108,0.1076,0.1076,212587.2
1772247600,0.1077,0.1077,0.1072,0.1072,163277.49
1772251200,0.1074,0.1079,0.1073,0.1075,213023.06
1772254800,0.1074,0.1076,0.1066,0.107,218043.04
1772258400,0.1069,0.1071,0.1021,0.1023,2164710.09
1772262000,0.1021,0.1046,0.1019,0.1031,637937.95
1772265600,0.1031,0.1033,0.102,0.1021,282012.66
1772269200,0.102,0.1025,0.1008,0.1012,843579.55
1772272800,0.101,0.1019,0.1005,0.1016,338709.52
1772276400,0.1017,0.1026,0.1013,0.1014,270365.13
1772280000,0.1016,0.1031,0.1014,0.103,251589.19
1772283600,0.103,0.1048,0.1018,0.1046,605837.65
1772287200,0.1047,0.1054,0.1034,0.1038,536126.84
1772290800,0.1038,0.106,0.1033,0.1045,563376.98
1772294400,0.1044,0.1046,0.1036,0.1046,206628.36
1772298000,0.1045,0.1047,0.1035,0.1046,166031.81
1772301600,0.1045,0.106,0.1041,0.1055,562168.66
1772305200,0.1054,0.1071,0.1049,0.1065,192481.8
1772308800,0.1066,0.1087,0.1064,0.108,1305901.37
1772312400,0.1081,0.1081,0.1069,0.1075,223760.47
1772316000,0.1076,0.1097,0.1075,0.1089,244095.82
1772319600,0.1089,0.1093,0.1087,0.109,255628.12
1772323200,0.109,0.1092,0.1077,0.108,334875.61
1772326800,0.1079,0.1109,0.1072,0.1101,585892.12
1772330400,0.1102,0.1126,0.1102,0.111,645293.89
1772334000,0.111,0.1114,0.1099,0.1106,114769.24
1772337600,0.1106,0.1108,0.1093,0.1105,127009.5
1772341200,0.1105,0.1107,0.1099,0.1104,122807.49
1772344800,0.1105,0.1105,0.1088,0.1089,108917.93
1772348400,0.1088,0.1092,0.1084,0.109,71202.22
1772352000,0.1091,0.1094,0.1071,0.1075,185360.14
1772355600,0.1076,0.1078,0.1066,0.1066,56292.55
1772359200,0.1067,0.1073,0.1062,0.107,75416.08
1772362800,0.1069,0.107,0.1065,0.1066,40310.6
1772366400,0.1065,0.1069,0.1057,0.1058,72367.81
1772370000,0.1058,0.1076,0.1052,0.1074,162238.4
1772373600,0.1074,0.108,0.1065,0.107,207010.43
1772377200,0.107,0.1077,0.1063,0.1063,401666.49
1772380800,0.1064,0.107,0.1049,0.1057,276422.04
1772384400,0.1057,0.1058,0.1047,0.1049,118870.34
1772388000,0.1049,0.106,0.1048,0.1049,409443.54
1772391600,0.1049,0.1049,0.1038,0.1041,291663.19
1772395200,0.1041,0.1041,0.1024,0.1028,402655.75
1772398800,0.1027,0.1042,0.1027,0.1039,405036.68
1772402400,0.1039,0.1054,0.1036,0.1042,504141.81
1772406000,0.1042,0.1056,0.104,0.1052,99922.01
1772409600,0.105,0.1075,0.105,0.1069,144215.74
1772413200,0.1068,0.1082,0.1068,0.1077,166567.29
1772416800,0.1077,0.108,0.1066,0.1073,134210.22
1772420400,0.1071,0.1086,0.1065,0.108,275261.14
1772424000,0.1081,0.1088,0.108,0.1082,80246.88
1772427600,0.1082,0.1083,0.1069,0.1075,245841
1772431200,0.1074,0.1075,0.106,0.1066,161897.8
1772434800,0.1066,0.1066,0.1049,0.1049,422769.99
1772438400,0.1049,0.1049,0.1037,0.1038,296043.3
1772442000,0.1037,0.1056,0.1036,0.1038,406825.95
1772445600,0.1038,0.1041,0.1029,0.1032,221016.21
1772449200,0.1032,0.1038,0.102,0.1036,779170.43
1772452800,0.1037,0.1038,0.1023,0.1027,447557.42
1772456400,0.1026,0.103,0.1013,0.1014,565871.98
1772460000,0.1014,0.1041,0.1012,0.104,857861.4
1772463600,0.1041,0.1059,0.1035,0.1046,1572836.9
1772467200,0.1047,0.1058,0.1037,0.1043,2543163.51
1772470800,0.1043,0.1044,0.1009,0.1019,2133994.71
1772474400,0.1019,0.1022,0.1013,0.102,1946248.21
1772478000,0.102,0.1032,0.1014,0.1022,1477351.43
1772481600,0.1022,0.1024,0.1012,0.1018,1086056.41
1772485200,0.1016,0.1031,0.1013,0.1028,989905.22
1772488800,0.1028,0.103,0.1023,0.1024,572974.97
1772492400,0.1024,0.1025,0.1008,0.1016,1541425.19
1772496000,0.1016,0.1018,0.1006,0.1012,1895115.52
1772499600,0.1012,0.1017,0.1006,0.1006,709191.62
1772503200,0.1007,0.1013,0.1,0.1011,1614855.19
1772506800,0.1011,0.1012,0.1,0.1006,949191.91
1772510400,0.1006,0.1007,0.0998,0.1001,866506.87
1772514000,0.1001,0.1007,0.0996,0.0999,574091.48
1772517600,0.1,0.1003,0.0996,0.1001,270910.05
1772521200,0.1002,0.1006,0.099,0.1006,571550.51
1772524800,0.1005,0.1007,0.099,0.0992,420289.55
1772528400,0.0992,0.0998,0.098,0.0983,808722.02
1772532000,0.0981,0.0981,0.0973,0.0979,688603.41
1772535600,0.0981,0.0987,0.0976,0.0985,382090.67
1772539200,0.0985,0.1001,0.0984,0.0996,323999.54
1772542800,0.0996,0.1001,0.0991,0.0998,669337.74
1772546400,0.0997,0.1018,0.0995,0.0998,540655.19
1772550000,0.0998,0.1013,0.0993,0.1009,681932.82
1772553600,0.101,0.1024,0.0998,0.1009,835090.2
1772557200,0.1009,0.1018,0.0997,0.1011,525002.2
1772560800,0.1013,0.1022,0.1009,0.1015,334080.14
1772564400,0.1015,0.1015,0.1003,0.1006,274246.38
1772568000,0.1009,0.101,0.1003,0.1007,271436.56
1772571600,0.1005,0.1007,0.0997,0.1006,210717.02
1772575200,0.1006,0.1012,0.1004,0.1008,172606.99
1772578800,0.1008,0.1017,0.1008,0.1008,266327.46
1772582400,0.1007,0.1015,0.1002,0.1009,203631.64
1772586000,0.1009,0.1024,0.1008,0.1012,205276.02
1772589600,0.1011,0.1017,0.1011,0.1014,93058.78
1772593200,0.1014,0.102,0.1007,0.1016,93689.65
1772596800,0.1017,0.1019,0.1007,0.1008,188767.67
1772600400,0.1009,0.1017,0.1004,0.1014,79371.34
1772604000,0.1015,0.1017,0.1011,0.1014,94751.08
1772607600,0.1015,0.1028,0.101,0.1026,217070.41
1772611200,0.1025,0.1048,0.1021,0.1048,1252585.77
1772614800,0.1049,0.1056,0.1034,0.1037,550464.07
1772618400,0.1037,0.105,0.1029,0.1035,478371.24
1772622000,0.1035,0.1039,0.1026,0.1031,326591.19
1772625600,0.1031,0.1033,0.1015,0.1025,381802.04
1772629200,0.1024,0.1032,0.1023,0.1029,200606.55
1772632800,0.103,0.1045,0.1028,0.1037,1146698.11
1772636400,0.1038,0.1055,0.1034,0.1055,681316.94
1772640000,0.1056,0.1064,0.1042,0.1043,1215883.29
1772643600,0.1043,0.1047,0.1025,0.1042,361785.45
1772647200,0.1042,0.1049,0.1037,0.1049,250836.67
1772650800,0.1049,0.1061,0.1047,0.105,304637.57
1772654400,0.105,0.1053,0.1044,0.105,445360.99
1772658000,0.105,0.1053,0.1042,0.1048,446809.42
1772661600,0.1048,0.1051,0.1038,0.104,211932.61
1772665200,0.1039,0.104,0.1028,0.1038,311860.37
1772668800,0.1037,0.1042,0.1036,0.1036,257311.9
1772672400,0.1037,0.1045,0.1031,0.1034,160621.56
1772676000,0.1035,0.105,0.1035,0.1043,348687.75
1772679600,0.1045,0.1049,0.104,0.1042,136613.76
1772683200,0.1041,0.1043,0.1037,0.104,108860.11
1772686800,0.104,0.1041,0.1026,0.1029,258793.75
1772690400,0.1029,0.1031,0.1025,0.1028,374488.6
1772694000,0.1027,0.103,0.1021,0.1024,586056.32
1772697600,0.1024,0.1027,0.1019,0.1026,200507.14
1772701200,0.1026,0.1032,0.1026,0.1029,34620.33
1772704800,0.103,0.1043,0.1027,0.1041,186872.53
1772708400,0.1039,0.1041,0.1027,0.103,116313.2
1772712000,0.1029,0.1038,0.1027,0.1036,427305.15
1772715600,0.1034,0.1037,0.1027,0.1032,86356.06
1772719200,0.1031,0.1039,0.1028,0.1037,199829.25
1772722800,0.1035,0.1036,0.1004,0.1004,525452.05
1772726400,0.1003,0.1004,0.0988,0.1003,477826.85
1772730000,0.1003,0.101,0.0997,0.0998,258851.42
1772733600,0.1,0.1017,0.1,0.1017,311195.06
1772737200,0.1017,0.1026,0.1008,0.101,1547919.76
1772740800,0.1009,0.102,0.1007,0.1019,96762.09
1772744400,0.1018,0.1024,0.1012,0.1017,233138.55
1772748000,0.1017,0.1017,0.1011,0.1011,74756.52
1772751600,0.1012,0.1013,0.1008,0.1013,57618.27
1772755200,0.1012,0.1014,0.1009,0.1011,268625.59
1772758800,0.1011,0.1017,0.1009,0.1015,328761.28
1772762400,0.1016,0.1018,0.1013,0.1014,195218.06
1772766000,0.1013,0.1018,0.1011,0.1018,33641.29
1772769600,0.1017,0.1018,0.1006,0.1009,120041.85
1772773200,0.101,0.1014,0.1006,0.101,94931.34
1772776800,0.1011,0.102,0.101,0.1019,98924.92
1772780400,0.102,0.1028,0.1019,0.1026,353480.48
1772784000,0.1026,0.1026,0.1017,0.1022,310136.32
1772787600,0.1022,0.1022,0.1,0.1004,305004.01
1772791200,0.1004,0.1009,0.0999,0.0999,334638.91
1772794800,0.0999,0.1,0.0992,0.0993,116468.35
1772798400,0.0991,0.0997,0.0985,0.0997,149688.48
1772802000,0.0998,0.1003,0.0987,0.0987,500607.76
1772805600,0.0988,0.0994,0.0974,0.0978,459155.45
1772809200,0.0977,0.0983,0.0966,0.0973,302507.79
1772812800,0.0971,0.0984,0.0967,0.0975,343223.55
1772816400,0.0977,0.0983,0.097,0.0976,681587.98
1772820000,0.0977,0.0984,0.0977,0.0983,254727.06
1772823600,0.0983,0.0988,0.0983,0.0987,325965.98
1772827200,0.0985,0.0991,0.0982,0.0989,128700.02
1772830800,0.0989,0.099,0.0984,0.0988,319242.2
1772834400,0.0989,0.0989,0.0984,0.0985,197312.28
1772838000,0.0985,0.0988,0.0984,0.0985,45542.86
1772841600,0.0986,0.0993,0.0985,0.0992,126524.33
1772845200,0.0992,0.0993,0.0985,0.0985,61038.32
1772848800,0.0985,0.0989,0.0984,0.0989,90180.02
1772852400,0.0989,0.0995,0.0989,0.099,100329.07
1772856000,0.099,0.0992,0.0986,0.0986,169536.39
1772859600,0.0986,0.0989,0.0983,0.0987,42073.57
1772863200,0.0986,0.0986,0.0976,0.0978,189105.73
1772866800,0.0977,0.0981,0.0974,0.098,29778.15
1772870400,0.098,0.0984,0.0977,0.0977,103465.32
1772874000,0.0976,0.0982,0.0974,0.0981,163977.22
1772877600,0.0981,0.0982,0.0978,0.098,88014.49
1772881200,0.0979,0.0982,0.0974,0.0975,70945.74
1772884800,0.0974,0.0978,0.0971,0.0975,81875.37
1772888400,0.0975,0.0978,0.0975,0.0976,497223.25
1772892000,0.0976,0.0979,0.0969,0.0973,335642.43
1772895600,0.0973,0.0973,0.0967,0.097,71844.35
1772899200,0.097,0.0972,0.0964,0.0969,387729.94
1772902800,0.0969,0.0971,0.0964,0.0964,177395.24
1772906400,0.0963,0.0963,0.0954,0.0957,337673.02
1772910000,0.0957,0.0959,0.0952,0.0955,285681.88
1772913600,0.0955,0.0958,0.0952,0.0952,156572.71
1772917200,0.0954,0.0956,0.0952,0.0953,248114.81
1772920800,0.0954,0.0954,0.094,0.0943,771362.81
1772924400,0.0943,0.0952,0.0943,0.0952,173514.85
1772928000,0.0952,0.0955,0.0946,0.095,79328.45
1772931600,0.095,0.0952,0.0947,0.095,156220.86
1772935200,0.0949,0.0949,0.0935,0.0938,325090.13
1772938800,0.0938,0.0943,0.0937,0.0941,63645.66
1772942400,0.0941,0.0942,0.0934,0.0937,46556.82
1772946000,0.0937,0.0944,0.0937,0.0941,82785.91
1772949600,0.0941,0.0942,0.0937,0.0942,95856.17
1772953200,0.0942,0.0947,0.0942,0.0945,57569.46
1772956800,0.0944,0.0945,0.0939,0.0944,55421.9
1772960400,0.0944,0.095,0.0944,0.0948,42561.86
1772964000,0.0949,0.096,0.0947,0.0958,123410.83
1772967600,0.0958,0.0958,0.0948,0.0953,93478.76
1772971200,0.0952,0.096,0.0947,0.0957,107401.99
1772974800,0.0956,0.0956,0.0945,0.095,79746.34
1772978400,0.0951,0.0954,0.0947,0.0952,230484.91
1772982000,0.0951,0.0952,0.0942,0.0947,174824.2
1772985600,0.0945,0.0948,0.0942,0.0947,132020.48
1772989200,0.0947,0.0954,0.0947,0.0953,434580.42
1772992800,0.0953,0.0959,0.095,0.0957,340400.13
1772996400,0.0957,0.0973,0.0957,0.097,282650.55
1773000000,0.0972,0.0972,0.0961,0.0963,219551.87
1773003600,0.0963,0.0964,0.0955,0.0959,134416.72
1773007200,0.0959,0.0959,0.0941,0.0955,583969.07
1773010800,0.0958,0.0962,0.0951,0.0953,90351.41
1773014400,0.0954,0.0967,0.0954,0.0961,66669.07
1773018000,0.096,0.0963,0.0955,0.0955,101867.56
1773021600,0.0956,0.0964,0.0954,0.0959,61853.39
1773025200,0.0962,0.0973,0.0959,0.0964,166239.96
1773028800,0.0963,0.0974,0.0962,0.0965,42037.35
1773032400,0.0966,0.0978,0.0964,0.0973,68293.4
1773036000,0.0973,0.0976,0.0966,0.0966,101595
1773039600,0.0965,0.0968,0.0959,0.0964,115209.85
1773043200,0.0965,0.0969,0.0964,0.0965,17665.71
1773046800,0.0966,0.0974,0.0961,0.0965,127174.62
1773050400,0.0966,0.0966,0.0962,0.0964,77157.91
1773054000,0.0964,0.0969,0.0959,0.0967,112290.31
1773057600,0.097,0.0977,0.097,0.0974,297902.65
1773061200,0.0974,0.0981,0.0974,0.0976,84201.08
1773064800,0.0977,0.0981,0.097,0.0974,154024.11
1773068400,0.0974,0.0976,0.0967,0.0974,205640.13
1773072000,0.0974,0.0976,0.0961,0.0963,163330.4
1773075600,0.0963,0.0967,0.096,0.0964,155243.93
1773079200,0.0963,0.0965,0.0955,0.0955,229800.92
1773082800,0.0955,0.097,0.0952,0.0955,299763.54
1773086400,0.0956,0.096,0.0955,0.0958,270815.48
1773090000,0.096,0.0963,0.0959,0.0963,244331.83
1773093600,0.0963,0.0963,0.0952,0.0956,216521.91
1773097200,0.0956,0.0959,0.0954,0.0956,91083.91
1773100800,0.0955,0.0962,0.0953,0.0958,300378.36
1773104400,0.0959,0.0962,0.0954,0.0958,115461.19
1773108000,0.096,0.0974,0.0959,0.0971,122029.59
1773111600,0.0971,0.0971,0.0958,0.096,533260.15
1773115200,0.0961,0.0971,0.096,0.0968,90070.2
1773118800,0.0967,0.0969,0.0964,0.0966,178037.3
1773122400,0.0966,0.0966,0.0962,0.0962,88822.72
1773126000,0.0963,0.0969,0.0962,0.0968,96767.99
1773129600,0.0968,0.0975,0.0967,0.0968,82015.43
1773133200,0.0969,0.0982,0.0969,0.0982,164954.45
1773136800,0.0982,0.0983,0.0978,0.0979,59206.45
1773140400,0.0979,0.0984,0.0974,0.0976,512209.37
1773144000,0.0975,0.0976,0.0968,0.097,84122.63
1773147600,0.097,0.0973,0.0961,0.0966,126928.03
1773151200,0.0967,0.0987,0.0961,0.0987,141890.1
1773154800,0.0987,0.0988,0.0975,0.0979,167622.23
1773158400,0.0979,0.0988,0.0975,0.0984,189314.16
1773162000,0.0983,0.0987,0.0977,0.098,137632.9
1773165600,0.098,0.0982,0.0963,0.0967,184475.68
1773169200,0.0965,0.0969,0.0962,0.0967,147683.12
1773172800,0.0967,0.0971,0.0966,0.0967,85333.87
1773176400,0.0967,0.097,0.0958,0.096,117781.53
1773180000,0.0962,0.0964,0.0958,0.0961,173408.47
1773183600,0.0962,0.0964,0.096,0.0964,123131.95
1773187200,0.0962,0.0964,0.0959,0.096,80011.01
1773190800,0.0961,0.0962,0.0957,0.0962,80268.64
1773194400,0.096,0.0964,0.0956,0.0964,191980.85
1773198000,0.0964,0.0966,0.0962,0.0966,65151.27
1773201600,0.0966,0.0971,0.0964,0.0968,78795.7
1773205200,0.0968,0.0969,0.0956,0.096,149261.41
1773208800,0.0961,0.0972,0.0961,0.0972,95044.08
1773212400,0.0973,0.0975,0.0964,0.0967,81726.62
1773216000,0.0967,0.0967,0.096,0.0962,115361.94
1773219600,0.0963,0.0969,0.0962,0.0967,58365.8
1773223200,0.0967,0.0974,0.0965,0.0965,154518.32
1773226800,0.0964,0.0966,0.096,0.0964,151214.41
1773230400,0.0964,0.0977,0.0963,0.097,210628.98
1773234000,0.097,0.0984,0.0969,0.0975,683240.08
1773237600,0.0979,0.098,0.0974,0.0976,154246.07
1773241200,0.0976,0.0977,0.0966,0.0972,516822.94
1773244800,0.097,0.098,0.097,0.0978,359197.02
1773248400,0.098,0.0982,0.097,0.0976,558182.7
1773252000,0.0977,0.0981,0.0974,0.098,129405.75
1773255600,0.0981,0.0984,0.0977,0.098,645987.53
1773259200,0.0979,0.0981,0.0978,0.0981,283786.88
1773262800,0.0981,0.0986,0.0978,0.0985,335751.41
1773266400,0.0986,0.0987,0.0979,0.0981,302550.8
1773270000,0.0982,0.0984,0.0977,0.0979,62681.91
1773273600,0.098,0.0985,0.0976,0.0985,107035.01
1773277200,0.0984,0.0984,0.0976,0.098,147224.4
1773280800,0.098,0.0983,0.0971,0.0972,447799.37
1773284400,0.0972,0.0976,0.0972,0.0976,53795.36
1773288000,0.0976,0.0982,0.0967,0.0968,216484.67
1773291600,0.0969,0.0975,0.0968,0.0974,103905.61
1773295200,0.0974,0.0978,0.0974,0.0977,38473.67
1773298800,0.0978,0.0982,0.0975,0.0981,252610.51
1773302400,0.0979,0.0988,0.0978,0.0986,88822.34
1773306000,0.0987,0.0991,0.0983,0.0989,108163.64
1773309600,0.0989,0.0997,0.0987,0.0992,237187.88
1773313200,0.0991,0.0991,0.0981,0.0981,200018.23
1773316800,0.0981,0.0985,0.098,0.0984,94197.96
1773320400,0.0985,0.0985,0.0972,0.0979,564161.68
1773324000,0.0982,0.0983,0.0968,0.0977,174778.7
1773327600,0.0976,0.0982,0.0972,0.0978,205207.51
1773331200,0.0978,0.0985,0.0976,0.0984,87439.13
1773334800,0.0982,0.0984,0.0979,0.0979,81433.36
1773338400,0.098,0.0982,0.0978,0.0981,200744.25
1773342000,0.0981,0.0989,0.0977,0.0987,231124.46
1773345600,0.0987,0.0988,0.0981,0.0982,328727.26
1773349200,0.0982,0.0989,0.0982,0.0988,150521.63
1773352800,0.0988,0.0993,0.0987,0.0992,368174.72
1773356400,0.0992,0.0998,0.0985,0.0989,752684.55
1773360000,0.0988,0.1004,0.0986,0.0996,549420.53
1773363600,0.0997,0.1001,0.0995,0.1001,732565.38
1773367200,0.1001,0.1001,0.099,0.0993,179840.31
1773370800,0.0993,0.0995,0.0988,0.0995,182958.29
1773374400,0.0993,0.0994,0.0985,0.0986,228628.57
1773378000,0.0985,0.0988,0.0982,0.0987,342464.08
1773381600,0.0987,0.0987,0.0976,0.0979,223985.01
1773385200,0.098,0.0985,0.0979,0.0982,214181.03
1773388800,0.0983,0.099,0.0979,0.0985,304307.64
1773392400,0.0986,0.0987,0.098,0.0981,123325.98
1773396000,0.0981,0.0986,0.098,0.0984,407997.56
1773399600,0.0984,0.0991,0.0984,0.0988,247556.18
1773403200,0.0988,0.0992,0.0982,0.099,488867.33
1773406800,0.099,0.0999,0.098,0.0993,758192.01
1773410400,0.0992,0.1,0.0979,0.0984,840764.12
1773414000,0.0984,0.0992,0.0982,0.0984,547791.55
1773417600,0.0984,0.0985,0.0971,0.0975,420306.31
1773421200,0.0975,0.0975,0.0956,0.0963,1347293.6
1773424800,0.0962,0.0967,0.0957,0.0964,734173.67
1773428400,0.0964,0.0967,0.0962,0.0964,257559.75
1773432000,0.0963,0.0965,0.0958,0.0964,576942.3
1773435600,0.0964,0.0969,0.096,0.0962,239767.57
1773439200,0.096,0.096,0.0949,0.0954,342898.67
1773442800,0.0953,0.0956,0.0952,0.0954,284110.4
1773446400,0.0954,0.0956,0.0949,0.0949,537464.61
1773450000,0.0951,0.0959,0.0947,0.0958,726663.55
1773453600,0.0958,0.0965,0.0956,0.0963,1303508.48
1773457200,0.0964,0.0968,0.0963,0.0966,443211.37
1773460800,0.0965,0.0967,0.096,0.096,143500.87
1773464400,0.0961,0.0961,0.0957,0.096,59468.97
1773468000,0.096,0.096,0.0951,0.0959,184741.72
1773471600,0.0958,0.096,0.0955,0.0957,49716.17
1773475200,0.0957,0.096,0.0957,0.0958,73273.45
1773478800,0.0959,0.0962,0.0957,0.0959,150904.53
1773482400,0.0961,0.0961,0.0956,0.0957,148170.2
1773486000,0.0959,0.0973,0.0958,0.097,615947.77
1773489600,0.0971,0.0975,0.0967,0.0969,274116.28
1773493200,0.097,0.0971,0.0966,0.0969,121488.14
1773496800,0.0971,0.0972,0.0963,0.0963,227987.56
1773500400,0.0962,0.0963,0.0957,0.096,210247.39
1773504000,0.096,0.0964,0.0958,0.0963,716821.17
1773507600,0.0963,0.0963,0.0959,0.0959,146987.43
1773511200,0.0961,0.0962,0.0958,0.096,66336.88
1773514800,0.096,0.0962,0.0959,0.0961,97178.41
1773518400,0.0959,0.0961,0.0958,0.0959,105971.5
1773522000,0.0959,0.0963,0.0958,0.0962,202973.99
1773525600,0.0961,0.0964,0.096,0.0962,158458
1773529200,0.0963,0.0974,0.0963,0.0972,1822571.35
1773532800,0.0972,0.0973,0.0964,0.0965,135922.16
1773536400,0.0966,0.0968,0.0963,0.0968,98318.54
1773540000,0.097,0.0974,0.0968,0.0973,61451.95
1773543600,0.0973,0.0974,0.0968,0.0969,103603.43
1773547200,0.097,0.0973,0.0961,0.0963,162772.93
1773550800,0.0964,0.0966,0.0962,0.0963,50111.37
1773554400,0.0963,0.0963,0.0959,0.0961,537813.84
1773558000,0.0961,0.0961,0.0957,0.0959,128513.36
1773561600,0.0959,0.0959,0.0956,0.0958,218639.85
1773565200,0.0958,0.0959,0.0955,0.0958,166857.44
1773568800,0.0957,0.0962,0.0957,0.0962,88737.58
1773572400,0.0961,0.0969,0.0961,0.0967,548598.83
1773576000,0.0968,0.0969,0.0963,0.0963,132810.23
1773579600,0.0962,0.0963,0.0956,0.0962,245759.27
1773583200,0.0962,0.0967,0.0959,0.0963,86436.97
1773586800,0.0964,0.0966,0.0959,0.096,97963.83
1773590400,0.096,0.0962,0.0958,0.096,52175.54
1773594000,0.096,0.0967,0.096,0.0966,71464.27
1773597600,0.0966,0.0966,0.096,0.0962,227164.47
1773601200,0.0962,0.0966,0.096,0.0964,73843.69
1773604800,0.0965,0.0968,0.0962,0.0964,144742.67
1773608400,0.0964,0.0966,0.0961,0.0966,146623.34
1773612000,0.0966,0.0978,0.0963,0.0975,222368.64
1773615600,0.0976,0.0976,0.0968,0.0975,238902.84
1773619200,0.0978,0.098,0.0973,0.0977,222805.24
1773622800,0.0976,0.0984,0.0975,0.0983,266731.98
1773626400,0.0982,0.0984,0.0974,0.098,138535.13
1773630000,0.0979,0.0995,0.0978,0.0991,654749.94
1773633600,0.0991,0.1006,0.0991,0.1,201491.26
1773637200,0.1002,0.1006,0.1,0.1005,276338.85
1773640800,0.1006,0.1006,0.0999,0.1002,423603.45
1773644400,0.1003,0.1005,0.0998,0.1001,962900.44
1773648000,0.1001,0.1008,0.0995,0.0999,326780.28
1773651600,0.0999,0.1004,0.0998,0.0999,272193.48
1773655200,0.1001,0.1005,0.0999,0.1004,424335.05
1773658800,0.1005,0.1016,0.1003,0.101,860843.65
1773662400,0.1009,0.1014,0.1005,0.1005,724538.2
1773666000,0.1007,0.1013,0.1002,0.1006,545160.33
1773669600,0.1006,0.1009,0.0993,0.1005,771976.51
1773673200,0.1004,0.1006,0.0995,0.0997,467062.23
1773676800,0.0997,0.101,0.0995,0.1008,585648.2
1773680400,0.1007,0.1015,0.1005,0.1014,533525.66
1773684000,0.1014,0.102,0.1012,0.1016,499023.89
1773687600,0.1016,0.1028,0.1012,0.1016,455891.14
1773691200,0.1016,0.1021,0.1012,0.1019,279478.16
1773694800,0.1018,0.1027,0.1015,0.1019,404557.03
1773698400,0.1018,0.1024,0.1018,0.1019,403978.5
1773702000,0.1019,0.1022,0.1012,0.1017,530095.98
1773705600,0.1016,0.1021,0.1011,0.1015,300967.48
1773709200,0.1016,0.1021,0.1012,0.1016,221264.2
1773712800,0.1014,0.1018,0.1012,0.1015,530560.39
1773716400,0.1014,0.1015,0.1,0.1005,452946.05
1773720000,0.1005,0.1006,0.099,0.0996,346659.18
1773723600,0.0994,0.1,0.0994,0.1,116990.92
1773727200,0.0998,0.1004,0.0998,0.1,259011.6
1773730800,0.1002,0.1004,0.1,0.1001,642340.61
1773734400,0.1001,0.1002,0.0996,0.0999,288377.69
1773738000,0.1,0.1001,0.0994,0.0996,130298.96
1773741600,0.0996,0.1001,0.0994,0.1,165268.42
1773745200,0.1001,0.101,0.1,0.1004,251363.5
1773748800,0.1005,0.1007,0.0995,0.0997,311233.59
1773752400,0.0998,0.1002,0.0992,0.0997,437376.95
1773756000,0.0996,0.1004,0.0994,0.1004,430189.94
1773759600,0.1004,0.1007,0.0988,0.0996,429356.53
1773763200,0.0995,0.0997,0.0989,0.0993,273556.69
1773766800,0.0994,0.0999,0.0994,0.0999,296612.05
1773770400,0.1,0.1001,0.0995,0.0999,259142.66
1773774000,0.0999,0.1,0.0993,0.0995,162386.98
1773777600,0.0995,0.1,0.0993,0.0998,183423.68
1773781200,0.0998,0.1005,0.0996,0.1002,591505.64
1773784800,0.1001,0.1003,0.099,0.0995,312246.01
1773788400,0.0995,0.0997,0.099,0.0992,220820
1773792000,0.0993,0.0998,0.0991,0.0997,556770.63
1773795600,0.0996,0.1,0.0994,0.0997,236264.99
1773799200,0.0998,0.1002,0.0998,0.1,652312.53
1773802800,0.1001,0.1003,0.0998,0.1002,1204052.56
1773806400,0.1002,0.1003,0.0998,0.1001,199573.45
1773810000,0.1002,0.1008,0.1,0.1004,260062.31
1773813600,0.1004,0.101,0.1001,0.1001,186843.91
1773817200,0.1002,0.1006,0.1,0.1006,143317.68
1773820800,0.1006,0.1008,0.1003,0.1003,128363.63
1773824400,0.1003,0.1006,0.1002,0.1003,196723.66
1773828000,0.1002,0.1002,0.0995,0.0997,103506.07
1773831600,0.0998,0.1,0.0979,0.0982,945884.46
1773835200,0.0981,0.0983,0.0971,0.0975,638041.59
1773838800,0.0974,0.0978,0.0969,0.0974,769648.5
1773842400,0.0974,0.0977,0.0964,0.0965,630624.54
1773846000,0.0964,0.097,0.0962,0.0965,145987.19
1773849600,0.0965,0.0972,0.0963,0.0967,524487.34
1773853200,0.0967,0.0976,0.0964,0.0974,459911.8
1773856800,0.0974,0.0979,0.0965,0.097,855100.55
1773860400,0.0969,0.0973,0.0965,0.0965,113582.88
1773864000,0.0966,0.0969,0.0961,0.0967,442486.22
1773867600,0.0968,0.0974,0.0968,0.0971,159544.02
1773871200,0.0971,0.0971,0.0967,0.0968,197698.44
1773874800,0.0968,0.097,0.0965,0.0969,113728.65
1773878400,0.0968,0.097,0.0964,0.0966,50028.01
1773882000,0.0965,0.0967,0.0963,0.0964,86674.42
1773885600,0.0964,0.0965,0.096,0.0962,70246.31
1773889200,0.0963,0.0972,0.0962,0.0966,173653.42
1773892800,0.0967,0.0968,0.0963,0.0965,134906.24
1773896400,0.0964,0.0964,0.096,0.0961,107682.46
1773900000,0.0961,0.0963,0.0959,0.0961,67921.89
1773903600,0.0962,0.0962,0.0953,0.0961,230629.21
1773907200,0.096,0.0961,0.0956,0.0958,97546.09
1773910800,0.0959,0.0968,0.0959,0.0967,60189.54
1773914400,0.0967,0.0967,0.0962,0.0963,72726.71
1773918000,0.0964,0.0964,0.0961,0.0961,52211.8
1773921600,0.0959,0.0963,0.0951,0.0951,135462.66
1773925200,0.0952,0.0955,0.0944,0.0952,417180.95
1773928800,0.0954,0.0954,0.0943,0.0947,73458.3
1773932400,0.0947,0.0949,0.094,0.0949,239929.38
1773936000,0.0948,0.0948,0.0943,0.0945,55461.27
1773939600,0.0945,0.0955,0.0941,0.0951,745094.23
1773943200,0.095,0.0951,0.0946,0.0949,117980.37
1773946800,0.095,0.0956,0.095,0.0953,170359.78
1773950400,0.0953,0.0956,0.0953,0.0953,87730.59
1773954000,0.0953,0.0958,0.0953,0.0956,143041.97
1773957600,0.0955,0.0956,0.0949,0.0955,160072.9
1773961200,0.0954,0.0956,0.0953,0.0955,194125.93
1773964800,0.0954,0.0963,0.0954,0.0963,103030.94
1773968400,0.0964,0.0971,0.0963,0.097,149369.45
1773972000,0.097,0.0975,0.0968,0.0975,101317.46
1773975600,0.0974,0.098,0.0973,0.0978,202563.1
1773979200,0.0978,0.0982,0.0974,0.0982,94302.42
1773982800,0.0983,0.0993,0.0983,0.0987,304408.05
1773986400,0.0988,0.099,0.098,0.098,198017.8
1773990000,0.098,0.098,0.0971,0.0974,326034.69
1773993600,0.0974,0.0978,0.097,0.0972,148327.49
1773997200,0.0971,0.0978,0.0967,0.0978,506380.17
1774000800,0.0976,0.0984,0.0972,0.0984,140187.89
1774004400,0.0984,0.0994,0.0984,0.099,239300.7
1774008000,0.099,0.0991,0.0982,0.0983,350326.69
1774011600,0.0984,0.0987,0.0972,0.0973,320969.6
1774015200,0.0972,0.0981,0.0971,0.0978,139417.94
1774018800,0.098,0.0987,0.0974,0.0986,781728.93
1774022400,0.0985,0.1012,0.0985,0.1004,1152346.78
1774026000,0.1005,0.1013,0.0999,0.1002,1514436.05
1774029600,0.1002,0.1003,0.0965,0.0967,2348032.86
1774033200,0.0968,0.0974,0.0966,0.0973,212342.87
1774036800,0.0972,0.0976,0.0966,0.0976,196620.73
1774040400,0.0974,0.0982,0.0971,0.098,110560.23
1774044000,0.0981,0.0986,0.098,0.0984,264526.83
1774047600,0.0983,0.0988,0.0981,0.0985,73971.99
1774051200,0.0984,0.0988,0.0979,0.0981,93818.29
1774054800,0.0981,0.0983,0.0977,0.0978,121483.42
1774058400,0.0978,0.0979,0.0973,0.0974,192639.32
1774062000,0.0975,0.0975,0.097,0.0972,229803.12
1774065600,0.0972,0.0973,0.0969,0.0971,221980.06
1774069200,0.0971,0.0972,0.0969,0.0969,108846.16
1774072800,0.0969,0.0973,0.0967,0.0972,250972.98
1774076400,0.0972,0.0973,0.0969,0.0969,81606.77
1774080000,0.097,0.097,0.0967,0.0969,210128.43
1774083600,0.0969,0.0969,0.0961,0.0961,203866.5
1774087200,0.0962,0.0965,0.0958,0.0965,436060.55
1774090800,0.0965,0.0965,0.096,0.0961,146564.99
1774094400,0.0961,0.0963,0.0957,0.0958,218458.25
1774098000,0.0957,0.0961,0.0956,0.0959,191756.99
1774101600,0.096,0.0964,0.0958,0.0959,363566.8
1774105200,0.0958,0.0966,0.0958,0.0966,247394.56
1774108800,0.0966,0.0967,0.0959,0.0961,189001.25
1774112400,0.0961,0.0963,0.0959,0.0961,346403.69
1774116000,0.0961,0.0964,0.096,0.0963,168968.32
1774119600,0.0963,0.0964,0.0962,0.0963,131564.31
1774123200,0.0964,0.0966,0.0964,0.0966,49137.89
1774126800,0.0966,0.0966,0.0962,0.0962,68469.27
1774130400,0.0963,0.0965,0.0962,0.0962,52510.13
1774134000,0.0962,0.0965,0.0939,0.0946,419626.91
1774137600,0.0944,0.0947,0.0926,0.0944,385447.01
1774141200,0.0943,0.0946,0.0939,0.0944,105000.28
1774144800,0.0945,0.0949,0.0943,0.0946,87594.38
1774148400,0.0947,0.0952,0.0945,0.0946,116978.59
1774152000,0.0949,0.0951,0.0946,0.0949,137734
1774155600,0.0948,0.0948,0.0944,0.0944,71539.09
1774159200,0.0944,0.0945,0.0941,0.0945,188269.32
1774162800,0.0946,0.0946,0.094,0.094,162025.58
1774166400,0.094,0.094,0.0934,0.0938,122746.9
1774170000,0.094,0.094,0.0934,0.0935,85818.48
1774173600,0.0935,0.0935,0.0932,0.0934,135009.55
1774177200,0.0932,0.0935,0.0928,0.0933,1010626.84
1774180800,0.0933,0.094,0.0932,0.0937,215933.21
1774184400,0.0937,0.0939,0.0925,0.0931,2215065.57
1774188000,0.0931,0.0933,0.0928,0.0931,144891.49
1774191600,0.0932,0.0933,0.0929,0.0932,134939.63
1774195200,0.0931,0.0936,0.093,0.0933,112631.96
1774198800,0.0932,0.0936,0.0932,0.0934,32340.42
1774202400,0.0933,0.0933,0.0926,0.0929,298668.17
1774206000,0.0929,0.0929,0.0922,0.0927,110688.96
1774209600,0.0926,0.093,0.0926,0.0928,32721.59
1774213200,0.0929,0.093,0.09,0.0918,3762733.79
1774216800,0.0918,0.0925,0.091,0.0923,2880220.56
1774220400,0.0923,0.0926,0.0919,0.0922,64449.36
1774224000,0.0922,0.0929,0.0919,0.0926,56301.36
1774227600,0.0925,0.0931,0.0924,0.0929,63949.11
1774231200,0.0929,0.0943,0.0928,0.0942,347083.89
1774234800,0.0942,0.0943,0.0938,0.0938,260263.92
1774238400,0.0939,0.0939,0.0929,0.0936,765785.89
1774242000,0.0935,0.0936,0.093,0.0932,137216.26
1774245600,0.0931,0.0931,0.0921,0.0922,103679.45
1774249200,0.0921,0.0923,0.0916,0.0918,312379.19
1774252800,0.0918,0.0919,0.0913,0.0913,312111.18
1774256400,0.0912,0.0917,0.0909,0.0917,273309.85
1774260000,0.0917,0.092,0.0915,0.0919,447526.04
1774263600,0.0918,0.095,0.0916,0.0943,1090658.59
1774267200,0.094,0.0956,0.094,0.0955,562723.93
1774270800,0.0953,0.0961,0.0947,0.096,506785.26
1774274400,0.0961,0.0965,0.0954,0.0959,395768.31
1774278000,0.096,0.0962,0.0947,0.0948,362557.67
1774281600,0.0949,0.0958,0.0949,0.0956,429082.41
1774285200,0.0956,0.0957,0.0949,0.0956,113519.63
1774288800,0.0957,0.0963,0.0956,0.0961,232887.53
1774292400,0.0963,0.0967,0.0959,0.0961,346622.72
1774296000,0.0961,0.097,0.096,0.097,218167.15
1774299600,0.097,0.097,0.0966,0.0966,180430.79
1774303200,0.0965,0.0965,0.0958,0.0962,232279.59
1774306800,0.0961,0.0968,0.0957,0.0968,128645.84
1774310400,0.0968,0.0977,0.0957,0.0958,1907123.14
1774314000,0.0958,0.0961,0.0951,0.0954,293727.99
1774317600,0.0955,0.0959,0.0953,0.0955,202827.12
1774321200,0.0955,0.0961,0.0955,0.0956,72896.69
1774324800,0.0957,0.0957,0.0952,0.0954,91876.51
1774328400,0.0954,0.0961,0.095,0.0959,52465.76
1774332000,0.096,0.0964,0.0959,0.0962,119353.02
1774335600,0.0961,0.0968,0.0961,0.0967,247487.79
1774339200,0.0968,0.097,0.0965,0.0967,69755.45
1774342800,0.0967,0.0968,0.0961,0.0963,141808.75
1774346400,0.0963,0.0963,0.0955,0.0962,185832.6
1774350000,0.0958,0.0959,0.0953,0.0954,94697.17
1774353600,0.0954,0.0954,0.0948,0.0952,88344.61
1774357200,0.0952,0.0953,0.0946,0.0948,100362.85
1774360800,0.0948,0.095,0.0943,0.0948,496991.29
1774364400,0.0949,0.0953,0.0944,0.095,160439.05
1774368000,0.095,0.0955,0.0947,0.0947,349063.06
1774371600,0.0947,0.0948,0.0939,0.0943,628635.38
1774375200,0.094,0.095,0.0939,0.0945,334166.75
1774378800,0.0946,0.095,0.0944,0.0944,101696.1
1774382400,0.0945,0.0955,0.094,0.0954,181539.31
1774386000,0.0954,0.0956,0.0947,0.0956,167003.11
1774389600,0.0956,0.0958,0.0952,0.0954,60984.27
1774393200,0.0954,0.0961,0.0954,0.096,165852.69
1774396800,0.0961,0.0966,0.0956,0.096,593508.01
1774400400,0.0959,0.0963,0.0959,0.0961,150996.99
1774404000,0.096,0.0963,0.0959,0.0959,37621.29
1774407600,0.0959,0.0963,0.0958,0.0962,145937.77
1774411200,0.0962,0.0967,0.0961,0.0964,134892.54
1774414800,0.0963,0.0966,0.0961,0.0962,16836.99
1774418400,0.0962,0.0967,0.0961,0.0962,63134.72
1774422000,0.0962,0.0965,0.0961,0.0962,82763.43
1774425600,0.0962,0.097,0.0961,0.0963,163193.69
1774429200,0.0963,0.0966,0.0962,0.0964,157465.93
1774432800,0.0964,0.0967,0.0963,0.0966,64303.45
1774436400,0.0965,0.0971,0.0964,0.0971,102772.99
1774440000,0.0971,0.0973,0.0967,0.0973,300270.42
1774443600,0.0973,0.0976,0.0968,0.0968,81939.09
1774447200,0.0968,0.0973,0.0967,0.0971,63023.78
1774450800,0.0971,0.098,0.0965,0.098,474282.34
1774454400,0.098,0.1,0.0977,0.0977,901957.58
1774458000,0.0977,0.0984,0.0973,0.0977,141209.06
1774461600,0.0975,0.0979,0.0971,0.0971,256686.89
1774465200,0.0972,0.0978,0.0971,0.0976,286824.13
1774468800,0.0976,0.0976,0.0971,0.0974,116225.38
1774472400,0.0973,0.0978,0.0972,0.0977,194514.69
1774476000,0.0979,0.0984,0.0977,0.0982,256784.91
1774479600,0.0982,0.0982,0.0978,0.0982,151443.58
1774483200,0.0982,0.0982,0.0976,0.0978,162596.2
1774486800,0.0977,0.098,0.0974,0.0975,152735.92
1774490400,0.0974,0.0976,0.097,0.0973,125417.23
1774494000,0.0973,0.0974,0.0968,0.0968,359831.76
1774497600,0.0969,0.0969,0.0966,0.0967,141692.35
1774501200,0.0968,0.0968,0.0957,0.0957,501593.4
1774504800,0.0957,0.096,0.0957,0.0958,372495.33
1774508400,0.0958,0.0963,0.0958,0.0962,180762.98
1774512000,0.0962,0.0962,0.0958,0.096,163470.32
1774515600,0.096,0.0962,0.0949,0.0951,222768.65
1774519200,0.095,0.0951,0.0947,0.0948,65001.35
1774522800,0.0947,0.0948,0.0942,0.0943,485404.64
1774526400,0.0942,0.0948,0.0941,0.0947,396115.24
1774530000,0.0948,0.0952,0.0945,0.0949,596831.92
1774533600,0.0948,0.095,0.0942,0.0944,117493.23
1774537200,0.0945,0.0945,0.0935,0.0942,123792.56
1774540800,0.0943,0.0945,0.0939,0.0942,218577.99
1774544400,0.0943,0.0945,0.0936,0.0938,80408.38
1774548000,0.0939,0.0939,0.0932,0.0936,93129.35
1774551600,0.0936,0.0936,0.0931,0.0932,86439.89
1774555200,0.0932,0.0945,0.0931,0.094,712377.47
1774558800,0.0941,0.0948,0.0941,0.0944,117361.09
1774562400,0.0943,0.0948,0.0943,0.0947,336644.54
1774566000,0.0948,0.0951,0.0945,0.0947,43116.57
1774569600,0.0948,0.0949,0.0945,0.0948,62450.02
1774573200,0.0948,0.0953,0.0948,0.0953,57116.84
1774576800,0.0954,0.096,0.0954,0.0959,175768.96
1774580400,0.0958,0.0961,0.0957,0.096,61688.34
1774584000,0.0961,0.0966,0.0955,0.0962,270476.96
1774587600,0.0962,0.0966,0.0954,0.0954,99051.54
1774591200,0.0955,0.0965,0.0954,0.0965,242934.98
1774594800,0.0965,0.0966,0.0958,0.0966,110180.11
1774598400,0.0966,0.0968,0.0954,0.0957,287470.26
1774602000,0.0957,0.0959,0.0941,0.0942,297878
1774605600,0.094,0.0941,0.0922,0.0922,527466.15
1774609200,0.0922,0.0923,0.0914,0.0917,462982.96
1774612800,0.0917,0.0917,0.0904,0.0908,670363.66
1774616400,0.0908,0.0912,0.0904,0.0907,230948.26
1774620000,0.0907,0.091,0.0899,0.0907,275735.66
1774623600,0.0907,0.0908,0.0899,0.0901,358875.87
1774627200,0.09,0.0907,0.0894,0.0904,298058.88
1774630800,0.0902,0.0904,0.0898,0.0899,173485.46
1774634400,0.09,0.0904,0.0899,0.0902,173743.87
1774638000,0.09,0.0907,0.09,0.0907,267063.85
1774641600,0.0906,0.0909,0.0903,0.0905,484351.26
1774645200,0.0905,0.0905,0.0899,0.09,113586.17
1774648800,0.09,0.0902,0.0898,0.0899,281852.23
1774652400,0.0899,0.0908,0.0899,0.0907,648998.51
1774656000,0.0907,0.091,0.0904,0.0904,196452.07
1774659600,0.0906,0.0906,0.0901,0.0906,248490.95
1774663200,0.0906,0.0909,0.0902,0.0904,203376.08
1774666800,0.0904,0.0905,0.0901,0.0902,49320.13
1774670400,0.0902,0.0904,0.0901,0.0903,340734.29
1774674000,0.0904,0.0906,0.0902,0.0906,205299.18
1774677600,0.0907,0.0912,0.0907,0.0909,157256.04
1774681200,0.0908,0.0916,0.0907,0.0916,193162.94
1774684800,0.0916,0.092,0.0914,0.0917,146742.51
1774688400,0.0915,0.0917,0.0912,0.0916,46349.16
1774692000,0.0917,0.0917,0.0911,0.0916,42237.2
1774695600,0.0916,0.0918,0.0912,0.0918,72696.91
1774699200,0.0917,0.0919,0.0914,0.0916,72309.27
1774702800,0.0916,0.093,0.0916,0.0925,297587.05
1774706400,0.0927,0.0936,0.0927,0.093,381264.14
1774710000,0.093,0.0937,0.0925,0.0926,182640.43
1774713600,0.0928,0.0931,0.0925,0.0929,148603.38
1774717200,0.0929,0.093,0.0921,0.0924,226959.6
1774720800,0.0924,0.0928,0.0924,0.0926,106433.59
1774724400,0.0926,0.0926,0.0921,0.0926,87302.28
1774728000,0.0927,0.0927,0.0924,0.0925,89639.36
1774731600,0.0925,0.0925,0.0917,0.0919,274794.52
1774735200,0.092,0.0922,0.0918,0.0919,87442.45
1774738800,0.0919,0.0921,0.0913,0.0915,276563.07
1774742400,0.0914,0.0916,0.0912,0.0916,70953.18
1774746000,0.0915,0.092,0.0915,0.0919,47553.58
1774749600,0.0919,0.0923,0.0918,0.0919,56273.11
1774753200,0.0919,0.0924,0.0919,0.0923,195975.81
1774756800,0.0922,0.0924,0.0922,0.0922,11422.99
1774760400,0.0922,0.0926,0.0921,0.0926,58521.85
1774764000,0.0926,0.0928,0.0924,0.0925,280364.06
1774767600,0.0927,0.093,0.0924,0.093,187235.64
1774771200,0.093,0.0931,0.0925,0.0928,286499.3
1774774800,0.0927,0.0929,0.0924,0.0925,44591.31
1774778400,0.0923,0.0925,0.0919,0.0923,24505.19
1774782000,0.0922,0.0927,0.0921,0.0922,40838.67
1774785600,0.0922,0.0922,0.0917,0.092,60145.73
1774789200,0.0919,0.0926,0.0915,0.0922,182457
1774792800,0.0923,0.0925,0.0921,0.0925,48537.95
1774796400,0.0926,0.0926,0.0919,0.092,64646.05
1774800000,0.092,0.0922,0.0919,0.0919,124662.04
1774803600,0.0919,0.0924,0.0918,0.0923,45149.51
1774807200,0.0923,0.0925,0.0918,0.0919,1225699.04
1774810800,0.0919,0.0921,0.0918,0.092,211224.36
1774814400,0.092,0.0925,0.092,0.0922,235118.95
1774818000,0.0922,0.0922,0.0918,0.0919,1231913.51
1774821600,0.0918,0.0918,0.0892,0.0906,613205.75
1774825200,0.0905,0.0912,0.0905,0.091,203234.69
1774828800,0.091,0.0923,0.0909,0.0919,290284.59
1774832400,0.092,0.0926,0.0918,0.0926,106700.84
1774836000,0.0927,0.0933,0.0925,0.0929,184055.09
1774839600,0.093,0.0932,0.0926,0.0932,188199.14
1774843200,0.0932,0.0936,0.0931,0.0933,150480.62
1774846800,0.0933,0.0935,0.0929,0.0931,59494.97
1774850400,0.0931,0.0934,0.093,0.0932,75300.98
1774854000,0.0932,0.0944,0.0931,0.0944,144775.54
1774857600,0.0945,0.0949,0.094,0.0942,453660.63
1774861200,0.094,0.0943,0.0935,0.094,1384730.92
1774864800,0.0937,0.0943,0.0937,0.0941,1495073.01
1774868400,0.0941,0.0947,0.0941,0.0944,203002.12
1774872000,0.0944,0.0945,0.0936,0.0937,288369.56
1774875600,0.0936,0.0938,0.0931,0.0932,122276.9
1774879200,0.0934,0.0935,0.0924,0.0929,293521.26
1774882800,0.093,0.093,0.0924,0.0924,108496.88
1774886400,0.0924,0.0925,0.0915,0.0919,189507.39
1774890000,0.0919,0.0919,0.0913,0.0913,280422.55
1774893600,0.0911,0.0912,0.0905,0.0908,290730.91
1774897200,0.0907,0.0908,0.0904,0.0907,162249.08
1774900800,0.0908,0.0913,0.0906,0.0911,351680.9
1774904400,0.0912,0.092,0.0911,0.0918,343611.07
1774908000,0.0918,0.0918,0.0913,0.0918,262830.17
1774911600,0.0914,0.0916,0.0911,0.0914,134006.33
1774915200,0.0913,0.0917,0.091,0.0914,300221.9
1774918800,0.0914,0.0927,0.0913,0.0926,105997.24
1774922400,0.0926,0.0929,0.0924,0.0927,66857.33
1774926000,0.0927,0.0927,0.0922,0.0924,142339.01
1774929600,0.0921,0.0921,0.0914,0.0916,127151.67
1774933200,0.0916,0.0917,0.0913,0.0913,77279.7
1774936800,0.0911,0.0912,0.0905,0.0912,225974.86
1774940400,0.0911,0.0911,0.0903,0.0906,107363.98
1774944000,0.0905,0.0906,0.0899,0.0901,97589.97
1774947600,0.0899,0.0903,0.0899,0.0902,97728.2
1774951200,0.0903,0.0904,0.0898,0.0898,28722.29
1774954800,0.0898,0.0901,0.0893,0.09,214732.26
1774958400,0.0899,0.09,0.089,0.089,215221.32
1774962000,0.0889,0.0898,0.0884,0.0897,739036.39
1774965600,0.0897,0.0897,0.0882,0.0883,271912.57
1774969200,0.0885,0.0898,0.0884,0.0886,376041.54
1774972800,0.0886,0.0904,0.0884,0.0901,317372.36
1774976400,0.0901,0.0908,0.0894,0.0901,321237.13
1774980000,0.0898,0.0903,0.0896,0.0899,767936.82
1774983600,0.0899,0.0902,0.0895,0.09,282129.9
1774987200,0.09,0.0908,0.0899,0.0905,275212.77
1774990800,0.0905,0.0908,0.0903,0.0904,195751.39
1774994400,0.0903,0.0905,0.09,0.0904,111411.06
1774998000,0.0904,0.0912,0.0904,0.0911,76069.84
1775001600,0.091,0.0915,0.0909,0.0915,80615.82
1775005200,0.0913,0.0915,0.091,0.0911,32520.38
1775008800,0.0912,0.0914,0.0909,0.0913,21065.96
1775012400,0.0913,0.0928,0.0913,0.0928,213575.06
1775016000,0.093,0.0941,0.0928,0.0936,684438.92
1775019600,0.0935,0.0943,0.0932,0.0937,682719.22
1775023200,0.0938,0.095,0.0938,0.0943,1204487.14
1775026800,0.0942,0.0944,0.0938,0.0943,137128.21
1775030400,0.0943,0.0949,0.0942,0.0944,307973.73
1775034000,0.0944,0.0945,0.094,0.0943,298434.9
1775037600,0.0943,0.0946,0.094,0.0943,326358.82
1775041200,0.0943,0.0945,0.0941,0.0943,278109.49
1775044800,0.0943,0.0951,0.094,0.0945,580733.98
1775048400,0.0945,0.095,0.0937,0.0944,1559673.36
1775052000,0.0944,0.0947,0.0938,0.0942,876914.84
1775055600,0.0942,0.0942,0.0928,0.0938,481565.26
1775059200,0.0938,0.0945,0.0933,0.0941,416544.65
1775062800,0.094,0.0946,0.0939,0.0942,550488.8
1775066400,0.0942,0.0946,0.0937,0.0938,375262.19
1775070000,0.0938,0.0942,0.0937,0.0939,197792.77
1775073600,0.0939,0.094,0.0929,0.0932,807878.68
1775077200,0.0932,0.0936,0.0931,0.0932,210374.32
1775080800,0.0932,0.0933,0.0929,0.093,343851.62
1775084400,0.0929,0.093,0.0924,0.0927,461815.48
1775088000,0.0928,0.0933,0.0923,0.093,465062.01
1775091600,0.093,0.093,0.0906,0.0909,1157142.49
1775095200,0.0908,0.0911,0.09,0.0904,637101.78
1775098800,0.0905,0.0909,0.0901,0.0907,398243.03
1775102400,0.0907,0.091,0.0902,0.0906,258464.64
1775106000,0.0906,0.0911,0.0902,0.0911,252001
1775109600,0.091,0.0914,0.0909,0.0913,242074.38
1775113200,0.0912,0.0917,0.0912,0.0916,307082.21
1775116800,0.0917,0.0917,0.0907,0.0909,137337.06
1775120400,0.0909,0.091,0.0906,0.0909,105685.33
1775124000,0.0908,0.091,0.0905,0.0906,333174.14
1775127600,0.0907,0.0908,0.0902,0.0905,288372.22
1775131200,0.0904,0.0907,0.0901,0.0901,188248.44
1775134800,0.0901,0.0904,0.0897,0.0902,250203.93
1775138400,0.0903,0.0916,0.0902,0.0911,551131.54
1775142000,0.0913,0.0922,0.091,0.0921,650516.55
1775145600,0.0921,0.0922,0.0905,0.091,2027617.02
1775149200,0.0907,0.0915,0.0903,0.0903,164879.28
1775152800,0.0904,0.091,0.0904,0.091,94101.53
1775156400,0.091,0.0914,0.0907,0.0909,735250.47
1775160000,0.0908,0.0915,0.0907,0.0914,259435.34
1775163600,0.0914,0.0914,0.0911,0.0912,356521.1
1775167200,0.0913,0.0915,0.0909,0.0911,153556.8
1775170800,0.091,0.0914,0.091,0.0912,130434.21
1775174400,0.0913,0.0916,0.0911,0.0916,346572.59
1775178000,0.0916,0.092,0.0915,0.0917,167673.47
1775181600,0.0916,0.0924,0.0916,0.0921,592617.89
1775185200,0.0921,0.0932,0.0919,0.093,689335.38
1775188800,0.0932,0.0937,0.0929,0.0929,734887.05
1775192400,0.0931,0.0935,0.0928,0.0931,328433.58
1775196000,0.0932,0.0938,0.0931,0.0934,299290.62
1775199600,0.0934,0.0936,0.0929,0.0931,307673.75
1775203200,0.0932,0.0933,0.0928,0.0928,269429.8
1775206800,0.0928,0.0931,0.0928,0.093,332319.51
1775210400,0.093,0.0931,0.0928,0.093,231507.45
1775214000,0.093,0.0934,0.0928,0.0933,261836.22
1775217600,0.0934,0.0935,0.0919,0.0924,604782.59
1775221200,0.0924,0.0924,0.0915,0.0917,450953.95
1775224800,0.0915,0.0924,0.0915,0.092,282725.89
1775228400,0.0922,0.0924,0.0919,0.0924,541219.55
1775232000,0.0925,0.0932,0.0924,0.0928,1117978.85
1775235600,0.0929,0.0932,0.0926,0.0928,555152.38
1775239200,0.0927,0.0932,0.0927,0.0927,423281
1775242800,0.0928,0.0929,0.0924,0.0928,101493.68
1775246400,0.0927,0.0929,0.0925,0.0925,29709.12
1775250000,0.0925,0.0926,0.0922,0.0923,33168.14
1775253600,0.0923,0.0925,0.0922,0.0923,53774.53
1775257200,0.0922,0.0925,0.0921,0.0924,100811.82
1775260800,0.0924,0.0927,0.0921,0.0923,164595.93
1775264400,0.0923,0.0924,0.0921,0.0922,84057.5
1775268000,0.0923,0.0923,0.0921,0.0922,26782.16
1775271600,0.0922,0.0924,0.0921,0.0923,166194.7
1775275200,0.0923,0.0925,0.0922,0.0924,144941.21
1775278800,0.0924,0.0926,0.0921,0.0921,120377.8
1775282400,0.0921,0.0927,0.092,0.0925,139835.11
1775286000,0.0926,0.0928,0.0925,0.0926,141186.21
1775289600,0.0926,0.093,0.0926,0.0927,38031.03
1775293200,0.0927,0.0929,0.0925,0.0926,95793.61
1775296800,0.0925,0.0928,0.0923,0.0926,64580.82
1775300400,0.0926,0.0927,0.0924,0.0925,104782.73
1775304000,0.0925,0.0928,0.0925,0.0927,286090.01
1775307600,0.0928,0.093,0.0924,0.0925,112234.75
1775311200,0.0927,0.0927,0.092,0.0924,94608.63
1775314800,0.0924,0.0927,0.0922,0.0924,164494.4
1775318400,0.0923,0.0924,0.0921,0.0921,68095.36
1775322000,0.0923,0.093,0.0921,0.0927,286036.77
1775325600,0.0926,0.0928,0.0925,0.0926,74427.34
1775329200,0.0926,0.093,0.0925,0.0929,268519.93
1775332800,0.0929,0.0929,0.0926,0.0927,198077.75
1775336400,0.0927,0.0928,0.0925,0.0927,240964.5
1775340000,0.0927,0.0928,0.0925,0.0926,83607.06
1775343600,0.0926,0.0927,0.0925,0.0927,67938.96
1775347200,0.0927,0.0927,0.0922,0.0922,78018.99
1775350800,0.0923,0.0924,0.0921,0.0921,58258.82
1775354400,0.0921,0.0922,0.0919,0.092,34131.96
1775358000,0.0921,0.0921,0.0918,0.0919,35331.83
1775361600,0.0919,0.0919,0.0915,0.0916,49482.74
1775365200,0.0917,0.0917,0.091,0.091,128726.66
1775368800,0.0909,0.091,0.0901,0.0904,223463.16
1775372400,0.0903,0.0904,0.0894,0.0899,236630.13
1775376000,0.09,0.0903,0.0899,0.0901,163643.31
1775379600,0.0901,0.0904,0.09,0.0904,36521.12
1775383200,0.0903,0.0906,0.0901,0.0901,49957.18
1775386800,0.0902,0.0905,0.0901,0.0904,52217.11
1775390400,0.0904,0.0904,0.0899,0.0902,109012.83
1775394000,0.0901,0.0904,0.0899,0.0903,91308.89
1775397600,0.0904,0.0904,0.09,0.0902,69580.08
1775401200,0.0902,0.0912,0.0901,0.0904,321226.12
1775404800,0.0904,0.0906,0.0901,0.0901,173873.69
1775408400,0.0901,0.0902,0.0897,0.0902,232348.66
1775412000,0.0902,0.0902,0.0898,0.0898,95456
1775415600,0.0898,0.0901,0.0896,0.0898,194813.61
1775419200,0.0899,0.09,0.0896,0.0897,365530.77
1775422800,0.0896,0.0898,0.0894,0.0895,207417.52
1775426400,0.0895,0.0902,0.0894,0.0899,207817.98
1775430000,0.09,0.0908,0.0898,0.0908,424200.2
1775433600,0.091,0.0918,0.0908,0.0916,509209.31
1775437200,0.0917,0.0919,0.0914,0.0918,332619.08
1775440800,0.0918,0.0939,0.0917,0.0929,1013804.45
1775444400,0.093,0.093,0.0926,0.093,158907.81
1775448000,0.093,0.0934,0.0929,0.093,408418.16
1775451600,0.0931,0.0934,0.093,0.093,311485.82
1775455200,0.093,0.0933,0.0928,0.0932,217851.78
1775458800,0.0931,0.0933,0.0927,0.093,309919.05
1775462400,0.0932,0.0933,0.093,0.0931,202007.07
1775466000,0.0931,0.0936,0.0931,0.0935,321377.4
1775469600,0.0935,0.0939,0.0935,0.0937,212455.1
1775473200,0.0937,0.0938,0.0934,0.0936,199356.86
1775476800,0.0936,0.0938,0.0931,0.0933,203010.58
1775480400,0.0933,0.0935,0.0928,0.0929,95159.31
1775484000,0.0928,0.0932,0.0925,0.0929,72863.91
1775487600,0.093,0.0934,0.0927,0.0931,141182.08
1775491200,0.093,0.0931,0.0928,0.0928,162445.26
1775494800,0.0927,0.0929,0.0925,0.0928,142510.81
1775498400,0.0927,0.093,0.0925,0.0925,231866.24
1775502000,0.0925,0.0926,0.0923,0.0923,140437.73
1775505600,0.0923,0.0926,0.0922,0.0922,266811.02
1775509200,0.0922,0.0923,0.0914,0.0915,270416.75
1775512800,0.0914,0.0916,0.0903,0.0903,273758.22
1775516400,0.0903,0.0904,0.0886,0.09,1594773.48
1775520000,0.0901,0.0903,0.0899,0.09,177671.76
1775523600,0.09,0.0903,0.0898,0.0898,102770.46
1775527200,0.0898,0.0902,0.0897,0.0901,218435.82
1775530800,0.09,0.0905,0.09,0.0903,137297.2
1775534400,0.0903,0.0904,0.0899,0.0903,104144.58
1775538000,0.0902,0.0903,0.0899,0.0903,102862.15
1775541600,0.0902,0.0904,0.09,0.0904,80063.88
1775545200,0.0904,0.0907,0.0901,0.0907,168589.95
1775548800,0.0909,0.091,0.0906,0.0908,196791.11
1775552400,0.0907,0.091,0.0907,0.0908,116295.93
1775556000,0.0908,0.0908,0.09,0.0901,245694.58
1775559600,0.09,0.0902,0.0897,0.0899,76195.35
1775563200,0.0898,0.0901,0.0893,0.09,198071.55
1775566800,0.0901,0.0903,0.0897,0.0899,344357.53
1775570400,0.0897,0.0901,0.0895,0.0896,217173.05
1775574000,0.0896,0.0904,0.0892,0.0892,985020.23
1775577600,0.0892,0.0894,0.0887,0.0889,205053.24
1775581200,0.089,0.0899,0.0887,0.0895,117622.78
1775584800,0.0893,0.0894,0.0888,0.089,105613.7
1775588400,0.0889,0.0899,0.0888,0.0899,87571.2
1775592000,0.0899,0.0901,0.0896,0.0898,98601.21
1775595600,0.0899,0.0914,0.0898,0.0914,429709.79
1775599200,0.0912,0.093,0.0912,0.0928,586389.76
1775602800,0.0928,0.0935,0.0926,0.0929,471517.43
1775606400,0.093,0.0933,0.0918,0.0921,626469.25
1775610000,0.0922,0.0924,0.092,0.0922,213457.73
1775613600,0.0923,0.0926,0.092,0.0923,214845.29
1775617200,0.0922,0.0926,0.0921,0.0925,228758.23
1775620800,0.0925,0.0928,0.0924,0.0926,398490.89
1775624400,0.0928,0.093,0.0926,0.0929,163732.3
1775628000,0.0928,0.0929,0.0925,0.0925,299152.8
1775631600,0.0925,0.0926,0.092,0.0922,170063.62
1775635200,0.0921,0.0923,0.0919,0.0919,157749.56
1775638800,0.092,0.0923,0.0918,0.0921,262844.16
1775642400,0.0922,0.0922,0.091,0.0911,151738.26
1775646000,0.0911,0.0913,0.0907,0.0911,251983.7
1775649600,0.0911,0.0938,0.091,0.0927,2358810.53
1775653200,0.0925,0.0927,0.0914,0.0917,1631177.85
1775656800,0.0918,0.0919,0.0902,0.0903,844801.93
1775660400,0.0904,0.0906,0.0893,0.0894,458929.6
1775664000,0.0895,0.0906,0.0893,0.0904,233782.34
1775667600,0.0904,0.091,0.0902,0.0904,572580.4
1775671200,0.0903,0.0904,0.0894,0.0895,497589.92
1775674800,0.0894,0.09,0.0893,0.0899,267261.54
1775678400,0.09,0.0901,0.0896,0.0898,230471.47
1775682000,0.0899,0.0902,0.0898,0.0901,210532.22
1775685600,0.09,0.09,0.0889,0.0889,190598.54
1775689200,0.0888,0.0888,0.0881,0.0884,361676.91
1775692800,0.0884,0.0884,0.0877,0.0882,779353.47
1775696400,0.0881,0.0881,0.0858,0.087,1775917.14
1775700000,0.0871,0.0872,0.0869,0.0869,35353.46
1775703600,0.0868,0.0871,0.0865,0.0865,295437.13
1775707200,0.0865,0.0869,0.0863,0.0865,236400.71
1775710800,0.0864,0.0869,0.086,0.0866,858931.82
1775714400,0.0865,0.0868,0.0864,0.0867,328495.99
1775718000,0.0866,0.0866,0.0861,0.0865,142859.99
1775721600,0.0864,0.0866,0.0861,0.0861,110253.08
1775725200,0.0862,0.0865,0.0858,0.0863,149918.52
1775728800,0.0863,0.0867,0.0861,0.0866,743891.96
1775732400,0.0867,0.0869,0.0865,0.0865,236554.05
1775736000,0.0866,0.0867,0.0863,0.0865,137439.37
1775739600,0.0865,0.0873,0.0864,0.0871,421785.72
1775743200,0.0872,0.0872,0.0863,0.0866,649295.75
1775746800,0.0867,0.0869,0.086,0.0866,1093499.15
1775750400,0.0867,0.0876,0.0867,0.0868,1231267.43
1775754000,0.0869,0.0871,0.0865,0.0867,603121.88
1775757600,0.0868,0.0873,0.0861,0.0872,743220.46
1775761200,0.0871,0.0886,0.0871,0.0883,560646.51
1775764800,0.0882,0.0882,0.0875,0.0877,540094.19
1775768400,0.0878,0.0878,0.0874,0.0876,566581.99
1775772000,0.0878,0.0885,0.0874,0.0875,892873.63
1775775600,0.0875,0.0875,0.0862,0.0866,1254743.94
1775779200,0.0866,0.0867,0.0858,0.0862,634727.63
1775782800,0.0862,0.0879,0.0861,0.0877,351405.13
1775786400,0.0877,0.0881,0.0869,0.0869,432024.9
1775790000,0.087,0.0871,0.0865,0.0869,534408.75
1775793600,0.087,0.087,0.0862,0.0864,954945.29
1775797200,0.0864,0.0868,0.0862,0.0865,291312.76
1775800800,0.0865,0.0869,0.086,0.0862,1224094.21
1775804400,0.0863,0.0866,0.0858,0.0859,752886.48
1775808000,0.0859,0.0859,0.0844,0.0846,1966785.9
1775811600,0.0846,0.0849,0.084,0.0846,1752249.28
1775815200,0.0846,0.085,0.0845,0.0845,670716.61
1775818800,0.0845,0.085,0.0845,0.085,760247.56
1775822400,0.0851,0.0857,0.0849,0.0853,1150443.19
1775826000,0.0853,0.0855,0.0847,0.0853,696365.61
1775829600,0.0852,0.0861,0.0851,0.0859,856538.47
1775833200,0.0859,0.0859,0.0842,0.0843,1721588.47
1775836800,0.0844,0.0851,0.0843,0.085,1116551.13
1775840400,0.085,0.0856,0.0848,0.085,763565.72
1775844000,0.085,0.0856,0.0849,0.0856,750150.27
1775847600,0.0856,0.0858,0.0853,0.0854,217942.43
1775851200,0.0855,0.0857,0.085,0.0854,364379.5
1775854800,0.0854,0.0856,0.085,0.0855,676200.76
1775858400,0.0856,0.0856,0.0847,0.0849,216202.28
1775862000,0.0849,0.0857,0.0849,0.0857,149981.45
1775865600,0.0857,0.0857,0.0851,0.0855,176501.75
1775869200,0.0856,0.0856,0.085,0.0855,183488.48
1775872800,0.0855,0.0858,0.0855,0.0855,111657.11
1775876400,0.0854,0.086,0.0847,0.0847,208572.94
1775880000,0.0847,0.0851,0.0846,0.0846,292623.96
1775883600,0.0846,0.0851,0.0844,0.0847,164973.56
1775887200,0.0847,0.0855,0.0846,0.0853,337838.66
1775890800,0.0854,0.0854,0.0849,0.0851,260551.03
1775894400,0.0851,0.0851,0.0846,0.0847,85539.25
1775898000,0.0847,0.0848,0.0845,0.0848,40914.55
1775901600,0.0847,0.0851,0.0845,0.085,121115.33
1775905200,0.085,0.0854,0.085,0.0852,221380.14
1775908800,0.0853,0.0854,0.0849,0.085,268298
1775912400,0.085,0.0852,0.0848,0.0851,365728.76
1775916000,0.0851,0.0863,0.0851,0.0855,858482.2
1775919600,0.0856,0.0862,0.0855,0.0858,305691.95
1775923200,0.0858,0.0859,0.0855,0.0858,287233.36
1775926800,0.0856,0.0857,0.0852,0.0855,214159.53
1775930400,0.0855,0.0863,0.0854,0.0862,253939.24
1775934000,0.0863,0.0867,0.0862,0.0863,414363.5
1775937600,0.0863,0.0864,0.0855,0.0858,392384.1
1775941200,0.0857,0.0861,0.0856,0.086,335999.62
1775944800,0.0861,0.0862,0.0854,0.0855,236768.13
1775948400,0.0856,0.0857,0.0851,0.0856,194980.55
1775952000,0.0854,0.0858,0.0853,0.0858,104371.29
1775955600,0.086,0.086,0.0842,0.0842,474798.33
1775959200,0.0842,0.0845,0.0837,0.0841,749483.36
1775962800,0.0841,0.0844,0.0839,0.0841,98956.4
1775966400,0.0841,0.0842,0.0838,0.0842,39642.14
1775970000,0.0842,0.0843,0.0838,0.0843,43463.53
1775973600,0.0843,0.0844,0.0834,0.0837,121761.85
1775977200,0.0837,0.0838,0.0835,0.0837,125629.57
1775980800,0.0838,0.084,0.0836,0.0836,62972.15
1775984400,0.0838,0.0838,0.083,0.0833,212733.77
1775988000,0.0834,0.0834,0.0829,0.083,268238.94
1775991600,0.0829,0.0834,0.0826,0.083,188927.64
1775995200,0.083,0.0835,0.0829,0.083,142528.34
1775998800,0.083,0.0832,0.0823,0.0825,245532.7
1776002400,0.0827,0.0828,0.0821,0.0821,241148.08
1776006000,0.0822,0.0826,0.0821,0.0826,192547.19
1776009600,0.0826,0.0827,0.0824,0.0826,63599.89
1776013200,0.0827,0.0831,0.0825,0.0831,89275.97
1776016800,0.0829,0.0832,0.0829,0.083,73112.84
1776020400,0.0831,0.0831,0.0827,0.0829,69638.36
1776024000,0.0829,0.0831,0.0825,0.0829,128266.59
1776027600,0.0829,0.083,0.0825,0.0826,98148.32
1776031200,0.0826,0.0826,0.0813,0.0817,1262110.98
1776034800,0.0817,0.082,0.0816,0.0819,64672.52
1776038400,0.082,0.0834,0.082,0.0833,302955.3
1776042000,0.0834,0.0834,0.0828,0.0829,98298.48
1776045600,0.083,0.083,0.0822,0.0824,151939.97
1776049200,0.0825,0.0829,0.0824,0.0829,81430.83
1776052800,0.083,0.0831,0.0824,0.0824,220452.9
1776056400,0.0824,0.0826,0.0822,0.0826,108065.45
1776060000,0.0825,0.0826,0.0821,0.0821,54597.32
1776063600,0.0822,0.0823,0.0817,0.0822,140080.78
1776067200,0.082,0.0822,0.0816,0.0818,124190.28
1776070800,0.0819,0.0823,0.0816,0.0823,26273.65
1776074400,0.0824,0.0825,0.0822,0.0824,80649.62
1776078000,0.0825,0.0827,0.0823,0.0827,40658.93
1776081600,0.0824,0.0829,0.0823,0.0827,37761.91
1776085200,0.0829,0.083,0.0826,0.083,116313.34
1776088800,0.083,0.0836,0.0828,0.0835,52396.45
1776092400,0.0835,0.0836,0.0826,0.0828,293383.2
1776096000,0.0827,0.0835,0.0826,0.0833,116663.54
1776099600,0.0833,0.0837,0.0831,0.0833,321433.18
1776103200,0.0835,0.0838,0.0835,0.0836,217550.93
1776106800,0.0835,0.0844,0.0835,0.0842,203003.01
1776110400,0.0842,0.0842,0.0834,0.0837,1335821.06
1776114000,0.0837,0.0841,0.0837,0.084,159155.36
1776117600,0.0841,0.0856,0.0841,0.0856,478208.24
1776121200,0.0854,0.0862,0.0854,0.0858,254274.01
1776124800,0.0859,0.0859,0.0847,0.085,758712.7
1776128400,0.0849,0.0851,0.0848,0.085,149483.3
1776132000,0.085,0.085,0.0843,0.0843,138956.28
1776135600,0.0842,0.0844,0.0839,0.0841,419853.02
1776139200,0.0841,0.0845,0.0841,0.0842,646628.09
1776142800,0.0844,0.0844,0.0837,0.0839,144415.72
1776146400,0.084,0.0841,0.0836,0.0838,154103.64
1776150000,0.0837,0.084,0.0835,0.0838,156507.52
1776153600,0.0838,0.0842,0.0838,0.0841,144794.92
1776157200,0.0841,0.0843,0.084,0.0842,165573.54
1776160800,0.0842,0.0843,0.0837,0.0839,145338.87
1776164400,0.0839,0.0842,0.0837,0.084,106220.41
1776168000,0.0839,0.0841,0.0834,0.0837,818199.68
1776171600,0.0837,0.0844,0.0835,0.0844,669033.76
1776175200,0.0845,0.0845,0.084,0.0843,506973.56
1776178800,0.0843,0.0845,0.0839,0.084,458792.23
1776182400,0.084,0.0846,0.0839,0.0839,154109.03
1776186000,0.0839,0.0843,0.0836,0.0839,259387.02
1776189600,0.084,0.084,0.0829,0.0834,719491.27
1776193200,0.0833,0.0835,0.0828,0.0833,302274.79
1776196800,0.0834,0.0834,0.0828,0.0828,107751.91
1776200400,0.0829,0.0831,0.0828,0.0828,120024.57
1776204000,0.0828,0.0833,0.0824,0.0825,182352.29
1776207600,0.0825,0.0828,0.0823,0.0828,131117.58
1776211200,0.0829,0.0832,0.0828,0.0828,77666
1776214800,0.0828,0.0837,0.0828,0.0836,81104.36
1776218400,0.0835,0.0836,0.083,0.083,187030.52
1776222000,0.083,0.0833,0.0828,0.083,133301.56
1776225600,0.083,0.0835,0.0829,0.0835,115475.75
1776229200,0.0835,0.0835,0.0833,0.0834,123481.38
1776232800,0.0834,0.0836,0.0832,0.0834,115997.11
1776236400,0.0836,0.0839,0.0835,0.0837,228083.08
1776240000,0.0836,0.0845,0.0835,0.0844,324288.01
1776243600,0.0844,0.0846,0.0841,0.0844,524609.6
1776247200,0.0844,0.0855,0.0844,0.0849,647568.78
1776250800,0.0851,0.0851,0.0845,0.0848,310744.11
1776254400,0.0848,0.0848,0.0841,0.0846,257010.21
1776258000,0.0846,0.0849,0.0842,0.0844,164219.13
1776261600,0.0844,0.0849,0.0843,0.0847,187137.26
1776265200,0.0847,0.0851,0.0845,0.0849,89747.31
1776268800,0.0849,0.0855,0.0849,0.0853,203046.57
1776272400,0.0853,0.0858,0.0852,0.0856,306134.58
1776276000,0.0856,0.0859,0.0853,0.0855,129824.3
1776279600,0.0855,0.0862,0.0855,0.0858,126614.53
1776283200,0.0859,0.086,0.0856,0.0857,120289.14
1776286800,0.0857,0.0861,0.0852,0.0859,242626.38
1776290400,0.0859,0.0862,0.0853,0.0853,269606.98
1776294000,0.0853,0.0855,0.0849,0.0853,93732.05
1776297600,0.0854,0.0856,0.0849,0.0856,187595.91
1776301200,0.0855,0.0856,0.0851,0.0854,235530.32
1776304800,0.0855,0.086,0.0855,0.0858,186959.72
1776308400,0.0859,0.0867,0.0858,0.0865,200076.27
1776312000,0.0867,0.0871,0.0864,0.0866,611877.21
1776315600,0.0867,0.0868,0.0864,0.0865,116228.32
1776319200,0.0865,0.087,0.0864,0.087,47389.87
1776322800,0.0871,0.0876,0.087,0.0874,172271.48
1776326400,0.0873,0.0873,0.0869,0.087,181524.18
1776330000,0.0871,0.0876,0.087,0.0874,81132.74
1776333600,0.0873,0.0875,0.087,0.0871,101300.33
1776337200,0.087,0.0874,0.0869,0.0874,104768.6
1776340800,0.0875,0.0881,0.0875,0.0881,277911.95
1776344400,0.0882,0.0888,0.0872,0.088,443199.88
1776348000,0.0879,0.0879,0.0864,0.0872,1080600.42
1776351600,0.0871,0.0887,0.0871,0.0887,273376.84
1776355200,0.0888,0.0892,0.088,0.0883,507455.24
1776358800,0.0883,0.0894,0.0883,0.0891,242334.62
1776362400,0.0891,0.09,0.0886,0.0899,474352.64
1776366000,0.09,0.0904,0.0896,0.09,439081.71
1776369600,0.0903,0.0906,0.0896,0.0899,206911.43
1776373200,0.09,0.0902,0.0893,0.0898,329410.2
1776376800,0.09,0.0903,0.0898,0.0899,391086.56
1776380400,0.0898,0.0909,0.0896,0.0907,905493.19
1776384000,0.0907,0.0908,0.0902,0.0905,282621.5
1776387600,0.0905,0.0906,0.0896,0.09,168875.1
1776391200,0.09,0.0903,0.0895,0.0896,432929
1776394800,0.0895,0.0896,0.089,0.0891,355794.09
1776398400,0.0892,0.0894,0.0888,0.0888,115976.54
1776402000,0.0888,0.0888,0.088,0.0881,231563.43
1776405600,0.0881,0.0894,0.0881,0.0893,268835.09
1776409200,0.0893,0.0899,0.0892,0.0899,381955.32
1776412800,0.0899,0.0902,0.0897,0.09,260117.18
1776416400,0.09,0.0905,0.0897,0.0904,251184.36
1776420000,0.0904,0.0905,0.0893,0.0895,324392.44
1776423600,0.0896,0.0902,0.0895,0.09,206138.34
1776427200,0.0898,0.0901,0.089,0.09,308740.94
1776430800,0.09,0.091,0.09,0.0909,768887.29
1776434400,0.0909,0.091,0.0903,0.0907,626885.93
1776438000,0.0906,0.0906,0.0899,0.0902,494859.74
1776441600,0.0902,0.0909,0.09,0.0908,414490.22
1776445200,0.0908,0.091,0.0903,0.0904,441172.29
1776448800,0.0905,0.0905,0.0897,0.09,587500.09
1776452400,0.09,0.0913,0.09,0.0909,761813.86
1776456000,0.0908,0.0911,0.0905,0.0906,369727.98
1776459600,0.0907,0.0914,0.0906,0.0909,484918.08
1776463200,0.0909,0.0913,0.0906,0.0911,345593.33
1776466800,0.0912,0.0912,0.0902,0.0905,364382.15
1776470400,0.0904,0.0904,0.0898,0.0901,708964.44
1776474000,0.0902,0.0907,0.09,0.0902,210845.71
1776477600,0.09,0.0907,0.0898,0.0904,149423.22
1776481200,0.0903,0.0904,0.0898,0.0898,147527.05
1776484800,0.0898,0.0904,0.0897,0.0902,183688.48
1776488400,0.0902,0.0909,0.0902,0.0909,134165.92
1776492000,0.091,0.0911,0.0905,0.0909,66025.85
1776495600,0.0909,0.0913,0.0909,0.091,156670.14
1776499200,0.091,0.0912,0.0894,0.0903,1078104.26
1776502800,0.0904,0.0906,0.0897,0.09,244640.51
1776506400,0.0897,0.0901,0.0892,0.0897,155001.3
1776510000,0.0897,0.0897,0.0888,0.0895,215646.59
1776513600,0.0894,0.0896,0.0889,0.0895,131803.56
1776517200,0.0895,0.0898,0.0889,0.0896,236892.73
1776520800,0.0896,0.0904,0.0894,0.0899,471625.33
1776524400,0.0899,0.0903,0.0895,0.0898,229775.23
1776528000,0.0897,0.0901,0.0892,0.0892,208368.55
1776531600,0.0892,0.0899,0.0892,0.0898,136995.56
1776535200,0.0899,0.09,0.089,0.0892,182610.58
1776538800,0.0894,0.0897,0.0893,0.0897,79934.85
1776542400,0.0896,0.0897,0.089,0.0895,1477792.6
1776546000,0.0895,0.0899,0.0892,0.0898,317663.01
1776549600,0.0898,0.0902,0.0895,0.0901,169306.15
1776553200,0.0901,0.0902,0.0894,0.0897,67900.37
1776556800,0.0896,0.09,0.0891,0.09,116814.6
1776560400,0.0901,0.0902,0.0891,0.0893,204545.42
1776564000,0.0892,0.0893,0.0888,0.0888,1275342.55
1776567600,0.0888,0.0897,0.0888,0.0892,189108
1776571200,0.0893,0.0896,0.089,0.0891,97991.95
1776574800,0.0893,0.0897,0.089,0.089,69396.85
1776578400,0.0889,0.0893,0.0885,0.0892,146674.96
1776582000,0.0892,0.0893,0.0886,0.0889,27241.62
1776585600,0.0889,0.0893,0.0889,0.0889,29255.02
1776589200,0.089,0.0892,0.0887,0.0887,68765.14
1776592800,0.0887,0.0892,0.0885,0.0892,42276.78
1776596400,0.0892,0.0902,0.0892,0.09,235792.25
1776600000,0.09,0.0911,0.09,0.0905,526245.37
1776603600,0.0903,0.0905,0.0899,0.0901,346584.47
1776607200,0.0901,0.0902,0.0895,0.0901,139781.97
1776610800,0.0901,0.0908,0.0899,0.0908,422876
1776614400,0.0909,0.091,0.0902,0.0903,146106.72
1776618000,0.0903,0.0903,0.0891,0.0897,159463.79
1776621600,0.0897,0.0902,0.0897,0.0901,195599.31
1776625200,0.0902,0.0909,0.0902,0.0905,305220.96
1776628800,0.0906,0.0906,0.0893,0.0896,367533.83
1776632400,0.0896,0.0897,0.0888,0.0888,268224.26
1776636000,0.0888,0.0888,0.0875,0.0878,192515.57
1776639600,0.0878,0.0881,0.0876,0.0877,168806.8
1776643200,0.0876,0.0888,0.0876,0.0888,256904.27
1776646800,0.0887,0.0888,0.0882,0.0884,46608.7
1776650400,0.0885,0.0889,0.0882,0.0887,74366.24
1776654000,0.0887,0.0897,0.0887,0.0897,198057.07
1776657600,0.0895,0.0898,0.0894,0.0896,45775.81
1776661200,0.0892,0.0892,0.0887,0.0892,23504.26
1776664800,0.0891,0.0899,0.0891,0.0898,73765.27
1776668400,0.0899,0.0904,0.0896,0.0897,139282.4
1776672000,0.0899,0.0905,0.0896,0.0903,130009.39
1776675600,0.0903,0.0911,0.0901,0.0908,675059.05
1776679200,0.091,0.0913,0.0905,0.0905,200333.98
1776682800,0.0904,0.0909,0.0903,0.0905,79650.11
1776686400,0.0904,0.0912,0.0904,0.0912,210010.19
1776690000,0.0913,0.092,0.091,0.0918,507523.23
1776693600,0.0918,0.0925,0.0914,0.092,497742.3
1776697200,0.0917,0.0934,0.0912,0.0934,350481.3
1776700800,0.0932,0.0943,0.0929,0.0939,484001.9
1776704400,0.0941,0.0949,0.0941,0.0948,396881.17
1776708000,0.0949,0.0957,0.0946,0.095,464515.25
1776711600,0.0951,0.0951,0.0942,0.0945,222188.34
1776715200,0.0944,0.0946,0.094,0.0944,147038.42
1776718800,0.0943,0.0944,0.0934,0.0936,915364.74
1776722400,0.0936,0.0937,0.0931,0.0931,256978.55
1776726000,0.093,0.0932,0.0927,0.0931,93931.02
1776729600,0.0933,0.0933,0.0926,0.0927,108170.04
1776733200,0.0928,0.093,0.0923,0.0923,128861.73
1776736800,0.0923,0.0923,0.0918,0.0918,105554.12
1776740400,0.0918,0.092,0.0915,0.092,635502.14
1776744000,0.092,0.092,0.0918,0.092,78023.57
1776747600,0.092,0.0924,0.092,0.0923,128443.41
1776751200,0.0923,0.0926,0.092,0.0923,42799.91
1776754800,0.0924,0.0929,0.0922,0.0926,80657.13
1776758400,0.0925,0.0935,0.0925,0.093,126063.58
1776762000,0.093,0.0931,0.0928,0.093,116436.05
1776765600,0.093,0.0941,0.0927,0.094,449071.88
1776769200,0.0939,0.094,0.0933,0.0935,49413.98
1776772800,0.0935,0.0935,0.093,0.0932,482050.02
1776776400,0.0934,0.0935,0.093,0.0933,128770.36
1776780000,0.0934,0.0934,0.0926,0.0928,138754.17
1776783600,0.093,0.0943,0.0926,0.0943,378140.6
1776787200,0.0944,0.0945,0.0932,0.0932,346487.71
1776790800,0.0932,0.0938,0.0927,0.0936,108666.32
1776794400,0.0937,0.0943,0.0932,0.0937,486690.04
1776798000,0.0938,0.0938,0.0922,0.0925,260170.34
1776801600,0.0924,0.0934,0.0922,0.093,209327.96
1776805200,0.0929,0.0935,0.0928,0.0935,103799.16
1776808800,0.0936,0.0936,0.0929,0.0933,51161.1
1776812400,0.0933,0.0937,0.0933,0.0935,51001.34
1776816000,0.0937,0.0941,0.0936,0.0939,149872.04
1776819600,0.0939,0.0941,0.0936,0.0939,347250.42
1776823200,0.0938,0.0949,0.0938,0.0948,142801.01
1776826800,0.095,0.095,0.094,0.0941,136430.24
1776830400,0.0941,0.0945,0.0939,0.0945,55798.67
1776834000,0.0945,0.095,0.0944,0.0948,209898.65
1776837600,0.0948,0.095,0.0945,0.0948,80502.14
1776841200,0.0949,0.095,0.0946,0.0946,106944.94
1776844800,0.0946,0.0951,0.0946,0.0948,183580.69
1776848400,0.0948,0.0949,0.0945,0.0947,64932.66
1776852000,0.0946,0.0947,0.0941,0.0946,108128.4
1776855600,0.0946,0.0946,0.0941,0.0943,83787.59
1776859200,0.0942,0.0944,0.0939,0.0939,217119.88
1776862800,0.0938,0.094,0.0933,0.0938,324459.65
1776866400,0.0939,0.0942,0.0938,0.0942,226798.42
1776870000,0.0942,0.0951,0.094,0.0946,213318.32
1776873600,0.0946,0.0948,0.0941,0.0943,430247.9
1776877200,0.0946,0.0952,0.0942,0.0952,119171.53
1776880800,0.095,0.0955,0.0942,0.0945,2506906.85
1776884400,0.0944,0.0944,0.0935,0.0941,409182.59
1776888000,0.094,0.0941,0.0936,0.0939,275780.34
1776891600,0.0939,0.094,0.0931,0.0937,233842.28
1776895200,0.0937,0.0937,0.0932,0.0936,425719.94
1776898800,0.0935,0.0936,0.0931,0.0933,90424.48
1776902400,0.0933,0.0935,0.0924,0.0929,235012.05
1776906000,0.093,0.0931,0.0923,0.0928,123444.93
1776909600,0.0927,0.0928,0.0921,0.0925,124407.02
1776913200,0.0926,0.0926,0.0919,0.092,89142.02
1776916800,0.092,0.0925,0.0919,0.0925,126228.61
1776920400,0.0926,0.093,0.0925,0.093,104818.86
1776924000,0.093,0.0935,0.093,0.0935,121175.56
1776927600,0.0934,0.0934,0.0929,0.0932,73376.39
1776931200,0.0931,0.094,0.0931,0.0939,254361.23
1776934800,0.0939,0.0939,0.0931,0.0934,390754.94
1776938400,0.0936,0.0937,0.0927,0.0932,364831
1776942000,0.0931,0.0947,0.0931,0.0945,231837.68
1776945600,0.0944,0.0948,0.0939,0.0944,439437.77
1776949200,0.0944,0.0947,0.0943,0.0946,205419.83
1776952800,0.0944,0.096,0.0943,0.0958,347634.24
1776956400,0.0959,0.0966,0.0956,0.0964,819831.68
1776960000,0.0963,0.0968,0.0957,0.0958,357541.11
1776963600,0.0958,0.0958,0.0939,0.0942,789778.19
1776967200,0.0941,0.0942,0.0936,0.0936,236255.02
1776970800,0.0936,0.0944,0.0936,0.094,192059.72
1776974400,0.0942,0.0945,0.0933,0.0934,538284.46
1776978000,0.0934,0.0945,0.0932,0.0944,701285.6
1776981600,0.0944,0.0949,0.0937,0.0942,364196.71
1776985200,0.094,0.0946,0.0939,0.0946,163816.72
1776988800,0.0946,0.0949,0.0945,0.0947,228792.27
1776992400,0.0946,0.0947,0.0942,0.0943,188688.68
1776996000,0.0944,0.0946,0.0941,0.0945,39159.43
1776999600,0.0944,0.0944,0.0938,0.0939,57110.52
1777003200,0.0939,0.0943,0.0939,0.0941,171452.85
1777006800,0.0941,0.0944,0.0938,0.0943,182352.36
1777010400,0.0943,0.0943,0.0939,0.0941,135877.92
1777014000,0.0941,0.0945,0.094,0.0945,90737.76
1777017600,0.0943,0.0948,0.0943,0.0947,133123.88
1777021200,0.0946,0.0946,0.0942,0.0943,97189.43
1777024800,0.0943,0.0951,0.0942,0.095,161366.39
1777028400,0.095,0.0956,0.095,0.0955,494485.13
1777032000,0.0955,0.0957,0.0949,0.0951,475014.8
1777035600,0.0952,0.0956,0.095,0.0956,118463.44
1777039200,0.0956,0.0962,0.0952,0.0953,874412.72
1777042800,0.0953,0.0958,0.0946,0.0958,139440.41
1777046400,0.0958,0.0958,0.0935,0.0938,341635.59
1777050000,0.0938,0.0939,0.0931,0.0932,519460.78
1777053600,0.0933,0.0942,0.0932,0.0938,682420.84
1777057200,0.0938,0.0939,0.0934,0.0936,137569.98
1777060800,0.0937,0.0939,0.0933,0.0936,207966.15
1777064400,0.0936,0.0937,0.0929,0.0931,458759.62
1777068000,0.0932,0.0934,0.0929,0.0929,550469.8
1777071600,0.093,0.093,0.0916,0.0918,963523.81
1777075200,0.0917,0.0923,0.0904,0.0922,1197879.21
1777078800,0.0922,0.0927,0.0922,0.0924,168667.95
1777082400,0.0925,0.0926,0.0922,0.0926,197375.78
1777086000,0.0926,0.0929,0.0923,0.0928,99300
1777089600,0.0927,0.0931,0.0926,0.0928,383622.82
1777093200,0.0927,0.093,0.0925,0.0927,18603.58
1777096800,0.0928,0.0929,0.0923,0.0923,125757.6
1777100400,0.0922,0.0925,0.0922,0.0924,278516.19
1777104000,0.0925,0.0927,0.0924,0.0926,172648.76
1777107600,0.0926,0.0936,0.0926,0.0935,682712.43
1777111200,0.0935,0.0937,0.0931,0.0934,106495.17
1777114800,0.0932,0.0932,0.0928,0.0929,105778.08
1777118400,0.0929,0.093,0.0924,0.0925,82405.6
1777122000,0.0925,0.093,0.0925,0.0929,312698.83
1777125600,0.0928,0.0932,0.0926,0.0928,107636.43
1777129200,0.0927,0.093,0.0922,0.0926,142703.87
1777132800,0.0923,0.0926,0.0916,0.0918,177926.41
1777136400,0.0919,0.0919,0.0916,0.0918,58139.97
1777140000,0.092,0.092,0.0917,0.0918,78873.59
1777143600,0.0918,0.0918,0.0914,0.0916,96148.52
1777147200,0.0917,0.0919,0.0915,0.0919,16758.58
1777150800,0.0917,0.0919,0.0917,0.0918,19253.38
1777154400,0.0918,0.0921,0.0917,0.0917,58434.97
1777158000,0.0917,0.092,0.0917,0.092,38204.31
1777161600,0.0919,0.0919,0.0911,0.0911,271407.29
1777165200,0.0911,0.0914,0.091,0.0912,139137.19
1777168800,0.0911,0.0915,0.0911,0.0914,67449.51
1777172400,0.0914,0.0914,0.0909,0.0913,73702.76
1777176000,0.0913,0.0916,0.0912,0.0914,138893.54
1777179600,0.0914,0.092,0.0914,0.0919,284525.51
1777183200,0.0918,0.0922,0.0916,0.0918,51592.57
1777186800,0.0918,0.092,0.0917,0.0918,83800.6
1777190400,0.0919,0.0919,0.0915,0.0916,105341.9
1777194000,0.0918,0.0918,0.0915,0.0915,76570.78
1777197600,0.0915,0.0919,0.0914,0.0918,107872.1
1777201200,0.0918,0.0923,0.0916,0.0922,223455.13
1777204800,0.0923,0.0924,0.0916,0.0917,106586.29
1777208400,0.0917,0.0918,0.0915,0.0917,94889.18
1777212000,0.0917,0.0923,0.0917,0.0922,34325.21
1777215600,0.0922,0.0923,0.092,0.0922,216623.89
1777219200,0.0923,0.0923,0.0918,0.092,87327.01
1777222800,0.0919,0.0922,0.0917,0.092,22116.05
1777226400,0.092,0.0925,0.092,0.0924,96604.55
1777230000,0.0924,0.0927,0.0923,0.0924,55116.58
1777233600,0.0923,0.0927,0.0923,0.0923,45370.98
1777237200,0.0924,0.0925,0.0919,0.0925,259859.59
1777240800,0.0924,0.0926,0.0921,0.0923,121551.9
1777244400,0.0923,0.0925,0.0922,0.0925,77546.15
1777248000,0.0925,0.0929,0.0921,0.0929,520177.22
1777251600,0.093,0.0932,0.0926,0.093,70071.56
1777255200,0.093,0.0932,0.0927,0.0932,26994.78
1777258800,0.0931,0.0933,0.093,0.093,36310.33
1777262400,0.093,0.0932,0.0927,0.0927,24888.46
1777266000,0.0928,0.0928,0.0913,0.0914,451810.55
1777269600,0.0915,0.0916,0.091,0.0912,170783.39
1777273200,0.0912,0.0912,0.0908,0.091,143710.04
1777276800,0.0911,0.0916,0.091,0.0915,117470.64
1777280400,0.0915,0.0918,0.0914,0.0916,107363.58
1777284000,0.0918,0.0919,0.0917,0.0918,133217.27
1777287600,0.0916,0.0922,0.0916,0.0922,68594.28
1777291200,0.0921,0.0923,0.0919,0.0922,330131.53
1777294800,0.0922,0.0924,0.0919,0.0921,285925.45
1777298400,0.0922,0.0926,0.0919,0.0922,333465.8
1777302000,0.0924,0.0924,0.0903,0.0904,400134.4
1777305600,0.0904,0.091,0.0902,0.0909,147087.99
1777309200,0.091,0.0914,0.0909,0.0911,314116.2
1777312800,0.0911,0.0914,0.091,0.0912,169593.87
1777316400,0.0912,0.0916,0.091,0.0914,307172.21
1777320000,0.0914,0.092,0.0913,0.092,339941.16
1777323600,0.0919,0.092,0.0917,0.0918,165340.52
1777327200,0.0919,0.0924,0.0917,0.0923,87627.16
1777330800,0.0922,0.0925,0.0921,0.0923,423774.91
1777334400,0.0924,0.0924,0.092,0.092,307672.62
1777338000,0.0921,0.0922,0.092,0.092,126830.97
1777341600,0.0919,0.0922,0.0917,0.092,158807.57
1777345200,0.0919,0.0921,0.0917,0.0919,94414.72
1777348800,0.0919,0.0924,0.0919,0.0922,92613.01
1777352400,0.0923,0.0924,0.0919,0.0921,102987.72
1777356000,0.0919,0.0921,0.0915,0.0917,104004.63
1777359600,0.0917,0.0919,0.0914,0.0917,70243.74
1777363200,0.0916,0.092,0.0916,0.0917,57347.55
1777366800,0.0917,0.0918,0.0915,0.0915,48219.01
1777370400,0.0915,0.0915,0.0913,0.0915,54140.32
1777374000,0.0914,0.0914,0.0911,0.0911,101364.6
1777377600,0.0912,0.0917,0.091,0.0917,204630.41
1777381200,0.0916,0.0916,0.0912,0.0914,187201.05
1777384800,0.0914,0.0914,0.0908,0.0913,234371.03
1777388400,0.0914,0.0915,0.0907,0.0908,183262.99
1777392000,0.0909,0.0913,0.0907,0.0912,194951.21
1777395600,0.0913,0.0915,0.091,0.0915,193926.57
1777399200,0.0915,0.0917,0.0913,0.0916,234199.16
1777402800,0.0917,0.092,0.0915,0.0919,168564.59
1777406400,0.092,0.0921,0.0917,0.092,112788.68
1777410000,0.092,0.0922,0.0918,0.092,92155.13
1777413600,0.092,0.0922,0.0919,0.092,251092.2
1777417200,0.092,0.0921,0.0918,0.0921,68084.04
1777420800,0.0921,0.0934,0.0921,0.0934,284919.73
1777424400,0.0934,0.0934,0.0928,0.093,147767.21
1777428000,0.0929,0.0931,0.0926,0.0926,163644.6
1777431600,0.0926,0.0937,0.0926,0.0936,99192.36
1777435200,0.0936,0.0936,0.0933,0.0934,35079.08
1777438800,0.0935,0.0936,0.0931,0.0932,163042.15
1777442400,0.0931,0.0933,0.0929,0.0929,50171.15
1777446000,0.0929,0.0929,0.0927,0.0929,131985.69
1777449600,0.0927,0.0929,0.0925,0.0927,86708.68
1777453200,0.0927,0.0933,0.0924,0.0932,295660.3
1777456800,0.0932,0.0933,0.0928,0.0928,223007.64
1777460400,0.0929,0.0929,0.0924,0.0925,204583.43
1777464000,0.0925,0.0925,0.0915,0.0917,163404.52
1777467600,0.0918,0.092,0.0913,0.0916,140905.88
1777471200,0.0916,0.0918,0.0914,0.0916,169860.66
1777474800,0.0914,0.0915,0.0907,0.091,348177.88
1777478400,0.0911,0.0913,0.0906,0.0909,177004.51
1777482000,0.091,0.096,0.091,0.0931,1940962.41
1777485600,0.093,0.0946,0.0898,0.0914,3343598.38
1777489200,0.0914,0.0914,0.0909,0.0913,242816.02
1777492800,0.0914,0.0923,0.0914,0.0921,221080.93
1777496400,0.092,0.0926,0.0919,0.0923,329766.22
1777500000,0.0923,0.0927,0.0921,0.0926,425215.28
1777503600,0.0927,0.0932,0.0926,0.0931,266230
1777507200,0.093,0.0945,0.093,0.094,837969.33
1777510800,0.094,0.0953,0.094,0.0947,877917.17
1777514400,0.0948,0.0953,0.0935,0.0939,746467.06
1777518000,0.0938,0.094,0.0934,0.0939,263831.62
1777521600,0.0939,0.0939,0.0931,0.0934,415128.25
1777525200,0.0936,0.0937,0.0931,0.0931,474574.19
1777528800,0.0931,0.0939,0.0931,0.0936,200028.62
1777532400,0.0937,0.094,0.0937,0.0939,400236.75
1777536000,0.0939,0.0942,0.0939,0.0939,300718.43
1777539600,0.0939,0.0946,0.0939,0.0945,308405.46
1777543200,0.0944,0.095,0.0942,0.0948,672116.36
1777546800,0.0947,0.096,0.0947,0.0954,449828.84
1777550400,0.0954,0.0956,0.0949,0.0953,538845.31
1777554000,0.0954,0.0961,0.0947,0.0947,765594.94
1777557600,0.0949,0.0953,0.0945,0.0948,288181.47
1777561200,0.0948,0.0963,0.0947,0.096,559231.33
1777564800,0.0961,0.0963,0.0955,0.096,482406.16
1777568400,0.096,0.0961,0.0955,0.0959,197422.7
1777572000,0.0958,0.0969,0.0957,0.0957,620687.7
1777575600,0.0956,0.0961,0.0953,0.0957,433266.18
1777579200,0.0956,0.0958,0.0953,0.0955,235677.98
1777582800,0.0956,0.0956,0.0948,0.0949,236404.89
1777586400,0.0949,0.0951,0.0947,0.095,233721.57
1777590000,0.095,0.0954,0.095,0.0951,132270.49
1777593600,0.0952,0.0953,0.0941,0.0941,403808.44
1777597200,0.0941,0.0942,0.0938,0.0942,299449.37
1777600800,0.0943,0.0946,0.094,0.0943,266439.95
1777604400,0.0943,0.095,0.0942,0.0945,241546.88
1777608000,0.0946,0.0947,0.0943,0.0943,225599.24
1777611600,0.0944,0.0948,0.0942,0.0942,190731.76
1777615200,0.0942,0.0943,0.0939,0.094,271518.15
1777618800,0.0941,0.0942,0.0938,0.094,144079.6
1777622400,0.094,0.0944,0.094,0.0942,189459.46
1777626000,0.0942,0.0943,0.0935,0.0936,310425.22
1777629600,0.0936,0.094,0.0934,0.0939,247811.97
1777633200,0.0939,0.0941,0.0937,0.0939,230750.62
1777636800,0.0939,0.0945,0.0937,0.0942,177662.73
1777640400,0.0942,0.0947,0.0942,0.0946,273395.47
1777644000,0.0946,0.0946,0.0939,0.0939,230971.55
1777647600,0.0939,0.0954,0.0936,0.0949,537989.26
1777651200,0.0949,0.0949,0.0939,0.0941,317556.55
1777654800,0.0941,0.0947,0.0938,0.0947,280173.5
1777658400,0.0947,0.0949,0.0944,0.0949,210843.52
1777662000,0.0949,0.095,0.0946,0.0948,196889.34
1777665600,0.0947,0.0949,0.0944,0.0946,107750.96
1777669200,0.0946,0.0956,0.0943,0.0956,225977.22
1777672800,0.0955,0.096,0.0954,0.0956,387785.74
1777676400,0.0957,0.0958,0.0951,0.0958,573097.86
1777680000,0.0958,0.0975,0.0958,0.0974,458188.39
1777683600,0.0975,0.0975,0.0967,0.0971,273452.4
1777687200,0.0971,0.0971,0.096,0.096,179256.1
1777690800,0.096,0.0964,0.0956,0.0964,383229.44
1777694400,0.0964,0.0964,0.096,0.0961,349163.26
1777698000,0.096,0.0963,0.0958,0.0963,188526.46
1777701600,0.0964,0.0966,0.0962,0.0965,442004.82
1777705200,0.0966,0.0972,0.0966,0.0967,83500.05
1777708800,0.0966,0.0976,0.0965,0.097,169481.32
1777712400,0.0971,0.0977,0.097,0.0972,200979.07
1777716000,0.0972,0.0979,0.0971,0.0975,234263.25
1777719600,0.0975,0.0975,0.0968,0.0972,170935.1
1777723200,0.0972,0.0972,0.0968,0.0969,209233.54
1777726800,0.0969,0.0971,0.0968,0.0968,149496.59
1777730400,0.0968,0.0978,0.0968,0.0976,461713.71
1777734000,0.0975,0.0976,0.097,0.0974,452564.81
1777737600,0.0973,0.0977,0.0972,0.0974,393856.3
1777741200,0.0973,0.0974,0.0969,0.097,207463.07
1777744800,0.097,0.0974,0.0968,0.0974,236615.46
1777748400,0.0973,0.0976,0.0972,0.0972,137722.45
1777752000,0.0972,0.0976,0.0972,0.0975,191377.78
1777755600,0.0976,0.098,0.0974,0.0974,243109.12
1777759200,0.0975,0.0979,0.0975,0.0976,134516.8
1777762800,0.0975,0.0976,0.0972,0.0974,188422.9
1777766400,0.0974,0.0976,0.097,0.0972,222085.01
1777770000,0.0971,0.0973,0.0969,0.0972,198195.65
1777773600,0.0971,0.0977,0.0969,0.0975,138755.99
1777777200,0.0975,0.0977,0.0971,0.0975,218528.8
1777780800,0.0975,0.0976,0.0971,0.0973,119782.76
1777784400,0.0973,0.0978,0.0969,0.0977,107859.9
1777788000,0.0976,0.0977,0.097,0.097,138921.89
1777791600,0.0971,0.0973,0.0968,0.0968,342056.68
1777795200,0.0968,0.0971,0.0966,0.0967,130129.16
1777798800,0.0966,0.0971,0.0966,0.097,156813.69
1777802400,0.097,0.097,0.0964,0.0964,136468.81
1777806000,0.0965,0.0969,0.0964,0.0965,164948.26
1777809600,0.0965,0.0969,0.0965,0.0967,216961.94
1777813200,0.0967,0.0968,0.0964,0.0965,170955.61
1777816800,0.0966,0.0967,0.0963,0.0964,202919.59
1777820400,0.0964,0.0968,0.0964,0.0967,159176.67
1777824000,0.0968,0.0968,0.0963,0.0964,109946.8
1777827600,0.0962,0.0965,0.0959,0.0961,187577.4
1777831200,0.0961,0.0964,0.096,0.0961,218683.89
1777834800,0.0963,0.0966,0.0961,0.0963,133796.86
1777838400,0.0963,0.0966,0.096,0.0963,519766.77
1777842000,0.0962,0.0965,0.0957,0.096,375584.2
1777845600,0.0959,0.0959,0.0952,0.0955,326173.57
1777849200,0.0955,0.0956,0.0952,0.0955,109282.87
1777852800,0.0955,0.0956,0.095,0.0953,214522.33
1777856400,0.0952,0.0959,0.095,0.0959,186581.88
1777860000,0.0961,0.0966,0.0958,0.0965,298370.98
1777863600,0.0966,0.0967,0.0962,0.0967,258752.77
1777867200,0.0968,0.0972,0.0967,0.097,218736.4
1777870800,0.0969,0.0974,0.0964,0.0972,409787.93
1777874400,0.0973,0.0974,0.0967,0.0969,141133.29
1777878000,0.097,0.0973,0.0966,0.0967,164084.48
1777881600,0.0967,0.0967,0.096,0.0963,213888.25
1777885200,0.0963,0.0969,0.0963,0.0969,276730.62
1777888800,0.0969,0.0969,0.095,0.0964,413375.78
1777892400,0.0964,0.0966,0.096,0.0963,74676
1777896000,0.0962,0.0965,0.096,0.0963,74261.98
1777899600,0.0962,0.0966,0.0959,0.0962,381852.3
1777903200,0.0963,0.0978,0.0963,0.0975,499669.45
1777906800,0.0976,0.0977,0.0961,0.0968,279413.55
1777910400,0.0969,0.0977,0.0962,0.0975,525311.06
1777914000,0.0974,0.0983,0.0974,0.0976,328628.53
1777917600,0.0975,0.0977,0.097,0.0971,243395.88
1777921200,0.0972,0.0973,0.0969,0.0972,158013.96
1777924800,0.0972,0.0976,0.0971,0.0974,162291.01
1777928400,0.0974,0.0983,0.0974,0.0978,204291.33
1777932000,0.0979,0.0982,0.0978,0.0981,116559.1
1777935600,0.0982,0.0982,0.0974,0.0975,336899.74
1777939200,0.0976,0.0984,0.0976,0.0982,343493.42
1777942800,0.0983,0.0987,0.0979,0.098,135868.54
1777946400,0.098,0.0985,0.0979,0.0982,113078
1777950000,0.0982,0.0984,0.0978,0.0978,85929.85
1777953600,0.0979,0.098,0.0975,0.0976,195925.22
1777957200,0.0975,0.0982,0.0975,0.0978,111368.27
1777960800,0.098,0.0981,0.0977,0.098,31165.69
1777964400,0.0982,0.0982,0.0978,0.098,134626.67
1777968000,0.0979,0.0982,0.0978,0.0979,88397.77
1777971600,0.0979,0.0979,0.0974,0.0974,143191.12
1777975200,0.0975,0.0984,0.0973,0.0984,98573.6
1777978800,0.0983,0.0984,0.0979,0.0983,596909.45
1777982400,0.0983,0.0987,0.0981,0.0983,196640.94
1777986000,0.0982,0.0989,0.0982,0.0982,369072.07
1777989600,0.0982,0.0983,0.0969,0.0975,311339.42
1777993200,0.0974,0.098,0.0971,0.0979,339408.85
1777996800,0.0979,0.0982,0.0974,0.0976,589241.52
1778000400,0.0977,0.0979,0.0976,0.0977,302551.24
1778004000,0.0976,0.0978,0.0973,0.0976,714752.92
1778007600,0.0976,0.0983,0.0975,0.0982,682850.7
1778011200,0.0983,0.0988,0.0982,0.0986,690325.77
1778014800,0.0986,0.0989,0.0983,0.0987,970861.94
1778018400,0.0987,0.0993,0.0978,0.0981,1890606.22
1778022000,0.0981,0.0982,0.0978,0.098,281971.41
1778025600,0.098,0.098,0.0975,0.0978,254577.66
1778029200,0.0978,0.0987,0.0978,0.0985,94067.07
1778032800,0.0984,0.0985,0.0978,0.0982,96338.02
1778036400,0.0983,0.0989,0.0981,0.0987,409694.54
1778040000,0.0987,0.099,0.0984,0.0987,305569.88
1778043600,0.0987,0.0989,0.0982,0.0987,283071.8
1778047200,0.0986,0.0986,0.0983,0.0986,102288.02
1778050800,0.0986,0.0993,0.0986,0.0993,345179.26
1778054400,0.0993,0.0998,0.0991,0.0996,465253.27
1778058000,0.0998,0.0999,0.0996,0.0998,432644.9
1778061600,0.0998,0.0999,0.0993,0.0997,252907.2
1778065200,0.0998,0.1,0.0995,0.0997,363579.4
1778068800,0.0998,0.0999,0.0993,0.0996,394570
1778072400,0.0996,0.0996,0.0986,0.0988,419490.87
1778076000,0.0988,0.0992,0.0982,0.0988,400535.92
1778079600,0.0989,0.0991,0.0983,0.0983,430035.36
1778083200,0.0984,0.0989,0.0982,0.0984,406185.04
1778086800,0.0984,0.0988,0.0982,0.0986,252301.34
1778090400,0.0985,0.0987,0.0982,0.0984,349147.89
1778094000,0.0983,0.0986,0.0981,0.0986,717982.61
1778097600,0.0987,0.099,0.0983,0.0984,417945.01
1778101200,0.0984,0.099,0.0982,0.0989,428363.14
1778104800,0.0989,0.0995,0.0987,0.0991,376134.87
1778108400,0.0991,0.0992,0.0986,0.0991,393977.61
1778112000,0.0991,0.0997,0.0988,0.0988,448899.72
1778115600,0.0987,0.099,0.0982,0.0983,530129.21
1778119200,0.0984,0.0989,0.098,0.0988,274044.72
1778122800,0.0988,0.0992,0.0985,0.0988,182727.72
1778126400,0.0989,0.0995,0.0987,0.0991,214211.05
1778130000,0.0991,0.0996,0.0991,0.0994,258174.63
1778133600,0.0996,0.0998,0.0991,0.0998,270692.68
1778137200,0.0997,0.1,0.0994,0.0999,197826.31
1778140800,0.0999,0.1002,0.0997,0.0998,328054.35
1778144400,0.0997,0.1001,0.0996,0.0998,315078.62
1778148000,0.0998,0.1,0.0995,0.0999,225921.95
1778151600,0.0999,0.1002,0.0992,0.0996,404790.82
1778155200,0.0995,0.0999,0.0995,0.0999,333438.73
1778158800,0.0999,0.1001,0.0992,0.0994,493343.33
1778162400,0.0994,0.0997,0.0989,0.0993,886943.69
1778166000,0.0992,0.0994,0.098,0.098,482286.87
1778169600,0.0982,0.0984,0.0975,0.0982,327979.53
1778173200,0.0982,0.0986,0.0979,0.0985,442138.01
1778176800,0.0985,0.0988,0.0981,0.0983,243969.82
1778180400,0.0983,0.0985,0.098,0.0983,215888.78
1778184000,0.0985,0.0986,0.0981,0.0983,301399.76
1778187600,0.0983,0.0984,0.0979,0.098,209523.62
1778191200,0.0981,0.0983,0.0976,0.098,145592.6
1778194800,0.098,0.0987,0.098,0.0987,136400.76
1778198400,0.0988,0.0992,0.0983,0.0986,478925.8
1778202000,0.0987,0.0996,0.0983,0.0996,344906.29
1778223600,0.0996,0.0999,0.0996,0.0998,778423.54
1778227200,0.0998,0.1012,0.0996,0.101,267945.5
1778230800,0.1009,0.1025,0.1007,0.1025,533833.71
1778234400,0.1025,0.1027,0.101,0.1022,592450.23
1778238000,0.1024,0.1026,0.1017,0.1021,308021.49
1778241600,0.1019,0.1021,0.1013,0.1015,322745.66
1778245200,0.1015,0.1016,0.0989,0.0993,474158.1
1778248800,0.0992,0.1001,0.0992,0.1,342304.49
1778252400,0.1,0.1001,0.099,0.0995,315759.59
1778256000,0.0997,0.1003,0.0992,0.1001,464223.94
1778259600,0.1,0.1008,0.0998,0.1004,418648.75
1778263200,0.1004,0.1018,0.1004,0.1017,535953.21
1778266800,0.1015,0.1017,0.1013,0.1013,308627.65
1778270400,0.1013,0.1016,0.1005,0.1012,199928.32
1778274000,0.1012,0.1021,0.1012,0.1018,174564.53
1778277600,0.1019,0.1022,0.1018,0.1021,294908.62
1778281200,0.1022,0.1023,0.1016,0.1019,165013.48
1778284800,0.1019,0.1022,0.1012,0.1022,727179.47
1778288400,0.1022,0.1035,0.1021,0.1032,707070.55
1778292000,0.1035,0.1041,0.103,0.1031,452370.34
1778295600,0.103,0.1034,0.1025,0.1026,271691.62
1778299200,0.1026,0.103,0.1025,0.1025,176312.08
1778302800,0.1026,0.1031,0.1024,0.1029,286336.13
1778306400,0.1029,0.1033,0.1023,0.1025,328521.52
1778310000,0.1024,0.1026,0.1019,0.1021,277480.7
1778313600,0.1022,0.1026,0.1021,0.1021,156385.38
1778317200,0.102,0.1022,0.1016,0.1021,270147.8
1778320800,0.1021,0.1022,0.1017,0.1021,120884.31
1778324400,0.1021,0.1025,0.102,0.1022,258301.13
1778328000,0.1023,0.1023,0.1019,0.1023,196659.68
1778331600,0.1023,0.1023,0.1017,0.102,160591.89
1778335200,0.102,0.102,0.1013,0.1013,223181.08
1778338800,0.1014,0.1016,0.1011,0.1014,210011.91
1778342400,0.1014,0.1017,0.101,0.101,174751.96
1778346000,0.1009,0.1017,0.1009,0.1014,169931.99
1778349600,0.1014,0.1015,0.1009,0.1011,974571.68
1778353200,0.1011,0.1012,0.1008,0.1009,252684.28
1778356800,0.1009,0.101,0.1008,0.1009,257734.55
1778360400,0.1009,0.1012,0.1008,0.1011,197031.51
1778364000,0.1011,0.1013,0.1009,0.1012,313382.14
1778367600,0.1011,0.1012,0.1008,0.1009,265189.38
1778371200,0.1009,0.1011,0.1005,0.1005,420374.44
1778374800,0.1005,0.1009,0.1002,0.1008,448240.15
1778378400,0.1007,0.1017,0.1005,0.1017,124408.35
1778382000,0.1017,0.1019,0.1011,0.1018,235134.77
1778385600,0.1018,0.1024,0.1015,0.102,369371.11
1778389200,0.1021,0.1022,0.1017,0.102,240973.74
1778392800,0.102,0.1023,0.1018,0.102,152234.29
1778396400,0.102,0.1027,0.1018,0.1021,153504.87
1778400000,0.1021,0.1027,0.1021,0.1025,123913.15
1778403600,0.1026,0.1028,0.1024,0.1027,105466.44
1778407200,0.1026,0.1029,0.1023,0.1026,485177.3
1778410800,0.1025,0.1026,0.102,0.1023,297723.14
1778414400,0.1023,0.1031,0.1021,0.1029,412760.19
1778418000,0.1031,0.1031,0.1026,0.1028,195645.91
1778421600,0.1028,0.1033,0.1024,0.1027,440089.96
1778425200,0.1027,0.1032,0.1025,0.103,196728.27
1778428800,0.1031,0.1037,0.1028,0.1035,430975.31
1778432400,0.1036,0.1039,0.1032,0.1038,418824.33
1778436000,0.1037,0.1042,0.1036,0.104,259460.12
1778439600,0.1041,0.1045,0.1037,0.1042,275428.21
1778443200,0.1042,0.1044,0.1025,0.103,516516.23
1778446800,0.103,0.1035,0.1027,0.1034,527313.12
1778450400,0.1035,0.1043,0.1031,0.1043,272274.27
1778454000,0.1043,0.1047,0.1039,0.1045,424001
1778457600,0.1044,0.1048,0.1036,0.1041,429144.56
1778461200,0.1041,0.1047,0.1038,0.1045,187210.77
1778464800,0.1044,0.1045,0.1033,0.1034,235547.11
1778468400,0.1035,0.1036,0.1029,0.1033,177739.87
1778472000,0.1033,0.1039,0.1031,0.1038,265793.43
1778475600,0.1039,0.1045,0.1038,0.1041,161826.42
1778479200,0.1041,0.1044,0.1038,0.1041,162823.43
1778482800,0.1038,0.104,0.1036,0.104,304121.38
1778486400,0.1039,0.1046,0.1038,0.1044,112321.65
1778490000,0.1044,0.105,0.104,0.1041,147532.59
1778493600,0.1041,0.1044,0.1037,0.1038,246568.82
1778497200,0.104,0.1041,0.1036,0.1038,207091.67
1778500800,0.1038,0.1039,0.1034,0.1037,405278.7
1778504400,0.1037,0.1042,0.1035,0.1041,349339.29
1778508000,0.104,0.1043,0.1032,0.1032,452465.51
1778511600,0.1032,0.1037,0.1027,0.1027,330490.57
1778515200,0.1027,0.103,0.1021,0.1026,934661.41
1778518800,0.1025,0.1026,0.1018,0.1025,631176.72
1778522400,0.1025,0.1028,0.1024,0.1026,575414.63
1778526000,0.1026,0.1034,0.1025,0.1031,356697.25
1778529600,0.1031,0.1033,0.1027,0.1031,304843.46
1778533200,0.1031,0.1032,0.1029,0.1029,314845.15
1778536800,0.1029,0.1032,0.1028,0.1031,285294.58
1778540400,0.103,0.1033,0.1028,0.1032,238642.52
1778544000,0.1031,0.1033,0.1025,0.1028,464199.18
1778547600,0.1027,0.1029,0.1012,0.1014,768784.03
1778551200,0.1014,0.102,0.1014,0.1019,490663.12
1778554800,0.1019,0.1019,0.1014,0.1015,374555.22
1778558400,0.1015,0.102,0.1014,0.1018,293333.53
1778562000,0.1018,0.1025,0.1018,0.1021,458400.31
1778565600,0.102,0.1021,0.1019,0.1019,508647.48
1778569200,0.1018,0.1021,0.1015,0.1018,623788.54
1778572800,0.1018,0.1021,0.1015,0.1019,237554.33
1778576400,0.1018,0.1023,0.1018,0.1022,199049.75
1778580000,0.1022,0.1023,0.1013,0.1015,515453.55
1778583600,0.1014,0.1017,0.1008,0.1014,618324.9
1778587200,0.1015,0.1016,0.1008,0.1014,1020354.94
1778590800,0.1014,0.1016,0.1003,0.1004,443397.96
1778594400,0.1005,0.1008,0.0997,0.1003,782835.91
1778598000,0.1004,0.1004,0.099,0.0991,657864.53
1778601600,0.099,0.0994,0.0985,0.0989,582389.03
1778605200,0.0989,0.0992,0.0988,0.0989,515785.45
1778608800,0.0989,0.0991,0.0986,0.0986,188220.54
1778612400,0.0986,0.0991,0.0986,0.0987,348424.23
1778616000,0.0988,0.0989,0.0985,0.0989,220324.28
1778619600,0.099,0.0992,0.099,0.099,245561.15
1778623200,0.099,0.0993,0.099,0.099,290530.83
1778626800,0.0991,0.0991,0.0986,0.0987,230328.68
1778630400,0.0986,0.0998,0.0985,0.0996,503787.92
1778634000,0.0995,0.1001,0.0995,0.1,369103.73
1778637600,0.1,0.1001,0.0996,0.0997,243910.44
1778641200,0.0997,0.0997,0.0994,0.0996,163134.6
1778644800,0.0995,0.0998,0.0994,0.0996,514559.58
1778648400,0.0996,0.0998,0.0993,0.0998,424266.83
1778652000,0.0999,0.1005,0.0998,0.1,497895.69
1778655600,0.1001,0.1003,0.0999,0.1002,171706.6
1778659200,0.1002,0.1004,0.0999,0.1002,266842.5
1778662800,0.1002,0.1011,0.1002,0.1011,346001.78
1778666400,0.1012,0.1012,0.1005,0.1007,534408.08
1778670000,0.1007,0.1007,0.1,0.1001,300354.37
1778673600,0.1001,0.1002,0.0987,0.0992,686604.03
1778677200,0.0993,0.0994,0.0976,0.0978,999853.22
1778680800,0.0977,0.0985,0.0971,0.0984,639926.45
1778684400,0.0986,0.0988,0.0966,0.0969,927350.54
1778688000,0.0969,0.0974,0.0965,0.097,520476.22
1778691600,0.097,0.0976,0.0969,0.0973,382011.81
1778695200,0.0974,0.0978,0.0972,0.0973,365555.59
1778698800,0.0973,0.0973,0.0967,0.0969,225504.57
1778702400,0.0968,0.0971,0.0967,0.097,208840.6
1778706000,0.0969,0.097,0.0958,0.0959,638761.67
1778709600,0.0959,0.0963,0.0953,0.0959,375756.64
1778713200,0.096,0.0962,0.096,0.0961,195202.47
1778716800,0.0961,0.0961,0.0955,0.0957,220376.76
1778720400,0.0957,0.0959,0.0957,0.0959,148800.74
1778724000,0.0959,0.0963,0.0957,0.0959,374205.38
1778727600,0.0959,0.096,0.0943,0.0945,676795.1
1778731200,0.0943,0.095,0.0937,0.0949,826435.83
1778734800,0.095,0.0955,0.095,0.0954,311530.05
1778738400,0.0954,0.0955,0.0947,0.0948,207554.67
1778742000,0.0948,0.0948,0.0944,0.0944,276331.9
1778745600,0.0944,0.0946,0.0942,0.0945,273807.67
1778749200,0.0945,0.0946,0.0942,0.0942,260481.13
1778752800,0.0941,0.0944,0.0939,0.0943,337269.37
1778756400,0.0943,0.0944,0.0934,0.0934,501776.86
1778760000,0.0934,0.0942,0.0933,0.0941,334160.48
1778763600,0.0941,0.0944,0.0937,0.0939,483029.61
1778767200,0.0939,0.0948,0.0937,0.0945,357824.33
1778770800,0.0946,0.0947,0.0938,0.0942,934477.22
1778774400,0.0942,0.0945,0.0931,0.0944,768151.99
1778778000,0.0943,0.0948,0.0936,0.0946,936957.58
1778781600,0.0946,0.0952,0.0944,0.0952,642177.34
1778785200,0.0952,0.0956,0.0949,0.0951,493132.6
1778788800,0.0951,0.0953,0.0947,0.095,227768.72
1778792400,0.0951,0.0951,0.0947,0.095,107177.74
1778796000,0.0948,0.0953,0.0948,0.0949,115895.61
1778799600,0.095,0.095,0.0944,0.0944,133503.1
1778803200,0.0945,0.095,0.0945,0.0947,200158.92
1778806800,0.0947,0.0948,0.0944,0.0944,183453.02
1778810400,0.0944,0.0947,0.094,0.0943,480797.72
1778814000,0.0943,0.0946,0.094,0.0943,540329.18
1778817600,0.0942,0.0943,0.0936,0.0937,400141.04
1778821200,0.0936,0.0938,0.0929,0.093,460382.42
1778824800,0.0929,0.0938,0.0929,0.0938,114147.13
1778828400,0.0938,0.0946,0.0937,0.0943,288028.97
1778832000,0.0943,0.0943,0.0935,0.0937,201313.94
1778835600,0.0936,0.0938,0.0933,0.0935,273689.87
1778839200,0.0935,0.0943,0.0934,0.0942,279484.06
1778842800,0.0942,0.0943,0.0936,0.0936,181718.33
1778846400,0.0936,0.0936,0.093,0.093,328451.34
1778850000,0.093,0.093,0.0894,0.0896,2111495.66
1778853600,0.0896,0.0909,0.0896,0.0904,649037.72
1778857200,0.0905,0.0907,0.09,0.0904,332151.92
1778860800,0.0905,0.091,0.0901,0.0906,431530.11
1778864400,0.0907,0.091,0.0904,0.0909,700678.45
1778868000,0.091,0.0911,0.0906,0.0908,226591.34
1778871600,0.0908,0.091,0.0906,0.0907,210793.43
1778875200,0.0907,0.0909,0.0905,0.0905,296159.92
1778878800,0.0906,0.0907,0.0903,0.0905,259683
1778882400,0.0905,0.091,0.0905,0.0909,140939.06
1778886000,0.0908,0.0911,0.0908,0.0909,209696.16
1778889600,0.0909,0.0917,0.0909,0.0913,298405.08
1778893200,0.0914,0.0915,0.0911,0.0915,93344.73
1778896800,0.0916,0.0919,0.0913,0.0916,64592.83
1778900400,0.0915,0.0917,0.0912,0.0913,138814.3
1778904000,0.0913,0.0913,0.0906,0.0909,221005.53
1778907600,0.0907,0.091,0.0907,0.0907,47681.27
1778911200,0.0907,0.0908,0.09,0.0903,117480.26
1778914800,0.0901,0.0902,0.0886,0.0894,626551.61
1778918400,0.0895,0.0896,0.0891,0.0891,85260.24
1778922000,0.0891,0.0892,0.0882,0.0887,531357.76
1778925600,0.0888,0.0894,0.0884,0.0894,730561.33
1778929200,0.0893,0.0896,0.0892,0.0894,304007.64
1778932800,0.0894,0.0897,0.0893,0.0897,364065.32
1778936400,0.0897,0.0898,0.0895,0.0895,246403.11
1778940000,0.0895,0.0901,0.0895,0.09,134067.38
1778943600,0.0901,0.0909,0.0901,0.0908,235533.23
1778947200,0.0908,0.091,0.0905,0.0908,212270.63
1778950800,0.0907,0.0913,0.0907,0.0909,376711.35
1778954400,0.091,0.0911,0.0907,0.0909,211826.68
1778958000,0.0909,0.0911,0.0909,0.0909,107959.46
1778961600,0.091,0.0911,0.0908,0.0909,211416.06
1778965200,0.091,0.0911,0.0909,0.091,112304.1
1778968800,0.0909,0.091,0.0909,0.0909,118589.04
1778972400,0.0909,0.0912,0.0909,0.0911,210647.8
1778976000,0.0912,0.0917,0.0908,0.0908,190215.26
1778979600,0.0907,0.091,0.0902,0.0905,82018.41
1778983200,0.0906,0.0909,0.0906,0.0909,140163.53
1778986800,0.091,0.0914,0.0907,0.0913,53106.08
1778990400,0.0914,0.0921,0.0914,0.0921,338271.88
1778994000,0.0921,0.0922,0.0916,0.0917,129552.23
1778997600,0.0918,0.0918,0.0913,0.0917,151035.17
1779001200,0.0917,0.0924,0.0916,0.0924,198084.52
1779004800,0.0923,0.0926,0.0921,0.0921,163786.88
1779008400,0.0921,0.0926,0.092,0.0925,75162.38
1779012000,0.0925,0.0926,0.0922,0.0922,148753.28
1779015600,0.0921,0.0925,0.092,0.0924,173244.5
1779019200,0.0923,0.0926,0.0922,0.0922,275816.56
1779022800,0.0921,0.0924,0.0917,0.0918,214408.71
1779026400,0.0917,0.092,0.0913,0.0919,135758.69
1779030000,0.0919,0.0923,0.0916,0.0922,382086.34
1779033600,0.0921,0.0922,0.0915,0.0918,161290.42
1779037200,0.0918,0.092,0.0915,0.092,326237.29
1779040800,0.0919,0.0921,0.0915,0.092,159270.42
1779044400,0.0922,0.0924,0.092,0.0923,138844.8
1779048000,0.0923,0.0924,0.092,0.0922,156234.03
1779051600,0.0922,0.0925,0.0921,0.0924,77477.29
1779055200,0.0923,0.0924,0.0916,0.0917,203074.04
1779058800,0.0916,0.0917,0.0884,0.0907,1817709.28
1779062400,0.0908,0.0908,0.0899,0.0908,306474.89
1779066000,0.0907,0.0908,0.09,0.0906,222644.98
1779069600,0.0906,0.0925,0.0906,0.0912,2014450.15
1779073200,0.0913,0.0915,0.0909,0.0912,202744.39
1779076800,0.0913,0.0915,0.091,0.0912,202233.79
1779080400,0.0912,0.0914,0.0906,0.0906,274361.5
1779084000,0.0906,0.0908,0.0896,0.0903,950650.96
1779087600,0.0901,0.0903,0.0899,0.0901,186865.25
1779091200,0.0901,0.0902,0.0897,0.09,552932.97
1779094800,0.0899,0.09,0.0897,0.0898,80785.21
1779098400,0.0897,0.0898,0.0895,0.0896,100075.97
1779102000,0.0896,0.0905,0.0896,0.0901,119890.89
1779105600,0.0902,0.0909,0.0902,0.0906,297733.57
1779109200,0.0904,0.0905,0.0899,0.0901,239704.4
1779112800,0.0901,0.0901,0.0889,0.0892,481736.47
1779116400,0.0892,0.0896,0.0888,0.0894,424320.92
1779120000,0.0895,0.0901,0.0893,0.0899,207101.62
1779123600,0.0899,0.0902,0.0898,0.09,266708.78
1779127200,0.0899,0.0901,0.0894,0.0901,191550.54
1779130800,0.09,0.0907,0.09,0.0902,849347.92
1779134400,0.0902,0.0903,0.0893,0.0895,585231.13
1779138000,0.0895,0.0904,0.0895,0.0903,148287.64
1779141600,0.0902,0.0909,0.0901,0.0906,461348.38
1779145200,0.0906,0.091,0.0905,0.0909,151275.56
1779148800,0.0909,0.0914,0.0909,0.091,187093.66
1779152400,0.091,0.091,0.0906,0.0906,374357.8
1779156000,0.0904,0.0909,0.0904,0.0905,87458.05
1779159600,0.0905,0.091,0.0904,0.0909,38018.12
1779163200,0.091,0.0912,0.0909,0.091,177991.1
1779166800,0.0909,0.0911,0.0905,0.091,270544.51
1779170400,0.091,0.0915,0.091,0.0915,123009.59
1779174000,0.0915,0.0916,0.0912,0.0913,82987.96
1779177600,0.0913,0.0914,0.0909,0.0911,125404.94
1779181200,0.0911,0.0912,0.0906,0.0909,94698.18
1779184800,0.0908,0.091,0.0906,0.0907,239765.94
1779188400,0.0907,0.0907,0.0898,0.09,243644.44
1779192000,0.0902,0.0906,0.0902,0.0903,30562.58
1779195600,0.0905,0.0905,0.09,0.0901,49279.97
1779199200,0.0901,0.0901,0.0886,0.0891,167027.44
1779202800,0.0893,0.0895,0.0892,0.0893,74825.7
1779206400,0.0894,0.0897,0.089,0.0896,88523.9
1779210000,0.0897,0.0897,0.0892,0.0893,41287.07
1779213600,0.0893,0.0902,0.0892,0.0896,144964.78
1779217200,0.0897,0.0899,0.0895,0.0896,56585.68
1779220800,0.0896,0.0897,0.0893,0.0893,37349.77
1779224400,0.0893,0.0895,0.0891,0.0891,95144.48
1779228000,0.089,0.0892,0.0886,0.0886,117738.83
1779231600,0.0886,0.0896,0.0886,0.0895,906889.98
1779235200,0.0895,0.0896,0.0891,0.0895,348177.17
1779238800,0.0894,0.09,0.0894,0.0899,108668.69
1779242400,0.0899,0.0899,0.0895,0.0895,36025.53
1779246000,0.0896,0.09,0.0896,0.0898,63650.73
1779249600,0.0899,0.0902,0.0897,0.0902,32623.9
1779253200,0.0903,0.091,0.0903,0.0906,411519.95
1779256800,0.0906,0.0906,0.0899,0.0905,216995.35
1779260400,0.0904,0.0905,0.0903,0.0903,23027.55
1779264000,0.0901,0.0902,0.0901,0.0902,43606.96
1779267600,0.0902,0.0903,0.09,0.09,80124.76
1779271200,0.0901,0.0901,0.0899,0.0899,142245.51
1779274800,0.09,0.09,0.0894,0.0895,126516.69
1779278400,0.0895,0.0897,0.0893,0.0896,82372.02
1779282000,0.0895,0.0897,0.0894,0.0895,95644.47
1779285600,0.0895,0.0906,0.0894,0.0906,72802.24
1779289200,0.0904,0.0911,0.0904,0.0908,93501.99
1779292800,0.0909,0.0913,0.0905,0.0907,100942.1
1779296400,0.0907,0.0911,0.0906,0.0908,156776.26
1779300000,0.0908,0.0909,0.0905,0.0906,96564.05
1779303600,0.0906,0.0909,0.0905,0.0908,120500.21
1779307200,0.0907,0.0909,0.0904,0.0909,436699.76
1779310800,0.0908,0.091,0.0907,0.0908,162260.37
1779314400,0.0907,0.0909,0.0905,0.0908,149677.18
1779318000,0.0908,0.091,0.0906,0.091,58360.94
1779321600,0.091,0.0915,0.0909,0.0914,121122.23
1779325200,0.0913,0.0917,0.0913,0.0916,103968.81
1779328800,0.0916,0.0917,0.0912,0.0913,81890.5
1779332400,0.0913,0.0917,0.0913,0.0917,124692.45
1779336000,0.0918,0.0918,0.0913,0.0914,157727.88
1779339600,0.0914,0.0914,0.0908,0.091,212495.66
1779343200,0.091,0.0914,0.091,0.0914,168665.66
1779346800,0.0913,0.0916,0.091,0.0914,107306.5
1779350400,0.0914,0.0917,0.0914,0.0914,226826.94
1779354000,0.0914,0.0917,0.0914,0.0916,76185.5
1779357600,0.0916,0.0918,0.0907,0.0907,237341.77
1779361200,0.0907,0.0911,0.0906,0.0909,68800.01
1779364800,0.0909,0.091,0.0899,0.0905,336229.19
1779368400,0.0906,0.0907,0.0901,0.0905,108323.01
1779372000,0.0905,0.0906,0.0898,0.0901,77381.47
1779375600,0.0901,0.0908,0.09,0.0904,93613.75
1779379200,0.0905,0.0905,0.09,0.0903,184438.09
1779382800,0.0903,0.0913,0.0903,0.0911,309066.5
1779386400,0.0911,0.0912,0.0906,0.0909,110741.65
1779390000,0.0909,0.0914,0.0909,0.0913,336365.15
1779393600,0.0913,0.0917,0.0912,0.0915,360991.61
1779397200,0.0915,0.0915,0.0913,0.0913,45135.92
1779400800,0.0914,0.0916,0.0913,0.0913,71910.29
1779404400,0.0913,0.0916,0.0912,0.0915,53313.86
1779408000,0.0915,0.0915,0.0912,0.0912,291157.31
1779411600,0.0912,0.0919,0.0912,0.0919,261543.18
1779415200,0.0919,0.0925,0.0919,0.0924,120310.52
1779418800,0.0924,0.0927,0.0923,0.0927,153961.62
1779422400,0.0927,0.0928,0.0924,0.0925,115474.58
1779426000,0.0925,0.0927,0.092,0.092,152886.19
1779429600,0.0921,0.0923,0.0921,0.0921,69154.86
1779433200,0.0921,0.0926,0.0919,0.0924,229205.45
1779436800,0.0924,0.0926,0.0921,0.0923,239704.26
1779440400,0.0923,0.0926,0.092,0.0921,54854.84
1779444000,0.0921,0.0921,0.0918,0.0919,202117.31
1779447600,0.0919,0.0923,0.0919,0.0923,82340.89
1779451200,0.0922,0.0931,0.0922,0.0931,202495.69
1779454800,0.0931,0.0931,0.0917,0.0919,416563.29
1779458400,0.0918,0.0918,0.0912,0.0912,370137.54
1779462000,0.0912,0.0917,0.091,0.0915,164142.24
1779465600,0.0916,0.092,0.0915,0.092,432060.4
1779469200,0.0921,0.0921,0.0915,0.0918,331918.61
1779472800,0.0918,0.0922,0.0908,0.0912,522813.48
1779476400,0.0911,0.0914,0.09,0.0911,1007088.13
1779480000,0.0912,0.0919,0.0911,0.0917,425014.17
1779483600,0.0918,0.0918,0.0912,0.0915,277773.38
1779487200,0.0915,0.0917,0.0911,0.0912,166294.96
1779490800,0.0913,0.0914,0.0897,0.0903,453430.74
1779494400,0.0902,0.0907,0.09,0.0906,356978.24
1779498000,0.0907,0.0907,0.0903,0.0906,146092.33
1779501600,0.0906,0.0907,0.0904,0.0907,55932.98
1779505200,0.0907,0.0908,0.0905,0.0905,104219.9
1779508800,0.0905,0.0905,0.0901,0.0903,262487.23
1779512400,0.0902,0.0903,0.09,0.0902,152954.94
1779516000,0.0902,0.0904,0.09,0.0903,110700.15
1779519600,0.0904,0.0904,0.088,0.0883,1406764.7
1779523200,0.0882,0.0882,0.0874,0.0879,392605.16
1779526800,0.088,0.0882,0.0878,0.0879,158624.2
1779530400,0.0879,0.0881,0.0878,0.0881,187923.74
1779534000,0.0881,0.0882,0.0878,0.0878,111582.68
1779537600,0.0878,0.0882,0.0876,0.0882,195201.53
1779541200,0.0882,0.0892,0.0882,0.0892,365548.67
1779544800,0.0891,0.09,0.089,0.09,276243.27
1779548400,0.0899,0.0903,0.0899,0.0902,123535.58
1779552000,0.0902,0.0903,0.09,0.0902,355186.76
1779555600,0.0901,0.0901,0.0898,0.0898,378760.98
1779559200,0.0899,0.0907,0.0898,0.0905,231489.44
1779562800,0.0905,0.0906,0.0903,0.0906,50027.73
1779566400,0.0906,0.0922,0.0905,0.0922,358490.28
1779570000,0.0922,0.0923,0.0912,0.0914,191273.25
1779573600,0.0914,0.0916,0.0907,0.0909,190805.5
1779577200,0.0908,0.0912,0.0908,0.0912,126942.47
1779580800,0.091,0.0912,0.0909,0.0911,189278.27
1779584400,0.0912,0.0915,0.091,0.0915,247858.02
1779588000,0.0914,0.0915,0.0911,0.0914,233696.08
1779591600,0.0913,0.0915,0.091,0.0911,277662.77
1779595200,0.0911,0.0911,0.0908,0.091,126700.99
1779598800,0.091,0.091,0.0907,0.091,155920.27
1779602400,0.091,0.0914,0.091,0.0912,67742.82
1779606000,0.0912,0.0913,0.091,0.0911,67803.67
1779609600,0.0911,0.0916,0.091,0.0915,98958.3
1779613200,0.0913,0.0915,0.0913,0.0915,60703.16
1779616800,0.0915,0.0919,0.0914,0.0914,146327.8
1779620400,0.0915,0.0916,0.0911,0.0913,82113.22
1779624000,0.0913,0.0913,0.0908,0.0911,201141.87
1779627600,0.0911,0.0911,0.0906,0.0907,242524.06
1779631200,0.0907,0.0907,0.0897,0.0904,693640.17
1779634800,0.0904,0.0906,0.0903,0.0904,120860.56
1779638400,0.0904,0.0906,0.0901,0.0905,192639.75
1779642000,0.0905,0.0907,0.0904,0.0905,64147.79
1779645600,0.0905,0.0906,0.0904,0.0904,71800.32
1779649200,0.0904,0.0905,0.0903,0.0905,115253.17
1779652800,0.0904,0.0904,0.09,0.09,145074.05
1779656400,0.0901,0.0902,0.089,0.0892,519441.72
1779660000,0.0892,0.0903,0.0892,0.0899,139752.77
1779663600,0.09,0.0904,0.0899,0.0903,83204.07
1779667200,0.0903,0.0907,0.0903,0.0906,108940.6
1779670800,0.0905,0.0906,0.09,0.09,85601.49
1779674400,0.09,0.0905,0.09,0.0903,34561.61
1779678000,0.0903,0.0904,0.0901,0.0904,65483.09
1779681600,0.0905,0.0909,0.0903,0.0909,152883.38
1779685200,0.0909,0.0914,0.0909,0.0913,103710.61
1779688800,0.0913,0.0917,0.0911,0.0916,118845.1
1779692400,0.0917,0.0924,0.0917,0.0921,343739.78
1779696000,0.0921,0.0921,0.0919,0.0921,130402.34
1779699600,0.0921,0.0921,0.0919,0.092,323637.95
1779703200,0.092,0.0924,0.092,0.0921,150597.77
1779706800,0.092,0.0921,0.0917,0.0917,124770.86
1779710400,0.0917,0.0922,0.0915,0.092,213971.08
1779714000,0.092,0.0922,0.0918,0.0922,118124.52
1779717600,0.0922,0.0927,0.0922,0.0927,229479.15
1779721200,0.0927,0.0929,0.0924,0.0925,200477.8
1779724800,0.0925,0.0936,0.0924,0.0934,571461.1
1779728400,0.0934,0.0935,0.093,0.0933,393577.95
1779732000,0.0934,0.0935,0.0932,0.0933,154321.8
1779735600,0.0932,0.0935,0.0931,0.0935,137832.41
1779739200,0.0934,0.0935,0.0928,0.0931,229695.93
1779742800,0.0931,0.0931,0.0926,0.0929,269972.97
1779746400,0.0929,0.0929,0.0923,0.0923,245200.41
1779750000,0.0924,0.0928,0.0923,0.0928,128871.11
1779753600,0.0927,0.0927,0.0917,0.0921,316595.52
1779757200,0.092,0.0922,0.0914,0.0918,245241.64
1779760800,0.0918,0.0921,0.0917,0.0919,104944.15
1779764400,0.0919,0.0922,0.0918,0.0921,121775.25
1779768000,0.0922,0.0926,0.0921,0.0924,182103.81
1779771600,0.0923,0.0929,0.0922,0.0925,216533.14
1779775200,0.0925,0.0928,0.0925,0.0928,82172.44
1779778800,0.0928,0.0928,0.0922,0.0926,164245.49
1779782400,0.0926,0.0929,0.0924,0.0925,183694.85
1779786000,0.0925,0.0928,0.0924,0.0927,159242.89
1779789600,0.0927,0.0937,0.0927,0.0935,144768.82
1779793200,0.0935,0.0936,0.0929,0.093,315278.47
1779796800,0.093,0.0932,0.0927,0.0929,147697.89
1779800400,0.0929,0.093,0.0923,0.0928,193373.26
1779804000,0.0928,0.0931,0.0922,0.0923,193509.49
1779807600,0.0923,0.0929,0.0919,0.0926,927595.97
1779811200,0.0926,0.0928,0.092,0.0923,222355.57
1779814800,0.0922,0.0922,0.0912,0.0915,287320.45
1779818400,0.0915,0.0919,0.0913,0.0914,144170.64
1779822000,0.0914,0.0917,0.0911,0.0917,161892.95
1779825600,0.0917,0.0919,0.0917,0.0919,103700.6
1779829200,0.0919,0.0921,0.0916,0.0917,117816.45
1779832800,0.0917,0.0919,0.0916,0.0917,178998.5
1779836400,0.0918,0.0919,0.0915,0.0916,167575.35
1779840000,0.0916,0.0925,0.0916,0.0924,358252.18
1779843600,0.0923,0.0924,0.0921,0.0922,87930.51
1779847200,0.0922,0.0923,0.0918,0.092,120962.98
1779850800,0.092,0.0921,0.0919,0.092,35990.08
1779854400,0.092,0.0921,0.0912,0.0918,413631.78
1779858000,0.0918,0.092,0.0916,0.0919,94366.78
1779861600,0.092,0.0923,0.0919,0.0922,35458.54
1779865200,0.0921,0.0921,0.0917,0.0919,61580.01
1779868800,0.0919,0.092,0.0913,0.0913,146276.52
1779872400,0.0914,0.0914,0.0909,0.0911,173242.47
1779876000,0.0911,0.0913,0.0909,0.0911,168668.6
1779879600,0.0911,0.0916,0.091,0.0914,142565.14
1779883200,0.0914,0.0919,0.0912,0.0913,70176.77
1779886800,0.0913,0.0913,0.09,0.0905,301425.11
1779890400,0.0905,0.0907,0.0901,0.0904,169978.41
1779894000,0.0903,0.0915,0.0902,0.091,217036.73
1779897600,0.091,0.0912,0.0904,0.0906,280732.83
1779901200,0.0905,0.0905,0.09,0.0903,183851.35
1779904800,0.0902,0.0905,0.0898,0.0904,148506.39
1779908400,0.0905,0.0906,0.0901,0.0902,254474.25
1779912000,0.0903,0.0904,0.0901,0.0904,396228.72
1779915600,0.0903,0.0904,0.0893,0.0895,520695.16
1779919200,0.0895,0.09,0.0895,0.0898,131227.32
1779922800,0.0898,0.09,0.0894,0.0899,63411.57
1779926400,0.0899,0.0901,0.0899,0.0901,90378.93
1779930000,0.0902,0.0902,0.0895,0.09,87265.73
1779933600,0.0899,0.0903,0.0899,0.09,58051.02
1779937200,0.09,0.0901,0.0884,0.0886,714954.32
1779940800,0.0885,0.0885,0.0864,0.0872,1343171.7
1779944400,0.0872,0.0874,0.0868,0.0872,208145.76
1779948000,0.0872,0.0875,0.087,0.0873,85110.67
1779951600,0.0874,0.0878,0.0874,0.0877,55155.01
1779955200,0.0877,0.0878,0.0872,0.0874,50950.88
1779958800,0.0874,0.0879,0.0874,0.0879,47406.6
1779962400,0.0879,0.088,0.0872,0.0873,95976.19
1779966000,0.0873,0.0874,0.0869,0.0872,349159.15
1779969600,0.0872,0.0877,0.0868,0.0877,203133.03
1779973200,0.0877,0.0878,0.0872,0.0874,277394.61
1779976800,0.0873,0.0878,0.0866,0.0873,683579.38
1779980400,0.0874,0.0875,0.0867,0.0869,279062.37
1779984000,0.0868,0.0878,0.0866,0.0874,256605.9
1779987600,0.0875,0.0882,0.0875,0.0882,197513.77
1779991200,0.0883,0.0887,0.0878,0.0882,346541.89
1779994800,0.0881,0.0881,0.0874,0.0874,234534.66
1779998400,0.0874,0.0879,0.0871,0.0877,513220.63
1780002000,0.0876,0.088,0.0876,0.0879,91496.39
1780005600,0.088,0.088,0.0873,0.0874,174781.48
1780009200,0.0874,0.0875,0.0872,0.0874,86709.11
1780012800,0.0875,0.0878,0.0874,0.0876,64057.95
1780016400,0.0877,0.0877,0.087,0.0871,1759819.79
1780020000,0.087,0.0871,0.0867,0.0869,365413.82
1780023600,0.087,0.0873,0.0869,0.0869,77972.7
1780027200,0.0869,0.0874,0.0864,0.0874,396126.48
1780030800,0.0874,0.0879,0.0874,0.0879,174497.85
1780034400,0.088,0.0882,0.0879,0.088,67219.68
1780038000,0.088,0.0884,0.0878,0.0882,104484.2
1780041600,0.0883,0.0884,0.0882,0.0884,72999.27
1780045200,0.0883,0.0886,0.0882,0.0885,49986.25
1780048800,0.0885,0.0885,0.0882,0.0884,52971.99
1780052400,0.0882,0.0883,0.0874,0.0877,126470.84
1780056000,0.0877,0.0878,0.0874,0.0875,81995.35
1780059600,0.0875,0.0879,0.0873,0.0879,345507.66
1780063200,0.0878,0.0879,0.0868,0.0876,264876.87
1780066800,0.0875,0.0891,0.0875,0.0888,198698.7
1780070400,0.0887,0.089,0.0883,0.0889,393457.29
1780074000,0.0889,0.0892,0.0887,0.0889,178634.65
1780077600,0.089,0.0892,0.0884,0.0885,89056.19
1780081200,0.0885,0.0889,0.0883,0.0888,375479.56
1780084800,0.0888,0.0891,0.0887,0.089,121026.22
1780088400,0.0891,0.0894,0.0888,0.0889,326757.33
1780092000,0.0889,0.0893,0.0888,0.0893,91853.13
1780095600,0.0894,0.0901,0.0893,0.0899,158144.81
1780099200,0.0898,0.091,0.0898,0.0908,522670.08
1780102800,0.0907,0.0918,0.0907,0.0912,810833.21
1780106400,0.0912,0.0919,0.091,0.0917,202403.8
1780110000,0.0917,0.0917,0.0911,0.0911,185298.95
1780113600,0.0911,0.0912,0.0907,0.0909,252606.79
1780117200,0.0909,0.0913,0.0909,0.0912,202125.11
1780120800,0.0913,0.0913,0.0909,0.0912,104167.18
1780124400,0.0913,0.0914,0.0911,0.0913,192427.97
1780128000,0.0913,0.0913,0.091,0.0913,74466.4
1780131600,0.0912,0.0917,0.0912,0.0914,176844.98
1780135200,0.0914,0.0914,0.091,0.0911,77531.56
1780138800,0.0911,0.0912,0.0907,0.0907,150139.2
1780142400,0.0907,0.091,0.0906,0.091,66613.75
1780146000,0.0909,0.0911,0.0907,0.0911,84301.38
1780149600,0.091,0.0911,0.0907,0.0909,205608.89
1780153200,0.0908,0.0911,0.0906,0.0907,96176.56
1780156800,0.0907,0.091,0.0906,0.0909,72886.31
1780160400,0.091,0.0911,0.0904,0.0906,179771.88
1780164000,0.0907,0.0908,0.0905,0.0906,120781.93
1780167600,0.0906,0.0907,0.0903,0.0905,221718.41
1780171200,0.0905,0.0906,0.0902,0.0905,280047.88
1780174800,0.0905,0.0905,0.0902,0.0903,133418.86
1780178400,0.0904,0.0904,0.0896,0.0898,611300.15
1780182000,0.0898,0.0899,0.0896,0.0899,155562.07
1780185600,0.0899,0.0903,0.0899,0.0902,134676.9
1780189200,0.0902,0.0904,0.0901,0.0904,138845.51
1780192800,0.0904,0.0911,0.0904,0.0909,261502.08
1780196400,0.0908,0.0909,0.0905,0.0906,46823.29
1780200000,0.0906,0.091,0.0906,0.0909,371935.15
1780203600,0.0909,0.0911,0.0907,0.0907,131569.22
1780207200,0.0907,0.091,0.0907,0.0908,48757.93
1780210800,0.0908,0.0908,0.0905,0.0907,113025.2
1780214400,0.0907,0.0908,0.0905,0.0908,91921.22
1780218000,0.0907,0.091,0.0906,0.0906,115278.48
1780221600,0.0907,0.0907,0.0904,0.0906,100071.07
1780225200,0.0908,0.0911,0.0907,0.091,34375.02
1780228800,0.0909,0.091,0.0908,0.091,43155.1
1780232400,0.0909,0.0909,0.0905,0.0905,59548.25
1780236000,0.0905,0.0907,0.0899,0.09,400598.09
1780239600,0.0901,0.0905,0.09,0.0904,71735.07
1780243200,0.0903,0.0903,0.09,0.0901,68489.35
1780246800,0.0902,0.0908,0.09,0.0907,219134.22
1780250400,0.0907,0.0911,0.0905,0.091,161754.2
1780254000,0.0909,0.0916,0.0909,0.0916,179231.85
1780257600,0.0917,0.0921,0.0913,0.0918,577628.82
1780261200,0.092,0.0929,0.0919,0.0929,769643.84
1780264800,0.0929,0.0931,0.0925,0.0928,557249.31
1780268400,0.0928,0.0932,0.0925,0.0929,135890.13
1780272000,0.0928,0.093,0.0926,0.0926,210099.66
1780275600,0.0925,0.0925,0.092,0.0921,464760.42
1780279200,0.0921,0.0929,0.0921,0.0927,181800.68
1780282800,0.0929,0.0933,0.0928,0.0928,215119.68
1780286400,0.0927,0.0928,0.0924,0.0927,299467.08
1780290000,0.0929,0.093,0.0926,0.0929,142465.13
1780293600,0.0929,0.0929,0.092,0.0924,304346.47
1780297200,0.0923,0.0925,0.0916,0.0916,181066.82
1780300800,0.0917,0.0922,0.0915,0.0921,150734.77
1780304400,0.0921,0.0924,0.0921,0.0922,253977.36
1780308000,0.0922,0.0929,0.0922,0.0929,178298.06
1780311600,0.0928,0.093,0.0926,0.0927,210081.01
1780315200,0.0927,0.0931,0.0923,0.0924,295699.05
1780318800,0.092,0.0922,0.0913,0.0918,315172.48
1780322400,0.0917,0.092,0.0915,0.092,214432.77
1780326000,0.0921,0.0933,0.0919,0.0932,1156472.24
1780329600,0.0932,0.0946,0.0926,0.0937,1197126.08
1780333200,0.0937,0.0943,0.0936,0.0941,426188.05
1780336800,0.0943,0.0943,0.0934,0.0936,729652.35
1780340400,0.0937,0.0939,0.0934,0.0939,170631.66
1780344000,0.0938,0.0942,0.0936,0.094,282101.53
1780347600,0.094,0.094,0.0933,0.0934,152979.52
1780351200,0.0934,0.0937,0.093,0.0937,218959.05
1780354800,0.0936,0.0943,0.0934,0.094,243878.35
1780358400,0.0941,0.0945,0.0929,0.0931,3305191.5
1780362000,0.0931,0.0931,0.0923,0.0924,211990.23
1780365600,0.0925,0.0929,0.0921,0.0929,119620.77
1780369200,0.0928,0.0937,0.0928,0.0935,481597.46
1780372800,0.0935,0.0937,0.0925,0.0925,332533.3
1780376400,0.0925,0.0927,0.092,0.0923,223334.6
1780380000,0.0923,0.0926,0.0921,0.0926,172122.08
1780383600,0.0926,0.0931,0.0923,0.0929,361996.53
1780387200,0.0928,0.0932,0.0928,0.0929,145800.8
1780390800,0.0928,0.0928,0.092,0.092,260313.3
1780394400,0.0919,0.092,0.091,0.0915,347529.4
1780398000,0.0914,0.0915,0.091,0.0914,227720.38
1780401600,0.0915,0.0918,0.0914,0.0918,121330.28
1780405200,0.0917,0.0921,0.0917,0.0918,70698.31
1780408800,0.0917,0.0919,0.0901,0.0919,1012735.94
1780412400,0.0919,0.0924,0.0893,0.0894,6056724.17
1780416000,0.0895,0.0918,0.0886,0.0902,4167995.57
1780419600,0.0902,0.0911,0.0902,0.0911,250626.11
1780423200,0.0911,0.0912,0.0901,0.0902,232753.73
1780426800,0.0903,0.0907,0.0892,0.0907,341003.85
1780430400,0.0907,0.0912,0.0903,0.0908,193736.47
1780434000,0.091,0.0916,0.0907,0.0909,145957.44
1780437600,0.0908,0.0908,0.0892,0.0893,150148.28
1780441200,0.0893,0.0902,0.0887,0.0902,330726.85
1780444800,0.0903,0.0909,0.0901,0.0906,130244.89
1780448400,0.0906,0.0908,0.09,0.0907,50605.2
1780452000,0.0906,0.0909,0.0903,0.0906,318462.81
1780455600,0.0904,0.0906,0.0894,0.0902,431741.2
1780459200,0.0901,0.0914,0.09,0.0914,143637.2
1780462800,0.0914,0.093,0.0913,0.093,751320.04
1780466400,0.093,0.0939,0.0928,0.0932,576830.25
1780470000,0.0932,0.0939,0.0932,0.0933,263107.11
1780473600,0.093,0.0935,0.0929,0.0935,280748.83
1780477200,0.0934,0.0936,0.0928,0.0929,104405.01
1780480800,0.0929,0.0932,0.0927,0.093,260761.49
1780484400,0.093,0.0933,0.0928,0.0928,305711.72
1780488000,0.093,0.0932,0.0928,0.0931,118395.32
1780491600,0.0934,0.0935,0.0928,0.0933,444033.62
1780495200,0.0932,0.094,0.0928,0.0938,507973.03
1780498800,0.0938,0.0957,0.0937,0.095,1990026.34
1780502400,0.095,0.0952,0.0932,0.0939,634224.04
1780506000,0.0939,0.0951,0.0938,0.0945,591698.09
1780509600,0.0945,0.0961,0.0941,0.0949,1592963.89
1780513200,0.095,0.0951,0.0938,0.0938,476968.44
1780516800,0.0938,0.0942,0.0926,0.0928,299212.11
1780520400,0.0929,0.0941,0.0929,0.094,550290.66
1780524000,0.094,0.0942,0.0933,0.0937,223859.95
1780527600,0.0936,0.0938,0.0932,0.0932,65001.6
1780531200,0.0932,0.0939,0.092,0.0923,365852.7
1780534800,0.0922,0.0924,0.09,0.0902,558541.76
1780538400,0.0901,0.0909,0.0876,0.0908,1169928.94
1780542000,0.0906,0.0929,0.0906,0.0924,521716.66
1780545600,0.0923,0.0929,0.092,0.092,308065.12
1780549200,0.092,0.0922,0.0914,0.092,40016.23
1780552800,0.0919,0.0934,0.0918,0.0923,313229.03
1780556400,0.0922,0.0924,0.091,0.091,608396.28
1780560000,0.0911,0.0913,0.0902,0.0911,384898.36
1780563600,0.091,0.091,0.0891,0.0901,357393.25
1780567200,0.0902,0.0902,0.0887,0.0888,406844.82
1780570800,0.0889,0.089,0.0876,0.089,375548.96
1780574400,0.0889,0.0906,0.0883,0.0902,417048.52
1780578000,0.0902,0.0912,0.0897,0.0912,246977.18
1780581600,0.0913,0.0913,0.0902,0.0905,226172.56
1780585200,0.0906,0.0916,0.0902,0.0915,244782.8
1780588800,0.0916,0.092,0.091,0.0914,403746.92
1780592400,0.0913,0.0914,0.0898,0.0904,409798.14
1780596000,0.0904,0.0908,0.0895,0.0906,183989.26
1780599600,0.0906,0.0911,0.0902,0.0902,148887.94
1780603200,0.0902,0.0902,0.0894,0.0897,145103.26
1780606800,0.0896,0.0899,0.0872,0.0872,765063.37
1780610400,0.0873,0.0873,0.0866,0.0871,323430.63
1780614000,0.087,0.087,0.0858,0.0868,388444.9
1780617600,0.0867,0.0874,0.0865,0.0868,238285.52
1780621200,0.0868,0.087,0.0862,0.0868,189306.24
1780624800,0.0868,0.0868,0.084,0.0842,598225.51
1780628400,0.0842,0.0847,0.0836,0.0836,241178.98
1780632000,0.0836,0.0847,0.0833,0.0845,251578.01
1780635600,0.0844,0.0845,0.0821,0.0823,342066.3
1780639200,0.0821,0.0824,0.0787,0.0805,1344098.81
1780642800,0.0803,0.0812,0.0788,0.0809,420255.33
1780646400,0.0808,0.0808,0.0788,0.0792,186410.29
1780650000,0.0792,0.0803,0.0792,0.0803,346206.37
1780653600,0.0804,0.0805,0.0783,0.0789,596870.06
1780657200,0.079,0.0797,0.078,0.078,666007.21
1780660800,0.0781,0.0789,0.0776,0.0783,890819.89
1780664400,0.0785,0.0789,0.0769,0.077,797581.22
1780668000,0.0769,0.0777,0.0762,0.0765,1141919.17
1780671600,0.0766,0.0768,0.0754,0.0767,630813.3
1780675200,0.0766,0.0766,0.0737,0.0761,1746776.68
1780678800,0.0761,0.0761,0.0743,0.0747,651106.71
1780682400,0.0746,0.0747,0.0713,0.0714,1221542.6
1780686000,0.0715,0.0741,0.0709,0.0739,943749.31
1780689600,0.074,0.0754,0.0729,0.0752,1095787.57
1780693200,0.0752,0.0767,0.075,0.0763,1278068.92
1780696800,0.0763,0.0779,0.0756,0.0778,675598.37
1780700400,0.0778,0.0786,0.0763,0.0779,857204.33
1780704000,0.0779,0.0795,0.0776,0.0795,966253.33
1780707600,0.0793,0.0796,0.0772,0.0772,658821.42
1780711200,0.0772,0.0772,0.0762,0.0762,720896.95
1780714800,0.0762,0.0764,0.0755,0.0757,663517.84
1780718400,0.0757,0.0761,0.0727,0.073,1631554.91
1780722000,0.073,0.0743,0.0723,0.0742,755570.5
1780725600,0.0743,0.0752,0.0742,0.0746,363341.34
1780729200,0.0745,0.0764,0.0745,0.076,420217.29
1780732800,0.076,0.0766,0.0759,0.0764,260227.8
1780736400,0.0763,0.0772,0.0754,0.0755,227160.85
1780740000,0.0755,0.0755,0.0747,0.0753,378495.81
1780743600,0.0752,0.076,0.0752,0.0759,95509.13
1780747200,0.076,0.0771,0.0758,0.0768,393603.08
1780750800,0.0768,0.0781,0.0767,0.0777,407987.03
1780754400,0.0777,0.0784,0.0774,0.0774,500046.42
1780758000,0.0775,0.0775,0.0761,0.0763,335048.92
1780761600,0.0762,0.0768,0.0761,0.0764,218078.68
1780765200,0.0765,0.0765,0.0755,0.0758,271395.87
1780768800,0.0759,0.0766,0.0757,0.0761,318234.08
1780772400,0.0761,0.0765,0.0759,0.0759,94481.95
1780776000,0.0757,0.0762,0.0754,0.0762,329948.32
1780779600,0.0761,0.0769,0.0761,0.0765,836551.03
1780783200,0.0765,0.0773,0.0764,0.0771,911934.74
1780786800,0.077,0.0779,0.0769,0.0776,244252.25
1780790400,0.0776,0.0787,0.0775,0.0779,268369.41
1780794000,0.0779,0.08,0.0778,0.0798,611493.11
1780797600,0.0798,0.0799,0.0784,0.0786,233437.34
1780801200,0.0786,0.0791,0.0785,0.0789,213567.61
1780804800,0.0788,0.079,0.0784,0.0789,101207.99
1780808400,0.0789,0.0796,0.0788,0.0791,196303.49
1780812000,0.079,0.0806,0.079,0.0797,619455.98
1780815600,0.0795,0.0804,0.0795,0.0799,374446.69
1780819200,0.0798,0.0804,0.0793,0.0803,655195.99
1780822800,0.0803,0.0808,0.0801,0.0803,158423.47
1780826400,0.08,0.0801,0.0795,0.0796,130962.74
1780830000,0.0796,0.0798,0.0791,0.0794,532506.28
1780833600,0.0794,0.0797,0.0783,0.0787,298062.11
1780837200,0.0786,0.079,0.0786,0.0788,137352.57
1780840800,0.0788,0.0798,0.0788,0.0794,228622.58
1780844400,0.0794,0.0795,0.0789,0.0791,156444.23
1780848000,0.079,0.0792,0.0787,0.079,185518.76
1780851600,0.079,0.0796,0.0789,0.0792,163918.77
1780855200,0.0793,0.0796,0.079,0.079,236162.03
1780858800,0.079,0.079,0.0773,0.0775,1203476.43
1780862400,0.0774,0.0783,0.0774,0.0782,228510.12
1780866000,0.0782,0.0785,0.078,0.0783,373098.84
1780869600,0.0782,0.0812,0.0782,0.0794,891063.93
1780873200,0.0795,0.0797,0.0793,0.0796,152172.52
1780876800,0.0796,0.0803,0.0793,0.0797,493272.26
1780880400,0.0798,0.0798,0.0788,0.0795,266482.18
1780884000,0.0795,0.0795,0.0791,0.0791,188246.86
1780887600,0.0793,0.08,0.0791,0.08,289259.59
1780891200,0.0796,0.0796,0.0788,0.0788,195972.47
1780894800,0.0788,0.0789,0.0786,0.0789,381131
1780898400,0.0792,0.0793,0.0789,0.079,87223.29
1780902000,0.079,0.0796,0.0787,0.0793,192706.5
1780905600,0.0793,0.0795,0.0787,0.0788,71133.03
1780909200,0.0788,0.0799,0.0788,0.0799,178386.29
1780912800,0.0797,0.0804,0.0795,0.0804,79688.63
1780916400,0.0802,0.0812,0.0802,0.0812,237439.54
1780920000,0.0813,0.0816,0.0802,0.0814,737457.02
1780923600,0.0814,0.0815,0.0805,0.0806,207232.61
1780927200,0.0806,0.0808,0.0804,0.0808,190801.72
1780930800,0.0809,0.0812,0.0795,0.0795,393692.98
1780934400,0.0796,0.0799,0.0795,0.0799,435288.86
1780938000,0.0799,0.0799,0.0792,0.0798,367135.35
1780941600,0.0799,0.08,0.0785,0.0789,208108.57
1780945200,0.0789,0.079,0.0786,0.0787,84686.14
1780948800,0.0787,0.0793,0.0784,0.0791,175365.24
1780952400,0.0791,0.0795,0.0789,0.0789,243117.62
1780956000,0.0788,0.0788,0.0784,0.0787,185363.49
1780959600,0.0788,0.0788,0.078,0.0782,226849.33
1780963200,0.078,0.0781,0.0765,0.0766,812478.05
1780966800,0.0769,0.0771,0.0766,0.0768,577641.92
1780970400,0.0768,0.0769,0.0761,0.0764,656649.91
1780974000,0.0764,0.0764,0.076,0.0762,240556.28
1780977600,0.0761,0.0772,0.0761,0.077,245094.42
1780981200,0.0769,0.0774,0.0769,0.0771,281795.18
1780984800,0.0771,0.0771,0.0767,0.0768,99253.27
1780988400,0.0768,0.0769,0.0762,0.0763,260782.81
1780992000,0.0763,0.0764,0.0757,0.0759,366989.28
1780995600,0.076,0.0763,0.076,0.0762,148329.31
1780999200,0.0761,0.0761,0.0756,0.0758,78191.86
1781002800,0.0758,0.0762,0.0755,0.0762,134610.88
1781006400,0.0762,0.0765,0.0759,0.0761,193507.8
1781010000,0.0762,0.0763,0.0752,0.0757,307841.4
1781013600,0.0755,0.0757,0.0744,0.0749,966003.34
1781017200,0.075,0.0752,0.073,0.0735,819200.05
1781020800,0.0735,0.0749,0.0734,0.0745,1441060.47
1781024400,0.0745,0.0754,0.0743,0.0748,213382.28
1781028000,0.0749,0.0753,0.0744,0.0753,59043.31
1781031600,0.0754,0.076,0.0752,0.0759,97993.06
1781035200,0.0757,0.0759,0.0757,0.0759,66946.48
1781038800,0.0757,0.0758,0.0751,0.0753,254182.9
1781042400,0.0753,0.0759,0.0753,0.0753,64596.97
1781046000,0.0752,0.0759,0.0752,0.0757,188799.8
1781049600,0.0757,0.0764,0.0755,0.0762,207356.18
1781053200,0.076,0.0761,0.0755,0.0755,47913.88
1781056800,0.0753,0.0754,0.0748,0.0749,212201.88
1781060400,0.0752,0.0755,0.0751,0.0755,130359.91
1781064000,0.0755,0.0755,0.075,0.0751,127001.55
1781067600,0.0751,0.0753,0.075,0.0753,138765.4
1781071200,0.0753,0.0753,0.0748,0.0752,114897.02
1781074800,0.0752,0.0755,0.0752,0.0752,75773.98
1781078400,0.0752,0.0753,0.0747,0.0747,281945
1781082000,0.0746,0.0749,0.0743,0.0748,93465.28
1781085600,0.0747,0.075,0.0745,0.0747,70166.19
1781089200,0.0745,0.0746,0.0739,0.0742,311905.28
1781092800,0.0741,0.075,0.0737,0.0749,457266.2
1781096400,0.0749,0.0757,0.0748,0.0749,242664.42
1781100000,0.0748,0.0751,0.0744,0.0746,179542.42
1781103600,0.0746,0.0749,0.0725,0.0741,1277793.15
1781107200,0.0741,0.0742,0.0727,0.073,423565.28
1781110800,0.073,0.0732,0.0722,0.0729,384566.65
1781114400,0.073,0.0731,0.0726,0.073,231192.23
1781118000,0.0731,0.0732,0.0723,0.0725,199167.43
1781121600,0.0725,0.0736,0.0718,0.0719,2310755.25
1781125200,0.0719,0.0721,0.0714,0.0717,727759.28
1781128800,0.0716,0.0723,0.0715,0.0719,197274.15
1781132400,0.072,0.0723,0.0717,0.0722,136967.14
1781136000,0.0723,0.0724,0.072,0.0722,101228.99
1781139600,0.0723,0.073,0.0723,0.0728,444202.1
1781143200,0.0727,0.0728,0.0724,0.0726,418498.35
1781146800,0.0726,0.0734,0.0725,0.0734,220011.55
1781150400,0.0733,0.0736,0.073,0.0733,207963.03
1781154000,0.0732,0.0733,0.0731,0.0732,78178.48
1781157600,0.0732,0.0735,0.0731,0.0733,73651.17
1781161200,0.0733,0.0734,0.0731,0.0734,42404.75
1781164800,0.0735,0.0737,0.0734,0.0735,216411.66
1781168400,0.0734,0.0737,0.0734,0.0735,51626.73
1781172000,0.0734,0.0737,0.0734,0.0736,51512.17
1781175600,0.0737,0.0738,0.0735,0.0736,262194.94
1781179200,0.0736,0.0736,0.0726,0.0728,767093.07
1781182800,0.0728,0.0731,0.0726,0.0728,404406.65
1781186400,0.0728,0.0736,0.0726,0.0734,203220.38
1781190000,0.0734,0.0734,0.0718,0.0721,741249.91
1781193600,0.0721,0.0724,0.0719,0.072,317321.81
1781197200,0.0721,0.0735,0.0716,0.0734,1315177.19
1781200800,0.0734,0.0738,0.073,0.0736,602717.74
1781204400,0.0737,0.0741,0.0736,0.0738,218758.75
1781208000,0.0738,0.0738,0.0732,0.0736,300072.39
1781211600,0.0737,0.0742,0.0737,0.074,583832.84
1781215200,0.074,0.0744,0.074,0.0742,370065.51
1781218800,0.0742,0.075,0.074,0.0749,236779.26
1781222400,0.0749,0.0749,0.0746,0.0749,149358.17
1781226000,0.0749,0.0749,0.0739,0.074,248660.02
1781229600,0.0741,0.0745,0.074,0.0744,124376.45
1781233200,0.0743,0.0749,0.0742,0.0748,779282.85
1781236800,0.0747,0.0756,0.0746,0.0748,1111216.2
1781240400,0.0748,0.0748,0.0744,0.0746,150816.26
1781244000,0.0746,0.0748,0.0734,0.0735,1022021
1781247600,0.0735,0.0738,0.0734,0.0736,605003.99
1781251200,0.0737,0.0744,0.0737,0.0743,40713.82
1781254800,0.0742,0.0746,0.074,0.0741,140031.07
1781258400,0.0742,0.0744,0.074,0.074,144335.81
1781262000,0.0739,0.0745,0.0739,0.0742,79360.89
1781265600,0.0742,0.0747,0.074,0.0743,442124.97
1781269200,0.0742,0.0742,0.0732,0.0735,625062.24
1781272800,0.0736,0.0743,0.0735,0.0742,217069.99
1781276400,0.0742,0.0745,0.0735,0.0735,274227.7
1781280000,0.0735,0.074,0.0734,0.0737,291986.82
1781283600,0.0737,0.0739,0.0735,0.0736,319582.11
1781287200,0.0737,0.0742,0.0734,0.0739,118880.65
1781290800,0.0739,0.0743,0.0737,0.0738,221350.93
1781294400,0.0738,0.0741,0.0737,0.0739,80162.4
1781298000,0.0739,0.0744,0.0739,0.0741,65698.87
1781301600,0.074,0.0741,0.0738,0.0739,905076.14
1781305200,0.0738,0.074,0.0735,0.0739,59627.12
1781308800,0.0739,0.0747,0.0738,0.0746,401593.1
1781312400,0.0746,0.0747,0.0745,0.0746,319137.28
1781316000,0.0746,0.075,0.0746,0.075,114251.84
1781319600,0.075,0.0752,0.0747,0.0752,187649.18
1781323200,0.0752,0.0754,0.0749,0.0753,311794.9
1781326800,0.0753,0.0754,0.0743,0.0745,230890.53
1781330400,0.0745,0.0748,0.0744,0.0748,127444.38
1781334000,0.0747,0.0752,0.0746,0.0748,120527.47
1781337600,0.0749,0.0754,0.0749,0.0753,67342.96
1781341200,0.0753,0.0753,0.0748,0.0749,154198.23
1781344800,0.075,0.0752,0.0747,0.0749,176207.18
1781348400,0.075,0.0753,0.0748,0.0749,84164.72
1781352000,0.0748,0.075,0.0748,0.0749,246705.29
1781355600,0.0748,0.0751,0.0747,0.0749,457680.36
1781359200,0.075,0.0753,0.0749,0.0752,136830.86
1781362800,0.0753,0.0758,0.0753,0.0757,59818.56
1781366400,0.0756,0.0757,0.0752,0.0755,175584.87
1781370000,0.0755,0.0759,0.0753,0.0754,266557.1
1781373600,0.0754,0.0756,0.0752,0.0755,50596.99
1781377200,0.0755,0.0759,0.0754,0.0757,99657.39
1781380800,0.0756,0.0759,0.0756,0.0759,16324.52
1781384400,0.0759,0.0763,0.0757,0.0761,241859.08
1781388000,0.0761,0.0765,0.076,0.076,90045.06
1781391600,0.076,0.0761,0.0759,0.076,51230.87
1781395200,0.076,0.076,0.0756,0.0757,69723.93
1781398800,0.0757,0.076,0.0757,0.0759,16602.2
1781402400,0.0758,0.076,0.0756,0.0757,7861.18
1781406000,0.0757,0.076,0.0757,0.0759,170616.29
1781409600,0.0758,0.0759,0.0755,0.0756,36359.06
1781413200,0.0756,0.0756,0.0753,0.0756,23986.59
1781416800,0.0756,0.0758,0.0752,0.0752,27850.18
1781420400,0.0752,0.0752,0.0747,0.0748,102233.27
1781424000,0.0749,0.0752,0.0749,0.075,38375.82
1781427600,0.0751,0.0753,0.075,0.0751,85163.23
1781431200,0.0751,0.0753,0.075,0.075,238018.62
1781434800,0.0751,0.0754,0.0751,0.0753,24459.21
1781438400,0.0753,0.0754,0.075,0.0751,141679.05
1781442000,0.0753,0.0755,0.075,0.0753,83378.09
1781445600,0.0754,0.0755,0.0746,0.0748,147481.21
1781449200,0.0749,0.0754,0.0749,0.0752,535722.13
1781452800,0.0752,0.0757,0.0752,0.0754,59981.54
1781456400,0.0753,0.0754,0.0748,0.0748,157733.82
1781460000,0.0749,0.075,0.0746,0.075,55011.55
1781463600,0.0748,0.0752,0.0748,0.0749,67945.92
1781467200,0.0748,0.0753,0.0748,0.0751,32150.04
1781470800,0.0752,0.0773,0.0751,0.0769,643498.01
1781474400,0.0769,0.0771,0.0767,0.0768,451558.14
1781478000,0.0768,0.077,0.0766,0.0769,92214.35
1781481600,0.0769,0.0771,0.0766,0.0767,158979.77
1781485200,0.0766,0.0772,0.0765,0.0768,79818.63
1781488800,0.0768,0.0773,0.0768,0.0768,172109.02
1781492400,0.0768,0.0772,0.0768,0.0771,161779.86
1781496000,0.0771,0.0773,0.0771,0.0773,63227.35
1781499600,0.0773,0.0779,0.0773,0.0777,66709.92
1781503200,0.0778,0.0779,0.0776,0.0776,60966.11
1781506800,0.0777,0.0777,0.0768,0.0769,260466.53
1781510400,0.0769,0.0772,0.0769,0.0771,66551.4
1781514000,0.0771,0.0773,0.0768,0.0771,86173.13
1781517600,0.0771,0.0774,0.0769,0.0774,177464.79
1781521200,0.0773,0.0781,0.0772,0.078,737298.82
1781524800,0.078,0.0784,0.0777,0.0781,505412.75
1781528400,0.0781,0.0789,0.078,0.0783,325290.25
1781532000,0.0783,0.0785,0.0781,0.0785,166110.68
1781535600,0.0785,0.0794,0.0783,0.0792,259269.31
1781539200,0.0792,0.0793,0.0787,0.0789,326458.23
1781542800,0.0788,0.0789,0.0785,0.0789,217412.97
1781546400,0.0788,0.0789,0.0786,0.0786,124571.23
1781550000,0.0787,0.0788,0.078,0.0783,298481.78
1781553600,0.0783,0.0786,0.0783,0.0783,157785.86
1781557200,0.0783,0.0784,0.0781,0.0784,260500.61
1781560800,0.0784,0.0785,0.0778,0.0779,187089.33
1781564400,0.078,0.0781,0.0775,0.0778,953769.59
1781568000,0.078,0.0785,0.0779,0.0781,164149.61
1781571600,0.0782,0.0784,0.078,0.078,198048.58
1781575200,0.0778,0.0779,0.077,0.0772,480129.8
1781578800,0.0773,0.0779,0.0773,0.0779,172825.99
1781582400,0.0779,0.078,0.0774,0.0774,133791.41
1781586000,0.0775,0.0777,0.0774,0.0776,60960.4
1781589600,0.0776,0.0781,0.0776,0.078,143031.62
1781593200,0.0779,0.0784,0.0779,0.0784,154206.56
1781596800,0.0783,0.0794,0.0783,0.0794,245409.25
1781600400,0.0793,0.0793,0.0786,0.0788,399148.37
1781604000,0.0789,0.0793,0.0787,0.079,153693.25
1781607600,0.079,0.0792,0.0787,0.0791,77232.14
1781611200,0.0791,0.0797,0.0789,0.0793,299060.85
1781614800,0.0793,0.0793,0.0782,0.0783,775604.84
1781618400,0.0784,0.0787,0.0769,0.0773,353648.36
1781622000,0.0774,0.0777,0.0772,0.0776,163468.89
1781625600,0.0776,0.0778,0.077,0.0773,221694.11
1781629200,0.0774,0.0778,0.0773,0.0777,61507.6
1781632800,0.0778,0.0781,0.0773,0.0773,214954.02
1781636400,0.0773,0.0773,0.0766,0.0766,363431.77
1781640000,0.0766,0.0771,0.0765,0.0769,538173.24
1781643600,0.0769,0.0769,0.0765,0.0769,301205.72
1781647200,0.0768,0.0768,0.0764,0.0766,287681.15
1781650800,0.0767,0.0767,0.0761,0.0762,198733.63
1781654400,0.0763,0.0767,0.0762,0.0764,218361.65
1781658000,0.0764,0.0766,0.0759,0.0765,327612.05
1781661600,0.0764,0.0774,0.0764,0.0774,189990.59
1781665200,0.0774,0.0774,0.077,0.0772,627122.58
1781668800,0.0773,0.0774,0.077,0.0771,79407.9
1781672400,0.0772,0.0772,0.0767,0.0767,154353.62
1781676000,0.0767,0.0773,0.0765,0.077,220391.91
1781679600,0.077,0.0774,0.0768,0.077,282972.01
1781683200,0.077,0.077,0.0761,0.0763,145838.62
1781686800,0.0764,0.0769,0.0763,0.0769,90569.2
1781690400,0.0769,0.0769,0.0764,0.0764,61077.15
1781694000,0.0764,0.0767,0.0761,0.0766,122762.54
1781697600,0.0766,0.0775,0.0766,0.0775,136194.83
1781701200,0.0775,0.0779,0.0773,0.0773,319195.37
1781704800,0.0773,0.0774,0.0766,0.0769,273211.75
1781708400,0.0769,0.0781,0.0768,0.0781,215411.98
1781712000,0.0782,0.0785,0.0778,0.0781,601736.13
1781715600,0.0782,0.0783,0.0777,0.0778,339179.42
1781719200,0.0777,0.0783,0.0767,0.0778,569628.29
1781722800,0.0779,0.0779,0.0757,0.076,1080410.1
1781726400,0.0759,0.0767,0.0759,0.0767,291727.08
1781730000,0.0766,0.0769,0.0763,0.0764,343798.97
1781733600,0.0763,0.0768,0.0758,0.0767,726644.6
1781737200,0.0768,0.0769,0.0766,0.0769,120128.07
1781740800,0.0769,0.0777,0.0768,0.0772,348170.62
1781744400,0.0773,0.0776,0.0772,0.0774,134198.47
1781748000,0.0774,0.0778,0.0773,0.0774,179336.71
1781751600,0.0773,0.0773,0.0766,0.0766,196272.23
1781755200,0.0766,0.0766,0.076,0.0761,417164.96
1781758800,0.076,0.076,0.0753,0.0756,509462.69
1781762400,0.0756,0.0761,0.0754,0.0761,113470.91
1781766000,0.076,0.0768,0.0759,0.0766,144255.64
1781769600,0.0766,0.077,0.0766,0.0769,137410.01
1781773200,0.0769,0.077,0.0762,0.0766,631301.01
1781776800,0.0766,0.0766,0.0761,0.0764,389145.56
1781780400,0.0764,0.0765,0.0761,0.0765,101119.91
1781784000,0.0764,0.0775,0.0764,0.0774,427162.85
1781787600,0.0775,0.0786,0.0768,0.077,672360.47
1781791200,0.0771,0.0784,0.0771,0.0778,846196.93
1781794800,0.0778,0.0778,0.0748,0.0751,1151952.57
1781798400,0.0751,0.0762,0.0751,0.0761,356801.83
1781802000,0.0761,0.0767,0.0757,0.0765,380677.6
1781805600,0.0765,0.0774,0.0763,0.0767,670360.95
1781809200,0.0767,0.0782,0.0767,0.0781,433242.66
1781812800,0.0782,0.0787,0.0781,0.0783,760627.65
1781816400,0.0784,0.0786,0.0776,0.0776,381771.77
1781820000,0.0776,0.0778,0.0775,0.0775,199631.63
1781823600,0.0775,0.0778,0.0773,0.0777,130062.33
1781827200,0.0777,0.0788,0.0777,0.0786,516116.49
1781830800,0.0786,0.0789,0.078,0.0786,229890.95
1781834400,0.0786,0.0787,0.0781,0.0786,137798.41
1781838000,0.0785,0.0785,0.0772,0.078,530955.53
1781841600,0.0778,0.0782,0.0773,0.0775,121191.39
1781845200,0.0775,0.0777,0.0772,0.0774,366178.11
1781848800,0.0775,0.0779,0.0774,0.0778,97008.56
1781852400,0.0778,0.0782,0.0774,0.0778,255536.34
1781856000,0.0777,0.0781,0.0775,0.0779,48790.21
1781859600,0.0779,0.0779,0.077,0.0772,116885.39
1781863200,0.0772,0.0777,0.077,0.0775,84570.48
1781866800,0.0775,0.0776,0.0772,0.0774,49262.97
1781870400,0.0774,0.0777,0.0769,0.0777,140788.71
1781874000,0.0778,0.0787,0.0776,0.0787,181729.34
1781877600,0.0788,0.0792,0.0781,0.0783,387132.63
1781881200,0.0783,0.0803,0.0782,0.0803,971637.77
1781884800,0.0804,0.0805,0.079,0.0793,939542.24
1781888400,0.0793,0.0794,0.0786,0.0791,237571.33
1781892000,0.0792,0.0795,0.079,0.0792,373961.24
1781895600,0.0792,0.0793,0.0787,0.0791,208607.78
1781899200,0.0792,0.0793,0.0788,0.0793,99593.96
1781902800,0.0793,0.0794,0.0791,0.0793,224690.42
1781906400,0.0794,0.0802,0.0794,0.0802,177260.1
1781910000,0.0801,0.081,0.0798,0.081,381334.57
1781913600,0.081,0.0829,0.081,0.0816,377691.45
1781917200,0.0816,0.082,0.081,0.0812,389464.39
1781920800,0.0812,0.0812,0.0805,0.081,619757.53
1781924400,0.0809,0.0817,0.0807,0.0814,259320.49
1781928000,0.0814,0.0821,0.0809,0.0821,419293.81
1781931600,0.082,0.0825,0.0817,0.0819,271602.84
1781935200,0.0819,0.0839,0.0819,0.0829,1526677.18
1781938800,0.0829,0.0832,0.0825,0.0826,195659.54
1781942400,0.0825,0.0827,0.0824,0.0825,121687.92
1781946000,0.0825,0.0828,0.0824,0.0825,197581.09
1781949600,0.0826,0.0832,0.0826,0.0827,205431.92
1781953200,0.0826,0.0828,0.0819,0.082,544620.65
1781956800,0.0821,0.0823,0.0817,0.0818,109394.32
1781960400,0.0817,0.0817,0.0809,0.081,568538.88
1781964000,0.081,0.0817,0.0804,0.0812,744939.54
1781967600,0.0812,0.0814,0.0809,0.0811,204824.25
1781971200,0.0811,0.0814,0.0808,0.0812,277199.7
1781974800,0.0811,0.0811,0.0806,0.081,110663.09
1781978400,0.081,0.0811,0.08,0.0802,660212.56
1781982000,0.0803,0.0804,0.0801,0.0804,351100.23
1781985600,0.0804,0.0805,0.0801,0.0804,107277.37
1781989200,0.0804,0.0804,0.08,0.0803,75999.06
1781992800,0.0803,0.0805,0.0802,0.0803,104206
1781996400,0.0802,0.0804,0.0795,0.0795,168319.13
1782000000,0.0795,0.0796,0.0791,0.0795,296564.67
1782003600,0.0795,0.08,0.0795,0.08,242511.71
1782007200,0.0798,0.0798,0.0793,0.0795,48581.55
1782010800,0.0795,0.0798,0.0794,0.0796,58791.23
1782014400,0.0798,0.0798,0.0794,0.0794,80985.71
1782018000,0.0795,0.0795,0.079,0.0792,382861.72
1782021600,0.0792,0.0796,0.0791,0.0796,47293.49
1782025200,0.0798,0.0798,0.0794,0.0794,35618.95
1782028800,0.0794,0.0794,0.079,0.0793,231656.78
1782032400,0.0791,0.0796,0.079,0.0795,101141.65
1782036000,0.0795,0.0795,0.0793,0.0794,41598.25
1782039600,0.0793,0.0794,0.079,0.0793,109293.65
1782043200,0.0791,0.0794,0.079,0.0794,42557.66
1782046800,0.0794,0.0795,0.0789,0.0795,66604.64
1782050400,0.0795,0.0798,0.0794,0.0798,100228.82
1782054000,0.0798,0.08,0.0795,0.08,20557.26
1782057600,0.0798,0.0809,0.0796,0.0809,154707.23
1782061200,0.0809,0.0811,0.0803,0.0808,127888.91
1782064800,0.0806,0.0814,0.0804,0.0814,255381.92
1782068400,0.0814,0.0819,0.081,0.0819,610491.15
1782072000,0.0818,0.0818,0.0803,0.0807,233971.19
1782075600,0.0808,0.0808,0.0795,0.0795,347470.75
1782079200,0.0795,0.0798,0.0792,0.0792,211655.68
1782082800,0.0791,0.0792,0.0789,0.0791,93244.75
1782086400,0.0792,0.0802,0.0792,0.0801,204349.35
1782090000,0.0802,0.0809,0.0799,0.0805,199269.13
1782093600,0.0804,0.0804,0.0797,0.0799,307023.9
1782097200,0.0797,0.0797,0.0793,0.0794,41216.96
1782100800,0.0793,0.0795,0.0792,0.0793,76050.29
1782104400,0.0792,0.0794,0.0791,0.0793,81031.38
1782108000,0.0793,0.0793,0.079,0.0793,207643.24
1782111600,0.0793,0.0797,0.0793,0.0793,101945.92
1782115200,0.0793,0.0796,0.0792,0.0796,138283.9
1782118800,0.0795,0.08,0.0795,0.08,646309.77
1782122400,0.0799,0.0803,0.0796,0.0796,426672.74
1782126000,0.0797,0.0805,0.0795,0.08,589276.09
1782129600,0.08,0.0801,0.0797,0.08,300203.86
1782133200,0.0799,0.08,0.0797,0.0799,207216.42
1782136800,0.0798,0.0799,0.0795,0.0796,594772.12
1782140400,0.0796,0.0823,0.0796,0.0809,930123.94
1782144000,0.0808,0.0823,0.0808,0.0809,492663.78
1782147600,0.0809,0.0809,0.08,0.0806,124687.38
1782151200,0.0805,0.0805,0.0795,0.0795,276367.52
1782154800,0.0795,0.0795,0.0784,0.0792,396370.98
1782158400,0.0793,0.0798,0.0793,0.0797,158161.22
1782162000,0.0797,0.0798,0.0793,0.0797,94061.64
1782165600,0.0798,0.0798,0.0792,0.0794,246670.83
1782169200,0.0794,0.0795,0.0788,0.0788,113052.68
1782172800,0.0787,0.079,0.0781,0.0788,419910.07
1782176400,0.0788,0.0789,0.0783,0.0786,270538.74
1782180000,0.0785,0.0791,0.0783,0.0789,193650.13
1782183600,0.0788,0.0791,0.0788,0.0791,53654.44
1782187200,0.0791,0.0791,0.0788,0.0791,214546.84
1782190800,0.0791,0.0793,0.0786,0.0788,162428.75
1782194400,0.0787,0.0787,0.0762,0.0775,3408738.88
1782198000,0.0775,0.0777,0.0773,0.0774,298814.74
1782201600,0.0774,0.0774,0.0758,0.0765,867018.82
1782205200,0.0765,0.0769,0.0765,0.0766,185653.92
1782208800,0.0766,0.0769,0.0766,0.0769,101207.12
1782212400,0.0769,0.0774,0.0769,0.0773,323810.36
1782216000,0.0773,0.0777,0.0772,0.0774,614423.57
1782219600,0.0773,0.0781,0.0772,0.078,182723.02
1782223200,0.0779,0.0785,0.0777,0.0778,426501.13
1782226800,0.0779,0.0782,0.0775,0.0775,403409.52
1782230400,0.0775,0.0781,0.0774,0.0778,187841.15
1782234000,0.0777,0.0779,0.0771,0.0771,157600.84
1782237600,0.0772,0.0775,0.077,0.0774,175076.55
1782241200,0.0774,0.0778,0.0774,0.0776,77500.03
1782244800,0.0777,0.0779,0.0771,0.0771,151987.79
1782248400,0.0772,0.0776,0.0772,0.0775,80123.23
1782252000,0.0776,0.0779,0.0773,0.0774,60938.1
1782255600,0.0772,0.0777,0.0772,0.0775,35183.69
1782259200,0.0776,0.0776,0.0772,0.0773,128603.02
1782262800,0.0773,0.0782,0.0771,0.0779,315853.69
1782266400,0.0779,0.0779,0.0776,0.0777,94159.34
1782270000,0.0776,0.0776,0.0773,0.0774,115441.81
1782273600,0.0775,0.0775,0.0769,0.0773,262701.05
1782277200,0.0773,0.0777,0.0772,0.0773,49253.32
1782280800,0.0773,0.0773,0.0771,0.0772,110386.65
1782284400,0.0772,0.0775,0.0768,0.0769,376800.38
1782288000,0.0769,0.077,0.0765,0.0767,332945.55
1782291600,0.0767,0.0767,0.0765,0.0766,70937.97
1782295200,0.0765,0.0767,0.0762,0.0763,124658.54
1782298800,0.0764,0.0772,0.076,0.0766,334349.17
1782302400,0.0766,0.0768,0.0765,0.0765,134600.29
1782306000,0.0764,0.0764,0.0749,0.0753,950674.9
1782309600,0.0753,0.0755,0.0751,0.0754,511696.38
1782313200,0.0753,0.0755,0.0742,0.0743,1248016.7
1782316800,0.0743,0.0752,0.073,0.0735,1426371.54
1782320400,0.0734,0.0734,0.0717,0.0722,1579628.84
1782324000,0.0721,0.0726,0.0711,0.0716,873087.42
1782327600,0.0716,0.0718,0.0713,0.0716,598206.47
1782331200,0.0717,0.0729,0.0717,0.0727,399034
1782334800,0.0727,0.0737,0.0725,0.0737,445997.58
1782338400,0.0737,0.0737,0.0732,0.0732,156763.75
1782342000,0.0732,0.0737,0.0732,0.0734,47909.66
1782345600,0.0733,0.0741,0.073,0.0731,435690.32
1782349200,0.0731,0.0732,0.073,0.073,228704.72
1782352800,0.073,0.0731,0.0728,0.073,321373.96
1782356400,0.073,0.0737,0.0724,0.0734,598272.47
1782360000,0.0733,0.0738,0.0732,0.0736,370613.82
1782363600,0.0734,0.0744,0.0731,0.074,785248.31
1782367200,0.0741,0.0743,0.0738,0.0741,46460.96
1782370800,0.0741,0.0744,0.0737,0.0742,110867.71
1782374400,0.0742,0.0743,0.074,0.0741,64599.71
1782378000,0.0741,0.0742,0.0736,0.0738,148855.79
1782381600,0.0737,0.0738,0.0732,0.0732,157472.27
1782385200,0.0732,0.0732,0.0724,0.0724,651293.26
1782388800,0.0722,0.0727,0.0717,0.0719,637395.15
1782392400,0.072,0.0725,0.0681,0.0685,2404969.68
1782396000,0.0687,0.0709,0.0687,0.0702,1438047.74
1782399600,0.0702,0.0708,0.0695,0.0707,354731.32
1782403200,0.0706,0.0713,0.0705,0.0709,291787.97
1782406800,0.0708,0.0718,0.0708,0.0711,270385.98
1782410400,0.071,0.0714,0.0705,0.0707,110366.01
1782414000,0.0707,0.0708,0.0702,0.0706,176972.18
1782417600,0.0707,0.0715,0.0705,0.0707,482047.35
1782421200,0.0707,0.0718,0.0706,0.0718,275621.31
1782424800,0.0717,0.0719,0.0716,0.0717,511411.5
1782428400,0.0718,0.0722,0.0717,0.072,112636.6
1782432000,0.0721,0.0724,0.072,0.072,172682.16
1782435600,0.072,0.0721,0.0718,0.0721,240149.63
1782439200,0.0721,0.0721,0.0702,0.0709,585561.94
1782442800,0.0708,0.0724,0.0705,0.0721,371261.92
1782446400,0.0721,0.0722,0.0715,0.0716,119042.2
1782450000,0.0716,0.0726,0.0715,0.0725,187963.75
1782453600,0.0724,0.0736,0.0722,0.0735,335540.51
1782457200,0.0735,0.0743,0.0735,0.0742,236966.33
1782460800,0.0744,0.0752,0.0736,0.0738,397008.92
1782464400,0.0738,0.0738,0.0728,0.0728,173467.17
1782468000,0.0728,0.0729,0.0721,0.0721,288721.63
1782471600,0.0721,0.0722,0.0716,0.072,208419.69
1782475200,0.072,0.0721,0.0709,0.0713,317696.22
1782478800,0.0713,0.0734,0.0708,0.0734,371104.08
1782482400,0.0734,0.0735,0.0724,0.0726,253313.66
1782486000,0.0726,0.0726,0.0717,0.072,515383.66
1782489600,0.0722,0.0722,0.0712,0.0716,249745.87
1782493200,0.0716,0.0721,0.0715,0.0718,306644.6
1782496800,0.0718,0.072,0.0714,0.0714,244535.07
1782500400,0.0713,0.0718,0.071,0.071,149068.42
1782504000,0.0711,0.0716,0.0709,0.071,193761.5
1782507600,0.0709,0.0716,0.0708,0.0711,208107.48
1782511200,0.0712,0.0715,0.071,0.0714,124030.61
1782514800,0.0714,0.0718,0.0713,0.0717,363766.72
1782518400,0.0717,0.0722,0.0714,0.0716,266431.94
1782522000,0.0714,0.0715,0.0709,0.0709,292546.2
1782525600,0.0708,0.0719,0.0707,0.0718,1114044.65
1782529200,0.0718,0.0718,0.0712,0.0713,210668.58
1782532800,0.0712,0.0717,0.0712,0.0715,169005.98
1782536400,0.0715,0.0721,0.0713,0.0721,712154.68
1782540000,0.0721,0.0722,0.0716,0.0718,603516.27
1782543600,0.0718,0.0721,0.0716,0.0717,428647.57
1782547200,0.0717,0.0718,0.0714,0.0714,99720.38
1782550800,0.0714,0.0715,0.0712,0.0714,80466.74
1782554400,0.0714,0.0714,0.0711,0.0712,35748.34
1782558000,0.0711,0.0717,0.0711,0.0715,162695
1782561600,0.0716,0.0717,0.0715,0.0717,59494.23
1782565200,0.0717,0.0719,0.0716,0.0717,153986.75
1782568800,0.0716,0.0721,0.0715,0.0716,86165.86
1782572400,0.0717,0.0722,0.0717,0.0722,26673.2
1782576000,0.0722,0.0722,0.0716,0.0717,108978.1
1782579600,0.0716,0.0716,0.0711,0.0711,78812.15
1782583200,0.0711,0.0713,0.071,0.0712,116833.7
1782586800,0.0712,0.0712,0.0705,0.0707,265955.76
1782590400,0.0709,0.0709,0.0707,0.0708,17313.58
1782594000,0.0707,0.0709,0.0703,0.0704,372313.38
1782597600,0.0704,0.0707,0.0702,0.0706,123151.51
1782601200,0.0706,0.0708,0.0705,0.0708,47745.94
1782604800,0.0707,0.0709,0.0707,0.0708,23845.41
1782608400,0.0708,0.071,0.0706,0.071,33296.71
1782612000,0.0711,0.0711,0.0706,0.0708,14280.22
1782615600,0.0709,0.0711,0.0706,0.0711,106705.38
1782619200,0.071,0.0711,0.0709,0.071,76573.38
1782622800,0.071,0.071,0.0707,0.0709,25242.6
1782626400,0.0708,0.0708,0.0705,0.0708,82413.24
1782630000,0.071,0.0711,0.0708,0.071,44570.8
1782633600,0.071,0.0715,0.071,0.0714,115677.01
1782637200,0.0715,0.0715,0.0711,0.0711,40830.15
1782640800,0.0712,0.0717,0.0712,0.0713,77528.34
1782644400,0.0712,0.0717,0.0712,0.0717,91879.75
1782648000,0.0717,0.0718,0.0714,0.0715,42311.72
1782651600,0.0714,0.0716,0.0712,0.0713,70570.63
1782655200,0.0713,0.0718,0.0713,0.0718,186098.38
1782658800,0.0718,0.072,0.0713,0.0716,463026.02
1782662400,0.0716,0.0716,0.0712,0.0715,264866.69
1782666000,0.0716,0.0716,0.0711,0.0714,129459.54
1782669600,0.0714,0.0715,0.071,0.0713,121415.15
1782673200,0.0712,0.0713,0.0705,0.0705,715286.72
1782676800,0.0706,0.071,0.0706,0.071,49673.3
1782680400,0.071,0.0711,0.0704,0.0706,119689.25
1782684000,0.0706,0.071,0.0699,0.0704,187647.77
1782687600,0.0703,0.0712,0.0703,0.0709,870478.66
1782691200,0.0709,0.0716,0.0706,0.0713,283887.02
1782694800,0.0711,0.0714,0.071,0.0713,71975.79
1782698400,0.0713,0.0726,0.0709,0.0721,307819.29
1782702000,0.0722,0.0727,0.0719,0.072,306765.31
1782705600,0.072,0.0721,0.0716,0.0716,58883.21
1782709200,0.0716,0.0718,0.0713,0.0718,80068.99
1782712800,0.0718,0.072,0.0717,0.0718,53753.56
1782716400,0.0717,0.0718,0.0716,0.0716,81838.57
1782720000,0.0717,0.0717,0.0714,0.0716,65988.81
1782723600,0.0716,0.072,0.0715,0.072,96000.03
1782727200,0.0719,0.0721,0.0717,0.0717,102344.99
1782730800,0.0717,0.0719,0.0715,0.0716,129845.41
1782734400,0.0716,0.0723,0.0713,0.0717,109935.67
1782738000,0.0718,0.072,0.0711,0.0712,190194.03
1782741600,0.0712,0.0715,0.0709,0.0715,162562.3
1782745200,0.0715,0.0715,0.0709,0.071,118369.34
1782748800,0.071,0.0711,0.0705,0.0707,90219.88
1782752400,0.0708,0.0716,0.0706,0.0709,242952.02
1782756000,0.071,0.0712,0.0709,0.0709,93066.73
1782759600,0.0709,0.0715,0.0708,0.0713,757429.16
1782763200,0.0713,0.0713,0.071,0.071,64606.17
1782766800,0.071,0.0714,0.0709,0.0712,355875.43
1782770400,0.0711,0.0712,0.0708,0.0709,88177.06
1782774000,0.0709,0.071,0.0705,0.0706,145639.4
1782777600,0.0705,0.0708,0.0698,0.0698,391139.62
1782781200,0.0698,0.0699,0.0695,0.0698,192749.79
1782784800,0.0698,0.0699,0.0696,0.0698,300096.05
1782788400,0.0698,0.0698,0.0692,0.0692,219475.42
1782792000,0.0692,0.0696,0.0692,0.0695,158518.44
1782795600,0.0696,0.07,0.0694,0.07,140939.61
1782799200,0.0699,0.0706,0.0699,0.0706,70511.2
1782802800,0.0705,0.0705,0.0701,0.0703,244314.04
1782806400,0.0703,0.0703,0.0694,0.0699,107848.24
1782810000,0.0698,0.0701,0.0696,0.07,79462.23
1782813600,0.0701,0.0703,0.0699,0.0702,58552.68
1782817200,0.0703,0.0703,0.0697,0.0698,64298.94
1782820800,0.0699,0.0699,0.069,0.069,296765.68
1782824400,0.0692,0.0697,0.0689,0.0696,203229.75
1782828000,0.0697,0.0701,0.069,0.0691,566397.28
1782831600,0.0693,0.0693,0.0689,0.0691,104193.03
1782835200,0.0692,0.0695,0.069,0.0694,104451.44
1782838800,0.0694,0.0699,0.0694,0.0697,153455.11
1782842400,0.0697,0.0704,0.0697,0.0703,163726.77
1782846000,0.0702,0.0703,0.0698,0.0698,105340.75
1782849600,0.0699,0.0699,0.0693,0.0695,37397.24
1782853200,0.0694,0.0695,0.0691,0.0694,132870.65
1782856800,0.0693,0.0694,0.0688,0.069,108945.55
1782860400,0.0691,0.0691,0.068,0.0684,379031.53
1782864000,0.0683,0.0687,0.0683,0.0685,37844.96
1782867600,0.0686,0.0689,0.0674,0.0689,394176.28
1782871200,0.0688,0.0694,0.0688,0.0693,101851.54
1782874800,0.0692,0.0699,0.0691,0.0697,96801.57
1782878400,0.0697,0.0701,0.0695,0.0699,15783.57
1782882000,0.0698,0.07,0.0694,0.0697,199979.29
1782885600,0.0698,0.0698,0.0688,0.0689,250072.14
1782889200,0.0689,0.069,0.0688,0.0688,56179.17
1782892800,0.0687,0.0696,0.0687,0.0696,90838.56
1782896400,0.0696,0.0699,0.0694,0.0697,113312.5
1782900000,0.0695,0.07,0.0694,0.0699,28861.72
1782903600,0.0698,0.0703,0.0697,0.0697,75973.53
1782907200,0.0697,0.0705,0.0695,0.0697,283915.41
1782910800,0.0698,0.0705,0.0692,0.0705,300643.84
1782914400,0.0708,0.0714,0.0708,0.0712,380101.35
1782918000,0.0712,0.0717,0.071,0.071,346354.81
1782921600,0.0712,0.0713,0.0704,0.0705,114601.34
1782925200,0.0705,0.0708,0.0704,0.0707,112568.91
1782928800,0.0709,0.0709,0.07,0.0707,546285.16
1782932400,0.0706,0.0707,0.0703,0.0703,77494.71
1782936000,0.0703,0.071,0.0703,0.071,29559.34
1782939600,0.071,0.0721,0.071,0.0719,167343.68
1782943200,0.0719,0.0724,0.0714,0.0715,205049.81
1782946800,0.0714,0.0717,0.071,0.071,783237.67
1782950400,0.0712,0.0721,0.0711,0.0718,456585.22
1782954000,0.0717,0.0721,0.0717,0.0717,116162.2
1782957600,0.0718,0.072,0.0716,0.0717,40143.67
1782961200,0.0717,0.0724,0.0717,0.0724,110230.61
1782964800,0.0725,0.0725,0.072,0.072,49998.87
1782968400,0.072,0.072,0.0717,0.0717,22112.95
1782972000,0.0716,0.0719,0.0715,0.0716,24400.23
1782975600,0.0716,0.0718,0.0712,0.0715,102619.63
1782979200,0.0715,0.072,0.0714,0.0718,109124.7
1782982800,0.0717,0.0725,0.0717,0.0723,44776.28
1782986400,0.0725,0.0726,0.0723,0.0723,87131.75
1782990000,0.0724,0.0728,0.0724,0.0725,95299.36
1782993600,0.0727,0.0738,0.0726,0.0737,124354.07
1782997200,0.0737,0.074,0.0732,0.0739,754035.63
1783000800,0.0741,0.0741,0.0728,0.0731,224353.42
1783004400,0.073,0.0739,0.073,0.0734,91415.67
1783008000,0.0736,0.0741,0.0733,0.0741,123975.02
1783011600,0.0741,0.0746,0.0741,0.0744,49093.46
1783015200,0.0745,0.0751,0.0745,0.0749,153758.36
1783018800,0.075,0.0751,0.074,0.0741,240408.07
1783022400,0.0741,0.0743,0.0737,0.0738,201867.64
1783026000,0.0737,0.0739,0.0732,0.0735,189773.92
1783029600,0.0735,0.0735,0.0731,0.0731,102679.68
1783033200,0.073,0.0731,0.0727,0.0728,169270.73
1783036800,0.0728,0.0728,0.0725,0.0726,461879.08
1783040400,0.0725,0.0736,0.0725,0.0735,309092.87
1783044000,0.0735,0.0736,0.0733,0.0735,105425.93
1783047600,0.0733,0.0735,0.0732,0.0734,13973.55
1783051200,0.0733,0.0733,0.0729,0.0731,51933.93
1783054800,0.0731,0.0734,0.073,0.0733,22231.9
1783058400,0.0733,0.0735,0.0731,0.0731,72130.4
1783062000,0.0731,0.0735,0.0731,0.0733,27770.01
1783065600,0.0734,0.0736,0.0733,0.0735,62243.23
1783069200,0.0735,0.0737,0.0733,0.0734,75310.02
1783072800,0.0735,0.074,0.0735,0.0736,23537.11
1783076400,0.0738,0.0739,0.0735,0.0736,41015.78
1783080000,0.0736,0.0739,0.0735,0.0737,62959.82
1783083600,0.0736,0.0741,0.0736,0.0741,48079.84
1783087200,0.0741,0.0744,0.0739,0.074,172230.48
1783090800,0.0743,0.0745,0.0729,0.0732,118958.25
1783094400,0.0733,0.0735,0.0733,0.0735,75810.99
1783098000,0.0736,0.0737,0.073,0.0731,361515.7
1783101600,0.0731,0.0731,0.0727,0.0731,166147.11
1783105200,0.0731,0.0734,0.073,0.0734,172735.64
1783108800,0.0734,0.0739,0.0734,0.0737,279540.72
1783112400,0.0737,0.0738,0.0733,0.0737,153667.36
1783116000,0.0736,0.0737,0.0734,0.0737,13384.76
1783119600,0.0736,0.0738,0.0735,0.0736,27828.97
1783123200,0.0736,0.0742,0.0732,0.0735,1399484.63
1783126800,0.0734,0.0735,0.0731,0.0731,89812.11
1783130400,0.0731,0.0733,0.073,0.073,57519.34
1783134000,0.0731,0.0735,0.073,0.0734,333784.36
1783137600,0.0733,0.0736,0.0731,0.0733,121909.83
1783141200,0.0732,0.0735,0.0732,0.0734,161836.56
1783144800,0.0735,0.0735,0.0728,0.073,288991.73
1783148400,0.073,0.073,0.0727,0.0728,64916.12
1783152000,0.073,0.0732,0.073,0.073,19566.78
1783155600,0.073,0.0733,0.073,0.0733,5782.26
1783159200,0.0731,0.0735,0.0731,0.0735,32406.39
1783162800,0.0735,0.0736,0.0733,0.0735,11267.08
1783166400,0.0736,0.0737,0.0734,0.0737,35784.8
1783170000,0.0737,0.0738,0.0734,0.0735,84057.03
1783173600,0.0736,0.0739,0.0735,0.0739,22817.4
1783177200,0.0737,0.0742,0.0737,0.074,462715.31
1783180800,0.0739,0.0742,0.0738,0.0738,245772.49
1783184400,0.0737,0.0746,0.0737,0.0743,109711.87
1783188000,0.0742,0.0744,0.0738,0.0738,275839.39
1783191600,0.0739,0.0739,0.0736,0.0737,19860.97
1783195200,0.0736,0.0738,0.0735,0.0737,83396.19
1783198800,0.0737,0.0739,0.0737,0.0737,14629.86
1783202400,0.0737,0.0739,0.0736,0.0739,17170.58
1783206000,0.0737,0.0738,0.0735,0.0736,56636.12
1783209600,0.0736,0.0736,0.073,0.0732,48146.37
1783213200,0.0732,0.0734,0.073,0.0733,44576.93
1783216800,0.0733,0.0733,0.0727,0.0729,19092.07
1783220400,0.0729,0.0732,0.0728,0.073,726292.61
1783224000,0.0729,0.0731,0.0729,0.073,14396.91
1783227600,0.073,0.073,0.0727,0.0729,34913.25
1783231200,0.0729,0.073,0.0727,0.0728,28807.15
1783234800,0.0729,0.073,0.0727,0.073,4540.38
1783238400,0.073,0.0732,0.0729,0.073,8476.77
1783242000,0.0731,0.0732,0.0723,0.0723,94038.66
1783245600,0.0724,0.0727,0.0724,0.0727,4207.36
1783249200,0.0727,0.0731,0.0726,0.0729,319214.07
1783252800,0.0729,0.0732,0.0728,0.0731,163392.31
1783256400,0.073,0.0732,0.0729,0.0732,27564.41
1783260000,0.0733,0.0736,0.073,0.0736,166934.05
1783263600,0.0736,0.0737,0.073,0.0732,465334.69
1783267200,0.073,0.0732,0.0729,0.0732,17647.96
1783270800,0.0733,0.0734,0.0731,0.0734,3569.66
1783274400,0.0735,0.0736,0.0734,0.0735,10687.96
1783278000,0.0736,0.0737,0.0734,0.0736,5771.04
1783281600,0.0735,0.0741,0.0735,0.0739,262415.24
1783285200,0.0738,0.0742,0.0737,0.0742,151851.8
1783288800,0.0739,0.0745,0.0739,0.0743,145716.32
1783292400,0.0743,0.0745,0.0739,0.0741,6053.59
1783296000,0.0741,0.0741,0.0737,0.074,12947.17
1783299600,0.0739,0.0741,0.0739,0.0739,3917.54
1783303200,0.0739,0.074,0.0737,0.0737,5039.09
1783306800,0.0736,0.0737,0.0733,0.0736,37723.16
1783310400,0.0735,0.0736,0.0732,0.0734,69440.17
1783314000,0.0734,0.0735,0.0731,0.0734,11112.75
1783317600,0.0734,0.0734,0.0731,0.0733,13449
1783321200,0.0732,0.0744,0.0732,0.0744,7856.21
1783324800,0.0744,0.0744,0.0738,0.0739,30532.02
1783328400,0.0739,0.0739,0.073,0.0731,220775.24
1783332000,0.0732,0.0739,0.0731,0.0738,391137.5
1783335600,0.0738,0.0739,0.0733,0.0733,67917.7
1783339200,0.0732,0.0736,0.0724,0.0732,266520.97
1783342800,0.0733,0.0734,0.0727,0.0734,66174.88
1783346400,0.0734,0.074,0.0734,0.0738,271390.18
1783350000,0.0738,0.075,0.0738,0.0748,1541494.84
1783353600,0.0747,0.0754,0.0746,0.075,279836.51
1783357200,0.0751,0.0755,0.0749,0.0752,269259.13
1783360800,0.0752,0.0757,0.075,0.0752,133396.1
1783364400,0.0751,0.0755,0.0751,0.0754,94298.54
1783368000,0.0753,0.0754,0.0751,0.0753,52184.91
1783371600,0.0752,0.0761,0.0751,0.0752,303438.14
1783375200,0.0753,0.0753,0.0747,0.0747,238846.74
1783378800,0.0748,0.0749,0.0746,0.0747,34869.83
1783382400,0.0747,0.0751,0.0747,0.0748,76002.47
1783386000,0.0748,0.0748,0.0743,0.0743,321385.82
1783389600,0.0743,0.0745,0.0741,0.0745,119633.38
1783393200,0.0744,0.0747,0.0741,0.0742,855027.77
1783396800,0.0742,0.0744,0.0741,0.0743,193282.38
1783400400,0.0743,0.0744,0.0738,0.0741,36422.87
1783404000,0.0742,0.075,0.074,0.0747,413057.6
1783407600,0.0746,0.0753,0.0745,0.075,293939.36
1783411200,0.0749,0.0753,0.0748,0.0751,205296.67
1783414800,0.0753,0.0757,0.0752,0.0753,234132.27
1783418400,0.0753,0.0759,0.0753,0.0755,246732.22
1783422000,0.0753,0.0755,0.0751,0.0751,99226.24
1783425600,0.0751,0.076,0.0751,0.0752,237691.7
1783429200,0.0752,0.0754,0.0748,0.0749,179126.54
1783432800,0.0748,0.0759,0.0747,0.0757,100520.35
1783436400,0.0757,0.0766,0.0757,0.0765,239876.22
1783440000,0.0767,0.0768,0.0755,0.0759,198196.44
1783443600,0.0759,0.0762,0.0756,0.0761,77701.19
1783447200,0.076,0.0765,0.0757,0.076,288895.49
1783450800,0.076,0.0763,0.0756,0.0761,74952.28
1783454400,0.0762,0.0764,0.0759,0.0763,111791.28
1783458000,0.0764,0.0773,0.0758,0.076,966316.16
1783461600,0.076,0.077,0.0757,0.077,195419.75
1783465200,0.0773,0.0775,0.0769,0.077,281458.39
1783468800,0.0771,0.0774,0.0768,0.0774,238315.03
1783472400,0.0774,0.0774,0.076,0.0764,711095.18
1783476000,0.0763,0.0767,0.076,0.0766,287088.72
1783479600,0.0766,0.0768,0.0763,0.0763,583726.29
1783483200,0.0762,0.0767,0.0762,0.0766,199925.12
1783486800,0.0766,0.0769,0.0764,0.0764,133391.04
1783490400,0.0764,0.0764,0.076,0.0763,83103.42
1783494000,0.0762,0.0767,0.076,0.076,69297.36
1783497600,0.0758,0.0762,0.0753,0.0759,215991.34
1783501200,0.0759,0.0759,0.0748,0.0749,488397.69
1783504800,0.0748,0.0759,0.0747,0.0759,179240.85
1783508400,0.0759,0.0768,0.0758,0.0764,235885.11
1783512000,0.0761,0.0765,0.0757,0.0758,243320.18
1783515600,0.0757,0.0757,0.0749,0.0752,217854.09
1783519200,0.0752,0.0757,0.0752,0.0754,179684.8
1783522800,0.0753,0.0767,0.0752,0.0767,181554.45
1783526400,0.0767,0.0768,0.0758,0.0761,549885.64
1783530000,0.0761,0.0766,0.076,0.0762,68215.18
1783533600,0.0762,0.0763,0.0758,0.0759,72478.42
1783537200,0.076,0.0761,0.0757,0.0757,45569.6
1783540800,0.0757,0.076,0.0756,0.076,41145.81
1783544400,0.0758,0.0765,0.0758,0.0765,279328.47
1783548000,0.0764,0.0766,0.0762,0.0765,99023.61
1783551600,0.0764,0.0765,0.0762,0.0765,56699.25
1783555200,0.0764,0.0768,0.0761,0.0762,791514.35
1783558800,0.0759,0.0766,0.0759,0.0762,53777.88
1783562400,0.0761,0.0764,0.0758,0.0759,100960.41
1783566000,0.0759,0.076,0.0755,0.076,227086.78
1783569600,0.0761,0.0762,0.076,0.0761,67552.75
1783573200,0.0763,0.0768,0.0761,0.0768,92359.48
1783576800,0.0768,0.0768,0.0762,0.0764,99823.97
1783580400,0.0764,0.0764,0.0761,0.0762,106725.21
1783584000,0.0761,0.0765,0.0761,0.0763,73467.65
1783587600,0.0763,0.0764,0.076,0.0763,95657.36
1783591200,0.0764,0.0766,0.0763,0.0766,16309.15
1783594800,0.0766,0.0766,0.0762,0.0764,111686.15
1783598400,0.0763,0.0769,0.0763,0.0768,34782.84
1783602000,0.0768,0.0769,0.0765,0.0769,32569.46
1783605600,0.0769,0.0771,0.0761,0.0761,64172.84
1783609200,0.076,0.077,0.0759,0.0766,109672.22
1783612800,0.0766,0.0768,0.0756,0.0758,264293.76
1783616400,0.0757,0.0758,0.0753,0.0757,275310.68
1783620000,0.0756,0.0765,0.0756,0.0762,87176.25
1783623600,0.0763,0.0763,0.0759,0.0761,9465.56
1783627200,0.0762,0.0765,0.0758,0.076,135853.83
1783630800,0.0761,0.0764,0.0761,0.0764,68046.21
1783634400,0.0763,0.0767,0.0763,0.0764,17955.28
1783638000,0.0766,0.0767,0.0764,0.0766,10583.39
1783641600,0.0764,0.0767,0.0759,0.0766,113116.79
1783645200,0.0767,0.0778,0.0766,0.0775,214627.69
1783648800,0.0776,0.0778,0.0773,0.0776,233962.84
1783652400,0.0777,0.0778,0.0774,0.0776,70644.26
1783656000,0.0776,0.0776,0.0773,0.0775,6815.16
1783659600,0.0774,0.0775,0.0773,0.0773,32649.26
1783663200,0.0774,0.0776,0.0773,0.0773,77078.39
1783666800,0.0773,0.0774,0.0763,0.0763,114062.5
1783670400,0.0762,0.0768,0.0755,0.0767,235247.45
1783674000,0.0766,0.0773,0.0766,0.0771,25889.66
1783677600,0.0772,0.0773,0.077,0.077,33441.13
1783681200,0.077,0.0771,0.0763,0.0767,149887.12
1783684800,0.0767,0.077,0.0767,0.0768,56619.62
1783688400,0.0768,0.0776,0.0767,0.0776,32910.77
1783692000,0.0776,0.0781,0.0771,0.0779,435999.61
1783695600,0.0779,0.0785,0.0778,0.0783,412781.79
1783699200,0.0782,0.0787,0.0776,0.0786,294780.87
1783702800,0.0786,0.0797,0.0785,0.0794,423891.33
1783706400,0.0794,0.0797,0.079,0.0796,120561.23
1783710000,0.0797,0.08,0.0795,0.08,269171.48
1783713600,0.0798,0.0802,0.0797,0.0797,269301.19
1783717200,0.0796,0.0803,0.0794,0.0798,400988.73
1783720800,0.0798,0.0799,0.0796,0.0796,72741.06
1783724400,0.0798,0.0798,0.0793,0.0797,69292.84
1783728000,0.0795,0.0796,0.0792,0.0794,303752.8
1783731600,0.0794,0.0798,0.0794,0.0795,248398.6
1783735200,0.0796,0.0796,0.0793,0.0795,81610.02
1783738800,0.0796,0.0804,0.0795,0.0803,502985.89
1783742400,0.0804,0.0804,0.0799,0.0801,76076.28
1783746000,0.08,0.0801,0.0796,0.0797,114436.71
1783749600,0.0799,0.0803,0.0797,0.0798,233785.28
1783753200,0.08,0.0804,0.0799,0.0801,290955.2
1783756800,0.0802,0.0803,0.08,0.0801,37829.54
1783760400,0.0801,0.0801,0.0798,0.0798,40940.78
1783764000,0.0798,0.0802,0.0798,0.0801,252018.61
1783767600,0.0802,0.0802,0.0798,0.0798,87482.07
1783771200,0.08,0.08,0.0798,0.0799,26265.96
1783774800,0.0799,0.08,0.0796,0.0798,44901.44
1783778400,0.0797,0.08,0.0796,0.0797,24274.89
1783782000,0.0797,0.0803,0.0795,0.0795,713601.23
1783785600,0.0795,0.0796,0.0791,0.0795,250746.77
1783789200,0.0794,0.0798,0.0793,0.0795,99691.2
1783792800,0.0796,0.0801,0.0796,0.0797,195391.31
1783796400,0.08,0.0801,0.0799,0.0799,47907.65
1783800000,0.0799,0.0801,0.0799,0.08,71926.57
1783803600,0.08,0.0804,0.0799,0.0801,150131.83
1783807200,0.08,0.0802,0.0798,0.08,57743.66
1783810800,0.08,0.08,0.0795,0.0797,157367.61
1783814400,0.0799,0.0799,0.0793,0.0795,106380.28
1783818000,0.0794,0.0796,0.0793,0.0794,52350.2
1783821600,0.0793,0.0797,0.0793,0.0793,69309.49
1783825200,0.0793,0.0795,0.0792,0.0795,11227.78
1783828800,0.0795,0.0796,0.0792,0.0794,20388.25
1783832400,0.0793,0.0795,0.0792,0.0793,33074.53
1783836000,0.0793,0.0793,0.0785,0.0793,250003.69
1783839600,0.0793,0.0796,0.0793,0.0794,59760.5
1783843200,0.0794,0.0796,0.0792,0.0794,31135.63
1783846800,0.0794,0.0795,0.0791,0.0791,71312.65
1783850400,0.0792,0.0792,0.079,0.079,2334.67
1783854000,0.0791,0.0795,0.0791,0.0793,19512.85
1783857600,0.0793,0.0796,0.0793,0.0794,19000.49
1783861200,0.0796,0.08,0.0796,0.0797,148630.24
1783864800,0.0797,0.0798,0.0793,0.0798,104683.04
1783868400,0.0797,0.08,0.0797,0.08,46459.13
1783872000,0.0801,0.0803,0.0798,0.0802,54002.44
1783875600,0.0803,0.0806,0.0802,0.0802,82637.86
1783879200,0.0803,0.0808,0.0803,0.0806,1175071.44
1783882800,0.0805,0.081,0.0803,0.0808,561725.9
1783886400,0.0809,0.0812,0.0802,0.0807,1055506.95
1783890000,0.0807,0.0809,0.0804,0.0806,1242280.66
1783893600,0.0805,0.0808,0.0803,0.0806,328773.97
1783897200,0.0804,0.0811,0.0804,0.081,70491.11
1783900800,0.081,0.0817,0.0808,0.081,459974.92
1783904400,0.0811,0.0814,0.0806,0.0806,476198.29
1783908000,0.0806,0.0814,0.0804,0.0809,890377.53
1783911600,0.0809,0.0812,0.0807,0.0811,208499.33
1783915200,0.0811,0.0812,0.0805,0.0808,112574.71
1783918800,0.081,0.0812,0.0809,0.0812,155224.92
1783922400,0.0812,0.0814,0.081,0.0812,79026.99
1783926000,0.0812,0.0817,0.081,0.0817,298106.24
1783929600,0.0818,0.0819,0.0814,0.0818,196693.95
1783933200,0.0819,0.0821,0.0813,0.082,381162.86
1783936800,0.0822,0.0826,0.0819,0.0825,300259.65
1783940400,0.0826,0.0828,0.0823,0.0827,96835.22
1783944000,0.0827,0.0828,0.0809,0.0816,1101622.99
1783947600,0.0816,0.0816,0.0811,0.0815,233683.61
1783951200,0.0814,0.0818,0.0811,0.0818,222467.45
1783954800,0.0818,0.0823,0.0815,0.0822,360448.98
1783958400,0.0823,0.0827,0.0819,0.082,253896.36
1783962000,0.082,0.0824,0.0816,0.0819,351009.69
1783965600,0.082,0.0821,0.0817,0.0821,228731.79
1783969200,0.082,0.0823,0.082,0.0822,128664.9
1783972800,0.0821,0.0823,0.0817,0.0818,210274.35
1783976400,0.0818,0.0823,0.0816,0.0822,207467.46
1783980000,0.0823,0.0824,0.082,0.0822,57366.72
1783983600,0.0822,0.0823,0.0819,0.0822,51655.3
1783987200,0.0822,0.0829,0.0818,0.0828,218865.05
1783990800,0.0829,0.0831,0.0827,0.083,81443.64
1783994400,0.083,0.0833,0.0827,0.083,395880.22
1783998000,0.0829,0.0832,0.0828,0.0832,273124.5
1784001600,0.0833,0.0834,0.083,0.083,205547.23
1784005200,0.083,0.0835,0.083,0.0831,234001.16
1784008800,0.0831,0.0835,0.0831,0.0833,90813.88
1784012400,0.0834,0.0837,0.0829,0.0835,459714.07
1784016000,0.0834,0.0837,0.0833,0.0835,101861.74
1784019600,0.0835,0.0839,0.0835,0.0839,143926.58
1784023200,0.0839,0.0843,0.0834,0.084,503651.72
1784026800,0.0839,0.0841,0.0835,0.0841,78880.44
1784030400,0.0841,0.0844,0.0837,0.0843,668692.56
1784034000,0.0841,0.0841,0.0833,0.0838,836979.53
1784037600,0.0837,0.0846,0.0832,0.0838,1093272.68
1784041200,0.0839,0.0846,0.0837,0.0842,1584021.82
1784044800,0.0843,0.0846,0.084,0.0842,541428.6
1784048400,0.0842,0.0848,0.0838,0.0848,256718.64
1784052000,0.0848,0.0849,0.084,0.0846,739780.49
1784055600,0.0846,0.085,0.0844,0.085,168520.15
1784059200,0.085,0.085,0.0844,0.0845,202484.52
1784062800,0.0844,0.0849,0.0844,0.0849,181518.89
1784066400,0.0849,0.0849,0.0846,0.0849,542184.02
1784070000,0.0848,0.0849,0.0845,0.0848,71488.28
1784073600,0.0848,0.0852,0.0848,0.0852,468367.08
1784077200,0.0852,0.0852,0.0846,0.0848,167273.79
1784080800,0.0848,0.0849,0.0842,0.0844,178231.17
1784084400,0.0844,0.0847,0.0843,0.0843,102113.26
1784088000,0.0843,0.0845,0.0841,0.0845,99281.11
1784091600,0.0846,0.0846,0.0837,0.0838,497065.19
1784095200,0.0838,0.084,0.0834,0.0834,274268.6
1784098800,0.0835,0.0835,0.0833,0.0834,200426.67
1784102400,0.0834,0.0834,0.083,0.083,402509.71
1784106000,0.0831,0.0835,0.0831,0.0835,25571.19
1784109600,0.0835,0.0837,0.0832,0.0836,140641.9
1784113200,0.0836,0.0837,0.0833,0.0836,92364.83
1784116800,0.0835,0.0841,0.0832,0.0841,86517.71
1784120400,0.0841,0.0842,0.0835,0.0838,284744.82
1784124000,0.0839,0.0839,0.0836,0.0838,65733.96
1784127600,0.0837,0.0839,0.0835,0.0836,122594.05
1784131200,0.0837,0.0838,0.0833,0.0834,138822.33
1784134800,0.0836,0.0836,0.0834,0.0834,43279.82
1784138400,0.0834,0.0838,0.0832,0.0832,224894.19
1784142000,0.0831,0.0831,0.0825,0.0828,275701.26
1784145600,0.0828,0.083,0.0827,0.0829,93404.77
1784149200,0.0828,0.0831,0.0828,0.0831,80114.21
1784152800,0.0829,0.0832,0.0829,0.0832,94812.27
1784156400,0.0831,0.0832,0.0829,0.0831,35019.71
1784160000,0.083,0.0832,0.0824,0.0828,366253.51
1784163600,0.0828,0.083,0.0825,0.0829,82573.45
1784167200,0.0828,0.083,0.0827,0.0829,43501.79
1784170800,0.0829,0.0829,0.0825,0.0825,183502.83
1784174400,0.0825,0.0829,0.0825,0.0828,230246.82
1784178000,0.0828,0.0829,0.0822,0.0829,404339.84
1784181600,0.083,0.083,0.0828,0.0829,18706.88
1784185200,0.083,0.0831,0.0829,0.0831,47687.88
1784188800,0.083,0.083,0.0822,0.0828,392921.78
1784192400,0.0828,0.083,0.0827,0.083,34318.16
1784196000,0.0829,0.0832,0.0829,0.083,121411.93
1784199600,0.0832,0.0836,0.0831,0.0834,153025.21
1784203200,0.0835,0.0835,0.0832,0.0834,248215.16
1784206800,0.0834,0.0842,0.0833,0.0839,374711.06
1784210400,0.0838,0.0844,0.0836,0.0837,226384.5
1784214000,0.0838,0.084,0.0825,0.0828,322697.39
1784217600,0.0827,0.083,0.0827,0.083,126452.35
1784221200,0.0829,0.0831,0.0827,0.0829,182492.7
1784224800,0.083,0.083,0.0825,0.0827,147390.93
1784228400,0.0827,0.0827,0.0823,0.0827,475004.9
1784232000,0.0824,0.0826,0.082,0.082,162919.45
1784235600,0.0821,0.0822,0.0819,0.082,30967.73
1784239200,0.082,0.082,0.0816,0.0816,337885.97
1784242800,0.0816,0.0817,0.0815,0.0816,39705.82
1784246400,0.0816,0.0819,0.0814,0.0819,33197.32
1784250000,0.0818,0.0822,0.0817,0.0817,25116.69
1784253600,0.0817,0.0821,0.0817,0.0821,50468.02
1784257200,0.0821,0.0823,0.0821,0.0822,12551.98
1784260800,0.0822,0.0823,0.082,0.0823,20654.79
1784264400,0.0823,0.0825,0.082,0.0825,15097.49
1784268000,0.0825,0.0828,0.0822,0.0823,322146.67
1784271600,0.0823,0.0825,0.0821,0.0822,126223.96
1784275200,0.0822,0.0847,0.0822,0.0842,758976.49
1784278800,0.0843,0.0848,0.0837,0.0847,1156155.68
1784282400,0.0848,0.0849,0.0845,0.0847,179482.87
1784286000,0.0846,0.0849,0.0845,0.0849,83732.51
1784289600,0.0849,0.0849,0.0838,0.0839,763936.99
1784293200,0.0839,0.0842,0.0835,0.0838,325044.83
1784296800,0.0837,0.0841,0.0834,0.0838,251190.99
1784300400,0.0836,0.0838,0.0833,0.0835,127073.23
1784304000,0.0835,0.0837,0.0833,0.0834,131879.57
1784307600,0.0834,0.0836,0.0827,0.0827,171026.12
1784311200,0.0827,0.0828,0.0822,0.0825,105638.97
1784314800,0.0824,0.0829,0.0821,0.0827,484169.7
1784318400,0.0828,0.0828,0.0824,0.0826,22403.43
1784322000,0.0825,0.0828,0.0825,0.0827,24850.07
1784325600,0.0828,0.0829,0.0826,0.0827,170501.53
1784329200,0.0828,0.0832,0.0827,0.083,116048.8
1784332800,0.083,0.0833,0.0828,0.0829,319183.06
1784336400,0.0829,0.0829,0.0821,0.0825,78118.6
1784340000,0.0824,0.0828,0.0824,0.0825,72734.17
1784343600,0.0825,0.0827,0.0825,0.0825,51569.3
1784347200,0.0823,0.0825,0.0823,0.0825,27461.71
1784350800,0.0825,0.0826,0.0819,0.0819,17975.68
1784354400,0.0822,0.0824,0.0815,0.0818,186095.33
1784358000,0.0818,0.0819,0.0811,0.0811,81404.05
1784361600,0.0813,0.0814,0.0806,0.0809,913213.88
1784365200,0.081,0.0817,0.0809,0.0817,189160.09
1784368800,0.0816,0.0817,0.0814,0.0817,55634.94
1784372400,0.0817,0.0817,0.0812,0.0812,207173.71
1784376000,0.0813,0.0816,0.0813,0.0814,108575.75
1784379600,0.0814,0.0814,0.0812,0.0813,104269.63
1784383200,0.0813,0.0814,0.081,0.0811,65653.85
1784386800,0.0811,0.0811,0.0806,0.0807,72964.37
1784390400,0.0808,0.0811,0.0808,0.0808,165927.91
1784394000,0.0808,0.0812,0.0808,0.0812,60415.18
1784397600,0.0811,0.0813,0.081,0.0812,41538.83
1784401200,0.0812,0.0813,0.081,0.0812,61287.17
1784404800,0.0812,0.0815,0.081,0.0811,121783.56
1784408400,0.0811,0.0812,0.081,0.0812,46149.38
1784412000,0.0811,0.0812,0.081,0.081,27844.93
1784415600,0.0811,0.0811,0.0808,0.0808,57144.96
1784419200,0.0809,0.0809,0.0806,0.0806,75802.71
1784422800,0.0808,0.081,0.0807,0.081,22392.81
1784426400,0.081,0.0812,0.0808,0.081,133536.26
1784430000,0.0811,0.0811,0.0805,0.0809,280542.61
1784433600,0.0807,0.0808,0.0805,0.0806,173528.06
1784437200,0.0806,0.0808,0.0805,0.0808,16375.21
1784440800,0.0808,0.0812,0.0807,0.081,46024.93
1784444400,0.081,0.0812,0.0809,0.0812,11394.82
1784448000,0.0813,0.0814,0.0811,0.0812,19426.6
1784451600,0.0813,0.0814,0.0811,0.0811,69215.37
1784455200,0.0812,0.0814,0.0811,0.0812,44357.21
1784458800,0.0812,0.0813,0.081,0.0812,18411.8
1784462400,0.0813,0.0814,0.0812,0.0814,50324.9
1784466000,0.081,0.081,0.0804,0.081,223920.82
1784469600,0.0809,0.081,0.0807,0.0808,50205.22
1784473200,0.0807,0.081,0.0807,0.0809,21903.48
1784476800,0.0808,0.0809,0.0805,0.0805,56929.82
1784480400,0.0805,0.0808,0.0804,0.0805,309633.89
1784484000,0.0804,0.0806,0.0802,0.0804,29099.19
1784487600,0.0804,0.0805,0.0802,0.0804,384328.74
1784491200,0.0803,0.0806,0.0803,0.0806,48833.53
1784494800,0.0806,0.0807,0.0804,0.0807,55171.87
1784498400,0.0807,0.0808,0.0802,0.0802,83125.61
1784502000,0.0803,0.0815,0.0802,0.0812,944104.95
1784505600,0.0812,0.0813,0.0807,0.0809,396804.01
1784509200,0.081,0.0812,0.081,0.0811,49726.24
1784512800,0.0811,0.0812,0.0809,0.0811,21414.91
1784516400,0.081,0.0811,0.0808,0.0809,34520.81
1784520000,0.0809,0.081,0.0807,0.0807,98435.91
1784523600,0.0809,0.0809,0.0807,0.0807,89253.65
1784527200,0.0808,0.081,0.0806,0.0807,366404.79
1784530800,0.0807,0.0808,0.0803,0.0806,109096.32
1784534400,0.0805,0.0806,0.0803,0.0806,265922.43
1784538000,0.0806,0.0807,0.0804,0.0806,39198.76
1784541600,0.0808,0.0809,0.0807,0.0807,13741.59
1784545200,0.0808,0.0813,0.0808,0.0809,32935.02
1784548800,0.0811,0.0813,0.0809,0.0809,142022.07
1784552400,0.0809,0.0809,0.0803,0.0803,345831.71
1784556000,0.0803,0.0805,0.0801,0.0803,86838.66
1784559600,0.0802,0.0804,0.0797,0.0799,163560.62
1784563200,0.0798,0.0804,0.0795,0.0802,127546.45
1784566800,0.0803,0.0804,0.0801,0.0802,49965.25
1784570400,0.0802,0.0804,0.0802,0.0802,43855.65
1784574000,0.0804,0.0804,0.0802,0.0803,47737.87
1784577600,0.0803,0.0806,0.0803,0.0804,286939.99
1784581200,0.0802,0.0804,0.0801,0.0801,47987.88
1784584800,0.0801,0.0804,0.0801,0.0803,73075.72
1784588400,0.0802,0.0806,0.0802,0.0805,22627.13
1784592000,0.0805,0.0809,0.0803,0.0803,70984.27
1784595600,0.0804,0.0805,0.0803,0.0803,26542.98
1784599200,0.0802,0.0805,0.0801,0.0805,30677.69
1784602800,0.0805,0.0805,0.0802,0.0804,96446.13
1784606400,0.0804,0.0804,0.0801,0.0804,186201.54
1784610000,0.0804,0.081,0.0803,0.081,119343.27
1784613600,0.0811,0.0813,0.081,0.0811,208144.92
1784617200,0.0811,0.0817,0.081,0.0815,177025.06
1784620800,0.0817,0.0817,0.0808,0.0808,84087.14
1784624400,0.0808,0.0809,0.0804,0.0807,108112.69
1784628000,0.0808,0.081,0.0806,0.0808,177047.59
1784631600,0.0808,0.081,0.0806,0.0806,74093.7
1784635200,0.0807,0.081,0.0806,0.0807,291515.45
1784638800,0.0806,0.0809,0.0804,0.0807,312857.8
1784642400,0.0806,0.0811,0.0806,0.081,110584.49
1784646000,0.0811,0.0811,0.08,0.0802,174991.94
1784649600,0.0802,0.0804,0.08,0.0804,96856.24
1784653200,0.0806,0.0806,0.0801,0.0804,34689.14
1784656800,0.0804,0.0805,0.0802,0.0803,188050.86
1784660400,0.0803,0.0805,0.0802,0.0805,12388.44
1784664000,0.0805,0.0805,0.0802,0.0803,119415.07
1784667600,0.0802,0.0803,0.0799,0.08,158780.07
1784671200,0.08,0.0801,0.0798,0.08,399130.41
1784674800,0.0798,0.0801,0.0798,0.08,109788.05
1784678400,0.08,0.0802,0.0799,0.0801,340759.33
1784682000,0.0801,0.0801,0.0797,0.08,71582.36
1784685600,0.0799,0.08,0.0799,0.08,32669.18
1784689200,0.0801,0.0801,0.0797,0.0799,51095.12
1784692800,0.0799,0.08,0.0798,0.08,9653.22
1784696400,0.0799,0.0799,0.0795,0.0797,82601.26
1784700000,0.0798,0.0798,0.0793,0.0793,172177.03
1784703600,0.0793,0.0795,0.0793,0.0794,115062.73
1784707200,0.0794,0.0795,0.0792,0.0793,406693.97
1784710800,0.0795,0.0795,0.0793,0.0794,12173.79
1784714400,0.0795,0.0795,0.0792,0.0792,37545.7
1784718000,0.0793,0.0796,0.0789,0.0791,277184.89
1784721600,0.0791,0.0794,0.079,0.0793,70108.58
1784725200,0.0793,0.0795,0.0792,0.0794,57193.02
1784728800,0.0794,0.0797,0.0787,0.0789,404799.61
1784732400,0.0789,0.079,0.0781,0.0785,178522.6
1784736000,0.0786,0.0789,0.0783,0.0787,147708.5
1784739600,0.0787,0.079,0.0787,0.0788,141334.14
1784743200,0.0788,0.0789,0.0787,0.0789,14988.1
1784746800,0.0789,0.0793,0.0787,0.0789,393369.89
1784750400,0.0789,0.0791,0.0789,0.0791,38941.78
1784754000,0.079,0.0794,0.079,0.0792,20330.04
1784757600,0.0792,0.0794,0.0791,0.0791,8757.14
1784761200,0.0791,0.0793,0.079,0.0791,11184.66
1784764800,0.0792,0.0794,0.079,0.0791,26816.01
1784768400,0.0792,0.0793,0.079,0.0791,12708.04
1784772000,0.0791,0.0792,0.0786,0.0787,306350.21
1784775600,0.0787,0.0788,0.0784,0.0784,122132.27
1784779200,0.0784,0.0788,0.0784,0.0787,58196.23
1784782800,0.0786,0.079,0.0786,0.0789,60630.95
1784786400,0.0789,0.079,0.0789,0.0789,11899.09
1784790000,0.0789,0.0791,0.0789,0.0791,192415.93
1784793600,0.0792,0.0792,0.0788,0.0789,44436.25
1784797200,0.079,0.079,0.0788,0.0789,28568.46
1784800800,0.0789,0.0789,0.0787,0.0787,62390.16
1784804400,0.0789,0.079,0.0776,0.0781,169585.72
1784808000,0.0783,0.0784,0.0773,0.0778,150949.06
1784811600,0.0779,0.0782,0.0778,0.078,48641.85
1784815200,0.0779,0.0782,0.0776,0.0776,218978.74
1784818800,0.0775,0.0775,0.0763,0.0766,342541.52
1784822400,0.0763,0.0765,0.0752,0.0759,593106.6
1784826000,0.076,0.0766,0.0759,0.0761,156785.1
1784829600,0.0764,0.0769,0.0762,0.0768,151658.49
1784833200,0.0768,0.0771,0.0767,0.0769,37114.73
1784836800,0.0769,0.077,0.0767,0.0767,19887.19
1784840400,0.0768,0.0768,0.0759,0.0761,45886.33
1784844000,0.0761,0.0763,0.0759,0.0761,43027.44
1784847600,0.076,0.0763,0.076,0.0763,12118.88
1784851200,0.0763,0.0768,0.0762,0.0764,426223.31
1784854800,0.0765,0.0767,0.0764,0.0765,71312.57
1784858400,0.0765,0.0768,0.0765,0.0766,29369.06
1784862000,0.0766,0.0771,0.0766,0.077,68446.98
1784865600,0.0769,0.0771,0.0769,0.0771,115056.07
1784869200,0.0772,0.0772,0.0769,0.0772,195947.43
1784872800,0.0772,0.0784,0.0771,0.0777,1206128.77
1784876400,0.0777,0.0785,0.0775,0.0781,1558663.64
1784880000,0.0784,0.0788,0.078,0.0787,136603.74
1784883600,0.0786,0.0789,0.0784,0.0789,105011.57
1784887200,0.0788,0.0789,0.0785,0.0786,178573.06
1784890800,0.0787,0.0787,0.0779,0.078,133251.97
1784894400,0.0779,0.0782,0.0774,0.0774,226012.41
1784898000,0.0773,0.0773,0.0769,0.0769,82604.88
1784901600,0.0769,0.0769,0.0765,0.0768,185808.27
1784905200,0.0768,0.0774,0.0768,0.0771,86540.06
1784908800,0.0771,0.0771,0.0766,0.0768,97721.1
1784912400,0.0768,0.0769,0.0766,0.0766,20312.93
1784916000,0.0765,0.077,0.0764,0.0766,82388.68
1784919600,0.0766,0.0768,0.0764,0.0767,22435.05
1784923200,0.0767,0.0769,0.0759,0.0761,375635.41
1784926800,0.076,0.0765,0.076,0.0761,118225.72
1784930400,0.0761,0.0765,0.0761,0.0765,232200.17
1784934000,0.0766,0.0767,0.0764,0.0766,57177.14
1784937600,0.0765,0.0771,0.0765,0.077,4813.52
1784941200,0.0771,0.0772,0.0766,0.0766,19214.54
1784944800,0.0765,0.0769,0.0765,0.0767,22034.64
1784948400,0.0768,0.0769,0.0768,0.0769,2791.18
1784952000,0.0768,0.0769,0.0767,0.0767,15208.51
1784955600,0.0768,0.0769,0.0765,0.0765,3449.04
1784959200,0.0768,0.0769,0.0764,0.0769,40294.46
1784962800,0.0768,0.0769,0.0766,0.0766,13967.21
1784966400,0.0768,0.077,0.0768,0.0768,77821.37
1784970000,0.0768,0.0769,0.0766,0.0768,10893.43
1784973600,0.0768,0.077,0.0766,0.0768,27168.61
1784977200,0.0768,0.077,0.0767,0.0769,6755.02
1784980800,0.0769,0.0769,0.0765,0.0766,43112.32
1784984400,0.0765,0.0769,0.0765,0.0768,34755.21
1784988000,0.0769,0.077,0.0766,0.0768,142631.61
1784991600,0.0767,0.0768,0.0765,0.0765,54650.01
1784995200,0.0765,0.0768,0.0764,0.0766,30869.59
1784998800,0.0768,0.0768,0.0767,0.0768,50089.07
1785002400,0.0768,0.0769,0.0766,0.0767,31031.13
1785006000,0.0767,0.0768,0.0766,0.0766,28199.64
1785009600,0.0766,0.0766,0.0764,0.0765,48971.62
1785013200,0.0764,0.0772,0.0763,0.0768,298619.83
1785016800,0.077,0.077,0.0768,0.0769,20561.41
1785020400,0.0769,0.077,0.0766,0.0767,34911.24
1785024000,0.0767,0.0769,0.0766,0.0767,33266.16
1785027600,0.0766,0.0768,0.0765,0.0766,53504.87
1785031200,0.0766,0.0766,0.0763,0.0766,25734.65
1785034800,0.0766,0.0768,0.0764,0.0768,197914.91
1785038400,0.0767,0.0768,0.0766,0.0766,16926.87
1785042000,0.0766,0.0767,0.0765,0.0766,88730.32
1785045600,0.0766,0.0767,0.0764,0.0767,47260.9
1785049200,0.0767,0.0767,0.0765,0.0767,46565.62
1785052800,0.0766,0.0768,0.0764,0.0765,21705.39
1785056400,0.0765,0.0766,0.0763,0.0763,62902.55
1785060000,0.0763,0.0766,0.0763,0.0765,19372.09
1785063600,0.0766,0.0767,0.0764,0.0767,39261.51
1785067200,0.0767,0.0768,0.0766,0.0768,22242.11
1785070800,0.0768,0.0769,0.0766,0.0769,27676.02
1785074400,0.0769,0.0771,0.0768,0.0771,29610.82
1785078000,0.0772,0.0773,0.0768,0.0768,121076.88
1785081600,0.0767,0.0769,0.0766,0.0767,395424.29
1785085200,0.0766,0.0768,0.0766,0.0766,152985.02
1785088800,0.0767,0.0768,0.0766,0.0766,36489.5
1785092400,0.0766,0.0768,0.0766,0.0767,39408.22
1785096000,0.0768,0.0768,0.0766,0.0766,26963.04
1785099600,0.0767,0.0771,0.0767,0.0771,111149.02
1785103200,0.0772,0.0774,0.0772,0.0774,77687.96
1785106800,0.0775,0.0777,0.0774,0.0777,26284.19
1785110400,0.0776,0.0778,0.0774,0.0775,38466.17
1785114000,0.0777,0.0779,0.0776,0.0778,81951.3
1785117600,0.0778,0.0779,0.0776,0.0778,97132.92
1785121200,0.0778,0.0778,0.0774,0.0775,102010.68
1785124800,0.0776,0.0779,0.0775,0.0776,77982.61
1785128400,0.0777,0.0777,0.0774,0.0775,118651.92
1785132000,0.0776,0.0778,0.0776,0.0777,85540.42
1785135600,0.0779,0.0779,0.0774,0.0777,52379.93
1785139200,0.0776,0.0779,0.0775,0.0778,297976.14
1785142800,0.0778,0.078,0.0775,0.0775,304668.94
1785146400,0.0775,0.0776,0.0771,0.0772,219939.3
1785150000,0.0772,0.0775,0.0772,0.0774,121401.5
1785153600,0.0774,0.0775,0.0769,0.0769,92015.54
1785157200,0.0769,0.0773,0.0768,0.0769,39042.09
1785160800,0.0769,0.077,0.076,0.0763,310201.18
1785164400,0.0764,0.0764,0.0752,0.0754,292731.85
1785168000,0.0753,0.0755,0.0749,0.0754,122345.59
1785171600,0.0754,0.0755,0.0752,0.0752,73219.92
1785175200,0.0753,0.0753,0.0743,0.0743,231520.24
1785178800,0.0744,0.075,0.074,0.0748,131333.6
1785182400,0.0749,0.0752,0.0746,0.0749,560290.99
1785186000,0.075,0.0751,0.0748,0.0749,155487.4
1785189600,0.0749,0.075,0.0738,0.0738,196775.19
1785193200,0.0737,0.0741,0.0736,0.0737,103576.22
1785196800,0.0735,0.0736,0.0729,0.0732,341938.34
1785200400,0.0732,0.0732,0.0725,0.0726,191111.66
1785204000,0.0728,0.0735,0.0728,0.0735,52359.21
1785207600,0.0733,0.0734,0.073,0.0733,47486.73
1785211200,0.0732,0.0732,0.0729,0.0731,71650.58
1785214800,0.0731,0.0733,0.0725,0.0725,155476.51
1785218400,0.0727,0.0732,0.0724,0.0732,248870.75
1785222000,0.0731,0.0733,0.0729,0.0732,42482.87
1785225600,0.0732,0.0737,0.0732,0.0733,305870.51
1785229200,0.0734,0.0735,0.0731,0.0735,35092.04
1785232800,0.0735,0.0736,0.0733,0.0734,244198.19
1785236400,0.0735,0.074,0.0735,0.0739,54536.79
1785240000,0.0738,0.0739,0.0735,0.0739,64042.95
1785243600,0.074,0.074,0.0728,0.0733,142678.63
1785247200,0.0734,0.0736,0.0732,0.0734,33999.11
1785250800,0.0734,0.0736,0.0731,0.0731,114696.63
1785254400,0.0734,0.0736,0.0731,0.0732,250862.54
1785258000,0.0732,0.0732,0.0722,0.0723,213874.91
1785261600,0.0724,0.0724,0.0718,0.0724,100540.56
1785265200,0.0722,0.0726,0.0721,0.0725,20185.25
1785268800,0.0725,0.0726,0.0724,0.0725,36523.36
1785272400,0.0726,0.0728,0.0724,0.0725,58907.32
1785276000,0.0725,0.0726,0.0722,0.0724,96015.96
1785279600,0.0722,0.0727,0.0722,0.0726,175988.2
1785283200,0.0725,0.0727,0.0722,0.0722,138306.55
1785286800,0.0722,0.0722,0.0707,0.0707,218284.91
1785290400,0.0708,0.0716,0.0708,0.0714,70293.76
1785294000,0.0715,0.0715,0.0709,0.0709,14853.62
1785297600,0.0708,0.0711,0.0705,0.071,368961.15
1785301200,0.071,0.0712,0.0709,0.0712,125757.63
1785304800,0.0712,0.0714,0.071,0.0714,160115.73
1785308400,0.0714,0.0718,0.0714,0.0718,65927.57
1785312000,0.0719,0.0719,0.0714,0.0716,120883.71
1785315600,0.0715,0.0719,0.0715,0.0718,105274.25
1785319200,0.0717,0.0719,0.0714,0.0716,116932.48
1785322800,0.0716,0.0718,0.0713,0.0714,114537.96
1785326400,0.0714,0.0717,0.071,0.0717,281347.91
1785330000,0.0716,0.0724,0.0716,0.072,766459.14
1785333600,0.072,0.0721,0.0718,0.0721,162922.94
1785337200,0.072,0.0721,0.0715,0.0715,130046.32
1785340800,0.0716,0.0719,0.0714,0.0717,143030.61
1785344400,0.0718,0.0725,0.0716,0.0724,599000.3
1785348000,0.0725,0.0725,0.0715,0.0718,430445.36
1785351600,0.0718,0.0718,0.071,0.0711,269144.62
1785355200,0.0709,0.0712,0.0708,0.0709,118762.7
1785358800,0.071,0.0715,0.0709,0.0713,84714.05
1785362400,0.0714,0.0718,0.0713,0.0718,129727.88
1785366000,0.0717,0.0719,0.0715,0.0716,125428.93
1785369600,0.0715,0.0718,0.0713,0.0713,293256.73
1785373200,0.0714,0.0719,0.0713,0.0718,85707.56
1785376800,0.0719,0.0724,0.0718,0.072,706540.61
1785380400,0.072,0.0721,0.0719,0.0719,73348.29
1785384000,0.0719,0.0719,0.0718,0.0718,29295.71
1785387600,0.0717,0.072,0.0717,0.0718,46164.09
1785391200,0.0716,0.0719,0.0715,0.0716,122442.68
1785394800,0.0716,0.0717,0.0715,0.0715,55074.5
1785398400,0.0715,0.0719,0.0715,0.0716,60202.28
1785402000,0.0714,0.0717,0.0713,0.0713,302834.62
1785405600,0.0715,0.0716,0.0712,0.0713,847794.88
1785409200,0.0712,0.0714,0.071,0.071,173626.45
1785412800,0.071,0.0711,0.0701,0.0704,415333.16
1785416400,0.0704,0.0711,0.0701,0.0709,154168.49
1785420000,0.071,0.0712,0.0708,0.071,107048.17
1785423600,0.0711,0.0711,0.0708,0.071,109447.78
1785427200,0.071,0.0714,0.0709,0.0711,106804.45
1785430800,0.0712,0.0716,0.0711,0.0716,124104.31
1785434400,0.0716,0.0718,0.0713,0.0713,100944.74
1785438000,0.0714,0.0716,0.0711,0.0713,88776.49
1785441600,0.0714,0.0714,0.0707,0.0712,449387.95
1785445200,0.0711,0.0713,0.0709,0.0711,97490.89
1785448800,0.0712,0.0716,0.0712,0.0716,67639.48
1785452400,0.0715,0.0718,0.0715,0.0716,47941.03
1785456000,0.0715,0.0718,0.0713,0.0718,54083.62
1785459600,0.0718,0.0721,0.0716,0.0716,130143.42
1785463200,0.0719,0.0719,0.0712,0.0714,36333.79
1785466800,0.0714,0.0718,0.0713,0.0718,67503.94
1785470400,0.0717,0.0717,0.0714,0.0715,45247.76
1785474000,0.0716,0.0717,0.0715,0.0716,230026.24
1785477600,0.0716,0.0718,0.0714,0.0716,60742.02
1785481200,0.0716,0.0716,0.0712,0.0714,130601.86
1785484800,0.0715,0.0716,0.0714,0.0715,99660.72
1785488400,0.0716,0.0718,0.0713,0.0718,120042.73
1785492000,0.0718,0.0722,0.0718,0.0721,55528.33
1785495600,0.0721,0.0722,0.0716,0.072,91076.08
1785499200,0.0719,0.072,0.0714,0.0716,167397.63
1785502800,0.0718,0.072,0.0717,0.072,32029.94
1785506400,0.072,0.072,0.0708,0.0708,326362.91
1785510000,0.0707,0.0709,0.0705,0.0709,59485.49
1785513600,0.0708,0.0709,0.0704,0.0707,72415.35
1785517200,0.0706,0.071,0.0705,0.0709,103526.02
1785520800,0.0709,0.0711,0.0708,0.0711,64011.75
1785524400,0.071,0.0711,0.0708,0.0709,107022.8
1785528000,0.0709,0.0712,0.0708,0.0708,56090.87
1785531600,0.0708,0.0712,0.0708,0.0708,96384.71
1785535200,0.0707,0.0712,0.0707,0.071,127758.31
1785538800,0.071,0.0713,0.0709,0.0713,55817.73
1785542400,0.0713,0.0715,0.0711,0.0715,57988.2
1785546000,0.0714,0.0716,0.0713,0.0716,67138.79
1785549600,0.0717,0.0718,0.0716,0.0718,335686.55
1785553200,0.072,0.072,0.0718,0.0719,40743.21
1785556800,0.072,0.072,0.0719,0.0719,37627.08
1785560400,0.072,0.072,0.0714,0.0714,51270.91
1785564000,0.0715,0.0717,0.0715,0.0717,40844.11
1785567600,0.0718,0.0718,0.0716,0.0717,122915.54
1785571200,0.0717,0.0724,0.0717,0.0724,142650.43
1785574800,0.0726,0.0726,0.0721,0.0724,56723.08
1785578400,0.0722,0.0724,0.0721,0.0724,137106.72
1785582000,0.0724,0.0726,0.0721,0.0726,218453.4
1785585600,0.0727,0.073,0.0726,0.073,313416.96
1785589200,0.073,0.0731,0.0727,0.0728,120075.43
1785592800,0.0729,0.073,0.0727,0.0729,82477.89
1785596400,0.0729,0.073,0.0726,0.0728,65004.16
1785600000,0.0728,0.0729,0.0725,0.0726,103709.31
1785603600,0.0725,0.0727,0.0721,0.0723,164693.68
1785607200,0.0723,0.0725,0.0716,0.0717,159595.09
1785610800,0.0717,0.0719,0.0716,0.0717,309627.37
1785614400,0.0716,0.072,0.0716,0.072,41889.14
1785618000,0.0719,0.0721,0.0718,0.072,3198.55
1785621600,0.072,0.0721,0.0718,0.0718,22531.55
1785625200,0.0716,0.0717,0.0715,0.0717,26668.95
1785628800,0.0717,0.072,0.0717,0.0719,64587.42
1785632400,0.0719,0.0721,0.0719,0.0721,59558.98
1785636000,0.0721,0.0725,0.0721,0.0723,139532.22
1785639600,0.0723,0.0724,0.0722,0.0724,92131.68
1785643200,0.0723,0.0726,0.0722,0.0724,26374.37
1785646800,0.0724,0.0726,0.0724,0.0725,55972.32
1785650400,0.0724,0.0726,0.0723,0.0726,78409.53
1785654000,0.0727,0.0728,0.0725,0.0726,120826.48
1785657600,0.0723,0.0726,0.0722,0.0725,94490.24
1785661200,0.0726,0.0728,0.0725,0.0726,26278.81
1785664800,0.0727,0.0731,0.0726,0.0728,160358.64
1785668400,0.0729,0.073,0.0723,0.0724,158306.23
1785672000,0.0726,0.0727,0.0724,0.0725,20686.43
1785675600,0.0725,0.0729,0.0725,0.0729,176198.07
1785679200,0.073,0.0732,0.0728,0.0729,78949.36
1785682800,0.0728,0.0732,0.0728,0.0731,90572.95
1785686400,0.0731,0.0731,0.0728,0.0729,77392.96
1785690000,0.0729,0.0731,0.0728,0.0729,37891.69
1785693600,0.0728,0.073,0.0728,0.0729,51831.25
1785697200,0.0729,0.073,0.0728,0.073,33304.6
1785700800,0.073,0.073,0.0728,0.0729,49378.27
1785704400,0.073,0.0731,0.0728,0.073,52862.72
1785708000,0.073,0.073,0.0727,0.0727,76876.57
1785711600,0.0727,0.0729,0.0727,0.0729,41724.59
1785715200,0.0729,0.073,0.0726,0.0728,59626.22
1785718800,0.0728,0.0729,0.0726,0.0727,37635.06
1785722400,0.0727,0.0728,0.0725,0.0728,59022.98
1785726000,0.0727,0.0729,0.0727,0.0727,30714.54
1785729600,0.0727,0.0731,0.0727,0.073,59693.56
1785733200,0.0731,0.0732,0.073,0.0731,58428.49
1785736800,0.0731,0.0733,0.0729,0.0731,122053.42
1785740400,0.0731,0.0731,0.0729,0.0731,35653.63
1785744000,0.0731,0.0735,0.0728,0.0734,146826.12
1785747600,0.0735,0.0735,0.0732,0.0734,49927.15
1785751200,0.0734,0.0736,0.0732,0.0733,122805.11
1785754800,0.0734,0.0735,0.0732,0.0735,50359.77
1785758400,0.0734,0.0738,0.0732,0.0735,692079.16
1785762000,0.0735,0.0735,0.0733,0.0733,32365.7
1785765600,0.0733,0.0735,0.0729,0.0729,455154.3
1785769200,0.073,0.0739,0.0728,0.0733,530779.72
1785772800,0.0735,0.0736,0.0728,0.0732,173194.06
1785776400,0.0732,0.0733,0.0726,0.0727,1105008.18
1785780000,0.0726,0.073,0.0725,0.0728,212082.35
1785783600,0.0728,0.0731,0.0727,0.073,95390.21
1785787200,0.073,0.0731,0.0728,0.0729,111480.89
1785790800,0.073,0.0731,0.0728,0.0729,112243.93
1785794400,0.073,0.0731,0.0727,0.073,31614.02
1785798000,0.0729,0.073,0.0728,0.073,62828.08
1785801600,0.0732,0.0732,0.0723,0.0723,32897.71
1785805200,0.0723,0.0729,0.0722,0.0728,104182.07
1785808800,0.0727,0.073,0.0727,0.073,89736.92
1785812400,0.073,0.0732,0.0729,0.073,81179.66
1785816000,0.0732,0.0735,0.073,0.0735,43202.02
1785819600,0.0733,0.0735,0.0733,0.0735,36392.77
1785823200,0.0735,0.0736,0.0732,0.0733,32659.63
1785826800,0.0733,0.0742,0.0733,0.0742,384680.16
1785830400,0.0743,0.0746,0.074,0.0744,665632.18
1785834000,0.0744,0.0746,0.0739,0.0739,113334.45
1785837600,0.0739,0.074,0.0737,0.0738,54647.88
1785841200,0.0738,0.0741,0.0738,0.0741,87576.28
1785844800,0.0739,0.0752,0.0737,0.0751,1613634.2
1785848400,0.0751,0.0755,0.0743,0.0744,605282.07
1785852000,0.0744,0.075,0.0743,0.0745,369276.41
1785855600,0.0746,0.0746,0.0742,0.0742,101606.53
1785859200,0.0741,0.0744,0.0738,0.0743,189404.22
1785862800,0.0743,0.0744,0.0741,0.0743,119027.02
1785866400,0.0743,0.0745,0.0743,0.0743,118769.43
1785870000,0.0743,0.0744,0.0742,0.0743,350543.07
1785873600,0.0744,0.0745,0.0741,0.0743,106734.07
1785877200,0.0744,0.0745,0.0743,0.0744,128658.36
1785880800,0.0744,0.0749,0.0744,0.0749,163035.85
1785884400,0.0748,0.075,0.0748,0.075,110511.05
1785888000,0.075,0.0751,0.0748,0.0748,187570.79
1785891600,0.0749,0.0751,0.0748,0.0749,646101.38
1785895200,0.0749,0.0752,0.0749,0.0749,75849.22
1785898800,0.075,0.075,0.0746,0.0746,164295.55
1785902400,0.0746,0.0747,0.0744,0.0746,308825.77
1785906000,0.0746,0.0747,0.0746,0.0747,126532.91
1785909600,0.0747,0.075,0.0747,0.0748,103522.16
1785913200,0.0748,0.0753,0.0748,0.0753,242030.14
1785916800,0.0753,0.0753,0.0749,0.0753,433119.6
1785920400,0.0753,0.0756,0.0752,0.0755,269694.26
1785924000,0.0754,0.0755,0.0752,0.0753,46627.08
1785927600,0.0753,0.0755,0.0751,0.0752,391043.86
1785931200,0.0752,0.0754,0.075,0.0751,114602.41
1785934800,0.0751,0.0752,0.0746,0.0746,178246.22
1785938400,0.0746,0.0748,0.0744,0.0747,82129.27
1785942000,0.0747,0.0749,0.0743,0.0744,183972.41
1785945600,0.0744,0.0747,0.0743,0.0746,106238.41
1785949200,0.0747,0.0749,0.0746,0.0748,102388.97
1785952800,0.0747,0.0749,0.0745,0.0747,194391.53
1785956400,0.0746,0.0748,0.0746,0.0748,155112.26
1785960000,0.0747,0.0749,0.0746,0.0746,35320.96
1785963600,0.0747,0.0748,0.0746,0.0747,35082.7
1785967200,0.0747,0.0749,0.0746,0.0747,108095.41
1785970800,0.0748,0.0749,0.0747,0.0749,104080.94
1785974400,0.075,0.0751,0.0749,0.0749,47404.19
1785978000,0.0749,0.0752,0.0748,0.0751,53705.87
1785981600,0.0751,0.0755,0.0749,0.0755,351363.11
1785985200,0.0753,0.0754,0.075,0.075,174772.16
1785988800,0.0751,0.0755,0.0751,0.0753,201243.91
1785992400,0.0753,0.0755,0.0752,0.0752,177954.72
1785996000,0.0752,0.0753,0.0749,0.0752,148593.96
1785999600,0.0752,0.0755,0.0752,0.0753,102878
1786003200,0.0753,0.0757,0.0753,0.0757,176201.16
1786006800,0.0757,0.0763,0.0753,0.0757,984807.19
1786010400,0.0756,0.0757,0.0754,0.0754,183030.48
1786014000,0.0754,0.0757,0.0753,0.0756,61863.66
1786017600,0.0756,0.0757,0.0754,0.0754,71062.84
1786021200,0.0754,0.0757,0.0753,0.0755,93919.42
1786024800,0.0754,0.0754,0.0745,0.0748,1067686.79
1786028400,0.0747,0.075,0.0745,0.075,572055.19
1786032000,0.075,0.0751,0.0749,0.075,55952.6
1786035600,0.075,0.0751,0.0748,0.0749,196080.98
1786039200,0.0749,0.075,0.0746,0.0748,377241.28
1786042800,0.0747,0.0749,0.0746,0.0749,35819.65
1786046400,0.0749,0.075,0.0748,0.0749,32536.73
1786050000,0.0749,0.075,0.0748,0.0749,36526.45
1786053600,0.0749,0.0751,0.0748,0.0749,49721.78
1786057200,0.075,0.0751,0.075,0.0751,33183.03
1786060800,0.0752,0.0755,0.075,0.0752,133352.69
1786064400,0.0752,0.0753,0.0751,0.0752,130181.63
1786068000,0.0751,0.0753,0.0748,0.075,382150.65
1786071600,0.075,0.0752,0.0749,0.075,99724.44
1786075200,0.0751,0.0752,0.0749,0.075,55481.51
1786078800,0.0751,0.0752,0.0747,0.0751,387532.6
1786082400,0.075,0.0751,0.0746,0.0749,24591.01
1786086000,0.0749,0.0751,0.0749,0.075,37754.93
1786089600,0.075,0.0761,0.0745,0.0747,739325.01
1786093200,0.0747,0.0769,0.074,0.0764,1276363.61
1786096800,0.0764,0.0764,0.0758,0.0763,151159.51
1786100400,0.0762,0.0762,0.0757,0.0762,226539.37
1786104000,0.0761,0.0762,0.0756,0.0756,127877.37
1786107600,0.0754,0.0755,0.0753,0.0754,9771.53
1786111200,0.0754,0.0762,0.075,0.0753,872423.86
1786114800,0.0752,0.0755,0.075,0.0755,243749.73
1786118400,0.0755,0.0756,0.0753,0.0753,111151.14
1786122000,0.0753,0.0754,0.0749,0.075,278551.76
1786125600,0.075,0.0751,0.0748,0.075,91715.35
1786129200,0.0751,0.0752,0.075,0.0751,36830.48
1786132800,0.0751,0.0752,0.075,0.075,134936.03
1786136400,0.075,0.075,0.0748,0.0749,70441.52
1786140000,0.0749,0.075,0.0747,0.0749,165592.71
1786143600,0.0749,0.0749,0.0748,0.0749,1698.69
1786147200,0.0749,0.075,0.0747,0.0748,111179.96
1786150800,0.0749,0.075,0.0746,0.0749,74456.84
1786154400,0.0749,0.0751,0.0749,0.075,33769.74
1786158000,0.075,0.0752,0.075,0.0752,33793.27
1786161600,0.075,0.0752,0.0749,0.0751,75045.41
1786165200,0.0751,0.0753,0.0751,0.0751,127417.88
1786168800,0.0751,0.0752,0.0751,0.0751,22981.25
1786172400,0.0752,0.0754,0.075,0.0753,108063.27
1786176000,0.0753,0.0755,0.0753,0.0755,101492.68
1786179600,0.0755,0.0758,0.0753,0.0758,127081.01
1786183200,0.0757,0.0757,0.0754,0.0754,74577.66
1786186800,0.0754,0.0755,0.0753,0.0755,90163.48
1786190400,0.0755,0.0756,0.0753,0.0754,66140.24
1786194000,0.0754,0.0755,0.0754,0.0755,13199.66
1786197600,0.0755,0.0756,0.0754,0.0755,107381.76
1786201200,0.0755,0.0757,0.0755,0.0757,41990.73
1786204800,0.0756,0.0757,0.0755,0.0756,12184.43
1786208400,0.0756,0.0757,0.0755,0.0756,54990.98
1786212000,0.0757,0.0758,0.0756,0.0757,15704.68
1786215600,0.0757,0.0759,0.0757,0.0759,82530.6
1786219200,0.0759,0.0763,0.0759,0.0762,49350.9
1786222800,0.0763,0.0763,0.0761,0.0763,68163.76
1786226400,0.0763,0.0764,0.0761,0.0761,42824.55
1786230000,0.0761,0.0764,0.076,0.0763,17974.5
1786233600,0.0764,0.0766,0.0764,0.0766,75716.15
1786237200,0.0766,0.0767,0.0764,0.0767,39868.14
1786240800,0.0767,0.0767,0.0766,0.0767,66806.09
1786244400,0.0766,0.0767,0.0766,0.0767,65126.91
1786248000,0.0767,0.0768,0.0766,0.0767,68355.93
1786251600,0.0768,0.0774,0.0766,0.0774,217102.91
1786255200,0.0774,0.0781,0.0772,0.0775,498329.67
1786258800,0.0775,0.0778,0.0772,0.0777,139109.18
1786262400,0.0776,0.0779,0.0773,0.0777,28812.46
1786266000,0.0776,0.078,0.0776,0.078,50494.79
1786269600,0.0781,0.0781,0.0769,0.0769,164331.39
1786273200,0.0771,0.0773,0.0767,0.0767,124839.38
1786276800,0.0768,0.077,0.0768,0.0768,73758.6
1786280400,0.0769,0.0775,0.0767,0.0774,335360.35
1786284000,0.0773,0.0774,0.0771,0.0773,188650.41
1786287600,0.0773,0.0773,0.0771,0.0773,142591.37
1786291200,0.0773,0.0775,0.0772,0.0773,99568.43
1786294800,0.0773,0.0775,0.0773,0.0773,16099.57
1786298400,0.0773,0.0775,0.0772,0.0774,46407.42
1786302000,0.0774,0.0775,0.0773,0.0775,14963.65
1786305600,0.0774,0.0778,0.0774,0.0777,56210.92
1786309200,0.0777,0.0781,0.0777,0.078,99119.71
1786312800,0.078,0.0784,0.0779,0.0779,68187.86
1786316400,0.0778,0.0779,0.0775,0.0775,15619.55
1786320000,0.0777,0.0779,0.0772,0.0776,131262.34
1786323600,0.0777,0.0779,0.0775,0.0777,431490.84
1786327200,0.0777,0.0779,0.0776,0.0777,80264.06
1786330800,0.0777,0.0778,0.0771,0.0773,70650.29
1786334400,0.0773,0.0775,0.0772,0.0773,85486.35
1786338000,0.0772,0.0774,0.0772,0.0773,34844.84
1786341600,0.0773,0.0776,0.0771,0.0776,170448.76
1786345200,0.0776,0.0779,0.0775,0.0778,87501.4
1786348800,0.0779,0.0784,0.0779,0.0781,663492.43
1786352400,0.0781,0.0781,0.0777,0.0779,48457.36
1786356000,0.0779,0.0783,0.0778,0.078,56621.46
1786359600,0.0779,0.0786,0.0777,0.0786,237461.46
1786363200,0.0785,0.0785,0.0779,0.0779,156383.6
1786366800,0.0779,0.078,0.0769,0.0772,606643.96
1786370400,0.0772,0.0774,0.0766,0.0767,499341.06
1786374000,0.0766,0.0773,0.0765,0.0772,514126.47
1786377600,0.0774,0.0774,0.0769,0.0771,48661.41
1786381200,0.0771,0.0773,0.077,0.0772,34093.66
1786384800,0.0772,0.0772,0.077,0.0772,27087.4
1786388400,0.0771,0.0773,0.0771,0.0772,78217.09
1786392000,0.0772,0.0773,0.0771,0.0772,34979.2
1786395600,0.0773,0.0773,0.0769,0.077,50927.7
1786399200,0.0769,0.0769,0.0767,0.0769,55121.78
1786402800,0.0769,0.077,0.0762,0.0763,319365.92
1786406400,0.0763,0.0764,0.0763,0.0764,69639.51
1786410000,0.0763,0.0763,0.0761,0.0761,56926.47
1786413600,0.0761,0.0763,0.0759,0.076,51223.74
1786417200,0.076,0.076,0.0753,0.0755,190624
1786420800,0.0755,0.0756,0.0754,0.0756,45477.25
1786424400,0.0755,0.0758,0.0753,0.0755,124693.77
1786428000,0.0755,0.0758,0.0755,0.0758,40784.02
1786431600,0.0758,0.076,0.0756,0.0759,112033.12
1786435200,0.076,0.076,0.0758,0.0758,86492.01
1786438800,0.0759,0.0759,0.0757,0.0759,81613.12
1786442400,0.0759,0.0759,0.0756,0.0758,92639.21
1786446000,0.0758,0.0759,0.0756,0.0756,43527.22
1786449600,0.0757,0.0757,0.0754,0.0755,87226.05
1786453200,0.0755,0.0761,0.0755,0.0761,257287.12
1786456800,0.076,0.0763,0.0757,0.0763,348185.82
1786460400,0.0763,0.0768,0.0756,0.0761,151497.51
1786464000,0.0762,0.0762,0.0757,0.0759,77029.24
1786467600,0.0758,0.0759,0.0754,0.0755,168570.14
1786471200,0.0755,0.0757,0.0747,0.0747,431195.26
1786474800,0.0747,0.0752,0.0745,0.0749,175120.92
1786478400,0.075,0.0751,0.0747,0.0749,50330.48
1786482000,0.0748,0.075,0.0746,0.0749,117607.19
1786485600,0.0748,0.0749,0.0747,0.0747,59867.26
1786489200,0.0747,0.075,0.0747,0.0749,99357.81
1786492800,0.075,0.0753,0.075,0.0751,112287.26
1786496400,0.0751,0.0754,0.0751,0.0753,83388.54
1786500000,0.0753,0.0755,0.0753,0.0753,35580.57
1786503600,0.0754,0.0754,0.0752,0.0752,129102.57
1786507200,0.0753,0.0758,0.0752,0.0758,26451.22
1786510800,0.0758,0.0759,0.0758,0.0758,122466.02
1786514400,0.0758,0.0758,0.0753,0.0753,55161.93
1786518000,0.0754,0.0756,0.0752,0.0756,42639.6
1786521600,0.0757,0.0757,0.0752,0.0753,104326.48
1786525200,0.0753,0.0754,0.0752,0.0753,70650.59
1786528800,0.0753,0.0755,0.0752,0.0753,189185.8
1786532400,0.0753,0.0755,0.0751,0.0754,207912.8
1786536000,0.0754,0.0756,0.0752,0.0756,172440.31
1786539600,0.0755,0.0756,0.0745,0.0745,378483.88
1786543200,0.0743,0.0743,0.0736,0.0738,480606.8
1786546800,0.0737,0.0743,0.0735,0.0741,167679.15
1786550400,0.0741,0.0745,0.074,0.0744,131075.35
1786554000,0.0744,0.0748,0.0743,0.0747,483556.71
1786557600,0.0747,0.0749,0.0747,0.0748,269687.39
1786561200,0.0747,0.075,0.0746,0.075,135326.63
1786564800,0.075,0.075,0.07457,0.07463,69687.26
1786568400,0.07458,0.07473,0.07423,0.07439,920682.76
1786572000,0.07432,0.07454,0.07425,0.0744,47046.38
1786575600,0.07437,0.07449,0.07427,0.07445,22010.01
1786579200,0.07447,0.07469,0.07444,0.07459,54975.12
1786582800,0.07459,0.07476,0.07425,0.07425,27810.86
1786586400,0.07431,0.0744,0.0742,0.07435,20830.71
1786590000,0.07432,0.07452,0.07428,0.07438,63039.15
1786593600,0.07439,0.0744,0.07426,0.07426,71734.28
1786597200,0.07431,0.07441,0.07421,0.07426,137309.84
1786600800,0.07433,0.07434,0.07412,0.07434,163196.16
1786604400,0.07433,0.07452,0.07421,0.07449,279361.67
1786608000,0.0744,0.0746,0.07432,0.07452,186710.43
1786611600,0.07454,0.07456,0.0744,0.0744,62746.94
1786615200,0.0744,0.0744,0.07418,0.07434,211216.35
1786618800,0.07437,0.0744,0.07385,0.07387,234455.12
1786622400,0.07383,0.07417,0.0738,0.07397,371621.56
1786626000,0.07391,0.07402,0.07383,0.07386,98952.99
1786629600,0.07386,0.07422,0.07366,0.07369,1792076.04
1786633200,0.07372,0.07382,0.0733,0.0733,716763.45
1786636800,0.07329,0.0734,0.07266,0.07273,704479.73
1786640400,0.07266,0.073,0.07265,0.0727,132091.3
1786644000,0.0727,0.07308,0.07237,0.07308,499406.7
1786647600,0.07296,0.07296,0.07255,0.07255,224267.67
1786651200,0.07255,0.07304,0.07253,0.07304,156528.11
1786654800,0.0731,0.07331,0.07297,0.07331,16495.05
1786658400,0.07327,0.07352,0.07326,0.07349,21073.9
1786662000,0.07349,0.07389,0.07347,0.07389,151565.96
1786665600,0.07377,0.07396,0.07369,0.07369,179052.73
1786669200,0.07367,0.07398,0.07362,0.07387,231268.14
1786672800,0.07381,0.07389,0.07353,0.0736,135932.28
1786676400,0.07361,0.07364,0.07345,0.07355,99448.28
1786680000,0.07351,0.07371,0.07351,0.07354,57864.19
1786683600,0.07352,0.07359,0.07327,0.07327,37869.23
1786687200,0.07328,0.07328,0.07291,0.07291,99742.12
1786690800,0.07293,0.07327,0.07289,0.07314,147588.54
1786694400,0.07305,0.07313,0.07299,0.07304,70705.1
1786698000,0.07303,0.07303,0.0725,0.0725,191355.63
1786701600,0.07249,0.07291,0.07239,0.07285,210845.13
1786705200,0.07288,0.07381,0.07288,0.07381,485401.18
1786708800,0.07381,0.0744,0.07377,0.07416,252272.83
1786712400,0.07421,0.07439,0.074,0.07415,350611.05
1786716000,0.07416,0.07449,0.07406,0.0742,383243.66
1786719600,0.0742,0.07439,0.0741,0.07424,192782.38
1786723200,0.0742,0.0742,0.07348,0.074,556804.64
1786726800,0.07397,0.07427,0.07383,0.07399,1565992.22
1786730400,0.07402,0.07426,0.07393,0.07417,196588.35
1786734000,0.07414,0.07442,0.07409,0.07442,93881.91
1786737600,0.07442,0.07446,0.07432,0.07441,55131.56
1786741200,0.0745,0.07478,0.07446,0.07458,238230.32
1786744800,0.07461,0.07463,0.07448,0.07451,112781.25
1786748400,0.07454,0.07495,0.07454,0.07483,300509.5
1786752000,0.07483,0.07563,0.07483,0.07515,686277.59
1786755600,0.07517,0.07519,0.0749,0.07518,189214.65
1786759200,0.07518,0.07527,0.07504,0.07522,260612.43
1786762800,0.07521,0.07571,0.07521,0.07562,294782.61
1786766400,0.07559,0.07565,0.07544,0.07558,137277.5
1786770000,0.07558,0.07565,0.0754,0.07561,87139.09
1786773600,0.07564,0.07573,0.07522,0.07524,198146.39
1786777200,0.07521,0.07544,0.07503,0.07531,355481.75
1786780800,0.07525,0.07542,0.07519,0.07521,210256.64
1786784400,0.07524,0.07553,0.07503,0.07552,119733.72
1786788000,0.07557,0.07591,0.0754,0.07591,300267.52
1786791600,0.07583,0.07592,0.07545,0.07553,272523.83
1786795200,0.07558,0.07559,0.07502,0.07534,250882.93
1786798800,0.07529,0.07551,0.07526,0.07535,169673.05
1786802400,0.07537,0.07555,0.07522,0.07526,65065.7
1786806000,0.07521,0.07525,0.07511,0.07514,250378.31
1786809600,0.07515,0.07524,0.07506,0.07517,149050.92
1786813200,0.07517,0.0752,0.07504,0.07512,96496.2
1786816800,0.07516,0.07537,0.07516,0.07537,111784.87
1786820400,0.07547,0.07552,0.07536,0.07548,99974.35
1786824000,0.07552,0.07552,0.07532,0.07534,27652.65
1786827600,0.07537,0.07549,0.07537,0.07542,39811.63
1786831200,0.07542,0.0755,0.07542,0.07545,110605.08
1786834800,0.07552,0.07553,0.07518,0.0753,99805.92
1786838400,0.07531,0.07531,0.0751,0.07519,22322.54
1786842000,0.07516,0.0752,0.07482,0.07483,103551.54
1786845600,0.07481,0.07495,0.07475,0.07485,45970.23
1786849200,0.07484,0.07492,0.07476,0.07476,45888.91
1786852800,0.07477,0.07486,0.07475,0.07484,32470.23
1786856400,0.07486,0.0749,0.07456,0.07477,114540.41
1786860000,0.0747,0.07494,0.07468,0.07489,117417.2
1786863600,0.07482,0.0751,0.07482,0.07507,106752.35
1786867200,0.07509,0.0752,0.07502,0.0752,164650.6
1786870800,0.07519,0.07528,0.07512,0.07524,169169.95
1786874400,0.0752,0.07528,0.07515,0.07521,91339.88
1786878000,0.07517,0.07521,0.07501,0.07503,133227.37
1786881600,0.07501,0.07507,0.07495,0.07499,236543.29
1786885200,0.07499,0.07518,0.07494,0.07518,25953.61
1786888800,0.07518,0.07539,0.07512,0.07532,91020.47
1786892400,0.07537,0.07541,0.07525,0.0754,75813.73
1786896000,0.07538,0.07552,0.0752,0.0752,268631.38
1786899600,0.07524,0.07525,0.075,0.07513,386974.61
1786903200,0.07509,0.07512,0.0749,0.07495,152132.09
1786906800,0.07503,0.07514,0.07493,0.07514,37300.12
1786910400,0.07513,0.07519,0.07507,0.07507,144517.83
1786914000,0.07508,0.0751,0.07456,0.07463,315872.68
1786917600,0.07459,0.07499,0.07458,0.07499,168886.83
1786921200,0.07489,0.07492,0.07477,0.07481,308223.88
1786924800,0.07479,0.07485,0.07452,0.07477,1048378.47
1786928400,0.07477,0.07504,0.07477,0.07501,405125.78
1786932000,0.07501,0.07514,0.07476,0.075,383740.5
1786935600,0.07501,0.07503,0.07473,0.07499,126160.12
1786939200,0.07505,0.07518,0.07488,0.07518,99972.25
1786942800,0.07514,0.07515,0.07499,0.07503,60222.44
1786946400,0.07501,0.07535,0.07499,0.07518,73091.41
1786950000,0.07516,0.07572,0.07501,0.07568,335102.38
1786953600,0.07564,0.07573,0.07524,0.07569,237273.16
1786957200,0.0757,0.07589,0.07559,0.07589,307414.88
1786960800,0.07584,0.07712,0.07553,0.07666,2614137.5
1786964400,0.07666,0.07725,0.07633,0.07695,778062.22
1786968000,0.07697,0.07861,0.07697,0.07819,2446936.68
1786971600,0.07818,0.07853,0.07794,0.07809,805648.31
1786975200,0.07801,0.07815,0.07774,0.07807,632734.27
1786978800,0.07801,0.0782,0.07745,0.07788,405468.48
1786982400,0.0779,0.07815,0.07764,0.07779,245088.4
1786986000,0.07779,0.07915,0.07779,0.07912,2074264.97
1786989600,0.07913,0.08484,0.07854,0.08305,5225040.68
1786993200,0.08311,0.0833,0.07985,0.07997,1397843.32
1786996800,0.08,0.08053,0.07969,0.08046,902637.38
1787000400,0.08052,0.08052,0.07986,0.07994,376101.98
1787004000,0.07993,0.08029,0.07958,0.08011,1116998.87
1787007600,0.08,0.08021,0.07969,0.07974,603535.52
1787011200,0.07982,0.08075,0.07963,0.08056,762827.29
1787014800,0.08056,0.0806,0.07934,0.07978,512785.82
1787018400,0.07973,0.07985,0.0788,0.07925,684678.2
1787022000,0.07919,0.07967,0.07846,0.07919,581032.85
1787025600,0.07917,0.07956,0.07886,0.07938,409818.43
1787029200,0.07935,0.07986,0.07908,0.07921,446539.06
1787032800,0.0792,0.07964,0.07917,0.07942,348341.97
1787036400,0.07946,0.07992,0.07919,0.07968,317420.75
1787040000,0.07952,0.08038,0.07924,0.07995,410361.4
1787043600,0.07996,0.08092,0.07971,0.08092,794442.55
1787047200,0.08091,0.08187,0.08052,0.08052,888431.16
1787050800,0.08061,0.0808,0.08032,0.08038,597882.05
1787054400,0.0804,0.08166,0.08019,0.08118,952115
1787058000,0.08117,0.08159,0.08097,0.08159,690978.49
1787061600,0.08162,0.08219,0.08146,0.082,828925.69
1787065200,0.08203,0.08207,0.08092,0.08159,574435.5
1787068800,0.08151,0.08243,0.08134,0.08243,593805.59
1787072400,0.0824,0.08282,0.08106,0.08262,1417262.07
1787076000,0.08259,0.0833,0.08203,0.08229,1390141.83
1787079600,0.0823,0.08233,0.08196,0.082,239293.1
1787083200,0.08206,0.08243,0.08153,0.08174,237017.66
1787086800,0.0817,0.0822,0.08163,0.08169,187616.46
1787090400,0.08168,0.08176,0.08146,0.08176,189214.01
1787094000,0.08177,0.08195,0.08172,0.08191,208172.65
1787097600,0.08194,0.08228,0.08166,0.08213,533277.79
1787101200,0.08225,0.08243,0.08214,0.08229,193248.62
1787104800,0.08228,0.08265,0.08169,0.08192,446400.75
1787108400,0.08198,0.08219,0.0816,0.08218,345282.13
1787112000,0.08218,0.08241,0.082,0.08231,100073.88
1787115600,0.08231,0.08247,0.08192,0.08192,242821.05
1787119200,0.08192,0.08235,0.08192,0.082,295099.79
1787122800,0.08201,0.0824,0.08171,0.08173,287649.16
1787126400,0.08171,0.08186,0.0815,0.0815,311791.72
1787130000,0.08154,0.08172,0.08116,0.08135,321997.52
1787133600,0.08135,0.08167,0.08081,0.08145,797653.92
1787137200,0.08139,0.0815,0.08074,0.08076,570540.57
1787140800,0.08076,0.08232,0.08066,0.08196,544886.96
1787144400,0.08216,0.08216,0.08138,0.08143,593304.1
1787148000,0.08143,0.08165,0.08072,0.08141,559891.31
1787151600,0.08138,0.08286,0.0813,0.0815,1383007.93
1787155200,0.08148,0.08151,0.08101,0.0812,897317.53
1787158800,0.08119,0.08122,0.08047,0.08053,564211.57
1787162400,0.08064,0.08084,0.08057,0.08059,287254.09
1787166000,0.08066,0.08089,0.08054,0.08087,495730.18
1787169600,0.08086,0.08198,0.08082,0.08165,692050.01
1787173200,0.0817,0.08267,0.08148,0.08211,1822670.62
1787176800,0.08209,0.08214,0.08153,0.08173,751497.09
1787180400,0.08158,0.0818,0.08139,0.08166,462494.26
1787184000,0.08164,0.08236,0.08156,0.08207,546028.36
1787187600,0.08198,0.08202,0.08142,0.08165,253920.94
1787191200,0.08172,0.08186,0.0812,0.0812,371784.94
1787194800,0.08115,0.08122,0.08085,0.08094,574027.63
1787198400,0.08092,0.08143,0.08091,0.08134,1847621.81
1787202000,0.08132,0.08177,0.08121,0.08149,1043655.24
1787205600,0.0815,0.08154,0.08132,0.08148,309160.91
1787209200,0.08152,0.08172,0.08097,0.08123,956918.54
1787212800,0.08125,0.08243,0.08115,0.0819,1079021.26
1787216400,0.08191,0.08212,0.08162,0.08175,1050720.92
1787220000,0.08173,0.08259,0.08146,0.08229,751271.45
1787223600,0.08227,0.08235,0.08167,0.08176,489524.25
1787227200,0.08173,0.08222,0.08128,0.08192,1111432.8
1787230800,0.0819,0.08221,0.08138,0.08163,1041469.45
1787234400,0.0816,0.08253,0.08132,0.08164,2497182.98
1787238000,0.08162,0.08279,0.08162,0.08223,1833784.29
1787241600,0.08222,0.08274,0.08203,0.08248,422795.03
1787245200,0.08247,0.08285,0.0796,0.08158,2137531.56
1787248800,0.08176,0.08177,0.08058,0.0812,951454.5
1787252400,0.08117,0.08152,0.07999,0.08088,1150182
1787256000,0.08089,0.08143,0.08089,0.08138,463339.03
1787259600,0.08135,0.08136,0.08056,0.08078,1606700.82
1787263200,0.08074,0.08076,0.08045,0.08063,289121.34
1787266800,0.08058,0.08125,0.08058,0.08118,908199.58
1787270400,0.08115,0.08115,0.0806,0.0806,573436.14
1787274000,0.08062,0.08129,0.08062,0.08116,999533.91
1787277600,0.08113,0.08144,0.08096,0.08135,581741.97
1787281200,0.08134,0.0836,0.08103,0.08273,2346217.45
1787284800,0.08278,0.08419,0.08275,0.08404,1342606.06
1787288400,0.084,0.08498,0.08383,0.08432,1858381.94
1787292000,0.0843,0.08797,0.0843,0.0876,3752147.95
1787295600,0.08759,0.09215,0.08656,0.08838,5617546.06
1787299200,0.08836,0.08928,0.0877,0.08922,1049516.51
1787302800,0.08915,0.09057,0.08734,0.09022,2649025.37
1787306400,0.0902,0.09292,0.08982,0.09262,2198712.63
1787310000,0.09256,0.09297,0.09064,0.09088,1960552.47
1787313600,0.0909,0.09091,0.08745,0.0884,4211732.12
1787317200,0.08844,0.08935,0.08739,0.08831,2232103.71
1787320800,0.08836,0.08988,0.08808,0.08984,1152729.4
1787324400,0.08976,0.09062,0.08949,0.08956,1254632.43
1787328000,0.08954,0.08974,0.0884,0.0891,1510220.34
1787331600,0.08911,0.08925,0.08842,0.08889,982689.09
1787335200,0.08886,0.08942,0.08812,0.08881,881022.02
1787338800,0.0888,0.08963,0.08836,0.08937,867475.34
1787342400,0.08938,0.09042,0.08935,0.09028,534703.22
1787346000,0.09022,0.0925,0.09011,0.09241,1590676.18
1787349600,0.09242,0.09451,0.0924,0.09451,2918243.16
1787353200,0.09452,0.0958,0.09448,0.0951,2213262.23
1787356800,0.09512,0.09568,0.09426,0.09562,1651614.36
1787360400,0.09564,0.09682,0.09512,0.09544,1326297.34
1787364000,0.09544,0.09972,0.09509,0.09907,3205492.03
1787367600,0.09912,0.10564,0.09843,0.10505,9342525.9
1787371200,0.10508,0.11122,0.10475,0.11088,5386760.89
1787374800,0.11087,0.11156,0.09952,0.10765,14922618.72
1787378400,0.10772,0.11422,0.10513,0.11238,9549787.68
1787382000,0.11248,0.11502,0.10849,0.11325,8201601.97
1787385600,0.11332,0.12133,0.11076,0.1189,11286061.06
1787389200,0.11888,0.1192,0.1092,0.11317,7713225.76
1787392800,0.11308,0.11308,0.10252,0.11028,7547520.19
1787396400,0.1104,0.11266,0.11004,0.1118,3540746.87
1787400000,0.11174,0.11195,0.10644,0.10681,6154212.63
1787403600,0.10686,0.1082,0.10572,0.10798,1957064.11
1787407200,0.10788,0.10912,0.10651,0.1076,3180015.4
1787410800,0.10756,0.11094,0.10735,0.11011,4936422.04
1787414400,0.11018,0.11256,0.1096,0.11098,5912304
1787418000,0.11098,0.11184,0.10928,0.1096,1897462.65
1787421600,0.10967,0.10979,0.10792,0.10834,1469894.42
1787425200,0.10828,0.10831,0.10648,0.10705,1547685.39
1787428800,0.10704,0.10872,0.1066,0.10712,1107644.23
1787432400,0.10708,0.10715,0.10435,0.10556,1226198.89
1787436000,0.1056,0.10598,0.10417,0.10517,1365572.32
1787439600,0.1052,0.10864,0.10394,0.10706,2435666.85
1787443200,0.10716,0.10799,0.1058,0.10715,1480874.61
1787446800,0.10708,0.10736,0.10467,0.10476,1018458.36
1787450400,0.10475,0.10484,0.10328,0.10372,1966989.72
1787454000,0.10378,0.10387,0.10156,0.10297,1589760.08
1787457600,0.10304,0.10333,0.10136,0.10147,1052909.51
1787461200,0.10143,0.10353,0.1012,0.10306,1407696.53
1787464800,0.10304,0.10436,0.10292,0.1041,549337.3
1787468400,0.10416,0.1055,0.1039,0.10432,1874976.89
1787472000,0.10431,0.10673,0.10428,0.10587,1301242.08
1787475600,0.106,0.10784,0.10597,0.10778,776267.39
1787479200,0.10787,0.10832,0.1071,0.10726,462654.64
1787482800,0.10728,0.1085,0.10728,0.10813,922803.66
1787486400,0.10821,0.10823,0.10639,0.10696,720053.03
1787490000,0.10688,0.10769,0.10665,0.10732,681053.84
1787493600,0.10732,0.10883,0.1058,0.10781,969605.25
1787497200,0.10777,0.10869,0.10728,0.10744,534953.44
1787500800,0.10748,0.10756,0.10656,0.10693,559671.56
1787504400,0.10692,0.10764,0.10572,0.10573,656233.65
1787508000,0.10572,0.10732,0.10535,0.10688,392230.14
1787511600,0.10692,0.10892,0.1068,0.10865,370692.74
1787515200,0.10875,0.10879,0.10806,0.10856,436211.11
1787518800,0.10856,0.10984,0.10796,0.10932,782604.61
1787522400,0.10924,0.1098,0.10848,0.10907,760684.85
1787526000,0.10904,0.1098,0.10796,0.10924,665629.97
1787529600,0.10922,0.10924,0.10709,0.10751,896989.8
1787533200,0.10751,0.10768,0.1054,0.10551,693139.76
1787536800,0.10541,0.10598,0.10488,0.10567,767681.66
1787540400,0.10566,0.10776,0.10464,0.10673,538399.05
1787544000,0.10678,0.10736,0.10607,0.10658,473790.76
1787547600,0.10657,0.10984,0.10636,0.10981,960458.05
1787551200,0.10982,0.1101,0.10636,0.10884,2080997.95
1787554800,0.10882,0.11004,0.10627,0.10964,2235576.99
1787558400,0.1096,0.11153,0.10865,0.10964,3572204.15
1787562000,0.10967,0.11483,0.10951,0.11409,2387121.99
1787565600,0.11409,0.11551,0.11329,0.11541,1390093.31
1787569200,0.11541,0.11731,0.11156,0.11694,3303065.47
1787572800,0.117,0.11783,0.11424,0.11634,3974561.28
1787576400,0.11627,0.11656,0.11337,0.11483,2327743.66
1787580000,0.11477,0.11749,0.1144,0.11738,1180375.45
1787583600,0.11732,0.11799,0.1141,0.11736,1703562.35
1787587200,0.11729,0.11804,0.11624,0.11778,1973959.79
1787590800,0.11773,0.11784,0.11508,0.11679,2267640.61
1787594400,0.11682,0.11711,0.11388,0.11452,1437208.22
1787598000,0.11456,0.11506,0.11358,0.11404,1300934.84
1787601600,0.11405,0.11508,0.11373,0.11426,813841.33
1787605200,0.11428,0.11551,0.11258,0.11283,589869.09
1787608800,0.11283,0.1137,0.11213,0.11355,524868.47
1787612400,0.11362,0.11676,0.11261,0.1164,460683.54
1787616000,0.11632,0.11671,0.11493,0.11607,921811.09
1787619600,0.11608,0.11628,0.11504,0.1152,970329.06
1787623200,0.11521,0.11596,0.11449,0.11488,1000121.14
1787626800,0.11485,0.11796,0.11469,0.1178,643096.64
1787630400,0.11776,0.11776,0.11588,0.11675,604691.01
1787634000,0.11675,0.11999,0.11615,0.11998,2060890.25
1787637600,0.11999,0.12252,0.11977,0.12019,4339982.61
1787641200,0.12018,0.12318,0.1199,0.12208,4142482.45
1787644800,0.12205,0.12376,0.12097,0.12211,1750682.64
1787648400,0.12211,0.12276,0.11951,0.12074,1202923.39
1787652000,0.12064,0.12064,0.11844,0.12036,599290.96
1787655600,0.12039,0.1234,0.11711,0.12331,1961541.51
1787659200,0.12336,0.1238,0.1211,0.12314,2477591.57
1787662800,0.12302,0.12376,0.11896,0.12084,1674313.08
1787666400,0.12096,0.12108,0.11794,0.11819,707173.17
1787670000,0.11816,0.1246,0.11774,0.12459,1673695.21
1787673600,0.12464,0.12831,0.12257,0.12577,4520738.64
1787677200,0.12584,0.12679,0.11818,0.12158,3412512.15
1787680800,0.1216,0.12167,0.11667,0.12041,1767034.75
1787684400,0.12038,0.12381,0.12035,0.12378,1080381.81
1787688000,0.12378,0.12424,0.1207,0.12109,6734047.97
1787691600,0.12114,0.12311,0.11983,0.12251,858751.23
1787695200,0.12248,0.12305,0.12184,0.12236,883959.88
1787698800,0.12233,0.1228,0.12103,0.12248,942017.04
1787702400,0.12243,0.1225,0.12041,0.12238,810463.03
1787706000,0.12236,0.12308,0.12193,0.12273,702978.34
1787709600,0.12279,0.1247,0.12279,0.12332,894054.08
1787713200,0.1233,0.1234,0.12112,0.12118,825812
1787716800,0.1212,0.12261,0.12107,0.12161,855699.92
1787720400,0.12155,0.12191,0.1211,0.12143,438045.67
1787724000,0.12139,0.12207,0.11994,0.12087,695086.52
1787727600,0.12087,0.1236,0.12037,0.12274,833522.37
1787731200,0.12256,0.12269,0.11948,0.11967,1117186.4
1787734800,0.11966,0.12009,0.11842,0.11887,975284.75
1787738400,0.11887,0.11981,0.11765,0.11902,991805.04
1787742000,0.11902,0.1217,0.11694,0.12163,1290744.38
1787745600,0.1217,0.12181,0.1176,0.11767,1072215.73
1787749200,0.11764,0.11775,0.11468,0.11538,896600.38
1787752800,0.1151,0.1151,0.1121,0.11233,1320351.63
1787756400,0.11245,0.11338,0.1118,0.1122,1586149.41
1787760000,0.11211,0.11216,0.10964,0.10996,1485400.7
1787763600,0.11008,0.11144,0.10803,0.10836,1620571.33
1787767200,0.10833,0.10969,0.1083,0.10896,721218.79
1787770800,0.10898,0.10951,0.10774,0.10782,616769.32
1787774400,0.10785,0.1079,0.10656,0.10704,930709.45
1787778000,0.10704,0.10837,0.10683,0.10775,1545657.9
1787781600,0.10773,0.10872,0.10701,0.10763,837465.97
1787785200,0.10763,0.11142,0.10657,0.11119,1832709.22
1787788800,0.11096,0.11096,0.10751,0.10761,1528511.72
1787792400,0.10761,0.10776,0.10543,0.10559,977136.41
1787796000,0.10567,0.10632,0.10544,0.10629,489968.68
1787799600,0.10631,0.10664,0.10477,0.10489,544128.29
1787803200,0.1048,0.10593,0.10479,0.10576,482026.72
1787806800,0.10576,0.1059,0.10513,0.10575,225950.19
1787810400,0.10575,0.10721,0.10452,0.10656,843040.72
1787814000,0.1064,0.10745,0.10592,0.10713,921429.8
1787817600,0.1071,0.11123,0.10697,0.10891,2154060.63
1787821200,0.10894,0.10999,0.10813,0.10856,959439.34
1787824800,0.10864,0.10999,0.10701,0.10737,1055904.74
1787828400,0.10736,0.10791,0.10589,0.10632,997730.38
1787832000,0.10643,0.1077,0.10572,0.10651,520124.81
1787835600,0.1066,0.10836,0.10656,0.10834,541924.3
1787839200,0.10827,0.10922,0.10733,0.10745,457770.87
1787842800,0.10748,0.10843,0.1074,0.10752,622787.47
1787846400,0.10743,0.10792,0.10705,0.10722,399561.51
1787850000,0.10722,0.1088,0.10701,0.10811,1395039.45
1787853600,0.10815,0.10818,0.1069,0.10746,1069759.04
1787857200,0.1075,0.10857,0.10708,0.10806,687872.74
1787860800,0.10806,0.10874,0.1078,0.10863,311886.89
1787864400,0.10856,0.10909,0.10721,0.10753,207835.67
1787868000,0.10754,0.10836,0.10738,0.10756,330121.28
1787871600,0.10758,0.10803,0.10743,0.1079,106045.78
1787875200,0.10791,0.10958,0.1078,0.10926,374898.49
1787878800,0.10927,0.11053,0.10899,0.10977,1016557.84
1787882400,0.10974,0.10974,0.1076,0.10797,341043.3
1787886000,0.10795,0.10824,0.10705,0.10729,400532.44
1787889600,0.10731,0.10741,0.10613,0.10637,523301.07
1787893200,0.10632,0.1064,0.10582,0.10596,287588.87
1787896800,0.10604,0.10751,0.10604,0.10719,252363.37
1787900400,0.10716,0.10729,0.10673,0.10675,241285.04
1787904000,0.10679,0.108,0.10679,0.10749,331266.62
1787907600,0.10749,0.10799,0.10703,0.1072,367980.21
1787911200,0.10719,0.10772,0.1064,0.10772,360696.57
1787914800,0.10773,0.10854,0.10735,0.10763,471546.1
1787918400,0.10755,0.11005,0.10755,0.10846,2762456.06
1787922000,0.10852,0.10879,0.10735,0.10827,2182703.52
1787925600,0.10831,0.10889,0.1068,0.10777,1333182.04
1787929200,0.1078,0.1083,0.10679,0.10679,472963.02
1787932800,0.10689,0.10753,0.10534,0.10706,1149810.69
1787936400,0.10706,0.10887,0.1069,0.10838,531948.1
1787940000,0.10832,0.10842,0.10651,0.10698,901939.43
1787943600,0.10697,0.10774,0.10692,0.10718,508704.2
1787947200,0.10718,0.1078,0.10688,0.10762,221662.97
1787950800,0.10767,0.108,0.1068,0.1069,215787.3
1787954400,0.107,0.10783,0.10693,0.10763,75045.01
1787958000,0.10762,0.1082,0.1075,0.10815,89624
1787961600,0.10812,0.10922,0.10684,0.10693,698067.86
1787965200,0.10693,0.10693,0.10586,0.10637,485955.37
1787968800,0.1063,0.10685,0.10606,0.1066,220743.43
1787972400,0.1066,0.10698,0.10621,0.10621,391656.28
1787976000,0.10622,0.1063,0.10596,0.10618,158584.35
1787979600,0.10622,0.10682,0.10622,0.10664,376576.86
1787983200,0.10658,0.10658,0.10534,0.10553,699332.04
1787986800,0.10548,0.10559,0.1053,0.10542,201068.93
1787990400,0.10543,0.10558,0.10512,0.10542,223837.13
1787994000,0.10547,0.10571,0.10528,0.10528,284920.03
1787997600,0.10521,0.10549,0.105,0.10521,140659.26
1788001200,0.10521,0.10543,0.10471,0.10517,203273.22
1788004800,0.10504,0.10535,0.10475,0.1048,181191.03
1788008400,0.10476,0.10523,0.10409,0.10506,596724.79
1788012000,0.10495,0.10541,0.10473,0.10515,382045.11
1788015600,0.10512,0.10517,0.10482,0.10484,101208.81
1788019200,0.1048,0.10501,0.10412,0.10429,278787.05
1788022800,0.10431,0.10465,0.10376,0.10386,439943.27
1788026400,0.10389,0.10396,0.1028,0.1028,620238.52
1788030000,0.10273,0.10305,0.10232,0.10249,352129.58
1788033600,0.10248,0.10248,0.10141,0.10167,281655
1788037200,0.10175,0.10263,0.101,0.10139,571012.26
1788040800,0.10139,0.10187,0.10137,0.10179,146943.58
1788044400,0.10182,0.10721,0.10167,0.10705,2203107.83
1788048000,0.10694,0.10697,0.105,0.10585,441955.39
1788051600,0.106,0.106,0.10424,0.10443,208186.95
1788055200,0.10444,0.10508,0.10426,0.1043,216096.42
1788058800,0.10433,0.10441,0.10403,0.10409,236121.05
1788062400,0.10407,0.10411,0.10325,0.10345,620494.34
1788066000,0.10345,0.10383,0.10325,0.10363,203077.67
1788069600,0.10362,0.1038,0.10332,0.10372,143045.44
1788073200,0.10371,0.10371,0.10292,0.103,225568.6
1788076800,0.10293,0.10417,0.10236,0.10417,330733.29
1788080400,0.10424,0.10444,0.10271,0.10336,777091.65
1788084000,0.10336,0.10463,0.10336,0.10412,116649.22
1788087600,0.10415,0.10474,0.10368,0.10474,302973.26
1788091200,0.1048,0.10547,0.1025,0.10539,786023.81
1788094800,0.10546,0.1061,0.10286,0.10303,962073.96
1788098400,0.10297,0.10339,0.10268,0.10296,529275.1
1788102000,0.10287,0.10298,0.10201,0.10214,337302.29
1788105600,0.10214,0.10259,0.10148,0.10172,538957.25
1788109200,0.10166,0.10166,0.09828,0.09869,2668921.08
1788112800,0.09865,0.1005,0.09842,0.10025,810386.45
1788116400,0.10032,0.1004,0.09952,0.09974,184950.22
1788120000,0.09981,0.10051,0.09927,0.09956,383102.65
1788123600,0.09952,0.09975,0.09886,0.09922,283442.61
1788127200,0.0992,0.09945,0.09858,0.09882,378368.63
1788130800,0.09872,0.09872,0.09632,0.09723,818620.93
1788134400,0.09712,0.09744,0.09642,0.09679,367494.37
1788138000,0.09676,0.09682,0.09541,0.09541,565999.88
1788141600,0.09538,0.09629,0.09483,0.09506,689570.86
1788145200,0.09504,0.09615,0.09488,0.09559,1091675.71
1788148800,0.09556,0.09556,0.09423,0.09475,643300.8
1788152400,0.09473,0.09632,0.09463,0.09577,420352.71
1788156000,0.09572,0.09597,0.09452,0.09489,301742.71
1788159600,0.09494,0.09528,0.09409,0.09448,379250.21
1788163200,0.09436,0.09464,0.09361,0.09397,425998.29
1788166800,0.09401,0.096,0.09401,0.09459,1003117.92
1788170400,0.0944,0.0944,0.09271,0.09271,931845
1788174000,0.09276,0.093,0.08934,0.08953,3161331.5
1788177600,0.08946,0.09014,0.08879,0.08997,2083005.07
1788181200,0.08994,0.09046,0.08824,0.08857,1109050.58
1788184800,0.0885,0.08859,0.08642,0.0876,2018751.72
1788188400,0.08752,0.09083,0.08675,0.09016,3642992.7
1788192000,0.0902,0.09056,0.08976,0.08989,813348.5
1788195600,0.08989,0.091,0.08988,0.09073,1702375.97
1788199200,0.09071,0.0915,0.09041,0.09099,635724.8
1788202800,0.09095,0.09113,0.08992,0.09037,216403.21
1788206400,0.0903,0.09148,0.09008,0.09063,1039313.15
1788210000,0.09067,0.09209,0.09017,0.0906,359011.64
1788213600,0.09068,0.09086,0.08998,0.09027,218092.88
1788217200,0.09027,0.09078,0.09012,0.0906,160900.17
1788220800,0.0906,0.0915,0.09032,0.0915,185231.49
1788224400,0.0915,0.09279,0.09098,0.09151,1083379.44
1788228000,0.09149,0.09173,0.09091,0.09164,237049.64
1788231600,0.09176,0.0928,0.09176,0.09186,341542.58
1788235200,0.09189,0.09368,0.09184,0.093,758938.06
1788238800,0.09304,0.09331,0.09257,0.0928,631720.54
1788242400,0.09284,0.09289,0.09181,0.09181,639609.7
1788246000,0.09198,0.09245,0.09168,0.09181,241013.58
1788249600,0.09181,0.09227,0.09084,0.09088,237855.69
1788253200,0.09087,0.09239,0.09049,0.09201,376922.51
1788256800,0.09198,0.09299,0.0912,0.09266,466520.03
1788260400,0.0926,0.09357,0.09245,0.09326,206164.71
1788264000,0.09332,0.09365,0.0902,0.09041,261187.37
1788267600,0.09035,0.09111,0.08974,0.09071,312093.2
1788271200,0.09079,0.09186,0.09079,0.0912,310949.4
1788274800,0.09132,0.09201,0.09079,0.09189,242919.31
1788278400,0.09189,0.09235,0.09173,0.09193,138780.54
1788282000,0.092,0.09215,0.091,0.09124,137203.7
1788285600,0.09128,0.0913,0.09017,0.09108,1354872.41
1788289200,0.09115,0.09137,0.08998,0.09034,335984.89
1788292800,0.09039,0.09049,0.08934,0.08966,604795.08
1788296400,0.08976,0.08976,0.08821,0.08923,361961.5
1788300000,0.08928,0.08971,0.08925,0.08959,98470.33
1788303600,0.08958,0.09036,0.08928,0.09016,439238.92
1788307200,0.09015,0.09031,0.08992,0.09002,137853.07
1788310800,0.09002,0.09045,0.08919,0.08937,514775.92
1788314400,0.08937,0.09069,0.089,0.09023,494431.78
1788318000,0.09021,0.09056,0.09002,0.09007,151721.44
1788321600,0.09,0.09033,0.08977,0.09026,141128.75
1788325200,0.09023,0.09055,0.09001,0.09008,231816.52
1788328800,0.09004,0.09033,0.08959,0.09013,196218.75
1788332400,0.09014,0.09037,0.08983,0.09011,97220.82
1788336000,0.0901,0.09083,0.0901,0.09047,127686.53
1788339600,0.09048,0.09122,0.09038,0.09103,112205.16
1788343200,0.09113,0.0914,0.09052,0.09093,194300.49
1788346800,0.09087,0.09241,0.09068,0.09202,342546.26
1788350400,0.09201,0.09206,0.09016,0.09055,275804.44
1788354000,0.09055,0.09134,0.09035,0.09094,283257.76
1788357600,0.09104,0.09147,0.09053,0.09058,396896.53
1788361200,0.09048,0.09127,0.09046,0.09118,183377.75
1788364800,0.09117,0.09141,0.09036,0.09064,660985.03
1788368400,0.09063,0.0919,0.09048,0.09187,356295.18
1788372000,0.09192,0.092,0.09096,0.09114,89774.41
1788375600,0.09112,0.09141,0.09073,0.09108,547577.37
1788379200,0.09107,0.09169,0.09107,0.09138,370853.73
1788382800,0.09133,0.09213,0.0911,0.09189,249826.32
1788386400,0.09209,0.09247,0.09138,0.09199,481984.8
1788390000,0.09202,0.09263,0.09184,0.09249,413923.34
1788393600,0.09247,0.09276,0.09176,0.09178,320189.28
1788397200,0.09178,0.09284,0.09152,0.09225,264041.14
1788400800,0.09225,0.09302,0.09225,0.09291,242805.82
1788404400,0.09299,0.09339,0.09259,0.0932,289319.5
1788408000,0.09319,0.09344,0.09259,0.09296,335692.98
1788411600,0.09297,0.09415,0.09264,0.09374,436220.16
1788415200,0.09368,0.09368,0.09289,0.09289,161541.61
1788418800,0.09304,0.09374,0.09298,0.09336,241791.32
1788422400,0.09338,0.0943,0.093,0.09344,480372.1
1788426000,0.09338,0.09369,0.09246,0.09262,510044.32
1788429600,0.0926,0.09291,0.0913,0.09162,741710.03
1788433200,0.09192,0.09294,0.0919,0.09219,312704.45
1788436800,0.09223,0.09332,0.09216,0.09304,374360.61
1788440400,0.093,0.09349,0.0927,0.09317,416405.78
1788444000,0.09317,0.09486,0.09302,0.09485,425912.12
1788447600,0.09485,0.09584,0.09449,0.09582,1154485.66
1788451200,0.09578,0.09578,0.09405,0.09508,667524.47
1788454800,0.09502,0.09519,0.09455,0.09462,194326.01
1788458400,0.09469,0.09519,0.09458,0.09477,272125.74
1788462000,0.09474,0.09484,0.09416,0.09457,201593.16
1788465600,0.09457,0.09487,0.09448,0.09481,55812.32
1788469200,0.09481,0.09536,0.09468,0.09491,367199.37
1788472800,0.09477,0.0948,0.09376,0.09407,89666.14
1788476400,0.09416,0.09461,0.09408,0.09434,354740.4
1788480000,0.09433,0.09523,0.09417,0.09447,324654.77
1788483600,0.09433,0.09471,0.09383,0.0947,108786.53
1788487200,0.09449,0.09457,0.09421,0.09452,77523.08
1788490800,0.09452,0.09461,0.0939,0.0939,72260.53
1788494400,0.09398,0.09448,0.09356,0.09358,206451.22
1788498000,0.09354,0.09464,0.09346,0.0938,644194.61
1788501600,0.09368,0.09562,0.09354,0.09512,975164.39
1788505200,0.09519,0.09528,0.09424,0.09479,221526.1
1788508800,0.09464,0.09575,0.09464,0.0956,124418.85
1788512400,0.09559,0.09597,0.09381,0.09458,1256379.88
1788516000,0.09451,0.09461,0.09346,0.09376,402788.22
1788519600,0.09378,0.09576,0.09365,0.09552,303638.13
1788523200,0.0956,0.0956,0.09216,0.09265,1293047.81
1788526800,0.09264,0.09273,0.09183,0.09257,1325800.08
1788530400,0.09255,0.09262,0.0909,0.09148,930949.39
1788534000,0.09144,0.09238,0.09139,0.09214,356651.75
1788537600,0.09212,0.0929,0.09185,0.09259,152881.61
1788541200,0.0926,0.09269,0.09201,0.09242,175653.04
1788544800,0.09253,0.09304,0.09241,0.093,252072.72
1788548400,0.093,0.09338,0.09293,0.0932,126090.27
1788552000,0.09332,0.09347,0.09282,0.09282,176981.64
1788555600,0.09282,0.09315,0.09267,0.09285,43557.44
1788559200,0.09285,0.09296,0.09255,0.09255,57735.82
1788562800,0.09256,0.09293,0.09249,0.09293,57762.03
1788566400,0.09289,0.09312,0.09262,0.09291,144446.03
1788570000,0.09306,0.09414,0.09306,0.09412,213015.86
1788573600,0.09413,0.0944,0.09393,0.09426,173633.15
1788577200,0.09415,0.0945,0.09387,0.0945,410250.01
1788580800,0.09458,0.09475,0.09406,0.09438,191685.01
1788584400,0.0944,0.0944,0.09379,0.0942,88898.24
1788588000,0.0941,0.09521,0.0941,0.09519,230341.25
1788591600,0.09513,0.09548,0.0951,0.09548,169437.34
1788595200,0.09523,0.09549,0.09435,0.09452,125776.58
1788598800,0.09457,0.09474,0.0943,0.09454,81737
1788602400,0.0946,0.09466,0.09432,0.09449,118002.6
1788606000,0.09452,0.09474,0.09435,0.09457,188424.58
1788609600,0.09458,0.09545,0.09455,0.09539,301695.82
1788613200,0.09535,0.09542,0.09458,0.09476,206337.61
1788616800,0.09472,0.09543,0.09472,0.09541,422854.42
1788620400,0.09533,0.09558,0.09508,0.09524,187060.15
1788624000,0.09534,0.0956,0.09508,0.09532,207509.62
1788627600,0.09542,0.09579,0.09484,0.09514,281187.55
1788631200,0.09515,0.09519,0.09459,0.09494,273961.7
1788634800,0.09501,0.09596,0.09494,0.09561,369379.83
1788638400,0.09573,0.0968,0.09569,0.0961,473299.37
1788642000,0.09616,0.097,0.0955,0.09694,194762.75
1788645600,0.09691,0.0975,0.09584,0.09699,808978.31
1788649200,0.09698,0.09855,0.09698,0.09791,1219117.46
1788652800,0.09788,0.09907,0.09764,0.09907,570883.73
1788656400,0.09907,0.09957,0.09822,0.09845,671677.67
1788660000,0.09841,0.09915,0.09804,0.099,215457.38
1788663600,0.09889,0.10016,0.0981,0.09999,928675.09
1788667200,0.09995,0.10033,0.09878,0.09919,757074.92
1788670800,0.09931,0.09932,0.09805,0.09834,321805.05
1788674400,0.09837,0.09874,0.09759,0.09847,154329.89
1788678000,0.09866,0.09948,0.09798,0.09943,282499.76
1788681600,0.09936,0.09989,0.0981,0.09811,292173.58
1788685200,0.09805,0.09851,0.09488,0.09646,973453.77
1788688800,0.09653,0.09718,0.09638,0.0971,253875.62
1788692400,0.09723,0.09777,0.09703,0.09761,203263.8
1788696000,0.09757,0.09761,0.0971,0.09714,180343.65
1788699600,0.09721,0.09752,0.09678,0.09718,71763.07
1788703200,0.09692,0.09712,0.09586,0.09658,412290.88
1788706800,0.09647,0.0973,0.09634,0.09715,199888.09
1788710400,0.09716,0.09717,0.09657,0.09692,99954.84
1788714000,0.09676,0.09717,0.09645,0.09708,258135.67
1788717600,0.09712,0.09738,0.09706,0.09738,50075.01
1788721200,0.09738,0.09757,0.09699,0.09757,198100
1788724800,0.09747,0.09795,0.09726,0.09779,230144.61
1788728400,0.09797,0.09879,0.09788,0.09841,773857.81
1788732000,0.09841,0.09843,0.09766,0.09773,202368.24
1788735600,0.09813,0.0986,0.09792,0.09847,52038.09
1788739200,0.09836,0.09865,0.09763,0.0979,155385.94
1788742800,0.09795,0.09795,0.0969,0.09701,297721.36
1788746400,0.097,0.09824,0.09658,0.09756,212575.53
1788750000,0.09742,0.09769,0.09691,0.09699,43552.61
1788753600,0.09704,0.09735,0.09642,0.09702,231520.43
1788757200,0.09704,0.09762,0.09704,0.09739,115641.13
1788760800,0.09734,0.0975,0.09688,0.09694,117219.91
1788764400,0.09694,0.09701,0.096,0.09692,224496.83
1788768000,0.0968,0.09763,0.09672,0.09763,214847.17
1788771600,0.09763,0.09823,0.09716,0.09731,182520.35
1788775200,0.09734,0.09767,0.09707,0.09718,207800.17
1788778800,0.09724,0.09751,0.09715,0.09732,90523
1788782400,0.09732,0.09799,0.09675,0.09717,455612.81
1788786000,0.09719,0.09732,0.09615,0.09624,705432.47
1788789600,0.09613,0.09707,0.0961,0.09696,232550.67
1788793200,0.09686,0.09686,0.0949,0.09527,1962540.53
1788796800,0.09525,0.09594,0.095,0.09594,205175.22
1788800400,0.09593,0.09616,0.09565,0.09589,113773.99
1788804000,0.09582,0.09587,0.09535,0.09562,96822.72
1788807600,0.09554,0.09649,0.09541,0.09615,446362.78
1788811200,0.09607,0.09609,0.09571,0.09592,59309.61
1788814800,0.09594,0.09607,0.09524,0.09542,196514.31
1788818400,0.09544,0.09561,0.09456,0.09493,167220.84
1788822000,0.09482,0.09517,0.09482,0.09502,117673.51
1788825600,0.09502,0.09573,0.09452,0.09546,393979.03
1788829200,0.09544,0.09596,0.09535,0.09596,114260.28
1788832800,0.09588,0.09607,0.09526,0.09538,191042.83
1788836400,0.09537,0.09578,0.09534,0.09552,154248.35
1788840000,0.09554,0.09566,0.09522,0.09523,131983.85
1788843600,0.09558,0.09568,0.09534,0.09535,80183.16
1788847200,0.09535,0.09586,0.09508,0.09555,298930.1
1788850800,0.09571,0.09645,0.09571,0.09627,30073.05
1788854400,0.09625,0.09637,0.0957,0.0958,1270712.17
1788858000,0.09587,0.09669,0.09585,0.09634,181378.3
1788861600,0.09638,0.09713,0.09637,0.09688,218099.44
1788865200,0.09689,0.09714,0.09622,0.09643,1128475.42
1788868800,0.09636,0.09681,0.0955,0.09662,291092.59
1788872400,0.09667,0.09686,0.09515,0.09588,328189.42
1788876000,0.09577,0.09698,0.09555,0.09676,383119.43
1788879600,0.09673,0.09783,0.09662,0.0977,435324.49
1788883200,0.09782,0.09889,0.09719,0.09865,1031858.65
1788886800,0.09857,0.09857,0.09694,0.09694,330639.62
1788890400,0.09698,0.09744,0.0958,0.09639,308235.71
1788894000,0.09632,0.09633,0.0959,0.09614,593622.04
1788897600,0.09608,0.09652,0.09602,0.09633,104585.72
1788901200,0.09632,0.0964,0.09564,0.09589,267603.99
1788904800,0.09585,0.09619,0.09551,0.09563,150286.54
1788908400,0.09563,0.09571,0.09543,0.09552,123231.1
1788912000,0.09552,0.09615,0.09503,0.0951,305072.26
1788915600,0.0952,0.09532,0.09488,0.09532,204709.82
1788919200,0.09535,0.0958,0.09507,0.0956,124445.13
1788922800,0.09565,0.0957,0.09505,0.09526,129406.65
1788926400,0.09526,0.09644,0.09524,0.09597,400273.17
1788930000,0.09592,0.09673,0.09566,0.09641,327344.44
1788933600,0.09655,0.09786,0.09655,0.09786,242936.09
1788937200,0.09796,0.09932,0.09782,0.09926,862915.83
1788940800,0.09935,0.0999,0.09818,0.09918,2105336.17
1788944400,0.09905,0.09905,0.09762,0.09786,527612.99
1788948000,0.09782,0.09818,0.09734,0.09741,240762.7
1788951600,0.0974,0.09928,0.09701,0.09898,564894.65
1788955200,0.09895,0.09904,0.0978,0.09798,488633.53
1788958800,0.09793,0.09832,0.0964,0.0964,350362.63
1788962400,0.09643,0.09648,0.09562,0.09583,845991.57
1788966000,0.09591,0.09654,0.09469,0.09647,914605.6
1788969600,0.09636,0.09646,0.09505,0.09638,255634.76
1788973200,0.09632,0.09674,0.09607,0.09659,148093.59
1788976800,0.09668,0.09678,0.09635,0.0964,156377.93
1788980400,0.09645,0.09669,0.09573,0.09582,353834.65
1788984000,0.09582,0.09649,0.09554,0.09638,331205.86
1788987600,0.09639,0.097,0.09615,0.09672,445336.92
1788991200,0.09678,0.09689,0.09513,0.09646,263932.83
1788994800,0.09656,0.09799,0.09656,0.0979,177574.24
1788998400,0.09797,0.09828,0.09668,0.09668,503888.36
1789002000,0.09675,0.0976,0.09597,0.09646,196372.34
1789005600,0.09634,0.09758,0.09625,0.09757,112881.68
1789009200,0.0976,0.09789,0.09712,0.0978,119432.05
1789012800,0.09796,0.09806,0.09682,0.09705,543708.66
1789016400,0.09697,0.09749,0.09641,0.09717,139226.6
1789020000,0.09723,0.09789,0.0969,0.09723,1484020
1789023600,0.09726,0.09728,0.09545,0.09654,1207623.36
1789027200,0.09672,0.0969,0.09603,0.09652,402144.28
1789030800,0.09651,0.09678,0.09474,0.09485,830055.01
1789034400,0.09474,0.09487,0.09098,0.09221,2043546.24
1789038000,0.0924,0.09325,0.0922,0.09289,132225.56
1789041600,0.09279,0.09292,0.08999,0.0908,1082423.31
1789045200,0.09096,0.0919,0.09058,0.0919,385937.53
1789048800,0.09183,0.09228,0.09139,0.09223,229266.27
1789052400,0.09221,0.09308,0.09184,0.09304,292924.54
1789056000,0.09313,0.09322,0.0917,0.09296,227473.41
1789059600,0.09304,0.09377,0.0929,0.09368,355611.51
1789063200,0.09366,0.09383,0.09321,0.09367,302742.95
1789066800,0.09357,0.0937,0.09332,0.09338,118326.04
1789070400,0.09335,0.09356,0.09315,0.09335,165106.35
1789074000,0.0933,0.0934,0.09303,0.09309,173787.06
1789077600,0.09311,0.09337,0.09231,0.09231,116701.72
1789081200,0.09216,0.09218,0.09133,0.09203,161480.82
1789084800,0.09205,0.09283,0.09187,0.09279,144734.6
1789088400,0.09282,0.09285,0.09172,0.09255,102487.6
1789092000,0.09247,0.09264,0.09206,0.09261,299847.72
1789095600,0.09255,0.09362,0.09218,0.0928,394398.78
1789099200,0.09285,0.0936,0.09274,0.09351,81441.25
1789102800,0.09357,0.09364,0.09229,0.09255,365747.47
1789106400,0.09265,0.09328,0.09248,0.0928,151287.09
1789110000,0.09288,0.09328,0.0928,0.09308,105103.22
1789113600,0.09308,0.09512,0.09269,0.09448,497800.63
1789117200,0.09448,0.09476,0.09377,0.09475,324260.42
1789120800,0.09483,0.09497,0.09366,0.09406,1835934.58
1789124400,0.09408,0.09408,0.09286,0.09292,1521755.98
1789128000,0.09297,0.09607,0.09234,0.09559,1309889.52
1789131600,0.09559,0.0977,0.09559,0.09749,3174052.28
1789135200,0.09745,0.09896,0.09559,0.0964,1769659.13
1789138800,0.09637,0.09673,0.09512,0.09543,3234038.62
1789142400,0.0955,0.09759,0.0955,0.09737,1919462.75
1789146000,0.09738,0.09739,0.09591,0.09609,1416782.99
1789149600,0.09604,0.09626,0.09522,0.09537,2055470.43
1789153200,0.09532,0.09647,0.09518,0.09611,646963.43
1789156800,0.09616,0.09645,0.09593,0.0962,921827.17
1789160400,0.09619,0.09693,0.09605,0.09619,368572.36
1789164000,0.09601,0.09694,0.09589,0.0966,293732.32
1789167600,0.09666,0.09758,0.09645,0.09743,755008.3
1789171200,0.09744,0.09745,0.09652,0.09674,1202359.2
1789174800,0.09673,0.09733,0.09673,0.09711,134186.78
1789178400,0.09701,0.09723,0.09649,0.09663,77659.99
1789182000,0.09664,0.09667,0.09619,0.09654,92510.94
1789185600,0.09657,0.09659,0.09596,0.09612,110074.41
1789189200,0.09605,0.09608,0.09583,0.09584,22578.8
1789192800,0.09593,0.09723,0.09593,0.09637,641653.17
1789196400,0.09639,0.09686,0.09634,0.09646,166721.38
1789200000,0.09638,0.09659,0.09623,0.09633,148108.17
1789203600,0.09638,0.09657,0.09578,0.09606,326113.75
1789207200,0.09598,0.09608,0.09593,0.09605,86957.37
1789210800,0.09605,0.09654,0.09569,0.09638,159874.76
1789214400,0.0963,0.0968,0.0963,0.09657,56078.14
1789218000,0.09655,0.097,0.09637,0.09693,129499.24
1789221600,0.0969,0.09748,0.09689,0.09714,81276.9
1789225200,0.09717,0.09738,0.09696,0.09738,152884.14
1789228800,0.09743,0.09743,0.09678,0.09681,101807.55
1789232400,0.09692,0.09712,0.09659,0.09682,72354.56
1789236000,0.09673,0.09673,0.09627,0.09644,290843.11
1789239600,0.09641,0.09647,0.09592,0.09611,143320.48
1789243200,0.09603,0.09653,0.09603,0.09641,40073.95
1789246800,0.09652,0.09652,0.09613,0.09635,41921.53
1789250400,0.0963,0.09645,0.09599,0.09604,276015.29
1789254000,0.09597,0.0967,0.09589,0.09656,129183.37
1789257600,0.09653,0.09686,0.09638,0.09666,282066.1
1789261200,0.09672,0.0969,0.09638,0.09666,43349.66
1789264800,0.09667,0.09667,0.09635,0.0965,50572.19
1789268400,0.09657,0.09663,0.09608,0.09617,117184.69
1789272000,0.09623,0.09643,0.09599,0.09611,154481.03
1789275600,0.0961,0.09644,0.0961,0.09635,103500.33
1789279200,0.09638,0.09653,0.09595,0.09602,202554.21
1789282800,0.09602,0.09632,0.09601,0.09601,153455.03
1789286400,0.09601,0.09616,0.09495,0.09503,607145.26
1789290000,0.09502,0.09551,0.09497,0.09527,386064.09
1789293600,0.09526,0.09539,0.0943,0.09525,457390.76
1789297200,0.0953,0.09601,0.09529,0.09586,173268.11
1789300800,0.09581,0.09645,0.0957,0.09621,1160366.79
1789304400,0.09639,0.09657,0.09585,0.0965,129069.75
1789308000,0.09658,0.09725,0.09658,0.09718,174187.33
1789311600,0.09718,0.09722,0.09676,0.09707,147797.63
1789315200,0.09704,0.09734,0.09644,0.09644,106430.71
1789318800,0.09644,0.09753,0.09644,0.09753,122543.02
1789322400,0.09758,0.09762,0.09736,0.09754,92582.26
1789326000,0.09758,0.09768,0.09706,0.09736,63018.57
1789329600,0.09745,0.09749,0.09705,0.09745,105609.35
1789333200,0.09744,0.0976,0.09718,0.09718,48731.51
1789336800,0.09727,0.09728,0.09582,0.09591,319881.43
1789340400,0.09591,0.0962,0.09577,0.09592,99687.84
1789344000,0.09592,0.09613,0.09543,0.09585,159713.37
1789347600,0.09596,0.09642,0.09565,0.09631,147054.52
1789351200,0.09632,0.09692,0.09621,0.09657,67992.01
1789354800,0.09663,0.09689,0.09592,0.09626,115477.78
1789358400,0.09628,0.09683,0.09612,0.09636,114026.35
1789362000,0.09635,0.09643,0.09591,0.09601,28931.52
1789365600,0.09598,0.0963,0.09571,0.09578,834504.99
1789369200,0.09577,0.09667,0.09577,0.09625,872844.68
1789372800,0.09624,0.09653,0.09587,0.09605,1004742.55
1789376400,0.09607,0.0967,0.09574,0.09639,1204134.22
1789380000,0.09644,0.09701,0.09639,0.09689,300019.03
1789383600,0.09689,0.09701,0.09666,0.09681,68615.16
1789387200,0.09675,0.09862,0.09663,0.09746,455657.09
1789390800,0.0976,0.0983,0.097,0.09807,227057.36
1789394400,0.09797,0.09837,0.0973,0.0983,340481.43
1789398000,0.09828,0.0984,0.09757,0.09834,243126.9
1789401600,0.0983,0.09861,0.09744,0.09744,100604.72
1789405200,0.09733,0.0977,0.09701,0.09738,374802.11
1789408800,0.09742,0.0977,0.09705,0.09751,271181.52
1789412400,0.09749,0.09755,0.09714,0.0972,245854.17
1789416000,0.0972,0.09824,0.09719,0.09742,300659.7
1789419600,0.0974,0.0974,0.09665,0.09673,333615.34
1789423200,0.09673,0.09703,0.09658,0.09681,133763.62
1789426800,0.0968,0.09685,0.09627,0.09657,169736.74
1789430400,0.09655,0.09704,0.09648,0.09701,218535.81
1789434000,0.09695,0.09708,0.09676,0.09679,84456.63
1789437600,0.09682,0.09718,0.09655,0.09655,170759.57
1789441200,0.0965,0.0965,0.09576,0.09605,191261.51
1789444800,0.09612,0.09613,0.09566,0.09601,73970.81
1789448400,0.09602,0.09645,0.09599,0.09634,450254.37
1789452000,0.09659,0.09689,0.09569,0.09586,183672.58
1789455600,0.0959,0.09597,0.09567,0.09579,144845.04
1789459200,0.09573,0.09631,0.09558,0.09616,140447.22
1789462800,0.09621,0.09683,0.09615,0.09669,106946.03
1789466400,0.09662,0.09683,0.09636,0.09666,129483.54
1789470000,0.09669,0.09762,0.09644,0.09686,470801.87
1789473600,0.0969,0.09832,0.0969,0.0981,1950777.58
1789477200,0.09808,0.09819,0.09567,0.09718,553101.26
1789480800,0.09717,0.09723,0.09561,0.09607,388460.75
1789484400,0.09599,0.09755,0.09594,0.09741,972067.62
1789488000,0.09744,0.09787,0.09726,0.09776,1429433.44
1789491600,0.09778,0.09817,0.09695,0.09802,1373730.09
1789495200,0.09804,0.09831,0.09336,0.09481,2021841.24
1789498800,0.09487,0.09534,0.09423,0.09448,325256.64
1789502400,0.09448,0.0947,0.09285,0.09286,638931.96
1789506000,0.09285,0.09306,0.0921,0.09219,707144.75
1789509600,0.0922,0.09288,0.09185,0.09267,473703.11
1789513200,0.09282,0.09369,0.09254,0.09306,238311.99
1789516800,0.09296,0.09312,0.0928,0.09286,348669.36
1789520400,0.09281,0.09298,0.09117,0.0914,771453.17
1789524000,0.09136,0.09189,0.09101,0.09151,521773.67
1789527600,0.0916,0.09206,0.09137,0.092,249135.72
1789531200,0.09194,0.09226,0.0916,0.09184,165591.09
1789534800,0.09185,0.09206,0.09143,0.09154,129312.01
1789538400,0.0916,0.09173,0.09095,0.09121,256034.34
1789542000,0.09128,0.09159,0.09043,0.09123,438924.75
1789545600,0.09131,0.09202,0.09079,0.092,430397.43
1789549200,0.09205,0.09529,0.09184,0.0951,3268034.98
1789552800,0.09517,0.0971,0.09439,0.09638,3881150.66
1789556400,0.09628,0.09628,0.09313,0.09474,1342520.79
1789560000,0.09489,0.09498,0.09374,0.09398,364809.57
1789563600,0.09404,0.09404,0.09266,0.09269,555363.81
1789567200,0.09267,0.09267,0.09101,0.09109,383608.5
1789570800,0.09114,0.09176,0.09077,0.09143,519452.87
1789574400,0.09147,0.09331,0.09147,0.09331,308407.84
1789578000,0.09323,0.0939,0.09166,0.09303,602166.31
1789581600,0.0932,0.09392,0.0915,0.09217,543277.5
1789585200,0.09275,0.0933,0.09192,0.09225,189648.18
1789588800,0.09233,0.09349,0.09221,0.09343,138107.84
1789592400,0.09337,0.0939,0.09329,0.09387,91902.62
1789596000,0.09397,0.09435,0.09351,0.09407,221114.18
1789599600,0.09401,0.09675,0.09369,0.09675,1246038.02
1789603200,0.09676,0.09778,0.09601,0.09622,1294141.46
1789606800,0.09617,0.09661,0.09541,0.0959,262116.55
1789610400,0.09593,0.09617,0.09519,0.09604,181521.38
1789614000,0.09612,0.09733,0.09602,0.09674,356513.61
1789617600,0.09683,0.09686,0.09651,0.09675,271032.15
1789621200,0.09683,0.09683,0.09574,0.09578,69459.55
1789624800,0.09582,0.09606,0.09573,0.09606,34539.91
1789628400,0.09602,0.09654,0.09588,0.09654,441086.97
1789632000,0.09649,0.09664,0.09617,0.09659,247040.45
1789635600,0.09656,0.09668,0.09582,0.09587,118394.41
1789639200,0.09595,0.096,0.09564,0.09579,178645.56
1789642800,0.09592,0.09634,0.09539,0.09634,111467.48
1789646400,0.09636,0.09829,0.0961,0.09771,275438.81
1789650000,0.09787,0.09824,0.09708,0.09717,216752.01
1789653600,0.09723,0.09844,0.09723,0.09769,252429.36
1789657200,0.09758,0.09822,0.09716,0.09822,241458.13
1789660800,0.09836,0.0986,0.09756,0.09805,272424.56
1789664400,0.09805,0.10164,0.09798,0.10039,4329820.99
1789668000,0.10069,0.1007,0.09751,0.0993,2107815.07
1789671600,0.09936,0.09955,0.0974,0.09779,579967.95
1789675200,0.0978,0.09816,0.09747,0.09759,646058.94
1789678800,0.09756,0.09776,0.09706,0.09745,719325.36
1789682400,0.09734,0.09818,0.09716,0.09811,391361.76
1789686000,0.09808,0.09821,0.0978,0.09799,303707.69
1789689600,0.09798,0.09805,0.09701,0.09709,1828057.48
1789693200,0.09706,0.09815,0.09656,0.09808,1369406.91
1789696800,0.09801,0.09885,0.0979,0.09877,334294.31
1789700400,0.09882,0.10058,0.0988,0.10027,417979.2
1789704000,0.10034,0.10111,0.10005,0.1001,434972.06
1789707600,0.1001,0.10011,0.09938,0.09947,218747.68
1789711200,0.0996,0.1,0.09955,0.0998,82439.81
1789714800,0.09981,0.10028,0.09974,0.09977,395433.78
1789718400,0.09975,0.10024,0.09898,0.10015,806470.3
1789722000,0.10006,0.10041,0.09976,0.09995,248105.51
1789725600,0.09997,0.10042,0.09945,0.0995,342304.66
1789729200,0.0995,0.0996,0.09864,0.09948,507442.91
1789732800,0.09936,0.10049,0.0989,0.10018,314190.52
1789736400,0.1002,0.10108,0.09975,0.10064,252289.95
1789740000,0.10071,0.10211,0.10037,0.1018,2409839.46
1789743600,0.10166,0.10191,0.10047,0.10082,1210091.97
1789747200,0.1009,0.10177,0.10078,0.10123,396858.28
1789750800,0.1013,0.1026,0.10088,0.10151,541598.58
1789754400,0.10155,0.10461,0.10113,0.10381,2322303.57
1789758000,0.10391,0.1095,0.10383,0.10911,6056545.55
1789761600,0.10902,0.10949,0.1063,0.10766,2540053.37
1789765200,0.10766,0.10853,0.10565,0.10603,1069970.97
1789768800,0.10608,0.10693,0.10533,0.1061,1632196.99
1789772400,0.10603,0.1076,0.10573,0.10733,654222.39
1789776000,0.10734,0.10744,0.10445,0.10468,3409225.91
1789779600,0.10469,0.1048,0.10305,0.10435,639756.19
1789783200,0.1043,0.10887,0.10426,0.1072,1734055.85
1789786800,0.10717,0.10739,0.10623,0.10729,306680.28
1789790400,0.10722,0.10722,0.10478,0.1058,429650.93
1789794000,0.10587,0.1069,0.1035,0.10375,2133372.72
1789797600,0.1037,0.10385,0.1026,0.10342,608828.03
1789801200,0.10348,0.10359,0.10279,0.1028,455381.44
1789804800,0.10279,0.10422,0.1026,0.10405,351892.59
1789808400,0.10403,0.10467,0.10373,0.10422,649035.52
1789812000,0.10421,0.1045,0.10385,0.10421,282222.15
1789815600,0.10421,0.10594,0.10421,0.10494,1134384.3
1789819200,0.10495,0.10552,0.10441,0.10477,1451783.68
1789822800,0.10477,0.10581,0.10433,0.10558,355869.71
1789826400,0.10559,0.10667,0.10542,0.10656,436990.97
1789830000,0.10664,0.10693,0.10566,0.10596,713782.5
1789833600,0.10585,0.106,0.10507,0.10551,554287.55
1789837200,0.10541,0.10577,0.10432,0.10457,1178274.87
1789840800,0.10468,0.10479,0.10379,0.10432,478362.12
1789844400,0.1044,0.10527,0.10423,0.10511,214326.8
1789848000,0.10509,0.1051,0.10432,0.10451,201263.03
1789851600,0.1045,0.10479,0.10329,0.10405,379170.59
1789855200,0.10404,0.10458,0.10327,0.10446,315222.34
1789858800,0.10446,0.10501,0.10445,0.10464,204402.17
1789862400,0.10464,0.10573,0.1042,0.10533,422742.72
1789866000,0.10524,0.10603,0.10416,0.10582,908084.64
1789869600,0.10595,0.10636,0.10291,0.10344,921840.17
1789873200,0.10352,0.10435,0.10259,0.10405,624406.69
1789876800,0.10404,0.10418,0.10327,0.10363,222965.75
1789880400,0.10356,0.10405,0.10335,0.10371,214608.02
1789884000,0.10368,0.10424,0.10347,0.10415,338657.92
1789887600,0.10432,0.10534,0.1043,0.10519,157106.25
1789891200,0.10514,0.10568,0.10489,0.10528,138421.83
