ts,open,high,low,close,volume
1607990400,5.6,5.6,5.2147,5.4787,365625.176
1608076800,5.482,5.59,4.9319,5.2814,847370.508
1608163200,5.2723,5.6295,5.0523,5.3076,668577.702
1608249600,5.2991,6.6748,5.165,6.1306,2308266.962
1608336000,6.1304,6.6118,5.9302,6.1372,1300521.778
1608422400,6.1396,6.3938,5.6922,5.9649,608944.033
1608508800,5.9457,6.4315,5.6426,6.1413,698662.942
1608595200,6.1413,12.9999,5.7011,7.2196,4609982.243
1608681600,7.202,8.4998,6.344,7.0953,7414493.092
1608768000,7.1106,7.7999,6.5332,7.46,2292981.602
1608854400,7.463,8,7.0361,7.3318,1154028.942
1608940800,7.3477,8.7951,7.2804,8.0116,2359479.457
1609027200,8.0295,8.511,7.364,8.0717,1664629.218
1609113600,8.0781,8.438,7.82,7.9836,984995.955
1609200000,7.9834,8.1412,7.3368,7.777,832119.04
1609286400,7.7888,7.9627,7.2276,7.3297,635108.651
1609372800,7.3445,7.84,7.0501,7.2544,684188.504
1609459200,7.2554,8.6304,7.1686,8.341,1280085.754
1609545600,8.351,8.646,8,8.2075,970527.676
1609632000,8.2073,9.7405,8,9.6041,1238485.678
1609718400,9.5728,11.5,8.4704,11.4935,2527655.901
1609804800,11.4943,13.5,10.4656,12.4464,2852876.636
1609891200,12.4683,13.3446,11.5001,12.143,1629105.29
1609977600,12.1504,13.2056,11.2407,11.6218,1224003.227
1610064000,11.6262,12.9025,9.8161,11.7973,1980494.392
1610150400,11.7984,13.9741,11.0778,13.1683,1446925.748
1610236800,13.187,14.8031,12.2629,14.0882,2307434.73
1610323200,14.0996,14.1762,10.35,12.915,2522620.399
1610409600,12.915,15.982,12.1966,14.8312,2993474.68
1610496000,14.8526,16.5,13.7375,15.5,2701806.21
1610582400,15.5,15.98,14.05,14.7629,1261779.453
1610668800,14.7634,15.5,13.2,15.1351,1496893.655
1610755200,15.15,17.11,14.9062,15.5732,1369658.172
1610841600,15.5915,16.3382,14.5085,15.6829,911678.536
1610928000,15.6518,15.7676,14.89,15.5839,835356.778
1611014400,15.5849,16.8197,15.15,15.1673,986568.076
1611100800,15.1456,15.7823,13.7778,15.75,784502.734
1611187200,15.7689,15.8072,11.8,12.3597,1392120.92
1611273600,12.349,15.1656,11.352,14.2247,1228487.183
1611360000,14.2277,15.5,13.9873,14.6414,744330.871
1611446400,14.629,17.84,14.4772,17.5068,1497201.984
1611532800,17.4979,18.3,15.3906,15.4653,1254525.306
1611619200,15.4646,17.2785,14.7803,16.8855,1200305.926
1611705600,16.8855,17.45,14.7567,15.32,1527019.047
1611792000,15.32,18.0036,14.88,16.9628,1101442.446
1611878400,16.981,17.5992,16.0373,17.0724,1092296.289
1611964800,17.0779,18.6528,16.3934,17.9175,806275.688
1612051200,17.92,19.6308,17.1375,17.2337,1102808.603
1612137600,17.218,17.9022,16.83,17.5318,978054.51
1612224000,17.5505,17.5855,16.4,17.0585,1132701.526
1612310400,17.0459,18,16.8274,17.1929,890548.932
1612396800,17.2208,21.2228,17.18,19.6744,2545704.487
1612483200,19.6744,23.7396,19.457,23.5942,2382373.386
1612569600,23.6603,24.2775,19.69,21.0687,1524120.938
1612656000,21.0696,21.5,18,20.125,1044270.288
1612742400,20.125,22.5,19.5394,21.3977,1271522.97
1612828800,21.3977,27.3999,20.8582,24.6588,2389921.676
1612915200,24.6375,27.7038,23.0619,25.0842,1928914.919
1613001600,25.1171,26.8288,24.4044,26.2004,1172192.038
1613088000,26.166,28.2675,25.3,27.1283,1328253.55
1613174400,27.1283,28.2,24.855,26.4391,994198.499
1613260800,26.4391,29,24.4869,25.0778,1018935.877
1613347200,25.0874,26.9388,21.1404,24.5886,1468858.26
1613433600,24.6689,26.5464,23.1622,24.0824,996731.686
1613520000,24.0824,24.5522,22.258,24.2948,1009840.136
1613606400,24.2948,24.6753,22.8011,23.1892,712240.252
1613692800,23.2133,23.567,21.5588,22.3253,977746.905
1613779200,22.3269,25.5212,21.8887,23.1927,1703619.877
1613865600,23.2209,23.6943,22.3902,22.8951,564974.445
1613952000,22.9048,22.9888,17.2489,20.9844,1316436.21
1614038400,21.0084,21.1504,14.07,18.1916,2154169.547
1614124800,18.2,20.9354,17.2353,19.1929,1198256.926
1614211200,19.1951,21.9685,18.1554,18.2896,1069547.59
1614297600,18.291,19.8921,16.8306,18.0266,1389766.636
1614384000,18.0357,20.4091,17.9667,18.7966,618400.008
1614470400,18.8183,19.3074,16.2949,18.7438,858258.573
1614556800,18.7328,21.163,18.7328,20.6668,614388.767
1614643200,20.6841,23.3773,20.6664,22.4741,915891.438
1614729600,22.4408,24.0499,22.118,22.54,635638.413
1614816000,22.5316,24.4,21.1459,21.4764,604203.152
1614902400,21.4764,21.5035,20.0204,20.7858,496519.775
1614988800,20.811,21.4443,20.1102,21.2852,364117.326
1615075200,21.2791,21.8562,20.5128,21.7355,305653.7
1615161600,21.7321,21.9572,20.75,21.8837,523973.313
1615248000,21.8867,22.7487,21.3697,22.6228,383926.209
1615334400,22.6291,23.3875,21.2995,21.6041,467806.126
1615420800,21.6283,22.0418,20.6756,20.8127,356481.2
1615507200,20.8422,20.9487,18.8601,19.4569,506307.187
1615593600,19.4244,20.8569,18.81,20.492,340321.553
1615680000,20.5039,20.5557,19.2003,19.3908,216338.288
1615766400,19.4055,19.9788,18.2,18.9074,285177.715
1615852800,18.9202,19.1348,18.1111,18.7153,267194.244
1615939200,18.733,19.2656,17.8396,19.2237,352047.397
1616025600,19.2086,19.4357,18.519,18.5429,351014.192
1616112000,18.5499,20.41,18.172,19.8477,387706.502
1616198400,19.8477,21.4649,19.6538,19.714,517324.985
1616284800,19.7078,20.0785,19.11,19.5297,272476.889
1616371200,19.5272,20.0006,17.7965,18.0065,386458.264
1616457600,18.0795,18.3425,17.25,17.4262,424744.858
1616544000,17.41,18.2349,15.555,16.1234,560073.236
1616630400,16.1009,16.6762,15.437,16.1098,457103.059
1616716800,16.0996,17.6156,16.098,17.4883,271970.497
1616803200,17.4968,17.6434,16.7429,17.1404,188394.925
1616889600,17.1676,17.2752,16.3671,16.4774,330801.12
1616976000,16.4661,17.7972,16.3,17.7609,418625.439
1617062400,17.7609,18,17.2625,17.5518,340391.447
1617148800,17.5689,17.8865,16.5812,17.6137,397757.656
1617235200,17.6459,19.36,17.6092,19.177,610176.785
1617321600,19.1823,21.4442,18.7878,21.4341,942527.162
1617408000,21.4317,21.65,19.0183,19.2673,467479.002
1617494400,19.251,21.2051,19.0155,20.6651,331583.945
1617580800,20.6603,21.1364,19.6547,20.7834,298032.235
1617667200,20.785,22.39,20.662,22.0856,527135.371
1617753600,22.1068,22.2974,18.6331,19.3645,595401.152
1617840000,19.363,20.2,19,19.9214,285111.19
1617926400,19.9339,20.3996,19.1172,19.4404,304443.554
1618012800,19.4183,19.97,18.5803,19.0033,461794.789
1618099200,19.0059,19.2899,18.309,18.9347,474875.11
1618185600,18.944,19.945,18.4852,19.57,559549.85
1618272000,19.57,20.141,19,19.139,672968.234
1618358400,19.1283,21,18.6752,19.9869,881743.594
1618444800,20.0049,22.5,19.9016,22.0383,834800.619
1618531200,22.0702,23.1468,20.0778,20.9355,908255.782
1618617600,20.9926,21.9742,20.2379,20.2548,466273.752
1618704000,20.2504,20.4246,15.3057,18.0742,1499116.906
1618790400,18.0549,18.3642,15.7274,16.0199,1084876.271
1618876800,16.0366,17.0996,14.7364,16.8256,899792.629
1618963200,16.806,17.1227,15.5995,15.8807,622213.77
1619049600,15.8787,17.7406,15.01,15.3129,826806.316
1619136000,15.3001,15.6475,13.09,14.9033,1210432.068
1619222400,14.9165,14.9183,13.4859,13.7797,518069.407
1619308800,13.7956,14.6905,13.278,14.1487,394113.963
1619395200,14.1487,16.1818,14.0021,16.1271,522160.38
1619481600,16.1211,17.2217,15.7801,17.1102,597623.968
1619568000,17.1307,17.3918,15.9642,16.8425,616586.897
1619654400,16.8422,17.8444,16.4936,17.69,497429.429
1619740800,17.7015,18.42,17.3793,18.2086,404537.234
1619827200,18.2034,18.6373,17.65,18.1844,363797.54
1619913600,18.1851,18.3226,16.824,17.3338,477275.111
1620000000,17.3,19.1913,17.2662,18.8786,985246.306
1620086400,18.8733,18.8733,16.1925,16.4955,1008913.421
1620172800,16.4921,17.9314,16.31,17.6785,804097.651
1620259200,17.6867,18.7552,17.0338,18.4442,1233430.03
1620345600,18.4411,20.5374,17.7252,18.7495,1739553.504
1620432000,18.7474,19.1532,18.15,18.4254,884062.416
1620518400,18.4369,18.5709,17.17,17.8152,642896.228
1620604800,17.8262,18.3479,15.2162,16.2734,706505.395
1620691200,16.2579,18.53,15.844,18.4266,980691.959
1620777600,18.4434,21.8672,17.5,17.9533,3458879.284
1620864000,18.0157,23.2883,16.25,18.4747,3344828.989
1620950400,18.4747,22.0682,18.3,21.1511,2162982.276
1621036800,21.1523,22.89,19.0847,19.2127,1833404.276
1621123200,19.2206,20.622,17.1306,18.8668,1096463.704
1621209600,18.9003,22,16.6099,20.4796,2814295.362
1621296000,20.4727,25.88,20.2214,23.3557,3768162.094
1621382400,23.354,24.0495,10.6576,14.3995,3461020.278
1621468800,14.3995,18.3854,12.86,16.2525,2063041.031
1621555200,16.2494,19.7488,13.45,16.4195,2944430.364
1621641600,16.4193,17.5057,13.5506,14.9106,2187073.692
1621728000,14.9298,15.4933,9.3933,11.7763,2421496.116
1621814400,11.8133,14.5409,11.5575,13.9113,2054613.114
1621900800,13.919,14.6536,12.0159,13.6465,1777834.653
1621987200,13.6465,15.1337,13.4156,14.5679,1493318.473
1622073600,14.5692,14.5801,12.9169,13.3619,1432536.099
1622160000,13.3654,13.5212,11.0825,11.9614,2178122.941
1622246400,11.9441,12.5266,10.4065,10.9216,1854077.089
1622332800,10.9219,12.5131,10.2891,11.7626,1358904.509
1622419200,11.762,13.3586,11.1957,13.3311,1152812.982
1622505600,13.3216,13.4999,12.1092,12.7031,651845.525
1622592000,12.7081,13.4452,12.1498,12.8162,393319.216
1622678400,12.8057,14.0717,12.6088,13.5486,476198.034
1622764800,13.5524,13.5721,11.632,12.2251,632602.79
1622851200,12.2349,13.0756,11.3577,11.6475,324731.842
1622937600,11.6456,12.1935,11.5122,11.9041,173840.354
1623024000,11.91,12.3363,10.75,10.8264,321016.077
1623110400,10.8019,11.0253,9.4565,10.4143,887018.932
1623196800,10.4149,10.9686,9.8749,10.9087,561332.447
1623283200,10.9171,10.97,9.8491,9.9241,582460.864
1623369600,9.9254,10.062,8.55,8.6361,1764645.317
1623456000,8.6344,8.7587,7.9205,8.4591,978174.503
1623542400,8.4671,9.1824,8.12,9.1301,595572.609
1623628800,9.1301,10.1779,8.6732,10.0889,961856.692
1623715200,10.0908,10.45,9.5344,9.729,806210.932
1623801600,9.7308,9.9182,8.815,9.0621,622554.038
1623888000,9.0627,9.5079,8.7237,9.0173,408037.165
1623974400,9.0084,9.0182,7.9309,8.3057,613531.208
1624060800,8.309,8.6251,8.0559,8.0909,395484.957
1624147200,8.0909,8.6639,7.7555,8.4706,637649.349
1624233600,8.4706,8.5322,6.4858,6.5512,1197714.717
1624320000,6.5545,7.0408,5.5515,6.3526,1529027.81
1624406400,6.3507,7.1528,6.0906,6.648,775169.651
1624492800,6.6534,6.9649,6.3,6.6237,730461.139
1624579200,6.6441,6.7069,5.7,5.809,769707.18
1624665600,5.8091,6.0207,5.56,5.9701,608789.294
1624752000,5.9702,6.4247,5.8247,6.4212,307081.752
1624838400,6.4198,7.3898,6.3216,7.0187,664359.097
1624924800,7.0187,7.4943,6.9787,7.2082,689461.22
1625011200,7.2002,7.3736,6.6606,7.3398,635751.475
1625097600,7.3486,7.3557,6.6442,6.8356,610252.326
1625184000,6.8356,6.953,6.4145,6.9264,363749.358
1625270400,6.9268,7.4913,6.7602,7.2736,411573.766
1625356800,7.271,9,7.0211,8.5992,1619546.592
1625443200,8.5923,11.5424,8.375,10.5902,4162792.836
1625529600,10.5997,12.7662,10.37,11.1752,3724425.353
1625616000,11.1807,11.8679,10.6753,10.7627,1330630.581
1625702400,10.7666,10.7668,9.3873,9.6307,1128223.671
1625788800,9.6056,12.1394,9.1861,11.4816,2682871.638
1625875200,11.4807,11.95,10.4785,11.0486,1256364.591
1625961600,11.0411,12.8761,10.7736,12.427,1873596.517
1626048000,12.4216,13.6224,12.05,12.095,2327144.209
1626134400,12.095,12.2287,10.803,10.9825,1613043.342
1626220800,11,11.1112,10.0129,10.46,1366017.024
1626307200,10.46,10.8,9.4123,9.5776,1386899.798
1626393600,9.5851,10.22,8.8324,8.9102,1149517.814
1626480000,8.9074,9.22,8.6889,8.8521,811257.204
1626566400,8.8327,9.5,8.8257,8.8671,589857.137
1626652800,8.8697,8.9288,8.0584,8.1964,975350.491
1626739200,8.1944,8.3149,7.2523,7.5393,995722.741
1626825600,7.5452,8.6105,7.1535,8.4822,1528800.621
1626912000,8.4823,8.9296,8.2247,8.5258,929807.284
1626998400,8.5347,8.9522,8.0762,8.7474,986108.144
1627084800,8.7498,8.7855,8.3455,8.6168,821679.27
1627171200,8.6202,8.6493,8.0117,8.3903,709252.654
1627257600,8.3908,10.4531,8.3497,9.3377,2270250.91
1627344000,9.3304,9.8489,8.785,9.3483,932425.616
1627430400,9.3518,9.4675,8.9122,9.0983,575980.299
1627516800,9.1114,10.0614,8.8531,9.9879,758488.145
1627603200,9.9914,10.2435,8.9776,9.6068,1106976.55
1627689600,9.6206,10.2297,9.4626,10.1408,909072.121
1627776000,10.1406,10.4162,9.3188,9.4579,912624.885
1627862400,9.458,9.8707,9.2781,9.4955,656353.803
1627948800,9.4864,9.5817,8.8213,9.0427,787455.967
1628035200,9.0604,9.8057,8.9081,9.6584,697595.267
1628121600,9.6679,10.8681,9.3502,10.5371,2109662.143
1628208000,10.536,10.6742,9.9699,10.1908,1208060.23
1628294400,10.1923,11.0819,10.0589,10.581,1702243.977
1628380800,10.581,10.7911,9.5298,9.6986,1105583.061
1628467200,9.6995,10.3318,9.3216,10.1612,1126671.112
1628553600,10.1601,10.5672,9.81,10.2681,740275.585
1628640000,10.272,11.5104,10.1541,10.6593,1667201.844
1628726400,10.6536,11.175,10,10.4174,1432162.971
1628812800,10.417,12.1984,10.2856,12.1149,1639236.604
1628899200,12.113,13.2069,11.6832,13.0279,1609994.265
1628985600,13.0213,13.4363,12.0172,12.862,908409.881
1629072000,12.859,13.3463,12.0407,12.129,1434963.973
1629158400,12.131,13.1085,11.13,11.242,1785604.899
1629244800,11.2497,11.9051,10.7688,11.3353,1260904.445
1629331200,11.3657,12.4982,11.0439,12.3975,1123302.522
1629417600,12.4052,12.9976,12.1254,12.5882,1169603.947
1629504000,12.5925,14.5363,12.3356,13.0778,1906759.466
1629590400,13.0761,13.9179,12.7477,13.52,900717.933
1629676800,13.518,14.3633,13.3096,13.65,1109062.43
1629763200,13.622,13.8371,12.1123,12.2177,1427645.192
1629849600,12.2179,12.772,11.7614,12.4073,1164714.351
1629936000,12.4061,12.62,11.138,11.4154,1260506.569
1630022400,11.432,12.333,11.1073,12.245,1205511.802
1630108800,12.2438,12.4078,11.8354,11.9923,623010.047
1630195200,12.0179,12.1671,11.2542,11.653,1616200.094
1630281600,11.6466,11.954,10.96,11.1116,1320854.032
1630368000,11.1035,11.8769,10.9211,11.584,1225556.532
1630454400,11.5715,12.5321,11.3008,12.5139,1216789.963
1630540800,12.5125,13,12.1201,12.5207,1247736.798
1630627200,12.5252,12.9267,12.1037,12.45,978332.125
1630713600,12.4607,12.9283,12.25,12.3706,784543.864
1630800000,12.3763,13.1304,12.224,12.9345,1066570.871
1630886400,12.9403,13.92,12.4905,13.5858,1360024.496
1630972800,13.5858,14.3028,9.3501,10.7459,2270023.273
1631059200,10.7535,11.3353,9.871,11.0761,2049653.564
1631145600,11.077,11.5804,10.7668,11.3336,1293238.939
1631232000,11.3441,11.8453,10.23,10.5576,901750.382
1631318400,10.5545,11.0685,10.4744,10.8316,425704.148
1631404800,10.8292,11.4354,10.5626,10.9527,482493.793
1631491200,10.9471,12.9453,10.0592,12.8688,2443911.623
1631577600,12.8645,13.9899,12.2014,13.8155,2641662.983
1631664000,13.8156,15.3754,13.0539,15.0179,2584058.84
1631750400,15.0136,15.8428,13.8258,14.6194,2274097.129
1631836800,14.6172,14.9497,12.4429,12.7812,2025093.828
1631923200,12.7917,13.6,12.3535,12.5773,1365532.383
1632009600,12.5789,13.3467,12.0171,12.8246,1653986.033
1632096000,12.8498,12.8812,10.061,10.6497,1936730.686
1632182400,10.6372,11.0546,9.25,9.5297,1637407.485
1632268800,9.5312,10.97,9.3188,10.9207,1539548.01
1632355200,10.9124,12.1077,10.6469,11.7488,1585612.795
1632441600,11.7459,11.7962,9.7773,10.5169,1390086.762
1632528000,10.5124,10.6979,9.9852,10.1789,901725.926
1632614400,10.1782,10.7585,9.2644,10.4688,1239050.27
1632700800,10.4577,11.1613,9.7977,9.8397,1110496.87
1632787200,9.832,10.064,9.2614,9.3095,980969.196
1632873600,9.3057,9.8992,9.14,9.2814,892736.276
1632960000,9.2823,9.7628,9.2418,9.5948,667889.669
1633046400,9.5948,10.4956,9.5228,10.4859,964395.207
1633132800,10.4878,11.4911,10.2957,10.7731,1305460.323
1633219200,10.7736,11.2383,10.5069,10.6973,1099825.181
1633305600,10.6942,10.7378,10.08,10.2744,900984.998
1633392000,10.2804,10.6629,10.0128,10.5054,1335060.172
1633478400,10.5131,10.5271,9.6306,10.2591,1283573.839
1633564800,10.2574,10.4577,9.8965,10.2968,1133072.141
1633651200,10.2881,10.4681,9.9752,10.0671,966860.387
1633737600,10.0786,10.4284,9.9171,10.2025,899541.664
1633824000,10.2002,10.3292,9.5644,9.6023,865390.652
1633910400,9.593,10.042,9.3146,9.5785,963445.278
1633996800,9.5659,9.583,8.9,9.2104,1224293.523
1634083200,9.2099,9.4245,9.0559,9.3972,774779.242
1634169600,9.4052,10.0188,9.3538,9.9709,630740.411
1634256000,9.9777,10.3476,9.5901,9.7528,1055383.298
1634342400,9.7674,10.1103,9.68,9.7768,392624.647
1634428800,9.7864,9.9473,9.2357,9.561,400701.371
1634515200,9.5716,9.6728,9.2329,9.4059,702129.445
1634601600,9.4045,9.5363,9.2216,9.3936,378033.6
1634688000,9.3951,10.0575,9.3153,9.9533,759181.944
1634774400,9.9509,10.1375,9.3912,9.4698,983272.435
1634860800,9.4684,9.866,9.3877,9.6435,753573.808
1634947200,9.6429,10.1628,9.6006,9.9264,785735.143
1635033600,9.9264,10.0286,9.259,9.4476,643148.545
1635120000,9.4476,9.8694,9.4059,9.8642,469625.542
1635206400,9.862,10.9758,9.8031,10.3473,1858044.779
1635292800,10.3467,11.1947,8.785,9.2704,2574860.551
1635379200,9.2751,9.9224,9.1294,9.7101,1029393.181
1635465600,9.7027,10.6768,9.6365,10.3553,1172573.797
1635552000,10.3434,10.4311,9.7,9.8722,669300.849
1635638400,9.8689,10.1839,9.4847,10.1415,910082.637
1635724800,10.1441,10.8141,9.6616,10.3187,1218624.037
1635811200,10.313,10.6433,10.2141,10.4511,689538.63
1635897600,10.4452,11.725,10.3233,11.2541,2422138.36
1635984000,11.2556,11.2643,10.331,10.6487,923908.053
1636070400,10.6513,10.6882,10.1807,10.3789,699000.681
1636156800,10.3805,10.4616,9.7161,10.1387,718610.54
1636243200,10.1423,10.692,10.1082,10.493,621905.821
1636329600,10.4912,10.5628,10.2787,10.4901,514580.146
1636416000,10.4851,10.9586,10.4137,10.6769,872495.486
1636502400,10.6753,10.9676,8.8186,9.5876,1408603.425
1636588800,9.5924,10.2066,9.469,9.8807,924426.249
1636675200,9.8806,10.1226,9.24,9.5518,944873.804
1636761600,9.5511,10.0642,9.4234,9.7998,700460.618
1636848000,9.8074,10.6425,9.7964,10.0148,1008112.335
1636934400,10.0147,10.1923,9.51,9.5966,657117.142
1637020800,9.5951,9.5951,8.3188,8.8441,1074999.695
1637107200,8.8469,9.0227,8.456,8.9486,634914.619
1637193600,8.952,9.0048,8.0262,8.191,665671.888
1637280000,8.1906,8.8426,8.0173,8.6516,511012.827
1637366400,8.6539,8.9781,8.4866,8.8474,458578.909
1637452800,8.8511,8.8659,8.5536,8.5766,365356.336
1637539200,8.5787,8.5978,8.016,8.1677,811912.105
1637625600,8.1681,8.2883,7.7718,8.2699,1044830.157
1637712000,8.2724,8.2758,7.7514,7.8804,683660.351
1637798400,7.8815,8.244,7.7816,8.0707,639839.466
1637884800,8.0893,8.2343,7.109,7.4538,1173294.818
1637971200,7.449,7.9045,7.411,7.7058,566398.55
1638057600,7.7018,7.734,7.0807,7.6395,736695.39
1638144000,7.6379,8.0033,7.4759,7.903,1085423.271
1638230400,7.907,8.0089,7.5206,7.6631,1423527.737
1638316800,7.6621,7.7661,7.277,7.397,1206478.078
1638403200,7.3901,7.3982,7.1059,7.2448,1150733.918
1638489600,7.2467,7.6957,6.751,6.9707,981837.023
1638576000,6.9602,6.9603,4.5125,6.2265,1966096.378
1638662400,6.2313,6.3691,5.6359,5.8707,1190648.236
1638748800,5.8712,6.0786,5.3404,6.0198,1916046.105
1638835200,6.0198,6.1101,5.7679,5.8867,993774.57
1638921600,5.8898,6.2622,5.665,6.2579,1194467.541
1639008000,6.2623,6.3048,5.5478,5.55,1024122.111
1639094400,5.57,5.85,5.27,5.3,500464.385
1639180800,5.31,5.68,5.21,5.66,373721.03
1639267200,5.68,5.8,5.22,5.53,571821.878
1639353600,5.54,5.57,4.76,4.91,607832.689
1639440000,4.91,5.18,4.82,5.08,602856.359
1639526400,5.07,5.32,4.78,5.22,619300.092
1639612800,5.23,5.29,5.01,5.04,421830.173
1639699200,5.05,5.12,4.77,5.1,619862.351
1639785600,5.1,5.49,5,5.18,923113.575
1639872000,5.17,5.5,5.13,5.2,361170.591
1639958400,5.19,5.21,4.81,5.12,391415.126
1640044800,5.11,5.4,5.08,5.36,356314.272
1640131200,5.36,5.79,5.28,5.53,611799.194
1640217600,5.53,6.26,5.44,6.09,1069352.077
1640304000,6.08,6.33,5.65,5.72,756081.442
1640390400,5.71,5.92,5.69,5.89,409108.821
1640476800,5.89,6.47,5.55,6.25,874256.392
1640563200,6.25,6.81,6.15,6.43,1166511.824
1640649600,6.43,6.44,5.75,5.86,1104813.129
1640736000,5.87,6.07,5.38,5.46,772083.952
1640822400,5.46,5.61,5.28,5.54,487617.239
1640908800,5.54,5.82,5.34,5.5,993715.606
1640995200,5.52,6.03,5.5,5.99,501547.021
1641081600,6,6.33,5.85,6.24,511790.578
1641168000,6.23,7.22,6.12,7.19,1870279.838
1641254400,7.2,7.45,6.56,6.6,1933472.025
1641340800,6.6,7.46,5.9,6.37,2235333.57
1641427200,6.37,6.42,5.84,5.96,812301.789
1641513600,5.96,6,5.25,5.4,842424.319
1641600000,5.42,5.6,4.92,5.02,864465.421
1641686400,5.01,5.27,4.97,5.09,487336.069
1641772800,5.09,5.16,4.6,4.88,639145.963
1641859200,4.89,5.12,4.82,5.09,366881.2
1641945600,5.09,5.49,5.05,5.43,320790.207
1642032000,5.43,5.51,5.06,5.08,410242.413
1642118400,5.09,5.25,4.92,5.22,299946.727
1642204800,5.22,5.41,5.2,5.28,246460.929
1642291200,5.28,5.45,5.17,5.39,186663.022
1642377600,5.39,5.45,4.91,4.99,325796.592
1642464000,4.99,5.1,4.86,5.03,512539.584
1642550400,5.03,5.04,4.85,4.91,592347.083
1642636800,4.92,5.1,4.7,4.79,459772.048
1642723200,4.79,4.84,4.07,4.18,1083717.353
1642809600,4.17,4.25,3.51,3.78,1056929.421
1642896000,3.78,4.01,3.69,3.94,307320.873
1642982400,3.94,4.25,3.52,4.22,1110814.225
1643068800,4.23,4.37,4.02,4.28,425086.964
1643155200,4.28,4.86,4.25,4.62,1059536.3
1643241600,4.61,5,4.38,4.57,766531.665
1643328000,4.56,4.72,4.44,4.57,463906.392
1643414400,4.58,5.49,4.56,5.4,1077302.559
1643500800,5.4,5.54,5.11,5.26,835945.614
1643587200,5.27,5.81,5.03,5.73,1357650.32
1643673600,5.73,5.73,5.36,5.37,453723.817
1643760000,5.38,6,5.28,5.32,1264210.922
1643846400,5.33,5.43,4.92,5.09,640590.777
1643932800,5.09,5.55,4.95,5.53,546820.281
1644019200,5.53,6.03,5.5,5.75,662807.76
1644105600,5.76,5.89,5.52,5.81,304128.886
1644192000,5.8,5.98,5.62,5.94,429982.947
1644278400,5.93,6.07,5.36,5.53,505317.08
1644364800,5.53,5.9,5.36,5.84,246408.828
1644451200,5.84,5.84,5.22,5.22,367243.73
1644537600,5.22,5.37,4.74,4.9,370792.654
1644624000,4.89,5.07,4.7,4.89,411834.444
1644710400,4.9,4.96,4.45,4.47,337477.119
1644796800,4.47,4.61,4.36,4.57,347425.17
1644883200,4.59,5.09,4.58,5.09,411454.985
1644969600,5.09,5.13,4.82,4.91,435537.748
1645056000,4.92,4.99,4.53,4.59,560420.071
1645142400,4.58,4.69,4.31,4.37,343907.777
1645228800,4.37,4.45,4.2,4.37,214705.675
1645315200,4.36,4.37,3.96,4.06,445914.211
1645401600,4.07,4.28,3.71,3.73,636330.893
1645488000,3.74,4.017,3.63,4.006,575971.69
1645574400,4.003,4.167,3.732,3.748,628001.871
1645660800,3.74,3.972,3.4,3.938,2122619.216
1645747200,3.947,4.114,3.888,4.017,822149.778
1645833600,4.018,4.169,3.842,3.874,490444.369
1645920000,3.877,4.115,3.656,3.741,567677.315
1646006400,3.732,4.158,3.628,4.154,568534.005
1646092800,4.156,4.325,4.033,4.177,561718.34
1646179200,4.176,4.211,3.941,3.976,539115.297
1646265600,3.97,4.018,3.735,3.808,559643.094
1646352000,3.81,3.813,3.551,3.618,609846.464
1646438400,3.61,3.918,3.516,3.852,914502.829
1646524800,3.85,3.902,3.544,3.553,716324.916
1646611200,3.557,3.78,3.457,3.62,631157.22
1646697600,3.621,3.98,3.585,3.912,1242998.458
1646784000,3.91,4.841,3.891,4.727,2380895.567
1646870400,4.729,4.97,4.378,4.473,1984363.553
1646956800,4.469,4.886,4.086,4.165,1506321.082
1647043200,4.167,4.346,4.113,4.182,543706.592
1647129600,4.182,4.288,3.85,3.91,485975.64
1647216000,3.907,4.028,3.874,3.965,702070.285
1647302400,3.966,4.091,3.792,3.948,659684.715
1647388800,3.954,4.309,3.864,4.215,793388.889
1647475200,4.225,4.597,4.152,4.399,909858.59
1647561600,4.405,5.241,4.342,5.029,2293219.162
1647648000,5.028,5.637,5.009,5.173,2341381.319
1647734400,5.172,5.505,4.907,5.219,1172694.789
1647820800,5.21,5.377,4.952,4.965,1076710.172
1647907200,4.969,5.388,4.923,5.174,1062969.375
1647993600,5.175,5.39,4.989,5.38,1129864.944
1648080000,5.377,5.537,5.145,5.281,1057004.097
1648166400,5.281,5.442,4.975,5.057,898099.89
1648252800,5.056,5.272,5.017,5.117,537982.6
1648339200,5.119,5.442,5.109,5.41,631419.404
1648425600,5.406,5.77,5.258,5.361,1352451.203
1648512000,5.353,5.944,5.335,5.7,1424375.911
1648598400,5.694,6.714,5.676,6.633,2440185.086
1648684800,6.627,7.34,6.554,6.818,3135315.997
1648771200,6.821,8.182,6.626,7.712,2994483.39
1648857600,7.717,7.8,7.07,7.207,1764097.741
1648944000,7.204,7.469,7.03,7.289,1385065.964
1649030400,7.284,7.413,6.667,6.952,1496011.62
1649116800,6.961,7.001,6.1,6.132,1473784.955
1649203200,6.124,6.14,5.369,5.396,1799172.069
1649289600,5.402,5.85,5.277,5.674,1286035.848
1649376000,5.669,5.796,5.164,5.215,1465760.654
1649462400,5.225,5.43,5.15,5.42,753711.051
1649548800,5.421,5.434,5.076,5.078,595604.358
1649635200,5.078,5.139,4.44,4.507,946719.201
1649721600,4.507,5.078,4.456,4.953,1848900.079
1649808000,4.959,5.201,4.832,5.156,1356847.979
1649894400,5.156,5.621,5.118,5.181,1566016.425
1649980800,5.181,5.776,5.167,5.364,1433770.364
1650067200,5.359,5.551,5.181,5.22,577116.417
1650153600,5.219,5.33,4.985,4.997,560337.744
1650240000,4.996,5.185,4.756,5.176,947765.713
1650326400,5.175,6.298,5.069,6.185,1756252.786
1650412800,6.185,7.191,5.971,6.614,3222919.207
1650499200,6.614,6.93,5.85,5.868,1977462.825
1650585600,5.873,6.031,5.415,5.479,1422978.445
1650672000,5.474,5.897,5.375,5.819,1459941.278
1650758400,5.827,6.207,5.608,5.87,1971694.713
1650844800,5.87,6.239,5.3,6.176,1949272.246
1650931200,6.164,6.775,5.361,5.405,3739151.553
1651017600,5.404,6.013,5.396,5.857,1649533.208
1651104000,5.859,5.864,5.463,5.527,1123921.476
1651190400,5.527,5.774,4.905,4.985,1538236.345
1651276800,4.992,5.14,4.233,4.373,1250627.043
1651363200,4.38,4.91,4.273,4.822,1111386.633
1651449600,4.823,4.896,4.384,4.722,1169716.966
1651536000,4.715,4.964,4.51,4.642,937550.024
1651622400,4.639,5.09,4.598,5.073,902688.585
1651708800,5.074,5.238,4.393,4.535,1335606.353
1651795200,4.531,4.767,4.306,4.612,1572117.563
1651881600,4.593,4.754,4.245,4.338,1012816.9
1651968000,4.341,4.383,4.171,4.223,1010975.409
1652054400,4.223,4.365,3.194,3.239,3199755.378
1652140800,3.242,3.778,3.121,3.281,2997964.799
1652227200,3.279,3.42,2.286,2.497,3864968.346
1652313600,2.495,2.627,2.117,2.486,3096857.343
1652400000,2.478,3.008,2.363,2.606,1745660.182
1652486400,2.611,2.771,2.391,2.748,802213.775
1652572800,2.748,3.06,2.59,3.057,1108029.851
1652659200,3.052,3.1,2.66,2.723,1458409.923
1652745600,2.725,2.988,2.64,2.89,1332685.808
1652832000,2.889,2.923,2.465,2.49,1198654.682
1652918400,2.494,2.731,2.353,2.67,1115096.247
1653004800,2.676,2.779,2.465,2.53,865343.076
1653091200,2.536,2.662,2.477,2.592,547722.922
1653177600,2.59,2.81,2.57,2.723,709581.316
1653264000,2.72,2.916,2.555,2.587,1207836.785
1653350400,2.586,2.788,2.486,2.62,1111557.285
1653436800,2.62,2.76,2.507,2.548,692398.927
1653523200,2.551,2.672,2.339,2.391,1426764.799
1653609600,2.388,2.509,2.311,2.455,1666293.559
1653696000,2.457,2.54,2.385,2.483,833945.955
1653782400,2.482,2.656,2.424,2.603,716251.659
1653868800,2.603,3.397,2.566,3.35,2299682.832
1653955200,3.348,3.44,3.003,3.126,2449281.902
1654041600,3.124,3.349,2.826,2.852,1528580.741
1654128000,2.849,3.119,2.762,3.02,1010723.145
1654214400,3.018,3.018,2.672,2.719,1094101.819
1654300800,2.721,2.728,2.581,2.686,1112348.104
1654387200,2.682,2.756,2.544,2.608,940615.753
1654473600,2.593,2.905,2.593,2.776,763870.209
1654560000,2.777,2.791,2.503,2.72,1381371.633
1654646400,2.717,2.787,2.56,2.636,743860.024
1654732800,2.633,2.788,2.594,2.694,469346.793
1654819200,2.694,2.74,2.438,2.45,757763.608
1654905600,2.45,2.541,2.268,2.326,718225.964
1654992000,2.319,2.344,2.183,2.216,1312690.886
1655078400,2.217,2.27,1.735,1.912,2687305.746
1655164800,1.891,1.943,1.687,1.854,1141164.95
1655251200,1.851,1.985,1.625,1.951,1165998.916
1655337600,1.955,2.017,1.714,1.743,654284.779
1655424000,1.741,1.806,1.701,1.715,449242.236
1655510400,1.715,1.748,1.425,1.555,746274.957
1655596800,1.555,2.2,1.484,2.092,1825373.369
1655683200,2.086,3.5,1.969,3.259,5423136.342
1655769600,3.271,3.33,2.876,3.121,4021830.701
1655856000,3.124,3.643,2.957,2.973,5425145.503
1655942400,2.978,3.238,2.934,3.111,1809649.776
1656028800,3.11,3.34,2.953,3.029,1907616.065
1656115200,3.043,3.067,2.779,2.855,1340289.543
1656201600,2.856,2.983,2.653,2.663,1002561.955
1656288000,2.668,2.8,2.4,2.424,1529930.255
1656374400,2.424,2.604,2.286,2.48,1748417.971
1656460800,2.484,2.705,2.366,2.375,2324140.742
1656547200,2.377,2.404,2.101,2.286,1434344.342
1656633600,2.281,2.333,2.159,2.228,1003853.87
1656720000,2.228,2.67,2.202,2.602,2415322.736
1656806400,2.602,2.847,2.568,2.588,2179592.436
1656892800,2.593,2.954,2.492,2.839,2093256.694
1656979200,2.841,2.849,2.531,2.648,1366753.042
1657065600,2.647,2.787,2.556,2.614,1136516.446
1657152000,2.612,2.828,2.588,2.667,1008690.444
1657238400,2.666,2.736,2.483,2.503,942636.072
1657324800,2.502,2.678,2.502,2.599,633804.199
1657411200,2.599,2.648,2.386,2.443,808471.227
1657497600,2.436,2.491,2.274,2.307,907619.621
1657584000,2.309,2.495,2.304,2.32,1379026.999
1657670400,2.321,2.56,2.219,2.514,1359961.187
1657756800,2.514,2.793,2.512,2.709,1860222.141
1657843200,2.709,2.751,2.517,2.55,1463995.505
1657929600,2.55,2.946,2.533,2.804,1354173.728
1658016000,2.805,2.864,2.643,2.657,851012.192
1658102400,2.658,3.129,2.65,2.941,2213128.026
1658188800,2.937,3.053,2.775,2.976,1720831.005
1658275200,2.977,3.2,2.8,2.859,2622498.55
1658361600,2.857,3.36,2.774,3.286,2498468.472
1658448000,3.288,3.407,2.985,3.022,1983655.552
1658534400,3.023,3.285,2.903,3.235,993737.223
1658620800,3.234,3.532,3.192,3.422,1539222.161
1658707200,3.422,3.475,2.968,2.968,1651400.238
1658793600,2.975,3.065,2.813,2.97,1239564.611
1658880000,2.971,3.76,2.879,3.75,2076561.586
1658966400,3.75,4.445,3.597,4.138,4383119.418
1659052800,4.136,4.239,3.855,4.04,2154935.209
1659139200,4.044,4.053,3.574,3.647,1450533.792
1659225600,3.64,3.836,3.523,3.563,1420992.027
1659312000,3.561,3.78,3.416,3.609,1683555.29
1659398400,3.609,4.135,3.321,3.801,3061068.593
1659484800,3.802,4.051,3.661,3.708,2241226.389
1659571200,3.705,3.978,3.641,3.779,1536842.82
1659657600,3.771,4.191,3.768,4.061,1722158.611
1659744000,4.056,4.405,4.004,4.276,1488454.305
1659830400,4.274,4.291,4.045,4.081,692602.411
1659916800,4.082,4.305,4.021,4.095,1013432.07
1660003200,4.094,4.127,3.73,3.81,972236.322
1660089600,3.804,4.207,3.707,4.201,1207115.387
1660176000,4.203,4.347,3.978,4.041,1357136.708
1660262400,4.041,4.164,3.893,4.15,879027.194
1660348800,4.145,4.155,3.959,3.971,400266.771
1660435200,3.971,4.13,3.79,3.821,491825.428
1660521600,3.818,3.953,3.588,3.696,786074.858
1660608000,3.695,3.794,3.609,3.683,507190.998
1660694400,3.676,3.846,3.433,3.503,1114025.705
1660780800,3.501,3.578,3.244,3.249,842083.363
1660867200,3.246,3.278,2.738,2.801,3266798.656
1660953600,2.808,2.914,2.639,2.747,880913.787
1661040000,2.749,3.117,2.749,3.111,964915.836
1661126400,3.112,3.116,2.788,2.999,1197339.45
1661212800,2.999,3.239,2.908,3.054,1156789.357
1661299200,3.05,3.148,2.955,3.034,632058.822
1661385600,3.035,3.109,2.915,3.017,944878.5
1661472000,3.017,3.298,2.665,2.715,3249658.04
1661558400,2.713,2.92,2.613,2.893,1278958.534
1661644800,2.89,3.153,2.828,2.966,1420506.434
1661731200,2.969,3.575,2.784,3.47,3049810.576
1661817600,3.469,3.545,2.967,2.975,1533916.778
1661904000,2.982,3.15,2.917,2.96,1203004.804
1661990400,2.957,3.174,2.795,2.931,1446154.628
1662076800,2.928,3.257,2.883,3.028,1020292.275
1662163200,3.028,3.067,2.864,2.941,871838.033
1662249600,2.94,2.989,2.9,2.984,542973.247
1662336000,2.985,3.041,2.917,3.005,650245.94
1662422400,3.005,3.096,2.711,2.793,1278320.957
1662508800,2.795,3.038,2.712,2.988,859066.827
1662595200,2.988,3.012,2.824,2.937,755710.177
1662681600,2.941,3.107,2.928,3,971654.715
1662768000,2.999,3.155,2.932,3.035,688901.627
1662854400,3.036,3.054,2.893,2.963,375990.539
1662940800,2.962,3.038,2.883,2.943,509041.638
1663027200,2.941,2.99,2.707,2.717,769303.96
1663113600,2.712,2.777,2.632,2.719,674208.06
1663200000,2.718,2.764,2.568,2.583,379714.189
1663286400,2.584,2.646,2.528,2.595,334951.275
1663372800,2.596,2.743,2.596,2.738,234550.63
1663459200,2.738,2.738,2.341,2.438,350901.656
1663545600,2.435,2.527,2.365,2.505,383453.492
1663632000,2.504,2.544,2.302,2.356,394694.234
1663718400,2.359,2.504,2.241,2.284,1035969.386
1663804800,2.293,2.556,2.283,2.503,646876.401
1663891200,2.503,2.556,2.357,2.48,470611.029
1663977600,2.491,2.534,2.404,2.413,579045.84
1664064000,2.412,2.465,2.306,2.321,623359.336
1664150400,2.32,2.348,2.249,2.325,1622930.076
1664236800,2.324,2.425,2.225,2.263,1367978.984
1664323200,2.262,2.501,2.156,2.454,1317347.712
1664409600,2.454,2.484,2.326,2.418,509398.309
1664496000,2.424,2.439,2.335,2.379,621933.258
1664582400,2.378,2.425,2.296,2.318,423377.859
1664668800,2.318,2.333,2.204,2.215,598302.855
1664755200,2.215,2.329,2.19,2.298,654466.735
1664841600,2.299,2.362,2.271,2.341,568426.089
1664928000,2.345,2.372,2.257,2.334,645570.535
1665014400,2.335,2.372,2.245,2.259,730886.954
1665100800,2.261,2.293,2.221,2.252,318531.438
1665187200,2.251,2.268,2.193,2.214,117193.852
1665273600,2.214,2.273,2.211,2.251,120209.837
1665360000,2.251,2.286,2.106,2.119,389463.525
1665446400,2.118,2.119,2.044,2.063,480073.552
1665532800,2.062,2.118,2.036,2.064,343213.649
1665619200,2.066,2.241,1.867,2.186,1378613.264
1665705600,2.188,2.26,2.041,2.07,620522.528
1665792000,2.07,2.125,2.043,2.06,306210.6
1665878400,2.06,2.359,2.06,2.28,1013801.317
1665964800,2.279,2.4,2.244,2.333,922225.922
1666051200,2.334,2.391,2.245,2.373,807229.889
1666137600,2.369,2.448,2.257,2.284,752743.506
1666224000,2.283,2.394,2.188,2.242,765601.967
1666310400,2.241,2.246,2.12,2.201,534921.152
1666396800,2.202,2.27,2.19,2.214,209608.366
1666483200,2.216,2.283,2.139,2.268,297934.877
1666569600,2.269,2.307,2.186,2.193,399587.662
1666656000,2.193,2.36,2.189,2.299,553559.758
1666742400,2.302,2.493,2.299,2.441,890206.076
1666828800,2.44,2.52,2.367,2.387,946198.152
1666915200,2.389,2.457,2.309,2.419,849990.797
1667001600,2.418,2.618,2.397,2.534,1159269.359
1667088000,2.533,2.586,2.405,2.445,712615.941
1667174400,2.446,2.527,2.386,2.505,704675.501
1667260800,2.508,2.635,2.495,2.506,847427.866
1667347200,2.507,2.537,2.326,2.37,835195.512
1667433600,2.375,2.589,2.369,2.428,1178655.191
1667520000,2.434,2.747,2.413,2.712,962248.375
1667606400,2.712,2.795,2.616,2.66,1044169.996
1667692800,2.661,2.675,2.51,2.51,450757.372
1667779200,2.513,2.778,2.455,2.592,1471522.436
1667865600,2.608,2.66,1.89,2.122,2232255.318
1667952000,2.117,2.164,1.64,1.71,802445.482
1668038400,1.709,2.056,1.679,1.943,714233.629
1668124800,1.936,1.959,1.775,1.864,314249.345
1668211200,1.859,1.86,1.587,1.617,826754.316
1668297600,1.611,1.716,1.549,1.567,589143.774
1668384000,1.569,1.884,1.544,1.812,1123871.712
1668470400,1.82,1.875,1.734,1.794,643463.83
1668556800,1.79,1.864,1.724,1.795,555184.181
1668643200,1.795,1.831,1.704,1.723,285025.172
1668729600,1.726,1.763,1.702,1.75,355542.781
1668816000,1.751,1.755,1.695,1.746,211472.738
1668902400,1.748,1.794,1.657,1.664,238987.415
1668988800,1.666,1.683,1.548,1.591,443374.675
1669075200,1.589,1.701,1.566,1.689,234309.435
1669161600,1.69,1.761,1.667,1.732,389264.733
1669248000,1.737,1.814,1.714,1.727,448672.819
1669334400,1.726,1.731,1.652,1.707,439825.352
1669420800,1.707,1.775,1.638,1.661,374058.023
1669507200,1.661,1.715,1.651,1.674,275888.751
1669593600,1.672,1.694,1.603,1.657,428362.151
1669680000,1.659,1.702,1.626,1.643,308738.183
1669766400,1.649,1.77,1.649,1.735,623158.657
1669852800,1.736,1.796,1.71,1.721,378499.021
1669939200,1.721,1.814,1.687,1.791,885228.847
1670025600,1.789,1.789,1.701,1.711,206417.198
1670112000,1.712,1.772,1.712,1.764,247685.552
1670198400,1.763,1.944,1.758,1.923,2008629.29
1670284800,1.92,2.06,1.877,1.899,1296324.474
1670371200,1.897,2.02,1.841,1.968,1953917.879
1670457600,1.967,1.987,1.91,1.937,461404.921
1670544000,1.938,1.977,1.87,1.895,424203.048
1670630400,1.897,1.927,1.887,1.921,93548.422
1670716800,1.921,1.982,1.916,1.926,171102.409
1670803200,1.925,1.933,1.823,1.888,405176.855
1670889600,1.889,1.904,1.808,1.86,375755.699
1670976000,1.859,1.93,1.829,1.872,568874.274
1671062400,1.871,1.88,1.8,1.809,117131.999
1671148800,1.81,1.825,1.524,1.544,543522.099
1671235200,1.54,1.612,1.511,1.606,332032.221
1671321600,1.606,1.626,1.591,1.614,197554.388
1671408000,1.613,1.64,1.514,1.534,236994.712
1671494400,1.535,1.653,1.53,1.62,181426.907
1671580800,1.62,1.62,1.539,1.546,243605.345
1671667200,1.547,1.577,1.528,1.573,291922.219
1671753600,1.573,1.594,1.538,1.541,185820.857
1671840000,1.539,1.544,1.51,1.518,112235.324
1671926400,1.516,1.516,1.454,1.482,186622.974
1672012800,1.482,1.505,1.449,1.487,276455.67
1672099200,1.489,1.523,1.459,1.49,216841.756
1672185600,1.489,1.503,1.433,1.442,336189.155
1672272000,1.444,1.458,1.4,1.432,476962.109
1672358400,1.435,1.456,1.399,1.453,430624.564
1672444800,1.451,1.481,1.434,1.434,168542.987
1672531200,1.434,1.478,1.426,1.478,201765.352
1672617600,1.477,1.531,1.449,1.511,209663.967
1672704000,1.51,1.542,1.498,1.527,118968.723
1672790400,1.526,1.648,1.518,1.605,499966.655
1672876800,1.605,1.617,1.531,1.541,541442.67
1672963200,1.541,1.641,1.51,1.629,472872.136
1673049600,1.629,1.764,1.617,1.683,741504.92
1673136000,1.685,1.775,1.644,1.766,367552.232
1673222400,1.764,1.834,1.737,1.762,543460.316
1673308800,1.763,1.809,1.736,1.782,277209.47
1673395200,1.781,1.821,1.703,1.821,374492.497
1673481600,1.819,1.85,1.748,1.824,503045.142
1673568000,1.833,1.945,1.8,1.924,628918.231
1673654400,1.923,2.342,1.923,2.101,1556851.642
1673740800,2.099,2.258,1.996,2.172,980390.898
1673827200,2.168,2.315,2.088,2.128,631275.628
1673913600,2.125,2.396,2.087,2.225,976857.661
1674000000,2.227,2.308,2.016,2.063,994932.873
1674086400,2.065,2.394,2.051,2.258,889685.696
1674172800,2.256,2.729,2.225,2.591,1583001.879
1674259200,2.597,2.675,2.52,2.544,1133945.391
1674345600,2.543,2.669,2.491,2.604,472809.516
1674432000,2.607,2.678,2.511,2.572,430564.436
1674518400,2.572,2.629,2.303,2.337,474352.524
1674604800,2.335,2.566,2.279,2.473,658732.884
1674691200,2.476,2.498,2.35,2.415,438326.239
1674777600,2.416,2.622,2.324,2.542,649068.216
1674864000,2.543,2.573,2.43,2.452,363413.022
1674950400,2.452,2.507,2.43,2.494,737020.793
1675036800,2.493,2.508,2.183,2.285,538046.393
1675123200,2.285,2.353,2.25,2.304,253678.638
1675209600,2.306,2.72,2.19,2.67,1239913.965
1675296000,2.671,2.75,2.497,2.513,1678452.715
1675382400,2.514,2.655,2.462,2.562,710931.498
1675468800,2.563,2.898,2.516,2.704,1703850.808
1675555200,2.701,2.762,2.499,2.559,1192278.698
1675641600,2.568,2.911,2.462,2.784,1445649.029
1675728000,2.781,2.955,2.758,2.923,2317882.468
1675814400,2.927,3.023,2.577,2.689,1719273.689
1675900800,2.689,2.717,2.29,2.374,1415683.79
1675987200,2.373,2.5,2.326,2.402,911146.702
1676073600,2.4,2.455,2.362,2.444,114150.971
1676160000,2.444,2.507,2.308,2.357,719413.954
1676246400,2.358,2.48,2.228,2.403,1372062.005
1676332800,2.4,2.504,2.314,2.488,501117.796
1676419200,2.488,2.749,2.428,2.734,1335269.85
1676505600,2.732,2.77,2.409,2.446,1960593.341
1676592000,2.448,2.668,2.423,2.621,832372.193
1676678400,2.621,2.649,2.54,2.601,887707.708
1676764800,2.601,2.777,2.565,2.616,811793.451
1676851200,2.621,2.836,2.532,2.76,1209781.517
1676937600,2.762,2.815,2.543,2.612,833296.962
1677024000,2.611,2.631,2.392,2.508,693808.737
1677110400,2.511,2.805,2.444,2.617,1558441.968
1677196800,2.621,2.794,2.468,2.647,1380121.376
1677283200,2.646,2.7,2.398,2.47,1078683.744
1677369600,2.47,2.683,2.435,2.674,1002111.218
1677456000,2.674,2.87,2.587,2.807,1619993.057
1677542400,2.807,2.971,2.766,2.783,2059127.152
1677628800,2.785,3.058,2.758,3.041,1691899.235
1677715200,3.042,3.042,2.781,2.894,873526.978
1677801600,2.894,3.06,2.556,2.884,1823778.013
1677888000,2.886,3.09,2.865,2.874,1416977.641
1677974400,2.874,3.366,2.865,3.113,1666329.504
1678060800,3.104,3.283,3.047,3.109,1384367.81
1678147200,3.109,3.154,2.806,2.927,1627664.862
1678233600,2.932,2.948,2.555,2.611,2120903.465
1678320000,2.608,2.648,2.259,2.362,2243796.505
1678406400,2.36,2.378,2.098,2.251,1471629.429
1678492800,2.247,2.339,2.002,2.207,2232199.36
1678579200,2.213,2.806,2.131,2.802,1186827.184
1678665600,2.8,3.364,2.746,3.161,4035315.895
1678752000,3.17,3.364,2.904,3.157,2743538.924
1678838400,3.154,3.391,2.532,2.659,3256087.781
1678924800,2.653,3.029,2.529,2.803,1588299.086
1679011200,2.803,3.164,2.725,3.039,1660352.319
1679097600,3.031,3.138,2.783,2.876,1906661.552
1679184000,2.876,2.998,2.803,2.881,746477.314
1679270400,2.881,3.226,2.816,3.002,4019613.441
1679356800,3.001,3.051,2.797,2.858,2096272.591
1679443200,2.857,2.9,2.586,2.689,1177812.564
1679529600,2.69,2.79,2.632,2.714,778761.725
1679616000,2.715,2.762,2.481,2.535,715047.02
1679702400,2.531,2.57,2.368,2.418,656734.638
1679788800,2.418,2.507,2.401,2.471,409058.942
1679875200,2.469,2.553,2.288,2.35,527545.756
1679961600,2.352,2.425,2.292,2.401,331455.57
1680048000,2.396,2.589,2.385,2.561,455456.041
1680134400,2.562,2.588,2.384,2.436,402643.742
1680220800,2.437,2.605,2.37,2.559,372607.271
1680307200,2.559,2.588,2.51,2.581,180331.866
1680393600,2.583,2.66,2.512,2.565,213493.792
1680480000,2.559,2.7,2.453,2.54,270543.384
1680566400,2.55,2.791,2.532,2.766,497547.951
1680652800,2.758,2.881,2.659,2.714,279049.888
1680739200,2.71,2.731,2.644,2.678,184057.318
1680825600,2.685,2.702,2.624,2.643,94484.435
1680912000,2.648,2.722,2.596,2.632,74069.883
1680998400,2.631,2.676,2.545,2.634,154567.313
1681084800,2.639,2.704,2.588,2.693,215201.207
1681171200,2.7,2.734,2.618,2.633,434619.287
1681257600,2.631,2.641,2.515,2.576,637371.788
1681344000,2.58,2.667,2.545,2.637,361160.653
1681430400,2.634,2.781,2.632,2.741,545389.469
1681516800,2.734,2.839,2.685,2.752,335466.043
1681603200,2.75,2.878,2.687,2.84,490357.656
1681689600,2.841,2.842,2.693,2.756,269438.978
1681776000,2.754,3.029,2.706,3.022,1086755.687
1681862400,3.017,3.09,2.761,2.842,1039786.944
1681948800,2.837,3.03,2.647,2.702,1342577.979
1682035200,2.7,2.737,2.456,2.492,718179.131
1682121600,2.491,2.552,2.453,2.544,236746.62
1682208000,2.544,2.546,2.41,2.484,126085.678
1682294400,2.476,2.524,2.412,2.478,138459.585
1682380800,2.477,2.485,2.327,2.485,235528.374
1682467200,2.482,2.648,2.267,2.409,1149796.126
1682553600,2.412,2.496,2.382,2.453,233597.377
1682640000,2.456,2.473,2.394,2.446,95256.431
1682726400,2.444,2.515,2.437,2.474,140429.746
1682812800,2.475,2.496,2.401,2.432,95697.857
1682899200,2.43,2.443,2.305,2.35,80940.254
1682985600,2.348,2.468,2.325,2.447,143321.129
1683072000,2.447,2.519,2.382,2.505,211135.04
1683158400,2.51,2.54,2.445,2.493,167214.839
1683244800,2.491,2.585,2.435,2.57,156464.323
1683331200,2.571,2.573,2.346,2.402,212764.667
1683417600,2.397,2.407,2.358,2.365,46229.997
1683504000,2.359,2.389,2.11,2.168,332755.936
1683590400,2.166,2.192,2.125,2.132,388498.144
1683676800,2.131,2.227,2.021,2.176,733348.357
1683763200,2.178,2.178,1.977,2.02,308420.554
1683849600,2.021,2.077,1.944,2.076,184742.984
1683936000,2.078,2.078,2.007,2.017,66383.15
1684022400,2.016,2.085,1.992,2.063,65111.571
1684108800,2.064,2.132,2.025,2.096,143498.291
1684195200,2.094,2.167,2.063,2.148,170562.016
1684281600,2.149,2.53,2.136,2.417,742309.427
1684368000,2.417,2.46,2.313,2.412,298571.72
1684454400,2.413,2.43,2.354,2.399,111346.713
1684540800,2.396,2.447,2.366,2.393,104303.048
1684627200,2.391,2.403,2.317,2.33,79002.389
1684713600,2.33,2.469,2.299,2.418,181494.348
1684800000,2.416,2.535,2.404,2.464,220559.678
1684886400,2.464,2.637,2.363,2.426,528935.837
1684972800,2.427,2.429,2.251,2.314,220925.846
1685059200,2.312,2.437,2.3,2.407,182221.007
1685145600,2.41,2.456,2.388,2.405,80988.664
1685232000,2.406,2.536,2.394,2.49,204686.08
1685318400,2.491,2.504,2.374,2.411,154165.332
1685404800,2.412,2.472,2.384,2.401,183986.049
1685491200,2.4,2.433,2.307,2.328,304670.881
1685577600,2.324,2.392,2.294,2.325,235918.611
1685664000,2.323,2.405,2.301,2.381,101110.074
1685750400,2.379,2.38,2.331,2.358,86752.846
1685836800,2.357,2.394,2.329,2.359,59881.192
1685923200,2.36,2.386,2.101,2.235,455479.151
1686009600,2.235,2.332,2.165,2.299,393784.861
1686096000,2.3,2.3,2.092,2.105,179100.707
1686182400,2.104,2.151,2.057,2.066,767235.076
1686268800,2.066,2.09,2.016,2.055,296041.815
1686355200,2.057,2.057,1.608,1.741,1288442.005
1686441600,1.743,1.825,1.726,1.782,171249.381
1686528000,1.781,1.899,1.71,1.805,471526.195
1686614400,1.806,1.864,1.763,1.812,165765.494
1686700800,1.811,1.865,1.748,1.772,218562.509
1686787200,1.775,1.792,1.716,1.754,171313.509
1686873600,1.753,1.848,1.728,1.823,83070.592
1686960000,1.822,1.891,1.808,1.862,70909.448
1687046400,1.862,1.888,1.788,1.806,110625.553
1687132800,1.806,1.838,1.782,1.804,67822.669
1687219200,1.803,1.918,1.764,1.908,141493.232
1687305600,1.906,2.001,1.901,1.962,215174.35
1687392000,1.962,1.992,1.899,1.916,223482.922
1687478400,1.915,2.01,1.891,1.983,150039.883
1687564800,1.982,1.995,1.887,1.929,126026.061
1687651200,1.928,2.43,1.918,2.186,1213061.781
1687737600,2.186,2.188,2.057,2.073,441817.034
1687824000,2.075,2.18,2.061,2.124,781995.395
1687910400,2.124,2.124,1.9,2.031,237515.686
1687996800,2.031,2.389,2.013,2.219,613378.485
1688083200,2.223,2.423,2.101,2.291,780014.609
1688169600,2.293,2.319,2.248,2.294,104629.93
1688256000,2.292,2.383,2.239,2.343,260178.018
1688342400,2.345,2.396,2.202,2.214,464166.039
1688428800,2.219,2.285,2.143,2.182,302602.598
1688515200,2.186,2.195,2.06,2.118,197550.946
1688601600,2.12,2.186,2.041,2.061,167886.634
1688688000,2.063,2.109,2.035,2.102,107850.279
1688774400,2.102,2.133,2.055,2.091,61232.041
1688860800,2.089,2.117,2.067,2.074,76929.449
1688947200,2.075,2.094,1.979,2.043,235433.145
1689033600,2.045,2.062,2.005,2.033,109633.367
1689120000,2.03,2.08,1.993,2.052,205003.211
1689206400,2.05,2.192,1.993,2.187,426019.461
1689292800,2.19,3.299,2.174,2.74,3375553.911
1689379200,2.734,2.954,2.553,2.825,1527487.28
1689465600,2.819,2.89,2.616,2.648,586742.666
1689552000,2.64,2.802,2.532,2.661,580069.01
1689638400,2.664,2.768,2.582,2.612,539372.19
1689724800,2.61,2.833,2.596,2.711,544617.932
1689811200,2.714,3.18,2.697,2.907,1116474.92
1689897600,2.906,3.224,2.859,2.992,736379.362
1689984000,2.995,3.088,2.935,3.008,349936.834
1690070400,3.002,3.139,2.862,2.898,439693.363
1690156800,2.893,2.933,2.725,2.774,426017.824
1690243200,2.777,2.827,2.71,2.749,220876.14
1690329600,2.747,2.967,2.57,2.832,765189.371
1690416000,2.831,3.019,2.783,2.864,323994.746
1690502400,2.86,2.912,2.76,2.821,465674.079
1690588800,2.816,2.882,2.793,2.843,368035.316
1690675200,2.843,2.849,2.635,2.719,413746.53
1690761600,2.715,2.794,2.526,2.57,879669.272
1690848000,2.564,2.574,2.363,2.493,927958.579
1690934400,2.489,2.619,2.421,2.472,775398.688
1691020800,2.472,2.495,2.394,2.406,593997.568
1691107200,2.404,2.581,2.357,2.495,698796.118
1691193600,2.496,2.548,2.46,2.541,337991.986
1691280000,2.54,2.598,2.522,2.543,403066.947
1691366400,2.543,2.643,2.462,2.52,379453.144
1691452800,2.52,2.619,2.434,2.584,853349.062
1691539200,2.577,2.639,2.565,2.595,330487.812
1691625600,2.591,2.656,2.555,2.586,456181.795
1691712000,2.586,2.605,2.519,2.544,265794.703
1691798400,2.545,2.565,2.519,2.545,77070.872
1691884800,2.547,2.547,2.479,2.499,50239.52
1691971200,2.494,2.544,2.464,2.486,134259.867
1692057600,2.487,2.51,2.262,2.342,351811.817
1692144000,2.341,2.376,2.256,2.307,510529.825
1692230400,2.307,2.35,1.892,2.078,573375.593
1692316800,2.077,2.19,2.047,2.18,351786.313
1692403200,2.181,2.248,2.168,2.243,100795.271
1692489600,2.241,2.262,2.139,2.147,154135.349
1692576000,2.146,2.155,2.066,2.09,274908.722
1692662400,2.09,2.116,1.984,2.068,609099.325
1692748800,2.068,2.247,2.041,2.134,662582.113
1692835200,2.135,2.16,2.039,2.074,209312.47
1692921600,2.074,2.1,2.004,2.061,314929.496
1693008000,2.063,2.085,2.049,2.074,68503.693
1693094400,2.072,2.155,2.07,2.108,134281.302
1693180800,2.108,2.142,2.074,2.075,535089.924
1693267200,2.074,2.138,2.029,2.056,3602828.146
1693353600,2.058,2.085,1.986,1.99,919528.779
1693440000,1.987,2.027,1.892,1.926,715948.487
1693526400,1.927,1.957,1.899,1.932,297138.296
1693612800,1.933,1.982,1.907,1.969,130870.504
1693699200,1.97,2.038,1.95,1.999,449387.262
1693785600,2.001,2.305,1.997,2.183,1350797.303
1693872000,2.182,2.303,2.125,2.258,362416.586
1693958400,2.258,2.552,2.214,2.288,1214544.342
1694044800,2.287,2.375,2.275,2.292,400876.18
1694131200,2.293,2.319,2.151,2.171,269050.716
1694217600,2.171,2.26,2.135,2.173,279163.473
1694304000,2.17,2.193,2.057,2.139,232686.188
1694390400,2.142,2.157,2.013,2.043,168122.622
1694476800,2.043,2.164,2.027,2.036,387875.509
1694563200,2.037,2.153,2.03,2.086,277341.522
1694649600,2.088,2.181,2.065,2.121,318243.959
1694736000,2.119,2.191,2.107,2.187,199590.549
1694822400,2.189,2.259,2.176,2.194,158292.797
1694908800,2.192,2.192,2.106,2.131,145156.863
1694995200,2.128,2.209,2.107,2.165,170600.105
1695081600,2.164,2.194,2.137,2.155,120273.611
1695168000,2.156,2.204,2.084,2.105,223865.845
1695254400,2.107,2.143,2.03,2.056,167676.6
1695340800,2.054,2.129,2.037,2.128,173925.654
1695427200,2.128,2.139,1.95,2.002,410436.46
1695513600,2.001,2.005,1.941,1.954,182316.451
1695600000,1.954,2.002,1.935,1.987,144358.584
1695686400,1.985,1.997,1.96,1.989,56051.612
1695772800,1.989,2.076,1.989,2.025,551629.865
1695859200,2.025,2.103,1.99,2.069,575940.496
1695945600,2.071,2.125,2.043,2.063,183868.404
1696032000,2.065,2.107,2.036,2.083,94114.439
1696118400,2.081,2.191,2.079,2.17,211633.386
1696204800,2.169,2.177,2.047,2.065,355500.827
1696291200,2.066,2.116,2.029,2.037,290373.351
1696377600,2.032,2.051,1.965,2.041,231946.513
1696464000,2.042,2.051,1.972,1.975,121616.338
1696550400,1.979,2.061,1.967,2.036,228560.987
1696636800,2.037,2.039,1.996,2.005,62717.937
1696723200,2.007,2.03,1.98,2.025,60188.993
1696809600,2.025,2.025,1.875,1.927,311227.704
1696896000,1.925,1.967,1.89,1.923,290510.062
1696982400,1.927,1.944,1.88,1.927,86423.388
1697068800,1.926,1.931,1.84,1.847,246738.522
1697155200,1.847,1.887,1.829,1.875,97791.067
1697241600,1.872,1.878,1.848,1.852,32426.746
1697328000,1.851,1.878,1.844,1.872,80956.246
1697414400,1.873,1.97,1.869,1.925,144002.665
1697500800,1.926,1.959,1.878,1.935,160528.122
1697587200,1.934,1.971,1.908,1.91,160693.801
1697673600,1.908,1.937,1.856,1.905,170720.371
1697760000,1.904,1.993,1.896,1.975,105294.065
1697846400,1.973,2.112,1.951,2.07,637531.671
1697932800,2.07,2.139,2.058,2.12,231221.304
1698019200,2.126,2.247,2.117,2.239,852018.825
1698105600,2.241,2.365,2.173,2.289,742046.967
1698192000,2.288,2.401,2.256,2.362,614222.778
1698278400,2.361,2.467,2.273,2.314,855760.869
1698364800,2.31,2.324,2.224,2.286,194831.326
1698451200,2.291,2.338,2.263,2.321,268412.237
1698537600,2.321,2.352,2.277,2.323,194850.681
1698624000,2.325,2.351,2.265,2.325,135803.009
1698710400,2.326,2.347,2.177,2.265,265502.098
1698796800,2.263,2.386,2.173,2.353,415904.193
1698883200,2.361,2.506,2.306,2.342,416759.752
1698969600,2.343,2.416,2.256,2.403,155555.976
1699056000,2.393,2.454,2.378,2.434,193286.06
1699142400,2.433,2.53,2.411,2.487,303199.037
1699228800,2.483,2.64,2.466,2.578,817542.623
1699315200,2.583,2.583,2.398,2.488,163583.04
1699401600,2.481,2.698,2.46,2.641,417821.766
1699488000,2.642,2.803,2.35,2.642,895156.695
1699574400,2.645,2.735,2.549,2.715,449088.021
1699660800,2.714,2.766,2.576,2.667,345330.025
1699747200,2.675,2.941,2.575,2.873,845176.839
1699833600,2.87,2.973,2.562,2.569,692223.219
1699920000,2.564,2.689,2.442,2.607,601369.346
1700006400,2.606,3.09,2.606,3.041,939694.608
1700092800,3.036,3.33,2.841,2.877,1894665.26
1700179200,2.877,3.112,2.77,2.973,762313.813
1700265600,2.973,2.982,2.74,2.977,596197.322
1700352000,2.981,3.479,2.857,3.431,1138167.573
1700438400,3.447,3.737,3.31,3.483,1552874.344
1700524800,3.477,3.56,3.123,3.222,1439576.78
1700611200,3.222,3.808,3.222,3.417,2064996.135
1700697600,3.42,3.522,3.344,3.369,676548.547
1700784000,3.367,3.663,3.355,3.617,1026007.786
1700870400,3.611,3.78,3.58,3.634,534162.188
1700956800,3.639,3.645,3.376,3.435,314750.544
1701043200,3.445,3.474,3.193,3.29,475983.68
1701129600,3.295,3.431,3.209,3.405,551225.63
1701216000,3.409,3.535,3.284,3.352,606826.302
1701302400,3.35,3.392,3.263,3.307,412881.309
1701388800,3.31,3.468,3.272,3.426,467989.7
1701475200,3.427,3.71,3.413,3.647,946491.764
1701561600,3.654,3.977,3.645,3.815,740080.252
1701648000,3.815,3.922,3.572,3.739,1200455.138
1701734400,3.741,4.154,3.517,4.052,1122347.288
1701820800,4.052,4.057,3.637,3.658,781250.981
1701907200,3.658,3.879,3.639,3.744,1099490.046
1701993600,3.742,3.88,3.711,3.852,611989.654
1702080000,3.853,3.935,3.725,3.882,750751.644
1702166400,3.89,4.472,3.869,4.393,2372182.222
1702252800,4.396,5,3.879,4.536,2836825.827
1702339200,4.533,4.95,4.12,4.23,2132260.002
1702425600,4.232,4.524,3.934,4.374,1581216.236
1702512000,4.377,4.401,4.045,4.325,907870.961
1702598400,4.332,4.335,4.001,4.013,1044166.122
1702684800,4.017,4.202,3.964,4.054,550087.833
1702771200,4.052,4.093,3.756,3.766,681375.851
1702857600,3.766,3.808,3.42,3.704,1431756.258
1702944000,3.707,3.811,3.55,3.598,779366.688
1703030400,3.595,3.84,3.581,3.722,1005838.062
1703116800,3.723,3.943,3.7,3.816,1375089.083
1703203200,3.822,4.248,3.82,4.224,2079003.772
1703289600,4.225,4.346,3.9,4.038,1944177.774
1703376000,4.05,4.237,3.984,4.084,1110711.812
1703462400,4.088,4.254,3.957,4.054,936095.05
1703548800,4.06,4.101,3.615,3.856,1315907.589
1703635200,3.863,4.37,3.738,4.158,1898942.915
1703721600,4.159,4.454,4.023,4.048,1523100.761
1703808000,4.048,4.164,3.771,3.889,1340469.281
1703894400,3.89,3.974,3.785,3.851,585354.001
1703980800,3.856,4.058,3.751,3.859,1391835.371
1704067200,3.861,4.099,3.856,4.09,913126.388
1704153600,4.089,4.22,3.869,3.897,766974.676
1704240000,3.897,3.998,3.233,3.491,1930660.942
1704326400,3.492,3.685,3.423,3.628,1094650.888
1704412800,3.628,3.682,3.222,3.437,1726577.666
1704499200,3.437,3.579,3.29,3.465,1947328.814
1704585600,3.468,3.578,3.272,3.308,636564.753
1704672000,3.307,3.46,3.08,3.356,3292199.376
1704758400,3.355,3.369,3.128,3.328,1500610.172
1704844800,3.328,3.926,3.32,3.866,3265994.829
1704931200,3.868,4.063,3.767,3.94,2393506.288
1705017600,3.948,4.057,3.583,3.746,1319147.666
1705104000,3.748,3.796,3.62,3.755,535613.466
1705190400,3.758,3.758,3.522,3.534,467729.219
1705276800,3.544,3.691,3.52,3.544,614640.361
1705363200,3.546,3.651,3.442,3.632,761466.937
1705449600,3.631,3.658,3.508,3.582,342344.113
1705536000,3.584,3.584,3.267,3.354,445024.683
1705622400,3.364,3.408,3.167,3.345,386096.379
1705708800,3.341,3.37,3.25,3.321,275525.272
1705795200,3.319,3.391,3.272,3.275,261019.953
1705881600,3.276,3.406,3.183,3.192,863789.754
1705968000,3.193,3.239,2.984,3.109,664580.189
1706054400,3.112,3.221,3.065,3.203,372349.982
1706140800,3.204,3.225,3.043,3.121,489728.336
1706227200,3.119,3.283,3.097,3.222,626485.843
1706313600,3.221,3.28,3.205,3.235,245134.273
1706400000,3.233,3.312,3.136,3.172,243165.739
1706486400,3.171,3.264,3.138,3.258,476355.491
1706572800,3.258,3.296,3.199,3.213,858302.754
1706659200,3.213,3.22,3.029,3.054,407875.636
1706745600,3.056,3.16,3.009,3.149,256896.126
1706832000,3.152,3.203,3.124,3.176,218903.096
1706918400,3.179,3.199,3.104,3.11,145870.048
1707004800,3.107,3.202,3.046,3.095,284068.828
1707091200,3.095,3.134,3.036,3.076,194066.324
1707177600,3.074,3.241,3.069,3.215,447407.142
1707264000,3.219,3.39,3.205,3.344,730942.792
1707350400,3.348,3.447,3.315,3.348,384817.744
1707436800,3.35,3.58,3.35,3.482,816772.36
1707523200,3.484,3.576,3.416,3.459,324623.179
1707609600,3.462,3.512,3.402,3.482,356705.66
1707696000,3.482,3.662,3.368,3.624,638045.434
1707782400,3.619,3.676,3.472,3.612,446611.631
1707868800,3.612,4.1,3.579,3.669,1338794.845
1707955200,3.669,3.837,3.628,3.728,997503.488
1708041600,3.729,3.749,3.539,3.644,476920.986
1708128000,3.641,3.701,3.517,3.67,270215.268
1708214400,3.672,3.796,3.615,3.761,368013.648
1708300800,3.763,3.935,3.722,3.817,670611.237
1708387200,3.819,3.852,3.547,3.699,559885.816
1708473600,3.697,3.708,3.394,3.532,441203.078
1708560000,3.535,3.613,3.438,3.506,512797.932
1708646400,3.515,3.862,3.399,3.667,1744514.585
1708732800,3.669,4.173,3.642,4.041,2654590.991
1708819200,4.042,4.07,3.848,3.922,1157876.102
1708905600,3.918,4.195,3.9,4.098,1197676.366
1708992000,4.105,4.143,3.863,3.875,828340.166
1709078400,3.875,4.075,3.5,3.973,1974319.535
1709164800,3.973,4.55,3.931,4.183,1446682.346
1709251200,4.186,4.592,4.185,4.544,1545967.681
1709337600,4.544,4.745,4.45,4.624,1123856.038
1709424000,4.623,4.725,4.047,4.438,966714.724
1709510400,4.446,4.597,4.284,4.415,962915.829
1709596800,4.422,4.696,3.42,4.02,3542206.393
1709683200,4.016,4.454,3.865,4.37,1709668.977
1709769600,4.371,4.582,4.338,4.505,1012574.137
1709856000,4.51,4.582,4.163,4.305,756481.389
1709942400,4.3,4.483,4.286,4.352,613743.043
1710028800,4.352,4.53,4.197,4.372,779298.058
1710115200,4.373,4.779,4.1,4.733,1302166.854
1710201600,4.736,5.153,4.465,5.091,1677135.004
1710288000,5.083,5.285,4.844,4.951,1049787.787
1710374400,4.949,4.991,4.455,4.743,575626.331
1710460800,4.747,4.795,4.078,4.274,1150077.759
1710547200,4.28,4.408,3.872,3.997,1318242.709
1710633600,3.998,4.176,3.81,4.094,598621.629
1710720000,4.089,4.216,3.809,3.892,873114.315
1710806400,3.888,3.931,3.47,3.559,941861.247
1710892800,3.553,4.006,3.437,4.001,914820.32
1710979200,4.002,4.424,3.972,4.365,1515855.094
1711065600,4.366,4.488,4.157,4.291,1084790.194
1711152000,4.291,4.514,4.22,4.402,556644.374
1711238400,4.396,4.773,4.335,4.59,1183132.901
1711324800,4.58,5.24,4.535,5.107,1917062.187
1711411200,5.107,5.165,4.841,4.919,893284.906
1711497600,4.92,5.087,4.739,4.777,1118339.227
1711584000,4.777,5.115,4.655,5.057,1172690.516
1711670400,5.055,5.105,4.703,4.764,623559.035
1711756800,4.764,4.795,4.531,4.564,364471.347
1711843200,4.563,4.743,4.541,4.663,467255.97
1711929600,4.664,4.715,4.286,4.409,1188722.768
1712016000,4.412,4.417,4.004,4.015,839365.124
1712102400,4.022,4.214,3.883,3.978,764795.035
1712188800,3.977,4.165,3.865,4.084,291344.967
1712275200,4.078,4.078,3.833,3.907,307216.403
1712361600,3.909,4,3.89,3.974,139084.906
1712448000,3.97,4.047,3.925,4.007,257310.317
1712534400,4.005,4.403,3.913,4.323,258083.419
1712620800,4.334,4.373,3.981,3.995,741836.902
1712707200,3.992,4.023,3.714,3.926,460061.577
1712793600,3.922,4.048,3.79,3.873,630129.512
1712880000,3.864,3.943,2.986,3.25,1048256.341
1712966400,3.247,3.274,2.468,2.809,1027259.207
1713052800,2.805,3.014,2.666,2.976,676799.549
1713139200,2.972,3.252,2.828,2.947,933030.211
1713225600,2.942,2.987,2.767,2.89,838776.639
1713312000,2.886,2.935,2.696,2.787,1051348.016
1713398400,2.786,2.885,2.701,2.869,650835.973
1713484800,2.87,3.028,2.632,2.955,748583.739
1713571200,2.959,3.148,2.916,3.121,290285.716
1713657600,3.122,3.193,2.99,3.059,325566.363
1713744000,3.066,3.181,3.044,3.152,389143.094
1713830400,3.15,3.185,2.987,3.016,281106.058
1713916800,3.019,3.124,2.812,2.859,524608.422
1714003200,2.851,3.016,2.763,2.958,498625.363
1714089600,2.957,2.985,2.854,2.874,292747.816
1714176000,2.878,2.991,2.762,2.943,293083.395
1714262400,2.938,3.027,2.928,2.952,334834.446
1714348800,2.956,3.01,2.813,2.9,416822.385
1714435200,2.902,2.933,2.559,2.653,532217.696
1714521600,2.652,2.702,2.471,2.649,356294.387
1714608000,2.648,2.693,2.562,2.655,385234.295
1714694400,2.656,2.859,2.643,2.836,296503.528
1714780800,2.836,2.885,2.807,2.812,212477.789
1714867200,2.82,2.878,2.757,2.842,207371.176
1714953600,2.843,2.952,2.764,2.77,257048.383
1715040000,2.77,2.799,2.605,2.616,385903.326
1715126400,2.616,2.625,2.534,2.548,573699.749
1715212800,2.549,2.678,2.495,2.657,251866.081
1715299200,2.657,2.735,2.556,2.58,255589.338
1715385600,2.581,2.63,2.56,2.562,124353.675
1715472000,2.561,2.608,2.521,2.537,117606.004
1715558400,2.534,2.59,2.408,2.415,368051.269
1715644800,2.416,2.441,2.327,2.348,280938.111
1715731200,2.344,2.597,2.331,2.57,242689.422
1715817600,2.575,2.628,2.502,2.556,174501.476
1715904000,2.557,2.755,2.535,2.659,266122.958
1715990400,2.659,2.715,2.649,2.686,145673.43
1716076800,2.685,2.703,2.54,2.567,98905.801
1716163200,2.57,2.953,2.51,2.936,453183.738
1716249600,2.942,3.028,2.898,2.925,587999.956
1716336000,2.923,2.929,2.803,2.86,318511.6
1716422400,2.861,2.981,2.675,2.875,672037.669
1716508800,2.87,2.975,2.772,2.888,239100.337
1716595200,2.894,3.045,2.859,2.937,367443.53
1716681600,2.932,3.057,2.878,3.014,333337.39
1716768000,3.017,3.333,2.998,3.118,704613.489
1716854400,3.118,3.13,2.952,2.978,297120.657
1716940800,2.983,3.033,2.862,2.871,234144.826
1717027200,2.871,2.914,2.74,2.78,321046.485
1717113600,2.776,2.872,2.762,2.837,230186.657
1717200000,2.843,2.988,2.832,2.896,199213.753
1717286400,2.902,2.913,2.708,2.716,227831.739
1717372800,2.716,2.752,2.611,2.623,442774.702
1717459200,2.621,2.755,2.617,2.752,422107.153
1717545600,2.753,2.823,2.74,2.808,222225.876
1717632000,2.806,2.806,2.706,2.749,166571.997
1717718400,2.747,2.782,2.284,2.512,561554.72
1717804800,2.511,2.536,2.368,2.396,157581.918
1717891200,2.395,2.457,2.374,2.431,123572.231
1717977600,2.432,2.452,2.362,2.381,169177.313
1718064000,2.383,2.389,2.2,2.236,313511.997
1718150400,2.236,2.406,2.193,2.348,255909.845
1718236800,2.344,2.345,2.171,2.2,170406.843
1718323200,2.199,2.234,2.053,2.132,238946.243
1718409600,2.127,2.234,2.126,2.181,143436.727
1718496000,2.181,2.222,2.141,2.204,106417.012
1718582400,2.199,2.219,1.955,1.999,255810.715
1718668800,2.001,2.006,1.816,1.908,852881.633
1718755200,1.906,2.03,1.886,1.985,253456.609
1718841600,1.985,2.086,1.974,1.989,169667.114
1718928000,1.989,2.041,1.962,2.007,250098.965
1719014400,2.006,2.008,1.964,1.98,76346.385
1719100800,1.975,2.047,1.955,1.957,152127.1
1719187200,1.958,2.008,1.841,2.003,302907.495
1719273600,2.004,2.079,1.992,2.026,219510.266
1719360000,2.024,2.053,1.948,1.993,121924.832
1719446400,1.991,2.046,1.94,2.018,94757.651
1719532800,2.017,2.104,1.95,1.96,177628.187
1719619200,1.965,1.981,1.892,1.911,118451.432
1719705600,1.912,1.995,1.888,1.993,120263.622
1719792000,1.992,2.066,1.96,1.996,152702.888
1719878400,1.99,2.011,1.946,1.982,131453.62
1719964800,1.985,1.986,1.839,1.859,305270.008
1720051200,1.86,1.874,1.639,1.651,488492.134
1720137600,1.652,1.653,1.396,1.528,1038824.401
1720224000,1.528,1.66,1.527,1.653,391180.593
1720310400,1.653,1.662,1.521,1.53,212285.753
1720396800,1.532,1.647,1.481,1.603,412500.802
1720483200,1.599,1.663,1.579,1.655,209185.541
1720569600,1.656,1.693,1.625,1.653,379230.288
1720656000,1.652,1.688,1.617,1.617,313031.631
1720742400,1.617,1.705,1.609,1.688,314899.979
1720828800,1.689,1.716,1.657,1.691,194633.864
1720915200,1.691,1.871,1.686,1.842,412276.288
1721001600,1.843,1.94,1.83,1.927,665427.549
1721088000,1.927,1.954,1.82,1.904,645943.688
1721174400,1.906,1.967,1.895,1.93,242719.149
1721260800,1.932,2.031,1.886,1.921,265606.047
1721347200,1.921,1.983,1.88,1.967,186273.049
1721433600,1.962,1.999,1.824,1.89,261752.466
1721520000,1.885,1.919,1.811,1.915,233694.125
1721606400,1.919,1.924,1.811,1.814,271146.442
1721692800,1.814,1.851,1.741,1.772,289556.879
1721779200,1.768,1.799,1.674,1.697,236120.538
1721865600,1.696,1.733,1.601,1.652,310012.986
1721952000,1.65,1.747,1.638,1.743,176368.536
1722038400,1.741,1.754,1.666,1.717,131546.421
1722124800,1.716,1.83,1.671,1.759,230145.774
1722211200,1.753,1.839,1.752,1.805,199479.72
1722297600,1.801,1.832,1.705,1.712,265034.944
1722384000,1.717,1.75,1.645,1.646,485066.63
1722470400,1.647,1.67,1.53,1.627,344420.871
1722556800,1.629,1.639,1.49,1.512,262315.706
1722643200,1.51,1.552,1.412,1.446,307503.993
1722729600,1.451,1.488,1.326,1.355,337645.487
1722816000,1.355,1.368,1.085,1.236,892459.944
1722902400,1.236,1.333,1.233,1.281,402395.856
1722988800,1.287,1.341,1.192,1.203,386410.422
1723075200,1.206,1.37,1.183,1.368,231869.188
1723161600,1.37,1.37,1.276,1.31,301892.962
1723248000,1.309,1.328,1.287,1.317,149993.601
1723334400,1.318,1.359,1.215,1.221,133466.741
1723420800,1.228,1.379,1.22,1.347,383341.651
1723507200,1.344,1.379,1.308,1.374,134173.701
1723593600,1.375,1.385,1.3,1.342,327420.656
1723680000,1.337,1.366,1.281,1.322,196091.823
1723766400,1.318,1.352,1.277,1.332,95586.637
1723852800,1.331,1.391,1.317,1.391,142813.011
1723939200,1.392,1.433,1.379,1.379,328372.738
1724025600,1.379,1.434,1.359,1.415,254008.738
1724112000,1.415,1.47,1.373,1.396,419051.77
1724198400,1.397,1.551,1.386,1.53,252580.969
1724284800,1.534,1.541,1.489,1.507,190076.436
1724371200,1.505,1.667,1.503,1.639,255207.718
1724457600,1.646,1.746,1.627,1.653,487470.443
1724544000,1.655,1.658,1.565,1.59,290681.917
1724630400,1.593,1.608,1.506,1.509,152638.464
1724716800,1.51,1.54,1.362,1.39,294292.279
1724803200,1.389,1.42,1.322,1.365,458711.901
1724889600,1.365,1.418,1.348,1.361,315657.105
1724976000,1.364,1.405,1.3,1.371,406450.433
1725062400,1.37,1.372,1.315,1.338,49210.018
1725148800,1.334,1.344,1.252,1.262,153522.668
1725235200,1.261,1.34,1.254,1.328,94183.791
1725321600,1.329,1.352,1.268,1.283,84230.69
1725408000,1.282,1.401,1.219,1.367,348413.58
1725494400,1.367,1.37,1.266,1.277,184873.271
1725580800,1.276,1.304,1.152,1.236,615902.312
1725667200,1.236,1.305,1.229,1.267,113046.183
1725753600,1.263,1.306,1.249,1.295,62925.267
1725840000,1.292,1.368,1.289,1.348,163154.679
1725926400,1.347,1.424,1.335,1.407,168680.014
1726012800,1.406,1.43,1.349,1.367,189598.807
1726099200,1.374,1.406,1.356,1.383,88127.36
1726185600,1.388,1.472,1.376,1.464,167930.034
1726272000,1.464,1.467,1.426,1.438,93705.747
1726358400,1.44,1.48,1.351,1.369,156570.085
1726444800,1.365,1.393,1.313,1.33,95872.146
1726531200,1.325,1.423,1.306,1.417,209455.535
1726617600,1.42,1.449,1.326,1.449,200394.26
1726704000,1.448,1.535,1.444,1.488,373688.273
1726790400,1.49,1.589,1.474,1.579,213399.023
1726876800,1.583,1.627,1.545,1.619,254353.302
1726963200,1.616,1.618,1.49,1.53,169826.311
1727049600,1.529,1.634,1.5,1.595,286536.143
1727136000,1.599,1.7,1.568,1.678,293403.887
1727222400,1.678,1.72,1.644,1.659,224011.436
1727308800,1.662,1.735,1.627,1.697,201305.845
1727395200,1.698,1.736,1.678,1.721,197746.58
1727481600,1.721,1.767,1.655,1.694,155728.322
1727568000,1.696,1.707,1.644,1.679,102449.434
1727654400,1.673,1.679,1.567,1.58,198976.307
1727740800,1.579,1.613,1.388,1.414,345295.083
1727827200,1.411,1.468,1.32,1.343,400066.629
1727913600,1.343,1.373,1.294,1.339,256913.765
1728000000,1.338,1.407,1.329,1.39,187335.479
1728086400,1.392,1.424,1.367,1.389,98847.667
1728172800,1.387,1.437,1.384,1.432,68789.086
1728259200,1.431,1.514,1.429,1.456,192709.292
1728345600,1.457,1.47,1.391,1.406,157170.968
1728432000,1.411,1.433,1.352,1.361,120989.839
1728518400,1.362,1.417,1.356,1.417,226942.832
1728604800,1.415,1.467,1.404,1.454,123812.308
1728691200,1.455,1.502,1.448,1.479,93145.334
1728777600,1.478,1.48,1.418,1.454,64861.046
1728864000,1.454,1.568,1.44,1.551,194663.634
1728950400,1.551,1.555,1.448,1.499,223265.061
1729036800,1.5,1.52,1.461,1.469,116705.02
1729123200,1.472,1.483,1.408,1.439,91137.462
1729209600,1.439,1.461,1.423,1.448,109976.511
1729296000,1.45,1.471,1.435,1.456,77063.078
1729382400,1.459,1.629,1.436,1.623,431504.967
1729468800,1.624,1.634,1.505,1.521,229936.836
1729555200,1.526,1.55,1.495,1.525,130616.747
1729641600,1.531,1.538,1.408,1.455,111629.991
1729728000,1.455,1.524,1.453,1.509,238664.451
1729814400,1.511,1.525,1.35,1.4,385178.125
1729900800,1.392,1.414,1.355,1.4,141945.817
1729987200,1.398,1.42,1.383,1.412,124338.668
1730073600,1.414,1.42,1.327,1.395,247162.085
1730160000,1.396,1.508,1.396,1.499,388336.892
1730246400,1.497,1.519,1.468,1.48,192978.608
1730332800,1.481,1.49,1.37,1.385,135752.87
1730419200,1.391,1.425,1.363,1.386,217605.939
1730505600,1.386,1.404,1.346,1.352,118863.396
1730592000,1.353,1.356,1.236,1.281,550630.468
1730678400,1.282,1.318,1.229,1.249,344870.264
1730764800,1.253,1.321,1.251,1.297,173688.555
1730851200,1.297,1.492,1.297,1.485,894977.116
1730937600,1.483,1.545,1.465,1.496,495770.328
1731024000,1.5,1.63,1.477,1.572,632003.587
1731110400,1.573,1.646,1.545,1.611,329013.355
1731196800,1.612,1.709,1.56,1.645,640066.935
1731283200,1.646,1.733,1.592,1.726,552592.228
1731369600,1.724,1.74,1.535,1.608,918452.521
1731456000,1.603,1.623,1.464,1.525,686337.271
1731542400,1.526,1.584,1.468,1.49,403478.421
1731628800,1.496,1.555,1.446,1.55,368472.065
1731715200,1.552,1.71,1.547,1.694,558500.891
1731801600,1.694,1.717,1.592,1.616,367065.204
1731888000,1.617,1.906,1.612,1.816,892204.98
1731974400,1.816,1.816,1.717,1.769,456493.948
1732060800,1.768,1.783,1.636,1.659,307892.212
1732147200,1.657,1.867,1.603,1.845,558221.705
1732233600,1.84,1.907,1.76,1.904,573167.019
1732320000,1.902,2.179,1.881,2.103,1305281.219
1732406400,2.103,2.244,1.962,2.138,1264182.439
1732492800,2.135,2.455,2.05,2.228,2859833.908
1732579200,2.227,2.329,2.074,2.21,1234979.427
1732665600,2.211,2.55,2.169,2.417,1517143.302
1732752000,2.42,2.425,2.231,2.381,1918531.818
1732838400,2.379,2.407,2.297,2.378,450096.687
1732924800,2.375,2.674,2.359,2.626,851059.892
1733011200,2.628,2.628,2.463,2.531,605502.513
1733097600,2.531,2.748,2.382,2.745,1164025.855
1733184000,2.744,2.982,2.643,2.958,1684065.368
1733270400,2.956,3.215,2.816,3.038,2093663.366
1733356800,3.03,3.112,2.818,2.938,1462337.853
1733443200,2.939,3.369,2.937,3.258,1589716.273
1733529600,3.258,3.394,3.085,3.196,845820.135
1733616000,3.192,3.691,3.076,3.383,1644472.228
1733702400,3.387,3.41,2.53,2.765,1335889.082
1733788800,2.763,2.972,2.435,2.704,1223201.792
1733875200,2.703,3.029,2.588,2.927,416020.234
1733961600,2.92,3.357,2.875,3.157,1098952.619
1734048000,3.153,3.253,3.015,3.108,358513.405
1734134400,3.106,3.206,2.815,2.879,482213.614
1734220800,2.874,3.008,2.804,2.978,463824.909
1734307200,2.975,3.101,2.785,2.88,559412.369
1734393600,2.882,2.884,2.633,2.674,563482.317
1734480000,2.675,2.704,2.368,2.378,633362.487
1734566400,2.381,2.428,2.057,2.136,967422.393
1734652800,2.14,2.256,1.845,2.201,500489.425
1734739200,2.201,2.241,1.942,1.973,418906.577
1734825600,1.965,2.037,1.916,1.973,174984.275
1734912000,1.974,2.152,1.927,2.098,176470.88
1734998400,2.094,2.324,2.037,2.225,282280.918
1735084800,2.222,2.319,2.159,2.203,154613.534
1735171200,2.212,2.227,1.994,2.038,160218.462
1735257600,2.039,2.169,2.014,2.068,278994.656
1735344000,2.06,2.138,2.022,2.125,154751.869
1735430400,2.122,2.123,1.985,2.008,146607.186
1735516800,2.008,2.099,1.919,1.983,319427.713
1735603200,1.984,2.022,1.898,1.914,239292.251
1735689600,1.914,2.022,1.89,2.007,133442.084
1735776000,2.011,2.149,2.01,2.07,156603.436
1735862400,2.075,2.226,2.033,2.192,180474.883
1735948800,2.199,2.264,2.142,2.215,297065.719
1736035200,2.212,2.213,2.135,2.183,136561.167
1736121600,2.178,2.273,2.14,2.203,144934.04
1736208000,2.196,2.205,1.93,1.933,354341.853
1736294400,1.934,1.96,1.742,1.856,356090.977
1736380800,1.852,1.881,1.737,1.781,244025.098
1736467200,1.783,1.875,1.76,1.822,225334.947
1736553600,1.825,1.85,1.781,1.822,97121.361
1736640000,1.822,1.836,1.753,1.785,58776.159
1736726400,1.79,1.838,1.567,1.687,475927.451
1736812800,1.692,1.794,1.676,1.784,311652.149
1736899200,1.781,1.915,1.725,1.915,208222.704
1736985600,1.914,1.914,1.822,1.849,179190.718
1737072000,1.852,1.995,1.849,1.982,883070.955
1737158400,1.985,2.006,1.753,1.808,672356.724
1737244800,1.808,1.87,1.587,1.614,646439.196
1737331200,1.617,1.749,1.534,1.619,541186.544
1737417600,1.625,1.772,1.547,1.726,446872.592
1737504000,1.732,1.744,1.633,1.646,199754.591
1737590400,1.641,1.667,1.56,1.609,443086.304
1737676800,1.612,1.673,1.549,1.57,342606.816
1737763200,1.565,1.62,1.542,1.581,329212.304
1737849600,1.58,1.646,1.55,1.552,116208.952
1737936000,1.549,1.549,1.378,1.485,399775.183
1738022400,1.486,1.554,1.4,1.419,129651.338
1738108800,1.413,1.571,1.413,1.506,201185.912
1738195200,1.507,1.618,1.495,1.571,272622.354
1738281600,1.567,1.685,1.542,1.605,281254.627
1738368000,1.597,1.623,1.433,1.448,315783.064
1738454400,1.446,1.479,1.173,1.26,529350.085
1738540800,1.259,1.287,0.929,1.262,1564939.807
1738627200,1.262,1.272,1.04,1.103,3564350.875
1738713600,1.101,1.137,1.032,1.053,1072765.421
1738800000,1.055,1.064,0.962,0.973,1171808.137
1738886400,0.972,1.046,0.927,0.969,1456120.526
1738972800,0.965,0.991,0.943,0.973,1432424.112
1739059200,0.973,1.002,0.915,0.968,353690.289
1739145600,0.973,1.034,0.934,1.016,831680.509
1739232000,1.018,1.068,0.948,0.964,950955.208
1739318400,0.962,1.055,0.919,1.04,755763.766
1739404800,1.041,1.061,0.986,1.042,272643.585
1739491200,1.038,1.06,0.98,1.032,2557755.726
1739577600,1.028,1.041,0.977,0.986,249207.481
1739664000,0.987,1.039,0.963,0.979,235312.883
1739750400,0.985,1.043,0.973,1.011,191352.054
1739836800,1.012,1.014,0.906,0.965,1117610.23
1739923200,0.961,1.038,0.925,0.952,6892844.246
1740009600,0.953,1.006,0.949,0.998,756682.725
1740096000,0.998,1.075,0.943,0.958,859565.929
1740182400,0.955,1.037,0.951,1.024,259896.712
1740268800,1.03,1.035,0.987,1.007,205232.399
1740355200,1.003,1.006,0.862,0.881,842147.945
1740441600,0.882,0.909,0.816,0.9,810082.892
1740528000,0.899,0.917,0.826,0.871,2150968.688
1740614400,0.877,0.933,0.864,0.902,406458.494
1740700800,0.902,0.918,0.815,0.91,624974.133
1740787200,0.909,0.911,0.861,0.889,175852.456
1740873600,0.887,1.018,0.88,1.009,698371.501
1740960000,1.008,1.011,0.89,0.896,1075985.598
1741046400,0.895,0.947,0.812,0.933,996301.832
1741132800,0.933,0.975,0.904,0.939,460006.502
1741219200,0.939,0.953,0.876,0.888,428048.818
1741305600,0.889,0.953,0.844,0.916,559328.254
1741392000,0.915,0.925,0.86,0.886,339088.087
1741478400,0.887,0.888,0.802,0.811,329000.856
1741564800,0.814,0.897,0.763,0.781,683562.564
1741651200,0.784,0.825,0.725,0.803,1011102.753
1741737600,0.801,0.855,0.772,0.823,1047264.767
1741824000,0.826,0.833,0.784,0.802,259952.891
1741910400,0.801,0.85,0.801,0.828,356277.295
1741996800,0.826,0.858,0.819,0.857,2438304.531
1742083200,0.857,0.857,0.805,0.811,227113.939
1742169600,0.809,0.875,0.809,0.872,352837.584
1742256000,0.867,0.872,0.804,0.842,285303.582
1742342400,0.843,0.893,0.841,0.889,264116.748
1742428800,0.891,0.901,0.852,0.87,159158.301
1742515200,0.873,0.885,0.828,0.844,577813.334
1742601600,0.848,0.872,0.833,0.865,237403.219
1742688000,0.859,0.891,0.853,0.889,295849.533
1742774400,0.892,0.928,0.868,0.922,2809978.967
1742860800,0.919,0.938,0.896,0.93,252254.408
1742947200,0.93,0.949,0.893,0.904,2625148.218
1743033600,0.906,0.936,0.896,0.905,220082.419
1743120000,0.902,0.925,0.822,0.83,314374.993
1743206400,0.83,0.84,0.761,0.776,1640345.097
1743292800,0.773,0.788,0.763,0.771,168341.849
1743379200,0.775,0.783,0.736,0.761,447415.115
1743465600,0.763,0.777,0.709,0.713,1029491.748
1743552000,0.713,0.716,0.643,0.653,835330.337
1743638400,0.654,0.684,0.626,0.652,1598305.214
1743724800,0.652,0.665,0.616,0.66,413917.471
1743811200,0.659,0.697,0.659,0.679,330514.087
1743897600,0.677,0.682,0.589,0.608,462055.467
1743984000,0.612,0.637,0.548,0.616,1212731.445
1744070400,0.614,0.643,0.573,0.582,542825.7
1744156800,0.582,0.664,0.555,0.655,1059480.542
1744243200,0.654,0.655,0.606,0.625,1041878.862
1744329600,0.624,0.657,0.622,0.647,248356.806
1744416000,0.647,0.682,0.639,0.674,124434.964
1744502400,0.671,0.673,0.615,0.629,260569.867
1744588800,0.633,0.659,0.625,0.643,481055.463
1744675200,0.644,0.663,0.623,0.629,145773.965
1744761600,0.628,0.644,0.614,0.615,198212.856
1744848000,0.616,0.638,0.608,0.62,180491.83
1744934400,0.62,0.638,0.614,0.62,300370.041
1745020800,0.619,0.65,0.618,0.643,189766.821
1745107200,0.644,0.665,0.623,0.647,284575.624
1745193600,0.648,0.687,0.646,0.664,726400.906
1745280000,0.662,0.724,0.645,0.718,499114.635
1745366400,0.719,0.748,0.712,0.734,425996.634
1745452800,0.732,0.772,0.682,0.748,978963.607
1745539200,0.747,0.781,0.747,0.763,309606.294
1745625600,0.765,0.79,0.745,0.774,209719.96
1745712000,0.775,0.778,0.726,0.73,304268.44
1745798400,0.726,0.752,0.701,0.737,367044.819
1745884800,0.739,0.752,0.696,0.708,1760202.452
1745971200,0.707,0.732,0.689,0.71,245744.855
1746057600,0.711,0.742,0.708,0.723,250197.838
1746144000,0.726,0.742,0.709,0.72,186870.086
1746230400,0.722,0.723,0.662,0.67,194149.417
1746316800,0.671,0.681,0.65,0.655,162990.336
1746403200,0.656,0.679,0.636,0.645,2434494.224
1746489600,0.645,0.654,0.616,0.643,173551.976
1746576000,0.642,0.658,0.631,0.648,5455552.517
1746662400,0.649,0.755,0.648,0.754,672818.306
1746748800,0.755,0.817,0.75,0.808,602998.921
1746835200,0.811,0.914,0.799,0.912,622668.84
1746921600,0.91,0.91,0.835,0.863,898750.3
1747008000,0.867,0.929,0.837,0.876,1731072.818
1747094400,0.877,0.94,0.829,0.925,505581.135
1747180800,0.924,0.963,0.877,0.88,2122687.714
1747267200,0.88,0.899,0.801,0.825,546511.762
1747353600,0.823,0.847,0.778,0.787,303562.873
1747440000,0.785,0.807,0.767,0.788,245345.043
1747526400,0.787,0.844,0.763,0.821,268955.119
1747612800,0.82,0.823,0.76,0.793,190568.119
1747699200,0.792,0.868,0.791,0.814,463847.414
1747785600,0.814,0.837,0.788,0.816,202071.302
1747872000,0.816,0.873,0.81,0.86,653705.938
1747958400,0.859,0.879,0.769,0.774,487173.504
1748044800,0.772,0.795,0.767,0.78,226739.996
1748131200,0.78,0.783,0.737,0.763,322218.918
1748217600,0.763,0.793,0.756,0.768,278757.027
1748304000,0.768,0.806,0.752,0.775,338995.806
1748390400,0.774,0.801,0.754,0.777,558771.771
1748476800,0.778,0.81,0.739,0.74,379111.301
1748563200,0.74,0.748,0.657,0.662,505296.112
1748649600,0.661,0.687,0.636,0.678,446162.387
1748736000,0.677,0.694,0.666,0.693,134645.797
1748822400,0.69,0.708,0.67,0.705,124779.789
1748908800,0.707,0.722,0.694,0.698,186104.382
1748995200,0.699,0.715,0.666,0.668,225674.012
1749081600,0.669,0.697,0.624,0.642,189449.719
1749168000,0.64,0.664,0.627,0.632,294106.917
1749254400,0.632,0.663,0.628,0.659,255216.085
1749340800,0.658,0.669,0.646,0.658,319725.419
1749427200,0.658,0.686,0.631,0.682,824962.622
1749513600,0.682,0.743,0.674,0.741,1130986.475
1749600000,0.742,0.745,0.692,0.699,673208.36
1749686400,0.699,0.7,0.641,0.646,316264.397
1749772800,0.644,0.644,0.593,0.62,555337.199
1749859200,0.619,0.62,0.599,0.616,83914.873
1749945600,0.615,0.618,0.591,0.613,96845.888
1750032000,0.612,0.645,0.605,0.613,134847.797
1750118400,0.611,0.624,0.576,0.587,247464.376
1750204800,0.588,0.601,0.57,0.589,169775.878
1750291200,0.589,0.602,0.58,0.595,113898.075
1750377600,0.594,0.601,0.55,0.562,314278.65
1750464000,0.562,0.566,0.508,0.526,317690.93
1750550400,0.525,0.53,0.482,0.508,283183.946
1750636800,0.508,0.56,0.501,0.559,593400.101
1750723200,0.56,0.656,0.558,0.588,829386.383
1750809600,0.589,0.611,0.579,0.581,445771.606
1750896000,0.582,0.643,0.561,0.565,1283113.634
1750982400,0.564,0.593,0.559,0.577,166692.545
1751068800,0.577,0.594,0.57,0.591,33039.479
1751155200,0.588,0.62,0.578,0.615,89783.42
1751241600,0.615,0.615,0.577,0.583,129907.079
1751328000,0.579,0.58,0.538,0.553,659055.583
1751414400,0.555,0.604,0.548,0.595,151755.714
1751500800,0.598,0.612,0.591,0.597,129655.505
1751587200,0.598,0.602,0.548,0.558,87179.015
1751673600,0.559,0.564,0.549,0.56,54904.826
1751760000,0.561,0.575,0.556,0.567,86044.198
1751846400,0.566,0.574,0.549,0.555,206550.894
1751932800,0.556,0.575,0.546,0.573,106643.674
1752019200,0.571,0.607,0.568,0.607,142615.743
1752105600,0.604,0.653,0.601,0.649,150923.913
1752192000,0.648,0.681,0.639,0.655,578362.831
1752278400,0.655,0.664,0.626,0.639,509266.598
1752364800,0.639,0.668,0.636,0.651,548934.698
1752451200,0.651,0.681,0.633,0.638,480016.588
1752537600,0.638,0.663,0.615,0.661,651770.522
1752624000,0.661,0.693,0.651,0.677,527613.839
1752710400,0.677,0.692,0.654,0.682,609514.816
1752796800,0.683,0.743,0.673,0.706,865053.339
1752883200,0.704,0.731,0.68,0.728,526116.697
1752969600,0.727,0.776,0.722,0.743,823232.519
1753056000,0.743,0.783,0.73,0.756,537949.959
1753142400,0.752,0.761,0.705,0.738,559649.693
1753228800,0.737,0.738,0.636,0.658,648556.203
1753315200,0.658,0.673,0.612,0.639,355899.416
1753401600,0.637,0.65,0.615,0.648,840378.316
1753488000,0.648,0.661,0.643,0.646,139458.794
1753574400,0.646,0.682,0.646,0.679,189009.453
1753660800,0.681,0.699,0.627,0.631,270953.817
1753747200,0.632,0.653,0.607,0.621,206997.672
1753833600,0.619,0.623,0.577,0.61,222746.585
1753920000,0.612,0.627,0.58,0.583,118421.365
1754006400,0.582,0.585,0.552,0.567,248754.437
1754092800,0.568,0.572,0.545,0.558,248435.265
1754179200,0.559,0.584,0.549,0.579,189336.645
1754265600,0.579,0.618,0.579,0.614,259562.396
1754352000,0.612,0.617,0.569,0.579,182164.608
1754438400,0.579,0.603,0.568,0.597,195301.185
1754524800,0.601,0.622,0.594,0.622,118505.457
1754611200,0.619,0.642,0.616,0.638,236680.822
1754697600,0.638,0.677,0.636,0.672,145213.454
1754784000,0.674,0.688,0.645,0.669,260196.754
1754870400,0.667,0.694,0.631,0.634,239436.656
1754956800,0.638,0.7,0.634,0.689,273940.763
1755043200,0.691,0.733,0.676,0.725,276009.178
1755129600,0.726,0.735,0.642,0.654,414781.663
1755216000,0.655,0.724,0.641,0.718,586695.675
1755302400,0.72,0.744,0.69,0.708,667997.614
1755388800,0.708,0.728,0.7,0.7,258183.597
1755475200,0.7,0.704,0.664,0.666,281436.71
1755561600,0.665,0.675,0.632,0.637,314209.744
1755648000,0.631,0.67,0.627,0.663,164142.043
1755734400,0.663,0.671,0.639,0.653,238558.136
1755820800,0.653,0.712,0.617,0.712,220925.439
1755907200,0.712,0.834,0.694,0.733,1757334.114
1755993600,0.734,0.741,0.68,0.692,385243.59
1756080000,0.692,0.705,0.628,0.64,275423.495
1756166400,0.639,0.801,0.635,0.766,1563383.652
1756252800,0.771,0.798,0.712,0.716,1481019.301
1756339200,0.714,0.751,0.707,0.738,595158.302
1756425600,0.738,0.738,0.67,0.69,437429.222
1756512000,0.69,0.713,0.677,0.705,93172.85
1756598400,0.703,0.719,0.678,0.678,156446.972
1756684800,0.677,0.698,0.644,0.661,312016.805
1756771200,0.66,0.689,0.656,0.681,223198.243
1756857600,0.68,0.697,0.666,0.69,96207.836
1756944000,0.689,0.692,0.644,0.65,143835.763
1757030400,0.651,0.686,0.651,0.67,91774.968
1757116800,0.67,0.674,0.654,0.665,101985.653
1757203200,0.664,0.68,0.657,0.666,194357.354
1757289600,0.665,0.693,0.662,0.693,332351.088
1757376000,0.694,0.716,0.682,0.684,138893.636
1757462400,0.685,0.708,0.682,0.696,96555.783
1757548800,0.697,0.716,0.687,0.703,108401.344
1757635200,0.706,0.729,0.696,0.728,202404.021
1757721600,0.725,0.736,0.711,0.722,142473.022
1757808000,0.718,0.72,0.679,0.692,185795.613
1757894400,0.69,0.7,0.659,0.665,103621.183
1757980800,0.665,0.686,0.659,0.678,159690.604
1758067200,0.68,0.703,0.662,0.699,102997.194
1758153600,0.702,0.725,0.693,0.724,405046.782
1758240000,0.727,0.734,0.674,0.676,140207.516
1758326400,0.676,0.692,0.671,0.684,61006.25
1758412800,0.687,0.707,0.672,0.675,78650.063
1758499200,0.671,0.671,0.594,0.623,329575.898
1758585600,0.623,0.729,0.617,0.659,1344001.571
1758672000,0.658,0.983,0.658,0.913,4947540.023
1758758400,0.913,0.937,0.774,0.795,5870267.613
1758844800,0.794,1.25,0.783,1.042,16980757.692
1758931200,1.04,1.266,1.035,1.121,11514398.658
1759017600,1.122,1.143,1.032,1.094,4053246.314
1759104000,1.095,1.276,0.996,1.101,5493445.71
1759190400,1.102,1.181,1.054,1.081,2673673.43
1759276800,1.082,1.401,1.06,1.271,4528740.078
1759363200,1.271,1.385,1.222,1.236,2139365.661
1759449600,1.237,1.27,1.184,1.215,1042033.28
1759536000,1.216,1.225,1.149,1.193,717309.561
1759622400,1.194,1.234,1.118,1.129,551401.12
1759708800,1.13,1.225,1.123,1.188,629162.713
1759795200,1.189,1.3,1.106,1.113,1293866.76
1759881600,1.114,1.149,1.103,1.119,408569.283
1759968000,1.119,1.238,1.058,1.231,828553.289
1760054400,1.232,1.446,0.55,0.988,4108844.817
1760140800,0.983,1.118,0.88,0.943,1502770.855
1760227200,0.94,1.866,0.925,1.706,8460023.19
1760313600,1.703,2.58,1.618,2.292,20867614.206
1760400000,2.291,2.319,1.817,2.028,8128686.054
1760486400,2.028,2.26,1.684,1.689,7451916.366
1760572800,1.69,1.768,1.393,1.45,10505354.504
1760659200,1.449,1.546,1.303,1.376,4847642.84
1760745600,1.376,1.543,1.326,1.373,3202608.077
1760832000,1.372,1.748,1.359,1.56,7538181.977
1760918400,1.558,1.878,1.479,1.623,5296800.877
1761004800,1.622,1.729,1.442,1.467,4599747.535
1761091200,1.469,1.524,1.261,1.278,2768855.909
1761177600,1.279,1.326,1.237,1.249,2065178.583
1761264000,1.247,1.355,1.218,1.3,2234088.293
1761350400,1.301,1.301,1.19,1.208,815264.161
1761436800,1.206,1.27,1.158,1.202,1434539.29
1761523200,1.201,1.238,1.145,1.163,1946573.724
1761609600,1.164,1.212,1.1,1.109,2691185.66
1761696000,1.111,1.201,1.088,1.115,1728375.785
1761782400,1.116,1.132,0.947,1.007,2428925.482
1761868800,1.007,1.024,0.966,1,1754093.661
1761955200,1.001,1.03,0.986,1.005,1260762.7
1762041600,1.005,1.156,0.99,1.057,3178233.138
1762128000,1.056,1.059,0.84,0.902,1986406.889
1762214400,0.903,0.921,0.793,0.846,2120973.029
1762300800,0.846,0.876,0.793,0.849,754295.782
1762387200,0.848,0.851,0.789,0.81,1437412.566
1762473600,0.812,0.906,0.789,0.884,1339884.165
1762560000,0.885,0.893,0.817,0.837,1148403.061
1762646400,0.837,0.886,0.806,0.863,1337832.042
1762732800,0.863,0.908,0.829,0.863,1139408.58
1762819200,0.864,0.883,0.775,0.777,1011643.085
1762905600,0.777,0.844,0.761,0.775,761484.836
1762992000,0.775,0.817,0.71,0.734,838552.191
1763078400,0.734,0.747,0.696,0.715,656121.722
1763164800,0.716,0.743,0.711,0.734,485338.111
1763251200,0.733,0.743,0.674,0.697,821496.044
1763337600,0.697,0.719,0.666,0.679,714784.433
1763424000,0.677,0.71,0.669,0.699,661352.434
1763510400,0.699,0.699,0.637,0.672,513902.153
1763596800,0.671,0.678,0.617,0.628,683239.992
1763683200,0.629,0.647,0.562,0.585,2489986.53
1763769600,0.586,0.588,0.553,0.564,2061110.606
1763856000,0.564,0.644,0.556,0.587,3631284.908
1763942400,0.587,0.603,0.552,0.583,1567846.985
1764028800,0.582,0.583,0.54,0.567,1320715.503
1764115200,0.568,0.593,0.543,0.584,860735.133
1764201600,0.583,0.612,0.573,0.575,1138857.761
1764288000,0.576,0.577,0.553,0.564,534555.66
1764374400,0.564,0.57,0.545,0.55,499318.626
1764460800,0.55,0.553,0.536,0.542,253398.417
1764547200,0.543,0.543,0.496,0.513,1180873.012
1764633600,0.514,0.562,0.504,0.551,697373.488
1764720000,0.552,0.572,0.545,0.569,597729.346
1764806400,0.569,0.573,0.529,0.536,674760.609
1764892800,0.536,0.541,0.487,0.502,1057122.535
1764979200,0.502,0.52,0.486,0.501,1319539.412
1765065600,0.502,0.505,0.474,0.48,922440.03
1765152000,0.48,0.507,0.48,0.498,670691.156
1765238400,0.498,0.529,0.483,0.513,703064.434
1765324800,0.514,0.518,0.485,0.486,651169.203
1765411200,0.486,0.487,0.465,0.476,861494.039
1765497600,0.476,0.484,0.448,0.461,654606.084
1765584000,0.462,0.469,0.458,0.466,621927.989
1765670400,0.465,0.466,0.433,0.438,1823240.539
1765756800,0.44,0.453,0.408,0.424,1801075.612
1765843200,0.424,0.449,0.417,0.433,1356764.338
1765929600,0.434,0.436,0.398,0.402,2269980.558
1766016000,0.402,0.422,0.383,0.39,3259480.2
1766102400,0.391,0.421,0.386,0.419,1096879.122
1766188800,0.42,0.431,0.416,0.422,622033.185
1766275200,0.422,0.422,0.402,0.411,584393.523
1766361600,0.411,0.436,0.405,0.423,983763.55
1766448000,0.425,0.442,0.41,0.431,1298510.235
1766534400,0.432,0.441,0.416,0.441,1205165.571
1766620800,0.441,0.446,0.42,0.42,1304177.51
1766707200,0.421,0.44,0.419,0.434,1391111.237
1766793600,0.434,0.47,0.434,0.45,910738.801
1766880000,0.45,0.451,0.43,0.434,553594.572
1766966400,0.433,0.445,0.417,0.42,901879.444
1767052800,0.419,0.428,0.414,0.418,905106.503
1767139200,0.418,0.419,0.398,0.41,914927.685
1767225600,0.41,0.463,0.407,0.448,888944.377
1767312000,0.447,0.466,0.441,0.461,816464.279
1767398400,0.461,0.468,0.448,0.457,862719.197
1767484800,0.457,0.472,0.454,0.464,662777.299
1767571200,0.466,0.494,0.457,0.491,920682.344
1767657600,0.491,0.563,0.484,0.534,2268975.443
1767744000,0.534,0.534,0.485,0.493,1090997.99
1767830400,0.494,0.505,0.473,0.488,895079.266
1767916800,0.488,0.498,0.475,0.484,522857.151
1768003200,0.484,0.487,0.47,0.472,300508.767
1768089600,0.472,0.483,0.459,0.466,612220.555
1768176000,0.467,0.483,0.455,0.456,453103.03
1768262400,0.456,0.513,0.448,0.505,832096.36
1768348800,0.506,0.514,0.49,0.492,876907.259
1768435200,0.492,0.496,0.458,0.463,962857.312
1768521600,0.464,0.475,0.451,0.475,659904.696
1768608000,0.475,0.507,0.472,0.488,768281.627
1768694400,0.489,0.494,0.455,0.455,587151.413
1768780800,0.454,0.454,0.405,0.438,961175.522
1768867200,0.437,0.441,0.409,0.412,648312.155
1768953600,0.413,0.439,0.413,0.428,558720.198
1769040000,0.429,0.44,0.415,0.416,456284.365
1769126400,0.416,0.436,0.413,0.424,413483.011
1769212800,0.423,0.427,0.414,0.417,127141.494
1769299200,0.417,0.419,0.387,0.397,279461.434
1769385600,0.397,0.418,0.395,0.413,226445.306
1769472000,0.413,0.421,0.403,0.42,168904.122
1769558400,0.42,0.422,0.408,0.419,189675.304
1769644800,0.418,0.418,0.377,0.388,330272.477
1769731200,0.388,0.409,0.373,0.401,544589.27
1769817600,0.4,0.402,0.326,0.358,1711164.241
1769904000,0.358,0.366,0.329,0.336,1218646.664
1769990400,0.336,0.359,0.323,0.354,1487788.959
1770076800,0.354,0.359,0.328,0.341,2532677.483
1770163200,0.341,0.349,0.314,0.328,1490600.716
1770249600,0.327,0.332,0.27,0.28,1894431.289
1770336000,0.28,0.307,0.246,0.3,2109852.892
1770422400,0.299,0.309,0.291,0.294,1708040.55
1770508800,0.295,0.298,0.286,0.289,848688.147
1770595200,0.289,0.298,0.28,0.291,1417762.397
1770681600,0.291,0.293,0.277,0.284,1808718.316
1770768000,0.284,0.287,0.269,0.281,2908078.426
1770854400,0.281,0.292,0.278,0.288,2617810.923
1770940800,0.288,0.303,0.28,0.301,1651015.64
1771027200,0.302,0.316,0.296,0.313,1126240.11
1771113600,0.313,0.313,0.285,0.291,1265333.436
1771200000,0.291,0.308,0.289,0.296,1381236.939
1771286400,0.296,0.301,0.287,0.297,1427143.156
1771372800,0.297,0.332,0.295,0.296,3642324.122
1771459200,0.296,0.359,0.294,0.344,7136223.483
1771545600,0.344,0.421,0.331,0.39,9418548.414
1771632000,0.39,0.443,0.375,0.416,6603406.06
1771718400,0.416,0.44,0.392,0.429,3487075.692
1771804800,0.429,0.441,0.373,0.373,2855539.79
1771891200,0.373,0.391,0.336,0.362,2226226.04
1771977600,0.362,0.387,0.357,0.365,2181100.56
1772064000,0.364,0.374,0.339,0.343,1515954.414
1772150400,0.343,0.355,0.324,0.33,994646.209
1772236800,0.33,0.334,0.306,0.322,827075.341
1772323200,0.321,0.331,0.305,0.312,706978.977
1772409600,0.312,0.328,0.303,0.311,618874.871
1772496000,0.311,0.314,0.299,0.312,252775.506
1772582400,0.311,0.351,0.308,0.332,807491.964
1772668800,0.332,0.337,0.325,0.329,382959.6
1772755200,0.329,0.335,0.313,0.321,286660.623
1772841600,0.321,0.324,0.307,0.309,155671.158
1772928000,0.309,0.311,0.297,0.302,298034.747
1773014400,0.303,0.329,0.303,0.311,498278.6
1773100800,0.311,0.321,0.309,0.31,226540.683
1773187200,0.312,0.319,0.306,0.319,163532.874
1773273600,0.319,0.321,0.31,0.314,157850.765
1773360000,0.314,0.328,0.312,0.313,232345.152
1773446400,0.313,0.315,0.303,0.307,100479.035
1773532800,0.306,0.328,0.306,0.321,266861.511
1773619200,0.319,0.335,0.319,0.332,468331.911
1773705600,0.33,0.334,0.321,0.323,427762.056
1773792000,0.322,0.332,0.305,0.312,421696.889
1773878400,0.312,0.334,0.303,0.331,419813.082
1773964800,0.33,0.334,0.312,0.319,328709.859
1774051200,0.319,0.319,0.299,0.3,352020.258
1774137600,0.3,0.305,0.284,0.285,405542.048
1774224000,0.286,0.305,0.283,0.303,750933.163
1774310400,0.303,0.306,0.292,0.3,370223.915
1774396800,0.299,0.303,0.298,0.3,143833.686
1774483200,0.3,0.302,0.284,0.286,227131.707
1774569600,0.287,0.294,0.274,0.277,165190.757
1774656000,0.276,0.286,0.273,0.276,122729.337
1774742400,0.277,0.28,0.269,0.274,421082.887
1774828800,0.274,0.284,0.274,0.276,161868.419
1774915200,0.276,0.29,0.275,0.288,158006.636
1775001600,0.29,0.295,0.281,0.282,108362.929
1775088000,0.282,0.283,0.272,0.279,71461.339
1775174400,0.28,0.285,0.274,0.279,138592.725
1775260800,0.279,0.281,0.275,0.28,52702.66
1775347200,0.28,0.301,0.272,0.288,444277.084
1775433600,0.287,0.318,0.285,0.291,366369.448
1775520000,0.291,0.303,0.283,0.302,213119.005
1775606400,0.301,0.302,0.288,0.288,150811.375
1775692800,0.288,0.301,0.287,0.294,107337.316
1775779200,0.294,0.299,0.288,0.294,82974.433
1775865600,0.295,0.296,0.285,0.291,219735.672
1775952000,0.291,0.293,0.28,0.281,299539.357
1776038400,0.281,0.296,0.28,0.294,110898.184
1776124800,0.294,0.296,0.282,0.288,378131.8
1776211200,0.288,0.296,0.288,0.294,213156.329
1776297600,0.293,0.311,0.293,0.308,207003.316
1776384000,0.306,0.315,0.297,0.307,176275.869
1776470400,0.307,0.313,0.296,0.296,85844.139
1776556800,0.296,0.296,0.284,0.286,79469
1776643200,0.285,0.302,0.285,0.293,67644.915
1776729600,0.293,0.295,0.287,0.293,158135.944
1776816000,0.293,0.303,0.291,0.297,151984.501
1776902400,0.298,0.301,0.292,0.301,181511.504
1776988800,0.301,0.306,0.299,0.303,169096.053
1777075200,0.304,0.311,0.299,0.301,37208.664
1777161600,0.3,0.328,0.299,0.324,132861.395
1777248000,0.323,0.35,0.309,0.315,1243415.62
1777334400,0.316,0.318,0.306,0.316,389847.326
1777420800,0.316,0.324,0.304,0.309,128170.06
1777507200,0.309,0.313,0.297,0.301,507705.767
1777593600,0.302,0.316,0.301,0.309,271181.866
1777680000,0.309,0.342,0.308,0.33,514925.054
1777766400,0.331,0.331,0.315,0.317,260245.577
1777852800,0.317,0.333,0.315,0.316,628597.62
1777939200,0.316,0.337,0.316,0.324,165235.458
1778025600,0.324,0.335,0.322,0.33,229328.667
1778112000,0.331,0.348,0.321,0.345,315182.502
1778198400,0.344,0.369,0.33,0.366,451467.316
1778284800,0.366,0.376,0.355,0.356,440988.361
1778371200,0.356,0.369,0.352,0.364,228418.379
1778457600,0.365,0.365,0.348,0.355,210547.811
1778544000,0.354,0.354,0.343,0.347,115490.844
1778630400,0.348,0.358,0.325,0.33,402416.95
1778716800,0.33,0.338,0.323,0.329,196057.037
1778803200,0.329,0.333,0.311,0.32,371075.649
1778889600,0.32,0.321,0.306,0.312,61102.193
1778976000,0.311,0.321,0.299,0.306,204172.485
1779062400,0.306,0.312,0.298,0.311,192778.293
1779148800,0.311,0.311,0.303,0.303,131278.412
1779235200,0.303,0.319,0.303,0.315,126688.705
1779321600,0.314,0.318,0.309,0.317,46339.707
1779408000,0.317,0.324,0.301,0.302,189951.782
1779494400,0.302,0.314,0.292,0.309,132846.616
1779580800,0.309,0.309,0.294,0.301,49517.874
1779667200,0.301,0.326,0.3,0.319,505653.281
1779753600,0.318,0.32,0.312,0.315,482537.652
1779840000,0.315,0.321,0.305,0.307,235759.914
1779926400,0.307,0.321,0.292,0.308,292986.665
1780012800,0.308,0.312,0.298,0.299,344803.885
1780099200,0.299,0.302,0.294,0.297,309957.237
1780185600,0.297,0.3,0.291,0.292,124812.473
1780272000,0.294,0.297,0.281,0.289,214837.035
1780358400,0.289,0.289,0.264,0.27,224647.556
1780444800,0.27,0.28,0.266,0.272,251644.947
1780531200,0.272,0.273,0.248,0.257,460459.823
1780617600,0.257,0.259,0.225,0.236,375369.887
1780704000,0.236,0.238,0.219,0.235,285779.469
1780790400,0.235,0.25,0.235,0.246,87278.904
1780876800,0.246,0.252,0.242,0.246,133685.419
1780963200,0.246,0.247,0.236,0.244,168545.212
1781049600,0.244,0.248,0.234,0.24,117297.021
1781136000,0.24,0.249,0.24,0.245,150086.179
1781222400,0.245,0.247,0.238,0.238,111059.423
1781308800,0.239,0.245,0.237,0.241,79744.733
1781395200,0.241,0.248,0.235,0.248,53055.871
1781481600,0.247,0.265,0.245,0.254,117111.279
1781568000,0.254,0.264,0.249,0.26,198720.642
1781654400,0.26,0.263,0.25,0.254,148859.347
1781740800,0.254,0.256,0.238,0.245,128875.364
1781827200,0.246,0.247,0.24,0.243,84585.681
1781913600,0.242,0.244,0.238,0.243,89530.386
1782000000,0.243,0.246,0.235,0.236,38344.818
1782086400,0.236,0.255,0.236,0.246,120465.251
1782172800,0.245,0.248,0.221,0.229,270826.223
1782259200,0.229,0.234,0.212,0.22,314944.694
1782345600,0.22,0.22,0.195,0.201,945783.126
1782432000,0.202,0.202,0.192,0.201,412734.715
1782518400,0.202,0.247,0.2,0.242,1477489.409
1782604800,0.242,0.252,0.217,0.22,1440039.794
1782691200,0.22,0.225,0.212,0.213,349234.731
1782777600,0.213,0.22,0.204,0.212,402465.106
1782864000,0.212,0.218,0.203,0.213,361536.075
1782950400,0.213,0.232,0.211,0.229,462436.21
1783036800,0.229,0.254,0.229,0.252,497105.901
1783123200,0.253,0.255,0.23,0.231,271761.775
1783209600,0.232,0.239,0.222,0.23,159732.153
1783296000,0.23,0.233,0.211,0.223,408672.265
1783382400,0.223,0.231,0.22,0.221,162024.531
1783468800,0.221,0.221,0.212,0.219,150136.073
1783555200,0.218,0.228,0.216,0.217,171129.122
1783641600,0.216,0.235,0.216,0.231,148221.631
1783728000,0.23,0.237,0.226,0.226,144828.49
1783814400,0.226,0.251,0.226,0.246,597760.322
1783900800,0.245,0.251,0.223,0.225,693736.476
1783987200,0.227,0.24,0.225,0.238,610221.19
1784073600,0.238,0.239,0.227,0.234,368163.08
1784160000,0.231,0.232,0.224,0.225,236864.296
1784246400,0.225,0.229,0.22,0.223,33966.94
1784332800,0.223,0.229,0.219,0.225,224047.535
1784419200,0.224,0.234,0.219,0.232,127811.39
1784505600,0.233,0.238,0.222,0.233,416528.611
1784592000,0.235,0.246,0.228,0.231,614510.187
1784678400,0.231,0.242,0.223,0.225,1088669.911
1784764800,0.224,0.234,0.218,0.219,777187.29
1784851200,0.219,0.227,0.214,0.218,295855.44
1784937600,0.218,0.22,0.213,0.214,252124.824
1785024000,0.214,0.229,0.214,0.222,489845.635
1785110400,0.222,0.228,0.211,0.211,892826.027
1785196800,0.211,0.224,0.208,0.214,941246.533
1785283200,0.214,0.218,0.206,0.211,1445681.273
1785369600,0.211,0.216,0.206,0.209,465491.53
1785456000,0.208,0.22,0.208,0.213,219360.468
1785542400,0.212,0.221,0.211,0.211,94862.023
1785628800,0.212,0.216,0.21,0.211,51673.763
1785715200,0.21,0.222,0.209,0.215,238976.158
1785801600,0.214,0.219,0.211,0.211,94459.199
1785888000,0.211,0.217,0.21,0.214,95158.801
1785974400,0.214,0.218,0.212,0.214,98736.795
1786060800,0.214,0.219,0.21,0.211,153598.859
1786147200,0.211,0.212,0.209,0.209,16942.454
1786233600,0.21,0.217,0.208,0.211,53289.945
1786320000,0.211,0.214,0.209,0.212,51820.41
1786406400,0.211,0.214,0.202,0.204,99138.893
1786492800,0.204,0.205,0.194,0.19697,184955.591
1786579200,0.19801,0.19808,0.19404,0.198,147909.567
1786665600,0.19824,0.19847,0.19351,0.19809,252305.951
1786752000,0.19806,0.20011,0.19747,0.19766,176915.652
1786838400,0.19792,0.19931,0.19484,0.19614,215115.588
1786924800,0.19604,0.19919,0.19508,0.1959,261237.95
1787011200,0.19575,0.19576,0.19072,0.19072,393899.515
1787097600,0.19136,0.2059,0.18885,0.2035,839644.144
1787184000,0.20369,0.21542,0.20254,0.21416,505449.664
1787270400,0.21456,0.23991,0.21226,0.23603,859985.364
1787356800,0.23641,0.25251,0.21998,0.22404,1311065.527
1787443200,0.22421,0.23666,0.21449,0.23195,869665.548
1787529600,0.23122,0.23527,0.22266,0.22996,632323.182
1787616000,0.23022,0.23676,0.225,0.22827,388235.03
1787702400,0.22802,0.23274,0.21928,0.22871,768578.942
1787788800,0.2274,0.23089,0.22421,0.22677,187737.511
1787875200,0.22657,0.23019,0.20929,0.21278,480829.401
1787961600,0.21289,0.21306,0.20813,0.20943,145194.887
1788048000,0.20931,0.21591,0.20015,0.20313,383545.845
1788134400,0.20327,0.214,0.20259,0.20711,386538.458
1788220800,0.20718,0.21915,0.20718,0.209,667417.798
1788307200,0.20908,0.2192,0.20528,0.20778,502855.14
1788393600,0.20833,0.21691,0.20729,0.21342,377235.788
1788480000,0.21391,0.21514,0.2069,0.21209,251926.569
1788566400,0.21238,0.21886,0.21164,0.21752,272282.74
1788652800,0.21816,0.23312,0.2144,0.22886,954778.75
1788739200,0.22854,0.2304,0.21987,0.22192,287899.439
1788825600,0.22209,0.22535,0.21622,0.21896,272793.965
1788912000,0.21881,0.22233,0.2091,0.21345,167713.932
1788998400,0.21299,0.21614,0.20251,0.2038,225128.361
1789084800,0.20402,0.21281,0.20127,0.20651,447514.289
1789171200,0.20741,0.21551,0.20741,0.21357,212978.472
1789257600,0.21374,0.2224,0.20957,0.2124,540475.928
1789344000,0.21251,0.22618,0.20654,0.21003,783439.161
1789430400,0.21029,0.21149,0.19459,0.19864,733634.001
1789516800,0.19925,0.207,0.19547,0.20654,529569.974
1789603200,0.20644,0.21302,0.20426,0.21286,568771.36
1789689600,0.21299,0.2265,0.21206,0.22513,444282.901
1789776000,0.22539,0.23374,0.2219,0.23098,494464.805
1789862400,0.23112,0.23276,0.21876,0.22681,693877.676
1789948800,0.22759,0.23077,0.22287,0.22996,243216.112
