ts,open,high,low,close,volume
1768248000,1.7972,1.8062,1.7831,1.7876,385853.2
1768251600,1.7872,1.7872,1.7512,1.762,865289.9
1768255200,1.762,1.775,1.7618,1.7685,703116
1768258800,1.7685,1.7699,1.756,1.76,760175.2
1768262400,1.759,1.7724,1.758,1.7646,833335.6
1768266000,1.7646,1.7707,1.751,1.7569,343156.8
1768269600,1.7569,1.767,1.755,1.7557,262719.6
1768273200,1.7563,1.7676,1.752,1.7627,946170.8
1768276800,1.7627,1.7798,1.7621,1.7798,412514
1768280400,1.78,1.8055,1.7793,1.7903,858210.4
1768284000,1.7905,1.7982,1.7864,1.7929,527805.6
1768287600,1.7932,1.7942,1.7866,1.7914,189255.3
1768291200,1.792,1.8035,1.7903,1.8001,254262.9
1768294800,1.8002,1.8064,1.7873,1.7988,773050.9
1768298400,1.799,1.8021,1.7858,1.7927,331318.4
1768302000,1.7924,1.7979,1.7881,1.7934,199331.7
1768305600,1.7932,1.795,1.7844,1.7929,316529.6
1768309200,1.793,1.8123,1.7888,1.8005,795028.7
1768312800,1.8012,1.8313,1.7924,1.8121,1788694.8
1768316400,1.812,1.8382,1.7926,1.8375,1465166.2
1768320000,1.8372,1.8485,1.8262,1.836,1731292.8
1768323600,1.8363,1.8388,1.815,1.8203,899830.9
1768327200,1.8202,1.8344,1.8181,1.8284,571328.8
1768330800,1.828,1.8456,1.8222,1.8432,534695.8
1768334400,1.8434,1.8644,1.8285,1.8418,1947930.6
1768338000,1.842,1.8475,1.8369,1.8411,512252.5
1768341600,1.8411,1.9399,1.8399,1.9026,3147795.5
1768345200,1.9028,1.91,1.8675,1.8802,1292010.6
1768348800,1.8799,1.8961,1.8759,1.8805,885726.4
1768352400,1.8807,1.8836,1.8595,1.8649,706690.6
1768356000,1.8647,1.884,1.8577,1.8633,927804.3
1768359600,1.8632,1.8816,1.8604,1.8807,439699.9
1768363200,1.8806,1.8839,1.8567,1.8572,534234.3
1768366800,1.8571,1.8571,1.8391,1.8418,592948.8
1768370400,1.8417,1.8445,1.8264,1.8435,647584.1
1768374000,1.8435,1.8512,1.8385,1.8459,289591
1768377600,1.8456,1.8506,1.837,1.8372,196387.3
1768381200,1.8376,1.844,1.835,1.8397,223824.8
1768384800,1.8399,1.8466,1.8299,1.8337,352253.1
1768388400,1.8336,1.8342,1.8137,1.8185,999211.5
1768392000,1.8185,1.8324,1.816,1.8279,350503
1768395600,1.8277,1.8303,1.811,1.815,676621.4
1768399200,1.815,1.8575,1.814,1.8423,1233538.3
1768402800,1.8423,1.856,1.8283,1.8407,1435708.2
1768406400,1.8408,1.9649,1.8401,1.9039,5730227.4
1768410000,1.9037,1.9154,1.8355,1.8433,3038729.1
1768413600,1.8428,1.8581,1.8174,1.8346,1469089.2
1768417200,1.8346,1.8638,1.8278,1.8462,1461372.3
1768420800,1.8448,1.8632,1.8361,1.8495,855363.7
1768424400,1.8493,1.8537,1.8349,1.8442,950755.1
1768428000,1.8443,1.8525,1.8358,1.8498,942347.9
1768431600,1.8499,1.8709,1.8499,1.8533,937721.9
1768435200,1.8534,1.8535,1.8356,1.8441,517306.9
1768438800,1.8442,1.8562,1.8201,1.8253,656340.6
1768442400,1.825,1.8292,1.799,1.8072,1071573.1
1768446000,1.8071,1.8117,1.778,1.785,1705583.2
1768449600,1.7845,1.8021,1.7822,1.8004,616834
1768453200,1.7997,1.8073,1.799,1.8035,502389.5
1768456800,1.8034,1.8111,1.7925,1.7954,298766.9
1768460400,1.7955,1.8194,1.794,1.8157,295341.9
1768464000,1.8154,1.8197,1.8065,1.8118,252911.1
1768467600,1.8116,1.8412,1.8034,1.835,567979.7
1768471200,1.8352,1.8406,1.8258,1.8394,598234.5
1768474800,1.8394,1.8529,1.835,1.8357,280412.9
1768478400,1.8357,1.8483,1.8033,1.8254,1357591
1768482000,1.825,1.8311,1.8163,1.825,420790.3
1768485600,1.825,1.8341,1.8,1.8121,861241.1
1768489200,1.8118,1.8219,1.7692,1.8023,1544139.2
1768492800,1.802,1.8047,1.7808,1.801,826459.6
1768496400,1.801,1.8129,1.7861,1.7898,1002628.8
1768500000,1.79,1.7932,1.7585,1.7693,672791
1768503600,1.7687,1.7771,1.7557,1.7702,622452.8
1768507200,1.7704,1.7935,1.7696,1.7785,1401588.3
1768510800,1.7786,1.788,1.7751,1.7797,315561.8
1768514400,1.7796,1.7885,1.7723,1.7805,552635.5
1768518000,1.7804,1.7893,1.7742,1.7792,122025.1
1768521600,1.7801,1.7869,1.7779,1.7812,212842.1
1768525200,1.7814,1.7854,1.773,1.7838,386016.5
1768528800,1.7838,1.7936,1.7734,1.7928,375955.4
1768532400,1.7924,1.7979,1.7739,1.7743,355067.3
1768536000,1.7742,1.7813,1.7643,1.773,400583.1
1768539600,1.7727,1.792,1.7698,1.7882,342079.2
1768543200,1.7882,1.7924,1.7817,1.7907,182405.1
1768546800,1.79,1.7915,1.7782,1.7797,212901.5
1768550400,1.7803,1.7918,1.7798,1.7861,204330.9
1768554000,1.7861,1.7922,1.7843,1.786,88921.9
1768557600,1.7859,1.7867,1.7784,1.7805,113092.4
1768561200,1.7804,1.7826,1.7748,1.782,125901.1
1768564800,1.7816,1.784,1.7746,1.7793,170706.8
1768568400,1.7794,1.7794,1.7627,1.7688,434007.5
1768572000,1.7691,1.7834,1.7685,1.7711,455549
1768575600,1.771,1.7822,1.7046,1.7222,4262036.5
1768579200,1.722,1.7548,1.719,1.7446,1599028.5
1768582800,1.7449,1.7519,1.7317,1.7494,614582.4
1768586400,1.7502,1.7623,1.7502,1.7592,958566.8
1768590000,1.7586,1.7685,1.7481,1.7648,960118.7
1768593600,1.7648,1.7848,1.7532,1.7829,1668076.7
1768597200,1.7831,1.7913,1.7755,1.7821,443636.7
1768600800,1.7797,1.7915,1.7797,1.7876,296989.4
1768604400,1.7876,1.7928,1.7855,1.788,220273.8
1768608000,1.7882,1.7893,1.7794,1.7826,281889.9
1768611600,1.7825,1.7872,1.7806,1.7853,155293.8
1768615200,1.7855,1.7858,1.7791,1.7823,184682.9
1768618800,1.7827,1.7851,1.7781,1.7845,112163.1
1768622400,1.7841,1.7925,1.7833,1.7908,143176.8
1768626000,1.7903,1.8032,1.7903,1.7978,245458.7
1768629600,1.7976,1.8013,1.7934,1.795,101101.4
1768633200,1.7948,1.7962,1.7887,1.7931,124056.8
1768636800,1.7936,1.8077,1.7916,1.8055,214967.1
1768640400,1.8054,1.8063,1.7974,1.7998,109039.4
1768644000,1.8001,1.802,1.7908,1.7922,53671.2
1768647600,1.792,1.7964,1.7854,1.792,171988.5
1768651200,1.7922,1.8031,1.7912,1.8028,89459.7
1768654800,1.803,1.8153,1.7979,1.8024,647157.6
1768658400,1.8024,1.8129,1.7959,1.8105,559605.6
1768662000,1.8106,1.8138,1.7997,1.8092,375628.8
1768665600,1.8092,1.8116,1.7835,1.7928,1308962.8
1768669200,1.7928,1.796,1.7867,1.7949,483731.6
1768672800,1.7943,1.7958,1.7904,1.793,141855.8
1768676400,1.7929,1.7957,1.7895,1.793,89959.1
1768680000,1.7927,1.7957,1.7876,1.7896,137177
1768683600,1.7895,1.7902,1.7829,1.7879,197770.5
1768687200,1.7878,1.7881,1.7739,1.7821,258501.9
1768690800,1.7816,1.7866,1.7802,1.786,224581.9
1768694400,1.7858,1.7939,1.7808,1.7825,148870
1768698000,1.7825,1.7841,1.7651,1.774,352072.7
1768701600,1.7742,1.7837,1.7711,1.7764,198383
1768705200,1.7765,1.7847,1.776,1.7795,98776.8
1768708800,1.779,1.7833,1.776,1.7812,102308.7
1768712400,1.7815,1.7836,1.778,1.7798,117357.6
1768716000,1.7799,1.7817,1.7755,1.7803,44930.2
1768719600,1.7796,1.7807,1.7722,1.774,128578.3
1768723200,1.7739,1.7766,1.771,1.774,196108.4
1768726800,1.7738,1.7803,1.773,1.7779,54411.8
1768730400,1.7779,1.7779,1.7678,1.7722,148769.9
1768734000,1.7721,1.7762,1.7696,1.7732,84161.4
1768737600,1.7731,1.7781,1.7693,1.7711,42344.2
1768741200,1.7709,1.7749,1.7631,1.7713,337213.9
1768744800,1.771,1.7829,1.7661,1.7676,221062.4
1768748400,1.7677,1.7754,1.7601,1.7732,146385.2
1768752000,1.7733,1.7795,1.7684,1.7697,259551.3
1768755600,1.77,1.7761,1.7655,1.7747,198016.4
1768759200,1.7754,1.7967,1.7733,1.7928,403249.1
1768762800,1.7932,1.7957,1.7725,1.7727,171016.1
1768766400,1.7727,1.7843,1.7688,1.7811,157084.3
1768770000,1.7812,1.7858,1.7791,1.7815,110846.9
1768773600,1.7818,1.7896,1.7802,1.7843,198582.6
1768777200,1.7838,1.7844,1.693,1.695,2477373
1768780800,1.6945,1.6945,1.5117,1.5873,11655254.8
1768784400,1.587,1.6054,1.5655,1.5781,3895622.4
1768788000,1.578,1.5929,1.5716,1.5844,1067472
1768791600,1.5844,1.5922,1.5831,1.5905,624183.2
1768795200,1.5905,1.5937,1.5776,1.5776,566264.2
1768798800,1.5784,1.5826,1.5611,1.5646,707562
1768802400,1.5648,1.5711,1.5533,1.5568,991883.8
1768806000,1.5568,1.5666,1.5551,1.5621,855983.5
1768809600,1.5616,1.58,1.5562,1.5783,894118
1768813200,1.578,1.5785,1.5664,1.57,629633.2
1768816800,1.5699,1.5699,1.5567,1.5605,714400.8
1768820400,1.5606,1.5698,1.5575,1.5602,362293.1
1768824000,1.5598,1.5598,1.544,1.5544,726219.7
1768827600,1.5544,1.5586,1.5455,1.5494,551159.2
1768831200,1.5494,1.5576,1.5408,1.5502,832744.8
1768834800,1.5511,1.5574,1.544,1.5542,704348.7
1768838400,1.554,1.5824,1.5521,1.5789,1740500.4
1768842000,1.5792,1.5823,1.5707,1.5718,1137063.7
1768845600,1.5719,1.5772,1.5671,1.5743,420551
1768849200,1.5745,1.5836,1.5722,1.5805,372728.6
1768852800,1.5806,1.5836,1.5711,1.5739,501313.5
1768856400,1.5744,1.5802,1.5686,1.5693,426842.8
1768860000,1.5687,1.5736,1.5578,1.5579,511890.6
1768863600,1.5577,1.5748,1.5574,1.5669,476462.6
1768867200,1.5669,1.5704,1.5506,1.5521,476008
1768870800,1.552,1.5726,1.5503,1.5598,578463.5
1768874400,1.5598,1.5643,1.5463,1.5604,492117.4
1768878000,1.5601,1.563,1.5515,1.5587,328530.9
1768881600,1.5588,1.5652,1.5533,1.5544,278320.5
1768885200,1.5543,1.5638,1.5473,1.554,741381.3
1768888800,1.5543,1.5618,1.5403,1.5462,765431.5
1768892400,1.546,1.5503,1.5312,1.5331,507520.8
1768896000,1.5324,1.5387,1.5154,1.5324,1273961.7
1768899600,1.5321,1.5326,1.5195,1.5195,417390.6
1768903200,1.5197,1.5261,1.5173,1.5192,367228.2
1768906800,1.5198,1.525,1.509,1.5122,464139
1768910400,1.5124,1.5192,1.5089,1.5162,568416.6
1768914000,1.5161,1.5161,1.5012,1.5018,475589.3
1768917600,1.5018,1.537,1.5011,1.5256,1519713.9
1768921200,1.5252,1.5303,1.5,1.5156,2396485.5
1768924800,1.5151,1.5241,1.4826,1.4987,1224496.5
1768928400,1.4985,1.5088,1.4864,1.4956,876900.4
1768932000,1.4954,1.5015,1.4882,1.4958,493501.7
1768935600,1.4961,1.5044,1.4882,1.4973,713176.2
1768939200,1.4968,1.5053,1.4887,1.4998,790856.5
1768942800,1.5,1.5013,1.4851,1.4884,568813.1
1768946400,1.4887,1.4953,1.453,1.4774,917807.1
1768950000,1.4777,1.4785,1.4635,1.4679,1056862.9
1768953600,1.468,1.5126,1.4674,1.5034,1444777.9
1768957200,1.5033,1.51,1.4971,1.5026,1022376.4
1768960800,1.5025,1.5125,1.5008,1.5046,442255.2
1768964400,1.5049,1.5118,1.5021,1.5046,369468.1
1768968000,1.5049,1.5086,1.5002,1.5068,232668.7
1768971600,1.5066,1.5238,1.5061,1.5166,471709.7
1768975200,1.5164,1.5164,1.506,1.5077,202974.2
1768978800,1.5076,1.5127,1.5026,1.5047,435067.2
1768982400,1.5041,1.5046,1.4904,1.496,742203.8
1768986000,1.496,1.5037,1.493,1.4975,375942.8
1768989600,1.4975,1.5046,1.4933,1.4933,227902.3
1768993200,1.4932,1.4932,1.4685,1.4705,717470.6
1768996800,1.4704,1.4735,1.4533,1.4712,1072723.1
1769000400,1.4708,1.4828,1.4646,1.4697,689657.5
1769004000,1.4694,1.519,1.4671,1.5155,1753520.8
1769007600,1.5155,1.5312,1.5032,1.5137,1424489.3
1769011200,1.514,1.5158,1.4437,1.4455,1535919.9
1769014800,1.4455,1.4646,1.4393,1.4558,1564192.5
1769018400,1.4556,1.4813,1.4489,1.4753,774157.4
1769022000,1.4759,1.5428,1.4712,1.5398,2351564.5
1769025600,1.5398,1.541,1.5074,1.5369,2504083.2
1769029200,1.5374,1.5466,1.5272,1.5316,846847.7
1769032800,1.5317,1.5437,1.5196,1.5205,358795.7
1769036400,1.5207,1.5248,1.5028,1.5092,1007770.7
1769040000,1.5094,1.5337,1.5093,1.5272,353841.9
1769043600,1.5269,1.535,1.5235,1.5316,368203.1
1769047200,1.5314,1.536,1.5223,1.5248,318659.5
1769050800,1.5251,1.5327,1.516,1.5194,412975
1769054400,1.5193,1.5283,1.5182,1.5253,229916
1769058000,1.5255,1.5259,1.5175,1.5209,134216.8
1769061600,1.5205,1.5315,1.5145,1.5273,423336.5
1769065200,1.5274,1.5277,1.5158,1.5193,203090
1769068800,1.5194,1.5303,1.5173,1.5294,214286.3
1769072400,1.5293,1.535,1.5255,1.5326,264375.9
1769076000,1.5326,1.5334,1.5239,1.5247,135805.6
1769079600,1.5246,1.5264,1.5173,1.521,567268.1
1769083200,1.521,1.5259,1.519,1.5203,203585.1
1769086800,1.5208,1.5303,1.5046,1.5085,549174.2
1769090400,1.5083,1.5127,1.4868,1.4912,988793.2
1769094000,1.491,1.5048,1.4805,1.4954,1003966.9
1769097600,1.4949,1.5098,1.4928,1.5038,395999.3
1769101200,1.504,1.5112,1.4957,1.5085,475783
1769104800,1.5082,1.512,1.4965,1.4965,701646.9
1769108400,1.4969,1.5107,1.4925,1.5059,444387.3
1769112000,1.5057,1.5078,1.4948,1.4984,389211.2
1769115600,1.4986,1.5026,1.4911,1.4932,282111.7
1769119200,1.4936,1.5003,1.49,1.4934,289760.4
1769122800,1.4934,1.496,1.485,1.4941,305329.3
1769126400,1.4942,1.4975,1.4884,1.4926,260071.9
1769130000,1.4928,1.5053,1.4928,1.5044,147692.8
1769133600,1.5042,1.5065,1.4955,1.4957,142237.2
1769137200,1.4957,1.5092,1.4957,1.505,269293.9
1769140800,1.5052,1.5097,1.5029,1.5068,232642.9
1769144400,1.5068,1.5075,1.4989,1.5028,136455.4
1769148000,1.5031,1.5081,1.4925,1.4959,198974.1
1769151600,1.4962,1.5013,1.4947,1.499,119574.1
1769155200,1.4986,1.5009,1.4846,1.4866,199460.3
1769158800,1.4865,1.4935,1.4825,1.4904,225616.9
1769162400,1.4904,1.4948,1.4857,1.4888,160763.5
1769166000,1.4885,1.4984,1.4879,1.4922,419076
1769169600,1.4921,1.4935,1.4843,1.4863,152250
1769173200,1.4865,1.4893,1.4829,1.4841,157389.4
1769176800,1.4838,1.4891,1.4604,1.4732,1054090.2
1769180400,1.4732,1.5046,1.4672,1.5008,894636.3
1769184000,1.5004,1.5184,1.4919,1.507,850189.8
1769187600,1.5071,1.5338,1.4985,1.5139,1142973.8
1769191200,1.5138,1.5225,1.5095,1.5123,935126.6
1769194800,1.5123,1.5127,1.4857,1.4934,853770.8
1769198400,1.4935,1.4966,1.4725,1.48,674063.9
1769202000,1.4798,1.49,1.4787,1.4818,212390.1
1769205600,1.4823,1.4944,1.4823,1.4911,111012.7
1769209200,1.4908,1.4908,1.4857,1.4871,116200.1
1769212800,1.4871,1.4908,1.4812,1.4812,137020.7
1769216400,1.481,1.4831,1.4767,1.4819,231699.5
1769220000,1.4823,1.4889,1.4821,1.4875,124199.6
1769223600,1.4877,1.4956,1.4863,1.4919,163047.5
1769227200,1.4916,1.4927,1.4875,1.4895,176362.1
1769230800,1.4896,1.4906,1.4844,1.4874,93354.9
1769234400,1.4876,1.4893,1.4849,1.4866,94785.9
1769238000,1.4866,1.4881,1.4814,1.4821,138726.8
1769241600,1.4821,1.488,1.4814,1.4874,79810.6
1769245200,1.4876,1.4876,1.4819,1.4827,60613.4
1769248800,1.4829,1.4861,1.4798,1.4856,72462.9
1769252400,1.4856,1.4926,1.4855,1.4862,209600
1769256000,1.4859,1.4905,1.4859,1.4891,95005.3
1769259600,1.4892,1.4919,1.4843,1.4843,274086
1769263200,1.4826,1.4908,1.4804,1.4896,206690.9
1769266800,1.4896,1.4919,1.4785,1.4798,186756.1
1769270400,1.4802,1.4836,1.4726,1.4813,357942.7
1769274000,1.4811,1.4851,1.4795,1.4837,169749
1769277600,1.4846,1.4859,1.4807,1.4823,211189.2
1769281200,1.4821,1.4821,1.4738,1.4775,576054
1769284800,1.4774,1.484,1.4771,1.4818,89347.1
1769288400,1.4819,1.4819,1.4766,1.4791,120464.5
1769292000,1.4791,1.4876,1.4791,1.4876,132518.4
1769295600,1.4878,1.4882,1.4805,1.4825,120343.4
1769299200,1.4824,1.4867,1.4792,1.4867,123106.1
1769302800,1.4867,1.4897,1.4818,1.4855,156385.1
1769306400,1.4855,1.4913,1.4838,1.4853,106609.7
1769310000,1.4854,1.4866,1.47,1.4725,258018
1769313600,1.4724,1.4801,1.4708,1.4739,142935.2
1769317200,1.4738,1.4818,1.4733,1.4816,78358.2
1769320800,1.4812,1.4813,1.4738,1.4741,232206.9
1769324400,1.474,1.474,1.4625,1.4678,394794.8
1769328000,1.4678,1.4732,1.4591,1.463,283120.7
1769331600,1.4628,1.4714,1.4613,1.4655,270716.1
1769335200,1.4655,1.4813,1.4649,1.4731,327999
1769338800,1.473,1.4755,1.4684,1.4717,96809.9
1769342400,1.4715,1.4719,1.465,1.4702,187905.2
1769346000,1.4699,1.4724,1.464,1.469,384648.3
1769349600,1.4691,1.4696,1.4532,1.4618,657610.1
1769353200,1.4617,1.4675,1.4451,1.4534,819023
1769356800,1.4531,1.4535,1.4043,1.4264,2900105.9
1769360400,1.4264,1.4291,1.4154,1.4193,658443.8
1769364000,1.419,1.4217,1.3979,1.4068,1573956.9
1769367600,1.4066,1.4082,1.36,1.3758,3227094
1769371200,1.3759,1.3905,1.371,1.3831,1495167.8
1769374800,1.383,1.3952,1.3824,1.3922,894783.7
1769378400,1.3922,1.3937,1.3792,1.3842,409713.2
1769382000,1.3846,1.4022,1.3788,1.3987,876110.5
1769385600,1.3985,1.4138,1.3954,1.4131,506924.4
1769389200,1.4132,1.4401,1.4125,1.4347,827504.5
1769392800,1.4348,1.4387,1.4247,1.433,795444.4
1769396400,1.4332,1.4394,1.4213,1.427,510532.6
1769400000,1.4272,1.4495,1.4266,1.444,384749.2
1769403600,1.4442,1.445,1.4391,1.4429,390927.9
1769407200,1.4428,1.4471,1.4392,1.4426,363980
1769410800,1.4424,1.45,1.4395,1.4442,289372.1
1769414400,1.4442,1.4599,1.4419,1.4454,266803.6
1769418000,1.4452,1.4452,1.4274,1.4291,231330
1769421600,1.4295,1.4373,1.4285,1.4353,151124.8
1769425200,1.4354,1.4387,1.4317,1.434,84838.6
1769428800,1.4342,1.4402,1.4308,1.4347,121707.5
1769432400,1.4348,1.4431,1.4337,1.4397,527269
1769436000,1.4397,1.4583,1.428,1.4522,932641.1
1769439600,1.4518,1.4659,1.4306,1.44,925921.5
1769443200,1.4401,1.4547,1.4345,1.4476,1137798.1
1769446800,1.4475,1.4545,1.4307,1.4409,2140504.7
1769450400,1.4412,1.461,1.44,1.4483,894702.7
1769454000,1.4485,1.4545,1.4417,1.4435,477762.9
1769457600,1.4432,1.446,1.4338,1.4366,273164.8
1769461200,1.4363,1.459,1.4344,1.4515,396236.2
1769464800,1.452,1.455,1.4445,1.4449,359377
1769468400,1.4446,1.4497,1.4408,1.4421,187049.4
1769472000,1.4422,1.4425,1.4375,1.4415,149846.2
1769475600,1.4415,1.4526,1.4362,1.447,235514.8
1769479200,1.4474,1.4537,1.4459,1.4507,171327
1769482800,1.4504,1.4532,1.4438,1.4456,163315.1
1769486400,1.4456,1.4538,1.4387,1.4416,284209.6
1769490000,1.4417,1.4417,1.4344,1.4391,242381.5
1769493600,1.4389,1.4405,1.4291,1.4327,231027.8
1769497200,1.4327,1.438,1.4321,1.4372,88291.8
1769500800,1.437,1.4429,1.4343,1.4374,149010.1
1769504400,1.4372,1.4373,1.4305,1.4318,147347.7
1769508000,1.4319,1.4394,1.4319,1.4391,167101.6
1769511600,1.439,1.4405,1.4353,1.4363,69203.2
1769515200,1.4361,1.4409,1.4327,1.4367,100323.6
1769518800,1.4368,1.4373,1.4264,1.4282,476354.2
1769522400,1.4281,1.4424,1.4174,1.421,761718.6
1769526000,1.4212,1.4448,1.42,1.4434,1049567.9
1769529600,1.4436,1.4619,1.4415,1.4557,1381207.3
1769533200,1.4557,1.4557,1.4223,1.4266,1073194
1769536800,1.4266,1.4472,1.4244,1.4403,1048230
1769540400,1.4407,1.4409,1.4308,1.4321,943062.7
1769544000,1.4322,1.4597,1.4301,1.4534,1201290
1769547600,1.4534,1.4557,1.4329,1.4345,935180.4
1769551200,1.4348,1.4447,1.4347,1.4387,409707.2
1769554800,1.4387,1.4457,1.4343,1.4386,472988.8
1769558400,1.4388,1.4409,1.4255,1.4361,378745.7
1769562000,1.4361,1.439,1.4257,1.429,251280.1
1769565600,1.4292,1.4365,1.4283,1.4317,249180.9
1769569200,1.4314,1.4354,1.4277,1.4284,236067.4
1769572800,1.4286,1.4303,1.421,1.4252,316298.7
1769576400,1.4254,1.4299,1.4223,1.4298,256718.9
1769580000,1.4298,1.4388,1.4288,1.4349,370057.3
1769583600,1.4351,1.4351,1.4223,1.4267,361446.2
1769587200,1.4262,1.43,1.4184,1.4185,306942.1
1769590800,1.4187,1.4337,1.4158,1.4324,420334.2
1769594400,1.4324,1.4369,1.4263,1.4269,318087
1769598000,1.4265,1.4456,1.4224,1.4428,719145.4
1769601600,1.4429,1.4429,1.4266,1.4286,720859.4
1769605200,1.4284,1.4358,1.4248,1.4298,453493
1769608800,1.4299,1.4311,1.4092,1.4141,1270161.6
1769612400,1.4138,1.4192,1.394,1.4026,864402.2
1769616000,1.4026,1.411,1.3949,1.4031,453572.4
1769619600,1.4036,1.4192,1.3951,1.4152,525353.1
1769623200,1.4149,1.4149,1.4038,1.4098,322199.4
1769626800,1.4098,1.4174,1.4014,1.412,1321497
1769630400,1.4118,1.424,1.4008,1.4026,507792.6
1769634000,1.4029,1.4083,1.3912,1.4044,586923
1769637600,1.4047,1.4149,1.3966,1.4149,164302.5
1769641200,1.4152,1.4181,1.4015,1.4052,332492.6
1769644800,1.406,1.4086,1.3868,1.3925,491849.1
1769648400,1.3922,1.3962,1.38,1.3845,644188.7
1769652000,1.3841,1.3888,1.347,1.3631,1196287.6
1769655600,1.3629,1.372,1.3586,1.3634,405742.8
1769659200,1.3631,1.3649,1.3532,1.3616,513522.1
1769662800,1.3614,1.366,1.3613,1.3618,260328.7
1769666400,1.3614,1.3678,1.36,1.367,1016441.5
1769670000,1.3673,1.3698,1.3649,1.3658,208432.5
1769673600,1.3656,1.373,1.36,1.3661,337184.9
1769677200,1.3656,1.3697,1.3615,1.3617,190385.3
1769680800,1.3617,1.3629,1.3547,1.3567,208668.6
1769684400,1.3564,1.3571,1.3467,1.3504,709048.3
1769688000,1.3505,1.3546,1.3419,1.349,502878.4
1769691600,1.3488,1.3617,1.3488,1.3596,361306.7
1769695200,1.3598,1.3641,1.3222,1.3253,1575359.8
1769698800,1.3253,1.3265,1.2526,1.2941,6755093.7
1769702400,1.2941,1.3174,1.2879,1.3169,2111836.5
1769706000,1.3162,1.3365,1.3072,1.3113,1243231.3
1769709600,1.3113,1.3171,1.2821,1.2855,1363006.6
1769713200,1.2853,1.3063,1.2826,1.3002,960891
1769716800,1.3003,1.3121,1.2956,1.3082,813958.6
1769720400,1.3083,1.32,1.3083,1.3169,718998.2
1769724000,1.3172,1.3219,1.3127,1.3146,564321.6
1769727600,1.314,1.3192,1.3077,1.3189,499590.1
1769731200,1.319,1.3314,1.319,1.3255,530765.7
1769734800,1.3255,1.3347,1.255,1.2994,2255051.6
1769738400,1.2996,1.3012,1.24,1.2826,4167979.8
1769742000,1.2828,1.2954,1.2798,1.2825,1115437.5
1769745600,1.2827,1.3053,1.2823,1.294,636213.7
1769749200,1.2941,1.2985,1.2882,1.2953,755042.2
1769752800,1.295,1.2959,1.2631,1.2711,716535
1769756400,1.2714,1.2997,1.2703,1.2899,1484636.2
1769760000,1.2899,1.2924,1.2794,1.2864,268354.4
1769763600,1.2868,1.2916,1.273,1.2779,421885.1
1769767200,1.2783,1.2851,1.2732,1.2813,478048.1
1769770800,1.2805,1.3034,1.2789,1.2976,464114.2
1769774400,1.2978,1.3007,1.282,1.2863,391971.4
1769778000,1.2859,1.29,1.2728,1.2758,838056
1769781600,1.2757,1.2957,1.2742,1.282,1242103.5
1769785200,1.2822,1.2918,1.253,1.2758,1936185.2
1769788800,1.2754,1.2957,1.2706,1.2852,961189.7
1769792400,1.2856,1.2939,1.2736,1.279,879895.5
1769796000,1.2787,1.3079,1.232,1.2989,2368644.4
1769799600,1.2994,1.3098,1.2905,1.294,1312706.3
1769803200,1.2938,1.2938,1.2632,1.2669,1306791.7
1769806800,1.2671,1.2806,1.2643,1.2758,1153243.5
1769810400,1.2757,1.2795,1.2642,1.273,460851.2
1769814000,1.2726,1.2755,1.2635,1.2717,378182.9
1769817600,1.2717,1.2752,1.2678,1.2695,331777.2
1769821200,1.2692,1.2762,1.2636,1.2698,185861.1
1769824800,1.2696,1.2708,1.2597,1.2652,372162.6
1769828400,1.2654,1.2659,1.25,1.254,294626.2
1769832000,1.2538,1.2597,1.2518,1.2532,185577.5
1769835600,1.253,1.2564,1.2485,1.2533,422706.7
1769839200,1.2532,1.2544,1.2361,1.2449,535874.3
1769842800,1.2449,1.2461,1.2305,1.2367,355880.7
1769846400,1.2368,1.2386,1.2046,1.2186,2340301.2
1769850000,1.2189,1.227,1.2115,1.2173,237722.3
1769853600,1.2171,1.2279,1.2138,1.226,237900.3
1769857200,1.2258,1.2286,1.2204,1.2208,454120.1
1769860800,1.2208,1.2264,1.2169,1.2209,458504.7
1769864400,1.2212,1.2226,1.2122,1.214,552116.3
1769868000,1.214,1.2179,1.1414,1.1676,4851306.5
1769871600,1.1672,1.1865,1.166,1.1674,1328650.1
1769875200,1.1677,1.1888,1.1506,1.1576,3153417.2
1769878800,1.1581,1.1619,1.083,1.1116,5733245.1
1769882400,1.1108,1.1198,1.032,1.1067,4083593.1
1769886000,1.1069,1.1301,1.0986,1.1077,3546264.3
1769889600,1.1077,1.1186,1.0928,1.1107,1375228.1
1769893200,1.1106,1.1314,1.104,1.1262,1748971.9
1769896800,1.1264,1.1299,1.1164,1.1235,1130210.4
1769900400,1.1229,1.1584,1.1226,1.1524,1546917
1769904000,1.1522,1.1628,1.1499,1.1607,798609
1769907600,1.1607,1.162,1.1426,1.1574,634037.1
1769911200,1.1576,1.1653,1.1466,1.1492,757253.5
1769914800,1.1492,1.1552,1.1421,1.153,425241.8
1769918400,1.1529,1.1535,1.1404,1.1419,485006.5
1769922000,1.1415,1.1456,1.133,1.1385,775614.8
1769925600,1.1386,1.1427,1.1324,1.1377,818720.3
1769929200,1.1378,1.154,1.1327,1.1474,566820.6
1769932800,1.1477,1.1595,1.1448,1.1508,428533
1769936400,1.1508,1.1597,1.1394,1.1549,632794.6
1769940000,1.155,1.1569,1.1328,1.1352,522681.8
1769943600,1.1355,1.1514,1.1349,1.1479,302430
1769947200,1.148,1.1486,1.1267,1.1306,723077.9
1769950800,1.1308,1.1412,1.1193,1.1246,458461
1769954400,1.1246,1.1354,1.1046,1.1226,1597801.9
1769958000,1.1228,1.1228,1.0846,1.0996,1704279.4
1769961600,1.0996,1.1112,1.0887,1.1024,1090408.8
1769965200,1.1023,1.1078,1.0932,1.1076,736948.1
1769968800,1.1074,1.1322,1.1074,1.1201,1088498.1
1769972400,1.1199,1.1246,1.1052,1.1116,709013.6
1769976000,1.1114,1.1259,1.098,1.1105,1007113.9
1769979600,1.1102,1.1122,1.0982,1.1026,621370.7
1769983200,1.1028,1.1244,1.1013,1.1084,568155
1769986800,1.1078,1.1234,1.0722,1.0998,2077254
1769990400,1.1004,1.1261,1.0919,1.118,1278436.9
1769994000,1.1182,1.1308,1.0993,1.1189,1678918.6
1769997600,1.1191,1.1244,1.1078,1.1092,499025
1770001200,1.1096,1.112,1.0599,1.1078,2993826.5
1770004800,1.1087,1.1202,1.0883,1.0979,1114827.6
1770008400,1.0988,1.0992,1.07,1.0824,883126.4
1770012000,1.0823,1.1152,1.0663,1.1,2293486.7
1770015600,1.0995,1.1128,1.0972,1.1026,1564275.1
1770019200,1.1024,1.1142,1.1021,1.1106,538275.5
1770022800,1.1108,1.1292,1.1051,1.1234,1035020.2
1770026400,1.1236,1.1297,1.1188,1.1226,546289.7
1770030000,1.1225,1.1271,1.1179,1.1195,562736.5
1770033600,1.1194,1.1381,1.1194,1.1349,858820.4
1770037200,1.1343,1.1438,1.1301,1.1405,499359.7
1770040800,1.14,1.1536,1.1272,1.1392,2050225.6
1770044400,1.1391,1.1639,1.1351,1.1535,2185240.4
1770048000,1.1536,1.1596,1.1484,1.15,1727054.7
1770051600,1.1499,1.1575,1.1442,1.1487,827456.9
1770055200,1.1483,1.1536,1.141,1.1504,555954.1
1770058800,1.1503,1.151,1.142,1.144,568085.9
1770062400,1.1438,1.147,1.1349,1.1401,733170
1770066000,1.1405,1.1476,1.14,1.1437,390635.3
1770069600,1.1435,1.1503,1.1435,1.1496,325222.9
1770073200,1.1496,1.1534,1.1455,1.1485,518645
1770076800,1.1485,1.1554,1.1396,1.1495,1049258.1
1770080400,1.1494,1.15,1.1379,1.1449,397216.3
1770084000,1.1445,1.1445,1.1191,1.1212,722368.5
1770087600,1.1211,1.1434,1.1162,1.141,790654.3
1770091200,1.1408,1.1519,1.1367,1.1455,395468
1770094800,1.1456,1.1457,1.1359,1.1369,461286
1770098400,1.1369,1.144,1.1309,1.1423,361344.5
1770102000,1.1422,1.1518,1.1392,1.1467,379236.5
1770105600,1.1464,1.1528,1.1392,1.14,380094.6
1770109200,1.1401,1.1434,1.1224,1.1338,672613.3
1770112800,1.1338,1.1379,1.1277,1.1296,205326.9
1770116400,1.1294,1.1368,1.1292,1.1331,478944.1
1770120000,1.1338,1.1419,1.1294,1.1406,335986.8
1770123600,1.1403,1.149,1.1376,1.1459,529478.2
1770127200,1.1454,1.1482,1.1194,1.1201,917093.8
1770130800,1.1201,1.1553,1.1178,1.1526,1518489.9
1770134400,1.1528,1.153,1.1246,1.1278,1370080.3
1770138000,1.1284,1.1297,1.0966,1.097,2209997
1770141600,1.0968,1.104,1.0741,1.0742,3419294.5
1770145200,1.074,1.1343,1.0719,1.1265,3061177.2
1770148800,1.1264,1.1669,1.1113,1.1468,2572347.8
1770152400,1.1472,1.155,1.1262,1.1279,1124518.1
1770156000,1.128,1.1283,1.1105,1.1137,563533.7
1770159600,1.1139,1.1153,1.1014,1.1107,984055.5
1770163200,1.1107,1.1186,1.1023,1.1143,420536.4
1770166800,1.1144,1.1348,1.1144,1.1234,724778.4
1770170400,1.1234,1.128,1.1152,1.1184,495715.8
1770174000,1.1185,1.1339,1.117,1.1287,642001.1
1770177600,1.1286,1.131,1.1236,1.1253,589325
1770181200,1.1251,1.1272,1.1152,1.1194,336501.3
1770184800,1.1195,1.1331,1.1176,1.1304,420607.2
1770188400,1.1304,1.1347,1.1236,1.1314,372219.7
1770192000,1.1314,1.1388,1.1287,1.1376,845849.5
1770195600,1.1375,1.1375,1.1219,1.1231,736966.6
1770199200,1.1236,1.1254,1.1205,1.1209,314139.6
1770202800,1.121,1.1244,1.1041,1.1181,979155.3
1770206400,1.1185,1.1213,1.1129,1.1177,304502.2
1770210000,1.1174,1.1204,1.0977,1.099,827706.3
1770213600,1.0986,1.1104,1.0818,1.0829,3294356
1770217200,1.0829,1.0973,1.0572,1.0749,3498995.5
1770220800,1.0749,1.0855,1.0571,1.0692,3825187.4
1770224400,1.0699,1.076,1.0509,1.0688,2624302.3
1770228000,1.0687,1.0917,1.0507,1.0766,2350937.4
1770231600,1.0771,1.1064,1.0749,1.1051,1584154.9
1770235200,1.1055,1.107,1.0909,1.0933,1088944.8
1770238800,1.0934,1.0983,1.0709,1.0797,1139952.1
1770242400,1.0797,1.0971,1.0576,1.0707,1112471.3
1770246000,1.071,1.0913,1.0674,1.082,1091431.2
1770249600,1.0819,1.089,1.0753,1.0764,1679200.3
1770253200,1.0765,1.0907,1.0667,1.0726,2571897
1770256800,1.0727,1.088,1.0651,1.067,1548601.7
1770260400,1.0673,1.0771,1.0595,1.0618,1017088.8
1770264000,1.0618,1.0698,1.0533,1.0576,1380232.1
1770267600,1.0572,1.0694,1.0417,1.0552,1388988.9
1770271200,1.0552,1.0556,1.0349,1.0397,1028336.5
1770274800,1.0397,1.0584,1.0391,1.0415,824352.1
1770278400,1.0417,1.0539,1.0406,1.041,596477.5
1770282000,1.041,1.0512,1.0356,1.0403,689496.6
1770285600,1.0405,1.041,1.0074,1.0124,1185780.4
1770289200,1.012,1.0205,0.9891,1.0074,2705029.7
1770292800,1.0078,1.012,0.99,0.9997,2257211.3
1770296400,0.9996,1.0054,0.983,0.9874,2173950.3
1770300000,0.9875,1.0174,0.9875,0.9899,2884702.7
1770303600,0.9897,0.9937,0.9344,0.9582,6904762.9
1770307200,0.9581,0.9789,0.9489,0.9634,5751435.4
1770310800,0.9634,0.9687,0.9294,0.9388,4253422.4
1770314400,0.9388,0.9489,0.921,0.9479,3999061.6
1770318000,0.9479,0.9488,0.9077,0.9224,4373249.4
1770321600,0.9225,0.9298,0.8743,0.8917,6246267.4
1770325200,0.8921,0.9232,0.887,0.8936,4183721.6
1770328800,0.8937,0.9114,0.8784,0.8966,4064834.4
1770332400,0.8971,0.9153,0.8766,0.8813,2618562.6
1770336000,0.8812,0.8878,0.7889,0.8702,9119211.7
1770339600,0.8702,0.9096,0.866,0.9056,4424112.3
1770343200,0.9058,0.9148,0.8794,0.8926,3438503.5
1770346800,0.8927,0.8988,0.8819,0.8887,1292785.4
1770350400,0.8887,0.8968,0.8754,0.8923,5994460.6
1770354000,0.8919,0.95,0.8903,0.9324,3182895.6
1770357600,0.9325,0.9375,0.9186,0.9193,2838924.2
1770361200,0.9195,0.928,0.909,0.9151,1705012.9
1770364800,0.915,0.9238,0.9066,0.9117,1669103.7
1770368400,0.9116,0.9405,0.9056,0.9333,2552609.4
1770372000,0.9333,0.9512,0.9311,0.9471,1080309.6
1770375600,0.9471,0.9556,0.9416,0.9481,1619568.9
1770379200,0.9477,0.9484,0.9392,0.9474,910008.3
1770382800,0.9475,0.9623,0.9457,0.9469,1887610.9
1770386400,0.9466,0.9862,0.944,0.9768,3163421
1770390000,0.9768,0.9879,0.9639,0.9792,3903531.6
1770393600,0.9792,1.0145,0.975,1.0082,4828942.2
1770397200,1.0086,1.0297,1.0037,1.0149,2837248.8
1770400800,1.0148,1.0162,0.9909,0.9997,2525072.4
1770404400,0.9999,1.0104,0.9955,1.0079,1005775.1
1770408000,1.0078,1.0111,0.9941,1.0008,1134571.1
1770411600,1.001,1.0111,0.9945,1.0101,933884.9
1770415200,1.0103,1.0291,1.0072,1.0225,1505663.2
1770418800,1.0225,1.0272,1.0074,1.0142,674677
1770422400,1.0145,1.0145,0.9968,1.0027,964596.3
1770426000,1.0024,1.0136,0.9956,1.0116,573979.9
1770429600,1.0115,1.0146,1.0041,1.0068,389761.1
1770433200,1.0063,1.0151,1.0047,1.0094,578846.8
1770436800,1.0094,1.0161,0.9995,1.0041,641211.4
1770440400,1.004,1.0134,1.001,1.0036,470732.1
1770444000,1.0032,1.0092,0.984,0.9843,960213.8
1770447600,0.9843,0.9892,0.9617,0.9711,2183899.7
1770451200,0.9709,0.9829,0.9672,0.9799,486305.9
1770454800,0.98,0.986,0.974,0.976,383862.7
1770458400,0.9761,0.9809,0.9708,0.975,699025.4
1770462000,0.975,0.9763,0.9703,0.9733,234570.1
1770465600,0.9734,1.0067,0.9731,0.9952,1036799.3
1770469200,0.9954,1.0003,0.986,0.992,484112.6
1770472800,0.9921,0.9953,0.9809,0.9817,523715.9
1770476400,0.9819,0.9985,0.9819,0.9941,496840.6
1770480000,0.9941,1.0194,0.9906,0.9977,3736174.5
1770483600,0.998,1.007,0.9924,1.0017,479086.6
1770487200,0.9994,1.021,0.9994,1.0129,515833.5
1770490800,1.0131,1.016,1.0062,1.0074,457207.9
1770494400,1.0072,1.0175,1.0055,1.0165,574573.2
1770498000,1.0165,1.019,1.01,1.0105,499589.3
1770501600,1.0109,1.0138,1.0068,1.0078,411823.3
1770505200,1.0078,1.009,0.9998,1.0044,697653
1770508800,1.0046,1.005,0.9954,0.9987,430628
1770512400,0.9986,1.0051,0.9985,1.001,173120
1770516000,1.0011,1.003,0.9917,0.9943,643539.8
1770519600,0.9943,0.9958,0.9857,0.987,389612.1
1770523200,0.9867,0.9896,0.9812,0.9895,247852.3
1770526800,0.9892,0.9923,0.9848,0.9868,332474.3
1770530400,0.987,0.9893,0.9842,0.9861,267316.1
1770534000,0.9862,0.9907,0.9814,0.9904,308070.5
1770537600,0.9904,1.0082,0.9883,1.0066,533554.7
1770541200,1.0066,1.0083,0.9917,0.9938,674980.1
1770544800,0.9939,0.9985,0.9823,0.9873,429525.9
1770548400,0.9871,1.0035,0.9869,1.0015,739665.1
1770552000,1.0018,1.0021,0.993,0.9994,586550
1770555600,0.9989,1.0031,0.9928,1.0031,804605.3
1770559200,1.0032,1.0057,0.9986,1.0027,398964
1770562800,1.0024,1.0066,0.9851,0.9897,958811.4
1770566400,0.9897,0.9931,0.964,0.9695,1523206.7
1770570000,0.9696,0.9797,0.9696,0.9777,975612.5
1770573600,0.9777,0.9926,0.9777,0.9867,843338.6
1770577200,0.987,0.9938,0.984,0.9927,365730.2
1770580800,0.9926,0.9927,0.9759,0.9774,446449.1
1770584400,0.9776,0.9803,0.9679,0.9717,406603.1
1770588000,0.9717,0.9768,0.9693,0.9755,423203.3
1770591600,0.9753,0.9984,0.9648,0.9716,1525816.7
1770595200,0.9717,0.9744,0.9636,0.9726,1083577.2
1770598800,0.9729,0.983,0.9663,0.973,758114.9
1770602400,0.973,0.9846,0.9688,0.9772,462455.8
1770606000,0.9773,0.9878,0.9754,0.9859,361175.1
1770609600,0.9859,0.9865,0.9806,0.9824,429033.8
1770613200,0.9823,0.9862,0.9788,0.985,208279.8
1770616800,0.9848,0.9848,0.969,0.9736,424153.9
1770620400,0.974,0.977,0.9669,0.968,368651.7
1770624000,0.9679,0.9705,0.9507,0.9565,1184826.3
1770627600,0.9564,0.9583,0.9443,0.9479,1047731.7
1770631200,0.948,0.9495,0.925,0.93,2946201.7
1770634800,0.93,0.9418,0.93,0.9388,1007953.8
1770638400,0.9385,0.9445,0.9384,0.941,682260.5
1770642000,0.9409,0.944,0.9277,0.9279,975669.4
1770645600,0.928,0.9521,0.9264,0.949,2550195.3
1770649200,0.9494,0.9593,0.9393,0.9562,833356
1770652800,0.9559,0.9735,0.9466,0.963,1021865.9
1770656400,0.9628,0.9758,0.9555,0.9729,2163729.6
1770660000,0.973,0.9782,0.9596,0.9606,1105870.1
1770663600,0.9606,0.9714,0.9581,0.9681,785516.8
1770667200,0.968,0.973,0.9619,0.9694,1022156.4
1770670800,0.9695,0.9711,0.9541,0.9655,852463
1770674400,0.9655,0.9731,0.9644,0.968,465960.1
1770678000,0.9681,0.9727,0.9607,0.963,504185.6
1770681600,0.9631,0.9638,0.9572,0.9589,428843.4
1770685200,0.9589,0.9743,0.9588,0.9717,323857.9
1770688800,0.9718,0.9725,0.9651,0.967,275629.4
1770692400,0.9671,0.9687,0.9435,0.9513,724586.2
1770696000,0.9513,0.9616,0.9507,0.9595,341021.8
1770699600,0.9595,0.96,0.9443,0.9471,373644.2
1770703200,0.947,0.9492,0.9302,0.9342,852592.9
1770706800,0.9343,0.9437,0.9343,0.9392,436976.4
1770710400,0.9393,0.948,0.938,0.9456,565603.2
1770714000,0.9455,0.9517,0.9416,0.946,335035.5
1770717600,0.946,0.9475,0.94,0.94,197025.3
1770721200,0.94,0.9454,0.9343,0.9361,524092.5
1770724800,0.9362,0.9391,0.9286,0.9321,629831.4
1770728400,0.9319,0.9396,0.93,0.9351,541621.3
1770732000,0.9352,0.9397,0.9215,0.9275,1490575.9
1770735600,0.9274,0.9398,0.9242,0.9331,897379.5
1770739200,0.9331,0.9405,0.9281,0.9309,729953
1770742800,0.9308,0.9408,0.9281,0.9379,636220.8
1770746400,0.938,0.9391,0.914,0.9186,1319587.7
1770750000,0.9184,0.9264,0.9154,0.9212,526399.9
1770753600,0.9209,0.9246,0.918,0.9232,633654.1
1770757200,0.9231,0.9274,0.9183,0.9239,486666.1
1770760800,0.9241,0.9318,0.9232,0.9268,242240.4
1770764400,0.9265,0.9317,0.9254,0.9295,257150.6
1770768000,0.9297,0.9343,0.9282,0.9336,635551.3
1770771600,0.9333,0.9344,0.9301,0.932,270377.2
1770775200,0.9321,0.9371,0.9294,0.9294,277133.8
1770778800,0.9296,0.9343,0.9192,0.9274,468439.8
1770782400,0.9275,0.9285,0.9101,0.9124,750740.3
1770786000,0.9123,0.9155,0.9043,0.9049,477248.8
1770789600,0.9048,0.9056,0.8924,0.8947,1385649.7
1770793200,0.8946,0.8997,0.8928,0.8957,419644.2
1770796800,0.8956,0.8977,0.8927,0.8958,496495.4
1770800400,0.896,0.8985,0.8881,0.8906,456398.7
1770804000,0.8906,0.8916,0.8834,0.8854,558725.8
1770807600,0.8854,0.894,0.885,0.8936,393102.4
1770811200,0.8934,0.902,0.891,0.8973,705920.3
1770814800,0.8974,0.9076,0.8924,0.9063,1252539.3
1770818400,0.9064,0.9311,0.8856,0.888,1622413
1770822000,0.8876,0.8926,0.8748,0.8836,2480917.6
1770825600,0.8834,0.8984,0.8759,0.8772,970515.2
1770829200,0.8772,0.896,0.874,0.8849,1986992
1770832800,0.885,0.8948,0.8786,0.8908,833543.7
1770836400,0.8908,0.898,0.8878,0.8931,641425.2
1770840000,0.8931,0.9015,0.8877,0.8994,1045891.6
1770843600,0.8997,0.9182,0.897,0.9096,1175545.6
1770847200,0.9095,0.9101,0.8942,0.8959,379682.5
1770850800,0.8958,0.8992,0.8855,0.8936,532188.8
1770854400,0.8937,0.9091,0.8937,0.9046,428956.5
1770858000,0.9046,0.9135,0.9041,0.9063,522202
1770861600,0.9061,0.9102,0.902,0.9067,398392.3
1770865200,0.9066,0.9127,0.9035,0.9119,252380.5
1770868800,0.9118,0.9139,0.9064,0.9088,339914.2
1770872400,0.9087,0.9186,0.904,0.9173,521399.2
1770876000,0.9174,0.9303,0.9172,0.9252,887825.3
1770879600,0.9251,0.9341,0.9206,0.9335,318030.2
1770883200,0.9335,0.9396,0.9253,0.9308,557670
1770886800,0.9301,0.9424,0.9265,0.9403,380293.7
1770890400,0.9406,0.9583,0.935,0.9572,845774.4
1770894000,0.9572,0.9582,0.943,0.9477,668647.6
1770897600,0.9476,0.9489,0.9292,0.9324,475477.2
1770901200,0.9324,0.9355,0.9217,0.9339,1225815
1770904800,0.9337,0.9342,0.9214,0.9253,771388.2
1770908400,0.9254,0.9346,0.9131,0.9145,1231940.5
1770912000,0.9144,0.9159,0.8923,0.8984,1176010.1
1770915600,0.8983,0.9123,0.8953,0.9019,866775
1770919200,0.902,0.9122,0.9003,0.9055,869814.1
1770922800,0.9056,0.9252,0.901,0.912,724731.7
1770926400,0.912,0.9145,0.9008,0.9048,525476.5
1770930000,0.905,0.91,0.9048,0.9073,518950.4
1770933600,0.9072,0.9224,0.9051,0.9214,512411
1770937200,0.9214,0.9273,0.9183,0.9216,1031238.3
1770940800,0.9213,0.9268,0.9136,0.9164,385295
1770944400,0.9166,0.9236,0.9149,0.9195,267475.8
1770948000,0.9196,0.9247,0.917,0.9222,420308.2
1770951600,0.9222,0.9235,0.9133,0.9141,436403.1
1770955200,0.9141,0.9145,0.9072,0.9096,366026.5
1770958800,0.9098,0.9114,0.9055,0.9058,202367.9
1770962400,0.9056,0.9136,0.9013,0.9132,292071.4
1770966000,0.9129,0.9196,0.9113,0.9149,336934.8
1770969600,0.9149,0.9344,0.913,0.9309,423481.9
1770973200,0.9309,0.9312,0.9244,0.9284,320635.5
1770976800,0.9284,0.9294,0.9243,0.9276,126897.5
1770980400,0.9278,0.9291,0.9213,0.9241,161248.6
1770984000,0.9238,0.9238,0.9169,0.9205,144653.5
1770987600,0.9202,0.9328,0.9184,0.9283,1011968.7
1770991200,0.9284,0.9463,0.9239,0.9374,1321565.8
1770994800,0.9375,0.9633,0.9349,0.9525,2191220.2
1770998400,0.9527,0.9849,0.9519,0.9723,2175868.1
1771002000,0.9725,0.9821,0.9633,0.9764,1178385.2
1771005600,0.9766,0.9779,0.9674,0.9763,834272.3
1771009200,0.9763,0.9826,0.9707,0.9736,1121557.6
1771012800,0.9738,0.9773,0.9682,0.9756,848336.3
1771016400,0.9754,0.9791,0.9717,0.9742,312185.1
1771020000,0.9741,0.9747,0.9629,0.9655,568100.9
1771023600,0.9656,0.9658,0.9593,0.9607,293915.8
1771027200,0.9608,0.9705,0.9577,0.9664,444982.4
1771030800,0.9659,0.9681,0.9626,0.9651,463957.9
1771034400,0.9649,0.9673,0.9614,0.9624,204667.7
1771038000,0.9622,0.9713,0.9621,0.9681,213385.3
1771041600,0.9683,0.9685,0.9645,0.9647,122271.2
1771045200,0.965,0.9686,0.959,0.9593,409710.5
1771048800,0.9592,0.9614,0.9548,0.9587,287242.5
1771052400,0.9586,0.9716,0.9584,0.9661,736620.4
1771056000,0.9663,0.9848,0.9659,0.9841,1949092.3
1771059600,0.9841,0.9912,0.9814,0.9888,931126.8
1771063200,0.9886,0.9924,0.9839,0.9847,257421
1771066800,0.9849,1.0074,0.9848,1.0059,605031.2
1771070400,1.006,1.0124,0.9895,0.9897,1591990.3
1771074000,0.9899,0.9923,0.9776,0.9827,491726.3
1771077600,0.9828,1.0044,0.9821,1.0007,497090
1771081200,1.0008,1.0022,0.9936,0.9992,697049.5
1771084800,0.9993,1.0102,0.9892,1.0102,548646.6
1771088400,1.0104,1.0204,1.0072,1.009,580432.5
1771092000,1.0097,1.0296,1.0092,1.0289,1375002.9
1771095600,1.0289,1.0441,1.022,1.035,1011089.5
1771099200,1.0351,1.0418,1.0244,1.0325,903016
1771102800,1.0326,1.039,1.0184,1.0271,2147491.7
1771106400,1.0271,1.0403,1.0269,1.0322,2525709.7
1771110000,1.0321,1.0353,1.0235,1.0287,290889.8
1771113600,1.0285,1.0288,1.0193,1.0261,997321.5
1771117200,1.026,1.0368,1.0204,1.0277,485446
1771120800,1.0276,1.0332,1.0126,1.0199,438014.2
1771124400,1.0198,1.0256,1.0035,1.0206,850138.3
1771128000,1.0205,1.039,1.0199,1.0291,832491.1
1771131600,1.0289,1.0376,1.0264,1.0324,678767.8
1771135200,1.0323,1.0381,1.0261,1.0287,347803.5
1771138800,1.0289,1.0492,1.0275,1.0428,752095.2
1771142400,1.0427,1.0482,1.0172,1.0218,911817
1771146000,1.0217,1.0293,1.0184,1.0224,265407
1771149600,1.0224,1.0246,1.0065,1.0125,438641.3
1771153200,1.0127,1.0151,1.005,1.0063,269838
1771156800,1.0064,1.0082,0.9776,0.9778,948531.9
1771160400,0.9779,0.9919,0.9703,0.9758,1004505.6
1771164000,0.9754,0.9885,0.9748,0.987,543797.8
1771167600,0.9868,0.9944,0.9857,0.9868,374195
1771171200,0.9872,0.9893,0.9787,0.9855,475841.3
1771174800,0.9854,0.9897,0.9653,0.9745,1096655.1
1771178400,0.9746,0.975,0.9625,0.9652,649555.1
1771182000,0.9651,0.9698,0.9571,0.9629,969925.2
1771185600,0.9628,0.9706,0.9582,0.967,660883.9
1771189200,0.9671,0.9772,0.967,0.9722,448060.8
1771192800,0.9721,0.9772,0.9694,0.9754,616778.8
1771196400,0.9754,0.9758,0.9638,0.9736,393656.2
1771200000,0.9733,0.9791,0.9708,0.9753,201766.5
1771203600,0.9754,0.9787,0.9659,0.9708,712091
1771207200,0.9708,0.9751,0.9624,0.9625,853199.4
1771210800,0.9627,0.9657,0.9605,0.9651,228136.7
1771214400,0.9651,0.9787,0.9651,0.9772,388821.9
1771218000,0.977,0.9776,0.9592,0.9606,248708.2
1771221600,0.9605,0.9672,0.9583,0.9651,171217.6
1771225200,0.965,0.9688,0.9601,0.9621,238553.6
1771228800,0.9622,0.9674,0.9611,0.9632,183806.4
1771232400,0.9632,0.9731,0.9631,0.9702,349736.6
1771236000,0.97,0.97,0.9636,0.9642,297551.9
1771239600,0.9644,0.966,0.9471,0.9621,625598.3
1771243200,0.9615,0.9883,0.9596,0.9866,751539
1771246800,0.9867,0.9948,0.9618,0.9644,1112068.1
1771250400,0.9645,0.9824,0.9594,0.9749,617206.4
1771254000,0.9749,0.9824,0.9537,0.9593,923432.6
1771257600,0.9594,0.9723,0.9585,0.965,546709.2
1771261200,0.9654,0.9696,0.9608,0.9645,410027.2
1771264800,0.9647,0.9708,0.9614,0.9627,313980
1771268400,0.9628,0.9714,0.9597,0.9673,252702.7
1771272000,0.9672,0.9811,0.9642,0.9791,578602.6
1771275600,0.9789,0.9986,0.9757,0.9984,895894.6
1771279200,0.9985,1.0042,0.9879,0.9925,1054219.2
1771282800,0.9925,0.9964,0.9882,0.9924,620218.3
1771286400,0.9925,0.9976,0.9887,0.9933,167615.1
1771290000,0.9934,0.9969,0.9859,0.9862,269254.5
1771293600,0.9864,0.9984,0.9791,0.9931,543324.3
1771297200,0.993,0.993,0.9823,0.9823,633930.2
1771300800,0.9824,0.9888,0.9791,0.9842,268582.4
1771304400,0.9841,0.9846,0.966,0.9736,538998.5
1771308000,0.9736,0.98,0.9736,0.9776,134280.1
1771311600,0.9775,0.9777,0.9706,0.9711,166391.2
1771315200,0.9706,0.9785,0.968,0.9704,500414.3
1771318800,0.9705,0.9714,0.9651,0.9688,470870.3
1771322400,0.9689,0.9706,0.961,0.9658,374865.6
1771326000,0.9659,0.9702,0.9642,0.9678,192638.6
1771329600,0.9676,0.9747,0.9669,0.9684,226983.5
1771333200,0.9685,0.9811,0.9658,0.9756,397575.3
1771336800,0.9753,0.9816,0.9533,0.9574,1354180.6
1771340400,0.957,0.9698,0.9536,0.9686,880382.8
1771344000,0.9687,0.9907,0.9672,0.9761,932617
1771347600,0.9761,0.9769,0.9522,0.9622,681959
1771351200,0.9621,0.98,0.9592,0.9744,970595.3
1771354800,0.9743,0.9781,0.9658,0.9681,409704.4
1771358400,0.9682,0.9699,0.9611,0.9649,428142.4
1771362000,0.9651,0.9696,0.9626,0.9682,428427.3
1771365600,0.9684,0.9743,0.9669,0.9677,210801.7
1771369200,0.9676,0.9697,0.9646,0.9676,272307.5
1771372800,0.9675,0.9699,0.963,0.9632,247500
1771376400,0.9635,0.9651,0.9577,0.9617,397766.2
1771380000,0.9617,0.9695,0.9617,0.967,206765.4
1771383600,0.9672,0.973,0.9668,0.9709,244377.5
1771387200,0.9709,0.973,0.9687,0.9694,116936.4
1771390800,0.9693,0.9726,0.9676,0.9696,87545.1
1771394400,0.9697,0.9705,0.9657,0.9663,340926
1771398000,0.9664,0.9792,0.9645,0.9764,130396.9
1771401600,0.9765,0.986,0.9762,0.9779,230291.2
1771405200,0.978,0.9806,0.9768,0.978,87589.1
1771408800,0.9781,0.9818,0.9704,0.9714,191620.9
1771412400,0.9713,0.9747,0.9594,0.96,634347
1771416000,0.96,0.9641,0.9553,0.957,393922
1771419600,0.9571,0.9592,0.9472,0.9516,578965.9
1771423200,0.9515,0.9559,0.9437,0.9534,1073573.6
1771426800,0.9533,0.9751,0.9527,0.9609,998751.3
1771430400,0.9611,0.9614,0.9474,0.9499,606167.7
1771434000,0.9498,0.9604,0.9495,0.9513,241495.3
1771437600,0.9515,0.9528,0.9383,0.9399,1072320.8
1771441200,0.9394,0.9433,0.9245,0.9321,1238391.2
1771444800,0.9324,0.9369,0.9291,0.9319,508006.4
1771448400,0.932,0.9338,0.9266,0.9283,428357.1
1771452000,0.9285,0.9302,0.9228,0.9282,1019038
1771455600,0.9282,0.9311,0.9247,0.9301,177667.8
1771459200,0.9301,0.9308,0.9262,0.9269,505372.6
1771462800,0.927,0.9365,0.9269,0.9358,380260.1
1771466400,0.9356,0.9396,0.9317,0.935,364738.4
1771470000,0.9349,0.9384,0.9319,0.936,218125.1
1771473600,0.9358,0.9395,0.9337,0.9347,208495.9
1771477200,0.9346,0.9362,0.929,0.9327,258182.1
1771480800,0.9326,0.9402,0.9323,0.9358,304454.2
1771484400,0.9359,0.9373,0.9318,0.9329,262116.1
1771488000,0.9327,0.9327,0.9034,0.9088,1612951.3
1771491600,0.9089,0.9211,0.9088,0.9158,765390.2
1771495200,0.9158,0.9203,0.9124,0.9171,231713.3
1771498800,0.9171,0.9197,0.9131,0.9153,308895.5
1771502400,0.915,0.9171,0.9121,0.9126,352776.3
1771506000,0.9129,0.913,0.8953,0.9045,1889346.9
1771509600,0.9041,0.9144,0.901,0.9096,906057.3
1771513200,0.9094,0.9141,0.9002,0.9046,783470
1771516800,0.9043,0.9132,0.8963,0.9081,792394.7
1771520400,0.9083,0.919,0.9027,0.9068,698787.6
1771524000,0.9067,0.9191,0.9063,0.9157,636377.4
1771527600,0.9158,0.9171,0.9087,0.9164,287065.8
1771531200,0.9164,0.9197,0.9125,0.9177,516218.2
1771534800,0.9177,0.9202,0.9163,0.9169,216066.6
1771538400,0.917,0.9219,0.9157,0.9203,266888.9
1771542000,0.9201,0.9288,0.9193,0.9276,277516.8
1771545600,0.9278,0.9376,0.9226,0.9347,1302773.3
1771549200,0.9348,0.9399,0.9339,0.9379,254127.1
1771552800,0.938,0.9429,0.9365,0.9365,423207.6
1771556400,0.9365,0.9416,0.9354,0.937,178361.4
1771560000,0.9371,0.9376,0.9285,0.9344,248853.9
1771563600,0.9343,0.9449,0.9303,0.9385,312562.4
1771567200,0.9385,0.9446,0.9384,0.9418,209812.8
1771570800,0.9419,0.9435,0.9376,0.9397,130365.4
1771574400,0.9396,0.9482,0.9392,0.9456,138090.1
1771578000,0.9455,0.9524,0.9454,0.9515,225800.6
1771581600,0.9515,0.9589,0.9476,0.949,393562.4
1771585200,0.9491,0.951,0.9406,0.9449,383375.4
1771588800,0.945,0.9492,0.9412,0.9444,406737.3
1771592400,0.944,0.9446,0.9157,0.9205,1288878
1771596000,0.9207,0.9405,0.9199,0.935,1337778.7
1771599600,0.9352,0.967,0.9352,0.9665,2233436.6
1771603200,0.9668,0.9776,0.9576,0.9653,1120752
1771606800,0.9652,0.9652,0.9412,0.9582,1402178.5
1771610400,0.958,0.9701,0.9543,0.9632,1429596.6
1771614000,0.9632,0.9656,0.952,0.9555,612899.5
1771617600,0.9554,0.9588,0.9479,0.9563,488237.8
1771621200,0.9564,0.9592,0.9534,0.9553,285789.8
1771624800,0.9553,0.9574,0.9493,0.9557,830168.6
1771628400,0.9557,0.9571,0.9514,0.9539,514138.3
1771632000,0.9539,0.9541,0.9467,0.9476,340244.8
1771635600,0.9477,0.9515,0.9469,0.9492,193125
1771639200,0.9494,0.9549,0.9477,0.9534,322906.3
1771642800,0.9534,0.9534,0.9457,0.9495,236678.7
1771646400,0.9494,0.9537,0.9485,0.953,88344.9
1771650000,0.9529,0.9563,0.9529,0.9541,102489.2
1771653600,0.9541,0.9553,0.9481,0.949,139576.5
1771657200,0.949,0.9511,0.9443,0.9505,148093.7
1771660800,0.9506,0.955,0.9479,0.9543,187519.8
1771664400,0.9544,0.9631,0.9536,0.9564,2041082.3
1771668000,0.9565,0.9607,0.9555,0.957,192592.5
1771671600,0.9572,0.9645,0.9572,0.9616,328089.9
1771675200,0.9615,0.9618,0.9523,0.9551,232534.7
1771678800,0.955,0.9629,0.9533,0.9626,148204.7
1771682400,0.9625,0.9699,0.9601,0.963,759968.7
1771686000,0.9629,0.9638,0.9555,0.9578,532032.7
1771689600,0.9579,0.9586,0.9439,0.9493,430393.2
1771693200,0.9496,0.9556,0.9454,0.9533,230678
1771696800,0.9524,0.9602,0.9517,0.9577,262884.2
1771700400,0.9577,0.9614,0.955,0.9555,125814.7
1771704000,0.9554,0.9558,0.9478,0.9479,206167.8
1771707600,0.9479,0.9543,0.9468,0.954,530508.8
1771711200,0.9542,0.9552,0.9484,0.9491,436346.9
1771714800,0.949,0.9514,0.9461,0.9495,379200.9
1771718400,0.9493,0.9493,0.9388,0.9421,466529.8
1771722000,0.9421,0.9458,0.9413,0.9428,224145.5
1771725600,0.9428,0.946,0.935,0.9354,451919.8
1771729200,0.9354,0.9384,0.9316,0.9377,233911.5
1771732800,0.9375,0.9406,0.937,0.9392,173130.8
1771736400,0.9391,0.9399,0.9333,0.9339,95679
1771740000,0.9338,0.937,0.9328,0.9353,155080.1
1771743600,0.935,0.9379,0.9338,0.9342,149993.3
1771747200,0.9342,0.9351,0.9296,0.9323,383251.2
1771750800,0.9319,0.9351,0.9314,0.9351,184835
1771754400,0.9349,0.9377,0.9337,0.9356,85180.3
1771758000,0.9354,0.9387,0.9353,0.9361,100397.2
1771761600,0.9362,0.9363,0.9245,0.9267,331668.7
1771765200,0.9267,0.929,0.9199,0.9239,332502.8
1771768800,0.9237,0.9249,0.9168,0.92,464569
1771772400,0.9198,0.926,0.9163,0.925,354228.6
1771776000,0.9249,0.9265,0.9205,0.9265,243959.4
1771779600,0.926,0.928,0.9196,0.9218,328098.1
1771783200,0.9217,0.9227,0.9192,0.9214,169066.5
1771786800,0.9213,0.9217,0.9181,0.9199,144715.2
1771790400,0.9199,0.9207,0.9138,0.9154,568476
1771794000,0.9155,0.9207,0.9148,0.9199,164172.1
1771797600,0.9202,0.9269,0.918,0.9261,170250.6
1771801200,0.926,0.9266,0.9207,0.9249,222069.9
1771804800,0.9249,0.9263,0.9079,0.9089,455101.9
1771808400,0.9088,0.9094,0.8611,0.8633,5090650.2
1771812000,0.8631,0.8734,0.8618,0.8733,1007438.7
1771815600,0.8732,0.8789,0.8716,0.8772,666563.7
1771819200,0.8773,0.8778,0.868,0.8708,1057856.3
1771822800,0.8708,0.8798,0.8703,0.8767,2401901.2
1771826400,0.8767,0.8947,0.8765,0.8928,506508.7
1771830000,0.8927,0.8982,0.8907,0.8923,232656.9
1771833600,0.8922,0.8922,0.886,0.8886,370629.5
1771837200,0.8889,0.9103,0.8887,0.9083,645166
1771840800,0.9084,0.9107,0.904,0.9056,653191.1
1771844400,0.9057,0.9116,0.9026,0.9034,210536.2
1771848000,0.9033,0.9155,0.9001,0.9112,449738.6
1771851600,0.9113,0.9117,0.9035,0.9044,563215.8
1771855200,0.9041,0.905,0.8906,0.8984,1008483.7
1771858800,0.8985,0.9004,0.8842,0.8861,984426.3
1771862400,0.886,0.8911,0.8798,0.8835,758191.2
1771866000,0.8834,0.8854,0.8655,0.8785,1319904.1
1771869600,0.8786,0.887,0.8746,0.8759,490948.6
1771873200,0.876,0.8767,0.868,0.8698,718654.4
1771876800,0.8702,0.8788,0.867,0.8788,681119.9
1771880400,0.8783,0.8816,0.874,0.8797,386231.2
1771884000,0.8798,0.8886,0.8791,0.8818,651659.9
1771887600,0.8819,0.8849,0.8772,0.8797,383809.9
1771891200,0.8797,0.889,0.8797,0.8865,298094.6
1771894800,0.8863,0.8888,0.8672,0.8796,1052461.2
1771898400,0.8795,0.8829,0.8748,0.8762,487723.1
1771902000,0.876,0.876,0.8522,0.8578,1797484
1771905600,0.8579,0.8609,0.8506,0.8607,486932.9
1771909200,0.8607,0.8637,0.8534,0.8567,403443.1
1771912800,0.8565,0.859,0.8514,0.8533,534082.6
1771916400,0.853,0.8611,0.8517,0.8578,288017.4
1771920000,0.8574,0.8627,0.8535,0.8608,181715.3
1771923600,0.8607,0.8618,0.8523,0.8584,258528.6
1771927200,0.8582,0.8599,0.8559,0.8578,145685.8
1771930800,0.858,0.8587,0.8551,0.8582,292962
1771934400,0.8583,0.8606,0.8539,0.8553,262774.9
1771938000,0.8552,0.8563,0.8415,0.8513,1195226.1
1771941600,0.8509,0.8668,0.8432,0.8591,2205670.1
1771945200,0.8594,0.8703,0.857,0.8667,982836.8
1771948800,0.8665,0.8756,0.8612,0.8709,1124181
1771952400,0.8711,0.8722,0.8628,0.8653,685656.9
1771956000,0.865,0.871,0.8627,0.8673,380389.8
1771959600,0.8675,0.8704,0.8629,0.868,441460.6
1771963200,0.868,0.8712,0.8657,0.8661,411012.2
1771966800,0.866,0.8663,0.8581,0.8598,730164.7
1771970400,0.8598,0.8673,0.8594,0.8644,342461.6
1771974000,0.8643,0.8649,0.8584,0.8599,379820.8
1771977600,0.8599,0.8641,0.8574,0.8632,290390
1771981200,0.8631,0.9015,0.8627,0.8969,2157062.3
1771984800,0.8968,0.9059,0.8913,0.8914,1135311.1
1771988400,0.8915,0.8931,0.8802,0.8808,1804388.7
1771992000,0.8809,0.8854,0.8741,0.8815,752671.1
1771995600,0.8816,0.882,0.8646,0.8695,939842.9
1771999200,0.8696,0.8757,0.868,0.8702,833552.4
1772002800,0.8703,0.8783,0.8695,0.8773,429343.1
1772006400,0.8773,0.8907,0.8761,0.8892,523776.2
1772010000,0.8892,0.8957,0.8889,0.895,411011.7
1772013600,0.895,0.898,0.8917,0.895,596243.8
1772017200,0.8948,0.8981,0.8897,0.8968,396050.2
1772020800,0.8966,0.9098,0.8953,0.9073,649583.5
1772024400,0.9071,0.919,0.9055,0.9117,931396.5
1772028000,0.9119,0.9398,0.9119,0.9394,1296978.9
1772031600,0.939,0.9513,0.9344,0.9473,1314177.9
1772035200,0.9474,0.9634,0.9474,0.9634,1156126.8
1772038800,0.9635,0.9818,0.9597,0.9757,1524545
1772042400,0.9756,0.998,0.9715,0.9947,1814426.8
1772046000,0.9949,1.0017,0.9794,0.999,2012041.3
1772049600,0.9992,1.0192,0.9974,1.0105,1690575.1
1772053200,1.0104,1.026,0.9982,1.0093,2019254.8
1772056800,1.0093,1.0144,0.9838,0.9908,1594379.5
1772060400,0.9906,0.9907,0.958,0.9689,1422045.8
1772064000,0.9689,0.9777,0.9588,0.9669,1020436
1772067600,0.9669,0.9768,0.9587,0.96,782843.1
1772071200,0.96,0.9674,0.9501,0.9661,914116.8
1772074800,0.966,0.968,0.9591,0.9634,560713.6
1772078400,0.9636,0.9765,0.9633,0.9703,531527.1
1772082000,0.9702,0.9702,0.9546,0.9584,418338.4
1772085600,0.9584,0.9614,0.9516,0.9533,491583.1
1772089200,0.9533,0.9592,0.9501,0.9521,381050.7
1772092800,0.952,0.9591,0.951,0.9522,562407.6
1772096400,0.9521,0.9686,0.9507,0.9641,662682.3
1772100000,0.9643,0.9654,0.9481,0.949,608245.3
1772103600,0.949,0.9508,0.9403,0.9422,500511.9
1772107200,0.9422,0.9511,0.939,0.95,687389.2
1772110800,0.9501,0.9518,0.9446,0.9468,435574
1772114400,0.9466,0.9506,0.9346,0.9445,1385764.2
1772118000,0.9444,0.9482,0.9326,0.9429,1465011.8
1772121600,0.943,0.9445,0.9077,0.9096,1892603.4
1772125200,0.9097,0.92,0.9086,0.9142,808847.6
1772128800,0.9137,0.9243,0.9092,0.9231,1112726.5
1772132400,0.923,0.9374,0.9226,0.9325,1253903.7
1772136000,0.9323,0.9369,0.9275,0.9298,888058.2
1772139600,0.9298,0.9305,0.9251,0.9302,229368.3
1772143200,0.9298,0.9363,0.9287,0.9344,285329.9
1772146800,0.9343,0.9412,0.9317,0.9377,380113.2
1772150400,0.9377,0.9382,0.9279,0.9339,523942.2
1772154000,0.9337,0.9346,0.9274,0.9344,395345.7
1772157600,0.9341,0.9398,0.9323,0.935,337017
1772161200,0.9351,0.9483,0.9326,0.9448,483060.1
1772164800,0.9449,0.9594,0.9448,0.9505,1092686.9
1772168400,0.9503,0.957,0.9503,0.9529,360762.8
1772172000,0.9527,0.9535,0.946,0.9508,241322.1
1772175600,0.9509,0.952,0.9424,0.9515,317544.5
1772179200,0.9515,0.9597,0.9515,0.9587,548662.5
1772182800,0.9587,0.9604,0.9447,0.9471,369141.7
1772186400,0.947,0.948,0.9286,0.9304,1142358.3
1772190000,0.9302,0.9336,0.9127,0.9169,1434360.5
1772193600,0.9167,0.9189,0.9096,0.913,1633543.4
1772197200,0.9126,0.9196,0.9021,0.9134,1819174.1
1772200800,0.9133,0.9163,0.9038,0.9059,1355234.5
1772204400,0.9058,0.9155,0.9044,0.9141,893088.6
1772208000,0.9143,0.9155,0.8988,0.9001,979759.3
1772211600,0.9003,0.9069,0.8924,0.906,1193617.4
1772215200,0.9061,0.9063,0.8966,0.8977,1281278.4
1772218800,0.8975,0.8987,0.8914,0.894,368906
1772222400,0.8939,0.9008,0.8938,0.898,463466.4
1772226000,0.8981,0.9013,0.8938,0.8974,349268.3
1772229600,0.8971,0.8975,0.8824,0.895,483374.7
1772233200,0.8948,0.9041,0.8948,0.9,629081.2
1772236800,0.8999,0.9054,0.8991,0.9045,430317.1
1772240400,0.9046,0.9057,0.8954,0.8968,328111.7
1772244000,0.8968,0.9034,0.8952,0.8995,350940.2
1772247600,0.8994,0.9001,0.8905,0.8926,415057
1772251200,0.8926,0.8941,0.8864,0.892,605617.7
1772254800,0.8922,0.8928,0.885,0.8878,263701.3
1772258400,0.8876,0.8876,0.8386,0.842,3864734.9
1772262000,0.8419,0.864,0.8368,0.8502,1667171.4
1772265600,0.8501,0.8501,0.8365,0.8382,808182.3
1772269200,0.8381,0.8435,0.8319,0.8339,1227545
1772272800,0.8339,0.8374,0.8266,0.8326,2029577.2
1772276400,0.8326,0.8427,0.8319,0.833,1445441.7
1772280000,0.833,0.8406,0.833,0.8363,1137030.5
1772283600,0.8364,0.8655,0.8339,0.8653,2630569
1772287200,0.8652,0.874,0.8483,0.8516,1949699.1
1772290800,0.8517,0.8589,0.8446,0.8582,1228505.7
1772294400,0.8579,0.8613,0.8529,0.8601,779147.9
1772298000,0.8601,0.8646,0.8518,0.8632,790558.5
1772301600,0.8632,0.8848,0.8598,0.8785,1462981.4
1772305200,0.8784,0.8937,0.8715,0.8862,1486594.8
1772308800,0.8862,0.91,0.8835,0.908,1988138.8
1772312400,0.908,0.9092,0.8921,0.9021,2092518.5
1772316000,0.9022,0.9185,0.9011,0.9073,1278662.8
1772319600,0.9074,0.9082,0.8996,0.904,418851.7
1772323200,0.904,0.9068,0.8959,0.899,396411.2
1772326800,0.899,0.9251,0.8902,0.9177,1242708.3
1772330400,0.918,0.9498,0.9179,0.9403,2941136.2
1772334000,0.9402,0.9431,0.9269,0.9334,1198591.2
1772337600,0.9337,0.9362,0.9252,0.9349,725517.5
1772341200,0.935,0.9362,0.9281,0.929,303183
1772344800,0.929,0.9295,0.9155,0.921,922953.9
1772348400,0.9211,0.9248,0.9172,0.9247,340772.4
1772352000,0.9248,0.9287,0.9083,0.9097,683060.3
1772355600,0.9097,0.9169,0.9018,0.9032,837291.1
1772359200,0.9034,0.9091,0.898,0.9047,676954.7
1772362800,0.9048,0.9064,0.9019,0.9026,278441.5
1772366400,0.9024,0.9052,0.8937,0.8944,307352.4
1772370000,0.8946,0.9185,0.8891,0.9123,1056644
1772373600,0.9125,0.9246,0.9068,0.9097,1737738.6
1772377200,0.9097,0.92,0.9074,0.9115,1842758.1
1772380800,0.9114,0.9181,0.8901,0.8987,1301279.9
1772384400,0.8984,0.8997,0.8832,0.8875,1123553.8
1772388000,0.8874,0.903,0.8873,0.8904,1580453.4
1772391600,0.8905,0.8915,0.8782,0.8803,1248461.7
1772395200,0.88,0.881,0.8667,0.8709,1475124.2
1772398800,0.8712,0.8829,0.8707,0.8816,674938.9
1772402400,0.8814,0.8997,0.8795,0.8804,948891
1772406000,0.8806,0.8971,0.8794,0.8878,850034.3
1772409600,0.8879,0.9046,0.8861,0.8992,801194.2
1772413200,0.8994,0.9163,0.8983,0.9037,862449.6
1772416800,0.904,0.9064,0.892,0.899,598564.8
1772420400,0.8994,0.913,0.895,0.9097,831468.8
1772424000,0.9098,0.9131,0.9038,0.9052,469245.5
1772427600,0.9053,0.9072,0.8972,0.9004,449426.1
1772431200,0.9005,0.9007,0.8865,0.8917,597643.8
1772434800,0.8916,0.892,0.881,0.8881,521064.7
1772438400,0.8885,0.8958,0.8802,0.8945,896089.1
1772442000,0.8942,0.9017,0.8914,0.8915,972801.5
1772445600,0.8914,0.8937,0.8878,0.8916,451007.5
1772449200,0.8913,0.8975,0.8868,0.8931,544408.8
1772452800,0.8933,0.8947,0.8877,0.8905,738853
1772456400,0.8907,0.8941,0.8837,0.8846,689709.9
1772460000,0.8845,0.919,0.8825,0.9175,2255161
1772463600,0.9175,0.9586,0.9143,0.9452,4553612.1
1772467200,0.9455,0.9673,0.9429,0.95,3495644.7
1772470800,0.9505,0.9538,0.9293,0.936,1866542.4
1772474400,0.9358,0.9458,0.9279,0.9364,1183618.1
1772478000,0.9366,0.9395,0.9282,0.9373,1278747.4
1772481600,0.9374,0.9447,0.9271,0.9277,1100516.2
1772485200,0.9279,0.9359,0.923,0.9318,770279
1772488800,0.9318,0.9374,0.9301,0.934,475403.9
1772492400,0.9335,0.9347,0.9191,0.9232,928640.7
1772496000,0.9231,0.9281,0.9184,0.924,670143.2
1772499600,0.9239,0.9281,0.9181,0.9226,723086.7
1772503200,0.9225,0.9226,0.9132,0.9196,675913.6
1772506800,0.9199,0.9227,0.9154,0.921,301931
1772510400,0.9211,0.9225,0.9131,0.9151,218098.9
1772514000,0.915,0.9273,0.909,0.9138,817458.9
1772517600,0.914,0.9161,0.9099,0.9116,455191.6
1772521200,0.9113,0.9208,0.9099,0.915,466266.4
1772524800,0.9155,0.9195,0.9001,0.9008,1243742.8
1772528400,0.9008,0.9088,0.8954,0.8968,564138
1772532000,0.897,0.9024,0.8943,0.8983,708337.3
1772535600,0.8984,0.901,0.8945,0.9,343507.2
1772539200,0.9,0.9133,0.899,0.9023,571171.4
1772542800,0.9026,0.903,0.8882,0.8927,643070.5
1772546400,0.8926,0.9052,0.885,0.8917,1397142.7
1772550000,0.8914,0.909,0.8863,0.9031,1874896.4
1772553600,0.9031,0.926,0.8988,0.9147,1616781.2
1772557200,0.9147,0.9162,0.9011,0.9149,928359.4
1772560800,0.9149,0.9239,0.9082,0.9139,676463.1
1772564400,0.914,0.917,0.9074,0.9098,718465.2
1772568000,0.9099,0.9113,0.9015,0.9039,548225.8
1772571600,0.9039,0.9041,0.8936,0.9,665391.4
1772575200,0.8997,0.9131,0.8992,0.9101,303394.5
1772578800,0.91,0.9188,0.9082,0.9091,861154.4
1772582400,0.9088,0.9118,0.8991,0.9069,354284
1772586000,0.9072,0.9168,0.9035,0.9099,456663.6
1772589600,0.9099,0.9137,0.905,0.9114,320903.8
1772593200,0.9114,0.9116,0.8925,0.9025,746454.7
1772596800,0.9024,0.9054,0.8945,0.9011,757801.8
1772600400,0.9011,0.9078,0.8962,0.9027,550270.7
1772604000,0.9026,0.9084,0.8974,0.9052,466594.1
1772607600,0.905,0.9181,0.9013,0.9152,568934.7
1772611200,0.9155,0.9434,0.913,0.9401,1288154
1772614800,0.94,0.9584,0.936,0.9464,1933187.2
1772618400,0.9466,0.952,0.9345,0.9382,1049662
1772622000,0.9383,0.9428,0.9276,0.9339,878735
1772625600,0.9338,0.936,0.9218,0.9309,841585.1
1772629200,0.9311,0.9439,0.9302,0.9431,1321916.2
1772632800,0.943,0.9635,0.9365,0.9406,2577892.3
1772636400,0.9408,0.979,0.9407,0.9783,2129327.6
1772640000,0.9785,0.9837,0.9567,0.9674,1966753.2
1772643600,0.9672,0.9775,0.96,0.9676,976189.2
1772647200,0.9675,0.9803,0.9625,0.9799,874922.4
1772650800,0.9798,0.9935,0.9782,0.981,1926203.5
1772654400,0.981,0.9836,0.9731,0.9754,792952.5
1772658000,0.9759,0.977,0.9705,0.9741,951900.4
1772661600,0.9742,0.9798,0.9594,0.9612,1316605.1
1772665200,0.9614,0.9638,0.9509,0.9572,1434348.4
1772668800,0.9572,0.9583,0.9493,0.9511,1472489.4
1772672400,0.9511,0.9592,0.9445,0.9472,828789.6
1772676000,0.9472,0.9573,0.9471,0.9511,720987.7
1772679600,0.9512,0.9549,0.9462,0.9492,426057.2
1772683200,0.9491,0.9589,0.9482,0.9553,907058.2
1772686800,0.9551,0.9571,0.9463,0.9495,455944.4
1772690400,0.9495,0.9585,0.9446,0.9563,373361
1772694000,0.9566,0.9591,0.9429,0.9462,476752.7
1772697600,0.9465,0.9499,0.943,0.9483,405386.7
1772701200,0.9481,0.9594,0.9478,0.9559,447433.5
1772704800,0.9561,0.9763,0.9544,0.9728,643307.8
1772708400,0.973,0.9743,0.962,0.9694,547678.7
1772712000,0.9695,0.9867,0.9648,0.9807,1068182.4
1772715600,0.9812,0.9819,0.9612,0.9639,1007108.3
1772719200,0.9643,0.976,0.9587,0.9729,1180296.2
1772722800,0.973,0.9744,0.9447,0.9516,1568767.1
1772726400,0.9516,0.9541,0.925,0.9478,3202356.9
1772730000,0.9475,0.956,0.9363,0.9376,930498.8
1772733600,0.9374,0.9498,0.9367,0.9495,600249
1772737200,0.9494,0.9664,0.9494,0.956,1201611.7
1772740800,0.9561,0.9659,0.9527,0.9611,1092568
1772744400,0.9608,0.9662,0.953,0.9562,698793
1772748000,0.9564,0.9622,0.9538,0.9585,305203.7
1772751600,0.9583,0.9608,0.9526,0.9538,737105
1772755200,0.9538,0.9558,0.9505,0.9538,982574
1772758800,0.9539,0.9632,0.9504,0.9594,1465569.5
1772762400,0.9595,0.9601,0.9508,0.956,1045801.8
1772766000,0.9561,0.964,0.9554,0.9632,724453.6
1772769600,0.9631,0.9644,0.9461,0.9531,608004.4
1772773200,0.9532,0.9589,0.9462,0.9539,320916.3
1772776800,0.9537,0.9576,0.9511,0.9555,218297.4
1772780400,0.9553,0.9761,0.9528,0.9747,779654.3
1772784000,0.9745,0.9745,0.9567,0.9577,339169.9
1772787600,0.9578,0.9585,0.94,0.9437,892449.4
1772791200,0.9436,0.9493,0.9428,0.9455,494070.1
1772794800,0.9454,0.9477,0.9387,0.9404,566992.8
1772798400,0.9403,0.941,0.9306,0.9369,1073810.8
1772802000,0.937,0.9427,0.9184,0.9193,1447054.6
1772805600,0.9192,0.9203,0.8964,0.9012,2410437.9
1772809200,0.9011,0.9083,0.8958,0.9002,1350949
1772812800,0.9001,0.9062,0.8969,0.9005,714770.4
1772816400,0.9005,0.9038,0.8913,0.894,793851.9
1772820000,0.8939,0.9035,0.8937,0.902,836379
1772823600,0.902,0.9079,0.9019,0.9044,362332.5
1772827200,0.9046,0.9063,0.8968,0.9012,640373.7
1772830800,0.9015,0.9015,0.8968,0.901,133846
1772834400,0.9009,0.9057,0.9008,0.9043,177087.3
1772838000,0.9041,0.9044,0.901,0.9015,172648.7
1772841600,0.9018,0.9053,0.9007,0.9041,134580.4
1772845200,0.904,0.9043,0.9004,0.9004,175116
1772848800,0.9006,0.9024,0.8976,0.9021,206127.8
1772852400,0.9021,0.9091,0.8995,0.9003,312444.2
1772856000,0.9002,0.9045,0.8938,0.9028,201316.5
1772859600,0.9028,0.9047,0.9006,0.9041,86652.5
1772863200,0.9037,0.9049,0.8994,0.8997,127103.2
1772866800,0.9001,0.9029,0.8958,0.9018,350565.6
1772870400,0.9017,0.9085,0.9013,0.9041,314510.5
1772874000,0.904,0.9139,0.9014,0.9139,104601.1
1772877600,0.9136,0.9136,0.9045,0.9051,128906.4
1772881200,0.9047,0.9089,0.9025,0.9061,112781.6
1772884800,0.9062,0.9072,0.9006,0.9016,79083.5
1772888400,0.9017,0.9045,0.9012,0.9032,282714.3
1772892000,0.903,0.9063,0.894,0.9024,229933.6
1772895600,0.9023,0.9032,0.8951,0.8984,172071.5
1772899200,0.8983,0.9023,0.8955,0.9016,234568.2
1772902800,0.9018,0.906,0.9018,0.9028,187208.8
1772906400,0.9027,0.9027,0.897,0.899,234161.1
1772910000,0.8992,0.8992,0.888,0.8913,443808.6
1772913600,0.8911,0.899,0.8911,0.898,179078.7
1772917200,0.8982,0.8997,0.8939,0.8972,197182
1772920800,0.8971,0.8981,0.8889,0.8916,185406.3
1772924400,0.8916,0.8958,0.8909,0.8951,97441.7
1772928000,0.8952,0.896,0.8885,0.8891,141814.6
1772931600,0.889,0.8927,0.8862,0.8912,372702
1772935200,0.891,0.8913,0.8756,0.8788,1060939.1
1772938800,0.8788,0.8837,0.8783,0.8807,287431.1
1772942400,0.8806,0.8838,0.8741,0.8777,297497.5
1772946000,0.8778,0.8884,0.8778,0.8864,255810.3
1772949600,0.8863,0.8885,0.8832,0.8876,96459.4
1772953200,0.8875,0.896,0.8875,0.8929,352011.9
1772956800,0.8933,0.8965,0.8885,0.8946,218661.6
1772960400,0.8945,0.9025,0.8932,0.8996,211644.4
1772964000,0.8994,0.9104,0.8994,0.9034,690878.2
1772967600,0.9032,0.9044,0.8932,0.8994,431690.4
1772971200,0.8993,0.9046,0.8892,0.8989,450439.3
1772974800,0.8988,0.9004,0.8857,0.8921,777101.1
1772978400,0.8921,0.8957,0.886,0.8903,502437.6
1772982000,0.89,0.8903,0.8811,0.8842,287417.5
1772985600,0.8842,0.8846,0.8768,0.8787,409979.7
1772989200,0.8787,0.8862,0.8786,0.8822,351945.1
1772992800,0.8823,0.8831,0.8772,0.8819,314741.7
1772996400,0.8821,0.8957,0.8814,0.8919,559674.2
1773000000,0.892,0.8985,0.8862,0.8906,378097.6
1773003600,0.8907,0.8914,0.8823,0.8887,214244.4
1773007200,0.8886,0.8886,0.8657,0.8847,2008381.8
1773010800,0.8848,0.8891,0.8778,0.8799,483531.1
1773014400,0.8796,0.8979,0.8792,0.8874,518211.9
1773018000,0.8873,0.8922,0.881,0.882,631377.5
1773021600,0.8819,0.8939,0.8798,0.8899,734939.6
1773025200,0.8898,0.9079,0.8886,0.8963,923547.5
1773028800,0.8965,0.9055,0.8957,0.8981,186966
1773032400,0.8982,0.9173,0.8969,0.915,884576
1773036000,0.9151,0.919,0.9031,0.9046,1030664.1
1773039600,0.9047,0.9052,0.8927,0.9021,783762.2
1773043200,0.9023,0.9089,0.8993,0.907,348680.9
1773046800,0.9071,0.9178,0.9007,0.9084,604708.1
1773050400,0.9083,0.9106,0.9026,0.9038,379577.5
1773054000,0.904,0.9063,0.897,0.9046,149162.2
1773057600,0.9046,0.915,0.9046,0.911,588067.4
1773061200,0.9112,0.9327,0.9107,0.9283,1351307.8
1773064800,0.9282,0.9344,0.922,0.9299,1848271.7
1773068400,0.9298,0.9348,0.9253,0.9314,992547.3
1773072000,0.9316,0.9375,0.9282,0.9323,662330.3
1773075600,0.9323,0.9428,0.9316,0.9347,803030
1773079200,0.9344,0.9462,0.9281,0.9436,1455575.1
1773082800,0.9438,0.9882,0.9409,0.9727,3224521.1
1773086400,0.9726,0.9749,0.9622,0.968,1821447.4
1773090000,0.968,0.9711,0.9572,0.966,729095.1
1773093600,0.9659,0.9669,0.9512,0.9529,781424.4
1773097200,0.9532,0.9581,0.9388,0.9425,698847.1
1773100800,0.9424,0.9527,0.9393,0.9467,486294.8
1773104400,0.9467,0.9488,0.9363,0.9417,458917
1773108000,0.9416,0.9619,0.9378,0.9521,1525777.9
1773111600,0.9522,0.9551,0.941,0.9424,616544.8
1773115200,0.9425,0.9524,0.9413,0.95,526072.4
1773118800,0.9501,0.9559,0.944,0.9455,339350.6
1773122400,0.9456,0.9479,0.9389,0.947,550218.3
1773126000,0.9469,0.9551,0.9446,0.9551,495217.1
1773129600,0.9552,0.967,0.952,0.9643,997552.8
1773133200,0.9641,0.9762,0.9641,0.9729,1437409.4
1773136800,0.9726,0.9794,0.9686,0.9777,457194.8
1773140400,0.9776,0.9788,0.9699,0.9699,681712.8
1773144000,0.9702,0.9726,0.9622,0.9715,619441.8
1773147600,0.9715,0.9845,0.9639,0.9722,1243485.8
1773151200,0.9722,1.0041,0.9585,1.0037,1940918.7
1773154800,1.004,1.0101,0.9855,0.9983,2677990.4
1773158400,0.9979,1.0065,0.9916,0.9977,1274789.6
1773162000,0.9974,0.9999,0.9779,0.9803,1466169.4
1773165600,0.9804,0.9808,0.963,0.9677,1286717.2
1773169200,0.9678,0.9712,0.958,0.9613,1376159.8
1773172800,0.9612,0.9666,0.9603,0.9637,1739446.3
1773176400,0.9637,0.9655,0.9491,0.9526,546999.7
1773180000,0.9523,0.9577,0.949,0.9524,646051.3
1773183600,0.9525,0.9584,0.9525,0.9573,268789.4
1773187200,0.9574,0.9627,0.954,0.9597,326723.8
1773190800,0.9596,0.9613,0.9533,0.9573,452308.3
1773194400,0.9571,0.9588,0.9443,0.9512,994883.7
1773198000,0.9509,0.9584,0.9485,0.95,529864.4
1773201600,0.9499,0.9587,0.9479,0.9576,524137.3
1773205200,0.9578,0.9588,0.9435,0.9484,349239.7
1773208800,0.9482,0.955,0.947,0.9511,352909.1
1773212400,0.9512,0.9555,0.9462,0.949,189264.6
1773216000,0.9489,0.9513,0.9464,0.9503,218725.1
1773219600,0.9501,0.9517,0.9447,0.9464,208004
1773223200,0.9465,0.958,0.9458,0.9536,265275.5
1773226800,0.9536,0.9569,0.9493,0.9509,309469.5
1773230400,0.9509,0.9686,0.9481,0.9608,501202.6
1773234000,0.961,0.9892,0.9602,0.9717,2557829
1773237600,0.9718,0.985,0.9697,0.975,1259258.7
1773241200,0.9751,0.9764,0.9606,0.9731,804193.1
1773244800,0.9732,0.9814,0.9695,0.9776,750507.6
1773248400,0.9777,0.9907,0.9766,0.98,972106.6
1773252000,0.9795,0.992,0.9791,0.9918,766765.1
1773255600,0.9919,0.9988,0.9857,0.9923,1042029.3
1773259200,0.9924,0.9924,0.9812,0.9872,748660.6
1773262800,0.9872,0.9932,0.9851,0.9915,256560.4
1773266400,0.9915,0.9936,0.9833,0.9874,719688.5
1773270000,0.9873,0.9896,0.9775,0.9787,224376.5
1773273600,0.9787,0.9812,0.9765,0.9795,396947.3
1773277200,0.9795,0.9795,0.969,0.9708,399397.1
1773280800,0.9707,0.973,0.9622,0.965,650264.5
1773284400,0.965,0.9723,0.9625,0.9652,251961.6
1773288000,0.9652,0.9691,0.9644,0.9657,171075.5
1773291600,0.9657,0.9697,0.9617,0.9663,158322.5
1773295200,0.9662,0.9698,0.965,0.9691,220698
1773298800,0.9689,0.98,0.9667,0.98,284637.1
1773302400,0.9799,0.9871,0.9766,0.9797,563214.7
1773306000,0.9796,0.9856,0.9719,0.978,340781.2
1773309600,0.9779,0.9854,0.9754,0.9791,395870.6
1773313200,0.979,0.9847,0.9753,0.9777,446948.8
1773316800,0.9776,0.993,0.975,0.9883,379261.2
1773320400,0.9884,0.99,0.9716,0.9787,1648872.4
1773324000,0.9789,0.9856,0.9592,0.9673,1415125.8
1773327600,0.9674,0.9772,0.9635,0.9699,619664.5
1773331200,0.9698,0.9798,0.9628,0.9777,617128.5
1773334800,0.9773,0.9786,0.9714,0.975,284467.8
1773338400,0.9746,0.9771,0.971,0.9719,175663.6
1773342000,0.9718,0.9832,0.9692,0.9793,469426
1773345600,0.9792,0.9802,0.9713,0.9723,299530.2
1773349200,0.9727,0.981,0.9727,0.98,100612.7
1773352800,0.9799,0.9814,0.9752,0.9806,318873.4
1773356400,0.9808,0.9958,0.9808,0.991,1207124.1
1773360000,0.9907,1.0214,0.9868,1.0061,4020778.2
1773363600,1.0063,1.0305,1.0063,1.0285,1122379.3
1773367200,1.0286,1.0299,1.0177,1.0218,611184.3
1773370800,1.0219,1.0293,1.0152,1.0253,586837.7
1773374400,1.0252,1.0367,1.0227,1.033,1078894
1773378000,1.0328,1.0445,1.0293,1.0366,704781.4
1773381600,1.0368,1.0434,1.0305,1.0332,578619.1
1773385200,1.0331,1.0381,1.0272,1.0276,523522.1
1773388800,1.0274,1.0406,1.0245,1.0319,625241.6
1773392400,1.0316,1.0527,1.0297,1.0472,898540.7
1773396000,1.0473,1.0513,1.0396,1.0466,723756.9
1773399600,1.0465,1.0489,1.038,1.0408,468470.2
1773403200,1.0406,1.0505,1.0378,1.0417,1393352.9
1773406800,1.0416,1.0549,1.0387,1.0454,1620428.2
1773410400,1.0453,1.0517,1.0219,1.0256,2143692.6
1773414000,1.0257,1.0343,1.0107,1.0144,1509852
1773417600,1.0143,1.0187,1.0083,1.0125,1245115.1
1773421200,1.0126,1.0145,0.9935,1.0004,2036371.6
1773424800,1.0002,1.0053,0.9963,1.0001,707900.2
1773428400,1,1.0041,0.9978,1.0017,596266.9
1773432000,1.0016,1.0054,0.9996,1.005,331097.8
1773435600,1.0054,1.0095,0.9968,0.999,474022.3
1773439200,0.9989,0.9989,0.9876,0.9924,526667.5
1773442800,0.9926,0.9965,0.9911,0.9963,398834.5
1773446400,0.9962,0.9983,0.9893,0.9903,276168.7
1773450000,0.9902,0.9962,0.9886,0.9932,384590.9
1773453600,0.9935,0.995,0.9887,0.9934,336925.6
1773457200,0.9937,0.9998,0.9926,0.9985,531841.3
1773460800,0.9984,1.0039,0.995,0.9959,700208
1773464400,0.996,0.9972,0.9911,0.9929,566276.3
1773468000,0.993,0.9933,0.9817,0.9876,419177.2
1773471600,0.9877,0.991,0.9846,0.9871,159506.6
1773475200,0.9868,0.9887,0.9854,0.9859,98023.9
1773478800,0.9858,0.9883,0.9824,0.9847,195749
1773482400,0.9846,0.985,0.98,0.9817,316793.5
1773486000,0.9818,0.9881,0.9815,0.9863,153562.9
1773489600,0.9864,0.9876,0.9832,0.9857,175049.2
1773493200,0.9855,0.9947,0.9839,0.9909,159727.7
1773496800,0.9911,0.9941,0.982,0.9848,408217.8
1773500400,0.9849,0.9885,0.9829,0.9881,139085.1
1773504000,0.9879,0.9974,0.9855,0.9967,531406.4
1773507600,0.996,0.9965,0.9902,0.9904,236509.8
1773511200,0.9904,0.9923,0.9885,0.9908,98312.2
1773514800,0.9906,0.9907,0.9868,0.9873,157377.8
1773518400,0.9872,0.9889,0.9859,0.9875,86758
1773522000,0.9876,0.9943,0.9873,0.9929,153373.4
1773525600,0.993,0.9948,0.9919,0.9933,57874.8
1773529200,0.9933,1.0033,0.9933,1.0016,560516.9
1773532800,1.0017,1.0025,0.9959,1.0009,268985.7
1773536400,1.001,1.0054,0.9994,1.0013,163665.6
1773540000,1.0014,1.0183,1.0014,1.013,311039.7
1773543600,1.013,1.017,1.0072,1.0128,449644.1
1773547200,1.0126,1.0176,1.004,1.0082,395884.9
1773550800,1.0083,1.0152,1.0059,1.0069,306326.2
1773554400,1.0067,1.0074,0.9985,1.0024,178082.8
1773558000,1.0022,1.0051,0.9998,1.0028,146176.4
1773561600,1.0029,1.0062,1.0009,1.006,197952.7
1773565200,1.0061,1.0088,1.0014,1.0028,165048.3
1773568800,1.0028,1.0085,1.0026,1.0036,79565.8
1773572400,1.0035,1.0055,1.0016,1.0047,139675.8
1773576000,1.0047,1.0071,1.0026,1.0046,134458
1773579600,1.0046,1.0064,0.9931,1.0028,485219.4
1773583200,1.0027,1.0052,0.9976,1.0047,500467.8
1773586800,1.0045,1.0055,0.9958,1.001,148318.9
1773590400,1.0008,1.0053,0.9982,0.9993,239381.9
1773594000,0.9992,1.0133,0.999,1.01,303331.1
1773597600,1.0098,1.0108,1.0002,1.0015,459161.6
1773601200,1.0017,1.0075,1.0012,1.0061,217618.5
1773604800,1.006,1.0127,1.0016,1.0076,226349.7
1773608400,1.0076,1.017,1.0028,1.0161,493467.7
1773612000,1.0162,1.0337,1.0076,1.0298,1025704.8
1773615600,1.0299,1.0325,1.0138,1.0241,722855.4
1773619200,1.0243,1.0304,1.0164,1.0214,488634
1773622800,1.0217,1.0282,1.0147,1.024,294282.9
1773626400,1.0241,1.0257,1.0152,1.0212,298162.3
1773630000,1.0211,1.0496,1.0198,1.0416,1313286.3
1773633600,1.0416,1.0561,1.0411,1.0528,1301605.6
1773637200,1.0529,1.0702,1.0508,1.0649,1237565.8
1773640800,1.0646,1.0658,1.053,1.0605,534054.5
1773644400,1.0604,1.072,1.0602,1.0679,613939.8
1773648000,1.0676,1.0783,1.0477,1.05,1306111.8
1773651600,1.0501,1.0623,1.0501,1.0584,595557.2
1773655200,1.0584,1.0614,1.0492,1.0594,456401.7
1773658800,1.0595,1.0625,1.0462,1.0493,674221.9
1773662400,1.0494,1.0533,1.0438,1.0477,829885
1773666000,1.0476,1.0585,1.0433,1.0523,1012362.6
1773669600,1.0524,1.058,1.0345,1.0484,1930924
1773673200,1.0485,1.0548,1.0444,1.0469,1630820.7
1773676800,1.0468,1.0603,1.0462,1.057,569521.7
1773680400,1.0567,1.0601,1.0511,1.0545,1038284.9
1773684000,1.0545,1.0657,1.054,1.0558,1430563.7
1773687600,1.0558,1.0651,1.0536,1.0618,1520891.2
1773691200,1.0617,1.0637,1.0569,1.0637,768975.1
1773694800,1.0635,1.0755,1.0604,1.0697,975925
1773698400,1.0696,1.085,1.0696,1.0789,1673737.4
1773702000,1.0787,1.0787,1.0623,1.0724,977016.6
1773705600,1.0722,1.0836,1.0532,1.0599,1594346.8
1773709200,1.06,1.0659,1.0492,1.0561,1460635.5
1773712800,1.056,1.0601,1.0465,1.0541,753539.9
1773716400,1.054,1.0542,1.0351,1.0403,646886.7
1773720000,1.0402,1.0429,1.025,1.0313,1472969.2
1773723600,1.031,1.0351,1.0237,1.0286,596963.2
1773727200,1.0287,1.0332,1.0222,1.0278,335991.6
1773730800,1.0279,1.0379,1.0279,1.0321,349269.6
1773734400,1.0321,1.035,1.0272,1.0285,302084.3
1773738000,1.0286,1.0314,1.0227,1.0243,306386.2
1773741600,1.024,1.0269,1.0179,1.0234,639382.8
1773745200,1.0236,1.0291,1.0236,1.0245,299391.4
1773748800,1.0244,1.0252,1.0105,1.0133,768058.5
1773752400,1.0132,1.0248,1.0121,1.0186,852440.6
1773756000,1.0187,1.0268,1.0136,1.0265,646242.2
1773759600,1.0266,1.0334,1.0147,1.0217,1154210.4
1773763200,1.0218,1.0293,1.0208,1.0253,412070.4
1773766800,1.0254,1.0322,1.0235,1.0312,553406.3
1773770400,1.0308,1.0382,1.0295,1.0369,330289.7
1773774000,1.0369,1.0393,1.0292,1.0298,511626.7
1773777600,1.0298,1.0359,1.0277,1.0343,250055.6
1773781200,1.0343,1.0415,1.0335,1.0389,359669.4
1773784800,1.039,1.0443,1.0314,1.0378,596542.2
1773788400,1.0378,1.0378,1.028,1.0295,313337.7
1773792000,1.0296,1.0342,1.0205,1.026,549170.7
1773795600,1.0261,1.0342,1.0258,1.0315,219135.5
1773799200,1.0314,1.0415,1.0307,1.0369,274454.4
1773802800,1.037,1.0493,1.0369,1.0464,808284
1773806400,1.0465,1.0465,1.0342,1.0381,444383
1773810000,1.0382,1.0496,1.0326,1.0348,308917.7
1773813600,1.0349,1.0431,1.0325,1.0325,330043.4
1773817200,1.0324,1.0328,1.0231,1.029,175838.2
1773820800,1.0289,1.033,1.0257,1.0268,183385.3
1773824400,1.0269,1.0325,1.0257,1.0321,63580.8
1773828000,1.0319,1.0319,1.02,1.0257,213967.2
1773831600,1.0257,1.0287,0.9968,1.0023,1195579.6
1773835200,1.0021,1.0055,0.9884,0.991,1829548.8
1773838800,0.9911,0.9987,0.984,0.9925,1304750.5
1773842400,0.9929,0.9934,0.9727,0.9752,1812498.2
1773846000,0.975,0.9831,0.9694,0.9785,872177.9
1773849600,0.9784,0.9792,0.972,0.9756,435985.4
1773853200,0.9755,0.9856,0.9731,0.9795,491707.5
1773856800,0.9797,0.9899,0.9728,0.9758,2171037.3
1773860400,0.9759,0.983,0.9756,0.978,857839.2
1773864000,0.9782,0.9823,0.967,0.9806,695633.9
1773867600,0.9804,0.9901,0.98,0.9883,260101.8
1773871200,0.9881,0.9881,0.9832,0.9858,218547.8
1773874800,0.9857,0.9887,0.9838,0.988,117431.7
1773878400,0.9881,0.9893,0.9818,0.9824,380146
1773882000,0.9825,0.9853,0.9796,0.9797,142002.4
1773885600,0.9795,0.983,0.9761,0.9807,120656.9
1773889200,0.9807,0.9951,0.98,0.9874,233913.1
1773892800,0.9873,0.9885,0.9808,0.9818,159429.4
1773896400,0.9817,0.9829,0.9737,0.9776,195861.2
1773900000,0.9778,0.9784,0.9705,0.972,318614.9
1773903600,0.972,0.9727,0.9537,0.963,1118347.6
1773907200,0.9629,0.9648,0.9566,0.9596,425124.2
1773910800,0.9597,0.9682,0.9574,0.967,300467.1
1773914400,0.9666,0.9678,0.9621,0.9632,169683.6
1773918000,0.9635,0.9649,0.9601,0.9608,234163.7
1773921600,0.9605,0.9605,0.9459,0.9474,859025.9
1773925200,0.9471,0.9575,0.9417,0.9544,935454.6
1773928800,0.9545,0.9582,0.9467,0.9525,764645.6
1773932400,0.9524,0.9568,0.9386,0.9487,1030437.7
1773936000,0.9485,0.9497,0.9406,0.9429,429243.1
1773939600,0.9429,0.9517,0.9378,0.9506,405554.7
1773943200,0.9504,0.9521,0.9463,0.95,408130.6
1773946800,0.9501,0.9638,0.9499,0.9555,640104.4
1773950400,0.9555,0.96,0.9548,0.9579,247907
1773954000,0.9578,0.9638,0.9577,0.961,245541.7
1773957600,0.9608,0.9615,0.9551,0.9589,502755.5
1773961200,0.959,0.9623,0.9554,0.9589,773656.8
1773964800,0.9586,0.9633,0.9586,0.962,171735.9
1773968400,0.9621,0.9674,0.961,0.965,212763
1773972000,0.9648,0.9666,0.9594,0.9643,244904.9
1773975600,0.9644,0.97,0.9635,0.9663,279175.1
1773979200,0.9664,0.9727,0.9639,0.9721,301721.5
1773982800,0.972,0.981,0.9713,0.9768,582622.3
1773986400,0.9769,0.977,0.9697,0.9704,248192.1
1773990000,0.9705,0.9767,0.9615,0.9756,737387
1773993600,0.9755,0.9851,0.9714,0.974,453486.9
1773997200,0.9738,0.9738,0.9658,0.9704,193459.9
1774000800,0.9702,0.9754,0.9671,0.9728,157967.4
1774004400,0.973,0.9783,0.9685,0.9711,282409.9
1774008000,0.9712,0.9746,0.9646,0.9663,262398
1774011600,0.9662,0.9732,0.9616,0.963,823219.7
1774015200,0.9628,0.9702,0.9584,0.961,773399.4
1774018800,0.961,0.9632,0.954,0.9606,512921.5
1774022400,0.9608,0.9651,0.9587,0.9631,177251.2
1774026000,0.9632,0.9644,0.9554,0.9628,278845.2
1774029600,0.9629,0.9636,0.9512,0.9559,421354.9
1774033200,0.956,0.9589,0.9487,0.9584,327656.5
1774036800,0.9582,0.9596,0.9518,0.9582,477433.5
1774040400,0.9583,0.9686,0.9548,0.9664,316794.8
1774044000,0.9665,0.9717,0.9665,0.9683,276811.3
1774047600,0.9684,0.9687,0.9619,0.9684,160812.3
1774051200,0.9683,0.9714,0.9666,0.9688,126645.2
1774054800,0.9687,0.9716,0.9639,0.9645,163473.3
1774058400,0.9644,0.9699,0.9635,0.9686,163607
1774062000,0.9686,0.9686,0.9663,0.9667,32649.5
1774065600,0.9668,0.9696,0.9643,0.9653,88571.3
1774069200,0.9654,0.9719,0.9654,0.9681,134492.5
1774072800,0.9682,0.9701,0.967,0.9679,297528.1
1774076400,0.9673,0.9683,0.962,0.9634,73575.8
1774080000,0.9634,0.9653,0.9627,0.9648,173040
1774083600,0.9649,0.9682,0.9627,0.9642,38419.4
1774087200,0.9642,0.9644,0.9602,0.9619,70283.4
1774090800,0.9618,0.9628,0.9603,0.9608,53068.8
1774094400,0.9608,0.9624,0.9598,0.9614,48712.1
1774098000,0.9615,0.962,0.9589,0.9612,349108.2
1774101600,0.9611,0.9682,0.9603,0.9606,141577.2
1774105200,0.9602,0.9666,0.9601,0.9666,113715.8
1774108800,0.9663,0.9663,0.9598,0.9604,188571.6
1774112400,0.9607,0.9617,0.958,0.9599,89299.5
1774116000,0.9599,0.9633,0.9598,0.9614,66970.3
1774119600,0.9614,0.9623,0.9607,0.9617,22777.7
1774123200,0.9616,0.9637,0.9603,0.9635,64016.2
1774126800,0.9634,0.9642,0.9625,0.9629,326566.9
1774130400,0.9627,0.9627,0.9598,0.9605,97130.5
1774134000,0.9604,0.9604,0.9251,0.9329,1459002.9
1774137600,0.9327,0.9373,0.9161,0.9322,916368.5
1774141200,0.9323,0.9368,0.9285,0.9349,459540.4
1774144800,0.9347,0.9412,0.9312,0.9378,682625.1
1774148400,0.9377,0.9462,0.9344,0.9389,258509.7
1774152000,0.9387,0.9446,0.9375,0.9423,226209.2
1774155600,0.9423,0.9423,0.9369,0.9371,201243.3
1774159200,0.937,0.9372,0.9331,0.9357,177960.7
1774162800,0.9359,0.939,0.9291,0.9295,227095.2
1774166400,0.9292,0.9296,0.9203,0.9265,391663.2
1774170000,0.9266,0.9299,0.9234,0.9259,976272.4
1774173600,0.9258,0.9258,0.9207,0.9212,165583.7
1774177200,0.9212,0.923,0.9185,0.919,220803.8
1774180800,0.9192,0.9284,0.9187,0.9242,285752.3
1774184400,0.9242,0.9289,0.9215,0.9239,256806.8
1774188000,0.9237,0.9262,0.9208,0.9219,687628.4
1774191600,0.9219,0.926,0.9215,0.9259,449987.9
1774195200,0.9257,0.9259,0.9224,0.923,135662.5
1774198800,0.9228,0.9228,0.9187,0.9206,566678.5
1774202400,0.9205,0.9215,0.9103,0.9153,632949.7
1774206000,0.9152,0.9152,0.9073,0.9118,901125.9
1774209600,0.9118,0.9149,0.9051,0.9059,450036.6
1774213200,0.906,0.9064,0.8934,0.9012,1098493.2
1774216800,0.9013,0.9116,0.8955,0.9107,568203.8
1774220400,0.9106,0.914,0.9034,0.906,694929.6
1774224000,0.9059,0.9087,0.8992,0.9056,705220.7
1774227600,0.9055,0.9122,0.9036,0.9083,359124.6
1774231200,0.9088,0.9168,0.9063,0.913,513274.9
1774234800,0.9131,0.9186,0.9089,0.9092,313750.8
1774238400,0.9093,0.9157,0.9078,0.9151,182925
1774242000,0.915,0.9177,0.9117,0.9144,228842.4
1774245600,0.9143,0.9143,0.8969,0.9012,1046788.9
1774249200,0.9011,0.9018,0.8907,0.8993,578799
1774252800,0.8994,0.9036,0.8938,0.8961,284654
1774256400,0.8958,0.9015,0.8916,0.9008,179163.9
1774260000,0.9006,0.9068,0.8991,0.9023,206647.5
1774263600,0.9025,0.966,0.9019,0.9406,4249027.2
1774267200,0.9408,0.9516,0.9328,0.9507,1301992.3
1774270800,0.9506,0.9592,0.9415,0.958,1152344.5
1774274400,0.9581,0.9655,0.9544,0.964,1005275.7
1774278000,0.964,0.9711,0.951,0.952,1396127.8
1774281600,0.952,0.9562,0.9436,0.9547,761259.9
1774285200,0.9547,0.9645,0.9507,0.9606,787675.7
1774288800,0.9609,0.9631,0.9555,0.9626,564245.7
1774292400,0.9629,0.9662,0.9547,0.9555,939397.8
1774296000,0.9556,0.9634,0.9516,0.9587,667848.2
1774299600,0.9587,0.9598,0.9549,0.9554,230216.1
1774303200,0.9554,0.9562,0.9499,0.9515,268062.6
1774306800,0.9514,0.9548,0.9461,0.9529,259584
1774310400,0.9529,0.9554,0.9413,0.9447,424782.1
1774314000,0.9446,0.9469,0.9374,0.9408,637513.7
1774317600,0.9406,0.9465,0.9391,0.9405,531941.6
1774321200,0.9405,0.9424,0.9372,0.9415,1825656.3
1774324800,0.9415,0.9443,0.9379,0.9406,319471.5
1774328400,0.9405,0.942,0.9357,0.9389,216033.4
1774332000,0.9387,0.9458,0.9384,0.9445,312341.2
1774335600,0.9449,0.9589,0.9447,0.9578,907720
1774339200,0.9576,0.9614,0.9529,0.9577,370282.1
1774342800,0.9576,0.9578,0.9509,0.9566,346494.8
1774346400,0.9565,0.957,0.9517,0.9544,575340.5
1774350000,0.9543,0.956,0.9483,0.9539,375151.8
1774353600,0.9541,0.9541,0.9463,0.9479,298490.9
1774357200,0.9476,0.9507,0.9378,0.9396,957892.1
1774360800,0.9397,0.9448,0.9305,0.94,1014561.6
1774364400,0.9401,0.946,0.9394,0.9408,745826.7
1774368000,0.9405,0.9442,0.9358,0.9371,354706.7
1774371600,0.9372,0.9375,0.9282,0.9308,1118073.9
1774375200,0.931,0.9385,0.9295,0.9343,271460.3
1774378800,0.9344,0.9364,0.931,0.931,229702.4
1774382400,0.931,0.9515,0.9308,0.9479,702954.1
1774386000,0.948,0.9486,0.9428,0.9485,444156
1774389600,0.9487,0.9557,0.9468,0.9499,736579.6
1774393200,0.9498,0.955,0.949,0.9537,393783.1
1774396800,0.9537,0.9588,0.9486,0.954,459697.1
1774400400,0.9539,0.9566,0.9514,0.9514,326593.9
1774404000,0.9516,0.9523,0.949,0.9493,376142.8
1774407600,0.9494,0.9541,0.9427,0.9527,636069.8
1774411200,0.9528,0.957,0.9512,0.9568,194090.6
1774414800,0.9568,0.9612,0.9519,0.9541,532942.9
1774418400,0.954,0.9613,0.9523,0.9577,183258.6
1774422000,0.9577,0.9653,0.957,0.9593,200462.1
1774425600,0.9594,0.9679,0.9594,0.9618,490788.3
1774429200,0.9622,0.9642,0.9583,0.963,311230
1774432800,0.9628,0.9653,0.9607,0.9638,200844.3
1774436400,0.9639,0.9755,0.9629,0.9673,847792
1774440000,0.9674,0.9712,0.9595,0.9666,905545.4
1774443600,0.9666,0.9742,0.9647,0.9691,453172.8
1774447200,0.9692,0.9703,0.962,0.9627,642887.1
1774450800,0.9626,0.9646,0.9505,0.9554,617532.8
1774454400,0.9557,0.9669,0.9526,0.9617,621527.2
1774458000,0.9616,0.9634,0.9574,0.9591,502267.9
1774461600,0.9592,0.9667,0.9592,0.9617,282113.9
1774465200,0.9614,0.968,0.9606,0.9667,459247.4
1774468800,0.9668,0.967,0.9584,0.9642,686844
1774472400,0.9641,0.9676,0.9613,0.9662,471180.1
1774476000,0.9663,0.9749,0.9642,0.9718,975301.7
1774479600,0.9719,0.9721,0.9661,0.9689,544559.8
1774483200,0.969,0.9702,0.9651,0.9673,141905.4
1774486800,0.9674,0.9694,0.9625,0.9625,320260.9
1774490400,0.9624,0.9625,0.9527,0.9558,399744.8
1774494000,0.9557,0.9568,0.9491,0.9526,248594.3
1774497600,0.9527,0.9529,0.9495,0.9507,71879.5
1774501200,0.9505,0.9506,0.939,0.9396,488073
1774504800,0.9395,0.9421,0.9371,0.9393,159318.6
1774508400,0.939,0.9412,0.9362,0.9397,167854.2
1774512000,0.9398,0.9417,0.9352,0.9381,573683.8
1774515600,0.9377,0.9399,0.9245,0.9277,694229
1774519200,0.9276,0.9287,0.9229,0.9253,341436.2
1774522800,0.925,0.9277,0.9215,0.924,378938.5
1774526400,0.9239,0.9286,0.9232,0.9259,320653.3
1774530000,0.9259,0.9361,0.9259,0.9306,475300.3
1774533600,0.9307,0.9326,0.9219,0.9245,492899.3
1774537200,0.9246,0.9246,0.9105,0.914,950089.9
1774540800,0.9139,0.9166,0.9122,0.9126,257702.7
1774544400,0.9125,0.9185,0.91,0.9134,637227.8
1774548000,0.9131,0.9158,0.9088,0.9148,551165.8
1774551600,0.9149,0.9172,0.9126,0.9146,261885.6
1774555200,0.9146,0.9316,0.9131,0.9244,963235.3
1774558800,0.9243,0.9331,0.9232,0.9281,572694.6
1774562400,0.9283,0.9288,0.923,0.9257,452154.6
1774566000,0.9258,0.9279,0.924,0.925,209063.8
1774569600,0.9249,0.9286,0.9215,0.9256,222308.7
1774573200,0.9255,0.9289,0.9227,0.9283,166815
1774576800,0.9283,0.9329,0.9278,0.9286,268705
1774580400,0.9287,0.9294,0.9239,0.9263,171595.1
1774584000,0.9261,0.9271,0.9194,0.9256,368303.1
1774587600,0.9257,0.9299,0.9236,0.9236,251881.5
1774591200,0.9238,0.9239,0.9183,0.9208,268297.7
1774594800,0.9206,0.9242,0.919,0.9216,124478.9
1774598400,0.9213,0.924,0.9111,0.916,361714.7
1774602000,0.9159,0.9163,0.9067,0.909,485123.6
1774605600,0.9089,0.9113,0.8864,0.8894,1817750.2
1774609200,0.8896,0.8966,0.8859,0.8941,367709.9
1774612800,0.8943,0.8943,0.8874,0.8907,434257.7
1774616400,0.8909,0.8944,0.8833,0.8865,742874.6
1774620000,0.8864,0.8929,0.884,0.8924,975521.6
1774623600,0.892,0.9006,0.8889,0.8901,957301.4
1774627200,0.8902,0.8929,0.886,0.8898,566722.8
1774630800,0.8896,0.8955,0.8844,0.8849,629140.5
1774634400,0.8849,0.8864,0.8747,0.8747,1035154.9
1774638000,0.8747,0.8789,0.8711,0.873,1135899.5
1774641600,0.8729,0.8771,0.8691,0.8761,612017.4
1774645200,0.8762,0.8797,0.8762,0.8776,444648.2
1774648800,0.8774,0.8796,0.8749,0.8795,308005.8
1774652400,0.8793,0.8803,0.8765,0.8798,173207.1
1774656000,0.8798,0.8823,0.8786,0.8792,171946.7
1774659600,0.879,0.879,0.8705,0.8759,196424.7
1774663200,0.8759,0.8791,0.8731,0.8749,193706.3
1774666800,0.875,0.8771,0.8739,0.8759,129196.6
1774670400,0.876,0.8774,0.8742,0.8764,138788.2
1774674000,0.8765,0.8772,0.8735,0.8756,101214.3
1774677600,0.8757,0.8786,0.8739,0.8772,148279.1
1774681200,0.8775,0.8839,0.8772,0.8833,181452.7
1774684800,0.8833,0.888,0.883,0.8841,110381.5
1774688400,0.8839,0.8839,0.8801,0.882,188083.9
1774692000,0.8818,0.8882,0.8811,0.8826,86422.3
1774695600,0.8827,0.8845,0.8818,0.8832,83128.3
1774699200,0.8832,0.8873,0.88,0.884,462901.7
1774702800,0.884,0.8986,0.8823,0.8929,591838
1774706400,0.8931,0.8931,0.8823,0.8839,733359.7
1774710000,0.884,0.8933,0.8826,0.8853,752792.6
1774713600,0.8855,0.8881,0.8847,0.8876,265165.5
1774717200,0.888,0.8895,0.8826,0.8842,332499.4
1774720800,0.8841,0.8862,0.8839,0.8849,166899.6
1774724400,0.8848,0.8848,0.8812,0.8834,126482.5
1774728000,0.8835,0.8871,0.8833,0.8844,249812
1774731600,0.8844,0.8846,0.8764,0.8768,220630.7
1774735200,0.877,0.8794,0.8754,0.8771,239743.7
1774738800,0.8772,0.8772,0.836,0.8589,2909963.1
1774742400,0.8587,0.8616,0.8529,0.8599,1083863.5
1774746000,0.86,0.8648,0.8599,0.8637,522174.7
1774749600,0.8634,0.8671,0.8619,0.8653,128717.3
1774753200,0.8654,0.8717,0.8645,0.8697,571156.8
1774756800,0.8697,0.8703,0.8675,0.8685,126737.4
1774760400,0.8684,0.8684,0.865,0.8661,157842.5
1774764000,0.866,0.8689,0.866,0.8669,147501
1774767600,0.8668,0.8668,0.863,0.8637,241507.3
1774771200,0.8637,0.8652,0.8612,0.8633,254559.7
1774774800,0.8632,0.8639,0.8589,0.8594,254055.3
1774778400,0.8593,0.8596,0.8551,0.8588,192454.7
1774782000,0.8587,0.864,0.8583,0.8604,205310.7
1774785600,0.8602,0.8602,0.8542,0.8564,223062.9
1774789200,0.8564,0.8565,0.8398,0.8481,703497.1
1774792800,0.8482,0.8538,0.8446,0.8452,426968.5
1774796400,0.8456,0.8492,0.844,0.8452,429654.4
1774800000,0.845,0.8495,0.842,0.8461,256805.7
1774803600,0.846,0.8487,0.842,0.8455,268119.6
1774807200,0.8455,0.8478,0.8426,0.844,197667.1
1774810800,0.8439,0.8439,0.8372,0.8384,558649.2
1774814400,0.8382,0.8473,0.8379,0.843,296920.1
1774818000,0.843,0.8475,0.841,0.8448,292789.3
1774821600,0.8447,0.8457,0.8201,0.8406,1203401.3
1774825200,0.8404,0.8473,0.8398,0.8461,635989.2
1774828800,0.8462,0.8627,0.8459,0.8546,1060390.8
1774832400,0.8547,0.8634,0.8547,0.8634,393172.2
1774836000,0.8635,0.8764,0.8616,0.8692,664770.8
1774839600,0.869,0.8717,0.8649,0.8695,380531.5
1774843200,0.8695,0.8726,0.8686,0.8701,328071.5
1774846800,0.8703,0.8741,0.8689,0.8712,335359.1
1774850400,0.871,0.8754,0.8706,0.8721,175129
1774854000,0.8722,0.8838,0.8713,0.8817,461176.5
1774857600,0.8818,0.885,0.8785,0.882,382837.2
1774861200,0.8823,0.8825,0.8761,0.8761,160659.5
1774864800,0.8761,0.8812,0.8753,0.8805,163655.7
1774868400,0.8806,0.8919,0.8806,0.8848,591257.7
1774872000,0.8849,0.8899,0.8838,0.8878,231108.3
1774875600,0.8879,0.8897,0.8828,0.8839,488360.9
1774879200,0.884,0.8861,0.8754,0.8842,663734.9
1774882800,0.8843,0.8862,0.8769,0.881,417060.5
1774886400,0.881,0.8829,0.8756,0.8784,218477.4
1774890000,0.8785,0.8792,0.8664,0.8695,316736.1
1774893600,0.8694,0.8705,0.8597,0.8619,427826.7
1774897200,0.8619,0.8622,0.8555,0.8607,283938
1774900800,0.8604,0.8634,0.8599,0.8611,125430.9
1774904400,0.861,0.8714,0.8606,0.8672,284122.2
1774908000,0.8669,0.8698,0.8643,0.8661,201557.6
1774911600,0.866,0.866,0.8587,0.8632,362468.4
1774915200,0.8633,0.8701,0.8603,0.8676,475129.1
1774918800,0.8677,0.8867,0.8662,0.8794,613620.2
1774922400,0.8793,0.883,0.8769,0.8784,273367
1774926000,0.8783,0.8789,0.8725,0.8742,209472.9
1774929600,0.8743,0.8769,0.8687,0.8691,171758.6
1774933200,0.8692,0.8747,0.8663,0.8744,127386
1774936800,0.8742,0.8745,0.8701,0.874,170059.1
1774940400,0.8741,0.8748,0.867,0.8712,154532.9
1774944000,0.8713,0.8724,0.8612,0.863,159805.8
1774947600,0.8629,0.8642,0.8522,0.8547,298163.9
1774951200,0.8548,0.8595,0.8541,0.856,470713.9
1774954800,0.8559,0.8606,0.8525,0.8585,753447
1774958400,0.858,0.8621,0.8565,0.8583,252482.3
1774962000,0.8585,0.8734,0.8581,0.8702,464431.7
1774965600,0.8701,0.8772,0.8564,0.8594,656126.8
1774969200,0.8594,0.8691,0.8575,0.8577,1019050.6
1774972800,0.8576,0.8767,0.8566,0.8743,1124778.5
1774976400,0.8744,0.8882,0.8721,0.874,1006860.6
1774980000,0.8742,0.8798,0.8734,0.8766,420658
1774983600,0.8768,0.8788,0.8708,0.8769,402392.8
1774987200,0.8768,0.8807,0.8765,0.8802,225360.2
1774990800,0.8801,0.8806,0.8738,0.8763,209929.7
1774994400,0.8759,0.8762,0.8693,0.873,393042.3
1774998000,0.8732,0.879,0.8714,0.8777,276248
1775001600,0.8776,0.8825,0.875,0.8819,285759
1775005200,0.882,0.8832,0.8744,0.8744,299923.2
1775008800,0.8748,0.8767,0.8712,0.873,343807.4
1775012400,0.8733,0.8825,0.8733,0.881,234018.9
1775016000,0.8808,0.883,0.8788,0.8812,199718
1775019600,0.8813,0.8916,0.8777,0.891,377902.4
1775023200,0.8911,0.9029,0.8901,0.9026,896165.3
1775026800,0.9022,0.9052,0.8969,0.8977,234195.3
1775030400,0.8978,0.9028,0.8947,0.8976,314742.7
1775034000,0.8976,0.9017,0.8906,0.8911,546140.3
1775037600,0.891,0.8918,0.8867,0.8899,321312.9
1775041200,0.8897,0.8936,0.8892,0.8913,278729.2
1775044800,0.8911,0.9,0.8864,0.8945,951060.8
1775048400,0.8945,0.8986,0.8837,0.8899,1000713
1775052000,0.8899,0.9,0.8895,0.8989,521869.4
1775055600,0.899,0.9015,0.8952,0.901,366282.8
1775059200,0.9012,0.9084,0.8953,0.9055,567629.9
1775062800,0.9052,0.9145,0.8986,0.9009,1174407.6
1775066400,0.9011,0.9016,0.8917,0.8933,313401
1775070000,0.8934,0.8986,0.8931,0.895,308565.5
1775073600,0.8951,0.8956,0.8851,0.8903,421337
1775077200,0.8904,0.8965,0.8894,0.8931,337987.5
1775080800,0.893,0.8931,0.883,0.8838,227642
1775084400,0.8838,0.885,0.8806,0.8821,211590.9
1775088000,0.882,0.8938,0.8792,0.8922,447331.7
1775091600,0.8922,0.8932,0.864,0.8686,1582672.2
1775095200,0.8685,0.8697,0.8573,0.8612,731777.1
1775098800,0.8613,0.8655,0.8548,0.8584,666372.6
1775102400,0.8582,0.8614,0.8557,0.8569,320109.8
1775106000,0.8569,0.8626,0.8533,0.8616,335030.5
1775109600,0.8616,0.8658,0.8606,0.8628,342017.2
1775113200,0.8627,0.8705,0.8622,0.863,420905.5
1775116800,0.8629,0.8629,0.8499,0.8532,844856
1775120400,0.8532,0.8579,0.8529,0.8549,130523.3
1775124000,0.8548,0.8561,0.8525,0.8538,145253
1775127600,0.8538,0.8542,0.8457,0.8499,513735.3
1775131200,0.8496,0.8514,0.848,0.8489,444069.3
1775134800,0.849,0.8502,0.8416,0.8495,812860.6
1775138400,0.8494,0.8654,0.8476,0.8631,1084989.6
1775142000,0.863,0.8633,0.8533,0.8585,290979.5
1775145600,0.8583,0.8647,0.8544,0.8621,288339.7
1775149200,0.862,0.8691,0.8521,0.853,592889.4
1775152800,0.8532,0.8613,0.8506,0.8594,868781.7
1775156400,0.8597,0.8616,0.8559,0.8605,340173.5
1775160000,0.8606,0.8671,0.8585,0.8638,502391.4
1775163600,0.8641,0.8645,0.86,0.8628,226895
1775167200,0.8624,0.8649,0.8594,0.8614,147503.2
1775170800,0.8613,0.8631,0.8592,0.8612,172009.4
1775174400,0.8613,0.8629,0.8583,0.8596,75339.5
1775178000,0.8598,0.8634,0.8574,0.8601,99463.7
1775181600,0.8598,0.8645,0.8569,0.8631,299015.7
1775185200,0.8631,0.8677,0.8609,0.8653,412395.7
1775188800,0.8654,0.8686,0.8628,0.8674,209711.4
1775192400,0.8673,0.8738,0.8634,0.8681,163285
1775196000,0.8685,0.8735,0.8653,0.8714,293894.5
1775199600,0.8713,0.8767,0.8703,0.8758,170714.2
1775203200,0.8759,0.8802,0.8735,0.8772,555929
1775206800,0.877,0.8777,0.8727,0.8767,232520.7
1775210400,0.8765,0.8787,0.872,0.8765,167060
1775214000,0.8767,0.879,0.8749,0.8782,94342.2
1775217600,0.8783,0.8851,0.8709,0.8732,500066.6
1775221200,0.8729,0.873,0.8678,0.8712,593486.2
1775224800,0.8711,0.874,0.8684,0.8684,467118
1775228400,0.8683,0.8744,0.8661,0.8695,852235.3
1775232000,0.8696,0.8777,0.8694,0.8775,298934.1
1775235600,0.8774,0.8786,0.8737,0.8757,168193.3
1775239200,0.8757,0.8779,0.8738,0.8744,85367.7
1775242800,0.8745,0.8748,0.8696,0.8735,183144.2
1775246400,0.8736,0.878,0.8735,0.8742,169881.4
1775250000,0.8743,0.8781,0.8739,0.8758,139982.9
1775253600,0.8759,0.8768,0.8709,0.8714,110841.5
1775257200,0.8714,0.8748,0.8708,0.8733,93113.3
1775260800,0.8737,0.8747,0.8711,0.8716,49024
1775264400,0.8715,0.8721,0.8687,0.8703,370289.8
1775268000,0.8701,0.8713,0.868,0.8689,37749.1
1775271600,0.869,0.8712,0.8645,0.8697,286128.6
1775275200,0.8696,0.8733,0.8688,0.8718,153000.6
1775278800,0.8718,0.8737,0.8702,0.8704,47975.3
1775282400,0.8704,0.8748,0.87,0.8745,66685.7
1775286000,0.8746,0.8748,0.8701,0.8716,55021.9
1775289600,0.8716,0.8717,0.866,0.867,44845.3
1775293200,0.8667,0.8674,0.8653,0.8653,73527.6
1775296800,0.8652,0.8702,0.8652,0.8701,90539
1775300400,0.8701,0.8718,0.8682,0.8718,140176.2
1775304000,0.8715,0.8731,0.8681,0.8685,122797.7
1775307600,0.8685,0.8693,0.8665,0.867,85472.2
1775311200,0.8672,0.8675,0.8617,0.8674,340122.3
1775314800,0.8671,0.8731,0.8661,0.8698,207243.2
1775318400,0.8695,0.8722,0.8648,0.865,173819.1
1775322000,0.8644,0.8709,0.8644,0.87,80188.5
1775325600,0.87,0.8712,0.8677,0.8688,116633.8
1775329200,0.869,0.8759,0.8686,0.8704,400456.8
1775332800,0.8703,0.8708,0.8675,0.8683,129536.9
1775336400,0.8685,0.8732,0.8681,0.8719,114058.7
1775340000,0.8717,0.8795,0.8711,0.8717,418263.4
1775343600,0.8718,0.8721,0.8673,0.8719,169681.2
1775347200,0.872,0.8725,0.8685,0.8699,106834.1
1775350800,0.87,0.8714,0.866,0.8662,459803.8
1775354400,0.866,0.866,0.8633,0.8653,65273.8
1775358000,0.8653,0.867,0.8629,0.8644,77543.9
1775361600,0.8643,0.8647,0.8618,0.862,201829.9
1775365200,0.8619,0.8631,0.8553,0.8567,150461.1
1775368800,0.8566,0.8572,0.8482,0.8542,444211
1775372400,0.8542,0.8554,0.8507,0.8518,128012.2
1775376000,0.8516,0.8535,0.8508,0.8533,85740.5
1775379600,0.8531,0.855,0.8529,0.8541,33878.2
1775383200,0.854,0.8573,0.8529,0.8546,62798.7
1775386800,0.8543,0.8559,0.8489,0.8503,265860.2
1775390400,0.8502,0.8502,0.8415,0.844,259024.6
1775394000,0.844,0.8489,0.842,0.8481,311764.8
1775397600,0.848,0.8497,0.8454,0.8458,249622.8
1775401200,0.8458,0.8592,0.8437,0.8496,481754.7
1775404800,0.8496,0.8524,0.8466,0.8467,198413.3
1775408400,0.8468,0.8514,0.8456,0.8509,120586.4
1775412000,0.8506,0.8521,0.8476,0.8506,175178.7
1775415600,0.8507,0.853,0.8467,0.8491,109434.7
1775419200,0.8489,0.8526,0.8483,0.8512,134751.4
1775422800,0.8513,0.8516,0.8453,0.8461,128803.1
1775426400,0.8462,0.8578,0.8385,0.8574,746357.6
1775430000,0.8575,0.8725,0.8557,0.8708,723582.3
1775433600,0.8709,0.8841,0.8709,0.8799,820817.7
1775437200,0.8799,0.8809,0.8734,0.8766,465205.1
1775440800,0.8767,0.8935,0.8766,0.8893,717138.6
1775444400,0.8892,0.8903,0.8833,0.8878,447691.1
1775448000,0.8879,0.898,0.8868,0.8913,581489.3
1775451600,0.8912,0.8922,0.886,0.8861,264026.6
1775455200,0.8861,0.8891,0.8797,0.8842,645638.2
1775458800,0.8843,0.8875,0.8815,0.8869,251268.6
1775462400,0.887,0.8945,0.8848,0.8911,199154.8
1775466000,0.8912,0.9048,0.8906,0.9019,531677.5
1775469600,0.902,0.9232,0.9019,0.9099,1545720.3
1775473200,0.9098,0.9104,0.9027,0.9054,517254.4
1775476800,0.905,0.9112,0.9032,0.9062,730616
1775480400,0.9061,0.9081,0.9007,0.9031,415086.2
1775484000,0.9032,0.9077,0.8951,0.9016,597616.6
1775487600,0.9015,0.9038,0.8981,0.9006,236596.7
1775491200,0.9007,0.9029,0.8958,0.8971,288913.9
1775494800,0.897,0.8976,0.8882,0.8945,829867.1
1775498400,0.8942,0.8998,0.8936,0.8969,228016.6
1775502000,0.8967,0.8967,0.8906,0.8941,317220
1775505600,0.8945,0.8974,0.893,0.896,147404.4
1775509200,0.8959,0.8974,0.8899,0.8899,136840.3
1775512800,0.89,0.8924,0.8759,0.8759,562353
1775516400,0.876,0.877,0.8691,0.8709,908343.2
1775520000,0.8708,0.876,0.8703,0.8736,288710.3
1775523600,0.8736,0.8756,0.8657,0.8671,480391.2
1775527200,0.867,0.8702,0.8629,0.8689,513611
1775530800,0.869,0.8736,0.869,0.8728,153715.1
1775534400,0.8728,0.8784,0.8704,0.8746,158985.6
1775538000,0.8746,0.8746,0.8699,0.8711,87917.7
1775541600,0.871,0.871,0.8658,0.8696,107735
1775545200,0.8695,0.8754,0.8692,0.8732,449110.7
1775548800,0.8732,0.8781,0.8732,0.8766,159575.9
1775552400,0.8767,0.8864,0.8766,0.8839,233997.5
1775556000,0.8839,0.8861,0.8682,0.87,366285.5
1775559600,0.8698,0.8715,0.8648,0.8665,311413.7
1775563200,0.8664,0.8701,0.8589,0.8673,506915.7
1775566800,0.8675,0.8722,0.8666,0.8666,370423
1775570400,0.8668,0.8716,0.862,0.8662,592462.1
1775574000,0.8659,0.8738,0.8643,0.8666,446677.9
1775577600,0.8665,0.8697,0.8632,0.866,376185.7
1775581200,0.8659,0.8811,0.8652,0.8756,271405.3
1775584800,0.8758,0.8773,0.8709,0.8729,285684.4
1775588400,0.8728,0.8913,0.872,0.8909,1078044.1
1775592000,0.8914,0.8978,0.8903,0.8927,1345436.6
1775595600,0.8929,0.9173,0.8929,0.9138,1148579.1
1775599200,0.914,0.953,0.9126,0.953,2505738.5
1775602800,0.9531,0.9763,0.9514,0.9597,4601982.8
1775606400,0.9596,0.9644,0.9526,0.9561,1415882.1
1775610000,0.9559,0.9732,0.9526,0.973,989429.8
1775613600,0.9731,0.9783,0.9637,0.9656,1207370.7
1775617200,0.9654,0.9676,0.9581,0.9601,416791.7
1775620800,0.9601,0.9672,0.9589,0.9606,494034.5
1775624400,0.9608,0.9631,0.9585,0.9618,362938.4
1775628000,0.9619,0.9619,0.9492,0.9515,640944.9
1775631600,0.9515,0.9577,0.9504,0.9519,288547.1
1775635200,0.9521,0.9548,0.9505,0.9539,364591.4
1775638800,0.954,0.9548,0.9459,0.948,272171.9
1775642400,0.9479,0.9513,0.9457,0.9459,154254.3
1775646000,0.9458,0.9499,0.9377,0.9475,599215.3
1775649600,0.9473,0.9488,0.9426,0.9477,418155.1
1775653200,0.9478,0.9539,0.9446,0.9468,1011718.5
1775656800,0.947,0.9475,0.9193,0.9219,3252113.1
1775660400,0.922,0.935,0.9206,0.9345,1005506.9
1775664000,0.9344,0.9359,0.9294,0.9316,451928.1
1775667600,0.9317,0.9368,0.9276,0.9338,665953.9
1775671200,0.9338,0.9349,0.9203,0.9209,515596.9
1775674800,0.9207,0.9244,0.9163,0.9226,2077351
1775678400,0.9226,0.9246,0.918,0.9209,149562.3
1775682000,0.921,0.9291,0.9204,0.9283,259758.7
1775685600,0.9282,0.9287,0.9175,0.9177,332582.7
1775689200,0.9175,0.9181,0.9109,0.9136,1291582
1775692800,0.9135,0.9138,0.906,0.9084,236102
1775696400,0.9083,0.9088,0.9001,0.906,426063.5
1775700000,0.9061,0.9109,0.9057,0.9089,394471.7
1775703600,0.909,0.9105,0.9056,0.9091,291686.6
1775707200,0.909,0.9127,0.9067,0.9091,460933.2
1775710800,0.909,0.9136,0.9077,0.909,326314.2
1775714400,0.9091,0.9117,0.908,0.9103,67486.6
1775718000,0.9101,0.9112,0.9089,0.9089,110971.3
1775721600,0.9087,0.912,0.9066,0.91,104360
1775725200,0.9096,0.9165,0.9082,0.9144,203833.6
1775728800,0.9144,0.9144,0.911,0.9118,192604.4
1775732400,0.9118,0.9127,0.9054,0.9072,147363.3
1775736000,0.9072,0.9111,0.9048,0.9104,718001.2
1775739600,0.9102,0.9121,0.9067,0.909,505734.9
1775743200,0.9092,0.916,0.9046,0.9141,451706.8
1775746800,0.9141,0.9386,0.9115,0.9325,1532700.8
1775750400,0.9326,0.9394,0.9262,0.9328,913988.2
1775754000,0.9326,0.9407,0.9324,0.9395,776275.1
1775757600,0.9399,0.9405,0.9289,0.9377,457291.4
1775761200,0.9378,0.9456,0.9359,0.9415,627488.7
1775764800,0.9415,0.9455,0.9401,0.942,251898
1775768400,0.9422,0.948,0.9401,0.9439,696385.8
1775772000,0.9441,0.97,0.9358,0.9383,1670506.6
1775775600,0.9385,0.9404,0.9276,0.9306,701948.2
1775779200,0.9307,0.9312,0.924,0.9298,373934.1
1775782800,0.9296,0.9372,0.923,0.9286,553191.6
1775786400,0.9288,0.9358,0.9283,0.9313,243371.6
1775790000,0.9311,0.9346,0.9286,0.9295,249549.9
1775793600,0.9294,0.9397,0.9279,0.9362,407428.5
1775797200,0.9363,0.9411,0.933,0.9378,417373.3
1775800800,0.9379,0.9466,0.9286,0.9322,568852.4
1775804400,0.9324,0.9349,0.9272,0.9275,421197.2
1775808000,0.9277,0.9364,0.9248,0.9301,648305.6
1775811600,0.9301,0.9383,0.9301,0.9375,163973.8
1775815200,0.9374,0.9374,0.9317,0.9321,108216.3
1775818800,0.9321,0.9388,0.9321,0.9347,228957.9
1775822400,0.9346,0.9403,0.9327,0.9375,648072.9
1775826000,0.9372,0.9401,0.9322,0.938,290322.2
1775829600,0.9378,0.9494,0.9344,0.9484,1691326.1
1775833200,0.9483,0.9535,0.9433,0.9458,837814.7
1775836800,0.9459,0.9517,0.9445,0.948,360750.4
1775840400,0.9478,0.948,0.9425,0.9468,166904.6
1775844000,0.947,0.9616,0.945,0.959,493923.6
1775847600,0.959,0.9629,0.9542,0.9597,485493.3
1775851200,0.9598,0.9606,0.9489,0.9543,564361.9
1775854800,0.9545,0.9547,0.9449,0.95,941212.6
1775858400,0.9497,0.9521,0.9431,0.9463,248119.9
1775862000,0.946,0.946,0.9433,0.9446,175834.4
1775865600,0.9442,0.9442,0.9394,0.9394,393983.2
1775869200,0.9393,0.9406,0.9356,0.9389,173947.9
1775872800,0.939,0.9438,0.9381,0.941,145463.3
1775876400,0.9411,0.9452,0.9371,0.9378,316263.5
1775880000,0.9379,0.94,0.9361,0.9379,135178.4
1775883600,0.9378,0.939,0.9328,0.9333,133338.9
1775887200,0.9332,0.9337,0.9304,0.9321,533569.9
1775890800,0.932,0.9346,0.9313,0.9336,238068.4
1775894400,0.9333,0.9377,0.9326,0.9333,80293.5
1775898000,0.9332,0.9378,0.9323,0.9368,148066.8
1775901600,0.9369,0.9375,0.9338,0.9352,106777.2
1775905200,0.9351,0.9362,0.9335,0.9336,199864.5
1775908800,0.9336,0.9361,0.9316,0.934,192090.4
1775912400,0.9337,0.9337,0.9279,0.9326,598030.6
1775916000,0.9325,0.9347,0.9309,0.9318,156188.8
1775919600,0.9317,0.9371,0.9312,0.9364,164111.7
1775923200,0.9364,0.9509,0.9363,0.9468,380075.3
1775926800,0.9464,0.9476,0.9434,0.9452,251463.7
1775930400,0.9453,0.9592,0.942,0.9534,900783.5
1775934000,0.9537,0.9636,0.9527,0.9627,954152.7
1775937600,0.9627,0.9642,0.9504,0.9532,910018
1775941200,0.9531,0.9577,0.9493,0.9542,411910.1
1775944800,0.9544,0.9579,0.9461,0.9488,618857.5
1775948400,0.9486,0.9486,0.9382,0.9416,274220
1775952000,0.9417,0.9421,0.9369,0.9417,469691
1775955600,0.9418,0.9442,0.9065,0.9115,1260278.9
1775959200,0.911,0.9176,0.9057,0.9145,1000626.9
1775962800,0.9144,0.9172,0.9102,0.9123,612972.1
1775966400,0.9124,0.9133,0.9102,0.9115,349332.4
1775970000,0.9114,0.9159,0.9079,0.9152,796725.9
1775973600,0.9149,0.9171,0.9123,0.913,533521.9
1775977200,0.9127,0.9143,0.911,0.913,81634.4
1775980800,0.9129,0.9146,0.9115,0.9127,102378.3
1775984400,0.9126,0.9137,0.9116,0.9122,50401.3
1775988000,0.9124,0.9133,0.9068,0.908,264512.6
1775991600,0.908,0.9124,0.9069,0.911,108092.7
1775995200,0.911,0.914,0.907,0.9078,223635.6
1775998800,0.9077,0.9107,0.9002,0.9018,295057.8
1776002400,0.9016,0.9063,0.8983,0.9013,427739.6
1776006000,0.9011,0.9029,0.8973,0.9003,219777.9
1776009600,0.9002,0.9038,0.9001,0.9035,116072
1776013200,0.9036,0.9114,0.9036,0.9105,329377.7
1776016800,0.9107,0.9119,0.9071,0.9073,367396.2
1776020400,0.9074,0.9096,0.9063,0.9073,109900.3
1776024000,0.9074,0.9137,0.9051,0.9111,259985.3
1776027600,0.9111,0.9124,0.9069,0.9101,165882.9
1776031200,0.9098,0.9099,0.9001,0.9028,647435.6
1776034800,0.9029,0.9042,0.8985,0.9012,677338.8
1776038400,0.9013,0.9082,0.9001,0.9067,473944.4
1776042000,0.9068,0.9115,0.9056,0.9107,192823.8
1776045600,0.9106,0.911,0.905,0.9059,161500.6
1776049200,0.906,0.9076,0.9049,0.9069,296952.4
1776052800,0.9071,0.9085,0.9019,0.9026,93791.9
1776056400,0.9025,0.9038,0.8999,0.9038,95089.1
1776060000,0.9039,0.912,0.9036,0.9087,223456.2
1776063600,0.9086,0.9086,0.9011,0.9011,119452
1776067200,0.901,0.9026,0.8984,0.9015,209278.5
1776070800,0.9016,0.9061,0.9016,0.9028,115592.9
1776074400,0.9033,0.904,0.899,0.9002,83683.6
1776078000,0.9003,0.9046,0.9003,0.9044,244297.2
1776081600,0.9043,0.9123,0.9013,0.9094,399282.4
1776085200,0.9095,0.9206,0.9019,0.92,998806.6
1776088800,0.9202,0.9231,0.9092,0.9231,661764.9
1776092400,0.9232,0.9237,0.9105,0.9131,471622.2
1776096000,0.9132,0.9219,0.908,0.9202,907370.8
1776099600,0.9202,0.9283,0.9168,0.9168,571813.8
1776103200,0.9168,0.9214,0.9132,0.9209,373595.9
1776106800,0.9209,0.9386,0.9193,0.9361,836376.4
1776110400,0.9363,0.9367,0.9271,0.9292,513840.4
1776114000,0.9292,0.9315,0.9271,0.9301,1282030.6
1776117600,0.93,0.9623,0.9289,0.9584,2099995.8
1776121200,0.9585,0.9612,0.954,0.96,1170339.7
1776124800,0.9602,0.9625,0.9486,0.9496,1347182.8
1776128400,0.9495,0.9561,0.9457,0.9553,677623.8
1776132000,0.9552,0.9572,0.9523,0.9531,283983.8
1776135600,0.953,0.953,0.9486,0.9499,354337
1776139200,0.9495,0.9513,0.9455,0.9482,474443.7
1776142800,0.9483,0.9483,0.9399,0.9409,227501.4
1776146400,0.941,0.9465,0.941,0.945,279127.9
1776150000,0.945,0.9497,0.9428,0.9452,475013.2
1776153600,0.9453,0.9523,0.9428,0.9506,301360.9
1776157200,0.9507,0.953,0.9488,0.952,169105.9
1776160800,0.9517,0.9542,0.9505,0.9507,203268.5
1776164400,0.9506,0.9531,0.9476,0.9488,243070.4
1776168000,0.9489,0.951,0.9426,0.9443,544291.5
1776171600,0.9443,0.9617,0.9443,0.9609,820641
1776175200,0.9612,0.9639,0.9492,0.9495,1209028
1776178800,0.9497,0.9515,0.9405,0.9442,787844.4
1776182400,0.9442,0.9498,0.9388,0.9414,480469.4
1776186000,0.9412,0.946,0.9365,0.943,325850.4
1776189600,0.9427,0.9438,0.9249,0.9265,776905
1776193200,0.9269,0.933,0.9254,0.9323,436967.8
1776196800,0.9325,0.9352,0.9283,0.9298,325796.5
1776200400,0.9299,0.9351,0.9294,0.9326,212249.7
1776204000,0.9326,0.9351,0.9282,0.9298,258160.2
1776207600,0.93,0.9344,0.9287,0.9332,211261.6
1776211200,0.9331,0.9423,0.9329,0.9384,305650.2
1776214800,0.9383,0.9448,0.9362,0.9422,673832.6
1776218400,0.9423,0.9443,0.9372,0.9405,166329.7
1776222000,0.9406,0.9424,0.9382,0.9399,88908.3
1776225600,0.9399,0.9439,0.9383,0.9421,318018.1
1776229200,0.9419,0.9444,0.9324,0.9354,321683.3
1776232800,0.9353,0.9353,0.9307,0.9325,289795.5
1776236400,0.9325,0.9334,0.9263,0.9292,227683.6
1776240000,0.9293,0.9398,0.9283,0.9396,109353.4
1776243600,0.9397,0.9409,0.9354,0.9374,104398.5
1776247200,0.9373,0.9427,0.9325,0.9393,213254.7
1776250800,0.9393,0.9489,0.9383,0.9455,280022.6
1776254400,0.9455,0.9536,0.9429,0.9511,238667.4
1776258000,0.9513,0.9527,0.9433,0.9472,448572.4
1776261600,0.9473,0.9546,0.9457,0.9532,312690.1
1776265200,0.9533,0.9547,0.9419,0.9471,400244.2
1776268800,0.9467,0.954,0.9451,0.9518,227573.8
1776272400,0.9518,0.9567,0.9492,0.9525,407195.8
1776276000,0.9524,0.9596,0.9517,0.9595,410623.8
1776279600,0.9594,0.9744,0.9574,0.9683,1177529
1776283200,0.9683,0.9693,0.9614,0.9657,648784.4
1776286800,0.9658,0.9713,0.9603,0.9685,246827.5
1776290400,0.9689,0.9739,0.9646,0.9646,573397.4
1776294000,0.9648,0.9648,0.9557,0.9593,371125.4
1776297600,0.9594,0.9614,0.9553,0.96,215097.2
1776301200,0.9596,0.9608,0.9537,0.9595,261666.6
1776304800,0.9597,0.9728,0.9594,0.9684,328430.2
1776308400,0.9683,0.9778,0.9676,0.9751,491640.8
1776312000,0.9749,0.981,0.9691,0.9701,487367.3
1776315600,0.97,0.9734,0.9631,0.9725,476052.1
1776319200,0.9726,0.9833,0.9705,0.9826,329090
1776322800,0.9826,0.9904,0.9678,0.9714,877551.4
1776326400,0.9713,0.98,0.9681,0.9725,523921.1
1776330000,0.9722,0.9844,0.9705,0.9737,682787.2
1776333600,0.9735,0.975,0.964,0.9678,343838.6
1776337200,0.9678,0.9717,0.9653,0.97,313183.1
1776340800,0.9701,0.9792,0.97,0.9776,445687.7
1776344400,0.9775,0.9948,0.959,0.9684,1307744.2
1776348000,0.9683,0.9702,0.9527,0.9668,2226474.5
1776351600,0.9669,0.9882,0.9657,0.9856,965920.4
1776355200,0.9856,0.9925,0.9708,0.9745,807236.5
1776358800,0.9746,0.9804,0.971,0.9785,857295.8
1776362400,0.9784,1.0016,0.9756,0.9957,1765239.7
1776366000,0.9958,1.0049,0.9913,1.004,1135397.4
1776369600,1.004,1.0075,0.984,0.9915,1139838.1
1776373200,0.9916,1.0001,0.9859,0.9987,364620.9
1776376800,0.9987,1.0139,0.9987,1.0047,1397173.9
1776380400,1.0048,1.0102,1.0002,1.0009,502106.2
1776384000,1.0007,1.0064,0.9965,1.0021,1370653
1776387600,1.002,1.0062,0.9896,0.9927,1108976.8
1776391200,0.9925,0.9949,0.9821,0.9872,355212.1
1776394800,0.9871,0.9924,0.9834,0.9885,229787.6
1776398400,0.9885,0.9918,0.9866,0.9875,441760.7
1776402000,0.9875,0.9875,0.9748,0.9757,377583.8
1776405600,0.9756,0.9848,0.9753,0.9831,270780.4
1776409200,0.983,0.9949,0.983,0.993,480903.5
1776412800,0.9928,1.003,0.9921,0.9997,690065.4
1776416400,0.9992,1.0057,0.9939,0.9984,636575.6
1776420000,0.9983,1.002,0.9839,0.9879,557164.5
1776423600,0.9878,1.002,0.9875,1.0008,467251.7
1776427200,1.0009,1.0167,0.997,1.0111,2245437.3
1776430800,1.011,1.0441,1.0064,1.0386,4007254.1
1776434400,1.0387,1.042,1.0308,1.0368,1912135.7
1776438000,1.0364,1.0374,1.0199,1.0255,1308824.5
1776441600,1.0256,1.0353,1.0233,1.0348,805073.5
1776445200,1.0347,1.0349,1.0137,1.0223,1497039.2
1776448800,1.022,1.022,1.01,1.0142,911966
1776452400,1.0143,1.0192,1.0106,1.0145,1299546.3
1776456000,1.0146,1.018,1.0067,1.0121,609630.4
1776459600,1.0122,1.0178,1.0076,1.0121,360016.3
1776463200,1.012,1.0149,1.0093,1.01,675706.6
1776466800,1.0096,1.0096,0.9955,0.9971,1412686.4
1776470400,0.997,1.0026,0.9927,0.9962,551019.3
1776474000,0.9963,1.0011,0.9919,0.9947,364872.9
1776477600,0.9946,1.0004,0.9913,0.9984,303557.9
1776481200,0.9983,1.0016,0.9945,0.9975,232207.7
1776484800,0.9976,1.0018,0.9954,1.0005,268523.1
1776488400,1.0004,1.005,0.9997,1.0049,173731.3
1776492000,1.0047,1.0047,0.9989,1.0009,150216.4
1776495600,1.0006,1.0095,1.0002,1.0055,472544.1
1776499200,1.0057,1.007,0.9843,0.9905,795161.7
1776502800,0.9903,0.9913,0.9821,0.9844,619005.5
1776506400,0.9844,0.9849,0.9724,0.9763,2756534.6
1776510000,0.9761,0.9761,0.9582,0.9616,1097297.9
1776513600,0.9615,0.9693,0.9594,0.9691,590757.9
1776517200,0.9692,0.9704,0.9601,0.9665,514664.2
1776520800,0.9663,0.9702,0.9635,0.969,437043.1
1776524400,0.969,0.9725,0.9643,0.9675,291795.9
1776528000,0.9672,0.9688,0.96,0.9615,662447.3
1776531600,0.9617,0.9631,0.9565,0.9605,716221.8
1776535200,0.9606,0.963,0.9513,0.9538,898274.5
1776538800,0.9542,0.9599,0.9534,0.9554,245383.6
1776542400,0.9554,0.9602,0.9531,0.958,177494.5
1776546000,0.958,0.9615,0.9571,0.9608,87219.8
1776549600,0.9607,0.9627,0.9575,0.9613,399908.9
1776553200,0.9612,0.9642,0.9567,0.957,139381.4
1776556800,0.957,0.9589,0.9519,0.9554,403995.6
1776560400,0.9556,0.9586,0.9483,0.9519,264153.6
1776564000,0.9518,0.9533,0.9432,0.9483,521789.9
1776567600,0.9482,0.953,0.9436,0.9481,248380.5
1776571200,0.9483,0.952,0.9422,0.9488,473591.1
1776574800,0.9487,0.952,0.9454,0.9454,133889.6
1776578400,0.9454,0.9489,0.9413,0.9478,268803.1
1776582000,0.9479,0.9483,0.937,0.9454,820616.5
1776585600,0.9453,0.9461,0.9423,0.945,216563.9
1776589200,0.9448,0.9459,0.9405,0.9417,191728.1
1776592800,0.9414,0.9453,0.9399,0.9447,99976.9
1776596400,0.9443,0.9561,0.9441,0.9551,229468.9
1776600000,0.955,0.9592,0.9525,0.9564,718368.3
1776603600,0.9562,0.9676,0.9556,0.9623,382561.6
1776607200,0.9624,0.9721,0.9579,0.9669,399585.9
1776610800,0.9667,0.9671,0.9474,0.9593,502834
1776614400,0.9594,0.9604,0.9492,0.9517,365306.9
1776618000,0.9515,0.9517,0.9385,0.9387,1032986
1776621600,0.9389,0.9417,0.9344,0.9413,641257.1
1776625200,0.9413,0.9471,0.9413,0.9439,483625.5
1776628800,0.944,0.9444,0.9347,0.938,948075.2
1776632400,0.938,0.9405,0.9323,0.9333,393631.5
1776636000,0.9332,0.9332,0.9172,0.9246,1072089.1
1776639600,0.9245,0.9247,0.9201,0.923,214202.2
1776643200,0.9231,0.933,0.9208,0.9306,512963.7
1776646800,0.9306,0.9367,0.9294,0.9355,453858.3
1776650400,0.9353,0.9373,0.9291,0.936,222705.8
1776654000,0.936,0.9407,0.9337,0.9389,184694.3
1776657600,0.9391,0.9412,0.936,0.9392,64662.8
1776661200,0.9391,0.9393,0.9283,0.9312,127522.7
1776664800,0.9313,0.9426,0.9302,0.9386,169704
1776668400,0.9388,0.9545,0.9377,0.9447,687798.8
1776672000,0.9448,0.9454,0.939,0.9402,297356.8
1776675600,0.9401,0.9469,0.9367,0.9372,832800.7
1776679200,0.9375,0.9467,0.935,0.9408,526631.1
1776682800,0.9407,0.9441,0.9393,0.9426,211509
1776686400,0.9427,0.9478,0.9406,0.9455,254544.6
1776690000,0.9456,0.9479,0.9393,0.9445,553419
1776693600,0.9444,0.9498,0.9346,0.9369,587583.9
1776697200,0.937,0.9463,0.931,0.9448,638120.9
1776700800,0.9449,0.9452,0.9392,0.9401,258493.5
1776704400,0.9402,0.9481,0.9397,0.9472,442479.5
1776708000,0.9473,0.9541,0.947,0.9519,693358.9
1776711600,0.9519,0.9534,0.9474,0.9482,444821.7
1776715200,0.948,0.9532,0.946,0.9517,347620.1
1776718800,0.9517,0.956,0.9482,0.9514,427805.5
1776722400,0.9516,0.9535,0.9454,0.9459,154584.7
1776726000,0.946,0.9467,0.9419,0.9449,356590.5
1776729600,0.9451,0.9504,0.9444,0.9493,246594
1776733200,0.9493,0.9518,0.9462,0.9473,134276.9
1776736800,0.9473,0.9473,0.9414,0.9414,290173.4
1776740400,0.9416,0.9443,0.9376,0.9424,192361.9
1776744000,0.9423,0.9469,0.9413,0.9464,221988.2
1776747600,0.9462,0.9515,0.946,0.9482,152037.4
1776751200,0.9483,0.9509,0.9431,0.946,164981.5
1776754800,0.9458,0.9522,0.9437,0.9485,259133.7
1776758400,0.948,0.9606,0.948,0.9554,554095.6
1776762000,0.9553,0.9629,0.9524,0.9575,401680.1
1776765600,0.9577,0.9609,0.952,0.9595,908332.8
1776769200,0.9594,0.9617,0.9546,0.9561,528012.6
1776772800,0.9561,0.9574,0.9446,0.9497,527003.6
1776776400,0.9498,0.9503,0.9446,0.9471,505785.8
1776780000,0.9472,0.9588,0.944,0.9458,318824.4
1776783600,0.9457,0.95,0.9405,0.9465,637036.3
1776787200,0.9466,0.9493,0.9399,0.9403,577289.2
1776790800,0.9404,0.9447,0.9289,0.9385,2071905.1
1776794400,0.9386,0.9404,0.9336,0.9398,385458.9
1776798000,0.9399,0.9437,0.9266,0.93,812066.1
1776801600,0.9298,0.9442,0.929,0.9397,777154.3
1776805200,0.9398,0.9409,0.9365,0.9374,366023.9
1776808800,0.9375,0.9404,0.9343,0.9394,362425.4
1776812400,0.9393,0.9507,0.939,0.9497,328218.8
1776816000,0.9499,0.9519,0.9489,0.9509,430028
1776819600,0.951,0.9515,0.9447,0.9457,212012.8
1776823200,0.9456,0.9637,0.9442,0.963,888214
1776826800,0.963,0.9658,0.9584,0.9632,434068.1
1776830400,0.9631,0.9661,0.958,0.9649,289017.1
1776834000,0.9651,0.9765,0.9628,0.9688,1275114.3
1776837600,0.9688,0.9696,0.9659,0.9687,293545.7
1776841200,0.9689,0.9696,0.965,0.9683,307230
1776844800,0.9681,0.9704,0.9658,0.9679,174927.4
1776848400,0.9678,0.9712,0.9672,0.9678,238572.7
1776852000,0.9678,0.9738,0.9663,0.9738,329518.5
1776855600,0.9739,0.9762,0.97,0.9715,426413.6
1776859200,0.9715,0.9733,0.9649,0.9681,557070.6
1776862800,0.968,0.9754,0.9654,0.9717,786442.9
1776866400,0.9719,0.9764,0.9678,0.973,777979.5
1776870000,0.9731,0.9749,0.9687,0.9709,691225.8
1776873600,0.9712,0.9734,0.9617,0.9618,966701.1
1776877200,0.9619,0.9687,0.9614,0.9674,603816.4
1776880800,0.9677,0.9713,0.9655,0.9655,417980.2
1776884400,0.9658,0.9658,0.9533,0.9589,1024520.4
1776888000,0.9587,0.9589,0.952,0.9527,689698.9
1776891600,0.9528,0.9607,0.9527,0.959,164425.8
1776895200,0.9597,0.9601,0.9532,0.9546,332747.3
1776898800,0.9548,0.955,0.9442,0.9449,363960.1
1776902400,0.9451,0.9474,0.931,0.9446,525568
1776906000,0.9447,0.9454,0.9378,0.9428,244679.4
1776909600,0.9428,0.9428,0.9325,0.9353,336249.1
1776913200,0.9352,0.9375,0.9288,0.9336,456615.6
1776916800,0.9334,0.9383,0.9322,0.9371,351230.9
1776920400,0.9371,0.9399,0.9345,0.9381,163022.4
1776924000,0.9382,0.9456,0.9382,0.9433,131814.6
1776927600,0.9435,0.9437,0.9387,0.9388,113734.3
1776931200,0.9388,0.9411,0.9368,0.9393,170637.6
1776934800,0.9392,0.9392,0.9327,0.9358,259505.3
1776938400,0.936,0.9369,0.9311,0.9334,179390.9
1776942000,0.9335,0.9431,0.9333,0.9389,356098.8
1776945600,0.939,0.9422,0.9369,0.9406,379113.2
1776949200,0.9407,0.943,0.9373,0.939,835211.7
1776952800,0.9387,0.9476,0.9367,0.9466,402585.4
1776956400,0.9466,0.955,0.9445,0.9497,233274.7
1776960000,0.9498,0.9502,0.9415,0.9427,133151.8
1776963600,0.9428,0.9432,0.924,0.9343,937800
1776967200,0.9342,0.938,0.9314,0.9314,527827.6
1776970800,0.9315,0.9366,0.9308,0.9343,201250.3
1776974400,0.9345,0.9432,0.9342,0.9393,322851.3
1776978000,0.9395,0.9453,0.9392,0.9418,118287.1
1776981600,0.942,0.9479,0.942,0.9439,208408.7
1776985200,0.9437,0.9471,0.9418,0.9467,64058.3
1776988800,0.9467,0.9515,0.9467,0.9515,219773.8
1776992400,0.9516,0.9533,0.9447,0.9533,156752.8
1776996000,0.9532,0.954,0.9473,0.9487,163382.4
1776999600,0.9488,0.9489,0.939,0.9436,244429.4
1777003200,0.9437,0.9441,0.9389,0.9403,149930.6
1777006800,0.9402,0.9468,0.9372,0.9447,193450.9
1777010400,0.9446,0.9472,0.9431,0.9439,116649.8
1777014000,0.944,0.9473,0.9414,0.9434,57402
1777017600,0.9434,0.9484,0.9419,0.9452,159725.1
1777021200,0.9452,0.9459,0.9398,0.9408,144024.5
1777024800,0.9407,0.9469,0.9394,0.9456,87657.2
1777028400,0.9457,0.9524,0.9457,0.9507,388167.6
1777032000,0.9507,0.9534,0.947,0.9488,173287.9
1777035600,0.9486,0.9532,0.944,0.9463,311195.7
1777039200,0.9462,0.9507,0.9432,0.9497,812163.4
1777042800,0.9498,0.9541,0.9431,0.9533,838394.9
1777046400,0.9535,0.954,0.9466,0.9505,159442.3
1777050000,0.9507,0.9537,0.9476,0.951,241567.2
1777053600,0.951,0.9523,0.9464,0.9501,70107.6
1777057200,0.9503,0.9523,0.9483,0.9509,208726.7
1777060800,0.9512,0.9562,0.9474,0.9545,406566.3
1777064400,0.9545,0.9562,0.949,0.9503,388233.2
1777068000,0.9503,0.9503,0.9434,0.9449,170327.1
1777071600,0.9448,0.947,0.9441,0.9462,80493.4
1777075200,0.9463,0.9477,0.9439,0.9471,205634.4
1777078800,0.9473,0.9504,0.9468,0.9493,89605.6
1777082400,0.9494,0.9525,0.9464,0.9515,137285
1777086000,0.9516,0.9532,0.9487,0.9512,48015
1777089600,0.9513,0.9535,0.9476,0.9476,193707.7
1777093200,0.9475,0.9489,0.9422,0.9489,342887.2
1777096800,0.949,0.9532,0.949,0.9499,71995.4
1777100400,0.9498,0.9517,0.9483,0.9498,79981.7
1777104000,0.9497,0.9534,0.9495,0.9526,62476.5
1777107600,0.9527,0.9549,0.951,0.9535,77424.6
1777111200,0.9536,0.9548,0.9521,0.9529,193719.7
1777114800,0.9528,0.9528,0.9442,0.9463,121525.4
1777118400,0.9459,0.947,0.9434,0.9443,134442.1
1777122000,0.9446,0.9483,0.9423,0.9456,285283.4
1777125600,0.9457,0.9473,0.9436,0.944,121433.2
1777129200,0.9439,0.947,0.9395,0.9413,140417.8
1777132800,0.9412,0.9438,0.9336,0.9372,311787.2
1777136400,0.9372,0.9383,0.9323,0.9328,166452.7
1777140000,0.933,0.9371,0.9322,0.9333,306342.9
1777143600,0.933,0.9358,0.9317,0.9334,270701.7
1777147200,0.9329,0.936,0.9317,0.936,143180.4
1777150800,0.936,0.9377,0.935,0.9355,143806.5
1777154400,0.9358,0.9397,0.935,0.9384,139574.1
1777158000,0.9384,0.9395,0.9367,0.9389,177208.2
1777161600,0.9388,0.9388,0.9348,0.9361,116672.5
1777165200,0.9359,0.936,0.9328,0.9331,74725.9
1777168800,0.9332,0.9376,0.9332,0.9368,50103.8
1777172400,0.9369,0.9386,0.9326,0.9356,56669.2
1777176000,0.9355,0.9408,0.934,0.9382,129111
1777179600,0.9383,0.9449,0.9377,0.9417,126193
1777183200,0.9418,0.9454,0.9414,0.9441,58184.7
1777186800,0.944,0.9485,0.9426,0.9484,161201
1777190400,0.9481,0.9498,0.9443,0.9443,262049.8
1777194000,0.9443,0.9466,0.9411,0.9456,285663
1777197600,0.9455,0.9474,0.9444,0.9474,43188.8
1777201200,0.9474,0.9502,0.946,0.9487,136536.1
1777204800,0.9487,0.9492,0.9413,0.9428,313965.6
1777208400,0.9429,0.9447,0.9408,0.942,131856.5
1777212000,0.942,0.9483,0.9411,0.9467,109427.6
1777215600,0.9466,0.9482,0.945,0.947,118083.8
1777219200,0.9473,0.9474,0.9418,0.9427,232358.1
1777222800,0.9426,0.9447,0.9399,0.9438,71204.1
1777226400,0.9437,0.9481,0.9425,0.9464,185001.5
1777230000,0.9463,0.9505,0.9458,0.9465,244654.2
1777233600,0.9466,0.9493,0.9449,0.9449,187360.2
1777237200,0.945,0.9469,0.938,0.9467,283580.7
1777240800,0.9463,0.9512,0.9418,0.9434,291982.8
1777244400,0.9434,0.9497,0.9417,0.9458,232994.1
1777248000,0.946,0.9539,0.9423,0.9533,306354.2
1777251600,0.9534,0.9617,0.9514,0.9599,495914.1
1777255200,0.96,0.9606,0.954,0.9564,384339.1
1777258800,0.9563,0.9616,0.9558,0.9571,222187
1777262400,0.9571,0.9638,0.9558,0.9583,409414.4
1777266000,0.9585,0.9585,0.9322,0.9346,2583103.3
1777269600,0.9345,0.9363,0.9256,0.9301,387420
1777273200,0.9301,0.9308,0.9245,0.9251,173648.1
1777276800,0.925,0.9292,0.9227,0.9289,265589
1777280400,0.929,0.9314,0.9278,0.9298,175237.5
1777284000,0.9297,0.9321,0.9289,0.9293,366970.1
1777287600,0.9292,0.9303,0.9272,0.9299,137811
1777291200,0.93,0.9306,0.9272,0.9284,303013.9
1777294800,0.9286,0.9318,0.9248,0.9285,340969.2
1777298400,0.9285,0.9396,0.9278,0.9342,510987.9
1777302000,0.9342,0.9344,0.9145,0.9212,3222312.6
1777305600,0.9211,0.9247,0.9194,0.9217,346827.1
1777309200,0.9218,0.9275,0.9213,0.9251,176410
1777312800,0.9251,0.9273,0.9239,0.9247,115251.7
1777316400,0.9248,0.9253,0.9184,0.9232,242216.8
1777320000,0.9233,0.926,0.9231,0.9244,113115
1777323600,0.924,0.9269,0.9225,0.9238,75027.5
1777327200,0.9237,0.9304,0.9235,0.9299,147832.4
1777330800,0.9297,0.936,0.929,0.9357,223233.8
1777334400,0.9355,0.9357,0.9307,0.9341,138875
1777338000,0.934,0.9354,0.9325,0.9333,110675.2
1777341600,0.9331,0.9345,0.9253,0.9286,93141.2
1777345200,0.9285,0.9301,0.9267,0.9297,72030.8
1777348800,0.9298,0.9328,0.9279,0.9311,108057.6
1777352400,0.9309,0.9362,0.9308,0.9328,198666.8
1777356000,0.9329,0.9356,0.9239,0.927,125487.3
1777359600,0.9269,0.9282,0.9208,0.9261,651184.2
1777363200,0.926,0.9322,0.9247,0.9279,307195.3
1777366800,0.9278,0.9278,0.9217,0.9236,169379.3
1777370400,0.9237,0.9256,0.9222,0.925,159483.9
1777374000,0.9248,0.925,0.9173,0.9187,376045.1
1777377600,0.9187,0.9231,0.917,0.9224,1053389.9
1777381200,0.9223,0.9261,0.915,0.9208,636725.3
1777384800,0.9208,0.9208,0.9127,0.9193,360155.7
1777388400,0.9194,0.9212,0.9176,0.9207,321450.2
1777392000,0.9208,0.9217,0.917,0.9198,253258.7
1777395600,0.92,0.9239,0.9167,0.9212,176162.4
1777399200,0.9216,0.926,0.9214,0.9256,222303.7
1777402800,0.9255,0.9284,0.9235,0.9274,357663.3
1777406400,0.9275,0.9291,0.9251,0.9264,146769.8
1777410000,0.9266,0.9292,0.9235,0.9248,151627.4
1777413600,0.9246,0.9273,0.9228,0.9243,66080.3
1777417200,0.9241,0.9259,0.9226,0.925,133433.3
1777420800,0.9247,0.9262,0.9232,0.925,63355.2
1777424400,0.925,0.9267,0.9212,0.9262,135317.5
1777428000,0.9262,0.9275,0.9224,0.9248,318523.2
1777431600,0.9249,0.9328,0.9249,0.9321,173248
1777435200,0.9322,0.9378,0.9296,0.9358,138001.9
1777438800,0.9359,0.9363,0.9328,0.9337,108507
1777442400,0.9337,0.9346,0.9297,0.9313,111090.1
1777446000,0.931,0.9332,0.928,0.931,63315.9
1777449600,0.9308,0.9308,0.9257,0.9267,59464.7
1777453200,0.9266,0.9373,0.9258,0.9356,188879.6
1777456800,0.9357,0.9372,0.9311,0.9322,185115.5
1777460400,0.9321,0.9326,0.9277,0.9297,176231.8
1777464000,0.9299,0.9299,0.9175,0.9227,477026.3
1777467600,0.9229,0.9238,0.9132,0.9192,332729.4
1777471200,0.9191,0.921,0.9152,0.9155,187148.4
1777474800,0.9158,0.917,0.8988,0.9018,1080722.6
1777478400,0.9014,0.9052,0.8992,0.9015,340058.1
1777482000,0.9016,0.9089,0.9011,0.9089,295361.1
1777485600,0.9087,0.91,0.8811,0.8984,1906407.5
1777489200,0.8985,0.9001,0.894,0.8987,289582.3
1777492800,0.8988,0.9039,0.8971,0.9016,265545.2
1777496400,0.9013,0.9089,0.9004,0.9057,184365.4
1777500000,0.9054,0.9075,0.9041,0.9059,46951.2
1777503600,0.9059,0.9077,0.9037,0.9077,130675.2
1777507200,0.9076,0.918,0.9061,0.9162,303705.4
1777510800,0.9162,0.9183,0.9127,0.9149,139931.3
1777514400,0.9147,0.9165,0.9056,0.911,224924.9
1777518000,0.9109,0.9127,0.9074,0.9112,179987.9
1777521600,0.9114,0.9115,0.9013,0.9024,127881.7
1777525200,0.9022,0.905,0.8983,0.9012,185596.4
1777528800,0.9014,0.9055,0.9007,0.9044,99778.4
1777532400,0.9046,0.9101,0.9036,0.9096,214735.1
1777536000,0.9097,0.9105,0.9061,0.9068,136514.4
1777539600,0.9069,0.9128,0.9058,0.9076,56725.2
1777543200,0.9077,0.9082,0.9028,0.904,98047.9
1777546800,0.9039,0.9088,0.9026,0.9065,174469.8
1777550400,0.9066,0.9103,0.9056,0.9062,102840.2
1777554000,0.9063,0.9089,0.9019,0.9049,172040.7
1777557600,0.9047,0.908,0.9018,0.9021,246843.2
1777561200,0.902,0.9095,0.901,0.9076,241572.3
1777564800,0.9075,0.9085,0.9047,0.9057,127340.5
1777568400,0.9059,0.9075,0.9043,0.9061,190207.5
1777572000,0.906,0.9097,0.9049,0.9062,197093.4
1777575600,0.9061,0.9087,0.9061,0.9071,199155
1777579200,0.907,0.9086,0.9057,0.9081,260820.7
1777582800,0.9082,0.9087,0.9042,0.9047,332836.9
1777586400,0.9043,0.9066,0.9037,0.9044,61034.9
1777590000,0.9042,0.9084,0.9041,0.908,90474.9
1777593600,0.9085,0.9116,0.9063,0.9074,232079.3
1777597200,0.9075,0.913,0.9074,0.9116,64354
1777600800,0.9114,0.9122,0.9087,0.9112,70729.6
1777604400,0.9112,0.9203,0.9101,0.9159,385342.9
1777608000,0.9162,0.9196,0.9147,0.9158,207683
1777611600,0.9159,0.919,0.9154,0.9162,83735
1777615200,0.9163,0.9189,0.9127,0.914,168439.6
1777618800,0.9139,0.9161,0.9122,0.9148,103551
1777622400,0.9149,0.9175,0.914,0.9164,78180.8
1777626000,0.9163,0.9165,0.9116,0.9137,91491.7
1777629600,0.9135,0.914,0.9092,0.9135,95445.2
1777633200,0.9136,0.9161,0.9113,0.9138,240719
1777636800,0.9139,0.9192,0.9128,0.9163,437980.6
1777640400,0.9166,0.9269,0.9166,0.9253,476560.5
1777644000,0.9254,0.9261,0.9177,0.9224,359191.6
1777647600,0.9223,0.9282,0.9189,0.925,1105584
1777651200,0.9253,0.9274,0.9216,0.9237,253517
1777654800,0.9237,0.926,0.9214,0.9254,177714.2
1777658400,0.9251,0.9266,0.9237,0.9253,202956.6
1777662000,0.9254,0.927,0.923,0.9241,141111.1
1777665600,0.9243,0.9248,0.9177,0.9204,205026.6
1777669200,0.9204,0.9231,0.9191,0.9228,169288.1
1777672800,0.9228,0.9245,0.9187,0.9205,372895.7
1777676400,0.9204,0.9204,0.9163,0.9189,143694.5
1777680000,0.9192,0.92,0.9157,0.9194,178448
1777683600,0.9193,0.9219,0.918,0.9202,68609.3
1777687200,0.9201,0.9211,0.9183,0.9185,113832.2
1777690800,0.9185,0.9211,0.9162,0.9196,363526
1777694400,0.9198,0.9198,0.9164,0.9183,66508.9
1777698000,0.9183,0.9184,0.9144,0.9164,126407.5
1777701600,0.9165,0.9203,0.9154,0.9199,102198.7
1777705200,0.92,0.9206,0.9163,0.9166,92421.8
1777708800,0.9166,0.918,0.9161,0.9167,61403.5
1777712400,0.9169,0.9204,0.9166,0.9194,123651.6
1777716000,0.9193,0.9199,0.9174,0.9174,27715.5
1777719600,0.9176,0.9187,0.9157,0.9167,193014.1
1777723200,0.9167,0.9186,0.9162,0.9172,116323.3
1777726800,0.9173,0.9206,0.9172,0.9198,143638.6
1777730400,0.9198,0.9222,0.9194,0.9217,71993.5
1777734000,0.9215,0.9285,0.918,0.9267,759656.2
1777737600,0.9268,0.928,0.9238,0.9276,213449.5
1777741200,0.9269,0.9272,0.9229,0.9229,102299.5
1777744800,0.9229,0.9262,0.9208,0.925,81526.6
1777748400,0.9249,0.9274,0.9248,0.9268,88986.8
1777752000,0.9266,0.9279,0.9257,0.9268,95446.6
1777755600,0.9268,0.9335,0.9257,0.9292,244749.1
1777759200,0.9294,0.9304,0.9267,0.9294,131377
1777762800,0.9291,0.9291,0.9258,0.9276,334348.4
1777766400,0.9279,0.9281,0.9225,0.9226,67319.8
1777770000,0.9225,0.9225,0.9162,0.9162,138791
1777773600,0.9161,0.9175,0.9132,0.9161,216108.6
1777777200,0.916,0.9174,0.9146,0.9165,53026
1777780800,0.9168,0.9179,0.9156,0.9169,33363.4
1777784400,0.917,0.9182,0.9149,0.9161,397353.9
1777788000,0.9159,0.9179,0.9119,0.9162,110178.8
1777791600,0.9163,0.919,0.9163,0.9171,69344.1
1777795200,0.9172,0.9195,0.9172,0.9173,10662
1777798800,0.9172,0.9205,0.9163,0.9195,36273.4
1777802400,0.9193,0.9209,0.9182,0.9182,31579
1777806000,0.9181,0.9247,0.9158,0.9216,724042
1777809600,0.9217,0.9252,0.9217,0.9231,202145.4
1777813200,0.9232,0.9242,0.9212,0.9227,243688.9
1777816800,0.9228,0.9301,0.9219,0.9261,277604.4
1777820400,0.9262,0.9289,0.923,0.925,403303.5
1777824000,0.9251,0.9256,0.9226,0.9226,130112.1
1777827600,0.9225,0.9253,0.9202,0.923,69246
1777831200,0.923,0.925,0.9225,0.9234,23572.3
1777834800,0.9235,0.9272,0.9228,0.9252,85003.6
1777838400,0.9251,0.9297,0.924,0.9245,252179.3
1777842000,0.9244,0.9276,0.9185,0.9218,175658.6
1777845600,0.9221,0.9299,0.9221,0.9271,346974.1
1777849200,0.9267,0.9281,0.9198,0.9198,159724.4
1777852800,0.9197,0.9212,0.9128,0.9203,272642
1777856400,0.9204,0.9317,0.916,0.9301,526419.7
1777860000,0.9302,0.942,0.9281,0.9389,1152292.5
1777863600,0.9393,0.9413,0.9359,0.9413,509260.9
1777867200,0.9414,0.9581,0.9414,0.9456,1718371.7
1777870800,0.9458,0.9462,0.9403,0.9449,282944.8
1777874400,0.945,0.9453,0.9352,0.9407,295746.9
1777878000,0.9406,0.9424,0.9384,0.9397,74535.4
1777881600,0.9396,0.9421,0.938,0.9384,199192.7
1777885200,0.9383,0.9497,0.9382,0.948,379309.8
1777888800,0.948,0.9486,0.9195,0.9274,1053426.6
1777892400,0.9274,0.9294,0.9247,0.9265,325742.7
1777896000,0.9262,0.9301,0.9254,0.9271,235039.8
1777899600,0.927,0.9308,0.9225,0.9265,399431.3
1777903200,0.9263,0.9411,0.9221,0.9373,544762.8
1777906800,0.9371,0.9386,0.9243,0.9294,1026427.9
1777910400,0.929,0.9344,0.924,0.9309,497289.3
1777914000,0.931,0.943,0.931,0.9393,369297
1777917600,0.9394,0.9425,0.9373,0.9402,308439.1
1777921200,0.9399,0.9401,0.9332,0.9349,401605
1777924800,0.9348,0.9352,0.9292,0.9306,175837.3
1777928400,0.9305,0.9377,0.9305,0.9371,160843.6
1777932000,0.9372,0.9384,0.9308,0.9315,97290.1
1777935600,0.9315,0.9315,0.9275,0.9288,231797.7
1777939200,0.9288,0.9315,0.9279,0.9302,102683.7
1777942800,0.9302,0.9344,0.9285,0.9337,147861.5
1777946400,0.9339,0.9404,0.9327,0.9373,410708.9
1777950000,0.9374,0.9439,0.9353,0.9413,221516.7
1777953600,0.9412,0.9429,0.939,0.9399,104457.3
1777957200,0.9399,0.9474,0.9393,0.9452,252458.9
1777960800,0.9452,0.9463,0.9415,0.9463,273673.1
1777964400,0.9464,0.95,0.9454,0.9459,279614.6
1777968000,0.9459,0.9485,0.945,0.9485,136209.7
1777971600,0.9486,0.951,0.9464,0.9479,301131.4
1777975200,0.9481,0.956,0.9466,0.9542,318456.7
1777978800,0.954,0.9566,0.9504,0.9563,210405
1777982400,0.9561,0.9734,0.9547,0.9712,1153610.4
1777986000,0.9712,0.9829,0.9665,0.9665,2284447.6
1777989600,0.9667,0.9695,0.9561,0.9617,1112485.2
1777993200,0.9616,0.9664,0.959,0.9624,320857.4
1777996800,0.9627,0.9672,0.9562,0.9608,484956.6
1778000400,0.9607,0.9622,0.9569,0.9589,253667.4
1778004000,0.9588,0.9612,0.9574,0.9593,186974.6
1778007600,0.9595,0.9639,0.9595,0.9626,502363.3
1778011200,0.9627,0.975,0.9618,0.973,1544132.5
1778014800,0.9734,0.9777,0.9712,0.9766,460276.5
1778018400,0.9767,0.9807,0.9672,0.9707,1194170.8
1778022000,0.9706,0.9732,0.9641,0.9663,362064.8
1778025600,0.9662,0.9699,0.9624,0.9678,310721.1
1778029200,0.9677,0.9876,0.9669,0.9846,406532.7
1778032800,0.9847,0.9847,0.9761,0.9819,264707.4
1778036400,0.9817,0.9903,0.9789,0.9892,455592.8
1778040000,0.9892,0.9912,0.9801,0.982,473393
1778043600,0.9819,0.9875,0.9773,0.9869,425339.3
1778047200,0.987,0.992,0.9826,0.9891,404050.1
1778050800,0.9891,0.9979,0.9887,0.9933,467620
1778054400,0.9932,1.0165,0.9914,1.0137,818049.6
1778058000,1.0137,1.0315,1.0102,1.0311,1224625.2
1778061600,1.0312,1.0344,1.0246,1.0291,1381440.6
1778065200,1.029,1.0303,1.0229,1.0303,967914.1
1778068800,1.0304,1.0338,1.0212,1.0217,820014.3
1778072400,1.0216,1.0221,0.9875,0.9925,6144236.4
1778076000,0.9926,0.9945,0.977,0.9835,2226057.5
1778079600,0.9834,0.993,0.9818,0.9914,597590.2
1778083200,0.992,0.9974,0.9856,0.9928,923286.5
1778086800,0.9927,0.9958,0.9882,0.9891,350483.1
1778090400,0.9889,0.9925,0.9865,0.9884,425437.7
1778094000,0.9883,0.9936,0.9869,0.9924,566804.1
1778097600,0.9926,0.9997,0.9891,0.9927,985932.4
1778101200,0.9928,1.0022,0.9885,1.001,244205.2
1778104800,1.0007,1.0012,0.9913,0.9926,278944
1778108400,0.9926,0.9932,0.9849,0.9925,363530.1
1778112000,0.9925,0.9941,0.9799,0.9831,429732.1
1778115600,0.9827,0.9828,0.9721,0.9756,901507.9
1778119200,0.9755,0.9764,0.9652,0.9699,681749.6
1778122800,0.97,0.9731,0.9668,0.969,448841.3
1778126400,0.9691,0.9795,0.9684,0.9792,216281.2
1778130000,0.9793,0.9855,0.9793,0.9835,217947.1
1778133600,0.9834,0.9995,0.9788,0.9993,509835.9
1778137200,0.9996,1.0131,0.9983,1.0039,1214655.8
1778140800,1.004,1.0052,0.9951,0.9967,696275.7
1778144400,0.9965,0.9971,0.9891,0.9906,311337
1778148000,0.9905,0.9947,0.9832,0.9903,168941.9
1778151600,0.9905,0.9967,0.9899,0.9933,381979.2
1778155200,0.9929,1.0026,0.9926,0.9996,492767
1778158800,0.9995,1.0001,0.98,0.9851,1318668
1778162400,0.9852,0.9886,0.9689,0.9751,1212766.8
1778166000,0.9748,0.979,0.9649,0.9721,456697.6
1778169600,0.9722,0.9777,0.9689,0.972,329559.6
1778173200,0.972,0.9743,0.9605,0.9732,591565.7
1778176800,0.9733,0.9785,0.97,0.9731,422866.4
1778180400,0.9732,0.9739,0.9679,0.9698,800955.4
1778184000,0.9699,0.9762,0.9626,0.9627,344185
1778187600,0.9629,0.9671,0.9568,0.964,608455.7
1778191200,0.9639,0.9668,0.9593,0.9649,239222.6
1778194800,0.9648,0.9691,0.9645,0.9691,317323.5
1778198400,0.9689,0.9706,0.9624,0.9652,231778.1
1778202000,0.9652,0.967,0.9592,0.967,40228
1778223600,0.9673,0.9693,0.9664,0.969,9883.9
1778227200,0.9695,0.9772,0.9678,0.9742,173374.5
1778230800,0.9736,0.9839,0.9704,0.9779,399901.8
1778234400,0.9777,0.9848,0.9712,0.9828,394725.4
1778238000,0.983,0.9848,0.9802,0.9826,138209
1778241600,0.983,0.9848,0.9783,0.9794,193226.9
1778245200,0.9793,0.9809,0.9732,0.978,245890.1
1778248800,0.9782,1.0118,0.9782,1.0094,978192.4
1778252400,1.0092,1.0159,0.9955,1.0119,1683052.7
1778256000,1.012,1.013,1.0028,1.0081,404421.9
1778259600,1.008,1.0375,1.0035,1.0252,1769485.9
1778263200,1.025,1.0312,1.021,1.0213,819659.4
1778266800,1.0211,1.0283,1.0176,1.0235,713110.2
1778270400,1.0235,1.0265,1.0191,1.0214,177424.5
1778274000,1.0214,1.0271,1.0155,1.0271,431435.9
1778277600,1.0268,1.03,1.0224,1.0234,391846.4
1778281200,1.0228,1.0239,1.017,1.0217,170813
1778284800,1.0218,1.0879,1.0194,1.0842,2854441.3
1778288400,1.0844,1.1235,1.077,1.0935,3509302.5
1778292000,1.0936,1.1063,1.0857,1.0906,1083852.3
1778295600,1.0907,1.0907,1.0775,1.0839,1190547.6
1778299200,1.0836,1.0899,1.0729,1.0743,913642.5
1778302800,1.0742,1.0836,1.0708,1.0799,692265.4
1778306400,1.0804,1.0838,1.0652,1.07,501479.4
1778310000,1.07,1.0773,1.0644,1.0725,382328.4
1778313600,1.0724,1.079,1.0717,1.077,440493.6
1778317200,1.077,1.0791,1.0423,1.0498,2522083.5
1778320800,1.0499,1.054,1.0398,1.0508,850227.1
1778324400,1.0506,1.0551,1.0501,1.0536,397700.4
1778328000,1.0538,1.0581,1.0515,1.0563,430127.5
1778331600,1.0567,1.0591,1.0483,1.0568,1080053.5
1778335200,1.0565,1.0574,1.0482,1.0497,845008.3
1778338800,1.0497,1.0541,1.0453,1.0497,1153857.5
1778342400,1.0496,1.0543,1.0452,1.0522,758432.9
1778346000,1.0531,1.0689,1.0526,1.0645,1038979.3
1778349600,1.0648,1.0699,1.064,1.0667,526623.6
1778353200,1.0668,1.0699,1.0616,1.0699,497447.6
1778356800,1.07,1.0727,1.0653,1.0698,223825
1778360400,1.0698,1.0774,1.0685,1.0732,368585.6
1778364000,1.0734,1.0784,1.0699,1.0742,422705.9
1778367600,1.0741,1.0783,1.0639,1.0698,907248.9
1778371200,1.0702,1.1151,1.0649,1.0809,3472813.3
1778374800,1.0805,1.0873,1.0672,1.0735,1724316.7
1778378400,1.0728,1.0914,1.0683,1.0877,976427.7
1778382000,1.0876,1.1,1.0864,1.0886,1097963.8
1778385600,1.0886,1.0916,1.0761,1.077,568655.6
1778389200,1.0769,1.0791,1.073,1.0755,407616
1778392800,1.0755,1.0791,1.071,1.0763,420050.4
1778396400,1.0765,1.0972,1.0764,1.0921,669749.7
1778400000,1.092,1.1378,1.0914,1.1272,2735414.8
1778403600,1.1269,1.1287,1.1153,1.1228,848174.7
1778407200,1.123,1.15,1.1186,1.1408,1860870.7
1778410800,1.1404,1.1521,1.1328,1.1495,1905355.4
1778414400,1.1498,1.1524,1.1205,1.1261,997493
1778418000,1.1259,1.1499,1.1213,1.148,1166890.6
1778421600,1.1478,1.1629,1.1351,1.1458,2019293.3
1778425200,1.146,1.2286,1.1437,1.2255,3788672.8
1778428800,1.2255,1.2789,1.2172,1.2735,8562485.8
1778432400,1.2736,1.3523,1.2717,1.3305,9081177.1
1778436000,1.331,1.3948,1.3082,1.3807,7254320.4
1778439600,1.38,1.4153,1.3586,1.3852,7870195.5
1778443200,1.385,1.3888,1.3083,1.3457,7542439.6
1778446800,1.3457,1.3821,1.3188,1.3526,3979950.8
1778450400,1.3524,1.3608,1.3243,1.3428,2251654.4
1778454000,1.3425,1.3576,1.322,1.3327,2943156.6
1778457600,1.3322,1.345,1.3051,1.3362,4149538.5
1778461200,1.3362,1.3513,1.308,1.3398,2841641.6
1778464800,1.3396,1.3447,1.2853,1.3068,2512469.6
1778468400,1.3066,1.3164,1.2881,1.3104,1487477
1778472000,1.3101,1.3106,1.2723,1.2872,2499928.7
1778475600,1.2871,1.3039,1.2789,1.2856,1414257.1
1778479200,1.2852,1.3185,1.268,1.2774,2926860.5
1778482800,1.277,1.287,1.2539,1.2834,3590215.5
1778486400,1.2836,1.2866,1.2471,1.2498,938896.5
1778490000,1.2496,1.2679,1.2458,1.263,1174380.6
1778493600,1.2629,1.2772,1.258,1.2658,1369046.8
1778497200,1.2661,1.2794,1.2615,1.2724,969013.1
1778500800,1.2725,1.2864,1.2651,1.279,1203051.1
1778504400,1.2786,1.2896,1.2662,1.2722,1239766.9
1778508000,1.272,1.2967,1.2536,1.2659,2886284.1
1778511600,1.266,1.2855,1.261,1.2773,1120099.2
1778515200,1.2773,1.3022,1.2752,1.2902,1673164
1778518800,1.29,1.316,1.2866,1.3083,1538417.6
1778522400,1.3081,1.3232,1.2995,1.3196,1637121.4
1778526000,1.3196,1.3283,1.3058,1.3098,1526613
1778529600,1.3098,1.3156,1.2965,1.2998,961221.9
1778533200,1.2996,1.3025,1.2836,1.2921,806372.8
1778536800,1.2921,1.3064,1.2908,1.2956,468601
1778540400,1.2956,1.302,1.2872,1.2906,465246.2
1778544000,1.2907,1.3135,1.2819,1.3055,683641.3
1778547600,1.3051,1.306,1.2685,1.2698,1291366.9
1778551200,1.269,1.3022,1.2677,1.2974,676227.2
1778554800,1.297,1.3092,1.2844,1.287,491452.9
1778558400,1.2871,1.2894,1.27,1.2731,585032.4
1778562000,1.2731,1.2916,1.2705,1.2869,411574.5
1778565600,1.287,1.3088,1.2837,1.29,1050474.5
1778569200,1.2894,1.2908,1.272,1.277,719182.2
1778572800,1.277,1.283,1.2662,1.2752,534580.7
1778576400,1.2748,1.2799,1.2676,1.2718,572404.4
1778580000,1.2714,1.2723,1.2476,1.2596,959319.3
1778583600,1.2598,1.2611,1.2307,1.2348,1590418.5
1778587200,1.2347,1.2793,1.2256,1.2676,2056556.2
1778590800,1.2677,1.28,1.2446,1.247,1176776.8
1778594400,1.2474,1.2535,1.2242,1.2295,1090950.1
1778598000,1.2296,1.2334,1.2137,1.2262,1241123.6
1778601600,1.2264,1.2448,1.2218,1.2356,879664.5
1778605200,1.2358,1.2637,1.2358,1.2399,1061484.8
1778608800,1.2398,1.252,1.2392,1.2464,530819.9
1778612400,1.2466,1.2722,1.2462,1.2559,1053196
1778616000,1.2559,1.2576,1.239,1.2436,429258.8
1778619600,1.2438,1.246,1.2342,1.2424,273282.1
1778623200,1.2424,1.2516,1.2409,1.2444,325762.4
1778626800,1.2444,1.2455,1.2355,1.238,274060
1778630400,1.238,1.2428,1.2315,1.2362,525712.8
1778634000,1.2364,1.2552,1.2364,1.2508,1112728.2
1778637600,1.251,1.259,1.2472,1.2504,433969.2
1778641200,1.2502,1.2528,1.2372,1.2522,486636.9
1778644800,1.2518,1.257,1.242,1.243,331021.9
1778648400,1.243,1.2448,1.2246,1.2317,666056.8
1778652000,1.2316,1.2523,1.2303,1.2423,535137.2
1778655600,1.242,1.2654,1.2418,1.2505,494627.5
1778659200,1.2506,1.2522,1.2368,1.2459,287803
1778662800,1.2455,1.2535,1.2432,1.2459,249619
1778666400,1.2456,1.2456,1.229,1.2302,348907.5
1778670000,1.2301,1.2399,1.2258,1.2281,586274.5
1778673600,1.2282,1.2321,1.2083,1.2203,1337672.9
1778677200,1.2204,1.2314,1.2118,1.2137,901471.7
1778680800,1.2136,1.2154,1.2039,1.2073,912308.8
1778684400,1.2082,1.2125,1.1767,1.1854,4780543.8
1778688000,1.1853,1.2164,1.1848,1.2086,1121876
1778691600,1.2088,1.2256,1.2086,1.2196,706447.4
1778695200,1.2198,1.2279,1.2119,1.214,561005.2
1778698800,1.214,1.2141,1.2034,1.2091,382327.9
1778702400,1.2085,1.2118,1.2057,1.2081,181108.5
1778706000,1.2084,1.2087,1.198,1.1992,303470.1
1778709600,1.1993,1.2074,1.192,1.2056,300399.3
1778713200,1.2057,1.2113,1.2044,1.207,167867.7
1778716800,1.207,1.2134,1.2054,1.207,174878.8
1778720400,1.2068,1.2114,1.2023,1.2099,183197.9
1778724000,1.21,1.2185,1.2061,1.2078,223302.4
1778727600,1.2076,1.2112,1.1928,1.1956,265677.5
1778731200,1.1954,1.2192,1.195,1.2052,424399.3
1778734800,1.205,1.2267,1.2026,1.2065,677961.5
1778738400,1.2062,1.2098,1.198,1.1998,155382.9
1778742000,1.1999,1.2018,1.1883,1.1901,530629.6
1778745600,1.1899,1.202,1.186,1.1982,420653.2
1778749200,1.1981,1.2012,1.1874,1.1964,374868.3
1778752800,1.1965,1.2086,1.1959,1.204,294507.1
1778756400,1.2038,1.2048,1.19,1.19,323651.5
1778760000,1.1898,1.207,1.1889,1.2024,628120.8
1778763600,1.2026,1.2213,1.1995,1.2079,1095275.2
1778767200,1.2078,1.2267,1.2066,1.2199,1122352.6
1778770800,1.2202,1.2307,1.2098,1.2169,1034081
1778774400,1.2173,1.2208,1.1968,1.2132,831860.9
1778778000,1.2128,1.2163,1.1944,1.2069,955881.1
1778781600,1.2068,1.2261,1.2006,1.2192,830585.8
1778785200,1.2192,1.2236,1.2031,1.206,638836.7
1778788800,1.206,1.2083,1.1893,1.199,1350746.6
1778792400,1.1991,1.2015,1.192,1.1962,427344.5
1778796000,1.196,1.2037,1.192,1.192,247921.4
1778799600,1.1919,1.195,1.1869,1.1885,573717.7
1778803200,1.1886,1.1989,1.1869,1.1951,259166.4
1778806800,1.1951,1.1993,1.176,1.1864,1038356.4
1778810400,1.1863,1.192,1.172,1.1877,1351733.4
1778814000,1.1875,1.191,1.1732,1.177,261761.4
1778817600,1.1768,1.1802,1.1657,1.1659,518890
1778821200,1.1661,1.1708,1.1476,1.1501,2331327.3
1778824800,1.1499,1.1573,1.1458,1.1547,1378301.7
1778828400,1.1548,1.16,1.15,1.1544,771546.4
1778832000,1.1544,1.1549,1.1411,1.1467,1390296.1
1778835600,1.1468,1.148,1.1286,1.1362,3049580.5
1778839200,1.1364,1.1398,1.1309,1.1364,1014362.7
1778842800,1.1365,1.1378,1.129,1.1316,617558.2
1778846400,1.1312,1.1342,1.1243,1.125,604431.6
1778850000,1.1248,1.1257,1.092,1.0956,2932228.7
1778853600,1.0956,1.1046,1.0853,1.0869,3317031.6
1778857200,1.0869,1.0982,1.0806,1.0883,1474442.6
1778860800,1.0882,1.106,1.0823,1.1004,1433720.6
1778864400,1.1004,1.109,1.0991,1.1036,1290754.8
1778868000,1.1037,1.1107,1.0985,1.1024,982961.1
1778871600,1.1024,1.1036,1.0982,1.1005,395259.7
1778875200,1.1004,1.1012,1.0922,1.0945,386954.6
1778878800,1.0945,1.0982,1.0915,1.0932,588544.7
1778882400,1.0931,1.0975,1.0928,1.0967,243510.9
1778886000,1.0967,1.0996,1.0928,1.0989,175380
1778889600,1.0986,1.1064,1.09,1.091,970653.5
1778893200,1.091,1.0971,1.085,1.0952,1783995.8
1778896800,1.0954,1.0969,1.0895,1.0938,335179.7
1778900400,1.094,1.0957,1.09,1.0927,201541.1
1778904000,1.0925,1.0948,1.0823,1.0874,436294.6
1778907600,1.0874,1.0874,1.0756,1.0791,593741.2
1778911200,1.0789,1.0799,1.06,1.0657,628569.9
1778914800,1.0657,1.0754,1.0529,1.0696,1197180.1
1778918400,1.0699,1.0726,1.0645,1.0676,462423.7
1778922000,1.0674,1.0696,1.0458,1.0501,865438.8
1778925600,1.0501,1.0536,1.036,1.0469,1477864.1
1778929200,1.0471,1.0559,1.045,1.045,778878.1
1778932800,1.0451,1.0516,1.0445,1.0479,613892.4
1778936400,1.0474,1.0509,1.0428,1.0482,472523.7
1778940000,1.0484,1.0576,1.0453,1.0542,566406.8
1778943600,1.0544,1.0711,1.0544,1.0668,982713.7
1778947200,1.0666,1.0714,1.061,1.0622,493154.9
1778950800,1.0632,1.0662,1.0614,1.0652,112343.1
1778954400,1.0652,1.0674,1.0616,1.0654,220931.7
1778958000,1.0653,1.066,1.0634,1.0641,202031.3
1778961600,1.064,1.0676,1.0628,1.064,87929.9
1778965200,1.0639,1.071,1.0633,1.0665,270590
1778968800,1.0669,1.0671,1.061,1.0619,174940.2
1778972400,1.0618,1.0647,1.06,1.0607,99639.1
1778976000,1.0608,1.0652,1.0558,1.0584,197154.6
1778979600,1.0582,1.0585,1.0464,1.0471,492865.4
1778983200,1.0476,1.054,1.0476,1.0503,376217.1
1778986800,1.0504,1.0596,1.0504,1.0584,217585.8
1778990400,1.0582,1.0851,1.0582,1.0645,797184.9
1778994000,1.0644,1.0722,1.055,1.063,899727.2
1778997600,1.0632,1.0639,1.0588,1.0634,94357.2
1779001200,1.0635,1.0741,1.0635,1.0734,530031.7
1779004800,1.0732,1.0732,1.0666,1.0701,315277.6
1779008400,1.0696,1.0824,1.0672,1.079,219155.8
1779012000,1.0787,1.0891,1.0787,1.0803,740086.4
1779015600,1.0798,1.0798,1.0694,1.0722,325631.1
1779019200,1.0721,1.0736,1.0676,1.0684,273542.3
1779022800,1.0683,1.0698,1.063,1.0664,184453.1
1779026400,1.0663,1.0663,1.0563,1.0618,364590.1
1779030000,1.0616,1.0674,1.061,1.0655,394583.4
1779033600,1.0658,1.0681,1.06,1.0638,233646.5
1779037200,1.0634,1.0637,1.0577,1.0628,378149.2
1779040800,1.0623,1.0648,1.0563,1.0644,261182.9
1779044400,1.0644,1.0741,1.0641,1.0736,403225.8
1779048000,1.0737,1.0743,1.0675,1.0692,233405.1
1779051600,1.069,1.074,1.067,1.0721,372465.9
1779055200,1.0721,1.0721,1.0584,1.0614,583458.9
1779058800,1.0611,1.0616,1.0117,1.0435,2357327
1779062400,1.0434,1.0434,1.029,1.0418,1200299.6
1779066000,1.0424,1.044,1.0316,1.0407,528520.3
1779069600,1.0404,1.0558,1.0394,1.0502,429665.3
1779073200,1.0504,1.0553,1.0418,1.0428,320566.8
1779076800,1.043,1.0513,1.0394,1.0478,239603.3
1779080400,1.0482,1.0488,1.037,1.039,306014
1779084000,1.0389,1.0408,1.0275,1.0343,1203801.7
1779087600,1.0348,1.0374,1.0271,1.0364,372476.1
1779091200,1.0365,1.0413,1.0306,1.035,152794.4
1779094800,1.0354,1.0374,1.0262,1.0345,596032.9
1779098400,1.0346,1.035,1.0271,1.0306,827814.6
1779102000,1.0308,1.0517,1.0281,1.0434,531126.2
1779105600,1.0438,1.0605,1.0438,1.0548,846083.2
1779109200,1.0552,1.0557,1.0365,1.0434,880274.7
1779112800,1.0428,1.0434,1.0265,1.0309,739750.7
1779116400,1.0312,1.035,1.0226,1.0312,964482.5
1779120000,1.0312,1.0415,1.0288,1.0389,776269.4
1779123600,1.0394,1.0461,1.0376,1.0427,263453
1779127200,1.0428,1.043,1.0258,1.028,374203
1779130800,1.0282,1.0525,1.0282,1.051,757810.8
1779134400,1.0512,1.0576,1.0474,1.0495,477519.5
1779138000,1.0492,1.064,1.0466,1.0584,511797.5
1779141600,1.0585,1.0626,1.0554,1.0602,256602.3
1779145200,1.0601,1.0656,1.0586,1.064,255638.9
1779148800,1.0642,1.0746,1.0611,1.068,777798
1779152400,1.0678,1.0678,1.0529,1.0539,560197.4
1779156000,1.054,1.0625,1.0494,1.0538,354221
1779159600,1.0538,1.0632,1.0498,1.0589,454266
1779163200,1.0589,1.0694,1.0573,1.0688,242086
1779166800,1.069,1.0703,1.0558,1.0646,228892.2
1779170400,1.0645,1.0866,1.0638,1.0784,370146.6
1779174000,1.0782,1.1014,1.0708,1.086,827088.3
1779177600,1.0858,1.086,1.0682,1.0701,454048.1
1779181200,1.0702,1.0729,1.0616,1.0679,450256
1779184800,1.0678,1.072,1.0596,1.0643,476930.1
1779188400,1.0644,1.0655,1.0538,1.0569,352789.5
1779192000,1.0569,1.0646,1.055,1.0638,448502.6
1779195600,1.064,1.0823,1.0591,1.0748,690296.1
1779199200,1.0752,1.0772,1.0469,1.0564,1157698.2
1779202800,1.056,1.0661,1.0524,1.0598,818785
1779206400,1.0601,1.0652,1.0559,1.0644,354332.4
1779210000,1.0645,1.0683,1.0556,1.0586,278577.7
1779213600,1.0582,1.0631,1.054,1.0557,300899.8
1779217200,1.0559,1.0618,1.053,1.0571,154317
1779220800,1.0571,1.0638,1.0568,1.0634,237601.3
1779224400,1.0638,1.0658,1.0608,1.0608,150972.7
1779228000,1.0607,1.0607,1.0482,1.0482,307485.5
1779231600,1.0482,1.0558,1.0478,1.051,188598.5
1779235200,1.0512,1.0524,1.0283,1.0343,1512559.7
1779238800,1.0344,1.0429,1.0294,1.0401,716576.8
1779242400,1.0404,1.0438,1.0339,1.0357,289278.7
1779246000,1.0357,1.0422,1.0333,1.0374,166653.3
1779249600,1.0374,1.0385,1.0316,1.0384,279283.2
1779253200,1.0384,1.0538,1.0377,1.0504,491411.1
1779256800,1.0506,1.056,1.0478,1.0544,409493.7
1779260400,1.0545,1.0611,1.051,1.0536,207678.7
1779264000,1.0536,1.0633,1.0512,1.0579,291469.2
1779267600,1.0576,1.0613,1.055,1.057,200478.8
1779271200,1.0573,1.0622,1.0554,1.0596,261391.9
1779274800,1.0594,1.0614,1.0472,1.0517,266949.8
1779278400,1.0517,1.0637,1.0486,1.0593,380386.9
1779282000,1.0596,1.0608,1.0365,1.0468,847921
1779285600,1.047,1.0735,1.0434,1.0705,1237603.9
1779289200,1.0702,1.0798,1.0632,1.0729,1193609.9
1779292800,1.0732,1.0796,1.0634,1.0733,772157.3
1779296400,1.0731,1.0825,1.0701,1.0755,959593.9
1779300000,1.075,1.0757,1.0657,1.0668,503653.3
1779303600,1.0662,1.075,1.0648,1.0732,655268.2
1779307200,1.0734,1.0753,1.0642,1.0742,749165.3
1779310800,1.074,1.0764,1.0696,1.0696,255723.9
1779314400,1.0681,1.0738,1.063,1.0724,579886
1779318000,1.0722,1.0793,1.0677,1.0793,693172.7
1779321600,1.079,1.1247,1.0771,1.1214,1794012.6
1779325200,1.1218,1.1224,1.0968,1.1134,2472336
1779328800,1.1136,1.145,1.1111,1.1142,2801256.6
1779332400,1.114,1.145,1.1073,1.1421,2212439
1779336000,1.1422,1.1504,1.12,1.1215,2413043.5
1779339600,1.1222,1.1366,1.1082,1.1164,1616960.4
1779343200,1.1159,1.1168,1.1002,1.104,1014227.7
1779346800,1.1037,1.1152,1.0977,1.112,648336.3
1779350400,1.1118,1.1326,1.1116,1.1197,1028348.1
1779354000,1.1193,1.1254,1.103,1.1048,763122.8
1779357600,1.1049,1.1079,1.0885,1.0912,1259117.4
1779361200,1.0914,1.0956,1.0853,1.0853,1041845.1
1779364800,1.0853,1.0935,1.0794,1.09,1541020.8
1779368400,1.0899,1.1033,1.0765,1.0983,1651939.5
1779372000,1.0985,1.1076,1.0862,1.1012,1649640.9
1779375600,1.1014,1.1286,1.1,1.1084,2262911.1
1779379200,1.1084,1.1176,1.1037,1.1116,1959057.3
1779382800,1.1116,1.1547,1.1107,1.1439,4709158.3
1779386400,1.1438,1.165,1.1354,1.1529,2680186.8
1779390000,1.1529,1.1562,1.1384,1.1476,2384588.8
1779393600,1.1478,1.15,1.1327,1.1344,1599722.2
1779397200,1.1343,1.1369,1.1222,1.1222,817988.2
1779400800,1.1225,1.1281,1.1158,1.1198,750084.8
1779404400,1.1196,1.1265,1.1083,1.1238,2912442.6
1779408000,1.1239,1.125,1.0955,1.0958,1657731
1779411600,1.0954,1.1024,1.0859,1.0974,1747398.8
1779415200,1.0976,1.1108,1.0972,1.1096,885104.6
1779418800,1.1096,1.1182,1.1074,1.1088,1199901.3
1779422400,1.1084,1.1182,1.106,1.1098,795516.5
1779426000,1.11,1.1235,1.1068,1.1148,707957.8
1779429600,1.115,1.1152,1.0981,1.1003,819384.7
1779433200,1.1002,1.1103,1.0938,1.1016,477184.4
1779436800,1.1014,1.1091,1.0968,1.105,761679.2
1779440400,1.1051,1.1135,1.1003,1.1006,453310.3
1779444000,1.1004,1.1092,1.0956,1.1075,948611.2
1779447600,1.1079,1.1253,1.0995,1.1086,1286458.1
1779451200,1.1091,1.129,1.1062,1.129,1910073.5
1779454800,1.1292,1.1337,1.1092,1.1218,2140452.9
1779458400,1.1218,1.1218,1.0917,1.0917,1967665.5
1779462000,1.0918,1.1039,1.0852,1.0973,1602308.6
1779465600,1.0972,1.1018,1.0898,1.096,862073
1779469200,1.0956,1.1002,1.0847,1.0865,1613906.2
1779472800,1.0864,1.0907,1.053,1.0758,3119953.4
1779476400,1.0756,1.0779,1.0509,1.055,2883365.3
1779480000,1.055,1.0642,1.0542,1.0632,1651212.3
1779483600,1.0631,1.0655,1.0585,1.0618,775626.9
1779487200,1.0618,1.0629,1.0518,1.0574,492119.3
1779490800,1.057,1.0635,1.0402,1.0473,988895.7
1779494400,1.0472,1.0496,1.0343,1.0439,1206649.7
1779498000,1.0442,1.0489,1.0382,1.0438,738505.4
1779501600,1.044,1.0447,1.0372,1.0402,359480.1
1779505200,1.04,1.0456,1.04,1.0432,416859.3
1779508800,1.0432,1.0432,1.0337,1.0354,751941
1779512400,1.0354,1.0364,1.0284,1.0314,701501.1
1779516000,1.0314,1.0332,1.0247,1.0272,1042601.3
1779519600,1.0274,1.0287,0.9819,0.9949,2283393.5
1779523200,0.9949,1.0045,0.992,0.9999,967967.3
1779526800,0.9999,1.0031,0.9968,0.9984,854917.8
1779530400,0.9986,1.0064,0.9985,1.0044,715239.4
1779534000,1.0044,1.0075,1.0021,1.0023,281976.8
1779537600,1.0025,1.0052,0.9988,1.0042,320969.6
1779541200,1.004,1.0237,1.004,1.0196,1247495.7
1779544800,1.0194,1.0378,1.015,1.0378,822530.8
1779548400,1.038,1.0478,1.0345,1.0384,1472849.5
1779552000,1.0385,1.0499,1.0333,1.0436,691103.2
1779555600,1.0436,1.0454,1.035,1.0417,864472.9
1779559200,1.0413,1.0606,1.0408,1.0497,1166374.1
1779562800,1.0497,1.0572,1.047,1.054,615921.9
1779566400,1.0543,1.0998,1.0501,1.0981,2672429
1779570000,1.0976,1.1005,1.0716,1.0775,1913417.4
1779573600,1.0773,1.0856,1.0634,1.0644,1320917.3
1779577200,1.0642,1.0681,1.0617,1.0664,614467.8
1779580800,1.0664,1.0716,1.0622,1.0696,579312.4
1779584400,1.07,1.0737,1.0657,1.0665,393112.1
1779588000,1.0666,1.0688,1.0576,1.0646,556533.6
1779591600,1.0644,1.0701,1.0595,1.0617,386977.7
1779595200,1.0617,1.0658,1.06,1.061,361575.2
1779598800,1.0609,1.0614,1.0518,1.0568,441156.4
1779602400,1.0567,1.0666,1.0531,1.0662,428769.8
1779606000,1.0661,1.0677,1.0552,1.0559,198627.9
1779609600,1.0562,1.0628,1.0542,1.0614,321270.2
1779613200,1.0615,1.0674,1.0612,1.0637,287283.3
1779616800,1.0634,1.07,1.0583,1.0627,416795.1
1779620400,1.0628,1.068,1.0603,1.0642,492553.7
1779624000,1.0643,1.0644,1.0506,1.0566,426997.9
1779627600,1.0569,1.059,1.0429,1.0475,683064.6
1779631200,1.0473,1.0499,1.0304,1.0424,1447136.1
1779634800,1.0425,1.0446,1.041,1.0426,300281.2
1779638400,1.0427,1.0486,1.0391,1.0445,404825
1779642000,1.0442,1.0475,1.042,1.0444,337525.2
1779645600,1.0442,1.0468,1.037,1.0385,349970
1779649200,1.0383,1.042,1.0357,1.0384,355373.3
1779652800,1.0386,1.0395,1.022,1.0267,1218603.3
1779656400,1.0266,1.029,1.0056,1.0097,1576469.1
1779660000,1.0094,1.0311,1.0087,1.0255,848042.3
1779663600,1.0256,1.0356,1.0255,1.0316,393321.9
1779667200,1.0318,1.0373,1.0292,1.0306,390668.5
1779670800,1.0308,1.0324,1.0212,1.0222,293375.6
1779674400,1.0226,1.034,1.0226,1.0243,453201.3
1779678000,1.0244,1.0265,1.0185,1.0214,350693.5
1779681600,1.0214,1.036,1.0199,1.0353,255598.2
1779685200,1.035,1.0488,1.0334,1.0446,602558.4
1779688800,1.0449,1.047,1.034,1.0426,538443.8
1779692400,1.0428,1.0482,1.0344,1.0394,498244.1
1779696000,1.039,1.041,1.0358,1.039,139541.9
1779699600,1.0392,1.0424,1.0366,1.0392,213508.6
1779703200,1.0393,1.049,1.0377,1.0469,319414.6
1779706800,1.0469,1.0475,1.0381,1.0433,600805
1779710400,1.0434,1.052,1.0406,1.0453,453548.4
1779714000,1.0452,1.051,1.0435,1.0505,677080
1779717600,1.0508,1.0581,1.0505,1.0567,717373.1
1779721200,1.0564,1.0594,1.0456,1.0495,690347.2
1779724800,1.0496,1.0612,1.047,1.0578,1077201.4
1779728400,1.0584,1.0627,1.054,1.0572,955424.9
1779732000,1.0574,1.06,1.0524,1.0524,288628.5
1779735600,1.0524,1.057,1.0481,1.0538,403514.6
1779739200,1.0536,1.0587,1.041,1.0444,430187.4
1779742800,1.0445,1.049,1.0433,1.0474,248232.7
1779746400,1.0478,1.0493,1.0323,1.034,568834.7
1779750000,1.0342,1.0468,1.0341,1.0422,388634.7
1779753600,1.0423,1.0444,1.0211,1.0324,910921.1
1779757200,1.0322,1.0322,1.0187,1.0229,367020.7
1779760800,1.0231,1.0251,1.0186,1.0212,256956.2
1779764400,1.0212,1.0241,1.0159,1.024,658667.8
1779768000,1.0238,1.0337,1.0222,1.0318,403348.1
1779771600,1.0316,1.0465,1.0282,1.0394,171436
1779775200,1.039,1.0416,1.0323,1.0379,208176.1
1779778800,1.0383,1.0394,1.0228,1.0314,316760.7
1779782400,1.0315,1.038,1.0284,1.0314,174348.3
1779786000,1.0316,1.0356,1.0288,1.0317,196033.5
1779789600,1.0314,1.0527,1.0291,1.0488,683410
1779793200,1.0486,1.0505,1.0426,1.0426,275869.2
1779796800,1.0424,1.0466,1.0356,1.0449,313515.6
1779800400,1.0447,1.048,1.0295,1.0443,777960.8
1779804000,1.0444,1.0567,1.0342,1.0374,1345450.7
1779807600,1.0372,1.0389,1.0177,1.0275,1213460.6
1779811200,1.0276,1.0278,1.013,1.0224,1266800.3
1779814800,1.0226,1.0257,1.001,1.0091,1447947.8
1779818400,1.0097,1.0182,1.0058,1.0092,912106
1779822000,1.0093,1.0102,1.0032,1.0051,828470.6
1779825600,1.0056,1.0092,1.0043,1.0068,361236.4
1779829200,1.0067,1.0074,0.9971,0.9999,509867.8
1779832800,0.9999,1.0035,0.9967,0.9995,435721.3
1779836400,0.9996,1.0046,0.999,0.9996,335040.1
1779840000,0.9998,1.0118,0.9993,1.0114,416068
1779843600,1.0112,1.0124,1.0017,1.0029,344532.7
1779847200,1.0029,1.0038,0.9933,1.0026,386671.4
1779850800,1.0028,1.0048,0.9959,0.9974,393290.9
1779854400,0.9972,0.9989,0.9837,0.9976,650102.4
1779858000,0.9974,1.0047,0.9973,1.0039,440040.1
1779861600,1.0039,1.0062,1,1.0044,186430.1
1779865200,1.0046,1.0068,1.0007,1.0034,275809.1
1779868800,1.0034,1.006,0.9948,0.9962,225779
1779872400,0.9963,0.9973,0.9911,0.993,186515.6
1779876000,0.9931,0.9984,0.9917,0.9968,151781.5
1779879600,0.9969,1.0022,0.9964,0.9982,387032.2
1779883200,0.9981,1.0142,0.9932,1.0038,788674.9
1779886800,1.004,1.0053,0.9866,0.9961,1305382.4
1779890400,0.9963,1.0004,0.9844,0.9966,1089938.9
1779894000,0.9965,1.0101,0.9953,1.0035,819804.8
1779897600,1.0036,1.0071,0.9918,0.9971,787565.8
1779901200,0.9971,0.9971,0.969,0.9727,1642302.1
1779904800,0.9726,0.981,0.9684,0.9791,1049342.6
1779908400,0.9792,0.9837,0.9772,0.9803,711340
1779912000,0.9808,0.9864,0.9765,0.9846,445847.5
1779915600,0.9847,0.9858,0.956,0.9615,1103814.1
1779919200,0.9619,0.9682,0.9531,0.9566,712335.3
1779922800,0.9562,0.961,0.9529,0.9586,507555.9
1779926400,0.9586,0.9615,0.9546,0.958,516860.1
1779930000,0.9582,0.9587,0.9449,0.9519,995049.7
1779933600,0.9519,0.9545,0.9478,0.9502,319069.4
1779937200,0.9505,0.9511,0.9193,0.9208,2306248.1
1779940800,0.9211,0.9247,0.906,0.9214,2085187.8
1779944400,0.9212,0.9225,0.9076,0.9108,1261924.3
1779948000,0.911,0.9162,0.9074,0.9142,435906
1779951600,0.9142,0.926,0.9124,0.9236,730129.2
1779955200,0.9237,0.9241,0.9179,0.919,298029.9
1779958800,0.9193,0.9243,0.9168,0.9218,320809.1
1779962400,0.9216,0.923,0.9109,0.9109,654894.1
1779966000,0.9109,0.9137,0.9095,0.9115,539965.6
1779969600,0.9119,0.9179,0.9076,0.9178,632812.8
1779973200,0.9178,0.9201,0.907,0.911,1271973.6
1779976800,0.9108,0.924,0.9015,0.9199,1360371.1
1779980400,0.9199,0.925,0.9075,0.917,1002213
1779984000,0.9168,0.9277,0.9119,0.9256,1242008.7
1779987600,0.9259,0.9399,0.9224,0.9366,1076665.9
1779991200,0.9364,0.9466,0.9363,0.9388,744794.5
1779994800,0.9388,0.939,0.926,0.9266,669700.3
1779998400,0.9266,0.9353,0.9217,0.9302,602838.2
1780002000,0.9303,0.9364,0.9279,0.9336,575770.5
1780005600,0.9337,0.9374,0.9232,0.9267,418288.7
1780009200,0.9266,0.9328,0.9252,0.9294,197936.6
1780012800,0.9294,0.9349,0.9293,0.9315,475302.2
1780016400,0.9316,0.9363,0.9264,0.9298,404389.6
1780020000,0.9297,0.9337,0.9193,0.921,788151.4
1780023600,0.921,0.9272,0.9191,0.9192,232741.2
1780027200,0.9192,0.9231,0.9147,0.9231,433793
1780030800,0.9232,0.9272,0.9222,0.925,121038
1780034400,0.9249,0.9324,0.9232,0.9238,312965.4
1780038000,0.9239,0.9262,0.9132,0.92,327427.4
1780041600,0.9204,0.9263,0.9203,0.9227,322947.7
1780045200,0.9229,0.9288,0.922,0.9244,195756.1
1780048800,0.9244,0.9244,0.9165,0.9175,169123.7
1780052400,0.9172,0.919,0.8986,0.9098,1221233.4
1780056000,0.9095,0.9098,0.901,0.9037,1033143.4
1780059600,0.9036,0.9066,0.8964,0.9028,953434.2
1780063200,0.903,0.9112,0.8917,0.9064,1688009.5
1780066800,0.9062,0.9378,0.904,0.9239,1740373.8
1780070400,0.9239,0.9298,0.9154,0.926,1109189.9
1780074000,0.9258,0.9276,0.9146,0.9149,968728.6
1780077600,0.9154,0.9169,0.9007,0.9034,894032.8
1780081200,0.9031,0.9081,0.8938,0.9039,800192.6
1780084800,0.9038,0.9073,0.8991,0.9016,315255.4
1780088400,0.9016,0.9051,0.894,0.8952,572925.1
1780092000,0.895,0.9029,0.894,0.9015,960383.8
1780095600,0.9017,0.906,0.9,0.9042,725021.7
1780099200,0.9044,0.9086,0.9016,0.9079,897134.4
1780102800,0.9079,0.9179,0.9063,0.9157,1003088
1780106400,0.9158,0.919,0.9117,0.9139,449568
1780110000,0.9138,0.9152,0.9038,0.9056,693649.5
1780113600,0.9057,0.9087,0.8928,0.9004,1609047.4
1780117200,0.9002,0.9063,0.898,0.9039,309014.5
1780120800,0.9038,0.9058,0.8988,0.9012,383732.1
1780124400,0.9013,0.9028,0.8983,0.9007,292225.2
1780128000,0.9007,0.9015,0.8963,0.8973,204578.9
1780131600,0.897,0.9025,0.8952,0.8997,298935.6
1780135200,0.8995,0.9022,0.8976,0.8984,203622.2
1780138800,0.8981,0.8997,0.8947,0.8986,223237.9
1780142400,0.8986,0.9012,0.8966,0.9009,208097.5
1780146000,0.901,0.9027,0.8959,0.9018,1121707.2
1780149600,0.9021,0.9076,0.9002,0.9076,481005.4
1780153200,0.9077,0.9138,0.9054,0.909,636425.6
1780156800,0.909,0.9143,0.9071,0.9109,415644
1780160400,0.9109,0.9119,0.9039,0.9095,295722.5
1780164000,0.9094,0.9122,0.9061,0.9111,254268.6
1780167600,0.9111,0.9146,0.9075,0.9094,269269.5
1780171200,0.9095,0.9113,0.9082,0.909,482766.2
1780174800,0.9089,0.9147,0.9081,0.9117,270196.6
1780178400,0.9119,0.9119,0.9005,0.9038,513390.9
1780182000,0.9037,0.9075,0.9023,0.9075,280627.7
1780185600,0.9076,0.9149,0.9075,0.9131,662265.9
1780189200,0.9126,0.9187,0.9114,0.9143,286729.9
1780192800,0.9141,0.924,0.9109,0.9157,589595.4
1780196400,0.9152,0.9167,0.9126,0.9144,259702
1780200000,0.9142,0.92,0.9124,0.9185,194524.3
1780203600,0.9184,0.9192,0.9124,0.9128,126727.8
1780207200,0.9124,0.9125,0.9077,0.908,210429.9
1780210800,0.9079,0.9081,0.898,0.9032,403154.2
1780214400,0.9032,0.905,0.8995,0.9034,195162.1
1780218000,0.9032,0.9089,0.9009,0.9022,235941
1780221600,0.9021,0.9039,0.899,0.9034,355987.2
1780225200,0.9035,0.9059,0.9002,0.9002,99415.6
1780228800,0.9002,0.9046,0.8985,0.9017,333356.6
1780232400,0.9019,0.9057,0.8997,0.9005,220171.1
1780236000,0.9,0.9008,0.8494,0.8758,3759604.5
1780239600,0.876,0.8845,0.8742,0.8785,1343909.3
1780243200,0.8783,0.8789,0.8661,0.8702,1567329.6
1780246800,0.8701,0.8765,0.8683,0.8754,696005.5
1780250400,0.8753,0.8793,0.8728,0.8783,339429.1
1780254000,0.8783,0.8799,0.8714,0.8764,336732.9
1780257600,0.8765,0.882,0.8765,0.8815,517447.4
1780261200,0.8817,0.8969,0.8802,0.8936,992685.4
1780264800,0.8936,0.8998,0.8882,0.8974,687274.3
1780268400,0.8976,0.902,0.8882,0.8948,252828.6
1780272000,0.895,0.9014,0.8937,0.8969,358711.1
1780275600,0.8967,0.8968,0.8802,0.8802,298905.9
1780279200,0.8806,0.8958,0.879,0.8936,485284.4
1780282800,0.8934,0.9012,0.8934,0.8979,240060.9
1780286400,0.898,0.9025,0.8821,0.8872,460709.9
1780290000,0.887,0.8906,0.8823,0.8852,354106.7
1780293600,0.8852,0.8862,0.874,0.8802,857878.6
1780297200,0.8803,0.8822,0.871,0.8735,453342.8
1780300800,0.8736,0.8769,0.8708,0.8756,444477
1780304400,0.8757,0.8829,0.8757,0.8802,323447.7
1780308000,0.8804,0.8813,0.8754,0.878,281203.8
1780311600,0.8782,0.8815,0.8728,0.8762,478503.5
1780315200,0.8764,0.881,0.8683,0.8747,926416.6
1780318800,0.8748,0.875,0.8569,0.8636,1862207
1780322400,0.8637,0.878,0.857,0.8656,1965813.3
1780326000,0.8657,0.8694,0.8563,0.8615,2032641
1780329600,0.8614,0.8782,0.8571,0.8778,1044616.6
1780333200,0.8779,0.8854,0.8739,0.8796,857579.9
1780336800,0.8794,0.8807,0.8735,0.875,695913.6
1780340400,0.8751,0.8791,0.8694,0.8776,611076.7
1780344000,0.8773,0.8824,0.8741,0.88,270913.1
1780347600,0.8796,0.8803,0.8679,0.8681,540721.8
1780351200,0.8686,0.8806,0.8641,0.8798,565340.1
1780354800,0.8796,0.8818,0.8729,0.8785,366454.2
1780358400,0.8786,0.8795,0.8706,0.8729,382454
1780362000,0.8727,0.8756,0.8601,0.8609,474834.9
1780365600,0.8609,0.8694,0.8517,0.8694,1171976.3
1780369200,0.8696,0.875,0.8683,0.8746,421143.7
1780372800,0.8746,0.8766,0.8631,0.8638,478808.9
1780376400,0.8636,0.866,0.8512,0.8517,671341.9
1780380000,0.8518,0.8568,0.8481,0.8537,788588.4
1780383600,0.8538,0.8573,0.8453,0.8514,716236.7
1780387200,0.8515,0.8531,0.842,0.8477,940936.6
1780390800,0.8478,0.8482,0.8354,0.8391,1393758.1
1780394400,0.8392,0.8486,0.8364,0.8478,630325.9
1780398000,0.8477,0.8498,0.8421,0.8449,678622.5
1780401600,0.8448,0.8479,0.8406,0.8462,700445.3
1780405200,0.8462,0.8532,0.8449,0.8472,822126.3
1780408800,0.8473,0.8478,0.821,0.8336,2985199.3
1780412400,0.8339,0.8346,0.8101,0.8212,3481080.5
1780416000,0.8212,0.8392,0.8184,0.8255,1721889.8
1780419600,0.8256,0.8396,0.8251,0.833,826842.4
1780423200,0.8331,0.8369,0.8182,0.8235,1732233
1780426800,0.8239,0.8298,0.8072,0.8238,1607504.3
1780430400,0.8237,0.832,0.8158,0.8286,1124133.5
1780434000,0.8286,0.8353,0.8245,0.8247,614711.8
1780437600,0.8246,0.8247,0.8,0.8037,1583214.3
1780441200,0.8038,0.8089,0.7908,0.8078,1811248.7
1780444800,0.808,0.8191,0.8055,0.8156,1235214.5
1780448400,0.8152,0.8203,0.8082,0.8161,526502.1
1780452000,0.8162,0.8164,0.808,0.8101,465736.7
1780455600,0.8102,0.8123,0.7903,0.7953,1018958.1
1780459200,0.7953,0.8181,0.795,0.8179,1042152.1
1780462800,0.818,0.836,0.817,0.8312,1376772.7
1780466400,0.8311,0.8351,0.8258,0.8306,647306.2
1780470000,0.8307,0.8411,0.8272,0.8358,671735.8
1780473600,0.8356,0.8365,0.8306,0.8334,386792.9
1780477200,0.8334,0.835,0.8259,0.8298,1020614.3
1780480800,0.83,0.8372,0.8287,0.8365,533980.5
1780484400,0.8366,0.8399,0.8268,0.8283,550271
1780488000,0.8282,0.8309,0.8225,0.83,498749
1780491600,0.8301,0.8367,0.8265,0.83,1010535.2
1780495200,0.8302,0.8336,0.818,0.8334,1015647.6
1780498800,0.8336,0.8353,0.8234,0.8248,1083973.8
1780502400,0.8249,0.8261,0.8068,0.8175,1361990.1
1780506000,0.8176,0.831,0.8102,0.8223,1102284.4
1780509600,0.8223,0.8278,0.8153,0.8269,851618.4
1780513200,0.8269,0.8282,0.8109,0.8122,1192271
1780516800,0.8121,0.8197,0.7994,0.8034,1213961.3
1780520400,0.8035,0.8427,0.8012,0.8394,2333671.6
1780524000,0.8393,0.8419,0.8299,0.8327,760320.9
1780527600,0.8326,0.8335,0.8238,0.8238,750355.4
1780531200,0.8238,0.8296,0.8077,0.8147,677472
1780534800,0.8148,0.8187,0.7864,0.7891,2400148.4
1780538400,0.7892,0.7984,0.75,0.7923,4348686.3
1780542000,0.7925,0.8186,0.7921,0.8129,1135653.2
1780545600,0.8132,0.8196,0.8025,0.8032,718555
1780549200,0.803,0.803,0.7885,0.7925,1042662.5
1780552800,0.7924,0.8061,0.7924,0.7991,819086.9
1780556400,0.7993,0.8003,0.7846,0.7848,915704.3
1780560000,0.7853,0.7904,0.7754,0.7849,1054908.3
1780563600,0.7849,0.7851,0.7604,0.7759,2342190.7
1780567200,0.7761,0.7775,0.7605,0.7624,3015409.6
1780570800,0.7626,0.7698,0.7573,0.7672,1423267.6
1780574400,0.7671,0.7954,0.761,0.7918,1339274.3
1780578000,0.7917,0.7988,0.7771,0.7976,2316062.1
1780581600,0.7978,0.8022,0.7882,0.7918,1500222.5
1780585200,0.7916,0.8062,0.79,0.7931,863744.8
1780588800,0.7932,0.7936,0.782,0.7851,967847.3
1780592400,0.7849,0.7892,0.7723,0.7808,1349163.4
1780596000,0.7808,0.7892,0.7712,0.7836,1197636
1780599600,0.7834,0.7883,0.7778,0.7805,757271.6
1780603200,0.7806,0.7829,0.7734,0.7788,700213.9
1780606800,0.7786,0.7832,0.7585,0.759,1113673.3
1780610400,0.7589,0.7678,0.7576,0.7661,1105407.1
1780614000,0.7661,0.7743,0.7595,0.7659,1164356.1
1780617600,0.7658,0.7678,0.754,0.7563,1219278.7
1780621200,0.7562,0.7648,0.7489,0.7575,3347374.3
1780624800,0.7575,0.7774,0.735,0.736,3116149.8
1780628400,0.7366,0.7413,0.7286,0.7301,1484413.9
1780632000,0.7302,0.7474,0.7259,0.7422,1765550.1
1780635600,0.7424,0.745,0.723,0.7238,1696459.2
1780639200,0.7241,0.7287,0.6868,0.7004,5704015.3
1780642800,0.7,0.7144,0.6806,0.7124,2761970.7
1780646400,0.7124,0.7124,0.6953,0.6994,946347.6
1780650000,0.6995,0.7176,0.6987,0.7161,1487214.8
1780653600,0.7161,0.7226,0.711,0.7129,651638.2
1780657200,0.7127,0.7164,0.7056,0.7092,1064364.4
1780660800,0.7094,0.718,0.7018,0.713,1258542.2
1780664400,0.7132,0.7277,0.6974,0.6974,2425321.5
1780668000,0.6976,0.7158,0.6907,0.706,2232432.5
1780671600,0.7062,0.7068,0.6879,0.694,2773083.8
1780675200,0.694,0.7196,0.6815,0.7178,3062149.7
1780678800,0.7177,0.7212,0.7057,0.7081,1095066.2
1780682400,0.7082,0.7112,0.678,0.6822,2093780.8
1780686000,0.682,0.7125,0.6704,0.6953,3065973.7
1780689600,0.695,0.7141,0.687,0.712,1569965.2
1780693200,0.7118,0.7196,0.7108,0.7145,1760205.3
1780696800,0.7143,0.7154,0.6981,0.7102,1191226.9
1780700400,0.7104,0.7152,0.69,0.7033,1219529.8
1780704000,0.7029,0.7292,0.7027,0.7285,1316000.4
1780707600,0.7282,0.73,0.7044,0.7056,912023.7
1780711200,0.7056,0.7069,0.6961,0.6972,493982
1780714800,0.697,0.7004,0.6913,0.6958,756562.5
1780718400,0.6956,0.6983,0.6639,0.6707,2913783.5
1780722000,0.6709,0.6918,0.6617,0.6906,1800599.9
1780725600,0.6914,0.7074,0.691,0.6954,1091070.2
1780729200,0.6952,0.7077,0.6935,0.7029,756261.3
1780732800,0.703,0.7142,0.699,0.7104,660625.2
1780736400,0.7101,0.7191,0.701,0.7028,771086.8
1780740000,0.7027,0.7027,0.6869,0.6946,1349543.7
1780743600,0.6944,0.7038,0.694,0.7016,632935.9
1780747200,0.7022,0.7249,0.6968,0.7182,2128853.9
1780750800,0.718,0.7268,0.7128,0.7182,831815.7
1780754400,0.7184,0.7282,0.7172,0.7228,2437679.7
1780758000,0.7228,0.7231,0.7083,0.7155,912753.9
1780761600,0.7153,0.7208,0.7081,0.7151,1523974.6
1780765200,0.7147,0.7158,0.703,0.706,1061366.2
1780768800,0.7059,0.7126,0.7037,0.7082,496436
1780772400,0.708,0.7134,0.7042,0.7042,491464
1780776000,0.7042,0.7078,0.7008,0.7059,727393.7
1780779600,0.7061,0.714,0.706,0.7091,666148.7
1780783200,0.7088,0.7146,0.7057,0.711,293115
1780786800,0.7108,0.7206,0.7106,0.718,445086
1780790400,0.7182,0.723,0.7164,0.7196,565039.5
1780794000,0.7195,0.7581,0.7187,0.7503,2623165.4
1780797600,0.7502,0.7561,0.7428,0.7507,1060879.3
1780801200,0.7505,0.7542,0.7464,0.7538,765890.7
1780804800,0.754,0.7551,0.7424,0.7515,481293.1
1780808400,0.7514,0.7565,0.7485,0.7498,917908.4
1780812000,0.75,0.7581,0.7462,0.7536,1221408.2
1780815600,0.7534,0.757,0.7508,0.7523,551133.3
1780819200,0.7524,0.764,0.7462,0.7575,870630.5
1780822800,0.7576,0.7655,0.7564,0.7586,1203837.9
1780826400,0.7586,0.7592,0.7466,0.7478,294899.5
1780830000,0.748,0.756,0.7474,0.7506,796598.8
1780833600,0.751,0.7516,0.729,0.741,1391461.4
1780837200,0.7406,0.7451,0.7389,0.744,618973
1780840800,0.7439,0.7562,0.7429,0.7477,738755.2
1780844400,0.7477,0.7498,0.742,0.7452,538972.1
1780848000,0.745,0.7473,0.7411,0.7461,667595.3
1780851600,0.7454,0.7514,0.745,0.75,740037.3
1780855200,0.7501,0.7512,0.741,0.741,280557.6
1780858800,0.7414,0.7416,0.7277,0.73,1142398.7
1780862400,0.7298,0.742,0.7283,0.7409,531893.2
1780866000,0.741,0.7436,0.7345,0.7402,452257.3
1780869600,0.7402,0.7802,0.7383,0.7557,2749462.6
1780873200,0.7554,0.7618,0.7504,0.7582,1468765.8
1780876800,0.7582,0.7669,0.7549,0.765,941736.8
1780880400,0.7652,0.766,0.747,0.7564,1155766.4
1780884000,0.7564,0.7576,0.7502,0.7532,615413.9
1780887600,0.7533,0.7572,0.7484,0.7514,294483.4
1780891200,0.7516,0.7526,0.7376,0.7388,784020.1
1780894800,0.739,0.7392,0.7285,0.7356,485169
1780898400,0.7358,0.7477,0.7358,0.7442,574830.5
1780902000,0.7442,0.7608,0.7409,0.7604,1021798.1
1780905600,0.76,0.76,0.7461,0.749,1200335
1780909200,0.7492,0.7546,0.7467,0.754,691194.2
1780912800,0.7538,0.7553,0.7471,0.7502,560230.1
1780916400,0.7502,0.7638,0.7479,0.7573,751131.1
1780920000,0.7572,0.7684,0.7498,0.7665,1309045.3
1780923600,0.7667,0.7675,0.7586,0.7654,1120729.7
1780927200,0.765,0.7662,0.7591,0.7651,1280374.5
1780930800,0.7649,0.7733,0.7598,0.7624,801714
1780934400,0.7626,0.771,0.7608,0.762,876205.4
1780938000,0.7622,0.7664,0.7572,0.7664,615961.6
1780941600,0.7663,0.7681,0.7592,0.7613,594340.8
1780945200,0.7612,0.7641,0.7582,0.7597,432641.9
1780948800,0.7598,0.7609,0.7542,0.7608,860028.1
1780952400,0.7609,0.7688,0.7609,0.7615,370451.8
1780956000,0.7614,0.7621,0.7564,0.7588,180426.3
1780959600,0.7591,0.7625,0.7526,0.7558,289860.4
1780963200,0.7559,0.7567,0.7299,0.7332,1609331.9
1780966800,0.733,0.7463,0.733,0.7432,331276.3
1780970400,0.7431,0.7491,0.7392,0.7462,405805.5
1780974000,0.7464,0.7483,0.7414,0.7455,284920.8
1780977600,0.7454,0.7617,0.7425,0.7584,1391879
1780981200,0.7583,0.7617,0.7551,0.759,382105.9
1780984800,0.759,0.7606,0.7546,0.7569,365950.1
1780988400,0.7572,0.76,0.7514,0.7542,579342.7
1780992000,0.7545,0.7548,0.746,0.7473,484586.3
1780995600,0.7476,0.7501,0.741,0.7453,283962.9
1780999200,0.7454,0.7503,0.7436,0.7495,384519.1
1781002800,0.7494,0.7543,0.7447,0.7533,385469.1
1781006400,0.7532,0.7596,0.7521,0.7556,510313.7
1781010000,0.7557,0.7586,0.7491,0.752,597651.4
1781013600,0.7517,0.7534,0.7327,0.7435,2222414.5
1781017200,0.7437,0.7451,0.7319,0.7352,1074148.5
1781020800,0.7351,0.7417,0.7301,0.7375,1395130.9
1781024400,0.7378,0.7562,0.7367,0.7499,1201223.8
1781028000,0.75,0.7548,0.7478,0.7499,422401
1781031600,0.7498,0.7545,0.7471,0.753,580536.4
1781035200,0.7531,0.7594,0.7526,0.7557,452945.8
1781038800,0.7558,0.7561,0.7472,0.7486,163813.4
1781042400,0.7487,0.7524,0.745,0.7457,349284.1
1781046000,0.7454,0.7511,0.7442,0.7498,370258.3
1781049600,0.7497,0.7564,0.7457,0.7561,365092.6
1781053200,0.7559,0.7568,0.7453,0.7483,301996.9
1781056800,0.7483,0.7503,0.7382,0.7396,883148.8
1781060400,0.7395,0.7452,0.7385,0.744,141709.6
1781064000,0.744,0.7461,0.7363,0.7389,227592.7
1781067600,0.7388,0.7425,0.735,0.7403,225137.4
1781071200,0.7406,0.7454,0.738,0.7426,252369.5
1781074800,0.7428,0.7525,0.7428,0.7484,417465.2
1781078400,0.7483,0.7483,0.7389,0.7402,747973.5
1781082000,0.7404,0.7428,0.7343,0.7411,478069.8
1781085600,0.7411,0.7424,0.7361,0.7417,308200.8
1781089200,0.7417,0.743,0.7313,0.7379,1068347.9
1781092800,0.7375,0.7548,0.7353,0.7469,1133883.8
1781096400,0.7474,0.7609,0.7469,0.7541,1933797.1
1781100000,0.7542,0.7566,0.7479,0.7541,881571.1
1781103600,0.7542,0.7597,0.7484,0.7552,804649.6
1781107200,0.7551,0.7574,0.7367,0.7416,1166745.4
1781110800,0.7419,0.7461,0.7356,0.7405,1061427.3
1781114400,0.7403,0.7419,0.7339,0.7417,780042.3
1781118000,0.7419,0.7427,0.731,0.7328,635420.1
1781121600,0.7326,0.7363,0.7275,0.7297,718925.4
1781125200,0.7296,0.73,0.7135,0.7179,484693.1
1781128800,0.718,0.7244,0.7154,0.7196,656901.1
1781132400,0.7194,0.7281,0.7162,0.726,717056.6
1781136000,0.7259,0.7349,0.7259,0.7326,420136.7
1781139600,0.7328,0.7423,0.7327,0.7401,516385.5
1781143200,0.7402,0.7413,0.735,0.7392,198438.2
1781146800,0.7391,0.7604,0.7368,0.7546,1118623.6
1781150400,0.7546,0.7573,0.7486,0.7532,427690.1
1781154000,0.7528,0.7528,0.749,0.7496,164376.2
1781157600,0.7497,0.7542,0.7475,0.7487,257105.2
1781161200,0.7485,0.7498,0.7449,0.7476,305082.5
1781164800,0.7477,0.7545,0.7477,0.7512,322316.2
1781168400,0.7512,0.752,0.7454,0.7483,265426.7
1781172000,0.7484,0.7518,0.7459,0.7503,256961.1
1781175600,0.7502,0.7554,0.749,0.7525,436383.9
1781179200,0.7524,0.7531,0.7416,0.7476,970612.5
1781182800,0.7469,0.7527,0.7433,0.75,409029.4
1781186400,0.7502,0.7511,0.745,0.7469,303241.3
1781190000,0.7468,0.7521,0.7435,0.7504,710863.6
1781193600,0.7505,0.7522,0.7451,0.7463,434126.5
1781197200,0.7458,0.769,0.7429,0.7676,1946754.1
1781200800,0.7677,0.7695,0.7587,0.7606,1005750.4
1781204400,0.7605,0.7662,0.7576,0.7625,807094
1781208000,0.7627,0.7639,0.7561,0.7596,461186.2
1781211600,0.7598,0.7657,0.7598,0.7624,312550.7
1781215200,0.7624,0.7656,0.7596,0.7606,371410.7
1781218800,0.7605,0.7605,0.753,0.7543,592464.3
1781222400,0.7542,0.7571,0.7525,0.7526,292743.7
1781226000,0.7526,0.7528,0.7471,0.7507,460588.9
1781229600,0.7508,0.7588,0.7506,0.7568,429507.5
1781233200,0.757,0.7586,0.7548,0.7572,297207.3
1781236800,0.7574,0.7604,0.7545,0.7566,125474.4
1781240400,0.7565,0.7565,0.751,0.751,286856.5
1781244000,0.7514,0.7529,0.7446,0.7477,257739.5
1781247600,0.7478,0.7524,0.7477,0.7506,667176.4
1781251200,0.7507,0.7582,0.7507,0.7578,256503.5
1781254800,0.7579,0.7622,0.7559,0.7581,272747.5
1781258400,0.758,0.7591,0.7517,0.7549,118969.8
1781262000,0.755,0.7577,0.7542,0.7566,108549.4
1781265600,0.7567,0.7584,0.7528,0.7541,381500.7
1781269200,0.754,0.755,0.7476,0.7507,994560.7
1781272800,0.751,0.7634,0.75,0.7629,1206670.9
1781276400,0.7629,0.77,0.7468,0.7474,1117057.8
1781280000,0.7474,0.7564,0.7452,0.7564,373977.4
1781283600,0.7564,0.7592,0.7517,0.7531,263839
1781287200,0.7532,0.7543,0.7486,0.7499,195758.2
1781290800,0.7498,0.7536,0.748,0.7481,468697.4
1781294400,0.7483,0.7507,0.747,0.7482,307051.1
1781298000,0.7482,0.7515,0.746,0.7474,170186.1
1781301600,0.7474,0.7512,0.7472,0.7489,136682.8
1781305200,0.7489,0.7513,0.7457,0.7509,95757.2
1781308800,0.7509,0.7528,0.7497,0.7516,268012
1781312400,0.7515,0.7577,0.7514,0.7565,273439.3
1781316000,0.7563,0.7566,0.7514,0.7531,322308.4
1781319600,0.7528,0.7541,0.7482,0.7506,365806.7
1781323200,0.7506,0.7526,0.7478,0.7496,172627.7
1781326800,0.7497,0.7513,0.7473,0.7502,245378.6
1781330400,0.7503,0.7549,0.7488,0.7545,84805.2
1781334000,0.7547,0.7657,0.7523,0.762,946395.8
1781337600,0.7618,0.7655,0.7601,0.7625,506223.1
1781341200,0.7626,0.7676,0.7626,0.7647,228842.8
1781344800,0.7649,0.7699,0.7638,0.7649,315134.7
1781348400,0.7651,0.7692,0.7645,0.7691,251635.3
1781352000,0.7692,0.7765,0.7659,0.774,553169
1781355600,0.7741,0.7752,0.7659,0.7675,679552.5
1781359200,0.7674,0.7726,0.7669,0.7722,276074.1
1781362800,0.7723,0.775,0.77,0.7737,600608.9
1781366400,0.7738,0.774,0.7627,0.767,835776.1
1781370000,0.7671,0.7701,0.7642,0.7681,303117
1781373600,0.7681,0.7708,0.7652,0.7661,171809.7
1781377200,0.766,0.7691,0.7647,0.7657,276177.6
1781380800,0.7657,0.7662,0.7623,0.7651,328174.1
1781384400,0.7651,0.7744,0.7625,0.7698,233950.2
1781388000,0.7696,0.7696,0.7654,0.7654,368488.2
1781391600,0.7654,0.77,0.765,0.7682,164740
1781395200,0.7679,0.7679,0.7634,0.7652,204768.6
1781398800,0.7653,0.7699,0.7639,0.7673,148765.8
1781402400,0.7671,0.7707,0.7662,0.7685,188787.7
1781406000,0.7684,0.7694,0.7661,0.7692,113490.9
1781409600,0.7689,0.7689,0.7614,0.7625,130169.8
1781413200,0.7624,0.7631,0.7589,0.7624,233678.5
1781416800,0.7624,0.7651,0.7583,0.7597,104888.5
1781420400,0.7595,0.7595,0.7566,0.7589,117998.7
1781424000,0.7588,0.7602,0.7571,0.7585,56468.9
1781427600,0.7583,0.7616,0.7552,0.7602,83432.7
1781431200,0.7601,0.7612,0.7576,0.7578,43698.8
1781434800,0.7575,0.7601,0.7574,0.7593,186697
1781438400,0.7593,0.7605,0.755,0.7561,212917.6
1781442000,0.7561,0.7577,0.7528,0.7545,127755.5
1781445600,0.7545,0.7549,0.7449,0.7479,705390.2
1781449200,0.7479,0.7494,0.7471,0.7482,153027.8
1781452800,0.7481,0.7517,0.7478,0.7498,283046.4
1781456400,0.7497,0.7525,0.747,0.7479,269298.7
1781460000,0.7479,0.7499,0.7465,0.7482,107075.6
1781463600,0.7483,0.7519,0.7472,0.7494,87367.9
1781467200,0.7492,0.7551,0.748,0.7516,119778.8
1781470800,0.7515,0.7894,0.7508,0.7851,1685286.8
1781474400,0.7852,0.7905,0.7765,0.7846,1892596.9
1781478000,0.7847,0.8036,0.7807,0.8029,1218602.6
1781481600,0.8032,0.8045,0.795,0.7977,1190928.9
1781485200,0.7978,0.798,0.7856,0.7903,683273.1
1781488800,0.7904,0.7979,0.7891,0.7914,495916.1
1781492400,0.7911,0.8008,0.7904,0.7993,472865.4
1781496000,0.7993,0.8006,0.7941,0.7948,394070.5
1781499600,0.7948,0.8044,0.793,0.8033,577936.5
1781503200,0.8029,0.8045,0.7977,0.798,446813.3
1781506800,0.7977,0.8,0.7931,0.7939,270943.2
1781510400,0.7939,0.7983,0.7931,0.7945,295603.4
1781514000,0.7946,0.7961,0.7885,0.7921,217611.4
1781517600,0.792,0.8079,0.7909,0.8034,1320967.3
1781521200,0.803,0.8165,0.8013,0.8088,1489448.4
1781524800,0.8089,0.817,0.8069,0.8129,908317.9
1781528400,0.8128,0.8303,0.812,0.8259,2137780.9
1781532000,0.8258,0.8262,0.8143,0.8145,1744078.1
1781535600,0.8145,0.8269,0.8107,0.8243,1339424.7
1781539200,0.8242,0.8273,0.818,0.8184,1118505.1
1781542800,0.8184,0.8184,0.8081,0.814,860599.9
1781546400,0.8142,0.8148,0.8071,0.8089,336600.4
1781550000,0.8086,0.8122,0.7956,0.8032,811435.7
1781553600,0.8031,0.8058,0.7996,0.8011,263651.2
1781557200,0.8009,0.8019,0.7971,0.7983,244488.9
1781560800,0.7982,0.8011,0.7877,0.7895,758222.1
1781564400,0.7896,0.7938,0.788,0.7931,238801.6
1781568000,0.793,0.7962,0.7909,0.7914,215766.3
1781571600,0.7911,0.7947,0.7901,0.7904,167693.9
1781575200,0.7903,0.7922,0.7765,0.7786,787585.1
1781578800,0.7788,0.7875,0.7767,0.7875,341928.8
1781582400,0.7877,0.7897,0.78,0.7819,275466.4
1781586000,0.782,0.7858,0.782,0.7834,117452.6
1781589600,0.7836,0.7892,0.7836,0.7885,118288.3
1781593200,0.7886,0.7918,0.7859,0.7903,248965.7
1781596800,0.7905,0.8096,0.7905,0.8073,793462.3
1781600400,0.807,0.808,0.7969,0.7981,213122.9
1781604000,0.7981,0.8015,0.7964,0.7974,409230.2
1781607600,0.7973,0.7991,0.7914,0.7951,177069.4
1781611200,0.7951,0.8041,0.7933,0.7996,379308.3
1781614800,0.7995,0.8005,0.786,0.787,1035562.3
1781618400,0.7871,0.7916,0.7719,0.7798,1309842.1
1781622000,0.7797,0.7865,0.779,0.7834,482114.9
1781625600,0.7834,0.7852,0.7808,0.7829,229593.2
1781629200,0.783,0.7906,0.7823,0.7902,197662.6
1781632800,0.79,0.7979,0.7899,0.7938,378735.3
1781636400,0.7938,0.7943,0.7869,0.792,714396.9
1781640000,0.792,0.8044,0.7904,0.8037,936584.8
1781643600,0.8038,0.806,0.7957,0.7982,1116474.9
1781647200,0.7979,0.801,0.7955,0.8003,199606.3
1781650800,0.8003,0.8015,0.7941,0.7965,312168.1
1781654400,0.7966,0.8035,0.7966,0.8018,189732.2
1781658000,0.802,0.8139,0.8,0.8124,447517.8
1781661600,0.8125,0.8186,0.8082,0.8145,461357.3
1781665200,0.8145,0.8147,0.8054,0.8061,137397.6
1781668800,0.8061,0.8124,0.8037,0.8076,223930.3
1781672400,0.8078,0.8098,0.8027,0.8052,126015.5
1781676000,0.805,0.8082,0.7998,0.8007,249436.8
1781679600,0.8006,0.8049,0.796,0.7995,277885.1
1781683200,0.7993,0.7997,0.7867,0.7886,453310.5
1781686800,0.7887,0.7916,0.7883,0.7908,218039
1781690400,0.7909,0.7929,0.7884,0.7891,139944
1781694000,0.7893,0.7902,0.7829,0.7856,314377.6
1781697600,0.7856,0.7914,0.78,0.7909,593647.3
1781701200,0.7908,0.7948,0.7875,0.7895,476843.8
1781704800,0.7894,0.7922,0.7808,0.7869,568136.5
1781708400,0.7872,0.8051,0.7857,0.8049,416561.7
1781712000,0.8049,0.8102,0.7988,0.799,611906.5
1781715600,0.7989,0.8083,0.796,0.8079,465303.4
1781719200,0.8078,0.8078,0.7824,0.7962,1797897.1
1781722800,0.7968,0.7983,0.7704,0.7734,2368974.2
1781726400,0.7735,0.7798,0.7713,0.7794,697896.4
1781730000,0.7795,0.7799,0.7707,0.7728,418623
1781733600,0.7724,0.7729,0.7568,0.769,853075.5
1781737200,0.7689,0.7742,0.7661,0.7666,595953.5
1781740800,0.7668,0.7695,0.7624,0.7653,544347.2
1781744400,0.7655,0.7718,0.7578,0.7609,495004.4
1781748000,0.761,0.772,0.759,0.7689,319441.3
1781751600,0.7688,0.7715,0.7595,0.7626,477518
1781755200,0.7627,0.7631,0.7442,0.7455,1118988
1781758800,0.7454,0.7461,0.7378,0.7454,610612.3
1781762400,0.7452,0.7492,0.7428,0.7485,244614.9
1781766000,0.7483,0.7543,0.7464,0.7514,290823.6
1781769600,0.7513,0.7554,0.7501,0.7527,202602.7
1781773200,0.7518,0.7544,0.7482,0.7522,263465.7
1781776800,0.7523,0.7526,0.7461,0.749,190545.7
1781780400,0.7492,0.7515,0.7441,0.7457,295345.7
1781784000,0.7459,0.751,0.7434,0.7494,686784.3
1781787600,0.7494,0.7509,0.73,0.7371,2594990.3
1781791200,0.7372,0.7445,0.7342,0.739,922087.6
1781794800,0.7389,0.7391,0.709,0.709,2915763.9
1781798400,0.7089,0.7181,0.7072,0.7171,974310.4
1781802000,0.7172,0.7186,0.709,0.7139,1238443.6
1781805600,0.7139,0.7205,0.7129,0.718,696663.9
1781809200,0.7178,0.7228,0.7162,0.7194,486341.3
1781812800,0.7195,0.7262,0.7195,0.7241,513784.2
1781816400,0.7238,0.7246,0.7189,0.7223,179678.1
1781820000,0.722,0.7255,0.7204,0.7243,614265.1
1781823600,0.7245,0.7292,0.7222,0.7289,321473.7
1781827200,0.7288,0.7304,0.7273,0.7295,172608.6
1781830800,0.7296,0.732,0.7252,0.7296,188883.4
1781834400,0.7296,0.7318,0.7246,0.7267,112651.2
1781838000,0.7268,0.7276,0.7111,0.7184,1159342.2
1781841600,0.7183,0.7208,0.7066,0.7084,483862.7
1781845200,0.7086,0.7148,0.7085,0.7139,224829.1
1781848800,0.7138,0.7171,0.7128,0.7164,164602.7
1781852400,0.7163,0.7169,0.7078,0.7108,315307.7
1781856000,0.7109,0.7158,0.7105,0.714,298144.7
1781859600,0.7141,0.7152,0.7095,0.7111,323997
1781863200,0.7108,0.7124,0.7071,0.7108,897121.9
1781866800,0.7109,0.7129,0.7089,0.7104,243003.9
1781870400,0.7105,0.7121,0.7009,0.7106,1070637.4
1781874000,0.7107,0.7199,0.7074,0.7161,569862.1
1781877600,0.716,0.7178,0.7115,0.7133,355368
1781881200,0.7134,0.7156,0.7102,0.7131,282266
1781884800,0.7132,0.7164,0.7071,0.7087,401852.3
1781888400,0.709,0.7155,0.7073,0.7131,284333.7
1781892000,0.7131,0.7136,0.7075,0.71,321734
1781895600,0.7102,0.7111,0.7063,0.7088,244968.3
1781899200,0.7089,0.7135,0.7069,0.7128,160746.9
1781902800,0.7126,0.7143,0.7088,0.7094,221456.6
1781906400,0.7091,0.7138,0.7085,0.7126,191307.6
1781910000,0.7127,0.7179,0.7109,0.716,249416.9
1781913600,0.716,0.7189,0.7123,0.7123,340383.9
1781917200,0.7124,0.7147,0.7105,0.7129,144318.5
1781920800,0.7129,0.7133,0.7072,0.7079,474522.4
1781924400,0.7079,0.7109,0.7076,0.71,46991.5
1781928000,0.71,0.7138,0.7091,0.7137,108765.9
1781931600,0.7139,0.7211,0.7131,0.7188,373595.7
1781935200,0.7189,0.721,0.7178,0.7183,202108.2
1781938800,0.7186,0.7208,0.7162,0.7175,248345.1
1781942400,0.7173,0.7173,0.7143,0.7153,121718.1
1781946000,0.7153,0.7214,0.7153,0.72,81949.4
1781949600,0.7199,0.7221,0.718,0.7199,58010.3
1781953200,0.72,0.7204,0.7162,0.7169,89912.5
1781956800,0.7168,0.7198,0.7147,0.7159,157615.6
1781960400,0.7158,0.7161,0.7084,0.7094,279569.3
1781964000,0.7093,0.7168,0.6977,0.7106,1928271
1781967600,0.7105,0.7148,0.7072,0.7096,581156.6
1781971200,0.7097,0.7102,0.704,0.7078,149607.5
1781974800,0.7077,0.7077,0.6988,0.7037,766179.5
1781978400,0.7037,0.7059,0.7023,0.7025,570371.8
1781982000,0.7023,0.7054,0.702,0.7046,233168.1
1781985600,0.7047,0.7058,0.703,0.7046,133869.9
1781989200,0.7047,0.7083,0.7043,0.707,101060
1781992800,0.7071,0.7153,0.7058,0.7134,916421.9
1781996400,0.7136,0.7158,0.7124,0.7133,190483.7
1782000000,0.7135,0.7138,0.7096,0.7106,301416.9
1782003600,0.7107,0.7122,0.7083,0.7105,195875.1
1782007200,0.7104,0.7106,0.7078,0.7093,177526.8
1782010800,0.7092,0.7125,0.7082,0.7113,176160.8
1782014400,0.7112,0.7127,0.7064,0.7073,140393
1782018000,0.7073,0.7076,0.7043,0.7062,279841.7
1782021600,0.7063,0.7094,0.7063,0.7084,114329.6
1782025200,0.7085,0.7122,0.7063,0.7101,75158.8
1782028800,0.7101,0.7108,0.7031,0.7077,258807.1
1782032400,0.7078,0.712,0.7059,0.7108,273356.6
1782036000,0.7105,0.7128,0.7075,0.7075,329349.6
1782039600,0.7077,0.7086,0.7028,0.7045,345978
1782043200,0.7046,0.7092,0.7025,0.7087,598116.9
1782046800,0.7086,0.7126,0.7068,0.7126,657756
1782050400,0.7124,0.7124,0.7077,0.7111,138517.7
1782054000,0.7112,0.7141,0.7104,0.7129,153447.2
1782057600,0.7128,0.7135,0.7053,0.7088,293022.6
1782061200,0.7088,0.7114,0.7071,0.708,133190.3
1782064800,0.708,0.7113,0.7049,0.7099,372366.8
1782068400,0.7095,0.7127,0.7092,0.7109,170517.6
1782072000,0.7108,0.7117,0.7043,0.7065,387673.1
1782075600,0.7064,0.707,0.6896,0.7001,1611376.9
1782079200,0.6997,0.7034,0.6944,0.6965,580704
1782082800,0.6965,0.698,0.6911,0.6927,528047.5
1782086400,0.6928,0.7051,0.6928,0.7045,653349.2
1782090000,0.7047,0.7138,0.7021,0.7102,1108484.1
1782093600,0.7105,0.711,0.704,0.7045,190088.9
1782097200,0.7044,0.7055,0.698,0.6991,382694.8
1782100800,0.6991,0.7046,0.6975,0.7038,314058.7
1782104400,0.7039,0.7075,0.7035,0.7067,187928.3
1782108000,0.7065,0.7084,0.7031,0.7043,112389.3
1782111600,0.7042,0.7119,0.704,0.71,355134.6
1782115200,0.7098,0.714,0.708,0.7109,317855
1782118800,0.7107,0.712,0.7082,0.7084,73466.5
1782122400,0.7083,0.7117,0.7083,0.7112,36842.1
1782126000,0.7113,0.7386,0.7099,0.7379,1667927.7
1782129600,0.7382,0.7443,0.732,0.7364,1343359.9
1782133200,0.7365,0.7432,0.7344,0.7422,1261163.3
1782136800,0.7423,0.7425,0.7238,0.7273,1437835.6
1782140400,0.7274,0.7295,0.7206,0.7222,933579.8
1782144000,0.7224,0.7232,0.7169,0.7215,890141.6
1782147600,0.7215,0.7226,0.7167,0.7204,327091.2
1782151200,0.7205,0.7241,0.7131,0.7147,542217.1
1782154800,0.7148,0.7202,0.7115,0.7187,754274.1
1782158400,0.7186,0.7288,0.7185,0.7252,582568.4
1782162000,0.7252,0.7254,0.7169,0.7218,302795.4
1782165600,0.7219,0.7245,0.7124,0.7158,489366.4
1782169200,0.7156,0.7198,0.715,0.7189,263697.8
1782172800,0.7188,0.722,0.7146,0.7214,642195.4
1782176400,0.7214,0.7237,0.7118,0.7182,536005.1
1782180000,0.7182,0.7261,0.7154,0.7248,481647
1782183600,0.7247,0.7285,0.7188,0.7285,524823.7
1782187200,0.7282,0.7284,0.7203,0.7207,382530.9
1782190800,0.7208,0.7227,0.7029,0.7071,975266.4
1782194400,0.7072,0.7075,0.6775,0.6897,2103195.3
1782198000,0.6896,0.6937,0.6853,0.6859,604985.4
1782201600,0.686,0.6868,0.6722,0.682,1485371.4
1782205200,0.6821,0.6864,0.6802,0.686,428366.6
1782208800,0.6861,0.7018,0.6848,0.7011,990307
1782212400,0.7014,0.711,0.699,0.71,781735.4
1782216000,0.7099,0.7099,0.6987,0.701,499142.7
1782219600,0.7011,0.7106,0.6972,0.7078,922416.1
1782223200,0.7074,0.712,0.7024,0.7034,657178
1782226800,0.7033,0.7047,0.697,0.7026,653440.3
1782230400,0.7029,0.7101,0.701,0.7014,482615.8
1782234000,0.7013,0.703,0.6967,0.6971,474400.3
1782237600,0.6971,0.6993,0.6927,0.6963,282293.4
1782241200,0.696,0.6998,0.6957,0.6973,361855.8
1782244800,0.6971,0.7002,0.696,0.6979,620811.7
1782248400,0.698,0.7041,0.6979,0.7002,516122.4
1782252000,0.7003,0.7043,0.7003,0.7023,401420.2
1782255600,0.7022,0.7058,0.6994,0.7032,265263.8
1782259200,0.7033,0.7086,0.7033,0.7066,341083.4
1782262800,0.7067,0.7103,0.7042,0.7044,486840.4
1782266400,0.7044,0.705,0.6982,0.6985,696315.1
1782270000,0.6985,0.6996,0.6946,0.6977,166678.3
1782273600,0.6977,0.6999,0.6918,0.6994,213080.2
1782277200,0.6996,0.709,0.6988,0.7061,243003.8
1782280800,0.7062,0.7062,0.702,0.7037,348728.8
1782284400,0.7036,0.706,0.6992,0.7004,414678.9
1782288000,0.7005,0.7038,0.6995,0.7009,129606
1782291600,0.7008,0.7012,0.6971,0.6992,197266.6
1782295200,0.6994,0.7,0.6955,0.6956,285863.2
1782298800,0.6957,0.7096,0.6942,0.7009,481027.5
1782302400,0.7006,0.7025,0.6944,0.696,400598.6
1782306000,0.6957,0.6958,0.6774,0.6813,2136879.9
1782309600,0.6814,0.6868,0.6796,0.6847,1037199.8
1782313200,0.6846,0.6852,0.6712,0.6737,832816.7
1782316800,0.6735,0.6812,0.6558,0.664,2471051.8
1782320400,0.6641,0.667,0.6519,0.6565,2420035
1782324000,0.6566,0.6751,0.6557,0.6705,995566
1782327600,0.6706,0.6877,0.6652,0.6732,3064445.1
1782331200,0.6729,0.6874,0.6726,0.6843,1163298.4
1782334800,0.6844,0.6886,0.6789,0.6886,901149.5
1782338400,0.6885,0.6906,0.6841,0.6845,580179
1782342000,0.6846,0.6864,0.6829,0.6845,244472.8
1782345600,0.6847,0.686,0.6772,0.6786,644870.8
1782349200,0.6787,0.6798,0.6751,0.6771,439064.2
1782352800,0.677,0.6794,0.676,0.6784,370011.9
1782356400,0.6785,0.6793,0.6759,0.679,204997.1
1782360000,0.6792,0.6872,0.6776,0.6852,226016.1
1782363600,0.6851,0.694,0.685,0.69,746322
1782367200,0.69,0.6946,0.6897,0.6934,259944.1
1782370800,0.6933,0.7008,0.6911,0.6998,816650.5
1782374400,0.6997,0.7002,0.695,0.6964,392802
1782378000,0.6965,0.6975,0.693,0.6944,216366.5
1782381600,0.6944,0.6953,0.689,0.6905,341889.2
1782385200,0.6902,0.6926,0.6861,0.6883,278914.9
1782388800,0.6884,0.6966,0.6849,0.6916,683644.2
1782392400,0.6916,0.6984,0.6504,0.6537,2680271.3
1782396000,0.6538,0.6817,0.6538,0.6707,2381808
1782399600,0.6708,0.6774,0.6619,0.676,978051.2
1782403200,0.6761,0.6835,0.6731,0.6787,927599.5
1782406800,0.6788,0.6913,0.6751,0.684,3361696.6
1782410400,0.684,0.6849,0.6695,0.6726,1046279.1
1782414000,0.6725,0.673,0.668,0.6721,541921.5
1782417600,0.6724,0.6772,0.6701,0.6707,423851.3
1782421200,0.6706,0.6811,0.6705,0.68,528125.3
1782424800,0.6806,0.6823,0.6769,0.6793,391483.9
1782428400,0.6792,0.6843,0.6773,0.683,739918.2
1782432000,0.683,0.6865,0.679,0.6795,439927.1
1782435600,0.6794,0.6807,0.6708,0.6741,333772
1782439200,0.6742,0.6746,0.658,0.663,1259766.8
1782442800,0.6631,0.6798,0.6587,0.6774,1518807.1
1782446400,0.6776,0.6804,0.675,0.6762,200410.5
1782450000,0.6762,0.6815,0.6749,0.6797,117400.4
1782453600,0.6796,0.6939,0.6762,0.6921,601180.4
1782457200,0.6919,0.6986,0.6917,0.695,600233.9
1782460800,0.6952,0.6967,0.686,0.6884,708390.7
1782464400,0.6884,0.6904,0.6726,0.6737,392652.5
1782468000,0.6738,0.6807,0.6716,0.6777,374112.7
1782471600,0.6777,0.6808,0.6732,0.6749,315543.3
1782475200,0.6749,0.683,0.6713,0.6741,458656
1782478800,0.6741,0.69,0.6669,0.6896,1019267.2
1782482400,0.6893,0.6914,0.6797,0.6827,1345514.4
1782486000,0.6827,0.6955,0.6817,0.6912,1278811.3
1782489600,0.6912,0.6972,0.6858,0.6929,1654789.6
1782493200,0.693,0.6984,0.6928,0.6961,375565.5
1782496800,0.6961,0.6987,0.6923,0.6951,420834.5
1782500400,0.6948,0.7022,0.6933,0.6952,1137207.5
1782504000,0.6954,0.7028,0.6949,0.6973,636595.8
1782507600,0.6971,0.6981,0.6946,0.6947,378547.1
1782511200,0.6946,0.6983,0.6922,0.698,322670.5
1782514800,0.6979,0.6991,0.6966,0.6976,181934.5
1782518400,0.6977,0.701,0.6941,0.6978,230062.8
1782522000,0.6979,0.7006,0.6968,0.7004,312624.6
1782525600,0.7006,0.7091,0.6994,0.7072,379291.2
1782529200,0.7071,0.7091,0.7045,0.7072,497854.7
1782532800,0.7072,0.7101,0.7067,0.7091,258906.7
1782536400,0.7092,0.7153,0.7056,0.7149,370053.5
1782540000,0.7148,0.7167,0.7093,0.711,552829.8
1782543600,0.7111,0.7147,0.7074,0.7089,296105.7
1782547200,0.7087,0.7087,0.7031,0.7049,160948.3
1782550800,0.705,0.7064,0.6944,0.7,655291.9
1782554400,0.7003,0.7015,0.6988,0.701,120477.3
1782558000,0.7008,0.7008,0.6951,0.6995,304496.1
1782561600,0.6992,0.7041,0.6975,0.7041,178254.3
1782565200,0.7039,0.7065,0.7025,0.7027,426303.8
1782568800,0.7026,0.7059,0.7014,0.7054,189042.6
1782572400,0.7052,0.7137,0.7043,0.7094,782897.1
1782576000,0.7092,0.7112,0.7071,0.7105,273497
1782579600,0.7102,0.7106,0.7012,0.7032,650865
1782583200,0.7031,0.7033,0.6967,0.6998,825017.9
1782586800,0.6999,0.7008,0.6833,0.6849,1101197.7
1782590400,0.6849,0.6882,0.6847,0.6869,357642.8
1782594000,0.687,0.6877,0.6804,0.6839,431843.2
1782597600,0.6837,0.6877,0.6774,0.6874,513877.2
1782601200,0.6875,0.6883,0.6834,0.6834,158694.2
1782604800,0.6833,0.6867,0.6831,0.6841,87857.4
1782608400,0.6839,0.6843,0.6819,0.6832,119465.7
1782612000,0.6835,0.6852,0.6798,0.6816,108281.4
1782615600,0.6815,0.6842,0.6815,0.6834,144909.2
1782619200,0.6833,0.685,0.6815,0.6831,138248.7
1782622800,0.6831,0.6831,0.6783,0.682,180095.9
1782626400,0.6822,0.6822,0.6767,0.6798,131109.5
1782630000,0.6797,0.6853,0.6797,0.6846,117656.2
1782633600,0.6846,0.6892,0.6834,0.686,205350.5
1782637200,0.6862,0.6886,0.6822,0.6826,155965.4
1782640800,0.6828,0.685,0.681,0.6849,188967.9
1782644400,0.685,0.6884,0.6831,0.6874,118475.1
1782648000,0.6872,0.6907,0.6844,0.6874,195658.8
1782651600,0.6872,0.6872,0.6825,0.6851,143269.6
1782655200,0.6849,0.6894,0.6828,0.6843,214376.9
1782658800,0.6844,0.687,0.683,0.6863,174866.3
1782662400,0.6864,0.6867,0.6792,0.6818,279310.6
1782666000,0.6818,0.6845,0.6773,0.6828,374088.3
1782669600,0.6827,0.6838,0.6804,0.6825,150621.7
1782673200,0.6826,0.6834,0.6754,0.6785,267809
1782676800,0.6784,0.683,0.6782,0.681,175450.8
1782680400,0.6809,0.682,0.6729,0.6764,150439.4
1782684000,0.6766,0.6871,0.67,0.6728,682580
1782687600,0.6724,0.6837,0.6718,0.6796,411714.6
1782691200,0.6795,0.6826,0.6715,0.6812,506177.2
1782694800,0.6813,0.682,0.6761,0.6793,793227.2
1782698400,0.6792,0.6847,0.6719,0.6841,358904.4
1782702000,0.6842,0.6932,0.6841,0.6905,367210.3
1782705600,0.6904,0.6904,0.6834,0.6855,176513.2
1782709200,0.6853,0.6867,0.6786,0.6867,181906.9
1782712800,0.6868,0.6944,0.6867,0.6914,228504.3
1782716400,0.6912,0.6962,0.6888,0.6951,136540.8
1782720000,0.6952,0.697,0.6863,0.6869,249021.9
1782723600,0.6871,0.6917,0.6865,0.691,237796.2
1782727200,0.6911,0.6953,0.6887,0.6911,308148
1782730800,0.6911,0.6936,0.6855,0.6886,381048.7
1782734400,0.6889,0.7005,0.6837,0.6908,799297.9
1782738000,0.6909,0.6962,0.6854,0.6894,884325.6
1782741600,0.6898,0.6925,0.6819,0.6902,1107312.1
1782745200,0.6902,0.6941,0.6836,0.6922,1162056.8
1782748800,0.6924,0.696,0.6885,0.6947,752547.6
1782752400,0.6946,0.7074,0.6946,0.7023,1456651.5
1782756000,0.7021,0.705,0.7,0.7021,829861.9
1782759600,0.7021,0.7055,0.6996,0.7044,490117.5
1782763200,0.7044,0.7052,0.7016,0.7018,319783.6
1782766800,0.7019,0.7061,0.7003,0.7034,566340.9
1782770400,0.7032,0.705,0.6997,0.6999,158971.5
1782774000,0.7001,0.7039,0.6974,0.7018,307094.7
1782777600,0.7015,0.7023,0.6909,0.693,407468.2
1782781200,0.6931,0.6945,0.6899,0.6918,535405
1782784800,0.692,0.6961,0.689,0.6936,293362.8
1782788400,0.6935,0.6956,0.6917,0.6943,263153.8
1782792000,0.6942,0.6972,0.6918,0.6926,533704.1
1782795600,0.6925,0.6936,0.69,0.6932,211826.9
1782799200,0.6932,0.6977,0.6917,0.6961,152511.9
1782802800,0.6962,0.6975,0.6937,0.6963,150921.8
1782806400,0.6963,0.6967,0.6886,0.6913,604271.2
1782810000,0.6915,0.6927,0.6889,0.6926,194325.8
1782813600,0.6927,0.6952,0.6912,0.6938,120019.3
1782817200,0.6937,0.6943,0.6866,0.6881,321390.1
1782820800,0.688,0.6885,0.6769,0.6769,624903.2
1782824400,0.6773,0.6882,0.6765,0.6868,507363.6
1782828000,0.6866,0.6934,0.6845,0.6857,1287084.4
1782831600,0.686,0.6946,0.6826,0.6894,1238251.8
1782835200,0.6893,0.6941,0.6846,0.6933,372156.8
1782838800,0.6929,0.6955,0.6913,0.6913,240686
1782842400,0.6912,0.6973,0.6898,0.6963,282234.6
1782846000,0.6962,0.6972,0.6939,0.6951,188418.9
1782849600,0.695,0.6961,0.6906,0.6917,205561.3
1782853200,0.6918,0.6923,0.6886,0.6917,171788.8
1782856800,0.6918,0.6938,0.6884,0.6894,205848.2
1782860400,0.6894,0.6902,0.6876,0.6896,241479.3
1782864000,0.6898,0.6918,0.6872,0.6897,184881.4
1782867600,0.6898,0.6913,0.6768,0.6881,574305.1
1782871200,0.6885,0.7015,0.6867,0.7006,555487.5
1782874800,0.7006,0.7075,0.6959,0.7068,543486.7
1782878400,0.7067,0.7076,0.7008,0.7052,774535.5
1782882000,0.7052,0.7071,0.7015,0.7038,381032.1
1782885600,0.7038,0.704,0.6924,0.6949,653661.7
1782889200,0.695,0.6973,0.6923,0.6955,560714.1
1782892800,0.6954,0.7003,0.691,0.6999,231766.3
1782896400,0.6999,0.7055,0.6984,0.7016,397563.8
1782900000,0.7015,0.7036,0.6943,0.6961,474529
1782903600,0.696,0.6998,0.694,0.6983,137290
1782907200,0.6986,0.6996,0.6945,0.6981,418790
1782910800,0.6983,0.7089,0.6933,0.7083,1028363.3
1782914400,0.7084,0.7149,0.7055,0.7116,1150172.1
1782918000,0.7117,0.7215,0.7117,0.7152,1253826.1
1782921600,0.715,0.7209,0.7112,0.7114,476049.6
1782925200,0.7115,0.7174,0.7067,0.7153,613497.7
1782928800,0.7156,0.7172,0.7104,0.7131,357816.9
1782932400,0.7128,0.7152,0.7104,0.7114,310940.6
1782936000,0.7116,0.7154,0.7094,0.7154,222226.3
1782939600,0.7154,0.7268,0.715,0.724,932476.6
1782943200,0.7239,0.7296,0.7214,0.7226,1136487.9
1782946800,0.7226,0.7226,0.7144,0.7151,371133.5
1782950400,0.7152,0.7163,0.7096,0.7151,282652
1782954000,0.7152,0.7258,0.715,0.7227,350823.3
1782957600,0.7227,0.7238,0.7199,0.7215,258154.6
1782961200,0.7216,0.7318,0.7211,0.7315,789702
1782964800,0.7314,0.738,0.727,0.7328,714301.7
1782968400,0.7325,0.7325,0.726,0.7274,251051
1782972000,0.7273,0.7297,0.724,0.7253,255519.8
1782975600,0.7253,0.7274,0.723,0.7271,341313.6
1782979200,0.7271,0.7313,0.7253,0.731,158247.5
1782982800,0.7309,0.7396,0.7282,0.7348,684623.1
1782986400,0.7347,0.7442,0.7341,0.7412,613517.8
1782990000,0.7414,0.7459,0.7391,0.7398,455436.7
1782993600,0.7397,0.7453,0.7377,0.7386,687187.6
1782997200,0.7388,0.7529,0.7357,0.7487,2332042.2
1783000800,0.7488,0.75,0.7371,0.741,781756.3
1783004400,0.741,0.742,0.735,0.7397,498288
1783008000,0.7398,0.7415,0.7338,0.7371,574619.8
1783011600,0.737,0.7397,0.7354,0.7364,168205.1
1783015200,0.7365,0.7396,0.7365,0.7391,153726.8
1783018800,0.7392,0.7394,0.735,0.7361,877876.1
1783022400,0.7363,0.7371,0.7333,0.7361,229721.5
1783026000,0.7361,0.7372,0.7318,0.7352,171260.4
1783029600,0.7354,0.7358,0.7288,0.7318,507023.5
1783033200,0.7317,0.7347,0.7297,0.7347,178830.7
1783036800,0.7348,0.7351,0.7282,0.7294,254278.8
1783040400,0.7292,0.7412,0.729,0.7396,363676.2
1783044000,0.7396,0.7415,0.7354,0.7414,165793.6
1783047600,0.7413,0.7445,0.7358,0.7433,395402.9
1783051200,0.7435,0.7443,0.7378,0.7378,173920.4
1783054800,0.7378,0.7422,0.7369,0.7399,143641.7
1783058400,0.7398,0.7424,0.7371,0.7387,162396.3
1783062000,0.7387,0.7428,0.7373,0.7409,152262.9
1783065600,0.741,0.7452,0.7382,0.7388,269844.7
1783069200,0.7386,0.7427,0.7382,0.7417,169356.5
1783072800,0.7416,0.749,0.7411,0.7457,352909.9
1783076400,0.7456,0.7522,0.7449,0.7504,287336.2
1783080000,0.7506,0.7583,0.7481,0.7582,513781.4
1783083600,0.7584,0.7594,0.7518,0.7571,866457.4
1783087200,0.7573,0.7573,0.747,0.7535,1215150.8
1783090800,0.7536,0.7569,0.7504,0.752,1054462.3
1783094400,0.752,0.7549,0.7488,0.753,496290.7
1783098000,0.7529,0.7589,0.7521,0.7574,339899.1
1783101600,0.7574,0.7637,0.7543,0.7626,601714.4
1783105200,0.7625,0.7736,0.7605,0.7686,2241402.4
1783108800,0.7688,0.7791,0.766,0.7744,1012171.7
1783112400,0.7745,0.7769,0.769,0.7738,493865.1
1783116000,0.7741,0.7745,0.7673,0.7698,457972.7
1783119600,0.7699,0.7708,0.7658,0.7687,473353.5
1783123200,0.7686,0.7728,0.7649,0.7653,456165.1
1783126800,0.7652,0.7652,0.7577,0.7599,438751.7
1783130400,0.7601,0.7615,0.7579,0.7592,246306.4
1783134000,0.7593,0.7612,0.7556,0.7601,550554.1
1783137600,0.7601,0.7661,0.7592,0.7637,514196.3
1783141200,0.7635,0.7635,0.7572,0.7575,170562.9
1783144800,0.7576,0.7614,0.7534,0.7561,417595
1783148400,0.7559,0.7588,0.7533,0.7583,762465.1
1783152000,0.7583,0.7597,0.7553,0.7565,119297.9
1783155600,0.7562,0.7568,0.7505,0.7532,189054
1783159200,0.7531,0.7545,0.7515,0.7533,109766.2
1783162800,0.7532,0.7581,0.7527,0.7563,336567.8
1783166400,0.7563,0.7598,0.7561,0.7588,141604.8
1783170000,0.759,0.7644,0.7566,0.7589,170119.6
1783173600,0.7588,0.7646,0.7584,0.7638,463692.4
1783177200,0.7641,0.7753,0.7635,0.7717,1575497
1783180800,0.7716,0.773,0.7664,0.7673,537590.6
1783184400,0.7668,0.7824,0.764,0.7814,1247748
1783188000,0.7812,0.7812,0.7731,0.7756,459845.8
1783191600,0.7756,0.7775,0.7699,0.7702,500327.2
1783195200,0.7703,0.7716,0.7649,0.7689,503488.2
1783198800,0.7687,0.7754,0.7678,0.7716,451349.6
1783202400,0.7717,0.7722,0.7668,0.7682,142744.9
1783206000,0.7683,0.7683,0.7606,0.7615,196065.6
1783209600,0.7616,0.7618,0.7497,0.752,833636.4
1783213200,0.7522,0.7541,0.7413,0.7433,606806.2
1783216800,0.7432,0.7438,0.7368,0.7412,214788.7
1783220400,0.7411,0.7434,0.7395,0.7417,130920
1783224000,0.7415,0.7454,0.7407,0.7424,211083.7
1783227600,0.7423,0.7448,0.741,0.7431,155604.2
1783231200,0.743,0.7447,0.741,0.7438,83363.7
1783234800,0.7438,0.7455,0.7413,0.7443,87120.4
1783238400,0.7446,0.747,0.7433,0.7456,64889
1783242000,0.7455,0.7466,0.7369,0.7399,168717.3
1783245600,0.7398,0.744,0.737,0.7433,104969.9
1783249200,0.7431,0.7444,0.7418,0.7427,57966.1
1783252800,0.7426,0.7505,0.7402,0.7479,329593.1
1783256400,0.7478,0.7518,0.7455,0.7518,108850
1783260000,0.7517,0.7554,0.7501,0.7551,309552.1
1783263600,0.7555,0.7588,0.751,0.7526,299909.7
1783267200,0.7526,0.7578,0.751,0.7542,392993.9
1783270800,0.7541,0.758,0.7523,0.7544,197460.9
1783274400,0.7543,0.7575,0.7542,0.7554,194311.1
1783278000,0.7552,0.7575,0.7525,0.7544,200858.3
1783281600,0.7544,0.7567,0.7542,0.7546,60038.6
1783285200,0.7547,0.7658,0.7511,0.7608,750955
1783288800,0.7606,0.7658,0.7587,0.761,559683.3
1783292400,0.7608,0.7646,0.7551,0.7564,287878.7
1783296000,0.7559,0.7568,0.7483,0.7558,255546.9
1783299600,0.756,0.7611,0.7536,0.7543,267607.4
1783303200,0.7542,0.7568,0.7506,0.7527,213121.4
1783306800,0.7529,0.7533,0.7464,0.7479,424238.1
1783310400,0.7478,0.7487,0.7438,0.7439,219475.9
1783314000,0.7438,0.7442,0.7335,0.7356,667250.8
1783317600,0.7356,0.7397,0.7355,0.7384,388422.5
1783321200,0.7382,0.7423,0.7371,0.7404,121615.3
1783324800,0.7412,0.7434,0.7382,0.7395,236008.1
1783328400,0.7396,0.7399,0.7354,0.7373,120958.4
1783332000,0.7372,0.7438,0.737,0.7419,68375.2
1783335600,0.742,0.744,0.7372,0.7372,179052.8
1783339200,0.7371,0.7371,0.7242,0.7243,1219948.3
1783342800,0.7243,0.7311,0.72,0.7277,909116.8
1783346400,0.7278,0.7368,0.7267,0.732,686397.4
1783350000,0.7321,0.7439,0.7317,0.7434,756018.3
1783353600,0.7436,0.749,0.742,0.7469,746676.5
1783357200,0.7468,0.7489,0.7401,0.7426,376787.5
1783360800,0.743,0.7481,0.7418,0.7468,166862.2
1783364400,0.7467,0.7498,0.7452,0.7489,373511.1
1783368000,0.749,0.7492,0.746,0.7488,273382.6
1783371600,0.7488,0.7675,0.7488,0.7603,840018.1
1783375200,0.7601,0.7601,0.7544,0.7553,274736.1
1783378800,0.7554,0.7559,0.7481,0.7495,862342.8
1783382400,0.7496,0.754,0.7486,0.7513,122725.7
1783386000,0.7512,0.7512,0.7422,0.7444,307754.1
1783389600,0.7446,0.7456,0.7333,0.7348,658205.4
1783393200,0.7349,0.7375,0.7328,0.7346,452838.9
1783396800,0.7346,0.736,0.7323,0.7342,248658.9
1783400400,0.7341,0.7387,0.7289,0.738,177802.2
1783404000,0.7379,0.7419,0.7359,0.7403,123983.7
1783407600,0.7403,0.7426,0.7374,0.7375,221533.5
1783411200,0.7373,0.7403,0.736,0.7374,89079.4
1783414800,0.7373,0.7403,0.7367,0.7395,71242.4
1783418400,0.7393,0.7448,0.7377,0.7377,388670.3
1783422000,0.7376,0.741,0.736,0.7401,111256
1783425600,0.7399,0.7445,0.7395,0.7406,103587.2
1783429200,0.7404,0.7412,0.7339,0.7348,378134.9
1783432800,0.7348,0.7399,0.7285,0.7389,515861.3
1783436400,0.739,0.7431,0.7367,0.7423,630567.1
1783440000,0.742,0.7505,0.7408,0.747,351047.7
1783443600,0.7468,0.7495,0.744,0.7486,308809.8
1783447200,0.7487,0.749,0.7341,0.7348,912764.6
1783450800,0.7346,0.7389,0.729,0.7372,740146.9
1783454400,0.7372,0.7381,0.7316,0.7339,129107.8
1783458000,0.7338,0.7345,0.7212,0.724,533831.5
1783461600,0.7238,0.729,0.719,0.728,366306.8
1783465200,0.7282,0.7316,0.726,0.7274,173038
1783468800,0.7274,0.7334,0.7269,0.7324,584495.2
1783472400,0.7324,0.7333,0.7181,0.72,628798.3
1783476000,0.7197,0.7197,0.7089,0.7161,716368.9
1783479600,0.7162,0.7196,0.7118,0.7124,530139.3
1783483200,0.7121,0.7156,0.7121,0.7147,301823.4
1783486800,0.7149,0.717,0.7128,0.7146,89966.2
1783490400,0.7147,0.7154,0.7113,0.7136,152666.1
1783494000,0.7134,0.7186,0.711,0.7172,470816.4
1783497600,0.7174,0.719,0.7002,0.7026,853206.6
1783501200,0.7027,0.7052,0.699,0.7025,659564
1783504800,0.7026,0.7056,0.6998,0.7043,164728
1783508400,0.704,0.7112,0.703,0.707,234054.8
1783512000,0.7069,0.709,0.7029,0.703,559784.4
1783515600,0.703,0.707,0.7007,0.7067,542136
1783519200,0.7066,0.7088,0.7005,0.7043,418430.7
1783522800,0.7042,0.7044,0.6946,0.6988,1341092
1783526400,0.6987,0.7094,0.6982,0.7078,845896.6
1783530000,0.7079,0.7117,0.7061,0.7069,733248.4
1783533600,0.7075,0.712,0.707,0.7095,410028.3
1783537200,0.7096,0.7131,0.7091,0.7123,458223.8
1783540800,0.7121,0.713,0.7079,0.7082,201881.2
1783544400,0.7084,0.7102,0.7055,0.7099,130261.6
1783548000,0.7096,0.7121,0.7089,0.7095,82143.9
1783551600,0.7092,0.7107,0.7077,0.7106,58997.8
1783555200,0.7107,0.712,0.7091,0.7104,81225.7
1783558800,0.7102,0.7201,0.7082,0.7084,293506
1783562400,0.7086,0.7169,0.7072,0.7153,951832.1
1783566000,0.7152,0.7217,0.7121,0.7181,458544.4
1783569600,0.7182,0.727,0.718,0.7264,177341.3
1783573200,0.7266,0.732,0.72,0.7253,525926
1783576800,0.7251,0.7291,0.7237,0.7283,383561.9
1783580400,0.728,0.7298,0.7223,0.7244,231941.2
1783584000,0.724,0.7271,0.7235,0.7237,119555.6
1783587600,0.7236,0.7243,0.7213,0.7235,57982.8
1783591200,0.7234,0.7237,0.7185,0.7207,151499.8
1783594800,0.7208,0.7226,0.719,0.7225,202294.5
1783598400,0.7225,0.7228,0.7148,0.717,469186.3
1783602000,0.7171,0.7219,0.7154,0.7215,168730.8
1783605600,0.7216,0.7218,0.7152,0.7198,272068.1
1783609200,0.7196,0.7212,0.7165,0.7165,170560.6
1783612800,0.7167,0.7184,0.7151,0.7173,107578
1783616400,0.7173,0.7199,0.7141,0.7198,646151.3
1783620000,0.7199,0.723,0.719,0.7203,174051.3
1783623600,0.7204,0.7209,0.7175,0.7184,81346.4
1783627200,0.7185,0.7204,0.7175,0.7197,60994
1783630800,0.7198,0.7208,0.7175,0.7188,60262.1
1783634400,0.7189,0.7192,0.7168,0.7172,102031.4
1783638000,0.7172,0.7183,0.7146,0.7167,101397.3
1783641600,0.7168,0.717,0.7114,0.7142,444336.7
1783645200,0.7143,0.7287,0.7119,0.7244,816123.7
1783648800,0.7245,0.7258,0.723,0.7246,704986.7
1783652400,0.7246,0.7266,0.723,0.7254,359230.2
1783656000,0.7255,0.7268,0.7239,0.7247,63286.9
1783659600,0.7247,0.7268,0.7235,0.726,61819.5
1783663200,0.7261,0.7267,0.722,0.722,108461.8
1783666800,0.7219,0.7239,0.7215,0.7223,33633.2
1783670400,0.7224,0.7291,0.7222,0.7276,172834.2
1783674000,0.7278,0.7309,0.726,0.7298,270875.3
1783677600,0.7298,0.7499,0.7288,0.7431,1970122.9
1783681200,0.743,0.7449,0.7353,0.7371,533826.9
1783684800,0.737,0.7417,0.7324,0.7369,751010.8
1783688400,0.7366,0.7462,0.7356,0.7413,518179.4
1783692000,0.7411,0.7425,0.7294,0.7372,1200715.6
1783695600,0.7372,0.7384,0.7333,0.7361,660540.5
1783699200,0.7362,0.7394,0.7336,0.7381,202230.2
1783702800,0.7381,0.7389,0.7316,0.7316,227288.5
1783706400,0.7315,0.7348,0.7302,0.732,579653.9
1783710000,0.7319,0.738,0.7314,0.7368,593974.3
1783713600,0.7365,0.7373,0.7331,0.7344,204716.9
1783717200,0.7346,0.7398,0.7345,0.7396,121107.3
1783720800,0.7393,0.7414,0.7392,0.74,113689.2
1783724400,0.7399,0.7399,0.7374,0.7384,98380.2
1783728000,0.7383,0.7387,0.7324,0.7341,168090.3
1783731600,0.7343,0.7357,0.7313,0.7322,204392.5
1783735200,0.732,0.738,0.7316,0.7378,62683.9
1783738800,0.7379,0.7448,0.7373,0.7427,426081.7
1783742400,0.7428,0.7439,0.7388,0.7423,323025
1783746000,0.742,0.7543,0.7408,0.7463,586447.4
1783749600,0.7463,0.7507,0.7457,0.7465,412879.1
1783753200,0.7464,0.7474,0.7429,0.7438,330313.4
1783756800,0.7439,0.7462,0.743,0.7459,181421.9
1783760400,0.746,0.7467,0.741,0.7416,433035.1
1783764000,0.7417,0.7423,0.7377,0.7392,545453
1783767600,0.7392,0.7431,0.7389,0.7424,100928.6
1783771200,0.7424,0.7431,0.7389,0.7411,669696.2
1783774800,0.7411,0.7448,0.7401,0.7432,94303.6
1783778400,0.7432,0.7484,0.7432,0.745,147186
1783782000,0.745,0.7497,0.7406,0.7424,846465.7
1783785600,0.7423,0.7437,0.7397,0.7437,126363.1
1783789200,0.7434,0.7488,0.7421,0.7465,355192.5
1783792800,0.7464,0.749,0.745,0.7489,256518.8
1783796400,0.749,0.7502,0.7434,0.7467,544199.1
1783800000,0.747,0.7487,0.7463,0.7481,291202.6
1783803600,0.748,0.7501,0.7443,0.7451,181935.4
1783807200,0.7451,0.7453,0.7393,0.7404,252669.4
1783810800,0.7403,0.7411,0.728,0.7288,767720
1783814400,0.7287,0.7295,0.7214,0.7234,423801.3
1783818000,0.7233,0.7303,0.7225,0.7303,572829.8
1783821600,0.73,0.7304,0.7274,0.7274,166963.3
1783825200,0.7274,0.7313,0.7252,0.7312,247157.8
1783828800,0.7313,0.7329,0.729,0.7309,246282.4
1783832400,0.7311,0.7342,0.7296,0.7327,90382.3
1783836000,0.7326,0.7326,0.7265,0.7302,140248.3
1783839600,0.7302,0.7387,0.7301,0.7384,232164.9
1783843200,0.7385,0.7443,0.7383,0.7406,236347.1
1783846800,0.7403,0.7463,0.7374,0.7408,428952
1783850400,0.7406,0.7406,0.7374,0.7392,158892.2
1783854000,0.7389,0.7418,0.7379,0.7404,85593.3
1783857600,0.7404,0.746,0.7401,0.7421,282783.1
1783861200,0.7419,0.7446,0.7409,0.7415,410612.1
1783864800,0.7418,0.7481,0.7404,0.7457,192223.8
1783868400,0.7459,0.7461,0.7419,0.7446,119234.4
1783872000,0.7447,0.7455,0.7411,0.7424,97952.2
1783875600,0.7426,0.7426,0.7375,0.7387,77336.7
1783879200,0.7388,0.7399,0.736,0.7389,363634.9
1783882800,0.7388,0.7418,0.7382,0.7412,62703.5
1783886400,0.7414,0.7429,0.7404,0.7413,74612.7
1783890000,0.7411,0.7428,0.7366,0.7371,101582.3
1783893600,0.7371,0.7371,0.7325,0.7361,207759.8
1783897200,0.736,0.7375,0.7337,0.736,70701.1
1783900800,0.7356,0.7465,0.7315,0.7368,334009.4
1783904400,0.7371,0.7386,0.7287,0.7294,293617.3
1783908000,0.7292,0.7338,0.727,0.7292,486538.8
1783911600,0.7291,0.7302,0.7216,0.7265,555340.5
1783915200,0.7263,0.7302,0.725,0.7269,98868.1
1783918800,0.727,0.7326,0.7248,0.7318,349469.4
1783922400,0.7319,0.7334,0.7301,0.7314,57495.8
1783926000,0.7312,0.7331,0.7297,0.7322,183208.2
1783929600,0.7322,0.7358,0.7306,0.7339,141019
1783933200,0.7338,0.7338,0.7321,0.7324,75265.8
1783936800,0.7324,0.7344,0.7299,0.7314,179496.3
1783940400,0.7314,0.733,0.7303,0.7305,102649.1
1783944000,0.7302,0.7315,0.7249,0.7271,222219.6
1783947600,0.7272,0.7278,0.7224,0.7251,308196.9
1783951200,0.7252,0.7331,0.722,0.7331,525553.5
1783954800,0.7329,0.7331,0.7272,0.7274,139150.7
1783958400,0.7276,0.7285,0.7214,0.7239,250727.2
1783962000,0.7243,0.7258,0.7137,0.7141,750892
1783965600,0.7142,0.7181,0.7142,0.716,237190.1
1783969200,0.7161,0.721,0.7158,0.7204,219311.9
1783972800,0.7206,0.7214,0.7155,0.718,198154.9
1783976400,0.7178,0.7183,0.707,0.7111,319601
1783980000,0.7114,0.716,0.7114,0.7137,77939
1783983600,0.7137,0.7217,0.7127,0.7217,108226.3
1783987200,0.7214,0.7253,0.7188,0.7247,204892.6
1783990800,0.7248,0.7275,0.7234,0.7255,186157.4
1783994400,0.7254,0.7264,0.7213,0.7231,129902.2
1783998000,0.7229,0.7237,0.7184,0.7235,85614.4
1784001600,0.7236,0.7276,0.722,0.7272,164782.2
1784005200,0.7275,0.7307,0.7275,0.7294,486482.8
1784008800,0.7296,0.7345,0.7294,0.7325,154274.3
1784012400,0.7328,0.7332,0.7297,0.73,161236.5
1784016000,0.73,0.7337,0.729,0.73,101732.4
1784019600,0.7297,0.7306,0.7282,0.7297,67521.1
1784023200,0.7297,0.7329,0.7279,0.7323,186628.1
1784026800,0.7322,0.7332,0.7294,0.7299,546093.5
1784030400,0.7298,0.749,0.7291,0.7479,1504388.5
1784034000,0.7482,0.7614,0.7455,0.7558,1078289.4
1784037600,0.756,0.7666,0.7518,0.7639,1992321.7
1784041200,0.7639,0.7663,0.7578,0.7582,1117054.7
1784044800,0.7586,0.7618,0.7547,0.7548,686732.3
1784048400,0.7549,0.7563,0.7505,0.7557,856247.5
1784052000,0.7558,0.7598,0.7551,0.759,331457.9
1784055600,0.7592,0.7635,0.7587,0.7622,368367.6
1784059200,0.762,0.7623,0.757,0.7587,704634.6
1784062800,0.759,0.7622,0.7579,0.7589,263703.2
1784066400,0.7588,0.7638,0.7558,0.7612,674640.6
1784070000,0.7613,0.7626,0.7594,0.7619,414214.7
1784073600,0.762,0.7632,0.759,0.7624,196965.7
1784077200,0.7624,0.7624,0.7573,0.7581,370128.2
1784080800,0.7582,0.7592,0.748,0.7506,425986.9
1784084400,0.7503,0.7549,0.7498,0.7527,235258.7
1784088000,0.7528,0.7541,0.7503,0.7531,113934.1
1784091600,0.7534,0.7567,0.7494,0.7564,298005.1
1784095200,0.7564,0.7601,0.7545,0.7546,370003
1784098800,0.7545,0.756,0.7503,0.7524,68705.3
1784102400,0.7522,0.7539,0.7502,0.7535,83434.6
1784106000,0.7532,0.7561,0.752,0.7522,88028.3
1784109600,0.7519,0.7545,0.751,0.7515,58360.3
1784113200,0.7517,0.754,0.7509,0.7539,106088.3
1784116800,0.754,0.7623,0.7519,0.7621,365813.4
1784120400,0.7623,0.7676,0.7569,0.7597,1445735
1784124000,0.7601,0.7624,0.7576,0.7592,238230.1
1784127600,0.7594,0.7607,0.7565,0.7597,269088.3
1784131200,0.7597,0.76,0.7441,0.7497,764325.4
1784134800,0.7496,0.753,0.748,0.7524,376981.6
1784138400,0.7527,0.7548,0.748,0.7488,138173.3
1784142000,0.7489,0.7504,0.7469,0.7489,240093.3
1784145600,0.7488,0.7531,0.7478,0.7516,193803.3
1784149200,0.7518,0.754,0.7508,0.754,245035.6
1784152800,0.7537,0.7589,0.7515,0.7558,365175.9
1784156400,0.7557,0.7608,0.7538,0.7547,287683
1784160000,0.7546,0.7558,0.7468,0.7473,279467.9
1784163600,0.7476,0.7529,0.7456,0.7523,139293.8
1784167200,0.7521,0.762,0.7515,0.7614,357962.5
1784170800,0.7612,0.7652,0.7582,0.7598,297766.9
1784174400,0.7598,0.7601,0.7536,0.7545,158617.4
1784178000,0.7547,0.7586,0.7547,0.7575,98434.9
1784181600,0.7575,0.7589,0.7513,0.7537,271721.7
1784185200,0.7536,0.7539,0.7393,0.7417,739544.1
1784188800,0.7418,0.742,0.7331,0.7391,597568.3
1784192400,0.7392,0.7411,0.7386,0.7397,295842.3
1784196000,0.7395,0.7431,0.7392,0.7415,217600.3
1784199600,0.7416,0.7426,0.7396,0.742,223810.6
1784203200,0.7421,0.7433,0.7374,0.7399,289578.3
1784206800,0.7398,0.7507,0.7396,0.7503,716270.6
1784210400,0.7503,0.7545,0.7474,0.7511,377272.3
1784214000,0.7509,0.7531,0.7442,0.7503,420430.5
1784217600,0.7506,0.7529,0.7488,0.7508,126216
1784221200,0.7508,0.7508,0.745,0.7475,238784
1784224800,0.7474,0.7513,0.745,0.7476,292851.9
1784228400,0.7473,0.749,0.746,0.7479,153453.6
1784232000,0.7479,0.7484,0.7459,0.7462,96015.1
1784235600,0.7464,0.7513,0.7458,0.7496,141377.2
1784239200,0.7497,0.7514,0.7418,0.7424,394555.1
1784242800,0.7424,0.7433,0.7358,0.7385,408648.2
1784246400,0.7383,0.7433,0.7349,0.7433,211822
1784250000,0.7433,0.7458,0.7362,0.7374,507285.9
1784253600,0.7375,0.7408,0.7359,0.7397,127756.9
1784257200,0.7399,0.7477,0.7386,0.7433,350220.8
1784260800,0.7432,0.7432,0.7379,0.7421,337364.5
1784264400,0.7421,0.7421,0.7298,0.73,364276.1
1784268000,0.7301,0.7373,0.7291,0.7332,668545.3
1784271600,0.7332,0.7345,0.7311,0.7311,148948.3
1784275200,0.731,0.7322,0.7223,0.7286,641459.8
1784278800,0.7288,0.7351,0.7284,0.7338,138908.2
1784282400,0.7336,0.736,0.7336,0.7345,178323.3
1784286000,0.7347,0.739,0.7333,0.7357,167121.7
1784289600,0.7356,0.736,0.7279,0.7283,594807.6
1784293200,0.7282,0.7327,0.7209,0.7323,786046.6
1784296800,0.7325,0.7367,0.7288,0.7301,510671.1
1784300400,0.7301,0.7341,0.7248,0.7336,635991.6
1784304000,0.7339,0.7405,0.7319,0.7385,1021480.1
1784307600,0.7386,0.7442,0.7386,0.7398,320578.4
1784311200,0.7396,0.7419,0.7375,0.7401,385674.9
1784314800,0.74,0.7401,0.7352,0.7378,417287.3
1784318400,0.7377,0.739,0.7361,0.7385,212723.4
1784322000,0.7386,0.7411,0.7381,0.7381,92306
1784325600,0.7384,0.7391,0.736,0.7383,133007.5
1784329200,0.7385,0.7403,0.7361,0.7396,69927.9
1784332800,0.7397,0.7409,0.7385,0.7392,124548.4
1784336400,0.7391,0.7402,0.7384,0.7384,42188.2
1784340000,0.7387,0.7419,0.7379,0.7401,59584.4
1784343600,0.7403,0.742,0.739,0.742,125534.3
1784347200,0.7418,0.7418,0.7371,0.7373,93524.5
1784350800,0.7372,0.7376,0.7348,0.7356,77023.2
1784354400,0.7353,0.7372,0.7349,0.7351,50709.5
1784358000,0.7352,0.7364,0.7338,0.7358,122583.6
1784361600,0.7358,0.7388,0.735,0.7371,93418.5
1784365200,0.7369,0.737,0.7329,0.7343,135159
1784368800,0.7344,0.7355,0.7336,0.7355,59275.9
1784372400,0.7354,0.7363,0.7345,0.7351,51945.3
1784376000,0.735,0.7379,0.7331,0.7355,121129
1784379600,0.7354,0.7354,0.7314,0.7318,81812.8
1784383200,0.7322,0.736,0.7311,0.7355,188377.6
1784386800,0.7355,0.7364,0.7334,0.735,142678.1
1784390400,0.7349,0.7375,0.7341,0.7359,174424.7
1784394000,0.7359,0.7401,0.7352,0.7398,173937.9
1784397600,0.7396,0.7426,0.7383,0.7396,303283.5
1784401200,0.7399,0.7422,0.7391,0.7416,707454.7
1784404800,0.7417,0.7436,0.7404,0.7427,219439
1784408400,0.7428,0.7459,0.7387,0.7397,238475
1784412000,0.74,0.7447,0.7397,0.7435,199702.3
1784415600,0.7434,0.7441,0.7413,0.7432,77370.9
1784419200,0.7433,0.7439,0.7418,0.7434,174893.1
1784422800,0.7433,0.7433,0.7407,0.7419,95221.2
1784426400,0.742,0.7471,0.742,0.7463,131160.8
1784430000,0.7463,0.7463,0.7405,0.7417,89838.7
1784433600,0.7418,0.7432,0.7404,0.7418,56292.3
1784437200,0.7419,0.7431,0.7402,0.7411,31262
1784440800,0.7413,0.7455,0.7411,0.7454,88124.5
1784444400,0.7454,0.7463,0.7439,0.7444,148207
1784448000,0.7445,0.748,0.7441,0.7466,178729.5
1784451600,0.7467,0.7496,0.7434,0.7483,227294.3
1784455200,0.7481,0.7569,0.7462,0.7539,345665.2
1784458800,0.7537,0.7554,0.749,0.7493,281998.4
1784462400,0.7494,0.7524,0.7483,0.7511,209177.7
1784466000,0.7508,0.7525,0.7472,0.7523,124284.5
1784469600,0.7522,0.7545,0.7497,0.7515,118142.6
1784473200,0.7514,0.754,0.7496,0.7506,240932.4
1784476800,0.7508,0.7524,0.7485,0.7487,73679.1
1784480400,0.7489,0.7491,0.7426,0.7456,318774.8
1784484000,0.7455,0.7455,0.74,0.7451,133468.1
1784487600,0.7452,0.7498,0.7438,0.7498,67942.2
1784491200,0.7497,0.751,0.7481,0.751,106666.7
1784494800,0.7511,0.7519,0.7447,0.7454,116117.6
1784498400,0.7453,0.7529,0.7453,0.7474,232222.6
1784502000,0.7473,0.7495,0.746,0.7487,178022.7
1784505600,0.7487,0.7557,0.7471,0.7511,308560.5
1784509200,0.7509,0.7583,0.747,0.7484,170213.9
1784512800,0.7483,0.754,0.7482,0.7525,216315.6
1784516400,0.7526,0.7538,0.7478,0.7499,124201.9
1784520000,0.7497,0.7501,0.7452,0.7468,148987.7
1784523600,0.747,0.7471,0.7395,0.7415,187531.9
1784527200,0.7413,0.743,0.7389,0.7401,233339.8
1784530800,0.7402,0.747,0.7397,0.7465,175888.1
1784534400,0.7466,0.7489,0.7386,0.7398,594165.7
1784538000,0.7401,0.7424,0.7393,0.7417,332594.8
1784541600,0.7419,0.7461,0.741,0.7447,210532.1
1784545200,0.7444,0.7551,0.7438,0.7541,400078
1784548800,0.754,0.7556,0.7507,0.7526,424706.6
1784552400,0.7529,0.7598,0.7495,0.7508,671923.9
1784556000,0.7507,0.7555,0.747,0.7518,219581
1784559600,0.7519,0.7659,0.7514,0.7655,908158
1784563200,0.7654,0.7656,0.7588,0.7631,981367.1
1784566800,0.7631,0.7671,0.7604,0.7671,878798
1784570400,0.7672,0.7739,0.766,0.7674,774828.5
1784574000,0.7675,0.7691,0.7633,0.7674,590163.4
1784577600,0.7674,0.7697,0.7652,0.7693,560611.5
1784581200,0.7692,0.7706,0.7636,0.7644,407312
1784584800,0.764,0.7641,0.7594,0.7607,315593.4
1784588400,0.7608,0.7645,0.7605,0.763,89406.1
1784592000,0.7631,0.7701,0.7625,0.7693,157261.8
1784595600,0.7692,0.7705,0.7637,0.764,134138.9
1784599200,0.7641,0.7669,0.7602,0.7653,244590.4
1784602800,0.7653,0.7683,0.7653,0.7683,173649.1
1784606400,0.7684,0.7699,0.7652,0.7693,628761.4
1784610000,0.7693,0.7763,0.7678,0.775,752305.3
1784613600,0.7749,0.7763,0.772,0.7736,519798.6
1784617200,0.7734,0.7776,0.7724,0.7769,216415.2
1784620800,0.7767,0.777,0.7714,0.7714,584315.8
1784624400,0.7714,0.7738,0.7706,0.7728,273868.1
1784628000,0.7729,0.7741,0.7707,0.7722,234108.5
1784631600,0.772,0.772,0.7651,0.7688,519013.3
1784635200,0.7689,0.7704,0.7674,0.7686,347248.2
1784638800,0.7687,0.7707,0.7666,0.7691,372595.5
1784642400,0.7692,0.77,0.7647,0.7672,1078258.4
1784646000,0.7675,0.7688,0.7622,0.7671,501855.8
1784649600,0.7671,0.7699,0.7656,0.7696,474896.1
1784653200,0.7695,0.7698,0.7619,0.7639,738571.5
1784656800,0.7641,0.7658,0.7624,0.7641,170457.9
1784660400,0.7642,0.7663,0.7634,0.7661,157735.3
1784664000,0.7662,0.7693,0.7658,0.768,150363.5
1784667600,0.7679,0.7699,0.7671,0.7692,135066.2
1784671200,0.7689,0.7691,0.7669,0.7679,83141.7
1784674800,0.7675,0.7717,0.7658,0.7715,80131
1784678400,0.7714,0.775,0.7709,0.7715,241743.9
1784682000,0.7716,0.7721,0.7665,0.7687,376094.7
1784685600,0.7687,0.7735,0.7673,0.7686,167770.3
1784689200,0.7688,0.7696,0.763,0.7635,210747
1784692800,0.7636,0.7671,0.7635,0.7655,148424.6
1784696400,0.7654,0.7655,0.7585,0.7598,377974.3
1784700000,0.7599,0.7607,0.7536,0.7543,330021.7
1784703600,0.7542,0.7572,0.7524,0.7554,288497.5
1784707200,0.7553,0.76,0.7544,0.7586,498151.9
1784710800,0.7586,0.7604,0.7574,0.7591,149606.6
1784714400,0.7591,0.7618,0.7587,0.7612,118307.6
1784718000,0.7611,0.7617,0.759,0.7595,357949
1784721600,0.7596,0.7598,0.7558,0.7598,289388.4
1784725200,0.7599,0.7691,0.7598,0.7669,628481.7
1784728800,0.7669,0.772,0.764,0.7686,590805.2
1784732400,0.7687,0.7745,0.7687,0.7704,317400.7
1784736000,0.7702,0.779,0.7694,0.7757,646018.6
1784739600,0.7758,0.7759,0.7694,0.7695,190122.2
1784743200,0.7695,0.7707,0.7649,0.7688,288170.2
1784746800,0.7688,0.7692,0.7631,0.7662,266425.8
1784750400,0.7658,0.77,0.764,0.765,956324.2
1784754000,0.7651,0.7672,0.7625,0.766,120435.8
1784757600,0.7661,0.7666,0.7616,0.7648,174838.5
1784761200,0.7645,0.7649,0.7601,0.7642,217916
1784764800,0.7641,0.7673,0.7633,0.7646,206842.8
1784768400,0.7645,0.7657,0.7607,0.7608,122690.1
1784772000,0.7608,0.7634,0.7585,0.7634,169849.9
1784775600,0.7635,0.7642,0.7597,0.7625,295847.8
1784779200,0.7624,0.7663,0.7617,0.7646,164203
1784782800,0.7647,0.768,0.7634,0.766,109483.1
1784786400,0.7659,0.7713,0.7644,0.7708,120917.6
1784790000,0.7707,0.7707,0.7631,0.7699,292847.3
1784793600,0.7697,0.775,0.7691,0.772,161924.5
1784797200,0.7719,0.775,0.7693,0.7693,326224.6
1784800800,0.7695,0.7714,0.7683,0.7691,214467.2
1784804400,0.7692,0.7695,0.7662,0.7665,240383.9
1784808000,0.7663,0.7679,0.7589,0.7608,604773.2
1784811600,0.761,0.7617,0.7532,0.7532,548368.7
1784815200,0.7535,0.7564,0.748,0.7484,763182.8
1784818800,0.7483,0.7492,0.7402,0.7487,704392.6
1784822400,0.7487,0.7487,0.7435,0.7455,126344.3
1784826000,0.7454,0.7465,0.7395,0.7404,317107.4
1784829600,0.7406,0.7448,0.7395,0.743,155806.4
1784833200,0.7431,0.7465,0.7418,0.7448,312167.6
1784836800,0.7444,0.7499,0.7441,0.7491,178173.5
1784840400,0.7491,0.7503,0.7455,0.7465,151409.8
1784844000,0.7467,0.7487,0.7438,0.7475,162016.4
1784847600,0.7475,0.748,0.7433,0.744,109027.6
1784851200,0.744,0.744,0.7375,0.7419,287355.7
1784854800,0.7418,0.7446,0.7411,0.7429,95018.5
1784858400,0.743,0.7445,0.7398,0.7413,47800.5
1784862000,0.7412,0.7463,0.7409,0.7458,117262.7
1784865600,0.7459,0.746,0.7421,0.7424,24571.2
1784869200,0.7425,0.7435,0.7415,0.7426,60356.5
1784872800,0.7424,0.7459,0.7417,0.7427,241912.4
1784876400,0.7427,0.7481,0.7411,0.7443,248568
1784880000,0.7442,0.7444,0.7416,0.7423,108942.8
1784883600,0.7423,0.7423,0.7314,0.7358,202405.8
1784887200,0.7359,0.7366,0.7307,0.7319,227922
1784890800,0.7318,0.7332,0.7288,0.7309,289732.7
1784894400,0.7306,0.7323,0.7253,0.7268,1101943.7
1784898000,0.7266,0.7272,0.7182,0.721,1343471.5
1784901600,0.7211,0.7218,0.7122,0.7169,762152.2
1784905200,0.7168,0.7203,0.7137,0.7175,527226.3
1784908800,0.7174,0.7179,0.7116,0.7129,300627.2
1784912400,0.713,0.7153,0.711,0.7129,215689.9
1784916000,0.7129,0.7132,0.707,0.7101,278622.4
1784919600,0.71,0.7106,0.7066,0.7093,401083.2
1784923200,0.7097,0.7118,0.7094,0.7114,356024.7
1784926800,0.7113,0.7117,0.7078,0.7084,192253.8
1784930400,0.7083,0.7124,0.7082,0.7113,403689.7
1784934000,0.7114,0.7122,0.7087,0.7102,147975.4
1784937600,0.7101,0.7115,0.7093,0.7104,149014.2
1784941200,0.7104,0.7113,0.7088,0.7106,169095.6
1784944800,0.7104,0.7114,0.7089,0.711,56615.3
1784948400,0.7111,0.7138,0.7111,0.7115,114962.9
1784952000,0.7114,0.7138,0.711,0.7138,138834
1784955600,0.7137,0.7148,0.7103,0.7108,58646.5
1784959200,0.7106,0.7111,0.7038,0.7065,248412.6
1784962800,0.7066,0.7069,0.7015,0.7031,273330.8
1784966400,0.7028,0.7054,0.7017,0.7028,149287.7
1784970000,0.7029,0.7056,0.7023,0.7042,51996.2
1784973600,0.7043,0.7054,0.7043,0.705,50177.3
1784977200,0.7049,0.7062,0.7031,0.7042,111133.2
1784980800,0.7042,0.7061,0.7035,0.7061,116628.1
1784984400,0.7061,0.709,0.7061,0.7071,274213.4
1784988000,0.707,0.7076,0.7056,0.7075,152646.5
1784991600,0.7074,0.7107,0.7069,0.7102,177675.7
1784995200,0.71,0.7131,0.7098,0.7125,200731.7
1784998800,0.7124,0.7167,0.7121,0.7132,603440.7
1785002400,0.7136,0.7173,0.7136,0.7144,603774.8
1785006000,0.7143,0.7144,0.7122,0.7135,76297.3
1785009600,0.7135,0.7138,0.7112,0.7116,127289.7
1785013200,0.7115,0.7138,0.7102,0.7124,94325.4
1785016800,0.7125,0.7135,0.712,0.7131,59275.3
1785020400,0.713,0.713,0.7102,0.7106,102470.9
1785024000,0.7107,0.7126,0.7103,0.7118,97216.1
1785027600,0.7119,0.7126,0.7112,0.7122,106892.7
1785031200,0.7123,0.7148,0.7108,0.7143,72449.7
1785034800,0.7143,0.7178,0.7132,0.717,116473.2
1785038400,0.7171,0.722,0.7152,0.7191,305281.4
1785042000,0.719,0.7216,0.7176,0.7204,189640.5
1785045600,0.7205,0.7241,0.7167,0.7237,245611.8
1785049200,0.7236,0.7259,0.7193,0.7197,168123.1
1785052800,0.7197,0.7197,0.7169,0.7177,28713.5
1785056400,0.7175,0.7186,0.7157,0.716,90527.1
1785060000,0.716,0.7188,0.7159,0.7172,69756.7
1785063600,0.7171,0.7193,0.7169,0.7175,125478.6
1785067200,0.7176,0.7195,0.716,0.7163,180089.6
1785070800,0.7163,0.717,0.7142,0.7153,191146.9
1785074400,0.7153,0.7196,0.715,0.7164,125219.7
1785078000,0.7162,0.7197,0.7156,0.7187,351700.7
1785081600,0.7188,0.7219,0.7174,0.7178,231280.7
1785085200,0.7178,0.718,0.7136,0.7142,291924.8
1785088800,0.7141,0.7143,0.7104,0.7126,110689.5
1785092400,0.7125,0.7128,0.7102,0.7114,143631.9
1785096000,0.7115,0.7141,0.7106,0.713,826463.2
1785099600,0.713,0.7171,0.7127,0.715,271418.4
1785103200,0.715,0.7225,0.715,0.7218,483752.2
1785106800,0.7219,0.7253,0.7207,0.7228,247142.9
1785110400,0.7227,0.7237,0.7162,0.7174,196621.9
1785114000,0.7173,0.7185,0.7129,0.7182,185272
1785117600,0.7183,0.7205,0.7174,0.7192,160361.3
1785121200,0.7194,0.7203,0.7172,0.7184,186870.5
1785124800,0.7185,0.7207,0.7158,0.7168,313812.7
1785128400,0.7167,0.7193,0.7163,0.719,128357.9
1785132000,0.7191,0.7239,0.7181,0.7186,304277.2
1785135600,0.7185,0.719,0.7154,0.7168,170512.2
1785139200,0.7168,0.717,0.7138,0.7138,156784.8
1785142800,0.7138,0.7174,0.7121,0.7163,184669
1785146400,0.7163,0.7189,0.7158,0.7171,125537.9
1785150000,0.7172,0.7173,0.715,0.7158,171088
1785153600,0.7158,0.7177,0.7082,0.7132,578296.5
1785157200,0.7132,0.72,0.7105,0.716,587585.7
1785160800,0.7158,0.7163,0.694,0.6996,1557864.2
1785164400,0.7001,0.7036,0.6975,0.6986,486926.3
1785168000,0.6986,0.7052,0.6974,0.7039,264608.2
1785171600,0.7039,0.7058,0.7026,0.7034,289659.8
1785175200,0.7032,0.7042,0.6986,0.7013,304524.1
1785178800,0.7014,0.7047,0.7004,0.7039,797699
1785182400,0.7039,0.7043,0.7,0.7011,121667.5
1785186000,0.701,0.702,0.6993,0.7005,184263.2
1785189600,0.7004,0.7004,0.6772,0.6792,1874315.6
1785193200,0.6793,0.683,0.674,0.68,1471409
1785196800,0.6803,0.6826,0.678,0.6804,405505.9
1785200400,0.6802,0.6821,0.673,0.6788,496950.7
1785204000,0.6787,0.684,0.6779,0.684,228991.2
1785207600,0.6837,0.6847,0.6824,0.6832,231700.5
1785211200,0.6834,0.6846,0.6814,0.6828,176207.5
1785214800,0.6829,0.6839,0.6802,0.6803,378717.8
1785218400,0.6806,0.6821,0.6784,0.6813,530161.5
1785222000,0.6814,0.6821,0.6792,0.6803,274384
1785225600,0.6801,0.6817,0.6789,0.6813,146444.8
1785229200,0.6811,0.6833,0.6796,0.6818,301607.9
1785232800,0.6818,0.6833,0.681,0.683,294062.9
1785236400,0.6831,0.6849,0.6811,0.6818,527943.1
1785240000,0.6817,0.6858,0.6813,0.685,301498.5
1785243600,0.6849,0.6855,0.6736,0.6795,612170.3
1785247200,0.6796,0.6854,0.6779,0.6838,372590.5
1785250800,0.6838,0.6918,0.6815,0.6894,646253.1
1785254400,0.6894,0.6923,0.688,0.6911,526388.9
1785258000,0.6913,0.6914,0.6855,0.6878,403471.2
1785261600,0.6878,0.6892,0.687,0.6881,128543.9
1785265200,0.6882,0.6932,0.6882,0.6924,505916.4
1785268800,0.6925,0.6942,0.6915,0.6919,355369.8
1785272400,0.692,0.6951,0.6916,0.6947,133396
1785276000,0.6945,0.6959,0.6915,0.6919,283767
1785279600,0.6919,0.6922,0.6878,0.6917,371311.1
1785283200,0.6918,0.6957,0.6918,0.6924,209042.9
1785286800,0.6922,0.6937,0.6889,0.6889,140414.1
1785290400,0.6888,0.6931,0.686,0.6887,166505.9
1785294000,0.6885,0.6892,0.6806,0.681,252096.5
1785297600,0.6811,0.6847,0.6782,0.6839,493755.5
1785301200,0.684,0.6864,0.6823,0.6852,121296.6
1785304800,0.6851,0.6879,0.6842,0.6871,92931.1
1785308400,0.687,0.6872,0.6846,0.6871,102854
1785312000,0.6872,0.6887,0.6842,0.6868,199631.5
1785315600,0.6868,0.6909,0.6868,0.6899,82974.6
1785319200,0.6899,0.691,0.6871,0.688,204467
1785322800,0.6881,0.6911,0.6874,0.6886,223665.4
1785326400,0.6885,0.6885,0.684,0.687,123724.3
1785330000,0.6868,0.6905,0.6857,0.6897,249774.9
1785333600,0.6898,0.6904,0.6831,0.6844,241130.9
1785337200,0.6843,0.6863,0.6799,0.6821,265547.5
1785340800,0.682,0.6854,0.6797,0.6822,189778
1785344400,0.6821,0.6888,0.682,0.6888,166632.9
1785348000,0.6887,0.6971,0.6852,0.6946,838158.6
1785351600,0.6949,0.6963,0.6802,0.681,665602
1785355200,0.6812,0.6835,0.676,0.6785,562382.4
1785358800,0.6784,0.6836,0.6763,0.6834,1151415.8
1785362400,0.6835,0.6869,0.6827,0.6852,165726.4
1785366000,0.685,0.6862,0.6836,0.686,119488.5
1785369600,0.686,0.6881,0.6809,0.6823,214877.1
1785373200,0.6824,0.69,0.6822,0.6888,365959.9
1785376800,0.6888,0.691,0.6877,0.688,196735
1785380400,0.688,0.6888,0.6861,0.6873,76107
1785384000,0.6872,0.6873,0.6838,0.6842,90876.6
1785387600,0.6842,0.6856,0.6826,0.6847,280381
1785391200,0.6847,0.6859,0.6839,0.6855,91006.8
1785394800,0.6855,0.6885,0.6845,0.6859,125603.6
1785398400,0.686,0.6899,0.6851,0.6889,149176.6
1785402000,0.6889,0.6899,0.687,0.6899,197776.1
1785405600,0.6898,0.6918,0.6893,0.6907,231241.6
1785409200,0.6908,0.6945,0.6907,0.693,430111.4
1785412800,0.693,0.6954,0.6919,0.6923,265869.7
1785416400,0.6925,0.6968,0.6894,0.6959,560643.1
1785420000,0.6959,0.6983,0.6927,0.6962,481011.8
1785423600,0.696,0.7008,0.6945,0.6994,368428.5
1785427200,0.6995,0.7036,0.6992,0.7004,427458.6
1785430800,0.7006,0.7062,0.6988,0.7044,428991.4
1785434400,0.7044,0.7063,0.6986,0.6994,323983
1785438000,0.6992,0.701,0.6984,0.6986,162708.7
1785441600,0.6986,0.7013,0.6941,0.6941,337655.9
1785445200,0.6941,0.6975,0.6941,0.6951,389745.6
1785448800,0.695,0.6975,0.6939,0.6948,90951.1
1785452400,0.6948,0.6975,0.6915,0.6917,174435.1
1785456000,0.6918,0.6932,0.6895,0.6926,181531.8
1785459600,0.6927,0.6969,0.6899,0.6916,403961.6
1785463200,0.6916,0.6925,0.6854,0.6876,289368.9
1785466800,0.6875,0.6902,0.685,0.6891,218535.5
1785470400,0.6892,0.6902,0.6871,0.6888,204587.5
1785474000,0.6887,0.6909,0.6871,0.69,134522.4
1785477600,0.6898,0.6908,0.687,0.6882,71897.1
1785481200,0.6881,0.6908,0.6833,0.6893,235050.9
1785484800,0.6892,0.6914,0.6887,0.6902,205871.8
1785488400,0.69,0.6903,0.6861,0.6863,118518.2
1785492000,0.6862,0.6891,0.6823,0.6887,229933.8
1785495600,0.6889,0.6906,0.6865,0.6874,396475
1785499200,0.6872,0.6894,0.6856,0.6888,124635.1
1785502800,0.6885,0.6895,0.6826,0.6851,221198.7
1785506400,0.6853,0.69,0.6776,0.6842,1593664.9
1785510000,0.684,0.6856,0.6802,0.6822,342655.3
1785513600,0.6824,0.6857,0.6824,0.6837,185009.5
1785517200,0.6835,0.6852,0.6824,0.6831,191818.9
1785520800,0.6831,0.6855,0.6808,0.6822,273267.7
1785524400,0.6825,0.6831,0.6762,0.6786,263722.6
1785528000,0.6787,0.6817,0.6786,0.6798,195524.1
1785531600,0.6797,0.6826,0.6786,0.6787,76302
1785535200,0.6788,0.682,0.6788,0.6814,72767.5
1785538800,0.6814,0.6834,0.6811,0.6816,95831.2
1785542400,0.6817,0.6844,0.6817,0.683,92901.2
1785546000,0.683,0.6856,0.683,0.6853,156990.3
1785549600,0.6854,0.6862,0.6848,0.6853,60867.9
1785553200,0.6854,0.686,0.6839,0.686,82810.4
1785556800,0.686,0.6893,0.6857,0.6887,129338.6
1785560400,0.6886,0.6896,0.6826,0.6848,95723
1785564000,0.6849,0.6849,0.6831,0.6841,133862.6
1785567600,0.6843,0.6852,0.6833,0.684,125298.7
1785571200,0.6839,0.6844,0.6827,0.6842,26419.6
1785574800,0.6843,0.6847,0.6833,0.6839,38068.9
1785578400,0.684,0.684,0.6819,0.6826,47374
1785582000,0.6825,0.6843,0.682,0.6843,46504.9
1785585600,0.6841,0.6853,0.6839,0.6844,70463.9
1785589200,0.6844,0.6853,0.6831,0.6836,61704.3
1785592800,0.6839,0.6854,0.6832,0.6847,151464.1
1785596400,0.6848,0.685,0.6821,0.6823,218671.4
1785600000,0.6822,0.6842,0.6807,0.6817,132058.1
1785603600,0.6817,0.6827,0.6775,0.679,289709.2
1785607200,0.679,0.6801,0.6628,0.669,1788282.9
1785610800,0.6689,0.6724,0.6687,0.6712,224983.3
1785614400,0.671,0.6732,0.6705,0.673,473438.8
1785618000,0.6731,0.6773,0.6731,0.6773,449243.4
1785621600,0.6774,0.6785,0.6751,0.6752,172947.3
1785625200,0.6756,0.6766,0.6749,0.6754,122400.3
1785628800,0.6755,0.6777,0.6755,0.6775,185650.8
1785632400,0.6776,0.6832,0.6776,0.6822,488079.5
1785636000,0.6824,0.6895,0.6816,0.6883,733397
1785639600,0.6882,0.6901,0.6871,0.6889,319989.2
1785643200,0.689,0.6921,0.689,0.6912,289416.3
1785646800,0.6912,0.6922,0.6887,0.6919,235775.2
1785650400,0.6921,0.6936,0.6901,0.691,932069.8
1785654000,0.6911,0.6917,0.69,0.6911,111662.6
1785657600,0.6907,0.6911,0.6881,0.6891,201216.1
1785661200,0.6888,0.6905,0.6865,0.6891,170615.2
1785664800,0.6891,0.6895,0.6859,0.6867,100109.3
1785668400,0.6868,0.6873,0.6832,0.6843,204574.4
1785672000,0.6843,0.6876,0.6843,0.6871,99641.5
1785675600,0.6871,0.6882,0.6858,0.6871,118881.3
1785679200,0.6869,0.6908,0.686,0.6889,357988.9
1785682800,0.6889,0.6938,0.6879,0.6895,585771.5
1785686400,0.6894,0.6917,0.6881,0.6896,135408.6
1785690000,0.6896,0.6912,0.6892,0.6904,96787.1
1785693600,0.6903,0.6945,0.69,0.6913,146751.8
1785697200,0.6913,0.6926,0.6903,0.6919,201520.2
1785700800,0.692,0.6921,0.6906,0.6913,57403.5
1785704400,0.6911,0.6951,0.6907,0.6944,200217.5
1785708000,0.6946,0.6951,0.6889,0.6889,164238.6
1785711600,0.6889,0.6894,0.6872,0.6893,105129.7
1785715200,0.6892,0.6894,0.6856,0.6868,198307.8
1785718800,0.6866,0.6875,0.6846,0.6863,327142.2
1785722400,0.6862,0.6879,0.6852,0.6866,81777.2
1785726000,0.6867,0.6879,0.6835,0.6854,203012.4
1785729600,0.6853,0.6885,0.6852,0.6859,477558.7
1785733200,0.686,0.6888,0.6858,0.6887,98656.9
1785736800,0.6888,0.6892,0.6845,0.6849,73662.3
1785740400,0.6848,0.6862,0.6832,0.6841,123389.8
1785744000,0.684,0.6843,0.6783,0.6841,202260.3
1785747600,0.6841,0.6873,0.6836,0.6864,71242.4
1785751200,0.6863,0.6866,0.6834,0.685,162846.9
1785754800,0.685,0.6871,0.6833,0.6847,135220.4
1785758400,0.6849,0.6866,0.6831,0.6864,91274.2
1785762000,0.6864,0.6966,0.6858,0.6961,281997.8
1785765600,0.6958,0.6975,0.6922,0.6952,569748.1
1785769200,0.6949,0.696,0.6922,0.6935,280615.6
1785772800,0.6937,0.6949,0.6916,0.6941,115622.7
1785776400,0.6942,0.6967,0.6931,0.6937,182412.6
1785780000,0.6937,0.6959,0.6933,0.6937,173786.3
1785783600,0.6938,0.6955,0.6929,0.6932,176079
1785787200,0.6932,0.6945,0.6924,0.6943,211757.8
1785790800,0.6944,0.6953,0.6925,0.6925,161542.4
1785794400,0.6924,0.6924,0.6879,0.6899,330642.2
1785798000,0.6898,0.6907,0.6883,0.69,90360.7
1785801600,0.6901,0.6916,0.6872,0.6889,98658.9
1785805200,0.6887,0.6951,0.6881,0.6951,209884.1
1785808800,0.6951,0.6969,0.6935,0.6959,256153.4
1785812400,0.6959,0.6967,0.6928,0.6952,51794.8
1785816000,0.6952,0.6984,0.6946,0.6957,111524.9
1785819600,0.6955,0.6957,0.6936,0.6938,127159.2
1785823200,0.6937,0.6949,0.6902,0.6902,140451.7
1785826800,0.6903,0.6934,0.6888,0.6926,94691.9
1785830400,0.6926,0.693,0.6903,0.6919,89750.9
1785834000,0.6918,0.6922,0.6898,0.691,94884.2
1785837600,0.6909,0.6937,0.6888,0.6923,107509.7
1785841200,0.6922,0.6944,0.6907,0.6937,113755.6
1785844800,0.6935,0.695,0.6921,0.6936,127408.1
1785848400,0.6934,0.6958,0.6902,0.6906,263804.5
1785852000,0.6905,0.6926,0.6864,0.691,299558.8
1785855600,0.6911,0.694,0.6879,0.6929,227632
1785859200,0.6928,0.6939,0.6916,0.6936,256988.5
1785862800,0.6935,0.6957,0.693,0.6934,192877.1
1785866400,0.6933,0.6981,0.6932,0.6965,111866.5
1785870000,0.6966,0.6998,0.6966,0.6973,265350.9
1785873600,0.6974,0.6986,0.6939,0.6972,279725.6
1785877200,0.6971,0.6971,0.6938,0.6945,326954.1
1785880800,0.6946,0.6954,0.6927,0.695,162045.2
1785884400,0.6951,0.696,0.6922,0.6925,206633.2
1785888000,0.6924,0.6927,0.6888,0.689,187176.3
1785891600,0.6889,0.6934,0.6879,0.6932,232432.6
1785895200,0.6934,0.6951,0.6922,0.6944,193360.8
1785898800,0.6944,0.6953,0.685,0.6883,553197.5
1785902400,0.6883,0.691,0.688,0.6892,242836.4
1785906000,0.6892,0.6937,0.6892,0.6919,99580.8
1785909600,0.6919,0.6929,0.6909,0.6923,78630.4
1785913200,0.6922,0.6924,0.6895,0.6917,87450.2
1785916800,0.6918,0.6929,0.6903,0.691,102925
1785920400,0.6907,0.6932,0.6906,0.6928,127881.4
1785924000,0.6926,0.6931,0.6902,0.691,136593.5
1785927600,0.6909,0.6917,0.6893,0.6898,170989.4
1785931200,0.6901,0.6948,0.6898,0.6902,198175
1785934800,0.6903,0.6903,0.6827,0.6878,363133.1
1785938400,0.6876,0.6923,0.687,0.6911,275791.2
1785942000,0.691,0.6923,0.6868,0.6869,255389.2
1785945600,0.6868,0.6934,0.6867,0.6916,243351.1
1785949200,0.6919,0.6955,0.6911,0.6938,281870.3
1785952800,0.6935,0.6945,0.6914,0.6919,326479.7
1785956400,0.6918,0.693,0.6913,0.6916,64688.6
1785960000,0.6916,0.6953,0.69,0.6924,178040
1785963600,0.6924,0.6926,0.6888,0.6897,274910.5
1785967200,0.6896,0.691,0.6887,0.689,316820
1785970800,0.689,0.6904,0.6883,0.6895,130883.6
1785974400,0.6897,0.6916,0.6895,0.6901,56620
1785978000,0.69,0.6903,0.6855,0.6856,365580
1785981600,0.6854,0.6875,0.6837,0.6843,242199.3
1785985200,0.6842,0.6844,0.6808,0.6836,380823.5
1785988800,0.6837,0.6859,0.6809,0.6856,370344.7
1785992400,0.6858,0.6883,0.6856,0.6877,70767.1
1785996000,0.6875,0.6875,0.6846,0.6855,42561.8
1785999600,0.6856,0.6868,0.6834,0.6852,357103.2
1786003200,0.6853,0.6872,0.6833,0.6862,303486.4
1786006800,0.686,0.686,0.6744,0.6769,1667593.7
1786010400,0.6769,0.6769,0.6668,0.6734,1327441.1
1786014000,0.6735,0.6769,0.6725,0.6755,233816.9
1786017600,0.6758,0.6772,0.6739,0.6741,240286.2
1786021200,0.6743,0.6756,0.6703,0.6746,557371.5
1786024800,0.6745,0.676,0.6711,0.6755,377502.6
1786028400,0.6754,0.6776,0.6739,0.6739,266019.5
1786032000,0.6741,0.6796,0.6729,0.6796,155952
1786035600,0.6797,0.6809,0.6763,0.6785,290735.3
1786039200,0.6785,0.6788,0.6739,0.675,220437.2
1786042800,0.675,0.6767,0.6731,0.6739,217472.8
1786046400,0.6738,0.6757,0.6734,0.6734,144269.9
1786050000,0.6736,0.676,0.6728,0.6752,213902.6
1786053600,0.6757,0.6762,0.6724,0.6733,296019.4
1786057200,0.6732,0.6732,0.6705,0.672,147132.9
1786060800,0.6718,0.6739,0.6711,0.6731,213925.1
1786064400,0.6732,0.6758,0.673,0.6752,97879.6
1786068000,0.6752,0.6783,0.6732,0.676,378534.2
1786071600,0.6761,0.6772,0.6733,0.6734,177969.9
1786075200,0.6734,0.6752,0.6705,0.6719,212008
1786078800,0.6719,0.6736,0.6689,0.6728,192546
1786082400,0.6729,0.6741,0.6715,0.6721,128882.2
1786086000,0.6722,0.6756,0.6709,0.6733,234761.5
1786089600,0.6733,0.6766,0.6726,0.6752,96046.9
1786093200,0.6754,0.6763,0.6724,0.6749,234333.6
1786096800,0.675,0.6757,0.6735,0.6735,109264.1
1786100400,0.6739,0.6776,0.6739,0.6746,177994.6
1786104000,0.6747,0.679,0.6717,0.6734,415238.5
1786107600,0.6734,0.6774,0.6706,0.6719,471818.8
1786111200,0.6719,0.6726,0.6642,0.6671,657304.3
1786114800,0.667,0.6738,0.6669,0.6725,591506.6
1786118400,0.6726,0.6749,0.6701,0.6701,632479.4
1786122000,0.67,0.6712,0.6655,0.6685,488211.1
1786125600,0.6687,0.6706,0.6685,0.6703,196688.1
1786129200,0.6702,0.6738,0.6701,0.6735,286123.5
1786132800,0.6736,0.6737,0.671,0.6715,209619.5
1786136400,0.6715,0.674,0.6714,0.6724,185417.2
1786140000,0.6723,0.6734,0.6701,0.6703,105656.9
1786143600,0.6706,0.6727,0.6705,0.6719,69233
1786147200,0.6718,0.6728,0.6708,0.6725,88467.6
1786150800,0.6726,0.6802,0.6726,0.678,272132.7
1786154400,0.678,0.6783,0.6754,0.6758,338577.1
1786158000,0.6759,0.6799,0.6759,0.6799,183607.4
1786161600,0.6799,0.6824,0.6795,0.6806,256680.8
1786165200,0.6807,0.6847,0.6802,0.6832,294357.6
1786168800,0.6832,0.6841,0.6808,0.6823,259691
1786172400,0.6823,0.6842,0.6814,0.684,194921.2
1786176000,0.684,0.693,0.6833,0.6929,700013
1786179600,0.693,0.6964,0.6914,0.6938,1229048.4
1786183200,0.6939,0.6945,0.6906,0.6917,413556.2
1786186800,0.6918,0.692,0.6881,0.6893,433543.1
1786190400,0.6895,0.6936,0.6885,0.6927,484735.6
1786194000,0.6926,0.6946,0.6915,0.6926,348582.2
1786197600,0.6927,0.7052,0.6927,0.7018,1226941.8
1786201200,0.7018,0.7067,0.6995,0.7006,894112
1786204800,0.7005,0.7007,0.6975,0.6984,358738.4
1786208400,0.698,0.6983,0.6939,0.6942,199692.1
1786212000,0.6941,0.6953,0.6936,0.6938,206577.3
1786215600,0.6938,0.6963,0.6927,0.6957,464944.3
1786219200,0.6957,0.6983,0.6951,0.6983,155816.8
1786222800,0.6982,0.6992,0.6949,0.6955,238772.8
1786226400,0.6954,0.6957,0.6894,0.6899,327406.1
1786230000,0.6897,0.6931,0.6876,0.6917,273111.7
1786233600,0.6916,0.6927,0.6889,0.6906,245994.6
1786237200,0.6903,0.6916,0.6872,0.6891,138729.9
1786240800,0.6889,0.6895,0.688,0.6884,111532.5
1786244400,0.6884,0.6905,0.6877,0.6896,188013.5
1786248000,0.6894,0.6929,0.6888,0.6914,226610.4
1786251600,0.6916,0.6921,0.6897,0.691,69003.2
1786255200,0.691,0.6942,0.6909,0.6933,93215.5
1786258800,0.6934,0.6939,0.6915,0.6923,156398.9
1786262400,0.6924,0.6943,0.6914,0.6922,125005.7
1786266000,0.692,0.6928,0.6908,0.6926,150227.9
1786269600,0.6924,0.6931,0.6906,0.6906,85288.1
1786273200,0.6905,0.6925,0.6905,0.692,158489.4
1786276800,0.6919,0.6919,0.6903,0.691,122475.4
1786280400,0.691,0.6965,0.6909,0.6954,452534.3
1786284000,0.6955,0.6988,0.6949,0.6985,340218.6
1786287600,0.6986,0.7024,0.6985,0.7013,1698103.8
1786291200,0.7012,0.705,0.7008,0.7024,538530.7
1786294800,0.7025,0.7037,0.6985,0.6987,496844.3
1786298400,0.6989,0.7006,0.6981,0.6988,209363.2
1786302000,0.6988,0.6993,0.6968,0.6974,586769.8
1786305600,0.6973,0.6998,0.6958,0.6995,130756.2
1786309200,0.6997,0.7028,0.6979,0.7013,315685.5
1786312800,0.7015,0.7052,0.6919,0.6933,439618.4
1786316400,0.6932,0.6943,0.6832,0.6862,791771.3
1786320000,0.686,0.6912,0.6839,0.689,1891995.1
1786323600,0.6892,0.6966,0.6879,0.6946,296468.6
1786327200,0.6943,0.6943,0.6877,0.6929,271265.5
1786330800,0.6927,0.6935,0.6874,0.6874,313258.8
1786334400,0.6879,0.6911,0.687,0.6886,363312.6
1786338000,0.6887,0.6954,0.6885,0.6944,271702.7
1786341600,0.6945,0.6965,0.6939,0.6954,379449.1
1786345200,0.6955,0.6974,0.6938,0.6945,301940.3
1786348800,0.6946,0.6963,0.6924,0.6949,129881.8
1786352400,0.6948,0.695,0.6907,0.692,121371.1
1786356000,0.692,0.6932,0.691,0.6927,81899.9
1786359600,0.6927,0.696,0.6918,0.6954,169546.6
1786363200,0.6955,0.6973,0.6913,0.6921,209498.8
1786366800,0.6921,0.6945,0.691,0.6931,468809.9
1786370400,0.6933,0.6962,0.6898,0.6901,225306
1786374000,0.6899,0.6914,0.6867,0.6896,438271.7
1786377600,0.6897,0.6925,0.6854,0.6865,365203.1
1786381200,0.6865,0.6906,0.684,0.6881,254803.8
1786384800,0.6883,0.69,0.6875,0.6892,238079.1
1786388400,0.6892,0.6965,0.689,0.692,459287.2
1786392000,0.6921,0.6932,0.6898,0.69,253712.7
1786395600,0.6902,0.6906,0.6848,0.6852,177913.1
1786399200,0.6848,0.6857,0.6816,0.6841,192129.5
1786402800,0.6842,0.685,0.6832,0.6834,138140.9
1786406400,0.6833,0.686,0.6827,0.6855,117700
1786410000,0.6854,0.6885,0.6843,0.6884,153873.5
1786413600,0.6884,0.6896,0.6873,0.6876,154514.2
1786417200,0.6877,0.6892,0.6869,0.6869,213460.6
1786420800,0.6868,0.6872,0.6862,0.6872,90021.6
1786424400,0.6872,0.6894,0.6865,0.6865,184586
1786428000,0.6864,0.6901,0.6852,0.6867,550449.9
1786431600,0.6868,0.6881,0.6836,0.6871,200125.2
1786435200,0.687,0.6902,0.6867,0.6895,168101.5
1786438800,0.6896,0.6927,0.6883,0.6909,369092.6
1786442400,0.6908,0.6914,0.6873,0.6894,181314.5
1786446000,0.6895,0.6928,0.6895,0.6918,135396.2
1786449600,0.6919,0.6922,0.6868,0.6887,209750.3
1786453200,0.6887,0.6905,0.6857,0.6864,171591.8
1786456800,0.686,0.6874,0.6744,0.6756,583354.6
1786460400,0.6759,0.6778,0.6719,0.6761,642747.4
1786464000,0.676,0.6804,0.6749,0.6782,477070.2
1786467600,0.6783,0.6801,0.6771,0.6784,212404.3
1786471200,0.6787,0.6799,0.6764,0.6792,226027.8
1786474800,0.6791,0.6831,0.6777,0.6831,258580
1786478400,0.6828,0.6884,0.6826,0.6867,310954.2
1786482000,0.6867,0.6913,0.6861,0.6913,364725.3
1786485600,0.6912,0.6945,0.6897,0.692,323978.4
1786489200,0.6919,0.6928,0.6897,0.6926,152443.9
1786492800,0.6925,0.6935,0.6916,0.6927,247733.2
1786496400,0.6929,0.6983,0.692,0.6978,1148265.2
1786500000,0.6976,0.6988,0.6938,0.6939,204328
1786503600,0.6941,0.6949,0.692,0.6924,115966.9
1786507200,0.6926,0.6932,0.6902,0.6913,91844.5
1786510800,0.6915,0.6922,0.6902,0.6913,71969.1
1786514400,0.6912,0.6916,0.688,0.6885,863393.2
1786518000,0.6888,0.6907,0.688,0.6907,103150
1786521600,0.6906,0.6908,0.6862,0.6862,139454.2
1786525200,0.6861,0.6922,0.6856,0.691,81060.7
1786528800,0.6911,0.6926,0.6887,0.6896,156120.1
1786532400,0.6897,0.6924,0.6894,0.6922,159423
1786536000,0.6923,0.6962,0.6891,0.6918,839277.8
1786539600,0.6919,0.6925,0.6894,0.6896,490897.9
1786543200,0.6897,0.6897,0.6823,0.6828,623402.7
1786546800,0.6828,0.6868,0.6828,0.6842,177788.5
1786550400,0.6842,0.6849,0.6827,0.6831,180222.8
1786554000,0.6835,0.6854,0.6816,0.6844,183745.2
1786557600,0.6847,0.6873,0.6841,0.686,117464.6
1786561200,0.686,0.6869,0.6839,0.6847,199805.3
1786564800,0.6848,0.6878,0.6848,0.6871,136645.6
1786568400,0.6872,0.6883,0.6763,0.6777,738958.4
1786572000,0.6774,0.6809,0.6741,0.6794,788310.8
1786575600,0.6794,0.6814,0.6775,0.6808,193888.3
1786579200,0.6807,0.6845,0.6804,0.6828,167693.6
1786582800,0.6827,0.6838,0.6803,0.6828,334359.3
1786586400,0.6824,0.6876,0.6819,0.6872,149452.3
1786590000,0.6872,0.69,0.6868,0.6885,418469.6
1786593600,0.6886,0.6895,0.6871,0.6874,111578.6
1786597200,0.6872,0.6918,0.6862,0.6902,251985.2
1786600800,0.6904,0.6911,0.689,0.6908,218366.9
1786604400,0.6909,0.6911,0.6892,0.6894,109559.1
1786608000,0.6895,0.6901,0.6881,0.6887,146896.3
1786611600,0.6885,0.6908,0.6862,0.6904,63309.3
1786615200,0.6903,0.6903,0.6871,0.6875,103056.5
1786618800,0.6874,0.6877,0.6849,0.6852,106088.9
1786622400,0.6852,0.69,0.6843,0.6898,196958.3
1786626000,0.69,0.6917,0.6889,0.6903,175169.6
1786629600,0.6901,0.6935,0.6899,0.6935,296766.9
1786633200,0.6935,0.6939,0.6847,0.6847,289316.7
1786636800,0.685,0.6861,0.6795,0.6829,368607.2
1786640400,0.6832,0.6856,0.6826,0.6841,294582.9
1786644000,0.6841,0.6866,0.6829,0.6861,133303.6
1786647600,0.6861,0.6873,0.6855,0.6855,54942.5
1786651200,0.6856,0.6864,0.684,0.6858,81811.1
1786654800,0.6857,0.6873,0.6857,0.6873,55224.1
1786658400,0.6873,0.6898,0.6873,0.6881,147807.2
1786662000,0.688,0.6892,0.687,0.6892,80977.8
1786665600,0.6893,0.6904,0.6883,0.6883,100718.9
1786669200,0.6883,0.6886,0.6868,0.6871,75269.5
1786672800,0.6869,0.6874,0.6842,0.6853,72341.9
1786676400,0.6853,0.6856,0.6825,0.6827,108600.4
1786680000,0.6825,0.6845,0.6823,0.6831,155186.9
1786683600,0.6833,0.6843,0.6821,0.6838,39287.2
1786687200,0.6837,0.6837,0.6783,0.6783,280585.6
1786690800,0.6782,0.6796,0.6771,0.6786,239347.1
1786694400,0.6786,0.6809,0.6784,0.6804,239568.8
1786698000,0.6802,0.6804,0.6763,0.6766,127415
1786701600,0.6766,0.6779,0.6754,0.6755,150077.3
1786705200,0.6757,0.6771,0.6738,0.6742,135847.7
1786708800,0.6743,0.677,0.6732,0.676,202961.6
1786712400,0.6761,0.6776,0.675,0.6767,287659.8
1786716000,0.6767,0.6771,0.6718,0.6726,174450.2
1786719600,0.6726,0.6786,0.6711,0.6763,408017.1
1786723200,0.6768,0.6801,0.6761,0.6785,444879.4
1786726800,0.6784,0.6804,0.6767,0.6773,536101.2
1786730400,0.6774,0.6793,0.6762,0.6767,304473.5
1786734000,0.6766,0.679,0.6746,0.6782,131569.7
1786737600,0.6785,0.6793,0.6775,0.6775,95186.6
1786741200,0.6778,0.678,0.675,0.6757,155142.9
1786744800,0.6758,0.6775,0.6746,0.6775,202445.6
1786748400,0.6773,0.6823,0.6773,0.6823,285988.1
1786752000,0.6824,0.6838,0.6817,0.6825,143641
1786755600,0.6825,0.6828,0.6803,0.6808,208043.9
1786759200,0.6808,0.6865,0.6806,0.6849,406002
1786762800,0.685,0.6881,0.6844,0.6853,231928.7
1786766400,0.6853,0.6855,0.6838,0.6853,146509.5
1786770000,0.6854,0.6869,0.6832,0.6857,328666.1
1786773600,0.6858,0.6864,0.6843,0.6844,108186.7
1786777200,0.6844,0.6844,0.6816,0.6819,78123.5
1786780800,0.6819,0.6828,0.6807,0.6807,167201.3
1786784400,0.6807,0.6835,0.6803,0.6832,60632.8
1786788000,0.6833,0.6838,0.6821,0.6824,51385.1
1786791600,0.6823,0.6826,0.6813,0.6814,30527.6
1786795200,0.6814,0.683,0.6809,0.683,68814.4
1786798800,0.6827,0.6836,0.6819,0.6823,245483
1786802400,0.6823,0.6825,0.6811,0.6821,88415.5
1786806000,0.6821,0.6832,0.6816,0.6832,56668
1786809600,0.6832,0.6834,0.6812,0.6824,266709.2
1786813200,0.6822,0.683,0.681,0.681,91909.5
1786816800,0.681,0.6812,0.6775,0.6796,215858.2
1786820400,0.6795,0.6812,0.6794,0.6811,91660.9
1786824000,0.6809,0.681,0.6785,0.6793,189162.8
1786827600,0.6791,0.6808,0.6788,0.6796,251980.1
1786831200,0.6797,0.6808,0.6792,0.6792,166580.6
1786834800,0.6792,0.6792,0.6763,0.6766,266705.1
1786838400,0.6766,0.6778,0.676,0.6772,121675.5
1786842000,0.6773,0.6776,0.6741,0.6754,331466.5
1786845600,0.6751,0.677,0.6734,0.6753,262159.3
1786849200,0.6755,0.6772,0.6753,0.6754,170068.2
1786852800,0.6756,0.6759,0.6747,0.6753,78208
1786856400,0.6755,0.6763,0.6737,0.6737,68632.3
1786860000,0.6741,0.6757,0.6721,0.6744,140874.3
1786863600,0.6746,0.6769,0.6744,0.6768,34752.7
1786867200,0.6768,0.6773,0.6763,0.6771,84072.7
1786870800,0.6772,0.6778,0.6749,0.6763,207025.6
1786874400,0.6762,0.6771,0.6757,0.677,30093.3
1786878000,0.677,0.6781,0.6758,0.676,172224.6
1786881600,0.676,0.6777,0.6755,0.6777,73042.1
1786885200,0.6777,0.6782,0.6773,0.6779,48666.3
1786888800,0.678,0.6791,0.6773,0.6786,79654.2
1786892400,0.6785,0.6804,0.6781,0.6799,117840.8
1786896000,0.68,0.6811,0.6778,0.6785,123734.3
1786899600,0.6783,0.6785,0.6764,0.6767,209449
1786903200,0.6769,0.6769,0.6749,0.6753,87536.4
1786906800,0.675,0.6778,0.6749,0.6762,75151.5
1786910400,0.6762,0.6774,0.6739,0.6743,358718.5
1786914000,0.6741,0.6747,0.6669,0.6674,550300.2
1786917600,0.6674,0.6712,0.6666,0.6704,280740.8
1786921200,0.6704,0.6712,0.6698,0.6702,109552.6
1786924800,0.6701,0.6711,0.6668,0.6695,653545.7
1786928400,0.6697,0.6747,0.6697,0.672,365972.6
1786932000,0.6721,0.6779,0.6715,0.6777,356153.8
1786935600,0.6776,0.6794,0.6759,0.6767,225538.6
1786939200,0.6766,0.6778,0.6765,0.6775,50634.3
1786942800,0.6775,0.6781,0.6749,0.6749,114003.5
1786946400,0.6749,0.68,0.6749,0.6794,299877.9
1786950000,0.6793,0.6793,0.6768,0.6777,102992.6
1786953600,0.6777,0.6778,0.673,0.6742,415801.3
1786957200,0.6742,0.6757,0.6741,0.675,93084.1
1786960800,0.6752,0.6785,0.6731,0.6784,175236.7
1786964400,0.6783,0.6791,0.6768,0.6771,388562.3
1786968000,0.6769,0.6773,0.6743,0.6752,321793.8
1786971600,0.6752,0.6779,0.6741,0.6759,104193.7
1786975200,0.6758,0.6767,0.6736,0.6761,225491.6
1786978800,0.676,0.6782,0.6746,0.6778,358618.4
1786982400,0.678,0.6782,0.6759,0.6771,119123.1
1786986000,0.6771,0.6789,0.6757,0.677,121012.9
1786989600,0.6769,0.6784,0.6762,0.6763,249881.5
1786993200,0.6763,0.6766,0.6749,0.6757,259136.1
1786996800,0.6755,0.6791,0.6738,0.6762,190065.6
1787000400,0.6765,0.6766,0.6753,0.676,175908
1787004000,0.676,0.6768,0.672,0.6725,235334.1
1787007600,0.6722,0.6765,0.6714,0.6748,145595.5
1787011200,0.6745,0.6756,0.6724,0.6752,383820.1
1787014800,0.6751,0.6757,0.6694,0.6707,269487.2
1787018400,0.6705,0.671,0.6343,0.648,3474858.4
1787022000,0.6482,0.6526,0.6448,0.6455,969267.2
1787025600,0.6453,0.6482,0.6421,0.6469,1215327.7
1787029200,0.6466,0.6506,0.6386,0.644,1507647.6
1787032800,0.6439,0.6501,0.6431,0.6488,487155
1787036400,0.649,0.65,0.6445,0.646,503246.1
1787040000,0.646,0.6472,0.6426,0.647,468223.3
1787043600,0.6468,0.648,0.6456,0.6476,259685.9
1787047200,0.6476,0.6485,0.647,0.6482,166763
1787050800,0.6481,0.6534,0.648,0.6506,638761.7
1787054400,0.6507,0.6536,0.6507,0.6519,444903.3
1787058000,0.6521,0.6534,0.6503,0.6511,363598.1
1787061600,0.6511,0.6597,0.6506,0.6552,590664.9
1787065200,0.6553,0.6569,0.6523,0.6549,561810.1
1787068800,0.655,0.6564,0.6518,0.654,293234.5
1787072400,0.6537,0.655,0.6524,0.6539,311863.7
1787076000,0.6538,0.6583,0.6537,0.6576,444853.7
1787079600,0.6576,0.6588,0.6551,0.6553,388186.2
1787083200,0.6555,0.6562,0.651,0.6526,796031
1787086800,0.6526,0.6536,0.6471,0.6505,957811.9
1787090400,0.6506,0.652,0.6467,0.6494,905553.5
1787094000,0.6493,0.6528,0.6491,0.6514,517785.8
1787097600,0.6514,0.6521,0.648,0.6505,340775.6
1787101200,0.6506,0.6546,0.6506,0.654,335752.7
1787104800,0.654,0.6543,0.6515,0.653,123499.8
1787108400,0.653,0.657,0.6526,0.6566,200904.9
1787112000,0.6568,0.6568,0.6541,0.6553,151922
1787115600,0.6552,0.6581,0.6537,0.6545,257847.3
1787119200,0.6547,0.6582,0.6528,0.6571,386121.2
1787122800,0.6569,0.6577,0.6549,0.6563,176847.5
1787126400,0.6563,0.6603,0.656,0.658,625774.9
1787130000,0.6582,0.6595,0.6564,0.6571,137249.8
1787133600,0.657,0.6572,0.6551,0.657,182430.7
1787137200,0.6568,0.6583,0.6566,0.6577,108009.8
1787140800,0.6576,0.6589,0.6552,0.6576,289011.3
1787144400,0.6576,0.6593,0.654,0.6549,351002.4
1787148000,0.6551,0.6716,0.6545,0.67,603298.6
1787151600,0.6704,0.7021,0.6693,0.6795,5157413.4
1787155200,0.6798,0.6923,0.6792,0.686,1962201
1787158800,0.686,0.6871,0.6776,0.6849,937690
1787162400,0.685,0.6879,0.6822,0.6872,559054.6
1787166000,0.6872,0.6965,0.6854,0.6959,782645.2
1787169600,0.6961,0.7088,0.6941,0.7052,2032081.8
1787173200,0.7055,0.7247,0.705,0.7218,2666150
1787176800,0.722,0.7237,0.7032,0.7071,2286675.9
1787180400,0.7072,0.7092,0.702,0.7057,921067
1787184000,0.7057,0.712,0.7055,0.7071,780587.5
1787187600,0.7073,0.7099,0.7028,0.7086,355617.5
1787191200,0.7085,0.7101,0.7024,0.7031,692884.9
1787194800,0.703,0.703,0.6937,0.6988,734462.8
1787198400,0.6989,0.7012,0.6964,0.7002,291995.8
1787202000,0.7003,0.7006,0.6979,0.6999,262243.4
1787205600,0.6997,0.7048,0.6979,0.704,329178.1
1787209200,0.7039,0.7065,0.699,0.7022,501633.1
1787212800,0.7022,0.7255,0.7012,0.7217,2067769.3
1787216400,0.7217,0.7275,0.7192,0.7215,1630829.8
1787220000,0.7216,0.7351,0.7201,0.7277,2671478.6
1787223600,0.7276,0.7346,0.7246,0.7281,1606612.6
1787227200,0.7281,0.7298,0.7162,0.7222,907462
1787230800,0.7224,0.7271,0.7154,0.7256,1034300.8
1787234400,0.7257,0.7301,0.721,0.727,640334.4
1787238000,0.7269,0.7417,0.7268,0.7392,2368292.7
1787241600,0.7393,0.7509,0.7331,0.7486,2891676.6
1787245200,0.7487,0.7531,0.7412,0.7415,1379418.3
1787248800,0.7416,0.7447,0.7245,0.725,1058369.1
1787252400,0.7247,0.729,0.7216,0.7247,642028.5
1787256000,0.7248,0.7306,0.7233,0.73,401458.1
1787259600,0.7302,0.737,0.7295,0.7341,495010.9
1787263200,0.7342,0.7356,0.7269,0.7303,633234.6
1787266800,0.7305,0.7382,0.7297,0.7339,539435.6
1787270400,0.734,0.7412,0.7328,0.7377,1275171.6
1787274000,0.7376,0.7496,0.7365,0.7491,782778.1
1787277600,0.7492,0.7494,0.7417,0.7445,784768.4
1787281200,0.7445,0.7492,0.7405,0.7451,842995
1787284800,0.7452,0.7573,0.7451,0.7552,1293100
1787288400,0.755,0.7736,0.752,0.7692,2143838.2
1787292000,0.7691,0.7785,0.7675,0.7704,1472115.5
1787295600,0.7706,0.7819,0.769,0.7774,1527178.4
1787299200,0.7775,0.8139,0.7766,0.8125,2074460.5
1787302800,0.8126,0.8135,0.7769,0.7972,2926317.2
1787306400,0.797,0.8045,0.7881,0.8023,1884902
1787310000,0.8022,0.8044,0.782,0.7837,1717046.5
1787313600,0.7837,0.8037,0.7806,0.797,1548121.3
1787317200,0.7971,0.8073,0.7846,0.8036,1886227.2
1787320800,0.8035,0.804,0.7933,0.8025,1856727.6
1787324400,0.8025,0.8234,0.8018,0.8146,2478639.1
1787328000,0.8148,0.8186,0.8047,0.8091,1326271.5
1787331600,0.809,0.8158,0.7999,0.8134,1863978.4
1787335200,0.8133,0.8226,0.7961,0.7992,2154881.5
1787338800,0.7988,0.8038,0.7885,0.8027,1912553.5
1787342400,0.8027,0.8158,0.7985,0.8145,1057762.7
1787346000,0.8146,0.8482,0.814,0.8474,2676928.5
1787349600,0.8472,0.8649,0.8392,0.8538,3789522.7
1787353200,0.854,0.8556,0.8395,0.8439,1341161.1
1787356800,0.8441,0.8507,0.834,0.8497,1395752.7
1787360400,0.8498,0.8725,0.8487,0.8565,2463822.8
1787364000,0.8561,0.9075,0.8551,0.9063,3898934.3
1787367600,0.9065,0.925,0.9015,0.9127,3091801.6
1787371200,0.9136,0.9546,0.9116,0.9436,4643720
1787374800,0.9435,0.9522,0.77,0.8494,14247945.3
1787378400,0.8492,0.869,0.8323,0.8682,3800982.9
1787382000,0.868,0.8834,0.8594,0.863,2204625.8
1787385600,0.8632,0.874,0.8366,0.8518,2415777.6
1787389200,0.8514,0.857,0.8359,0.8432,1540908.9
1787392800,0.8433,0.8441,0.808,0.8283,2365932.4
1787396400,0.8286,0.8328,0.8208,0.8288,862955.1
1787400000,0.8288,0.8426,0.8266,0.8279,768278.1
1787403600,0.8282,0.8372,0.8225,0.8339,1117298
1787407200,0.8342,0.8352,0.8147,0.8186,1296842.9
1787410800,0.8186,0.8231,0.8088,0.815,1011879.3
1787414400,0.8152,0.8417,0.8113,0.8345,1753134.1
1787418000,0.835,0.8379,0.8266,0.8339,925880.9
1787421600,0.834,0.8373,0.8221,0.8292,959403.6
1787425200,0.8292,0.8356,0.8235,0.8331,869252.8
1787428800,0.8332,0.8389,0.8269,0.8292,657986.2
1787432400,0.829,0.8304,0.8037,0.8088,1148933.2
1787436000,0.8086,0.8203,0.8046,0.8149,1040822.8
1787439600,0.815,0.8165,0.8082,0.8148,832752.5
1787443200,0.8152,0.8327,0.8103,0.8301,1349989
1787446800,0.83,0.83,0.816,0.8187,694714.4
1787450400,0.8187,0.8188,0.8038,0.8082,1298335.3
1787454000,0.8084,0.8094,0.7889,0.7926,1620284.2
1787457600,0.793,0.799,0.7818,0.7834,1279455.1
1787461200,0.7832,0.7984,0.7784,0.785,1403390.8
1787464800,0.7849,0.7929,0.7812,0.7845,785642.4
1787468400,0.7844,0.7954,0.7838,0.7903,342377.5
1787472000,0.7908,0.8018,0.7908,0.8003,823830.6
1787475600,0.8003,0.8064,0.797,0.7999,633948.3
1787479200,0.7998,0.815,0.799,0.8044,1171412.4
1787482800,0.8045,0.8202,0.803,0.8192,750269.1
1787486400,0.8191,0.8192,0.8095,0.8146,559505.6
1787490000,0.8147,0.8328,0.8138,0.8302,1439622.3
1787493600,0.8302,0.8389,0.7986,0.823,3247384.7
1787497200,0.8232,0.8291,0.8148,0.8228,1591241
1787500800,0.823,0.829,0.8165,0.823,535163.8
1787504400,0.823,0.8298,0.8164,0.8235,901944.6
1787508000,0.8234,0.8466,0.8214,0.8453,2166030.8
1787511600,0.8452,0.8465,0.8302,0.8326,919858.9
1787515200,0.8327,0.8406,0.8278,0.8362,1086451.2
1787518800,0.8362,0.856,0.8356,0.843,1295991.7
1787522400,0.843,0.8568,0.8352,0.8499,1760981.6
1787526000,0.85,0.8581,0.8417,0.8501,1130893.3
1787529600,0.8501,0.8506,0.8254,0.8449,1726508.4
1787533200,0.845,0.8486,0.8192,0.8204,1223900.5
1787536800,0.82,0.8373,0.8152,0.8284,1345844.8
1787540400,0.8286,0.8303,0.8174,0.8222,1192203.4
1787544000,0.8224,0.8322,0.8207,0.8285,834827.5
1787547600,0.8284,0.8356,0.8197,0.8262,976013.4
1787551200,0.8261,0.8292,0.8162,0.8206,1232927.5
1787554800,0.8208,0.8296,0.8106,0.8159,887130.2
1787558400,0.816,0.818,0.8039,0.8117,494233.5
1787562000,0.8116,0.8215,0.8109,0.819,666698.4
1787565600,0.819,0.8276,0.8155,0.8177,870039.5
1787569200,0.8176,0.8363,0.8108,0.8316,868941.2
1787572800,0.831,0.8408,0.8179,0.838,1997428.9
1787576400,0.8382,0.839,0.8108,0.8184,1555680.5
1787580000,0.8182,0.8341,0.8162,0.8278,1641046.7
1787583600,0.8277,0.8423,0.8189,0.823,1082363.4
1787587200,0.8232,0.8339,0.8201,0.8207,1260189.9
1787590800,0.821,0.8213,0.7976,0.8084,2210696.2
1787594400,0.8086,0.8164,0.8018,0.8037,1355022.6
1787598000,0.804,0.8077,0.7992,0.8024,1561309.7
1787601600,0.803,0.8073,0.7987,0.8059,706531.6
1787605200,0.806,0.8097,0.8057,0.8077,519149.4
1787608800,0.8076,0.8077,0.7991,0.8003,789154.3
1787612400,0.8003,0.8023,0.7901,0.8,1710526
1787616000,0.7998,0.8159,0.793,0.8126,1475552.2
1787619600,0.8132,0.8175,0.8085,0.8124,1417156
1787623200,0.8123,0.8362,0.809,0.8201,2548372
1787626800,0.8202,0.8325,0.8161,0.8196,1347309.1
1787630400,0.8194,0.8239,0.8157,0.8201,1296170.5
1787634000,0.82,0.8302,0.8188,0.8269,799531.7
1787637600,0.8274,0.8286,0.813,0.8157,721311.7
1787641200,0.8155,0.8225,0.7977,0.8018,1071054.5
1787644800,0.802,0.8097,0.801,0.8049,1032616.9
1787648400,0.8049,0.808,0.7955,0.8003,659739.8
1787652000,0.8002,0.803,0.7967,0.801,654106.8
1787655600,0.801,0.8055,0.7978,0.7998,380509.1
1787659200,0.7994,0.8033,0.7934,0.8016,715468.1
1787662800,0.8015,0.8028,0.7776,0.7889,2044781.6
1787666400,0.7887,0.7984,0.7868,0.7931,1005415.8
1787670000,0.7932,0.7942,0.7865,0.7931,1284639.8
1787673600,0.7932,0.7945,0.7851,0.7853,1373410.9
1787677200,0.7853,0.7858,0.7749,0.7827,1054096.6
1787680800,0.7827,0.7862,0.7795,0.7819,926049.5
1787684400,0.7815,0.7834,0.7729,0.7749,1084480.2
1787688000,0.775,0.776,0.7546,0.7556,1742433.3
1787691600,0.7554,0.763,0.745,0.76,1765624.7
1787695200,0.76,0.7679,0.7599,0.765,725666.3
1787698800,0.7649,0.7676,0.7542,0.7575,588156.1
1787702400,0.7571,0.762,0.7526,0.7589,543228.8
1787706000,0.7591,0.765,0.7591,0.7616,456038.3
1787709600,0.7614,0.7671,0.7571,0.7624,337799.5
1787713200,0.7622,0.7641,0.7579,0.7614,413221.9
1787716800,0.7612,0.7651,0.7589,0.7613,845914.9
1787720400,0.7613,0.767,0.7578,0.7664,375577.8
1787724000,0.7662,0.77,0.7626,0.7657,700925.5
1787727600,0.7656,0.7687,0.7596,0.7602,465735.6
1787731200,0.7602,0.7644,0.7582,0.76,188885
1787734800,0.76,0.7622,0.7492,0.7539,742524.7
1787738400,0.7534,0.7637,0.7514,0.762,429241.1
1787742000,0.7622,0.7634,0.7538,0.7552,444622.3
1787745600,0.7552,0.762,0.7475,0.7554,775824.1
1787749200,0.7556,0.7568,0.7413,0.7484,2036863.3
1787752800,0.7482,0.7514,0.7315,0.7331,1496110.9
1787756400,0.7332,0.7396,0.7259,0.7356,1474470.4
1787760000,0.7356,0.7395,0.7283,0.7336,995704.7
1787763600,0.7338,0.7452,0.7318,0.7369,755921.8
1787767200,0.7368,0.7405,0.7346,0.7381,694483
1787770800,0.7379,0.7429,0.736,0.7381,518595.6
1787774400,0.7382,0.7414,0.7332,0.7413,498172.6
1787778000,0.7412,0.751,0.7409,0.7501,502528
1787781600,0.7499,0.7577,0.7489,0.7512,1254906.2
1787785200,0.7511,0.77,0.7505,0.7678,1284143.5
1787788800,0.7678,0.7678,0.7544,0.7544,870521.4
1787792400,0.7544,0.7591,0.7501,0.7548,789255.8
1787796000,0.7546,0.758,0.7499,0.751,593049.7
1787799600,0.7507,0.7536,0.7475,0.7496,439857.5
1787803200,0.7493,0.7527,0.7448,0.7476,505714.7
1787806800,0.747,0.7522,0.7437,0.7499,525881
1787810400,0.7496,0.7567,0.7456,0.756,590722.5
1787814000,0.7554,0.7581,0.7522,0.7581,293202.4
1787817600,0.7582,0.7748,0.757,0.7726,1919605.3
1787821200,0.7724,0.7824,0.7678,0.7694,1823434.6
1787824800,0.7694,0.7736,0.7534,0.7626,1408576
1787828400,0.7628,0.7664,0.759,0.763,365140.5
1787832000,0.7633,0.7718,0.7601,0.7671,814351.7
1787835600,0.767,0.7753,0.7636,0.7747,1416403.2
1787839200,0.7744,0.7884,0.7714,0.7817,2024472.2
1787842800,0.7817,0.7944,0.7807,0.7874,1773108.1
1787846400,0.7872,0.7935,0.7795,0.785,1756605
1787850000,0.7854,0.7916,0.7809,0.7825,792648.3
1787853600,0.7827,0.7827,0.7691,0.7789,1533741.2
1787857200,0.779,0.7854,0.7764,0.7777,946025.2
1787860800,0.7778,0.7789,0.7723,0.7784,1144252.9
1787864400,0.7785,0.7813,0.7742,0.7794,450586.3
1787868000,0.7795,0.7855,0.7789,0.7801,562041.8
1787871600,0.7796,0.7827,0.7777,0.78,663599
1787875200,0.78,0.7861,0.776,0.7815,609970.9
1787878800,0.7814,0.8012,0.7812,0.7847,2224687.4
1787882400,0.7844,0.7844,0.7621,0.7672,1628556.9
1787886000,0.7669,0.7683,0.7578,0.7638,729232
1787889600,0.7636,0.7662,0.7558,0.7596,644400
1787893200,0.7594,0.7656,0.7566,0.7633,332147.9
1787896800,0.7634,0.7682,0.7634,0.7672,204626.5
1787900400,0.7671,0.7671,0.7592,0.7607,257341.2
1787904000,0.7608,0.7648,0.7587,0.7617,510915.7
1787907600,0.761,0.7644,0.7538,0.7559,579076.8
1787911200,0.7555,0.7636,0.7485,0.7627,1049224.7
1787914800,0.7626,0.7662,0.7601,0.7607,473471.5
1787918400,0.7605,0.7617,0.7554,0.7581,1086077.3
1787922000,0.7576,0.7617,0.7527,0.758,1299187.6
1787925600,0.7583,0.7734,0.7494,0.7707,2810329.6
1787929200,0.7712,0.7738,0.7527,0.7537,1815580
1787932800,0.7535,0.7565,0.7353,0.7518,3094828.5
1787936400,0.7517,0.7542,0.7459,0.7498,1858493.3
1787940000,0.7497,0.7504,0.7296,0.7351,1376432.1
1787943600,0.7349,0.7394,0.7343,0.7356,427757.8
1787947200,0.7356,0.7405,0.7354,0.7385,544694.2
1787950800,0.7384,0.7401,0.7328,0.734,456829.2
1787954400,0.7342,0.7425,0.7335,0.7419,451308.7
1787958000,0.7416,0.7438,0.7404,0.7433,366844.1
1787961600,0.7433,0.7471,0.7413,0.7415,274579.3
1787965200,0.7416,0.7426,0.7397,0.7421,235485.4
1787968800,0.7421,0.7431,0.7365,0.7399,838683.7
1787972400,0.7402,0.7417,0.7365,0.7368,301198.3
1787976000,0.7367,0.7418,0.7367,0.7413,464361.7
1787979600,0.7411,0.7449,0.7408,0.7441,215879.5
1787983200,0.7439,0.7439,0.7371,0.74,277271.6
1787986800,0.7399,0.7421,0.7345,0.7357,541090
1787990400,0.7354,0.736,0.7317,0.7341,740669.9
1787994000,0.7344,0.7374,0.7328,0.7361,977667.2
1787997600,0.736,0.7401,0.7331,0.736,502141.3
1788001200,0.736,0.738,0.734,0.7343,408279.5
1788004800,0.7348,0.7387,0.7345,0.7357,430699.9
1788008400,0.7356,0.7393,0.7335,0.7378,828995.4
1788012000,0.7381,0.7492,0.7379,0.748,1366147.8
1788015600,0.748,0.748,0.7431,0.745,554529.4
1788019200,0.7452,0.7488,0.7433,0.7449,818558
1788022800,0.7449,0.7459,0.7401,0.7428,647519.3
1788026400,0.7423,0.748,0.7411,0.7448,820489.3
1788030000,0.745,0.7485,0.745,0.7461,409411.8
1788033600,0.7457,0.7476,0.7429,0.745,510425.6
1788037200,0.7447,0.7461,0.7417,0.742,694696.3
1788040800,0.7417,0.7445,0.7396,0.744,460151.9
1788044400,0.7438,0.7457,0.7424,0.7452,475912.7
1788048000,0.745,0.7475,0.7427,0.7434,337255.9
1788051600,0.7435,0.7439,0.739,0.7402,486694.9
1788055200,0.7402,0.7427,0.7392,0.7404,387258.8
1788058800,0.7404,0.7428,0.7395,0.7406,226705.3
1788062400,0.7405,0.7425,0.7344,0.7398,655319.8
1788066000,0.7399,0.7428,0.7391,0.742,276930.7
1788069600,0.7417,0.7471,0.7411,0.7468,460749.8
1788073200,0.7468,0.7468,0.7399,0.74,313804.3
1788076800,0.74,0.7426,0.7371,0.7382,264377.9
1788080400,0.7382,0.7395,0.735,0.737,312669.8
1788084000,0.7369,0.7422,0.7359,0.7406,445418.1
1788087600,0.7407,0.742,0.7383,0.742,383747.8
1788091200,0.7418,0.7496,0.7412,0.7492,749857.1
1788094800,0.7488,0.7508,0.744,0.7491,652081.8
1788098400,0.7491,0.7539,0.7468,0.7501,661580.6
1788102000,0.7502,0.7511,0.7439,0.7465,641803.9
1788105600,0.7467,0.7592,0.7457,0.7586,1492837.5
1788109200,0.7585,0.7616,0.7503,0.7585,1290758.1
1788112800,0.7586,0.7641,0.7519,0.7599,935814.3
1788116400,0.76,0.7604,0.7535,0.7568,1034569
1788120000,0.7566,0.7576,0.7429,0.7463,1015180.5
1788123600,0.7464,0.7465,0.7371,0.741,1181701.5
1788127200,0.7409,0.7476,0.7328,0.7362,452134.1
1788130800,0.7358,0.7365,0.7,0.7116,5847298.4
1788134400,0.7117,0.7218,0.7086,0.7178,1859468.3
1788138000,0.7177,0.7189,0.7064,0.7095,2031484.5
1788141600,0.7091,0.7184,0.707,0.7103,922389.5
1788145200,0.7103,0.7194,0.7092,0.7179,833219.7
1788148800,0.7178,0.7178,0.711,0.7144,749946.1
1788152400,0.7142,0.725,0.7133,0.722,732758.5
1788156000,0.7219,0.7239,0.72,0.7217,505380.3
1788159600,0.722,0.7265,0.7217,0.7236,701313
1788163200,0.7235,0.7255,0.7206,0.7218,367896.7
1788166800,0.722,0.7257,0.7203,0.7226,321223.1
1788170400,0.7224,0.731,0.719,0.7282,1044681.7
1788174000,0.728,0.7295,0.724,0.7245,268996.6
1788177600,0.7241,0.7286,0.7165,0.7191,1069970.3
1788181200,0.7194,0.7238,0.7148,0.7167,1234532.3
1788184800,0.7169,0.728,0.7155,0.7265,1299504.6
1788188400,0.7267,0.7278,0.7179,0.7216,1666828.4
1788192000,0.7216,0.727,0.7181,0.7234,1716384.3
1788195600,0.7231,0.7305,0.7222,0.7287,1163042.3
1788199200,0.7286,0.7353,0.7255,0.7295,745573.4
1788202800,0.7295,0.7321,0.7249,0.7274,500606.7
1788206400,0.7266,0.7311,0.7259,0.7275,339548.6
1788210000,0.7275,0.7308,0.7222,0.7289,527090.1
1788213600,0.7289,0.7298,0.7247,0.7255,343611
1788217200,0.7254,0.7271,0.723,0.7268,210245.6
1788220800,0.7266,0.7345,0.726,0.7322,1200759.3
1788224400,0.7324,0.7354,0.7266,0.7308,936967.5
1788228000,0.7307,0.7336,0.7263,0.7294,505169.2
1788231600,0.7295,0.7369,0.7283,0.7334,656299.6
1788235200,0.7335,0.7343,0.7284,0.7291,469374.9
1788238800,0.7294,0.7366,0.729,0.7353,425641.5
1788242400,0.7354,0.7361,0.7299,0.7312,497339.9
1788246000,0.7312,0.7347,0.7284,0.7304,675907.5
1788249600,0.7304,0.7304,0.7192,0.72,763289
1788253200,0.7202,0.7222,0.717,0.7202,303316.9
1788256800,0.7204,0.7285,0.7194,0.7264,431357.2
1788260400,0.7262,0.7343,0.7247,0.7309,609091.9
1788264000,0.7308,0.7317,0.7229,0.7259,462286
1788267600,0.726,0.7316,0.719,0.73,1114767.2
1788271200,0.7301,0.7377,0.7296,0.7314,878080.3
1788274800,0.7312,0.7336,0.7244,0.7316,390377.6
1788278400,0.7318,0.732,0.722,0.726,418935
1788282000,0.7263,0.7345,0.7242,0.7258,1251045.7
1788285600,0.7261,0.7285,0.7124,0.7242,1023467.1
1788289200,0.7242,0.7276,0.7225,0.7237,578448
1788292800,0.7241,0.7259,0.7189,0.7226,596902.7
1788296400,0.7225,0.7242,0.7115,0.7193,655933.3
1788300000,0.7192,0.7215,0.7149,0.7169,692979
1788303600,0.717,0.7235,0.7143,0.7217,697251.9
1788307200,0.7214,0.7229,0.7174,0.7177,288262
1788310800,0.7177,0.721,0.7079,0.7125,761333.9
1788314400,0.7124,0.7235,0.7111,0.7214,592355.3
1788318000,0.7211,0.7282,0.7208,0.7231,840462.2
1788321600,0.7234,0.7243,0.7184,0.724,372929.6
1788325200,0.724,0.7279,0.7206,0.726,815980.7
1788328800,0.7261,0.7279,0.72,0.7249,467968.3
1788332400,0.725,0.7295,0.7233,0.7244,240275.7
1788336000,0.7242,0.7263,0.716,0.7188,271337.4
1788339600,0.7184,0.7214,0.7128,0.7162,818986.8
1788343200,0.7161,0.7161,0.7038,0.7099,775097.7
1788346800,0.71,0.7143,0.7068,0.7141,379088.9
1788350400,0.7139,0.7171,0.7101,0.7104,406840.8
1788354000,0.7104,0.7221,0.7104,0.7195,975713.6
1788357600,0.7196,0.7253,0.718,0.7184,452947.5
1788361200,0.7182,0.7231,0.714,0.7215,503083.8
1788364800,0.7215,0.7291,0.7196,0.7207,580185.8
1788368400,0.7207,0.7239,0.717,0.7229,798569.3
1788372000,0.723,0.7336,0.7223,0.7296,1665094.6
1788375600,0.7292,0.7306,0.7262,0.7295,598267.7
1788379200,0.7293,0.7503,0.729,0.7402,2186668.6
1788382800,0.7403,0.7433,0.7362,0.7417,668553.2
1788386400,0.7415,0.7419,0.7338,0.7366,563563.5
1788390000,0.7366,0.7472,0.7352,0.7463,1011478.8
1788393600,0.746,0.753,0.7391,0.7415,975653.8
1788397200,0.7416,0.7615,0.7384,0.7557,1657481.1
1788400800,0.7557,0.7815,0.7545,0.7775,2238690.5
1788404400,0.7776,0.7779,0.7629,0.7684,1139377.3
1788408000,0.7686,0.774,0.7622,0.7736,994057.2
1788411600,0.7734,0.7743,0.757,0.7693,957119.7
1788415200,0.7692,0.7699,0.7643,0.7645,422032.6
1788418800,0.7646,0.7771,0.7646,0.767,1194327.1
1788422400,0.7679,0.7792,0.7677,0.771,1550539.1
1788426000,0.7711,0.7711,0.7622,0.763,622985.7
1788429600,0.7628,0.7658,0.7584,0.7653,416884.2
1788433200,0.7645,0.7695,0.7633,0.768,522574
1788436800,0.7681,0.7732,0.7634,0.7699,1067176.8
1788440400,0.7698,0.7704,0.7635,0.7656,852467.5
1788444000,0.7654,0.7858,0.7638,0.7857,1566125.5
1788447600,0.7855,0.79,0.7725,0.7894,2084441.8
1788451200,0.7895,0.7916,0.776,0.7892,1645423.3
1788454800,0.7891,0.7968,0.785,0.7921,1389816.9
1788458400,0.792,0.7972,0.7865,0.7886,1427829.6
1788462000,0.7889,0.7944,0.7849,0.7903,830675.7
1788465600,0.7896,0.7919,0.7838,0.7904,637285.5
1788469200,0.7904,0.7961,0.785,0.7892,956656.3
1788472800,0.7895,0.7897,0.775,0.7815,1097854.8
1788476400,0.7814,0.7846,0.7786,0.7837,414064.8
1788480000,0.7834,0.7872,0.7749,0.7752,736715.3
1788483600,0.7755,0.7798,0.77,0.7733,967778.8
1788487200,0.7732,0.7764,0.7685,0.7759,456803.2
1788490800,0.776,0.7789,0.7722,0.7722,276725.6
1788494400,0.7723,0.778,0.7709,0.773,514799.5
1788498000,0.7728,0.7742,0.7638,0.7678,1300741.2
1788501600,0.7678,0.7709,0.7659,0.77,255221.9
1788505200,0.7701,0.774,0.7688,0.7698,623558.5
1788508800,0.7694,0.7773,0.7673,0.7756,535417.4
1788512400,0.7757,0.7828,0.7732,0.775,1100510.5
1788516000,0.7748,0.7769,0.7706,0.776,775041.6
1788519600,0.776,0.7791,0.774,0.7768,693352.1
1788523200,0.7767,0.7792,0.7397,0.7524,3577891.6
1788526800,0.7521,0.7602,0.7491,0.7541,1709208.7
1788530400,0.7541,0.7566,0.7398,0.744,865900.6
1788534000,0.7439,0.7509,0.7424,0.7485,701976.4
1788537600,0.7487,0.7572,0.7481,0.7532,446648.6
1788541200,0.7528,0.754,0.7481,0.7511,397358.9
1788544800,0.751,0.755,0.7508,0.7548,268897.4
1788548400,0.7548,0.761,0.7542,0.7592,547122.6
1788552000,0.7591,0.7609,0.7572,0.7574,1054897.8
1788555600,0.7576,0.7594,0.7528,0.753,329819.6
1788559200,0.7531,0.7558,0.7514,0.7519,580543.1
1788562800,0.7518,0.756,0.7514,0.7556,273300.2
1788566400,0.7555,0.768,0.7549,0.7619,747506.4
1788570000,0.7621,0.7708,0.7596,0.7638,1039988.8
1788573600,0.7635,0.7691,0.7614,0.7654,517554.8
1788577200,0.7653,0.7686,0.762,0.7657,415728.3
1788580800,0.7656,0.769,0.7621,0.7661,406907.4
1788584400,0.7663,0.7728,0.7636,0.7708,410812.9
1788588000,0.7711,0.7841,0.771,0.7814,920804.1
1788591600,0.7814,0.7942,0.779,0.7934,1236750.6
1788595200,0.7935,0.794,0.7836,0.787,1038696
1788598800,0.7869,0.7889,0.7845,0.7856,268182
1788602400,0.7857,0.7883,0.7823,0.7838,479596.2
1788606000,0.7839,0.7879,0.782,0.7849,540852.7
1788609600,0.785,0.8062,0.7846,0.8005,1562125.1
1788613200,0.8003,0.8033,0.7916,0.794,1881538.2
1788616800,0.7943,0.8069,0.7938,0.7993,1749264.9
1788620400,0.7996,0.8025,0.7943,0.797,1235067.8
1788624000,0.7965,0.8018,0.7918,0.7985,971026.6
1788627600,0.7979,0.8053,0.7961,0.8027,1344290.9
1788631200,0.8033,0.8128,0.8005,0.8031,2254702.2
1788634800,0.8029,0.8132,0.7999,0.8022,1644129.7
1788638400,0.8024,0.8075,0.7972,0.7988,1700365.1
1788642000,0.7985,0.8084,0.7983,0.8057,1174567.5
1788645600,0.8046,0.8053,0.7954,0.7986,512147.7
1788649200,0.7986,0.7995,0.7924,0.795,889634.2
1788652800,0.7952,0.7996,0.794,0.7975,979106.5
1788656400,0.7975,0.8077,0.7966,0.8025,918707.4
1788660000,0.8026,0.8125,0.7958,0.7983,1122834.5
1788663600,0.7979,0.806,0.7959,0.8013,505001
1788667200,0.8012,0.8015,0.7946,0.7966,344239.2
1788670800,0.7969,0.8048,0.7951,0.799,529098.9
1788674400,0.7989,0.7993,0.794,0.796,310415.5
1788678000,0.7957,0.7975,0.7844,0.7945,773793.3
1788681600,0.7944,0.7964,0.7917,0.7941,673581.2
1788685200,0.7939,0.8043,0.7926,0.8011,1038186.1
1788688800,0.8014,0.8016,0.7966,0.8006,305652.7
1788692400,0.8006,0.8053,0.7981,0.8052,430702.2
1788696000,0.8052,0.8075,0.7958,0.7984,831500.8
1788699600,0.7983,0.8012,0.7933,0.798,559647.7
1788703200,0.7983,0.8021,0.784,0.7908,782327.2
1788706800,0.791,0.7931,0.7849,0.7925,1161850.5
1788710400,0.7925,0.8034,0.7899,0.7992,1054097.3
1788714000,0.7989,0.8003,0.7926,0.7958,724518.2
1788717600,0.7956,0.7992,0.7931,0.7945,738632.9
1788721200,0.7945,0.7971,0.7936,0.7957,228413.3
1788724800,0.7959,0.816,0.7953,0.8149,956523.1
1788728400,0.8154,0.8191,0.8082,0.8136,955185.7
1788732000,0.8134,0.8134,0.7993,0.805,1183223.6
1788735600,0.8054,0.8126,0.8054,0.8113,1093781.3
1788739200,0.8115,0.8239,0.8092,0.8149,1156313.6
1788742800,0.8145,0.8154,0.7949,0.7973,2195945.6
1788746400,0.7974,0.8159,0.7921,0.804,1140071.3
1788750000,0.804,0.807,0.7937,0.7943,695979.1
1788753600,0.7945,0.7994,0.7941,0.798,857467.8
1788757200,0.7976,0.8123,0.7954,0.7954,971838.5
1788760800,0.7964,0.8028,0.7961,0.7988,569210.4
1788764400,0.7984,0.8058,0.7861,0.7962,961739.1
1788768000,0.7956,0.816,0.7956,0.8125,1031514.6
1788771600,0.8127,0.817,0.8049,0.8063,678946.5
1788775200,0.8064,0.8164,0.8064,0.8101,966704.6
1788778800,0.8104,0.8163,0.807,0.8098,692180.5
1788782400,0.8096,0.8451,0.8096,0.8401,3129619.1
1788786000,0.84,0.8446,0.8226,0.8319,1995487.3
1788789600,0.8314,0.8336,0.8177,0.8264,1636763.1
1788793200,0.8265,0.8272,0.8004,0.8042,2099535.6
1788796800,0.8041,0.816,0.8038,0.8157,759864.4
1788800400,0.8152,0.822,0.8148,0.8198,388998.4
1788804000,0.8198,0.8279,0.8184,0.8259,673037.4
1788807600,0.8256,0.8337,0.8229,0.8294,735618.9
1788811200,0.8293,0.8352,0.8219,0.8285,1408135.4
1788814800,0.8289,0.8336,0.8223,0.8224,643004.3
1788818400,0.8226,0.8241,0.8058,0.8132,893824.2
1788822000,0.8135,0.8212,0.8135,0.8186,363452.5
1788825600,0.8186,0.8325,0.8167,0.8296,2625642.1
1788829200,0.8295,0.8358,0.8252,0.8293,1372547.6
1788832800,0.8295,0.8365,0.817,0.818,956032.2
1788836400,0.8182,0.8312,0.8172,0.8228,2610746.1
1788840000,0.823,0.8235,0.8128,0.8135,1155649.9
1788843600,0.8136,0.8257,0.8124,0.8185,1238280.4
1788847200,0.819,0.8208,0.8088,0.8131,755334
1788850800,0.8131,0.8243,0.8107,0.8191,599461.1
1788854400,0.8189,0.8215,0.8092,0.8172,530925.1
1788858000,0.8174,0.8309,0.815,0.828,1149916.2
1788861600,0.8287,0.8335,0.8212,0.8213,586908.9
1788865200,0.8215,0.8221,0.8055,0.8101,1018814.9
1788868800,0.8097,0.816,0.8041,0.8138,955680.6
1788872400,0.8139,0.8153,0.7954,0.8036,1349509.7
1788876000,0.8038,0.818,0.802,0.8174,760994.5
1788879600,0.8174,0.8297,0.8151,0.8273,1153043.9
1788883200,0.8276,0.834,0.8183,0.8292,1417134.5
1788886800,0.8294,0.8316,0.8191,0.8195,825542.9
1788890400,0.8193,0.827,0.8075,0.8103,866273
1788894000,0.8103,0.8159,0.8092,0.8123,1534909.5
1788897600,0.8124,0.8226,0.8096,0.8103,940179.6
1788901200,0.8106,0.815,0.8072,0.8094,504210.8
1788904800,0.8088,0.8159,0.8088,0.8139,476887.8
1788908400,0.814,0.8165,0.8094,0.8113,340063.4
1788912000,0.8114,0.824,0.8113,0.8181,737306.9
1788915600,0.8183,0.82,0.8104,0.8164,1066675.4
1788919200,0.8161,0.8205,0.8109,0.8112,1077729
1788922800,0.811,0.8118,0.8058,0.807,627989.1
1788926400,0.8072,0.8234,0.8072,0.8206,978870.9
1788930000,0.8206,0.8236,0.8112,0.8122,808045.3
1788933600,0.8125,0.8228,0.8115,0.8218,258851.5
1788937200,0.8218,0.8292,0.8208,0.8229,525302.1
1788940800,0.8231,0.8287,0.8221,0.8269,725473.9
1788944400,0.8261,0.8268,0.8071,0.8075,654155.4
1788948000,0.8076,0.813,0.8072,0.8089,649847.3
1788951600,0.8093,0.8137,0.8021,0.813,811812
1788955200,0.8135,0.8209,0.8106,0.8182,696761.6
1788958800,0.8183,0.8184,0.806,0.8106,834205.6
1788962400,0.8112,0.8156,0.8064,0.8093,632538.3
1788966000,0.8093,0.8157,0.7837,0.7944,1534908.9
1788969600,0.7942,0.8005,0.7879,0.798,934744.7
1788973200,0.7981,0.8025,0.7954,0.7995,608412.5
1788976800,0.7997,0.8041,0.7961,0.7972,496979
1788980400,0.7974,0.8,0.7831,0.7859,978970.9
1788984000,0.7856,0.7889,0.777,0.7864,1345817.3
1788987600,0.786,0.786,0.7705,0.7774,462659.5
1788991200,0.7778,0.7787,0.7621,0.7648,790747.6
1788994800,0.7644,0.7735,0.7644,0.7721,414190.1
1788998400,0.7716,0.7728,0.7634,0.7646,983890.1
1789002000,0.7646,0.773,0.7573,0.7616,689241.7
1789005600,0.7608,0.77,0.7605,0.7696,246233.3
1789009200,0.7698,0.7728,0.7676,0.77,566605
1789012800,0.7697,0.7714,0.7679,0.7694,220404.5
1789016400,0.7694,0.7726,0.7656,0.7711,408872.3
1789020000,0.7705,0.7731,0.7641,0.7712,207354
1789023600,0.7715,0.7715,0.7607,0.764,277167.1
1789027200,0.7636,0.7661,0.7624,0.764,696062.1
1789030800,0.7641,0.7666,0.7588,0.7618,243238.2
1789034400,0.761,0.7637,0.7546,0.7588,713511.8
1789038000,0.7589,0.7663,0.7567,0.761,586064.5
1789041600,0.7609,0.7667,0.7435,0.7515,1169259.1
1789045200,0.7511,0.7547,0.7461,0.7502,2338818.5
1789048800,0.7502,0.7537,0.7305,0.747,2708058.2
1789052400,0.7467,0.7489,0.7408,0.7444,652755.6
1789056000,0.7442,0.7454,0.7324,0.7407,1051035.6
1789059600,0.7407,0.7476,0.7392,0.7427,1007207.6
1789063200,0.7429,0.7434,0.7356,0.7409,512786.5
1789066800,0.7409,0.7415,0.7356,0.7389,681070.2
1789070400,0.7386,0.7431,0.736,0.7409,471281.3
1789074000,0.7411,0.7428,0.7377,0.7386,228866.9
1789077600,0.7388,0.7409,0.7306,0.7315,425566.4
1789081200,0.7316,0.7326,0.7243,0.7276,813821.6
1789084800,0.728,0.7345,0.7275,0.7332,511567.5
1789088400,0.7329,0.7364,0.7283,0.7344,347736.5
1789092000,0.7347,0.7353,0.7318,0.7345,216084.1
1789095600,0.7347,0.7384,0.7314,0.7365,432698
1789099200,0.7366,0.7427,0.7359,0.7402,439360.8
1789102800,0.7396,0.7409,0.7379,0.7404,397203.5
1789106400,0.7399,0.7407,0.736,0.7369,305362.4
1789110000,0.7369,0.7424,0.7368,0.737,318402.8
1789113600,0.737,0.7408,0.7352,0.7364,274364.9
1789117200,0.7362,0.7365,0.7267,0.7307,383651.6
1789120800,0.7305,0.7332,0.7258,0.7258,272904.9
1789124400,0.726,0.726,0.7048,0.7184,8716086.1
1789128000,0.718,0.7411,0.701,0.7395,7265132.5
1789131600,0.7395,0.7612,0.7256,0.759,2703849.7
1789135200,0.7592,0.7655,0.7431,0.7489,1941123.7
1789138800,0.7483,0.7574,0.732,0.7371,1115563.7
1789142400,0.7369,0.7454,0.7344,0.7416,2848706.6
1789146000,0.7419,0.7443,0.7297,0.7325,1037186.8
1789149600,0.7324,0.7332,0.7204,0.7224,2212364.6
1789153200,0.7225,0.7284,0.7197,0.727,788292
1789156800,0.7268,0.7314,0.724,0.7281,989174.7
1789160400,0.7279,0.7321,0.7209,0.7215,544560
1789164000,0.7219,0.7265,0.718,0.7207,1593015.6
1789167600,0.7205,0.7258,0.7198,0.7256,271699.7
1789171200,0.7255,0.7282,0.7251,0.7269,215639.5
1789174800,0.7272,0.7306,0.7265,0.7286,548844.7
1789178400,0.7282,0.7297,0.7252,0.7264,437467.9
1789182000,0.7263,0.7287,0.7242,0.7268,396936
1789185600,0.7269,0.7276,0.722,0.723,409415.3
1789189200,0.7229,0.7254,0.7204,0.7222,452936.5
1789192800,0.7226,0.726,0.722,0.7234,330775.4
1789196400,0.7233,0.7297,0.723,0.728,229238.1
1789200000,0.7279,0.73,0.7264,0.7272,431683.6
1789203600,0.7271,0.7274,0.7243,0.7272,606098.9
1789207200,0.7274,0.7278,0.7251,0.7264,272552.8
1789210800,0.7264,0.7293,0.7251,0.7289,234561
1789214400,0.729,0.7298,0.7266,0.728,344865.6
1789218000,0.728,0.7285,0.7242,0.7251,561678.1
1789221600,0.7257,0.7275,0.7252,0.7265,240809.7
1789225200,0.7265,0.7299,0.7256,0.7283,812624.3
1789228800,0.7285,0.7295,0.7268,0.7273,277602
1789232400,0.727,0.7284,0.7247,0.7253,167396.2
1789236000,0.7252,0.7252,0.7208,0.7221,565464
1789239600,0.722,0.7228,0.7191,0.7212,612364.6
1789243200,0.7212,0.7244,0.7211,0.7224,338456.2
1789246800,0.7224,0.7248,0.7206,0.7217,211336.7
1789250400,0.7218,0.7259,0.7198,0.7221,376134.5
1789254000,0.7221,0.7252,0.7216,0.7246,136653.4
1789257600,0.7249,0.7292,0.7243,0.7284,704075.8
1789261200,0.7285,0.7311,0.7269,0.7283,583175.6
1789264800,0.7281,0.7294,0.7264,0.7264,614011.1
1789268400,0.7263,0.7285,0.7214,0.7223,469299.1
1789272000,0.7223,0.7242,0.722,0.7229,256975.4
1789275600,0.7227,0.726,0.7227,0.7255,124122.9
1789279200,0.7255,0.7259,0.7176,0.7188,176691.2
1789282800,0.7186,0.7213,0.7162,0.7167,424352.1
1789286400,0.7165,0.7181,0.705,0.7089,894948.9
1789290000,0.7092,0.7126,0.7063,0.7122,442494.8
1789293600,0.7121,0.7126,0.7069,0.7085,251274.1
1789297200,0.7087,0.7113,0.7073,0.7107,243197.6
1789300800,0.7108,0.7117,0.7086,0.7102,268176.5
1789304400,0.7103,0.7138,0.7049,0.7129,297789.5
1789308000,0.713,0.7178,0.7128,0.7168,414165.7
1789311600,0.7171,0.7171,0.7108,0.7109,275730.1
1789315200,0.711,0.7165,0.711,0.7164,280025.6
1789318800,0.7163,0.7207,0.7163,0.7196,317778.2
1789322400,0.7201,0.7247,0.7194,0.7229,683432.3
1789326000,0.7227,0.7239,0.7176,0.7184,722319
1789329600,0.7185,0.722,0.7172,0.7219,746730.4
1789333200,0.7213,0.7219,0.7152,0.7169,239814.3
1789336800,0.7165,0.7165,0.6979,0.7,1435382
1789340400,0.6999,0.7034,0.6978,0.7016,700311.4
1789344000,0.7019,0.7068,0.6925,0.7028,851420.5
1789347600,0.7035,0.7091,0.6989,0.7081,704085.7
1789351200,0.7079,0.7172,0.7062,0.7143,836104.7
1789354800,0.7142,0.7183,0.7136,0.7166,347997.6
1789358400,0.7168,0.7203,0.7153,0.7184,593014.6
1789362000,0.7183,0.7183,0.7155,0.7182,267895.1
1789365600,0.7181,0.73,0.7176,0.7235,2078724
1789369200,0.7236,0.7257,0.721,0.7248,688854.7
1789372800,0.7244,0.7291,0.7205,0.7241,767959.6
1789376400,0.7242,0.73,0.7205,0.7267,850454.8
1789380000,0.7268,0.7277,0.7229,0.7237,622743.7
1789383600,0.7232,0.7275,0.7152,0.7238,967451.8
1789387200,0.7239,0.7285,0.7196,0.7208,649566.1
1789390800,0.7209,0.7274,0.7151,0.7219,1598850.5
1789394400,0.7218,0.7275,0.7181,0.7193,1181370.8
1789398000,0.7193,0.7277,0.7175,0.7243,784968.8
1789401600,0.7246,0.7361,0.7232,0.7318,2076020.1
1789405200,0.7318,0.7371,0.7295,0.7351,1023817.1
1789408800,0.7352,0.7454,0.7334,0.7432,2114536.5
1789412400,0.7426,0.7429,0.7344,0.7356,912885.4
1789416000,0.736,0.7479,0.7355,0.742,849455.6
1789419600,0.7412,0.7412,0.7302,0.7311,1192772.9
1789423200,0.731,0.7336,0.7236,0.7256,600809.2
1789426800,0.7255,0.7266,0.7201,0.721,460897.4
1789430400,0.7208,0.7224,0.7174,0.7192,349219
1789434000,0.7188,0.7216,0.7172,0.7194,442846.1
1789437600,0.7196,0.7228,0.7182,0.7212,532784.2
1789441200,0.721,0.721,0.7152,0.7162,680316.5
1789444800,0.7161,0.7177,0.7111,0.7123,999885.2
1789448400,0.7124,0.7128,0.705,0.7118,2272490.2
1789452000,0.7118,0.7128,0.7061,0.7086,352689.3
1789455600,0.7085,0.7109,0.7038,0.7046,1432420.3
1789459200,0.7046,0.7088,0.7021,0.7084,574996.5
1789462800,0.7083,0.7137,0.7079,0.7105,411009.4
1789466400,0.7108,0.7127,0.7089,0.7103,325299.9
1789470000,0.7106,0.713,0.7042,0.7073,613793.8
1789473600,0.7074,0.7133,0.7072,0.7107,633549.3
1789477200,0.7108,0.7169,0.7029,0.7104,686362.6
1789480800,0.7108,0.712,0.6872,0.6964,2067768.6
1789484400,0.6962,0.7057,0.6952,0.7014,819533.6
1789488000,0.7014,0.7041,0.6974,0.7015,432589.2
1789491600,0.7013,0.7115,0.6984,0.71,925990.3
1789495200,0.71,0.711,0.6729,0.6934,4336961.3
1789498800,0.6934,0.6959,0.6841,0.6903,2373489.3
1789502400,0.6902,0.692,0.681,0.6884,1308948.3
1789506000,0.6881,0.6881,0.677,0.6778,912095
1789509600,0.6781,0.6862,0.6762,0.685,916193.8
1789513200,0.6854,0.6905,0.6853,0.6864,432678.5
1789516800,0.6863,0.6892,0.6848,0.6857,543956.7
1789520400,0.6859,0.6896,0.6807,0.6816,519074.8
1789524000,0.6815,0.6905,0.6806,0.6885,513852.4
1789527600,0.6884,0.6935,0.6873,0.6896,495046.2
1789531200,0.6898,0.6964,0.6894,0.692,554604.1
1789534800,0.692,0.692,0.6881,0.691,401543
1789538400,0.6916,0.6926,0.6857,0.6924,299311.8
1789542000,0.692,0.6952,0.6848,0.6851,539723.7
1789545600,0.6852,0.6856,0.6811,0.6853,536668.8
1789549200,0.6855,0.69,0.6851,0.6893,437204.1
1789552800,0.6894,0.6905,0.6873,0.69,640719.3
1789556400,0.6902,0.6937,0.6879,0.6914,426216.7
1789560000,0.6914,0.6932,0.686,0.6893,595819.9
1789563600,0.6888,0.693,0.6827,0.6889,516734.6
1789567200,0.6894,0.6894,0.6827,0.6848,625839.5
1789570800,0.6852,0.6885,0.6813,0.6837,632047.3
1789574400,0.6836,0.6887,0.6825,0.687,468684.4
1789578000,0.6867,0.6885,0.6774,0.6849,1466222.5
1789581600,0.6852,0.7037,0.6804,0.6937,1950201.4
1789585200,0.6948,0.7078,0.6912,0.7078,1214791.4
1789588800,0.7077,0.7179,0.7058,0.7106,1453472.9
1789592400,0.7104,0.7105,0.7001,0.7052,823342.2
1789596000,0.7055,0.7057,0.6988,0.7001,523077.1
1789599600,0.6996,0.7158,0.6988,0.7127,870876
1789603200,0.7126,0.7175,0.7099,0.7105,476084.1
1789606800,0.7102,0.7227,0.7085,0.7182,738126.6
1789610400,0.7184,0.7217,0.713,0.7175,970101.4
1789614000,0.7173,0.7216,0.7172,0.7205,473414.4
1789617600,0.7203,0.7227,0.7145,0.7223,798531.9
1789621200,0.7223,0.7262,0.7178,0.7191,726856
1789624800,0.7189,0.7241,0.7182,0.7227,510857.1
1789628400,0.7227,0.7257,0.7216,0.7221,824096
1789632000,0.7222,0.7255,0.7201,0.7236,580490.5
1789635600,0.7235,0.7244,0.7193,0.7215,575805.9
1789639200,0.7213,0.7218,0.7154,0.7181,1492508.7
1789642800,0.7186,0.7216,0.7155,0.7208,807332.7
1789646400,0.721,0.7302,0.7195,0.7239,1080719.9
1789650000,0.7238,0.7282,0.7214,0.7272,1025185.7
1789653600,0.7274,0.7344,0.7249,0.7262,1471851.8
1789657200,0.7263,0.7341,0.722,0.7331,672191.9
1789660800,0.7331,0.7371,0.729,0.7332,1104912.5
1789664400,0.7333,0.7381,0.732,0.7326,880698.2
1789668000,0.7327,0.735,0.7288,0.7313,631163.1
1789671600,0.7308,0.7343,0.7292,0.732,418219.1
1789675200,0.7312,0.7363,0.7311,0.7361,251556.4
1789678800,0.7361,0.7372,0.7314,0.732,798866.9
1789682400,0.7312,0.7354,0.7291,0.7337,937764.9
1789686000,0.7337,0.7421,0.7337,0.741,1279270.6
1789689600,0.7408,0.7538,0.7367,0.7501,1623272
1789693200,0.7501,0.7651,0.7477,0.7613,1680928.6
1789696800,0.7614,0.7706,0.7598,0.7662,1639625
1789700400,0.766,0.788,0.7652,0.7879,1937017.9
1789704000,0.788,0.7887,0.7718,0.7834,1115352.9
1789707600,0.7834,0.7839,0.7727,0.774,919117.6
1789711200,0.7738,0.7791,0.7734,0.7784,1375203.3
1789714800,0.7781,0.7836,0.7765,0.7822,1074994.9
1789718400,0.782,0.787,0.7765,0.7857,939245.7
1789722000,0.7855,0.7979,0.7841,0.7971,1088200.7
1789725600,0.7972,0.8013,0.7912,0.7925,2002620
1789729200,0.7928,0.795,0.7808,0.7912,1267105.5
1789732800,0.7914,0.8002,0.7888,0.7995,1008115.5
1789736400,0.7994,0.8149,0.7926,0.8055,3191192.9
1789740000,0.8056,0.8096,0.7974,0.8052,2112948.3
1789743600,0.8052,0.8064,0.7955,0.8032,1346944.3
1789747200,0.8036,0.8076,0.7977,0.8004,1797663.4
1789750800,0.8003,0.805,0.7958,0.8049,1286970.8
1789754400,0.8043,0.8043,0.7987,0.8009,875488.5
1789758000,0.801,0.8138,0.8004,0.8134,2146265.5
1789761600,0.8132,0.8162,0.8068,0.8133,1582355.6
1789765200,0.8132,0.8216,0.8128,0.8198,1608237.2
1789768800,0.8198,0.8226,0.8116,0.8168,1438366.1
1789772400,0.8171,0.8175,0.8129,0.8139,970845.7
1789776000,0.8142,0.8323,0.8137,0.8212,2151568
1789779600,0.8218,0.8248,0.8081,0.8207,1671111.6
1789783200,0.8212,0.833,0.8179,0.8275,1616745.5
1789786800,0.8281,0.8296,0.8207,0.8294,903880.8
1789790400,0.8296,0.8335,0.8191,0.8236,1047265.2
1789794000,0.8239,0.8307,0.8163,0.8175,2219033.3
1789797600,0.818,0.8205,0.8111,0.8159,439368.8
1789801200,0.8168,0.8188,0.8067,0.8089,502958
1789804800,0.8088,0.8261,0.8072,0.8243,446733.2
1789808400,0.8248,0.8362,0.8242,0.8361,1163364.8
1789812000,0.8362,0.8585,0.8324,0.8537,2172338.8
1789815600,0.8539,0.8693,0.8536,0.8632,1525343
1789819200,0.8625,0.8654,0.8475,0.8504,1806252.6
1789822800,0.8508,0.8532,0.845,0.85,1883302.4
1789826400,0.8505,0.8543,0.8425,0.8455,1532026
1789830000,0.8455,0.85,0.8378,0.8433,1078526.8
1789833600,0.8436,0.8581,0.8377,0.8574,1098238.1
1789837200,0.8565,0.87,0.8542,0.8601,1657336.8
1789840800,0.86,0.867,0.8532,0.8623,1178054.9
1789844400,0.8624,0.8873,0.8601,0.875,2315044.2
1789848000,0.8748,0.8804,0.8668,0.8716,2032519.3
1789851600,0.8719,0.8753,0.85,0.8554,3337998.9
1789855200,0.8548,0.8644,0.8467,0.8633,1378557.5
1789858800,0.8634,0.8699,0.8571,0.8572,1773092
1789862400,0.857,0.8712,0.8544,0.8656,2623762
1789866000,0.8657,0.8682,0.8518,0.8599,1676902
1789869600,0.86,0.8684,0.8157,0.8196,2995059.9
1789873200,0.8192,0.8318,0.8051,0.826,4130636.1
1789876800,0.826,0.8288,0.821,0.825,1308303.2
1789880400,0.825,0.8256,0.8169,0.8236,874650
1789884000,0.8235,0.8264,0.8183,0.8217,673575.7
1789887600,0.822,0.8236,0.8155,0.8157,339256.8
1789891200,0.8158,0.8229,0.8153,0.8205,197760.1
