ts,open,high,low,close,volume
1600300800,3.86,4.31,3.15,4.2101,1911653.36502
1600387200,4.26,8.6698,3.2935,6.9695,33210051.1528
1600473600,6.9695,7.4855,5.237,5.7302,12407869.607789
1600560000,5.715,6.0924,4.65,5.2077,8240101.786039
1600646400,5.209,5.6367,4.0111,4.2796,6393942.959587
1600732800,4.2778,4.5493,3.701,3.9126,6010281.710163
1600819200,3.9198,5.3933,3.9057,4.3683,12990410.991826
1600905600,4.374,5.2999,4.2647,5.1584,7881815.534944
1600992000,5.1584,5.5609,4.775,4.9219,6190773.397497
1601078400,4.9211,4.9899,4.5879,4.8653,3253496.189961
1601164800,4.8702,5.2111,4.7007,4.8506,2513935.287224
1601251200,4.8559,4.9462,4.1598,4.25,3882012.177204
1601337600,4.25,4.4524,4.122,4.3864,3351827.598891
1601424000,4.3864,4.3889,3.95,4.1567,2293174.170869
1601510400,4.1567,4.5176,3.9,4.2423,4540929.369988
1601596800,4.2378,4.2378,3.5777,3.8934,4375957.460596
1601683200,3.8922,4.1312,3.8312,3.9074,1774712.546717
1601769600,3.9074,3.9429,3.607,3.722,2960131.387707
1601856000,3.7271,3.7961,3.187,3.323,4588437.687001
1601942400,3.3175,3.353,2.628,2.7162,7685961.306441
1602028800,2.7148,3.0095,2.4794,2.962,8272119.293346
1602115200,2.9664,3.4676,2.6435,3.3558,7385517.002727
1602201600,3.3525,3.5998,3.175,3.3825,4343600.919879
1602288000,3.3825,3.6575,3.2729,3.296,2817946.690503
1602374400,3.2958,3.4512,3.1834,3.3633,1882781.950072
1602460800,3.3633,3.6167,3.286,3.4651,1772263.609751
1602547200,3.4642,3.499,3.2939,3.3612,944285.007201
1602633600,3.3603,3.437,2.9725,3.1114,2146854.313754
1602720000,3.1114,3.1841,2.9209,3.084,2349867.498495
1602806400,3.0837,3.3816,2.88,3.048,4030800.690074
1602892800,3.0485,3.1275,2.9804,3.0591,1178289.213335
1602979200,3.0572,3.29,3.0454,3.2884,1381248.988491
1603065600,3.2851,3.2899,3.11,3.1737,1077637.46384
1603152000,3.1717,3.1922,2.82,2.8608,2345332.199502
1603238400,2.8645,3.0931,2.8423,2.9435,2392147.514439
1603324800,2.9443,3.1538,2.9251,3.0438,1728198.175054
1603411200,3.0457,3.1256,2.9687,3.0179,1182871.146055
1603497600,3.0171,3.0872,2.93,2.9446,1303270.958384
1603584000,2.9417,2.97,2.7158,2.7793,1693471.157056
1603670400,2.7782,2.8766,2.5302,2.7159,2940886.572734
1603756800,2.718,2.9135,2.7055,2.8111,1892072.435801
1603843200,2.8054,2.8605,2.597,2.6714,1482003.808559
1603929600,2.6645,2.7405,2.4925,2.5426,1256678.267817
1604016000,2.5386,2.5652,2.2391,2.4163,3615176.243211
1604102400,2.4145,2.4157,2.2438,2.2692,1684984.012086
1604188800,2.267,2.4501,2.2177,2.3799,2104300.257708
1604275200,2.3812,2.4545,2.2258,2.2561,1512794.899665
1604361600,2.2518,2.2868,2.0563,2.1392,3299243.541598
1604448000,2.1374,2.1664,1.878,1.9336,3373260.61583
1604534400,1.9321,2.44,1.7606,2.1946,7723081.997493
1604620800,2.1949,2.6958,2.1771,2.5704,7501098.563206
1604707200,2.5743,3.0329,2.41,2.4797,10323675.512235
1604793600,2.4792,2.9209,2.4362,2.8665,3344188.738819
1604880000,2.8667,2.8807,2.5747,2.6805,3507096.679473
1604966400,2.6826,3.1772,2.6282,3.0784,3889073.002352
1605052800,3.0787,3.2206,2.886,2.9352,2941279.209144
1605139200,2.94,3.1399,2.842,2.9603,2563268.366491
1605225600,2.9622,3.9999,2.939,3.8624,6421410.074679
1605312000,3.8655,3.9735,3.5131,3.813,4891214.781021
1605398400,3.8157,4.2498,3.62,3.8497,6707344.581209
1605484800,3.8452,3.94,3.4489,3.5608,5405890.86146
1605571200,3.564,3.8666,3.4805,3.8132,5437014.32267
1605657600,3.8162,3.8533,3.2788,3.4624,4749261.201801
1605744000,3.4666,3.9163,3.231,3.7512,5123276.210027
1605830400,3.7482,4.0907,3.68,3.8619,5046910.938335
1605916800,3.8619,3.9407,3.5834,3.8341,3983775.081485
1606003200,3.8448,3.9552,3.4146,3.6819,4059552.855678
1606089600,3.6899,4.2333,3.633,4.1856,4722963.536916
1606176000,4.1914,4.4871,3.9342,4.0678,4768631.328794
1606262400,4.0686,4.204,3.5264,3.6676,4090723.652756
1606348800,3.6753,3.7702,3.1,3.435,6260376.440139
1606435200,3.435,3.538,3.1609,3.311,2867549.418889
1606521600,3.3081,3.5346,3.2578,3.4638,1967553.307781
1606608000,3.4605,3.5764,3.3651,3.5606,1009581.967483
1606694400,3.5634,3.8085,3.5366,3.7743,1804980.772576
1606780800,3.7664,3.986,3.4111,3.5541,3025587.620465
1606867200,3.5529,4.174,3.4982,3.9532,3000931.420849
1606953600,3.947,4.0263,3.8023,3.885,1742377.871678
1607040000,3.8808,3.9209,3.5,3.5232,1370089.974066
1607126400,3.52,3.698,3.45,3.6828,1202675.167239
1607212800,3.6837,3.7949,3.51,3.6534,894005.953865
1607299200,3.6534,3.878,3.564,3.7544,1448968.066042
1607385600,3.7576,3.7622,3.276,3.2977,2054518.103103
1607472000,3.2915,3.3986,3.1171,3.3577,2374531.803655
1607558400,3.3617,3.3715,3.19,3.2399,720400.916497
1607644800,3.2441,3.2489,2.9111,2.9631,2723845.080639
1607731200,2.9628,3.1861,2.9581,3.1231,1771690.225217
1607817600,3.123,3.3639,3.0726,3.3361,902807.49398
1607904000,3.3312,3.55,3.2366,3.4871,1580742.334762
1607990400,3.4869,3.518,3.3084,3.3296,1215359.624259
1608076800,3.3288,3.5436,3.2432,3.5403,1926324.216659
1608163200,3.5352,4,3.4387,3.6968,3340797.305379
1608249600,3.6975,3.8557,3.5466,3.7655,2474050.851394
1608336000,3.7736,4.2493,3.708,3.9606,4944046.340599
1608422400,3.96,4.0253,3.7091,3.7539,2076654.029073
1608508800,3.75,3.9242,3.4049,3.5113,2265985.239258
1608595200,3.5128,3.7733,3.2838,3.7344,2420444.990056
1608681600,3.7328,3.7745,3.02,3.3137,3477820.593135
1608768000,3.3095,3.5254,3.1615,3.5215,2306395.904412
1608854400,3.526,3.6461,3.373,3.4976,1268671.7458
1608940800,3.5006,3.5979,3.3548,3.4166,1022067.551565
1609027200,3.4172,3.7948,3.3516,3.593,2640343.209384
1609113600,3.5947,3.941,3.5664,3.7294,2482921.430934
1609200000,3.7334,3.8338,3.494,3.6786,2376428.258912
1609286400,3.6745,4.3826,3.6295,4.1497,5829889.791223
1609372800,4.1524,5.3139,3.94,5.162,10863163.759686
1609459200,5.157,5.2813,4.6207,4.7478,5919805.944551
1609545600,4.743,5.1873,4.4937,4.856,6949170.123999
1609632000,4.8535,5.65,4.6801,5.5241,7510445.799668
1609718400,5.53,6.2375,4.881,5.4248,8693660.077816
1609804800,5.4252,6.5824,5.2001,6.2715,6619984.152942
1609891200,6.2725,6.616,6.0201,6.437,4224685.052554
1609977600,6.4419,6.8341,6.02,6.2745,3893183.09304
1610064000,6.2818,6.3735,5.4802,5.8751,4076162.948205
1610150400,5.8754,6.371,5.67,6.2453,2852421.687457
1610236800,6.2453,6.5929,5.5028,5.9887,3577927.801613
1610323200,5.9988,5.9988,4.3542,5.2521,6836660.538396
1610409600,5.2497,5.8141,4.9601,5.5909,2711750.254898
1610496000,5.5956,6.3799,5.2616,6.3398,2593161.314495
1610582400,6.3402,7.1265,6.1799,6.9473,4346555.021416
1610668800,6.9418,7.4667,6.3706,7.365,5392383.679588
1610755200,7.3748,9.3595,7.188,8.3963,7177662.382577
1610841600,8.3886,9.1737,8.07,8.6782,5293882.554955
1610928000,8.6852,9.8631,8.3012,9.194,3525316.682509
1611014400,9.1953,9.67,8.4455,8.5947,3118249.126187
1611100800,8.5899,9.049,7.6331,8.9794,3228075.476266
1611187200,8.9777,9.0412,7.3143,7.5714,3754334.91068
1611273600,7.5848,9.021,7.0142,8.7075,4064438.297655
1611360000,8.704,9.5384,8.5,9.3398,2340578.605445
1611446400,9.3527,12.3195,9.1786,12.0407,6266644.583829
1611532800,12.0423,12.9637,10.879,11.3122,6637435.163113
1611619200,11.3138,14.2887,11.1638,13.9344,8177528.878174
1611705600,13.9339,15.5537,12.9957,14.7553,8552608.486616
1611792000,14.7614,15.437,13.55,14.1284,6081997.887072
1611878400,14.1564,15.79,14.1112,15.6391,5556548.510699
1611964800,15.6379,19.6838,15.1001,19.5737,8142447.112215
1612051200,19.6037,20.545,17.4278,17.733,7718729.295192
1612137600,17.7496,20.75,16.6902,20.4901,6323056.61346
1612224000,20.4901,20.5907,18.051,18.9755,4355051.035402
1612310400,18.9772,20.5,18.7109,19.7515,3499692.515006
1612396800,19.7343,21.6,19.22,20.14,5184202.654636
1612483200,20.14,22.4408,19.4445,21.1938,4247023.675949
1612569600,21.1958,21.6864,19.201,19.2755,2506221.049601
1612656000,19.2831,19.6877,17.1,18.687,2393026.111364
1612742400,18.7112,20.2192,18.1452,19.3274,2181744.50301
1612828800,19.3327,19.9184,18.8874,19.5453,1879918.54314
1612915200,19.5311,22.45,19.5311,20.6903,3471475.067945
1613001600,20.6894,22,20.1573,21.4856,2345148.650161
1613088000,21.4943,23.86,21.2252,22.7095,3057273.585207
1613174400,22.713,23.5784,21.1909,21.8343,1907850.603039
1613260800,21.8279,22.65,20.7036,20.8615,1349832.96878
1613347200,20.8615,21.5439,17.1539,20.0943,2961122.267544
1613433600,20.1148,21.3,19.3813,20.4684,1522513.113254
1613520000,20.4855,21.8479,19.1605,21.5497,1491633.095802
1613606400,21.55,22.2696,20.581,21.1637,1448146.385188
1613692800,21.1829,21.5363,19.36,20.0653,1734604.499657
1613779200,20.0648,33,19.5241,28.7552,11409515.83152
1613865600,28.747,32.119,27.8162,28.8088,4420566.487728
1613952000,28.823,29.1463,21.84,27.7025,4677184.89233
1614038400,27.675,27.7581,18.2,24.8301,6645575.856982
1614124800,24.8424,27.3738,23.1056,25.2638,3563382.107252
1614211200,25.2638,26.9439,23.1001,23.5127,1772848.992191
1614297600,23.4899,25.2281,21.0077,23.1103,2402020.81819
1614384000,23.117,24.8262,22.3372,23.5813,1397670.014261
1614470400,23.5722,24.166,20.5,22.264,2298748.675031
1614556800,22.2639,25.7575,22.1021,25.7131,1338336.161899
1614643200,25.7272,27.4579,24.5317,25.5477,2318198.472245
1614729600,25.5585,27.609,25.2781,25.35,1368457.393237
1614816000,25.3644,29.7779,24.75,28.2354,3928340.145291
1614902400,28.234,28.7839,25.8101,28.3046,2676007.035733
1614988800,28.3046,29,27.18,28.5293,891026.840119
1615075200,28.5421,34.9255,28.5124,34.2736,3049723.233493
1615161600,34.277,34.9312,32.074,33.2371,1774180.284193
1615248000,33.2476,34.7733,32.3535,32.8789,1829560.459571
1615334400,32.8779,33.49,30.2632,30.8942,1297671.272403
1615420800,30.9153,31.8372,29.4914,31.0093,1134491.751609
1615507200,31.0262,31.9314,29.2077,30.8939,754249.210765
1615593600,30.9032,33.28,30.1602,32.4643,865112.91787
1615680000,32.4626,33.746,30.65,30.6529,584492.251293
1615766400,30.6733,31.5086,29.5565,29.8061,753802.183416
1615852800,29.8188,30.063,27.8689,30.0538,685051.512273
1615939200,30.0501,31.6836,29.4615,31.3152,938078.120985
1616025600,31.3337,31.6096,29.733,29.9991,654238.534472
1616112000,30.0022,34.1972,29.4564,33.254,1197587.498953
1616198400,33.2521,35.1589,31.8666,32.0266,1141677.863421
1616284800,32.0512,33.3339,31.5119,32.9426,538689.093928
1616371200,32.9426,35.8438,31.8,32.8501,1741472.939008
1616457600,32.8519,36.833,30.2497,31.0053,3883805.086492
1616544000,31.0057,31.8885,25.6144,27.2393,2997120.859829
1616630400,27.2392,28.0258,25.5846,26.5198,2866642.548732
1616716800,26.5,29.0374,26.4772,28.9103,1241587.28022
1616803200,28.913,29.4936,27.812,28.1708,1042781.260515
1616889600,28.1849,28.9,27.3513,27.8627,678256.170227
1616976000,27.8714,29.49,27.5,29.0171,864896.841469
1617062400,29.0171,29.2893,28.1641,28.543,876759.995922
1617148800,28.549,29.0202,26.6698,28.0773,1050619.72126
1617235200,28.0773,30.2719,28.0773,28.666,1002790.041504
1617321600,28.666,30.301,28.6,30.2174,794229.301122
1617408000,30.1972,32.4264,29.3504,29.376,1146402.42342
1617494400,29.3977,31.5001,28.9775,30.9282,607939.366626
1617580800,30.9399,31.2313,29.6935,30.865,630170.31883
1617667200,30.8684,32.3949,30.1133,31.2496,817610.365114
1617753600,31.2496,31.4096,27.8058,28.5546,852689.92002
1617840000,28.5724,30.6462,28.3265,30.206,660013.943675
1617926400,30.2058,30.5807,29.3125,29.5322,418812.532654
1618012800,29.5307,30.801,29.1796,29.7501,489915.48978
1618099200,29.7749,30.63,29.2069,29.9059,518568.834578
1618185600,29.9128,38.0911,29.5292,36.7001,2788295.142939
1618272000,36.7001,37.1236,34.1301,35.4266,1450201.529993
1618358400,35.4299,36.84,33.2502,36.037,1295526.798966
1618444800,36.0673,39.5364,35.5787,37.768,1176101.732886
1618531200,37.7736,38.2361,34.3037,36.2071,1118253.832297
1618617600,36.2034,37.5586,34.6801,34.7684,633366.330355
1618704000,34.7702,35.1327,27.25,31.7109,2477405.665699
1618790400,31.7037,32.716,29.485,31.381,961171.28752
1618876800,31.3793,32.28,28.2898,31.9838,1143405.105752
1618963200,31.9772,36.5263,30.56,33.404,1602238.885404
1619049600,33.447,38.4482,32.6901,33.9642,2897453.362012
1619136000,33.9501,34.8861,29.5368,33.0023,2055949.536697
1619222400,33.0023,33.0148,30,30.1914,642251.305523
1619308800,30.2319,34.8626,30.0317,34.3872,1379466.791562
1619395200,34.3832,38.5276,34.1447,38.1899,1584561.685366
1619481600,38.2107,40.6564,37.3577,39.6709,1199676.243518
1619568000,39.6662,42.98,37.8193,42.8911,1671920.895989
1619654400,42.9034,43.9473,39.5366,41.0919,975593.553639
1619740800,41.0863,41.4001,39.1121,40.6781,990465.606622
1619827200,40.672,41.3224,39.2435,40.3521,743966.048233
1619913600,40.3521,43.3037,39.3181,42.6666,1127264.702725
1620000000,42.6529,45.0239,41.2121,42.3508,1520377.850849
1620086400,42.3267,44.64,39.7,43.1305,2138536.619655
1620172800,43.1254,44.9265,41.5141,42.4676,1763869.145138
1620259200,42.4781,42.5889,39.9014,40.2343,1487792.030857
1620345600,40.2489,41.25,38.0689,39.7486,1188412.411947
1620432000,39.7607,41.2996,39.2217,40.5791,863600.811807
1620518400,40.5688,40.7575,38.11,39.4614,928542.893278
1620604800,39.4828,41.2294,33.56,36.4121,1517326.507329
1620691200,36.3988,38.5938,35.4748,38.587,931460.769682
1620777600,38.5645,44.0495,35.8701,37.0508,2479827.447147
1620864000,37.0512,40.3566,34.1,37.3176,2579975.967869
1620950400,37.3215,40.9364,37.1029,40.4393,694675.654538
1621036800,40.4548,42.4117,36.5363,36.537,1044297.039081
1621123200,36.6282,39.4295,34.5,36.6235,813942.039133
1621209600,36.619,36.619,31.7502,33.2527,1488426.359703
1621296000,33.2895,36.654,33.0008,35.0301,1114966.47047
1621382400,35.0105,35.5409,16.5,23.352,4243457.208445
1621468800,23.3723,28.5736,20.1,26.4352,2698211.344272
1621555200,26.3884,28.0873,18.86,21.9855,2706133.127336
1621641600,21.9637,22.4266,18.4106,20.3746,2412690.69471
1621728000,20.3776,21.3068,13.0117,16.7319,4847579.02718
1621814400,16.7428,25.2228,16.4625,24.707,4567049.146445
1621900800,24.7155,26.7533,21.5607,25.145,3415196.018283
1621987200,25.1494,29.4512,24.5726,29.44,3132767.219141
1622073600,29.44,30,26.1591,28.5568,2084240.674209
1622160000,28.5568,29.4249,24.9181,25.867,2895809.611731
1622246400,25.8827,27.5314,21.829,23.1772,2605699.940368
1622332800,23.1964,26.5893,21.7127,25.7134,1640476.793856
1622419200,25.6849,28.453,23.4793,28.2615,2629129.949375
1622505600,28.2458,29.8128,25.9626,27.404,2376004.412947
1622592000,27.4154,28.79,26.3351,27.6067,781304.286441
1622678400,27.6078,29.3864,26.9,28.681,841521.618415
1622764800,28.6788,28.6881,25.0136,26.4231,1394458.106259
1622851200,26.4237,27.6848,25.1635,25.641,1039225.58247
1622937600,25.641,26.4747,25.3724,25.8726,354053.152941
1623024000,25.8726,27.3445,23.9602,24.2865,731938.377967
1623110400,24.249,24.6401,20.7086,23.424,1462527.388017
1623196800,23.424,25.2358,22.2187,25.1168,1013585.467187
1623283200,25.1167,25.2706,23.0837,23.5774,416525.29918
1623369600,23.5818,23.8608,21.308,21.8289,482267.842634
1623456000,21.8225,21.9657,20.2591,21.2774,577419.256469
1623542400,21.3132,23.6111,20.464,23.2702,663330.308926
1623628800,23.2623,24.199,22.5138,24.1616,608126.544985
1623715200,24.1629,24.6802,23.1385,23.4157,361857.230083
1623801600,23.4158,23.5418,21.6433,21.8091,495526.773392
1623888000,21.8008,22.9356,21.42,22.1783,335581.972301
1623974400,22.1731,22.2584,19.5645,20.3982,454778.470873
1624060800,20.399,20.9804,19.77,19.77,233069.584853
1624147200,19.7718,21.0092,18.6387,20.6957,450652.518472
1624233600,20.7063,20.8625,15.752,15.7983,1477274.7947
1624320000,15.7928,17.1283,13.9048,16.4223,2254372.174333
1624406400,16.4035,18.4992,15.7954,17.8106,1026570.202983
1624492800,17.8174,18.5578,16.6137,18.1004,539356.198768
1624579200,18.0962,18.3264,15.6927,15.8273,882069.901904
1624665600,15.8305,16.4595,15.1177,16.1248,475333.290722
1624752000,16.1278,17.1043,15.6322,17.1043,354694.219975
1624838400,17.1043,18.1362,16.8687,17.7312,414625.170832
1624924800,17.7339,19.2094,17.6553,18.6452,415311.06581
1625011200,18.6296,19.3044,17.1606,19.2801,620844.33977
1625097600,19.2857,19.2857,17.5579,17.7939,722750.016278
1625184000,17.7857,18.2639,16.9368,18.2388,326912.193929
1625270400,18.2455,19.5421,17.7982,19.4682,382696.54874
1625356800,19.473,21.4876,18.9501,20.7665,938151.824095
1625443200,20.7582,20.8876,19.1348,20.0773,673982.57506
1625529600,20.0701,23.1817,20.0595,22.3731,2156617.297308
1625616000,22.3552,23.4498,21.68,22.2768,558043.64786
1625702400,22.2695,22.3332,19.97,20.3516,556599.475192
1625788800,20.3467,21.5981,19.7712,20.9815,619962.867559
1625875200,20.9805,21.5087,19.94,20.269,258874.69492
1625961600,20.2555,20.9281,19.9954,20.6975,200409.638584
1626048000,20.6987,21.4038,19.1915,19.5288,674673.435118
1626134400,19.5331,19.726,18.1336,18.4867,535061.26164
1626220800,18.494,18.5374,16.7569,17.8921,937908.164561
1626307200,17.8921,18.3855,16.8041,17.0505,554517.535942
1626393600,17.0647,17.5908,15.9297,16.3449,516547.275849
1626480000,16.3606,16.7315,15.9491,16.1085,297797.311875
1626566400,16.1116,17.1722,16.0362,16.3096,278674.863566
1626652800,16.3089,16.7789,15.4052,15.7385,670108.122472
1626739200,15.7404,15.9692,14.4033,14.5585,1517518.823204
1626825600,14.5593,16.877,14.02,16.7296,801143.026103
1626912000,16.735,17.6202,16.0793,17.5854,738895.894807
1626998400,17.5854,18.696,16.9463,18.5978,769097.006521
1627084800,18.6056,18.9452,18.0387,18.2573,525384.522422
1627171200,18.2681,18.452,17.2577,18.2936,512393.905971
1627257600,18.2806,20.3128,18.1898,18.5299,1163690.621439
1627344000,18.5097,19.2524,17.7239,18.8979,665488.545208
1627430400,18.8998,19.4577,18.5355,19.0547,734198.260073
1627516800,19.0693,19.8022,18.6215,19.5899,570913.532004
1627603200,19.5888,21.0525,19.3813,20.9374,1279384.680772
1627689600,20.9384,21.9678,20.7061,21.7652,589050.587442
1627776000,21.7811,23.2205,21.5713,21.9968,817724.489962
1627862400,21.9729,23.0983,21.41,22.363,669466.173384
1627948800,22.369,22.7412,20.6807,21.3267,651567.680589
1628035200,21.3308,23.7317,20.7677,23.5377,945875.097404
1628121600,23.5213,25.5733,22.08,25.4543,938314.031476
1628208000,25.4413,26.9574,24.5488,26.1794,842245.5792
1628294400,26.1966,29.0255,25.8211,28.3322,956108.34763
1628380800,28.3281,28.722,25.9779,26.72,757733.925608
1628467200,26.7239,28.7948,25.3967,28.3578,723104.887982
1628553600,28.3579,30.2308,28.19,28.7687,946391.046641
1628640000,28.7701,30.4202,28.7268,28.989,760435.106881
1628726400,28.9625,29.9114,26.866,28.1246,831106.950717
1628812800,28.1231,30.6227,27.8506,30.5039,885116.284752
1628899200,30.5247,30.6611,28.7353,30.1454,735194.342226
1628985600,30.1441,30.479,28.2969,30.2795,410729.311831
1629072000,30.2979,31.2618,29.0114,29.0762,751831.832269
1629158400,29.0595,30.8149,25.8759,26.3942,1414357.728433
1629244800,26.4061,27.3797,25.45,26.3063,1213441.482894
1629331200,26.3063,27.98,25.3002,27.9786,886891.256322
1629417600,27.9794,29.3335,27.5161,28.8726,674052.675307
1629504000,28.8938,29.7361,28.2078,28.2509,518172.992022
1629590400,28.2491,29.2004,27.1997,28.4232,523102.35589
1629676800,28.4234,29.658,28.39,28.8082,436078.882993
1629763200,28.8023,29.2409,26.516,26.6335,599203.329877
1629849600,26.5945,27.4506,25.6997,27.0715,578461.268293
1629936000,27.0623,27.6678,25.024,25.5302,669479.950429
1630022400,25.528,27.4927,25.0315,27.4246,573847.93856
1630108800,27.437,27.6149,26.65,26.8274,298256.396245
1630195200,26.8483,27.683,26.1954,26.7985,572073.629785
1630281600,26.804,28.2294,25.5822,26.8283,929503.303384
1630368000,26.8357,29.7353,26.1758,29.3959,2075097.898275
1630454400,29.3718,31.4172,28.7159,31.3669,1792424.009727
1630540800,31.3669,31.4269,29.519,29.9413,954693.2852
1630627200,29.9318,31.2077,28.3149,28.6593,1782976.453371
1630713600,28.6634,29.4779,28.2162,28.5789,733387.934374
1630800000,28.5806,29.5096,28.3537,29.3759,539653.369978
1630886400,29.3774,30.3251,28.4045,28.8434,979733.345698
1630972800,28.8434,29.3309,20.825,24.3113,2316860.686893
1631059200,24.3397,24.9884,21.3671,23.1468,1689014.354047
1631145600,23.1599,24.7243,22.7335,23.2851,1375193.752893
1631232000,23.3262,24.2459,21.4068,22.3286,1332713.614197
1631318400,22.2994,23.8947,22.2549,22.7396,571112.89616
1631404800,22.7234,24.2587,22.16,23.7246,805199.928132
1631491200,23.7234,24.0415,21.3987,22.6597,1003905.748413
1631577600,22.671,25.9168,22.4866,25.6737,1024805.585326
1631664000,25.67,27.4783,24.7096,27.4731,1079744.283676
1631750400,27.4716,27.6164,25.3846,26.2444,1503872.096817
1631836800,26.2485,26.3955,23.99,24.3316,1284939.807676
1631923200,24.3362,25.2015,23.942,24.5432,410200.251789
1632009600,24.544,24.6471,23.5001,23.8949,351016.168332
1632096000,23.8978,23.9857,20.46,20.9039,1388149.659132
1632182400,20.9065,21.6363,18.3416,19.0497,1258389.493095
1632268800,19.0614,21.6594,18.8444,21.6329,1321330.722624
1632355200,21.618,21.8441,20.8945,21.4994,723759.622405
1632441600,21.4995,21.6419,18.1865,19.6567,1607734.080097
1632528000,19.6591,20.11,18.96,19.467,735153.860012
1632614400,19.4869,24.8156,17.5258,24.0475,3216748.063907
1632700800,24.0332,26.0267,22.2738,22.3949,1971093.531797
1632787200,22.3898,24.9842,22.15,23.0788,3545456.224183
1632873600,23.06,24.3008,22.3272,23.0019,2380991.233001
1632960000,23.012,23.9494,22.631,23.5281,1610687.626885
1633046400,23.529,25.823,23.4725,25.6453,1802255.170777
1633132800,25.6425,27.2376,25.3773,26.123,1354614.51682
1633219200,26.132,26.6261,25.6563,26.0389,679569.498741
1633305600,26.0428,26.0449,24.2648,25.3464,1044491.336203
1633392000,25.3509,25.9067,24.58,25.6411,1248140.528665
1633478400,25.657,26.0704,23.8,25.2599,1104503.473466
1633564800,25.2606,26.3222,24.4823,25.536,1004353.049549
1633651200,25.5374,26.1144,24.63,24.7633,901395.913407
1633737600,24.7876,25.6892,24.5274,25.1523,790593.635196
1633824000,25.1536,26.0131,24.0952,24.1543,796708.183062
1633910400,24.1527,25.0855,23.5142,24.1669,859694.706512
1633996800,24.1688,24.1692,22.3061,23.4691,1015670.107159
1634083200,23.4571,25.7461,23.16,24.6794,1334637.382829
1634169600,24.6972,26.4724,24.5399,26.4444,1165085.636647
1634256000,26.4413,26.8403,25.375,25.8824,1145248.716711
1634342400,25.88,27.9454,25.7462,27.0695,918617.949667
1634428800,27.0657,27.1272,25.043,25.9206,707170.593028
1634515200,25.9229,26.2453,24.8712,25.6672,691928.586955
1634601600,25.656,26.3095,25.2469,26.0311,547653.136915
1634688000,26.0311,27.1475,25.5077,27.1322,627222.884941
1634774400,27.1353,27.7518,25.7394,26.1109,920009.554246
1634860800,26.0973,26.85,25.326,25.6434,496885.227067
1634947200,25.6304,26.8901,25.2642,26.8581,573027.729909
1635033600,26.8514,27.2323,25.3436,25.823,532093.79452
1635120000,25.823,26.7527,25.6926,26.7515,576606.873003
1635206400,26.7536,28.2659,26.1331,26.564,1411200.273052
1635292800,26.5582,28.2914,23.5824,24.1892,1931960.34567
1635379200,24.1707,25.3842,23.9187,24.9087,1100710.116865
1635465600,24.9052,25.82,24.6526,25.5418,1103932.925975
1635552000,25.5435,25.5974,24.4216,24.9333,610740.784395
1635638400,24.9287,25.2842,24.0155,25.0181,682587.098016
1635724800,25.0235,26.4744,24.1685,25.6103,931375.502973
1635811200,25.6261,26.3259,25.1571,26.174,604398.569121
1635897600,26.1918,27.0888,25.365,26.9062,1227897.766948
1635984000,26.8951,27.4652,25.2614,25.7672,851904.777628
1636070400,25.7455,26.1043,25.2799,25.5901,662233.070777
1636156800,25.5913,25.8085,24.45,25.1848,500570.599142
1636243200,25.1848,25.5172,24.9871,25.344,292761.833132
1636329600,25.3412,26.4017,25.2383,26.2625,786870.289378
1636416000,26.2628,27.7865,25.8516,26.3587,1163271.276249
1636502400,26.3693,28.4728,24.1,25.2827,2239659.222894
1636588800,25.2763,26.1185,24.9142,25.3868,983666.430698
1636675200,25.3852,25.706,23.8909,24.5648,1380053.089264
1636761600,24.5616,24.8015,24.1779,24.671,457006.941676
1636848000,24.6654,25.0143,24.0213,24.571,422102.96652
1636934400,24.5813,24.983,23.7899,24.0046,731696.697696
1637020800,24.0009,24.0009,20.4054,21.7109,1964385.540536
1637107200,21.6979,21.9704,21.0613,21.8776,721422.314996
1637193600,21.8854,22.2536,19.6289,20.1017,1238837.003696
1637280000,20.0996,21.3373,19.7798,21.2211,872609.456823
1637366400,21.2238,22.056,20.62,22.056,472879.553402
1637452800,22.0532,22.1892,21.4012,21.6379,249282.348448
1637539200,21.6435,22.3204,20.7434,20.961,938546.118904
1637625600,20.9684,22.3405,20.7708,22.2202,558674.701103
1637712000,22.2301,22.249,20.55,20.8079,573844.363056
1637798400,20.8041,21.6559,20.5883,21.4017,492064.712548
1637884800,21.4107,21.4597,18.7347,19.2662,918961.814567
1637971200,19.2731,20.1579,19.2299,19.4682,411760.343564
1638057600,19.4573,20.2679,18.505,20.1288,707063.4499
1638144000,20.1329,20.4873,19.6658,20.2667,419216.854755
1638230400,20.2745,21.4796,19.578,21.2659,876521.861014
1638316800,21.266,22.3193,20.7784,20.9667,818306.035369
1638403200,20.9618,23.0561,20.5626,22.4303,1381142.503546
1638489600,22.4244,23.0359,19.4332,19.9871,1076658.480521
1638576000,19.956,20.0353,14.05,17.2209,2768122.707069
1638662400,17.1999,17.4999,15.9041,16.5404,1253241.198823
1638748800,16.5544,17.5158,15.1897,17.3086,1965490.369498
1638835200,17.3226,17.6791,16.9364,17.1493,1509979.683483
1638921600,17.1435,18.771,16.969,18.771,1842295.318096
1639008000,18.7604,18.7763,16.12,16.18,864420.89237
1639094400,16.22,16.54,15.11,15.16,1301855.914481
1639180800,15.15,16.75,14.9686,15.9,1006924.636426
1639267200,15.91,16.2,15.28,16.02,433514.099827
1639353600,16.01,16.1,13.75,14.15,942691.179456
1639440000,14.17,15.09,13.92,14.99,946907.225485
1639526400,14.99,15.52,14.17,15.21,673665.883085
1639612800,15.23,15.38,14.35,14.4,586170.705053
1639699200,14.4,15.09,13.68,15,834025.630737
1639785600,15.02,16.11,14.69,15.58,1044618.27402
1639872000,15.57,15.97,14.83,14.97,478004.252698
1639958400,14.97,15.17,13.98,14.52,565290.051556
1640044800,14.52,15.12,14.32,15.06,517452.502379
1640131200,15.06,16.55,14.97,16.21,756749.213204
1640217600,16.23,18.26,15.91,18.18,1396595.918618
1640304000,18.19,18.3,17.24,17.5,851278.978329
1640390400,17.49,17.84,17.09,17.49,361827.566936
1640476800,17.48,18.8,16.72,18.67,691032.828075
1640563200,18.67,20.1,18.55,19.11,1363520.92326
1640649600,19.12,19.92,17.76,18.4,1720150.882205
1640736000,18.39,19.49,16.87,17.13,1364157.499325
1640822400,17.12,17.91,16.71,17.78,687940.682537
1640908800,17.77,18.92,16.77,16.98,1684074.456223
1640995200,17.01,17.56,16.88,17.47,379103.914223
1641081600,17.47,18.52,17.05,18.41,556638.835202
1641168000,18.41,19.19,17.85,18.47,1054292.384308
1641254400,18.46,19.15,17.7,18.21,980763.775905
1641340800,18.2,19.87,16.3,17.11,1622901.954623
1641427200,17.11,17.26,16.08,17.06,1020748.881483
1641513600,17.06,17.16,15.21,15.75,860210.501009
1641600000,15.75,16.2,14.53,14.92,507307.620483
1641686400,14.92,16.31,14.82,15.8,442961.943265
1641772800,15.8,16.48,14.64,15.11,1049461.735333
1641859200,15.14,16.33,14.99,15.98,520892.653768
1641945600,15.97,16.62,15.97,16.3,399601.31978
1642032000,16.27,16.6,15.4,15.46,458175.999943
1642118400,15.47,15.96,15.15,15.86,329819.860443
1642204800,15.87,16.73,15.71,16.48,277453.739404
1642291200,16.48,18.2,16.3,17.86,862654.596429
1642377600,17.87,17.96,16.24,16.64,512590.574552
1642464000,16.65,17.71,15.63,15.99,779828.45766
1642550400,16.01,16.23,15.1,15.12,610905.923865
1642636800,15.12,16.18,14.38,14.49,491373.228416
1642723200,14.44,14.68,12.32,12.63,1210890.213053
1642809600,12.64,13.01,10.37,11.16,1500620.312726
1642896000,11.14,11.92,10.83,11.42,1097845.02121
1642982400,11.43,11.43,9.53,10.7,1820197.37894
1643068800,10.7,10.95,10.32,10.59,910875.112309
1643155200,10.59,11.78,10.36,10.58,1421131.971012
1643241600,10.59,10.92,9.89,10.32,1700112.646492
1643328000,10.31,10.74,9.86,10.68,1235932.462373
1643414400,10.66,11.24,10.58,11.16,1007328.409101
1643500800,11.16,11.45,10.64,10.82,1099991.987154
1643587200,10.82,11.89,10.3,11.77,1576769.330892
1643673600,11.77,11.88,11.01,11.11,1911408.151439
1643760000,11.12,11.37,10.39,10.53,1053551.872075
1643846400,10.52,10.59,9.97,10.39,1303476.986224
1643932800,10.41,11.21,10.33,11.18,1735829.060214
1644019200,11.18,12.02,11.12,11.26,1369668.223769
1644105600,11.28,11.73,11.02,11.7,985907.393353
1644192000,11.69,12.61,11.39,12.38,2487197.894326
1644278400,12.39,12.94,11.52,11.95,1505661.678665
1644364800,11.96,12.66,11.61,12.33,875105.293047
1644451200,12.34,12.36,11.36,11.41,950889.668324
1644537600,11.4,11.67,10.39,10.65,824848.501141
1644624000,10.64,10.98,10.41,10.63,696023.873253
1644710400,10.63,10.86,10.26,10.37,582728.310499
1644796800,10.37,10.72,10.11,10.63,549211.883642
1644883200,10.64,11.54,10.62,11.48,790997.297151
1644969600,11.49,11.55,10.78,11.22,824433.70703
1645056000,11.24,11.39,10.23,10.41,617987.533582
1645142400,10.41,10.7,10.05,10.15,602124.455966
1645228800,10.17,10.43,9.77,10.03,406192.619903
1645315200,10.03,10.06,9.19,9.36,655649.603694
1645401600,9.36,9.76,8.5,8.52,970777.847777
1645488000,8.52,8.98,8.14,8.86,1219727.244938
1645574400,8.87,9.46,8.72,8.75,712089.090768
1645660800,8.75,9.04,7.51,8.82,1879116.090351
1645747200,8.81,9.44,8.46,9.25,1086484.828331
1645833600,9.25,9.56,8.95,9.06,692806.043328
1645920000,9.07,10.16,8.65,9.77,1946838.712079
1646006400,9.77,10.55,9.36,10.53,2383956.837375
1646092800,10.54,10.83,10.03,10.37,1069512.860465
1646179200,10.35,10.6,9.96,10.05,790290.019242
1646265600,10.02,10.12,9.41,9.55,586519.566608
1646352000,9.55,9.57,8.67,8.8,1010164.902701
1646438400,8.81,9.15,8.67,9,306833.542737
1646524800,9,9.08,8.44,8.48,388697.761087
1646611200,8.47,8.79,8.11,8.3,469913.213137
1646697600,8.3,8.88,8.25,8.81,453233.316129
1646784000,8.81,9.47,8.76,9.22,631752.092396
1646870400,9.22,9.3,8.51,8.68,510532.710025
1646956800,8.67,9.06,8.37,8.51,589707.547421
1647043200,8.5,8.87,8.45,8.46,329742.579828
1647129600,8.46,8.75,8.13,8.2,502466.966996
1647216000,8.21,8.59,8.11,8.48,451667.322406
1647302400,8.48,8.8,8.14,8.72,415044.734462
1647388800,8.73,9.23,8.53,9.1,760740.34274
1647475200,9.1,9.41,9.02,9.23,643784.636221
1647561600,9.23,9.77,9,9.62,691330.246972
1647648000,9.63,9.96,9.55,9.74,870436.915402
1647734400,9.73,9.8,9.14,9.33,620027.175633
1647820800,9.33,9.62,9.18,9.35,646632.203528
1647907200,9.35,10.16,9.27,9.76,1098920.552206
1647993600,9.75,10.25,9.64,10.01,1121114.856095
1648080000,10.01,10.8,9.97,10.79,1379619.538357
1648166400,10.79,11.15,10.43,10.58,1149532.414007
1648252800,10.57,10.75,10.37,10.63,821967.615771
1648339200,10.63,11.44,10.48,11.4,774372.18623
1648425600,11.41,11.59,10.76,10.91,1410581.769831
1648512000,10.91,11.73,10.89,11.25,1496795.600162
1648598400,11.24,11.85,10.8,11.74,1838168.546688
1648684800,11.72,12.5,11.06,11.29,2343667.028949
1648771200,11.3,12.1,10.88,11.59,1278611.975524
1648857600,11.59,12.03,11.44,11.65,1424718.743573
1648944000,11.65,12.04,11.47,11.88,1147366.540855
1649030400,11.87,12.17,11.05,11.56,1277201.485081
1649116800,11.57,11.9,11.05,11.12,520290.792724
1649203200,11.11,11.11,9.92,9.95,946751.513888
1649289600,9.95,10.55,9.82,10.45,523601.229043
1649376000,10.44,10.55,9.62,9.74,1132309.285773
1649462400,9.73,10.09,9.72,10.06,462707.89061
1649548800,10.07,10.32,9.84,9.86,416029.576525
1649635200,9.86,9.89,8.9,8.98,807658.14486
1649721600,8.99,9.5,8.93,9.32,506763.301586
1649808000,9.32,9.73,9.26,9.66,546671.623326
1649894400,9.65,9.75,9.33,9.47,556550.533869
1649980800,9.47,9.97,9.44,9.78,361055.315458
1650067200,9.78,9.83,9.5,9.67,165182.01545
1650153600,9.68,9.72,9.19,9.25,219198.561551
1650240000,9.24,9.41,8.86,9.39,353385.353585
1650326400,9.39,9.63,9.21,9.54,294347.86949
1650412800,9.54,9.7,9.11,9.32,728296.650885
1650499200,9.32,9.72,8.62,8.85,766257.450224
1650585600,8.85,9.13,8.74,8.9,762092.677206
1650672000,8.92,9.22,8.84,8.92,322314.872689
1650758400,8.91,9.15,8.69,8.71,195625.571253
1650844800,8.73,8.78,8.17,8.74,387899.849142
1650931200,8.74,8.81,7.92,8,323479.970773
1651017600,8.01,8.41,7.98,8.23,304317.778916
1651104000,8.23,8.35,8.03,8.17,289711.786363
1651190400,8.17,8.23,7.51,7.61,484868.37358
1651276800,7.62,7.8,6.35,6.76,597918.953768
1651363200,6.76,7.24,6.57,7.12,669708.020511
1651449600,7.12,7.19,6.64,6.94,482634.702419
1651536000,6.94,7.13,6.7,6.86,696844.520448
1651622400,6.86,7.97,6.82,7.94,661177.858186
1651708800,7.94,8.1,6.97,7.34,612917.89129
1651795200,7.35,7.69,6.87,7.58,611206.555675
1651881600,7.58,7.65,6.98,7.17,589639.104913
1651968000,7.17,7.33,6.85,7.1,372814.460941
1652054400,7.1,7.22,5.9,5.95,957927.861088
1652140800,5.94,6.66,5.76,6.07,1211743.763667
1652227200,6.07,6.22,4.63,4.89,1835716.782292
1652313600,4.89,5.18,3.57,4.65,1365544.617288
1652400000,4.65,5.46,4.59,5.13,564417.775299
1652486400,5.13,5.37,4.71,5.17,459360.374187
1652572800,5.18,5.47,4.98,5.45,221403.41167
1652659200,5.44,5.44,4.89,5.06,267552.335535
1652745600,5.06,5.51,5.03,5.46,447161.288981
1652832000,5.46,5.55,4.85,4.89,429233.816794
1652918400,4.9,5.22,4.72,5.18,322013.172525
1653004800,5.18,5.52,4.92,5.09,513916.601052
1653091200,5.08,5.37,4.98,5.22,255636.984027
1653177600,5.23,5.55,5.12,5.49,332366.243514
1653264000,5.49,5.97,5.36,5.62,455429.066496
1653350400,5.62,5.82,5.27,5.59,702432.413598
1653436800,5.59,5.79,5.36,5.62,466740.592643
1653523200,5.62,5.77,4.77,4.94,656172.266126
1653609600,4.94,5.08,4.58,4.7,669262.333728
1653696000,4.7,5.02,4.61,4.98,254140.831567
1653782400,4.99,5.03,4.77,4.94,346527.111692
1653868800,4.94,5.69,4.88,5.66,598081.039964
1653955200,5.66,5.87,5.55,5.69,418022.072532
1654041600,5.68,5.81,5.1,5.13,415792.033727
1654128000,5.13,5.34,5.04,5.298,502642.481138
1654214400,5.298,5.337,4.96,5.067,520868.489168
1654300800,5.066,5.167,4.933,5.133,773182.265443
1654387200,5.136,5.223,4.915,5.084,720996.290882
1654473600,5.084,5.417,5.082,5.369,736175.594975
1654560000,5.371,5.419,4.933,5.211,1250767.148691
1654646400,5.213,5.323,5.027,5.08,1201598.6229
1654732800,5.079,5.352,5.023,5.199,632911.804694
1654819200,5.194,5.225,4.758,4.808,920531.800287
1654905600,4.813,4.961,4.327,4.385,1330789.589349
1654992000,4.384,4.47,4.045,4.054,1249243.154262
1655078400,4.053,4.128,3.443,3.662,3814149.303933
1655164800,3.662,3.926,3.353,3.857,1926702.011876
1655251200,3.861,4.432,3.38,4.415,2056527.295084
1655337600,4.419,4.461,3.748,3.829,1824314.035983
1655424000,3.831,4.005,3.789,3.931,900786.129858
1655510400,3.932,4.082,3.324,3.637,1865297.270506
1655596800,3.637,4.263,3.489,4.184,1433367.741494
1655683200,4.19,4.387,3.979,4.3,1342580.105703
1655769600,4.299,5.209,4.218,4.773,1925028.010348
1655856000,4.773,5.356,4.564,4.977,2716577.995499
1655942400,4.98,5.655,4.952,5.617,1304548.456528
1656028800,5.62,5.792,5.352,5.467,1179233.033871
1656115200,5.467,5.763,5.24,5.612,538408.97095
1656201600,5.617,6.077,5.465,5.592,710283.9494
1656288000,5.59,5.927,5.263,5.33,914118.226352
1656374400,5.334,5.481,4.849,4.917,941882.229273
1656460800,4.91,5.259,4.773,5.11,1107876.935193
1656547200,5.11,5.137,4.591,5.002,1063455.279918
1656633600,5.003,5.127,4.739,4.855,722415.078865
1656720000,4.857,5.075,4.715,4.91,593432.85709
1656806400,4.909,4.945,4.716,4.912,303234.755327
1656892800,4.912,5.348,4.723,5.345,591452.608197
1656979200,5.34,5.44,5.004,5.295,620690.720339
1657065600,5.297,5.493,5.185,5.348,744291.521454
1657152000,5.343,5.829,5.283,5.728,957397.178255
1657238400,5.729,5.963,5.519,5.791,768165.910846
1657324800,5.791,6.62,5.791,6.448,1051441.556973
1657411200,6.448,6.472,5.98,6.234,669871.236206
1657497600,6.237,6.261,5.231,5.561,1958808.704297
1657584000,5.56,5.877,5.442,5.528,1315517.511796
1657670400,5.531,6.238,5.234,6.118,1626269.523354
1657756800,6.114,7.107,6.024,7.013,3446856.544488
1657843200,7.014,7.252,6.721,6.781,1456817.694118
1657929600,6.78,7.697,6.67,7.375,1345646.967661
1658016000,7.371,7.47,6.867,6.946,828723.842431
1658102400,6.955,7.456,6.929,7.327,1127905.406564
1658188800,7.334,7.746,7.21,7.347,1645849.936299
1658275200,7.347,7.61,6.788,6.859,1269463.314516
1658361600,6.863,7.293,6.669,7.222,1132628.214411
1658448000,7.224,7.461,6.82,6.89,960184.122492
1658534400,6.888,7.218,6.643,6.965,733783.377351
1658620800,6.968,7.347,6.876,7.25,762851.533154
1658707200,7.25,7.521,6.813,7.047,2821408.469468
1658793600,7.045,7.058,6.218,6.655,1458831.564491
1658880000,6.657,8.198,6.506,8.035,2538414.386933
1658966400,8.038,9.84,7.963,9.275,3446715.441507
1659052800,9.281,9.405,8.61,9.085,2273328.862208
1659139200,9.084,9.174,8.498,8.78,1249120.619142
1659225600,8.776,9.146,8.327,8.327,1269281.863578
1659312000,8.332,8.577,8.055,8.365,1199737.447293
1659398400,8.359,8.68,7.815,8.248,1540146.88879
1659484800,8.261,9.393,8.037,8.907,1805606.138547
1659571200,8.911,9.128,8.535,8.819,1146900.979245
1659657600,8.82,9.269,8.787,8.972,1345923.577895
1659744000,8.966,9.146,8.726,8.78,696318.292883
1659830400,8.78,8.982,8.689,8.786,409850.832977
1659916800,8.783,9.283,8.73,8.784,1050603.821335
1660003200,8.789,8.865,8.076,8.439,1009669.322848
1660089600,8.439,9.439,8.193,9.224,1084117.881984
1660176000,9.224,9.611,8.866,8.964,1347738.66729
1660262400,8.964,9.255,8.52,9.21,1059124.943136
1660348800,9.21,9.349,8.913,8.984,750394.238228
1660435200,8.984,9.615,8.754,8.884,1229758.722963
1660521600,8.882,9.17,8.278,8.475,1445292.117915
1660608000,8.467,8.571,8.188,8.34,1458916.537844
1660694400,8.342,8.676,7.865,7.961,1502705.904218
1660780800,7.961,8.207,7.426,7.574,1545951.095833
1660867200,7.572,7.693,6.803,6.895,2384361.694756
1660953600,6.892,7.196,6.734,7.009,1080212.185959
1661040000,7.014,7.321,6.976,7.211,732377.849326
1661126400,7.209,7.343,6.621,6.983,1087082.489684
1661212800,6.985,7.209,6.75,7.109,968495.37511
1661299200,7.118,7.286,6.871,7.045,615772.708309
1661385600,7.048,7.249,6.925,7.023,914877.698724
1661472000,7.023,7.023,6.074,6.154,2085765.62122
1661558400,6.153,6.207,5.95,6.057,846571.181775
1661644800,6.055,6.109,5.704,5.739,874912.882679
1661731200,5.735,6.4,5.68,6.339,997257.151485
1661817600,6.34,6.457,5.94,6.174,1124325.735074
1661904000,6.175,6.421,6.1,6.145,1071932.420882
1661990400,6.146,6.365,5.957,6.315,726148.378611
1662076800,6.315,6.693,6.2,6.406,1009509.450849
1662163200,6.403,6.41,6.223,6.305,462078.462758
1662249600,6.305,6.52,6.229,6.488,800224.805466
1662336000,6.488,6.668,6.192,6.576,1139729.631845
1662422400,6.583,6.754,5.782,5.829,1561532.828583
1662508800,5.831,6.232,5.707,6.116,1101496.046339
1662595200,6.116,6.259,5.953,6.173,1121141.789468
1662681600,6.173,6.712,6.169,6.505,1518208.263982
1662768000,6.51,6.726,6.439,6.674,1395400.039134
1662854400,6.679,6.736,6.37,6.491,1058762.136298
1662940800,6.491,6.968,6.373,6.657,1524264.718657
1663027200,6.66,6.77,5.994,6.034,1276332.489922
1663113600,6.035,6.236,5.958,6.182,903371.752759
1663200000,6.182,6.238,5.775,5.884,1230001.765104
1663286400,5.887,5.933,5.659,5.824,612395.701098
1663372800,5.821,6.04,5.814,6.014,444370.373648
1663459200,6.012,6.048,5.344,5.466,500097.895367
1663545600,5.465,5.525,5.206,5.479,984340.582785
1663632000,5.479,5.554,5.271,5.294,695172.15641
1663718400,5.289,5.753,5.14,5.338,1145779.588644
1663804800,5.329,5.856,5.324,5.734,960186.930134
1663891200,5.735,5.988,5.7,5.913,1103783.51588
1663977600,5.914,6.051,5.764,5.793,565809.83535
1664064000,5.794,5.954,5.607,5.659,415812.253953
1664150400,5.656,5.99,5.552,5.924,925898.305091
1664236800,5.928,6.707,5.914,6.366,1873008.293144
1664323200,6.371,6.629,6.005,6.555,1423508.851724
1664409600,6.556,6.57,6.12,6.379,1187057.303156
1664496000,6.379,6.756,6.267,6.464,1463193.463595
1664582400,6.465,6.657,6.382,6.395,857473.909583
1664668800,6.394,6.526,6.168,6.259,904723.037741
1664755200,6.264,6.81,6.186,6.628,1597289.766233
1664841600,6.636,6.849,6.569,6.649,1279373.446049
1664928000,6.648,6.826,6.471,6.815,767460.67707
1665014400,6.815,7,6.726,6.877,1040750.780289
1665100800,6.88,7.081,6.68,6.79,1031107.612388
1665187200,6.79,6.842,6.429,6.511,328640.462444
1665273600,6.51,6.649,6.486,6.633,244073.656987
1665360000,6.631,6.72,6.21,6.391,527017.569917
1665446400,6.39,6.508,5.942,5.992,1097784.655322
1665532800,5.994,6.17,5.96,6.053,510373.426981
1665619200,6.047,6.213,5.39,6.15,1992911.573339
1665705600,6.15,6.53,6.093,6.285,1197362.667819
1665792000,6.285,6.336,5.991,6.044,436473.491
1665878400,6.042,6.167,5.969,6.097,385422.665677
1665964800,6.103,6.455,6.038,6.4,846708.401496
1666051200,6.403,6.663,6.213,6.524,1102564.477964
1666137600,6.523,6.77,6.386,6.566,1237112.862252
1666224000,6.567,6.588,6.012,6.091,1296165.224793
1666310400,6.089,6.167,5.821,6.04,1513613.405154
1666396800,6.044,6.157,5.98,6.09,409105.913341
1666483200,6.092,6.295,5.974,6.286,473028.998827
1666569600,6.287,6.363,6.068,6.14,492149.89114
1666656000,6.141,6.789,6.076,6.579,1293836.645351
1666742400,6.579,6.899,6.52,6.688,621192.639815
1666828800,6.688,7.209,6.674,6.799,1120826.673169
1666915200,6.801,6.981,6.512,6.85,1129714.021955
1667001600,6.857,7.229,6.713,7.097,817408.291805
1667088000,7.098,7.369,6.792,6.89,637238.663229
1667174400,6.891,7.122,6.704,6.959,782966.505952
1667260800,6.959,7.45,6.906,7.117,963444.335888
1667347200,7.117,7.374,6.834,7.087,1067081.39085
1667433600,7.082,7.405,6.887,6.92,960390.966718
1667520000,6.918,7.76,6.817,7.556,1326266.312113
1667606400,7.56,7.791,7.523,7.677,856697.698028
1667692800,7.678,7.766,7.051,7.061,692267.049608
1667779200,7.055,7.696,6.878,7.011,1270926.24291
1667865600,7.008,7.096,5.4,6.063,2998971.550264
1667952000,6.063,6.218,4.697,4.882,3741480.17057
1668038400,4.883,5.9,4.783,5.749,2536959.61832
1668124800,5.746,6.228,5.437,6.081,1881780.371802
1668211200,6.078,6.172,5.283,5.549,2093415.038142
1668297600,5.556,6.143,5.505,5.796,1621624.815656
1668384000,5.794,6.106,5.372,6.093,1526018.125234
1668470400,6.09,6.492,5.959,6.27,1597545.672498
1668556800,6.273,6.407,5.819,5.946,1317392.216237
1668643200,5.947,6.041,5.657,5.724,931952.834273
1668729600,5.724,6.047,5.716,5.841,1057957.74169
1668816000,5.841,5.869,5.651,5.751,779089.353222
1668902400,5.75,5.81,5.38,5.422,587707.380329
1668988800,5.427,5.465,5.072,5.182,1128966.757339
1669075200,5.179,5.383,4.947,5.304,1504946.092649
1669161600,5.305,5.575,5.245,5.479,1205481.473556
1669248000,5.481,5.585,5.38,5.448,1122377.275259
1669334400,5.448,5.511,5.289,5.407,632034.996356
1669420800,5.408,5.62,5.359,5.413,596010.911887
1669507200,5.413,5.618,5.382,5.393,523740.951288
1669593600,5.391,5.455,5.149,5.283,729933.147256
1669680000,5.282,5.532,5.25,5.452,548455.962213
1669766400,5.454,5.903,5.453,5.855,1473709.906619
1669852800,5.857,6.141,5.71,5.918,1708904.572117
1669939200,5.919,6.565,5.841,6.345,2252295.569132
1670025600,6.342,6.448,6.061,6.092,992911.828743
1670112000,6.094,6.301,6.094,6.261,617201.426185
1670198400,6.262,6.425,6.115,6.172,998817.974142
1670284800,6.173,6.24,6.043,6.184,798896.936228
1670371200,6.185,6.285,5.872,5.999,560917.197916
1670457600,6.001,6.232,5.92,6.185,294515.584207
1670544000,6.186,6.292,6.061,6.166,336650.689897
1670630400,6.165,6.221,6.06,6.08,193986.896895
1670716800,6.081,6.11,5.881,5.925,246066.537355
1670803200,5.924,5.976,5.747,5.928,458698.687826
1670889600,5.928,6.258,5.841,6.101,725971.814201
1670976000,6.101,6.179,5.903,5.913,561159.190025
1671062400,5.911,6.019,5.767,5.797,1069983.156448
1671148800,5.798,5.879,5.209,5.298,761545.031825
1671235200,5.295,5.441,5.241,5.383,273242.55126
1671321600,5.383,5.405,5.303,5.335,237665.705741
1671408000,5.336,5.426,5.002,5.092,611896.253363
1671494400,5.089,5.395,5.047,5.359,574948.339585
1671580800,5.359,5.366,5.2,5.319,545203.885689
1671667200,5.318,5.384,5.123,5.363,543880.007997
1671753600,5.364,5.4,5.23,5.262,485341.453275
1671840000,5.262,5.266,5.175,5.199,171226.3389
1671926400,5.199,5.237,5.049,5.158,186022.668694
1672012800,5.159,5.205,5.13,5.202,206410.688402
1672099200,5.203,5.323,5.09,5.19,379844.609506
1672185600,5.192,5.199,4.938,4.973,705892.757791
1672272000,4.973,5.136,4.941,5.046,833273.963009
1672358400,5.045,5.107,4.945,5.1,1103410.65968
1672444800,5.1,5.21,5.052,5.162,1046485.825534
1672531200,5.16,5.267,5.098,5.248,216186.925815
1672617600,5.249,5.465,5.175,5.372,613504.211096
1672704000,5.372,5.42,5.273,5.373,337349.664693
1672790400,5.373,5.596,5.358,5.527,1066798.328941
1672876800,5.528,5.558,5.328,5.374,512128.497961
1672963200,5.375,5.53,5.241,5.517,386620.024587
1673049600,5.518,5.56,5.392,5.416,148674.833191
1673136000,5.417,5.605,5.345,5.578,287384.691054
1673222400,5.575,5.968,5.562,5.785,815902.400801
1673308800,5.787,5.876,5.66,5.781,684028.942157
1673395200,5.78,5.959,5.605,5.917,920989.190167
1673481600,5.918,6.199,5.86,6.175,1472382.40954
1673568000,6.175,6.358,6.014,6.306,914454.241322
1673654400,6.305,6.961,6.291,6.627,1810652.065206
1673740800,6.629,6.683,6.392,6.595,1009133.133403
1673827200,6.596,6.742,6.287,6.534,1184508.886699
1673913600,6.54,6.649,6.319,6.346,779616.7181
1674000000,6.345,6.814,5.981,6.041,1315744.878858
1674086400,6.041,6.193,5.981,6.162,618257.511021
1674172800,6.162,6.704,6.074,6.673,348990.665204
1674259200,6.669,6.824,6.516,6.668,599050.420647
1674345600,6.668,7.109,6.606,6.894,761609.299063
1674432000,6.892,7.019,6.601,6.719,1132218.603687
1674518400,6.721,6.829,6.226,6.299,820776.920805
1674604800,6.296,6.706,6.097,6.599,777224.133755
1674691200,6.601,6.799,6.449,6.74,808286.622709
1674777600,6.739,6.88,6.561,6.874,584344.611237
1674864000,6.876,6.918,6.549,6.628,342939.482984
1674950400,6.629,6.988,6.558,6.924,421298.087065
1675036800,6.926,7.011,6.363,6.517,681539.243223
1675123200,6.513,6.649,6.435,6.557,390681.483041
1675209600,6.556,6.917,6.321,6.817,769890.069348
1675296000,6.819,7.531,6.803,7.115,1685946.050257
1675382400,7.117,7.289,6.923,7.058,1273989.522219
1675468800,7.057,7.353,7.008,7.203,705562.5314
1675555200,7.202,7.328,6.752,6.892,709830.379202
1675641600,6.897,6.977,6.596,6.649,835600.184581
1675728000,6.65,7.009,6.635,6.979,380379.718052
1675814400,6.982,7.063,6.58,6.82,864760.064996
1675900800,6.819,6.877,6.17,6.331,1687923.431651
1675987200,6.329,6.478,6.244,6.367,1051290.766096
1676073600,6.367,6.5,6.342,6.481,193912.835789
1676160000,6.484,6.561,6.3,6.344,203989.527088
1676246400,6.342,6.384,6.085,6.254,795926.418167
1676332800,6.25,6.597,6.227,6.594,1035239.192309
1676419200,6.595,6.945,6.51,6.929,961490.207056
1676505600,6.933,7.015,6.468,6.473,686012.40555
1676592000,6.477,6.827,6.441,6.737,724102.2036
1676678400,6.735,7.15,6.727,6.968,655356.201311
1676764800,6.966,7.613,6.959,7.21,637009.075284
1676851200,7.209,7.372,7.047,7.369,368611.10457
1676937600,7.376,7.439,6.885,7.038,470502.903793
1677024000,7.038,7.05,6.712,6.943,559012.36343
1677110400,6.943,7.051,6.818,6.946,218981.554431
1677196800,6.946,7.052,6.466,6.568,379785.385451
1677283200,6.569,6.618,6.272,6.471,549040.1275
1677369600,6.465,6.65,6.426,6.61,103363.067708
1677456000,6.606,6.646,6.373,6.438,185439.339942
1677542400,6.441,6.624,6.407,6.504,828895.346292
1677628800,6.504,6.87,6.475,6.843,596265.924963
1677715200,6.846,6.902,6.558,6.635,513962.482218
1677801600,6.633,6.644,6.1,6.275,482687.695801
1677888000,6.275,6.296,6.081,6.155,52482.190793
1677974400,6.159,6.39,6.128,6.354,548075.591234
1678060800,6.351,6.437,6.25,6.34,426438.432755
1678147200,6.336,6.48,6.267,6.44,903729.963904
1678233600,6.44,6.5,6.061,6.104,618907.178383
1678320000,6.106,6.197,5.614,5.733,314283.218948
1678406400,5.725,5.731,5.368,5.636,613602.686969
1678492800,5.637,5.856,5.276,5.474,633959.137224
1678579200,5.469,5.956,5.425,5.943,377755.731616
1678665600,5.942,6.24,5.814,6.121,1073839.343533
1678752000,6.117,6.62,6.018,6.335,637582.911636
1678838400,6.337,6.461,5.748,5.931,349401.37485
1678924800,5.933,6.009,5.805,5.913,268778.214851
1679011200,5.91,6.446,5.842,6.418,297190.191234
1679097600,6.427,6.64,6.313,6.527,645948.472595
1679184000,6.526,6.724,6.43,6.51,445530.360658
1679270400,6.512,6.591,6.174,6.203,368294.092944
1679356800,6.199,6.528,6.065,6.44,269312.748357
1679443200,6.445,6.465,5.922,6.089,521889.433725
1679529600,6.085,6.46,6.029,6.256,456766.384511
1679616000,6.259,6.296,5.815,5.892,411359.898955
1679702400,5.892,5.917,5.68,5.717,304970.652831
1679788800,5.717,5.872,5.687,5.791,211932.950128
1679875200,5.796,5.825,5.502,5.648,284933.204263
1679961600,5.647,5.893,5.578,5.821,199170.326369
1680048000,5.822,6.16,5.821,5.945,357525.637194
1680134400,5.945,6.069,5.83,5.898,208200.263115
1680220800,5.9,6.128,5.871,6.064,233937.275727
1680307200,6.064,6.196,6.023,6.1,273591.752841
1680393600,6.099,6.12,5.89,5.95,153804.721802
1680480000,5.95,6.082,5.822,5.931,356402.121695
1680566400,5.932,6.212,5.881,6.156,313705.742992
1680652800,6.156,6.345,6.132,6.231,300278.138487
1680739200,6.229,6.238,6.041,6.081,187873.623054
1680825600,6.082,6.1,5.953,6.006,188279.009575
1680912000,6.01,6.055,5.892,5.913,124971.144041
1680998400,5.914,5.958,5.824,5.92,511677.185889
1681084800,5.919,6.049,5.835,6.021,166903.52382
1681171200,6.015,6.095,5.916,5.938,272932.989251
1681257600,5.945,6.01,5.724,5.952,312949.153195
1681344000,5.95,6.25,5.902,6.217,613588.922294
1681430400,6.221,6.476,6.126,6.312,840577.24208
1681516800,6.308,6.37,6.227,6.273,359076.670378
1681603200,6.272,6.481,6.147,6.321,513483.834182
1681689600,6.32,6.329,6.074,6.133,390743.849863
1681776000,6.132,6.373,6.039,6.33,414391.723807
1681862400,6.329,6.495,5.746,5.832,927775.079961
1681948800,5.828,5.963,5.661,5.781,497218.46603
1682035200,5.782,5.837,5.406,5.469,855324.607059
1682121600,5.465,5.55,5.444,5.502,338884.104208
1682208000,5.502,5.54,5.313,5.43,258069.833534
1682294400,5.425,5.516,5.293,5.356,317994.293897
1682380800,5.362,5.472,5.234,5.452,223139.683667
1682467200,5.452,5.681,5.133,5.359,288888.423235
1682553600,5.359,5.602,5.349,5.559,353793.780677
1682640000,5.557,5.571,5.449,5.531,104174.629373
1682726400,5.532,5.642,5.502,5.642,130497.090051
1682812800,5.639,5.675,5.438,5.45,163722.177998
1682899200,5.451,5.491,5.267,5.329,270696.493933
1682985600,5.329,5.36,5.245,5.329,297061.96746
1683072000,5.33,5.399,5.184,5.391,249033.058639
1683158400,5.39,5.397,5.21,5.265,156350.538349
1683244800,5.266,5.616,5.242,5.556,474311.521792
1683331200,5.554,5.608,5.14,5.296,402627.761459
1683417600,5.296,5.356,5.246,5.268,127954.972151
1683504000,5.264,5.285,4.804,4.973,482827.049561
1683590400,4.974,5.01,4.904,4.956,109918.486011
1683676800,4.956,5.139,4.85,5.139,285846.546446
1683763200,5.138,5.2,4.917,5.07,182743.908051
1683849600,5.07,5.211,4.909,5.198,252078.094729
1683936000,5.205,5.21,5.078,5.104,136158.078335
1684022400,5.102,5.19,5.077,5.141,125738.07767
1684108800,5.144,5.222,5.074,5.12,194138.759092
1684195200,5.125,5.159,5.039,5.143,113925.439742
1684281600,5.144,5.342,5.11,5.339,226489.775139
1684368000,5.339,5.427,5.212,5.307,274170.481179
1684454400,5.306,5.374,5.261,5.318,185600.920173
1684540800,5.32,5.32,5.245,5.292,187715.29284
1684627200,5.291,5.298,5.091,5.115,235626.233099
1684713600,5.114,5.142,5.051,5.076,258560.190421
1684800000,5.077,5.199,5.03,5.072,242432.499179
1684886400,5.071,5.071,4.867,4.973,330865.977335
1684972800,4.975,4.982,4.867,4.953,266409.004288
1685059200,4.953,5.018,4.94,4.976,271499.670046
1685145600,4.981,5.046,4.963,5.042,195170.168811
1685232000,5.043,5.17,5.031,5.144,266714.328972
1685318400,5.148,5.17,5.085,5.101,93604.197432
1685404800,5.102,5.203,5.093,5.138,132621.053571
1685491200,5.137,5.159,4.989,5.023,144413.235473
1685577600,5.024,5.054,4.957,4.982,87592.41522
1685664000,4.982,5.092,4.943,5.067,158187.092981
1685750400,5.067,5.104,5.044,5.086,118026.432004
1685836800,5.086,5.13,4.991,5.013,145944.627618
1685923200,5.014,5.021,4.544,4.728,447658.850231
1686009600,4.727,4.842,4.669,4.77,461536.945784
1686096000,4.773,4.79,4.492,4.554,788020.813043
1686182400,4.552,4.671,4.52,4.63,151479.185008
1686268800,4.63,4.67,4.534,4.58,207820.240578
1686355200,4.582,4.593,3.6,4.067,785857.374106
1686441600,4.07,4.115,4.02,4.06,122134.733176
1686528000,4.059,4.311,3.95,4.302,203347.555022
1686614400,4.302,4.522,4.212,4.288,651878.564189
1686700800,4.289,4.647,4.251,4.401,797674.9914
1686787200,4.402,4.595,4.218,4.424,1457087.86639
1686873600,4.423,4.632,4.359,4.547,346018.168486
1686960000,4.549,4.673,4.507,4.526,230364.790007
1687046400,4.526,4.611,4.452,4.482,221591.884832
1687132800,4.48,4.508,4.361,4.482,252295.481804
1687219200,4.478,4.615,4.333,4.575,262298.017456
1687305600,4.572,4.817,4.528,4.771,324112.963446
1687392000,4.78,4.904,4.682,4.729,167916.14204
1687478400,4.732,4.929,4.711,4.866,200275.829026
1687564800,4.863,4.874,4.682,4.741,113972.647956
1687651200,4.738,5.515,4.713,5.433,835805.181721
1687737600,5.432,5.555,5.211,5.268,601994.578853
1687824000,5.268,5.362,5.227,5.279,385857.920358
1687910400,5.28,5.282,4.741,4.83,420684.087813
1687996800,4.829,5.042,4.818,4.921,423253.72962
1688083200,4.923,5.341,4.798,5.271,611639.647692
1688169600,5.268,5.606,5.173,5.587,335706.280195
1688256000,5.586,5.687,5.448,5.567,334653.936779
1688342400,5.568,5.783,5.497,5.526,374387.036575
1688428800,5.52,5.599,5.379,5.508,367046.176677
1688515200,5.51,5.729,5.317,5.41,355669.923898
1688601600,5.41,5.638,5.244,5.259,332602.505188
1688688000,5.267,5.574,5.216,5.479,439882.555143
1688774400,5.477,5.484,5.175,5.25,175096.862069
1688860800,5.254,5.336,5.198,5.234,191038.017348
1688947200,5.234,5.363,5.088,5.238,284609.285219
1689033600,5.239,5.307,5.188,5.264,222712.713656
1689120000,5.264,5.377,5.188,5.278,293200.132751
1689206400,5.274,5.989,5.221,5.878,911504.02494
1689292800,5.878,6.157,5.737,5.876,877227.166618
1689379200,5.874,5.936,5.762,5.815,276804.268794
1689465600,5.816,5.867,5.669,5.727,241041.97448
1689552000,5.722,6.142,5.679,5.918,791114.128609
1689638400,5.916,6.274,5.862,5.911,752035.333077
1689724800,5.909,6.049,5.81,5.874,448506.711298
1689811200,5.876,6.163,5.797,6.015,650379.444832
1689897600,6.016,6.383,5.944,6.207,622237.340368
1689984000,6.207,6.258,5.956,5.993,264596.009013
1690070400,5.991,6.225,5.974,6.141,225717.630076
1690156800,6.141,6.192,5.714,5.781,611745.60127
1690243200,5.783,5.812,5.694,5.79,177816.150211
1690329600,5.795,5.898,5.72,5.842,304560.946437
1690416000,5.843,5.98,5.8,5.874,228328.41353
1690502400,5.87,6.018,5.867,6.016,403229.294959
1690588800,6.015,6.357,6.006,6.325,567797.107789
1690675200,6.325,6.455,6.26,6.419,505263.62098
1690761600,6.419,6.625,6.384,6.528,747316.665463
1690848000,6.525,6.687,6.323,6.682,659194.812714
1690934400,6.68,6.688,6.123,6.151,636468.32404
1691020800,6.15,6.253,6.049,6.094,321614.538154
1691107200,6.094,6.216,5.998,6.06,276320.238673
1691193600,6.059,6.09,5.934,6.085,189074.194015
1691280000,6.085,6.157,5.933,5.952,127258.203402
1691366400,5.946,6.004,5.725,5.866,284205.436289
1691452800,5.863,6.151,5.811,6.081,450891.600406
1691539200,6.081,6.293,6.035,6.252,303070.411659
1691625600,6.249,6.341,6.145,6.186,420508.437189
1691712000,6.186,6.209,6.095,6.196,199932.343679
1691798400,6.197,6.247,6.115,6.22,116474.724695
1691884800,6.221,6.227,6.05,6.085,222812.350913
1691971200,6.081,6.36,6.073,6.255,209691.541498
1692057600,6.268,6.292,5.933,5.948,326186.529325
1692144000,5.945,5.945,5.293,5.454,617846.331849
1692230400,5.454,5.5,4.574,4.994,491002.481562
1692316800,4.993,5.05,4.837,4.904,900921.765539
1692403200,4.902,4.998,4.857,4.906,674929.253563
1692489600,4.906,4.934,4.86,4.9,379482.586496
1692576000,4.9,4.915,4.719,4.76,758217.284632
1692662400,4.76,4.777,4.499,4.664,1930040.027511
1692748800,4.665,4.854,4.646,4.762,1240168.775272
1692835200,4.76,4.816,4.595,4.656,700188.582265
1692921600,4.656,4.668,4.515,4.546,783170.136251
1693008000,4.549,4.642,4.531,4.598,216774.596345
1693094400,4.596,4.705,4.596,4.683,213536.194116
1693180800,4.681,4.731,4.563,4.667,358867.571227
1693267200,4.666,4.887,4.564,4.799,731762.005701
1693353600,4.798,4.807,4.635,4.64,691779.761111
1693440000,4.638,4.681,4.316,4.368,1064329.471682
1693526400,4.368,4.421,4.231,4.264,936295.594555
1693612800,4.264,4.4,4.248,4.398,186936.655161
1693699200,4.4,4.468,4.362,4.409,372515.923594
1693785600,4.409,4.499,4.362,4.439,495988.637708
1693872000,4.441,4.451,4.273,4.375,262462.511657
1693958400,4.377,4.495,4.345,4.46,234809.069325
1694044800,4.461,4.525,4.405,4.475,185903.885161
1694131200,4.475,4.488,4.3,4.363,228667.566247
1694217600,4.362,4.372,4.302,4.32,289593.791762
1694304000,4.322,4.322,4.112,4.219,289782.597405
1694390400,4.218,4.249,4.032,4.11,544133.635787
1694476800,4.107,4.315,4.08,4.195,438471.588419
1694563200,4.195,4.31,4.181,4.256,255587.82617
1694649600,4.255,4.357,4.25,4.274,236525.248094
1694736000,4.273,4.377,4.227,4.349,174287.15345
1694822400,4.353,4.418,4.302,4.341,177553.025256
1694908800,4.339,4.395,4.237,4.284,197638.689884
1694995200,4.286,4.461,4.246,4.363,321852.650599
1695081600,4.364,4.483,4.339,4.406,188610.114948
1695168000,4.409,4.428,4.313,4.364,158907.559091
1695254400,4.364,4.49,4.211,4.244,247272.406878
1695340800,4.241,4.276,4.199,4.261,144118.84221
1695427200,4.267,4.302,4.238,4.279,81719.746507
1695513600,4.28,4.306,4.21,4.235,103734.453342
1695600000,4.234,4.301,4.202,4.269,160542.345304
1695686400,4.277,4.315,4.2,4.259,96448.412328
1695772800,4.258,4.419,4.2,4.246,366699.281088
1695859200,4.246,4.477,4.239,4.413,132934.962242
1695945600,4.418,4.5,4.323,4.403,160404.828315
1696032000,4.4,4.487,4.388,4.457,105369.60739
1696118400,4.456,4.68,4.445,4.656,255593.592623
1696204800,4.662,4.689,4.425,4.458,370834.300606
1696291200,4.459,4.519,4.34,4.365,187965.943567
1696377600,4.365,4.365,4.24,4.304,225784.170297
1696464000,4.309,4.34,4.258,4.304,123790.998409
1696550400,4.305,4.428,4.289,4.397,126765.093664
1696636800,4.4,4.422,4.345,4.368,67086.501628
1696723200,4.377,4.385,4.285,4.341,87623.85327
1696809600,4.338,4.368,4.049,4.145,346278.845616
1696896000,4.142,4.171,4.057,4.12,131529.867484
1696982400,4.121,4.153,4.05,4.127,130011.461913
1697068800,4.126,4.146,3.967,4.002,178652.572886
1697155200,4,4.091,3.977,4.025,114270.480831
1697241600,4.028,4.1,4.025,4.087,59973.403526
1697328000,4.088,4.149,4.066,4.104,71110.325867
1697414400,4.102,4.281,4.102,4.119,229391.604572
1697500800,4.121,4.129,3.833,3.889,709380.433081
1697587200,3.889,3.965,3.849,3.932,184078.065434
1697673600,3.933,3.944,3.872,3.931,196033.184164
1697760000,3.933,4.114,3.921,4.001,162228.500975
1697846400,4.007,4.161,3.962,4.142,173094.956917
1697932800,4.145,4.251,4.073,4.215,164462.764656
1698019200,4.216,4.431,4.187,4.378,599500.531002
1698105600,4.381,4.497,4.115,4.221,1203592.570445
1698192000,4.222,4.385,4.128,4.168,613809.694601
1698278400,4.17,4.378,4.001,4.114,654011.117025
1698364800,4.11,4.144,3.959,4.026,397919.821922
1698451200,4.024,4.141,4.021,4.084,291251.187492
1698537600,4.084,4.215,4.026,4.154,415360.616359
1698624000,4.161,4.235,4.077,4.182,426407.165018
1698710400,4.181,4.252,3.997,4.152,711978.540224
1698796800,4.15,4.863,4.011,4.799,1807172.548952
1698883200,4.798,4.925,4.477,4.689,1462868.988563
1698969600,4.689,4.78,4.47,4.662,1076307.68377
1699056000,4.651,4.786,4.61,4.713,375734.406885
1699142400,4.727,4.91,4.627,4.773,586252.293898
1699228800,4.779,5.156,4.667,5.11,1135202.634933
1699315200,5.109,5.11,4.772,4.929,638158.022668
1699401600,4.932,5.274,4.892,5.179,800757.379874
1699488000,5.184,5.398,4.68,5.117,1282856.699408
1699574400,5.122,5.379,5.059,5.281,953507.720606
1699660800,5.282,5.535,5.158,5.401,746386.884028
1699747200,5.394,5.524,5.205,5.422,631311.833477
1699833600,5.42,5.629,5.201,5.223,1019897.798738
1699920000,5.226,5.308,4.851,5.055,766683.339899
1700006400,5.063,5.391,5.056,5.384,657957.674736
1700092800,5.392,5.586,5.11,5.196,989147.217753
1700179200,5.195,5.398,4.851,5.112,914075.952558
1700265600,5.112,5.169,4.814,5.065,288413.093779
1700352000,5.066,5.249,4.932,5.238,245809.969056
1700438400,5.238,5.363,5.104,5.187,474165.662957
1700524800,5.189,5.269,4.826,4.853,719888.044933
1700611200,4.846,6.304,4.838,6.103,2167324.147209
1700697600,6.114,6.445,6.058,6.333,1310060.197711
1700784000,6.333,6.849,6.081,6.172,1552430.135211
1700870400,6.17,6.334,6.071,6.17,408106.567196
1700956800,6.166,6.217,5.832,6.181,677409.408924
1701043200,6.186,6.364,5.916,6.29,1077949.201203
1701129600,6.293,6.57,6.076,6.175,1126626.209561
1701216000,6.172,6.387,5.987,6.011,816098.555156
1701302400,6.014,6.035,5.847,5.955,819346.454067
1701388800,5.96,6.102,5.869,6.017,680446.581819
1701475200,6.015,6.201,6.008,6.172,449558.823981
1701561600,6.173,6.251,5.936,6.057,473604.366131
1701648000,6.056,6.304,5.886,6.105,879855.5545
1701734400,6.11,6.347,5.974,6.253,845321.986429
1701820800,6.266,6.292,5.945,5.999,802421.651247
1701907200,6.006,6.35,5.984,6.294,722498.870118
1701993600,6.298,6.553,6.264,6.511,735229.459399
1702080000,6.515,7.1,6.511,6.844,1593818.444041
1702166400,6.846,6.884,6.42,6.603,766242.382204
1702252800,6.606,6.616,5.891,6.101,883039.467892
1702339200,6.096,6.409,6.081,6.226,619113.369496
1702425600,6.239,6.329,5.94,6.297,613954.531331
1702512000,6.299,6.471,6.096,6.363,970034.609681
1702598400,6.365,6.366,5.984,6.038,484630.778325
1702684800,6.036,6.243,5.938,6.159,334535.595602
1702771200,6.162,6.274,6.04,6.061,408226.57528
1702857600,6.059,6.11,5.592,5.942,702377.21556
1702944000,5.944,6.037,5.747,5.83,444817.292954
1703030400,5.833,6.109,5.793,5.93,558718.757045
1703116800,5.931,6.212,5.862,6.183,620931.639937
1703203200,6.186,6.487,6.124,6.397,817969.976245
1703289600,6.399,6.43,6.104,6.344,699031.741712
1703376000,6.346,7.181,6.33,6.847,1932431.294246
1703462400,6.845,7.159,6.669,6.97,1017169.972915
1703548800,6.974,7.801,6.635,7.348,1790115.840869
1703635200,7.353,7.5,6.983,7.241,1509411.696812
1703721600,7.243,8.256,7.232,7.82,3271015.541207
1703808000,7.814,7.882,7.366,7.566,2153312.117198
1703894400,7.564,7.811,7.293,7.36,911139.766696
1703980800,7.361,7.7,7.145,7.226,761653.462107
1704067200,7.214,7.648,7.14,7.603,385777.047896
1704153600,7.605,7.926,7.154,7.18,731586.846829
1704240000,7.18,7.379,6.05,6.436,1290609.608245
1704326400,6.436,6.736,6.375,6.537,649241.405739
1704412800,6.541,6.645,6.168,6.434,787806.87163
1704499200,6.438,6.444,6.02,6.306,308093.018074
1704585600,6.314,6.449,5.927,6.008,281937.781981
1704672000,5.997,6.248,5.667,6.246,640983.326982
1704758400,6.248,6.284,5.705,6.014,731791.545591
1704844800,6.009,6.76,5.939,6.563,1348259.180919
1704931200,6.568,6.981,6.513,6.821,691832.649877
1705017600,6.822,7,6.303,6.576,763270.669074
1705104000,6.579,6.703,6.393,6.634,376400.353208
1705190400,6.633,6.667,6.299,6.315,463501.913676
1705276800,6.32,6.727,6.3,6.662,737412.159219
1705363200,6.67,6.923,6.65,6.819,736644.104094
1705449600,6.826,6.891,6.655,6.764,437013.02984
1705536000,6.762,6.836,6.22,6.313,582392.603002
1705622400,6.315,6.374,6.036,6.353,640068.469495
1705708800,6.351,6.625,6.289,6.486,431500.865037
1705795200,6.489,6.52,6.357,6.373,194791.808809
1705881600,6.372,6.395,5.928,6.038,589562.958019
1705968000,6.039,6.125,5.531,5.835,661754.54861
1706054400,5.837,5.907,5.723,5.866,471698.403993
1706140800,5.864,5.867,5.625,5.744,302442.620196
1706227200,5.742,5.966,5.699,5.947,337747.458322
1706313600,5.948,6.003,5.846,5.987,200476.744173
1706400000,5.983,6.076,5.881,5.945,299498.795797
1706486400,5.944,6.15,5.878,6.149,456812.327471
1706572800,6.149,6.338,6.118,6.257,495388.90882
1706659200,6.26,6.331,5.934,5.995,777437.022783
1706745600,5.999,6.088,5.88,6.046,445663.05136
1706832000,6.048,6.259,6.034,6.131,257652.206371
1706918400,6.132,6.283,6.057,6.104,191924.790684
1707004800,6.105,6.128,5.954,5.976,161518.082648
1707091200,5.975,6.09,5.912,5.999,215640.3781
1707177600,5.999,6.436,5.996,6.275,549651.816994
1707264000,6.283,6.477,6.218,6.393,395431.361898
1707350400,6.402,6.432,6.31,6.319,353779.324149
1707436800,6.319,6.698,6.309,6.653,546767.073957
1707523200,6.658,6.758,6.539,6.631,198395.238022
1707609600,6.631,6.828,6.56,6.682,366208.99323
1707696000,6.68,6.859,6.48,6.839,354652.513145
1707782400,6.842,6.881,6.557,6.681,422589.530077
1707868800,6.684,6.906,6.64,6.896,318932.422973
1707955200,6.897,7.538,6.897,7.518,1038454.302171
1708041600,7.518,7.727,7.306,7.447,1027582.905603
1708128000,7.447,7.876,7.373,7.765,862624.028465
1708214400,7.77,8,7.403,7.656,860693.625314
1708300800,7.656,7.783,7.517,7.701,737094.870027
1708387200,7.701,7.734,7.245,7.559,894342.657996
1708473600,7.559,7.559,7.079,7.392,506019.923018
1708560000,7.392,7.519,7.27,7.357,341021.947749
1708646400,7.356,12.569,7.038,11.399,8225032.572906
1708732800,11.392,12.864,10.921,11.257,7373474.370758
1708819200,11.262,11.63,10.106,11.145,3434493.7059
1708905600,11.142,11.556,10.364,10.621,2543576.564025
1708992000,10.621,11.2,10.428,10.839,1717459.303232
1709078400,10.837,11.283,10.139,10.937,2112898.161889
1709164800,10.938,11.984,10.707,11.137,3038909.228303
1709251200,11.137,12.068,10.825,11.575,1738452.631758
1709337600,11.576,13.49,11.081,12.62,2545931.57776
1709424000,12.616,13.334,11.485,12.648,1974174.386894
1709510400,12.648,13.081,12.072,12.37,1219267.829505
1709596800,12.381,14.097,11.25,13.2,2474228.677422
1709683200,13.197,17.033,12.562,15.407,3968156.584894
1709769600,15.408,15.572,14.551,14.905,1093094.73121
1709856000,14.905,15.467,14.208,14.621,1127124.404005
1709942400,14.609,15.048,13.859,14.198,682538.420282
1710028800,14.213,14.432,13.538,14.241,869913.719582
1710115200,14.247,14.653,13.525,14.448,710507.073587
1710201600,14.441,14.568,13.1,14.068,636390.831749
1710288000,14.068,14.745,13.758,14.235,589092.441813
1710374400,14.246,14.48,13.164,13.949,748461.880258
1710460800,13.944,14.128,12.132,13.051,765869.751286
1710547200,13.072,13.211,11.762,12.019,630328.870756
1710633600,12.034,12.658,11.363,12.413,566165.881964
1710720000,12.413,12.602,11.562,11.865,329823.033008
1710806400,11.872,12.043,10.382,10.612,808045.717149
1710892800,10.607,11.965,10.296,11.905,749029.557939
1710979200,11.902,12.24,11.543,12.185,618717.092994
1711065600,12.164,12.246,11.338,11.759,493353.896273
1711152000,11.757,12.019,11.574,11.613,288776.898327
1711238400,11.613,12.085,11.576,12.043,134447.163636
1711324800,12.048,12.746,11.917,12.436,467588.099422
1711411200,12.432,12.888,12.358,12.69,371421.552284
1711497600,12.689,12.824,12.071,12.239,595989.124723
1711584000,12.228,12.956,12.11,12.75,521167.311416
1711670400,12.749,13.16,12.448,12.649,570451.841521
1711756800,12.645,12.917,12.512,12.614,281420.32619
1711843200,12.614,13.339,12.58,12.948,444914.265595
1711929600,12.95,12.964,12.035,12.422,850195.842804
1712016000,12.418,12.43,11.167,11.306,595862.944241
1712102400,11.307,11.455,10.662,10.876,541918.506281
1712188800,10.87,11.275,10.709,10.982,711071.102092
1712275200,10.979,11.067,10.436,10.932,292682.827322
1712361600,10.931,11.343,10.895,11.244,120905.197181
1712448000,11.243,11.495,11.201,11.398,271352.56473
1712534400,11.4,11.801,11.269,11.62,366700.430618
1712620800,11.616,11.712,11.031,11.208,466508.729959
1712707200,11.205,11.311,9.803,10.045,1670046.409668
1712793600,10.045,10.047,8.701,9.139,2419823.126337
1712880000,9.147,9.208,7.352,7.925,1786269.141774
1712966400,7.927,8.019,5.905,6.937,2556930.149162
1713052800,6.923,7.593,6.651,7.537,1711113.348953
1713139200,7.525,7.94,7.025,7.248,1170966.509769
1713225600,7.243,7.334,6.769,7.185,940202.239059
1713312000,7.158,7.246,6.627,6.888,465527.631183
1713398400,6.891,7.353,6.731,7.297,427866.181915
1713484800,7.289,7.712,6.717,7.497,739052.566329
1713571200,7.493,7.922,7.4,7.875,368081.369467
1713657600,7.867,7.961,7.551,7.73,252103.398369
1713744000,7.727,8.325,7.704,8.212,739322.699242
1713830400,8.212,8.361,7.915,7.949,587911.895226
1713916800,7.943,8.212,7.586,7.714,352125.507826
1714003200,7.7,8.123,7.56,7.931,365854.121291
1714089600,7.929,7.945,7.531,7.701,356303.397765
1714176000,7.707,8.062,7.437,7.968,274332.945758
1714262400,7.97,8.226,7.793,7.826,252374.751862
1714348800,7.824,7.889,7.5,7.689,263190.045201
1714435200,7.691,7.918,6.793,7.029,598761.770762
1714521600,7.033,7.146,6.531,7.035,730209.704429
1714608000,7.039,7.213,6.842,7.107,274884.91646
1714694400,7.107,7.626,6.954,7.587,527275.966041
1714780800,7.584,7.718,7.474,7.537,182589.670297
1714867200,7.54,7.654,7.357,7.587,220633.644522
1714953600,7.591,7.946,7.44,7.473,285078.77118
1715040000,7.474,7.677,7.377,7.401,300712.728421
1715126400,7.393,7.526,7.203,7.325,376096.119849
1715212800,7.322,7.545,7.167,7.498,181201.79891
1715299200,7.498,7.565,7.021,7.111,199283.786938
1715385600,7.104,7.202,7.016,7.029,98108.839372
1715472000,7.031,7.209,6.983,7.06,106457.529159
1715558400,7.059,7.208,6.837,7.006,396897.753991
1715644800,7.004,7.021,6.759,6.781,223630.774081
1715731200,6.792,7.449,6.736,7.369,227004.795016
1715817600,7.365,7.429,7.055,7.296,159713.514277
1715904000,7.298,7.609,7.24,7.491,213527.404548
1715990400,7.493,8.234,7.45,7.86,831431.613975
1716076800,7.857,7.968,7.582,7.644,270726.459743
1716163200,7.64,9.523,7.623,9.329,1442343.495409
1716249600,9.332,9.673,9.084,9.655,2078602.640317
1716336000,9.654,9.688,9.017,9.302,1551638.14241
1716422400,9.308,9.863,8.657,9.083,2004153.526826
1716508800,9.077,10.611,8.948,10.214,2259993.051946
1716595200,10.212,11.473,10.151,11.33,2462426.846008
1716681600,11.328,11.791,11.07,11.169,1850286.954451
1716768000,11.17,11.367,10.897,11.047,822474.398004
1716854400,11.055,11.501,10.595,11.098,1111756.528561
1716940800,11.099,11.326,10.424,10.43,956961.456926
1717027200,10.428,11.206,10.352,10.76,902414.532975
1717113600,10.76,11.138,9.921,9.946,1103016.057198
1717200000,9.942,10.055,9.851,9.875,357092.829995
1717286400,9.874,9.945,9.358,9.418,287004.586339
1717372800,9.413,9.835,9.285,9.493,468509.980393
1717459200,9.49,11.957,9.402,11.468,3647640.12975
1717545600,11.468,11.591,10.876,11.164,1295236.94837
1717632000,11.166,11.264,10.419,10.616,656001.160431
1717718400,10.617,10.745,9.2,9.819,847577.93886
1717804800,9.818,10.201,9.789,10.053,507490.013406
1717891200,10.053,10.084,9.731,9.824,234030.480104
1717977600,9.822,10.682,9.608,10.343,707527.498438
1718064000,10.344,10.394,8.74,8.979,1108099.920291
1718150400,8.979,10.347,8.781,10.077,1381999.558299
1718236800,10.077,10.24,9.639,10.161,702809.177133
1718323200,10.16,11.016,10.068,10.433,1763956.583765
1718409600,10.424,11.856,10.299,11.514,1568175.990314
1718496000,11.512,12.06,11.248,11.976,897265.629326
1718582400,11.977,11.977,10.534,10.605,1138862.939365
1718668800,10.605,10.636,9.235,9.763,1941602.141269
1718755200,9.763,10.466,9.587,9.949,1756806.733859
1718841600,9.949,10.299,9.63,10.023,684574.859918
1718928000,10.022,10.317,9.699,9.804,544118.513345
1719014400,9.805,10.084,9.608,9.834,287173.174552
1719100800,9.835,10.089,9.754,9.766,204907.982929
1719187200,9.766,9.811,8.722,9.321,1423526.141413
1719273600,9.321,9.569,9.18,9.503,457497.325831
1719360000,9.503,9.651,9.155,9.387,385100.723093
1719446400,9.387,9.639,9.173,9.494,596266.115177
1719532800,9.494,9.626,8.918,8.988,435616.371548
1719619200,8.988,9.116,8.828,8.844,239536.755024
1719705600,8.844,9.337,8.758,9.281,211298.663539
1719792000,9.282,9.516,9.12,9.136,439035.088161
1719878400,9.136,9.212,8.8,8.987,786028.500725
1719964800,8.987,9.054,8.392,8.515,717530.055162
1720051200,8.517,8.576,7.591,7.628,650676.8918
1720137600,7.629,7.825,6.77,7.777,1250569.120866
1720224000,7.777,8.265,7.667,8.192,475834.103971
1720310400,8.192,8.203,7.596,7.647,245139.083456
1720396800,7.647,8.309,7.318,8.037,489204.874266
1720483200,8.036,8.28,7.975,8.173,373769.054098
1720569600,8.173,8.34,7.99,8.023,899941.125713
1720656000,8.023,8.182,7.76,7.831,418306.267669
1720742400,7.831,8.266,7.694,8.12,325677.289317
1720828800,8.12,8.294,8.079,8.155,768246.935321
1720915200,8.155,8.501,8.074,8.424,974396.176708
1721001600,8.424,8.61,8.281,8.592,1879972.166723
1721088000,8.592,8.656,7.872,8.177,1704507.492289
1721174400,8.172,8.418,7.872,7.922,1431723.403462
1721260800,7.921,8.05,7.558,7.836,943458.981711
1721347200,7.834,8.035,7.669,8,412783.093629
1721433600,8.001,8.047,7.82,8.017,352648.558737
1721520000,8.019,8.184,7.63,8.124,414667.190035
1721606400,8.126,8.171,7.75,7.819,463853.55082
1721692800,7.808,8.009,7.552,7.713,388198.110834
1721779200,7.698,7.771,7.328,7.422,346077.401421
1721865600,7.419,7.459,7.036,7.295,494341.860413
1721952000,7.287,7.706,7.273,7.68,190618.531747
1722038400,7.674,7.939,7.544,7.673,280524.844896
1722124800,7.673,7.673,7.462,7.532,131244.15534
1722211200,7.533,7.976,7.526,7.681,411133.014349
1722297600,7.682,7.752,7.29,7.39,524913.943423
1722384000,7.388,7.481,7.137,7.164,570482.212642
1722470400,7.168,7.263,6.861,7.181,833362.974808
1722556800,7.177,7.238,6.51,6.608,772293.427212
1722643200,6.609,6.778,6.406,6.621,496612.168392
1722729600,6.622,6.679,5.98,6.147,615607.236109
1722816000,6.147,6.187,4.705,5.369,2064629.319796
1722902400,5.368,5.898,5.368,5.792,605507.968889
1722988800,5.792,6.018,5.526,5.661,293607.914799
1723075200,5.66,6.323,5.588,6.283,551063.716009
1723161600,6.282,6.282,5.961,6.145,478661.166336
1723248000,6.148,6.248,6.092,6.187,147802.208727
1723334400,6.184,6.401,5.873,5.915,181658.069116
1723420800,5.907,6.311,5.855,6.24,311617.113449
1723507200,6.241,6.4,6.08,6.349,515825.416957
1723593600,6.348,6.509,6.222,6.441,495776.127596
1723680000,6.44,6.456,6.083,6.206,491878.053151
1723766400,6.21,6.62,6.2,6.503,483873.41418
1723852800,6.488,6.552,6.338,6.418,231059.089142
1723939200,6.423,6.445,6.161,6.174,216001.398457
1724025600,6.174,6.257,6.034,6.2,177667.10832
1724112000,6.196,6.475,6.113,6.264,371223.719683
1724198400,6.268,7.219,6.232,7.099,1497347.346796
1724284800,7.097,7.117,6.879,6.918,1132514.924703
1724371200,6.918,7.098,6.793,6.999,1357612.587067
1724457600,7.003,7.124,6.831,6.917,1164907.287452
1724544000,6.918,6.935,6.578,6.63,598088.060989
1724630400,6.634,6.67,6.246,6.293,423496.784424
1724716800,6.29,6.35,5.604,5.72,647634.105184
1724803200,5.717,5.926,5.592,5.774,541323.873045
1724889600,5.77,6.008,5.726,5.838,280324.095226
1724976000,5.836,5.915,5.59,5.891,276805.054434
1725062400,5.891,6.096,5.851,5.945,367991.453176
1725148800,5.944,5.96,5.545,5.62,193873.772215
1725235200,5.618,6.213,5.592,6.102,696589.845132
1725321600,6.104,6.311,6.02,6.041,448066.053685
1725408000,6.043,6.65,5.784,6.446,1306778.407687
1725494400,6.434,6.503,6.168,6.309,258921.098937
1725580800,6.304,6.336,5.877,6.177,405069.195827
1725667200,6.176,6.514,6.115,6.43,447341.809021
1725753600,6.43,6.508,6.243,6.348,335071.725861
1725840000,6.348,6.753,6.332,6.731,708977.3876
1725926400,6.732,6.827,6.499,6.703,856997.249588
1726012800,6.707,6.984,6.542,6.75,1273784.195546
1726099200,6.75,6.939,6.616,6.788,916385.797812
1726185600,6.788,7.09,6.683,6.944,1488913.863403
1726272000,6.942,6.942,6.597,6.666,388948.975063
1726358400,6.665,6.846,6.464,6.531,236403.796087
1726444800,6.531,6.563,6.305,6.408,196605.201272
1726531200,6.411,7.143,6.336,6.786,1157139.492296
1726617600,6.787,6.787,6.393,6.769,589661.058343
1726704000,6.774,6.91,6.634,6.795,1414079.431109
1726790400,6.804,6.98,6.683,6.826,795581.630597
1726876800,6.831,6.925,6.683,6.9,467166.593265
1726963200,6.9,6.925,6.484,6.638,395469.003495
1727049600,6.637,6.94,6.534,6.823,536440.928981
1727136000,6.828,7.032,6.738,6.927,1228416.466661
1727222400,6.93,7.041,6.745,6.776,1112294.534751
1727308800,6.774,7.4,6.674,7.354,586077.556596
1727395200,7.349,7.719,7.288,7.616,861356.829005
1727481600,7.618,7.868,7.39,7.599,442400.262993
1727568000,7.603,7.627,7.349,7.456,383751.837243
1727654400,7.456,7.747,7.276,7.396,426701.673802
1727740800,7.387,7.854,6.772,6.869,762433.199186
1727827200,6.869,7.293,6.614,6.668,530291.60773
1727913600,6.666,6.797,6.388,6.564,327680.853417
1728000000,6.56,6.815,6.532,6.715,332521.882531
1728086400,6.721,6.895,6.641,6.825,170532.540001
1728172800,6.825,7.089,6.775,7.079,182595.888668
1728259200,7.084,7.465,7.061,7.223,512491.77843
1728345600,7.227,7.298,6.993,7.172,303793.324806
1728432000,7.172,7.389,7.059,7.287,520469.443359
1728518400,7.284,8.468,7.206,8.128,2732219.586151
1728604800,8.12,8.243,7.802,7.884,1297572.332922
1728691200,7.884,8.303,7.748,8.12,1366204.257994
1728777600,8.122,8.143,7.561,7.676,1201870.491701
1728864000,7.679,8.304,7.582,8.129,1646600.568157
1728950400,8.128,8.298,7.678,7.841,1757259.761677
1729036800,7.841,8.011,7.55,7.564,1189276.21661
1729123200,7.572,7.662,7.185,7.344,720830.432439
1729209600,7.343,7.515,7.328,7.465,893445.065364
1729296000,7.457,7.596,7.309,7.317,353261.360736
1729382400,7.319,7.775,7.282,7.76,1068063.969985
1729468800,7.761,7.972,7.412,7.786,761590.355694
1729555200,7.787,8.708,7.696,7.996,1252312.736392
1729641600,7.997,8.019,7.481,7.847,642313.970191
1729728000,7.855,8.201,7.829,8.034,526617.865994
1729814400,8.04,8.191,7.17,7.419,801170.355057
1729900800,7.419,7.77,7.282,7.436,566360.732201
1729987200,7.422,7.792,7.36,7.522,445540.664267
1730073600,7.523,7.785,7.295,7.778,458007.39672
1730160000,7.783,8.006,7.756,7.932,776441.397995
1730246400,7.932,8.325,7.834,8.107,636569.859831
1730332800,8.114,8.187,7.485,7.603,719270.754565
1730419200,7.605,8.042,7.51,7.551,932608.108963
1730505600,7.548,7.764,7.311,7.391,371225.010204
1730592000,7.393,7.43,6.738,7.046,831591.130605
1730678400,7.044,7.131,6.617,6.78,484955.460813
1730764800,6.777,7.27,6.762,7.195,406655.504464
1730851200,7.204,9.702,7.204,9.296,3070907.774705
1730937600,9.295,9.546,8.817,8.906,4336688.16854
1731024000,8.907,9.066,8.532,8.86,2198759.016575
1731110400,8.861,9.334,8.677,9.248,1750858.95305
1731196800,9.249,9.632,8.664,9.219,3953365.472045
1731283200,9.222,9.406,8.766,9.346,3382448.069221
1731369600,9.346,10.78,8.641,8.95,4115580.600922
1731456000,8.953,9.175,8.255,8.636,1861863.682898
1731542400,8.641,8.839,8.063,8.177,1588164.107334
1731628800,8.177,8.604,7.86,8.567,847250.213145
1731715200,8.567,9.25,8.512,9.075,1212241.042541
1731801600,9.085,9.343,8.58,8.749,735510.445431
1731888000,8.754,9.397,8.726,9.247,1214499.510579
1731974400,9.248,9.637,9.122,9.411,988631.207957
1732060800,9.408,9.409,8.578,8.823,836285.643652
1732147200,8.821,9.693,8.524,9.262,2521887.497965
1732233600,9.253,9.994,9.142,9.948,1587747.340808
1732320000,9.952,11.353,9.763,10.745,3520999.337384
1732406400,10.738,11.392,10.116,10.906,1682217.676877
1732492800,10.909,12.475,10.537,11.123,4323389.802824
1732579200,11.12,11.779,10.486,10.866,3271983.884164
1732665600,10.863,13.814,10.718,13.542,3604024.392708
1732752000,13.542,13.542,12.394,12.762,2046426.138101
1732838400,12.764,12.979,12.314,12.586,1137862.798111
1732924800,12.583,13.406,12.522,12.795,1639949.97746
1733011200,12.791,13.36,12.607,13.066,1313903.980202
1733097600,13.065,14.57,12.434,14.009,3280915.961493
1733184000,14.01,15.34,13.141,15.126,2548261.808743
1733270400,15.131,16.525,14.654,15.696,2550103.233502
1733356800,15.697,15.949,14.528,15.04,1721011.668437
1733443200,15.044,18.475,15.027,17.573,3226559.070639
1733529600,17.576,18.679,17.238,18.061,3278135.421385
1733616000,18.081,19.469,17.53,18.619,1650138.80646
1733702400,18.617,18.864,13.72,16.032,2155084.48373
1733788800,16.028,16.696,14.042,15.261,2827271.807818
1733875200,15.261,17.234,14.724,17.165,2156143.617664
1733961600,17.169,18.977,16.904,17.716,1900481.492026
1734048000,17.719,18.174,16.848,17.489,772220.270744
1734134400,17.488,17.771,16.472,16.747,852483.759418
1734220800,16.752,17.219,16.209,17.063,810591.404141
1734307200,17.074,17.47,16.22,16.226,1636163.898583
1734393600,16.225,16.571,15.598,16.249,1911116.06578
1734480000,16.252,16.733,14.575,14.799,1412472.504687
1734566400,14.788,15.389,12.633,12.713,2468362.415295
1734652800,12.715,13.827,11.168,13.658,3340798.484504
1734739200,13.658,14.772,13.03,13.378,1136459.771901
1734825600,13.383,14.279,13.231,13.897,1244630.396032
1734912000,13.897,14.614,13.22,14.273,1547304.187486
1734998400,14.27,14.753,13.733,14.572,684548.356152
1735084800,14.572,14.584,13.654,13.911,399465.004628
1735171200,13.908,14.069,12.812,13.246,515189.202561
1735257600,13.248,14.24,13.15,13.333,779190.957377
1735344000,13.332,13.77,13.011,13.548,318333.386925
1735430400,13.556,13.575,12.822,12.983,233710.44564
1735516800,12.985,13.631,12.728,13.303,671541.225247
1735603200,13.309,13.886,12.8,13.205,891348.567184
1735689600,13.211,13.678,13.02,13.597,481430.140137
1735776000,13.603,14.579,13.603,14.369,717067.991832
1735862400,14.369,15.25,14.045,15.202,494132.79881
1735948800,15.208,15.435,14.753,15.278,547947.007112
1736035200,15.282,15.367,14.812,15.161,257442.598782
1736121600,15.162,15.645,14.814,15.085,1070444.779147
1736208000,15.078,15.137,13.475,13.528,628357.54779
1736294400,13.526,13.83,12.491,13.115,768885.811723
1736380800,13.113,13.36,12.371,12.868,556403.435574
1736467200,12.869,14.117,12.851,13.941,906332.160748
1736553600,13.944,14.054,13.456,13.646,303776.89318
1736640000,13.649,13.88,13.511,13.622,293094.771735
1736726400,13.626,13.936,12.028,12.892,801111.152206
1736812800,12.892,13.425,12.817,13.301,451721.777002
1736899200,13.311,14.684,12.956,14.546,1042072.009464
1736985600,14.548,14.625,13.928,14.097,755646.879868
1737072000,14.093,15.181,14.086,14.988,968092.058289
1737158400,14.986,15.258,13.876,14.156,1039454.62254
1737244800,14.155,14.588,13,13.275,1219126.028901
1737331200,13.272,14.86,12.89,13.508,1506286.901247
1737417600,13.509,13.864,12.975,13.504,876001.355677
1737504000,13.501,13.625,12.808,12.885,951099.851588
1737590400,12.882,13.059,12.385,12.811,1365077.513748
1737676800,12.811,13.155,12.425,12.462,1306978.50502
1737763200,12.463,12.467,12.039,12.09,1268869.916611
1737849600,12.09,12.399,11.407,11.427,1341277.81488
1737936000,11.422,11.528,10.25,11.004,2067694.086639
1738022400,11.003,11.352,10.8,11.129,897447.744668
1738108800,11.127,12.083,11.106,11.731,1625289.487773
1738195200,11.735,12.291,11.638,11.967,1638250.680052
1738281600,11.968,12.831,11.658,11.767,2127052.674226
1738368000,11.769,11.921,10.76,10.855,656901.765406
1738454400,10.85,11.112,8.701,9.183,1715399.769274
1738540800,9.186,10.225,7,9.968,4875287.241237
1738627200,9.965,9.987,8.774,9.069,1688531.053921
1738713600,9.075,9.53,9.01,9.277,1357895.2287
1738800000,9.273,9.473,8.893,8.984,1246463.494554
1738886400,8.987,9.511,8.75,9.01,1670833.831085
1738972800,9.01,9.191,8.728,9.142,698969.064984
1739059200,9.138,9.32,8.702,9.134,841046.174124
1739145600,9.133,9.6,8.825,9.462,1057853.611864
1739232000,9.46,10.046,9.243,9.379,1166214.132108
1739318400,9.377,10.171,9.078,9.954,1142604.295023
1739404800,9.955,10.083,9.466,9.886,551678.000156
1739491200,9.892,10.358,9.806,10.054,555448.200645
1739577600,10.059,10.148,9.721,9.818,295427.740985
1739664000,9.808,9.942,9.569,9.583,224163.532587
1739750400,9.581,10.244,9.452,9.944,538132.078843
1739836800,9.942,9.954,9.139,9.627,650654.474829
1739923200,9.619,9.725,9.38,9.434,398291.479688
1740009600,9.435,9.567,8.967,9.35,788249.230205
1740096000,9.346,9.643,8.584,8.738,791083.246094
1740182400,8.737,9.13,8.679,9.043,297271.488688
1740268800,9.045,9.223,8.919,9.019,179739.109355
1740355200,9.021,9.126,7.785,7.975,771100.133776
1740441600,7.974,8.639,7.425,8.304,1542333.900007
1740528000,8.301,8.506,7.639,7.895,696033.808619
1740614400,7.899,8.291,7.71,7.863,593611.449035
1740700800,7.863,7.885,7.036,7.493,893261.478862
1740787200,7.494,7.66,7.2,7.495,353518.215406
1740873600,7.495,8.333,7.312,8.269,715375.434445
1740960000,8.268,8.295,7.055,7.121,821009.658481
1741046400,7.118,7.173,6.47,7.068,1269779.872527
1741132800,7.067,7.56,7.012,7.52,1024526.206971
1741219200,7.521,7.697,7.049,7.103,687828.113255
1741305600,7.105,7.369,6.82,7.068,733389.354077
1741392000,7.066,7.224,6.891,7.161,296448.821041
1741478400,7.156,7.212,6.313,6.395,517529.252832
1741564800,6.398,6.953,5.776,5.903,1029451.935591
1741651200,5.908,6.24,5.505,6.096,1749306.458827
1741737600,6.099,6.204,5.744,5.906,984736.1072
1741824000,5.91,6.072,5.693,5.89,712580.687638
1741910400,5.89,6.141,5.835,6.025,587231.443738
1741996800,6.028,6.325,5.997,6.28,282211.776521
1742083200,6.274,6.292,5.974,6.14,538683.905177
1742169600,6.139,6.387,6.084,6.295,528236.940902
1742256000,6.298,6.376,6.095,6.37,412263.687213
1742342400,6.377,7.37,6.322,6.987,1630840.504344
1742428800,6.991,7.058,6.641,6.909,620381.615692
1742515200,6.911,6.923,6.718,6.78,382504.278142
1742601600,6.783,6.924,6.724,6.738,272100.502944
1742688000,6.734,6.829,6.615,6.688,239355.391857
1742774400,6.685,7.163,6.578,7.088,640017.660888
1742860800,7.084,7.135,6.928,6.971,324103.007087
1742947200,6.972,7.127,6.649,6.724,635572.648626
1743033600,6.728,6.906,6.652,6.72,516441.520196
1743120000,6.73,6.836,6.048,6.173,734290.078504
1743206400,6.172,6.252,5.862,5.955,390015.601785
1743292800,5.958,6.06,5.804,5.87,332828.301264
1743379200,5.872,6.053,5.739,5.971,796993.699049
1743465600,5.971,6.349,5.96,6.266,712019.176203
1743552000,6.262,6.48,5.784,5.833,1025332.777093
1743638400,5.834,6.07,5.65,5.866,778250.420856
1743724800,5.868,6.031,5.654,5.908,1426782.234272
1743811200,5.906,5.939,5.761,5.863,218520.7955
1743897600,5.865,5.897,4.972,5.096,604064.354773
1743984000,5.098,5.347,4.598,5.117,2219224.386112
1744070400,5.121,5.303,4.69,4.772,1014376.857746
1744156800,4.775,5.494,4.551,5.412,2187565.480083
1744243200,5.412,5.417,4.844,5.024,783702.590271
1744329600,5.018,5.324,4.99,5.236,733834.666074
1744416000,5.233,5.581,5.148,5.501,619528.105511
1744502400,5.501,5.546,5.261,5.329,429248.836232
1744588800,5.33,5.647,5.319,5.346,686225.446576
1744675200,5.349,5.457,5.171,5.183,508878.461826
1744761600,5.181,5.26,5.022,5.151,577175.082567
1744848000,5.15,5.3,5.091,5.18,379609.149106
1744934400,5.185,5.24,5.131,5.174,244053.708771
1745020800,5.175,5.359,5.17,5.315,214835.198907
1745107200,5.318,5.354,5.152,5.25,245016.394744
1745193600,5.252,5.509,5.216,5.274,502867.401501
1745280000,5.273,5.834,5.183,5.816,1071424.541617
1745366400,5.815,6.1,5.792,6.036,1371177.415895
1745452800,6.034,6.057,5.646,5.812,2446685.090941
1745539200,5.814,5.988,5.693,5.831,3303386.476323
1745625600,5.831,6.034,5.746,5.814,2320152.187671
1745712000,5.814,6.002,5.494,5.501,1487675.77257
1745798400,5.502,5.651,5.321,5.437,3566327.450684
1745884800,5.436,5.546,5.205,5.275,2669622.900091
1745971200,5.272,5.397,5.04,5.27,1263813.459364
1746057600,5.269,5.433,5.236,5.317,2309648.473084
1746144000,5.315,5.382,5.193,5.248,2039962.82065
1746230400,5.249,5.266,5.03,5.089,752817.531549
1746316800,5.086,5.135,4.964,4.986,689652.046337
1746403200,4.983,5.114,4.891,4.975,1043034.55626
1746489600,4.974,4.99,4.74,4.966,1284357.880333
1746576000,4.967,5.051,4.743,4.876,1057382.140472
1746662400,4.877,6.156,4.839,6.15,2881713.765175
1746748800,6.149,6.703,5.997,6.355,2853049.349706
1746835200,6.354,7.585,6.354,7.554,3096956.494888
1746921600,7.554,7.562,6.718,6.929,2071894.97484
1747008000,6.932,7.351,6.608,6.888,1990004.609639
1747094400,6.887,7.366,6.525,7.092,2538790.867647
1747180800,7.091,7.155,6.531,6.607,2890664.732374
1747267200,6.605,6.784,6.113,6.23,2685016.411882
1747353600,6.231,6.467,6.031,6.079,2100247.480667
1747440000,6.079,6.09,5.649,5.74,1606236.021685
1747526400,5.742,6.329,5.677,6.13,2209711.930954
1747612800,6.132,6.176,5.659,5.93,2612596.082475
1747699200,5.931,6.123,5.697,6.025,2909202.361821
1747785600,6.026,6.511,5.948,6.215,4678700.889695
1747872000,6.215,6.592,6.205,6.433,3899787.80669
1747958400,6.433,6.797,5.936,5.982,3302717.040737
1748044800,5.98,6.315,5.947,6.12,900964.195528
1748131200,6.118,6.18,5.898,6.163,874248.254828
1748217600,6.165,6.663,6.116,6.507,2125395.468234
1748304000,6.507,6.788,6.265,6.329,1951883.724549
1748390400,6.33,6.985,6.24,6.849,3051596.193324
1748476800,6.847,7.676,6.53,6.56,4461893.256062
1748563200,6.559,6.697,6.125,6.209,2818075.193551
1748649600,6.208,6.231,5.891,6.056,1295966.99069
1748736000,6.056,6.388,5.887,6.316,1557302.35534
1748822400,6.315,6.478,6.038,6.446,1172397.405724
1748908800,6.45,7.084,6.288,6.636,1648955.259258
1748995200,6.636,6.852,6.261,6.313,1640734.492699
1749081600,6.311,6.473,5.792,5.901,1028319.68943
1749168000,5.902,6.161,5.828,5.994,708710.872945
1749254400,5.993,6.422,5.969,6.35,762565.82052
1749340800,6.35,6.458,6.208,6.325,799558.333261
1749427200,6.325,6.882,6.209,6.847,869292.376421
1749513600,6.847,8.68,6.827,8.664,4340506.440049
1749600000,8.665,8.688,7.959,8.16,2220058.805641
1749686400,8.158,8.251,7.484,7.491,1489833.699768
1749772800,7.492,7.779,6.792,7.765,2595129.797613
1749859200,7.763,7.764,7.108,7.304,598260.008819
1749945600,7.303,7.482,6.969,7.181,492591.331658
1750032000,7.179,7.981,7.009,7.451,2333499.074269
1750118400,7.447,7.877,7.263,7.438,1554641.059978
1750204800,7.439,7.797,7.132,7.588,1844322.697883
1750291200,7.589,7.954,7.464,7.683,1244790.091849
1750377600,7.68,7.996,6.998,7.071,2512426.874061
1750464000,7.071,7.131,6.218,6.469,1922401.171085
1750550400,6.47,6.615,5.922,6.262,1473620.759842
1750636800,6.26,6.925,6.028,6.802,1661687.853678
1750723200,6.804,7.171,6.711,7.063,1406981.182474
1750809600,7.064,7.369,6.858,6.977,1071884.716438
1750896000,6.977,7.325,6.743,6.814,1018320.507479
1750982400,6.807,6.999,6.727,6.912,754304.758479
1751068800,6.911,7.175,6.835,7.128,281723.727838
1751155200,7.129,7.507,6.956,7.394,572785.86246
1751241600,7.395,7.459,7.048,7.132,630653.371915
1751328000,7.133,7.185,6.593,6.594,712917.10261
1751414400,6.593,7.577,6.5,7.351,1651677.893012
1751500800,7.353,7.866,7.286,7.475,1076372.269043
1751587200,7.475,7.635,6.778,6.935,1453093.026289
1751673600,6.934,7.422,6.818,7.334,735525.267926
1751760000,7.332,7.576,7.219,7.423,763214.132726
1751846400,7.423,7.521,7.231,7.388,648483.197228
1751932800,7.387,7.816,7.318,7.66,842476.752952
1752019200,7.662,8.49,7.533,8.299,1371173.970214
1752105600,8.302,8.618,8,8.466,1169959.647146
1752192000,8.469,9.076,8.304,8.695,1500911.365108
1752278400,8.695,8.87,8.172,8.393,870361.725526
1752364800,8.39,8.749,8.348,8.531,410970.144882
1752451200,8.532,9.689,8.48,9.132,1465943.746234
1752537600,9.131,9.413,8.688,9.345,1288120.750765
1752624000,9.345,9.535,8.774,8.91,2649882.283328
1752710400,8.911,9.184,8.643,8.938,1810900.133594
1752796800,8.938,10.942,8.858,10.147,3601526.947078
1752883200,10.14,10.425,9.8,10.178,637244.68927
1752969600,10.174,10.893,10.112,10.661,1026941.120316
1753056000,10.668,11.71,10.318,10.833,1580973.417645
1753142400,10.834,11.084,10.124,10.779,1509175.572202
1753228800,10.776,10.852,9.696,10.18,1108083.71367
1753315200,10.176,10.535,9.65,10.128,826579.924291
1753401600,10.13,10.631,9.729,10.429,886845.067393
1753488000,10.426,10.767,10.33,10.56,446455.408502
1753574400,10.562,11.06,10.457,10.988,396769.007691
1753660800,10.99,11.194,10.356,10.46,588525.056378
1753747200,10.462,10.661,10.004,10.304,631934.581892
1753833600,10.304,10.502,9.568,10.008,806946.967485
1753920000,10.009,10.234,9.302,9.358,567246.783966
1754006400,9.36,9.433,8.847,9.034,1069678.45892
1754092800,9.034,9.176,8.683,8.758,521672.679651
1754179200,8.757,9.23,8.678,9.149,276147.17901
1754265600,9.149,10.092,9.138,9.962,819749.019515
1754352000,9.964,9.97,9.37,9.579,336859.084046
1754438400,9.582,9.809,9.382,9.702,292125.477137
1754524800,9.702,10.451,9.63,10.428,506418.335037
1754611200,10.427,11.05,10.271,10.866,567897.881766
1754697600,10.865,11.404,10.751,10.988,651635.376964
1754784000,10.99,11.359,10.453,10.942,666084.386521
1754870400,10.941,12,10.564,11.044,1147020.24229
1754956800,11.045,11.624,10.802,11.586,945334.098524
1755043200,11.591,12.285,11.192,12.132,1221878.003535
1755129600,12.137,12.28,10.668,10.892,1191372.580885
1755216000,10.885,11.162,10.43,10.73,595947.374963
1755302400,10.729,11.162,10.708,11.022,565939.480654
1755388800,11.024,11.408,10.879,11.036,483440.639351
1755475200,11.034,11.062,10.235,10.489,829361.757325
1755561600,10.491,10.631,9.916,9.947,551341.463541
1755648000,9.948,10.698,9.913,10.61,469717.014837
1755734400,10.611,10.699,10.169,10.224,488757.625131
1755820800,10.223,11.628,10.014,11.441,652341.274198
1755907200,11.442,11.468,11.016,11.346,460779.88998
1755993600,11.348,11.437,10.805,10.92,490270.709107
1756080000,10.923,10.975,9.58,9.71,1165041.101493
1756166400,9.704,10.028,9.574,9.948,863226.758727
1756252800,9.947,10.129,9.78,9.855,455177.374283
1756339200,9.856,10.122,9.732,10.021,465409.337033
1756425600,10.02,10.08,9.428,9.633,624947.979039
1756512000,9.631,9.822,9.408,9.728,188603.242825
1756598400,9.727,9.915,9.606,9.622,179645.593115
1756684800,9.616,9.83,9.113,9.352,634689.927433
1756771200,9.353,9.646,9.281,9.581,371899.805784
1756857600,9.582,9.764,9.401,9.683,324817.263276
1756944000,9.685,9.731,9.164,9.289,365585.920125
1757030400,9.289,9.728,9.285,9.394,366405.885634
1757116800,9.398,9.434,9.232,9.339,111765.76273
1757203200,9.336,9.447,9.261,9.397,131674.347386
1757289600,9.397,9.787,9.328,9.552,622495.392221
1757376000,9.551,9.925,9.388,9.539,1123810.970886
1757462400,9.54,9.818,9.465,9.74,381448.457226
1757548800,9.741,10.05,9.705,10.003,548434.052482
1757635200,10.004,10.231,9.906,10.183,480676.845568
1757721600,10.183,10.357,9.935,10.129,333215.990142
1757808000,10.128,10.171,9.02,9.416,800315.254093
1757894400,9.414,9.542,9.024,9.163,434637.06576
1757980800,9.162,9.399,9.053,9.329,403776.109743
1758067200,9.335,9.626,9.137,9.56,359292.855121
1758153600,9.562,9.673,9.411,9.608,424033.729395
1758240000,9.608,9.735,9.023,9.167,545971.150878
1758326400,9.167,9.283,9.11,9.192,214591.31847
1758412800,9.19,9.224,9.037,9.044,234468.725245
1758499200,9.043,9.081,7.556,8.228,850820.085798
1758585600,8.227,8.271,8.017,8.063,398786.237547
1758672000,8.064,8.197,7.839,7.903,383596.233009
1758758400,7.904,7.948,7.28,7.458,643469.927645
1758844800,7.459,7.641,7.329,7.621,407723.998814
1758931200,7.624,7.662,7.469,7.62,141953.175928
1759017600,7.619,7.774,7.415,7.757,134276.179908
1759104000,7.756,7.843,7.571,7.747,260111.519181
1759190400,7.748,7.783,7.425,7.646,281428.50182
1759276800,7.647,8.103,7.542,8.081,465332.149499
1759363200,8.078,8.398,7.995,8.356,516026.47747
1759449600,8.354,8.499,8.138,8.185,435354.218969
1759536000,8.186,8.206,7.915,8.028,265203.899631
1759622400,8.027,8.45,7.973,8.05,444966.467937
1759708800,8.049,8.451,8.003,8.346,353441.028633
1759795200,8.345,8.399,7.717,7.771,748505.888158
1759881600,7.771,8.131,7.7,8.079,299888.786616
1759968000,8.08,8.095,7.648,7.864,420636.207095
1760054400,7.864,8.592,5,5.871,2059621.998534
1760140800,5.845,6.132,5.545,5.86,2297244.569643
1760227200,5.859,6.71,5.8,6.624,997800.097768
1760313600,6.625,7.124,6.499,7.054,870649.015819
1760400000,7.058,7.085,6.393,6.826,843399.797898
1760486400,6.824,6.988,6.446,6.574,525255.253315
1760572800,6.574,6.693,6.223,6.283,658618.711799
1760659200,6.279,6.407,5.846,6.137,774891.269368
1760745600,6.138,6.208,5.908,6.026,302914.525341
1760832000,6.025,6.364,5.953,6.261,481579.943206
1760918400,6.26,6.546,6.138,6.338,327014.511162
1761004800,6.338,6.822,6.112,6.25,776731.035387
1761091200,6.251,6.302,5.846,6.036,757059.047627
1761177600,6.037,6.366,6.026,6.319,439777.340275
1761264000,6.32,6.624,6.165,6.249,595494.704773
1761350400,6.25,6.284,6.162,6.245,245113.482357
1761436800,6.245,6.733,6.149,6.665,447650.845352
1761523200,6.666,6.885,6.465,6.513,509947.020053
1761609600,6.512,6.634,6.25,6.341,366379.640221
1761696000,6.338,6.45,6.155,6.294,528201.136835
1761782400,6.294,6.397,5.664,5.843,1176380.871181
1761868800,5.842,5.951,5.612,5.741,906711.086876
1761955200,5.742,5.893,5.688,5.86,411907.340615
1762041600,5.859,5.923,5.712,5.86,401285.116762
1762128000,5.859,5.886,4.958,5.198,892264.981378
1762214400,5.198,5.282,4.735,5.07,1315555.626455
1762300800,5.07,5.495,4.87,5.347,809535.345758
1762387200,5.346,5.371,5.101,5.252,541529.156008
1762473600,5.253,5.999,5.241,5.877,888685.872842
1762560000,5.877,6.136,5.803,6.009,636678.37582
1762646400,6.007,6.78,5.795,6.575,1288548.749044
1762732800,6.576,10.01,6.545,9.336,5478868.408825
1762819200,9.389,10.292,8.15,8.245,20336643.805981
1762905600,8.246,8.866,7.473,7.566,6664468.030736
1762992000,7.566,8.203,7.465,7.748,5439913.407401
1763078400,7.748,7.797,6.923,6.983,3900126.575001
1763164800,6.983,7.635,6.971,7.357,2219505.459959
1763251200,7.358,7.915,6.972,7.173,2403665.57329
1763337600,7.173,8.15,7.076,7.412,4899295.680257
1763424000,7.413,7.76,7.173,7.496,3193535.564189
1763510400,7.494,7.512,6.809,7.218,2535146.50723
1763596800,7.216,7.377,6.48,6.563,1769312.609627
1763683200,6.563,6.732,5.922,6.425,2266572.354397
1763769600,6.424,6.538,5.859,6.155,1352024.076799
1763856000,6.157,6.35,6.055,6.135,846369.710544
1763942400,6.134,6.425,6.051,6.294,1814864.640292
1764028800,6.292,6.374,5.886,6.23,1250762.879725
1764115200,6.228,6.384,5.995,6.295,1129998.83309
1764201600,6.298,6.432,6.099,6.141,962753.326841
1764288000,6.142,6.356,6.049,6.129,1255063.516909
1764374400,6.129,6.214,5.982,6.061,404253.302203
1764460800,6.062,6.277,6.009,6.038,727678.197265
1764547200,6.042,6.059,5.44,5.606,2514147.619189
1764633600,5.607,6.038,5.369,5.924,1518457.638758
1764720000,5.925,6.194,5.896,6.108,1166054.667578
1764806400,6.108,6.199,5.831,5.964,896426.567889
1764892800,5.966,6.037,5.428,5.467,913674.622387
1764979200,5.466,5.624,5.417,5.567,562106.714984
1765065600,5.567,5.671,5.325,5.458,767571.787392
1765152000,5.458,5.768,5.43,5.614,1118550.313785
1765238400,5.613,5.974,5.426,5.746,1146732.384461
1765324800,5.747,5.944,5.529,5.598,1100457.828397
1765411200,5.595,5.608,5.285,5.55,821429.255971
1765497600,5.548,5.651,5.211,5.427,662319.023353
1765584000,5.428,5.529,5.374,5.502,222203.390377
1765670400,5.501,5.563,5.249,5.31,400035.888224
1765756800,5.311,5.465,4.97,5.077,1000489.50585
1765843200,5.076,5.276,4.941,5.197,693048.594854
1765929600,5.195,5.32,4.881,4.965,1123737.597398
1766016000,4.963,5.465,4.854,4.959,2217808.786913
1766102400,4.958,5.333,4.898,5.307,1066060.544457
1766188800,5.307,6.38,5.252,6.259,2542982.626069
1766275200,6.258,6.491,6.059,6.112,1749595.130515
1766361600,6.115,6.412,5.912,6.015,1741670.516015
1766448000,6.015,6.117,5.654,5.806,1693319.442869
1766534400,5.805,5.883,5.589,5.77,1087343.478588
1766620800,5.769,6.078,5.74,5.811,857022.784082
1766707200,5.81,6.03,5.728,5.825,881251.90441
1766793600,5.824,6.037,5.823,5.962,563185.943453
1766880000,5.962,6.561,5.93,6.223,1467844.324278
1766966400,6.225,6.38,5.92,5.982,1302440.751462
1767052800,5.983,6.033,5.894,5.916,684694.067025
1767139200,5.918,5.969,5.612,5.629,792217.598346
1767225600,5.63,5.831,5.552,5.801,878323.975786
1767312000,5.802,6.107,5.664,6.039,927416.131232
1767398400,6.038,6.118,5.743,5.914,646152.182333
1767484800,5.913,6.018,5.767,5.849,725266.912401
1767571200,5.849,6.441,5.726,6.162,2204798.327513
1767657600,6.162,6.313,5.84,6.068,2335595.147556
1767744000,6.068,6.089,5.63,5.715,1250227.657318
1767830400,5.714,5.812,5.385,5.484,1640256.521262
1767916800,5.484,5.573,5.344,5.46,1087421.492776
1768003200,5.46,5.547,5.42,5.467,561233.422825
1768089600,5.466,5.531,5.372,5.446,501792.768772
1768176000,5.446,5.601,5.278,5.36,857005.842348
1768262400,5.362,5.802,5.332,5.726,1007053.691069
1768348800,5.726,5.852,5.656,5.681,775085.696044
1768435200,5.682,5.683,5.226,5.35,1693086.9095
1768521600,5.349,5.36,5.128,5.313,465980.287705
1768608000,5.313,5.442,5.303,5.348,402880.025053
1768694400,5.346,5.397,5.087,5.093,418515.060587
1768780800,5.092,5.093,4.598,5.023,1104702.27762
1768867200,5.022,5.023,4.692,4.798,757249.66807
1768953600,4.797,5.065,4.758,4.937,950966.1226
1769040000,4.938,4.99,4.768,4.831,477750.476656
1769126400,4.833,4.976,4.765,4.865,350088.542068
1769212800,4.867,4.907,4.821,4.848,200275.225539
1769299200,4.848,4.886,4.559,4.631,476535.289331
1769385600,4.629,4.756,4.486,4.706,990284.331036
1769472000,4.705,4.809,4.625,4.792,459566.546233
1769558400,4.794,4.871,4.745,4.813,551380.518967
1769644800,4.812,4.827,4.279,4.39,1006994.758369
1769731200,4.391,4.411,4.133,4.27,1160429.007737
1769817600,4.269,4.299,3.6,3.957,1402114.306683
1769904000,3.956,4.022,3.75,3.832,1003686.170064
1769990400,3.834,3.995,3.702,3.924,932388.057253
1770076800,3.925,4.02,3.695,3.857,932313.392951
1770163200,3.854,3.957,3.635,3.793,1007746.940989
1770249600,3.794,3.829,3.119,3.162,2246335.009951
1770336000,3.163,3.63,2.842,3.549,2305442.337065
1770422400,3.549,3.615,3.428,3.536,871461.229124
1770508800,3.536,3.549,3.435,3.463,361731.249296
1770595200,3.462,3.579,3.306,3.493,504471.77598
1770681600,3.494,3.496,3.315,3.357,295444.468776
1770768000,3.36,4.57,3.22,3.367,6201910.493949
1770854400,3.368,3.502,3.141,3.239,2358585.514272
1770940800,3.238,3.492,3.208,3.395,3112413.267691
1771027200,3.396,3.73,3.375,3.626,2303825.896214
1771113600,3.626,3.674,3.395,3.469,1129444.855908
1771200000,3.468,3.625,3.424,3.598,1027674.892132
1771286400,3.6,3.629,3.431,3.523,857025.581016
1771372800,3.524,3.603,3.358,3.402,744059.968519
1771459200,3.4,3.466,3.294,3.384,752834.906284
1771545600,3.383,3.495,3.309,3.493,839360.173888
1771632000,3.493,3.695,3.468,3.607,632393.020638
1771718400,3.607,3.627,3.425,3.486,500785.110191
1771804800,3.486,3.564,3.277,3.353,1140418.609203
1771891200,3.354,3.401,3.261,3.337,796856.745527
1771977600,3.339,4.292,3.332,4.048,3137722.278459
1772064000,4.051,4.089,3.717,3.88,1691488.901677
1772150400,3.879,3.945,3.674,3.741,905179.392464
1772236800,3.74,3.892,3.539,3.817,1120482.628139
1772323200,3.82,3.974,3.67,3.747,828058.30986
1772409600,3.748,4.047,3.716,3.932,1026576.734833
1772496000,3.932,3.945,3.749,3.913,847169.913536
1772582400,3.914,4.09,3.858,3.978,972260.291048
1772668800,3.977,4.097,3.926,3.971,974007.569373
1772755200,3.969,4.02,3.808,3.847,695167.573772
1772841600,3.848,3.868,3.737,3.771,304851.732631
1772928000,3.772,3.796,3.611,3.661,526372.209402
1773014400,3.658,3.99,3.658,3.862,1083087.17969
1773100800,3.861,3.998,3.824,3.844,580401.443367
1773187200,3.842,3.967,3.804,3.896,414975.156653
1773273600,3.899,3.949,3.843,3.919,397696.371221
1773360000,3.919,4.208,3.907,4.002,1006762.616546
1773446400,4.001,4.022,3.906,3.948,294724.304551
1773532800,3.949,4.114,3.919,4.069,355118.253937
1773619200,4.071,4.191,3.973,4.152,1278154.532035
1773705600,4.151,4.171,3.943,3.957,655278.975066
1773792000,3.956,4.017,3.618,3.682,770949.52345
1773878400,3.68,3.722,3.502,3.578,821820.151002
1773964800,3.578,3.647,3.543,3.608,500961.52126
1774051200,3.609,3.628,3.46,3.487,274753.037762
1774137600,3.484,3.536,3.41,3.474,333088.015113
1774224000,3.475,3.682,3.436,3.589,736342.787971
1774310400,3.59,3.619,3.527,3.61,416385.639304
1774396800,3.609,3.76,3.582,3.707,874799.298178
1774483200,3.709,3.717,3.48,3.524,441412.551805
1774569600,3.524,3.552,3.364,3.386,630115.963748
1774656000,3.386,3.448,3.353,3.381,317699.772726
1774742400,3.381,3.426,3.259,3.357,450093.521025
1774828800,3.356,3.574,3.35,3.478,614121.180832
1774915200,3.477,3.588,3.446,3.541,621691.699154
1775001600,3.539,3.67,3.531,3.566,503650.954068
1775088000,3.564,3.596,3.093,3.176,2193685.75211
1775174400,3.175,3.259,3.148,3.17,660785.383876
1775260800,3.171,3.181,3.098,3.127,500946.09845
1775347200,3.128,3.159,3.057,3.147,411456.551757
1775433600,3.148,3.21,3.072,3.096,516502.485519
1775520000,3.095,3.321,3.014,3.283,842214.445899
1775606400,3.285,3.3,3.112,3.121,793788.651409
1775692800,3.12,3.219,3.049,3.108,594598.921258
1775779200,3.106,3.198,3.088,3.166,503052.693258
1775865600,3.166,3.222,3.117,3.151,212411.207721
1775952000,3.151,3.159,3.005,3.017,324435.456366
1776038400,3.016,3.258,3.01,3.234,479784.117779
1776124800,3.237,3.251,3.095,3.134,342470.643492
1776211200,3.135,3.262,3.121,3.227,259064.514072
1776297600,3.228,3.469,3.198,3.429,656714.1798
1776384000,3.43,3.594,3.327,3.454,760327.897798
1776470400,3.453,3.48,3.327,3.351,288520.153367
1776556800,3.352,3.362,3.208,3.233,228242.316788
1776643200,3.231,3.336,3.191,3.236,654639.609082
1776729600,3.237,3.296,3.188,3.275,357432.503072
1776816000,3.276,3.44,3.259,3.319,488811.088444
1776902400,3.319,3.33,3.211,3.295,386980.905074
1776988800,3.295,3.313,3.222,3.256,298329.927258
1777075200,3.255,3.282,3.228,3.258,173274.103458
1777161600,3.259,3.312,3.231,3.286,219627.070412
1777248000,3.288,3.362,3.177,3.25,422296.436395
1777334400,3.25,3.277,3.19,3.241,261651.812934
1777420800,3.244,3.328,3.104,3.192,375452.431435
1777507200,3.193,3.225,3.145,3.187,204620.032273
1777593600,3.188,3.277,3.188,3.207,239353.898794
1777680000,3.205,3.28,3.192,3.259,113755.874875
1777766400,3.26,3.274,3.208,3.228,134127.506641
1777852800,3.228,3.451,3.211,3.273,682988.645624
1777939200,3.274,3.398,3.27,3.356,338394.70656
1778025600,3.358,3.554,3.339,3.474,1031681.514359
1778112000,3.475,3.508,3.38,3.434,538186.243272
1778198400,3.434,3.733,3.414,3.714,650036.755355
1778284800,3.711,3.824,3.617,3.809,626085.141211
1778371200,3.808,4.166,3.691,3.993,2327827.487754
1778457600,3.994,4.009,3.815,3.894,929263.032285
1778544000,3.893,3.905,3.683,3.766,388598.391466
1778630400,3.764,3.846,3.579,3.621,504964.196603
1778716800,3.621,3.817,3.562,3.736,409713.545295
1778803200,3.735,3.759,3.521,3.603,424901.853096
1778889600,3.604,3.618,3.458,3.488,275226.093711
1778976000,3.489,3.61,3.383,3.47,470353.664449
1779062400,3.469,3.549,3.355,3.543,576370.641205
1779148800,3.543,3.584,3.431,3.444,337676.441781
1779235200,3.447,3.66,3.422,3.612,679664.537872
1779321600,3.614,3.687,3.525,3.605,534316.2937
1779408000,3.604,3.678,3.375,3.4,726484.474813
1779494400,3.401,3.565,3.26,3.462,809512.124916
1779580800,3.463,3.469,3.32,3.388,206279.906675
1779667200,3.387,3.436,3.306,3.326,563620.014348
1779753600,3.325,3.383,3.223,3.247,484776.844895
1779840000,3.248,3.315,3.063,3.09,807531.175526
1779926400,3.088,3.111,2.967,3.048,1719915.702647
1780012800,3.05,3.074,2.943,3.016,1178070.456902
1780099200,3.017,3.08,2.993,3.051,489196.04208
1780185600,3.052,3.066,2.955,3.022,407319.438113
1780272000,3.019,3.04,2.902,2.981,589282.066751
1780358400,2.979,2.982,2.732,2.797,1110443.518863
1780444800,2.798,2.933,2.749,2.797,1373129.608862
1780531200,2.798,2.822,2.568,2.648,1207624.064616
1780617600,2.647,2.663,2.342,2.46,1552029.645276
1780704000,2.46,2.485,2.316,2.467,537428.380314
1780790400,2.467,2.63,2.462,2.573,548460.248897
1780876800,2.57,2.609,2.496,2.514,607289.333509
1780963200,2.514,2.543,2.435,2.479,514034.754868
1781049600,2.478,2.516,2.364,2.393,663175.056558
1781136000,2.394,2.564,2.394,2.495,941046.269477
1781222400,2.493,2.56,2.474,2.499,712838.095068
1781308800,2.5,2.582,2.483,2.557,488216.718623
1781395200,2.556,2.597,2.466,2.59,482245.89181
1781481600,2.59,2.849,2.561,2.844,1180155.713992
1781568000,2.844,3.322,2.777,3.293,4746597.85461
1781654400,3.293,3.723,3.164,3.223,6501943.447003
1781740800,3.222,3.325,2.915,3.205,3088695.757452
1781827200,3.205,3.208,2.993,3.082,1301318.129984
1781913600,3.082,3.091,2.944,3.003,624106.903048
1782000000,3.004,3.125,2.949,2.981,659320.078808
1782086400,2.981,3.111,2.954,2.979,749365.161072
1782172800,2.98,3.007,2.795,2.921,942682.806341
1782259200,2.922,2.964,2.723,2.923,913181.724652
1782345600,2.923,3.029,2.739,2.883,1269481.461529
1782432000,2.884,3.043,2.77,2.96,777364.842989
1782518400,2.96,3.057,2.901,2.922,483956.769379
1782604800,2.923,2.974,2.864,2.918,401317.902879
1782691200,2.917,3.011,2.88,2.889,1049328.550484
1782777600,2.888,2.894,2.742,2.773,521156.104147
1782864000,2.774,2.88,2.715,2.785,961662.473824
1782950400,2.784,3.287,2.775,3.175,1973179.286367
1783036800,3.175,3.305,3.147,3.207,1153380.44953
1783123200,3.207,3.28,3.169,3.214,345237.490833
1783209600,3.216,3.217,3.097,3.17,357343.074317
1783296000,3.169,3.263,3.066,3.179,527936.546956
1783382400,3.18,3.312,3.105,3.189,756332.249588
1783468800,3.19,3.385,3.13,3.278,1992661.610859
1783555200,3.276,3.435,3.245,3.39,1358484.662389
1783641600,3.391,3.694,3.367,3.52,1332913.959163
1783728000,3.52,3.843,3.457,3.654,1572535.88169
1783814400,3.652,3.729,3.574,3.592,508563.647709
1783900800,3.59,3.661,3.447,3.554,1095238.843517
1783987200,3.552,3.755,3.539,3.661,1145428.824774
1784073600,3.66,3.699,3.572,3.618,763886.018641
1784160000,3.619,3.764,3.536,3.536,1392219.949853
1784246400,3.535,3.651,3.434,3.638,944657.143047
1784332800,3.639,3.653,3.47,3.57,479174.434575
1784419200,3.567,3.572,3.461,3.514,245236.475073
1784505600,3.515,3.644,3.409,3.626,558708.895508
1784592000,3.628,3.738,3.618,3.717,902894.220782
1784678400,3.716,3.87,3.655,3.783,1026445.55639
1784764800,3.78,3.881,3.736,3.754,830820.628207
1784851200,3.755,3.875,3.722,3.782,720827.720438
1784937600,3.78,3.822,3.608,3.666,447866.929046
1785024000,3.664,3.957,3.645,3.886,968876.349434
1785110400,3.886,3.937,3.672,3.71,746014.714487
1785196800,3.709,3.941,3.675,3.89,1098612.96901
1785283200,3.891,4.076,3.736,3.988,1508273.881238
1785369600,3.987,4.472,3.956,4.428,1786760.886765
1785456000,4.427,4.571,4.215,4.345,1965331.543155
1785542400,4.346,4.355,4.014,4.08,1156170.107785
1785628800,4.082,4.291,4.072,4.166,1275977.991342
1785715200,4.166,4.18,3.864,3.9038,1301611.889099
1785801600,3.9032,3.939,3.782,3.847,1381988.947734
1785888000,3.846,4.1933,3.825,4.0427,2515218.733153
1785974400,4.041,4.1454,3.9619,4.01,1849584.360974
1786060800,4.009,4.0933,3.9349,3.9765,1086923.751186
1786147200,3.978,4.045,3.9533,4.0031,559905.467193
1786233600,4.0025,4.1112,3.9416,3.9858,679338.690705
1786320000,3.984,4.0859,3.9061,3.9421,597372.677969
1786406400,3.942,4.0244,3.679,3.7472,1314156.029613
1786492800,3.7464,3.803,3.4457,3.5677,5186990.193532
1786579200,3.5685,3.6128,3.455,3.4752,895892.391303
1786665600,3.4758,3.528,3.1649,3.1975,6624675.092693
1786752000,3.1969,3.311,3.1948,3.2352,1089329.271351
1786838400,3.2361,3.337,3.2137,3.2715,678073.816612
1786924800,3.2707,3.3159,3.2333,3.2831,829991.552751
1787011200,3.2845,3.3105,3.2235,3.2922,1078286.96776
1787097600,3.2935,3.7465,3.267,3.6329,2910007.28581
1787184000,3.6328,3.8083,3.5638,3.7623,2676983.976087
1787270400,3.7621,4.2054,3.7468,4.1384,2736679.775752
1787356800,4.1407,4.4453,3.7089,4.2966,3794384.498411
1787443200,4.2983,4.696,4.0122,4.5223,3767489.621236
1787529600,4.5219,4.5326,4.2347,4.3315,2091396.896936
1787616000,4.3284,4.4679,4.1682,4.2701,1532746.196383
1787702400,4.2672,4.4044,4.1421,4.3752,854883.391551
1787788800,4.3728,4.7219,4.3112,4.6861,1826236.504776
1787875200,4.6862,4.8493,4.3486,4.4373,1274092.967131
1787961600,4.4378,4.7092,4.3506,4.6829,895206.002629
1788048000,4.6798,5.4901,4.6396,5.1324,3448645.809424
1788134400,5.1296,5.292,4.9708,5.2262,2042309.437121
1788220800,5.2275,5.9953,5.1925,5.8439,3715635.036634
1788307200,5.8446,6.3781,5.699,5.8533,4150322.522362
1788393600,5.8534,6.5,5.6312,6.3242,3634490.226604
1788480000,6.3244,6.5,6.0563,6.1871,2872868.986809
1788566400,6.1847,7.2499,6.114,7.0475,2892036.325437
1788652800,7.0513,7.4831,6.8632,7.2921,3004889.676093
1788739200,7.292,7.2921,6.7198,6.857,2186957.416578
1788825600,6.859,7.1979,6.6726,6.756,2273934.096757
1788912000,6.7515,6.9619,6.1022,6.1567,2255728.683176
1788998400,6.1585,6.2182,5.81,5.9501,2208457.439717
1789084800,5.9527,6.7188,5.8838,6.0071,3224086.360703
1789171200,6.0054,6.565,5.9822,6.3738,1651428.314775
1789257600,6.374,6.4868,6.0934,6.1296,1013624.275091
1789344000,6.1261,6.8,6.0919,6.5315,1650187.965986
1789430400,6.5295,6.8329,6.1657,6.3635,3307006.344194
1789516800,6.3639,6.8585,5.9963,6.7057,2710808.929253
1789603200,6.704,7.85,6.6148,7.7862,3792263.312773
1789689600,7.7836,9.43,7.6222,8.8609,6499671.78905
1789776000,8.8608,9.4799,8.4172,8.6712,2548423.578665
1789862400,8.6624,8.9837,8.4864,8.7312,2197415.610703
1789948800,8.7301,8.9261,8.5583,8.7799,610685.030342
