ts,open,high,low,close,volume
1746043200,1.171,1.2,1.171,1.2,13790.58
1746046800,1.201,1.206,1.12,1.14,84003.32
1746050400,1.14,1.172,1.136,1.143,93599.72
1746054000,1.142,1.153,1.119,1.133,39080.26
1746057600,1.13,1.16,1.124,1.153,28407.35
1746061200,1.152,1.171,1.11,1.114,85078.52
1746064800,1.114,1.114,1.02,1.059,221440.06
1746068400,1.061,1.075,1.031,1.038,385163.12
1746072000,1.036,1.044,1.015,1.032,105148.64
1746075600,1.032,1.052,1.031,1.048,59547.87
1746079200,1.05,1.054,1.029,1.046,38176.65
1746082800,1.046,1.06,1.046,1.056,20590.38
1746086400,1.056,1.078,1.05,1.074,33421.82
1746090000,1.073,1.091,1.073,1.091,31701.62
1746093600,1.09,1.105,1.074,1.082,55539.16
1746097200,1.086,1.097,1.076,1.095,53274.22
1746100800,1.094,1.098,1.078,1.086,65913.71
1746104400,1.087,1.089,1.051,1.053,122697.16
1746108000,1.056,1.086,1.053,1.077,65163.45
1746111600,1.076,1.092,1.071,1.079,82015.48
1746115200,1.079,1.091,1.067,1.067,117911.62
1746118800,1.068,1.092,1.059,1.068,105834.9
1746122400,1.07,1.073,1.051,1.068,66270.21
1746126000,1.069,1.07,1.061,1.064,42184.05
1746129600,1.062,1.074,1.05,1.057,36945.16
1746133200,1.056,1.064,1.054,1.057,61849.83
1746136800,1.058,1.062,1.051,1.059,34411.2
1746140400,1.06,1.061,1.04,1.052,133019.81
1746144000,1.052,1.067,1.042,1.062,137543.59
1746147600,1.061,1.067,1.053,1.062,75052.91
1746151200,1.06,1.068,1.055,1.066,30937.56
1746154800,1.066,1.066,1.042,1.051,63201.45
1746158400,1.05,1.05,1.039,1.042,46761.56
1746162000,1.041,1.048,1.038,1.047,24663.03
1746165600,1.048,1.049,1.033,1.041,8569.73
1746169200,1.042,1.047,1.032,1.032,25996.6
1746172800,1.035,1.054,1.035,1.049,27532.35
1746176400,1.049,1.049,1.036,1.04,9891.26
1746180000,1.038,1.04,1.022,1.023,41171.69
1746183600,1.023,1.036,1.023,1.024,48092.56
1746187200,1.025,1.039,1.023,1.038,30626.74
1746190800,1.038,1.038,1.026,1.035,67207.47
1746194400,1.036,1.049,1.032,1.044,73163.07
1746198000,1.046,1.049,1.02,1.03,77354.98
1746201600,1.03,1.047,1.03,1.034,28972.09
1746205200,1.035,1.04,1.026,1.029,83469.42
1746208800,1.028,1.034,1.023,1.024,17445.77
1746212400,1.026,1.039,1.015,1.017,96639.54
1746216000,1.018,1.027,1.018,1.024,14463.49
1746219600,1.025,1.029,1.017,1.022,22891.91
1746223200,1.022,1.027,1.018,1.025,14581.79
1746226800,1.025,1.036,1.025,1.033,18040.4
1746230400,1.032,1.034,1.019,1.025,24852.37
1746234000,1.026,1.026,1.009,1.01,17760.06
1746237600,1.01,1.038,1.008,1.021,140248.47
1746241200,1.021,1.031,1.021,1.023,29351.52
1746244800,1.024,1.028,1.02,1.025,27680.21
1746248400,1.026,1.026,1.014,1.02,16490.24
1746252000,1.018,1.018,1.012,1.013,13457.66
1746255600,1.014,1.019,1.009,1.014,19310.09
1746259200,1.012,1.021,1.01,1.016,14609.98
1746262800,1.017,1.021,0.995,0.998,40174.86
1746266400,0.999,1,0.985,0.986,29032.97
1746270000,0.986,0.992,0.986,0.987,12938.95
1746273600,0.986,0.999,0.985,0.995,26222.26
1746277200,0.994,0.997,0.985,0.989,27480.24
1746280800,0.991,0.992,0.985,0.987,72984.36
1746284400,0.989,0.992,0.985,0.985,24725.14
1746288000,0.985,0.989,0.97,0.976,67625.89
1746291600,0.976,0.982,0.954,0.967,134859.08
1746295200,0.967,0.971,0.955,0.961,23387.75
1746298800,0.961,0.97,0.957,0.969,47389.11
1746302400,0.971,0.972,0.959,0.964,72603.6
1746306000,0.964,0.972,0.958,0.962,58013.4
1746309600,0.961,0.967,0.954,0.964,46035.27
1746313200,0.963,0.966,0.956,0.956,34866.47
1746316800,0.958,0.962,0.943,0.947,30679.17
1746320400,0.946,0.954,0.939,0.954,36580.11
1746324000,0.954,0.969,0.954,0.962,88089.19
1746327600,0.96,0.963,0.951,0.958,11738.68
1746331200,0.957,0.964,0.95,0.952,25829.15
1746334800,0.956,0.966,0.949,0.966,22313.13
1746338400,0.961,0.965,0.951,0.958,13255.02
1746342000,0.957,0.957,0.948,0.952,9363.61
1746345600,0.953,0.954,0.942,0.945,50301.21
1746349200,0.946,0.948,0.931,0.935,19117.66
1746352800,0.938,0.942,0.936,0.94,18662.43
1746356400,0.941,0.948,0.941,0.944,14713.65
1746360000,0.945,0.949,0.94,0.943,10437.61
1746363600,0.945,0.945,0.928,0.939,27127.47
1746367200,0.939,0.95,0.938,0.949,25553.3
1746370800,0.95,0.952,0.939,0.946,20829.77
1746374400,0.947,0.949,0.934,0.936,43608.47
1746378000,0.936,0.941,0.926,0.937,35533.02
1746381600,0.938,0.941,0.924,0.924,14192.92
1746385200,0.927,0.934,0.926,0.93,25099.84
1746388800,0.931,0.941,0.93,0.938,26196.26
1746392400,0.938,0.941,0.929,0.939,27911.14
1746396000,0.938,0.938,0.916,0.927,42745.56
1746399600,0.927,0.927,0.918,0.923,35075.84
1746403200,0.922,0.933,0.921,0.933,22339.29
1746406800,0.929,0.934,0.918,0.92,46825.64
1746410400,0.918,0.945,0.917,0.939,31261.25
1746414000,0.941,0.946,0.939,0.941,14253.12
1746417600,0.941,0.959,0.94,0.959,30279.7
1746421200,0.959,0.959,0.948,0.956,46744.47
1746424800,0.957,0.957,0.946,0.954,43184.59
1746428400,0.953,0.958,0.948,0.957,18242.54
1746432000,0.958,0.965,0.955,0.956,12342.57
1746435600,0.956,0.958,0.942,0.942,53164.44
1746439200,0.945,0.945,0.916,0.923,23516.48
1746442800,0.924,0.929,0.906,0.92,49668.41
1746446400,0.918,0.925,0.91,0.914,47541.51
1746450000,0.914,0.917,0.904,0.913,43199.23
1746453600,0.915,0.92,0.906,0.91,120906.45
1746457200,0.909,0.91,0.884,0.89,64378.67
1746460800,0.888,0.895,0.876,0.878,37895.4
1746464400,0.878,0.884,0.867,0.882,90113
1746468000,0.881,0.89,0.877,0.885,87895.63
1746471600,0.883,0.888,0.869,0.872,43656.3
1746475200,0.87,0.871,0.853,0.863,80062.65
1746478800,0.864,0.877,0.863,0.873,57197.36
1746482400,0.871,0.884,0.871,0.879,11533.89
1746486000,0.879,0.88,0.87,0.872,36932.86
1746489600,0.873,0.873,0.862,0.867,23203.87
1746493200,0.868,0.881,0.868,0.874,29258.35
1746496800,0.873,0.877,0.865,0.876,22667.84
1746500400,0.877,0.89,0.875,0.888,44279.58
1746504000,0.887,0.892,0.887,0.889,16755.02
1746507600,0.89,0.89,0.879,0.882,12995.44
1746511200,0.883,0.893,0.883,0.893,6486.23
1746514800,0.894,0.9,0.884,0.884,23700.83
1746518400,0.886,0.887,0.873,0.885,11558.61
1746522000,0.885,0.886,0.876,0.879,7857.68
1746525600,0.877,0.878,0.868,0.872,21826.03
1746529200,0.875,0.879,0.862,0.868,62567.69
1746532800,0.867,0.879,0.866,0.879,47411.29
1746536400,0.879,0.879,0.865,0.873,48610.05
1746540000,0.874,0.892,0.874,0.883,89546.63
1746543600,0.883,0.902,0.878,0.881,168063.81
1746547200,0.881,0.892,0.876,0.884,55164.33
1746550800,0.883,0.9,0.883,0.898,17978.69
1746554400,0.899,0.914,0.897,0.912,191787.89
1746558000,0.91,0.912,0.894,0.899,47260.71
1746561600,0.9,0.905,0.888,0.889,23196.23
1746565200,0.892,0.893,0.876,0.892,90762.28
1746568800,0.89,0.917,0.89,0.916,149295.13
1746572400,0.916,0.939,0.915,0.929,151225.46
1746576000,0.93,0.946,0.927,0.946,236163.34
1746579600,0.946,0.958,0.945,0.949,116707.4
1746583200,0.951,0.952,0.936,0.939,83577.51
1746586800,0.938,0.956,0.932,0.955,35579.53
1746590400,0.955,0.963,0.945,0.951,37576.36
1746594000,0.949,0.954,0.94,0.942,40138.62
1746597600,0.942,0.951,0.94,0.949,40725
1746601200,0.949,0.973,0.949,0.966,34841.1
1746604800,0.968,0.968,0.949,0.961,116508.08
1746608400,0.958,0.96,0.953,0.956,24225.13
1746612000,0.956,0.956,0.941,0.941,26368.43
1746615600,0.939,0.939,0.929,0.936,134556.55
1746619200,0.936,0.936,0.927,0.93,22194.68
1746622800,0.929,0.945,0.918,0.933,133784.98
1746626400,0.932,0.951,0.924,0.928,178707.56
1746630000,0.929,0.939,0.917,0.919,139298.6
1746633600,0.915,0.922,0.909,0.921,61255.49
1746637200,0.923,0.924,0.912,0.918,13091.21
1746640800,0.921,0.934,0.913,0.922,39165.89
1746644400,0.922,0.924,0.91,0.914,15864.3
1746648000,0.914,0.918,0.906,0.913,9907.46
1746651600,0.914,0.923,0.909,0.92,28886.73
1746655200,0.919,0.936,0.918,0.93,88695.28
1746658800,0.928,0.939,0.926,0.931,68841.65
1746662400,0.932,0.945,0.927,0.944,82877.92
1746666000,0.944,0.954,0.941,0.944,36562.98
1746669600,0.945,0.962,0.943,0.954,110988.44
1746673200,0.953,0.973,0.953,0.973,27367.85
1746676800,0.973,0.987,0.969,0.973,95025.46
1746680400,0.974,0.977,0.965,0.967,80880.71
1746684000,0.967,0.975,0.965,0.974,16138.53
1746687600,0.976,0.991,0.976,0.985,124604.5
1746691200,0.984,1,0.984,0.996,48682.43
1746694800,0.996,1.012,0.993,1.012,17983.28
1746698400,1.013,1.019,0.995,1.011,74974.5
1746702000,1.01,1.01,0.998,1,26300.37
1746705600,0.999,1.014,0.997,1.002,50950.62
1746709200,1.001,1.006,0.996,0.998,53129.54
1746712800,0.999,1.012,0.99,1.002,63040.02
1746716400,1.001,1.046,1.001,1.026,105623.91
1746720000,1.024,1.033,1.019,1.033,63514.94
1746723600,1.033,1.037,1.019,1.023,73146.18
1746727200,1.024,1.039,1.024,1.031,48395.24
1746730800,1.029,1.043,1.021,1.037,204230.86
1746734400,1.038,1.072,1.036,1.062,299278.12
1746738000,1.063,1.085,1.048,1.049,400046.04
1746741600,1.05,1.055,1.042,1.049,48526.26
1746745200,1.049,1.066,1.044,1.066,28759.25
1746748800,1.066,1.079,1.054,1.069,81884.98
1746752400,1.074,1.109,1.072,1.087,140382.54
1746756000,1.088,1.093,1.079,1.092,60221.95
1746759600,1.093,1.108,1.075,1.078,65231.39
1746763200,1.078,1.089,1.076,1.085,30443.84
1746766800,1.084,1.104,1.081,1.101,37783.19
1746770400,1.103,1.111,1.098,1.111,123169.82
1746774000,1.109,1.151,1.109,1.127,35179.16
1746777600,1.125,1.17,1.121,1.131,99376.38
1746781200,1.129,1.144,1.105,1.122,30741.1
1746784800,1.121,1.152,1.116,1.15,65222.36
1746788400,1.151,1.164,1.125,1.126,129723.29
1746792000,1.127,1.138,1.113,1.134,74812.44
1746795600,1.136,1.158,1.131,1.153,101487.29
1746799200,1.154,1.155,1.111,1.125,107736.74
1746802800,1.126,1.146,1.118,1.142,116772.62
1746806400,1.141,1.171,1.119,1.128,236616.98
1746810000,1.125,2.13,1.125,1.172,1234260.14
1746813600,1.172,1.175,1.147,1.15,267625.41
1746817200,1.149,1.169,1.131,1.134,243580.29
1746820800,1.132,1.16,1.13,1.157,92255.33
1746824400,1.159,1.17,1.138,1.149,69464.43
1746828000,1.147,1.156,1.135,1.135,104791.1
1746831600,1.137,1.143,1.136,1.141,34901.73
1746835200,1.14,1.17,1.134,1.141,75286.94
1746838800,1.14,1.165,1.14,1.154,53374
1746842400,1.15,1.171,1.145,1.166,36981.75
1746846000,1.169,1.188,1.163,1.179,106913.57
1746849600,1.175,1.175,1.152,1.156,36560.26
1746853200,1.158,1.174,1.153,1.172,33418.21
1746856800,1.172,1.184,1.166,1.183,16030.31
1746860400,1.182,1.219,1.182,1.207,101857.13
1746864000,1.209,1.216,1.176,1.185,46057.93
1746867600,1.186,1.195,1.169,1.191,9547.61
1746871200,1.187,1.193,1.164,1.164,21951.46
1746874800,1.163,1.173,1.148,1.155,28717
1746878400,1.156,1.168,1.145,1.16,167657.18
1746882000,1.161,1.175,1.155,1.167,53410.41
1746885600,1.166,1.169,1.155,1.167,25132.47
1746889200,1.161,1.163,1.138,1.148,139128.73
1746892800,1.147,1.168,1.141,1.166,181950.48
1746896400,1.167,1.19,1.166,1.171,89555.11
1746900000,1.173,1.187,1.171,1.181,75322.35
1746903600,1.186,1.2,1.177,1.191,55292.09
1746907200,1.191,1.2,1.177,1.192,41053.71
1746910800,1.19,1.211,1.19,1.208,54617.15
1746914400,1.208,1.232,1.2,1.227,112102.7
1746918000,1.227,1.255,1.219,1.255,212811.94
1746921600,1.254,1.27,1.209,1.259,265480.18
1746925200,1.255,1.334,1.25,1.309,266149.42
1746928800,1.314,1.352,1.294,1.314,381073.67
1746932400,1.314,1.343,1.299,1.331,87361.68
1746936000,1.331,1.353,1.315,1.344,132728.95
1746939600,1.345,1.365,1.315,1.318,125234.43
1746943200,1.318,1.329,1.282,1.289,139555.55
1746946800,1.292,1.292,1.247,1.256,108043.09
1746950400,1.258,1.277,1.253,1.258,63063.26
1746954000,1.258,1.275,1.258,1.268,35155.14
1746957600,1.267,1.27,1.257,1.27,27743.04
1746961200,1.27,1.286,1.264,1.283,57489.15
1746964800,1.283,1.288,1.262,1.275,65927.99
1746968400,1.28,1.282,1.227,1.227,150064.27
1746972000,1.229,1.252,1.227,1.245,118293.22
1746975600,1.243,1.263,1.224,1.237,38866.52
1746979200,1.235,1.242,1.216,1.233,38645.23
1746982800,1.234,1.254,1.224,1.252,124677.08
1746986400,1.252,1.268,1.237,1.262,100145.05
1746990000,1.264,1.318,1.261,1.299,126801.44
1746993600,1.296,1.306,1.271,1.282,67710.17
1746997200,1.281,1.283,1.263,1.281,75186.07
1747000800,1.282,1.291,1.255,1.265,64892.04
1747004400,1.266,1.276,1.257,1.264,35273.94
1747008000,1.264,1.3,1.262,1.293,197776.85
1747011600,1.293,1.305,1.255,1.278,176916.41
1747015200,1.279,1.324,1.278,1.31,176082.45
1747018800,1.302,1.316,1.292,1.316,76914.02
1747022400,1.315,1.318,1.286,1.304,53099.63
1747026000,1.305,1.314,1.273,1.285,42244.89
1747029600,1.286,1.312,1.28,1.312,83927.91
1747033200,1.313,1.351,1.287,1.296,92414.18
1747036800,1.294,1.323,1.277,1.315,36922.35
1747040400,1.318,1.335,1.311,1.316,80746.43
1747044000,1.318,1.329,1.295,1.329,108739.93
1747047600,1.328,1.332,1.284,1.291,81647.92
1747051200,1.29,1.319,1.289,1.311,54158.39
1747054800,1.31,1.316,1.283,1.31,59188.7
1747058400,1.311,1.325,1.266,1.274,136403.06
1747062000,1.274,1.297,1.253,1.291,311263.04
1747065600,1.286,1.31,1.28,1.288,66824.75
1747069200,1.287,1.298,1.262,1.264,55575.08
1747072800,1.267,1.273,1.205,1.225,204367
1747076400,1.223,1.253,1.22,1.247,110280.95
1747080000,1.251,1.253,1.233,1.25,45042.15
1747083600,1.25,1.259,1.242,1.246,64078.02
1747087200,1.246,1.295,1.24,1.275,210539.35
1747090800,1.274,1.29,1.272,1.286,44532.2
1747094400,1.283,1.289,1.25,1.251,63268.34
1747098000,1.253,1.255,1.221,1.221,352160.58
1747101600,1.223,1.233,1.193,1.207,58625.41
1747105200,1.208,1.215,1.178,1.181,150384.16
1747108800,1.182,1.225,1.178,1.219,40060.44
1747112400,1.218,1.234,1.209,1.219,46478.85
1747116000,1.219,1.238,1.219,1.229,18401.01
1747119600,1.227,1.25,1.225,1.242,38010.95
1747123200,1.247,1.276,1.232,1.262,58334.51
1747126800,1.263,1.283,1.259,1.266,160714.37
1747130400,1.268,1.268,1.253,1.258,135584.99
1747134000,1.257,1.289,1.251,1.263,137814.16
1747137600,1.263,1.278,1.242,1.264,160202.94
1747141200,1.27,1.286,1.26,1.268,87968.56
1747144800,1.269,1.27,1.248,1.26,53360.95
1747148400,1.258,1.281,1.254,1.281,15668.65
1747152000,1.282,1.341,1.278,1.323,243269.56
1747155600,1.318,1.327,1.281,1.298,421498.11
1747159200,1.296,1.315,1.294,1.313,100604.76
1747162800,1.312,1.329,1.3,1.314,67568.99
1747166400,1.314,1.325,1.302,1.323,77480.44
1747170000,1.325,1.339,1.311,1.327,31820.42
1747173600,1.325,1.326,1.303,1.304,14799.58
1747177200,1.302,1.313,1.294,1.298,11324.81
1747180800,1.302,1.302,1.282,1.292,37111.26
1747184400,1.291,1.316,1.287,1.299,10875.68
1747188000,1.302,1.316,1.276,1.303,116044.3
1747191600,1.303,1.412,1.285,1.304,528829.26
1747195200,1.302,1.308,1.287,1.308,55034.48
1747198800,1.309,1.318,1.301,1.312,20933.53
1747202400,1.31,1.322,1.303,1.313,57537.34
1747206000,1.313,1.313,1.285,1.295,39844.93
1747209600,1.292,1.298,1.251,1.254,75621.35
1747213200,1.256,1.274,1.249,1.273,41101.88
1747216800,1.273,1.297,1.273,1.287,157212.02
1747220400,1.286,1.307,1.284,1.289,91007.56
1747224000,1.29,1.31,1.278,1.282,131800.2
1747227600,1.285,1.288,1.253,1.269,176463.87
1747231200,1.268,1.271,1.236,1.24,119019.65
1747234800,1.24,1.247,1.23,1.246,63681.89
1747238400,1.245,1.257,1.233,1.242,91573.82
1747242000,1.242,1.242,1.22,1.24,58395.49
1747245600,1.24,1.251,1.238,1.243,82618
1747249200,1.243,1.249,1.239,1.247,52492.38
1747252800,1.248,1.256,1.242,1.248,48001.93
1747256400,1.25,1.258,1.239,1.257,29325.87
1747260000,1.258,1.259,1.227,1.234,55480.73
1747263600,1.234,1.244,1.225,1.241,84886.06
1747267200,1.242,1.267,1.238,1.265,29763.36
1747270800,1.265,1.27,1.224,1.228,33595.37
1747274400,1.23,1.248,1.229,1.241,55454.97
1747278000,1.243,1.253,1.223,1.225,30844.19
1747281600,1.227,1.242,1.223,1.235,74865.63
1747285200,1.233,1.238,1.189,1.194,145064.86
1747288800,1.198,1.204,1.181,1.191,25056.47
1747292400,1.193,1.195,1.16,1.162,26466.1
1747296000,1.161,1.197,1.161,1.197,32723.05
1747299600,1.197,1.2,1.168,1.179,52046.15
1747303200,1.181,1.181,1.158,1.172,24567.54
1747306800,1.172,1.187,1.171,1.174,54313.99
1747310400,1.175,1.193,1.173,1.182,32607.89
1747314000,1.177,1.19,1.149,1.161,83452.76
1747317600,1.163,1.168,1.138,1.15,56126.53
1747321200,1.149,1.2,1.149,1.2,46000.55
1747324800,1.198,1.204,1.178,1.204,33159.05
1747328400,1.205,1.22,1.197,1.207,48720.67
1747332000,1.206,1.208,1.164,1.17,52295.05
1747335600,1.172,1.183,1.16,1.171,62773.64
1747339200,1.171,1.179,1.152,1.158,76561.32
1747342800,1.159,1.16,1.131,1.149,49996.72
1747346400,1.147,1.167,1.141,1.142,28517.79
1747350000,1.142,1.15,1.117,1.148,62433.81
1747353600,1.149,1.167,1.141,1.156,90875.11
1747357200,1.152,1.166,1.145,1.158,74162.69
1747360800,1.16,1.177,1.158,1.172,80867.58
1747364400,1.171,1.178,1.167,1.174,32078.53
1747368000,1.176,1.18,1.159,1.17,39214.88
1747371600,1.171,1.183,1.171,1.174,31188.33
1747375200,1.172,1.187,1.169,1.178,15764.76
1747378800,1.177,1.182,1.169,1.175,29185.91
1747382400,1.176,1.177,1.15,1.163,30150.65
1747386000,1.162,1.177,1.159,1.175,12066.13
1747389600,1.175,1.181,1.167,1.18,33068.3
1747393200,1.178,1.186,1.167,1.167,13251.54
1747396800,1.168,1.173,1.16,1.165,31845.07
1747400400,1.161,1.179,1.161,1.179,16596.66
1747404000,1.177,1.177,1.147,1.155,51853.08
1747407600,1.157,1.174,1.157,1.172,51462.03
1747411200,1.172,1.179,1.144,1.16,28712.32
1747414800,1.16,1.165,1.143,1.147,34610.52
1747418400,1.148,1.155,1.147,1.151,25024.72
1747422000,1.152,1.194,1.144,1.169,184064.76
1747425600,1.168,1.169,1.134,1.14,111506.36
1747429200,1.142,1.142,1.133,1.134,23899.12
1747432800,1.135,1.135,1.093,1.107,525794.52
1747436400,1.107,1.119,1.107,1.11,74543.68
1747440000,1.11,1.112,1.091,1.097,83514.76
1747443600,1.09,1.097,1.05,1.072,134776.22
1747447200,1.073,1.08,1.062,1.078,38461.19
1747450800,1.081,1.092,1.067,1.091,149290.39
1747454400,1.091,1.102,1.09,1.097,133881.94
1747458000,1.097,1.097,1.076,1.077,17055.25
1747461600,1.086,1.087,1.072,1.084,8050.29
1747465200,1.083,1.091,1.074,1.076,18953.95
1747468800,1.08,1.083,1.071,1.071,35224.17
1747472400,1.071,1.078,1.065,1.076,55711.49
1747476000,1.073,1.084,1.073,1.079,22185.93
1747479600,1.078,1.084,1.069,1.079,49095.13
1747483200,1.08,1.086,1.074,1.074,58004.05
1747486800,1.076,1.08,1.061,1.063,48688.42
1747490400,1.064,1.087,1.064,1.087,44339.78
1747494000,1.087,1.088,1.076,1.077,43338.36
1747497600,1.077,1.08,1.058,1.07,57586.84
1747501200,1.07,1.08,1.068,1.068,13812.19
1747504800,1.067,1.082,1.067,1.07,35948.07
1747508400,1.067,1.079,1.066,1.07,3552.73
1747512000,1.07,1.088,1.07,1.088,17090.36
1747515600,1.088,1.088,1.077,1.08,9907.41
1747519200,1.081,1.082,1.064,1.073,5813.78
1747522800,1.073,1.08,1.071,1.076,13903.77
1747526400,1.073,1.08,1.069,1.079,12728.92
1747530000,1.08,1.083,1.072,1.083,18589.84
1747533600,1.078,1.081,1.073,1.074,41840.51
1747537200,1.076,1.08,1.067,1.072,24654.11
1747540800,1.072,1.081,1.072,1.079,9255.11
1747544400,1.08,1.116,1.08,1.115,55371.44
1747548000,1.115,1.115,1.1,1.1,17349.15
1747551600,1.1,1.124,1.1,1.122,9255.25
1747555200,1.124,1.144,1.124,1.137,38680.71
1747558800,1.137,1.144,1.127,1.129,9494.85
1747562400,1.134,1.139,1.126,1.133,10550.86
1747566000,1.133,1.146,1.13,1.13,17229.89
1747569600,1.129,1.138,1.122,1.138,15037.88
1747573200,1.134,1.152,1.131,1.152,29968.66
1747576800,1.151,1.181,1.145,1.171,78166.98
1747580400,1.171,1.191,1.166,1.187,158128.79
1747584000,1.186,1.19,1.173,1.186,70290.83
1747587600,1.185,1.186,1.143,1.143,164544.85
1747591200,1.142,1.142,1.104,1.117,96677.39
1747594800,1.117,1.126,1.09,1.09,44473.75
1747598400,1.089,1.101,1.064,1.101,44191.17
1747602000,1.102,1.131,1.102,1.111,277920.46
1747605600,1.111,1.149,1.102,1.149,69463.3
1747609200,1.149,1.185,1.139,1.178,193098.25
1747612800,1.179,1.19,1.149,1.151,97430.48
1747616400,1.153,1.16,1.138,1.141,14265.84
1747620000,1.143,1.144,1.119,1.124,17618.4
1747623600,1.12,1.127,1.112,1.124,20563.63
1747627200,1.126,1.127,1.094,1.1,57132.07
1747630800,1.1,1.11,1.096,1.106,27067.74
1747634400,1.106,1.118,1.085,1.085,51772.49
1747638000,1.089,1.115,1.089,1.108,49650.16
1747641600,1.104,1.107,1.093,1.1,27797.03
1747645200,1.096,1.104,1.082,1.083,31350.81
1747648800,1.083,1.09,1.078,1.087,30407.99
1747652400,1.084,1.09,1.079,1.089,22036.12
1747656000,1.085,1.087,1.069,1.073,61642.31
1747659600,1.074,1.112,1.074,1.11,28704.15
1747663200,1.103,1.115,1.096,1.11,66084
1747666800,1.111,1.122,1.106,1.11,102204.9
1747670400,1.109,1.127,1.096,1.126,45094.94
1747674000,1.127,1.151,1.125,1.128,276655.85
1747677600,1.131,1.133,1.11,1.116,31151.43
1747681200,1.117,1.125,1.11,1.12,14220.13
1747684800,1.121,1.165,1.117,1.12,177239.47
1747688400,1.123,1.124,1.108,1.124,66942.76
1747692000,1.124,1.124,1.113,1.122,6468.68
1747695600,1.12,1.133,1.118,1.127,15626.31
1747699200,1.129,1.15,1.12,1.12,54342.12
1747702800,1.119,1.155,1.119,1.149,53666.18
1747706400,1.152,1.161,1.14,1.142,49015.82
1747710000,1.144,1.146,1.126,1.131,57445.56
1747713600,1.131,1.139,1.123,1.137,10702.33
1747717200,1.136,1.15,1.136,1.139,30461.65
1747720800,1.137,1.14,1.13,1.139,19420.27
1747724400,1.137,1.137,1.116,1.118,23791.85
1747728000,1.117,1.12,1.106,1.109,40229.65
1747731600,1.107,1.113,1.104,1.106,30262.66
1747735200,1.103,1.106,1.086,1.09,43885.25
1747738800,1.092,1.103,1.085,1.099,35562.12
1747742400,1.098,1.098,1.084,1.093,34874.57
1747746000,1.096,1.102,1.089,1.097,33370.78
1747749600,1.09,1.098,1.079,1.083,59696.68
1747753200,1.082,1.101,1.082,1.1,33011.88
1747756800,1.1,1.111,1.086,1.087,55278.59
1747760400,1.086,1.107,1.086,1.092,78067.06
1747764000,1.092,1.095,1.063,1.065,80572.04
1747767600,1.064,1.102,1.064,1.101,114032.75
1747771200,1.096,1.124,1.094,1.121,37979.25
1747774800,1.122,1.129,1.112,1.12,59291.06
1747778400,1.122,1.122,1.1,1.112,49746.82
1747782000,1.11,1.124,1.11,1.116,87985.38
1747785600,1.116,1.125,1.11,1.113,31390.36
1747789200,1.112,1.122,1.104,1.105,23258.66
1747792800,1.107,1.113,1.091,1.106,102588.37
1747796400,1.109,1.122,1.104,1.117,94414.98
1747800000,1.115,1.133,1.108,1.124,106475.39
1747803600,1.126,1.141,1.126,1.136,75940.1
1747807200,1.136,1.146,1.128,1.143,78399.82
1747810800,1.145,1.146,1.108,1.114,20751.32
1747814400,1.119,1.119,1.109,1.111,15056.45
1747818000,1.113,1.115,1.101,1.106,79920.32
1747821600,1.106,1.107,1.104,1.107,6585.82
1747825200,1.108,1.133,1.107,1.121,54934.1
1747828800,1.123,1.134,1.115,1.122,63219.32
1747832400,1.121,1.139,1.113,1.129,147505.07
1747836000,1.13,1.143,1.116,1.143,223770.8
1747839600,1.143,1.162,1.13,1.158,288368.66
1747843200,1.16,1.285,1.156,1.205,711152.85
1747846800,1.212,1.217,1.138,1.154,215252.94
1747850400,1.155,1.172,1.149,1.155,52120.07
1747854000,1.155,1.174,1.146,1.171,46360.82
1747857600,1.173,1.177,1.155,1.168,33612.55
1747861200,1.169,1.179,1.161,1.164,29152.49
1747864800,1.166,1.19,1.165,1.188,58969.31
1747868400,1.191,1.218,1.187,1.197,111370.87
1747872000,1.197,1.229,1.193,1.225,368175.05
1747875600,1.228,1.246,1.215,1.218,157304.6
1747879200,1.219,1.228,1.214,1.224,83022.42
1747882800,1.223,1.285,1.214,1.238,379778.97
1747886400,1.237,1.27,1.234,1.266,132754.29
1747890000,1.267,1.272,1.232,1.244,108355.19
1747893600,1.244,1.265,1.235,1.248,45043.82
1747897200,1.253,1.269,1.249,1.263,36667.27
1747900800,1.261,1.272,1.255,1.266,67528.36
1747904400,1.266,1.289,1.259,1.272,178403.05
1747908000,1.273,1.285,1.265,1.272,61921.67
1747911600,1.272,1.277,1.251,1.271,73557.53
1747915200,1.269,1.289,1.264,1.282,253466.91
1747918800,1.281,1.297,1.267,1.291,346307.09
1747922400,1.292,1.436,1.292,1.433,1667383.3
1747926000,1.433,1.5,1.416,1.447,1129585.58
1747929600,1.449,1.556,1.438,1.519,1573603.41
1747933200,1.518,1.682,1.493,1.59,887713.8
1747936800,1.589,1.624,1.549,1.614,620151.9
1747940400,1.614,1.655,1.548,1.57,1189534.74
1747944000,1.571,1.641,1.51,1.546,913367.36
1747947600,1.546,1.553,1.478,1.486,573890.09
1747951200,1.488,1.531,1.477,1.5,339741.51
1747954800,1.504,1.53,1.477,1.516,408022.65
1747958400,1.516,1.552,1.498,1.526,315621.32
1747962000,1.527,1.554,1.514,1.535,309919.68
1747965600,1.534,1.607,1.526,1.568,706360.56
1747969200,1.569,1.6,1.569,1.576,262245.72
1747972800,1.578,1.583,1.52,1.551,328870.6
1747976400,1.552,1.578,1.523,1.575,129723.47
1747980000,1.574,1.58,1.52,1.543,193392
1747983600,1.546,1.585,1.535,1.546,156553.97
1747987200,1.547,1.548,1.52,1.54,93244.8
1747990800,1.54,1.568,1.523,1.564,122254.37
1747994400,1.565,1.574,1.539,1.564,121827.73
1747998000,1.563,1.577,1.443,1.452,541905.93
1748001600,1.457,1.488,1.411,1.45,885738.13
1748005200,1.45,1.502,1.438,1.495,462508.98
1748008800,1.497,1.583,1.493,1.553,925815.53
1748012400,1.553,1.569,1.503,1.516,395256.03
1748016000,1.516,1.554,1.505,1.53,388095.73
1748019600,1.532,1.561,1.516,1.523,272614.66
1748023200,1.521,1.555,1.498,1.498,192318.93
1748026800,1.5,1.524,1.478,1.48,262953.12
1748030400,1.478,1.482,1.409,1.419,580344.75
1748034000,1.419,1.438,1.401,1.412,350043.64
1748037600,1.412,1.42,1.352,1.363,352678.2
1748041200,1.363,1.375,1.335,1.354,332077.46
1748044800,1.355,1.403,1.347,1.389,312021.28
1748048400,1.389,1.402,1.371,1.382,154369.21
1748052000,1.382,1.393,1.374,1.392,81862.15
1748055600,1.392,1.434,1.387,1.429,201656.87
1748059200,1.428,1.436,1.418,1.425,74879.6
1748062800,1.423,1.429,1.406,1.427,15270.99
1748066400,1.426,1.435,1.411,1.417,28420.25
1748070000,1.416,1.425,1.408,1.415,76091.97
1748073600,1.415,1.422,1.395,1.416,23043.19
1748077200,1.411,1.469,1.411,1.445,60829.3
1748080800,1.442,1.486,1.438,1.482,63168.11
1748084400,1.482,1.494,1.467,1.467,46286.89
1748088000,1.467,1.529,1.459,1.517,637229.31
1748091600,1.518,1.518,1.469,1.471,188623.24
1748095200,1.471,1.509,1.468,1.496,274466.64
1748098800,1.497,1.506,1.456,1.467,179453.76
1748102400,1.466,1.473,1.45,1.459,49717.42
1748106000,1.463,1.475,1.389,1.424,287096.81
1748109600,1.423,1.439,1.411,1.415,50719.01
1748113200,1.414,1.424,1.41,1.415,32880.16
1748116800,1.415,1.426,1.405,1.408,91639.03
1748120400,1.41,1.411,1.385,1.393,56735.49
1748124000,1.395,1.4,1.382,1.396,119453.18
1748127600,1.394,1.415,1.388,1.406,197686.05
1748131200,1.407,1.42,1.365,1.383,445346.43
1748134800,1.381,1.39,1.368,1.375,61991.67
1748138400,1.378,1.39,1.363,1.382,85296.17
1748142000,1.381,1.411,1.381,1.405,116959.25
1748145600,1.404,1.406,1.386,1.396,47336.42
1748149200,1.395,1.404,1.388,1.402,70174.42
1748152800,1.404,1.404,1.385,1.386,20867.74
1748156400,1.384,1.384,1.359,1.362,71810.61
1748160000,1.363,1.369,1.353,1.359,19217.93
1748163600,1.358,1.375,1.347,1.37,83161.29
1748167200,1.369,1.375,1.35,1.357,33727.54
1748170800,1.353,1.367,1.353,1.363,31007.38
1748174400,1.361,1.385,1.353,1.384,97296.87
1748178000,1.385,1.387,1.373,1.376,72214.96
1748181600,1.374,1.377,1.354,1.358,55556.21
1748185200,1.358,1.364,1.314,1.345,202890.68
1748188800,1.341,1.342,1.315,1.329,94804.01
1748192400,1.33,1.337,1.324,1.331,45657.22
1748196000,1.331,1.346,1.323,1.335,97502.8
1748199600,1.334,1.368,1.333,1.357,50035.97
1748203200,1.357,1.359,1.342,1.344,13157.29
1748206800,1.345,1.353,1.33,1.345,51305.01
1748210400,1.346,1.417,1.342,1.417,136674.84
1748214000,1.418,1.431,1.398,1.421,152475.5
1748217600,1.424,1.454,1.417,1.446,154018.84
1748221200,1.45,1.468,1.43,1.448,152701.95
1748224800,1.449,1.449,1.424,1.428,81776.07
1748228400,1.428,1.449,1.414,1.423,96361.92
1748232000,1.425,1.437,1.422,1.429,23077.04
1748235600,1.428,1.446,1.425,1.44,55988.44
1748239200,1.439,1.46,1.437,1.457,82183.3
1748242800,1.459,1.471,1.429,1.447,153500.16
1748246400,1.449,1.452,1.408,1.418,59611.36
1748250000,1.419,1.424,1.397,1.403,64034.91
1748253600,1.404,1.404,1.383,1.387,47531.29
1748257200,1.389,1.396,1.381,1.384,37116.61
1748260800,1.385,1.39,1.373,1.388,59932.45
1748264400,1.389,1.393,1.355,1.36,169602.74
1748268000,1.359,1.367,1.347,1.355,218292.01
1748271600,1.357,1.392,1.355,1.383,299219.82
1748275200,1.383,1.39,1.346,1.359,73103.17
1748278800,1.359,1.365,1.343,1.351,162679.03
1748282400,1.351,1.366,1.345,1.345,59690.96
1748286000,1.345,1.351,1.341,1.345,48470.94
1748289600,1.347,1.36,1.342,1.357,105800.15
1748293200,1.357,1.365,1.346,1.358,57542.06
1748296800,1.358,1.371,1.355,1.362,17195.24
1748300400,1.358,1.371,1.357,1.364,35451.66
1748304000,1.368,1.378,1.349,1.356,114389.65
1748307600,1.351,1.352,1.331,1.349,71206.82
1748311200,1.349,1.377,1.348,1.367,34836.94
1748314800,1.368,1.396,1.367,1.383,177125.74
1748318400,1.384,1.392,1.375,1.376,29724.14
1748322000,1.378,1.447,1.369,1.42,79671.37
1748325600,1.418,1.439,1.409,1.409,61189.71
1748329200,1.412,1.43,1.405,1.417,62640.33
1748332800,1.417,1.425,1.412,1.421,37104.86
1748336400,1.422,1.446,1.417,1.442,73535.85
1748340000,1.441,1.441,1.401,1.411,49627.55
1748343600,1.409,1.412,1.387,1.402,128159.73
1748347200,1.406,1.416,1.404,1.412,40248.3
1748350800,1.41,1.437,1.396,1.401,256949.91
1748354400,1.403,1.407,1.372,1.392,389002.01
1748358000,1.39,1.4,1.375,1.397,156812.24
1748361600,1.398,1.418,1.383,1.417,90371.78
1748365200,1.417,1.442,1.417,1.421,186040.8
1748368800,1.424,1.428,1.414,1.416,38358.94
1748372400,1.415,1.43,1.41,1.415,37312.68
1748376000,1.415,1.421,1.4,1.412,55936.62
1748379600,1.413,1.422,1.399,1.406,35006.5
1748383200,1.408,1.42,1.39,1.409,93254.84
1748386800,1.41,1.417,1.4,1.405,196926.43
1748390400,1.404,1.421,1.384,1.421,130523.81
1748394000,1.421,1.422,1.399,1.406,28663.03
1748397600,1.406,1.415,1.384,1.386,56798.3
1748401200,1.388,1.407,1.383,1.407,31806.87
1748404800,1.405,1.407,1.392,1.394,340867.24
1748408400,1.394,1.401,1.382,1.387,31984
1748412000,1.387,1.389,1.366,1.367,99551.16
1748415600,1.367,1.377,1.362,1.364,33895.15
1748419200,1.362,1.371,1.355,1.368,21209.18
1748422800,1.364,1.364,1.348,1.351,50526.63
1748426400,1.351,1.362,1.343,1.362,77073.65
1748430000,1.361,1.375,1.357,1.375,79727.24
1748433600,1.376,1.394,1.371,1.383,25627.89
1748437200,1.383,1.386,1.35,1.351,42596.83
1748440800,1.351,1.355,1.33,1.33,140859.62
1748444400,1.33,1.336,1.306,1.317,455472.74
1748448000,1.318,1.338,1.315,1.331,180020.15
1748451600,1.332,1.346,1.329,1.338,147333.62
1748455200,1.337,1.349,1.32,1.322,130720.55
1748458800,1.321,1.333,1.3,1.313,158639.23
1748462400,1.31,1.326,1.307,1.324,79308.39
1748466000,1.323,1.35,1.32,1.348,50062.57
1748469600,1.35,1.353,1.337,1.348,118420.08
1748473200,1.347,1.381,1.345,1.358,276566.76
1748476800,1.36,1.381,1.348,1.378,109846.31
1748480400,1.377,1.382,1.361,1.371,47722.65
1748484000,1.373,1.4,1.366,1.4,48694.28
1748487600,1.401,1.401,1.376,1.38,68255.83
1748491200,1.381,1.381,1.343,1.357,64404.37
1748494800,1.359,1.367,1.354,1.358,93130.79
1748498400,1.358,1.371,1.358,1.366,31209.77
1748502000,1.365,1.369,1.351,1.355,116232.39
1748505600,1.356,1.37,1.347,1.368,64251.76
1748509200,1.368,1.368,1.351,1.355,26433.2
1748512800,1.356,1.359,1.348,1.352,16415.97
1748516400,1.353,1.36,1.348,1.356,19153.37
1748520000,1.356,1.356,1.33,1.338,47046.72
1748523600,1.34,1.347,1.32,1.327,57255.73
1748527200,1.328,1.339,1.309,1.337,94476.55
1748530800,1.336,1.34,1.322,1.326,154159.02
1748534400,1.325,1.338,1.32,1.325,93333.33
1748538000,1.325,1.335,1.323,1.327,14589.77
1748541600,1.329,1.341,1.329,1.33,48080.52
1748545200,1.33,1.333,1.311,1.319,136549.09
1748548800,1.321,1.335,1.309,1.313,259441.18
1748552400,1.316,1.33,1.315,1.327,44014.21
1748556000,1.326,1.327,1.31,1.312,74764.58
1748559600,1.314,1.319,1.305,1.31,78146.13
1748563200,1.309,1.324,1.206,1.222,571870.46
1748566800,1.225,1.254,1.223,1.24,319221.2
1748570400,1.241,1.263,1.239,1.247,126305.66
1748574000,1.245,1.254,1.242,1.249,39497.95
1748577600,1.246,1.249,1.238,1.245,62569.92
1748581200,1.244,1.252,1.239,1.245,35249.17
1748584800,1.246,1.246,1.219,1.227,79848.73
1748588400,1.23,1.251,1.229,1.24,17918.69
1748592000,1.24,1.24,1.221,1.224,78324.15
1748595600,1.225,1.241,1.205,1.226,218847.06
1748599200,1.224,1.224,1.208,1.212,51500.36
1748602800,1.213,1.22,1.21,1.217,27979.02
1748606400,1.215,1.236,1.195,1.231,244562.99
1748610000,1.232,1.241,1.212,1.215,122587.63
1748613600,1.215,1.223,1.2,1.213,111887.5
1748617200,1.214,1.225,1.208,1.21,78079.35
1748620800,1.21,1.219,1.167,1.183,415881.97
1748624400,1.183,1.199,1.18,1.194,92850.95
1748628000,1.193,1.212,1.188,1.21,48641.96
1748631600,1.209,1.217,1.203,1.213,107554.2
1748635200,1.212,1.213,1.201,1.203,60612.4
1748638800,1.203,1.21,1.188,1.19,38922.21
1748642400,1.193,1.194,1.137,1.137,156971.77
1748646000,1.139,1.142,1.109,1.129,220937.17
1748649600,1.128,1.132,1.095,1.098,139107.14
1748653200,1.097,1.105,1.073,1.096,132688.25
1748656800,1.095,1.105,1.084,1.086,67330.32
1748660400,1.088,1.101,1.076,1.099,53122.44
1748664000,1.099,1.116,1.092,1.116,150944.59
1748667600,1.116,1.118,1.105,1.106,63899.54
1748671200,1.106,1.122,1.106,1.12,13135.54
1748674800,1.119,1.143,1.117,1.142,67532.35
1748678400,1.143,1.164,1.134,1.156,46201.95
1748682000,1.157,1.159,1.138,1.14,34137.07
1748685600,1.14,1.145,1.125,1.132,67730.97
1748689200,1.136,1.136,1.123,1.127,27200.54
1748692800,1.127,1.155,1.125,1.152,33206.89
1748696400,1.151,1.167,1.143,1.145,199619.6
1748700000,1.146,1.16,1.146,1.153,72186.73
1748703600,1.153,1.173,1.14,1.144,37877.9
1748707200,1.143,1.162,1.139,1.149,41016.66
1748710800,1.153,1.154,1.136,1.138,24164.99
1748714400,1.138,1.152,1.138,1.149,14923.33
1748718000,1.149,1.154,1.142,1.143,17907.59
1748721600,1.145,1.149,1.14,1.148,45972.66
1748725200,1.148,1.156,1.144,1.15,13890.35
1748728800,1.149,1.149,1.138,1.141,26655.2
1748732400,1.139,1.147,1.134,1.138,6331.48
1748736000,1.138,1.144,1.126,1.14,17035.07
1748739600,1.139,1.148,1.124,1.125,55077.21
1748743200,1.123,1.139,1.116,1.132,101217.4
1748746800,1.129,1.133,1.12,1.125,30272.83
1748750400,1.124,1.14,1.12,1.134,13784.2
1748754000,1.133,1.139,1.127,1.132,13693.85
1748757600,1.131,1.137,1.126,1.132,49391.21
1748761200,1.128,1.135,1.124,1.127,16162.06
1748764800,1.125,1.126,1.115,1.117,13380.39
1748768400,1.122,1.124,1.1,1.103,26170.96
1748772000,1.107,1.114,1.104,1.114,12389.37
1748775600,1.113,1.124,1.11,1.116,10524.56
1748779200,1.117,1.12,1.105,1.108,13269.8
1748782800,1.108,1.128,1.108,1.12,37125.42
1748786400,1.125,1.144,1.125,1.137,36401.97
1748790000,1.137,1.143,1.126,1.138,40266.94
1748793600,1.14,1.157,1.14,1.149,66011.79
1748797200,1.149,1.152,1.142,1.144,54057.94
1748800800,1.142,1.143,1.117,1.13,34819.11
1748804400,1.131,1.143,1.131,1.142,64081.75
1748808000,1.143,1.149,1.136,1.144,10425.83
1748811600,1.143,1.158,1.143,1.157,13508.56
1748815200,1.158,1.165,1.156,1.163,28699.42
1748818800,1.164,1.182,1.164,1.167,169031.29
1748822400,1.168,1.169,1.156,1.16,63108.58
1748826000,1.16,1.168,1.149,1.15,17755.15
1748829600,1.15,1.15,1.136,1.139,23931.42
1748833200,1.139,1.143,1.13,1.138,16196.56
1748836800,1.138,1.14,1.13,1.13,57021.05
1748840400,1.132,1.142,1.125,1.132,7544.53
1748844000,1.132,1.144,1.126,1.14,3186.43
1748847600,1.141,1.15,1.139,1.141,3081.94
1748851200,1.141,1.15,1.127,1.132,8928.69
1748854800,1.127,1.127,1.115,1.119,9156.21
1748858400,1.117,1.124,1.113,1.116,26934.39
1748862000,1.118,1.124,1.114,1.118,12469.53
1748865600,1.117,1.128,1.109,1.123,23905.08
1748869200,1.124,1.143,1.121,1.129,10221.34
1748872800,1.126,1.148,1.12,1.137,85409.92
1748876400,1.137,1.143,1.127,1.132,66050.76
1748880000,1.133,1.133,1.117,1.13,62055.08
1748883600,1.131,1.133,1.119,1.129,6265.28
1748887200,1.131,1.144,1.127,1.127,7043.25
1748890800,1.129,1.135,1.114,1.123,19874.99
1748894400,1.124,1.148,1.124,1.147,33371.35
1748898000,1.148,1.177,1.148,1.173,149733.1
1748901600,1.175,1.192,1.174,1.175,42178.16
1748905200,1.177,1.194,1.176,1.19,52590.4
1748908800,1.188,1.232,1.186,1.217,81290.4
1748912400,1.218,1.242,1.211,1.239,92291.21
1748916000,1.24,1.247,1.211,1.221,75720.13
1748919600,1.221,1.221,1.194,1.194,40717.96
1748923200,1.195,1.195,1.181,1.184,48242.99
1748926800,1.188,1.204,1.188,1.201,18773.05
1748930400,1.203,1.206,1.19,1.204,11809.1
1748934000,1.207,1.208,1.197,1.201,9342.91
1748937600,1.202,1.203,1.179,1.192,8905.43
1748941200,1.192,1.206,1.189,1.202,9039.26
1748944800,1.2,1.209,1.197,1.205,3413.84
1748948400,1.208,1.221,1.208,1.214,12121.71
1748952000,1.214,1.228,1.211,1.226,27348.75
1748955600,1.227,1.233,1.211,1.22,62602.5
1748959200,1.22,1.226,1.205,1.226,41416.42
1748962800,1.227,1.237,1.216,1.232,81145.72
1748966400,1.235,1.237,1.211,1.211,21688.99
1748970000,1.211,1.231,1.211,1.22,8266.88
1748973600,1.22,1.222,1.207,1.214,41854.17
1748977200,1.215,1.251,1.215,1.237,68728.79
1748980800,1.237,1.24,1.196,1.211,70059.85
1748984400,1.21,1.214,1.184,1.192,66959.21
1748988000,1.192,1.201,1.19,1.195,16862.12
1748991600,1.194,1.198,1.188,1.189,45848.56
1748995200,1.19,1.195,1.172,1.189,57556.26
1748998800,1.193,1.214,1.193,1.199,63754.49
1749002400,1.201,1.209,1.194,1.195,17296.05
1749006000,1.196,1.21,1.195,1.198,12323.66
1749009600,1.198,1.199,1.187,1.192,3630.43
1749013200,1.193,1.196,1.186,1.188,3285.43
1749016800,1.188,1.191,1.181,1.186,44957.96
1749020400,1.187,1.19,1.179,1.182,14970.92
1749024000,1.183,1.192,1.181,1.186,20900.22
1749027600,1.185,1.192,1.174,1.19,2417.99
1749031200,1.191,1.192,1.167,1.167,10462.46
1749034800,1.166,1.172,1.157,1.158,20771.97
1749038400,1.158,1.16,1.146,1.153,57942.01
1749042000,1.151,1.162,1.147,1.15,43880.48
1749045600,1.148,1.159,1.138,1.159,56883.85
1749049200,1.16,1.178,1.155,1.173,28728.26
1749052800,1.175,1.177,1.161,1.171,9060.37
1749056400,1.171,1.171,1.153,1.157,74892.79
1749060000,1.159,1.172,1.159,1.163,13850.64
1749063600,1.163,1.167,1.154,1.154,5787.92
1749067200,1.153,1.153,1.134,1.146,38374.67
1749070800,1.146,1.162,1.137,1.156,40240.77
1749074400,1.154,1.159,1.145,1.146,46581.64
1749078000,1.145,1.145,1.129,1.132,136020.86
1749081600,1.132,1.142,1.126,1.14,57424.91
1749085200,1.139,1.147,1.126,1.132,87608.16
1749088800,1.135,1.148,1.134,1.134,20285.37
1749092400,1.133,1.137,1.13,1.135,21201.44
1749096000,1.135,1.142,1.133,1.135,31953.58
1749099600,1.136,1.136,1.114,1.12,36651.57
1749103200,1.121,1.125,1.118,1.123,14530.15
1749106800,1.124,1.136,1.123,1.132,26629.33
1749110400,1.133,1.133,1.121,1.124,3463.13
1749114000,1.127,1.131,1.119,1.123,35845.79
1749117600,1.123,1.124,1.107,1.114,17800.91
1749121200,1.114,1.116,1.109,1.116,25946.52
1749124800,1.115,1.142,1.114,1.138,32277.68
1749128400,1.138,1.143,1.099,1.104,51753.22
1749132000,1.104,1.118,1.087,1.111,44443.79
1749135600,1.112,1.12,1.107,1.107,33952.38
1749139200,1.109,1.109,1.083,1.085,175652.84
1749142800,1.087,1.096,1.08,1.089,184746.42
1749146400,1.089,1.09,1.077,1.084,48070.19
1749150000,1.085,1.086,1.043,1.054,107932.29
1749153600,1.057,1.058,1.017,1.018,383395.03
1749157200,1.018,1.041,1.014,1.037,243535.13
1749160800,1.036,1.042,1.029,1.036,198139.98
1749164400,1.037,1.043,1.034,1.035,108658.82
1749168000,1.035,1.05,1.03,1.047,90375.67
1749171600,1.048,1.051,1.042,1.043,74571.9
1749175200,1.043,1.046,1.034,1.045,32545.41
1749178800,1.044,1.058,1.04,1.056,82161.21
1749182400,1.054,1.059,1.049,1.054,26346.46
1749186000,1.054,1.067,1.054,1.058,125683.57
1749189600,1.057,1.068,1.055,1.066,34865.66
1749193200,1.067,1.067,1.053,1.057,10525.93
1749196800,1.057,1.063,1.056,1.058,6706.63
1749200400,1.058,1.065,1.055,1.056,58623.16
1749204000,1.058,1.06,1.05,1.052,25765.74
1749207600,1.051,1.061,1.047,1.051,27851
1749211200,1.053,1.07,1.052,1.054,22427.57
1749214800,1.056,1.078,1.054,1.07,283333.41
1749218400,1.071,1.098,1.068,1.087,128950.35
1749222000,1.086,1.097,1.074,1.086,38901.36
1749225600,1.085,1.095,1.075,1.083,99426.71
1749229200,1.085,1.086,1.071,1.078,43300.29
1749232800,1.076,1.077,1.065,1.067,19260.56
1749236400,1.067,1.071,1.059,1.063,36654.97
1749240000,1.062,1.074,1.06,1.067,67173.96
1749243600,1.066,1.072,1.061,1.066,30208.44
1749247200,1.067,1.07,1.06,1.07,15852.57
1749250800,1.069,1.069,1.062,1.064,4446.31
1749254400,1.063,1.082,1.059,1.082,112276.22
1749258000,1.083,1.085,1.073,1.078,17110.88
1749261600,1.076,1.091,1.074,1.091,7543.01
1749265200,1.089,1.11,1.089,1.106,123380.7
1749268800,1.107,1.112,1.098,1.112,4956.25
1749272400,1.112,1.119,1.107,1.116,67275.19
1749276000,1.116,1.129,1.11,1.126,32058.04
1749279600,1.13,1.133,1.119,1.132,21116.41
1749283200,1.133,1.135,1.124,1.124,8239.64
1749286800,1.123,1.126,1.116,1.118,3483.35
1749290400,1.121,1.142,1.121,1.139,50093.55
1749294000,1.138,1.139,1.128,1.13,29702.29
1749297600,1.132,1.14,1.127,1.131,53097.25
1749301200,1.131,1.134,1.124,1.132,35367.27
1749304800,1.132,1.132,1.12,1.121,16122.77
1749308400,1.121,1.121,1.114,1.12,18610.81
1749312000,1.119,1.122,1.107,1.108,22964.64
1749315600,1.111,1.113,1.1,1.102,166250.99
1749319200,1.104,1.115,1.104,1.113,34927.64
1749322800,1.114,1.124,1.114,1.121,19911.08
1749326400,1.122,1.124,1.117,1.118,9949.23
1749330000,1.121,1.127,1.119,1.123,15427.07
1749333600,1.125,1.137,1.119,1.128,49409.69
1749337200,1.124,1.126,1.121,1.122,15036.17
1749340800,1.123,1.123,1.113,1.116,8511.21
1749344400,1.115,1.127,1.113,1.124,10294.87
1749348000,1.123,1.123,1.114,1.114,23126.03
1749351600,1.114,1.116,1.111,1.114,80116.74
1749355200,1.111,1.119,1.11,1.115,25169.68
1749358800,1.116,1.117,1.105,1.105,14199.69
1749362400,1.107,1.109,1.103,1.103,7156.04
1749366000,1.103,1.106,1.096,1.099,10744.88
1749369600,1.1,1.105,1.099,1.102,15569.1
1749373200,1.1,1.102,1.092,1.097,11057.51
1749376800,1.096,1.1,1.092,1.099,2900.15
1749380400,1.1,1.113,1.1,1.111,72456.87
1749384000,1.111,1.114,1.099,1.102,2031.2
1749387600,1.104,1.115,1.095,1.101,14824.72
1749391200,1.101,1.11,1.101,1.11,7442.94
1749394800,1.11,1.115,1.101,1.103,12623.74
1749398400,1.104,1.12,1.104,1.116,115255.99
1749402000,1.117,1.126,1.112,1.112,10366.23
1749405600,1.113,1.117,1.109,1.115,5922.01
1749409200,1.117,1.12,1.114,1.12,35527.64
1749412800,1.12,1.126,1.117,1.119,44799.41
1749416400,1.122,1.146,1.122,1.141,76862.67
1749420000,1.139,1.139,1.113,1.114,18838.51
1749423600,1.113,1.113,1.102,1.107,71411.76
1749427200,1.107,1.118,1.101,1.109,125255.38
1749430800,1.109,1.113,1.1,1.1,7516.38
1749434400,1.103,1.107,1.094,1.096,30633.88
1749438000,1.1,1.1,1.088,1.096,53398.56
1749441600,1.097,1.101,1.084,1.086,31286.24
1749445200,1.086,1.087,1.075,1.075,31523.01
1749448800,1.075,1.085,1.069,1.084,141771.06
1749452400,1.083,1.084,1.072,1.083,10933.38
1749456000,1.082,1.091,1.075,1.09,39295.71
1749459600,1.092,1.123,1.09,1.12,43636.71
1749463200,1.123,1.145,1.119,1.137,70439.66
1749466800,1.136,1.142,1.128,1.137,51794.94
1749470400,1.137,1.137,1.125,1.134,61919.81
1749474000,1.134,1.135,1.095,1.096,67548.82
1749477600,1.097,1.11,1.089,1.103,230781.97
1749481200,1.102,1.121,1.102,1.107,85651.14
1749484800,1.106,1.131,1.106,1.12,180838.22
1749488400,1.121,1.129,1.114,1.118,9572.87
1749492000,1.119,1.123,1.116,1.122,67493.16
1749495600,1.123,1.125,1.11,1.114,26470.95
1749499200,1.115,1.123,1.114,1.121,51729.78
1749502800,1.121,1.162,1.121,1.152,55168.66
1749506400,1.155,1.17,1.151,1.166,187439.59
1749510000,1.168,1.17,1.158,1.165,46044.59
1749513600,1.165,1.178,1.157,1.16,53977.41
1749517200,1.16,1.163,1.155,1.158,79562.85
1749520800,1.157,1.157,1.143,1.143,73958.31
1749524400,1.145,1.147,1.137,1.142,19820.21
1749528000,1.143,1.144,1.131,1.135,52610.67
1749531600,1.136,1.142,1.119,1.124,128358.47
1749535200,1.121,1.139,1.118,1.132,31353.93
1749538800,1.133,1.147,1.132,1.142,16707.19
1749542400,1.144,1.147,1.127,1.13,30909.45
1749546000,1.128,1.149,1.128,1.149,42762.54
1749549600,1.148,1.148,1.133,1.142,6383.6
1749553200,1.143,1.182,1.133,1.181,77432.05
1749556800,1.18,1.194,1.167,1.192,88586.52
1749560400,1.192,1.196,1.151,1.166,58283.72
1749564000,1.167,1.168,1.136,1.143,118294.3
1749567600,1.141,1.154,1.126,1.145,38479.44
1749571200,1.146,1.151,1.133,1.135,36224.45
1749574800,1.135,1.146,1.129,1.132,147982.64
1749578400,1.132,1.156,1.129,1.154,11412.54
1749582000,1.154,1.177,1.15,1.158,106302.97
1749585600,1.156,1.163,1.141,1.163,49237.64
1749589200,1.163,1.165,1.145,1.154,58348.3
1749592800,1.156,1.178,1.156,1.177,24985.98
1749596400,1.174,1.182,1.168,1.18,77241.64
1749600000,1.18,1.189,1.164,1.165,146894.3
1749603600,1.165,1.166,1.152,1.154,91537.59
1749607200,1.156,1.165,1.151,1.16,11297.66
1749610800,1.159,1.183,1.157,1.162,97251.18
1749614400,1.162,1.176,1.159,1.161,27124.62
1749618000,1.162,1.166,1.159,1.162,17326.65
1749621600,1.164,1.172,1.163,1.169,20377.49
1749625200,1.171,1.178,1.164,1.168,24559.25
1749628800,1.17,1.172,1.156,1.157,10365.4
1749632400,1.157,1.161,1.14,1.144,25049.87
1749636000,1.145,1.151,1.138,1.151,37798.61
1749639600,1.151,1.151,1.132,1.149,31323.45
1749643200,1.144,1.173,1.136,1.171,54948.28
1749646800,1.172,1.182,1.166,1.175,64168.49
1749650400,1.175,1.211,1.174,1.209,249518.27
1749654000,1.21,1.219,1.188,1.199,231876.56
1749657600,1.198,1.205,1.189,1.194,118272.76
1749661200,1.197,1.197,1.171,1.173,31621.87
1749664800,1.172,1.174,1.158,1.16,99786.36
1749668400,1.158,1.159,1.139,1.141,57703.73
1749672000,1.141,1.153,1.133,1.144,60297.74
1749675600,1.146,1.163,1.108,1.113,139645.79
1749679200,1.112,1.118,1.098,1.106,122772.28
1749682800,1.109,1.124,1.109,1.122,27718.11
1749686400,1.12,1.124,1.102,1.116,17348.96
1749690000,1.113,1.117,1.105,1.112,21362.54
1749693600,1.111,1.119,1.104,1.107,55871.64
1749697200,1.107,1.111,1.095,1.103,33120.03
1749700800,1.104,1.111,1.102,1.111,19947.22
1749704400,1.11,1.122,1.104,1.111,160146.78
1749708000,1.11,1.12,1.101,1.112,80786.24
1749711600,1.11,1.113,1.098,1.099,65028.91
1749715200,1.099,1.1,1.089,1.096,44239.58
1749718800,1.096,1.098,1.09,1.092,7736.32
1749722400,1.091,1.092,1.08,1.085,38449.39
1749726000,1.083,1.086,1.075,1.078,12724
1749729600,1.078,1.093,1.074,1.088,21699.9
1749733200,1.086,1.095,1.082,1.089,18394.53
1749736800,1.09,1.107,1.09,1.099,203095.75
1749740400,1.101,1.105,1.058,1.061,174318.84
1749744000,1.064,1.082,1.064,1.078,104500.83
1749747600,1.076,1.095,1.076,1.088,32713.04
1749751200,1.087,1.089,1.063,1.072,204302.64
1749754800,1.069,1.075,1.043,1.049,71594.13
1749758400,1.05,1.052,1.018,1.024,65306.81
1749762000,1.024,1.038,1.02,1.02,155980.02
1749765600,1.02,1.03,1.02,1.029,33527.1
1749769200,1.027,1.037,1.026,1.032,66923.5
1749772800,1.029,1.029,0.957,0.976,786494.23
1749776400,0.975,0.976,0.94,0.952,168080.67
1749780000,0.952,0.956,0.936,0.952,106660.71
1749783600,0.953,0.987,0.948,0.974,257081.35
1749787200,0.971,0.973,0.962,0.971,51830.12
1749790800,0.97,0.971,0.961,0.961,21231.21
1749794400,0.96,0.97,0.954,0.97,30070.83
1749798000,0.969,0.972,0.959,0.971,39542.48
1749801600,0.97,0.99,0.97,0.981,32129.56
1749805200,0.978,0.981,0.971,0.974,11204.98
1749808800,0.979,0.979,0.966,0.975,22188.23
1749812400,0.973,0.98,0.966,0.979,32281.52
1749816000,0.978,0.984,0.965,0.968,202706.99
1749819600,0.967,0.982,0.963,0.97,42555.8
1749823200,0.971,0.975,0.955,0.968,56041.49
1749826800,0.968,0.992,0.965,0.984,94180.15
1749830400,0.982,1.003,0.982,0.996,102645.88
1749834000,0.995,0.997,0.981,0.993,47272.64
1749837600,0.992,0.995,0.968,0.976,116326.77
1749841200,0.977,0.981,0.965,0.978,211717.68
1749844800,0.98,0.995,0.977,0.992,33224.2
1749848400,0.988,0.997,0.984,0.993,29613.41
1749852000,0.994,0.999,0.989,0.994,28840.32
1749855600,0.994,1.004,0.992,1.004,28049.87
1749859200,1.005,1.008,0.996,0.996,113004.01
1749862800,0.996,0.997,0.986,0.989,34807.5
1749866400,0.988,0.995,0.986,0.99,27099.01
1749870000,0.99,0.997,0.989,0.991,20621.14
1749873600,0.99,0.999,0.99,0.994,12982.65
1749877200,0.995,0.997,0.99,0.993,16201.66
1749880800,0.993,0.997,0.987,0.987,6269.86
1749884400,0.988,0.994,0.982,0.993,3854.62
1749888000,0.989,0.99,0.983,0.988,2697.89
1749891600,0.987,0.99,0.985,0.986,7584.78
1749895200,0.985,0.99,0.983,0.987,6687.36
1749898800,0.988,0.992,0.985,0.987,12909.97
1749902400,0.988,0.99,0.979,0.99,81678.8
1749906000,0.99,0.994,0.986,0.99,4843.42
1749909600,0.992,0.992,0.983,0.985,8322.33
1749913200,0.985,0.986,0.967,0.975,28498.58
1749916800,0.973,0.979,0.958,0.963,21848.74
1749920400,0.963,0.975,0.959,0.972,10950.7
1749924000,0.974,0.979,0.957,0.968,27140.48
1749927600,0.967,0.973,0.963,0.963,18103.23
1749931200,0.964,0.967,0.955,0.964,14617.6
1749934800,0.965,0.98,0.962,0.98,49459.36
1749938400,0.981,0.983,0.974,0.978,21877.46
1749942000,0.981,0.981,0.975,0.975,15644.08
1749945600,0.978,0.989,0.977,0.986,10021.01
1749949200,0.986,0.986,0.977,0.979,8057.97
1749952800,0.978,0.983,0.978,0.978,14702.58
1749956400,0.98,0.983,0.977,0.979,7816.64
1749960000,0.98,0.985,0.979,0.983,5905.34
1749963600,0.984,0.992,0.978,0.988,28167.13
1749967200,0.988,0.989,0.977,0.977,17848.3
1749970800,0.976,0.978,0.971,0.978,2765.86
1749974400,0.976,0.976,0.973,0.975,6655.34
1749978000,0.974,0.974,0.967,0.968,9115.75
1749981600,0.971,0.981,0.971,0.981,2670.54
1749985200,0.982,0.982,0.968,0.977,129997.55
1749988800,0.977,0.982,0.975,0.982,6694.54
1749992400,0.982,0.987,0.976,0.987,24143.12
1749996000,0.983,0.997,0.978,0.992,10931.99
1749999600,0.993,0.993,0.981,0.983,6542.47
1750003200,0.985,0.988,0.976,0.979,60911.4
1750006800,0.979,0.981,0.973,0.979,45480.36
1750010400,0.979,0.979,0.971,0.978,12589
1750014000,0.978,0.981,0.969,0.971,6337.32
1750017600,0.973,0.973,0.957,0.959,63040.79
1750021200,0.961,0.967,0.955,0.967,15188.12
1750024800,0.967,0.983,0.966,0.98,33406.38
1750028400,0.979,0.982,0.976,0.982,11158.89
1750032000,0.981,0.982,0.972,0.977,6655.07
1750035600,0.976,0.986,0.964,0.985,90747.49
1750039200,0.987,0.995,0.987,0.987,15313.7
1750042800,0.988,0.992,0.985,0.988,32385
1750046400,0.987,0.999,0.987,0.996,17183.71
1750050000,0.996,1.014,0.995,1.007,37945.82
1750053600,1.007,1.02,1.005,1.014,43045.52
1750057200,1.015,1.021,1.012,1.019,28218.9
1750060800,1.019,1.019,1.01,1.016,48009.44
1750064400,1.016,1.022,1.014,1.018,21846.8
1750068000,1.018,1.019,1.005,1.008,14424.46
1750071600,1.008,1.011,1,1.008,11071.04
1750075200,1.009,1.012,1.001,1.008,66855.15
1750078800,1.01,1.018,1.005,1.018,32280.03
1750082400,1.019,1.028,1.013,1.014,200196.52
1750086000,1.016,1.017,1.008,1.011,47450.96
1750089600,1.011,1.018,1.009,1.012,41981.49
1750093200,1.012,1.015,1.007,1.008,29280.07
1750096800,1.01,1.017,1.008,1.017,6510.69
1750100400,1.016,1.025,1.012,1.015,40852.99
1750104000,1.014,1.023,1.011,1.02,11776.6
1750107600,1.02,1.022,1.011,1.016,105770.93
1750111200,1.018,1.02,0.968,0.984,59125.38
1750114800,0.981,0.989,0.957,0.959,130592.93
1750118400,0.96,0.96,0.918,0.95,142757.87
1750122000,0.952,0.962,0.947,0.95,22151.15
1750125600,0.95,0.963,0.942,0.962,43507.77
1750129200,0.96,0.967,0.956,0.961,33183.42
1750132800,0.961,0.963,0.954,0.956,5168.56
1750136400,0.956,0.959,0.947,0.95,33788.37
1750140000,0.949,0.952,0.94,0.945,21587.91
1750143600,0.945,0.952,0.944,0.947,10732.27
1750147200,0.946,0.946,0.933,0.935,31749.2
1750150800,0.936,0.944,0.935,0.936,4574.96
1750154400,0.937,0.939,0.929,0.938,38614.71
1750158000,0.939,0.939,0.928,0.931,37263.66
1750161600,0.931,0.934,0.926,0.931,48456.44
1750165200,0.929,0.938,0.926,0.932,37031.14
1750168800,0.934,0.945,0.926,0.926,68478.3
1750172400,0.925,0.926,0.908,0.916,135860.57
1750176000,0.916,0.919,0.893,0.894,146495.99
1750179600,0.893,0.913,0.891,0.909,146194.36
1750183200,0.907,0.914,0.902,0.914,32941.74
1750186800,0.915,0.936,0.915,0.928,49896.14
1750190400,0.927,0.93,0.919,0.92,16566.79
1750194000,0.92,0.923,0.912,0.917,69829.32
1750197600,0.916,0.917,0.905,0.906,19655.66
1750201200,0.906,0.919,0.906,0.911,10113.74
1750204800,0.911,0.92,0.909,0.918,11517.92
1750208400,0.919,0.924,0.914,0.915,9879.34
1750212000,0.915,0.92,0.91,0.916,4946.49
1750215600,0.915,0.925,0.915,0.921,6192.36
1750219200,0.924,0.932,0.922,0.927,21001.94
1750222800,0.926,0.932,0.925,0.926,22319.23
1750226400,0.925,0.928,0.92,0.921,6299.26
1750230000,0.921,0.922,0.918,0.92,2787.74
1750233600,0.923,0.923,0.907,0.908,19088.15
1750237200,0.911,0.912,0.899,0.904,10210.57
1750240800,0.903,0.903,0.881,0.884,32850.81
1750244400,0.883,0.898,0.881,0.896,47340.08
1750248000,0.896,0.898,0.888,0.888,23823.54
1750251600,0.888,0.89,0.868,0.89,42676.45
1750255200,0.89,0.914,0.888,0.903,101721.02
1750258800,0.904,0.914,0.898,0.909,37025.33
1750262400,0.908,0.908,0.896,0.901,9044.3
1750266000,0.9,0.915,0.893,0.909,37858.65
1750269600,0.91,0.919,0.898,0.898,25392.18
1750273200,0.897,0.915,0.896,0.904,46648.22
1750276800,0.904,0.97,0.901,0.951,350598.43
1750280400,0.951,0.955,0.938,0.948,92042
1750284000,0.95,0.95,0.941,0.947,37048.16
1750287600,0.949,0.96,0.946,0.956,18838.72
1750291200,0.956,0.972,0.948,0.959,42400.71
1750294800,0.958,0.958,0.942,0.942,33265.39
1750298400,0.943,0.947,0.937,0.938,42476.74
1750302000,0.938,0.947,0.938,0.943,22078.65
1750305600,0.942,0.946,0.939,0.946,22093.26
1750309200,0.946,0.956,0.944,0.944,16451.57
1750312800,0.943,0.947,0.937,0.941,28441.03
1750316400,0.942,0.944,0.933,0.934,17135.37
1750320000,0.936,0.94,0.935,0.936,2630.58
1750323600,0.935,0.943,0.935,0.94,5941.21
1750327200,0.941,0.941,0.927,0.931,8213.93
1750330800,0.93,0.93,0.921,0.924,41893.09
1750334400,0.923,0.93,0.92,0.926,6742.17
1750338000,0.926,0.93,0.924,0.928,38153.45
1750341600,0.928,0.936,0.927,0.935,49251.91
1750345200,0.933,0.935,0.927,0.932,29908.08
1750348800,0.933,0.939,0.922,0.924,63748.37
1750352400,0.926,0.941,0.921,0.935,7942.15
1750356000,0.936,0.944,0.927,0.933,7464.19
1750359600,0.934,0.938,0.929,0.929,14102.37
1750363200,0.931,0.935,0.925,0.928,22949.73
1750366800,0.927,0.932,0.924,0.928,31134.5
1750370400,0.931,0.939,0.93,0.933,28538.36
1750374000,0.932,0.933,0.928,0.932,25480.15
1750377600,0.932,0.938,0.932,0.936,18069.32
1750381200,0.935,0.935,0.927,0.935,6256.36
1750384800,0.935,0.937,0.926,0.927,6013
1750388400,0.926,0.93,0.924,0.927,4934.25
1750392000,0.925,0.926,0.913,0.913,3826.21
1750395600,0.915,0.92,0.91,0.919,24672.6
1750399200,0.918,0.927,0.918,0.925,1084.28
1750402800,0.923,0.947,0.923,0.941,58138.93
1750406400,0.942,0.949,0.935,0.937,16969.9
1750410000,0.941,0.942,0.933,0.938,3038.25
1750413600,0.937,0.942,0.933,0.937,4282.11
1750417200,0.937,0.94,0.934,0.939,2613.39
1750420800,0.938,0.941,0.934,0.938,24211.58
1750424400,0.937,0.942,0.926,0.932,76512.78
1750428000,0.928,0.934,0.9,0.903,33763.48
1750431600,0.902,0.964,0.901,0.924,628631.24
1750435200,0.924,0.928,0.893,0.901,437856.67
1750438800,0.903,0.904,0.873,0.895,191793.07
1750442400,0.894,0.907,0.894,0.897,34706.88
1750446000,0.899,0.899,0.881,0.889,73912.6
1750449600,0.89,0.902,0.89,0.894,10414.37
1750453200,0.894,0.895,0.885,0.886,50393.86
1750456800,0.884,0.885,0.872,0.877,190310.43
1750460400,0.877,0.886,0.874,0.885,28078.69
1750464000,0.887,0.893,0.884,0.888,28908.32
1750467600,0.887,0.895,0.886,0.889,11570.35
1750471200,0.89,0.893,0.886,0.888,2074.33
1750474800,0.889,0.896,0.889,0.89,38420.25
1750478400,0.89,0.891,0.887,0.888,10158.41
1750482000,0.89,0.894,0.887,0.889,6221.05
1750485600,0.89,0.891,0.887,0.89,7386.97
1750489200,0.887,0.891,0.884,0.89,58346.53
1750492800,0.891,0.896,0.886,0.896,7356.21
1750496400,0.894,0.894,0.887,0.889,2105.03
1750500000,0.888,0.89,0.879,0.881,1676.3
1750503600,0.883,0.884,0.879,0.879,32344.59
1750507200,0.882,0.884,0.869,0.87,16285.62
1750510800,0.87,0.874,0.857,0.862,66245.56
1750514400,0.862,0.864,0.851,0.856,12147.99
1750518000,0.857,0.858,0.845,0.856,55737.69
1750521600,0.857,0.86,0.848,0.854,33192.68
1750525200,0.855,0.855,0.835,0.841,242974.86
1750528800,0.841,0.846,0.835,0.836,79677.71
1750532400,0.837,0.84,0.83,0.833,233389.74
1750536000,0.834,0.847,0.833,0.846,39757.89
1750539600,0.846,0.848,0.8,0.818,76122.64
1750543200,0.82,0.841,0.819,0.84,33768.58
1750546800,0.842,0.868,0.836,0.868,127022.96
1750550400,0.868,0.885,0.857,0.87,248722.15
1750554000,0.869,0.87,0.858,0.86,23708.25
1750557600,0.858,0.862,0.849,0.855,20628.52
1750561200,0.854,0.857,0.849,0.853,18974.94
1750564800,0.852,0.861,0.847,0.849,8246.61
1750568400,0.851,0.854,0.846,0.851,19543.21
1750572000,0.847,0.863,0.847,0.857,33892.62
1750575600,0.86,0.86,0.847,0.85,37179.08
1750579200,0.852,0.854,0.847,0.85,10696.38
1750582800,0.851,0.852,0.832,0.836,10034.14
1750586400,0.837,0.845,0.837,0.84,14702.29
1750590000,0.843,0.853,0.837,0.838,120358.48
1750593600,0.838,0.843,0.826,0.837,30392.57
1750597200,0.837,0.838,0.793,0.808,123518.42
1750600800,0.807,0.814,0.787,0.813,161020.6
1750604400,0.813,0.816,0.796,0.797,207616.32
1750608000,0.796,0.8,0.785,0.792,44903.72
1750611600,0.789,0.803,0.78,0.796,113335.68
1750615200,0.796,0.803,0.792,0.796,22751.33
1750618800,0.796,0.801,0.789,0.795,25111.52
1750622400,0.793,0.806,0.772,0.803,107687.23
1750626000,0.805,0.812,0.797,0.8,90993
1750629600,0.8,0.833,0.8,0.831,650465.42
1750633200,0.832,0.834,0.827,0.829,28675.01
1750636800,0.829,0.838,0.827,0.83,68931.67
1750640400,0.831,0.835,0.827,0.835,24262.52
1750644000,0.835,0.836,0.825,0.825,18535.88
1750647600,0.824,0.828,0.821,0.824,67770.15
1750651200,0.823,0.826,0.82,0.826,103406.04
1750654800,0.826,0.832,0.825,0.83,58745.63
1750658400,0.83,0.834,0.826,0.831,27810.98
1750662000,0.833,0.841,0.829,0.832,13813.87
1750665600,0.832,0.834,0.825,0.83,26248.17
1750669200,0.829,0.83,0.824,0.827,3855.32
1750672800,0.826,0.829,0.819,0.822,14379.91
1750676400,0.822,0.823,0.817,0.823,130241.37
1750680000,0.824,0.834,0.818,0.834,54833.92
1750683600,0.834,0.847,0.819,0.845,103517.21
1750687200,0.846,0.858,0.837,0.84,191681.07
1750690800,0.839,0.844,0.825,0.826,199092.5
1750694400,0.826,0.827,0.798,0.81,478563.82
1750698000,0.81,0.85,0.808,0.845,119209.79
1750701600,0.846,0.86,0.846,0.855,220688.11
1750705200,0.854,0.864,0.854,0.863,26562.73
1750708800,0.862,0.893,0.861,0.887,187975.46
1750712400,0.887,0.89,0.874,0.877,96180.41
1750716000,0.878,0.922,0.877,0.918,190932.47
1750719600,0.918,0.933,0.914,0.925,120884.99
1750723200,0.926,0.933,0.912,0.918,129364.41
1750726800,0.919,0.931,0.914,0.931,139946.05
1750730400,0.931,0.934,0.92,0.927,67737.08
1750734000,0.928,0.938,0.926,0.933,47480.25
1750737600,0.935,0.94,0.93,0.932,50372.49
1750741200,0.934,0.957,0.932,0.955,32274.86
1750744800,0.955,0.959,0.951,0.956,43537.56
1750748400,0.953,0.958,0.933,0.934,27350.05
1750752000,0.934,0.942,0.928,0.934,53084.61
1750755600,0.935,0.948,0.931,0.936,43734.68
1750759200,0.937,0.937,0.925,0.927,21846.42
1750762800,0.929,0.93,0.919,0.926,17090.24
1750766400,0.928,0.933,0.923,0.925,179841.83
1750770000,0.926,0.931,0.919,0.924,27073.69
1750773600,0.924,0.936,0.923,0.927,33110.36
1750777200,0.929,0.933,0.918,0.922,34292.01
1750780800,0.925,0.939,0.922,0.939,22747.41
1750784400,0.939,0.94,0.915,0.92,184535.97
1750788000,0.921,0.922,0.913,0.914,28341.34
1750791600,0.913,0.916,0.906,0.913,28479.56
1750795200,0.912,0.925,0.909,0.925,30271.07
1750798800,0.921,0.927,0.916,0.926,18879.71
1750802400,0.925,0.927,0.92,0.925,11453.7
1750806000,0.924,0.932,0.917,0.932,19175.52
1750809600,0.929,0.935,0.927,0.933,101623.99
1750813200,0.933,0.939,0.926,0.933,36706.81
1750816800,0.931,0.939,0.925,0.928,9474.32
1750820400,0.929,0.935,0.927,0.928,24435.09
1750824000,0.929,0.93,0.922,0.922,45608.53
1750827600,0.921,0.923,0.915,0.917,33285.98
1750831200,0.916,0.923,0.914,0.921,9516.87
1750834800,0.918,0.927,0.917,0.922,9726.71
1750838400,0.923,0.923,0.907,0.912,10053.1
1750842000,0.912,0.92,0.901,0.905,18212.78
1750845600,0.907,0.911,0.903,0.908,8336.02
1750849200,0.908,0.917,0.896,0.917,162038.03
1750852800,0.917,0.917,0.906,0.907,23501.49
1750856400,0.908,0.924,0.907,0.921,14867.85
1750860000,0.92,0.922,0.899,0.913,31151.3
1750863600,0.913,0.913,0.894,0.896,71549.93
1750867200,0.896,0.902,0.887,0.89,83294.93
1750870800,0.89,0.905,0.886,0.897,36518.2
1750874400,0.896,0.896,0.888,0.89,28283.66
1750878000,0.89,0.902,0.89,0.892,60490.87
1750881600,0.891,0.899,0.89,0.899,13079.71
1750885200,0.899,0.903,0.885,0.887,28167.07
1750888800,0.885,0.888,0.877,0.88,18528.85
1750892400,0.88,0.886,0.877,0.886,69357.92
1750896000,0.885,0.89,0.881,0.885,54756.86
1750899600,0.885,0.905,0.882,0.896,25199.53
1750903200,0.899,0.906,0.891,0.905,32010.26
1750906800,0.905,0.914,0.891,0.892,10386.3
1750910400,0.893,0.895,0.885,0.89,3486.81
1750914000,0.888,0.888,0.882,0.887,1694.28
1750917600,0.885,0.894,0.885,0.893,6458.43
1750921200,0.893,0.901,0.892,0.896,5245.96
1750924800,0.899,0.9,0.889,0.889,1210.78
1750928400,0.888,0.89,0.879,0.881,2075.18
1750932000,0.878,0.884,0.878,0.882,15568.35
1750935600,0.88,0.882,0.876,0.878,21233.77
1750939200,0.876,0.878,0.865,0.866,19559.4
1750942800,0.864,0.866,0.853,0.857,25646
1750946400,0.858,0.874,0.854,0.867,61343.03
1750950000,0.868,0.873,0.859,0.867,17411.27
1750953600,0.87,0.87,0.858,0.859,40264.21
1750957200,0.861,0.868,0.86,0.861,23162.02
1750960800,0.864,0.871,0.864,0.871,15067.51
1750964400,0.87,0.879,0.866,0.875,18403.18
1750968000,0.874,0.896,0.874,0.881,100890.54
1750971600,0.881,0.881,0.864,0.873,42432.34
1750975200,0.874,0.878,0.866,0.867,13952.54
1750978800,0.866,0.867,0.862,0.864,10238.36
1750982400,0.865,0.87,0.857,0.858,11372.54
1750986000,0.857,0.871,0.852,0.87,25149.52
1750989600,0.868,0.875,0.867,0.872,18244.29
1750993200,0.872,0.872,0.866,0.87,6197.85
1750996800,0.87,0.871,0.865,0.868,31128.52
1751000400,0.87,0.887,0.865,0.867,31967.71
1751004000,0.866,0.875,0.864,0.87,16037.12
1751007600,0.871,0.875,0.856,0.86,32162.12
1751011200,0.861,0.878,0.861,0.872,7167.79
1751014800,0.873,0.875,0.867,0.871,6538.22
1751018400,0.868,0.869,0.861,0.861,3452.34
1751022000,0.862,0.866,0.861,0.865,9238.42
1751025600,0.866,0.871,0.855,0.856,53733.87
1751029200,0.858,0.867,0.857,0.866,18346.65
1751032800,0.868,0.873,0.86,0.862,29711.13
1751036400,0.861,0.876,0.859,0.874,12105.87
1751040000,0.873,0.888,0.87,0.877,30770.27
1751043600,0.876,0.876,0.859,0.864,25075.1
1751047200,0.865,0.865,0.853,0.856,41507.48
1751050800,0.856,0.862,0.854,0.859,63273.41
1751054400,0.859,0.869,0.859,0.868,11213.79
1751058000,0.868,0.873,0.864,0.87,33391.46
1751061600,0.873,0.876,0.871,0.876,16771.07
1751065200,0.875,0.876,0.869,0.874,30871.87
1751068800,0.875,0.876,0.872,0.874,11514.95
1751072400,0.874,0.884,0.867,0.879,85317.52
1751076000,0.879,0.88,0.873,0.874,10207.11
1751079600,0.874,0.877,0.873,0.877,8416.3
1751083200,0.876,0.879,0.871,0.871,12681.62
1751086800,0.876,0.88,0.874,0.876,13376.41
1751090400,0.877,0.878,0.874,0.878,5543.67
1751094000,0.877,0.882,0.876,0.882,4625.83
1751097600,0.881,0.886,0.872,0.874,83391.93
1751101200,0.872,0.876,0.87,0.876,10979.87
1751104800,0.872,0.873,0.868,0.87,4008.98
1751108400,0.871,0.873,0.869,0.87,10284.58
1751112000,0.87,0.875,0.868,0.874,7719.39
1751115600,0.875,0.877,0.87,0.871,102097.59
1751119200,0.872,0.875,0.872,0.874,7409.15
1751122800,0.874,0.882,0.873,0.882,26780.66
1751126400,0.881,0.888,0.878,0.88,19627.42
1751130000,0.881,0.89,0.877,0.889,11235.34
1751133600,0.89,0.89,0.884,0.889,25350.04
1751137200,0.888,0.894,0.887,0.887,37853.24
1751140800,0.888,0.89,0.885,0.886,35158.46
1751144400,0.887,0.895,0.886,0.895,34043.94
1751148000,0.894,0.905,0.894,0.902,53221.21
1751151600,0.903,0.904,0.895,0.897,7812.01
1751155200,0.897,0.904,0.894,0.901,67445.25
1751158800,0.9,0.9,0.888,0.888,2905.76
1751162400,0.889,0.892,0.886,0.892,2064.16
1751166000,0.893,0.896,0.891,0.892,6781.16
1751169600,0.893,0.894,0.892,0.894,2016.49
1751173200,0.894,0.894,0.888,0.889,32068.33
1751176800,0.89,0.895,0.89,0.895,3006.67
1751180400,0.895,0.899,0.892,0.899,2126.56
1751184000,0.9,0.904,0.896,0.903,5036.3
1751187600,0.904,0.908,0.9,0.903,2605.94
1751191200,0.901,0.904,0.899,0.903,5579.16
1751194800,0.9,0.904,0.9,0.904,6209.07
1751198400,0.902,0.908,0.898,0.904,79279.08
1751202000,0.904,0.909,0.9,0.9,21002.36
1751205600,0.901,0.904,0.893,0.893,11510.3
1751209200,0.893,0.893,0.887,0.889,22148.84
1751212800,0.891,0.896,0.888,0.896,2153.58
1751216400,0.895,0.897,0.89,0.895,32809.84
1751220000,0.895,0.9,0.892,0.9,63165.12
1751223600,0.901,0.904,0.899,0.904,6011.99
1751227200,0.903,0.907,0.903,0.904,3015.58
1751230800,0.902,0.921,0.897,0.919,49733.73
1751234400,0.921,0.959,0.921,0.955,104133.75
1751238000,0.955,0.957,0.942,0.942,23562.31
1751241600,0.944,0.948,0.935,0.936,34969.9
1751245200,0.934,0.935,0.922,0.927,18873.87
1751248800,0.924,0.927,0.918,0.918,8407.3
1751252400,0.917,0.923,0.916,0.922,49508.69
1751256000,0.921,0.922,0.916,0.916,5661.22
1751259600,0.917,0.924,0.916,0.922,41687.08
1751263200,0.922,0.925,0.906,0.914,45362.39
1751266800,0.914,0.927,0.914,0.926,71786.02
1751270400,0.924,0.924,0.915,0.915,18833.71
1751274000,0.917,0.919,0.908,0.908,17789.07
1751277600,0.907,0.91,0.904,0.907,30083.98
1751281200,0.908,0.91,0.902,0.903,36507.6
1751284800,0.903,0.907,0.893,0.898,9646.43
1751288400,0.896,0.902,0.888,0.889,19944.49
1751292000,0.892,0.898,0.885,0.888,28724.05
1751295600,0.892,0.909,0.884,0.9,45208.92
1751299200,0.9,0.909,0.895,0.909,79028.75
1751302800,0.908,0.912,0.903,0.906,22700.14
1751306400,0.904,0.905,0.897,0.902,23554.41
1751310000,0.902,0.922,0.902,0.922,7015.47
1751313600,0.919,0.925,0.91,0.91,22263
1751317200,0.91,0.914,0.903,0.907,38336.28
1751320800,0.908,0.909,0.9,0.901,41523.38
1751324400,0.9,0.903,0.896,0.898,14285.59
1751328000,0.899,0.903,0.893,0.896,18451.93
1751331600,0.897,0.902,0.891,0.891,21466.95
1751335200,0.89,0.893,0.887,0.887,17053.15
1751338800,0.888,0.891,0.886,0.89,3084.66
1751342400,0.889,0.889,0.877,0.878,9677.09
1751346000,0.879,0.879,0.872,0.878,10581.11
1751349600,0.878,0.882,0.874,0.875,10837.39
1751353200,0.876,0.882,0.871,0.881,4374.76
1751356800,0.881,0.881,0.871,0.874,4026.17
1751360400,0.874,0.877,0.871,0.877,6161.45
1751364000,0.875,0.879,0.873,0.875,4133.79
1751367600,0.875,0.876,0.867,0.867,32217.07
1751371200,0.869,0.869,0.863,0.864,8029.81
1751374800,0.864,0.875,0.86,0.872,37678.57
1751378400,0.872,0.876,0.858,0.869,169504.68
1751382000,0.869,0.869,0.86,0.863,16565.17
1751385600,0.861,0.865,0.859,0.861,26152.07
1751389200,0.861,0.864,0.859,0.863,32685.83
1751392800,0.862,0.863,0.85,0.852,24075.61
1751396400,0.852,0.856,0.849,0.849,36818.54
1751400000,0.848,0.856,0.845,0.854,64089.12
1751403600,0.852,0.857,0.847,0.853,22598.54
1751407200,0.854,0.855,0.849,0.85,13193.44
1751410800,0.85,0.856,0.848,0.856,11360.22
1751414400,0.855,0.857,0.85,0.851,18211.11
1751418000,0.852,0.859,0.846,0.854,36157.57
1751421600,0.855,0.857,0.851,0.854,29295.78
1751425200,0.856,0.864,0.856,0.857,26986.1
1751428800,0.857,0.87,0.855,0.869,8476.82
1751432400,0.869,0.874,0.866,0.867,27174.53
1751436000,0.871,0.877,0.87,0.877,9255.47
1751439600,0.878,0.892,0.878,0.889,37678.04
1751443200,0.891,0.896,0.889,0.893,8132.09
1751446800,0.891,0.891,0.883,0.883,3060.48
1751450400,0.883,0.892,0.879,0.889,11188.73
1751454000,0.889,0.898,0.884,0.885,25561.89
1751457600,0.886,0.894,0.886,0.894,25156.73
1751461200,0.893,0.904,0.892,0.895,31545.03
1751464800,0.894,0.913,0.892,0.905,201672.05
1751468400,0.905,0.916,0.904,0.916,77916.47
1751472000,0.916,0.952,0.916,0.947,162994.6
1751475600,0.947,0.955,0.938,0.948,108798.79
1751479200,0.949,0.964,0.946,0.96,236418.31
1751482800,0.959,0.962,0.953,0.961,26259.71
1751486400,0.96,0.967,0.954,0.962,162652.77
1751490000,0.963,0.964,0.953,0.961,45480.39
1751493600,0.962,0.966,0.955,0.955,43699.5
1751497200,0.956,0.956,0.942,0.943,61129.09
1751500800,0.944,0.956,0.942,0.953,65553.49
1751504400,0.954,0.969,0.951,0.969,42214.64
1751508000,0.966,0.966,0.958,0.964,86062
1751511600,0.965,0.966,0.952,0.952,54898.01
1751515200,0.954,0.963,0.952,0.963,9479.74
1751518800,0.964,0.982,0.962,0.98,28467.42
1751522400,0.978,0.983,0.973,0.981,7391.78
1751526000,0.979,0.985,0.969,0.97,54120.59
1751529600,0.969,0.976,0.967,0.967,3852.4
1751533200,0.966,0.976,0.964,0.97,5869.01
1751536800,0.972,0.972,0.956,0.961,12541
1751540400,0.96,0.96,0.951,0.955,10072.61
1751544000,0.955,0.969,0.943,0.955,46389.63
1751547600,0.956,0.97,0.949,0.966,14778.15
1751551200,0.964,0.964,0.942,0.946,65385.94
1751554800,0.946,0.948,0.923,0.923,50197.64
1751558400,0.926,0.936,0.924,0.932,97006.44
1751562000,0.934,0.94,0.932,0.94,63976.81
1751565600,0.938,0.943,0.934,0.939,19252.8
1751569200,0.941,0.946,0.939,0.946,12198.23
1751572800,0.944,0.951,0.944,0.95,4653.52
1751576400,0.95,0.95,0.943,0.95,24521.09
1751580000,0.95,0.951,0.946,0.948,3803.92
1751583600,0.947,0.948,0.942,0.944,4797.42
1751587200,0.945,0.949,0.941,0.946,30748.81
1751590800,0.947,0.952,0.94,0.943,7732.89
1751594400,0.94,0.941,0.93,0.933,21927.37
1751598000,0.933,0.939,0.932,0.937,8485.22
1751601600,0.937,0.938,0.924,0.926,42803.52
1751605200,0.926,0.933,0.925,0.925,17124.06
1751608800,0.924,0.925,0.913,0.914,16205.62
1751612400,0.917,0.917,0.903,0.905,46777.42
1751616000,0.904,0.908,0.897,0.908,82541.48
1751619600,0.908,0.91,0.901,0.903,8706.77
1751623200,0.902,0.903,0.895,0.897,13576.15
1751626800,0.894,0.901,0.89,0.897,147493.55
1751630400,0.896,0.9,0.892,0.895,81628.48
1751634000,0.895,0.899,0.887,0.89,186573.68
1751637600,0.889,0.889,0.878,0.882,41694.72
1751641200,0.883,0.883,0.87,0.872,36112.77
1751644800,0.872,0.873,0.86,0.873,28443.26
1751648400,0.872,0.875,0.867,0.873,8191.62
1751652000,0.872,0.873,0.864,0.869,5859.32
1751655600,0.869,0.872,0.867,0.868,9681.57
1751659200,0.867,0.874,0.867,0.872,20289.98
1751662800,0.872,0.873,0.868,0.873,11322.5
1751666400,0.872,0.879,0.872,0.877,15166.23
1751670000,0.877,0.877,0.872,0.874,9612.05
1751673600,0.875,0.879,0.873,0.876,3686.78
1751677200,0.875,0.876,0.871,0.872,14638.54
1751680800,0.873,0.879,0.868,0.879,16444.22
1751684400,0.879,0.884,0.878,0.878,80884.42
1751688000,0.877,0.88,0.873,0.873,4509.01
1751691600,0.874,0.882,0.873,0.879,2335.52
1751695200,0.881,0.887,0.881,0.887,13343.78
1751698800,0.886,0.886,0.88,0.881,2449.92
1751702400,0.881,0.886,0.877,0.879,49095.87
1751706000,0.878,0.881,0.875,0.88,5501.71
1751709600,0.877,0.878,0.876,0.877,6226.92
1751713200,0.879,0.88,0.876,0.877,780.22
1751716800,0.875,0.875,0.869,0.872,9666.3
1751720400,0.872,0.875,0.868,0.87,1162.12
1751724000,0.87,0.876,0.868,0.876,3797.74
1751727600,0.876,0.876,0.87,0.872,5385.85
1751731200,0.872,0.877,0.868,0.877,20592.7
1751734800,0.873,0.875,0.865,0.868,27334.17
1751738400,0.868,0.869,0.857,0.858,18968.34
1751742000,0.858,0.867,0.857,0.865,11124.65
1751745600,0.864,0.869,0.862,0.868,4352.19
1751749200,0.867,0.869,0.864,0.867,35143.41
1751752800,0.867,0.868,0.865,0.868,10054.41
1751756400,0.867,0.87,0.867,0.87,3478.58
1751760000,0.867,0.871,0.865,0.869,1767.21
1751763600,0.869,0.869,0.863,0.867,8763.16
1751767200,0.868,0.869,0.862,0.862,5362.03
1751770800,0.863,0.864,0.86,0.864,6613.38
1751774400,0.865,0.866,0.862,0.862,2773.54
1751778000,0.862,0.863,0.86,0.86,3016.02
1751781600,0.86,0.87,0.86,0.87,2344.28
1751785200,0.871,0.875,0.87,0.871,18610.83
1751788800,0.869,0.875,0.866,0.873,2702.49
1751792400,0.872,0.873,0.866,0.866,3059.69
1751796000,0.865,0.868,0.863,0.866,2926.6
1751799600,0.865,0.874,0.864,0.874,13520.63
1751803200,0.873,0.877,0.87,0.874,6445.35
1751806800,0.875,0.892,0.875,0.891,37021.5
1751810400,0.888,0.891,0.877,0.882,28965.11
1751814000,0.882,0.885,0.879,0.884,4338.59
1751817600,0.885,0.89,0.882,0.888,10023.97
1751821200,0.888,0.888,0.88,0.887,3902.51
1751824800,0.886,0.886,0.877,0.882,5753.51
1751828400,0.883,0.89,0.883,0.887,130328.72
1751832000,0.888,0.895,0.888,0.893,8653.29
1751835600,0.894,0.911,0.894,0.906,28074.85
1751839200,0.907,0.912,0.9,0.902,6681.52
1751842800,0.899,0.899,0.887,0.895,7842.28
1751846400,0.895,0.896,0.889,0.891,4998.79
1751850000,0.892,0.897,0.889,0.896,3812.14
1751853600,0.897,0.91,0.897,0.901,42278.38
1751857200,0.9,0.906,0.898,0.902,14779.41
1751860800,0.9,0.902,0.897,0.898,11048.21
1751864400,0.899,0.899,0.894,0.895,11198.15
1751868000,0.895,0.896,0.888,0.889,4870.23
1751871600,0.889,0.894,0.887,0.894,1775.77
1751875200,0.89,0.893,0.888,0.888,17762.77
1751878800,0.888,0.888,0.883,0.883,5567.23
1751882400,0.882,0.884,0.88,0.88,6621.73
1751886000,0.881,0.884,0.877,0.882,23135.56
1751889600,0.882,0.882,0.876,0.88,817.49
1751893200,0.88,0.888,0.877,0.884,1734.88
1751896800,0.883,0.888,0.869,0.873,7956.82
1751900400,0.874,0.879,0.872,0.874,62588.98
1751904000,0.874,0.876,0.865,0.867,16856.57
1751907600,0.867,0.874,0.867,0.871,8706.62
1751911200,0.87,0.871,0.863,0.869,13334.31
1751914800,0.871,0.879,0.868,0.868,21934.87
1751918400,0.869,0.869,0.86,0.863,6117.4
1751922000,0.864,0.87,0.86,0.868,16829.22
1751925600,0.865,0.867,0.862,0.864,9632.61
1751929200,0.865,0.874,0.865,0.872,4999.79
1751932800,0.872,0.876,0.864,0.866,52449.05
1751936400,0.866,0.866,0.861,0.863,5145.11
1751940000,0.864,0.866,0.858,0.865,20826.27
1751943600,0.864,0.868,0.862,0.862,12279.94
1751947200,0.862,0.865,0.86,0.865,2968.06
1751950800,0.865,0.869,0.864,0.869,2246.75
1751954400,0.869,0.87,0.862,0.862,4158.71
1751958000,0.862,0.865,0.86,0.863,7825.27
1751961600,0.863,0.867,0.857,0.858,43525.6
1751965200,0.858,0.864,0.857,0.861,5029.25
1751968800,0.863,0.87,0.859,0.87,43037.95
1751972400,0.871,0.874,0.868,0.869,6173.33
1751976000,0.869,0.874,0.866,0.874,7812.01
1751979600,0.872,0.874,0.866,0.871,5394.35
1751983200,0.87,0.87,0.857,0.858,10571.36
1751986800,0.856,0.86,0.854,0.859,5585.55
1751990400,0.859,0.867,0.856,0.866,2325.4
1751994000,0.867,0.883,0.867,0.88,16064.93
1751997600,0.882,0.886,0.88,0.886,19484.97
1752001200,0.885,0.888,0.88,0.884,71734.99
1752004800,0.884,0.886,0.877,0.877,10424.55
1752008400,0.878,0.881,0.874,0.88,9474.72
1752012000,0.88,0.881,0.874,0.874,28360.35
1752015600,0.874,0.877,0.872,0.875,18514.26
1752019200,0.875,0.876,0.87,0.87,7818.89
1752022800,0.87,0.875,0.86,0.863,26867.92
1752026400,0.863,0.865,0.862,0.865,27594.51
1752030000,0.866,0.868,0.861,0.862,22609.08
1752033600,0.863,0.874,0.861,0.869,44196.09
1752037200,0.868,0.877,0.863,0.874,22603.57
1752040800,0.873,0.873,0.867,0.872,11466.84
1752044400,0.872,0.876,0.871,0.873,2066.43
1752048000,0.876,0.876,0.871,0.873,2822.55
1752051600,0.872,0.873,0.868,0.87,1033.69
1752055200,0.87,0.873,0.869,0.872,2283.89
1752058800,0.872,0.877,0.872,0.874,1789.03
1752062400,0.873,0.885,0.873,0.883,17875.29
1752066000,0.885,0.886,0.877,0.877,34394.81
1752069600,0.877,0.882,0.866,0.873,72382.87
1752073200,0.874,0.876,0.869,0.874,35063.21
1752076800,0.875,0.881,0.873,0.879,9501.38
1752080400,0.878,0.879,0.87,0.875,13242.16
1752084000,0.874,0.888,0.874,0.885,9292.59
1752087600,0.884,0.912,0.884,0.911,136602.78
1752091200,0.912,0.914,0.897,0.905,247006.38
1752094800,0.905,0.92,0.905,0.915,83078.78
1752098400,0.916,0.919,0.912,0.914,74588.52
1752102000,0.914,0.919,0.912,0.915,15314.9
1752105600,0.916,0.916,0.9,0.904,77333.56
1752109200,0.904,0.913,0.903,0.911,48917.44
1752112800,0.912,0.919,0.91,0.919,8367.26
1752116400,0.92,0.935,0.915,0.918,127285.3
1752120000,0.917,0.926,0.915,0.924,9957.45
1752123600,0.925,0.925,0.917,0.918,17067.75
1752127200,0.919,0.926,0.915,0.926,3387.2
1752130800,0.926,0.931,0.924,0.925,25761.33
1752134400,0.924,0.933,0.922,0.933,7676.05
1752138000,0.932,0.935,0.925,0.926,24738.76
1752141600,0.925,0.937,0.923,0.934,11817.08
1752145200,0.933,0.936,0.931,0.935,20881.44
1752148800,0.934,0.934,0.925,0.934,54090.85
1752152400,0.933,0.951,0.933,0.944,241037.88
1752156000,0.944,0.948,0.934,0.943,74739.04
1752159600,0.942,0.944,0.929,0.931,19304.91
1752163200,0.932,0.961,0.929,0.957,25598.88
1752166800,0.956,0.985,0.955,0.984,196271.48
1752170400,0.983,0.992,0.974,0.991,408025.85
1752174000,0.991,0.998,0.978,0.981,117634.83
1752177600,0.98,0.998,0.98,0.996,109630.36
1752181200,0.997,1.06,0.997,1.052,277371.07
1752184800,1.055,1.076,1.047,1.062,148333.17
1752188400,1.062,1.072,1.051,1.068,98713.5
1752192000,1.069,1.082,1.05,1.078,110224.66
1752195600,1.077,1.085,1.062,1.074,74997.56
1752199200,1.075,1.095,1.067,1.087,77011.26
1752202800,1.086,1.098,1.08,1.092,35197.46
1752206400,1.091,1.117,1.086,1.11,159332.08
1752210000,1.111,1.14,1.108,1.127,139114.54
1752213600,1.128,1.138,1.092,1.094,90697.51
1752217200,1.094,1.098,1.078,1.081,37969.35
1752220800,1.083,1.104,1.083,1.099,10810.73
1752224400,1.098,1.107,1.095,1.101,35255.05
1752228000,1.097,1.102,1.093,1.093,40640.79
1752231600,1.094,1.095,1.077,1.082,16246.11
1752235200,1.082,1.091,1.074,1.09,50475.69
1752238800,1.09,1.094,1.073,1.091,57326.26
1752242400,1.087,1.107,1.083,1.097,100463.55
1752246000,1.095,1.101,1.068,1.072,47236.33
1752249600,1.071,1.087,1.065,1.085,205616.72
1752253200,1.085,1.096,1.081,1.094,52859.38
1752256800,1.094,1.1,1.088,1.093,25482.72
1752260400,1.092,1.102,1.087,1.099,22456.92
1752264000,1.097,1.102,1.082,1.082,25109.11
1752267600,1.082,1.084,1.048,1.057,33377.78
1752271200,1.058,1.061,1.014,1.033,267602.31
1752274800,1.033,1.048,1.033,1.041,44541.88
1752278400,1.039,1.046,1.004,1.03,374037.91
1752282000,1.031,1.055,1.031,1.049,51554.59
1752285600,1.048,1.057,1.046,1.05,11990.58
1752289200,1.048,1.055,1.047,1.05,21119.04
1752292800,1.052,1.054,1.025,1.029,69624.94
1752296400,1.03,1.039,1.021,1.036,30718.87
1752300000,1.035,1.043,1.027,1.041,19732.1
1752303600,1.043,1.05,1.035,1.041,6513.73
1752307200,1.042,1.043,1.031,1.031,459.79
1752310800,1.032,1.039,1.032,1.036,20644.93
1752314400,1.035,1.044,1.032,1.044,1958.95
1752318000,1.045,1.045,1.032,1.032,9505.58
1752321600,1.034,1.039,1.007,1.019,5834.71
1752325200,1.017,1.019,1.004,1.015,38036.03
1752328800,1.014,1.03,1.013,1.014,7337.29
1752332400,1.015,1.015,0.99,1.006,179457.68
1752336000,1.004,1.019,1,1.007,46185.5
1752339600,1.008,1.026,1.008,1.022,15002.47
1752343200,1.025,1.029,1.021,1.029,26142.32
1752346800,1.027,1.031,1.024,1.029,6944.14
1752350400,1.027,1.029,1.013,1.014,59582.83
1752354000,1.018,1.025,1.012,1.025,76578.59
1752357600,1.025,1.025,1.013,1.023,6482.51
1752361200,1.024,1.031,1.02,1.031,9482.93
1752364800,1.028,1.035,1.025,1.034,37412.82
1752368400,1.033,1.042,1.029,1.033,138967
1752372000,1.032,1.035,1.024,1.032,15993.85
1752375600,1.03,1.036,1.027,1.033,37988.42
1752379200,1.032,1.044,1.028,1.044,35391.31
1752382800,1.043,1.045,1.032,1.034,36190.74
1752386400,1.033,1.045,1.032,1.039,15805.57
1752390000,1.038,1.053,1.037,1.045,17750.54
1752393600,1.043,1.044,1.029,1.035,3361.66
1752397200,1.036,1.037,1.03,1.036,8576.91
1752400800,1.037,1.04,1.034,1.036,2184.47
1752404400,1.039,1.05,1.039,1.05,11382.36
1752408000,1.048,1.061,1.045,1.056,19679.09
1752411600,1.056,1.064,1.05,1.058,18566.26
1752415200,1.056,1.072,1.047,1.058,156076.88
1752418800,1.057,1.069,1.051,1.057,45389.93
1752422400,1.057,1.072,1.056,1.056,177012.47
1752426000,1.055,1.066,1.053,1.059,31626.98
1752429600,1.064,1.077,1.062,1.07,27715.58
1752433200,1.069,1.079,1.065,1.065,67586.81
1752436800,1.066,1.077,1.062,1.071,37382.99
1752440400,1.068,1.068,1.035,1.046,101523.02
1752444000,1.044,1.049,1.036,1.041,127537.5
1752447600,1.042,1.049,1.039,1.046,19744.59
1752451200,1.044,1.059,1.041,1.053,7971.08
1752454800,1.053,1.063,1.044,1.063,72390.1
1752458400,1.064,1.087,1.059,1.071,143584.24
1752462000,1.072,1.096,1.068,1.085,182851.34
1752465600,1.085,1.115,1.081,1.11,65970.47
1752469200,1.109,1.123,1.079,1.096,64442.78
1752472800,1.095,1.097,1.079,1.085,25376.57
1752476400,1.086,1.096,1.083,1.09,30058.33
1752480000,1.09,1.09,1.068,1.083,103230.95
1752483600,1.083,1.089,1.074,1.08,3872.75
1752487200,1.079,1.084,1.068,1.078,17372.33
1752490800,1.077,1.084,1.068,1.072,42700.56
1752494400,1.071,1.076,1.063,1.076,15107.8
1752498000,1.072,1.084,1.063,1.08,124638.87
1752501600,1.077,1.083,1.047,1.058,43485.28
1752505200,1.057,1.058,1.038,1.046,70718.92
1752508800,1.045,1.058,1.038,1.055,25471.96
1752512400,1.055,1.055,1.045,1.054,50237.3
1752516000,1.054,1.054,1.034,1.036,73087.96
1752519600,1.033,1.041,1.03,1.032,78798.28
1752523200,1.031,1.043,1.014,1.036,59140.24
1752526800,1.037,1.047,1.035,1.042,55062.14
1752530400,1.042,1.052,1.039,1.05,28190.05
1752534000,1.051,1.054,1.044,1.049,20895.84
1752537600,1.051,1.062,1.039,1.041,45642.1
1752541200,1.042,1.048,1.027,1.034,51559.92
1752544800,1.032,1.041,1.024,1.027,13221.39
1752548400,1.026,1.026,1.002,1.009,68545.24
1752552000,1.011,1.026,1.002,1.023,68950.31
1752555600,1.022,1.026,1.018,1.02,44633.24
1752559200,1.019,1.028,1.013,1.021,19858.4
1752562800,1.022,1.027,1.012,1.014,28002.85
1752566400,1.013,1.016,1.005,1.014,25794.72
1752570000,1.015,1.02,1.011,1.011,18463.05
1752573600,1.014,1.017,1.011,1.017,12669.1
1752577200,1.017,1.017,1.004,1.011,9338.96
1752580800,1.01,1.024,0.999,1.012,49703.95
1752584400,1.012,1.04,1.012,1.032,77705.4
1752588000,1.032,1.038,0.992,0.997,82073.9
1752591600,0.998,1.039,0.99,1.031,184718.65
1752595200,1.033,1.047,1.029,1.045,60242.3
1752598800,1.044,1.072,1.039,1.072,63341.64
1752602400,1.072,1.079,1.041,1.05,131501.29
1752606000,1.052,1.06,1.033,1.038,122162.22
1752609600,1.038,1.056,1.035,1.051,41144.08
1752613200,1.051,1.068,1.05,1.065,46125.59
1752616800,1.062,1.071,1.061,1.071,25236.11
1752620400,1.072,1.087,1.072,1.086,34242.12
1752624000,1.086,1.094,1.079,1.084,44129.81
1752627600,1.083,1.087,1.074,1.079,76965.72
1752631200,1.078,1.078,1.049,1.055,110057.5
1752634800,1.06,1.065,1.054,1.062,51111.85
1752638400,1.063,1.064,1.052,1.061,148033.89
1752642000,1.063,1.072,1.062,1.063,67848.98
1752645600,1.063,1.076,1.06,1.075,13418.24
1752649200,1.072,1.084,1.068,1.078,40145.11
1752652800,1.078,1.079,1.073,1.078,4698.55
1752656400,1.079,1.083,1.07,1.078,6804.5
1752660000,1.077,1.078,1.068,1.072,7518.98
1752663600,1.07,1.085,1.066,1.083,30823.44
1752667200,1.083,1.094,1.079,1.08,22732.34
1752670800,1.079,1.085,1.072,1.082,88005.89
1752674400,1.083,1.097,1.072,1.095,73688.76
1752678000,1.095,1.106,1.085,1.099,73120.51
1752681600,1.101,1.126,1.094,1.126,108575.4
1752685200,1.124,1.13,1.112,1.124,67188.83
1752688800,1.124,1.137,1.119,1.124,83461.44
1752692400,1.123,1.123,1.109,1.117,41233.78
1752696000,1.118,1.142,1.117,1.133,77635.43
1752699600,1.134,1.15,1.127,1.142,96073.23
1752703200,1.143,1.148,1.115,1.12,83519.96
1752706800,1.119,1.12,1.102,1.111,71698.2
1752710400,1.109,1.134,1.102,1.117,26883.85
1752714000,1.117,1.127,1.084,1.098,33039.69
1752717600,1.099,1.111,1.098,1.106,13708.35
1752721200,1.107,1.108,1.083,1.089,27594.35
1752724800,1.089,1.097,1.086,1.095,12674.45
1752728400,1.094,1.11,1.09,1.108,9138.24
1752732000,1.109,1.122,1.098,1.118,25628.1
1752735600,1.113,1.122,1.102,1.119,32115.22
1752739200,1.119,1.125,1.111,1.114,10209.36
1752742800,1.118,1.133,1.117,1.126,8113.83
1752746400,1.127,1.127,1.114,1.123,25063.82
1752750000,1.123,1.127,1.11,1.112,52086.74
1752753600,1.113,1.125,1.1,1.12,26891.15
1752757200,1.124,1.129,1.097,1.121,47874.59
1752760800,1.118,1.127,1.104,1.125,36283.89
1752764400,1.126,1.126,1.09,1.113,160219.98
1752768000,1.114,1.114,1.069,1.084,48865.14
1752771600,1.085,1.096,1.079,1.096,55164.02
1752775200,1.097,1.102,1.088,1.096,34574.72
1752778800,1.095,1.105,1.071,1.071,70133.11
1752782400,1.073,1.08,1.056,1.077,43687.55
1752786000,1.079,1.118,1.078,1.101,96369.86
1752789600,1.101,1.126,1.096,1.116,67686.71
1752793200,1.117,1.134,1.102,1.11,86507.74
1752796800,1.107,1.129,1.101,1.124,46981.6
1752800400,1.124,1.165,1.123,1.154,229621.25
1752804000,1.152,1.154,1.133,1.146,59126.79
1752807600,1.141,1.154,1.139,1.149,30803.23
1752811200,1.148,1.183,1.144,1.178,78564.25
1752814800,1.179,1.212,1.175,1.2,168440.96
1752818400,1.199,1.204,1.18,1.197,160080.58
1752822000,1.198,1.202,1.168,1.172,54883.64
1752825600,1.173,1.187,1.153,1.164,26374.47
1752829200,1.162,1.177,1.156,1.174,14572.62
1752832800,1.172,1.172,1.152,1.165,14986.49
1752836400,1.166,1.168,1.142,1.157,41925.22
1752840000,1.158,1.198,1.157,1.191,49878.44
1752843600,1.191,1.195,1.176,1.185,30636.58
1752847200,1.185,1.201,1.153,1.165,82579.54
1752850800,1.164,1.182,1.137,1.146,94214.21
1752854400,1.148,1.159,1.136,1.15,57566.07
1752858000,1.146,1.159,1.141,1.152,24648.04
1752861600,1.147,1.148,1.131,1.132,80865.74
1752865200,1.131,1.143,1.121,1.134,83880.21
1752868800,1.133,1.133,1.101,1.122,268192.88
1752872400,1.121,1.151,1.12,1.136,136772.89
1752876000,1.133,1.158,1.129,1.129,37752.4
1752879600,1.13,1.143,1.121,1.139,30104.86
1752883200,1.141,1.143,1.108,1.108,15610.69
1752886800,1.108,1.129,1.096,1.121,29991
1752890400,1.119,1.147,1.113,1.147,11788.53
1752894000,1.148,1.173,1.148,1.172,22150.51
1752897600,1.169,1.183,1.157,1.163,57126.07
1752901200,1.167,1.17,1.156,1.162,10565.41
1752904800,1.16,1.162,1.148,1.153,12160.98
1752908400,1.156,1.158,1.143,1.145,9647.38
1752912000,1.144,1.145,1.132,1.134,9494.32
1752915600,1.139,1.146,1.133,1.14,1666.09
1752919200,1.139,1.153,1.135,1.136,12047.66
1752922800,1.136,1.14,1.126,1.129,9473.03
1752926400,1.127,1.135,1.123,1.13,10104.41
1752930000,1.133,1.134,1.122,1.127,11037.52
1752933600,1.125,1.126,1.111,1.116,14785.63
1752937200,1.117,1.131,1.116,1.125,11324.71
1752940800,1.125,1.137,1.115,1.128,5212.13
1752944400,1.127,1.13,1.114,1.116,24199.72
1752948000,1.117,1.134,1.116,1.132,14766.76
1752951600,1.132,1.155,1.128,1.15,5468.44
1752955200,1.149,1.161,1.147,1.155,28925.83
1752958800,1.156,1.156,1.137,1.153,16434.93
1752962400,1.152,1.163,1.144,1.148,33114.42
1752966000,1.145,1.157,1.143,1.151,16678.09
1752969600,1.15,1.152,1.138,1.152,12684.53
1752973200,1.153,1.163,1.144,1.144,28170.62
1752976800,1.146,1.159,1.142,1.154,7373.06
1752980400,1.154,1.174,1.15,1.163,15567.28
1752984000,1.161,1.172,1.155,1.16,15524.9
1752987600,1.16,1.184,1.158,1.181,57179.28
1752991200,1.181,1.193,1.178,1.185,9964.5
1752994800,1.187,1.198,1.18,1.187,16998.79
1752998400,1.187,1.2,1.186,1.2,31462.5
1753002000,1.199,1.204,1.192,1.193,59058.36
1753005600,1.192,1.201,1.191,1.194,3986.88
1753009200,1.193,1.24,1.192,1.228,234070.71
1753012800,1.228,1.231,1.209,1.218,58193.2
1753016400,1.22,1.225,1.208,1.221,56927.81
1753020000,1.222,1.232,1.209,1.222,155033.85
1753023600,1.221,1.285,1.217,1.281,332566.54
1753027200,1.281,1.285,1.259,1.261,94687.57
1753030800,1.261,1.283,1.219,1.247,530707.72
1753034400,1.247,1.267,1.245,1.262,32029.93
1753038000,1.264,1.269,1.254,1.261,37831.78
1753041600,1.259,1.259,1.24,1.241,24403.26
1753045200,1.239,1.242,1.223,1.237,38360.7
1753048800,1.235,1.239,1.201,1.224,37407.97
1753052400,1.223,1.24,1.215,1.225,215063.82
1753056000,1.222,1.226,1.201,1.219,64811.89
1753059600,1.22,1.222,1.196,1.211,20263.93
1753063200,1.209,1.227,1.2,1.227,178522.52
1753066800,1.227,1.238,1.227,1.235,54982.01
1753070400,1.235,1.244,1.227,1.238,42825.92
1753074000,1.237,1.24,1.224,1.24,9367.75
1753077600,1.239,1.251,1.234,1.24,8267.4
1753081200,1.242,1.252,1.24,1.24,5803.04
1753084800,1.241,1.255,1.234,1.241,11211.86
1753088400,1.241,1.246,1.233,1.241,47954.59
1753092000,1.24,1.25,1.23,1.249,8561.4
1753095600,1.25,1.26,1.243,1.245,18673.4
1753099200,1.243,1.251,1.234,1.247,15902.93
1753102800,1.247,1.268,1.231,1.268,32889.28
1753106400,1.267,1.291,1.254,1.274,162125.84
1753110000,1.269,1.28,1.241,1.25,139098.37
1753113600,1.25,1.25,1.209,1.229,164657.31
1753117200,1.226,1.235,1.213,1.224,50557.74
1753120800,1.223,1.236,1.208,1.21,67152.02
1753124400,1.212,1.219,1.195,1.2,90945.5
1753128000,1.199,1.213,1.195,1.203,105419.99
1753131600,1.202,1.217,1.199,1.213,82312.34
1753135200,1.216,1.239,1.214,1.232,84995.31
1753138800,1.233,1.248,1.226,1.237,20533.3
1753142400,1.238,1.245,1.221,1.221,17871.52
1753146000,1.221,1.257,1.189,1.249,95859.54
1753149600,1.247,1.259,1.225,1.23,66441.48
1753153200,1.227,1.238,1.203,1.217,443220.93
1753156800,1.217,1.224,1.178,1.18,41556.16
1753160400,1.178,1.205,1.178,1.191,80573.99
1753164000,1.192,1.208,1.186,1.201,14261.56
1753167600,1.202,1.211,1.189,1.191,22490.91
1753171200,1.188,1.188,1.163,1.181,17163.78
1753174800,1.179,1.198,1.168,1.193,14484.99
1753178400,1.193,1.213,1.188,1.209,16572.26
1753182000,1.207,1.216,1.199,1.211,35104.52
1753185600,1.212,1.263,1.208,1.247,133364.82
1753189200,1.246,1.257,1.224,1.229,225445.06
1753192800,1.226,1.245,1.212,1.244,52421.04
1753196400,1.242,1.25,1.218,1.219,51808.61
1753200000,1.22,1.241,1.213,1.216,13262.05
1753203600,1.216,1.218,1.198,1.211,42426.73
1753207200,1.212,1.236,1.203,1.232,31470.94
1753210800,1.229,1.254,1.228,1.251,102597.82
1753214400,1.247,1.286,1.238,1.279,126299.12
1753218000,1.28,1.357,1.268,1.34,423816.53
1753221600,1.344,1.363,1.333,1.356,631636.25
1753225200,1.358,1.401,1.355,1.399,584986.76
1753228800,1.4,1.4,1.329,1.333,331334.36
1753232400,1.329,1.357,1.32,1.349,208020.8
1753236000,1.349,1.349,1.328,1.341,389004.44
1753239600,1.34,1.355,1.333,1.337,173073.01
1753243200,1.334,1.351,1.332,1.347,93037.27
1753246800,1.345,1.345,1.333,1.341,8171.83
1753250400,1.342,1.343,1.305,1.312,42356.32
1753254000,1.312,1.324,1.296,1.303,77675.37
1753257600,1.3,1.306,1.29,1.306,8024.79
1753261200,1.304,1.306,1.275,1.275,45430.81
1753264800,1.276,1.28,1.262,1.276,29169.51
1753268400,1.274,1.285,1.264,1.279,22799.29
1753272000,1.279,1.299,1.235,1.248,324959.32
1753275600,1.245,1.254,1.198,1.222,176109.99
1753279200,1.219,1.244,1.216,1.227,79112.22
1753282800,1.223,1.257,1.215,1.248,66820.79
1753286400,1.246,1.248,1.21,1.212,31000.21
1753290000,1.211,1.218,1.175,1.198,96556.02
1753293600,1.196,1.209,1.193,1.208,51198.41
1753297200,1.203,1.208,1.187,1.189,23794.58
1753300800,1.189,1.197,1.142,1.163,316236.93
1753304400,1.163,1.172,1.127,1.164,292950.44
1753308000,1.16,1.183,1.153,1.174,54053.74
1753311600,1.175,1.187,1.172,1.176,33999.23
1753315200,1.175,1.192,1.167,1.19,57389.82
1753318800,1.188,1.199,1.18,1.196,31855.59
1753322400,1.198,1.198,1.181,1.184,58882.75
1753326000,1.187,1.202,1.177,1.181,48642.55
1753329600,1.18,1.187,1.152,1.157,244474.33
1753333200,1.156,1.157,1.09,1.108,590061.8
1753336800,1.108,1.131,1.073,1.091,96728.48
1753340400,1.094,1.122,1.081,1.12,28438.02
1753344000,1.117,1.14,1.117,1.14,22571.87
1753347600,1.137,1.141,1.121,1.126,25074.83
1753351200,1.127,1.151,1.109,1.133,221487.59
1753354800,1.131,1.156,1.129,1.15,47014.84
1753358400,1.149,1.156,1.135,1.143,52998.85
1753362000,1.14,1.159,1.139,1.143,24407.3
1753365600,1.142,1.19,1.129,1.19,124271.65
1753369200,1.19,1.202,1.173,1.179,136498.79
1753372800,1.178,1.202,1.15,1.156,98046.39
1753376400,1.156,1.188,1.155,1.176,49359.24
1753380000,1.175,1.185,1.168,1.177,12263.68
1753383600,1.179,1.184,1.164,1.164,35989.16
1753387200,1.164,1.173,1.162,1.172,4892.69
1753390800,1.171,1.171,1.147,1.159,111391.08
1753394400,1.16,1.162,1.149,1.155,22547.15
1753398000,1.149,1.149,1.133,1.139,19916.39
1753401600,1.14,1.14,1.114,1.121,138069.2
1753405200,1.121,1.133,1.11,1.133,144852.43
1753408800,1.127,1.136,1.107,1.117,135365.44
1753412400,1.115,1.125,1.085,1.111,180750.33
1753416000,1.112,1.129,1.094,1.128,31972.08
1753419600,1.128,1.134,1.116,1.118,7721.76
1753423200,1.118,1.126,1.106,1.118,34709.94
1753426800,1.117,1.131,1.105,1.122,33112.78
1753430400,1.121,1.134,1.115,1.122,22572.62
1753434000,1.121,1.147,1.117,1.147,31265.6
1753437600,1.148,1.155,1.139,1.155,22665.12
1753441200,1.154,1.156,1.138,1.144,128224.51
1753444800,1.144,1.152,1.136,1.145,80081.91
1753448400,1.143,1.155,1.134,1.143,70616.5
1753452000,1.145,1.147,1.104,1.106,90568.24
1753455600,1.106,1.118,1.092,1.11,21161.18
1753459200,1.108,1.123,1.098,1.121,42958.37
1753462800,1.121,1.129,1.117,1.122,23933.01
1753466400,1.122,1.128,1.116,1.121,28524.42
1753470000,1.122,1.134,1.12,1.126,11597.14
1753473600,1.124,1.16,1.123,1.152,34762.13
1753477200,1.155,1.166,1.155,1.16,55184.41
1753480800,1.16,1.166,1.158,1.166,58511.65
1753484400,1.163,1.168,1.16,1.165,12303.59
1753488000,1.165,1.166,1.159,1.165,11078.32
1753491600,1.165,1.166,1.154,1.157,14194.79
1753495200,1.157,1.171,1.156,1.165,35874.29
1753498800,1.164,1.166,1.158,1.164,27712.85
1753502400,1.164,1.166,1.16,1.16,16523.7
1753506000,1.161,1.167,1.158,1.163,46616.65
1753509600,1.164,1.165,1.156,1.161,23755.59
1753513200,1.16,1.162,1.157,1.16,10288.49
1753516800,1.16,1.17,1.16,1.161,9291.84
1753520400,1.161,1.162,1.156,1.162,2467.13
1753524000,1.163,1.167,1.16,1.165,11438.29
1753527600,1.167,1.167,1.161,1.162,44091.13
1753531200,1.161,1.166,1.154,1.161,55995.69
1753534800,1.164,1.174,1.164,1.164,6094.26
1753538400,1.163,1.177,1.161,1.168,25191.14
1753542000,1.168,1.175,1.162,1.173,29098.79
1753545600,1.173,1.181,1.167,1.173,9071.32
1753549200,1.173,1.176,1.161,1.165,13049.63
1753552800,1.164,1.178,1.159,1.175,5851.06
1753556400,1.174,1.181,1.174,1.176,28868.74
1753560000,1.175,1.176,1.167,1.167,9681.13
1753563600,1.166,1.175,1.164,1.174,23131.32
1753567200,1.175,1.181,1.166,1.168,20041.29
1753570800,1.167,1.173,1.149,1.158,198676.15
1753574400,1.157,1.165,1.155,1.165,24889.35
1753578000,1.166,1.172,1.161,1.165,41174.19
1753581600,1.164,1.174,1.162,1.172,16700.8
1753585200,1.173,1.173,1.163,1.17,6346.09
1753588800,1.169,1.179,1.168,1.179,11051.8
1753592400,1.18,1.185,1.174,1.179,27157.24
1753596000,1.178,1.179,1.17,1.175,4453.43
1753599600,1.176,1.179,1.167,1.17,2300.12
1753603200,1.171,1.171,1.158,1.166,1251.52
1753606800,1.165,1.166,1.157,1.161,16675.47
1753610400,1.162,1.18,1.162,1.179,65645.29
1753614000,1.18,1.181,1.17,1.173,5008.59
1753617600,1.17,1.182,1.165,1.182,7570.61
1753621200,1.182,1.186,1.171,1.176,3384.65
1753624800,1.177,1.19,1.176,1.184,643509.75
1753628400,1.184,1.186,1.174,1.183,170274.27
1753632000,1.184,1.211,1.184,1.192,146034.71
1753635600,1.191,1.211,1.191,1.207,29118.97
1753639200,1.206,1.211,1.199,1.204,10838.77
1753642800,1.205,1.205,1.195,1.201,9858.37
1753646400,1.202,1.208,1.196,1.201,20611.92
1753650000,1.201,1.209,1.197,1.209,60174.6
1753653600,1.21,1.225,1.209,1.216,71379.72
1753657200,1.215,1.219,1.207,1.218,7017.08
1753660800,1.214,1.232,1.209,1.209,145491.79
1753664400,1.208,1.208,1.193,1.2,26717.05
1753668000,1.199,1.223,1.199,1.217,84039.06
1753671600,1.218,1.222,1.212,1.222,28065.86
1753675200,1.223,1.231,1.21,1.23,10679.37
1753678800,1.228,1.236,1.224,1.23,95391.26
1753682400,1.232,1.235,1.224,1.229,8070.95
1753686000,1.228,1.234,1.213,1.233,9247.89
1753689600,1.232,1.237,1.221,1.229,23098.63
1753693200,1.226,1.236,1.219,1.23,6561.05
1753696800,1.229,1.229,1.22,1.223,33165.9
1753700400,1.223,1.223,1.213,1.215,7613.02
1753704000,1.214,1.225,1.209,1.21,13095.74
1753707600,1.209,1.212,1.183,1.187,133169.64
1753711200,1.188,1.193,1.152,1.156,333569.78
1753714800,1.157,1.17,1.142,1.151,56274.08
1753718400,1.15,1.159,1.142,1.151,36002.6
1753722000,1.152,1.154,1.135,1.142,62906.68
1753725600,1.145,1.146,1.123,1.131,333624.41
1753729200,1.132,1.142,1.122,1.135,40940.26
1753732800,1.134,1.134,1.115,1.123,42764.49
1753736400,1.123,1.132,1.111,1.125,66756.34
1753740000,1.126,1.13,1.109,1.118,39159.41
1753743600,1.117,1.124,1.11,1.117,26203.97
1753747200,1.113,1.13,1.102,1.118,62163.7
1753750800,1.119,1.126,1.107,1.107,15787.64
1753754400,1.106,1.11,1.089,1.095,353624.81
1753758000,1.096,1.118,1.095,1.113,49196.76
1753761600,1.113,1.119,1.106,1.107,113772.77
1753765200,1.109,1.127,1.107,1.122,68552.17
1753768800,1.121,1.128,1.119,1.127,55180.44
1753772400,1.126,1.139,1.124,1.135,46496.17
1753776000,1.133,1.133,1.121,1.13,26858.78
1753779600,1.128,1.13,1.119,1.123,8239.42
1753783200,1.122,1.122,1.097,1.1,51408.33
1753786800,1.099,1.108,1.099,1.105,23783.3
1753790400,1.104,1.123,1.103,1.116,93856.5
1753794000,1.115,1.124,1.098,1.098,49048.58
1753797600,1.098,1.098,1.069,1.077,123862.62
1753801200,1.079,1.088,1.072,1.077,54464.23
1753804800,1.076,1.078,1.054,1.071,89652
1753808400,1.072,1.081,1.069,1.073,45719.61
1753812000,1.072,1.08,1.067,1.071,21365.28
1753815600,1.074,1.081,1.055,1.064,176854.34
1753819200,1.063,1.075,1.052,1.057,127580.94
1753822800,1.056,1.081,1.056,1.076,27970.18
1753826400,1.075,1.08,1.068,1.078,22390.76
1753830000,1.077,1.084,1.077,1.083,10383.59
1753833600,1.082,1.082,1.066,1.073,24100.5
1753837200,1.074,1.082,1.06,1.077,24443.63
1753840800,1.078,1.086,1.073,1.078,5929.9
1753844400,1.077,1.085,1.076,1.08,7212.53
1753848000,1.08,1.084,1.067,1.067,70951.43
1753851600,1.066,1.076,1.064,1.074,20900.86
1753855200,1.075,1.076,1.065,1.073,15001.1
1753858800,1.075,1.075,1.059,1.062,25573.68
1753862400,1.063,1.071,1.057,1.064,5934.11
1753866000,1.063,1.066,1.052,1.053,22649.53
1753869600,1.057,1.061,1.042,1.046,28483.02
1753873200,1.046,1.053,1.024,1.031,95987.54
1753876800,1.027,1.04,1.026,1.04,15686.8
1753880400,1.038,1.042,1.032,1.036,40477.91
1753884000,1.036,1.065,1.035,1.064,35674.73
1753887600,1.063,1.065,1.054,1.063,37050.51
1753891200,1.063,1.076,1.061,1.069,8946.8
1753894800,1.07,1.079,1.064,1.077,385946.39
1753898400,1.077,1.085,1.048,1.051,449384.48
1753902000,1.05,1.064,1.007,1.061,482472.95
1753905600,1.061,1.075,1.059,1.068,135601.38
1753909200,1.068,1.072,1.047,1.054,75023.33
1753912800,1.054,1.057,1.044,1.05,114108.07
1753916400,1.05,1.068,1.05,1.065,86902.08
1753920000,1.063,1.079,1.058,1.074,67826.26
1753923600,1.074,1.077,1.067,1.074,88908.24
1753927200,1.074,1.082,1.069,1.079,51227.64
1753930800,1.08,1.086,1.078,1.08,31715.87
1753934400,1.081,1.086,1.078,1.084,75927.06
1753938000,1.084,1.087,1.078,1.08,27980.9
1753941600,1.079,1.09,1.075,1.086,31086.88
1753945200,1.086,1.088,1.081,1.084,14332.93
1753948800,1.084,1.09,1.082,1.085,3756.22
1753952400,1.085,1.094,1.084,1.092,10883.92
1753956000,1.094,1.094,1.085,1.091,85812.71
1753959600,1.09,1.091,1.079,1.085,36937.17
1753963200,1.083,1.084,1.067,1.073,46025.08
1753966800,1.073,1.073,1.053,1.062,113980.73
1753970400,1.065,1.066,1.042,1.045,190204.08
1753974000,1.047,1.062,1.038,1.055,167247.19
1753977600,1.054,1.079,1.052,1.067,138834.61
1753981200,1.066,1.069,1.048,1.053,54779.04
1753984800,1.053,1.059,1.041,1.051,48012.75
1753988400,1.051,1.051,1.038,1.042,24856.38
1753992000,1.039,1.044,1.032,1.037,23873.06
1753995600,1.037,1.041,1.019,1.027,49030.57
1753999200,1.024,1.026,1.005,1.014,94923.06
1754002800,1.013,1.02,0.999,1.006,52075.21
1754006400,1.007,1.007,0.97,0.994,292552.44
1754010000,0.993,1.013,0.984,0.998,108842.58
1754013600,0.995,1.017,0.993,1.006,106988.71
1754017200,1.006,1.008,0.994,0.995,145421.75
1754020800,0.996,0.996,0.981,0.99,628871.4
1754024400,0.99,0.993,0.977,0.982,31478.42
1754028000,0.98,0.986,0.971,0.986,75229.44
1754031600,0.987,0.988,0.975,0.978,12827.19
1754035200,0.974,0.974,0.952,0.963,63153.81
1754038800,0.964,0.977,0.963,0.963,55930.27
1754042400,0.964,0.975,0.964,0.968,15691.51
1754046000,0.969,0.977,0.966,0.977,49500.7
1754049600,0.975,0.991,0.973,0.983,49980.49
1754053200,0.985,0.99,0.954,0.96,88511.09
1754056800,0.959,0.995,0.955,0.991,187741.51
1754060400,0.991,0.993,0.972,0.986,53187.71
1754064000,0.987,0.997,0.974,0.978,30785.23
1754067600,0.973,0.982,0.965,0.97,160990.95
1754071200,0.97,0.98,0.958,0.974,49449.06
1754074800,0.972,0.987,0.968,0.984,22319.75
1754078400,0.986,0.99,0.956,0.977,84945.7
1754082000,0.976,0.988,0.976,0.978,48207.24
1754085600,0.978,0.979,0.933,0.953,192061.29
1754089200,0.951,0.969,0.949,0.964,66803.24
1754092800,0.965,0.974,0.962,0.973,59317.42
1754096400,0.973,0.974,0.964,0.97,23879.96
1754100000,0.969,0.972,0.967,0.971,9402.52
1754103600,0.971,0.975,0.97,0.974,18612.68
1754107200,0.974,0.979,0.969,0.976,12028.86
1754110800,0.976,0.976,0.967,0.969,27974.48
1754114400,0.969,0.969,0.944,0.951,6640.3
1754118000,0.95,0.97,0.943,0.968,18913.58
1754121600,0.967,0.969,0.958,0.96,7687.02
1754125200,0.958,0.96,0.954,0.958,8799.64
1754128800,0.955,0.957,0.947,0.954,13419.54
1754132400,0.954,0.961,0.945,0.953,41479.22
1754136000,0.952,0.956,0.946,0.953,26567.23
1754139600,0.954,0.961,0.946,0.956,13565.01
1754143200,0.957,0.959,0.938,0.943,31505.95
1754146800,0.944,0.952,0.932,0.936,57302.97
1754150400,0.937,0.946,0.925,0.941,58215.38
1754154000,0.939,0.947,0.92,0.927,82380.04
1754157600,0.925,0.932,0.911,0.916,118483.66
1754161200,0.916,0.938,0.912,0.928,75993.06
1754164800,0.93,0.937,0.926,0.937,22319.76
1754168400,0.937,0.94,0.926,0.935,67233.2
1754172000,0.936,0.941,0.926,0.939,7986.93
1754175600,0.939,0.941,0.928,0.935,34480.59
1754179200,0.935,0.952,0.926,0.95,77539.59
1754182800,0.948,0.953,0.946,0.953,6280.58
1754186400,0.954,0.962,0.954,0.961,11437.74
1754190000,0.96,0.963,0.958,0.958,15064.28
1754193600,0.958,0.962,0.957,0.962,44803.81
1754197200,0.962,0.964,0.961,0.963,50535.21
1754200800,0.963,0.964,0.958,0.964,10740.28
1754204400,0.963,0.967,0.963,0.965,9868.93
1754208000,0.966,0.967,0.961,0.965,49581.16
1754211600,0.965,0.966,0.962,0.966,16072.11
1754215200,0.967,0.97,0.966,0.968,5038.29
1754218800,0.968,0.974,0.965,0.967,61929.41
1754222400,0.965,0.974,0.96,0.967,86045.86
1754226000,0.965,0.969,0.963,0.965,16476.04
1754229600,0.966,0.97,0.962,0.968,39726.18
1754233200,0.968,0.975,0.965,0.97,319995.4
1754236800,0.97,0.974,0.967,0.973,28187.38
1754240400,0.972,0.974,0.969,0.972,16612.24
1754244000,0.971,0.974,0.968,0.972,283120.22
1754247600,0.972,0.978,0.971,0.971,10597.41
1754251200,0.971,0.975,0.969,0.974,39982.04
1754254800,0.974,0.978,0.973,0.978,82463.86
1754258400,0.979,0.981,0.972,0.976,75067.75
1754262000,0.976,0.983,0.974,0.974,52992
1754265600,0.974,0.995,0.973,0.995,95268.25
1754269200,0.993,0.996,0.984,0.985,20785.32
1754272800,0.983,0.998,0.974,0.989,337037.45
1754276400,0.99,0.991,0.984,0.986,20077.03
1754280000,0.988,0.992,0.983,0.984,70791.18
1754283600,0.983,0.984,0.979,0.984,92046.23
1754287200,0.984,0.985,0.978,0.984,12535.91
1754290800,0.985,0.988,0.984,0.985,5963.92
1754294400,0.987,0.988,0.982,0.983,6477.53
1754298000,0.984,0.987,0.98,0.981,17180.25
1754301600,0.98,0.985,0.98,0.982,22569.37
1754305200,0.979,0.982,0.976,0.979,6925.88
1754308800,0.978,0.982,0.978,0.982,24374.51
1754312400,0.983,0.996,0.977,0.995,111055.14
1754316000,0.995,1.008,0.988,0.991,94389.05
1754319600,0.992,0.999,0.986,0.995,40380.42
1754323200,0.995,1.008,0.994,1.008,25482.1
1754326800,1.006,1.016,0.999,1.001,62775.37
1754330400,1,1.001,0.991,0.993,10828.84
1754334000,0.992,0.993,0.976,0.98,64622.62
1754337600,0.981,0.993,0.977,0.991,61773.94
1754341200,0.991,1.003,0.99,1,34617.29
1754344800,1,1.006,0.997,1.003,111515.09
1754348400,1.003,1.005,0.998,0.998,18985.34
1754352000,0.999,1,0.993,0.995,24458.12
1754355600,0.995,0.999,0.986,0.987,19090.19
1754359200,0.989,0.989,0.984,0.985,10931.13
1754362800,0.983,0.985,0.969,0.971,18017.06
1754366400,0.973,0.974,0.965,0.971,22148.99
1754370000,0.971,0.972,0.964,0.967,13400.61
1754373600,0.968,0.969,0.955,0.957,7732.14
1754377200,0.956,0.957,0.943,0.945,43398.94
1754380800,0.943,0.964,0.941,0.957,102463.65
1754384400,0.956,0.962,0.955,0.96,13355.47
1754388000,0.958,0.972,0.955,0.968,32517.24
1754391600,0.968,0.977,0.966,0.975,127194.6
1754395200,0.974,0.974,0.953,0.958,28704.33
1754398800,0.959,0.966,0.956,0.963,41564.76
1754402400,0.962,0.963,0.937,0.94,82407.52
1754406000,0.942,0.95,0.933,0.938,86838.73
1754409600,0.937,0.945,0.937,0.944,31015.75
1754413200,0.94,0.947,0.938,0.944,23930.67
1754416800,0.944,0.945,0.935,0.943,47709.21
1754420400,0.942,0.943,0.931,0.937,37040.01
1754424000,0.938,0.943,0.935,0.936,35861.73
1754427600,0.937,0.939,0.928,0.93,84129.06
1754431200,0.927,0.938,0.924,0.936,46447.15
1754434800,0.937,0.947,0.936,0.947,85548.64
1754438400,0.947,0.949,0.935,0.935,13436.75
1754442000,0.934,0.939,0.931,0.936,114494.43
1754445600,0.936,0.938,0.93,0.933,75252.04
1754449200,0.932,0.933,0.926,0.931,52371.84
1754452800,0.929,0.929,0.918,0.923,214614.15
1754456400,0.923,0.95,0.92,0.94,26276.1
1754460000,0.94,0.945,0.933,0.944,6663.97
1754463600,0.946,0.949,0.943,0.948,16633.52
1754467200,0.948,0.949,0.937,0.94,3672.91
1754470800,0.94,0.95,0.938,0.94,13732.4
1754474400,0.939,0.94,0.935,0.939,5025.77
1754478000,0.938,0.944,0.936,0.94,2868.62
1754481600,0.936,0.937,0.928,0.932,10895.43
1754485200,0.932,0.941,0.931,0.936,41700.88
1754488800,0.939,0.966,0.933,0.955,702162.99
1754492400,0.956,0.962,0.948,0.962,84674.49
1754496000,0.962,0.965,0.949,0.951,16233.44
1754499600,0.95,0.965,0.949,0.965,24243.26
1754503200,0.965,0.971,0.961,0.964,12028.07
1754506800,0.965,0.965,0.96,0.963,31447.3
1754510400,0.962,0.966,0.961,0.964,81799.04
1754514000,0.965,0.965,0.958,0.962,66704.19
1754517600,0.962,0.971,0.96,0.971,19780.3
1754521200,0.971,0.971,0.965,0.969,136296.82
1754524800,0.966,0.971,0.961,0.965,57629.68
1754528400,0.966,0.975,0.961,0.961,43745.71
1754532000,0.963,0.964,0.959,0.963,45026.71
1754535600,0.964,0.965,0.958,0.96,89560.58
1754539200,0.963,0.966,0.959,0.959,10645.42
1754542800,0.96,0.969,0.957,0.968,121305.43
1754546400,0.967,0.974,0.966,0.971,4309.51
1754550000,0.973,0.976,0.97,0.974,18737.59
1754553600,0.974,0.976,0.968,0.969,5459.04
1754557200,0.968,0.977,0.966,0.977,19253.68
1754560800,0.975,1.001,0.975,1.001,30111.52
1754564400,1.001,1.009,1,1.008,53278.39
1754568000,1.01,1.016,1.002,1.008,59912.08
1754571600,1.008,1.01,1.003,1.008,15133
1754575200,1.006,1.007,0.995,1,33432.99
1754578800,1,1.007,0.994,1.006,102779.51
1754582400,1.009,1.01,0.983,0.995,34527.92
1754586000,0.995,1.001,0.994,0.995,100469.52
1754589600,0.995,0.995,0.988,0.993,51959.05
1754593200,0.992,1.009,0.989,1.008,59518.89
1754596800,1.01,1.012,1.005,1.009,154920.96
1754600400,1.01,1.016,1.009,1.01,39461.39
1754604000,1.013,1.026,1.011,1.025,127067.96
1754607600,1.024,1.027,1.017,1.026,86294.68
1754611200,1.027,1.033,1.01,1.022,355959.27
1754614800,1.021,1.027,1.011,1.019,24588.22
1754618400,1.018,1.024,1.014,1.017,9211.57
1754622000,1.019,1.03,1.018,1.023,38521.97
1754625600,1.023,1.023,1.015,1.015,144601.89
1754629200,1.014,1.019,1.01,1.011,69591.08
1754632800,1.01,1.022,1.008,1.02,31219.13
1754636400,1.02,1.03,1.015,1.026,32479.03
1754640000,1.025,1.031,1.015,1.018,18820.21
1754643600,1.017,1.023,1.014,1.022,40164.35
1754647200,1.021,1.024,1.018,1.021,5077.61
1754650800,1.021,1.026,1.021,1.024,36108.28
1754654400,1.025,1.025,1.01,1.012,26287.65
1754658000,1.014,1.035,1.012,1.035,104659.05
1754661600,1.036,1.043,1.011,1.012,120788.79
1754665200,1.011,1.012,1,1.01,14036.27
1754668800,1.012,1.014,1.007,1.014,14350.88
1754672400,1.015,1.039,1.015,1.039,18075.08
1754676000,1.04,1.044,1.032,1.036,20917.31
1754679600,1.034,1.041,1.033,1.041,15826.19
1754683200,1.041,1.042,1.032,1.041,68872.73
1754686800,1.039,1.04,1.033,1.035,37604.5
1754690400,1.036,1.044,1.035,1.039,5132.3
1754694000,1.038,1.04,1.033,1.036,33224.89
1754697600,1.035,1.043,1.035,1.036,58953.63
1754701200,1.037,1.042,1.033,1.041,19136.28
1754704800,1.041,1.041,1.033,1.033,23318.14
1754708400,1.034,1.037,1.031,1.031,9754.64
1754712000,1.033,1.053,1.03,1.052,38253.66
1754715600,1.05,1.087,1.05,1.082,177636.4
1754719200,1.083,1.083,1.062,1.063,51508.96
1754722800,1.064,1.073,1.064,1.072,29807.94
1754726400,1.072,1.074,1.065,1.071,4891.64
1754730000,1.069,1.079,1.069,1.076,17073.31
1754733600,1.079,1.085,1.077,1.077,11372.29
1754737200,1.078,1.08,1.073,1.076,8102.81
1754740800,1.076,1.097,1.076,1.093,8567.85
1754744400,1.093,1.095,1.069,1.069,43665.93
1754748000,1.07,1.08,1.065,1.077,73054.87
1754751600,1.077,1.081,1.068,1.076,99723.65
1754755200,1.078,1.08,1.066,1.069,48266.96
1754758800,1.069,1.079,1.067,1.074,25532.77
1754762400,1.075,1.084,1.073,1.083,25518.21
1754766000,1.081,1.089,1.081,1.084,31804.74
1754769600,1.086,1.099,1.084,1.095,23508.88
1754773200,1.094,1.094,1.079,1.085,15701.55
1754776800,1.085,1.1,1.081,1.082,21711.61
1754780400,1.08,1.084,1.076,1.078,28375.41
1754784000,1.077,1.097,1.077,1.091,88458.8
1754787600,1.093,1.096,1.085,1.089,13485.7
1754791200,1.088,1.096,1.077,1.077,23685.51
1754794800,1.077,1.098,1.073,1.095,35713.75
1754798400,1.094,1.105,1.089,1.097,177666.51
1754802000,1.096,1.096,1.074,1.074,26761.95
1754805600,1.073,1.075,1.059,1.069,68582.44
1754809200,1.071,1.075,1.04,1.044,37258.37
1754812800,1.043,1.054,1.029,1.052,24088.95
1754816400,1.052,1.058,1.05,1.055,5978
1754820000,1.053,1.054,1.04,1.046,9929.77
1754823600,1.047,1.055,1.044,1.045,13028.01
1754827200,1.043,1.051,1.042,1.05,15472.86
1754830800,1.049,1.054,1.038,1.04,12215.8
1754834400,1.042,1.066,1.042,1.063,14468.18
1754838000,1.064,1.073,1.059,1.067,10054.5
1754841600,1.066,1.077,1.066,1.076,38494.93
1754845200,1.078,1.08,1.071,1.079,20743.19
1754848800,1.078,1.087,1.078,1.083,33751.28
1754852400,1.081,1.089,1.079,1.085,35916.69
1754856000,1.089,1.089,1.074,1.077,33232.42
1754859600,1.077,1.077,1.062,1.074,49978.89
1754863200,1.073,1.079,1.07,1.078,14699.59
1754866800,1.077,1.084,1.073,1.081,10252.11
1754870400,1.08,1.086,1.07,1.071,8229.31
1754874000,1.072,1.094,1.072,1.089,83506.92
1754877600,1.088,1.111,1.088,1.1,84699.19
1754881200,1.101,1.101,1.093,1.098,78053.07
1754884800,1.097,1.106,1.091,1.091,13482.7
1754888400,1.09,1.098,1.089,1.092,72196.24
1754892000,1.096,1.097,1.088,1.088,4043.47
1754895600,1.088,1.089,1.066,1.067,10056.87
1754899200,1.065,1.08,1.061,1.079,6722.77
1754902800,1.078,1.082,1.066,1.066,27235.07
1754906400,1.065,1.07,1.061,1.062,18492.12
1754910000,1.064,1.064,1.025,1.03,72591.67
1754913600,1.028,1.033,1.016,1.022,73022.69
1754917200,1.022,1.039,1.014,1.033,171514.24
1754920800,1.034,1.042,1.027,1.031,64839.35
1754924400,1.029,1.038,1.023,1.038,22748.61
1754928000,1.039,1.053,1.029,1.035,45975.86
1754931600,1.034,1.039,1.021,1.024,43736.82
1754935200,1.021,1.028,1.013,1.025,40893.04
1754938800,1.026,1.026,1.009,1.017,108979.19
1754942400,1.015,1.015,1.008,1.011,50528.94
1754946000,1.011,1.016,0.987,0.995,44404.99
1754949600,0.995,0.996,0.978,0.989,43115.34
1754953200,0.99,0.994,0.988,0.99,17824
1754956800,0.991,1.01,0.991,1,143325.96
1754960400,1,1.003,0.998,1,18293
1754964000,0.999,1.009,0.998,0.998,12758.04
1754967600,0.999,1.001,0.992,0.992,36728.63
1754971200,0.993,0.998,0.99,0.996,38040.65
1754974800,0.995,0.995,0.981,0.987,21903.41
1754978400,0.985,0.991,0.975,0.987,13988.86
1754982000,0.989,0.996,0.989,0.995,4497.74
1754985600,0.995,0.995,0.984,0.986,5340.53
1754989200,0.986,0.988,0.979,0.979,5484.25
1754992800,0.977,0.981,0.974,0.975,5049.84
1754996400,0.977,0.98,0.964,0.977,145540.39
1755000000,0.975,1.015,0.973,1.004,171433.09
1755003600,1.003,1.016,0.994,1.003,276040.06
1755007200,1.003,1.021,1.001,1.02,39900.02
1755010800,1.02,1.039,1.019,1.039,36006.7
1755014400,1.04,1.047,1.032,1.047,149173.88
1755018000,1.047,1.062,1.046,1.053,27146.67
1755021600,1.051,1.066,1.051,1.055,103037.18
1755025200,1.055,1.064,1.053,1.064,26382.64
1755028800,1.064,1.077,1.061,1.069,141414.02
1755032400,1.07,1.073,1.06,1.064,26257.26
1755036000,1.064,1.066,1.058,1.064,94757.81
1755039600,1.063,1.064,1.057,1.059,56340.32
1755043200,1.06,1.065,1.056,1.056,51213.6
1755046800,1.057,1.057,1.044,1.051,38879.97
1755050400,1.047,1.067,1.042,1.067,8096.6
1755054000,1.067,1.073,1.058,1.069,18006.84
1755057600,1.071,1.077,1.064,1.07,24533.13
1755061200,1.071,1.073,1.059,1.062,22067.37
1755064800,1.058,1.065,1.052,1.063,7581.27
1755068400,1.065,1.078,1.064,1.078,39734.48
1755072000,1.079,1.095,1.078,1.094,40167.11
1755075600,1.093,1.095,1.083,1.093,36839.76
1755079200,1.093,1.098,1.089,1.091,54475.65
1755082800,1.091,1.096,1.086,1.092,19655.4
1755086400,1.094,1.095,1.082,1.085,18971.69
1755090000,1.085,1.103,1.076,1.091,71968.09
1755093600,1.093,1.096,1.074,1.079,37464.1
1755097200,1.082,1.089,1.069,1.083,28779.78
1755100800,1.082,1.098,1.082,1.09,55937.43
1755104400,1.088,1.113,1.088,1.112,77556.34
1755108000,1.113,1.122,1.09,1.098,51633.42
1755111600,1.099,1.108,1.095,1.107,30921.57
1755115200,1.105,1.113,1.094,1.107,90601.27
1755118800,1.106,1.12,1.103,1.107,182063.17
1755122400,1.11,1.137,1.11,1.13,136035.51
1755126000,1.133,1.142,1.118,1.121,99689.96
1755129600,1.12,1.138,1.111,1.111,125686.66
1755133200,1.11,1.126,1.102,1.122,169786.64
1755136800,1.122,1.135,1.115,1.134,48075.27
1755140400,1.134,1.137,1.126,1.13,51444.9
1755144000,1.127,1.137,1.121,1.122,53159.71
1755147600,1.123,1.126,1.116,1.122,52889.61
1755151200,1.123,1.125,1.103,1.119,88252.25
1755154800,1.117,1.119,1.108,1.112,64616.87
1755158400,1.113,1.113,1.084,1.085,57041.01
1755162000,1.083,1.105,1.079,1.099,56973.32
1755165600,1.094,1.097,1.074,1.085,31378.93
1755169200,1.083,1.089,1.076,1.081,32788.27
1755172800,1.079,1.087,1,1.013,220288.44
1755176400,1.013,1.031,0.992,1.025,170489.56
1755180000,1.023,1.037,1.019,1.025,89489.27
1755183600,1.026,1.03,1.019,1.019,183870.72
1755187200,1.019,1.019,1.001,1.004,38784.05
1755190800,1.004,1.014,0.999,1.009,231020.17
1755194400,1.008,1.01,0.993,1.005,75125.82
1755198000,1.006,1.02,1.005,1.006,104282.05
1755201600,1.005,1.01,0.999,1.005,19449.64
1755205200,1.004,1.009,0.98,0.993,72829.98
1755208800,0.992,1.004,0.986,1.003,28416.04
1755212400,1.003,1.006,0.996,0.999,117829.09
1755216000,0.999,1.01,0.996,1.001,76975.94
1755219600,1,1.016,0.998,1.012,41504.17
1755223200,1.013,1.015,1.006,1.008,49810.67
1755226800,1.008,1.021,1.008,1.011,50022.32
1755230400,1.012,1.017,1.006,1.007,5351.77
1755234000,1.008,1.013,1.003,1.013,149107.65
1755237600,1.014,1.023,1.014,1.017,12472.14
1755241200,1.017,1.021,1.011,1.014,28562.99
1755244800,1.016,1.022,1.012,1.016,18775.67
1755248400,1.015,1.017,1.001,1.006,19160.28
1755252000,1.005,1.012,1.004,1.007,15457.05
1755255600,1.006,1.009,0.999,1.003,12993.13
1755259200,1.001,1.016,0.993,1.006,47960.76
1755262800,1.004,1.009,0.991,0.996,82972.02
1755266400,0.995,0.999,0.979,0.982,67657.74
1755270000,0.98,0.982,0.955,0.964,129849.13
1755273600,0.962,0.973,0.955,0.971,46486.38
1755277200,0.972,0.978,0.963,0.976,50903.53
1755280800,0.975,0.979,0.96,0.96,66705.13
1755284400,0.963,0.971,0.963,0.963,38484.72
1755288000,0.967,0.976,0.966,0.976,8812.95
1755291600,0.975,0.983,0.97,0.982,18543.34
1755295200,0.982,0.998,0.981,0.997,71522.95
1755298800,0.998,1.001,0.979,0.987,33946.27
1755302400,0.986,1,0.986,0.998,19213.46
1755306000,0.996,0.998,0.992,0.994,16155.45
1755309600,0.991,0.996,0.991,0.992,14407.12
1755313200,0.992,0.995,0.988,0.989,62472.53
1755316800,0.989,0.995,0.985,0.991,145038.23
1755320400,0.99,0.991,0.983,0.984,14783.03
1755324000,0.984,0.987,0.983,0.983,8230.05
1755327600,0.984,0.993,0.984,0.987,20739.01
1755331200,0.988,0.989,0.984,0.984,21279.46
1755334800,0.984,0.993,0.976,0.976,6433.44
1755338400,0.979,0.984,0.976,0.982,10807.6
1755342000,0.983,0.987,0.977,0.977,10448.84
1755345600,0.975,0.985,0.972,0.985,30188.13
1755349200,0.985,0.99,0.978,0.979,17087.61
1755352800,0.98,0.992,0.976,0.992,21557
1755356400,0.991,0.997,0.989,0.991,19059.14
1755360000,0.994,0.996,0.988,0.994,10784.71
1755363600,0.994,0.995,0.988,0.991,34442.39
1755367200,0.991,0.997,0.991,0.994,15241.81
1755370800,0.994,1.001,0.994,0.995,35335.06
1755374400,0.995,1.003,0.995,1.002,25477.45
1755378000,1.003,1.006,0.999,0.999,91047.67
1755381600,0.999,1.009,0.997,1.009,9012.19
1755385200,1.008,1.008,1.003,1.006,4304.72
1755388800,1.004,1.006,0.998,0.998,39794.93
1755392400,0.998,1.001,0.995,0.998,4515.63
1755396000,0.997,1.005,0.994,1.004,15856.13
1755399600,1.004,1.007,0.999,1.005,13952.97
1755403200,1.002,1.011,1.002,1.009,42277.31
1755406800,1.009,1.012,1.001,1.003,24143.62
1755410400,1.004,1.006,0.999,0.999,2371.41
1755414000,1,1.007,0.997,1.007,10692.13
1755417600,1.007,1.018,1.005,1.017,1356.12
1755421200,1.014,1.014,1.008,1.012,12810.56
1755424800,1.012,1.014,1.007,1.013,13573.72
1755428400,1.011,1.015,1.009,1.015,14126.87
1755432000,1.014,1.016,1.008,1.008,16488.33
1755435600,1.008,1.014,1.006,1.013,4399.22
1755439200,1.013,1.02,1.011,1.02,17430.9
1755442800,1.02,1.032,1.014,1.032,37999.96
1755446400,1.033,1.036,1.018,1.02,40429.5
1755450000,1.022,1.022,1.015,1.019,14613.89
1755453600,1.019,1.022,0.996,1.009,26903.91
1755457200,1.011,1.013,1.001,1.004,69058.5
1755460800,1.005,1.011,1.001,1.003,107671.9
1755464400,1.003,1.006,1.001,1.004,6169.97
1755468000,1.004,1.017,1.004,1.013,442163.88
1755471600,1.013,1.013,1,1,6576.65
1755475200,1,1.002,0.991,1.002,26569.07
1755478800,1.002,1.002,0.981,0.981,41934.29
1755482400,0.98,0.983,0.961,0.963,45800.31
1755486000,0.963,0.965,0.95,0.962,131321.25
1755489600,0.963,0.971,0.959,0.97,15770.14
1755493200,0.969,0.973,0.957,0.965,89482.57
1755496800,0.964,0.966,0.946,0.954,119944.18
1755500400,0.953,0.958,0.95,0.955,18622.69
1755504000,0.952,0.957,0.947,0.947,5529.84
1755507600,0.948,0.965,0.941,0.96,62303.77
1755511200,0.959,0.96,0.955,0.956,18293.69
1755514800,0.956,0.959,0.952,0.955,7353.72
1755518400,0.956,0.969,0.955,0.967,42357.42
1755522000,0.967,0.97,0.948,0.948,22093.53
1755525600,0.949,0.957,0.946,0.956,37520.8
1755529200,0.957,0.959,0.946,0.959,85702.48
1755532800,0.959,0.964,0.949,0.955,101147.13
1755536400,0.953,0.971,0.952,0.958,64684.91
1755540000,0.957,0.963,0.955,0.963,173965.15
1755543600,0.962,0.964,0.956,0.957,122126.44
1755547200,0.957,0.961,0.951,0.957,6797.96
1755550800,0.957,0.967,0.956,0.965,21378.42
1755554400,0.968,0.972,0.96,0.962,26695.12
1755558000,0.961,0.961,0.952,0.953,34961.1
1755561600,0.954,0.963,0.938,0.963,73546.6
1755565200,0.963,0.966,0.947,0.949,5182.1
1755568800,0.948,0.951,0.942,0.944,178151.88
1755572400,0.944,0.947,0.925,0.928,98077.91
1755576000,0.927,0.935,0.92,0.935,40418.09
1755579600,0.937,0.937,0.929,0.929,5670.02
1755583200,0.93,0.933,0.927,0.927,9333.93
1755586800,0.928,0.93,0.923,0.93,35317.78
1755590400,0.93,0.941,0.924,0.941,16492.28
1755594000,0.943,0.947,0.941,0.942,32024.8
1755597600,0.943,0.951,0.941,0.948,5922.75
1755601200,0.949,0.952,0.945,0.951,29894.6
1755604800,0.95,0.95,0.943,0.943,33751.12
1755608400,0.943,0.953,0.933,0.939,78694.18
1755612000,0.942,0.942,0.918,0.922,109810.05
1755615600,0.923,0.932,0.918,0.919,68156.81
1755619200,0.919,0.921,0.908,0.91,155014.95
1755622800,0.91,0.918,0.906,0.914,29141.91
1755626400,0.915,0.916,0.9,0.903,99853.99
1755630000,0.901,0.915,0.897,0.906,80987.86
1755633600,0.906,0.913,0.901,0.912,89555.56
1755637200,0.912,0.913,0.908,0.912,49439.87
1755640800,0.912,0.914,0.906,0.909,54101.51
1755644400,0.907,0.908,0.899,0.9,75764.63
1755648000,0.902,0.91,0.9,0.906,23874.15
1755651600,0.905,0.908,0.895,0.908,28534.59
1755655200,0.906,0.911,0.905,0.91,5714.85
1755658800,0.911,0.918,0.907,0.91,4514.43
1755662400,0.91,0.92,0.91,0.918,17747.77
1755666000,0.917,0.922,0.914,0.921,47195.48
1755669600,0.922,0.922,0.917,0.92,7923.57
1755673200,0.921,0.927,0.921,0.925,6306.63
1755676800,0.925,0.936,0.925,0.936,17571.12
1755680400,0.935,0.942,0.934,0.939,176834.47
1755684000,0.938,0.941,0.934,0.935,43147.74
1755687600,0.934,0.935,0.915,0.929,6480.68
1755691200,0.93,0.936,0.922,0.928,10938.07
1755694800,0.928,0.93,0.909,0.916,10886.31
1755698400,0.914,0.937,0.905,0.929,88979.63
1755702000,0.93,0.949,0.929,0.942,104818.93
1755705600,0.946,0.954,0.941,0.947,68316.51
1755709200,0.948,0.955,0.944,0.951,52797.27
1755712800,0.952,0.952,0.939,0.947,41792.25
1755716400,0.948,0.96,0.947,0.956,239823.63
1755720000,0.956,1.104,0.953,0.956,1193993.84
1755723600,0.957,0.961,0.952,0.96,36502.98
1755727200,0.96,0.973,0.957,0.965,194052.49
1755730800,0.964,0.967,0.959,0.961,43227.17
1755734400,0.961,0.962,0.956,0.96,27053.74
1755738000,0.959,0.965,0.954,0.965,40284.13
1755741600,0.966,0.967,0.949,0.955,81197.03
1755745200,0.955,0.966,0.955,0.956,23385.06
1755748800,0.958,0.959,0.953,0.956,22899.63
1755752400,0.955,0.959,0.952,0.958,11703.08
1755756000,0.957,0.957,0.949,0.949,31315.31
1755759600,0.95,0.954,0.946,0.951,35303.92
1755763200,0.952,0.952,0.942,0.942,17937.95
1755766800,0.942,0.945,0.938,0.94,14726.2
1755770400,0.94,0.943,0.939,0.94,12286.21
1755774000,0.942,0.943,0.932,0.936,118010.5
1755777600,0.935,0.936,0.923,0.928,27077.11
1755781200,0.929,0.942,0.929,0.932,94405.62
1755784800,0.933,0.945,0.926,0.929,33229.78
1755788400,0.931,0.932,0.922,0.925,85773.48
1755792000,0.925,0.932,0.923,0.924,13040.37
1755795600,0.923,0.933,0.921,0.931,49999.51
1755799200,0.932,0.938,0.929,0.937,18631.59
1755802800,0.935,0.938,0.924,0.927,20615.05
1755806400,0.926,0.938,0.923,0.933,160162.97
1755810000,0.933,0.939,0.928,0.935,104526.87
1755813600,0.936,0.942,0.935,0.939,88196.99
1755817200,0.94,0.941,0.929,0.935,90927.96
1755820800,0.936,0.94,0.93,0.931,42555.01
1755824400,0.931,0.938,0.925,0.935,52955.82
1755828000,0.934,0.946,0.934,0.939,57637.93
1755831600,0.939,0.944,0.928,0.931,31805.67
1755835200,0.93,0.939,0.928,0.932,143037.72
1755838800,0.931,0.936,0.928,0.934,30349.09
1755842400,0.933,0.938,0.926,0.927,28277.8
1755846000,0.927,0.935,0.927,0.933,12369.5
1755849600,0.934,0.94,0.932,0.934,13623.16
1755853200,0.933,0.935,0.929,0.934,16492
1755856800,0.933,0.933,0.923,0.924,13093.71
1755860400,0.925,0.925,0.915,0.915,46045.01
1755864000,0.915,0.916,0.895,0.904,65721.5
1755867600,0.905,0.925,0.901,0.925,49139.67
1755871200,0.925,0.983,0.925,0.974,329086.16
1755874800,0.974,0.991,0.974,0.979,98776.92
1755878400,0.98,1.004,0.98,1.003,91914.09
1755882000,1.004,1.018,1.004,1.011,83692.62
1755885600,1.014,1.024,1.011,1.022,63515.06
1755889200,1.021,1.027,1.019,1.024,33382.46
1755892800,1.024,1.025,1.019,1.022,30112.32
1755896400,1.023,1.028,1.019,1.025,35085.17
1755900000,1.025,1.027,1.015,1.021,69189.67
1755903600,1.019,1.031,1.019,1.027,11596.86
1755907200,1.029,1.029,1.018,1.019,20077.48
1755910800,1.018,1.019,0.999,1.011,93772.59
1755914400,1.012,1.012,0.986,0.995,59195.65
1755918000,0.994,1.001,0.992,0.997,18141.36
1755921600,0.998,1.015,0.998,1.015,85394.74
1755925200,1.015,1.026,1.014,1.026,40341.09
1755928800,1.024,1.025,1.017,1.017,8191.24
1755932400,1.016,1.022,1.009,1.015,37022.59
1755936000,1.014,1.019,1.011,1.016,3071.28
1755939600,1.014,1.02,1.011,1.018,8966.29
1755943200,1.019,1.019,1.008,1.011,27917.7
1755946800,1.012,1.016,1.009,1.016,4280.21
1755950400,1.014,1.02,1.01,1.01,15834.5
1755954000,1.01,1.018,1.01,1.014,20552.13
1755957600,1.013,1.019,1.009,1.01,20592.57
1755961200,1.011,1.016,1.009,1.014,12166.28
1755964800,1.013,1.014,1.005,1.012,41297.41
1755968400,1.014,1.015,1.007,1.009,19624.19
1755972000,1.007,1.012,1.007,1.01,27663.75
1755975600,1.009,1.02,1.009,1.02,24349.04
1755979200,1.02,1.02,1.01,1.011,6910.05
1755982800,1.012,1.012,1.005,1.008,24087.23
1755986400,1.008,1.014,1.008,1.014,4208.35
1755990000,1.015,1.015,1.008,1.013,13776.46
1755993600,1.012,1.015,1.009,1.009,9651.76
1755997200,1.008,1.009,1,1.002,11728.73
1756000800,1.001,1.006,0.995,0.995,20440.4
1756004400,0.994,0.997,0.992,0.995,14002.38
1756008000,0.996,0.996,0.986,0.99,23598.03
1756011600,0.989,0.989,0.978,0.98,8519.62
1756015200,0.98,0.98,0.967,0.967,58190.96
1756018800,0.969,0.978,0.969,0.971,2336.11
1756022400,0.969,0.976,0.969,0.972,5660.95
1756026000,0.973,0.974,0.969,0.969,5021.23
1756029600,0.97,0.97,0.955,0.958,11363.65
1756033200,0.958,0.963,0.956,0.959,21725.32
1756036800,0.958,0.963,0.957,0.962,32079.29
1756040400,0.964,0.969,0.96,0.96,9342.92
1756044000,0.959,0.97,0.958,0.97,14615.82
1756047600,0.971,0.98,0.968,0.968,11441.01
1756051200,0.969,0.974,0.964,0.971,20895.2
1756054800,0.974,0.994,0.974,0.988,8479.66
1756058400,0.99,1.023,0.99,1.018,36699.96
1756062000,1.02,1.028,0.969,0.987,179224.74
1756065600,0.989,0.991,0.961,0.979,24665.13
1756069200,0.978,0.988,0.973,0.977,28194.45
1756072800,0.974,0.974,0.958,0.973,8307.86
1756076400,0.973,0.978,0.969,0.971,25242.51
1756080000,0.971,0.975,0.946,0.956,69127.73
1756083600,0.957,0.967,0.955,0.967,19358.23
1756087200,0.968,0.984,0.966,0.981,19391.69
1756090800,0.979,0.985,0.971,0.971,9537.33
1756094400,0.972,0.972,0.961,0.961,5700.1
1756098000,0.961,0.965,0.942,0.942,42918.03
1756101600,0.944,0.946,0.931,0.932,9851.53
1756105200,0.932,0.937,0.921,0.924,24425.12
1756108800,0.924,0.933,0.918,0.929,24366.92
1756112400,0.929,0.929,0.92,0.92,6646.96
1756116000,0.919,0.923,0.909,0.914,31370.32
1756119600,0.913,0.92,0.912,0.919,43893.2
1756123200,0.918,0.922,0.914,0.921,20461.75
1756126800,0.919,0.921,0.909,0.915,54702.84
1756130400,0.916,0.958,0.916,0.949,73036.45
1756134000,0.948,0.948,0.926,0.927,42580.02
1756137600,0.926,0.937,0.92,0.922,89840.63
1756141200,0.922,0.923,0.915,0.919,95971.5
1756144800,0.918,0.922,0.914,0.916,30513.24
1756148400,0.916,0.916,0.898,0.899,89074.63
1756152000,0.899,0.901,0.87,0.87,287858.71
1756155600,0.87,0.879,0.865,0.868,91180.04
1756159200,0.87,0.885,0.867,0.879,67326.43
1756162800,0.879,0.885,0.875,0.883,48818.54
1756166400,0.884,0.906,0.882,0.894,121729.13
1756170000,0.894,0.901,0.89,0.895,57927.99
1756173600,0.896,0.902,0.888,0.891,21865.38
1756177200,0.891,0.897,0.888,0.891,41449.72
1756180800,0.891,0.896,0.89,0.894,55712.55
1756184400,0.895,0.899,0.89,0.89,9924.09
1756188000,0.889,0.896,0.889,0.89,13221.39
1756191600,0.891,0.902,0.886,0.896,12380.82
1756195200,0.896,0.898,0.889,0.893,63180.92
1756198800,0.891,0.893,0.887,0.891,27559.59
1756202400,0.891,0.901,0.889,0.896,14252.2
1756206000,0.896,0.896,0.886,0.89,13769.48
1756209600,0.888,0.919,0.886,0.911,46400.31
1756213200,0.909,0.913,0.894,0.906,206295
1756216800,0.906,0.916,0.9,0.914,39216.39
1756220400,0.913,0.918,0.905,0.91,57121.35
1756224000,0.911,0.923,0.911,0.923,59288.54
1756227600,0.923,0.93,0.919,0.925,25531.35
1756231200,0.925,0.933,0.924,0.931,48286.57
1756234800,0.928,0.945,0.923,0.943,58202.31
1756238400,0.939,0.956,0.937,0.954,86945.36
1756242000,0.953,0.953,0.941,0.953,36290.68
1756245600,0.953,0.953,0.946,0.953,22292.05
1756249200,0.952,0.954,0.947,0.952,13628.02
1756252800,0.953,0.954,0.944,0.946,20039.21
1756256400,0.944,0.953,0.939,0.95,26098.11
1756260000,0.949,0.955,0.944,0.95,122467.32
1756263600,0.951,0.962,0.946,0.959,63409.16
1756267200,0.957,0.967,0.957,0.96,20628.78
1756270800,0.96,0.962,0.951,0.956,11465.78
1756274400,0.955,0.96,0.953,0.955,17565.56
1756278000,0.955,0.955,0.942,0.945,5728.88
1756281600,0.946,0.947,0.936,0.941,10948.51
1756285200,0.941,0.946,0.939,0.942,12356.94
1756288800,0.942,0.944,0.938,0.942,9460.9
1756292400,0.941,0.944,0.939,0.941,16635.49
1756296000,0.94,0.943,0.933,0.939,64276.48
1756299600,0.94,0.95,0.935,0.94,25957.12
1756303200,0.94,0.955,0.937,0.944,76503.57
1756306800,0.944,0.951,0.94,0.95,94894.09
1756310400,0.949,0.951,0.939,0.943,15970.57
1756314000,0.943,0.952,0.941,0.951,19728.81
1756317600,0.949,0.953,0.945,0.948,47886.92
1756321200,0.949,0.949,0.937,0.946,18777.87
1756324800,0.945,0.958,0.935,0.954,79441.33
1756328400,0.953,0.957,0.939,0.94,48465.17
1756332000,0.941,0.947,0.932,0.938,25468.39
1756335600,0.939,0.942,0.93,0.932,47812.25
1756339200,0.932,0.936,0.924,0.933,29261.33
1756342800,0.934,0.941,0.933,0.937,31329.8
1756346400,0.938,0.944,0.934,0.937,21918.71
1756350000,0.937,0.944,0.935,0.943,58652.03
1756353600,0.942,0.951,0.94,0.95,66295.69
1756357200,0.951,0.954,0.943,0.948,13946.73
1756360800,0.946,0.948,0.943,0.947,7492.74
1756364400,0.947,0.954,0.944,0.954,13258.5
1756368000,0.954,0.958,0.947,0.949,13158.71
1756371600,0.947,0.948,0.94,0.941,16415.31
1756375200,0.943,0.95,0.942,0.949,13450.31
1756378800,0.948,0.95,0.946,0.95,21215.87
1756382400,0.949,0.953,0.947,0.949,16676.81
1756386000,0.948,0.954,0.946,0.95,60042.89
1756389600,0.951,0.961,0.949,0.958,155512.22
1756393200,0.958,0.965,0.949,0.951,38447.67
1756396800,0.952,0.958,0.933,0.934,33846.1
1756400400,0.935,0.946,0.935,0.943,14840.78
1756404000,0.943,0.952,0.941,0.947,15901.27
1756407600,0.946,0.949,0.935,0.935,13093.86
1756411200,0.934,0.946,0.934,0.944,245882.92
1756414800,0.944,0.951,0.943,0.949,71178.22
1756418400,0.951,0.964,0.951,0.961,30197.55
1756422000,0.961,0.962,0.955,0.961,26826.9
1756425600,0.96,0.965,0.956,0.958,35549.92
1756429200,0.959,0.96,0.943,0.945,21005.27
1756432800,0.944,0.954,0.944,0.95,11893.03
1756436400,0.952,0.959,0.945,0.958,23507.91
1756440000,0.958,0.961,0.952,0.954,7206.11
1756443600,0.954,0.957,0.949,0.952,14870.1
1756447200,0.953,0.953,0.942,0.945,51114.35
1756450800,0.944,0.944,0.92,0.925,30811.02
1756454400,0.924,0.924,0.91,0.912,19594.96
1756458000,0.913,0.921,0.907,0.919,16940.47
1756461600,0.918,0.925,0.918,0.923,12181.23
1756465200,0.924,0.927,0.916,0.917,8442.72
1756468800,0.917,0.942,0.917,0.929,52910.3
1756472400,0.928,0.928,0.905,0.915,45518.86
1756476000,0.92,0.921,0.899,0.911,70854.03
1756479600,0.91,0.92,0.903,0.907,31593.12
1756483200,0.906,0.911,0.9,0.904,103260.79
1756486800,0.904,0.904,0.89,0.897,358885.54
1756490400,0.896,0.9,0.89,0.895,53461.88
1756494000,0.895,0.909,0.893,0.904,24700.95
1756497600,0.905,0.905,0.896,0.897,34052.28
1756501200,0.895,0.911,0.893,0.909,63314.73
1756504800,0.909,0.91,0.902,0.909,98428.68
1756508400,0.91,0.91,0.903,0.903,12604.92
1756512000,0.903,0.908,0.901,0.903,12575.4
1756515600,0.903,0.904,0.887,0.889,22706.76
1756519200,0.888,0.906,0.888,0.906,6543.61
1756522800,0.906,0.922,0.906,0.916,32230
1756526400,0.916,0.917,0.911,0.911,4030.87
1756530000,0.91,0.917,0.91,0.912,4827.8
1756533600,0.913,0.915,0.909,0.912,2363.84
1756537200,0.913,0.92,0.913,0.918,6685.81
1756540800,0.918,0.919,0.911,0.911,4947.46
1756544400,0.911,0.912,0.907,0.908,17901.03
1756548000,0.907,0.912,0.907,0.911,4426.39
1756551600,0.91,0.915,0.91,0.914,6350.29
1756555200,0.914,0.914,0.904,0.904,5482.46
1756558800,0.905,0.906,0.896,0.904,12736.23
1756562400,0.903,0.906,0.9,0.905,23345.45
1756566000,0.906,0.914,0.905,0.911,10357.94
1756569600,0.912,0.912,0.9,0.901,14379.46
1756573200,0.901,0.904,0.899,0.902,12619.67
1756576800,0.902,0.903,0.897,0.9,5655.87
1756580400,0.9,0.903,0.898,0.902,4905.11
1756584000,0.902,0.903,0.898,0.9,7731.21
1756587600,0.899,0.902,0.898,0.899,5061.65
1756591200,0.899,0.902,0.896,0.902,4990.71
1756594800,0.903,0.905,0.902,0.905,6687.8
1756598400,0.906,0.915,0.904,0.914,16632.99
1756602000,0.914,0.917,0.911,0.917,7934.42
1756605600,0.917,0.917,0.913,0.915,8200.45
1756609200,0.915,0.916,0.913,0.916,15140.17
1756612800,0.916,0.916,0.907,0.908,20416.67
1756616400,0.909,0.909,0.903,0.904,3523.13
1756620000,0.905,0.905,0.9,0.901,4108.45
1756623600,0.903,0.905,0.901,0.902,1478.74
1756627200,0.903,0.911,0.903,0.911,4936.82
1756630800,0.909,0.913,0.901,0.901,12060.06
1756634400,0.902,0.902,0.896,0.899,4364.84
1756638000,0.898,0.906,0.898,0.904,5786.96
1756641600,0.903,0.903,0.897,0.903,10237.46
1756645200,0.903,0.905,0.897,0.898,10915.87
1756648800,0.898,0.9,0.894,0.897,14957.38
1756652400,0.898,0.905,0.898,0.903,13820.72
1756656000,0.903,0.903,0.897,0.898,5603.7
1756659600,0.898,0.9,0.896,0.899,31624.4
1756663200,0.9,0.907,0.897,0.905,28098.33
1756666800,0.905,0.906,0.898,0.898,9795.66
1756670400,0.897,0.905,0.897,0.9,31600.91
1756674000,0.9,0.902,0.898,0.901,9990.72
1756677600,0.899,0.902,0.89,0.89,15709.27
1756681200,0.89,0.892,0.882,0.882,28681.93
1756684800,0.883,0.884,0.871,0.88,42990.77
1756688400,0.882,0.884,0.877,0.88,6781.86
1756692000,0.88,0.881,0.862,0.864,22541.09
1756695600,0.865,0.869,0.864,0.866,9704.45
1756699200,0.867,0.868,0.859,0.862,62047
1756702800,0.861,0.871,0.857,0.867,56834.04
1756706400,0.866,0.873,0.863,0.869,9475.9
1756710000,0.87,0.893,0.866,0.893,25702.2
1756713600,0.894,0.906,0.892,0.906,83977.72
1756717200,0.906,0.907,0.895,0.895,10676.79
1756720800,0.894,0.894,0.879,0.883,9546.4
1756724400,0.882,0.885,0.875,0.877,11325.47
1756728000,0.877,0.884,0.875,0.881,15192.03
1756731600,0.879,0.885,0.873,0.875,31738.72
1756735200,0.876,0.88,0.87,0.875,33176.93
1756738800,0.873,0.877,0.865,0.867,26150.01
1756742400,0.865,0.87,0.863,0.864,20576.28
1756746000,0.863,0.865,0.856,0.86,113432.69
1756749600,0.861,0.869,0.859,0.867,61595.55
1756753200,0.867,0.869,0.864,0.868,28287.64
1756756800,0.868,0.869,0.841,0.85,95879.61
1756760400,0.85,0.85,0.832,0.84,344204.11
1756764000,0.84,0.847,0.836,0.844,53155.88
1756767600,0.845,0.857,0.845,0.856,79441.2
1756771200,0.856,0.857,0.852,0.856,60009.54
1756774800,0.856,0.866,0.852,0.861,17610.81
1756778400,0.861,0.872,0.86,0.872,15979.87
1756782000,0.872,0.878,0.87,0.873,34173.77
1756785600,0.873,0.879,0.872,0.878,14330.2
1756789200,0.877,0.878,0.873,0.876,11109.64
1756792800,0.877,0.882,0.877,0.882,33492.97
1756796400,0.881,0.882,0.872,0.873,23936.21
1756800000,0.873,0.876,0.871,0.871,23818.43
1756803600,0.872,0.877,0.872,0.877,7555.17
1756807200,0.875,0.877,0.874,0.877,5644.71
1756810800,0.876,0.877,0.871,0.872,5353.77
1756814400,0.873,0.873,0.852,0.854,33990.07
1756818000,0.853,0.885,0.853,0.884,13656.66
1756821600,0.886,0.889,0.875,0.879,9306.74
1756825200,0.88,0.88,0.861,0.865,15731.17
1756828800,0.865,0.874,0.865,0.874,38749.36
1756832400,0.874,0.881,0.874,0.877,16060.35
1756836000,0.878,0.879,0.869,0.877,40965.42
1756839600,0.876,0.881,0.871,0.874,72782.72
1756843200,0.874,0.889,0.874,0.889,5690.47
1756846800,0.889,0.892,0.886,0.887,21708.28
1756850400,0.886,0.89,0.885,0.89,13672.22
1756854000,0.891,0.891,0.887,0.889,18415.26
1756857600,0.887,0.892,0.885,0.885,10187.8
1756861200,0.884,0.893,0.881,0.893,24718.36
1756864800,0.893,0.894,0.889,0.891,11321
1756868400,0.889,0.892,0.887,0.891,37925.2
1756872000,0.889,0.89,0.884,0.884,18424.35
1756875600,0.886,0.886,0.881,0.881,4856.82
1756879200,0.88,0.888,0.88,0.881,4386.25
1756882800,0.881,0.885,0.88,0.885,3098.37
1756886400,0.887,0.887,0.879,0.879,3501.57
1756890000,0.878,0.885,0.877,0.885,3023.28
1756893600,0.882,0.889,0.881,0.887,10371.33
1756897200,0.888,0.889,0.88,0.889,216520.82
1756900800,0.89,0.894,0.885,0.887,24223.07
1756904400,0.886,0.897,0.886,0.895,22578.19
1756908000,0.895,0.903,0.893,0.902,50713.16
1756911600,0.901,0.905,0.896,0.902,17728.05
1756915200,0.903,0.905,0.895,0.897,25257.01
1756918800,0.898,0.903,0.898,0.903,27842.2
1756922400,0.902,0.904,0.9,0.9,12059.13
1756926000,0.901,0.908,0.9,0.908,47157.3
1756929600,0.907,0.909,0.904,0.906,18865.26
1756933200,0.904,0.906,0.901,0.906,22221.7
1756936800,0.906,0.909,0.901,0.904,5829.2
1756940400,0.903,0.905,0.898,0.9,11878.28
1756944000,0.9,0.904,0.899,0.902,8926.81
1756947600,0.902,0.903,0.898,0.903,7190.01
1756951200,0.9,0.903,0.895,0.897,33490.01
1756954800,0.896,0.899,0.891,0.892,9377.44
1756958400,0.893,0.899,0.89,0.893,12765.8
1756962000,0.893,0.893,0.881,0.886,35047.77
1756965600,0.884,0.885,0.879,0.88,10500.92
1756969200,0.879,0.883,0.879,0.883,15328.45
1756972800,0.886,0.886,0.879,0.88,20448.32
1756976400,0.881,0.881,0.877,0.879,3751.05
1756980000,0.881,0.881,0.875,0.875,9603.91
1756983600,0.875,0.889,0.875,0.885,15545.09
1756987200,0.889,0.893,0.877,0.881,24285.12
1756990800,0.88,0.88,0.873,0.877,10814.92
1756994400,0.877,0.877,0.866,0.87,17140.48
1756998000,0.869,0.87,0.861,0.865,31580.03
1757001600,0.864,0.869,0.863,0.869,10139.59
1757005200,0.868,0.872,0.867,0.867,165118.89
1757008800,0.868,0.872,0.863,0.866,15128.49
1757012400,0.864,0.869,0.864,0.868,25820.49
1757016000,0.868,0.876,0.866,0.869,20516.44
1757019600,0.87,0.874,0.867,0.874,41699.23
1757023200,0.874,0.878,0.868,0.878,20152.9
1757026800,0.876,0.877,0.866,0.866,41191.82
1757030400,0.869,0.872,0.867,0.867,7281.16
1757034000,0.868,0.876,0.868,0.876,6284.6
1757037600,0.874,0.877,0.872,0.875,5126.62
1757041200,0.875,0.876,0.871,0.876,8694.64
1757044800,0.875,0.877,0.872,0.875,87880.42
1757048400,0.874,0.878,0.874,0.878,17146.36
1757052000,0.879,0.879,0.875,0.878,7260.68
1757055600,0.877,0.905,0.877,0.899,69921.71
1757059200,0.898,0.898,0.891,0.892,5776.22
1757062800,0.891,0.893,0.886,0.892,9030.13
1757066400,0.893,0.894,0.89,0.891,13477.29
1757070000,0.891,0.896,0.89,0.896,5938.41
1757073600,0.896,0.921,0.895,0.916,86121.22
1757077200,0.919,0.926,0.904,0.908,159596.57
1757080800,0.907,0.907,0.875,0.879,38792.18
1757084400,0.88,0.89,0.877,0.885,39795.05
1757088000,0.884,0.891,0.882,0.891,20014.48
1757091600,0.889,0.89,0.884,0.887,26550.06
1757095200,0.887,0.9,0.885,0.893,29824.62
1757098800,0.896,0.904,0.895,0.904,8635.25
1757102400,0.905,0.908,0.902,0.908,9369.28
1757106000,0.908,0.909,0.9,0.906,44143.22
1757109600,0.906,0.912,0.905,0.912,19940.54
1757113200,0.911,0.919,0.908,0.916,106364.42
1757116800,0.916,0.923,0.91,0.912,341134.78
1757120400,0.911,0.914,0.91,0.914,7820.57
1757124000,0.915,0.915,0.909,0.914,58703.08
1757127600,0.916,0.916,0.912,0.915,12659.11
1757131200,0.914,0.915,0.91,0.911,6266.87
1757134800,0.911,0.911,0.907,0.91,2618.25
1757138400,0.91,0.912,0.909,0.911,3082.47
1757142000,0.911,0.915,0.91,0.915,1931.83
1757145600,0.915,0.915,0.906,0.906,4556.32
1757149200,0.905,0.905,0.901,0.901,15959.39
1757152800,0.902,0.912,0.901,0.912,3974.08
1757156400,0.911,0.912,0.908,0.909,47675.59
1757160000,0.909,0.911,0.906,0.909,10204.76
1757163600,0.909,0.912,0.908,0.911,22410.32
1757167200,0.911,0.917,0.911,0.912,11417.46
1757170800,0.914,0.916,0.91,0.914,12108.31
1757174400,0.913,0.922,0.909,0.92,54346.12
1757178000,0.92,0.924,0.915,0.921,40440.4
1757181600,0.921,0.946,0.921,0.938,173243.59
1757185200,0.937,0.937,0.918,0.919,33461.46
1757188800,0.918,0.948,0.918,0.942,198671.04
1757192400,0.942,0.965,0.939,0.964,166826.32
1757196000,0.964,0.969,0.946,0.96,221316.13
1757199600,0.959,0.97,0.956,0.963,57882.6
1757203200,0.965,0.968,0.954,0.966,58131.13
1757206800,0.964,0.993,0.96,0.989,67425.06
1757210400,0.989,1,0.987,0.993,326206.51
1757214000,0.992,0.999,0.978,0.996,129808.48
1757217600,0.996,1.033,0.996,1.016,519505.02
1757221200,1.018,1.062,1.015,1.05,246220.71
1757224800,1.052,1.059,1.015,1.02,236632.27
1757228400,1.022,1.022,1.008,1.011,142363.31
1757232000,1.012,1.028,1.011,1.019,33605.93
1757235600,1.02,1.024,1.007,1.015,83425.13
1757239200,1.016,1.027,1.016,1.026,49404.25
1757242800,1.027,1.04,1.025,1.04,74807.43
1757246400,1.04,1.051,1.037,1.046,562438.84
1757250000,1.044,1.073,1.036,1.069,627945.74
1757253600,1.068,1.072,1.041,1.064,225045.57
1757257200,1.063,1.077,1.043,1.052,334044.21
1757260800,1.051,1.056,1.038,1.043,408429.32
1757264400,1.043,1.047,1.035,1.039,62240.41
1757268000,1.04,1.041,1.03,1.035,157589.92
1757271600,1.037,1.046,1.033,1.044,184774.85
1757275200,1.042,1.043,1.031,1.038,73895.73
1757278800,1.039,1.054,1.033,1.033,549034.95
1757282400,1.033,1.038,1.027,1.035,50343.09
1757286000,1.035,1.044,1.031,1.033,71970.18
1757289600,1.034,1.04,1.031,1.04,26422.73
1757293200,1.04,1.115,1.039,1.1,405729.63
1757296800,1.1,1.176,1.1,1.172,838001.42
1757300400,1.172,1.227,1.167,1.199,907618.18
1757304000,1.199,1.296,1.172,1.296,1388197.3
1757307600,1.297,1.308,1.256,1.273,763711.67
1757311200,1.275,1.282,1.247,1.262,417880.42
1757314800,1.264,1.278,1.228,1.241,964224.19
1757318400,1.242,1.277,1.239,1.259,324593.88
1757322000,1.259,1.298,1.242,1.26,884531.27
1757325600,1.262,1.295,1.235,1.25,536745
1757329200,1.249,1.255,1.174,1.224,1439179.86
1757332800,1.226,1.28,1.206,1.269,899420.23
1757336400,1.267,1.322,1.26,1.301,1840676.83
1757340000,1.301,1.501,1.301,1.498,3113960.96
1757343600,1.497,1.592,1.471,1.513,3941467.58
1757347200,1.512,1.529,1.482,1.505,2308658.06
1757350800,1.507,1.567,1.486,1.489,1849456.34
1757354400,1.487,1.511,1.419,1.502,1606334.28
1757358000,1.501,1.522,1.481,1.503,656377.85
1757361600,1.502,1.537,1.496,1.508,661891.57
1757365200,1.506,1.551,1.496,1.544,648799.42
1757368800,1.543,1.565,1.506,1.514,1196880.27
1757372400,1.514,1.585,1.509,1.573,651044.32
1757376000,1.575,1.941,1.566,1.757,5330357.24
1757379600,1.757,1.812,1.698,1.754,1812047.9
1757383200,1.756,1.761,1.669,1.721,1253026.48
1757386800,1.723,1.894,1.706,1.876,2441381.79
1757390400,1.876,1.896,1.811,1.819,1193718.1
1757394000,1.819,1.862,1.794,1.83,763108.18
1757397600,1.832,1.997,1.82,1.956,1148086.22
1757401200,1.956,2.054,1.884,1.905,1626702.53
1757404800,1.905,1.948,1.894,1.942,412260.85
1757408400,1.942,1.987,1.924,1.971,599475.28
1757412000,1.971,3.95,1.962,2.015,9758835.48
1757415600,2.02,2.17,2.013,2.048,3106609.26
1757419200,2.046,2.1,1.829,1.853,3985782.02
1757422800,1.851,1.969,1.848,1.896,1471508.63
1757426400,1.898,1.934,1.832,1.84,1305755.13
1757430000,1.843,1.87,1.744,1.818,2027120.45
1757433600,1.819,1.842,1.69,1.76,2903789.92
1757437200,1.758,1.829,1.755,1.821,1482957.47
1757440800,1.82,1.841,1.77,1.801,563650.97
1757444400,1.801,1.879,1.798,1.806,992416.51
1757448000,1.806,1.817,1.778,1.805,402946.6
1757451600,1.805,1.808,1.762,1.779,538882.74
1757455200,1.779,1.863,1.762,1.858,714746.25
1757458800,1.859,1.956,1.858,1.928,1682759.15
1757462400,1.927,1.954,1.843,1.921,1424348.14
1757466000,1.92,2.08,1.9,1.997,2597871.32
1757469600,1.994,2.06,1.965,2.003,1534125.34
1757473200,2.001,2.003,1.92,1.931,672339.29
1757476800,1.932,1.97,1.906,1.962,592277.17
1757480400,1.963,1.965,1.891,1.921,493842.98
1757484000,1.921,1.956,1.905,1.922,359466.44
1757487600,1.924,1.924,1.819,1.835,495615.35
1757491200,1.835,1.896,1.824,1.891,212525.6
1757494800,1.893,1.919,1.871,1.877,279670.89
1757498400,1.877,1.9,1.843,1.864,518260.81
1757502000,1.863,1.903,1.85,1.886,240218.11
1757505600,1.889,1.925,1.862,1.872,463240.23
1757509200,1.874,1.907,1.836,1.842,565370.69
1757512800,1.841,1.875,1.813,1.875,511042.22
1757516400,1.876,1.883,1.856,1.856,263654.43
1757520000,1.859,1.863,1.761,1.801,1074208.24
1757523600,1.801,1.844,1.8,1.813,540776.09
1757527200,1.81,1.821,1.796,1.811,225535.52
1757530800,1.81,1.838,1.79,1.835,208822.5
1757534400,1.834,1.87,1.832,1.855,282867.96
1757538000,1.853,1.876,1.826,1.837,280118.3
1757541600,1.837,1.884,1.835,1.881,168073.06
1757545200,1.882,1.898,1.859,1.867,344728.35
1757548800,1.869,1.885,1.847,1.852,299344.58
1757552400,1.851,1.861,1.816,1.838,300469.6
1757556000,1.838,1.838,1.782,1.782,458361.06
1757559600,1.782,1.805,1.779,1.8,189190.2
1757563200,1.8,1.801,1.784,1.792,99341.74
1757566800,1.792,1.793,1.745,1.763,301127.3
1757570400,1.764,1.779,1.755,1.756,181106.52
1757574000,1.756,1.76,1.74,1.752,356765.22
1757577600,1.751,1.765,1.745,1.76,70665.59
1757581200,1.759,1.773,1.755,1.773,115063.88
1757584800,1.771,1.772,1.725,1.728,355600.08
1757588400,1.726,1.734,1.698,1.707,746430.37
1757592000,1.707,1.726,1.65,1.664,709199.7
1757595600,1.668,1.685,1.639,1.665,1356064.41
1757599200,1.668,1.67,1.619,1.62,605604.88
1757602800,1.62,1.638,1.607,1.609,518751.46
1757606400,1.612,1.623,1.586,1.613,596577.92
1757610000,1.614,1.637,1.606,1.635,201704.75
1757613600,1.633,1.638,1.624,1.629,167549.99
1757617200,1.63,1.637,1.623,1.632,175648.12
1757620800,1.631,1.641,1.608,1.64,183481.88
1757624400,1.64,1.654,1.631,1.654,249710.81
1757628000,1.653,1.668,1.641,1.648,298381.72
1757631600,1.649,1.668,1.649,1.653,196074.26
1757635200,1.654,1.67,1.628,1.635,271752.86
1757638800,1.636,1.645,1.621,1.621,297231.77
1757642400,1.622,1.631,1.612,1.615,191816.68
1757646000,1.615,1.637,1.607,1.623,112373.4
1757649600,1.624,1.643,1.623,1.626,130483.43
1757653200,1.627,1.655,1.626,1.649,114319.14
1757656800,1.648,1.76,1.646,1.693,1142898.05
1757660400,1.694,1.726,1.667,1.669,424306.82
1757664000,1.669,1.681,1.644,1.657,194812.79
1757667600,1.658,1.66,1.628,1.637,131316.6
1757671200,1.637,1.65,1.629,1.644,53749.41
1757674800,1.644,1.645,1.615,1.62,101453.26
1757678400,1.62,1.635,1.619,1.624,123265.52
1757682000,1.625,1.63,1.613,1.627,193146.74
1757685600,1.626,1.642,1.594,1.6,598603.09
1757689200,1.601,1.617,1.547,1.569,1006834.79
1757692800,1.568,1.621,1.568,1.61,653101.35
1757696400,1.61,1.615,1.599,1.608,233183.86
1757700000,1.608,1.635,1.601,1.632,241537.39
1757703600,1.632,1.655,1.625,1.654,348575.68
1757707200,1.654,1.656,1.631,1.639,240553.33
1757710800,1.641,1.664,1.632,1.659,231039.1
1757714400,1.655,1.66,1.641,1.643,263425.07
1757718000,1.642,1.672,1.637,1.666,190859.26
1757721600,1.666,1.731,1.66,1.678,755202.21
1757725200,1.677,1.681,1.64,1.65,328636.35
1757728800,1.651,1.67,1.644,1.656,118009.5
1757732400,1.656,1.687,1.655,1.66,130627.33
1757736000,1.658,1.681,1.647,1.651,69369.52
1757739600,1.652,1.66,1.641,1.649,59906.93
1757743200,1.648,1.652,1.632,1.636,127549.28
1757746800,1.636,1.645,1.63,1.632,207910.17
1757750400,1.63,1.637,1.623,1.629,104458.19
1757754000,1.629,1.63,1.613,1.616,92827.67
1757757600,1.614,1.626,1.605,1.625,118204.39
1757761200,1.626,1.639,1.609,1.635,97797.51
1757764800,1.634,1.646,1.626,1.632,107858.64
1757768400,1.634,1.636,1.588,1.622,193011.57
1757772000,1.618,1.623,1.608,1.616,124326.66
1757775600,1.615,1.623,1.592,1.6,125000.85
1757779200,1.6,1.607,1.593,1.601,295309.88
1757782800,1.603,1.613,1.588,1.611,151093.04
1757786400,1.612,1.617,1.599,1.612,168836.34
1757790000,1.615,1.621,1.606,1.619,45952.3
1757793600,1.619,1.634,1.616,1.629,113418.35
1757797200,1.631,1.649,1.629,1.639,234377.15
1757800800,1.637,1.644,1.629,1.633,273644.94
1757804400,1.633,1.669,1.629,1.66,294824.55
1757808000,1.657,1.658,1.614,1.625,113367.35
1757811600,1.624,1.628,1.606,1.621,143613.33
1757815200,1.622,1.628,1.612,1.619,81350.67
1757818800,1.616,1.666,1.615,1.627,185991.09
1757822400,1.625,1.67,1.624,1.66,231193.05
1757826000,1.659,1.712,1.653,1.712,353746.69
1757829600,1.712,1.735,1.671,1.717,480773.57
1757833200,1.716,1.743,1.697,1.721,278141.57
1757836800,1.722,1.722,1.658,1.663,228018.57
1757840400,1.661,1.694,1.649,1.654,171529.48
1757844000,1.656,1.668,1.648,1.668,81608.1
1757847600,1.669,1.675,1.604,1.621,207112.37
1757851200,1.624,1.64,1.616,1.628,100644.18
1757854800,1.628,1.64,1.623,1.638,152002.37
1757858400,1.638,1.647,1.585,1.598,295681.16
1757862000,1.597,1.617,1.59,1.6,98197.59
1757865600,1.599,1.616,1.599,1.608,81907.62
1757869200,1.607,1.623,1.601,1.615,106860.68
1757872800,1.614,1.616,1.599,1.603,194545.52
1757876400,1.602,1.616,1.596,1.602,82375
1757880000,1.601,1.615,1.601,1.608,28107.49
1757883600,1.607,1.625,1.598,1.622,143559.3
1757887200,1.62,1.624,1.605,1.61,71765.3
1757890800,1.609,1.609,1.566,1.579,147552.26
1757894400,1.579,1.6,1.575,1.578,187997.42
1757898000,1.577,1.592,1.557,1.583,86769.51
1757901600,1.584,1.597,1.577,1.583,137618.57
1757905200,1.583,1.597,1.582,1.592,83532.28
1757908800,1.591,1.607,1.585,1.595,85725.97
1757912400,1.595,1.61,1.593,1.605,62097.58
1757916000,1.605,1.61,1.567,1.572,70283.18
1757919600,1.572,1.586,1.537,1.554,148892.16
1757923200,1.557,1.56,1.538,1.558,94296.28
1757926800,1.557,1.609,1.55,1.609,132343.55
1757930400,1.61,1.614,1.579,1.584,80133.91
1757934000,1.583,1.59,1.56,1.572,37499.73
1757937600,1.572,1.575,1.555,1.561,76500.58
1757941200,1.56,1.587,1.556,1.562,68617.72
1757944800,1.561,1.566,1.515,1.517,1747389.01
1757948400,1.517,1.534,1.466,1.474,526415.58
1757952000,1.474,1.495,1.464,1.479,189010.9
1757955600,1.479,1.5,1.479,1.499,90505.21
1757959200,1.497,1.505,1.488,1.498,59582.17
1757962800,1.499,1.51,1.492,1.502,152955.86
1757966400,1.502,1.518,1.5,1.512,49927.96
1757970000,1.512,1.515,1.507,1.512,49994.61
1757973600,1.51,1.521,1.505,1.51,50524.89
1757977200,1.509,1.513,1.507,1.511,60631.79
1757980800,1.511,1.512,1.494,1.499,144028.99
1757984400,1.501,1.508,1.49,1.496,45080.75
1757988000,1.495,1.505,1.491,1.498,139230.6
1757991600,1.499,1.504,1.496,1.497,91860.98
1757995200,1.498,1.517,1.494,1.503,95467.3
1757998800,1.502,1.511,1.5,1.505,61726.42
1758002400,1.504,1.515,1.5,1.505,92802.65
1758006000,1.506,1.51,1.5,1.502,42113.6
1758009600,1.503,1.511,1.501,1.507,146890.47
1758013200,1.507,1.507,1.495,1.503,73058.43
1758016800,1.503,1.505,1.495,1.496,111900.98
1758020400,1.496,1.505,1.496,1.503,105047.46
1758024000,1.503,1.544,1.5,1.542,561359.13
1758027600,1.542,1.61,1.535,1.559,616211.91
1758031200,1.559,1.559,1.511,1.53,278339.23
1758034800,1.529,1.534,1.515,1.532,85848.12
1758038400,1.532,1.539,1.499,1.504,122912.19
1758042000,1.506,1.529,1.504,1.516,90475.5
1758045600,1.519,1.521,1.505,1.506,111862.74
1758049200,1.505,1.506,1.497,1.499,55068.05
1758052800,1.5,1.505,1.493,1.505,44502.59
1758056400,1.504,1.521,1.504,1.519,45860.21
1758060000,1.521,1.533,1.517,1.517,146409.14
1758063600,1.517,1.521,1.512,1.513,31649.85
1758067200,1.516,1.526,1.505,1.518,94448.07
1758070800,1.517,1.531,1.509,1.513,55961.9
1758074400,1.513,1.521,1.507,1.507,62789.27
1758078000,1.508,1.51,1.489,1.493,219938.92
1758081600,1.493,1.506,1.486,1.487,91914.97
1758085200,1.487,1.499,1.476,1.499,95932.19
1758088800,1.499,1.522,1.495,1.516,11974.27
1758092400,1.515,1.516,1.506,1.507,28898.42
1758096000,1.507,1.507,1.493,1.494,14195.36
1758099600,1.496,1.499,1.487,1.488,12838.75
1758103200,1.487,1.493,1.481,1.485,35857.83
1758106800,1.486,1.497,1.483,1.496,22176.94
1758110400,1.496,1.508,1.492,1.5,49382.37
1758114000,1.501,1.518,1.496,1.51,141350.77
1758117600,1.512,1.526,1.502,1.504,51017.33
1758121200,1.506,1.522,1.504,1.515,67200.59
1758124800,1.514,1.578,1.502,1.555,379037.61
1758128400,1.553,1.568,1.528,1.53,111455.87
1758132000,1.529,1.594,1.528,1.557,433113.34
1758135600,1.558,1.606,1.558,1.581,337979.33
1758139200,1.582,1.592,1.557,1.557,76080.61
1758142800,1.556,1.603,1.548,1.591,174022.66
1758146400,1.595,1.613,1.589,1.612,204969.64
1758150000,1.613,1.613,1.585,1.603,297076.44
1758153600,1.602,1.611,1.569,1.581,353569.35
1758157200,1.581,1.617,1.577,1.589,81315.4
1758160800,1.59,1.614,1.588,1.603,86010.93
1758164400,1.6,1.633,1.597,1.602,223675.1
1758168000,1.602,1.624,1.594,1.612,203329.93
1758171600,1.612,1.62,1.6,1.601,77056.44
1758175200,1.6,1.601,1.573,1.582,52681.66
1758178800,1.583,1.585,1.562,1.566,60883.16
1758182400,1.567,1.578,1.563,1.576,51091.45
1758186000,1.576,1.582,1.57,1.575,27552.51
1758189600,1.574,1.578,1.56,1.576,33512.08
1758193200,1.574,1.575,1.564,1.568,63870.32
1758196800,1.568,1.578,1.562,1.567,86531.48
1758200400,1.568,1.599,1.562,1.597,93724.44
1758204000,1.598,1.706,1.591,1.631,701424.79
1758207600,1.631,1.657,1.59,1.598,418806.23
1758211200,1.601,1.607,1.575,1.578,99610.49
1758214800,1.577,1.598,1.576,1.592,117976.66
1758218400,1.591,1.602,1.588,1.602,96794.22
1758222000,1.598,1.614,1.586,1.597,150533.95
1758225600,1.594,1.607,1.592,1.603,85230.47
1758229200,1.603,1.613,1.595,1.61,308691.23
1758232800,1.608,1.61,1.595,1.598,409586.9
1758236400,1.598,1.607,1.59,1.602,230115.94
1758240000,1.604,1.612,1.593,1.61,208180.77
1758243600,1.612,1.618,1.59,1.592,67400.83
1758247200,1.591,1.6,1.584,1.587,96843.97
1758250800,1.586,1.592,1.568,1.571,92132.11
1758254400,1.57,1.574,1.546,1.566,58141.71
1758258000,1.565,1.567,1.549,1.559,21120.65
1758261600,1.559,1.56,1.549,1.55,18633.68
1758265200,1.55,1.561,1.547,1.553,7094.75
1758268800,1.557,1.561,1.552,1.556,28631.32
1758272400,1.555,1.564,1.528,1.541,115144.45
1758276000,1.54,1.545,1.525,1.533,190648.28
1758279600,1.533,1.533,1.513,1.525,37467.79
1758283200,1.525,1.534,1.521,1.525,198125.47
1758286800,1.524,1.54,1.524,1.531,50269.93
1758290400,1.531,1.54,1.521,1.533,116190.03
1758294000,1.533,1.535,1.508,1.516,138652.06
1758297600,1.515,1.52,1.511,1.516,28066.63
1758301200,1.515,1.515,1.505,1.507,67376.23
1758304800,1.506,1.511,1.496,1.502,127404.12
1758308400,1.504,1.514,1.5,1.502,71658.41
1758312000,1.501,1.513,1.501,1.505,37766.79
1758315600,1.503,1.516,1.502,1.512,35899.57
1758319200,1.513,1.519,1.512,1.517,45566.72
1758322800,1.517,1.517,1.495,1.511,60072.09
1758326400,1.513,1.518,1.505,1.515,27012.29
1758330000,1.515,1.515,1.5,1.501,67842.33
1758333600,1.501,1.502,1.483,1.494,75563.62
1758337200,1.494,1.495,1.485,1.491,119345.43
1758340800,1.491,1.494,1.487,1.49,18507.03
1758344400,1.489,1.498,1.486,1.496,9201.32
1758348000,1.495,1.501,1.489,1.498,61280.24
1758351600,1.498,1.508,1.492,1.508,10479.1
1758355200,1.509,1.516,1.501,1.506,27356.44
1758358800,1.504,1.514,1.498,1.512,17970.66
1758362400,1.514,1.52,1.506,1.51,30606.08
1758366000,1.512,1.531,1.51,1.527,34870.41
1758369600,1.526,1.539,1.516,1.535,147726.42
1758373200,1.534,1.534,1.516,1.523,60631.07
1758376800,1.522,1.535,1.515,1.529,150299.41
1758380400,1.529,1.536,1.522,1.523,145551.38
1758384000,1.522,1.529,1.518,1.523,25399
1758387600,1.522,1.525,1.514,1.518,25528.7
1758391200,1.518,1.519,1.505,1.509,110423.61
1758394800,1.508,1.522,1.506,1.514,15462.78
1758398400,1.512,1.523,1.509,1.519,60356.34
1758402000,1.519,1.53,1.516,1.521,70774.25
1758405600,1.52,1.523,1.515,1.52,21676.76
1758409200,1.52,1.52,1.503,1.505,31470.17
1758412800,1.505,1.509,1.491,1.499,226862.74
1758416400,1.499,1.5,1.49,1.492,28138.01
1758420000,1.493,1.503,1.493,1.502,17863.85
1758423600,1.501,1.507,1.499,1.507,28303.83
1758427200,1.508,1.51,1.5,1.503,9961.66
1758430800,1.502,1.523,1.502,1.52,38012.4
1758434400,1.521,1.528,1.512,1.513,20074.64
1758438000,1.513,1.515,1.508,1.508,8270.99
1758441600,1.509,1.51,1.498,1.5,11188.24
1758445200,1.499,1.5,1.42,1.469,149986.53
1758448800,1.468,1.476,1.459,1.461,51903.19
1758452400,1.461,1.472,1.458,1.467,75378.9
1758456000,1.466,1.483,1.466,1.472,39300
1758459600,1.474,1.496,1.474,1.494,37044.31
1758463200,1.496,1.496,1.48,1.484,75233.35
1758466800,1.485,1.489,1.476,1.483,58407.43
1758470400,1.483,1.485,1.463,1.476,48358.3
1758474000,1.475,1.48,1.462,1.48,54641.38
1758477600,1.481,1.489,1.479,1.488,38382.78
1758481200,1.488,1.488,1.473,1.482,56820.01
1758484800,1.483,1.485,1.476,1.479,32146.75
1758488400,1.479,1.488,1.474,1.482,46467.59
1758492000,1.483,1.485,1.472,1.482,26844.32
1758495600,1.48,1.48,1.466,1.466,24877.23
1758499200,1.467,1.476,1.422,1.431,250856.26
1758502800,1.429,1.454,1.425,1.442,170648.1
1758506400,1.441,1.446,1.414,1.429,84850.61
1758510000,1.433,1.44,1.42,1.421,97580.83
1758513600,1.421,1.427,1.381,1.4,536513.16
1758517200,1.401,1.404,1.379,1.379,87856.47
1758520800,1.38,1.38,1.281,1.342,455759.27
1758524400,1.34,1.348,1.322,1.322,48957.22
1758528000,1.323,1.343,1.321,1.341,63774.92
1758531600,1.339,1.344,1.313,1.314,135736.07
1758535200,1.316,1.332,1.312,1.329,43734.26
1758538800,1.33,1.331,1.313,1.32,56636.55
1758542400,1.319,1.329,1.315,1.319,81699.84
1758546000,1.321,1.338,1.315,1.338,136857.84
1758549600,1.339,1.343,1.304,1.309,122010.2
1758553200,1.308,1.319,1.3,1.31,151787.45
1758556800,1.31,1.382,1.31,1.34,399580.78
1758560400,1.344,1.358,1.334,1.351,215047.75
1758564000,1.351,1.377,1.347,1.371,281930.97
1758567600,1.371,1.386,1.361,1.384,131300.52
1758571200,1.384,1.39,1.364,1.373,142729.65
1758574800,1.373,1.379,1.359,1.372,98870.01
1758578400,1.372,1.386,1.369,1.38,28564.37
1758582000,1.38,1.407,1.374,1.394,114892.55
1758585600,1.394,1.399,1.362,1.364,81777.45
1758589200,1.362,1.373,1.352,1.354,128435.81
1758592800,1.355,1.362,1.35,1.357,18860.72
1758596400,1.357,1.379,1.346,1.366,136879.76
1758600000,1.366,1.367,1.336,1.339,164882.77
1758603600,1.342,1.346,1.333,1.334,55164.78
1758607200,1.334,1.359,1.334,1.343,29607.58
1758610800,1.341,1.343,1.334,1.338,13165.38
1758614400,1.337,1.339,1.33,1.332,85370.9
1758618000,1.333,1.34,1.326,1.33,731664.37
1758621600,1.33,1.335,1.324,1.33,683121.51
1758625200,1.33,1.336,1.321,1.326,508451.34
1758628800,1.328,1.345,1.323,1.332,112277.07
1758632400,1.334,1.338,1.32,1.328,60242.38
1758636000,1.326,1.39,1.326,1.348,179283.72
1758639600,1.346,1.366,1.333,1.357,157299.81
1758643200,1.358,1.375,1.341,1.362,168503.49
1758646800,1.363,1.364,1.33,1.342,161216.36
1758650400,1.343,1.346,1.311,1.317,222021.06
1758654000,1.32,1.33,1.29,1.303,134429
1758657600,1.302,1.317,1.298,1.317,76554.13
1758661200,1.316,1.327,1.307,1.323,22398.78
1758664800,1.322,1.329,1.316,1.318,74748.91
1758668400,1.317,1.321,1.303,1.308,56373.8
1758672000,1.307,1.32,1.305,1.305,53367.64
1758675600,1.304,1.322,1.295,1.318,47458.24
1758679200,1.318,1.32,1.301,1.301,42218.11
1758682800,1.303,1.303,1.266,1.272,134923.17
1758686400,1.27,1.305,1.256,1.293,186161.57
1758690000,1.297,1.321,1.295,1.319,20972.75
1758693600,1.319,1.322,1.314,1.322,11166.36
1758697200,1.32,1.321,1.313,1.319,6570.54
1758700800,1.318,1.324,1.313,1.323,9457.62
1758704400,1.323,1.331,1.32,1.327,65492.56
1758708000,1.328,1.33,1.321,1.325,33636.25
1758711600,1.324,1.35,1.324,1.35,62715.6
1758715200,1.349,1.354,1.337,1.339,103104.13
1758718800,1.341,1.351,1.335,1.335,121790.47
1758722400,1.336,1.36,1.334,1.353,189406.97
1758726000,1.353,1.36,1.347,1.348,88064.07
1758729600,1.349,1.363,1.345,1.362,100041.7
1758733200,1.36,1.364,1.353,1.36,47831.89
1758736800,1.359,1.36,1.336,1.337,73916.32
1758740400,1.337,1.344,1.332,1.341,55702.19
1758744000,1.343,1.355,1.339,1.354,38660.45
1758747600,1.355,1.36,1.35,1.356,40277.58
1758751200,1.357,1.359,1.349,1.352,35902.66
1758754800,1.352,1.357,1.346,1.355,80822.43
1758758400,1.355,1.358,1.331,1.332,365513.2
1758762000,1.332,1.339,1.317,1.32,37833.78
1758765600,1.324,1.334,1.31,1.332,81860.77
1758769200,1.332,1.332,1.303,1.314,38998.7
1758772800,1.315,1.319,1.266,1.272,125923.89
1758776400,1.274,1.298,1.269,1.286,50656.09
1758780000,1.284,1.286,1.267,1.27,105298.53
1758783600,1.271,1.29,1.271,1.285,26764.52
1758787200,1.285,1.292,1.276,1.283,8789.09
1758790800,1.286,1.301,1.265,1.268,32089.63
1758794400,1.268,1.284,1.266,1.268,33903.66
1758798000,1.268,1.274,1.26,1.263,812559.63
1758801600,1.265,1.27,1.248,1.251,902923.14
1758805200,1.251,1.27,1.241,1.26,100326.22
1758808800,1.263,1.284,1.26,1.261,55221.83
1758812400,1.264,1.265,1.25,1.258,90789.68
1758816000,1.256,1.259,1.236,1.241,82440.43
1758819600,1.237,1.25,1.229,1.239,301365.9
1758823200,1.242,1.315,1.236,1.305,496229.12
1758826800,1.305,1.318,1.292,1.296,66099.42
1758830400,1.297,1.298,1.269,1.269,26586.2
1758834000,1.269,1.281,1.259,1.274,64693.86
1758837600,1.274,1.277,1.253,1.265,77711.35
1758841200,1.265,1.275,1.251,1.269,169610.2
1758844800,1.272,1.278,1.258,1.275,51947.1
1758848400,1.274,1.279,1.261,1.267,16848.81
1758852000,1.27,1.273,1.257,1.259,18152.8
1758855600,1.259,1.267,1.255,1.265,35668.45
1758859200,1.264,1.268,1.24,1.24,43887.21
1758862800,1.24,1.262,1.239,1.251,12231.75
1758866400,1.247,1.261,1.243,1.251,14834.42
1758870000,1.254,1.263,1.243,1.255,8632.08
1758873600,1.251,1.255,1.246,1.25,15082.15
1758877200,1.249,1.252,1.232,1.237,10263.23
1758880800,1.237,1.241,1.223,1.228,445801.06
1758884400,1.229,1.247,1.22,1.236,35743.05
1758888000,1.235,1.265,1.223,1.254,53037.74
1758891600,1.253,1.258,1.236,1.257,246181.56
1758895200,1.258,1.259,1.233,1.246,51552.46
1758898800,1.245,1.261,1.245,1.259,65569.97
1758902400,1.259,1.271,1.255,1.261,75043.42
1758906000,1.261,1.287,1.258,1.281,123798.14
1758909600,1.282,1.294,1.278,1.286,48671.89
1758913200,1.285,1.292,1.276,1.285,64535.97
1758916800,1.285,1.293,1.28,1.281,16426.64
1758920400,1.283,1.289,1.278,1.286,17068.95
1758924000,1.287,1.287,1.28,1.28,39954.38
1758927600,1.283,1.288,1.28,1.285,24587.27
1758931200,1.285,1.287,1.28,1.285,40473.59
1758934800,1.284,1.287,1.277,1.284,17556.78
1758938400,1.283,1.302,1.282,1.299,83595.32
1758942000,1.296,1.321,1.289,1.315,31732.33
1758945600,1.316,1.321,1.304,1.313,21430.4
1758949200,1.315,1.387,1.305,1.357,212065.14
1758952800,1.356,1.366,1.331,1.347,84823.21
1758956400,1.347,1.347,1.31,1.317,102333.21
1758960000,1.318,1.323,1.297,1.299,25214.26
1758963600,1.296,1.3,1.285,1.296,14150.58
1758967200,1.297,1.308,1.29,1.305,30616.46
1758970800,1.302,1.308,1.296,1.305,16877.92
1758974400,1.305,1.313,1.296,1.305,24010.13
1758978000,1.306,1.315,1.304,1.308,27116.15
1758981600,1.307,1.309,1.275,1.279,148449.88
1758985200,1.278,1.29,1.271,1.288,66601.93
1758988800,1.288,1.289,1.273,1.277,41648.95
1758992400,1.277,1.282,1.267,1.279,36707.87
1758996000,1.283,1.285,1.272,1.278,10769.31
1758999600,1.279,1.284,1.276,1.282,29193.22
1759003200,1.283,1.284,1.274,1.275,50408.89
1759006800,1.274,1.283,1.272,1.283,17077.41
1759010400,1.283,1.293,1.281,1.281,29025.33
1759014000,1.282,1.284,1.274,1.276,56064.46
1759017600,1.276,1.28,1.264,1.268,40308.13
1759021200,1.268,1.269,1.257,1.259,24416.27
1759024800,1.26,1.264,1.258,1.262,10984.34
1759028400,1.262,1.266,1.26,1.265,30142.02
1759032000,1.264,1.268,1.261,1.263,11059.84
1759035600,1.266,1.266,1.26,1.261,11855.01
1759039200,1.263,1.263,1.242,1.252,85371.29
1759042800,1.253,1.257,1.25,1.253,5390.37
1759046400,1.254,1.254,1.247,1.25,6827.63
1759050000,1.248,1.252,1.245,1.247,8788.21
1759053600,1.245,1.256,1.241,1.252,19961.11
1759057200,1.253,1.254,1.248,1.25,20584.61
1759060800,1.248,1.249,1.239,1.244,14372.75
1759064400,1.243,1.263,1.243,1.261,13607.27
1759068000,1.26,1.261,1.255,1.261,73921.3
1759071600,1.261,1.266,1.256,1.265,23454.15
1759075200,1.267,1.278,1.264,1.266,7600.79
1759078800,1.264,1.286,1.264,1.28,78339.1
1759082400,1.279,1.299,1.277,1.299,42486.25
1759086000,1.296,1.296,1.283,1.288,13033.11
1759089600,1.289,1.301,1.287,1.296,49335.12
1759093200,1.294,1.301,1.292,1.294,28033.22
1759096800,1.294,1.342,1.293,1.342,85795.96
1759100400,1.344,1.348,1.321,1.331,183112.99
1759104000,1.331,1.341,1.321,1.333,74379.83
1759107600,1.334,1.344,1.328,1.331,160202.81
1759111200,1.332,1.339,1.323,1.335,84290.46
1759114800,1.334,1.337,1.328,1.333,109299.48
1759118400,1.333,1.334,1.318,1.323,49464.49
1759122000,1.322,1.322,1.309,1.314,12790.69
1759125600,1.31,1.32,1.305,1.315,8518.11
1759129200,1.313,1.319,1.312,1.314,15665.67
1759132800,1.314,1.314,1.306,1.309,19689.06
1759136400,1.311,1.312,1.296,1.3,39528.76
1759140000,1.298,1.306,1.29,1.29,13376.74
1759143600,1.289,1.294,1.281,1.285,86017.6
1759147200,1.286,1.298,1.271,1.274,63916.52
1759150800,1.273,1.299,1.27,1.292,231035.32
1759154400,1.29,1.315,1.289,1.311,105417.01
1759158000,1.311,1.316,1.283,1.286,38747.55
1759161600,1.287,1.289,1.257,1.261,102042.62
1759165200,1.26,1.277,1.254,1.272,75934.12
1759168800,1.269,1.276,1.267,1.276,33342.07
1759172400,1.274,1.3,1.274,1.298,21537.82
1759176000,1.296,1.321,1.294,1.321,65127.51
1759179600,1.318,1.32,1.308,1.308,33930.33
1759183200,1.308,1.308,1.289,1.291,75393.6
1759186800,1.292,1.292,1.279,1.28,87130.01
1759190400,1.28,1.289,1.261,1.263,153029.32
1759194000,1.262,1.279,1.26,1.266,48571.95
1759197600,1.264,1.274,1.262,1.262,16258.18
1759201200,1.263,1.274,1.26,1.262,7855.89
1759204800,1.263,1.269,1.261,1.265,27078.19
1759208400,1.264,1.267,1.26,1.26,5474.44
1759212000,1.26,1.273,1.26,1.263,28665.1
1759215600,1.263,1.269,1.255,1.257,10238.42
1759219200,1.257,1.259,1.25,1.251,13961.27
1759222800,1.251,1.256,1.246,1.248,30957.8
1759226400,1.25,1.255,1.247,1.247,29950.62
1759230000,1.246,1.249,1.244,1.245,32777.79
1759233600,1.245,1.247,1.232,1.232,53521.81
1759237200,1.233,1.244,1.231,1.236,27405.3
1759240800,1.239,1.241,1.219,1.229,278850.95
1759244400,1.227,1.228,1.215,1.225,723600.79
1759248000,1.226,1.23,1.215,1.225,271140.31
1759251600,1.223,1.228,1.217,1.22,153890.59
1759255200,1.219,1.237,1.218,1.233,77312.22
1759258800,1.234,1.244,1.231,1.24,10213.17
1759262400,1.241,1.261,1.236,1.26,60713.59
1759266000,1.261,1.27,1.251,1.252,85567.13
1759269600,1.257,1.263,1.244,1.244,41274.15
1759273200,1.244,1.251,1.242,1.249,6503.77
1759276800,1.248,1.248,1.235,1.241,22546.25
1759280400,1.239,1.263,1.238,1.263,45851.65
1759284000,1.262,1.263,1.251,1.253,22803.37
1759287600,1.254,1.258,1.244,1.245,37828.68
1759291200,1.247,1.257,1.247,1.252,7284.04
1759294800,1.253,1.261,1.25,1.261,51493.9
1759298400,1.255,1.259,1.24,1.242,15833.24
1759302000,1.243,1.256,1.24,1.25,45085.5
1759305600,1.25,1.302,1.246,1.301,52577.47
1759309200,1.301,1.335,1.301,1.313,200278.33
1759312800,1.312,1.313,1.297,1.31,45722.65
1759316400,1.309,1.313,1.304,1.309,64361.67
1759320000,1.311,1.316,1.302,1.304,76145.33
1759323600,1.306,1.31,1.299,1.309,63792.34
1759327200,1.308,1.322,1.301,1.307,238956.1
1759330800,1.308,1.316,1.303,1.312,43256.66
1759334400,1.312,1.322,1.303,1.307,42937.56
1759338000,1.307,1.323,1.306,1.314,37709.02
1759341600,1.314,1.328,1.31,1.322,153685.42
1759345200,1.321,1.327,1.317,1.318,99072.17
1759348800,1.319,1.32,1.307,1.307,82100.63
1759352400,1.307,1.307,1.295,1.305,56447.58
1759356000,1.307,1.315,1.305,1.312,66712.02
1759359600,1.313,1.318,1.312,1.318,117636.08
1759363200,1.32,1.325,1.31,1.313,69400.13
1759366800,1.314,1.343,1.309,1.339,102023.89
1759370400,1.34,1.356,1.335,1.352,74574.02
1759374000,1.352,1.355,1.335,1.336,85930.96
1759377600,1.335,1.342,1.32,1.333,74899.38
1759381200,1.333,1.34,1.33,1.334,19913.26
1759384800,1.335,1.344,1.327,1.33,49922.11
1759388400,1.329,1.334,1.325,1.327,24400.77
1759392000,1.327,1.329,1.324,1.325,6451.75
1759395600,1.324,1.331,1.324,1.331,8675.55
1759399200,1.329,1.342,1.325,1.341,14369
1759402800,1.34,1.353,1.337,1.34,15787.1
1759406400,1.335,1.344,1.328,1.332,41076.43
1759410000,1.332,1.336,1.312,1.328,50848.42
1759413600,1.328,1.329,1.297,1.301,336876.58
1759417200,1.3,1.322,1.295,1.32,182675.41
1759420800,1.319,1.34,1.319,1.33,147560.92
1759424400,1.33,1.342,1.321,1.342,121337.36
1759428000,1.341,1.352,1.341,1.352,105663.56
1759431600,1.353,1.366,1.351,1.361,104593.8
1759435200,1.357,1.363,1.354,1.358,53941.82
1759438800,1.358,1.361,1.351,1.356,59371.55
1759442400,1.354,1.369,1.349,1.353,75798.69
1759446000,1.354,1.357,1.345,1.356,49555.2
1759449600,1.352,1.352,1.339,1.344,29991.45
1759453200,1.344,1.348,1.328,1.332,11742.2
1759456800,1.329,1.343,1.329,1.337,36248.06
1759460400,1.336,1.359,1.335,1.335,78591.34
1759464000,1.335,1.358,1.335,1.355,66917.43
1759467600,1.355,1.357,1.334,1.34,64546.95
1759471200,1.34,1.358,1.337,1.341,31975.78
1759474800,1.342,1.346,1.33,1.345,11923.12
1759478400,1.346,1.379,1.335,1.356,65997.26
1759482000,1.356,1.356,1.337,1.344,44756.81
1759485600,1.342,1.342,1.336,1.34,12114.07
1759489200,1.339,1.339,1.325,1.329,17329.57
1759492800,1.328,1.333,1.322,1.325,18721.16
1759496400,1.321,1.345,1.315,1.327,54146.21
1759500000,1.325,1.335,1.315,1.321,79094.37
1759503600,1.321,1.359,1.316,1.359,123773.55
1759507200,1.36,1.404,1.357,1.369,282063.62
1759510800,1.371,1.371,1.325,1.331,204262.4
1759514400,1.329,1.359,1.322,1.354,132116.8
1759518000,1.352,1.369,1.347,1.349,95573.97
1759521600,1.351,1.353,1.34,1.351,21470.71
1759525200,1.354,1.356,1.345,1.349,32843.97
1759528800,1.349,1.356,1.346,1.346,35511.12
1759532400,1.348,1.348,1.34,1.34,30571.23
1759536000,1.34,1.343,1.329,1.332,20485.56
1759539600,1.332,1.332,1.319,1.322,28194.67
1759543200,1.321,1.326,1.311,1.317,29598.03
1759546800,1.318,1.319,1.307,1.315,11306.99
1759550400,1.315,1.32,1.31,1.313,11196.66
1759554000,1.312,1.322,1.308,1.314,28174.1
1759557600,1.315,1.326,1.311,1.311,34961.48
1759561200,1.313,1.316,1.307,1.31,25638.76
1759564800,1.31,1.311,1.291,1.294,117318.49
1759568400,1.294,1.302,1.284,1.287,24650.34
1759572000,1.287,1.293,1.278,1.28,59813.72
1759575600,1.28,1.288,1.276,1.285,30287.46
1759579200,1.284,1.291,1.279,1.283,42533.96
1759582800,1.282,1.297,1.282,1.284,17594.57
1759586400,1.284,1.292,1.269,1.269,54424.64
1759590000,1.27,1.275,1.257,1.26,85754.69
1759593600,1.262,1.266,1.252,1.261,21393.82
1759597200,1.262,1.271,1.26,1.27,37715.96
1759600800,1.271,1.273,1.265,1.269,21750.33
1759604400,1.27,1.277,1.267,1.275,16135.69
1759608000,1.275,1.284,1.271,1.271,88643.7
1759611600,1.271,1.28,1.271,1.273,22091.99
1759615200,1.271,1.277,1.268,1.273,39504.14
1759618800,1.273,1.275,1.269,1.273,25521.95
1759622400,1.273,1.274,1.258,1.258,44799.36
1759626000,1.26,1.269,1.259,1.264,16626.68
1759629600,1.264,1.287,1.263,1.287,63096.49
1759633200,1.288,1.295,1.275,1.282,110375.06
1759636800,1.285,1.309,1.279,1.304,42676.46
1759640400,1.306,1.315,1.296,1.305,45303.88
1759644000,1.304,1.315,1.3,1.312,30522.26
1759647600,1.313,1.325,1.309,1.32,36929.44
1759651200,1.322,1.326,1.31,1.31,21256.84
1759654800,1.31,1.315,1.292,1.292,23336.55
1759658400,1.293,1.298,1.284,1.29,10912.24
1759662000,1.29,1.292,1.281,1.288,8876.62
1759665600,1.288,1.288,1.277,1.281,7988.57
1759669200,1.285,1.289,1.282,1.287,8672.58
1759672800,1.287,1.297,1.275,1.283,60846.65
1759676400,1.283,1.298,1.282,1.296,21385.91
1759680000,1.296,1.296,1.274,1.29,26051.92
1759683600,1.29,1.293,1.268,1.275,21683.9
1759687200,1.275,1.279,1.265,1.27,20698.46
1759690800,1.271,1.271,1.253,1.255,43544.8
1759694400,1.254,1.273,1.253,1.259,328580.94
1759698000,1.258,1.261,1.254,1.258,39652.82
1759701600,1.262,1.262,1.254,1.26,6534.36
1759705200,1.257,1.263,1.256,1.256,9278.93
1759708800,1.257,1.275,1.249,1.256,148018.79
1759712400,1.254,1.272,1.249,1.265,176426.93
1759716000,1.265,1.274,1.254,1.263,19337.86
1759719600,1.264,1.267,1.259,1.262,18745.15
1759723200,1.262,1.264,1.253,1.256,33451.73
1759726800,1.254,1.262,1.253,1.26,11765.01
1759730400,1.26,1.27,1.259,1.266,7835.67
1759734000,1.263,1.27,1.256,1.26,6245.84
1759737600,1.262,1.267,1.259,1.262,5329.78
1759741200,1.262,1.271,1.261,1.267,33540.63
1759744800,1.268,1.269,1.257,1.257,32900.16
1759748400,1.256,1.268,1.255,1.264,46473.65
1759752000,1.264,1.272,1.263,1.269,25151.48
1759755600,1.269,1.286,1.266,1.284,35164.98
1759759200,1.284,1.291,1.272,1.281,76475.88
1759762800,1.284,1.313,1.283,1.304,88824.78
1759766400,1.308,1.312,1.29,1.302,43075.06
1759770000,1.302,1.319,1.299,1.315,68207.16
1759773600,1.314,1.328,1.312,1.324,165751.48
1759777200,1.324,1.328,1.311,1.318,91982.39
1759780800,1.319,1.326,1.31,1.315,58442.3
1759784400,1.316,1.326,1.305,1.318,107297.91
1759788000,1.328,1.331,1.312,1.313,107284.33
1759791600,1.314,1.318,1.307,1.309,48292.3
1759795200,1.312,1.316,1.299,1.309,42793.41
1759798800,1.311,1.319,1.309,1.314,52905.79
1759802400,1.315,1.316,1.303,1.309,7428.27
1759806000,1.311,1.316,1.304,1.313,57612.46
1759809600,1.313,1.329,1.308,1.32,25476.23
1759813200,1.317,1.332,1.312,1.329,30261.71
1759816800,1.33,1.334,1.305,1.308,19979.74
1759820400,1.312,1.312,1.284,1.29,36774.28
1759824000,1.284,1.286,1.26,1.269,55707.69
1759827600,1.27,1.279,1.267,1.267,18905.45
1759831200,1.267,1.28,1.265,1.278,22859.49
1759834800,1.278,1.284,1.273,1.277,36406.55
1759838400,1.275,1.293,1.274,1.291,78375.51
1759842000,1.292,1.292,1.252,1.26,107327.01
1759845600,1.259,1.26,1.224,1.224,340580.88
1759849200,1.224,1.232,1.208,1.216,228471.39
1759852800,1.215,1.23,1.208,1.22,203863.39
1759856400,1.219,1.228,1.207,1.207,130872.16
1759860000,1.207,1.211,1.202,1.203,92394.54
1759863600,1.205,1.212,1.203,1.206,97843.11
1759867200,1.207,1.224,1.205,1.217,189258.39
1759870800,1.215,1.222,1.206,1.21,81598.63
1759874400,1.21,1.216,1.206,1.211,93265.68
1759878000,1.211,1.212,1.186,1.195,228854.6
1759881600,1.194,1.203,1.189,1.196,50957.02
1759885200,1.195,1.204,1.194,1.2,66430.2
1759888800,1.199,1.208,1.198,1.201,15154.16
1759892400,1.2,1.203,1.171,1.183,117333.49
1759896000,1.184,1.195,1.169,1.188,168995.38
1759899600,1.188,1.189,1.176,1.181,82283.99
1759903200,1.181,1.185,1.176,1.183,54709.11
1759906800,1.183,1.191,1.181,1.191,46566.32
1759910400,1.19,1.201,1.189,1.197,39704.28
1759914000,1.196,1.196,1.183,1.187,24585.09
1759917600,1.187,1.193,1.184,1.19,17479.52
1759921200,1.192,1.194,1.175,1.178,103328.43
1759924800,1.178,1.189,1.174,1.189,84042.03
1759928400,1.19,1.196,1.176,1.188,183185.12
1759932000,1.191,1.205,1.179,1.183,219586.19
1759935600,1.185,1.196,1.184,1.188,106482.6
1759939200,1.188,1.21,1.186,1.207,69734.3
1759942800,1.206,1.252,1.205,1.249,69154.26
1759946400,1.251,1.27,1.24,1.265,203476.12
1759950000,1.265,1.268,1.252,1.262,65349.91
1759953600,1.263,1.288,1.256,1.271,143016.06
1759957200,1.272,1.283,1.266,1.272,57369.06
1759960800,1.272,1.274,1.265,1.27,136632.4
1759964400,1.271,1.284,1.269,1.279,33362.77
1759968000,1.276,1.277,1.255,1.256,34787.01
1759971600,1.26,1.267,1.252,1.266,52197.55
1759975200,1.266,1.267,1.226,1.237,62176.02
1759978800,1.237,1.248,1.236,1.242,43356.27
1759982400,1.242,1.248,1.235,1.247,10401.72
1759986000,1.246,1.253,1.237,1.243,59558.68
1759989600,1.243,1.243,1.224,1.226,62238.85
1759993200,1.228,1.231,1.218,1.22,28696.8
1759996800,1.222,1.223,1.194,1.196,89473.95
1760000400,1.197,1.208,1.197,1.201,53282.81
1760004000,1.202,1.21,1.198,1.201,94600.32
1760007600,1.2,1.212,1.199,1.208,26407.59
1760011200,1.207,1.224,1.207,1.217,54610.34
1760014800,1.216,1.221,1.189,1.189,120352.74
1760018400,1.189,1.199,1.178,1.192,78851.58
1760022000,1.194,1.207,1.186,1.188,116113.07
1760025600,1.19,1.201,1.184,1.189,60310.61
1760029200,1.191,1.206,1.191,1.206,53925.28
1760032800,1.203,1.207,1.191,1.195,41200.27
1760036400,1.193,1.203,1.192,1.198,141809.61
1760040000,1.2,1.204,1.191,1.196,13881.32
1760043600,1.196,1.204,1.196,1.202,35620.38
1760047200,1.202,1.206,1.196,1.201,49889.63
1760050800,1.202,1.203,1.199,1.2,33873.74
1760054400,1.201,1.221,1.198,1.211,189536.78
1760058000,1.212,1.227,1.211,1.223,44080.42
1760061600,1.222,1.243,1.218,1.22,113675.73
1760065200,1.22,1.278,1.219,1.253,501454.28
1760068800,1.257,1.263,1.239,1.262,115432.56
1760072400,1.262,1.262,1.244,1.259,40734.52
1760076000,1.26,1.263,1.231,1.231,101330.67
1760079600,1.231,1.232,1.219,1.224,84806.44
1760083200,1.224,1.252,1.221,1.249,73332.68
1760086800,1.25,1.251,1.228,1.236,51765.44
1760090400,1.239,1.25,1.235,1.245,19674.09
1760094000,1.247,1.274,1.24,1.271,100963.66
1760097600,1.271,1.288,1.265,1.287,245802.55
1760101200,1.285,1.311,1.274,1.279,515806.7
1760104800,1.28,1.286,1.241,1.242,240325.94
1760108400,1.244,1.247,1.183,1.192,529461.48
1760112000,1.192,1.206,1.18,1.185,185106.65
1760115600,1.182,1.19,1.158,1.167,254415.26
1760119200,1.167,1.175,1.157,1.162,160629.47
1760122800,1.16,1.161,1.123,1.139,286910.85
1760126400,1.14,1.158,1.02,1.049,490156.16
1760130000,1.055,1.2,0.88,1.152,1437923.68
1760133600,1.121,1.285,0.929,1.025,789981.76
1760137200,1.048,1.115,0.924,0.981,737753.15
1760140800,0.981,1.005,0.89,0.919,868452.83
1760144400,0.919,1,0.88,0.986,355381.25
1760148000,0.986,1.014,0.884,0.953,545374.3
1760151600,0.954,0.956,0.929,0.938,223871.08
1760155200,0.938,0.969,0.932,0.964,212306.03
1760158800,0.964,0.966,0.937,0.949,250133.87
1760162400,0.95,0.966,0.94,0.941,143930.04
1760166000,0.939,0.958,0.934,0.945,125191.55
1760169600,0.944,0.992,0.94,0.987,82388.59
1760173200,0.986,1.001,0.968,0.976,107805.27
1760176800,0.981,0.988,0.97,0.982,126664.03
1760180400,0.98,1.031,0.958,0.968,482729.69
1760184000,0.968,0.978,0.945,0.952,153900.6
1760187600,0.951,0.956,0.929,0.943,134885.51
1760191200,0.943,0.953,0.935,0.953,242562.77
1760194800,0.953,0.962,0.944,0.953,219868.07
1760198400,0.953,0.956,0.932,0.938,258929.92
1760202000,0.939,0.943,0.928,0.932,106616.95
1760205600,0.933,0.935,0.926,0.926,39235.65
1760209200,0.925,0.927,0.887,0.894,312515.95
1760212800,0.897,0.908,0.889,0.897,183785.69
1760216400,0.895,0.927,0.887,0.923,383253.09
1760220000,0.922,0.934,0.915,0.923,103622.57
1760223600,0.924,0.928,0.914,0.92,334434.44
1760227200,0.919,0.926,0.898,0.903,392997.98
1760230800,0.902,0.911,0.894,0.895,533268.51
1760234400,0.895,0.913,0.892,0.902,100931.86
1760238000,0.901,0.919,0.897,0.905,70444.22
1760241600,0.905,0.926,0.903,0.919,163643.81
1760245200,0.918,0.919,0.911,0.912,61636.53
1760248800,0.912,0.928,0.911,0.917,69525.74
1760252400,0.917,0.922,0.912,0.914,49961.23
1760256000,0.915,0.92,0.905,0.906,48956.98
1760259600,0.906,0.917,0.899,0.917,61668.62
1760263200,0.918,0.919,0.906,0.907,56957.67
1760266800,0.907,0.915,0.907,0.911,24534.53
1760270400,0.911,0.924,0.91,0.918,72655.2
1760274000,0.917,0.925,0.907,0.908,241550.73
1760277600,0.908,0.973,0.908,0.95,305643.55
1760281200,0.952,0.999,0.95,0.991,311078.05
1760284800,0.995,1.05,0.993,1.037,371136.98
1760288400,1.036,1.045,1.015,1.021,192808.69
1760292000,1.021,1.031,1.007,1.014,76320.99
1760295600,1.013,1.042,1.012,1.037,130170.34
1760299200,1.038,1.045,1.029,1.031,141622.2
1760302800,1.03,1.041,1.008,1.019,144059.04
1760306400,1.022,1.028,1,1.004,158949.77
1760310000,1.004,1.008,0.994,1.002,321337.49
1760313600,1.002,1.005,0.977,0.986,116925.79
1760317200,0.988,0.997,0.981,0.996,79869.48
1760320800,0.997,1.001,0.986,1.001,183066.47
1760324400,1.002,1.005,0.99,0.995,83008.49
1760328000,0.994,1.002,0.99,0.995,132063.12
1760331600,0.995,1,0.99,0.993,22165.5
1760335200,0.992,1.015,0.986,1.006,47013.14
1760338800,1.007,1.011,0.993,0.996,173497.41
1760342400,0.997,1.011,0.993,1.004,91188.8
1760346000,1.003,1.008,0.998,1.006,63510.59
1760349600,1.008,1.01,0.994,1.004,28048.4
1760353200,1.002,1.006,0.965,0.977,187630.59
1760356800,0.977,1,0.97,0.989,41605.52
1760360400,0.989,1.023,0.986,1.009,179999.05
1760364000,1.008,1.009,0.975,0.986,80188.23
1760367600,0.987,1.015,0.986,1.009,117961.86
1760371200,1.007,1.011,0.992,0.994,96580.44
1760374800,0.993,1.026,0.983,1.005,766469.39
1760378400,1.005,1.01,0.99,0.996,434686.19
1760382000,0.997,1.004,0.991,0.998,366263.91
1760385600,0.998,1.015,0.998,1.015,80731.83
1760389200,1.016,1.02,1.005,1.011,93362.87
1760392800,1.011,1.015,1.003,1.013,153205.33
1760396400,1.012,1.014,1.006,1.01,76759.52
1760400000,1.011,1.017,0.998,1.002,139350.36
1760403600,1.001,1.005,0.993,0.996,110907.52
1760407200,0.995,0.997,0.98,0.982,158824.59
1760410800,0.981,0.982,0.972,0.977,52572.99
1760414400,0.977,0.979,0.949,0.956,179815.97
1760418000,0.956,0.963,0.942,0.946,104620.3
1760421600,0.946,0.953,0.905,0.925,274096.95
1760425200,0.927,0.93,0.916,0.92,72164.57
1760428800,0.92,0.937,0.913,0.928,38882.6
1760432400,0.929,0.935,0.929,0.931,89174.73
1760436000,0.931,0.931,0.909,0.922,280273.45
1760439600,0.922,0.936,0.922,0.933,121089.07
1760443200,0.933,0.933,0.917,0.92,63394.82
1760446800,0.92,0.939,0.913,0.932,183281.1
1760450400,0.931,0.948,0.928,0.936,169992.26
1760454000,0.936,0.961,0.933,0.961,134451.99
1760457600,0.961,0.975,0.949,0.962,130628.92
1760461200,0.961,0.972,0.947,0.961,63352.85
1760464800,0.961,0.973,0.958,0.962,27258.4
1760468400,0.962,0.969,0.947,0.956,537193.03
1760472000,0.957,0.961,0.95,0.957,32588.13
1760475600,0.957,0.961,0.951,0.961,60784.02
1760479200,0.962,0.968,0.954,0.958,55086.89
1760482800,0.958,0.964,0.957,0.959,55556.07
1760486400,0.959,0.969,0.951,0.969,90435.12
1760490000,0.969,0.969,0.958,0.963,35917.02
1760493600,0.963,0.972,0.959,0.965,48476.7
1760497200,0.966,0.966,0.954,0.959,258618.1
1760500800,0.959,0.968,0.957,0.968,64921.6
1760504400,0.969,0.971,0.965,0.965,42513.91
1760508000,0.964,0.972,0.955,0.965,150523.71
1760511600,0.964,0.971,0.961,0.97,31562.43
1760515200,0.97,0.983,0.967,0.968,74097.13
1760518800,0.967,0.969,0.955,0.955,153618.32
1760522400,0.955,0.962,0.954,0.957,84117.77
1760526000,0.958,0.966,0.954,0.962,209381.15
1760529600,0.962,0.966,0.952,0.958,483764.79
1760533200,0.958,0.963,0.95,0.959,1450328.46
1760536800,0.959,0.97,0.944,0.948,554084.99
1760540400,0.948,0.955,0.935,0.943,1556354.56
1760544000,0.942,0.956,0.939,0.95,455875.05
1760547600,0.949,0.951,0.939,0.946,337732.61
1760551200,0.946,0.948,0.939,0.947,703134.93
1760554800,0.946,0.947,0.934,0.937,388292.96
1760558400,0.937,0.942,0.915,0.928,320946.76
1760562000,0.929,0.942,0.924,0.93,553008.26
1760565600,0.93,0.938,0.924,0.927,557479.86
1760569200,0.93,0.94,0.926,0.937,472721.13
1760572800,0.937,0.94,0.926,0.929,541189.05
1760576400,0.932,0.949,0.932,0.946,526813.07
1760580000,0.945,0.949,0.934,0.944,450985.07
1760583600,0.946,0.947,0.937,0.938,210302.52
1760587200,0.939,0.942,0.921,0.923,104194.63
1760590800,0.924,0.934,0.92,0.93,201301.3
1760594400,0.93,0.944,0.928,0.942,445133.72
1760598000,0.942,0.944,0.932,0.939,428099.15
1760601600,0.939,0.942,0.927,0.932,385505.06
1760605200,0.932,0.951,0.906,0.945,577896.82
1760608800,0.946,0.958,0.944,0.957,436563.63
1760612400,0.956,0.957,0.947,0.955,434637.08
1760616000,0.955,0.961,0.951,0.952,387510.93
1760619600,0.953,0.958,0.94,0.944,195770.89
1760623200,0.945,0.95,0.927,0.936,124550.29
1760626800,0.936,0.938,0.907,0.912,866812.69
1760630400,0.912,0.936,0.898,0.934,1154800.79
1760634000,0.934,0.934,0.91,0.915,590357.32
1760637600,0.915,0.919,0.901,0.918,749936.25
1760641200,0.917,0.922,0.903,0.908,580200.32
1760644800,0.908,0.912,0.89,0.896,133189.99
1760648400,0.895,0.911,0.893,0.911,253517.68
1760652000,0.912,0.927,0.89,0.891,770997.8
1760655600,0.891,0.905,0.89,0.899,523392.32
1760659200,0.898,0.906,0.898,0.903,578102.5
1760662800,0.903,0.912,0.896,0.903,274311.91
1760666400,0.902,0.905,0.891,0.901,335550.68
1760670000,0.901,0.907,0.9,0.904,293622.92
1760673600,0.904,0.905,0.897,0.899,201403.99
1760677200,0.898,0.901,0.89,0.893,208751.89
1760680800,0.892,0.896,0.856,0.864,365771.9
1760684400,0.864,0.865,0.836,0.839,456204.54
1760688000,0.839,0.843,0.823,0.83,349677.97
1760691600,0.831,0.869,0.831,0.853,154586.9
1760695200,0.853,0.857,0.838,0.845,276419.63
1760698800,0.846,0.872,0.845,0.864,220624.84
1760702400,0.864,0.872,0.862,0.865,211944.23
1760706000,0.864,0.873,0.854,0.864,219721.91
1760709600,0.863,0.867,0.847,0.854,112902.45
1760713200,0.854,0.871,0.851,0.87,340809.9
1760716800,0.87,0.882,0.866,0.869,135327.78
1760720400,0.869,0.886,0.868,0.881,197545.73
1760724000,0.882,0.887,0.874,0.876,86030.78
1760727600,0.877,0.88,0.868,0.872,54606.7
1760731200,0.872,0.881,0.87,0.878,21685.92
1760734800,0.878,0.887,0.877,0.879,125433.5
1760738400,0.879,0.88,0.872,0.876,40805.33
1760742000,0.876,0.876,0.869,0.872,30365.84
1760745600,0.873,0.878,0.87,0.876,27401.09
1760749200,0.877,0.887,0.876,0.887,140746.12
1760752800,0.886,0.886,0.878,0.881,584483.87
1760756400,0.881,0.886,0.881,0.882,14992.07
1760760000,0.881,0.882,0.88,0.881,514293.33
1760763600,0.881,0.888,0.88,0.888,11515
1760767200,0.888,0.89,0.88,0.883,35742.95
1760770800,0.883,0.895,0.883,0.887,115587
1760774400,0.886,0.892,0.886,0.888,5968.21
1760778000,0.888,0.899,0.886,0.898,9755.53
1760781600,0.899,0.901,0.891,0.894,34337.14
1760785200,0.894,0.897,0.889,0.892,40608.98
1760788800,0.892,0.894,0.884,0.884,16603.58
1760792400,0.884,0.885,0.879,0.88,270079.17
1760796000,0.881,0.887,0.876,0.886,40250.38
1760799600,0.885,0.889,0.883,0.887,35442.93
1760803200,0.887,0.887,0.876,0.879,24724.76
1760806800,0.88,0.893,0.876,0.893,120749.9
1760810400,0.893,0.894,0.889,0.891,145332.92
1760814000,0.891,0.894,0.889,0.893,278754.91
1760817600,0.894,0.898,0.889,0.89,136100.24
1760821200,0.89,0.892,0.887,0.892,353969.1
1760824800,0.891,0.893,0.888,0.89,243069.72
1760828400,0.89,0.892,0.885,0.887,186450.1
1760832000,0.888,0.888,0.879,0.88,75664.54
1760835600,0.88,0.884,0.877,0.883,109967.83
1760839200,0.882,0.887,0.88,0.88,53523.7
1760842800,0.88,0.889,0.88,0.886,81251.34
1760846400,0.886,0.886,0.88,0.881,26803.06
1760850000,0.882,0.884,0.878,0.878,76574.78
1760853600,0.878,0.88,0.874,0.878,67739.41
1760857200,0.877,0.881,0.877,0.881,12792.85
1760860800,0.882,0.894,0.875,0.878,42140.98
1760864400,0.876,0.896,0.871,0.89,29297.64
1760868000,0.89,0.906,0.885,0.901,17189.64
1760871600,0.902,0.909,0.898,0.9,21781.97
1760875200,0.9,0.902,0.895,0.898,27173.71
1760878800,0.899,0.917,0.896,0.915,73515.13
1760882400,0.915,0.93,0.908,0.928,129477.85
1760886000,0.93,0.934,0.92,0.923,163078.66
1760889600,0.922,0.927,0.916,0.923,29052.38
1760893200,0.923,0.932,0.921,0.921,36447.74
1760896800,0.921,0.928,0.92,0.924,35731.69
1760900400,0.923,0.926,0.92,0.924,34368.53
1760904000,0.923,0.928,0.92,0.927,17787.77
1760907600,0.928,0.929,0.917,0.921,51029.87
1760911200,0.922,0.924,0.918,0.918,85032.7
1760914800,0.917,0.918,0.911,0.912,62044.37
1760918400,0.913,0.913,0.892,0.901,50075.42
1760922000,0.902,0.904,0.896,0.897,25343.77
1760925600,0.898,0.905,0.893,0.903,15961.78
1760929200,0.903,0.933,0.901,0.931,71145.3
1760932800,0.931,0.932,0.921,0.924,41593.84
1760936400,0.924,0.934,0.923,0.933,28348.52
1760940000,0.933,0.94,0.932,0.934,23307.06
1760943600,0.933,0.934,0.926,0.928,12669.07
1760947200,0.925,0.93,0.924,0.926,1588.72
1760950800,0.926,0.933,0.926,0.933,4088.48
1760954400,0.933,0.937,0.927,0.932,17064.02
1760958000,0.93,0.932,0.926,0.929,19947.56
1760961600,0.928,0.929,0.924,0.927,44570.4
1760965200,0.928,0.942,0.926,0.941,49117.78
1760968800,0.939,0.94,0.931,0.936,66509.95
1760972400,0.936,0.938,0.926,0.926,100168.59
1760976000,0.924,0.924,0.904,0.922,122491.74
1760979600,0.922,0.925,0.913,0.918,101178.32
1760983200,0.918,0.92,0.914,0.919,194376.2
1760986800,0.92,0.927,0.915,0.924,37192.83
1760990400,0.922,0.923,0.918,0.921,115643.07
1760994000,0.923,0.93,0.917,0.919,59841.27
1760997600,0.918,0.924,0.917,0.921,81872.87
1761001200,0.921,0.922,0.916,0.916,32757.04
1761004800,0.916,0.917,0.914,0.916,13164.81
1761008400,0.915,0.915,0.899,0.907,58984.01
1761012000,0.906,0.906,0.898,0.901,32622.46
1761015600,0.901,0.904,0.895,0.896,15979.66
1761019200,0.897,0.898,0.88,0.883,89855.38
1761022800,0.883,0.888,0.881,0.885,16737.06
1761026400,0.886,0.889,0.883,0.887,12843.27
1761030000,0.888,0.891,0.885,0.888,10676.59
1761033600,0.887,0.888,0.88,0.883,27086.23
1761037200,0.883,0.886,0.883,0.885,6112.8
1761040800,0.886,0.896,0.885,0.893,34823.61
1761044400,0.892,0.897,0.891,0.893,139515.66
1761048000,0.893,0.906,0.893,0.897,104066.22
1761051600,0.9,0.907,0.894,0.902,35596.85
1761055200,0.903,0.95,0.903,0.95,214902.83
1761058800,0.95,0.965,0.944,0.949,248989.11
1761062400,0.949,0.969,0.938,0.939,317122.25
1761066000,0.94,0.955,0.93,0.935,330323.82
1761069600,0.937,0.945,0.931,0.937,288307.53
1761073200,0.936,0.937,0.929,0.931,65164.85
1761076800,0.931,0.931,0.917,0.921,63273.71
1761080400,0.922,0.924,0.905,0.92,95192.27
1761084000,0.92,0.92,0.9,0.901,21771.49
1761087600,0.902,0.905,0.887,0.889,32376.37
1761091200,0.892,0.894,0.881,0.886,36053.29
1761094800,0.886,0.893,0.885,0.886,61507.54
1761098400,0.887,0.891,0.885,0.89,40238.12
1761102000,0.889,0.89,0.884,0.89,27150.37
1761105600,0.89,0.897,0.89,0.894,43803.66
1761109200,0.894,0.894,0.877,0.884,56757.15
1761112800,0.883,0.884,0.88,0.881,9203.84
1761116400,0.88,0.885,0.874,0.883,162487.45
1761120000,0.882,0.883,0.878,0.88,13015.19
1761123600,0.88,0.88,0.872,0.874,31951.28
1761127200,0.874,0.877,0.869,0.871,33540.31
1761130800,0.868,0.878,0.859,0.871,159821.83
1761134400,0.872,0.879,0.869,0.876,18933.8
1761138000,0.876,0.887,0.871,0.885,77856.95
1761141600,0.884,0.884,0.864,0.881,109076.13
1761145200,0.882,0.887,0.868,0.875,148818.08
1761148800,0.875,0.879,0.866,0.871,186701.57
1761152400,0.87,0.872,0.858,0.86,40088.68
1761156000,0.859,0.863,0.852,0.855,160108.35
1761159600,0.856,0.866,0.843,0.853,205019.7
1761163200,0.853,0.855,0.839,0.84,40456.96
1761166800,0.839,0.839,0.811,0.825,493038.36
1761170400,0.824,0.831,0.819,0.828,575844.11
1761174000,0.828,0.85,0.828,0.848,666333.13
1761177600,0.848,0.86,0.841,0.852,454353.79
1761181200,0.852,0.854,0.843,0.844,123608.7
1761184800,0.844,0.846,0.841,0.842,82492.41
1761188400,0.841,0.846,0.84,0.846,84026.73
1761192000,0.844,0.849,0.841,0.845,11356.63
1761195600,0.846,0.849,0.843,0.845,26836.39
1761199200,0.844,0.858,0.842,0.858,15167.89
1761202800,0.857,0.858,0.853,0.855,60850.6
1761206400,0.856,0.861,0.856,0.859,29351.31
1761210000,0.861,0.862,0.857,0.861,11414.7
1761213600,0.862,0.871,0.86,0.862,136221.04
1761217200,0.861,0.863,0.852,0.853,43989.08
1761220800,0.852,0.853,0.844,0.853,75850.38
1761224400,0.852,0.867,0.85,0.857,181802.18
1761228000,0.857,0.858,0.844,0.853,66944.32
1761231600,0.852,0.863,0.85,0.857,167451.06
1761235200,0.857,0.866,0.849,0.862,200908.67
1761238800,0.86,0.867,0.849,0.864,130647.26
1761242400,0.864,0.865,0.852,0.852,86941.83
1761246000,0.851,0.858,0.847,0.857,39936.17
1761249600,0.858,0.858,0.844,0.848,83664.78
1761253200,0.848,0.853,0.847,0.851,95252.07
1761256800,0.853,0.861,0.852,0.861,36301.61
1761260400,0.86,0.865,0.859,0.865,89738.17
1761264000,0.865,0.866,0.859,0.862,71106.06
1761267600,0.863,0.863,0.858,0.86,36167.7
1761271200,0.86,0.864,0.857,0.862,50181.69
1761274800,0.862,0.863,0.859,0.861,24419.02
1761278400,0.862,0.879,0.859,0.876,115901.15
1761282000,0.876,0.883,0.874,0.881,32222.15
1761285600,0.881,0.887,0.88,0.885,58216.38
1761289200,0.886,0.887,0.878,0.884,27432.84
1761292800,0.885,0.888,0.879,0.883,28207.43
1761296400,0.883,0.887,0.882,0.884,21470.85
1761300000,0.884,0.884,0.874,0.874,20485.07
1761303600,0.874,0.881,0.87,0.88,37115.83
1761307200,0.88,0.898,0.878,0.889,86499.28
1761310800,0.888,0.891,0.878,0.887,103583.39
1761314400,0.886,0.886,0.868,0.876,75286.64
1761318000,0.878,0.879,0.865,0.868,66363.07
1761321600,0.868,0.872,0.854,0.868,40634.55
1761325200,0.868,0.874,0.868,0.869,17049.13
1761328800,0.868,0.879,0.868,0.878,74547.04
1761332400,0.879,0.893,0.878,0.888,64891.66
1761336000,0.889,0.905,0.886,0.892,194831.33
1761339600,0.893,0.911,0.885,0.894,127579.44
1761343200,0.895,0.904,0.893,0.897,66789.69
1761346800,0.897,0.906,0.888,0.896,364782.73
1761350400,0.896,0.897,0.886,0.888,68327.66
1761354000,0.889,0.89,0.883,0.887,33508.95
1761357600,0.887,0.891,0.885,0.89,52392.72
1761361200,0.889,0.889,0.88,0.88,25427.14
1761364800,0.881,0.885,0.88,0.88,9848.67
1761368400,0.88,0.881,0.877,0.879,29077.19
1761372000,0.879,0.879,0.872,0.874,45896.6
1761375600,0.872,0.879,0.872,0.873,60100.52
1761379200,0.873,0.881,0.872,0.881,42907.98
1761382800,0.88,0.881,0.876,0.876,19536.97
1761386400,0.876,0.877,0.873,0.874,13571.39
1761390000,0.873,0.876,0.873,0.874,84789.92
1761393600,0.874,0.88,0.874,0.878,39092.5
1761397200,0.878,0.879,0.868,0.875,520964.35
1761400800,0.874,0.883,0.874,0.883,25498.48
1761426000,0.894,0.897,0.89,0.895,37844.97
1761429600,0.895,0.901,0.888,0.899,320332.94
1761433200,0.899,0.9,0.894,0.895,72686.46
1761436800,0.894,0.901,0.889,0.898,163496.29
1761440400,0.896,0.897,0.884,0.886,96306.84
1761444000,0.887,0.888,0.882,0.883,24040.93
1761447600,0.884,0.888,0.878,0.88,95428.35
1761451200,0.88,0.888,0.88,0.886,36317.67
1761454800,0.885,0.896,0.885,0.896,150662.98
1761458400,0.896,0.901,0.893,0.896,347270.25
1761462000,0.897,0.9,0.896,0.9,22155.94
1761465600,0.898,0.907,0.897,0.905,84438.31
1761469200,0.905,0.923,0.902,0.917,67174.62
1761472800,0.916,0.918,0.911,0.912,29772.48
1761476400,0.912,0.942,0.91,0.938,110990.56
1761480000,0.943,0.946,0.929,0.935,124117.77
1761483600,0.935,0.941,0.927,0.934,91426.85
1761487200,0.934,0.937,0.929,0.933,257417
1761490800,0.931,0.941,0.929,0.939,115881.02
1761494400,0.94,0.95,0.931,0.943,145819.74
1761498000,0.941,0.945,0.93,0.94,241605.87
1761501600,0.941,0.949,0.939,0.949,81673.55
1761505200,0.95,0.959,0.94,0.944,128747.78
1761508800,0.944,0.946,0.929,0.936,280963.77
1761512400,0.938,0.943,0.933,0.943,59505.42
1761516000,0.944,0.964,0.943,0.955,75859.9
1761519600,0.955,0.958,0.947,0.947,103133.48
1761523200,0.947,0.952,0.944,0.948,50078.1
1761526800,0.945,0.955,0.943,0.954,63185.35
1761530400,0.953,0.956,0.946,0.953,28495.02
1761534000,0.951,0.956,0.945,0.946,18257.15
1761537600,0.946,0.955,0.946,0.952,20888.32
1761541200,0.951,0.958,0.947,0.947,8537.52
1761544800,0.946,0.953,0.942,0.947,17820.54
1761548400,0.947,0.951,0.936,0.942,10098.95
1761552000,0.942,0.942,0.931,0.931,28308.75
1761555600,0.93,0.93,0.924,0.928,44984.26
1761559200,0.928,0.93,0.92,0.922,86871.26
1761562800,0.923,0.942,0.923,0.929,38818.61
1761566400,0.927,0.93,0.921,0.923,41624.74
1761570000,0.923,0.928,0.913,0.924,33227.34
1761573600,0.923,0.923,0.913,0.916,104174.02
1761577200,0.918,0.922,0.916,0.92,57657.63
1761580800,0.921,0.934,0.92,0.932,78487.22
1761584400,0.932,0.933,0.925,0.932,104869.47
1761588000,0.931,0.935,0.926,0.928,22302.86
1761591600,0.927,0.93,0.918,0.918,42106.38
1761595200,0.917,0.917,0.907,0.91,85671.52
1761598800,0.909,0.915,0.908,0.909,37928.6
1761602400,0.909,0.914,0.904,0.904,23617.76
1761606000,0.904,0.906,0.898,0.904,66477.32
1761609600,0.904,0.906,0.899,0.9,40014.21
1761613200,0.901,0.907,0.901,0.904,16481.97
1761616800,0.904,0.906,0.892,0.897,60882.52
1761620400,0.897,0.9,0.893,0.897,23428.64
1761624000,0.896,0.901,0.894,0.899,24869.55
1761627600,0.901,0.902,0.889,0.89,149279.86
1761631200,0.89,0.906,0.89,0.906,15435.06
1761634800,0.907,0.908,0.897,0.898,39728.12
1761638400,0.898,0.902,0.897,0.899,37178.75
1761642000,0.9,0.902,0.895,0.898,9814.85
1761645600,0.898,0.901,0.896,0.901,16292.1
1761649200,0.902,0.911,0.9,0.904,176646.42
1761652800,0.904,0.91,0.898,0.909,114602.79
1761656400,0.909,0.924,0.909,0.922,362251.73
1761660000,0.919,0.924,0.88,0.905,142714.81
1761663600,0.905,0.911,0.896,0.9,42275.54
1761667200,0.901,0.909,0.896,0.905,32410.32
1761670800,0.906,0.908,0.9,0.9,71707.3
1761674400,0.901,0.907,0.894,0.898,22580.65
1761678000,0.898,0.899,0.875,0.878,64661.13
1761681600,0.877,0.879,0.86,0.866,299594.78
1761685200,0.865,0.87,0.853,0.863,215398.18
1761688800,0.863,0.875,0.861,0.874,67370.8
1761692400,0.873,0.873,0.868,0.869,41735.83
1761696000,0.869,0.872,0.864,0.864,14778.41
1761699600,0.864,0.873,0.864,0.868,19756.8
1761703200,0.868,0.869,0.866,0.868,19226.95
1761706800,0.868,0.868,0.864,0.865,12323.59
1761710400,0.866,0.869,0.864,0.865,11261.43
1761714000,0.865,0.871,0.865,0.868,29146.04
1761717600,0.868,0.871,0.867,0.869,5792.88
1761721200,0.869,0.878,0.869,0.876,44206.95
1761724800,0.876,0.876,0.866,0.868,11222.95
1761728400,0.867,0.875,0.866,0.874,3019.03
1761732000,0.872,0.88,0.871,0.876,36105.48
1761735600,0.877,0.883,0.876,0.88,7589.38
1761739200,0.882,0.884,0.879,0.883,12048.82
1761742800,0.883,0.894,0.883,0.886,25035.55
1761746400,0.884,0.885,0.876,0.882,46922.77
1761750000,0.882,0.884,0.861,0.865,82627.71
1761753600,0.865,0.875,0.859,0.87,47153.56
1761757200,0.869,0.896,0.867,0.896,132327.87
1761760800,0.896,0.897,0.838,0.875,461709.06
1761764400,0.877,0.892,0.871,0.882,168729.88
1761768000,0.883,0.894,0.874,0.888,86862.3
1761771600,0.888,0.891,0.882,0.884,35188.89
1761775200,0.884,0.886,0.875,0.876,13680.19
1761778800,0.877,0.88,0.857,0.86,221533.65
1761782400,0.861,0.869,0.852,0.866,47369.11
1761786000,0.865,0.869,0.86,0.864,24826.35
1761789600,0.863,0.873,0.863,0.867,200825.33
1761793200,0.866,0.868,0.861,0.864,39214.49
1761796800,0.863,0.865,0.827,0.835,350430.13
1761800400,0.835,0.854,0.832,0.849,32112.72
1761804000,0.851,0.852,0.843,0.847,12722.37
1761807600,0.847,0.858,0.847,0.855,20485.59
1761811200,0.854,0.855,0.844,0.846,25259.59
1761814800,0.846,0.848,0.836,0.836,16429.13
1761818400,0.836,0.84,0.833,0.836,36490.7
1761822000,0.835,0.839,0.831,0.831,15154.74
1761825600,0.832,0.833,0.803,0.816,244956.23
1761829200,0.816,0.819,0.796,0.801,120425.13
1761832800,0.801,0.809,0.798,0.803,237319.38
1761836400,0.802,0.804,0.789,0.79,87153.66
1761840000,0.79,0.797,0.786,0.79,346308.87
1761843600,0.789,0.789,0.77,0.783,233870.24
1761847200,0.783,0.783,0.772,0.775,45037.49
1761850800,0.774,0.777,0.766,0.771,142147.86
1761854400,0.77,0.783,0.768,0.78,126008.44
1761858000,0.781,0.789,0.78,0.785,95512.62
1761861600,0.785,0.792,0.784,0.792,61096.67
1761865200,0.79,0.8,0.788,0.798,64514.01
1761868800,0.797,0.808,0.796,0.806,58181.34
1761872400,0.804,0.814,0.803,0.813,52069.22
1761876000,0.812,0.815,0.804,0.808,95943.52
1761879600,0.806,0.815,0.806,0.81,23080.38
1761883200,0.81,0.817,0.809,0.815,26649.41
1761886800,0.814,0.815,0.81,0.81,26603.81
1761890400,0.809,0.811,0.802,0.804,23681.17
1761894000,0.806,0.806,0.797,0.798,32579.57
1761897600,0.798,0.802,0.795,0.802,36191.85
1761901200,0.802,0.805,0.799,0.802,30715.45
1761904800,0.802,0.804,0.799,0.799,24929.77
1761908400,0.798,0.81,0.797,0.809,14500.72
1761912000,0.809,0.813,0.8,0.801,70207.52
1761915600,0.8,0.808,0.798,0.808,81638.92
1761919200,0.807,0.813,0.802,0.811,48374.1
1761922800,0.81,0.814,0.802,0.805,129695.36
1761926400,0.804,0.806,0.787,0.788,108926.87
1761930000,0.788,0.795,0.78,0.789,119031.7
1761933600,0.79,0.8,0.788,0.795,69875.35
1761937200,0.794,0.809,0.79,0.807,129000.54
1761940800,0.807,0.808,0.799,0.8,68809.9
1761944400,0.801,0.801,0.795,0.797,22501.7
1761948000,0.797,0.801,0.796,0.798,117438.54
1761951600,0.798,0.801,0.797,0.799,60491.53
1761955200,0.799,0.8,0.793,0.8,32080.5
1761958800,0.8,0.804,0.797,0.797,64056.26
1761962400,0.797,0.807,0.792,0.806,42901.25
1761966000,0.806,0.814,0.806,0.812,134722.2
1761969600,0.813,0.815,0.808,0.811,52287.9
1761973200,0.812,0.813,0.807,0.81,29558.4
1761976800,0.81,0.817,0.807,0.817,34480.71
1761980400,0.816,0.87,0.814,0.87,314737.91
1761984000,0.869,0.897,0.862,0.864,259932.51
1761987600,0.863,0.863,0.847,0.858,87437.53
1761991200,0.858,0.873,0.848,0.866,40287.27
1761994800,0.865,0.871,0.86,0.868,100480.24
1761998400,0.867,0.887,0.867,0.879,115325.56
1762002000,0.88,0.883,0.866,0.872,66931.65
1762005600,0.874,0.874,0.855,0.858,306077.12
1762009200,0.858,0.88,0.856,0.877,162886.22
1762012800,0.877,0.883,0.873,0.877,200045.52
1762016400,0.877,0.879,0.873,0.877,72800.91
1762020000,0.877,0.884,0.876,0.881,63268.86
1762023600,0.881,0.881,0.875,0.881,32692.08
1762027200,0.882,0.883,0.877,0.879,39185.34
1762030800,0.879,0.885,0.869,0.871,127776.66
1762034400,0.871,0.874,0.868,0.869,27874.11
1762038000,0.869,0.874,0.867,0.872,109413.69
1762041600,0.87,0.87,0.859,0.861,46256.58
1762045200,0.86,0.861,0.849,0.85,49416
1762048800,0.85,0.856,0.848,0.852,82608.06
1762052400,0.851,0.853,0.847,0.851,80110.71
1762056000,0.851,0.863,0.85,0.862,41767.82
1762059600,0.862,0.865,0.855,0.863,29795.77
1762063200,0.862,0.863,0.857,0.862,14617.37
1762066800,0.864,0.864,0.858,0.861,14096.74
1762070400,0.861,0.861,0.852,0.855,16504.44
1762074000,0.856,0.86,0.851,0.853,26708.57
1762077600,0.853,0.853,0.842,0.85,71193.43
1762081200,0.851,0.856,0.846,0.856,32756.39
1762084800,0.856,0.856,0.848,0.848,33050.54
1762088400,0.847,0.848,0.838,0.842,35991.74
1762092000,0.842,0.844,0.824,0.83,62293.17
1762095600,0.829,0.839,0.826,0.831,59035.26
1762099200,0.831,0.836,0.822,0.834,15017.32
1762102800,0.834,0.836,0.828,0.833,28517.28
1762106400,0.833,0.834,0.828,0.828,45948.31
1762110000,0.828,0.829,0.822,0.829,75357.72
1762113600,0.828,0.834,0.827,0.834,15387.72
1762117200,0.835,0.837,0.832,0.836,20431.15
1762120800,0.836,0.839,0.831,0.836,37922.64
1762124400,0.837,0.845,0.837,0.842,46376.71
1762128000,0.841,0.844,0.827,0.827,34727.5
1762131600,0.827,0.831,0.819,0.822,50413.95
1762135200,0.823,0.823,0.811,0.816,62058.91
1762138800,0.816,0.817,0.787,0.787,131184.93
1762142400,0.787,0.795,0.781,0.793,73738.95
1762146000,0.793,0.802,0.789,0.79,37112.64
1762149600,0.79,0.793,0.779,0.788,74601.13
1762153200,0.785,0.795,0.784,0.788,80671.39
1762156800,0.787,0.792,0.782,0.788,6206.31
1762160400,0.788,0.799,0.781,0.783,25679.51
1762164000,0.783,0.786,0.777,0.78,45482.8
1762167600,0.783,0.793,0.783,0.786,31984.05
1762171200,0.785,0.791,0.783,0.784,147436.66
1762174800,0.784,0.791,0.78,0.786,31399.02
1762178400,0.786,0.793,0.782,0.79,23232.23
1762182000,0.788,0.789,0.728,0.733,899959.13
1762185600,0.733,0.743,0.722,0.738,488887.85
1762189200,0.738,0.755,0.736,0.75,307377.16
1762192800,0.75,0.751,0.735,0.736,248526.11
1762196400,0.737,0.74,0.726,0.726,311768.73
1762200000,0.727,0.729,0.713,0.716,287108.85
1762203600,0.717,0.73,0.712,0.728,450657.78
1762207200,0.729,0.733,0.721,0.729,288897.66
1762210800,0.729,0.732,0.722,0.727,286823.09
1762214400,0.728,0.738,0.72,0.731,255320.43
1762218000,0.731,0.735,0.725,0.73,263869.25
1762221600,0.73,0.735,0.726,0.727,239705.3
1762225200,0.729,0.738,0.727,0.733,270769.27
1762228800,0.734,0.738,0.728,0.728,255859.8
1762232400,0.728,0.731,0.697,0.698,443361.9
1762236000,0.699,0.728,0.698,0.711,332405.64
1762239600,0.71,0.713,0.699,0.702,309039.77
1762243200,0.702,0.72,0.699,0.712,271324.59
1762246800,0.712,0.718,0.708,0.716,242861.85
1762250400,0.717,0.722,0.716,0.72,264759.95
1762254000,0.721,0.726,0.713,0.717,226104.56
1762257600,0.717,0.717,0.706,0.71,308178.39
1762261200,0.71,0.713,0.701,0.704,220467.27
1762264800,0.704,0.725,0.697,0.717,342393.37
1762268400,0.718,0.726,0.704,0.705,366737.8
1762272000,0.706,0.714,0.699,0.701,169983.03
1762275600,0.701,0.71,0.678,0.702,391191.2
1762279200,0.701,0.701,0.675,0.697,267366.85
1762282800,0.698,0.704,0.686,0.687,123484.59
1762286400,0.688,0.697,0.653,0.687,405448.78
1762290000,0.689,0.692,0.656,0.691,895396.25
1762293600,0.691,0.708,0.687,0.705,210558.8
1762297200,0.704,0.71,0.703,0.705,62632.54
1762300800,0.704,0.704,0.69,0.694,74322.4
1762304400,0.694,0.696,0.668,0.693,159748.39
1762308000,0.694,0.711,0.694,0.711,94060.46
1762311600,0.709,0.715,0.707,0.713,42381.31
1762315200,0.713,0.716,0.708,0.714,49290.48
1762318800,0.714,0.721,0.714,0.719,145302.88
1762322400,0.719,0.722,0.714,0.719,108791.07
1762326000,0.719,0.721,0.715,0.72,6274.38
1762329600,0.718,0.718,0.703,0.709,18047.61
1762333200,0.709,0.72,0.708,0.718,33812.97
1762336800,0.717,0.718,0.708,0.709,18985.8
1762340400,0.71,0.719,0.71,0.718,40852.65
1762344000,0.718,0.724,0.716,0.724,38651.45
1762347600,0.724,0.735,0.721,0.729,125633.74
1762351200,0.729,0.731,0.718,0.724,149976.26
1762354800,0.722,0.729,0.721,0.729,128236.24
1762358400,0.729,0.736,0.724,0.735,59901.03
1762362000,0.735,0.736,0.729,0.733,135359.59
1762365600,0.732,0.742,0.731,0.741,97888.15
1762369200,0.739,0.739,0.735,0.736,27532.96
1762372800,0.736,0.741,0.733,0.735,54668.55
1762376400,0.735,0.738,0.731,0.735,191940.95
1762380000,0.735,0.744,0.733,0.744,160557.54
1762383600,0.743,0.744,0.736,0.736,30372.66
1762387200,0.736,0.737,0.731,0.732,97218.81
1762390800,0.732,0.733,0.721,0.731,43755.41
1762394400,0.73,0.738,0.723,0.732,176802.57
1762398000,0.733,0.735,0.728,0.729,41904.61
1762401600,0.73,0.732,0.727,0.73,21617.99
1762405200,0.73,0.73,0.715,0.717,80209.03
1762408800,0.718,0.722,0.716,0.719,9481.93
1762412400,0.718,0.722,0.715,0.719,15452.79
1762416000,0.719,0.72,0.714,0.717,9711.72
1762419600,0.716,0.719,0.713,0.713,29932.41
1762423200,0.713,0.718,0.71,0.716,24665.66
1762426800,0.713,0.719,0.711,0.717,14891.56
1762430400,0.717,0.717,0.708,0.709,44485.42
1762434000,0.71,0.729,0.709,0.723,79755.61
1762437600,0.724,0.726,0.711,0.712,122016.92
1762441200,0.712,0.72,0.698,0.701,230446.91
1762444800,0.701,0.704,0.688,0.7,133728.06
1762448400,0.701,0.71,0.697,0.71,153324.6
1762452000,0.71,0.716,0.702,0.711,104178.71
1762455600,0.711,0.713,0.703,0.71,60258.88
1762459200,0.71,0.712,0.698,0.704,55299.56
1762462800,0.703,0.709,0.7,0.707,109213.56
1762466400,0.707,0.71,0.7,0.708,136947.02
1762470000,0.707,0.707,0.7,0.704,73635.58
1762473600,0.704,0.717,0.704,0.715,180213.63
1762477200,0.716,0.72,0.705,0.716,102530.57
1762480800,0.713,0.721,0.711,0.72,79752.82
1762484400,0.72,0.727,0.72,0.722,80040.21
1762488000,0.723,0.725,0.717,0.725,39121.11
1762491600,0.725,0.74,0.725,0.739,190045.63
1762495200,0.74,0.75,0.738,0.744,120235.04
1762498800,0.747,0.767,0.744,0.764,73066.39
1762502400,0.762,0.763,0.747,0.749,30803.35
1762506000,0.747,0.752,0.733,0.745,94363.1
1762509600,0.744,0.749,0.736,0.736,61451.5
1762513200,0.734,0.735,0.724,0.732,80955.48
1762516800,0.733,0.736,0.715,0.721,188101.71
1762520400,0.721,0.744,0.719,0.743,183829.32
1762524000,0.743,0.769,0.729,0.762,236171.1
1762527600,0.763,0.802,0.756,0.8,363278.44
1762531200,0.799,0.82,0.795,0.811,432198.73
1762534800,0.81,0.855,0.805,0.847,474899.11
1762538400,0.848,0.864,0.845,0.85,393719.96
1762542000,0.851,0.858,0.842,0.849,190538.18
1762545600,0.85,0.856,0.844,0.848,198909.78
1762549200,0.85,0.854,0.847,0.854,74397.33
1762552800,0.854,0.869,0.847,0.869,62738.96
1762556400,0.868,0.872,0.824,0.835,189212.97
1762560000,0.835,0.851,0.821,0.821,187673.15
1762563600,0.821,0.843,0.819,0.841,129166.28
1762567200,0.842,0.851,0.838,0.841,93227.54
1762570800,0.842,0.849,0.83,0.83,188712.09
1762574400,0.831,0.848,0.831,0.838,95174.08
1762578000,0.838,0.838,0.818,0.82,64729.65
1762581600,0.82,0.825,0.808,0.815,68999.81
1762585200,0.813,0.825,0.812,0.823,21453.86
1762588800,0.824,0.828,0.813,0.827,39436.24
1762592400,0.824,0.825,0.81,0.814,20396.22
1762596000,0.814,0.829,0.814,0.826,19739.6
1762599600,0.827,0.849,0.827,0.833,41752.77
1762603200,0.833,0.836,0.828,0.831,19653.58
1762606800,0.83,0.831,0.814,0.814,25800.38
1762610400,0.815,0.819,0.803,0.813,103073.72
1762614000,0.812,0.814,0.796,0.8,59930.47
1762617600,0.8,0.806,0.794,0.806,67957.94
1762621200,0.805,0.811,0.802,0.807,52327.76
1762624800,0.807,0.815,0.804,0.813,50159.69
1762628400,0.813,0.813,0.801,0.809,27241.41
1762632000,0.809,0.812,0.803,0.81,13922.86
1762635600,0.809,0.814,0.807,0.812,16262.65
1762639200,0.813,0.817,0.81,0.814,30978.83
1762642800,0.815,0.817,0.812,0.817,32895.86
1762646400,0.816,0.819,0.804,0.806,43088.27
1762650000,0.805,0.813,0.802,0.807,17218.34
1762653600,0.806,0.808,0.786,0.789,27598.6
1762657200,0.79,0.791,0.779,0.785,61545.83
1762660800,0.785,0.794,0.784,0.787,22421.31
1762664400,0.787,0.794,0.785,0.793,18165.28
1762668000,0.792,0.799,0.789,0.791,33771.46
1762671600,0.791,0.802,0.791,0.8,15432.69
1762675200,0.8,0.8,0.79,0.792,26898.42
1762678800,0.793,0.799,0.786,0.788,7220.29
1762682400,0.787,0.797,0.783,0.797,20686.92
1762686000,0.798,0.806,0.798,0.8,52906.53
1762689600,0.799,0.808,0.799,0.801,11172.53
1762693200,0.8,0.809,0.8,0.805,34124.98
1762696800,0.804,0.827,0.802,0.811,120728.34
1762700400,0.811,0.824,0.809,0.818,268316.81
1762704000,0.818,0.819,0.81,0.818,306105.07
1762707600,0.817,0.819,0.809,0.811,273906.46
1762711200,0.811,0.821,0.806,0.82,87605.97
1762714800,0.818,0.826,0.815,0.826,25817.22
1762718400,0.827,0.827,0.816,0.818,33434.91
1762722000,0.818,0.819,0.815,0.818,18175.74
1762725600,0.817,0.82,0.809,0.82,29436.07
1762729200,0.821,0.825,0.814,0.817,41940.94
1762732800,0.816,0.835,0.81,0.829,60929.61
1762736400,0.83,0.834,0.822,0.822,115463.63
1762740000,0.823,0.826,0.818,0.825,38204.57
1762743600,0.826,0.832,0.825,0.827,65410.61
1762747200,0.827,0.836,0.823,0.833,95170.59
1762750800,0.834,0.838,0.826,0.835,93265.74
1762754400,0.835,0.836,0.827,0.836,120296.94
1762758000,0.835,0.838,0.827,0.833,60709.32
1762761600,0.833,0.833,0.823,0.83,24537.76
1762765200,0.83,0.848,0.829,0.845,20782.25
1762768800,0.844,0.846,0.83,0.836,33196.62
1762772400,0.84,0.845,0.838,0.839,40062.7
1762776000,0.839,0.84,0.831,0.833,45846.18
1762779600,0.833,0.846,0.832,0.84,40277.23
1762783200,0.839,0.839,0.817,0.824,176309.66
1762786800,0.824,0.837,0.82,0.825,28792.7
1762790400,0.825,0.829,0.809,0.811,163188.84
1762794000,0.811,0.825,0.809,0.821,39174.5
1762797600,0.821,0.823,0.813,0.813,65048.08
1762801200,0.813,0.828,0.811,0.821,18599.74
1762804800,0.82,0.83,0.818,0.824,50897.6
1762808400,0.824,0.824,0.81,0.819,58733.22
1762812000,0.818,0.842,0.812,0.837,81031.36
1762815600,0.834,0.837,0.825,0.833,50404.65
1762819200,0.832,0.833,0.817,0.827,34953.93
1762822800,0.823,0.846,0.822,0.825,24654.81
1762826400,0.826,0.844,0.819,0.841,82974.31
1762830000,0.839,0.844,0.836,0.839,7976.21
1762833600,0.84,0.84,0.824,0.825,6405.43
1762837200,0.825,0.825,0.81,0.811,99111.29
1762840800,0.813,0.814,0.804,0.807,44626.26
1762844400,0.806,0.81,0.794,0.794,21024.11
1762848000,0.795,0.801,0.792,0.799,26250.81
1762851600,0.8,0.807,0.797,0.797,26275.42
1762855200,0.798,0.803,0.797,0.801,13986.19
1762858800,0.802,0.806,0.797,0.799,23180.56
1762862400,0.8,0.808,0.794,0.797,21729.4
1762866000,0.798,0.804,0.795,0.796,97509.66
1762869600,0.796,0.806,0.789,0.806,75210.58
1762873200,0.804,0.805,0.794,0.798,38481.26
1762876800,0.798,0.81,0.796,0.803,62365.12
1762880400,0.803,0.808,0.793,0.798,71003.61
1762884000,0.798,0.801,0.79,0.792,84100.02
1762887600,0.789,0.792,0.782,0.784,90483.02
1762891200,0.784,0.786,0.775,0.777,75502.95
1762894800,0.778,0.782,0.772,0.773,94969.5
1762898400,0.772,0.783,0.768,0.781,66374.53
1762902000,0.78,0.781,0.769,0.771,32921.08
1762905600,0.773,0.776,0.766,0.767,57730.16
1762909200,0.77,0.78,0.769,0.779,71703.36
1762912800,0.78,0.782,0.772,0.781,42827.42
1762916400,0.78,0.789,0.78,0.785,60551.78
1762920000,0.785,0.787,0.78,0.785,50219.88
1762923600,0.786,0.789,0.782,0.786,45712.98
1762927200,0.787,0.799,0.786,0.795,34191.12
1762930800,0.795,0.797,0.786,0.788,16229.91
1762934400,0.788,0.802,0.788,0.8,21418.14
1762938000,0.8,0.803,0.794,0.803,37529.5
1762941600,0.804,0.814,0.804,0.808,36526.82
1762945200,0.809,0.811,0.803,0.807,24635.76
1762948800,0.806,0.814,0.804,0.807,40250.57
1762952400,0.806,0.812,0.802,0.81,58257.67
1762956000,0.808,0.809,0.782,0.793,76648.19
1762959600,0.793,0.799,0.768,0.772,77451.04
1762963200,0.772,0.772,0.745,0.755,221679.86
1762966800,0.754,0.765,0.746,0.76,150720.41
1762970400,0.76,0.764,0.752,0.755,60621.82
1762974000,0.753,0.757,0.747,0.753,144965.31
1762977600,0.754,0.766,0.753,0.763,96448.37
1762981200,0.764,0.771,0.762,0.77,49645.19
1762984800,0.769,0.769,0.762,0.765,24411.9
1762988400,0.762,0.764,0.759,0.761,70262.64
1762992000,0.761,0.771,0.761,0.765,38051.28
1762995600,0.765,0.783,0.765,0.775,133402.4
1762999200,0.775,0.781,0.772,0.777,187293.81
1763002800,0.776,0.794,0.764,0.785,115539.71
1763006400,0.785,0.791,0.78,0.785,171896.43
1763010000,0.785,0.809,0.783,0.803,195236.8
1763013600,0.804,0.805,0.8,0.804,55640.8
1763017200,0.806,0.808,0.794,0.796,55337.46
1763020800,0.796,0.799,0.793,0.796,17662.19
1763024400,0.795,0.795,0.784,0.789,99326.13
1763028000,0.789,0.793,0.784,0.786,29843.9
1763031600,0.785,0.788,0.783,0.784,55744.69
1763035200,0.785,0.791,0.784,0.789,69575.16
1763038800,0.79,0.793,0.782,0.789,62658.29
1763042400,0.789,0.804,0.777,0.797,147400.39
1763046000,0.797,0.802,0.778,0.783,48032.02
1763049600,0.781,0.784,0.763,0.765,70493.31
1763053200,0.764,0.764,0.74,0.741,155255.17
1763056800,0.741,0.744,0.726,0.733,226258.48
1763060400,0.733,0.741,0.723,0.728,169453.52
1763064000,0.726,0.732,0.723,0.726,99602.3
1763067600,0.726,0.73,0.719,0.724,186039.15
1763071200,0.723,0.745,0.721,0.741,209959.93
1763074800,0.741,0.754,0.738,0.744,199495.79
1763078400,0.743,0.749,0.735,0.739,64816.22
1763082000,0.738,0.744,0.736,0.738,36141.13
1763085600,0.738,0.745,0.738,0.739,45252.99
1763089200,0.739,0.739,0.731,0.734,104658.71
1763092800,0.733,0.733,0.7,0.72,260855.52
1763096400,0.72,0.736,0.72,0.731,121379.36
1763100000,0.73,0.741,0.718,0.74,46013.16
1763103600,0.739,0.745,0.736,0.737,34693.75
1763107200,0.737,0.738,0.73,0.734,26879.94
1763110800,0.733,0.735,0.721,0.722,20008.2
1763114400,0.722,0.729,0.721,0.721,15955.19
1763118000,0.723,0.723,0.713,0.716,30758.09
1763121600,0.715,0.721,0.701,0.72,162183.23
1763125200,0.721,0.725,0.709,0.717,86436.15
1763128800,0.717,0.734,0.711,0.729,131940.78
1763132400,0.729,0.74,0.721,0.733,80699.89
1763136000,0.732,0.736,0.726,0.731,105855.71
1763139600,0.732,0.734,0.716,0.719,108574.55
1763143200,0.717,0.729,0.717,0.722,60926.87
1763146800,0.722,0.734,0.72,0.729,76811.53
1763150400,0.73,0.73,0.704,0.71,91215.51
1763154000,0.707,0.721,0.706,0.717,113574.9
1763157600,0.717,0.721,0.71,0.712,46458.85
1763161200,0.711,0.712,0.69,0.704,137969.06
1763164800,0.704,0.714,0.703,0.714,54044.04
1763168400,0.714,0.72,0.708,0.718,66611.69
1763172000,0.717,0.725,0.717,0.725,25323.68
1763175600,0.725,0.726,0.722,0.725,63620.14
1763179200,0.725,0.726,0.72,0.721,25980.34
1763182800,0.721,0.723,0.717,0.72,222501.99
1763186400,0.721,0.724,0.717,0.717,45724.55
1763190000,0.718,0.718,0.712,0.713,59426.57
1763193600,0.712,0.712,0.7,0.702,30519.57
1763197200,0.701,0.706,0.699,0.702,8992.7
1763200800,0.702,0.708,0.701,0.707,39731.54
1763204400,0.705,0.708,0.7,0.703,27348.08
1763208000,0.703,0.709,0.703,0.707,68256.6
1763211600,0.707,0.714,0.706,0.71,42439.45
1763215200,0.71,0.711,0.702,0.702,42962.13
1763218800,0.701,0.705,0.7,0.702,30084.73
1763222400,0.702,0.702,0.693,0.7,58216.79
1763226000,0.701,0.705,0.699,0.705,43371.59
1763229600,0.703,0.706,0.7,0.703,39869.84
1763233200,0.703,0.705,0.7,0.701,47300.46
1763236800,0.701,0.702,0.694,0.694,31155.97
1763240400,0.694,0.7,0.69,0.69,24679.7
1763244000,0.692,0.7,0.692,0.7,23903
1763247600,0.698,0.702,0.697,0.701,26460.4
1763251200,0.7,0.7,0.691,0.695,16146.86
1763254800,0.695,0.698,0.684,0.694,124185.66
1763258400,0.693,0.703,0.692,0.703,20781.44
1763262000,0.702,0.703,0.698,0.7,49237.43
1763265600,0.699,0.7,0.695,0.698,18411.99
1763269200,0.701,0.703,0.694,0.696,147693.49
1763272800,0.696,0.699,0.695,0.697,29102.88
1763276400,0.696,0.701,0.695,0.7,100068.49
1763280000,0.699,0.699,0.695,0.699,17711.03
1763283600,0.697,0.705,0.696,0.702,5487.55
1763287200,0.702,0.704,0.7,0.701,7290.45
1763290800,0.7,0.7,0.679,0.683,33836.45
1763294400,0.683,0.686,0.676,0.681,61749.03
1763298000,0.681,0.683,0.675,0.678,251563.74
1763301600,0.677,0.686,0.676,0.684,61473.48
1763305200,0.684,0.686,0.668,0.669,78005.75
1763308800,0.669,0.678,0.662,0.665,170501.16
1763312400,0.665,0.665,0.653,0.662,155191.46
1763316000,0.661,0.675,0.658,0.661,184742.38
1763319600,0.662,0.672,0.661,0.662,130400.99
1763323200,0.662,0.67,0.662,0.666,22624.01
1763326800,0.666,0.669,0.659,0.668,144413.98
1763330400,0.668,0.675,0.662,0.671,177389.4
1763334000,0.67,0.679,0.659,0.673,214013.3
1763337600,0.673,0.68,0.665,0.676,75148.78
1763341200,0.677,0.678,0.669,0.674,201748.75
1763344800,0.675,0.679,0.672,0.677,123609.41
1763348400,0.677,0.684,0.677,0.684,73611.51
1763352000,0.684,0.686,0.68,0.682,72350.91
1763355600,0.682,0.683,0.679,0.681,25706.76
1763359200,0.681,0.683,0.678,0.682,34710.29
1763362800,0.682,0.686,0.68,0.685,32624.69
1763366400,0.685,0.686,0.681,0.681,65240.15
1763370000,0.681,0.686,0.68,0.683,18770.86
1763373600,0.683,0.685,0.681,0.682,30085.99
1763377200,0.682,0.688,0.681,0.683,19866.88
1763380800,0.683,0.684,0.68,0.682,23388.78
1763384400,0.681,0.681,0.658,0.665,103644.56
1763388000,0.665,0.696,0.662,0.678,177918.4
1763391600,0.679,0.68,0.665,0.67,129408.4
1763395200,0.67,0.677,0.658,0.677,96427.98
1763398800,0.677,0.677,0.657,0.658,95116.61
1763402400,0.659,0.664,0.647,0.651,238277.85
1763406000,0.653,0.655,0.64,0.644,321460.19
1763409600,0.643,0.648,0.637,0.644,91310.53
1763413200,0.644,0.647,0.636,0.642,117458.77
1763416800,0.64,0.65,0.639,0.647,102092.79
1763420400,0.647,0.653,0.642,0.652,98992.37
1763424000,0.651,0.658,0.641,0.658,102635.06
1763427600,0.658,0.662,0.653,0.655,57257.7
1763431200,0.655,0.668,0.651,0.657,93695.42
1763434800,0.656,0.67,0.651,0.668,186322.07
1763438400,0.668,0.671,0.659,0.671,77810.08
1763442000,0.669,0.676,0.664,0.667,25207.33
1763445600,0.667,0.669,0.661,0.661,13847.06
1763449200,0.66,0.67,0.66,0.667,22353.29
1763452800,0.668,0.675,0.667,0.671,9217.46
1763456400,0.67,0.674,0.667,0.673,9237.36
1763460000,0.673,0.675,0.67,0.674,27470.42
1763463600,0.674,0.674,0.667,0.67,15451.66
1763467200,0.67,0.677,0.669,0.676,56360.57
1763470800,0.675,0.678,0.667,0.671,45868.28
1763474400,0.67,0.68,0.668,0.668,104019.4
1763478000,0.667,0.686,0.665,0.684,131288.88
1763481600,0.684,0.696,0.681,0.691,109360.27
1763485200,0.69,0.692,0.682,0.687,97262.71
1763488800,0.686,0.692,0.686,0.688,89796.34
1763492400,0.688,0.693,0.687,0.691,72137.37
1763496000,0.69,0.69,0.685,0.688,88391.94
1763499600,0.687,0.69,0.681,0.682,29567.03
1763503200,0.683,0.695,0.683,0.693,327673.55
1763506800,0.692,0.693,0.685,0.688,41028.11
1763510400,0.687,0.689,0.679,0.687,44451.57
1763514000,0.687,0.69,0.684,0.686,32707.97
1763517600,0.686,0.689,0.683,0.683,27565.79
1763521200,0.684,0.686,0.675,0.675,121554.73
1763524800,0.675,0.677,0.67,0.671,89126.75
1763528400,0.671,0.672,0.657,0.661,69220.14
1763532000,0.662,0.669,0.66,0.669,41983.66
1763535600,0.669,0.672,0.668,0.67,8580.34
1763539200,0.67,0.671,0.667,0.667,23714.89
1763542800,0.668,0.668,0.661,0.667,12460.71
1763546400,0.667,0.671,0.664,0.664,8210.26
1763550000,0.664,0.668,0.664,0.666,18573.95
1763553600,0.666,0.67,0.666,0.67,63011.3
1763557200,0.669,0.671,0.663,0.664,75909.83
1763560800,0.664,0.669,0.658,0.668,82496.45
1763564400,0.669,0.677,0.653,0.654,53403.41
1763568000,0.654,0.661,0.644,0.647,163079.77
1763571600,0.647,0.651,0.636,0.645,97327.54
1763575200,0.646,0.649,0.634,0.638,109506.18
1763578800,0.637,0.64,0.634,0.638,98278.65
1763582400,0.638,0.652,0.637,0.652,161581.16
1763586000,0.653,0.667,0.651,0.664,625113.69
1763589600,0.663,0.663,0.657,0.662,59630.19
1763593200,0.662,0.67,0.662,0.668,43226.71
1763596800,0.666,0.671,0.665,0.667,29542.44
1763600400,0.667,0.674,0.667,0.674,15346.24
1763604000,0.674,0.675,0.672,0.673,78974.48
1763607600,0.673,0.676,0.672,0.674,38655.2
1763611200,0.674,0.678,0.672,0.677,276192.48
1763614800,0.678,0.678,0.675,0.678,38695.96
1763618400,0.678,0.681,0.676,0.679,27851.5
1763622000,0.679,0.687,0.678,0.687,17063.67
1763625600,0.687,0.692,0.686,0.692,38076.16
1763629200,0.692,0.708,0.69,0.697,82923.09
1763632800,0.697,0.697,0.685,0.689,50279.85
1763636400,0.689,0.701,0.689,0.698,78361.97
1763640000,0.699,0.712,0.698,0.711,172465.47
1763643600,0.712,0.713,0.701,0.703,228837.66
1763647200,0.703,0.711,0.691,0.708,332751.32
1763650800,0.706,0.706,0.684,0.684,177269.26
1763654400,0.685,0.686,0.648,0.653,564387.7
1763658000,0.653,0.657,0.642,0.649,483799.62
1763661600,0.647,0.655,0.638,0.638,322515.88
1763665200,0.638,0.653,0.634,0.65,114781.7
1763668800,0.648,0.656,0.644,0.648,227950.74
1763672400,0.648,0.666,0.648,0.659,133071.23
1763676000,0.66,0.679,0.66,0.672,93176.74
1763679600,0.672,0.673,0.652,0.654,243523.73
1763683200,0.654,0.664,0.652,0.662,107946.55
1763686800,0.662,0.665,0.658,0.659,62775.53
1763690400,0.659,0.66,0.641,0.643,50207.75
1763694000,0.643,0.656,0.643,0.649,100583.12
1763697600,0.65,0.653,0.641,0.651,75922.55
1763701200,0.65,0.652,0.643,0.645,54038.35
1763704800,0.645,0.647,0.64,0.644,41949.99
1763708400,0.644,0.645,0.567,0.613,631799.83
1763712000,0.612,0.619,0.604,0.605,225992.5
1763715600,0.607,0.611,0.597,0.597,42607.16
1763719200,0.597,0.605,0.593,0.6,105507.34
1763722800,0.6,0.606,0.589,0.591,147577.34
1763726400,0.59,0.604,0.577,0.599,248593.68
1763730000,0.599,0.608,0.595,0.601,142947.73
1763733600,0.601,0.614,0.595,0.612,169145.08
1763737200,0.611,0.611,0.593,0.597,219939.27
1763740800,0.596,0.611,0.587,0.611,143975.67
1763744400,0.611,0.622,0.61,0.612,225930
1763748000,0.612,0.615,0.596,0.609,380622.41
1763751600,0.609,0.61,0.598,0.599,80087.74
1763755200,0.599,0.599,0.586,0.589,139549.99
1763758800,0.589,0.609,0.583,0.594,106119.96
1763762400,0.5887,0.629,0.575,0.575,18549.19
1763766000,0.575,0.631,0.57,0.6,8720.4
1763769600,0.6,0.6038,0.5701,0.6035,10607.75
1763773200,0.6035,0.622,0.5993,0.609,876464.81
1763776800,0.61,0.6138,0.6033,0.6061,173368.64
1763780400,0.6067,0.6079,0.598,0.6013,180154.07
1763784000,0.6017,0.6022,0.5869,0.5949,215744.77
1763787600,0.597,0.5978,0.5839,0.5895,64592.74
1763791200,0.589,0.6,0.5856,0.599,140133.19
1763794800,0.5986,0.601,0.5971,0.6003,8270.56
1763798400,0.6004,0.601,0.5854,0.5877,22594.66
1763802000,0.5879,0.5952,0.586,0.5936,8118.34
1763805600,0.5922,0.594,0.5861,0.5912,8679.64
1763809200,0.5923,0.599,0.5923,0.5957,8784.64
1763812800,0.5963,0.5965,0.5888,0.5926,112036.28
1763816400,0.5917,0.5949,0.588,0.5936,59191.56
1763820000,0.5945,0.6031,0.5945,0.6007,43259.15
1763823600,0.6006,0.6008,0.5929,0.598,8155.8
1763827200,0.5973,0.6069,0.5973,0.6043,32148.14
1763830800,0.6038,0.6044,0.6003,0.6009,35418.76
1763834400,0.6008,0.6035,0.594,0.5999,1602789.29
1763838000,0.5995,0.6025,0.599,0.6005,255268.72
1763841600,0.601,0.6036,0.595,0.5976,512674.59
1763845200,0.597,0.6015,0.5953,0.601,268810.42
1763848800,0.6006,0.6103,0.599,0.6089,974086.4
1763852400,0.6085,0.6095,0.6015,0.6056,333699.13
1763856000,0.6056,0.6085,0.6012,0.604,420228.76
1763859600,0.604,0.6134,0.6026,0.6116,403604.03
1763863200,0.6114,0.615,0.6091,0.6118,349814.13
1763866800,0.6118,0.614,0.6045,0.6093,294960.09
1763870400,0.6096,0.617,0.6092,0.6139,323513.76
1763874000,0.6139,0.6163,0.6137,0.6163,119833.97
1763877600,0.6162,0.618,0.6101,0.6114,17935.71
1763881200,0.6117,0.6117,0.6031,0.6099,93073.17
1763884800,0.6096,0.6119,0.6071,0.6114,6419.05
1763888400,0.6121,0.615,0.6101,0.6101,55336.43
1763892000,0.6102,0.6108,0.6078,0.6086,3631.4
1763895600,0.6082,0.61,0.6029,0.607,23401.22
1763899200,0.6086,0.615,0.6086,0.6098,42521.29
1763902800,0.6101,0.6132,0.6075,0.6127,15038.35
1763906400,0.614,0.6179,0.6042,0.608,63177.21
1763910000,0.6063,0.6152,0.6061,0.6151,126940.67
1763913600,0.615,0.6195,0.6101,0.6101,147122.32
1763917200,0.6111,0.614,0.6081,0.612,47646.39
1763920800,0.6134,0.6203,0.6124,0.6181,254089.52
1763924400,0.6178,0.6267,0.6169,0.6242,465527.38
1763928000,0.6243,0.6252,0.6195,0.621,66943.53
1763931600,0.6213,0.6266,0.6192,0.6251,53090.61
1763935200,0.6241,0.6245,0.6179,0.6201,149175.58
1763938800,0.6194,0.6194,0.6078,0.6091,76826.62
1763942400,0.6089,0.6127,0.6013,0.6066,54228.54
1763946000,0.6062,0.6108,0.6035,0.6096,82821.51
1763949600,0.6097,0.6265,0.6089,0.6176,374448.9
1763953200,0.6175,0.6258,0.6163,0.6197,28479.66
1763956800,0.6197,0.6214,0.607,0.6114,50257.55
1763960400,0.6111,0.6248,0.6102,0.6193,147473.69
1763964000,0.6193,0.6198,0.6104,0.6141,45648.3
1763967600,0.6133,0.6154,0.6115,0.6128,61744.07
1763971200,0.6134,0.6152,0.6107,0.6128,27006.56
1763974800,0.612,0.6131,0.6009,0.6023,33504.17
1763978400,0.6021,0.6048,0.5993,0.6021,38964.23
1763982000,0.6024,0.6051,0.601,0.6033,13780.1
1763985600,0.6033,0.6046,0.5974,0.5987,26209.82
1763989200,0.599,0.6072,0.5987,0.601,89794.97
1763992800,0.6018,0.6119,0.5947,0.6086,75161.7
1763996400,0.609,0.6175,0.6049,0.6143,185809.62
1764000000,0.6142,0.6241,0.6139,0.6207,179044.75
1764003600,0.6214,0.6428,0.6178,0.641,290952.31
1764007200,0.6408,0.6431,0.6363,0.6391,139196.06
1764010800,0.6392,0.6427,0.6348,0.6364,277108.33
1764014400,0.6365,0.6456,0.6361,0.6438,122406.37
1764018000,0.6422,0.6443,0.637,0.64,116520.43
1764021600,0.6406,0.6444,0.6375,0.6404,36533.75
1764025200,0.6405,0.6405,0.6353,0.637,49887.11
1764028800,0.6372,0.639,0.6323,0.6371,39448.7
1764032400,0.6358,0.6386,0.6324,0.6324,25433.06
1764036000,0.6325,0.6341,0.6279,0.6321,96189.9
1764039600,0.6321,0.6367,0.631,0.6326,12806.68
1764043200,0.6328,0.6364,0.6242,0.6335,71214.21
1764046800,0.633,0.6344,0.6304,0.6307,17516.39
1764050400,0.6303,0.6307,0.6246,0.6255,55448.02
1764054000,0.626,0.6293,0.6243,0.626,50285.8
1764057600,0.6261,0.629,0.622,0.6228,10475.45
1764061200,0.6229,0.6277,0.6203,0.6273,19474.79
1764064800,0.6273,0.6309,0.626,0.6296,36108.55
1764068400,0.6293,0.6313,0.6282,0.6289,26571.81
1764072000,0.6298,0.6367,0.6282,0.6325,59278.64
1764075600,0.6334,0.6342,0.6246,0.6266,29863.6
1764079200,0.6265,0.6299,0.614,0.6215,82199.85
1764082800,0.621,0.6281,0.6168,0.6241,127139.86
1764086400,0.6239,0.6311,0.622,0.627,136823.96
1764090000,0.6248,0.6344,0.6236,0.6305,59099.87
1764093600,0.6308,0.633,0.6272,0.6272,108061.15
1764097200,0.6264,0.6292,0.6169,0.6292,204549.61
1764100800,0.6293,0.6362,0.6284,0.634,35012.82
1764104400,0.6351,0.6356,0.6316,0.6316,135999.94
1764108000,0.631,0.6411,0.6266,0.6406,71754.55
1764111600,0.6411,0.645,0.6379,0.6405,115579.13
1764115200,0.6404,0.6411,0.6366,0.6376,149351.51
1764118800,0.6375,0.6456,0.6366,0.6408,248045.33
1764122400,0.6413,0.6415,0.6369,0.6369,60465.15
1764126000,0.6366,0.6402,0.6333,0.6352,74233.26
1764129600,0.6362,0.6389,0.6345,0.6346,57084.86
1764133200,0.6346,0.6396,0.6344,0.6385,33459.19
1764136800,0.6387,0.6409,0.6361,0.6402,78894.34
1764140400,0.6399,0.6409,0.6386,0.6409,13543.95
1764144000,0.6409,0.6409,0.6318,0.6318,64392.73
1764147600,0.6316,0.6329,0.6278,0.6287,83980.23
1764151200,0.6291,0.6305,0.6252,0.6283,20344.77
1764154800,0.6273,0.6287,0.6246,0.6251,20112.11
1764158400,0.6259,0.6262,0.6201,0.6221,23659.24
1764162000,0.6218,0.6271,0.6214,0.6269,78784.6
1764165600,0.6254,0.6302,0.6201,0.6206,70417.68
1764169200,0.6205,0.6255,0.6178,0.6219,33386.44
1764172800,0.6217,0.6334,0.6214,0.6311,32943.4
1764176400,0.632,0.6514,0.6289,0.6514,304838.77
1764180000,0.6512,0.6593,0.6483,0.6587,259535.97
1764183600,0.6584,0.6584,0.6535,0.6561,264149.81
1764187200,0.6557,0.6558,0.6521,0.6537,289347.29
1764190800,0.6531,0.6592,0.6502,0.6572,237042.6
1764194400,0.6571,0.6576,0.654,0.6576,343966.35
1764198000,0.6572,0.6599,0.6545,0.6573,232288.48
1764201600,0.6588,0.6592,0.6538,0.6563,247614.91
1764205200,0.6569,0.6613,0.6561,0.6596,161019.6
1764208800,0.6599,0.6642,0.6564,0.6582,173222.97
1764212400,0.658,0.6592,0.655,0.657,17790.43
1764216000,0.6568,0.6606,0.6561,0.6561,21879.65
1764219600,0.6558,0.6569,0.6509,0.652,8030.91
1764223200,0.6518,0.6548,0.6507,0.6527,10721.26
1764226800,0.6525,0.653,0.6497,0.6504,28709.96
1764230400,0.6504,0.6506,0.6466,0.6493,15696.54
1764234000,0.6477,0.6541,0.6464,0.6514,144209.96
1764237600,0.6512,0.6519,0.6472,0.6482,5388.86
1764241200,0.6482,0.6482,0.6468,0.6479,8224.77
1764244800,0.6471,0.6489,0.6441,0.6453,71509.21
1764248400,0.6456,0.6531,0.6454,0.6521,19009.5
1764252000,0.6521,0.6566,0.6501,0.6557,31361.54
1764255600,0.6548,0.6593,0.6509,0.6589,26706.5
1764259200,0.6578,0.6667,0.6572,0.664,102289.41
1764262800,0.6642,0.6643,0.66,0.6631,92205.6
1764266400,0.6631,0.6695,0.6601,0.6676,108351.54
1764270000,0.6677,0.6697,0.6656,0.6661,28861.15
1764273600,0.6664,0.6682,0.6656,0.6672,50952.83
1764277200,0.6671,0.6689,0.6625,0.6625,7428.55
1764280800,0.6619,0.6621,0.6528,0.6544,22139.67
1764284400,0.6547,0.6569,0.6518,0.6538,38567.99
1764288000,0.6542,0.6559,0.6511,0.6514,37382.68
1764291600,0.6511,0.6523,0.6411,0.6411,145771.06
1764295200,0.6417,0.6445,0.6379,0.6424,33065.45
1764298800,0.6419,0.6456,0.6417,0.6433,12318.22
1764302400,0.6437,0.6459,0.6417,0.6417,16636.26
1764306000,0.642,0.6453,0.641,0.6444,5953.06
1764309600,0.6432,0.6433,0.6395,0.6411,7359.27
1764313200,0.6408,0.6437,0.6404,0.6416,9358.27
1764316800,0.6416,0.6659,0.6414,0.6656,42019.61
1764320400,0.6643,0.6647,0.6582,0.6584,41222.68
1764324000,0.6589,0.6589,0.6525,0.6529,44794.98
1764327600,0.6521,0.6521,0.6418,0.6478,15700.46
1764331200,0.6482,0.6496,0.6475,0.6486,4882.1
1764334800,0.6474,0.6598,0.6452,0.657,60119.13
1764338400,0.6569,0.6633,0.6518,0.6549,67813.39
1764342000,0.6552,0.6639,0.6539,0.6576,144532.75
1764345600,0.6575,0.6575,0.6446,0.6459,155109.32
1764349200,0.6454,0.6462,0.6366,0.6389,71597.39
1764352800,0.6385,0.6408,0.6339,0.6389,27192
1764356400,0.6384,0.6509,0.6384,0.6479,128969.5
1764360000,0.6478,0.65,0.645,0.6481,46437.27
1764363600,0.6484,0.6484,0.644,0.644,40834.67
1764367200,0.6445,0.6516,0.6422,0.6516,96535.28
1764370800,0.6515,0.6526,0.6487,0.6492,75177.49
1764374400,0.6491,0.6493,0.6444,0.6493,94308.18
1764378000,0.6496,0.6583,0.6494,0.6518,34263.31
1764381600,0.6513,0.6513,0.647,0.6486,52023.21
1764385200,0.6483,0.6518,0.6452,0.6456,50433.09
1764388800,0.6456,0.6477,0.6437,0.6477,18412.43
1764392400,0.6469,0.6482,0.6453,0.6454,13600.54
1764396000,0.6456,0.647,0.6395,0.6413,167718.57
1764399600,0.6414,0.644,0.6409,0.6414,27614.23
1764403200,0.6414,0.643,0.6388,0.6389,15741.46
1764406800,0.6386,0.6394,0.6366,0.6366,8137.5
1764410400,0.6364,0.6406,0.6347,0.6393,20071.11
1764414000,0.6401,0.6452,0.6387,0.645,29274.37
1764417600,0.6457,0.6457,0.6376,0.6376,29304.16
1764421200,0.6376,0.641,0.6371,0.639,22588.97
1764424800,0.6393,0.6393,0.6365,0.6365,25465.2
1764428400,0.6372,0.6433,0.6366,0.6416,45312.41
1764432000,0.6407,0.6407,0.6366,0.6385,9506.29
1764435600,0.6368,0.6376,0.6318,0.6319,29665.92
1764439200,0.6321,0.6341,0.6286,0.6333,111865.61
1764442800,0.6335,0.6357,0.6321,0.6328,84558.66
1764446400,0.6335,0.6348,0.6292,0.6343,24624.71
1764450000,0.634,0.6353,0.6326,0.6335,35967.3
1764453600,0.6335,0.6344,0.6313,0.6313,68571.61
1764457200,0.6316,0.6331,0.629,0.6308,19928.82
1764460800,0.631,0.6331,0.6304,0.6309,6529.36
1764464400,0.6318,0.6342,0.6308,0.6315,35571
1764468000,0.6329,0.6331,0.6279,0.6287,18627.64
1764471600,0.6283,0.6334,0.6228,0.6334,93502.11
1764475200,0.6329,0.6339,0.6279,0.628,5207.68
1764478800,0.6281,0.6281,0.6245,0.6266,8253.84
1764482400,0.6261,0.6312,0.6256,0.6286,3422.14
1764486000,0.6289,0.6303,0.6282,0.6296,1278.95
1764489600,0.6292,0.6336,0.6286,0.6288,3188.86
1764493200,0.6291,0.6316,0.6291,0.6316,9341.26
1764496800,0.6305,0.6328,0.6295,0.6301,2906.85
1764500400,0.6305,0.6319,0.6267,0.6267,4629.31
1764504000,0.627,0.6349,0.627,0.6327,6694.49
1764507600,0.6323,0.6403,0.6323,0.6363,6446.8
1764511200,0.637,0.637,0.6261,0.6261,40065.36
1764514800,0.6258,0.6289,0.625,0.6289,23780.71
1764518400,0.6284,0.6379,0.6284,0.6342,39840.37
1764522000,0.6335,0.6364,0.6308,0.6359,30669.96
1764525600,0.6363,0.6398,0.6353,0.6398,8194.02
1764529200,0.6399,0.6401,0.6367,0.6398,34198.75
1764532800,0.6397,0.6438,0.6367,0.6385,27971.89
1764536400,0.6382,0.639,0.6347,0.6376,26274.92
1764540000,0.6377,0.6427,0.6343,0.6377,55811.04
1764543600,0.6378,0.638,0.6176,0.6198,38125.07
1764547200,0.6198,0.6212,0.5773,0.5799,607978.26
1764550800,0.5804,0.5871,0.5766,0.5793,117958.87
1764554400,0.5794,0.5847,0.5788,0.5798,165818.16
1764558000,0.5798,0.5801,0.5726,0.5726,62956.11
1764561600,0.5728,0.5758,0.5714,0.5729,77780.42
1764565200,0.573,0.5807,0.5729,0.58,153027.19
1764568800,0.58,0.5831,0.5777,0.5794,118108.89
1764572400,0.5791,0.5793,0.5757,0.5766,106325.23
1764576000,0.5764,0.5795,0.5748,0.5784,34933.88
1764579600,0.5792,0.5814,0.5764,0.5771,55029.39
1764583200,0.5775,0.5821,0.5763,0.5764,55393.22
1764586800,0.5765,0.5768,0.5716,0.573,46465.04
1764590400,0.5734,0.575,0.5631,0.5738,483822.83
1764594000,0.5732,0.5759,0.5673,0.5694,91714.36
1764597600,0.5694,0.5786,0.5685,0.5727,65499.58
1764601200,0.5719,0.5724,0.5573,0.5673,121445.92
1764604800,0.5663,0.5672,0.5595,0.5605,299893.27
1764608400,0.5605,0.5635,0.5568,0.5583,68785.75
1764612000,0.5589,0.564,0.5576,0.5628,208050.91
1764615600,0.5618,0.5619,0.5573,0.5607,21138.87
1764619200,0.5634,0.5699,0.5633,0.5681,40674.19
1764622800,0.5691,0.5776,0.5679,0.5744,73368.75
1764626400,0.5751,0.5784,0.5728,0.5769,65397.45
1764630000,0.577,0.5783,0.5745,0.5756,20114.07
1764633600,0.5761,0.5771,0.5736,0.575,31213.66
1764637200,0.5748,0.5826,0.5739,0.5743,32177.89
1764640800,0.574,0.5767,0.5721,0.5734,27461.36
1764644400,0.5735,0.5769,0.5696,0.5769,18248.33
1764648000,0.5777,0.5783,0.5735,0.5743,50065.55
1764651600,0.5743,0.5761,0.5736,0.5745,15773.79
1764655200,0.5753,0.5775,0.5747,0.5762,22713.44
1764658800,0.5762,0.5767,0.5736,0.5737,14795.8
1764662400,0.573,0.573,0.5672,0.5691,68858.19
1764666000,0.5693,0.5719,0.5681,0.5716,20959.76
1764669600,0.5706,0.5789,0.5705,0.5768,16410.88
1764673200,0.5763,0.58,0.5752,0.5793,55852.63
1764676800,0.5794,0.5824,0.5774,0.5803,227300.87
1764680400,0.5805,0.589,0.5777,0.5886,120234.58
1764684000,0.5881,0.6103,0.5864,0.609,100699.73
1764687600,0.6091,0.6598,0.6091,0.6588,784908.71
1764691200,0.6599,0.6646,0.6456,0.6558,280309.76
1764694800,0.6576,0.6609,0.6444,0.6496,131863.97
1764698400,0.6503,0.6507,0.6431,0.6445,107167.18
1764702000,0.6444,0.6454,0.6344,0.6363,63016.14
1764705600,0.6364,0.6386,0.6296,0.6331,90946.88
1764709200,0.6334,0.6334,0.6271,0.6317,59594.38
1764712800,0.6324,0.6361,0.6292,0.6348,71451.7
1764716400,0.6352,0.6353,0.627,0.63,114698.26
1764720000,0.6305,0.6305,0.625,0.6275,53321
1764723600,0.6283,0.6332,0.6213,0.6291,311967.79
1764727200,0.63,0.6333,0.6295,0.6311,43085.83
1764730800,0.632,0.6354,0.6307,0.6307,172514.5
1764734400,0.6309,0.6389,0.6291,0.6379,111919.62
1764738000,0.6381,0.6416,0.6373,0.6384,73660
1764741600,0.6369,0.6421,0.6342,0.6361,55900.1
1764745200,0.6357,0.636,0.6326,0.6343,67216.08
1764748800,0.6343,0.64,0.6334,0.6379,73979
1764752400,0.6376,0.6381,0.6307,0.634,86038.43
1764756000,0.6345,0.6367,0.6289,0.6299,45967.28
1764759600,0.6295,0.6326,0.6276,0.6326,29061.73
1764763200,0.6327,0.6355,0.6307,0.6317,19125.6
1764766800,0.6314,0.6344,0.6301,0.6316,79896.18
1764770400,0.6288,0.6393,0.6183,0.6256,333712.28
1764774000,0.6258,0.6346,0.6227,0.628,389853.76
1764777600,0.6281,0.6298,0.6232,0.6272,96796.2
1764781200,0.6283,0.6346,0.6267,0.6329,92386.46
1764784800,0.6333,0.6373,0.6298,0.6316,48440.66
1764788400,0.6326,0.633,0.6274,0.6304,23648.62
1764792000,0.6308,0.6351,0.6283,0.6308,115680.76
1764795600,0.6302,0.6379,0.6287,0.6361,506525.57
1764799200,0.6357,0.641,0.6335,0.6387,298224.59
1764802800,0.6389,0.6426,0.6349,0.6353,119752.13
1764806400,0.6353,0.638,0.6325,0.6356,30586.09
1764810000,0.6354,0.6436,0.6354,0.6377,127728.38
1764813600,0.6378,0.6433,0.6374,0.6398,76691.93
1764817200,0.6414,0.6421,0.6377,0.6387,33386.89
1764820800,0.6387,0.6412,0.6378,0.6407,26231.16
1764824400,0.6405,0.6457,0.6392,0.6423,316433.52
1764828000,0.6424,0.6433,0.6388,0.6411,71813.19
1764831600,0.6402,0.6402,0.6362,0.6386,18561.02
1764835200,0.6384,0.6404,0.6363,0.6395,9226.04
1764838800,0.6424,0.6438,0.6387,0.6389,12824.76
1764842400,0.6388,0.6409,0.6357,0.6357,10483.18
1764846000,0.6358,0.6366,0.6341,0.6365,5664.86
1764849600,0.6368,0.6386,0.6324,0.6337,134238.35
1764853200,0.6346,0.6351,0.629,0.6302,51526.34
1764856800,0.6304,0.6333,0.6279,0.6304,34520.5
1764860400,0.6306,0.6411,0.6306,0.6387,87205.64
1764864000,0.6382,0.6417,0.6343,0.635,58444.49
1764867600,0.6348,0.6352,0.6291,0.6346,8462.79
1764871200,0.6365,0.6384,0.6322,0.6328,44016.19
1764874800,0.6344,0.6344,0.6161,0.628,29661.65
1764878400,0.6285,0.6307,0.6242,0.6283,6386.76
1764882000,0.6281,0.6288,0.6208,0.6212,21240.92
1764885600,0.6225,0.6251,0.621,0.6226,50519.86
1764889200,0.6224,0.6231,0.6192,0.6196,8826.75
1764892800,0.62,0.6246,0.6181,0.6189,32187.71
1764896400,0.6189,0.6221,0.6182,0.6182,19270.48
1764900000,0.618,0.6219,0.6169,0.6194,13649.93
1764903600,0.6199,0.6211,0.6146,0.6172,12593.89
1764907200,0.6169,0.6171,0.609,0.6127,56635.05
1764910800,0.6136,0.6139,0.6115,0.6131,9223.14
1764914400,0.6137,0.6162,0.6131,0.616,9469.93
1764918000,0.6168,0.6199,0.6168,0.6187,4042.94
1764921600,0.617,0.6176,0.6125,0.6137,32826.77
1764925200,0.613,0.613,0.6054,0.6064,13912.77
1764928800,0.6068,0.6115,0.6067,0.6069,52666.92
1764932400,0.6064,0.6074,0.6005,0.603,18502.47
1764936000,0.6028,0.6054,0.6025,0.6036,27576.52
1764939600,0.6037,0.6058,0.5935,0.5964,62541.62
1764943200,0.5964,0.5965,0.5886,0.5892,55244.02
1764946800,0.5894,0.6033,0.5872,0.588,217438.7
1764950400,0.5877,0.5892,0.5694,0.5733,244735.98
1764954000,0.5738,0.5808,0.5733,0.5764,203480.84
1764957600,0.5766,0.5791,0.5673,0.5678,113866.57
1764961200,0.5672,0.572,0.5643,0.5694,132083.97
1764964800,0.569,0.5715,0.5644,0.5665,68873.28
1764968400,0.5664,0.5702,0.5664,0.5681,47663.23
1764972000,0.5678,0.576,0.5672,0.5724,52302.08
1764975600,0.5722,0.5753,0.5686,0.5738,51901.81
1764979200,0.5737,0.579,0.5725,0.577,124320.17
1764982800,0.5766,0.5801,0.5744,0.5749,5242.25
1764986400,0.5734,0.5761,0.5734,0.5756,10545.17
1764990000,0.5753,0.5798,0.5749,0.5789,24717.87
1764993600,0.5794,0.5794,0.5752,0.5764,7907.22
1764997200,0.5765,0.5765,0.5742,0.5742,9428.44
1765000800,0.5743,0.5795,0.5743,0.5792,9857.36
1765004400,0.5793,0.5805,0.5788,0.5789,5682.6
1765008000,0.5787,0.5791,0.5744,0.5752,23627.37
1765011600,0.5784,0.5787,0.5749,0.5749,18474.24
1765015200,0.575,0.5755,0.5715,0.5718,13666.81
1765018800,0.5738,0.5763,0.5738,0.5754,12056.74
1765022400,0.5772,0.5782,0.5753,0.5758,5673.88
1765026000,0.5756,0.5779,0.5746,0.5751,10698.02
1765029600,0.5753,0.5832,0.5753,0.5796,41727.31
1765033200,0.579,0.579,0.5744,0.5784,23255.58
1765036800,0.5785,0.5788,0.5761,0.5764,12518.02
1765040400,0.5782,0.5803,0.5764,0.58,27407.89
1765044000,0.5796,0.5829,0.579,0.58,16600.39
1765047600,0.5802,0.5802,0.5747,0.5773,58767.68
1765051200,0.5778,0.5782,0.5756,0.5776,33782.34
1765054800,0.5775,0.5848,0.5775,0.579,34381.6
1765058400,0.579,0.5814,0.576,0.5772,16491.94
1765062000,0.5765,0.5787,0.5734,0.5781,131168.53
1765065600,0.5785,0.5831,0.5779,0.583,30208.74
1765069200,0.583,0.583,0.5782,0.5782,13347.6
1765072800,0.5793,0.5813,0.578,0.5802,22078.41
1765076400,0.5803,0.5811,0.5785,0.5811,38014.07
1765080000,0.581,0.5813,0.5779,0.5786,25603.4
1765083600,0.5791,0.5818,0.5784,0.581,21486.77
1765087200,0.5809,0.5843,0.5806,0.5841,7424.55
1765090800,0.5842,0.5844,0.5784,0.5799,11356.85
1765094400,0.58,0.5827,0.578,0.5792,13461.88
1765098000,0.5794,0.5809,0.5743,0.5756,15047.39
1765101600,0.5755,0.5773,0.573,0.576,20816.27
1765105200,0.5764,0.5846,0.576,0.5786,59820.82
1765108800,0.5786,0.5799,0.5753,0.5771,9708.52
1765112400,0.5769,0.5781,0.5713,0.5728,79690.65
1765116000,0.5718,0.5722,0.5539,0.5589,254914.33
1765119600,0.5589,0.5731,0.5585,0.573,91824.56
1765123200,0.5729,0.5729,0.5671,0.5714,17532.65
1765126800,0.5709,0.5925,0.5686,0.5888,91195.17
1765130400,0.5902,0.5951,0.5892,0.5908,42872.21
1765134000,0.5908,0.5921,0.586,0.5921,18569.88
1765137600,0.5923,0.5927,0.5903,0.5909,35701.85
1765141200,0.5901,0.5901,0.5697,0.5736,76873.09
1765144800,0.5725,0.5725,0.5576,0.5663,103236.95
1765148400,0.566,0.5666,0.5614,0.5661,31807.03
1765152000,0.5656,0.5693,0.5631,0.5632,135421.26
1765155600,0.5637,0.5843,0.5636,0.5739,45799.49
1765159200,0.5729,0.5772,0.5717,0.5763,16482.14
1765162800,0.5765,0.5806,0.5751,0.576,15757.04
1765166400,0.5765,0.5831,0.5762,0.5786,27895.3
1765170000,0.5789,0.5832,0.5786,0.5827,41981.08
1765173600,0.5829,0.5871,0.5806,0.5848,26252.53
1765177200,0.5848,0.5887,0.5816,0.5867,37045.2
1765180800,0.5863,0.5901,0.5845,0.5901,26258.51
1765184400,0.5902,0.5966,0.589,0.5911,23166.43
1765188000,0.5914,0.5936,0.59,0.5907,32036.95
1765191600,0.591,0.5939,0.5889,0.5918,49057.64
1765195200,0.5919,0.5945,0.5899,0.5938,118674.72
1765198800,0.594,0.596,0.5912,0.5924,23140.75
1765202400,0.5921,0.602,0.5897,0.5941,76100.2
1765206000,0.5948,0.5973,0.5873,0.5909,92480.78
1765209600,0.5913,0.6033,0.5891,0.5983,46338.54
1765213200,0.5966,0.6008,0.5908,0.5952,41876.31
1765216800,0.5957,0.597,0.582,0.5869,46472.54
1765220400,0.5873,0.5877,0.5837,0.5862,48743.14
1765224000,0.5874,0.5937,0.5848,0.5923,26423.48
1765227600,0.5923,0.6051,0.5923,0.6051,186539.19
1765231200,0.6049,0.615,0.6015,0.6116,208015.46
1765234800,0.6127,0.6174,0.6072,0.6147,503065.41
1765238400,0.6155,0.6195,0.6053,0.6086,242728.48
1765242000,0.608,0.6262,0.6002,0.6015,624015.59
1765245600,0.6014,0.6074,0.5991,0.6023,97896.66
1765249200,0.6022,0.6182,0.6018,0.6177,99595.69
1765252800,0.6162,0.6197,0.6073,0.608,47937.38
1765256400,0.6078,0.6089,0.5978,0.5994,57412.01
1765260000,0.5993,0.6013,0.5935,0.5975,59273
1765263600,0.5968,0.6059,0.5958,0.6015,210077.22
1765267200,0.6005,0.6008,0.595,0.5963,71395.36
1765270800,0.5962,0.5962,0.5883,0.5902,274058.78
1765274400,0.5905,0.5975,0.5905,0.5949,90956.54
1765278000,0.5946,0.5974,0.5944,0.5968,57773.01
1765281600,0.5972,0.6099,0.5972,0.6071,119847.1
1765285200,0.6076,0.6118,0.6052,0.6079,119881.25
1765288800,0.6104,0.6104,0.6037,0.6073,46083.87
1765292400,0.6064,0.6262,0.6063,0.6242,194787.88
1765296000,0.6248,0.642,0.6248,0.6403,171901.2
1765299600,0.6401,0.6459,0.6335,0.6392,121877.98
1765303200,0.6396,0.6443,0.6379,0.6384,40074.93
1765306800,0.6387,0.6472,0.6373,0.6463,46903.8
1765310400,0.6463,0.6477,0.6367,0.6418,81290.35
1765314000,0.6423,0.6435,0.6307,0.6358,106864.95
1765317600,0.6361,0.6435,0.634,0.6416,580240.85
1765321200,0.6409,0.6467,0.6395,0.6437,28741.28
1765324800,0.644,0.6441,0.6361,0.6361,11542.01
1765328400,0.6374,0.6398,0.6332,0.6373,9287.18
1765332000,0.6356,0.6366,0.634,0.6349,9184.41
1765335600,0.6355,0.6355,0.6317,0.6317,6768.41
1765339200,0.6317,0.6327,0.6285,0.6308,10530.58
1765342800,0.6317,0.6358,0.6317,0.6341,8841.31
1765346400,0.6341,0.6392,0.6333,0.6355,7649.09
1765350000,0.6357,0.6361,0.6269,0.6272,5426.55
1765353600,0.6269,0.6273,0.6225,0.6227,21725.78
1765357200,0.621,0.6258,0.6194,0.6258,16977.67
1765360800,0.6252,0.6307,0.6192,0.6215,20723.12
1765364400,0.6214,0.6244,0.6207,0.6244,7059.34
1765368000,0.6242,0.6289,0.6241,0.6289,16759
1765371600,0.627,0.6307,0.626,0.6295,14472.94
1765375200,0.6298,0.6327,0.6248,0.6327,12764.04
1765378800,0.6334,0.6342,0.6245,0.6248,24235.16
1765382400,0.6236,0.6306,0.6228,0.6256,7453.09
1765386000,0.6243,0.632,0.624,0.6261,12927.07
1765389600,0.6257,0.6382,0.625,0.6321,44040.64
1765393200,0.6323,0.642,0.6242,0.6404,118806.41
1765396800,0.6389,0.6524,0.6293,0.6311,145662.81
1765400400,0.6328,0.6348,0.6212,0.6214,66157.26
1765404000,0.624,0.6261,0.6149,0.6261,31680.68
1765407600,0.6255,0.6255,0.6159,0.6159,12021.6
1765411200,0.6161,0.6169,0.6039,0.6051,18621.01
1765414800,0.605,0.6083,0.5986,0.5993,54980.48
1765418400,0.5978,0.598,0.5917,0.5919,20610.05
1765422000,0.5909,0.5909,0.5821,0.5821,55306.37
1765425600,0.582,0.5942,0.58,0.5929,83677.87
1765429200,0.5928,0.5974,0.5913,0.5913,55416.37
1765432800,0.5914,0.5921,0.5886,0.5912,13284.1
1765436400,0.5908,0.5915,0.5888,0.5901,11007.35
1765440000,0.5911,0.5928,0.5857,0.5887,26066.76
1765443600,0.5878,0.591,0.5876,0.5886,49525.37
1765447200,0.5888,0.5893,0.587,0.5886,22958.5
1765450800,0.5908,0.5938,0.59,0.5902,13785.2
1765454400,0.5903,0.592,0.5877,0.5908,78339.51
1765458000,0.5902,0.5923,0.5879,0.5897,13326.55
1765461600,0.5901,0.5918,0.5793,0.5823,32918.77
1765465200,0.5839,0.591,0.5822,0.5858,108349.15
1765468800,0.5853,0.5886,0.5805,0.5848,123909.79
1765472400,0.5848,0.5934,0.5836,0.5884,70047.23
1765476000,0.5885,0.6086,0.5884,0.602,79632.76
1765479600,0.6025,0.6049,0.595,0.5962,50537.55
1765483200,0.5961,0.6013,0.5953,0.5989,40124.58
1765486800,0.5989,0.6045,0.5958,0.5986,56023.33
1765490400,0.5993,0.6009,0.5944,0.5973,38356.73
1765494000,0.5971,0.5972,0.5908,0.5963,115578.33
1765497600,0.597,0.6014,0.5888,0.5888,35300.35
1765501200,0.59,0.598,0.589,0.594,44960.99
1765504800,0.5941,0.6024,0.5941,0.6008,15177.81
1765508400,0.6003,0.6011,0.5964,0.5981,14369.01
1765512000,0.598,0.598,0.5952,0.5973,22614.08
1765515600,0.5982,0.6033,0.5959,0.6033,52625.83
1765519200,0.6033,0.6074,0.6014,0.6028,23777.15
1765522800,0.6014,0.6017,0.5997,0.5997,38102.68
1765526400,0.5989,0.5995,0.5962,0.5991,17598.07
1765530000,0.5989,0.6049,0.5984,0.6049,6862.11
1765533600,0.6059,0.6075,0.602,0.6021,5169.3
1765537200,0.6029,0.6047,0.6015,0.6023,3337.81
1765540800,0.6019,0.607,0.601,0.6054,33555.64
1765544400,0.6054,0.6076,0.6038,0.6046,44007.14
1765548000,0.6048,0.6094,0.603,0.6069,30237.09
1765551600,0.6059,0.6059,0.5734,0.5769,87151.27
1765555200,0.5764,0.578,0.5639,0.57,156526.99
1765558800,0.5704,0.5812,0.5701,0.5727,260305.37
1765562400,0.5726,0.5782,0.5671,0.5735,4554423.44
1765566000,0.5738,0.5738,0.5673,0.5722,49704.88
1765569600,0.5722,0.5743,0.5701,0.5716,89999.01
1765573200,0.572,0.5782,0.5718,0.5747,35156.66
1765576800,0.5749,0.5816,0.5749,0.5806,123543.76
1765580400,0.5812,0.5818,0.5794,0.5811,13638.53
1765584000,0.5815,0.5841,0.58,0.5813,9715.62
1765587600,0.5812,0.5817,0.5783,0.5803,5467.54
1765591200,0.5806,0.5829,0.5806,0.5817,4016.51
1765594800,0.5823,0.5907,0.5823,0.5888,19103.87
1765598400,0.5891,0.5908,0.5875,0.5895,27390.6
1765602000,0.5894,0.5896,0.584,0.5841,14027.6
1765605600,0.584,0.584,0.5807,0.5827,61159.63
1765609200,0.583,0.5863,0.583,0.5863,9000.16
1765612800,0.5863,0.5901,0.5863,0.5893,1665.59
1765616400,0.5889,0.5892,0.5865,0.5871,3372.32
1765620000,0.5872,0.5903,0.5866,0.589,4487.63
1765623600,0.589,0.5893,0.5874,0.5893,4540.9
1765627200,0.5896,0.5937,0.5867,0.5906,29887.16
1765630800,0.5903,0.591,0.5882,0.5882,6560.43
1765634400,0.5887,0.5902,0.5872,0.5901,8570.61
1765638000,0.5913,0.5952,0.5908,0.5937,11657
1765641600,0.5937,0.6,0.5937,0.5995,24336.78
1765645200,0.5998,0.5998,0.5927,0.5934,8980.93
1765648800,0.5937,0.6002,0.5935,0.5963,6455.28
1765652400,0.5966,0.5979,0.5939,0.5979,32523.36
1765656000,0.5972,0.5976,0.5938,0.5942,10309.21
1765659600,0.5947,0.5948,0.5895,0.5937,17684.61
1765663200,0.5943,0.5943,0.5919,0.592,3597.83
1765666800,0.5922,0.5946,0.5922,0.5945,19421.69
1765670400,0.5944,0.5947,0.5914,0.5924,5651.36
1765674000,0.592,0.592,0.5895,0.5901,2481.9
1765677600,0.5902,0.5921,0.5894,0.5916,34585.64
1765681200,0.5916,0.5922,0.5879,0.5885,1948.55
1765684800,0.5887,0.5887,0.5835,0.585,5876.25
1765688400,0.5851,0.5851,0.5813,0.5827,22955.35
1765692000,0.5826,0.5842,0.5812,0.5842,20447.39
1765695600,0.5842,0.5862,0.5842,0.5862,20467.93
1765699200,0.5861,0.587,0.5825,0.5825,51001.74
1765702800,0.5832,0.5844,0.5826,0.5839,10188.83
1765706400,0.5839,0.5847,0.5796,0.5815,9770.46
1765710000,0.5806,0.5814,0.5725,0.5762,9668.61
1765713600,0.576,0.5807,0.5759,0.5759,6326.57
1765717200,0.5759,0.5783,0.5758,0.5778,20122.89
1765720800,0.5776,0.5778,0.5693,0.5709,19460.71
1765724400,0.5704,0.5733,0.5699,0.5709,12312.76
1765728000,0.5709,0.5767,0.5709,0.5728,12636.79
1765731600,0.5731,0.5731,0.5639,0.5648,58821.67
1765735200,0.5638,0.5676,0.5638,0.5665,5736.83
1765738800,0.5662,0.5663,0.5628,0.564,30477.49
1765742400,0.5644,0.5672,0.5608,0.5631,25247.9
1765746000,0.5632,0.5643,0.5585,0.5597,77094.23
1765749600,0.5598,0.5627,0.5594,0.5622,189432.07
1765753200,0.5642,0.565,0.5552,0.5628,99488.21
1765756800,0.5632,0.5706,0.5632,0.5695,109991.05
1765760400,0.5698,0.5792,0.5697,0.5774,17401.46
1765764000,0.5778,0.585,0.5751,0.5751,9890.51
1765767600,0.5759,0.5768,0.5742,0.5759,14310.95
1765771200,0.5762,0.5795,0.5751,0.5788,9091.86
1765774800,0.5785,0.5825,0.5785,0.5825,17302.08
1765778400,0.5821,0.5825,0.5795,0.5804,10491.67
1765782000,0.5793,0.5795,0.5764,0.5778,13106.71
1765785600,0.5803,0.5811,0.5776,0.5797,6423.27
1765789200,0.5802,0.5816,0.5787,0.5806,10112.27
1765792800,0.5809,0.583,0.5787,0.5816,14661.25
1765796400,0.5816,0.5821,0.5778,0.5783,15231.67
1765800000,0.5782,0.5807,0.5769,0.5804,6086.93
1765803600,0.5801,0.5806,0.5725,0.5747,17253.78
1765807200,0.575,0.5799,0.5586,0.5642,31426.01
1765810800,0.5611,0.5645,0.5372,0.5411,384763.6
1765814400,0.5408,0.5435,0.5302,0.5322,138118.93
1765818000,0.5318,0.534,0.5271,0.5291,171034.47
1765821600,0.5287,0.5329,0.5232,0.5306,156948.33
1765825200,0.5313,0.5374,0.5293,0.5303,352138.55
1765828800,0.5296,0.5322,0.5254,0.5294,45795.74
1765832400,0.5294,0.5368,0.5284,0.534,164196.49
1765836000,0.5344,0.5359,0.5332,0.5359,76236.62
1765839600,0.5359,0.5404,0.5357,0.5386,50855.04
1765843200,0.5385,0.5405,0.5314,0.5327,63250.19
1765846800,0.5326,0.5338,0.5303,0.5321,25784.94
1765850400,0.5311,0.5364,0.5309,0.5343,103848.27
1765854000,0.5348,0.5359,0.5313,0.5354,53476.59
1765857600,0.5348,0.5354,0.5238,0.5297,56252.38
1765861200,0.5292,0.5309,0.5287,0.5288,32305.08
1765864800,0.5295,0.5345,0.5295,0.5335,51781.01
1765868400,0.5315,0.5315,0.5187,0.5187,83645.34
1765872000,0.5189,0.5268,0.5183,0.525,100709.8
1765875600,0.5251,0.5278,0.525,0.5256,24879.09
1765879200,0.5253,0.542,0.525,0.5374,17627.61
1765882800,0.5364,0.54,0.534,0.5386,18645.48
1765886400,0.5383,0.5386,0.5333,0.5333,11938.63
1765890000,0.5324,0.5408,0.5271,0.5271,48171.68
1765893600,0.5282,0.5373,0.5231,0.534,37721.6
1765897200,0.5303,0.5375,0.5268,0.5352,61298.57
1765900800,0.5355,0.5362,0.527,0.5298,118680.66
1765904400,0.5307,0.5331,0.524,0.5245,28995.98
1765908000,0.5242,0.5353,0.5234,0.5319,195548.9
1765911600,0.5318,0.5322,0.5247,0.5296,45581.14
1765915200,0.5297,0.5331,0.5285,0.5286,21206.8
1765918800,0.5278,0.5294,0.5266,0.5294,35045.34
1765922400,0.5284,0.5304,0.5272,0.5282,21667.68
1765926000,0.5274,0.5283,0.526,0.5274,19725.23
1765929600,0.5266,0.5272,0.5232,0.5265,18500.09
1765933200,0.5265,0.5315,0.5244,0.5258,29123.23
1765936800,0.5258,0.5267,0.5222,0.526,52226.25
1765940400,0.5275,0.5296,0.5231,0.5239,55381.16
1765944000,0.5243,0.5251,0.5122,0.5151,76001.18
1765947600,0.5149,0.5181,0.5137,0.5178,65976.07
1765951200,0.5179,0.5211,0.5136,0.514,51408.81
1765954800,0.5136,0.5161,0.5128,0.5145,28351.52
1765958400,0.5145,0.5145,0.5101,0.5111,13557.59
1765962000,0.5121,0.5142,0.5117,0.5123,101572.45
1765965600,0.5123,0.5149,0.5123,0.5139,33412.56
1765969200,0.5135,0.5179,0.5127,0.5179,29784.25
1765972800,0.5184,0.5198,0.5163,0.5182,12579.31
1765976400,0.5176,0.5266,0.5161,0.5256,41296.21
1765980000,0.5251,0.5406,0.515,0.5406,70521.58
1765983600,0.54,0.5457,0.5157,0.5192,95444.54
1765987200,0.5196,0.5226,0.5016,0.5081,177177.46
1765990800,0.5084,0.5094,0.4982,0.5009,91630.57
1765994400,0.4998,0.504,0.4944,0.4957,53018.3
1765998000,0.4952,0.5013,0.4932,0.5011,257854.21
1766001600,0.5002,0.506,0.4979,0.4999,76752.15
1766005200,0.4998,0.5008,0.4936,0.4956,59371.95
1766008800,0.4954,0.4988,0.4931,0.4973,97397.29
1766012400,0.4967,0.4971,0.4935,0.4971,63148.75
1766016000,0.496,0.498,0.4951,0.4952,32644.8
1766019600,0.495,0.4959,0.4924,0.4949,36397.53
1766023200,0.494,0.5007,0.493,0.4987,22216.13
1766026800,0.4988,0.5,0.495,0.496,140081.96
1766030400,0.4968,0.4983,0.4957,0.4962,31916.69
1766034000,0.4963,0.4964,0.4897,0.4902,164602.12
1766037600,0.4902,0.4947,0.4891,0.4947,78532.51
1766041200,0.4951,0.4967,0.4932,0.4956,23460.05
1766044800,0.4974,0.5006,0.4959,0.4959,241016.81
1766048400,0.4958,0.4998,0.4956,0.4979,6117.81
1766052000,0.4978,0.501,0.497,0.501,233817.33
1766055600,0.501,0.5021,0.4993,0.5021,170161.18
1766059200,0.5024,0.505,0.5005,0.505,10987.63
1766062800,0.5055,0.5215,0.5055,0.5215,51466.05
1766066400,0.5247,0.5255,0.5085,0.5115,27563.71
1766070000,0.5115,0.5213,0.506,0.5168,32894.14
1766073600,0.5171,0.5174,0.5115,0.5136,51781.9
1766077200,0.5134,0.5134,0.4855,0.4957,311700.95
1766080800,0.4963,0.5025,0.4876,0.4882,219056.45
1766084400,0.4883,0.4893,0.4727,0.4742,94691.29
1766088000,0.4744,0.4799,0.4733,0.4747,77902.22
1766091600,0.4747,0.4851,0.4747,0.4851,47510.9
1766095200,0.4853,0.4871,0.4823,0.4824,30791.36
1766098800,0.4827,0.4827,0.4784,0.4796,23552.79
1766102400,0.4794,0.4814,0.4765,0.4807,267802.1
1766106000,0.4804,0.4805,0.4752,0.4762,80625.9
1766109600,0.4764,0.482,0.4759,0.4808,47281.12
1766113200,0.4815,0.5015,0.4815,0.4959,87192.47
1766116800,0.4964,0.4996,0.4957,0.4991,31159.73
1766120400,0.4985,0.4989,0.4961,0.4972,10858.13
1766124000,0.4972,0.5015,0.4948,0.5015,13071.06
1766127600,0.5032,0.5116,0.5024,0.504,111053.01
1766131200,0.5048,0.5067,0.5027,0.5046,10656.77
1766134800,0.5032,0.5044,0.5032,0.5039,5527.8
1766138400,0.5035,0.5048,0.501,0.503,18521.03
1766142000,0.5026,0.5068,0.5016,0.5061,13334.89
1766145600,0.5064,0.509,0.5047,0.5071,17246.66
1766149200,0.5077,0.5079,0.5042,0.5058,57012.72
1766152800,0.5057,0.5159,0.5051,0.5122,39791.68
1766156400,0.5122,0.5226,0.51,0.5132,43432.87
1766160000,0.5159,0.5246,0.5157,0.5161,28516.21
1766163600,0.5162,0.5206,0.5075,0.5084,38622.42
1766167200,0.5084,0.5164,0.5084,0.516,50033.11
1766170800,0.5155,0.5273,0.5153,0.524,11549.25
1766174400,0.5243,0.529,0.5236,0.5275,62183.1
1766178000,0.5275,0.5278,0.5209,0.5214,37098.15
1766181600,0.5219,0.5255,0.5219,0.5223,6704.48
1766185200,0.5235,0.5235,0.5214,0.5218,13793.67
1766188800,0.5218,0.5222,0.5188,0.5205,13847.01
1766192400,0.5203,0.5212,0.5187,0.5189,13304.16
1766196000,0.5181,0.5195,0.518,0.5181,2364.81
1766199600,0.5184,0.5194,0.5162,0.5182,7795
1766203200,0.5182,0.5182,0.5141,0.5152,30162.5
1766206800,0.5151,0.517,0.5149,0.5161,5360.72
1766210400,0.5176,0.5182,0.5166,0.5175,4407.7
1766214000,0.5178,0.5223,0.5177,0.5221,23166.04
1766217600,0.5221,0.5245,0.5216,0.5217,6240.19
1766221200,0.5211,0.5224,0.5211,0.5213,6704.72
1766224800,0.5213,0.5214,0.5179,0.5184,2752
1766228400,0.5185,0.5225,0.5185,0.522,4654.94
1766232000,0.5222,0.5222,0.5192,0.5204,2795.92
1766235600,0.5207,0.5207,0.5177,0.5177,8022
1766239200,0.5179,0.5216,0.516,0.5216,93570.94
1766242800,0.5201,0.5208,0.5178,0.5202,17766.92
1766246400,0.5201,0.5215,0.5193,0.5215,12893.4
1766250000,0.5218,0.5237,0.5207,0.5219,7561.22
1766253600,0.5219,0.5227,0.5203,0.5219,10089.9
1766257200,0.5221,0.5226,0.5211,0.5213,23877.3
1766260800,0.5214,0.5223,0.5205,0.5223,18948.37
1766264400,0.5226,0.5237,0.5221,0.5223,10822.72
1766268000,0.5232,0.5246,0.5217,0.5246,11183.39
1766271600,0.5239,0.5248,0.522,0.5235,56284.68
1766275200,0.5235,0.5235,0.5204,0.5213,9658.01
1766278800,0.5208,0.5211,0.515,0.515,31130.84
1766282400,0.5146,0.5166,0.511,0.5119,7174.65
1766286000,0.5116,0.515,0.5111,0.5145,16299.43
1766289600,0.5148,0.5148,0.5134,0.5139,13748.72
1766293200,0.5141,0.5175,0.5141,0.5161,5739.48
1766296800,0.5154,0.5165,0.5154,0.5165,12145.4
1766300400,0.5158,0.5171,0.5154,0.5167,46264.22
1766304000,0.5166,0.5212,0.5152,0.521,54704.16
1766307600,0.5209,0.523,0.5183,0.5228,14666.08
1766311200,0.5205,0.5212,0.516,0.516,43372.66
1766314800,0.516,0.5168,0.5146,0.5146,3902.87
1766318400,0.5144,0.5149,0.5073,0.5113,42917.85
1766322000,0.5092,0.5092,0.4967,0.4976,134513.06
1766325600,0.4975,0.5031,0.4975,0.5012,81786.49
1766329200,0.5007,0.5034,0.4987,0.5006,8137.25
1766332800,0.5008,0.5056,0.5002,0.5056,7849.63
1766336400,0.505,0.5081,0.5034,0.5034,42583.16
1766340000,0.5033,0.5033,0.4998,0.5031,6116.6
1766343600,0.5036,0.5058,0.5013,0.5056,9047.26
1766347200,0.5056,0.5056,0.5023,0.5028,19036.96
1766350800,0.5026,0.5065,0.5019,0.5033,38679.48
1766354400,0.5034,0.5102,0.5034,0.5102,11004.98
1766358000,0.5099,0.5138,0.5087,0.5127,36563.1
1766361600,0.5126,0.5235,0.5123,0.5146,89528.61
1766365200,0.5161,0.5193,0.5127,0.5127,16607.89
1766368800,0.5119,0.5119,0.5048,0.5108,32744.83
1766372400,0.5108,0.5159,0.5099,0.5141,5057.41
1766376000,0.5141,0.5174,0.5135,0.5166,10098.17
1766379600,0.5166,0.5168,0.5129,0.5134,15352.79
1766383200,0.5135,0.5162,0.5129,0.5139,1015.63
1766386800,0.5157,0.518,0.5146,0.5179,28502.49
1766390400,0.5185,0.5221,0.5153,0.5158,29240.54
1766394000,0.5155,0.5169,0.5146,0.5164,12868.43
1766397600,0.5161,0.5177,0.5149,0.5156,14311.69
1766401200,0.516,0.5173,0.5132,0.5153,20466.48
1766404800,0.516,0.5198,0.516,0.5169,6817.37
1766408400,0.5181,0.5191,0.5137,0.5152,15319.28
1766412000,0.5165,0.5204,0.5133,0.518,212778.86
1766415600,0.5169,0.5201,0.5101,0.5161,15413.98
1766419200,0.5161,0.5173,0.513,0.5135,42939.72
1766422800,0.5131,0.5132,0.5105,0.5121,23247.46
1766426400,0.5126,0.5146,0.5115,0.5117,18924.88
1766430000,0.5109,0.5109,0.4983,0.4993,46925.63
1766433600,0.4994,0.5013,0.4967,0.4992,32313.07
1766437200,0.4992,0.5026,0.499,0.5004,20389.58
1766440800,0.5001,0.5061,0.499,0.504,28400.57
1766444400,0.5043,0.5053,0.5029,0.5035,11572.06
1766448000,0.5037,0.5104,0.5037,0.509,25706.52
1766451600,0.5099,0.5105,0.5031,0.505,255579.29
1766455200,0.505,0.5074,0.4996,0.4996,46287.36
1766458800,0.4996,0.5,0.4962,0.4972,32935.52
1766462400,0.497,0.4996,0.4962,0.4966,9164.97
1766466000,0.4964,0.5009,0.494,0.4988,30666.5
1766469600,0.4992,0.5001,0.4966,0.4984,4249.02
1766473200,0.4988,0.4989,0.4958,0.4971,50171.71
1766476800,0.4981,0.499,0.496,0.4961,2439.81
1766480400,0.4967,0.4977,0.4957,0.4977,7458.29
1766484000,0.4986,0.4997,0.4978,0.4988,4790.18
1766487600,0.4991,0.4999,0.4977,0.498,10929.45
1766491200,0.4972,0.4972,0.4932,0.495,27595.9
1766494800,0.4952,0.4966,0.4894,0.4918,56577.22
1766498400,0.4921,0.4933,0.4844,0.4882,37129.52
1766502000,0.4895,0.4921,0.487,0.4879,19978.25
1766505600,0.4894,0.4939,0.4885,0.4927,48204.61
1766509200,0.494,0.495,0.4859,0.4882,9186.32
1766512800,0.4873,0.4967,0.4873,0.4962,29049.68
1766516400,0.4962,0.4962,0.4919,0.4953,8318.97
1766520000,0.495,0.5015,0.4945,0.4961,32070.31
1766523600,0.4964,0.4965,0.4937,0.4952,24217.75
1766527200,0.4952,0.4965,0.4916,0.4919,33655.36
1766530800,0.4913,0.4939,0.4913,0.4926,28529.01
1766534400,0.4928,0.4949,0.4917,0.4937,44627.09
1766538000,0.4945,0.4953,0.4874,0.4882,23561.73
1766541600,0.4871,0.4871,0.4827,0.4834,6999.9
1766545200,0.4834,0.4869,0.4818,0.4869,7722.45
1766548800,0.4862,0.4874,0.4831,0.4842,10584.8
1766552400,0.4845,0.4845,0.4805,0.4816,13021.09
1766556000,0.4815,0.4838,0.4809,0.4838,4316.16
1766559600,0.4838,0.4844,0.4825,0.4828,16591.04
1766563200,0.4826,0.4835,0.4807,0.4835,18174.34
1766566800,0.483,0.4831,0.4812,0.4814,15717.67
1766570400,0.4812,0.4825,0.4811,0.4815,9242.29
1766574000,0.483,0.4838,0.4818,0.4818,10813.16
1766577600,0.4815,0.485,0.4815,0.4839,10637.9
1766581200,0.4836,0.484,0.48,0.4816,20659.06
1766584800,0.4819,0.4847,0.4775,0.4837,36767.48
1766588400,0.4847,0.4866,0.4805,0.4851,166844.91
1766592000,0.4849,0.4866,0.4819,0.4853,43608.62
1766595600,0.4856,0.4857,0.4817,0.4822,21944.19
1766599200,0.4815,0.4827,0.4805,0.4824,12466.74
1766602800,0.483,0.4856,0.481,0.4856,146706.8
1766606400,0.4861,0.4868,0.4854,0.486,34899.57
1766610000,0.486,0.4876,0.486,0.487,12784.06
1766613600,0.4869,0.4926,0.4869,0.4901,25931.02
1766617200,0.4901,0.4906,0.4879,0.4879,19504.26
1766620800,0.488,0.4899,0.4877,0.4882,34037.54
1766624400,0.4887,0.4917,0.4881,0.4901,36019.04
1766628000,0.4895,0.4989,0.4894,0.4989,13200.6
1766631600,0.4982,0.4994,0.4962,0.4969,14204.62
1766635200,0.497,0.4979,0.494,0.4956,156073.88
1766638800,0.4955,0.4961,0.4931,0.4932,8175.03
1766642400,0.4937,0.4979,0.4937,0.4974,4238.87
1766646000,0.4976,0.4988,0.4966,0.4985,2995.31
1766649600,0.4985,0.5041,0.4985,0.4999,33709.56
1766653200,0.5018,0.502,0.4975,0.4981,5052.22
1766656800,0.4978,0.4983,0.49,0.492,21769.52
1766660400,0.4935,0.4942,0.4922,0.4925,13650.86
1766664000,0.4931,0.4992,0.4929,0.4969,105986.93
1766667600,0.4975,0.4975,0.4942,0.4954,9707.43
1766671200,0.4948,0.4948,0.4908,0.4922,17494.78
1766674800,0.4924,0.5016,0.491,0.4985,17331.02
1766678400,0.4985,0.5015,0.4972,0.4979,58718.86
1766682000,0.4976,0.4998,0.4953,0.4998,13450.85
1766685600,0.4997,0.5017,0.4995,0.5005,43080.35
1766689200,0.5008,0.5023,0.4989,0.5021,14974.26
1766692800,0.5009,0.5022,0.499,0.5002,24458.64
1766696400,0.5,0.5022,0.4999,0.5016,11100.45
1766700000,0.5,0.5005,0.48,0.4829,124389.7
1766703600,0.4823,0.4867,0.4772,0.4794,61048.64
1766707200,0.4794,0.4824,0.4776,0.4816,45168.89
1766710800,0.4828,0.4851,0.4828,0.4848,34514.71
1766714400,0.4851,0.5016,0.4851,0.4981,74508.1
1766718000,0.4989,0.4992,0.494,0.495,17618.86
1766721600,0.4952,0.5003,0.4927,0.499,9474.59
1766725200,0.4989,0.5012,0.4978,0.5001,5321.89
1766728800,0.5005,0.5033,0.4999,0.5005,9386.35
1766732400,0.5013,0.5022,0.4935,0.4944,11831.15
1766736000,0.4969,0.4972,0.4956,0.4967,12487.02
1766739600,0.4965,0.4977,0.4962,0.4977,11164.43
1766743200,0.497,0.4973,0.4947,0.4968,20358.81
1766746800,0.4963,0.4965,0.495,0.4955,1878.04
1766750400,0.4953,0.4968,0.4945,0.4962,4246.19
1766754000,0.4969,0.4973,0.4958,0.4962,20720.33
1766757600,0.4967,0.4974,0.4857,0.4857,48280.49
1766761200,0.485,0.4891,0.4839,0.4883,36049.76
1766764800,0.489,0.489,0.4832,0.484,43452.21
1766768400,0.4848,0.4916,0.4843,0.489,327344.99
1766772000,0.4889,0.4923,0.4886,0.4915,32891.43
1766775600,0.4921,0.4954,0.4912,0.4953,45809.52
1766779200,0.495,0.495,0.4932,0.4946,16634.01
1766782800,0.4945,0.4945,0.4897,0.4906,19826.88
1766786400,0.491,0.4915,0.4893,0.4915,19050.98
1766790000,0.4917,0.4943,0.4912,0.4924,48898.35
1766793600,0.4923,0.4934,0.4902,0.4908,61278.81
1766797200,0.4908,0.4939,0.4897,0.4939,25073.27
1766800800,0.4943,0.4943,0.4924,0.4928,7649.48
1766804400,0.4931,0.497,0.4927,0.4949,20229.42
1766808000,0.4961,0.4961,0.4945,0.4945,4214.64
1766811600,0.4944,0.4944,0.4932,0.4932,4227.67
1766815200,0.4931,0.4931,0.4913,0.4918,6124.74
1766818800,0.4922,0.4937,0.4922,0.4924,7898.02
1766822400,0.4923,0.4923,0.4895,0.4895,18154.09
1766826000,0.49,0.4931,0.4883,0.492,158191.56
1766829600,0.4926,0.4956,0.4905,0.4956,76838.55
1766833200,0.4941,0.4969,0.4934,0.4969,8501.92
1766836800,0.497,0.4972,0.4956,0.4961,4987.26
1766840400,0.4961,0.4961,0.4936,0.4955,4370.65
1766844000,0.4948,0.4968,0.4944,0.4964,105470.14
1766847600,0.4964,0.4992,0.496,0.4992,6538.23
1766851200,0.5,0.5031,0.4984,0.499,14166.71
1766854800,0.4991,0.5007,0.4985,0.5005,38509.72
1766858400,0.5007,0.501,0.4978,0.499,12180.48
1766862000,0.4993,0.5021,0.4992,0.5008,34197.12
1766865600,0.5009,0.5011,0.4987,0.4991,4864.15
1766869200,0.4997,0.5044,0.4997,0.5043,25758.65
1766872800,0.5042,0.5085,0.5028,0.5052,77609.46
1766876400,0.5049,0.5144,0.5044,0.5137,28753.97
1766880000,0.5137,0.5153,0.5083,0.5089,24195.26
1766883600,0.5086,0.5089,0.507,0.5077,15707.51
1766887200,0.5076,0.5142,0.5076,0.5104,170644.3
1766890800,0.5106,0.5106,0.509,0.509,34329.48
1766894400,0.5093,0.5104,0.5075,0.5075,40702.64
1766898000,0.508,0.5091,0.5071,0.5082,21581.62
1766901600,0.5081,0.511,0.5081,0.511,26706.33
1766905200,0.511,0.511,0.5094,0.51,9098.14
1766908800,0.51,0.5127,0.51,0.5108,21576.21
1766912400,0.511,0.5115,0.5078,0.5096,53885.95
1766916000,0.5103,0.512,0.5103,0.5107,29522.59
1766919600,0.5097,0.5098,0.5066,0.5073,14317.45
1766923200,0.507,0.507,0.5036,0.5045,9312.92
1766926800,0.5047,0.5067,0.5047,0.5067,8454.4
1766930400,0.5069,0.5115,0.5064,0.5095,43457.79
1766934000,0.5097,0.5117,0.5065,0.5071,46004.21
1766937600,0.5078,0.5092,0.5064,0.5079,13009.23
1766941200,0.5087,0.5115,0.5074,0.508,115791.51
1766944800,0.5079,0.508,0.502,0.5025,15088.48
1766948400,0.5033,0.5042,0.4996,0.501,49507.08
1766952000,0.4997,0.5022,0.4989,0.5,11597.28
1766955600,0.5002,0.5012,0.4991,0.5011,13997.67
1766959200,0.5015,0.5048,0.5002,0.504,18187
1766962800,0.5041,0.5054,0.5009,0.5046,2420.44
1766966400,0.5037,0.5105,0.5034,0.5084,149754.53
1766970000,0.508,0.5122,0.5044,0.5122,42161.94
1766973600,0.512,0.5184,0.5112,0.5128,88569.28
1766977200,0.5129,0.5204,0.5121,0.5198,45572.76
1766980800,0.52,0.52,0.5143,0.5175,674878.01
1766984400,0.5174,0.5176,0.5147,0.5147,81952
1766988000,0.5147,0.5188,0.5137,0.5138,25913.02
1766991600,0.5143,0.5145,0.5093,0.5142,308162.86
1766995200,0.5143,0.5162,0.5133,0.5146,103810.04
1766998800,0.5128,0.5138,0.503,0.507,27475.35
1767002400,0.5066,0.5092,0.5063,0.5074,6518.98
1767006000,0.5064,0.5072,0.5033,0.5033,3495.16
1767009600,0.5024,0.5024,0.4933,0.4983,114248.28
1767013200,0.4975,0.4979,0.4951,0.4961,8394.5
1767016800,0.4949,0.5024,0.494,0.4999,119782.18
1767020400,0.4995,0.5072,0.498,0.4997,176690.28
1767024000,0.4995,0.501,0.4952,0.4954,26742.93
1767027600,0.4953,0.4998,0.4944,0.4998,129442.36
1767031200,0.499,0.4991,0.4916,0.4928,88238.67
1767034800,0.4927,0.496,0.4911,0.493,30276.48
1767038400,0.4926,0.4942,0.49,0.4916,109236.56
1767042000,0.4922,0.4949,0.4922,0.4942,42914.51
1767045600,0.4935,0.4949,0.492,0.4928,163971.29
1767049200,0.4928,0.4944,0.4917,0.4931,19229.09
1767052800,0.4931,0.4951,0.4909,0.4925,45292.99
1767056400,0.4929,0.4945,0.4916,0.4928,19592.39
1767060000,0.4925,0.4941,0.4905,0.492,53037.22
1767063600,0.492,0.4945,0.4877,0.4934,213907.18
1767067200,0.4939,0.4956,0.4926,0.4926,17534.17
1767070800,0.493,0.495,0.4891,0.4905,219497.82
1767074400,0.4912,0.4949,0.491,0.4922,29996.1
1767078000,0.4925,0.4967,0.4918,0.4945,417015.63
1767081600,0.4953,0.5003,0.4953,0.4967,27722.65
1767085200,0.4965,0.4984,0.496,0.4984,11589.48
1767088800,0.4987,0.4987,0.4959,0.4968,12159.68
1767092400,0.4967,0.499,0.4964,0.499,23955.72
1767096000,0.4998,0.4998,0.4964,0.4972,6629.22
1767099600,0.4972,0.4989,0.4969,0.4969,6416.55
1767103200,0.4965,0.4982,0.4913,0.4963,122297.27
1767106800,0.4958,0.4961,0.4925,0.4955,76975.43
1767110400,0.4945,0.498,0.4918,0.4941,58817.38
1767114000,0.4935,0.4935,0.4882,0.49,73028.73
1767117600,0.4902,0.4915,0.4898,0.49,32105.15
1767121200,0.4901,0.492,0.4866,0.492,57848.39
1767124800,0.491,0.4914,0.4884,0.4886,58637.64
1767128400,0.4897,0.4905,0.4888,0.4893,12882.79
1767132000,0.4899,0.4915,0.4893,0.4894,54646.4
1767135600,0.4905,0.4916,0.4898,0.4901,17506.14
1767139200,0.4905,0.4905,0.4886,0.4889,26394.85
1767142800,0.4892,0.4945,0.489,0.4906,99828.28
1767146400,0.4907,0.493,0.4907,0.492,21098.58
1767150000,0.492,0.4927,0.4897,0.4908,35668.55
1767153600,0.4918,0.4922,0.49,0.491,48096.88
1767157200,0.4916,0.4916,0.4894,0.4897,13174.38
1767160800,0.4901,0.4906,0.4889,0.4895,35775.48
1767164400,0.4895,0.4895,0.4879,0.4894,4423.3
1767168000,0.4899,0.4907,0.4848,0.4865,10788.44
1767171600,0.4868,0.4894,0.4861,0.4893,20402.47
1767175200,0.4894,0.4905,0.4875,0.4882,19477.46
1767178800,0.4884,0.4912,0.4884,0.4908,45300.73
1767182400,0.4904,0.4906,0.4874,0.4879,80826.95
1767186000,0.4879,0.4922,0.4879,0.4922,22441.7
1767189600,0.4921,0.4954,0.4893,0.4911,123917.76
1767193200,0.4906,0.4916,0.4852,0.4867,86394
1767196800,0.4864,0.4868,0.4693,0.4728,195031.84
1767200400,0.4728,0.4759,0.4706,0.4715,309447.57
1767204000,0.4712,0.4736,0.4692,0.4711,289393.81
1767207600,0.4711,0.4767,0.4711,0.4741,233835.17
1767211200,0.4737,0.4807,0.4717,0.4795,228477.31
1767214800,0.4792,0.4823,0.4791,0.481,138731.68
1767218400,0.4812,0.483,0.4797,0.481,59097.01
1767222000,0.4804,0.4822,0.48,0.4805,58579.2
1767225600,0.4803,0.4851,0.4801,0.482,31017.42
1767229200,0.4821,0.4831,0.4795,0.4804,13099.74
1767232800,0.4806,0.4813,0.4796,0.4811,39570.38
1767236400,0.4806,0.4809,0.4784,0.4784,80905.05
1767240000,0.4778,0.4794,0.4764,0.4794,66733.38
1767243600,0.48,0.4829,0.4798,0.4829,245651.57
1767247200,0.4837,0.4837,0.4815,0.4816,64515.77
1767250800,0.4824,0.4829,0.482,0.4828,9897.63
1767254400,0.4826,0.4846,0.4818,0.4846,5554.8
1767258000,0.4845,0.487,0.4844,0.487,16823.28
1767261600,0.4866,0.4889,0.4866,0.4888,6714.1
1767265200,0.4886,0.4896,0.4861,0.4896,67788.13
1767268800,0.4894,0.4894,0.4865,0.4878,10861.99
1767272400,0.4883,0.4948,0.4883,0.4948,10155.74
1767276000,0.4949,0.5014,0.4944,0.5006,24554.44
1767279600,0.5,0.507,0.4987,0.5059,54510.09
1767283200,0.506,0.506,0.5025,0.5057,50116.86
1767286800,0.5059,0.5124,0.5059,0.5123,29222.59
1767290400,0.5123,0.5126,0.51,0.5119,18736.22
1767294000,0.512,0.5158,0.5098,0.5158,15733.14
1767297600,0.5159,0.5202,0.5136,0.5159,108954.25
1767301200,0.5153,0.5163,0.5125,0.5163,9721.28
1767304800,0.5173,0.5223,0.5153,0.5222,25190.68
1767308400,0.523,0.524,0.5188,0.5213,35303.47
1767312000,0.5207,0.5212,0.5159,0.5172,105741.49
1767315600,0.5171,0.5209,0.5168,0.5199,13650.01
1767319200,0.5197,0.5222,0.515,0.5199,148268.84
1767322800,0.5201,0.5269,0.5187,0.5269,11667.35
1767326400,0.5269,0.5271,0.5212,0.5245,97232.07
1767330000,0.5243,0.526,0.5219,0.5258,13117.62
1767333600,0.526,0.5293,0.5247,0.5255,48544.77
1767337200,0.5255,0.5255,0.5198,0.5208,9347.49
1767340800,0.5218,0.5228,0.5209,0.5227,17226.37
1767344400,0.5223,0.5325,0.5223,0.5285,67358.33
1767348000,0.529,0.5309,0.5273,0.528,16745.37
1767351600,0.528,0.5283,0.524,0.524,7678.74
1767355200,0.5248,0.536,0.5248,0.5333,42541.61
1767358800,0.5328,0.5426,0.5323,0.5338,102371.42
1767362400,0.5338,0.5384,0.5256,0.5339,62891.42
1767366000,0.534,0.54,0.5276,0.5369,77466.78
1767369600,0.5373,0.5498,0.5355,0.5498,215825.77
1767373200,0.5499,0.5528,0.5438,0.5454,75689.39
1767376800,0.5462,0.5488,0.5429,0.5448,20903.23
1767380400,0.5447,0.5494,0.5447,0.5494,5565.59
1767384000,0.5497,0.5505,0.5435,0.5447,42085.21
1767387600,0.5449,0.5513,0.5444,0.5504,70466.2
1767391200,0.5504,0.5576,0.5503,0.555,56606.67
1767394800,0.5541,0.5577,0.5533,0.5561,6736.51
1767398400,0.5581,0.5602,0.5542,0.5549,13495.33
1767402000,0.5545,0.558,0.5545,0.5563,10299.81
1767405600,0.5559,0.5618,0.5539,0.5605,15703.37
1767409200,0.56,0.5671,0.5578,0.5659,12812.06
1767412800,0.5654,0.573,0.5611,0.5694,152095.44
1767416400,0.5711,0.5873,0.5667,0.5788,127125.42
1767420000,0.5788,0.5996,0.5739,0.5758,273791.47
1767423600,0.5751,0.5767,0.5612,0.5612,54229.28
1767427200,0.5605,0.5659,0.5566,0.5632,53526.18
1767430800,0.5624,0.5676,0.562,0.5647,55810.62
1767434400,0.5649,0.5703,0.5648,0.5669,24416.79
1767438000,0.5668,0.5679,0.5634,0.5679,28592.24
1767441600,0.5673,0.5774,0.5662,0.5759,59368.69
1767445200,0.5765,0.5795,0.5693,0.572,118004.15
1767448800,0.5718,0.5735,0.5676,0.5676,37633.69
1767452400,0.5687,0.5742,0.568,0.5707,27086.43
1767456000,0.5712,0.5969,0.5706,0.5912,110643.95
1767459600,0.5924,0.5944,0.5824,0.5824,89338.76
1767463200,0.5822,0.5822,0.571,0.5764,63015.39
1767466800,0.576,0.5776,0.5743,0.5743,39934.13
1767470400,0.5732,0.5769,0.571,0.5757,68007.66
1767474000,0.5746,0.5775,0.5734,0.576,28692.96
1767477600,0.5759,0.5878,0.5751,0.5874,137162.28
1767481200,0.5866,0.5887,0.5829,0.5829,31236.74
1767484800,0.583,0.5921,0.5826,0.5836,45882.05
1767488400,0.5831,0.5851,0.5786,0.5848,17281.6
1767492000,0.5846,0.5914,0.5844,0.5874,52226.58
1767495600,0.5881,0.5931,0.5881,0.5902,17476.61
1767499200,0.5892,0.5932,0.5882,0.5894,20317.68
1767502800,0.5919,0.594,0.5888,0.5933,110499.48
1767506400,0.5937,0.5968,0.587,0.5914,23594.7
1767510000,0.5918,0.6061,0.5827,0.595,124558.9
1767513600,0.5949,0.5949,0.5822,0.587,57955.82
1767517200,0.5876,0.5921,0.5869,0.59,51479.44
1767520800,0.59,0.5911,0.5872,0.589,12153.14
1767524400,0.5892,0.5911,0.587,0.5897,9185.4
1767528000,0.5901,0.5948,0.5882,0.5889,40851.03
1767531600,0.5886,0.5968,0.5867,0.5961,33240.15
1767535200,0.5954,0.5997,0.5928,0.5975,42881.1
1767538800,0.5984,0.6029,0.5964,0.6013,212258.85
1767542400,0.6004,0.6087,0.6004,0.6079,87558.63
1767546000,0.6063,0.6087,0.6044,0.6087,28390.1
1767549600,0.6085,0.6091,0.5977,0.601,66806.39
1767553200,0.5997,0.6004,0.5897,0.5935,46156.37
1767556800,0.5935,0.5995,0.5935,0.5977,30538.41
1767560400,0.5987,0.6012,0.593,0.5987,23131.65
1767564000,0.5986,0.608,0.596,0.6001,87598.43
1767567600,0.6006,0.6051,0.5985,0.6016,21295.08
1767571200,0.6014,0.6073,0.5944,0.6004,114737.48
1767574800,0.5996,0.6127,0.598,0.6102,169529.26
1767578400,0.6108,0.611,0.6009,0.6083,85558.45
1767582000,0.6085,0.6085,0.5999,0.6007,96348.28
1767585600,0.6007,0.6007,0.5868,0.5908,55077.21
1767589200,0.5905,0.5982,0.5898,0.5913,43346.9
1767592800,0.5917,0.5952,0.5876,0.5928,8125.23
1767596400,0.5946,0.6037,0.5932,0.5995,14561.67
1767600000,0.5979,0.6024,0.594,0.5953,21119.92
1767603600,0.5927,0.5957,0.5889,0.5957,18218.35
1767607200,0.5964,0.5967,0.5877,0.5904,14993.39
1767610800,0.59,0.5937,0.589,0.592,67233.22
1767614400,0.5915,0.5955,0.5891,0.5936,8558.97
1767618000,0.5934,0.5938,0.588,0.5929,21059.66
1767621600,0.5933,0.6041,0.5907,0.6021,31283.54
1767625200,0.6007,0.606,0.5947,0.6041,25443.44
1767628800,0.6052,0.6081,0.6018,0.6066,33194.35
1767632400,0.6072,0.6181,0.602,0.6164,45124.32
1767636000,0.618,0.6479,0.6155,0.6467,172498.76
1767639600,0.6465,0.6617,0.6319,0.6345,351057.75
1767643200,0.6348,0.6406,0.6287,0.6295,120340.11
1767646800,0.6304,0.6339,0.6263,0.6298,148033.34
1767650400,0.6311,0.639,0.6296,0.6378,95310.55
1767654000,0.638,0.6406,0.6355,0.6368,73259.73
1767657600,0.6358,0.6378,0.6273,0.6378,76395.73
1767661200,0.638,0.6411,0.6294,0.6307,19503.82
1767664800,0.6299,0.6351,0.6285,0.6304,44407.74
1767668400,0.6345,0.6383,0.6329,0.6353,24764.27
1767672000,0.6353,0.6459,0.6344,0.6366,20835.24
1767675600,0.6368,0.6425,0.6303,0.6313,46952.68
1767679200,0.6321,0.6355,0.6291,0.6313,21856.89
1767682800,0.6317,0.632,0.6179,0.6211,107327.06
1767686400,0.6225,0.6257,0.6199,0.6233,13886.05
1767690000,0.6233,0.6262,0.6228,0.6244,5048.59
1767693600,0.6242,0.6298,0.624,0.6285,16797.77
1767697200,0.629,0.6378,0.629,0.6339,15713.33
1767700800,0.6338,0.6403,0.6325,0.6385,123942.35
1767704400,0.6382,0.6432,0.6371,0.6402,161006.8
1767708000,0.6412,0.6506,0.6357,0.6382,94804.95
1767711600,0.6382,0.6439,0.6293,0.6359,77247.58
1767715200,0.635,0.6351,0.619,0.6223,137454.83
1767718800,0.622,0.6273,0.608,0.6097,114515.45
1767722400,0.608,0.6201,0.608,0.6179,14112.46
1767726000,0.6179,0.6201,0.6138,0.6144,32081.38
1767729600,0.6147,0.6238,0.6147,0.6224,43250.94
1767733200,0.6224,0.6386,0.6199,0.6383,78645.68
1767736800,0.6386,0.6401,0.6306,0.6328,32257.46
1767740400,0.6337,0.6389,0.6322,0.6356,29798.56
1767744000,0.6353,0.6367,0.6209,0.6215,40918.62
1767747600,0.6215,0.6243,0.613,0.6154,136646.81
1767751200,0.6151,0.6216,0.613,0.6205,12092.64
1767754800,0.6207,0.6241,0.619,0.6203,15114.79
1767758400,0.6205,0.6227,0.6158,0.6165,26900.26
1767762000,0.6165,0.6213,0.6157,0.6162,35716.64
1767765600,0.6164,0.6181,0.6152,0.617,13008.5
1767769200,0.6178,0.6325,0.6178,0.6325,4548.96
1767772800,0.6319,0.6341,0.6301,0.6306,4880.85
1767776400,0.6311,0.6346,0.615,0.6185,109627.48
1767780000,0.6194,0.6221,0.6187,0.6191,9398.32
1767783600,0.619,0.6221,0.619,0.6211,5149.22
1767787200,0.6204,0.6204,0.6118,0.6121,29169.82
1767790800,0.6118,0.615,0.6078,0.6084,27599.5
1767794400,0.609,0.6095,0.5942,0.6047,68932.38
1767798000,0.6023,0.6023,0.5919,0.5947,57121.05
1767801600,0.5949,0.5993,0.5922,0.597,31888.59
1767805200,0.5968,0.6013,0.5955,0.596,44096.4
1767808800,0.596,0.6017,0.5957,0.5979,19789.98
1767812400,0.598,0.5991,0.5907,0.5976,51579.8
1767816000,0.5973,0.5974,0.5919,0.5937,94435.04
1767819600,0.5933,0.5954,0.5925,0.5938,18711.59
1767823200,0.5926,0.5971,0.5886,0.593,16824.9
1767826800,0.5916,0.5982,0.5895,0.5936,18532.14
1767830400,0.5935,0.5965,0.5905,0.5965,8911.06
1767834000,0.5966,0.5996,0.5955,0.5966,33401.87
1767837600,0.5968,0.5982,0.5925,0.5935,6572.85
1767841200,0.5933,0.5968,0.5869,0.5869,37621.05
1767844800,0.5859,0.5927,0.5843,0.5913,52457.4
1767848400,0.5921,0.5959,0.5897,0.5907,30809.03
1767852000,0.5915,0.5915,0.5791,0.5813,14703.6
1767855600,0.579,0.5884,0.5758,0.5878,31663.91
1767859200,0.5881,0.5917,0.5837,0.5843,9849.2
1767862800,0.5815,0.5818,0.5778,0.5779,34115.53
1767866400,0.5774,0.5807,0.5733,0.5793,5817.01
1767870000,0.5772,0.5778,0.5729,0.5778,46375.86
1767873600,0.5769,0.5769,0.5698,0.5727,31281.23
1767877200,0.5724,0.5741,0.5691,0.5702,27003.62
1767880800,0.5693,0.5748,0.5652,0.5736,65959.4
1767884400,0.5712,0.5904,0.5712,0.5896,26221.33
1767888000,0.5898,0.5908,0.5805,0.588,46807.9
1767891600,0.5879,0.5899,0.5832,0.5875,58264.39
1767895200,0.5875,0.5876,0.5829,0.5845,32250.57
1767898800,0.5858,0.587,0.5793,0.5793,23309.81
1767902400,0.5787,0.5789,0.5745,0.5783,30625.49
1767906000,0.579,0.5868,0.579,0.5868,16278.1
1767909600,0.5866,0.5884,0.5811,0.5835,33394
1767913200,0.5839,0.5852,0.5823,0.5832,47409.46
1767916800,0.5835,0.5845,0.5817,0.5821,13136.95
1767920400,0.5828,0.5868,0.576,0.5774,78394.73
1767924000,0.5765,0.5837,0.5765,0.5773,22200.47
1767927600,0.5773,0.5842,0.5772,0.5836,8010.66
1767931200,0.5833,0.5833,0.5798,0.5811,3185.2
1767934800,0.581,0.5829,0.5796,0.5822,4640.44
1767938400,0.5824,0.5866,0.5821,0.5864,40431.43
1767942000,0.5864,0.5884,0.5864,0.5872,413979.38
1767945600,0.5864,0.59,0.576,0.5801,255566.51
1767949200,0.5801,0.5884,0.5794,0.5794,25830.47
1767952800,0.5787,0.5802,0.576,0.5792,4228.91
1767956400,0.5792,0.5817,0.5773,0.5773,5991.41
1767960000,0.5777,0.5778,0.5751,0.5763,955.74
1767963600,0.5768,0.5853,0.5768,0.5822,34721.62
1767967200,0.5817,0.5831,0.5753,0.578,33133.47
1767970800,0.5752,0.5975,0.5728,0.5898,71922.78
1767974400,0.5904,0.5996,0.5888,0.5959,29183.39
1767978000,0.5954,0.596,0.5832,0.5897,12093.35
1767981600,0.5894,0.5903,0.5749,0.5812,14945.4
1767985200,0.5819,0.5819,0.5738,0.5758,16649.33
1767988800,0.5761,0.5797,0.5761,0.5773,6474.46
1767992400,0.5763,0.5812,0.5762,0.5795,27504.02
1767996000,0.5783,0.5826,0.5779,0.5824,21957.46
1767999600,0.5812,0.5825,0.5776,0.5784,12956.1
1768003200,0.5782,0.5787,0.5743,0.5757,2893.77
1768006800,0.5764,0.579,0.5758,0.577,8036.41
1768010400,0.5769,0.5781,0.5749,0.5753,5023.3
1768014000,0.5743,0.5745,0.5708,0.5743,12247.78
1768017600,0.5728,0.573,0.571,0.572,3838.16
1768021200,0.5713,0.5723,0.5705,0.5707,6188.03
1768024800,0.5713,0.573,0.5676,0.5723,7417.14
1768028400,0.5732,0.5773,0.5732,0.5773,6624.69
1768032000,0.5774,0.5777,0.5746,0.577,4367.32
1768035600,0.5764,0.5789,0.5764,0.5773,4993.22
1768039200,0.5777,0.5817,0.5768,0.5809,14876.17
1768042800,0.5803,0.5844,0.5801,0.5844,11863.18
1768046400,0.585,0.588,0.5842,0.588,1668.22
1768050000,0.5876,0.5877,0.5846,0.5846,1390.16
1768053600,0.5845,0.5845,0.5801,0.581,101246.71
1768057200,0.5803,0.5809,0.58,0.5802,2653.54
1768060800,0.5793,0.5797,0.577,0.5791,9879.22
1768064400,0.5796,0.5801,0.5731,0.5744,4130.62
1768068000,0.574,0.5777,0.5716,0.5776,21454.76
1768071600,0.5792,0.5806,0.5775,0.5806,15391.19
1768075200,0.5804,0.5804,0.5764,0.5765,6436.04
1768078800,0.5767,0.5768,0.5733,0.5733,3190.06
1768082400,0.5732,0.574,0.5684,0.569,10940.25
1768086000,0.57,0.572,0.5689,0.5709,7296.66
1768089600,0.5711,0.5729,0.5698,0.5714,3047.28
1768093200,0.5719,0.5735,0.5705,0.5735,3956
1768096800,0.5732,0.5752,0.5723,0.5723,8780.72
1768100400,0.5722,0.5737,0.5719,0.5725,4054.31
1768104000,0.5722,0.5727,0.5706,0.5724,8270.87
1768107600,0.572,0.5728,0.5714,0.5725,9109.16
1768111200,0.5728,0.574,0.5688,0.5736,9990.02
1768114800,0.5744,0.5749,0.5726,0.5747,1326.85
1768118400,0.5737,0.5775,0.5734,0.5775,6302.03
1768122000,0.5768,0.5795,0.576,0.577,3504.55
1768125600,0.5779,0.5783,0.576,0.5764,7092.55
1768129200,0.5765,0.5817,0.5764,0.5811,14253.74
1768132800,0.5813,0.5847,0.5809,0.5838,11708.67
1768136400,0.5823,0.5824,0.5776,0.5777,8677.75
1768140000,0.5788,0.5837,0.5778,0.5821,2880.59
1768143600,0.5816,0.5816,0.5681,0.5718,14990.61
1768147200,0.5718,0.5798,0.5706,0.5758,14616.98
1768150800,0.5762,0.5787,0.5721,0.5751,11330.66
1768154400,0.5768,0.5776,0.5741,0.5776,7514.58
1768158000,0.5775,0.5785,0.5748,0.5748,11855.72
1768161600,0.5739,0.5739,0.5648,0.5648,26688.4
1768165200,0.5662,0.5695,0.562,0.5656,12652.82
1768168800,0.5655,0.5655,0.5604,0.5635,82561.58
1768172400,0.5635,0.5681,0.557,0.5681,29268.02
1768176000,0.5663,0.5718,0.5602,0.5718,10598.61
1768179600,0.5721,0.5767,0.5687,0.5733,117367.7
1768183200,0.5731,0.5863,0.5731,0.5851,50056.26
1768186800,0.5844,0.5895,0.5793,0.5793,53379.02
1768190400,0.5788,0.586,0.5784,0.5844,7691.69
1768194000,0.584,0.5887,0.5821,0.5823,57446.71
1768197600,0.5822,0.5834,0.5757,0.5763,9280.13
1768201200,0.5765,0.5767,0.5676,0.5702,25542.91
1768204800,0.5704,0.5744,0.5617,0.5668,11692.84
1768208400,0.567,0.5671,0.5611,0.5637,20849.14
1768212000,0.5653,0.5654,0.5624,0.5635,19108.56
1768215600,0.5641,0.5676,0.5641,0.5667,6056.07
1768219200,0.5667,0.5672,0.5631,0.5631,5196.35
1768222800,0.5626,0.5639,0.5539,0.5566,18205.22
1768226400,0.5572,0.5669,0.5536,0.5645,14640.67
1768230000,0.566,0.5723,0.5648,0.5691,22266.14
1768233600,0.5697,0.5774,0.5679,0.5733,8015.34
1768237200,0.5736,0.5744,0.5603,0.564,28125.74
1768240800,0.5643,0.5667,0.5605,0.5605,10256.05
1768244400,0.5604,0.5643,0.5594,0.564,7228.94
1768248000,0.5645,0.5677,0.5583,0.5589,10792.19
1768251600,0.5575,0.5585,0.5535,0.5551,8666.62
1768255200,0.5568,0.5586,0.5551,0.5561,30583.28
1768258800,0.5552,0.5566,0.5528,0.5555,16072.53
1768262400,0.5557,0.559,0.5552,0.5583,22320.38
1768266000,0.557,0.5595,0.5554,0.5592,49616.9
1768269600,0.5593,0.5619,0.5564,0.5564,10725.07
1768273200,0.5563,0.5603,0.555,0.5602,25052.61
1768276800,0.5606,0.5619,0.557,0.5619,5286.03
1768280400,0.5636,0.5678,0.5624,0.5638,19353.29
1768284000,0.5637,0.5677,0.5631,0.5668,23945.3
1768287600,0.5648,0.5659,0.5627,0.5659,14814.08
1768291200,0.5669,0.5677,0.5628,0.5677,3182.76
1768294800,0.5676,0.5703,0.5675,0.5698,2001.94
1768298400,0.5707,0.5709,0.5664,0.5696,4107.84
1768302000,0.5696,0.575,0.5686,0.5719,5724
1768305600,0.5726,0.5749,0.571,0.5741,13332.15
1768309200,0.5745,0.5833,0.5738,0.5817,56406.79
1768312800,0.5814,0.5986,0.5796,0.5879,132734.57
1768316400,0.5877,0.6074,0.5859,0.6074,36015.14
1768320000,0.6076,0.6136,0.601,0.6093,178591.26
1768323600,0.6089,0.6089,0.6019,0.6029,138487.91
1768327200,0.6037,0.6067,0.5993,0.6,54238.05
1768330800,0.5992,0.606,0.5976,0.6054,21660.48
1768334400,0.6068,0.6068,0.597,0.599,338040.25
1768338000,0.5988,0.6024,0.5985,0.6022,187960.4
1768341600,0.6019,0.6278,0.6018,0.6277,314318.56
1768345200,0.6278,0.6278,0.6142,0.6181,101940.16
1768348800,0.6182,0.622,0.615,0.6199,102404.69
1768352400,0.6198,0.6216,0.6159,0.6173,116161.6
1768356000,0.6173,0.6204,0.6144,0.6154,104276.62
1768359600,0.6156,0.62,0.613,0.6197,171801.93
1768363200,0.6199,0.621,0.6138,0.6144,120646.43
1768366800,0.6142,0.6144,0.609,0.6127,74856.34
1768370400,0.6123,0.6147,0.6074,0.6142,88836.34
1768374000,0.6141,0.6158,0.6086,0.6092,72253.45
1768377600,0.6094,0.6116,0.6073,0.6073,72556.73
1768381200,0.6081,0.6137,0.6073,0.6132,75434.12
1768384800,0.6129,0.615,0.6096,0.6098,75721.15
1768388400,0.6099,0.6099,0.6038,0.6056,42774.9
1768392000,0.6053,0.6083,0.604,0.6071,103359.94
1768395600,0.6069,0.6072,0.599,0.6002,55453.83
1768399200,0.6024,0.6131,0.6022,0.6076,183944.99
1768402800,0.6084,0.6149,0.6052,0.6136,184736.54
1768406400,0.6149,0.6216,0.6145,0.6168,113431.08
1768410000,0.6174,0.6187,0.6068,0.6068,37551.37
1768413600,0.6074,0.6109,0.5935,0.5979,34181.98
1768417200,0.5987,0.6112,0.598,0.6049,122287.29
1768420800,0.6048,0.6107,0.6018,0.6044,21545.08
1768424400,0.6046,0.6064,0.5989,0.6017,48861
1768428000,0.6015,0.602,0.5932,0.5958,52166.9
1768431600,0.5973,0.6017,0.5973,0.5997,14497.72
1768435200,0.5962,0.5996,0.595,0.5996,13172.02
1768438800,0.6003,0.602,0.5944,0.5952,21493.39
1768442400,0.595,0.5964,0.5874,0.5893,24006.29
1768446000,0.5892,0.59,0.5769,0.5772,59958.83
1768449600,0.578,0.583,0.578,0.583,16549.92
1768453200,0.5837,0.5866,0.5822,0.5854,40482.14
1768456800,0.5856,0.587,0.5846,0.5847,4078.45
1768460400,0.5847,0.5942,0.5847,0.5912,22274.41
1768464000,0.5907,0.5931,0.5891,0.59,32253.3
1768467600,0.5899,0.5953,0.588,0.5923,7421.72
1768471200,0.5926,0.5934,0.5905,0.5924,6776.3
1768474800,0.5922,0.5922,0.5876,0.5888,20382.77
1768478400,0.5918,0.5936,0.5904,0.5936,2813.79
1768482000,0.5923,0.5966,0.5919,0.5946,128527.42
1768485600,0.5945,0.5953,0.5815,0.5848,162852.22
1768489200,0.5865,0.5885,0.5662,0.5764,161968.99
1768492800,0.5753,0.5785,0.5709,0.5779,32843.16
1768496400,0.5778,0.5778,0.5671,0.569,39989.78
1768500000,0.569,0.5701,0.5594,0.5601,57305.07
1768503600,0.5604,0.5614,0.5555,0.5599,45157.26
1768507200,0.5624,0.5624,0.554,0.5554,18375.9
1768510800,0.5558,0.5615,0.5558,0.5608,15889.98
1768514400,0.561,0.5653,0.561,0.5635,34733.74
1768518000,0.5624,0.5634,0.5609,0.5634,71625.36
1768521600,0.5631,0.5656,0.5617,0.5617,16240.31
1768525200,0.5616,0.5624,0.5599,0.5601,3963.01
1768528800,0.5591,0.5626,0.5565,0.5626,27690.12
1768532400,0.5624,0.5624,0.5594,0.5604,40990.96
1768536000,0.5605,0.5616,0.5556,0.5578,20604.66
1768539600,0.5578,0.5632,0.5569,0.5622,16978.64
1768543200,0.5622,0.5637,0.5606,0.5635,7410.45
1768546800,0.5635,0.5656,0.563,0.5639,8617.95
1768550400,0.5645,0.5673,0.5642,0.5673,8863.3
1768554000,0.5677,0.5714,0.5677,0.5677,200824.41
1768557600,0.5675,0.5676,0.5625,0.5629,32360.39
1768561200,0.5629,0.5645,0.5605,0.5643,3432.95
1768564800,0.5643,0.5645,0.5624,0.5631,10597.31
1768568400,0.5627,0.5628,0.5581,0.5597,11921.86
1768572000,0.5597,0.5629,0.5586,0.5599,25004.12
1768575600,0.559,0.5627,0.5388,0.544,93784
1768579200,0.5431,0.5502,0.5423,0.5478,56368.48
1768582800,0.5481,0.5519,0.5441,0.5519,49370.99
1768586400,0.5521,0.5522,0.5482,0.5482,13232.92
1768590000,0.5474,0.5507,0.545,0.5487,13272.51
1768593600,0.5474,0.558,0.5464,0.558,251605.56
1768597200,0.5574,0.5618,0.5519,0.5618,27479.42
1768600800,0.555,0.5561,0.5534,0.5561,32944.74
1768604400,0.5563,0.5572,0.5544,0.5546,43909.09
1768608000,0.5545,0.5564,0.5524,0.5564,28957.15
1768611600,0.5564,0.5578,0.5553,0.5554,6284.66
1768615200,0.5553,0.5565,0.554,0.5541,5819.39
1768618800,0.5532,0.5544,0.5516,0.5521,4178.3
1768622400,0.5521,0.5554,0.5516,0.5552,8313.34
1768626000,0.5557,0.5563,0.5539,0.5541,5178.41
1768629600,0.5539,0.5547,0.5531,0.5531,3545.31
1768633200,0.5522,0.5582,0.5522,0.5576,3561.08
1768636800,0.5578,0.5593,0.5565,0.5584,28846.9
1768640400,0.5586,0.5586,0.5546,0.5546,51837.68
1768644000,0.5546,0.5581,0.5545,0.5551,4356.84
1768647600,0.5546,0.5556,0.5521,0.5523,8997.27
1768651200,0.5521,0.5565,0.5521,0.5564,5576.79
1768654800,0.5556,0.5576,0.5552,0.5554,3585.4
1768658400,0.5541,0.565,0.5541,0.565,15268.15
1768662000,0.5647,0.5654,0.5597,0.5622,44913.23
1768665600,0.5628,0.5635,0.5545,0.5568,52214.65
1768669200,0.5567,0.5583,0.5544,0.5544,3128.95
1768672800,0.5549,0.5572,0.5549,0.5563,4750.57
1768676400,0.5563,0.5578,0.5546,0.5555,3189.97
1768680000,0.556,0.5576,0.5551,0.5555,11621.97
1768683600,0.555,0.5551,0.5531,0.5551,13696.86
1768687200,0.5545,0.5548,0.5463,0.5498,35548.13
1768690800,0.5493,0.5507,0.5488,0.5498,9323.07
1768694400,0.5496,0.5528,0.5485,0.5489,3100.66
1768698000,0.5489,0.5498,0.5427,0.5443,31052.17
1768701600,0.5446,0.5466,0.5434,0.5451,13033.05
1768705200,0.5457,0.5476,0.5448,0.5457,63206.19
1768708800,0.545,0.5459,0.5439,0.5457,11217.51
1768712400,0.5457,0.5464,0.545,0.5464,695.49
1768716000,0.546,0.5469,0.5439,0.5439,7218.61
1768719600,0.5439,0.5441,0.5415,0.543,6052.68
1768723200,0.5427,0.5436,0.5423,0.543,1214.69
1768726800,0.5432,0.5432,0.5371,0.5418,50365.37
1768730400,0.5414,0.5433,0.54,0.5421,5018.4
1768734000,0.5422,0.5436,0.5407,0.5407,2517.9
1768737600,0.5411,0.5419,0.5394,0.5397,2626.14
1768741200,0.5389,0.5429,0.5386,0.541,39082.28
1768744800,0.5406,0.5448,0.5382,0.539,5391.52
1768748400,0.5383,0.5423,0.5382,0.5412,8130.88
1768752000,0.5415,0.5441,0.5405,0.541,69538.3
1768755600,0.5414,0.5417,0.5389,0.5414,19652.6
1768759200,0.5407,0.546,0.5404,0.5452,61264.08
1768762800,0.545,0.5451,0.5382,0.5389,20876.42
1768766400,0.5387,0.5439,0.5385,0.5432,3401.81
1768770000,0.5435,0.5443,0.5421,0.5425,6014.62
1768773600,0.5423,0.5448,0.5407,0.5407,10193.75
1768777200,0.54,0.54,0.513,0.5144,245907.37
1768780800,0.5134,0.5134,0.4507,0.4858,889944.28
1768784400,0.4846,0.4887,0.4829,0.4863,118605.5
1768788000,0.4863,0.4907,0.4851,0.4894,41632.97
1768791600,0.4901,0.4922,0.4885,0.4909,12110.36
1768795200,0.4909,0.4929,0.4883,0.4883,12628.78
1768798800,0.4885,0.4908,0.4867,0.4888,44401.09
1768802400,0.4883,0.491,0.4871,0.491,55359.76
1768806000,0.4904,0.4954,0.4903,0.491,14726.83
1768809600,0.4909,0.4953,0.4909,0.4931,278499
1768813200,0.4934,0.494,0.4917,0.4928,15064.09
1768816800,0.4924,0.495,0.4917,0.495,7911.65
1768820400,0.4943,0.4959,0.4936,0.4951,46286.15
1768824000,0.4942,0.4983,0.493,0.4975,18340.98
1768827600,0.4973,0.5004,0.4943,0.4955,9830.69
1768831200,0.4955,0.499,0.4946,0.499,28540.72
1768834800,0.499,0.4992,0.4938,0.4965,100924.22
1768838400,0.4973,0.5039,0.4971,0.5025,45512.45
1768842000,0.5026,0.5049,0.5012,0.5036,18592.88
1768845600,0.5038,0.5069,0.5029,0.5064,45699.1
1768849200,0.5072,0.5096,0.5062,0.5076,79969.37
1768852800,0.5076,0.5082,0.5051,0.5065,25336.27
1768856400,0.5072,0.5077,0.5021,0.5035,62705.87
1768860000,0.5037,0.5048,0.5,0.5,96668.89
1768863600,0.5,0.5064,0.5,0.5046,48648.77
1768867200,0.5042,0.5043,0.5001,0.5001,24352.65
1768870800,0.5004,0.5046,0.5001,0.5013,17739.51
1768874400,0.5015,0.502,0.4986,0.501,20413.11
1768878000,0.5011,0.5018,0.4982,0.5003,19033.37
1768881600,0.5003,0.5024,0.4977,0.4977,14994.8
1768885200,0.497,0.502,0.4963,0.4982,27552.59
1768888800,0.4981,0.4981,0.4907,0.4943,96239.73
1768892400,0.4936,0.4953,0.4912,0.4912,41948.03
1768896000,0.4906,0.4916,0.485,0.4867,38859.11
1768899600,0.4873,0.4881,0.4836,0.4865,33374.36
1768903200,0.4866,0.4914,0.4866,0.4896,13046.43
1768906800,0.4905,0.4905,0.4867,0.4873,56897.27
1768910400,0.4878,0.4891,0.487,0.487,12982.82
1768914000,0.4867,0.4867,0.4807,0.4823,41187.03
1768917600,0.4832,0.4874,0.4803,0.4835,111138.21
1768921200,0.4821,0.483,0.4741,0.4796,253213.22
1768924800,0.4812,0.4826,0.4742,0.4751,34027.73
1768928400,0.4776,0.4793,0.4699,0.4725,104262.45
1768932000,0.4728,0.4736,0.4679,0.4711,36918.54
1768935600,0.4706,0.4725,0.4682,0.4693,13210.28
1768939200,0.4689,0.475,0.4687,0.4733,44653.29
1768942800,0.4738,0.4738,0.4686,0.4697,59852.22
1768946400,0.47,0.4704,0.4611,0.4679,126389.18
1768950000,0.468,0.4682,0.4645,0.4661,58097.37
1768953600,0.4663,0.477,0.4663,0.4765,30550.36
1768957200,0.4766,0.4803,0.476,0.4781,31541.52
1768960800,0.4783,0.4836,0.4775,0.4836,109990.87
1768964400,0.4833,0.485,0.4824,0.4826,40261.53
1768968000,0.4825,0.4862,0.4825,0.4857,17110.18
1768971600,0.4857,0.4864,0.483,0.4851,24331.08
1768975200,0.4852,0.4857,0.4833,0.4836,14717.22
1768978800,0.4832,0.4872,0.4821,0.4827,21620.37
1768982400,0.4827,0.4855,0.4807,0.4817,50802.36
1768986000,0.4818,0.4831,0.4809,0.4816,30570.15
1768989600,0.4823,0.4842,0.48,0.48,7125.21
1768993200,0.4799,0.4806,0.4745,0.4755,15350.35
1768996800,0.4746,0.4757,0.4689,0.4755,35762.91
1769000400,0.4773,0.4773,0.4702,0.4717,133287.46
1769004000,0.4718,0.487,0.4718,0.4848,386151.54
1769007600,0.4848,0.4893,0.481,0.4858,100847.09
1769011200,0.4855,0.4855,0.465,0.4676,250083.64
1769014800,0.4679,0.4702,0.4617,0.467,72038.02
1769018400,0.4673,0.47,0.4607,0.469,2100995.43
1769022000,0.4693,0.4878,0.4676,0.4876,198684.6
1769025600,0.4879,0.4881,0.4793,0.4851,108236.58
1769029200,0.4842,0.4881,0.4837,0.4846,99406.3
1769032800,0.4856,0.4863,0.4819,0.4819,23691.97
1769036400,0.4805,0.4823,0.4725,0.476,111440.84
1769040000,0.4757,0.4815,0.4753,0.4803,7975.82
1769043600,0.4809,0.4856,0.4803,0.4847,7051.22
1769047200,0.485,0.4859,0.4827,0.4832,28112.01
1769050800,0.4833,0.484,0.4781,0.4801,58316.42
1769054400,0.4798,0.4829,0.4798,0.482,32316.44
1769058000,0.4819,0.4825,0.4795,0.4819,74489.98
1769061600,0.4817,0.4822,0.4785,0.4807,20181.64
1769065200,0.4806,0.4807,0.4792,0.4795,7827.48
1769068800,0.4805,0.4805,0.4763,0.4799,8530.83
1769072400,0.4817,0.4849,0.4808,0.4814,172093.23
1769076000,0.4813,0.4817,0.4787,0.4787,11548.53
1769079600,0.4797,0.4798,0.4784,0.4785,3796.69
1769083200,0.4786,0.4794,0.4772,0.478,3853.72
1769086800,0.4784,0.48,0.4745,0.4756,46769.81
1769090400,0.4745,0.4753,0.4683,0.4697,53478.31
1769094000,0.4714,0.4745,0.4652,0.4726,46238.06
1769097600,0.4727,0.4759,0.4704,0.475,43591.55
1769101200,0.4748,0.4759,0.4714,0.4754,79932
1769104800,0.4753,0.476,0.4713,0.4715,62801.12
1769108400,0.4717,0.4742,0.4699,0.4717,45653.31
1769112000,0.4719,0.4726,0.468,0.4694,46656.46
1769115600,0.47,0.4724,0.4693,0.4709,18711.14
1769119200,0.4711,0.4722,0.4695,0.4702,62461.8
1769122800,0.4705,0.4725,0.4688,0.4718,13041.16
1769126400,0.4722,0.4744,0.4715,0.4744,18944.05
1769130000,0.4743,0.4771,0.4738,0.477,15322.61
1769133600,0.4774,0.4774,0.4748,0.4748,11161.49
1769137200,0.4749,0.4806,0.4748,0.48,14137.19
1769140800,0.4797,0.4829,0.4793,0.4814,4401.47
1769144400,0.4814,0.4819,0.4785,0.4799,9082.94
1769148000,0.4799,0.4811,0.4762,0.4763,17853.13
1769151600,0.4769,0.4776,0.4759,0.4759,12639.41
1769155200,0.4756,0.4764,0.4708,0.4716,12747.38
1769158800,0.4722,0.4731,0.4716,0.4725,7946.39
1769162400,0.4718,0.4739,0.4704,0.4716,45179.54
1769166000,0.4718,0.4741,0.4717,0.4734,5531.3
1769169600,0.4736,0.4737,0.4713,0.4717,3786.71
1769173200,0.4728,0.4731,0.4708,0.4717,20561.93
1769176800,0.4719,0.4722,0.4562,0.4603,158763.68
1769180400,0.4604,0.4732,0.459,0.4724,42287.04
1769184000,0.4721,0.4782,0.4686,0.4755,15052.08
1769187600,0.4748,0.4866,0.4717,0.4798,91938.1
1769191200,0.48,0.4825,0.4779,0.4788,298458.03
1769194800,0.4775,0.4775,0.469,0.4699,42190.15
1769198400,0.4703,0.4713,0.4639,0.4663,60862.58
1769202000,0.4677,0.47,0.4664,0.4682,42626.93
1769205600,0.4684,0.47,0.4681,0.4681,39983.41
1769209200,0.4678,0.4689,0.4666,0.4673,105016.36
1769212800,0.4673,0.4692,0.4663,0.4663,17802.89
1769216400,0.4663,0.468,0.4653,0.4677,10209.98
1769220000,0.4682,0.4692,0.4678,0.4692,10529.51
1769223600,0.4688,0.4752,0.4686,0.474,4855.42
1769227200,0.4739,0.4742,0.4706,0.471,30707.63
1769230800,0.4716,0.4716,0.4697,0.4712,3260.73
1769234400,0.4712,0.4722,0.4711,0.4716,8513.13
1769238000,0.4717,0.4722,0.4705,0.4705,2601.7
1769241600,0.4702,0.4738,0.4702,0.4731,5353.79
1769245200,0.4725,0.4726,0.4711,0.4711,1435.8
1769248800,0.4711,0.4734,0.4709,0.4731,2839.09
1769252400,0.4741,0.4757,0.4737,0.475,3882.13
1769256000,0.4747,0.4771,0.4747,0.4763,5314.25
1769259600,0.4764,0.4764,0.4738,0.4738,5409.85
1769263200,0.4715,0.4758,0.4715,0.4747,7627.17
1769266800,0.4749,0.4758,0.4698,0.47,7644.04
1769270400,0.4703,0.4716,0.4674,0.4704,25382.19
1769274000,0.4705,0.4715,0.4683,0.4715,152486.28
1769277600,0.471,0.4723,0.4705,0.4707,15386.13
1769281200,0.4708,0.471,0.4698,0.47,17738.4
1769284800,0.4705,0.4717,0.4699,0.4701,84784.66
1769288400,0.4694,0.4696,0.4682,0.4692,16489.85
1769292000,0.4685,0.4704,0.4685,0.4696,13055.64
1769295600,0.47,0.471,0.469,0.4698,82128.56
1769299200,0.4707,0.4715,0.4689,0.4704,105418.82
1769302800,0.47,0.47,0.4657,0.4668,87268.89
1769306400,0.4683,0.4695,0.4679,0.4686,9481.08
1769310000,0.4685,0.4685,0.4629,0.4652,18453.96
1769313600,0.466,0.4677,0.4649,0.4665,20786.08
1769317200,0.467,0.4684,0.4668,0.4684,5482.13
1769320800,0.4684,0.4692,0.4657,0.4657,1105.9
1769324400,0.4662,0.4675,0.4655,0.4673,18017.99
1769328000,0.4677,0.4681,0.464,0.4652,7617.4
1769331600,0.465,0.4706,0.4648,0.4693,18248.34
1769335200,0.469,0.4725,0.4688,0.4714,4645.83
1769338800,0.4714,0.473,0.4691,0.4691,16880.66
1769342400,0.4685,0.4685,0.4653,0.4685,11339
1769346000,0.4684,0.4688,0.4671,0.4681,46238.19
1769349600,0.4678,0.4678,0.4617,0.4644,38601.07
1769353200,0.4645,0.4666,0.4628,0.4628,17505.97
1769356800,0.4615,0.4615,0.4478,0.4528,146826.24
1769360400,0.4529,0.4529,0.4497,0.4504,15595.85
1769364000,0.4504,0.4519,0.4408,0.4452,92473.36
1769367600,0.4452,0.4453,0.4323,0.4373,83551.33
1769371200,0.4373,0.4393,0.4328,0.4393,120037.79
1769374800,0.4398,0.4419,0.4388,0.4406,48901.89
1769378400,0.4404,0.4406,0.4362,0.4381,35909.54
1769382000,0.4381,0.4435,0.436,0.4423,15316.48
1769385600,0.4423,0.4469,0.4418,0.4469,16438.84
1769389200,0.4471,0.4551,0.4467,0.4539,50911.59
1769392800,0.4539,0.4539,0.4509,0.4531,10894.37
1769396400,0.4532,0.4532,0.4492,0.4509,9311.54
1769400000,0.4511,0.4558,0.4507,0.4531,9432.24
1769403600,0.4528,0.4547,0.4518,0.4537,11621.25
1769407200,0.4529,0.456,0.4518,0.456,39840.91
1769410800,0.4555,0.4574,0.4542,0.457,17154
1769414400,0.4568,0.4611,0.4556,0.4557,46491.15
1769418000,0.4553,0.4553,0.4521,0.4526,11688.24
1769421600,0.4535,0.4566,0.4535,0.4566,25814.8
1769425200,0.4563,0.4563,0.4534,0.4546,231121.87
1769428800,0.4557,0.4569,0.4544,0.4568,60714.58
1769432400,0.4566,0.4601,0.4564,0.4593,61946.8
1769436000,0.4585,0.4645,0.4559,0.4616,104715.33
1769439600,0.4622,0.4697,0.4597,0.4628,52285.19
1769443200,0.463,0.4651,0.4607,0.4619,15968.79
1769446800,0.4627,0.4628,0.4573,0.4615,60508.69
1769450400,0.461,0.4656,0.46,0.4647,34889.99
1769454000,0.465,0.465,0.4585,0.4595,101594.75
1769457600,0.4596,0.4597,0.4551,0.4556,14941.83
1769461200,0.4555,0.4628,0.4549,0.4611,37794.71
1769464800,0.4607,0.4625,0.4595,0.4595,44965.53
1769468400,0.4595,0.4613,0.4585,0.4589,16836.46
1769472000,0.4588,0.459,0.4563,0.4563,79035.51
1769475600,0.4562,0.4608,0.4562,0.4607,17587.93
1769479200,0.4599,0.46,0.4578,0.4583,8369.37
1769482800,0.4588,0.4593,0.4551,0.4566,15034.67
1769486400,0.4562,0.4576,0.4555,0.4564,112908.95
1769490000,0.4564,0.4566,0.4537,0.4548,11019.46
1769493600,0.4549,0.455,0.453,0.4533,21564.9
1769497200,0.454,0.4575,0.4533,0.4561,412888.12
1769500800,0.4559,0.4566,0.4541,0.4548,124681.53
1769504400,0.4537,0.4544,0.4523,0.4524,85924.54
1769508000,0.4531,0.4553,0.4531,0.4549,7229.17
1769511600,0.4553,0.4568,0.4548,0.4558,7189.4
1769515200,0.4555,0.4558,0.4535,0.4558,6626.14
1769518800,0.4562,0.4564,0.454,0.4543,8100.3
1769522400,0.4543,0.459,0.4539,0.4542,27451.07
1769526000,0.4538,0.459,0.4531,0.459,59454.52
1769529600,0.4596,0.4671,0.459,0.4645,17487.48
1769533200,0.4634,0.4634,0.4483,0.4492,52361.78
1769536800,0.4505,0.4602,0.4505,0.4584,60529.9
1769540400,0.4577,0.4613,0.457,0.46,29860.77
1769544000,0.46,0.468,0.46,0.467,62099.22
1769547600,0.4664,0.4667,0.4618,0.4634,40905.73
1769551200,0.4632,0.4653,0.4621,0.4643,74532.33
1769554800,0.4642,0.4656,0.4632,0.4646,18628.97
1769558400,0.4644,0.4648,0.4611,0.4646,8581.77
1769562000,0.4638,0.4652,0.4616,0.4636,14774.44
1769565600,0.464,0.4642,0.462,0.4632,23443.63
1769569200,0.4628,0.4629,0.4613,0.4619,20539.19
1769572800,0.4611,0.4618,0.4582,0.4601,13065.31
1769576400,0.461,0.4621,0.4587,0.4621,12501.05
1769580000,0.4626,0.4633,0.4607,0.4607,1393.35
1769583600,0.4621,0.4626,0.4607,0.4607,1943.73
1769587200,0.4605,0.4617,0.4605,0.461,557.1
1769590800,0.461,0.4656,0.4596,0.4652,2329.89
1769594400,0.4652,0.4653,0.4622,0.4622,2692.41
1769598000,0.4622,0.4672,0.4622,0.4661,61715.98
1769601600,0.4672,0.4677,0.4615,0.4628,37375.12
1769605200,0.463,0.4649,0.4622,0.4629,11093.99
1769608800,0.463,0.463,0.4581,0.4601,21772
1769612400,0.4587,0.4594,0.4538,0.4576,15625.39
1769616000,0.4562,0.4581,0.4542,0.4565,21929.44
1769619600,0.457,0.4622,0.4549,0.4603,21247.29
1769623200,0.4596,0.4596,0.4553,0.4574,15024.42
1769626800,0.4571,0.4586,0.4542,0.4582,72042.34
1769630400,0.4578,0.4633,0.4576,0.4581,29310.83
1769634000,0.458,0.5662,0.4554,0.5469,7408794.76
1769637600,0.5477,0.6581,0.5311,0.633,5798311.47
1769641200,0.6339,0.6553,0.5824,0.5843,3574475.1
1769644800,0.5846,0.594,0.5457,0.5604,1847373.4
1769648400,0.5605,0.5652,0.5457,0.5499,640421.07
1769652000,0.55,0.5546,0.529,0.5342,921989.35
1769655600,0.534,0.5386,0.5236,0.5296,873723.07
1769659200,0.5289,0.529,0.5177,0.5245,291117.94
1769662800,0.5245,0.5324,0.5109,0.5157,461038.02
1769666400,0.5156,0.5187,0.5051,0.5082,659440.13
1769670000,0.508,0.5149,0.5058,0.5068,361791.51
1769673600,0.5068,0.5154,0.4977,0.5046,412424.26
1769677200,0.5044,0.5056,0.4698,0.4837,824476.33
1769680800,0.4838,0.4919,0.4834,0.4886,170470.18
1769684400,0.4884,0.4899,0.4846,0.4856,154468.7
1769688000,0.4856,0.4874,0.4775,0.4817,106759.34
1769691600,0.4816,0.4855,0.4787,0.4834,350182.74
1769695200,0.4834,0.4866,0.4764,0.4782,223009.75
1769698800,0.4781,0.4903,0.4714,0.4856,825414.72
1769702400,0.4861,0.4966,0.4761,0.4808,552581.39
1769706000,0.4808,0.4854,0.4775,0.4825,221259.48
1769709600,0.4828,0.4875,0.4755,0.477,269128.99
1769713200,0.477,0.4796,0.4729,0.4748,225034.31
1769716800,0.4742,0.4749,0.4665,0.4743,808804.98
1769720400,0.4742,0.4988,0.4733,0.4773,2252196.2
1769724000,0.4777,0.4838,0.4763,0.4802,612041.86
1769727600,0.4808,0.4884,0.4772,0.4788,405252.03
1769731200,0.4781,0.4804,0.468,0.4706,126338.21
1769734800,0.4707,0.4751,0.4432,0.4605,585953.59
1769738400,0.4605,0.4609,0.4502,0.4515,146456.3
1769742000,0.4517,0.4554,0.4516,0.4525,85977.84
1769745600,0.4528,0.4735,0.4524,0.4664,172900.18
1769749200,0.4663,0.4694,0.4638,0.4675,55260.25
1769752800,0.4675,0.4695,0.4568,0.4605,267770.33
1769756400,0.4603,0.4639,0.4579,0.4611,46026.24
1769760000,0.4609,0.4618,0.4553,0.4576,123577.66
1769763600,0.4577,0.4591,0.4534,0.4591,28005.08
1769767200,0.4589,0.462,0.4583,0.4608,62635.79
1769770800,0.4607,0.4695,0.4606,0.4662,91306.74
1769774400,0.4663,0.4678,0.4622,0.4653,29535.19
1769778000,0.4655,0.4687,0.462,0.4638,68074.67
1769781600,0.4639,0.4688,0.4634,0.4644,110993.28
1769785200,0.4645,0.469,0.4579,0.4652,69363.85
1769788800,0.4653,0.4733,0.4633,0.469,128906.8
1769792400,0.4691,0.4737,0.4668,0.4695,111618.99
1769796000,0.4694,0.4767,0.4566,0.4745,259654.96
1769799600,0.4748,0.4814,0.4744,0.4779,158540.15
1769803200,0.4778,0.4786,0.4708,0.4729,141006.29
1769806800,0.4731,0.4808,0.4725,0.4779,174051.88
1769810400,0.4779,0.4779,0.4715,0.4731,279252.7
1769814000,0.4732,0.4736,0.4659,0.4689,135630.17
1769817600,0.469,0.4697,0.4623,0.4625,71878.11
1769821200,0.4624,0.4645,0.4599,0.4631,64795.88
1769824800,0.4629,0.4647,0.46,0.4605,44044.77
1769828400,0.4606,0.4609,0.4554,0.4556,44673.02
1769832000,0.4554,0.4563,0.4531,0.4548,44882.75
1769835600,0.4546,0.4574,0.4515,0.4563,36278.14
1769839200,0.4562,0.457,0.4504,0.4514,35051.3
1769842800,0.4516,0.4526,0.4463,0.4493,92139.03
1769846400,0.4494,0.4506,0.4398,0.4447,976693.27
1769850000,0.4442,0.4473,0.4423,0.444,83512.13
1769853600,0.4437,0.4455,0.4421,0.4421,34512.52
1769857200,0.442,0.442,0.4382,0.4395,46327.1
1769860800,0.4398,0.4425,0.4388,0.4408,35955.47
1769864400,0.4409,0.4422,0.4378,0.4392,85657.45
1769868000,0.4394,0.4402,0.405,0.4185,1923950.97
1769871600,0.4186,0.4247,0.4156,0.4175,662496.9
1769875200,0.4176,0.4196,0.4106,0.4138,417380.6
1769878800,0.4138,0.4142,0.3842,0.3944,1058575.82
1769882400,0.3945,0.3962,0.3644,0.3862,1167085.35
1769886000,0.3862,0.3954,0.3862,0.3923,570060.49
1769889600,0.3923,0.4068,0.391,0.4046,1483433.65
1769893200,0.4045,0.4172,0.4032,0.4145,326672.75
1769896800,0.4146,0.4153,0.4077,0.4113,151299.45
1769900400,0.4113,0.4192,0.4095,0.4137,147800.68
1769904000,0.4137,0.4183,0.4136,0.4172,111803.39
1769907600,0.4172,0.4172,0.408,0.4131,253069.96
1769911200,0.4131,0.4151,0.4113,0.4125,133637.65
1769914800,0.4127,0.4148,0.4096,0.4111,101503.36
1769918400,0.411,0.4135,0.4109,0.4115,95145.51
1769922000,0.4117,0.4138,0.4089,0.4114,100434.08
1769925600,0.4115,0.4131,0.41,0.4109,85958.24
1769929200,0.4109,0.4147,0.4085,0.4118,85489.41
1769932800,0.4119,0.4135,0.4095,0.4095,56431.89
1769936400,0.4095,0.4119,0.405,0.4109,114607.39
1769940000,0.4108,0.4125,0.4034,0.4039,63563.6
1769943600,0.404,0.4098,0.4029,0.4077,72907.02
1769947200,0.4073,0.4073,0.4021,0.4042,94304.71
1769950800,0.4042,0.4079,0.3998,0.4013,69363.79
1769954400,0.4012,0.4065,0.3981,0.4024,93428.43
1769958000,0.4024,0.4025,0.3889,0.3951,125420.26
1769961600,0.395,0.3986,0.3911,0.3934,63106.8
1769965200,0.3936,0.3959,0.3901,0.3945,189785.87
1769968800,0.3944,0.4034,0.3944,0.3967,117434.63
1769972400,0.3967,0.3975,0.3912,0.3932,116661.09
1769976000,0.393,0.3984,0.3894,0.3936,56367.3
1769979600,0.3935,0.3939,0.3896,0.3916,152630.08
1769983200,0.3916,0.3977,0.391,0.3947,51327.1
1769986800,0.3946,0.3984,0.3829,0.3918,350512.38
1769990400,0.3919,0.402,0.3899,0.3998,100975
1769994000,0.3997,0.4052,0.3939,0.4015,153958.31
1769997600,0.4014,0.4028,0.3981,0.3991,22385.94
1770001200,0.3988,0.401,0.3855,0.3999,189812.94
1770004800,0.4,0.403,0.3921,0.3952,161170.72
1770008400,0.395,0.3954,0.3858,0.3906,86358.58
1770012000,0.3905,0.4009,0.3848,0.3946,108403.34
1770015600,0.395,0.3982,0.3936,0.3956,245590.55
1770019200,0.3957,0.3982,0.3947,0.396,148844.48
1770022800,0.3968,0.4023,0.3939,0.4,41630.45
1770026400,0.4001,0.4014,0.3983,0.3989,79131.35
1770030000,0.3988,0.3994,0.3972,0.3979,31424.71
1770033600,0.398,0.4035,0.3977,0.4022,143210.7
1770037200,0.4021,0.4045,0.4008,0.4032,131750.02
1770040800,0.4031,0.4067,0.3996,0.4028,245957.91
1770044400,0.4025,0.4103,0.4017,0.409,86346.65
1770048000,0.409,0.41,0.4033,0.4035,157679.64
1770051600,0.4038,0.4064,0.4011,0.4028,130848.68
1770055200,0.4028,0.4042,0.3998,0.4025,123451.47
1770058800,0.4025,0.4029,0.399,0.3993,71732.78
1770062400,0.3993,0.4008,0.3972,0.3985,67200.91
1770066000,0.3987,0.4009,0.3983,0.4008,38944.75
1770069600,0.401,0.4025,0.4004,0.4014,99443.86
1770073200,0.4018,0.413,0.4018,0.4106,165351.2
1770076800,0.4106,0.4123,0.4039,0.4073,105341.1
1770080400,0.407,0.4071,0.4041,0.4062,23905.72
1770084000,0.4058,0.4058,0.3992,0.3996,123305.21
1770087600,0.3997,0.4072,0.3985,0.4064,73497.41
1770091200,0.4063,0.4086,0.4044,0.4084,181348.66
1770094800,0.4084,0.4091,0.4062,0.4065,201022.35
1770098400,0.4069,0.4115,0.4044,0.4071,138232.65
1770102000,0.407,0.4091,0.4067,0.4079,118507.41
1770105600,0.4081,0.41,0.4052,0.4054,60872.48
1770109200,0.4054,0.407,0.4002,0.4036,83786.23
1770112800,0.4038,0.4061,0.4018,0.4023,49843.27
1770116400,0.4021,0.4065,0.4021,0.4054,55468.55
1770120000,0.4054,0.4118,0.4051,0.4102,61731.3
1770123600,0.4103,0.413,0.4092,0.4115,138219.19
1770127200,0.4114,0.414,0.404,0.4047,160351.3
1770130800,0.4048,0.4196,0.4034,0.4167,174153.14
1770134400,0.4164,0.4164,0.4092,0.4119,93238.5
1770138000,0.4122,0.4152,0.3999,0.4008,283779.74
1770141600,0.4001,0.4104,0.3953,0.4005,712157.53
1770145200,0.4007,0.426,0.3989,0.4165,313706.21
1770148800,0.4164,0.4278,0.4071,0.4218,256629.88
1770152400,0.4218,0.4264,0.416,0.4174,146686.33
1770156000,0.4172,0.4172,0.4103,0.4111,48427.96
1770159600,0.4109,0.4111,0.406,0.4088,59086.01
1770163200,0.4086,0.4118,0.4051,0.4109,94201.5
1770166800,0.4111,0.4173,0.4111,0.4128,81794.68
1770170400,0.4122,0.414,0.4096,0.4128,38600.87
1770174000,0.4129,0.4172,0.4123,0.4159,71328.99
1770177600,0.4158,0.4173,0.4144,0.4171,17745.47
1770181200,0.4172,0.4184,0.4098,0.4101,57028.94
1770184800,0.4104,0.4158,0.4101,0.4128,43807.58
1770188400,0.4134,0.4155,0.4116,0.4133,27415.27
1770192000,0.4132,0.415,0.4113,0.4131,75545.59
1770195600,0.4133,0.4135,0.4105,0.4113,25958.71
1770199200,0.4116,0.4127,0.411,0.411,14910.69
1770202800,0.4109,0.4122,0.406,0.4102,69347.25
1770206400,0.4103,0.4116,0.4074,0.4082,19468.9
1770210000,0.408,0.4086,0.4022,0.4022,59599.91
1770213600,0.4021,0.4069,0.3974,0.3986,114016.26
1770217200,0.3986,0.4049,0.3964,0.401,167370.24
1770220800,0.4017,0.4034,0.3956,0.4,127900.59
1770224400,0.3999,0.4034,0.3953,0.4013,160016.34
1770228000,0.4013,0.4108,0.397,0.4065,217555.21
1770231600,0.4068,0.4131,0.4068,0.4118,97628.06
1770235200,0.4123,0.4126,0.4085,0.4102,46129.45
1770238800,0.4103,0.4118,0.4041,0.4068,82689.53
1770242400,0.4065,0.4117,0.3994,0.403,75165.49
1770246000,0.4032,0.4109,0.4022,0.4074,381292.07
1770249600,0.4071,0.4096,0.4052,0.4086,122966.9
1770253200,0.4087,0.4127,0.4045,0.4061,100416.61
1770256800,0.4063,0.4106,0.4032,0.4039,64639.26
1770260400,0.404,0.4055,0.4008,0.4019,39548.32
1770264000,0.4017,0.4048,0.399,0.4011,308842.5
1770267600,0.4018,0.4049,0.3963,0.4006,112514.91
1770271200,0.4005,0.4009,0.3967,0.3976,84733.14
1770274800,0.3976,0.4028,0.3974,0.3992,36995.54
1770278400,0.3989,0.4044,0.3987,0.4013,13931.88
1770282000,0.4021,0.406,0.4017,0.4017,55073.06
1770285600,0.4016,0.4016,0.391,0.3925,77178.95
1770289200,0.3927,0.3946,0.3834,0.3898,215236.55
1770292800,0.3899,0.3927,0.3851,0.3909,92685.81
1770296400,0.3908,0.393,0.3872,0.3908,68361.95
1770300000,0.3908,0.3968,0.3868,0.3876,116196.41
1770303600,0.388,0.3889,0.361,0.37,837173.37
1770307200,0.3699,0.379,0.3662,0.3757,379928.11
1770310800,0.3756,0.3757,0.3607,0.3648,200314.04
1770314400,0.3649,0.3673,0.3586,0.3664,239507.21
1770318000,0.3663,0.367,0.3578,0.3587,167860.62
1770321600,0.3593,0.3623,0.3419,0.35,839789.12
1770325200,0.3496,0.3584,0.3449,0.3476,334222.25
1770328800,0.3479,0.3538,0.3414,0.3495,199037.34
1770332400,0.3498,0.357,0.3444,0.3457,142121.23
1770336000,0.3457,0.3527,0.3074,0.3415,706617.37
1770339600,0.3414,0.3515,0.3397,0.3508,170919.28
1770343200,0.3509,0.3534,0.3402,0.3423,111330.18
1770346800,0.3424,0.344,0.3385,0.3423,209145.65
1770350400,0.3424,0.3466,0.3405,0.3451,102744.3
1770354000,0.345,0.3567,0.3446,0.3544,67127.16
1770357600,0.3546,0.3561,0.3449,0.3457,118848.15
1770361200,0.3456,0.3503,0.342,0.348,33243.64
1770364800,0.3483,0.3526,0.347,0.3513,41408.52
1770368400,0.3513,0.3613,0.3504,0.3592,38282.25
1770372000,0.3591,0.3684,0.3591,0.368,33053.66
1770375600,0.3679,0.3742,0.3676,0.3742,32451.71
1770379200,0.3737,0.3799,0.3681,0.3799,67338.78
1770382800,0.38,0.3978,0.3789,0.3861,307658.26
1770386400,0.3863,0.4037,0.3849,0.4001,172742.18
1770390000,0.4005,0.4052,0.3946,0.4002,172377.63
1770393600,0.3998,0.4083,0.397,0.4048,97953.33
1770397200,0.4048,0.4141,0.4036,0.4104,342333.63
1770400800,0.4103,0.4113,0.4017,0.404,174569.04
1770404400,0.4041,0.4083,0.4005,0.4064,110089.85
1770408000,0.4061,0.4086,0.4015,0.4057,68469.85
1770411600,0.4056,0.4079,0.4012,0.4036,75569.04
1770415200,0.4037,0.4083,0.4032,0.407,165762.9
1770418800,0.4071,0.41,0.4043,0.4053,80345.72
1770422400,0.4051,0.4057,0.3977,0.4014,99170.28
1770426000,0.4014,0.4044,0.3962,0.4033,81141.34
1770429600,0.4031,0.4105,0.4026,0.408,63648.27
1770433200,0.4078,0.4172,0.406,0.4119,168835.29
1770436800,0.412,0.4234,0.4036,0.4045,297122.04
1770440400,0.4044,0.407,0.4028,0.4048,118392.56
1770444000,0.4049,0.4084,0.3978,0.3981,99250.81
1770447600,0.3982,0.4014,0.3927,0.3973,177373.52
1770451200,0.3978,0.4015,0.3946,0.3996,67978.37
1770454800,0.3999,0.4013,0.3947,0.3949,34489.03
1770458400,0.3948,0.3962,0.3914,0.3933,21122.54
1770462000,0.3935,0.3939,0.3892,0.3914,30949.37
1770465600,0.3916,0.4044,0.3916,0.3971,99873.38
1770469200,0.3972,0.3978,0.3923,0.3951,36499.73
1770472800,0.3952,0.3956,0.3912,0.3932,32419.68
1770476400,0.3933,0.3994,0.3931,0.3959,92429.88
1770480000,0.3961,0.404,0.3947,0.3967,327535.08
1770483600,0.3968,0.3991,0.394,0.3982,68594.61
1770487200,0.3982,0.404,0.3962,0.4006,107842.35
1770490800,0.4005,0.4005,0.3976,0.3984,19329.53
1770494400,0.3985,0.4013,0.3981,0.401,38848.27
1770498000,0.4008,0.4008,0.3983,0.3986,18352.52
1770501600,0.3987,0.3999,0.3953,0.3961,49016.17
1770505200,0.3961,0.3983,0.3941,0.3969,12377.79
1770508800,0.3972,0.3972,0.3944,0.3948,23642.17
1770512400,0.3949,0.3963,0.394,0.3947,14557.6
1770516000,0.395,0.3971,0.3947,0.3959,44835.63
1770519600,0.396,0.3966,0.394,0.3945,25038.71
1770523200,0.3946,0.3971,0.3932,0.3965,24679.22
1770526800,0.3963,0.3967,0.3935,0.3946,32205.46
1770530400,0.3946,0.3962,0.3941,0.3956,12443.84
1770534000,0.3957,0.3977,0.3942,0.3973,5631.77
1770537600,0.3976,0.4051,0.3963,0.4032,46313.51
1770541200,0.4031,0.4038,0.3979,0.3987,24771.69
1770544800,0.3988,0.3999,0.3946,0.3969,16854.26
1770548400,0.3967,0.4024,0.3967,0.4013,24074.91
1770552000,0.4014,0.4022,0.3999,0.4018,42422.05
1770555600,0.4016,0.4035,0.4003,0.4034,27308.42
1770559200,0.4033,0.4035,0.4005,0.4009,86591.17
1770562800,0.401,0.4012,0.3933,0.3952,34425.83
1770566400,0.3953,0.3958,0.3867,0.3887,24418.49
1770570000,0.3888,0.3927,0.3888,0.3923,30923.31
1770573600,0.3924,0.3961,0.3917,0.3945,33162.7
1770577200,0.395,0.3958,0.3934,0.3945,41767.77
1770580800,0.3944,0.3944,0.3904,0.3908,37272.88
1770584400,0.3911,0.3925,0.388,0.3891,25720.95
1770588000,0.3888,0.3909,0.3885,0.3902,13693.86
1770591600,0.3902,0.3981,0.3851,0.3888,44980.24
1770595200,0.3886,0.39,0.3859,0.3885,30550.07
1770598800,0.3885,0.3905,0.3848,0.3878,32839.79
1770602400,0.3878,0.3926,0.3862,0.3895,22989.31
1770606000,0.3895,0.3943,0.3888,0.3941,23388.55
1770609600,0.3939,0.3943,0.3915,0.3918,32481.28
1770613200,0.3918,0.3944,0.3905,0.3934,28070.27
1770616800,0.393,0.393,0.3884,0.3892,21691.79
1770620400,0.3892,0.3903,0.3874,0.3878,20014.5
1770624000,0.3878,0.3891,0.3819,0.384,24226.23
1770627600,0.3839,0.3843,0.3799,0.3808,45293.93
1770631200,0.3807,0.3814,0.3738,0.377,19799.17
1770634800,0.3771,0.3806,0.3771,0.3797,20311.97
1770638400,0.3798,0.3814,0.3797,0.3799,21772.75
1770642000,0.3797,0.3809,0.3765,0.3771,56612.1
1770645600,0.3771,0.3842,0.3759,0.3821,52496.81
1770649200,0.3826,0.3855,0.3793,0.3849,34032.53
1770652800,0.3846,0.3904,0.3816,0.3867,26259.5
1770656400,0.3871,0.3919,0.3832,0.3905,123062.12
1770660000,0.3902,0.3918,0.3861,0.39,23668.73
1770663600,0.3896,0.3924,0.3893,0.3908,65241.25
1770667200,0.3905,0.3919,0.3884,0.3899,31248.83
1770670800,0.3901,0.3916,0.3859,0.3909,28443.81
1770674400,0.3909,0.3933,0.3899,0.3909,27388.07
1770678000,0.3904,0.3911,0.387,0.3883,20805.94
1770681600,0.3884,0.3895,0.3875,0.3879,35905.52
1770685200,0.3882,0.3933,0.3882,0.3914,28764.53
1770688800,0.3914,0.3914,0.3892,0.3895,10161.42
1770692400,0.3895,0.3895,0.3816,0.385,48011.19
1770696000,0.3853,0.3882,0.3853,0.3878,31474.19
1770699600,0.3878,0.3881,0.3822,0.383,41432.73
1770703200,0.3832,0.3843,0.3771,0.3798,101801.19
1770706800,0.3799,0.382,0.3799,0.3817,4824.41
1770710400,0.3819,0.3852,0.3817,0.3831,20329.37
1770714000,0.3835,0.3849,0.3814,0.3838,14543.34
1770717600,0.3839,0.3944,0.3812,0.384,180937.26
1770721200,0.384,0.3937,0.384,0.3858,250245.53
1770724800,0.3859,0.3889,0.3799,0.3817,123748.48
1770728400,0.3819,0.3835,0.3812,0.3816,67374.07
1770732000,0.3814,0.3836,0.3765,0.3795,100738.15
1770735600,0.3794,0.3829,0.378,0.3811,136560.11
1770739200,0.3808,0.3832,0.3785,0.3807,48606.25
1770742800,0.3806,0.3823,0.3794,0.3803,21875.37
1770746400,0.3804,0.3809,0.3737,0.3758,102441.84
1770750000,0.3755,0.3804,0.3752,0.3796,95749.55
1770753600,0.3797,0.38,0.3773,0.379,51919.84
1770757200,0.3794,0.3797,0.3765,0.3783,35376.86
1770760800,0.3783,0.3795,0.3771,0.3779,30548
1770764400,0.3777,0.379,0.3772,0.3788,13231.81
1770768000,0.3788,0.3802,0.3786,0.3793,28799.33
1770771600,0.3792,0.3815,0.3788,0.3808,28698.94
1770775200,0.3809,0.3824,0.3783,0.3783,29130.11
1770778800,0.3783,0.3791,0.3749,0.3768,25265.85
1770782400,0.3769,0.3773,0.3718,0.3726,57513.86
1770786000,0.3726,0.3737,0.3689,0.37,34886.58
1770789600,0.37,0.371,0.3671,0.3684,35623.63
1770793200,0.3685,0.3695,0.367,0.3678,73066.97
1770796800,0.3682,0.3683,0.3657,0.3664,63028.3
1770800400,0.3664,0.3668,0.3637,0.364,16296.01
1770804000,0.3639,0.364,0.3625,0.3629,8975.54
1770807600,0.3632,0.3666,0.3632,0.3657,22766.78
1770811200,0.3656,0.3692,0.3652,0.3674,43529.76
1770814800,0.3673,0.3724,0.3664,0.371,103798.15
1770818400,0.3711,0.3797,0.363,0.3646,54798.86
1770822000,0.3647,0.371,0.3603,0.3679,159223.88
1770825600,0.3678,0.3708,0.3645,0.3649,41846.37
1770829200,0.3648,0.3718,0.3634,0.369,53423.05
1770832800,0.3689,0.3723,0.3666,0.3712,14719.34
1770836400,0.3706,0.3715,0.3672,0.3674,18857.22
1770840000,0.3671,0.3694,0.3646,0.3684,31389.79
1770843600,0.3685,0.3735,0.3672,0.373,25111.32
1770847200,0.3728,0.3752,0.37,0.3711,42477.26
1770850800,0.3704,0.371,0.3655,0.3677,30928.75
1770854400,0.3677,0.3724,0.3677,0.3715,102680.71
1770858000,0.3718,0.375,0.3718,0.372,67403.57
1770861600,0.3719,0.3745,0.3705,0.3743,39683.51
1770865200,0.3744,0.3773,0.3741,0.3764,19452.49
1770868800,0.3766,0.3777,0.375,0.3765,7262.06
1770872400,0.3763,0.3785,0.3739,0.3783,8599.19
1770876000,0.3784,0.3829,0.3784,0.3812,119240.88
1770879600,0.3812,0.3847,0.3795,0.3836,53015.02
1770883200,0.3834,0.3851,0.3816,0.3839,10204.15
1770886800,0.3842,0.3904,0.384,0.39,48067.93
1770890400,0.39,0.3944,0.3891,0.3937,14086.06
1770894000,0.3934,0.3955,0.3907,0.3923,60556.27
1770897600,0.3924,0.3925,0.3855,0.3868,26664.22
1770901200,0.3868,0.3913,0.3859,0.391,30614.14
1770904800,0.3906,0.3906,0.3851,0.3864,34343.67
1770908400,0.3869,0.3895,0.3812,0.3815,92695.99
1770912000,0.382,0.3829,0.3735,0.3761,139380.08
1770915600,0.3759,0.3786,0.3741,0.3748,62558.56
1770919200,0.3749,0.378,0.3737,0.3767,59970.72
1770922800,0.3768,0.3844,0.375,0.3786,42656.65
1770926400,0.3787,0.3793,0.3718,0.3725,97155.13
1770930000,0.3728,0.3767,0.3723,0.3759,112288.55
1770933600,0.3758,0.381,0.3755,0.381,13537.06
1770937200,0.3812,0.3829,0.3809,0.3809,16274.53
1770940800,0.3811,0.383,0.3766,0.3789,18037.61
1770944400,0.3788,0.3818,0.3782,0.38,49283.7
1770948000,0.3798,0.3816,0.3794,0.3802,11315.69
1770951600,0.3804,0.382,0.3777,0.3783,13620.77
1770955200,0.3781,0.3794,0.3771,0.3787,12774.85
1770958800,0.3787,0.3806,0.3773,0.379,12390.69
1770962400,0.3791,0.3816,0.3768,0.3816,9176.39
1770966000,0.3813,0.3828,0.3799,0.3814,7043.82
1770969600,0.3815,0.3886,0.3815,0.3862,13744.4
1770973200,0.3862,0.3862,0.3839,0.3842,3427.02
1770976800,0.3843,0.3871,0.3836,0.3858,6072.08
1770980400,0.3857,0.3863,0.3834,0.3844,5687.94
1770984000,0.3845,0.3849,0.3831,0.3842,8672.67
1770987600,0.3839,0.3876,0.3829,0.3854,25913.72
1770991200,0.3856,0.3915,0.3836,0.3899,37631.6
1770994800,0.3899,0.3988,0.3882,0.3931,54558.77
1770998400,0.3934,0.3983,0.3934,0.394,104683.85
1771002000,0.3939,0.3969,0.3926,0.3949,19924.04
1771005600,0.3948,0.396,0.3931,0.3949,40322.5
1771009200,0.3951,0.3969,0.3946,0.3955,8775.8
1771012800,0.3957,0.3965,0.3946,0.3963,39987.89
1771016400,0.3964,0.3984,0.3964,0.3972,57846.61
1771020000,0.3973,0.3984,0.3958,0.3964,17180.03
1771023600,0.3965,0.397,0.3945,0.3954,40663.76
1771027200,0.3953,0.4,0.3953,0.3983,20748.03
1771030800,0.3982,0.4007,0.397,0.4007,26296.07
1771034400,0.4005,0.4031,0.4001,0.4011,22245.42
1771038000,0.4009,0.4043,0.4009,0.4029,8091.2
1771041600,0.4028,0.4028,0.3998,0.4003,5436.62
1771045200,0.4005,0.4019,0.3976,0.3986,9072.64
1771048800,0.3987,0.3991,0.3973,0.3985,25682.84
1771052400,0.3985,0.4028,0.3983,0.4025,7400.53
1771056000,0.4022,0.4079,0.402,0.4065,33114.1
1771059600,0.4063,0.4117,0.4063,0.4098,12448.07
1771063200,0.4097,0.4097,0.4063,0.4074,13600.2
1771066800,0.4075,0.413,0.407,0.41,40865.22
1771070400,0.4099,0.4119,0.4073,0.4073,31997.08
1771074000,0.4076,0.4122,0.4063,0.4107,54046.11
1771077600,0.4108,0.4184,0.4102,0.4165,82305.21
1771081200,0.4165,0.4245,0.4148,0.4245,134645.79
1771084800,0.424,0.4309,0.4201,0.4282,150089.09
1771088400,0.4283,0.4337,0.4254,0.4287,145358.38
1771092000,0.4277,0.4329,0.4268,0.43,51337.33
1771095600,0.4301,0.4379,0.4284,0.4348,35484.36
1771099200,0.4349,0.4371,0.4304,0.434,50473.38
1771102800,0.4342,0.4369,0.4282,0.4301,297513.82
1771106400,0.43,0.4347,0.4291,0.4319,42297.2
1771110000,0.4318,0.4318,0.426,0.4275,115061.19
1771113600,0.4273,0.4286,0.4224,0.4251,17177.08
1771117200,0.4249,0.428,0.4223,0.4263,207088.01
1771120800,0.4264,0.4297,0.4203,0.424,62351.57
1771124400,0.4242,0.4262,0.4181,0.4258,45067.01
1771128000,0.4258,0.4281,0.4233,0.4244,93974.64
1771131600,0.4243,0.4279,0.4243,0.4266,29920.67
1771135200,0.4266,0.4302,0.4254,0.4267,44735.45
1771138800,0.4268,0.4319,0.4268,0.4286,34470.67
1771142400,0.4284,0.4298,0.4194,0.423,35382.72
1771146000,0.4229,0.4257,0.4225,0.4239,8155.85
1771149600,0.4238,0.4239,0.4198,0.4229,5547.36
1771153200,0.4228,0.4228,0.4205,0.4209,11541.44
1771156800,0.4212,0.4212,0.4063,0.4063,112847.69
1771160400,0.4065,0.4115,0.4036,0.4053,259586.18
1771164000,0.4053,0.4111,0.4051,0.4098,13990.34
1771167600,0.4099,0.4108,0.4079,0.4095,40991.1
1771171200,0.4098,0.4123,0.4072,0.409,24459.39
1771174800,0.4092,0.4098,0.3984,0.4038,226694.13
1771178400,0.4031,0.405,0.4,0.4019,69920.16
1771182000,0.4019,0.4036,0.3989,0.4014,35434.5
1771185600,0.4013,0.4039,0.3996,0.4028,15196.68
1771189200,0.4028,0.4049,0.4023,0.4026,81671.08
1771192800,0.4025,0.4048,0.4024,0.4041,66486.41
1771196400,0.4041,0.4048,0.4001,0.4043,12675.53
1771200000,0.4043,0.408,0.4037,0.4047,28797.43
1771203600,0.405,0.4063,0.4022,0.4033,30573.17
1771207200,0.4032,0.4046,0.4015,0.4019,29537.89
1771210800,0.402,0.4034,0.4013,0.4034,2858.12
1771214400,0.4034,0.4061,0.4033,0.4061,109442.54
1771218000,0.4062,0.4069,0.4006,0.4031,25853.36
1771221600,0.4031,0.4061,0.4031,0.4051,132615.77
1771225200,0.405,0.4052,0.4018,0.4032,13515.55
1771228800,0.4033,0.4038,0.4017,0.4033,27370.45
1771232400,0.4034,0.4061,0.4031,0.4057,6821.87
1771236000,0.4056,0.4062,0.3997,0.4007,21848.9
1771239600,0.4008,0.4011,0.3941,0.3997,16103.8
1771243200,0.3996,0.4079,0.3992,0.4074,277235.68
1771246800,0.4071,0.4095,0.3986,0.3997,61493.61
1771250400,0.3997,0.4048,0.3986,0.4036,10350.52
1771254000,0.4037,0.4052,0.3954,0.3975,72576.33
1771257600,0.3977,0.4026,0.3975,0.4015,12505.07
1771261200,0.4012,0.4018,0.3983,0.4012,97260.18
1771264800,0.401,0.4034,0.4007,0.4016,52279.19
1771268400,0.4014,0.4019,0.3987,0.4008,52590.85
1771272000,0.4007,0.405,0.4003,0.404,9806.25
1771275600,0.4039,0.4077,0.4031,0.4072,14138.05
1771279200,0.4071,0.4085,0.4039,0.4053,70258.31
1771282800,0.4048,0.4052,0.4028,0.4041,36000.32
1771286400,0.4039,0.4039,0.4019,0.4024,8501.09
1771290000,0.4023,0.4031,0.4005,0.4008,4964.99
1771293600,0.4007,0.4045,0.3984,0.4025,79273.71
1771297200,0.4026,0.4026,0.3998,0.3998,13942
1771300800,0.3997,0.4015,0.3973,0.4002,7661.2
1771304400,0.4001,0.4003,0.3964,0.3992,61487.98
1771308000,0.3993,0.4009,0.3985,0.3995,253409.46
1771311600,0.3995,0.3995,0.397,0.3983,4038.04
1771315200,0.3984,0.399,0.3958,0.396,37021.05
1771318800,0.3959,0.3965,0.3943,0.3956,11611.48
1771322400,0.3958,0.3967,0.3931,0.3949,71819.85
1771326000,0.395,0.3968,0.3944,0.3954,18761.39
1771329600,0.3953,0.3967,0.3939,0.3948,13866.57
1771333200,0.3949,0.3984,0.3934,0.397,9807.91
1771336800,0.3969,0.398,0.3856,0.3879,185342.41
1771340400,0.3882,0.3925,0.3882,0.3912,28494.97
1771344000,0.391,0.3992,0.3908,0.394,69809.63
1771347600,0.3941,0.3949,0.3889,0.3908,52403.2
1771351200,0.3907,0.4068,0.39,0.4011,670370.7
1771354800,0.4015,0.4028,0.3961,0.3973,53789.51
1771358400,0.3972,0.3992,0.396,0.3983,57931.69
1771362000,0.3984,0.4012,0.3977,0.3991,82966.25
1771365600,0.399,0.3994,0.397,0.3979,20882.43
1771369200,0.3975,0.399,0.3965,0.397,123888.23
1771372800,0.397,0.3988,0.3944,0.3947,248324.06
1771376400,0.3946,0.395,0.3915,0.3932,242493.69
1771380000,0.3931,0.3956,0.3927,0.3939,265386.58
1771383600,0.3939,0.3952,0.3933,0.3938,253214.78
1771387200,0.3938,0.3939,0.3913,0.3916,245254.32
1771390800,0.3918,0.3931,0.39,0.3902,270918
1771394400,0.3903,0.3918,0.3892,0.3894,237057.56
1771398000,0.3896,0.3932,0.3892,0.392,255434.01
1771401600,0.392,0.3952,0.3909,0.3923,276421.63
1771405200,0.3923,0.3928,0.3907,0.3918,253452.38
1771408800,0.3915,0.3931,0.3875,0.3886,247290.36
1771412400,0.3888,0.3898,0.3857,0.3876,178599.16
1771416000,0.3875,0.3899,0.3868,0.3886,104260.02
1771419600,0.3884,0.3889,0.3834,0.3849,86456.31
1771423200,0.385,0.3872,0.3826,0.3863,52345.45
1771426800,0.3864,0.3926,0.3857,0.389,86624.82
1771430400,0.3888,0.3892,0.3833,0.3835,319867.3
1771434000,0.3836,0.3866,0.382,0.3839,368276.57
1771437600,0.3847,0.3847,0.3785,0.3808,191785.26
1771441200,0.381,0.3828,0.3773,0.3802,103912.18
1771444800,0.3802,0.3813,0.378,0.3787,43401.04
1771448400,0.3788,0.3798,0.3753,0.3757,81855.21
1771452000,0.376,0.377,0.3724,0.3753,32938.54
1771455600,0.3755,0.3803,0.3751,0.379,144547.54
1771459200,0.379,0.3795,0.3765,0.377,19129.01
1771462800,0.3771,0.3812,0.3771,0.3806,13666.83
1771466400,0.3808,0.3822,0.3797,0.3804,6541.04
1771470000,0.3803,0.383,0.38,0.3823,16176.29
1771473600,0.3824,0.3833,0.3808,0.3814,11897.25
1771477200,0.3813,0.3819,0.3791,0.3806,21418.5
1771480800,0.3807,0.383,0.3806,0.3809,4744.89
1771484400,0.3808,0.3817,0.3796,0.3811,7687.21
1771488000,0.3809,0.3809,0.3749,0.3764,15403.75
1771491600,0.3766,0.3782,0.3759,0.3765,38519.69
1771495200,0.3762,0.3762,0.3729,0.3737,43394.19
1771498800,0.3739,0.3759,0.3738,0.3744,9288.5
1771502400,0.3743,0.3757,0.3727,0.3727,37659.63
1771506000,0.3731,0.3731,0.3674,0.37,311217.41
1771509600,0.3701,0.3757,0.3683,0.3748,30531.4
1771513200,0.3749,0.3763,0.3704,0.3711,34130.79
1771516800,0.371,0.3725,0.3676,0.3699,55255.78
1771520400,0.3696,0.3749,0.3682,0.3702,20920.69
1771524000,0.3702,0.3741,0.3697,0.3733,24812.3
1771527600,0.3732,0.3739,0.37,0.372,37595.51
1771531200,0.372,0.3724,0.3699,0.3714,56692.1
1771534800,0.3713,0.372,0.3705,0.3706,20200.24
1771538400,0.3709,0.3722,0.3694,0.3716,20785.24
1771542000,0.3717,0.3744,0.3717,0.3742,22461.09
1771545600,0.3741,0.3779,0.3738,0.3759,15668.65
1771549200,0.3758,0.379,0.3758,0.3788,10661.89
1771552800,0.3789,0.3807,0.3784,0.3787,9194.3
1771556400,0.3788,0.3805,0.3781,0.3785,68165.45
1771560000,0.3787,0.3787,0.3744,0.3753,20207.78
1771563600,0.3754,0.3818,0.3734,0.3787,109632.54
1771567200,0.3789,0.3794,0.3772,0.3791,5902.77
1771570800,0.3792,0.3804,0.3785,0.3793,4444.17
1771574400,0.3794,0.3844,0.3794,0.3818,19550.26
1771578000,0.382,0.3859,0.382,0.3845,10850.18
1771581600,0.3846,0.3885,0.3835,0.3844,18496.55
1771585200,0.3844,0.3844,0.3801,0.3824,45396.98
1771588800,0.3825,0.3835,0.3801,0.3808,18952.38
1771592400,0.3807,0.3807,0.3719,0.3748,50856.64
1771596000,0.375,0.3807,0.3743,0.3791,47265.52
1771599600,0.3794,0.3908,0.3794,0.3906,199677.61
1771603200,0.3904,0.3962,0.39,0.3941,76128.48
1771606800,0.394,0.3941,0.3841,0.394,75456.38
1771610400,0.3938,0.3962,0.3901,0.3939,165255.71
1771614000,0.3939,0.3939,0.388,0.3882,269244.09
1771617600,0.3884,0.3896,0.3858,0.3879,23670.38
1771621200,0.388,0.3893,0.3875,0.3887,9706.17
1771624800,0.3886,0.3899,0.387,0.3899,80478.5
1771628400,0.3901,0.3915,0.3895,0.3908,10452.74
1771632000,0.391,0.3916,0.3891,0.3896,7892.12
1771635600,0.3895,0.3919,0.3887,0.3912,24035.01
1771639200,0.3911,0.3942,0.3906,0.3934,38213.93
1771642800,0.3933,0.3933,0.3899,0.3907,22233.98
1771646400,0.3907,0.3932,0.3901,0.3932,40402.87
1771650000,0.3933,0.3957,0.3926,0.3957,16173.14
1771653600,0.3955,0.3971,0.3911,0.3921,57576.5
1771657200,0.392,0.3938,0.3918,0.393,7047.9
1771660800,0.3931,0.3967,0.3926,0.3963,14313.01
1771664400,0.3962,0.3985,0.3943,0.3959,8205.79
1771668000,0.396,0.3971,0.3945,0.3951,10331.17
1771671600,0.3952,0.3974,0.3944,0.3955,9143.76
1771675200,0.3956,0.3961,0.3922,0.394,6762.88
1771678800,0.3938,0.3952,0.3917,0.3944,91901.59
1771682400,0.3943,0.3967,0.3929,0.3931,47234
1771686000,0.3932,0.3935,0.3907,0.3914,12737.36
1771689600,0.3915,0.3915,0.3879,0.3888,35020.72
1771693200,0.3892,0.3904,0.3882,0.3901,21882.57
1771696800,0.3899,0.391,0.3889,0.3907,54591.43
1771700400,0.3905,0.3906,0.3891,0.3894,26235.21
1771704000,0.3893,0.3904,0.3873,0.388,16337.54
1771707600,0.3878,0.3903,0.3868,0.3903,29440.62
1771711200,0.3903,0.3904,0.3884,0.389,29962.89
1771714800,0.3891,0.3892,0.387,0.3873,23679.33
1771718400,0.3872,0.3872,0.3826,0.3845,91467.19
1771722000,0.3846,0.3854,0.384,0.384,19897.88
1771725600,0.384,0.3849,0.3812,0.3818,38259.9
1771729200,0.3819,0.384,0.3799,0.3823,78221.15
1771732800,0.3823,0.3832,0.3816,0.3827,5307.71
1771736400,0.3827,0.3828,0.3816,0.3826,3563.42
1771740000,0.3824,0.3831,0.3817,0.3817,24414.08
1771743600,0.3819,0.3847,0.3819,0.3831,18575.78
1771747200,0.3827,0.3827,0.3807,0.3813,9598.95
1771750800,0.3816,0.3831,0.3813,0.3831,640.22
1771754400,0.3829,0.3829,0.3809,0.3816,23134.07
1771758000,0.3816,0.3819,0.3809,0.381,5890.27
1771761600,0.381,0.381,0.3762,0.3771,15535.09
1771765200,0.3769,0.3776,0.375,0.3769,91157.19
1771768800,0.377,0.3771,0.3756,0.3769,13277.61
1771772400,0.3769,0.381,0.3767,0.3805,46638.52
1771776000,0.3807,0.3824,0.3791,0.3815,18646.49
1771779600,0.3814,0.3834,0.378,0.3799,19852.7
1771783200,0.38,0.3829,0.3799,0.3828,116629.56
1771786800,0.3829,0.3835,0.3806,0.383,17176.03
1771790400,0.383,0.3842,0.3809,0.3822,18127.44
1771794000,0.3823,0.3832,0.3808,0.3818,7311.01
1771797600,0.3817,0.3828,0.3812,0.3827,16729.82
1771801200,0.3828,0.3851,0.3816,0.3841,8162.09
1771804800,0.3842,0.3866,0.3773,0.3773,40768.93
1771808400,0.3776,0.3776,0.3627,0.3632,275281.44
1771812000,0.3633,0.3699,0.3618,0.3693,315185.9
1771815600,0.3692,0.3705,0.3663,0.3688,120090.2
1771819200,0.3687,0.3687,0.3638,0.3653,93202.34
1771822800,0.3653,0.3696,0.3653,0.3693,13595.55
1771826400,0.3695,0.3766,0.3695,0.3744,14465.48
1771830000,0.3743,0.3763,0.3732,0.3745,16305.38
1771833600,0.3743,0.3766,0.3736,0.3746,14198.08
1771837200,0.3748,0.3862,0.3748,0.385,15597.76
1771840800,0.3848,0.386,0.382,0.3846,15485.79
1771844400,0.3844,0.3946,0.3843,0.3878,112110.41
1771848000,0.3881,0.394,0.3869,0.3924,111636.63
1771851600,0.3925,0.3938,0.3888,0.3892,98433.26
1771855200,0.3893,0.391,0.3832,0.3858,121969.33
1771858800,0.3859,0.3872,0.3763,0.3763,114201.53
1771862400,0.3762,0.3776,0.3722,0.3741,55586.14
1771866000,0.3741,0.375,0.3671,0.3716,72828.78
1771869600,0.3716,0.3787,0.371,0.3737,275629.16
1771873200,0.3739,0.374,0.3696,0.3702,87278.14
1771876800,0.3703,0.3712,0.3681,0.3706,22680.27
1771880400,0.3707,0.3734,0.3703,0.3728,44566.98
1771884000,0.3727,0.3753,0.3719,0.3728,13303.65
1771887600,0.3729,0.3742,0.3722,0.3728,37675.49
1771891200,0.3729,0.3757,0.3727,0.3739,12976.99
1771894800,0.374,0.3756,0.3661,0.3713,36877.52
1771898400,0.3711,0.3732,0.3699,0.3699,12471.71
1771902000,0.3699,0.3699,0.3674,0.3692,23408.74
1771905600,0.3693,0.3699,0.3646,0.3674,111029.04
1771909200,0.3673,0.3697,0.364,0.3658,40874.53
1771912800,0.3657,0.3664,0.3644,0.3649,38319.37
1771916400,0.365,0.3683,0.3647,0.3662,21713.25
1771920000,0.366,0.3707,0.364,0.3704,5769.3
1771923600,0.3703,0.3703,0.3648,0.3663,24386.54
1771927200,0.3664,0.3686,0.3658,0.3673,16732.11
1771930800,0.367,0.3698,0.3657,0.3695,27801.27
1771934400,0.3695,0.3723,0.3681,0.371,71728.79
1771938000,0.3715,0.3749,0.3705,0.3734,56752.04
1771941600,0.3733,0.3787,0.3673,0.3759,114893.61
1771945200,0.376,0.3873,0.375,0.3816,198067.37
1771948800,0.3817,0.3862,0.3771,0.3818,90698.05
1771952400,0.3817,0.3829,0.3786,0.3791,20860.65
1771956000,0.3793,0.3811,0.3779,0.3792,12752.96
1771959600,0.3793,0.3811,0.3764,0.3785,24621.93
1771963200,0.3786,0.3792,0.3763,0.3765,11924.03
1771966800,0.3764,0.3765,0.3736,0.3755,25309.25
1771970400,0.3754,0.3783,0.3752,0.3764,8836.49
1771974000,0.3765,0.3786,0.3749,0.3757,20879.94
1771977600,0.3756,0.3784,0.3746,0.378,80802.07
1771981200,0.3781,0.3918,0.3779,0.3897,120019.36
1771984800,0.3898,0.392,0.3887,0.3917,45513.21
1771988400,0.3915,0.3931,0.389,0.3897,46199.52
1771992000,0.3898,0.3902,0.3866,0.3889,78061.41
1771995600,0.389,0.389,0.3829,0.3878,28815.98
1771999200,0.3879,0.3901,0.3861,0.388,14614.13
1772002800,0.3881,0.3949,0.3875,0.3949,20201.99
1772006400,0.3932,0.3965,0.3915,0.3965,27930.18
1772010000,0.3966,0.4058,0.3966,0.4042,50024.67
1772013600,0.4041,0.4089,0.4031,0.4089,80448.01
1772017200,0.4089,0.4091,0.3999,0.4012,51034.03
1772020800,0.4011,0.4034,0.3989,0.4014,57833.08
1772024400,0.4013,0.4023,0.3992,0.4003,34849.33
1772028000,0.4003,0.408,0.4003,0.408,33962.04
1772031600,0.4078,0.4106,0.4039,0.4095,170758.42
1772035200,0.4097,0.4239,0.4097,0.4163,151556.82
1772038800,0.416,0.4201,0.416,0.4199,55045.71
1772042400,0.42,0.4238,0.4183,0.4235,65022.35
1772046000,0.4234,0.4349,0.4218,0.4317,414045.58
1772049600,0.4316,0.4316,0.4208,0.4213,251269.28
1772053200,0.4214,0.4257,0.4192,0.424,143967.22
1772056800,0.4241,0.4252,0.4171,0.4195,94870.94
1772060400,0.4196,0.4212,0.4084,0.4133,92712.95
1772064000,0.4134,0.4154,0.4081,0.4108,35934.64
1772067600,0.4106,0.4143,0.4089,0.4089,32833.03
1772071200,0.4092,0.4117,0.4046,0.4115,68540.76
1772074800,0.4113,0.4122,0.4099,0.4117,23839.69
1772078400,0.4118,0.4147,0.4102,0.4115,18486.9
1772082000,0.4114,0.4116,0.4039,0.4086,15599.37
1772085600,0.4084,0.4103,0.4064,0.4076,8989.46
1772089200,0.4077,0.4091,0.4062,0.4077,4611.39
1772092800,0.4078,0.4113,0.4076,0.4076,12915.47
1772096400,0.4078,0.4141,0.4073,0.4106,17190.02
1772100000,0.4105,0.4108,0.4054,0.4064,22823.78
1772103600,0.4064,0.4073,0.4029,0.4039,16001.33
1772107200,0.404,0.4071,0.4036,0.4071,16339.92
1772110800,0.4069,0.4069,0.4033,0.4038,14088.02
1772114400,0.404,0.4072,0.4018,0.405,27290.96
1772118000,0.4044,0.4053,0.3957,0.4008,66431.48
1772121600,0.401,0.4012,0.3895,0.3903,80692.41
1772125200,0.3904,0.3941,0.3904,0.3921,30233.36
1772128800,0.3923,0.3972,0.3904,0.3957,51461.98
1772132400,0.3957,0.4006,0.3956,0.3992,71037.79
1772136000,0.3991,0.4007,0.3966,0.3973,25585.77
1772139600,0.3977,0.3991,0.3965,0.3984,4110.91
1772143200,0.3985,0.4003,0.3983,0.4003,5169.02
1772146800,0.3999,0.4016,0.3988,0.3995,29358.81
1772150400,0.3997,0.4015,0.3989,0.3995,29437.91
1772154000,0.3997,0.4006,0.3969,0.4,21756.76
1772157600,0.4001,0.4033,0.3995,0.3999,116269.54
1772161200,0.3999,0.4039,0.3992,0.4036,25085.8
1772164800,0.4038,0.4097,0.4038,0.4074,17300.37
1772168400,0.4072,0.4075,0.4045,0.4068,48855.54
1772172000,0.4072,0.4083,0.405,0.4073,13112.58
1772175600,0.4072,0.4079,0.4039,0.4075,13240.72
1772179200,0.4077,0.4081,0.4056,0.4072,6502.84
1772182800,0.4071,0.4089,0.4053,0.4059,7994.05
1772186400,0.4058,0.4066,0.3992,0.3998,28636.77
1772190000,0.3999,0.4019,0.3941,0.3968,14276.91
1772193600,0.3967,0.3977,0.3949,0.3963,12014.72
1772197200,0.3964,0.3988,0.393,0.3977,47444.4
1772200800,0.3979,0.3985,0.3949,0.3959,23331.65
1772204400,0.396,0.3977,0.392,0.393,34648.79
1772208000,0.3933,0.395,0.3904,0.3907,20613.48
1772211600,0.3908,0.3943,0.388,0.3936,39224.92
1772215200,0.3935,0.3944,0.3909,0.3915,16184.65
1772218800,0.3914,0.3916,0.386,0.3877,50012.52
1772222400,0.3876,0.39,0.387,0.3892,9354.4
1772226000,0.3891,0.3903,0.3865,0.3875,5035.31
1772229600,0.3879,0.3883,0.3807,0.3878,23527.24
1772233200,0.3879,0.3897,0.3875,0.3894,16415.91
1772236800,0.3893,0.391,0.3892,0.3903,24048.61
1772240400,0.3904,0.3907,0.3868,0.3868,10987.66
1772244000,0.3868,0.3893,0.3868,0.3878,14081.09
1772247600,0.3877,0.3897,0.387,0.3873,14662.01
1772251200,0.3873,0.3874,0.3841,0.3863,23852.01
1772254800,0.3864,0.3889,0.3835,0.3847,36074.35
1772258400,0.3842,0.3842,0.3647,0.3659,170133.35
1772262000,0.3658,0.3753,0.3636,0.3694,129719.47
1772265600,0.3694,0.3711,0.3642,0.3642,16971.46
1772269200,0.3643,0.3682,0.3627,0.3672,30164.7
1772272800,0.3674,0.3718,0.3661,0.3706,24689.44
1772276400,0.3706,0.3755,0.3693,0.3697,250563.48
1772280000,0.3698,0.3727,0.3694,0.3725,28880.68
1772283600,0.3726,0.3835,0.3712,0.3819,62550.37
1772287200,0.3821,0.3838,0.3778,0.3788,33662.3
1772290800,0.3785,0.3818,0.3752,0.3798,33224.47
1772294400,0.3797,0.3804,0.3773,0.3796,41477.72
1772298000,0.3796,0.3808,0.3764,0.3801,19860.03
1772301600,0.3801,0.3893,0.3788,0.3861,53572.03
1772305200,0.386,0.3918,0.3834,0.3889,124785.88
1772308800,0.3888,0.3975,0.3884,0.397,60870.75
1772312400,0.3967,0.3967,0.3928,0.3947,61854.58
1772316000,0.3948,0.4027,0.3948,0.401,21445.26
1772319600,0.4012,0.4023,0.3978,0.3995,131279.64
1772323200,0.3996,0.4006,0.3948,0.3954,121202.82
1772326800,0.3953,0.4033,0.389,0.4007,198805.81
1772330400,0.4009,0.4092,0.4009,0.4049,190785.05
1772334000,0.4051,0.4054,0.3994,0.4014,24629.34
1772337600,0.4016,0.4031,0.3972,0.4,54774.65
1772341200,0.4001,0.4013,0.3989,0.3992,15088.82
1772344800,0.3991,0.3991,0.3927,0.3954,29051.59
1772348400,0.3954,0.3967,0.3944,0.3962,5966.09
1772352000,0.396,0.396,0.3883,0.3901,26664.89
1772355600,0.3902,0.3927,0.3883,0.3896,17231.13
1772359200,0.3895,0.3913,0.3867,0.3907,16270.91
1772362800,0.3904,0.391,0.3894,0.3896,5528.38
1772366400,0.3895,0.3906,0.387,0.3876,7033.88
1772370000,0.3876,0.3944,0.3852,0.393,33513.51
1772373600,0.3929,0.3948,0.3892,0.3902,38381.33
1772377200,0.3905,0.3927,0.3897,0.39,93593.24
1772380800,0.3898,0.3929,0.3842,0.3874,43981.54
1772384400,0.3877,0.3881,0.3818,0.3848,74241.73
1772388000,0.3851,0.3908,0.3847,0.3865,135665.7
1772391600,0.3863,0.3863,0.3825,0.3836,28064.96
1772395200,0.3836,0.3843,0.3768,0.3786,29713.06
1772398800,0.3786,0.3827,0.3786,0.3823,18014.34
1772402400,0.3823,0.3886,0.382,0.3822,38625.65
1772406000,0.3821,0.3876,0.3818,0.3842,8068.62
1772409600,0.3842,0.39,0.3842,0.3879,11522.5
1772413200,0.3881,0.3921,0.3874,0.3899,10613.39
1772416800,0.3901,0.3909,0.3856,0.3882,10721.64
1772420400,0.3881,0.3919,0.3868,0.3905,24181.08
1772424000,0.3907,0.3911,0.3888,0.3892,29726.59
1772427600,0.3893,0.39,0.3864,0.387,12987.06
1772431200,0.3869,0.387,0.3816,0.3829,23817.02
1772434800,0.3828,0.3834,0.3791,0.3826,12406.26
1772438400,0.3825,0.3853,0.3796,0.3846,14618.42
1772442000,0.3848,0.388,0.3841,0.3842,97453.86
1772445600,0.384,0.3856,0.3837,0.3856,13771.27
1772449200,0.3856,0.3868,0.3839,0.386,19878.56
1772452800,0.3859,0.3863,0.3839,0.3841,16134.59
1772456400,0.3839,0.3853,0.3818,0.3827,35666.85
1772460000,0.3826,0.3945,0.382,0.3935,24290.79
1772463600,0.3936,0.4052,0.3934,0.4031,78840.76
1772467200,0.4032,0.4138,0.4023,0.4096,139027.68
1772470800,0.4095,0.4155,0.4025,0.4139,256299.07
1772474400,0.4139,0.4186,0.4107,0.4156,632157.5
1772478000,0.4158,0.4169,0.4123,0.4135,119667.63
1772481600,0.4139,0.416,0.4066,0.4067,86721.17
1772485200,0.4065,0.4082,0.4041,0.4067,36256.28
1772488800,0.4069,0.409,0.4048,0.4081,56459.03
1772492400,0.4084,0.4087,0.4037,0.4051,39702.86
1772496000,0.4052,0.4064,0.4022,0.4034,43286.33
1772499600,0.4033,0.405,0.4001,0.4005,40121.69
1772503200,0.3999,0.4025,0.397,0.4019,17612.03
1772506800,0.402,0.4082,0.399,0.4028,64497.86
1772510400,0.4029,0.4033,0.3988,0.4004,20480.48
1772514000,0.4008,0.4036,0.3981,0.4,30407.44
1772517600,0.4,0.4004,0.395,0.3975,99487.68
1772521200,0.3969,0.4014,0.3968,0.3996,18290.64
1772524800,0.3994,0.4012,0.3934,0.3943,14598.17
1772528400,0.3942,0.3978,0.3902,0.3914,290802.29
1772532000,0.3913,0.3934,0.3902,0.3921,11670.65
1772535600,0.3919,0.3926,0.3902,0.3924,31119.88
1772539200,0.3926,0.3977,0.3925,0.3931,21599.12
1772542800,0.3927,0.3928,0.3881,0.3898,38413.66
1772546400,0.3895,0.3936,0.3842,0.3881,72277.77
1772550000,0.3882,0.3931,0.3849,0.392,139919.32
1772553600,0.3918,0.3997,0.389,0.3946,89475.25
1772557200,0.3949,0.3962,0.3892,0.3957,40194.25
1772560800,0.3957,0.3993,0.3928,0.3959,6828.2
1772564400,0.3957,0.3961,0.3927,0.3937,69814.67
1772568000,0.3939,0.3943,0.39,0.3905,95526.21
1772571600,0.3904,0.3909,0.3878,0.3909,20633.71
1772575200,0.391,0.3946,0.391,0.3936,53077.59
1772578800,0.3938,0.3964,0.3928,0.3931,13115.84
1772582400,0.3932,0.3932,0.3876,0.391,25413.36
1772586000,0.3909,0.3946,0.3898,0.3919,12312.43
1772589600,0.3919,0.3935,0.3881,0.3925,13682.74
1772593200,0.3919,0.3924,0.3864,0.3895,17615.05
1772596800,0.3895,0.3902,0.387,0.3889,36626.08
1772600400,0.3889,0.3906,0.3869,0.389,9419.48
1772604000,0.3889,0.3902,0.3865,0.3887,8458.09
1772607600,0.3886,0.3954,0.3874,0.3953,19819.38
1772611200,0.3954,0.4066,0.3932,0.4063,48528.18
1772614800,0.4063,0.4128,0.4037,0.4081,342851.6
1772618400,0.4083,0.4103,0.4024,0.404,47552.73
1772622000,0.4038,0.4067,0.4011,0.4049,34963.01
1772625600,0.4047,0.407,0.4001,0.4042,42765.08
1772629200,0.4042,0.4081,0.4042,0.4081,32379.73
1772632800,0.4084,0.4194,0.4082,0.4157,170282.74
1772636400,0.4163,0.4425,0.4159,0.4398,282737.71
1772640000,0.4403,0.4438,0.4263,0.4286,278601.04
1772643600,0.4293,0.4296,0.4219,0.4224,211858.01
1772647200,0.4226,0.4273,0.4198,0.4265,61664.04
1772650800,0.4267,0.4315,0.4264,0.4269,96920.1
1772654400,0.4268,0.4277,0.4243,0.4257,66521.53
1772658000,0.4257,0.4292,0.423,0.4284,184768.22
1772661600,0.4286,0.4316,0.4196,0.4214,166611.16
1772665200,0.4215,0.422,0.4168,0.4204,50350.35
1772668800,0.4203,0.4209,0.4165,0.4173,77038.24
1772672400,0.4172,0.4211,0.4135,0.4144,47315.73
1772676000,0.4149,0.4177,0.4141,0.4169,44300.45
1772679600,0.4171,0.4178,0.4141,0.4152,34414.98
1772683200,0.4153,0.4177,0.4147,0.4164,53259.29
1772686800,0.4165,0.4182,0.4148,0.4156,41703.5
1772690400,0.4156,0.4181,0.4128,0.4169,27534.05
1772694000,0.4168,0.4175,0.411,0.4121,33850.21
1772697600,0.4121,0.4154,0.4113,0.4142,4945.8
1772701200,0.4144,0.4169,0.4144,0.4164,17230.66
1772704800,0.4168,0.4218,0.4156,0.4202,25134.08
1772708400,0.4203,0.4203,0.4141,0.4162,27601.44
1772712000,0.4161,0.4188,0.4142,0.4159,34619.6
1772715600,0.4151,0.4154,0.4117,0.4134,29592.74
1772719200,0.4135,0.419,0.4123,0.4186,147649.1
1772722800,0.4187,0.4189,0.4088,0.4118,62038.49
1772726400,0.4119,0.4119,0.4034,0.4074,200416.84
1772730000,0.4074,0.4097,0.4033,0.4036,153308.91
1772733600,0.4036,0.4068,0.4021,0.4068,32443.6
1772737200,0.4069,0.4116,0.4069,0.409,136002.88
1772740800,0.4089,0.414,0.4085,0.4132,97791.15
1772744400,0.4134,0.4147,0.4105,0.4115,38546.97
1772748000,0.4114,0.4124,0.4097,0.4112,14777.31
1772751600,0.4111,0.4111,0.4077,0.4085,31499.42
1772755200,0.4083,0.4094,0.4081,0.4083,13209.39
1772758800,0.4081,0.4099,0.405,0.4089,20043.71
1772762400,0.4088,0.4105,0.4073,0.4078,12489.59
1772766000,0.4078,0.4093,0.4061,0.4093,27924.33
1772769600,0.4091,0.4102,0.4048,0.406,22467.23
1772773200,0.4058,0.4074,0.4042,0.4065,18755.31
1772776800,0.4064,0.4079,0.4052,0.4071,11436.31
1772780400,0.4071,0.41,0.4055,0.4083,16679.81
1772784000,0.4082,0.4082,0.4052,0.4056,17525.99
1772787600,0.4057,0.4061,0.4,0.4022,48364.52
1772791200,0.4023,0.4039,0.402,0.4028,27689.01
1772794800,0.4028,0.4028,0.3995,0.3997,33328.35
1772798400,0.3996,0.4013,0.3973,0.3995,78482.57
1772802000,0.3994,0.4029,0.3947,0.3948,143702.15
1772805600,0.3947,0.3954,0.3856,0.3879,138819.04
1772809200,0.388,0.3897,0.3826,0.384,114557.91
1772812800,0.3842,0.3863,0.3831,0.3853,45717.98
1772816400,0.385,0.387,0.3817,0.3829,20920.59
1772820000,0.3831,0.3872,0.3831,0.3869,24823.19
1772823600,0.3871,0.3899,0.3871,0.3879,10332.1
1772827200,0.3881,0.3883,0.3864,0.3881,56382.05
1772830800,0.3881,0.3881,0.3866,0.388,43928.28
1772834400,0.3879,0.3899,0.3876,0.3894,16533.07
1772838000,0.3897,0.3899,0.3884,0.3891,46999.19
1772841600,0.3892,0.3901,0.3885,0.3885,22372.77
1772845200,0.3884,0.3887,0.3876,0.3884,17292.51
1772848800,0.3886,0.3891,0.3875,0.3887,6167.77
1772852400,0.3888,0.3903,0.3886,0.3888,5810.14
1772856000,0.3887,0.3899,0.3859,0.3895,19436.23
1772859600,0.3896,0.3899,0.3893,0.3895,2873.8
1772863200,0.3894,0.3894,0.3862,0.3862,6476.93
1772866800,0.3862,0.3876,0.3854,0.3873,5615.17
1772870400,0.3872,0.3888,0.3867,0.3867,2029.61
1772874000,0.3866,0.3877,0.3863,0.3872,22426.39
1772877600,0.387,0.3875,0.3864,0.3864,2049.29
1772881200,0.3863,0.3883,0.3858,0.3865,46761.34
1772884800,0.3867,0.387,0.3849,0.385,1905.13
1772888400,0.3851,0.386,0.3845,0.3856,10523.37
1772892000,0.3855,0.3865,0.3825,0.385,13675.26
1772895600,0.3849,0.385,0.3811,0.3822,9115.87
1772899200,0.3821,0.3828,0.3811,0.3824,11096.45
1772902800,0.3826,0.3844,0.3826,0.3831,2247.48
1772906400,0.383,0.3831,0.3805,0.3805,13490.39
1772910000,0.3805,0.3808,0.3771,0.3783,61467.48
1772913600,0.3784,0.3798,0.3784,0.3793,11970.53
1772917200,0.3794,0.3798,0.378,0.3788,8897.17
1772920800,0.3787,0.3787,0.3742,0.3754,73109.28
1772924400,0.3755,0.3778,0.3755,0.3776,10208.03
1772928000,0.3778,0.3785,0.3768,0.3772,5633.73
1772931600,0.3773,0.3785,0.3757,0.3778,130200.5
1772935200,0.3779,0.3779,0.3722,0.3729,7301.42
1772938800,0.3727,0.3745,0.3713,0.3732,76169.49
1772942400,0.3732,0.3739,0.3694,0.3715,17593.6
1772946000,0.3715,0.3743,0.3715,0.3728,13653.4
1772949600,0.3728,0.3728,0.3717,0.3719,822.96
1772953200,0.3722,0.375,0.3722,0.3744,17866.75
1772956800,0.3744,0.3744,0.372,0.3736,16024.17
1772960400,0.3737,0.3767,0.3737,0.3757,55380.74
1772964000,0.3759,0.3794,0.3759,0.3781,3511.48
1772967600,0.378,0.378,0.3743,0.3753,3422.87
1772971200,0.375,0.3765,0.3707,0.374,19944.43
1772974800,0.3739,0.374,0.3694,0.3718,19586.23
1772978400,0.3715,0.3724,0.3694,0.3706,27784.36
1772982000,0.3705,0.3705,0.3665,0.3673,16905.85
1772985600,0.3672,0.3684,0.3654,0.3659,55034.36
1772989200,0.366,0.3685,0.3612,0.3625,170472.37
1772992800,0.3626,0.364,0.3608,0.3634,21012.14
1772996400,0.3635,0.3672,0.3614,0.3663,80348.95
1773000000,0.3664,0.368,0.3641,0.3657,21577.66
1773003600,0.3658,0.3663,0.3643,0.3652,31366.97
1773007200,0.3652,0.3652,0.3569,0.3643,81270.27
1773010800,0.3641,0.3654,0.3592,0.3603,245673.28
1773014400,0.3604,0.3667,0.359,0.3624,27195.97
1773018000,0.3624,0.3644,0.3601,0.3605,24747.89
1773021600,0.3604,0.3648,0.3587,0.3635,43927.48
1773025200,0.3634,0.3704,0.3629,0.3649,174290.34
1773028800,0.365,0.3688,0.3639,0.3663,36025.82
1773032400,0.3664,0.3713,0.362,0.3704,50878.79
1773036000,0.3703,0.3703,0.3647,0.3647,6316.61
1773039600,0.3649,0.3657,0.3605,0.3657,25598.91
1773043200,0.3656,0.3663,0.3625,0.3635,27513.48
1773046800,0.3634,0.3686,0.3619,0.3651,34569.72
1773050400,0.3652,0.3658,0.3627,0.364,31786.99
1773054000,0.3639,0.3651,0.3621,0.3638,25115.91
1773057600,0.3637,0.3678,0.3637,0.3662,52406.62
1773061200,0.3661,0.3724,0.3658,0.3705,215559.75
1773064800,0.3706,0.372,0.3681,0.37,65244.28
1773068400,0.3701,0.371,0.3628,0.3638,110615.31
1773072000,0.3639,0.368,0.3639,0.3663,33417.14
1773075600,0.3662,0.3677,0.3634,0.3639,33109.02
1773079200,0.3639,0.3639,0.3609,0.3614,38779.48
1773082800,0.3615,0.3709,0.36,0.366,65411.64
1773086400,0.3663,0.3672,0.3636,0.3664,35897.97
1773090000,0.3662,0.3678,0.3656,0.3669,41449.31
1773093600,0.3673,0.3674,0.3617,0.3623,24643.27
1773097200,0.3625,0.3644,0.3625,0.364,13585.62
1773100800,0.3638,0.3674,0.3616,0.3652,14082.1
1773104400,0.3653,0.3663,0.3627,0.3651,34413.66
1773108000,0.365,0.3711,0.3644,0.3693,27896.5
1773111600,0.3695,0.3699,0.3651,0.3654,5163.46
1773115200,0.3655,0.3698,0.3653,0.3688,68450
1773118800,0.3687,0.3698,0.367,0.367,9379
1773122400,0.3669,0.3682,0.3658,0.367,10997.63
1773126000,0.3669,0.3715,0.3666,0.3707,14936.7
1773129600,0.3708,0.3736,0.3702,0.3726,5814.92
1773133200,0.3727,0.381,0.3727,0.3797,17185.73
1773136800,0.3796,0.3802,0.3766,0.3769,33309.31
1773140400,0.377,0.3788,0.3737,0.3769,103896.95
1773144000,0.377,0.378,0.37,0.373,105865.63
1773147600,0.3731,0.376,0.3669,0.3693,194498.79
1773151200,0.3694,0.3721,0.3636,0.3712,68794.28
1773154800,0.3717,0.3718,0.3633,0.3679,140042.91
1773158400,0.368,0.3715,0.3654,0.37,43908.72
1773162000,0.3701,0.3721,0.3679,0.3698,103450.17
1773165600,0.3698,0.3703,0.3568,0.3583,88662.86
1773169200,0.3581,0.3597,0.3551,0.3572,94929.06
1773172800,0.3573,0.3599,0.3573,0.3594,33000.91
1773176400,0.3594,0.3606,0.3509,0.3533,163853.2
1773180000,0.353,0.3562,0.3524,0.3556,18116.86
1773183600,0.3557,0.3576,0.3556,0.3567,12280.37
1773187200,0.3565,0.3583,0.3546,0.3578,11225.6
1773190800,0.3576,0.3579,0.3558,0.357,32635.22
1773194400,0.3569,0.3585,0.3557,0.3585,30652.86
1773198000,0.3586,0.3593,0.3561,0.3561,30869.17
1773201600,0.356,0.3588,0.3538,0.3582,57248.93
1773205200,0.3581,0.3581,0.3528,0.3546,62410.76
1773208800,0.3544,0.3558,0.3533,0.3555,22590.18
1773212400,0.3557,0.356,0.3518,0.3523,6832.77
1773216000,0.3525,0.354,0.352,0.3537,22176.36
1773219600,0.3535,0.3544,0.3516,0.3523,11939.18
1773223200,0.3524,0.3555,0.3524,0.3547,13875
1773226800,0.3549,0.3576,0.3549,0.356,28321.89
1773230400,0.356,0.3616,0.3541,0.3596,28113.87
1773234000,0.3595,0.3661,0.3576,0.361,21855.79
1773237600,0.3611,0.3641,0.3595,0.3597,32893.91
1773241200,0.3598,0.3601,0.3537,0.357,37910.92
1773244800,0.3571,0.3589,0.356,0.3574,31049.44
1773248400,0.3575,0.3607,0.3552,0.3586,13473.4
1773252000,0.3581,0.3599,0.3577,0.3587,5124.92
1773255600,0.3584,0.3597,0.3583,0.359,7097.35
1773259200,0.3589,0.3592,0.3568,0.3583,40702.14
1773262800,0.3584,0.359,0.357,0.3585,15214.46
1773266400,0.3584,0.3584,0.3554,0.3571,9852.41
1773270000,0.3571,0.3575,0.355,0.3556,63311.95
1773273600,0.3557,0.3563,0.3544,0.3558,130566.51
1773277200,0.3557,0.3557,0.3527,0.3533,15908.38
1773280800,0.3535,0.3536,0.3511,0.3518,15851.94
1773284400,0.3519,0.3526,0.3478,0.3491,60828.08
1773288000,0.3492,0.3502,0.3492,0.3493,15961.2
1773291600,0.3495,0.3507,0.3488,0.35,23842.24
1773295200,0.3499,0.352,0.3498,0.352,10661.57
1773298800,0.3518,0.3535,0.351,0.3532,6233.37
1773302400,0.353,0.3533,0.3509,0.3523,12394.83
1773306000,0.3523,0.3562,0.3512,0.3546,1965.35
1773309600,0.3547,0.3567,0.3543,0.3558,18150.71
1773313200,0.356,0.3562,0.3534,0.3545,49335.28
1773316800,0.3542,0.374,0.353,0.3617,644557.12
1773320400,0.3619,0.3645,0.3524,0.3545,97279.95
1773324000,0.3546,0.3563,0.3466,0.3508,125889.97
1773327600,0.3505,0.3537,0.3478,0.3518,320806.66
1773331200,0.3518,0.3545,0.3482,0.3529,83310.4
1773334800,0.3525,0.3554,0.3515,0.3549,291413.85
1773338400,0.3549,0.3576,0.3541,0.3571,101247.41
1773342000,0.3573,0.3628,0.3564,0.3607,74333.75
1773345600,0.3605,0.3605,0.3565,0.3571,65999.25
1773349200,0.3569,0.3609,0.3563,0.3605,35990.36
1773352800,0.3604,0.3635,0.3581,0.3595,64459.56
1773356400,0.3594,0.3618,0.3579,0.3597,28809.82
1773360000,0.3596,0.3677,0.3585,0.3652,81923.31
1773363600,0.3654,0.3684,0.3644,0.3684,29357.67
1773367200,0.3682,0.3686,0.364,0.3663,290834.55
1773370800,0.3663,0.3705,0.3655,0.3703,14894.03
1773374400,0.3699,0.3704,0.3678,0.3685,18291.62
1773378000,0.3684,0.3693,0.3661,0.3685,6750.84
1773381600,0.3687,0.3688,0.3665,0.3679,19680.45
1773385200,0.3678,0.3688,0.3656,0.3678,27651.05
1773388800,0.3681,0.3683,0.3633,0.3656,14074.76
1773392400,0.3655,0.3698,0.3647,0.3688,40274.19
1773396000,0.369,0.3712,0.3688,0.3701,16531.14
1773399600,0.3703,0.3708,0.3681,0.3687,38746.01
1773403200,0.3688,0.376,0.3688,0.3742,32967.24
1773406800,0.3742,0.3782,0.3735,0.3767,194361.98
1773410400,0.3768,0.3773,0.367,0.3684,57775.49
1773414000,0.3685,0.3714,0.366,0.3675,22936.16
1773417600,0.3676,0.3699,0.3649,0.3679,24796.78
1773421200,0.3678,0.3691,0.3598,0.3615,45992.96
1773424800,0.3613,0.3624,0.3585,0.3604,81489.85
1773428400,0.3603,0.3611,0.3597,0.3606,10974.2
1773432000,0.361,0.362,0.3594,0.3618,136686.48
1773435600,0.3621,0.3637,0.36,0.3606,43460.91
1773439200,0.3607,0.3607,0.3544,0.3563,69756.7
1773442800,0.3564,0.3581,0.3563,0.357,36417.13
1773446400,0.3569,0.3586,0.3563,0.3563,16558.62
1773450000,0.3562,0.3582,0.3545,0.3573,16858.91
1773453600,0.3572,0.3593,0.3564,0.3589,5899.42
1773457200,0.3589,0.3606,0.3586,0.3592,8572.59
1773460800,0.3591,0.3629,0.3577,0.3591,62070.79
1773464400,0.3591,0.3591,0.3566,0.3566,108633.6
1773468000,0.3565,0.3566,0.352,0.3543,7263.65
1773471600,0.3544,0.3545,0.3527,0.3529,16600.68
1773475200,0.3528,0.3545,0.3528,0.3529,24042.7
1773478800,0.3531,0.3536,0.3508,0.3515,49955.31
1773482400,0.3518,0.3525,0.3508,0.352,6192.92
1773486000,0.3519,0.3537,0.3518,0.3529,9546.72
1773489600,0.3528,0.3528,0.3492,0.3492,27760.26
1773493200,0.3494,0.3516,0.3494,0.3513,21000.48
1773496800,0.3515,0.3526,0.3511,0.3514,15803.96
1773500400,0.3514,0.3542,0.3509,0.3533,299696.58
1773504000,0.3532,0.3566,0.3527,0.3559,18267.49
1773507600,0.356,0.3565,0.3539,0.3542,23798.78
1773511200,0.3541,0.3543,0.3534,0.3538,8502.63
1773514800,0.3537,0.354,0.3519,0.3522,68957
1773518400,0.352,0.3526,0.3513,0.3516,31174.25
1773522000,0.3518,0.3536,0.3517,0.3531,14113.88
1773525600,0.3533,0.3548,0.3533,0.3539,52663.23
1773529200,0.354,0.3569,0.354,0.3558,20034.9
1773532800,0.3559,0.3562,0.354,0.355,12904.41
1773536400,0.3551,0.3575,0.3545,0.3575,6363.77
1773540000,0.3576,0.3636,0.3576,0.3623,15504.85
1773543600,0.3625,0.3641,0.3587,0.3605,22128.09
1773547200,0.3604,0.3615,0.3573,0.3591,18621.93
1773550800,0.3592,0.3607,0.3581,0.3581,33226.58
1773554400,0.3583,0.3588,0.3571,0.3577,3610.89
1773558000,0.3576,0.3596,0.3576,0.3596,3853.83
1773561600,0.3597,0.36,0.3587,0.36,6867.25
1773565200,0.3601,0.3622,0.3585,0.3588,13058.96
1773568800,0.3589,0.3609,0.3586,0.3586,914.59
1773572400,0.3591,0.3594,0.3585,0.3591,8240.64
1773576000,0.3589,0.3618,0.3586,0.3602,11768.35
1773579600,0.36,0.3601,0.356,0.3584,11982.8
1773583200,0.3585,0.3592,0.3572,0.359,33723.37
1773586800,0.3589,0.3592,0.3573,0.3583,27802.6
1773590400,0.3585,0.3607,0.3578,0.3586,72790.14
1773594000,0.3587,0.3638,0.3587,0.3616,28695.66
1773597600,0.3615,0.3629,0.3594,0.3598,29973.46
1773601200,0.3599,0.3616,0.3596,0.361,18692.41
1773604800,0.3612,0.3634,0.3603,0.3621,110661.94
1773608400,0.3619,0.3647,0.3605,0.3642,27369.45
1773612000,0.3643,0.3665,0.3604,0.3656,141576.87
1773615600,0.3655,0.3669,0.3622,0.3659,88967.61
1773619200,0.366,0.3676,0.3643,0.3659,29182.01
1773622800,0.366,0.3669,0.3636,0.3664,20110.17
1773626400,0.3663,0.367,0.3646,0.3659,25126.64
1773630000,0.3658,0.3752,0.3653,0.3731,46178.3
1773633600,0.3732,0.3777,0.3727,0.3771,127265.52
1773637200,0.3772,0.3812,0.3764,0.3805,48024.83
1773640800,0.3804,0.3829,0.3771,0.3803,26720.68
1773644400,0.3805,0.3874,0.3805,0.3844,29248.82
1773648000,0.3844,0.3897,0.3816,0.3835,22939.52
1773651600,0.3833,0.3844,0.3813,0.3832,50005.61
1773655200,0.3832,0.3837,0.3794,0.3805,209404.32
1773658800,0.3807,0.3815,0.3779,0.3809,47065.81
1773662400,0.3809,0.3836,0.3802,0.3829,207575.28
1773666000,0.3828,0.3859,0.3817,0.384,82538.45
1773669600,0.3842,0.3865,0.379,0.3842,179743.56
1773673200,0.3844,0.3865,0.3834,0.3849,366172.15
1773676800,0.3847,0.3975,0.3846,0.3959,203240.16
1773680400,0.3958,0.4026,0.3925,0.3926,975374.85
1773684000,0.393,0.3966,0.3908,0.392,91494.84
1773687600,0.3919,0.3978,0.3901,0.3959,159626.55
1773691200,0.396,0.3981,0.3939,0.3972,93884.46
1773694800,0.3971,0.4018,0.3967,0.3986,558020.88
1773698400,0.3987,0.4053,0.3987,0.4028,217193.52
1773702000,0.4027,0.4027,0.3987,0.4,32199.98
1773705600,0.3997,0.4012,0.3965,0.3996,149319.06
1773709200,0.3996,0.4013,0.3958,0.3978,123768.36
1773712800,0.3979,0.3993,0.3962,0.3973,23257.89
1773716400,0.3972,0.3981,0.3893,0.392,186643.98
1773720000,0.3921,0.3925,0.3854,0.3885,16429.85
1773723600,0.3884,0.39,0.3863,0.3883,194958.34
1773727200,0.3885,0.3907,0.3869,0.3886,6969.28
1773730800,0.3887,0.395,0.3887,0.3927,8759.98
1773734400,0.3929,0.3937,0.3903,0.3922,310263.04
1773738000,0.3923,0.3935,0.3908,0.3911,8409.56
1773741600,0.3911,0.3922,0.3898,0.3907,8399.2
1773745200,0.3908,0.3926,0.3896,0.3896,9929.62
1773748800,0.3898,0.3898,0.385,0.3863,42816.58
1773752400,0.3865,0.3894,0.3839,0.3853,30372.69
1773756000,0.3852,0.3887,0.3839,0.3879,22481.75
1773759600,0.388,0.398,0.3872,0.3921,181795.12
1773763200,0.3921,0.3967,0.3918,0.3926,128226.14
1773766800,0.3927,0.3973,0.3927,0.397,12573.96
1773770400,0.3969,0.3988,0.3947,0.3954,22886.79
1773774000,0.3954,0.3979,0.3951,0.3961,189408.65
1773777600,0.3961,0.3989,0.3956,0.3973,8654.03
1773781200,0.3974,0.4008,0.3974,0.3998,37982.87
1773784800,0.3996,0.4012,0.395,0.3976,26034.4
1773788400,0.3977,0.3982,0.3934,0.3944,455261.23
1773792000,0.3946,0.3961,0.389,0.3923,115113.09
1773795600,0.3924,0.3934,0.3914,0.3918,15468.6
1773799200,0.392,0.3979,0.392,0.3961,42053.29
1773802800,0.3964,0.3999,0.3955,0.398,97349.12
1773806400,0.3981,0.3983,0.3962,0.3979,17932.18
1773810000,0.398,0.4017,0.3953,0.3959,36135.12
1773813600,0.396,0.3983,0.3955,0.3955,9293.27
1773817200,0.3954,0.3954,0.3926,0.3944,12755.63
1773820800,0.3945,0.3957,0.3933,0.3937,1948.35
1773824400,0.3933,0.3955,0.393,0.3933,1609.72
1773828000,0.3934,0.3938,0.387,0.3892,46478.58
1773831600,0.389,0.3895,0.3772,0.3785,80264.08
1773835200,0.3784,0.3797,0.3723,0.3735,66247.89
1773838800,0.3734,0.3745,0.3708,0.3717,29465.3
1773842400,0.3714,0.3716,0.3646,0.3651,40883.46
1773846000,0.3649,0.3667,0.3618,0.3618,43055.32
1773849600,0.3617,0.3624,0.3583,0.3595,109409.45
1773853200,0.3594,0.3645,0.358,0.3632,238330.61
1773856800,0.3633,0.3665,0.3614,0.3631,136347.94
1773860400,0.3632,0.3657,0.3624,0.3641,92456.3
1773864000,0.3642,0.3669,0.3614,0.3661,60726.91
1773867600,0.366,0.3708,0.3658,0.3698,32264.15
1773871200,0.3698,0.3698,0.3652,0.3665,74136.36
1773874800,0.3666,0.3691,0.3661,0.3691,27796.17
1773878400,0.369,0.3692,0.3667,0.3676,41378.79
1773882000,0.3677,0.3679,0.3637,0.3637,10665.96
1773885600,0.3636,0.364,0.3606,0.3631,26599.44
1773889200,0.363,0.3662,0.3615,0.3616,28245.47
1773892800,0.3615,0.3626,0.36,0.3604,45534.79
1773896400,0.3602,0.3615,0.3513,0.3538,93183.76
1773900000,0.3537,0.3537,0.3502,0.3527,52649.61
1773903600,0.3525,0.353,0.3422,0.3441,100156.24
1773907200,0.3443,0.3449,0.3418,0.3428,369713.02
1773910800,0.343,0.3467,0.3428,0.3435,157477.78
1773914400,0.3435,0.3435,0.3375,0.3377,277992.22
1773918000,0.3376,0.3401,0.3376,0.3391,49640.49
1773921600,0.339,0.3394,0.3294,0.3332,421982.45
1773925200,0.333,0.3374,0.3311,0.3349,230860.28
1773928800,0.3349,0.3355,0.3316,0.3323,135080.75
1773932400,0.3325,0.3334,0.3281,0.3316,472856.92
1773936000,0.3315,0.332,0.3286,0.3295,78085.17
1773939600,0.3296,0.3329,0.3288,0.3306,64818.9
1773943200,0.3305,0.3307,0.327,0.3287,48190.67
1773946800,0.329,0.3308,0.3273,0.3285,67182.29
1773950400,0.3287,0.3323,0.3287,0.3311,191304.17
1773954000,0.3319,0.3368,0.3319,0.3346,194812.06
1773957600,0.3349,0.3349,0.3303,0.3324,143431.33
1773961200,0.3327,0.3328,0.3304,0.3307,260849.6
1773964800,0.3307,0.3331,0.3297,0.3328,494858.48
1773968400,0.333,0.3346,0.3311,0.3312,34408.3
1773972000,0.3311,0.3319,0.3271,0.3289,60347.82
1773975600,0.329,0.3321,0.3288,0.3312,52028.75
1773979200,0.3311,0.3318,0.3293,0.3305,52404.39
1773982800,0.3304,0.3352,0.3298,0.3328,65193.65
1773986400,0.3327,0.334,0.3303,0.3308,94976.94
1773990000,0.3307,0.3309,0.3281,0.3301,31987.83
1773993600,0.33,0.3333,0.3292,0.3297,30687.97
1773997200,0.3296,0.3296,0.3228,0.3259,162558.21
1774000800,0.326,0.3266,0.3229,0.3255,86830.52
1774004400,0.3256,0.3276,0.321,0.3223,122012.09
1774008000,0.3224,0.3235,0.3194,0.3213,135691.55
1774011600,0.3214,0.3235,0.3179,0.3199,119517.4
1774015200,0.3198,0.3239,0.3187,0.3194,96126.47
1774018800,0.3195,0.3229,0.3178,0.3229,62318.07
1774022400,0.3228,0.3411,0.3227,0.338,374202.94
1774026000,0.338,0.3449,0.3341,0.3393,810881.91
1774029600,0.3394,0.344,0.3276,0.329,481279.7
1774033200,0.3289,0.3292,0.325,0.3288,69305.85
1774036800,0.3286,0.3305,0.3259,0.3268,128115.43
1774040400,0.3267,0.3305,0.3247,0.3293,217994.09
1774044000,0.3294,0.3315,0.3253,0.3255,962783.96
1774047600,0.3255,0.3255,0.3201,0.3222,98216.93
1774051200,0.322,0.3233,0.3184,0.3215,168306.38
1774054800,0.3214,0.3224,0.3194,0.32,170778.98
1774058400,0.32,0.322,0.3184,0.3215,167369.51
1774062000,0.3215,0.3235,0.3199,0.322,138225.18
1774065600,0.3221,0.3221,0.32,0.3209,136933.14
1774069200,0.3208,0.3221,0.3203,0.3203,134341.3
1774072800,0.3202,0.3237,0.3192,0.3209,322403.76
1774076400,0.321,0.3213,0.3189,0.32,131984.62
1774080000,0.32,0.3205,0.3192,0.3197,130027.9
1774083600,0.3199,0.3204,0.3121,0.3156,248803.46
1774087200,0.3156,0.316,0.3134,0.316,153507.41
1774090800,0.3161,0.3167,0.3139,0.3148,243265.96
1774094400,0.3149,0.3151,0.3134,0.3142,135739.29
1774098000,0.3142,0.3146,0.3126,0.3138,56759.27
1774101600,0.3139,0.3162,0.3129,0.3139,166384.08
1774105200,0.3141,0.3179,0.3141,0.3179,129548.28
1774108800,0.3179,0.3192,0.3147,0.3153,116004.14
1774112400,0.3149,0.3184,0.3142,0.3169,81770.04
1774116000,0.3169,0.3222,0.3168,0.3207,200738.55
1774119600,0.3206,0.3222,0.3192,0.3221,49712.17
1774123200,0.3222,0.3276,0.3222,0.3267,162500.63
1774126800,0.3268,0.3291,0.3248,0.3253,85708.45
1774130400,0.325,0.3267,0.3231,0.3257,207483.52
1774134000,0.3256,0.3258,0.3129,0.3163,158121.87
1774137600,0.3163,0.3194,0.3092,0.3146,245635.87
1774141200,0.3146,0.3178,0.3142,0.317,52727.99
1774144800,0.3169,0.3205,0.3151,0.3193,169089.64
1774148400,0.3192,0.3221,0.318,0.3197,47360.02
1774152000,0.3196,0.3215,0.3171,0.3185,122628.81
1774155600,0.3186,0.3202,0.3158,0.3161,27039.67
1774159200,0.316,0.3175,0.3152,0.3175,27912.31
1774162800,0.3176,0.3188,0.3154,0.3154,10585.96
1774166400,0.3156,0.3163,0.3135,0.3158,18714.69
1774170000,0.3161,0.3178,0.3145,0.3148,7846.43
1774173600,0.3148,0.3153,0.312,0.3134,44791.72
1774177200,0.3132,0.3148,0.313,0.3137,16510.1
1774180800,0.3138,0.3162,0.3129,0.3133,45810.43
1774184400,0.3135,0.3155,0.3116,0.3133,82470.54
1774188000,0.3131,0.3142,0.312,0.3127,38578.57
1774191600,0.3126,0.3138,0.3117,0.3131,29222.2
1774195200,0.3132,0.3145,0.3129,0.3132,21550.97
1774198800,0.3132,0.3134,0.3092,0.3098,47175.11
1774202400,0.31,0.3116,0.308,0.3091,52555.75
1774206000,0.3092,0.3093,0.305,0.3068,131710.59
1774209600,0.3069,0.3081,0.3041,0.3045,35886.02
1774213200,0.3046,0.3058,0.3019,0.3043,101584.91
1774216800,0.3044,0.3091,0.3022,0.3086,146078.55
1774220400,0.3086,0.3102,0.307,0.3084,60790.49
1774224000,0.3085,0.3097,0.3065,0.3093,69168.42
1774227600,0.3092,0.3123,0.3085,0.3114,72793.77
1774231200,0.3113,0.3138,0.309,0.3135,56961.55
1774234800,0.3137,0.3151,0.3121,0.3121,35534.36
1774238400,0.3122,0.3125,0.311,0.3125,18590.09
1774242000,0.3126,0.3135,0.311,0.3117,44618.39
1774245600,0.3116,0.3116,0.3083,0.3094,62309.5
1774249200,0.3093,0.3094,0.3058,0.3085,66006.07
1774252800,0.3087,0.3098,0.3071,0.3071,19646.44
1774256400,0.307,0.3074,0.3039,0.3071,34216.58
1774260000,0.307,0.31,0.306,0.3068,14601.01
1774263600,0.3067,0.3225,0.3066,0.3131,344006.95
1774267200,0.3132,0.3135,0.3096,0.3134,68571.8
1774270800,0.3135,0.3175,0.3118,0.3172,583273.3
1774274400,0.3173,0.32,0.3148,0.3189,101100.05
1774278000,0.3188,0.3206,0.3162,0.3171,160961.22
1774281600,0.3172,0.3222,0.3164,0.3222,85232.68
1774285200,0.3221,0.3244,0.32,0.3242,53533.23
1774288800,0.3243,0.3273,0.3243,0.327,169851.33
1774292400,0.3272,0.3294,0.3244,0.3253,92956.8
1774296000,0.3252,0.328,0.324,0.3278,114669.5
1774299600,0.3277,0.3289,0.3253,0.3266,102540.04
1774303200,0.3264,0.3264,0.323,0.3233,18212.49
1774306800,0.3233,0.3264,0.3216,0.3254,32920.3
1774310400,0.3256,0.3257,0.3199,0.3216,146128.6
1774314000,0.3215,0.3225,0.3189,0.3198,187846.11
1774317600,0.3197,0.3236,0.3196,0.3212,91540.88
1774321200,0.3212,0.324,0.3212,0.3229,51652.56
1774324800,0.3229,0.3231,0.3204,0.3213,27266.46
1774328400,0.3212,0.3233,0.3203,0.3225,193045.02
1774332000,0.3224,0.3242,0.3212,0.3229,30456.86
1774335600,0.3231,0.3262,0.3227,0.3236,8509.5
1774339200,0.3235,0.3243,0.322,0.3227,13534.39
1774342800,0.3226,0.3226,0.32,0.3201,30664.29
1774346400,0.3201,0.3201,0.3181,0.3195,20479.22
1774350000,0.3194,0.3198,0.3178,0.318,31657.56
1774353600,0.3179,0.3217,0.3167,0.32,52602.72
1774357200,0.32,0.321,0.3177,0.3186,42500.91
1774360800,0.3188,0.3192,0.3143,0.3175,134562.72
1774364400,0.3177,0.3186,0.3157,0.3167,15294.39
1774368000,0.3168,0.3181,0.3161,0.3179,10082.72
1774371600,0.3177,0.3177,0.3129,0.3143,27435.7
1774375200,0.3144,0.3188,0.313,0.3153,129841.95
1774378800,0.3156,0.3169,0.3139,0.3152,159211.21
1774382400,0.3152,0.3225,0.3152,0.3225,225240.94
1774386000,0.3226,0.3228,0.3191,0.3203,228616.37
1774389600,0.3204,0.3206,0.3169,0.3187,185341.79
1774393200,0.3186,0.3218,0.3185,0.3216,68541.03
1774396800,0.3217,0.3231,0.32,0.3222,66125
1774400400,0.3223,0.3231,0.3213,0.3216,53446.84
1774404000,0.3215,0.3234,0.3213,0.3217,95521.67
1774407600,0.3215,0.3224,0.3189,0.3212,29709.97
1774411200,0.3212,0.3215,0.319,0.3203,116529.99
1774414800,0.3202,0.3214,0.3185,0.3189,73847.3
1774418400,0.3191,0.321,0.3177,0.3197,21315.58
1774422000,0.3198,0.3216,0.3189,0.3199,41117.21
1774425600,0.32,0.3225,0.3197,0.3204,93085.03
1774429200,0.3203,0.3223,0.3191,0.3221,75327.82
1774432800,0.322,0.3224,0.321,0.3216,35168.02
1774436400,0.3214,0.3255,0.321,0.3254,39321.56
1774440000,0.3256,0.3276,0.3228,0.3252,49047.99
1774443600,0.3254,0.3273,0.3201,0.3201,92250.91
1774447200,0.3198,0.3257,0.3198,0.3233,223679.54
1774450800,0.3234,0.3239,0.3163,0.317,117815.99
1774454400,0.317,0.3224,0.3167,0.3204,52698.4
1774458000,0.3205,0.3212,0.3168,0.3177,67494.74
1774461600,0.3176,0.3202,0.3175,0.3188,25048.3
1774465200,0.3187,0.3216,0.3185,0.3206,31658
1774468800,0.3204,0.3208,0.3177,0.3184,166668.45
1774472400,0.3182,0.3231,0.318,0.3225,120661.8
1774476000,0.3224,0.3251,0.321,0.3235,116868.65
1774479600,0.3236,0.3255,0.3226,0.3253,119650.32
1774483200,0.325,0.325,0.3209,0.3218,44199.43
1774486800,0.322,0.3226,0.3198,0.3203,28579.18
1774490400,0.3203,0.3203,0.317,0.3181,78272.23
1774494000,0.318,0.3184,0.3148,0.3158,43658.55
1774497600,0.3157,0.3157,0.3112,0.3123,267108.22
1774501200,0.3123,0.3125,0.3077,0.3085,54063.07
1774504800,0.3081,0.3089,0.3065,0.3075,25956.7
1774508400,0.3076,0.3082,0.3051,0.3064,32082.94
1774512000,0.3067,0.3069,0.3043,0.3065,105318.14
1774515600,0.3066,0.3082,0.3039,0.3042,81257.56
1774519200,0.3042,0.3054,0.302,0.3054,47070.88
1774522800,0.3054,0.306,0.3039,0.3039,7064.63
1774526400,0.3042,0.3066,0.3037,0.3045,84573.59
1774530000,0.3048,0.3071,0.3034,0.3067,36100.23
1774533600,0.3065,0.3067,0.299,0.3,527944.32
1774537200,0.3,0.3003,0.2907,0.2925,598197.07
1774540800,0.2926,0.2948,0.292,0.293,181919.67
1774544400,0.2932,0.295,0.2923,0.2928,114388.44
1774548000,0.2934,0.2936,0.2919,0.293,344953.32
1774551600,0.2932,0.2933,0.2897,0.2908,222546.21
1774555200,0.2907,0.2963,0.2894,0.2915,261122.85
1774558800,0.2913,0.2927,0.2905,0.2912,71220.45
1774562400,0.2911,0.2921,0.2886,0.292,97652.14
1774566000,0.2922,0.2935,0.2905,0.2924,129439.3
1774569600,0.2925,0.2937,0.2898,0.2906,77803.51
1774573200,0.2906,0.2929,0.29,0.2911,31140.54
1774576800,0.291,0.2943,0.2908,0.2919,113446.7
1774580400,0.2918,0.2919,0.29,0.2901,49939.35
1774584000,0.29,0.29,0.2848,0.2854,89742.73
1774587600,0.2853,0.287,0.2843,0.2853,56400.59
1774591200,0.2852,0.2852,0.2805,0.2805,55507.45
1774594800,0.2806,0.2861,0.2798,0.2854,77281.9
1774598400,0.2854,0.2854,0.2816,0.282,135180.55
1774602000,0.2819,0.2819,0.2735,0.2783,319403.65
1774605600,0.2783,0.2794,0.2731,0.2743,155339.08
1774609200,0.274,0.2754,0.273,0.2751,94186.1
1774612800,0.2749,0.2753,0.2724,0.2744,187210.34
1774616400,0.2745,0.2766,0.2731,0.274,97339.7
1774620000,0.2741,0.2757,0.2714,0.2722,359109.06
1774623600,0.2724,0.2733,0.2678,0.2684,342525.42
1774627200,0.2685,0.2685,0.2632,0.2668,208497.26
1774630800,0.2669,0.2683,0.2639,0.2645,86875.02
1774634400,0.2644,0.265,0.2615,0.2627,237621
1774638000,0.2626,0.2626,0.2603,0.2615,221082.59
1774641600,0.2616,0.2637,0.2603,0.2609,143130.21
1774645200,0.261,0.2614,0.2543,0.2555,300048.51
1774648800,0.2556,0.2573,0.2534,0.2537,389944.97
1774652400,0.2536,0.2536,0.2481,0.2493,206803.78
1774656000,0.2494,0.2527,0.2483,0.2495,197163
1774659600,0.2494,0.2497,0.2433,0.2464,344638
1774663200,0.2465,0.2505,0.2454,0.2457,123198.97
1774666800,0.2457,0.2491,0.2453,0.2491,214341.56
1774670400,0.2487,0.2508,0.2479,0.2488,182862.73
1774674000,0.2488,0.2516,0.2474,0.2513,223907.69
1774677600,0.2514,0.2578,0.2511,0.2574,449050.53
1774681200,0.2575,0.268,0.2575,0.2679,316986.6
1774684800,0.2677,0.2706,0.2658,0.2694,386085.24
1774688400,0.2695,0.2761,0.2651,0.2668,337995.03
1774692000,0.2669,0.2727,0.2659,0.2713,235838.73
1774695600,0.2712,0.2719,0.2684,0.2694,72280.76
1774699200,0.2694,0.2729,0.267,0.2685,329245.21
1774702800,0.2686,0.2743,0.2686,0.2729,101993.62
1774706400,0.2731,0.2759,0.271,0.2725,506264.62
1774710000,0.2726,0.2749,0.2703,0.2723,193072.95
1774713600,0.2723,0.2734,0.268,0.2708,223483.26
1774717200,0.271,0.273,0.2705,0.2723,45211.5
1774720800,0.2726,0.275,0.2726,0.2744,47391.82
1774724400,0.2745,0.2748,0.2728,0.2748,53259.63
1774728000,0.2749,0.2763,0.273,0.2751,60791.43
1774731600,0.2749,0.2753,0.2697,0.2702,92956.9
1774735200,0.2702,0.2726,0.2702,0.2715,105011.57
1774738800,0.2715,0.2715,0.2675,0.2688,44297.86
1774742400,0.2688,0.2711,0.2669,0.2709,51263.7
1774746000,0.271,0.2748,0.2694,0.2696,198483.56
1774749600,0.2697,0.2738,0.2694,0.2724,37537.74
1774753200,0.2721,0.2746,0.2713,0.2725,33138.83
1774756800,0.2725,0.2732,0.2708,0.2729,28064.58
1774760400,0.2728,0.2745,0.2726,0.274,20063.67
1774764000,0.2738,0.2783,0.2724,0.2776,245678.12
1774767600,0.2775,0.2775,0.2733,0.274,57449.25
1774771200,0.2739,0.2768,0.2728,0.2765,39812.06
1774774800,0.2762,0.2762,0.273,0.2757,68838.47
1774778400,0.2753,0.2757,0.2709,0.2711,48687.94
1774782000,0.2712,0.2765,0.2712,0.275,37816.75
1774785600,0.2749,0.2749,0.2705,0.2718,45418.43
1774789200,0.2719,0.2738,0.2706,0.2718,33312.92
1774792800,0.2717,0.2737,0.271,0.2731,54987.4
1774796400,0.2729,0.2738,0.2714,0.2734,89704.64
1774800000,0.2733,0.2738,0.2699,0.2702,63127.6
1774803600,0.2703,0.2732,0.2703,0.2721,74307.86
1774807200,0.2721,0.2757,0.2709,0.2744,139665.7
1774810800,0.2743,0.2749,0.2729,0.2737,72179.44
1774814400,0.2736,0.2761,0.2736,0.2753,41773.97
1774818000,0.2754,0.2763,0.2748,0.2759,13759.33
1774821600,0.2758,0.2758,0.2632,0.2703,457899.16
1774825200,0.27,0.273,0.27,0.2719,466992.61
1774828800,0.272,0.2768,0.2707,0.2739,163505.32
1774832400,0.2742,0.2802,0.2741,0.279,544133.26
1774836000,0.2791,0.2873,0.2775,0.2831,363791.75
1774839600,0.2831,0.2852,0.2816,0.2826,189815.26
1774843200,0.2827,0.2853,0.2822,0.2838,199891.39
1774846800,0.2837,0.2852,0.2806,0.2818,78165.82
1774850400,0.2819,0.2829,0.2797,0.2797,113217.28
1774854000,0.2796,0.2847,0.2796,0.2832,178339.55
1774857600,0.2829,0.2866,0.2823,0.2835,128205.02
1774861200,0.2834,0.284,0.2814,0.2814,69199.03
1774864800,0.2818,0.2868,0.2813,0.2848,45724.02
1774868400,0.2848,0.2868,0.2827,0.2833,75223.63
1774872000,0.2836,0.2836,0.2821,0.2832,79499.44
1774875600,0.2831,0.2836,0.2779,0.2782,97467.99
1774879200,0.2783,0.2811,0.2767,0.2803,32268.7
1774882800,0.2802,0.2805,0.2778,0.279,64580.73
1774886400,0.2789,0.2802,0.2782,0.2802,257025.24
1774890000,0.2803,0.2808,0.2741,0.2748,202713.12
1774893600,0.2749,0.2755,0.2713,0.2718,47457.65
1774897200,0.2719,0.2736,0.2703,0.2734,52728.46
1774900800,0.2733,0.2739,0.2718,0.2727,159560.76
1774904400,0.2729,0.2766,0.2727,0.2752,78627.61
1774908000,0.2753,0.276,0.2733,0.2734,124727.31
1774911600,0.2733,0.2733,0.2706,0.2717,108028.45
1774915200,0.2718,0.2754,0.2717,0.2745,140501.27
1774918800,0.2747,0.2779,0.2732,0.2759,187580.87
1774922400,0.2758,0.2795,0.2755,0.2776,120307.05
1774926000,0.2775,0.2775,0.2739,0.2748,165976.11
1774929600,0.2749,0.2765,0.2745,0.2749,146735.44
1774933200,0.2748,0.2771,0.2745,0.2757,57249.29
1774936800,0.2756,0.278,0.2752,0.2775,13515.15
1774940400,0.2776,0.2779,0.2755,0.2768,35591.38
1774944000,0.2765,0.2792,0.2748,0.2751,42921.67
1774947600,0.2752,0.2759,0.2717,0.2728,278429.31
1774951200,0.2729,0.274,0.2714,0.2714,15865.56
1774954800,0.2713,0.2738,0.2709,0.2736,50518.87
1774958400,0.2737,0.2746,0.2723,0.2728,28936.88
1774962000,0.2729,0.2772,0.2729,0.2764,100825.86
1774965600,0.2765,0.2789,0.2697,0.2707,63013.12
1774969200,0.2708,0.2742,0.2708,0.2722,105839.17
1774972800,0.2723,0.2799,0.2723,0.2778,48503.26
1774976400,0.2779,0.2788,0.2725,0.2733,672423.01
1774980000,0.2735,0.2755,0.273,0.2748,57682.44
1774983600,0.275,0.2754,0.2739,0.2744,27970.15
1774987200,0.2748,0.2767,0.2745,0.2763,24858.8
1774990800,0.2762,0.2813,0.275,0.276,1247284.89
1774994400,0.2761,0.2761,0.2735,0.2742,66500.96
1774998000,0.274,0.2763,0.2739,0.2758,343808
1775001600,0.276,0.2874,0.2751,0.2799,1116791.24
1775005200,0.28,0.285,0.2759,0.2763,1402608.98
1775008800,0.2762,0.2815,0.274,0.2756,1858941.29
1775012400,0.2762,0.2795,0.2758,0.279,136731.33
1775016000,0.2791,0.2803,0.2779,0.2782,52819.81
1775019600,0.278,0.2816,0.2769,0.2801,94239.45
1775023200,0.2803,0.2827,0.2802,0.282,107360.49
1775026800,0.2818,0.2829,0.2795,0.2799,39915.5
1775030400,0.28,0.282,0.2786,0.2803,41518.06
1775034000,0.2802,0.2809,0.2778,0.2797,11533.75
1775037600,0.2797,0.2824,0.2797,0.2807,15961.3
1775041200,0.281,0.2831,0.2805,0.2823,59005.17
1775044800,0.2822,0.285,0.2813,0.2827,109524.15
1775048400,0.2825,0.2832,0.2778,0.2784,28332.63
1775052000,0.2783,0.283,0.2781,0.2819,255143.76
1775055600,0.2822,0.2842,0.282,0.2842,124136.91
1775059200,0.2839,0.2839,0.2798,0.2805,59469.46
1775062800,0.2806,0.2867,0.2783,0.2788,794396.94
1775066400,0.2786,0.2792,0.2769,0.2773,108182.08
1775070000,0.2774,0.2791,0.2772,0.2781,8010.81
1775073600,0.2782,0.2787,0.2759,0.278,135151.96
1775077200,0.2784,0.281,0.2784,0.2802,38007.64
1775080800,0.2804,0.2805,0.2762,0.2766,225078.24
1775084400,0.2763,0.2789,0.2763,0.2778,27396.51
1775088000,0.2779,0.2805,0.2775,0.2796,88663.53
1775091600,0.2794,0.2794,0.2695,0.2711,185388.18
1775095200,0.271,0.2712,0.2664,0.2684,79758.3
1775098800,0.2685,0.2705,0.2666,0.2675,20462.45
1775102400,0.2676,0.2694,0.2674,0.2681,31516.51
1775106000,0.2681,0.2711,0.2674,0.2698,22095.47
1775109600,0.2697,0.2717,0.2693,0.271,16397.83
1775113200,0.2709,0.2727,0.2696,0.2696,34741.68
1775116800,0.2695,0.271,0.2682,0.2685,4326.5
1775120400,0.2687,0.2696,0.2672,0.2694,43234.16
1775124000,0.2695,0.2695,0.2676,0.2679,13994.12
1775127600,0.2678,0.2685,0.2664,0.2675,30279.9
1775131200,0.2678,0.2679,0.2647,0.266,98114.74
1775134800,0.2658,0.2665,0.2611,0.2626,288857.64
1775138400,0.2629,0.2701,0.262,0.2685,46298.54
1775142000,0.2685,0.2701,0.2653,0.2665,28503.1
1775145600,0.2667,0.2693,0.2652,0.2675,35278.52
1775149200,0.267,0.27,0.2648,0.2655,122598.82
1775152800,0.2656,0.2682,0.2649,0.2672,15838.78
1775156400,0.2671,0.2677,0.2653,0.2667,113479.14
1775160000,0.2666,0.2701,0.2663,0.2681,12528.06
1775163600,0.268,0.2681,0.2652,0.2658,34664.59
1775167200,0.2661,0.2676,0.2657,0.2669,16077.17
1775170800,0.2668,0.2682,0.2668,0.2682,38800.18
1775174400,0.2683,0.2687,0.2659,0.2663,31076.98
1775178000,0.2662,0.2662,0.2636,0.2656,61408.11
1775181600,0.2655,0.267,0.2645,0.2666,58192.19
1775185200,0.2666,0.267,0.2658,0.2664,31779.22
1775188800,0.2663,0.2684,0.2661,0.2684,126815.35
1775192400,0.2684,0.271,0.2675,0.2704,46232.3
1775196000,0.2704,0.2722,0.2692,0.2714,26832.88
1775199600,0.2713,0.2719,0.27,0.2707,20462.95
1775203200,0.2708,0.2732,0.2708,0.2715,36256.38
1775206800,0.2717,0.2731,0.271,0.2724,8720.06
1775210400,0.2724,0.2724,0.2707,0.2723,4473.52
1775214000,0.2722,0.2731,0.2714,0.2731,9643.43
1775217600,0.2732,0.2754,0.2701,0.2716,89971
1775221200,0.2715,0.2718,0.2701,0.2711,24252.87
1775224800,0.271,0.2726,0.2704,0.2723,31449.79
1775228400,0.2722,0.2731,0.2692,0.27,15054.98
1775232000,0.2701,0.272,0.27,0.2717,29810.11
1775235600,0.2715,0.272,0.2703,0.2706,13610.84
1775239200,0.2704,0.2711,0.2685,0.2689,14571.67
1775242800,0.2687,0.2688,0.2669,0.2681,37242.86
1775246400,0.2684,0.269,0.2672,0.2681,21915.24
1775250000,0.2682,0.2689,0.2651,0.2665,128107.77
1775253600,0.2664,0.2669,0.265,0.2659,33803.68
1775257200,0.2658,0.2666,0.2646,0.2663,30855.88
1775260800,0.2663,0.2667,0.2651,0.2654,28376.16
1775264400,0.2654,0.2662,0.2644,0.2652,131169.45
1775268000,0.2652,0.266,0.2634,0.2641,12572.86
1775271600,0.2641,0.2651,0.2641,0.2649,31426.67
1775275200,0.2648,0.2659,0.2647,0.2655,12934.04
1775278800,0.2655,0.2655,0.2644,0.2646,14063.35
1775282400,0.2647,0.2661,0.264,0.2656,18974.32
1775286000,0.2658,0.2658,0.264,0.2641,22376.68
1775289600,0.2641,0.2643,0.2602,0.261,45703.92
1775293200,0.2611,0.2612,0.2594,0.2609,82567.83
1775296800,0.261,0.2617,0.2605,0.2608,32504.87
1775300400,0.2609,0.2619,0.2607,0.2612,19872.28
1775304000,0.2614,0.264,0.2614,0.2632,24824.76
1775307600,0.2634,0.2648,0.2623,0.2623,23072.05
1775311200,0.2623,0.2625,0.2602,0.2622,130811.58
1775314800,0.2623,0.2643,0.2618,0.2626,86352.18
1775318400,0.2625,0.2638,0.2611,0.2612,65593.09
1775322000,0.2614,0.2655,0.2608,0.2645,27806.33
1775325600,0.2646,0.2651,0.2619,0.2622,27422.13
1775329200,0.2623,0.2655,0.2623,0.2631,148559.26
1775332800,0.263,0.2632,0.2622,0.2625,29413.88
1775336400,0.2626,0.2632,0.262,0.2626,36395.16
1775340000,0.2627,0.2628,0.2611,0.2611,18459.38
1775343600,0.2611,0.2611,0.2561,0.258,244937.72
1775347200,0.258,0.259,0.2562,0.2586,47632.54
1775350800,0.2587,0.259,0.2566,0.2566,5382.57
1775354400,0.2564,0.2576,0.2556,0.2571,53039.43
1775358000,0.2571,0.2573,0.2563,0.2569,18663.82
1775361600,0.2567,0.2569,0.2538,0.2547,113425.89
1775365200,0.2548,0.2556,0.2523,0.2527,30751.34
1775368800,0.2527,0.2529,0.2505,0.2516,76164.47
1775372400,0.2519,0.252,0.2478,0.2487,79823.31
1775376000,0.2489,0.2499,0.2489,0.2497,34698.82
1775379600,0.2498,0.2512,0.2498,0.2505,127885.57
1775383200,0.2506,0.2507,0.2462,0.2469,88334.06
1775386800,0.2471,0.249,0.2466,0.249,59016.98
1775390400,0.249,0.249,0.2455,0.2469,29038.18
1775394000,0.247,0.2476,0.2448,0.247,650051.36
1775397600,0.2469,0.2478,0.2461,0.2471,118218.33
1775401200,0.247,0.251,0.2459,0.2486,163546.93
1775404800,0.2485,0.2511,0.2482,0.2482,97076.52
1775408400,0.2483,0.2492,0.2471,0.2488,190459.38
1775412000,0.2489,0.2489,0.2471,0.2471,251229.51
1775415600,0.2472,0.2473,0.2418,0.2449,308137.62
1775419200,0.2448,0.2452,0.2421,0.2428,140259.95
1775422800,0.2426,0.2426,0.2391,0.2413,341361.06
1775426400,0.2411,0.2453,0.2409,0.2452,160617.25
1775430000,0.2451,0.2493,0.2432,0.2488,241050.31
1775433600,0.2489,0.2528,0.2489,0.2499,257409.3
1775437200,0.2499,0.25,0.2468,0.2479,89772.75
1775440800,0.248,0.2532,0.2479,0.2523,227054.18
1775444400,0.2522,0.253,0.2513,0.253,54849.93
1775448000,0.2531,0.2538,0.2507,0.2512,28400.44
1775451600,0.2514,0.2514,0.2482,0.2482,52429.91
1775455200,0.2481,0.2484,0.2459,0.2479,122003.97
1775458800,0.2478,0.248,0.2457,0.2476,29002.97
1775462400,0.2477,0.2512,0.2472,0.2485,32370.83
1775466000,0.2484,0.2525,0.248,0.2521,45918.64
1775469600,0.2522,0.2547,0.2522,0.2545,171271.04
1775473200,0.2546,0.256,0.2533,0.2538,52655.53
1775476800,0.2536,0.2544,0.2522,0.2542,32258.6
1775480400,0.2541,0.2565,0.2534,0.2547,383870.85
1775484000,0.2549,0.2563,0.2502,0.253,46316.37
1775487600,0.2531,0.2553,0.2511,0.2539,113726.65
1775491200,0.254,0.2549,0.2514,0.252,177605.7
1775494800,0.2519,0.2521,0.249,0.2505,306402.4
1775498400,0.2505,0.2542,0.2503,0.2538,94693.69
1775502000,0.2545,0.2545,0.2504,0.2509,24804.25
1775505600,0.2508,0.2522,0.2498,0.2515,58734.36
1775509200,0.2513,0.2513,0.2478,0.2485,50124.42
1775512800,0.2482,0.2485,0.2425,0.2425,182366.25
1775516400,0.2425,0.244,0.2411,0.243,305030.29
1775520000,0.2432,0.2453,0.2421,0.2427,386579.09
1775523600,0.2434,0.2448,0.2412,0.2416,88526.2
1775527200,0.2415,0.2427,0.2397,0.2419,91290.86
1775530800,0.242,0.2435,0.242,0.2427,34350.17
1775534400,0.2427,0.245,0.2415,0.2444,25048.19
1775538000,0.2445,0.2453,0.2429,0.2436,81454.44
1775541600,0.2433,0.2458,0.2418,0.245,40772.14
1775545200,0.2452,0.246,0.2439,0.2447,148893.37
1775548800,0.2449,0.2472,0.2449,0.247,77695.66
1775552400,0.2471,0.2484,0.2462,0.248,160340.25
1775556000,0.2481,0.2498,0.2452,0.2457,103101.1
1775559600,0.2456,0.2474,0.2454,0.2454,64290.85
1775563200,0.2454,0.2461,0.2432,0.245,95519.26
1775566800,0.2451,0.2476,0.2448,0.2449,76804.5
1775570400,0.245,0.247,0.2431,0.244,105202.9
1775574000,0.244,0.2447,0.2423,0.243,62964.97
1775577600,0.2432,0.2446,0.2419,0.2433,48057.97
1775581200,0.2435,0.2517,0.2433,0.2516,93418.81
1775584800,0.2518,0.2562,0.2495,0.2504,416443.79
1775588400,0.2503,0.2563,0.2489,0.2561,209763.77
1775592000,0.2561,0.2577,0.2547,0.2558,243173.93
1775595600,0.2557,0.2671,0.2553,0.2656,508948.3
1775599200,0.2657,0.2714,0.2624,0.2714,329352.95
1775602800,0.2715,0.2749,0.2682,0.2705,400051.5
1775606400,0.2707,0.2714,0.2631,0.2648,309936.17
1775610000,0.2647,0.2656,0.2628,0.2634,217389.96
1775613600,0.2635,0.2653,0.2609,0.2616,129346.45
1775617200,0.2614,0.2634,0.2609,0.2625,43499.44
1775620800,0.2627,0.2643,0.2619,0.2631,41462.2
1775624400,0.2631,0.2662,0.2628,0.2652,49317.9
1775628000,0.2651,0.2666,0.2635,0.2639,67001.64
1775631600,0.2641,0.2651,0.2629,0.263,14261.66
1775635200,0.2629,0.2637,0.2622,0.2633,39077.48
1775638800,0.2633,0.2636,0.2618,0.2631,27210.25
1775642400,0.2633,0.2643,0.2625,0.2625,35438.9
1775646000,0.2627,0.2641,0.2602,0.2618,29241
1775649600,0.2618,0.2631,0.26,0.2631,83612.34
1775653200,0.2632,0.266,0.263,0.2635,104479.86
1775656800,0.2631,0.2638,0.2579,0.259,546267.43
1775660400,0.2588,0.2643,0.2576,0.2642,969414.4
1775664000,0.264,0.2683,0.2639,0.2669,1021243.38
1775667600,0.2669,0.2695,0.2646,0.2663,1019811.96
1775671200,0.2662,0.2678,0.259,0.259,320086.61
1775674800,0.2589,0.2598,0.2573,0.2595,51930.35
1775678400,0.2596,0.2607,0.2586,0.26,96899.3
1775682000,0.2598,0.2623,0.2592,0.2594,30879.27
1775685600,0.2594,0.2603,0.2577,0.2577,85074.82
1775689200,0.2576,0.2585,0.2559,0.2568,54366.28
1775692800,0.2568,0.2573,0.254,0.2554,79916.16
1775696400,0.2555,0.2555,0.2526,0.2549,143323.22
1775700000,0.255,0.2574,0.2534,0.2566,92296.33
1775703600,0.2567,0.2569,0.2542,0.2542,25473.07
1775707200,0.2541,0.2561,0.2536,0.2553,13134.36
1775710800,0.2554,0.2571,0.2551,0.2558,19784.22
1775714400,0.2559,0.2571,0.2559,0.2571,5666.11
1775718000,0.2572,0.2577,0.2556,0.2558,17464.67
1775721600,0.2557,0.2571,0.2554,0.256,88109.09
1775725200,0.2559,0.2619,0.255,0.2605,223599.21
1775728800,0.2608,0.2627,0.2593,0.2623,413259.9
1775732400,0.2623,0.2642,0.26,0.26,276505.46
1775736000,0.2601,0.2609,0.259,0.2605,42410.37
1775739600,0.2603,0.2624,0.2595,0.2621,348248.03
1775743200,0.262,0.2652,0.2595,0.2649,51353.23
1775746800,0.265,0.2706,0.2621,0.2683,183536.22
1775750400,0.2684,0.2699,0.2643,0.2665,191708.94
1775754000,0.2665,0.269,0.2653,0.2684,56081.21
1775757600,0.2682,0.2686,0.2664,0.2685,153706.43
1775761200,0.2686,0.2706,0.2681,0.27,253103.37
1775764800,0.2703,0.2736,0.2694,0.2708,78857.89
1775768400,0.2708,0.2729,0.2697,0.2713,80757.94
1775772000,0.2716,0.2782,0.2711,0.2711,321550.41
1775775600,0.2709,0.2713,0.2672,0.2675,43481.71
1775779200,0.2673,0.2683,0.2656,0.2664,24591.3
1775782800,0.2662,0.2698,0.2648,0.2676,45164.73
1775786400,0.2677,0.2708,0.2677,0.2682,31976.07
1775790000,0.2683,0.269,0.2665,0.2672,20875.92
1775793600,0.2673,0.2716,0.2673,0.2702,44328.73
1775797200,0.2704,0.2711,0.2682,0.2708,19421.96
1775800800,0.2707,0.2728,0.2687,0.2691,149714.37
1775804400,0.269,0.2702,0.268,0.2694,29168.14
1775808000,0.2695,0.2701,0.2667,0.2677,15107.56
1775811600,0.2679,0.27,0.2679,0.2685,22807.94
1775815200,0.2687,0.2696,0.267,0.267,29323.87
1775818800,0.2669,0.2691,0.2669,0.2683,84484.6
1775822400,0.2684,0.271,0.2679,0.2685,282887.66
1775826000,0.2684,0.2706,0.2671,0.269,194248.63
1775829600,0.2687,0.2706,0.267,0.2705,149655.16
1775833200,0.2706,0.2829,0.2705,0.2778,1204499.14
1775836800,0.2779,0.2799,0.2738,0.2762,143220.49
1775840400,0.2761,0.2778,0.2729,0.2729,30302.82
1775844000,0.2732,0.2788,0.2732,0.2787,37281.01
1775847600,0.2789,0.2813,0.2777,0.2803,165443.38
1775851200,0.2809,0.285,0.2805,0.285,280637.92
1775854800,0.285,0.2852,0.2791,0.2809,166625.38
1775858400,0.2806,0.2818,0.2786,0.279,55514.55
1775862000,0.2791,0.2807,0.2787,0.2792,173688.58
1775865600,0.279,0.2795,0.2773,0.2791,106533.05
1775869200,0.2792,0.2803,0.2774,0.2801,28541.56
1775872800,0.2801,0.2865,0.2799,0.2831,201999.67
1775876400,0.2831,0.2851,0.281,0.282,95950.57
1775880000,0.2821,0.2843,0.2801,0.2841,50425.86
1775883600,0.2842,0.2842,0.281,0.2817,41242.81
1775887200,0.2818,0.2837,0.2804,0.2817,48544.21
1775890800,0.2816,0.2839,0.2816,0.2829,13835.8
1775894400,0.283,0.2841,0.2817,0.2821,31479.16
1775898000,0.2822,0.2874,0.2819,0.286,414408.26
1775901600,0.2861,0.2872,0.2807,0.2808,56325.93
1775905200,0.281,0.2835,0.281,0.2814,44893.22
1775908800,0.2812,0.2817,0.2789,0.2791,34836.82
1775912400,0.2792,0.2825,0.2751,0.2819,320705.23
1775916000,0.2821,0.2854,0.2802,0.2848,154519.89
1775919600,0.2846,0.2941,0.2845,0.2931,579378.93
1775923200,0.2935,0.2951,0.2895,0.2902,198109.69
1775926800,0.2896,0.2904,0.2871,0.2888,95805.73
1775930400,0.2887,0.2978,0.2867,0.2975,363532.34
1775934000,0.2975,0.3026,0.2969,0.2986,599087.95
1775937600,0.2988,0.3028,0.2969,0.3011,472824.18
1775941200,0.301,0.3013,0.2976,0.2996,74583.85
1775944800,0.2997,0.303,0.2979,0.3002,113269.66
1775948400,0.3001,0.3008,0.2965,0.2987,282682.54
1775952000,0.2984,0.2997,0.294,0.2975,248976.71
1775955600,0.2979,0.3007,0.282,0.2837,826462.54
1775959200,0.2836,0.2895,0.2833,0.288,168545.58
1775962800,0.2887,0.2913,0.2878,0.2883,52428.46
1775966400,0.2884,0.2909,0.2873,0.2887,88277.47
1775970000,0.2887,0.289,0.2828,0.2877,56691.22
1775973600,0.2879,0.2908,0.2855,0.2863,123466.97
1775977200,0.2862,0.2888,0.2856,0.2877,56241.25
1775980800,0.2875,0.2907,0.2874,0.2905,59386.99
1775984400,0.2905,0.2925,0.2891,0.2918,56087.97
1775988000,0.2917,0.2957,0.2916,0.293,55553.36
1775991600,0.2931,0.2967,0.2913,0.2924,94672.05
1775995200,0.2922,0.2923,0.2888,0.2901,146909.26
1775998800,0.2903,0.2915,0.2844,0.2845,44765.73
1776002400,0.285,0.2883,0.2839,0.2847,147675.09
1776006000,0.2846,0.2871,0.2834,0.2857,335551.33
1776009600,0.2855,0.2895,0.2855,0.2875,89402.87
1776013200,0.2876,0.2956,0.2876,0.2943,30169.13
1776016800,0.2945,0.2956,0.2925,0.2936,67385.46
1776020400,0.2935,0.2959,0.2906,0.2922,30980.87
1776024000,0.292,0.2949,0.2912,0.2931,33124.22
1776027600,0.293,0.2936,0.289,0.2902,27463.71
1776031200,0.2902,0.2902,0.2857,0.2884,55782.56
1776034800,0.2883,0.2899,0.2878,0.2891,208660.74
1776038400,0.2889,0.2947,0.2882,0.2918,53028.71
1776042000,0.2919,0.3022,0.2919,0.2995,372478.25
1776045600,0.2994,0.3029,0.2956,0.2956,322820.46
1776049200,0.2955,0.2957,0.2923,0.2936,105830.49
1776052800,0.2937,0.2967,0.2915,0.2932,500666
1776056400,0.2932,0.2932,0.2893,0.2922,53239.08
1776060000,0.2923,0.2963,0.2921,0.2947,221760.8
1776063600,0.2944,0.2945,0.2908,0.2909,57134.33
1776067200,0.2908,0.292,0.2885,0.2908,47838.6
1776070800,0.2907,0.2935,0.2907,0.2935,24849.82
1776074400,0.2933,0.2943,0.2912,0.2943,38763.8
1776078000,0.2938,0.2994,0.2926,0.2991,81735.77
1776081600,0.2992,0.3066,0.2982,0.3034,230107.72
1776085200,0.3033,0.314,0.3018,0.3135,211834.92
1776088800,0.3134,0.3143,0.3024,0.3031,413889.65
1776092400,0.303,0.303,0.2928,0.2954,256272.13
1776096000,0.2953,0.3011,0.2948,0.2978,165446.11
1776099600,0.2977,0.2995,0.295,0.2951,196229.04
1776103200,0.2951,0.2986,0.2941,0.2983,59738.93
1776106800,0.2984,0.3014,0.2976,0.2999,46378.66
1776110400,0.2998,0.3019,0.2978,0.3001,210842.12
1776114000,0.2999,0.3032,0.2994,0.3027,59715.73
1776117600,0.3025,0.3129,0.3025,0.3113,1072431.34
1776121200,0.3109,0.3122,0.3083,0.3122,104325.78
1776124800,0.312,0.312,0.3086,0.3091,55409.64
1776128400,0.3089,0.3122,0.3075,0.3122,72063.96
1776132000,0.312,0.3181,0.312,0.3146,111289.91
1776135600,0.3145,0.3198,0.3133,0.3172,134420.77
1776139200,0.3171,0.3189,0.3148,0.3148,133989.31
1776142800,0.3149,0.318,0.3118,0.3164,329627.33
1776146400,0.3165,0.3207,0.3163,0.3201,146716.21
1776150000,0.3202,0.3283,0.3198,0.3253,326415.32
1776153600,0.3254,0.3266,0.3161,0.3169,296689.26
1776157200,0.317,0.3231,0.3163,0.322,89629.3
1776160800,0.3219,0.3243,0.3161,0.3182,48307.36
1776164400,0.3183,0.3191,0.3119,0.3119,181751.13
1776168000,0.3125,0.3167,0.3107,0.3159,122943.62
1776171600,0.3159,0.3197,0.314,0.3191,107301.75
1776175200,0.3192,0.3192,0.3094,0.3117,132564.93
1776178800,0.3118,0.3133,0.3097,0.3097,55078.23
1776182400,0.3096,0.3099,0.3069,0.3082,78932.18
1776186000,0.308,0.309,0.3046,0.3057,45386.97
1776189600,0.3057,0.306,0.2968,0.297,177755.13
1776193200,0.2969,0.2984,0.2944,0.2964,43096.8
1776196800,0.2961,0.2969,0.2946,0.2959,71989.71
1776200400,0.2961,0.297,0.2922,0.295,58925.8
1776204000,0.2952,0.2967,0.2936,0.2944,37088.03
1776207600,0.2943,0.2973,0.2943,0.2966,17347.92
1776211200,0.2968,0.298,0.2925,0.293,78388.94
1776214800,0.293,0.2994,0.293,0.2986,83726.59
1776218400,0.2985,0.3002,0.2961,0.2977,97365.6
1776222000,0.2978,0.2991,0.2963,0.2982,13122.07
1776225600,0.2982,0.303,0.2982,0.3023,103789.88
1776229200,0.3023,0.3032,0.2977,0.2996,102719.93
1776232800,0.2995,0.2995,0.2967,0.297,59955.08
1776236400,0.2971,0.2977,0.294,0.2951,39973.18
1776240000,0.2948,0.2969,0.294,0.2961,43196.43
1776243600,0.2962,0.2968,0.2945,0.295,10927.28
1776247200,0.2951,0.2993,0.295,0.2967,45619.2
1776250800,0.2967,0.3015,0.2965,0.2986,81010.14
1776254400,0.2985,0.2995,0.2977,0.2991,20678.58
1776258000,0.2991,0.2991,0.2956,0.2958,25806.97
1776261600,0.2959,0.2989,0.2949,0.2984,214299.8
1776265200,0.298,0.298,0.2933,0.2962,63765.42
1776268800,0.2964,0.3023,0.2964,0.3016,72182.24
1776272400,0.3017,0.3031,0.2996,0.3,47254.49
1776276000,0.3,0.302,0.2993,0.3008,48829.45
1776279600,0.3007,0.3049,0.2993,0.3024,42042.35
1776283200,0.3023,0.3046,0.301,0.3046,52411.64
1776286800,0.3047,0.3068,0.3029,0.3056,58422.32
1776290400,0.3053,0.3097,0.3047,0.3066,413886.41
1776294000,0.3064,0.3064,0.3037,0.3053,47011.1
1776297600,0.3054,0.306,0.3029,0.3055,26519.95
1776301200,0.3058,0.3094,0.3041,0.3086,40911.98
1776304800,0.3088,0.3125,0.3088,0.3088,35380.88
1776308400,0.3087,0.3133,0.3081,0.311,227990.89
1776312000,0.3111,0.3124,0.3078,0.3086,44807.87
1776315600,0.3086,0.311,0.3075,0.3085,50033.04
1776319200,0.3088,0.3092,0.3071,0.309,21084.32
1776322800,0.3091,0.3125,0.3083,0.3113,39429.85
1776326400,0.3115,0.3117,0.3059,0.3068,12024.26
1776330000,0.3067,0.3095,0.3064,0.3073,43200.52
1776333600,0.3075,0.3091,0.3054,0.3079,36731.95
1776337200,0.3078,0.3108,0.3072,0.3097,54599.31
1776340800,0.3099,0.3136,0.3099,0.3135,74288.19
1776344400,0.3132,0.3185,0.3041,0.3093,253812.22
1776348000,0.3094,0.3131,0.3063,0.3114,108919.97
1776351600,0.3117,0.3252,0.3117,0.3206,390175.11
1776355200,0.3207,0.3213,0.3137,0.3142,131001.96
1776358800,0.3141,0.3153,0.3101,0.3126,114575.45
1776362400,0.3124,0.3191,0.3121,0.3189,98014.67
1776366000,0.319,0.3216,0.3175,0.3198,95718.75
1776369600,0.3197,0.3224,0.3171,0.3189,266594.22
1776373200,0.3188,0.3227,0.315,0.3227,42914.07
1776376800,0.3229,0.3299,0.3227,0.3272,219601.92
1776380400,0.3271,0.3286,0.3248,0.3254,72772.47
1776384000,0.3255,0.3256,0.3219,0.3237,50165.64
1776387600,0.3238,0.3247,0.3174,0.3192,67073.99
1776391200,0.3191,0.3205,0.3161,0.3194,45318.99
1776394800,0.3196,0.321,0.3184,0.3192,832545.99
1776398400,0.3192,0.321,0.3174,0.3181,842528.33
1776402000,0.3182,0.3195,0.3132,0.3153,1005471.94
1776405600,0.3154,0.3207,0.3154,0.3186,1028248.29
1776409200,0.3184,0.3206,0.3184,0.3194,226690.09
1776412800,0.3193,0.3209,0.3173,0.3185,127590.4
1776416400,0.3183,0.3205,0.3165,0.317,13877.52
1776420000,0.3169,0.3178,0.3118,0.3126,183043.54
1776423600,0.3124,0.3124,0.3052,0.3064,503768.56
1776427200,0.3065,0.3105,0.3055,0.3096,108925.12
1776430800,0.3094,0.3188,0.309,0.3179,263081.82
1776434400,0.3182,0.3189,0.3129,0.3129,160741.12
1776438000,0.3129,0.3129,0.2964,0.299,801278.13
1776441600,0.299,0.3054,0.2989,0.3048,373111.54
1776445200,0.3047,0.3072,0.2938,0.2957,1188997.65
1776448800,0.2956,0.2983,0.283,0.2853,2021405.82
1776452400,0.285,0.2888,0.2837,0.288,578412.34
1776456000,0.2879,0.289,0.2851,0.2858,190277.56
1776459600,0.286,0.2881,0.2818,0.2843,230658.17
1776463200,0.2842,0.285,0.2784,0.2818,713031.63
1776466800,0.282,0.2828,0.2794,0.2807,157444.29
1776470400,0.2806,0.2858,0.2795,0.2854,164832.23
1776474000,0.2853,0.2866,0.2799,0.2808,317024.35
1776477600,0.2809,0.2836,0.2798,0.2822,997400.79
1776481200,0.2822,0.2838,0.2807,0.2837,305553.85
1776484800,0.2834,0.288,0.2813,0.2827,586075.48
1776488400,0.2828,0.2848,0.2824,0.2843,61415.17
1776492000,0.2842,0.288,0.2836,0.2868,128603.82
1776495600,0.2869,0.2879,0.2838,0.2858,110372.42
1776499200,0.2857,0.2862,0.2804,0.2841,113857.74
1776502800,0.284,0.2847,0.2821,0.2834,31006
1776506400,0.2832,0.2832,0.2772,0.2782,198483.58
1776510000,0.2783,0.2783,0.2737,0.2757,298315.79
1776513600,0.2756,0.2775,0.2745,0.2772,163194.29
1776517200,0.2771,0.2778,0.2719,0.2761,470547.06
1776520800,0.2762,0.277,0.2749,0.2761,154441.52
1776524400,0.276,0.2772,0.2724,0.2735,115028.89
1776528000,0.2734,0.2741,0.2678,0.269,125805.76
1776531600,0.269,0.2712,0.2675,0.2701,85130.65
1776535200,0.2701,0.2704,0.2662,0.2665,101613.63
1776538800,0.2666,0.2678,0.2649,0.2665,119162.79
1776542400,0.2664,0.2664,0.2631,0.2642,110780.57
1776546000,0.2642,0.2672,0.2642,0.2667,119136.76
1776549600,0.2666,0.2673,0.2655,0.2667,45895.75
1776553200,0.2666,0.2674,0.2626,0.2638,66995.2
1776556800,0.2637,0.2646,0.2604,0.2628,63609.13
1776560400,0.2629,0.2644,0.2619,0.263,94254.36
1776564000,0.2631,0.2635,0.2588,0.2618,110368.39
1776567600,0.2617,0.263,0.2604,0.2619,145033.89
1776571200,0.2618,0.262,0.2592,0.2607,35476.72
1776574800,0.2607,0.2608,0.2593,0.2593,47728.36
1776578400,0.2592,0.2622,0.2584,0.2622,36135.78
1776582000,0.2623,0.2625,0.2591,0.2609,106143.89
1776585600,0.261,0.2614,0.2598,0.2606,68619.88
1776589200,0.2607,0.2645,0.2603,0.2617,184267
1776592800,0.2615,0.2633,0.2605,0.2622,132109.38
1776596400,0.2619,0.2653,0.2617,0.2644,24455.98
1776600000,0.2648,0.2676,0.2648,0.2672,47141.73
1776603600,0.2671,0.2705,0.2664,0.2668,79297.04
1776607200,0.2669,0.2703,0.2667,0.2693,145040.31
1776610800,0.2692,0.2697,0.2628,0.2664,130521.6
1776614400,0.2665,0.2665,0.2639,0.265,144142.09
1776618000,0.2651,0.2651,0.2609,0.2622,247659.71
1776621600,0.2618,0.263,0.2607,0.2629,409753.72
1776625200,0.263,0.2641,0.2612,0.2619,39060.47
1776628800,0.2619,0.2626,0.2604,0.2622,68501.44
1776632400,0.2621,0.2626,0.2591,0.2603,181029.73
1776636000,0.2602,0.2602,0.2562,0.2592,173965.58
1776639600,0.2591,0.2595,0.2575,0.2592,21473.57
1776643200,0.2591,0.2633,0.259,0.2617,37727.91
1776646800,0.2615,0.2642,0.2612,0.263,23943.68
1776650400,0.2628,0.2633,0.2608,0.2632,59141.35
1776654000,0.2633,0.2637,0.2616,0.2633,18072.34
1776657600,0.2631,0.2639,0.2627,0.2628,31648.9
1776661200,0.2627,0.2627,0.2586,0.2612,103497.33
1776664800,0.2615,0.2624,0.2604,0.2613,25295.77
1776668400,0.261,0.266,0.2608,0.2627,37499.47
1776672000,0.2624,0.2629,0.2612,0.2618,80004.65
1776675600,0.2617,0.2642,0.2611,0.2627,29742.49
1776679200,0.2629,0.2645,0.2629,0.2635,49035.97
1776682800,0.2636,0.2648,0.263,0.2635,47928.27
1776686400,0.2633,0.2659,0.2628,0.2654,22424.41
1776690000,0.2655,0.2659,0.2633,0.2645,36549.87
1776693600,0.2645,0.266,0.2618,0.2629,31099.72
1776697200,0.263,0.2646,0.2613,0.263,42149.74
1776700800,0.2631,0.2641,0.2616,0.2639,34841.35
1776704400,0.2634,0.2657,0.263,0.2647,312958.81
1776708000,0.2646,0.2678,0.2646,0.2669,94689.9
1776711600,0.2669,0.2675,0.2655,0.267,243728.26
1776715200,0.2671,0.2697,0.2667,0.2683,165375.52
1776718800,0.2684,0.2691,0.2661,0.2671,155570.11
1776722400,0.2672,0.2673,0.2652,0.2653,41836.14
1776726000,0.2652,0.2652,0.264,0.2646,106094.43
1776729600,0.2647,0.2663,0.264,0.2659,74552.36
1776733200,0.2658,0.2666,0.2647,0.2648,103880.51
1776736800,0.2647,0.2655,0.2635,0.2645,17686.4
1776740400,0.2644,0.2644,0.2624,0.2634,161264.7
1776744000,0.2634,0.2636,0.2624,0.2635,61123.98
1776747600,0.2636,0.2646,0.2635,0.2639,12317.34
1776751200,0.2638,0.2643,0.2619,0.2628,14880.87
1776754800,0.2627,0.2645,0.2623,0.2632,17621.42
1776758400,0.2634,0.2653,0.2632,0.2638,47009.09
1776762000,0.2637,0.266,0.2637,0.266,35700.92
1776765600,0.2657,0.2659,0.2644,0.2648,21555.67
1776769200,0.2647,0.2666,0.2645,0.2646,8349.15
1776772800,0.2648,0.265,0.2617,0.2633,51779.93
1776776400,0.2633,0.2635,0.2616,0.2625,138287.52
1776780000,0.263,0.2656,0.2619,0.2623,89842.24
1776783600,0.2624,0.2644,0.2616,0.2643,11068.32
1776787200,0.2641,0.2641,0.2616,0.2616,14212.82
1776790800,0.2615,0.2626,0.259,0.2617,44194.31
1776794400,0.2618,0.262,0.2588,0.2603,71917.08
1776798000,0.2604,0.2623,0.2574,0.2588,118547.33
1776801600,0.2589,0.2629,0.2589,0.2612,160979.67
1776805200,0.2611,0.2612,0.2599,0.2608,77517.85
1776808800,0.2609,0.2613,0.2583,0.2597,52977.98
1776812400,0.2598,0.2625,0.2598,0.262,40034.43
1776816000,0.2622,0.263,0.2608,0.2612,49883.31
1776819600,0.2611,0.2615,0.2597,0.2605,23414.19
1776823200,0.2602,0.2649,0.26,0.2649,92051.97
1776826800,0.2646,0.2648,0.263,0.2638,5281.9
1776830400,0.2639,0.2653,0.2634,0.2647,35773.84
1776834000,0.2648,0.2686,0.2645,0.2659,100801.79
1776837600,0.2661,0.2673,0.2653,0.2665,59765.98
1776841200,0.2666,0.268,0.2649,0.2679,49153.07
1776844800,0.268,0.2709,0.2671,0.2692,43051.98
1776848400,0.2692,0.2706,0.2679,0.2688,545405.88
1776852000,0.2687,0.2699,0.2673,0.2685,73776.81
1776855600,0.2687,0.27,0.268,0.2698,43789.42
1776859200,0.2699,0.2702,0.2672,0.2676,92208.23
1776862800,0.2677,0.2696,0.2667,0.2682,136081.8
1776866400,0.2684,0.2701,0.2681,0.2694,181523.05
1776870000,0.2693,0.2702,0.2677,0.2677,98632.43
1776873600,0.2679,0.2708,0.2676,0.2701,138037.64
1776877200,0.2703,0.2714,0.2682,0.2714,31160.32
1776880800,0.2714,0.2738,0.2702,0.2702,76354.49
1776884400,0.2701,0.2736,0.2684,0.2708,361904.45
1776888000,0.2707,0.2718,0.2683,0.2692,56084.77
1776891600,0.2692,0.2715,0.2687,0.2705,97508.63
1776895200,0.2705,0.2705,0.2661,0.2666,60660.84
1776898800,0.2665,0.2667,0.2633,0.2636,39458.81
1776902400,0.2637,0.2646,0.259,0.2636,134810.7
1776906000,0.2638,0.2653,0.2628,0.2646,139856.14
1776909600,0.2647,0.2651,0.2599,0.2615,47316.11
1776913200,0.2617,0.2622,0.2599,0.2621,42486.35
1776916800,0.2622,0.2633,0.2615,0.2626,61453.46
1776920400,0.2627,0.2643,0.2618,0.2634,37772.92
1776924000,0.2635,0.2654,0.2635,0.2641,11696.22
1776927600,0.2642,0.2645,0.2619,0.2622,35525.73
1776931200,0.2624,0.2635,0.2614,0.2629,49688.7
1776934800,0.2628,0.2628,0.2605,0.2615,28904.9
1776938400,0.2613,0.2613,0.2592,0.2603,39143.12
1776942000,0.2604,0.2621,0.2602,0.2611,32036.2
1776945600,0.2612,0.262,0.2597,0.2612,41895.01
1776949200,0.2612,0.2616,0.2602,0.261,15051.19
1776952800,0.261,0.2617,0.2604,0.2614,127853.59
1776956400,0.2616,0.2635,0.2607,0.2629,68608.83
1776960000,0.2629,0.2629,0.2611,0.2618,28937.02
1776963600,0.2614,0.2614,0.2552,0.2581,185356.28
1776967200,0.2579,0.2593,0.2577,0.2582,43065.56
1776970800,0.2581,0.2603,0.2577,0.2598,31450.34
1776974400,0.26,0.2621,0.2595,0.261,87346.2
1776978000,0.2612,0.2633,0.2608,0.2624,25058.02
1776981600,0.2626,0.2633,0.2625,0.2626,22215.22
1776985200,0.2624,0.2648,0.2623,0.2647,27233.8
1776988800,0.2647,0.267,0.2646,0.2667,144567.71
1776992400,0.2668,0.2676,0.2646,0.2675,38047.53
1776996000,0.2674,0.2674,0.2638,0.2641,56700.56
1776999600,0.2642,0.2642,0.2617,0.263,35291.08
1777003200,0.2631,0.2633,0.2614,0.2619,49830.75
1777006800,0.2618,0.2642,0.2615,0.2631,13803.27
1777010400,0.263,0.2646,0.2628,0.2633,42601.76
1777014000,0.2634,0.2646,0.2602,0.2609,23003.48
1777017600,0.2609,0.2628,0.2604,0.2612,12371.48
1777021200,0.2611,0.2616,0.2603,0.2608,4130.41
1777024800,0.2608,0.2621,0.2601,0.2617,6097.81
1777028400,0.2619,0.2639,0.2619,0.2639,11013.81
1777032000,0.2637,0.2651,0.2634,0.2642,25247.38
1777035600,0.2644,0.2649,0.2624,0.2627,138123.47
1777039200,0.2626,0.2643,0.2618,0.2622,63533.95
1777042800,0.262,0.2652,0.2608,0.2641,52849.71
1777046400,0.264,0.264,0.2612,0.2631,40804.37
1777050000,0.2629,0.2636,0.2615,0.2623,45234.55
1777053600,0.2627,0.2629,0.2609,0.2621,10756.29
1777057200,0.2622,0.2631,0.2611,0.2622,21430.61
1777060800,0.262,0.2633,0.2609,0.2633,62771.25
1777064400,0.2633,0.2644,0.2617,0.2617,19907.14
1777068000,0.2618,0.2619,0.2592,0.2601,50257.96
1777071600,0.2603,0.262,0.2596,0.262,226996.28
1777075200,0.2621,0.2621,0.2596,0.2613,29974.86
1777078800,0.2614,0.2623,0.2604,0.2618,60687.39
1777082400,0.2618,0.2625,0.2611,0.2615,47393.17
1777086000,0.2617,0.263,0.2613,0.2627,5429.98
1777089600,0.2626,0.2633,0.2618,0.2618,4954.08
1777093200,0.2617,0.2628,0.2609,0.2628,20456.64
1777096800,0.2629,0.2639,0.2624,0.2624,8704.62
1777100400,0.2623,0.2624,0.2612,0.2613,77046.91
1777104000,0.2612,0.2625,0.2612,0.2625,11775.49
1777107600,0.2626,0.2633,0.2622,0.2628,2906.6
1777111200,0.263,0.2632,0.2624,0.2628,3414.25
1777114800,0.2627,0.2627,0.2599,0.2607,18626.51
1777118400,0.2606,0.2617,0.2598,0.2606,14738.82
1777122000,0.2603,0.2609,0.2602,0.2604,44131.19
1777125600,0.2603,0.2603,0.2583,0.2587,39862.51
1777129200,0.2587,0.2596,0.2568,0.2575,56876.46
1777132800,0.2572,0.2587,0.2562,0.2578,238168.77
1777136400,0.2579,0.2579,0.2561,0.257,14602.28
1777140000,0.2571,0.258,0.2569,0.257,38603.06
1777143600,0.2571,0.2577,0.2564,0.2568,54290.59
1777147200,0.2567,0.2575,0.2562,0.2575,31564.27
1777150800,0.2577,0.2579,0.2567,0.2571,54546.65
1777154400,0.2572,0.2581,0.257,0.258,21558.11
1777158000,0.2578,0.2591,0.2575,0.2591,21126.8
1777161600,0.2586,0.2586,0.2571,0.2575,79014.95
1777165200,0.2575,0.2575,0.2557,0.256,32134.12
1777168800,0.256,0.2578,0.256,0.2576,6080.52
1777172400,0.2576,0.2583,0.2563,0.2575,10604.9
1777176000,0.2576,0.26,0.2573,0.2595,24105.82
1777179600,0.2592,0.2611,0.2591,0.2598,10424.62
1777183200,0.2599,0.2613,0.2599,0.2613,66087.4
1777186800,0.2611,0.2611,0.26,0.2611,10542.21
1777190400,0.261,0.2611,0.2598,0.2605,2552.25
1777194000,0.2602,0.2611,0.2598,0.2607,2349.73
1777197600,0.2609,0.2616,0.26,0.26,409746.33
1777201200,0.26,0.2613,0.2594,0.2605,371244.55
1777204800,0.2603,0.2603,0.2582,0.2589,16751.56
1777208400,0.2586,0.2593,0.2583,0.2584,8771.27
1777212000,0.2582,0.2606,0.258,0.26,7822.06
1777215600,0.2597,0.2606,0.2594,0.2605,22869.08
1777219200,0.2604,0.2605,0.2588,0.2591,11298.22
1777222800,0.259,0.2594,0.2583,0.259,25150.17
1777226400,0.2592,0.2603,0.2586,0.2598,21048.85
1777230000,0.2597,0.2609,0.2589,0.2593,65082.18
1777233600,0.2593,0.2601,0.259,0.2601,52778.21
1777237200,0.26,0.2604,0.2573,0.2599,82596.89
1777240800,0.2601,0.261,0.2588,0.2593,57288.05
1777244400,0.2594,0.2611,0.2588,0.2604,18572.5
1777248000,0.2604,0.2627,0.2596,0.2624,15481.93
1777251600,0.2625,0.2635,0.2614,0.2635,49909.89
1777255200,0.2633,0.2641,0.262,0.2636,97151.68
1777258800,0.2635,0.2647,0.2628,0.2629,266215.51
1777262400,0.2628,0.2639,0.2625,0.2631,43374.15
1777266000,0.2629,0.2629,0.2563,0.2575,441499.45
1777269600,0.2575,0.2576,0.2535,0.2549,483986.75
1777273200,0.2548,0.2548,0.2526,0.2527,60738.38
1777276800,0.2529,0.254,0.2516,0.2537,43504.43
1777280400,0.2535,0.2538,0.2518,0.2533,21591.62
1777284000,0.2533,0.2539,0.253,0.2532,14883.2
1777287600,0.2531,0.2538,0.2524,0.2535,15504.89
1777291200,0.2535,0.2543,0.2532,0.2539,8250.83
1777294800,0.254,0.2542,0.2512,0.2527,21812.9
1777298400,0.2528,0.2556,0.2527,0.2539,144510.77
1777302000,0.2538,0.2538,0.2463,0.2491,300912.46
1777305600,0.2489,0.2499,0.2481,0.2495,72818.13
1777309200,0.2496,0.2509,0.2496,0.2502,27718.76
1777312800,0.2501,0.251,0.2493,0.2498,36055.44
1777316400,0.25,0.2506,0.2486,0.25,224148.31
1777320000,0.2502,0.2513,0.2502,0.2504,59335
1777323600,0.2506,0.2522,0.2505,0.2516,189671.01
1777327200,0.2517,0.2531,0.2514,0.2531,31383.86
1777330800,0.2528,0.2544,0.2527,0.2541,59752.71
1777334400,0.2541,0.2545,0.2532,0.2539,102963.68
1777338000,0.2539,0.2548,0.2534,0.2536,188951.96
1777341600,0.2537,0.2542,0.2519,0.2532,8020.81
1777345200,0.253,0.2532,0.2524,0.2526,12046.39
1777348800,0.2526,0.253,0.2519,0.253,6075.77
1777352400,0.2528,0.2534,0.2515,0.252,24835.26
1777356000,0.2522,0.2524,0.2502,0.2505,9275.79
1777359600,0.2506,0.2507,0.249,0.2506,10234.05
1777363200,0.2506,0.2513,0.2496,0.2502,5677.04
1777366800,0.2503,0.2506,0.2492,0.25,12400.53
1777370400,0.2501,0.2507,0.2492,0.2502,6841.35
1777374000,0.2501,0.2504,0.2493,0.2498,9019.08
1777377600,0.2496,0.2509,0.2484,0.2509,48698.13
1777381200,0.2509,0.2516,0.2496,0.2511,24176.6
1777384800,0.2504,0.2518,0.2492,0.2518,49541.87
1777388400,0.2519,0.2526,0.2496,0.251,17207.01
1777392000,0.2509,0.2521,0.2508,0.2513,34003.51
1777395600,0.2512,0.252,0.2504,0.252,58291.79
1777399200,0.2518,0.2529,0.2518,0.2528,158910.14
1777402800,0.2525,0.2535,0.2523,0.2526,44280.7
1777406400,0.2525,0.2525,0.2513,0.2521,35262.93
1777410000,0.2522,0.2525,0.2505,0.2505,179810.15
1777413600,0.2513,0.2518,0.2502,0.2508,221333.37
1777417200,0.2507,0.252,0.2505,0.2517,46546.02
1777420800,0.2518,0.2518,0.2509,0.2514,63962.79
1777424400,0.2514,0.2517,0.2499,0.2513,44512.32
1777428000,0.2514,0.252,0.2501,0.2509,295376.71
1777431600,0.2509,0.2531,0.2509,0.2531,7120.25
1777435200,0.2531,0.2542,0.2519,0.2536,22982.46
1777438800,0.2535,0.2537,0.2527,0.2529,586.62
1777442400,0.2528,0.2528,0.2512,0.2517,7377.64
1777446000,0.2517,0.253,0.2517,0.2526,42046.02
1777449600,0.2526,0.2528,0.2514,0.2517,39953.11
1777453200,0.2517,0.2552,0.2516,0.2552,11823.84
1777456800,0.2553,0.2565,0.2547,0.2547,23102.32
1777460400,0.2547,0.2547,0.2537,0.2539,85272.16
1777464000,0.2538,0.254,0.2512,0.2524,30862.66
1777467600,0.2522,0.2526,0.2489,0.2499,45235.59
1777471200,0.2501,0.2511,0.2488,0.2498,18003.39
1777474800,0.2497,0.2497,0.2452,0.2465,252705.78
1777478400,0.2461,0.2473,0.2453,0.2458,18672.23
1777482000,0.2459,0.2472,0.245,0.247,79581.15
1777485600,0.2471,0.2474,0.2376,0.2423,483502.17
1777489200,0.2422,0.243,0.2409,0.243,55035.22
1777492800,0.2431,0.2457,0.2426,0.2451,26907.2
1777496400,0.245,0.2477,0.2446,0.2462,58167.59
1777500000,0.2461,0.2481,0.2458,0.2472,86774.01
1777503600,0.2473,0.2486,0.2466,0.2484,79231.83
1777507200,0.2482,0.2496,0.2469,0.2495,36048.23
1777510800,0.2496,0.2516,0.2489,0.251,79929.2
1777514400,0.2509,0.2511,0.2467,0.2476,35006.89
1777518000,0.2475,0.2501,0.2471,0.2493,41174.64
1777521600,0.2492,0.2494,0.2463,0.2466,84764.9
1777525200,0.2467,0.2477,0.2461,0.2466,4897.05
1777528800,0.2468,0.2468,0.244,0.2454,259016.02
1777532400,0.2452,0.2464,0.2447,0.246,29124.35
1777536000,0.2458,0.2461,0.2448,0.2449,9719.92
1777539600,0.2451,0.2465,0.2424,0.2429,44389.93
1777543200,0.2428,0.2436,0.2412,0.2432,39070.59
1777546800,0.2431,0.244,0.2416,0.2428,52377.16
1777550400,0.2429,0.2444,0.2429,0.2432,42901.88
1777554000,0.2432,0.2434,0.241,0.2413,132018.97
1777557600,0.2415,0.2427,0.2402,0.2407,70007.69
1777561200,0.2408,0.243,0.24,0.2424,207622.8
1777564800,0.2424,0.2442,0.2421,0.2433,63691
1777568400,0.2434,0.246,0.2434,0.246,19959.92
1777572000,0.2461,0.2471,0.245,0.2451,87302.67
1777575600,0.2452,0.2462,0.2443,0.2443,23569.91
1777579200,0.2439,0.2452,0.2435,0.2441,160952.56
1777582800,0.2441,0.2449,0.2427,0.2428,27940.84
1777586400,0.2426,0.2435,0.2424,0.2427,6700.29
1777590000,0.2428,0.243,0.2423,0.2429,27021.24
1777593600,0.2427,0.2446,0.2427,0.2432,800053.74
1777597200,0.2433,0.2446,0.2431,0.2439,58523.3
1777600800,0.2441,0.2442,0.2422,0.2427,50801.29
1777604400,0.2427,0.2457,0.2427,0.2437,92963.98
1777608000,0.2439,0.2445,0.2417,0.2419,59703.42
1777611600,0.2417,0.243,0.2409,0.2409,92735.42
1777615200,0.2408,0.2415,0.2386,0.2391,64701.11
1777618800,0.239,0.2401,0.2388,0.2392,33838.73
1777622400,0.2391,0.2409,0.239,0.2407,25947.56
1777626000,0.2409,0.2414,0.2376,0.2391,40984.53
1777629600,0.2392,0.2393,0.2362,0.2379,207294.66
1777633200,0.2379,0.2387,0.2364,0.238,143640.86
1777636800,0.2378,0.24,0.2376,0.2384,207052.29
1777640400,0.2383,0.2417,0.2383,0.2412,148218.39
1777644000,0.241,0.2411,0.2382,0.2401,59268.19
1777647600,0.2401,0.2402,0.2372,0.2391,219608.42
1777651200,0.2392,0.2395,0.2366,0.2368,105802.66
1777654800,0.2374,0.239,0.2366,0.2388,165949.84
1777658400,0.2386,0.2395,0.2381,0.2384,110161.58
1777662000,0.2386,0.24,0.2384,0.2391,160366.87
1777665600,0.239,0.2396,0.2367,0.2375,68756.71
1777669200,0.2374,0.2376,0.2342,0.2359,281971.77
1777672800,0.2357,0.2369,0.2345,0.2351,131910.69
1777676400,0.2353,0.2357,0.2331,0.2345,55202.69
1777680000,0.2341,0.2361,0.2336,0.2356,44477.89
1777683600,0.2356,0.2363,0.2348,0.2352,33984.82
1777687200,0.2351,0.2352,0.2339,0.2342,214486.77
1777690800,0.234,0.234,0.2311,0.2335,179796.3
1777694400,0.2335,0.2341,0.233,0.2336,46973.14
1777698000,0.2337,0.2337,0.232,0.2329,102162.14
1777701600,0.2331,0.2361,0.2331,0.2361,105465.42
1777705200,0.2362,0.2368,0.2353,0.2353,52391.2
1777708800,0.2352,0.2358,0.2335,0.2356,42416.56
1777712400,0.2357,0.2366,0.2352,0.2366,24620.43
1777716000,0.2365,0.237,0.2355,0.2355,6509.96
1777719600,0.2356,0.2364,0.2353,0.2364,24722.15
1777723200,0.2365,0.2379,0.2364,0.237,65016.34
1777726800,0.2369,0.2372,0.236,0.2367,31323.17
1777730400,0.2366,0.2397,0.2362,0.2397,148057.82
1777734000,0.2393,0.2425,0.2389,0.2416,127363.15
1777737600,0.2416,0.2436,0.241,0.2434,105474.84
1777741200,0.2434,0.2448,0.2427,0.2437,65768
1777744800,0.2434,0.2447,0.2413,0.2439,135761.13
1777748400,0.2439,0.245,0.2438,0.2445,89774.62
1777752000,0.2443,0.2446,0.2429,0.2431,75866.14
1777755600,0.2431,0.2447,0.2424,0.2433,44411.96
1777759200,0.2433,0.2441,0.2425,0.2431,34177.43
1777762800,0.243,0.2433,0.2421,0.2431,10824.5
1777766400,0.2431,0.2435,0.2405,0.2412,25916.4
1777770000,0.2409,0.2409,0.2387,0.239,45300.65
1777773600,0.239,0.2398,0.238,0.2391,1960.68
1777777200,0.239,0.2392,0.2381,0.2386,11323.22
1777780800,0.2385,0.2389,0.2382,0.2389,11147.57
1777784400,0.2389,0.2393,0.238,0.2385,20094.91
1777788000,0.2384,0.239,0.2374,0.2388,3707.89
1777791600,0.2389,0.2394,0.2383,0.2383,2960.37
1777795200,0.2382,0.2395,0.2382,0.2386,20372.11
1777798800,0.2385,0.2385,0.2366,0.2378,32262.07
1777802400,0.2379,0.238,0.2373,0.2374,17336.69
1777806000,0.2372,0.2396,0.2368,0.2386,47808.53
1777809600,0.2386,0.2393,0.2382,0.2382,10490.38
1777813200,0.2382,0.2385,0.2373,0.2376,25102.32
1777816800,0.2377,0.2393,0.2377,0.2389,142274.4
1777820400,0.239,0.2394,0.238,0.2393,9953.49
1777824000,0.2394,0.2408,0.2389,0.24,46396.85
1777827600,0.2399,0.2409,0.2394,0.2398,6901.01
1777831200,0.24,0.2407,0.2398,0.2404,23505.65
1777834800,0.2401,0.2411,0.2401,0.2407,9371.99
1777838400,0.2409,0.2415,0.2397,0.24,23631.7
1777842000,0.2398,0.2409,0.2376,0.2391,44613.25
1777845600,0.2392,0.2412,0.2392,0.2393,29671
1777849200,0.2392,0.2395,0.2366,0.2366,65603.81
1777852800,0.2365,0.2366,0.234,0.2366,68347.36
1777856400,0.2367,0.2397,0.2355,0.2397,47236.8
1777860000,0.2398,0.2424,0.2393,0.2421,85508.39
1777863600,0.2421,0.2423,0.24,0.242,72283.95
1777867200,0.2421,0.2437,0.2421,0.2429,89932.88
1777870800,0.2427,0.2431,0.2409,0.2429,26541.91
1777874400,0.243,0.2431,0.2399,0.2424,354149.8
1777878000,0.2421,0.2424,0.2404,0.2406,5351.49
1777881600,0.2408,0.2415,0.2397,0.2405,57324.73
1777885200,0.2404,0.2423,0.2403,0.2421,11952.63
1777888800,0.242,0.242,0.2348,0.2362,152879.92
1777892400,0.2364,0.2378,0.2363,0.2366,33220.91
1777896000,0.2368,0.2378,0.2361,0.2361,17629.74
1777899600,0.236,0.2364,0.2346,0.2356,59931.6
1777903200,0.2357,0.2402,0.2345,0.239,95586.64
1777906800,0.2389,0.2401,0.2352,0.2362,76487.74
1777910400,0.2362,0.2383,0.2351,0.2372,44747.17
1777914000,0.2372,0.2405,0.2372,0.2397,65077.67
1777917600,0.2398,0.2409,0.2389,0.2402,51157.64
1777921200,0.2403,0.2406,0.2382,0.2386,66992.78
1777924800,0.2383,0.2383,0.2369,0.2375,54518.72
1777928400,0.2376,0.2407,0.2376,0.2403,141913.87
1777932000,0.2404,0.2407,0.2363,0.2369,15608.01
1777935600,0.2369,0.237,0.2354,0.2365,176519.25
1777939200,0.2367,0.2379,0.2362,0.2376,11015.73
1777942800,0.2377,0.2391,0.2373,0.2384,92900.53
1777946400,0.2386,0.2402,0.2384,0.2389,106646.9
1777950000,0.2389,0.2405,0.2383,0.2396,23915.48
1777953600,0.2397,0.2414,0.2397,0.2403,64680.51
1777957200,0.2406,0.2441,0.2397,0.2441,235309.17
1777960800,0.2442,0.245,0.2424,0.2439,196302.26
1777964400,0.2438,0.2447,0.2427,0.2429,268335.43
1777968000,0.243,0.2439,0.2423,0.2439,9763.04
1777971600,0.244,0.244,0.2416,0.2434,18640.29
1777975200,0.2429,0.2444,0.2423,0.2441,259676.65
1777978800,0.244,0.2446,0.2421,0.2445,297732.49
1777982400,0.2447,0.245,0.2437,0.2446,78741.87
1777986000,0.2447,0.2456,0.2429,0.2439,49073.72
1777989600,0.244,0.2451,0.2422,0.243,79375.18
1777993200,0.2431,0.2432,0.2413,0.242,75729.39
1777996800,0.2422,0.2433,0.2404,0.2414,22775.87
1778000400,0.2413,0.2419,0.24,0.2415,200421.94
1778004000,0.2416,0.2427,0.241,0.2423,48280.47
1778007600,0.2425,0.2449,0.2425,0.2442,179799.35
1778011200,0.2443,0.2479,0.2441,0.2479,73008.76
1778014800,0.2479,0.2508,0.2477,0.248,187241.27
1778018400,0.2481,0.2492,0.2453,0.2461,367084.15
1778022000,0.2462,0.2465,0.2442,0.2453,29476.89
1778025600,0.2455,0.2464,0.244,0.2457,202006.9
1778029200,0.2456,0.2508,0.2456,0.2498,183924.61
1778032800,0.2496,0.2504,0.2472,0.2498,77663.43
1778036400,0.2499,0.2534,0.2497,0.253,47015.93
1778040000,0.2531,0.2539,0.2511,0.2516,64406.6
1778043600,0.2515,0.2523,0.2495,0.2523,47077.49
1778047200,0.2524,0.2533,0.2501,0.2525,26345.91
1778050800,0.2527,0.2555,0.252,0.2543,286406.08
1778054400,0.2541,0.2588,0.2539,0.2583,85965.87
1778058000,0.2584,0.261,0.2576,0.2597,71939.61
1778061600,0.2599,0.2628,0.2592,0.2612,718485.06
1778065200,0.2613,0.2617,0.2587,0.2604,77185.76
1778068800,0.2605,0.2607,0.2585,0.2599,41817.2
1778072400,0.2596,0.2596,0.254,0.2542,81310.03
1778076000,0.2541,0.2546,0.2501,0.2528,279896.55
1778079600,0.2529,0.2574,0.2524,0.2567,129965.34
1778083200,0.2567,0.2592,0.2553,0.2578,190021.67
1778086800,0.2576,0.2584,0.2552,0.2562,113945.08
1778090400,0.2562,0.2565,0.2541,0.2548,85607.63
1778094000,0.2547,0.2556,0.2536,0.2556,58917.72
1778097600,0.2557,0.2578,0.2542,0.2554,104015.1
1778101200,0.2555,0.2595,0.2553,0.2587,145305.98
1778104800,0.2585,0.2585,0.2547,0.2551,65651.78
1778108400,0.255,0.2575,0.253,0.257,119776.85
1778112000,0.2571,0.2572,0.2533,0.254,56775.72
1778115600,0.2539,0.2539,0.2504,0.2514,108990.07
1778119200,0.2514,0.2514,0.2487,0.2506,105306.36
1778122800,0.2505,0.2513,0.2487,0.2493,145924.85
1778126400,0.2494,0.2544,0.2493,0.2541,78314.73
1778130000,0.2543,0.2552,0.2535,0.2542,40380.6
1778133600,0.2543,0.2597,0.2525,0.2594,73260.3
1778137200,0.2594,0.2609,0.2585,0.2601,46829.2
1778140800,0.26,0.2613,0.2594,0.2604,54283.99
1778144400,0.2607,0.2607,0.2581,0.2582,24526.19
1778148000,0.2581,0.2594,0.256,0.2574,44155.45
1778151600,0.2572,0.2592,0.2559,0.256,31336.24
1778155200,0.2559,0.2597,0.2559,0.2593,88302.79
1778158800,0.2594,0.2596,0.2535,0.2548,69828.44
1778162400,0.2547,0.2554,0.2505,0.2524,80553.58
1778166000,0.2523,0.2535,0.2492,0.2508,99115.69
1778169600,0.2509,0.2538,0.2502,0.2522,64845.5
1778173200,0.2524,0.2533,0.2503,0.2528,24951.12
1778176800,0.2529,0.2549,0.2519,0.2523,34088.06
1778180400,0.2522,0.2541,0.251,0.2529,32397.86
1778184000,0.253,0.2549,0.2506,0.2508,52319.91
1778187600,0.2506,0.2517,0.2485,0.2503,128790.47
1778191200,0.2502,0.2515,0.2489,0.2505,83873.3
1778194800,0.2506,0.2524,0.2506,0.2524,8965.32
1778198400,0.2524,0.2538,0.2509,0.2516,31513.65
1778202000,0.2518,0.2582,0.251,0.2582,34676.66
1778223600,0.2588,0.2593,0.2585,0.2587,10149.72
1778227200,0.2592,0.2595,0.2577,0.2577,11447.73
1778230800,0.258,0.2593,0.2567,0.2579,18913.03
1778234400,0.2578,0.2589,0.2567,0.2567,29817.76
1778238000,0.2569,0.2598,0.2567,0.2591,105522.26
1778241600,0.2592,0.2596,0.2567,0.257,10746.69
1778245200,0.257,0.2574,0.2538,0.2559,23897.6
1778248800,0.2562,0.2613,0.2562,0.2608,224235.66
1778252400,0.2609,0.2698,0.2599,0.2696,129623.24
1778256000,0.2698,0.2701,0.2636,0.2651,118686.23
1778259600,0.2653,0.27,0.2647,0.2683,106863.99
1778263200,0.2684,0.274,0.2684,0.2731,110876.15
1778266800,0.2728,0.2784,0.2719,0.2744,268060.31
1778270400,0.2743,0.2743,0.2607,0.2724,183253.49
1778274000,0.2727,0.2754,0.2719,0.2736,63095.86
1778277600,0.2733,0.275,0.2727,0.2735,50816.83
1778281200,0.2736,0.2742,0.2724,0.2737,50860.72
1778284800,0.2737,0.2765,0.272,0.274,76342.14
1778288400,0.2739,0.2762,0.2737,0.2756,37797.38
1778292000,0.2755,0.2759,0.2746,0.2746,19391.76
1778295600,0.2744,0.2765,0.2738,0.2758,41261.85
1778299200,0.2759,0.2764,0.2725,0.2725,59546.61
1778302800,0.273,0.2749,0.2727,0.2749,12396.12
1778306400,0.2755,0.2755,0.2729,0.2734,64612.47
1778310000,0.2735,0.2745,0.271,0.2721,153085.29
1778313600,0.2722,0.2728,0.2718,0.2725,12926.57
1778317200,0.2723,0.2726,0.2682,0.2691,65907.15
1778320800,0.2689,0.2716,0.2682,0.2711,26388.92
1778324400,0.271,0.2734,0.2707,0.2724,36478.82
1778328000,0.2725,0.2737,0.2712,0.2729,110317.1
1778331600,0.2729,0.2735,0.2709,0.2724,22796.19
1778335200,0.2724,0.2724,0.2689,0.2703,28229.23
1778338800,0.2702,0.2711,0.2692,0.2701,87318.17
1778342400,0.2697,0.2709,0.2684,0.2692,74587.02
1778346000,0.2693,0.2731,0.2693,0.2721,105830.86
1778349600,0.2722,0.273,0.2719,0.2723,10362.87
1778353200,0.2724,0.2735,0.2715,0.2735,114351.8
1778356800,0.2735,0.2735,0.2714,0.272,25774.85
1778360400,0.2719,0.2723,0.2712,0.2712,39369.39
1778364000,0.2714,0.2731,0.2704,0.2722,51794.35
1778367600,0.272,0.272,0.2696,0.2703,20969.24
1778371200,0.2701,0.2708,0.2669,0.2672,29842.61
1778374800,0.2673,0.2673,0.2651,0.2656,46966.65
1778378400,0.2655,0.2678,0.265,0.2669,9565.01
1778382000,0.267,0.2697,0.2667,0.2674,465318.94
1778385600,0.2673,0.2676,0.2662,0.2666,18734.53
1778389200,0.2665,0.2681,0.266,0.2674,36193.05
1778392800,0.2675,0.2681,0.2668,0.2681,9752.5
1778396400,0.2683,0.2702,0.2683,0.2695,51834.15
1778400000,0.2696,0.2728,0.2696,0.2728,38669.06
1778403600,0.2726,0.2736,0.2717,0.2721,43307.13
1778407200,0.2716,0.2746,0.2704,0.273,26410.1
1778410800,0.2729,0.273,0.2706,0.271,80544.26
1778414400,0.2708,0.2708,0.2691,0.2702,28303.27
1778418000,0.2704,0.2734,0.2704,0.2729,15789.46
1778421600,0.2731,0.2733,0.2706,0.2721,37183.26
1778425200,0.2723,0.2813,0.2722,0.2813,138951.6
1778428800,0.2814,0.2955,0.2806,0.2821,1352669.54
1778432400,0.2822,0.2853,0.2809,0.2845,233604.12
1778436000,0.2846,0.2873,0.2831,0.2858,163676.83
1778439600,0.2857,0.2899,0.2835,0.2881,146609.01
1778443200,0.2879,0.2904,0.2686,0.2734,801124.14
1778446800,0.2736,0.2752,0.2698,0.2727,282143.52
1778450400,0.2726,0.2842,0.2721,0.2842,85489.53
1778454000,0.2843,0.2896,0.2816,0.2836,414589.85
1778457600,0.2835,0.2839,0.2785,0.2799,52432.8
1778461200,0.28,0.283,0.2781,0.2806,28341.8
1778464800,0.2807,0.2808,0.2769,0.2777,64469.17
1778468400,0.2776,0.2784,0.2723,0.2758,57010.55
1778472000,0.2757,0.2781,0.2741,0.2781,23381.32
1778475600,0.2782,0.2855,0.2782,0.2821,200511.43
1778479200,0.2821,0.284,0.2804,0.2812,37158.19
1778482800,0.2812,0.2814,0.2779,0.2789,39469.88
1778486400,0.2789,0.2791,0.2756,0.2768,29368.88
1778490000,0.2766,0.2802,0.2766,0.2795,60908.2
1778493600,0.2796,0.2826,0.2789,0.2795,103949.06
1778497200,0.2796,0.2828,0.2784,0.2817,19426.8
1778500800,0.2818,0.282,0.2775,0.2775,93963.87
1778504400,0.2776,0.2802,0.2765,0.2774,75497.65
1778508000,0.2776,0.28,0.2741,0.2773,68727.45
1778511600,0.277,0.2838,0.2765,0.2827,39952.05
1778515200,0.2825,0.2848,0.2793,0.2815,84555.77
1778518800,0.2813,0.2837,0.2799,0.2834,70930.84
1778522400,0.2834,0.285,0.2811,0.2814,45639.85
1778526000,0.2816,0.2856,0.2806,0.2833,51289.35
1778529600,0.2834,0.2842,0.2809,0.2819,83082.6
1778533200,0.282,0.2834,0.2813,0.2813,18047.65
1778536800,0.2822,0.2826,0.2766,0.2787,215922.51
1778540400,0.2782,0.2796,0.2771,0.2785,49236.7
1778544000,0.2789,0.2818,0.2776,0.2817,49351.58
1778547600,0.2816,0.2819,0.2732,0.2754,63613.18
1778551200,0.2758,0.2793,0.2749,0.2783,140089.61
1778554800,0.279,0.279,0.2765,0.2768,60088.97
1778558400,0.2766,0.2782,0.2762,0.278,23173.84
1778562000,0.2781,0.2806,0.2774,0.2796,115548.85
1778565600,0.2795,0.2806,0.2765,0.2765,24138.33
1778569200,0.2763,0.2772,0.2736,0.2762,17536.36
1778572800,0.2766,0.2766,0.2726,0.2726,56790.58
1778576400,0.2728,0.2742,0.2717,0.2734,15781.63
1778580000,0.2732,0.2737,0.2697,0.2712,59778.48
1778583600,0.2713,0.2714,0.2684,0.2696,57533.8
1778587200,0.2691,0.2712,0.267,0.2706,269162.49
1778590800,0.2704,0.2724,0.2664,0.2677,81879.5
1778594400,0.2682,0.2687,0.2628,0.2653,160158.07
1778598000,0.2648,0.2659,0.2627,0.2632,290367.64
1778601600,0.263,0.264,0.26,0.2626,159383.42
1778605200,0.2631,0.266,0.2631,0.266,31932.59
1778608800,0.2655,0.2669,0.2647,0.2663,191654.23
1778612400,0.2662,0.2687,0.2662,0.268,131080.6
1778616000,0.2679,0.2695,0.2678,0.2686,157819.05
1778619600,0.2689,0.2705,0.2689,0.2705,28897.41
1778623200,0.2706,0.2707,0.2687,0.2688,60057.98
1778626800,0.2685,0.2687,0.2669,0.2677,10280.7
1778630400,0.2676,0.2698,0.2671,0.2693,24085.83
1778634000,0.2694,0.2742,0.269,0.2724,132694.94
1778637600,0.2728,0.2764,0.2728,0.2752,97590.8
1778641200,0.2748,0.2779,0.2736,0.2778,42626.63
1778644800,0.2778,0.2784,0.2764,0.2773,139886.59
1778648400,0.2773,0.2773,0.2739,0.2744,30659.03
1778652000,0.2747,0.2773,0.2744,0.2764,51555.68
1778655600,0.2764,0.2778,0.2762,0.2777,96473.81
1778659200,0.2779,0.284,0.2769,0.2801,131148.75
1778662800,0.2803,0.2876,0.2803,0.2858,208225.12
1778666400,0.2862,0.2862,0.2789,0.2803,105692.2
1778670000,0.2803,0.2806,0.2748,0.2753,154137.53
1778673600,0.2755,0.2761,0.2658,0.27,278982.45
1778677200,0.27,0.2708,0.2634,0.2645,112023.44
1778680800,0.2642,0.2663,0.2627,0.2639,108994.89
1778684400,0.2643,0.2649,0.2555,0.2574,387640.2
1778688000,0.257,0.2595,0.2559,0.2594,347001.69
1778691600,0.2597,0.2604,0.2591,0.2604,71745.79
1778695200,0.2605,0.2623,0.2601,0.2601,129014.5
1778698800,0.2597,0.2597,0.2567,0.2576,59726.72
1778702400,0.2576,0.2597,0.2576,0.2596,191478.62
1778706000,0.2588,0.2588,0.2566,0.2574,43488.56
1778709600,0.2573,0.2594,0.2558,0.2594,83058.13
1778713200,0.2595,0.2603,0.259,0.2596,71112.41
1778716800,0.2594,0.2618,0.259,0.261,90500.41
1778720400,0.261,0.2615,0.2596,0.2605,80118.11
1778724000,0.2608,0.2613,0.2586,0.2592,22996.32
1778727600,0.2594,0.2598,0.2535,0.2544,219074.25
1778731200,0.2554,0.2575,0.2553,0.2574,22508.4
1778734800,0.2574,0.2593,0.2571,0.2585,283770.79
1778738400,0.2585,0.2598,0.257,0.2586,71741.12
1778742000,0.2585,0.2585,0.2563,0.2563,19324.47
1778745600,0.256,0.2583,0.2556,0.2567,17490.89
1778749200,0.2569,0.2569,0.2552,0.2562,11847.1
1778752800,0.2561,0.2574,0.2554,0.2572,47438.13
1778756400,0.2571,0.2575,0.2543,0.2543,82705.27
1778760000,0.2544,0.2575,0.2544,0.2575,21521.93
1778763600,0.257,0.2586,0.2559,0.2561,90919.69
1778767200,0.257,0.2635,0.2555,0.2626,402238.5
1778770800,0.2626,0.2645,0.2614,0.264,97294.15
1778774400,0.264,0.2664,0.2613,0.2648,90095.21
1778778000,0.2647,0.2666,0.2623,0.2655,76870.37
1778781600,0.2648,0.2721,0.2648,0.2712,522634.68
1778785200,0.2713,0.2738,0.2675,0.269,211877.6
1778788800,0.2685,0.2685,0.2645,0.2675,107589.84
1778792400,0.2675,0.2675,0.2651,0.2651,87797.98
1778796000,0.2653,0.2666,0.2644,0.2644,34149.96
1778799600,0.2642,0.2644,0.2612,0.2619,68296.92
1778803200,0.262,0.2643,0.2617,0.2633,21177.66
1778806800,0.2639,0.2639,0.2599,0.2599,105378.79
1778810400,0.2601,0.2631,0.2577,0.2622,168378.74
1778814000,0.2624,0.2625,0.2605,0.2608,32958.47
1778817600,0.2605,0.2606,0.2568,0.2568,155071.27
1778821200,0.2572,0.2575,0.25,0.2504,262092.36
1778824800,0.2506,0.2529,0.2504,0.2525,53203.33
1778828400,0.2526,0.2552,0.2524,0.2541,815664.19
1778832000,0.254,0.2542,0.2507,0.2517,94634.39
1778835600,0.2519,0.2522,0.2511,0.2516,33895.53
1778839200,0.2514,0.2536,0.2513,0.253,28283.05
1778842800,0.2528,0.2534,0.2526,0.2528,18819.16
1778846400,0.2521,0.253,0.251,0.251,73775.02
1778850000,0.251,0.251,0.2391,0.2391,360387.1
1778853600,0.2391,0.2434,0.2388,0.2414,247487.91
1778857200,0.2416,0.2424,0.2407,0.2422,165294.63
1778860800,0.2423,0.2456,0.2415,0.2455,76666.88
1778864400,0.2453,0.2475,0.2453,0.2475,15820.08
1778868000,0.2476,0.2478,0.246,0.2468,109559.77
1778871600,0.2465,0.2467,0.245,0.2451,83560.87
1778875200,0.2447,0.2454,0.2437,0.2443,35282.86
1778878800,0.2445,0.2446,0.2436,0.2439,37221.79
1778882400,0.2443,0.2449,0.244,0.2445,12579.2
1778886000,0.2449,0.2452,0.2444,0.2451,14275.54
1778889600,0.2445,0.2459,0.2445,0.2459,15504.36
1778893200,0.2459,0.2465,0.2445,0.2465,36215.75
1778896800,0.2469,0.2472,0.2463,0.2472,15055.98
1778900400,0.2466,0.2476,0.2463,0.2469,65975.78
1778904000,0.2461,0.2465,0.2431,0.244,30917.49
1778907600,0.244,0.2452,0.2439,0.244,18291.93
1778911200,0.2437,0.2437,0.24,0.2413,135765.72
1778914800,0.2412,0.2414,0.2363,0.2409,233766.1
1778918400,0.2409,0.2413,0.2402,0.2406,11340.4
1778922000,0.2404,0.2408,0.2349,0.2371,102848.17
1778925600,0.2372,0.2387,0.2349,0.2387,18900.63
1778929200,0.2386,0.2392,0.2382,0.2389,23807.41
1778932800,0.2389,0.2397,0.238,0.2389,37571.22
1778936400,0.2388,0.2401,0.2388,0.2398,83136.22
1778940000,0.2394,0.2418,0.239,0.2409,62248.11
1778943600,0.241,0.2429,0.241,0.2416,52020.19
1778947200,0.2419,0.2428,0.2404,0.2418,32945.59
1778950800,0.2417,0.2425,0.2416,0.2416,24270.19
1778954400,0.2416,0.2423,0.2406,0.2421,58866.26
1778958000,0.2424,0.2428,0.2408,0.2412,45685.19
1778961600,0.2414,0.2416,0.2406,0.2409,11730.45
1778965200,0.241,0.2414,0.24,0.24,19752.25
1778968800,0.2398,0.2409,0.2395,0.2403,179317.56
1778972400,0.2403,0.2407,0.2395,0.2407,110882.47
1778976000,0.2405,0.2406,0.2383,0.239,12922.5
1778979600,0.2392,0.2398,0.2379,0.2381,27640.15
1778983200,0.2382,0.2397,0.238,0.2394,32031.62
1778986800,0.2401,0.2418,0.2396,0.2414,21807.32
1778990400,0.2417,0.2428,0.2417,0.2423,11424.8
1778994000,0.2435,0.2442,0.243,0.2439,8012.05
1778997600,0.2441,0.2442,0.2426,0.2432,39688.1
1779001200,0.2429,0.2448,0.2429,0.244,16850.82
1779004800,0.2434,0.2434,0.2425,0.243,3597.11
1779008400,0.2439,0.245,0.2434,0.245,10193.63
1779012000,0.2444,0.2447,0.2436,0.2436,9254.6
1779015600,0.2437,0.2439,0.2431,0.2436,5271.92
1779019200,0.2436,0.2439,0.2431,0.2431,8090.43
1779022800,0.2428,0.2433,0.2418,0.243,20038.75
1779026400,0.2428,0.2432,0.2405,0.242,132494.96
1779030000,0.242,0.2423,0.2409,0.2421,17928.69
1779033600,0.2422,0.2422,0.2402,0.2405,26873.97
1779037200,0.2402,0.2407,0.2398,0.2406,11494.35
1779040800,0.2412,0.2414,0.239,0.2414,54148.88
1779044400,0.2417,0.2422,0.2412,0.2421,34199.56
1779048000,0.2422,0.2422,0.2412,0.2414,10281.04
1779051600,0.2417,0.2438,0.2415,0.2428,97748.04
1779055200,0.2422,0.2422,0.2392,0.2399,121629.98
1779058800,0.2399,0.24,0.2268,0.2354,902216.32
1779062400,0.2347,0.2367,0.233,0.2367,76856.98
1779066000,0.2367,0.237,0.2339,0.2353,140888.12
1779069600,0.2352,0.237,0.2351,0.2359,17081.31
1779073200,0.236,0.2378,0.236,0.2369,88219.37
1779076800,0.237,0.2374,0.236,0.2374,90930.27
1779080400,0.2369,0.2373,0.2349,0.2357,9622.65
1779084000,0.2351,0.2352,0.2324,0.2343,118982.39
1779087600,0.2346,0.2347,0.232,0.2347,27747
1779091200,0.2348,0.2349,0.2328,0.2338,44597.49
1779094800,0.2335,0.2335,0.2317,0.2317,19392.97
1779098400,0.2319,0.2324,0.2308,0.2315,29792.27
1779102000,0.2314,0.2353,0.2313,0.2342,25862.83
1779105600,0.2343,0.237,0.2343,0.2365,45747.22
1779109200,0.2365,0.237,0.2342,0.2352,60799.75
1779112800,0.2348,0.2352,0.231,0.2319,100882.75
1779116400,0.2321,0.234,0.2293,0.2332,93120.94
1779120000,0.233,0.2346,0.2327,0.2342,70442.36
1779123600,0.2347,0.236,0.2343,0.2343,106740.77
1779127200,0.234,0.2344,0.2309,0.2313,38250.06
1779130800,0.2318,0.2384,0.2318,0.2384,68011.24
1779134400,0.2388,0.2408,0.238,0.2395,177375.66
1779138000,0.2394,0.2413,0.2384,0.2411,58629.19
1779141600,0.2406,0.2423,0.24,0.2411,71978.16
1779145200,0.2412,0.2421,0.2407,0.242,62870.92
1779148800,0.2421,0.2438,0.2414,0.2422,44500.05
1779152400,0.2425,0.2425,0.24,0.2403,174837.27
1779156000,0.2403,0.2412,0.2392,0.2397,101141.73
1779159600,0.2401,0.2431,0.2401,0.2425,80088.42
1779163200,0.2427,0.2468,0.2427,0.2468,35319.83
1779166800,0.2464,0.2477,0.2432,0.2463,42865.01
1779170400,0.2464,0.2503,0.2464,0.2468,140264.28
1779174000,0.2462,0.2468,0.2449,0.2449,33188.3
1779177600,0.245,0.2466,0.2432,0.2455,79965.48
1779181200,0.2458,0.2459,0.2411,0.2439,404421.09
1779184800,0.2441,0.2451,0.2422,0.2442,38606.6
1779188400,0.2441,0.2441,0.2411,0.2411,48202.67
1779192000,0.2409,0.2429,0.2409,0.2428,11935.12
1779195600,0.243,0.245,0.2422,0.2425,37866.98
1779199200,0.2427,0.244,0.2378,0.2397,155897.62
1779202800,0.2402,0.2408,0.2388,0.2396,21233.99
1779206400,0.2402,0.2404,0.239,0.2404,35227.91
1779210000,0.2398,0.2401,0.2391,0.2398,34945.56
1779213600,0.24,0.2408,0.2387,0.2392,101741.05
1779217200,0.2396,0.24,0.2386,0.2391,73471.59
1779220800,0.2396,0.2409,0.2395,0.2401,65894.28
1779224400,0.2397,0.2402,0.2389,0.239,86716.62
1779228000,0.2388,0.239,0.2362,0.2363,67865.85
1779231600,0.2364,0.2392,0.2364,0.2381,96518.19
1779235200,0.238,0.2394,0.2376,0.2392,7836.82
1779238800,0.2391,0.2401,0.2379,0.2394,13792.21
1779242400,0.2396,0.2401,0.2386,0.2386,16598.24
1779246000,0.2387,0.2401,0.2386,0.2397,10874.47
1779249600,0.2396,0.2402,0.239,0.2402,4367.76
1779253200,0.2403,0.241,0.2393,0.2401,28923.63
1779256800,0.2402,0.2402,0.2394,0.2399,5455.46
1779260400,0.2396,0.2403,0.2392,0.2393,18687.89
1779264000,0.2397,0.2404,0.2393,0.24,10231.82
1779267600,0.2401,0.2405,0.2392,0.2399,51909.1
1779271200,0.2399,0.2403,0.2398,0.2398,1941.47
1779274800,0.2397,0.2401,0.2369,0.2375,83142.81
1779278400,0.2381,0.2396,0.2367,0.2396,2166.5
1779282000,0.2394,0.2394,0.2357,0.2377,34894.77
1779285600,0.2382,0.2429,0.2379,0.2424,72388.31
1779289200,0.2422,0.2459,0.2419,0.2456,131321.05
1779292800,0.2461,0.2563,0.2442,0.2521,465679.26
1779296400,0.2518,0.2551,0.2491,0.2494,450968.46
1779300000,0.2498,0.251,0.2471,0.2481,248273.99
1779303600,0.2479,0.2516,0.2471,0.2503,216346.6
1779307200,0.2495,0.2523,0.2489,0.2522,34176.09
1779310800,0.2526,0.2527,0.2495,0.2502,52270.91
1779314400,0.2488,0.2488,0.2465,0.2479,83994.05
1779318000,0.2479,0.2479,0.2457,0.2478,47922.6
1779321600,0.2473,0.2523,0.2473,0.2515,475271.25
1779325200,0.2524,0.2534,0.2517,0.2527,45440.84
1779328800,0.2533,0.2558,0.2519,0.254,134907.34
1779332400,0.2541,0.2561,0.2536,0.2547,131338.02
1779336000,0.255,0.2563,0.253,0.2552,163873.19
1779339600,0.255,0.2566,0.2538,0.2549,211316.02
1779343200,0.2548,0.2574,0.2543,0.2556,59554.99
1779346800,0.2557,0.2594,0.2553,0.2591,153151.33
1779350400,0.259,0.2659,0.2589,0.2659,1127010.97
1779354000,0.2659,0.2679,0.2588,0.259,344714.19
1779357600,0.2597,0.2598,0.255,0.2553,96183.53
1779361200,0.2549,0.2576,0.2541,0.2547,68944.88
1779364800,0.2551,0.2579,0.2542,0.2579,72849.22
1779368400,0.2582,0.2628,0.2553,0.2627,158505.52
1779372000,0.2626,0.2648,0.2559,0.2573,138258.15
1779375600,0.2577,0.2644,0.2571,0.2621,135485.37
1779379200,0.2623,0.2623,0.2571,0.2598,120445.31
1779382800,0.2596,0.2682,0.2594,0.267,306297.15
1779386400,0.2671,0.2713,0.2659,0.2685,414923.72
1779390000,0.2686,0.2755,0.2679,0.2755,194952.99
1779393600,0.2761,0.2789,0.2709,0.2718,425840.21
1779397200,0.2712,0.2721,0.2674,0.2675,53560.66
1779400800,0.2674,0.2705,0.267,0.2687,94784.01
1779404400,0.2679,0.2696,0.2674,0.2681,66836.81
1779408000,0.2679,0.2712,0.2678,0.2705,102206.72
1779411600,0.2703,0.2737,0.2703,0.2732,139480.45
1779415200,0.2734,0.2759,0.2712,0.2746,244831.51
1779418800,0.2749,0.2804,0.2749,0.2767,445553.32
1779422400,0.2766,0.2818,0.2756,0.2783,630497.1
1779426000,0.2785,0.2831,0.2782,0.2824,260728.04
1779429600,0.2832,0.2837,0.2785,0.2785,336063.21
1779433200,0.2784,0.2893,0.2761,0.2871,580920.98
1779436800,0.2875,0.2935,0.2832,0.2855,566162.95
1779440400,0.2852,0.2861,0.2794,0.2803,147764.21
1779444000,0.2804,0.2867,0.28,0.2851,129598.44
1779447600,0.2849,0.2932,0.2849,0.2896,535782.74
1779451200,0.2895,0.2909,0.2834,0.2902,407130.38
1779454800,0.2901,0.2985,0.2864,0.2963,1140921.56
1779458400,0.2962,0.2977,0.2844,0.2889,733906.26
1779462000,0.2893,0.3019,0.2883,0.2954,655860.38
1779465600,0.2952,0.3005,0.2898,0.2955,699156.38
1779469200,0.296,0.2983,0.2883,0.2904,518990.84
1779472800,0.2902,0.2906,0.2776,0.2808,492445.42
1779476400,0.2811,0.2824,0.2695,0.2773,695404.11
1779480000,0.2776,0.2816,0.2748,0.2807,239117.59
1779483600,0.2806,0.2834,0.2781,0.2813,52865.6
1779487200,0.2809,0.2839,0.2793,0.2812,177198.37
1779490800,0.2812,0.2824,0.2637,0.2701,499153.12
1779494400,0.2696,0.2734,0.2684,0.2708,316471.66
1779498000,0.2709,0.2714,0.2672,0.2706,148775.55
1779501600,0.2683,0.2711,0.2665,0.2708,115004.69
1779505200,0.2708,0.2744,0.2702,0.2741,110117.34
1779508800,0.2742,0.2767,0.2719,0.2723,100232.07
1779512400,0.2729,0.2736,0.2708,0.2719,52650.84
1779516000,0.2716,0.2741,0.2714,0.2714,84588.68
1779519600,0.2719,0.2729,0.2594,0.2634,294679.19
1779523200,0.2635,0.2666,0.2618,0.2646,228168.91
1779526800,0.2647,0.265,0.2623,0.2641,119149.86
1779530400,0.2642,0.2681,0.2639,0.2655,285705.38
1779534000,0.2659,0.2697,0.2659,0.2674,149833.41
1779537600,0.2675,0.2722,0.2643,0.2722,74960.81
1779541200,0.2724,0.2779,0.2717,0.2776,285869.64
1779544800,0.2774,0.2816,0.275,0.2796,452877.7
1779548400,0.2798,0.2831,0.2779,0.2826,207157.87
1779552000,0.2825,0.2878,0.2819,0.2876,167115.3
1779555600,0.2875,0.2959,0.2863,0.2938,560588.1
1779559200,0.2939,0.3084,0.2933,0.3033,1008737.07
1779562800,0.3045,0.3046,0.2981,0.3016,305489.67
1779566400,0.3023,0.3078,0.2989,0.3073,589475.28
1779570000,0.3078,0.3078,0.301,0.3032,329493.8
1779573600,0.3029,0.3044,0.2969,0.3004,567318.75
1779577200,0.3005,0.3007,0.2962,0.2994,192519.26
1779580800,0.2991,0.3035,0.2969,0.3002,110208.13
1779584400,0.2999,0.3035,0.2994,0.3008,133298.91
1779588000,0.3007,0.3015,0.2969,0.3006,69024.26
1779591600,0.2997,0.3005,0.2978,0.3,117890.57
1779595200,0.3003,0.3033,0.2982,0.3013,79834.46
1779598800,0.3004,0.3018,0.2951,0.2996,201006.4
1779602400,0.3002,0.3053,0.3002,0.3047,164100.75
1779606000,0.3043,0.3065,0.2998,0.3006,115406.12
1779609600,0.3003,0.302,0.2979,0.3013,57055.41
1779613200,0.3021,0.3079,0.2996,0.3068,167283.53
1779616800,0.3066,0.3067,0.3004,0.3045,119034.32
1779620400,0.3047,0.3047,0.2992,0.3015,101890.93
1779624000,0.3016,0.3052,0.3,0.305,168773.63
1779627600,0.3053,0.3131,0.3021,0.3057,497560.81
1779631200,0.3053,0.3058,0.2895,0.2997,599844.66
1779634800,0.2996,0.3035,0.2975,0.3022,126769.29
1779638400,0.3018,0.3026,0.2966,0.2975,126946.93
1779642000,0.2974,0.2982,0.294,0.2948,174441.2
1779645600,0.2949,0.2969,0.2922,0.2937,181656.72
1779649200,0.2938,0.2942,0.2905,0.2918,117272.49
1779652800,0.2909,0.2925,0.2897,0.2907,102351.05
1779656400,0.2916,0.2919,0.2842,0.2847,470488.4
1779660000,0.2844,0.2925,0.2844,0.2914,234742.8
1779663600,0.2924,0.295,0.2904,0.2929,322201.16
1779667200,0.2931,0.2969,0.2912,0.2927,121809.97
1779670800,0.2935,0.2953,0.291,0.2912,43004.97
1779674400,0.2926,0.2943,0.2907,0.2917,22409.32
1779678000,0.2906,0.2906,0.2869,0.2892,133223.38
1779681600,0.2896,0.294,0.2895,0.2936,17909.76
1779685200,0.2936,0.2949,0.2921,0.2943,100387.89
1779688800,0.2939,0.2943,0.2907,0.2933,100917.8
1779692400,0.2929,0.2989,0.2927,0.2973,378920.84
1779696000,0.2972,0.3043,0.2959,0.3043,168518.92
1779699600,0.3042,0.3063,0.3016,0.302,112792.19
1779703200,0.3016,0.3062,0.3009,0.3058,273343.77
1779706800,0.3061,0.3069,0.3022,0.3026,248453.17
1779710400,0.3027,0.3029,0.2988,0.3,128632.39
1779714000,0.2999,0.305,0.2989,0.305,49589.57
1779717600,0.3052,0.3063,0.3017,0.3023,192805.89
1779721200,0.302,0.3035,0.299,0.3035,90120.88
1779724800,0.303,0.3071,0.2991,0.305,175066.97
1779728400,0.3052,0.319,0.3039,0.3127,1246177.88
1779732000,0.3129,0.327,0.3126,0.3252,822763.9
1779735600,0.3252,0.3355,0.3239,0.3263,970692.87
1779739200,0.3265,0.3396,0.3216,0.3237,846476.38
1779742800,0.325,0.3372,0.3247,0.335,502388.81
1779746400,0.3348,0.3374,0.3248,0.3248,283163.98
1779750000,0.3258,0.3321,0.3258,0.3304,167992.98
1779753600,0.3297,0.333,0.3239,0.3283,232269.21
1779757200,0.3282,0.3326,0.3244,0.3287,283829.67
1779760800,0.3287,0.3337,0.3261,0.3287,309306.32
1779764400,0.3285,0.3325,0.3261,0.3316,224624.94
1779768000,0.3319,0.3416,0.3293,0.3404,852149.38
1779771600,0.3407,0.3527,0.337,0.342,999893.14
1779775200,0.3411,0.3629,0.3382,0.3618,559379.82
1779778800,0.3624,0.3645,0.3473,0.3628,758499.6
1779782400,0.3626,0.373,0.3586,0.3698,818230.39
1779786000,0.3703,0.3816,0.369,0.3799,1611089.05
1779789600,0.3794,0.3965,0.3743,0.3944,1768059.56
1779793200,0.3933,0.4035,0.3836,0.3979,1882200.1
1779796800,0.3984,0.4139,0.3875,0.3898,2454502.95
1779800400,0.3895,0.4014,0.3895,0.3957,1124359.43
1779804000,0.396,0.4005,0.3777,0.3908,1224944.45
1779807600,0.3903,0.4067,0.3888,0.4048,1214786.4
1779811200,0.4049,0.4066,0.3936,0.3979,976947.28
1779814800,0.3975,0.402,0.3891,0.3986,963015.38
1779818400,0.399,0.4037,0.3727,0.381,1459129.34
1779822000,0.381,0.3848,0.3748,0.3805,676011.37
1779825600,0.3807,0.3879,0.3795,0.387,285914.97
1779829200,0.3867,0.3869,0.3742,0.3759,556150.8
1779832800,0.3759,0.3838,0.3757,0.3823,185742.91
1779836400,0.3825,0.3858,0.3738,0.3749,483660.62
1779840000,0.375,0.378,0.3653,0.3721,817957.85
1779843600,0.3723,0.373,0.363,0.3636,395980.57
1779847200,0.3637,0.3651,0.3571,0.3594,483504.94
1779850800,0.3598,0.3622,0.3551,0.3565,368561.61
1779854400,0.3563,0.3593,0.3513,0.3582,266106.29
1779858000,0.358,0.3801,0.3579,0.3693,1101626.26
1779861600,0.3697,0.3717,0.363,0.3677,1007903.85
1779865200,0.3678,0.3693,0.355,0.3615,290231.98
1779868800,0.3613,0.3679,0.359,0.3597,84612.25
1779872400,0.359,0.3611,0.3495,0.3524,445554.86
1779876000,0.3527,0.3561,0.3507,0.3544,170973.61
1779879600,0.3543,0.3617,0.3542,0.3609,404126.77
1779883200,0.361,0.3659,0.3577,0.3586,183753.31
1779886800,0.3588,0.3649,0.3581,0.361,441715.68
1779890400,0.3611,0.3669,0.3593,0.3662,376471.04
1779894000,0.3658,0.3706,0.3628,0.3646,201204.12
1779897600,0.3648,0.3654,0.3526,0.3545,522702.97
1779901200,0.3545,0.3546,0.3415,0.343,857688.51
1779904800,0.343,0.3474,0.3403,0.3474,244548.39
1779908400,0.3474,0.3513,0.3454,0.3482,395179.3
1779912000,0.3478,0.3509,0.3459,0.3494,166877.73
1779915600,0.3492,0.3505,0.3386,0.342,148624.13
1779919200,0.3414,0.3452,0.3372,0.3372,213322.42
1779922800,0.3375,0.3422,0.3364,0.34,134800.77
1779926400,0.3408,0.3412,0.3311,0.3324,271127.06
1779930000,0.3321,0.3354,0.3293,0.3321,125358.56
1779933600,0.332,0.3324,0.3268,0.329,237806.53
1779937200,0.3289,0.3306,0.3207,0.3207,347235.49
1779940800,0.3208,0.3249,0.3176,0.3232,298852.39
1779944400,0.323,0.3231,0.3044,0.3077,822193.48
1779948000,0.3081,0.3102,0.3053,0.3095,226649.26
1779951600,0.3097,0.3116,0.307,0.3115,159531.61
1779955200,0.3109,0.3114,0.3052,0.3056,243633.73
1779958800,0.3062,0.3095,0.3061,0.3083,79722.65
1779962400,0.3082,0.3092,0.2938,0.2959,727287.51
1779966000,0.2959,0.2972,0.2923,0.293,438755.81
1779969600,0.2935,0.2974,0.291,0.2944,506171.2
1779973200,0.2947,0.2954,0.2877,0.2891,555740.64
1779976800,0.2888,0.2928,0.2836,0.2866,1134420.29
1779980400,0.2868,0.2881,0.2819,0.2829,500532.24
1779984000,0.283,0.2875,0.281,0.2816,520235.64
1779987600,0.2817,0.2839,0.2784,0.2809,541147.78
1779991200,0.2809,0.2879,0.2809,0.2866,879657.06
1779994800,0.2867,0.2874,0.2828,0.2838,440659.21
1779998400,0.284,0.2902,0.2807,0.2827,489009.86
1780002000,0.2829,0.2921,0.2823,0.2847,340020.95
1780005600,0.2847,0.2847,0.2747,0.2773,582906.73
1780009200,0.2774,0.2812,0.276,0.2811,328836.1
1780012800,0.2813,0.2903,0.2797,0.2885,703168.15
1780016400,0.2886,0.3009,0.2885,0.2926,755914.1
1780020000,0.2923,0.2934,0.288,0.2899,424211.73
1780023600,0.2908,0.2916,0.2837,0.2843,161743.38
1780027200,0.2843,0.2896,0.2801,0.2892,219334.77
1780030800,0.2895,0.2952,0.2895,0.2931,160446.11
1780034400,0.2931,0.307,0.293,0.3024,594765.15
1780038000,0.302,0.3138,0.3019,0.3088,178258.33
1780041600,0.3095,0.3126,0.301,0.3031,356392.01
1780045200,0.3032,0.3058,0.3009,0.3021,89656.02
1780048800,0.3021,0.3033,0.2985,0.2986,140661.24
1780052400,0.2991,0.2994,0.2915,0.2934,362551.12
1780056000,0.2935,0.2973,0.288,0.2927,472298.97
1780059600,0.293,0.2954,0.2885,0.2947,432496.43
1780063200,0.295,0.3026,0.2921,0.2995,278735.93
1780066800,0.2992,0.3083,0.2976,0.3016,726731.87
1780070400,0.301,0.3028,0.2954,0.3024,409383.85
1780074000,0.3025,0.3114,0.3008,0.3054,821527.7
1780077600,0.3058,0.3081,0.2991,0.2998,232868.82
1780081200,0.2992,0.3006,0.2939,0.2994,287013.78
1780084800,0.2997,0.303,0.2976,0.2976,188279.85
1780088400,0.2981,0.3005,0.2923,0.2923,434080.74
1780092000,0.2929,0.2949,0.2918,0.2922,145961.25
1780095600,0.2916,0.2917,0.2889,0.2896,151263.84
1780099200,0.2898,0.2913,0.2853,0.2861,190526.43
1780102800,0.2862,0.2959,0.2841,0.2941,778763.13
1780106400,0.294,0.3003,0.2924,0.2966,289288.85
1780110000,0.2969,0.2981,0.2911,0.2917,299869.85
1780113600,0.292,0.2931,0.2857,0.293,200336.84
1780117200,0.2932,0.3002,0.2919,0.2959,314129.22
1780120800,0.2956,0.2989,0.2945,0.2963,51605.33
1780124400,0.2956,0.2956,0.2925,0.294,25870.35
1780128000,0.2937,0.2995,0.2929,0.2973,82727.53
1780131600,0.2971,0.2986,0.2953,0.2961,66452.32
1780135200,0.2969,0.2992,0.2952,0.2975,29772.4
1780138800,0.2974,0.3018,0.2974,0.3,296548.25
1780142400,0.2997,0.3082,0.2991,0.3064,408493.1
1780146000,0.3063,0.3242,0.3024,0.3233,987665.05
1780149600,0.3231,0.3314,0.3161,0.3295,1856491.59
1780153200,0.3294,0.3524,0.3287,0.3495,3079403.5
1780156800,0.35,0.3595,0.3374,0.3393,1704941.11
1780160400,0.3394,0.3503,0.3386,0.3415,821974.15
1780164000,0.3414,0.3691,0.3414,0.3683,738154.37
1780167600,0.3678,0.3718,0.3565,0.3595,1328869.26
1780171200,0.3594,0.3803,0.3588,0.3749,775160.09
1780174800,0.3747,0.3756,0.3602,0.3656,1181168.77
1780178400,0.366,0.3661,0.3451,0.351,1049847.74
1780182000,0.351,0.3517,0.34,0.3442,599930.07
1780185600,0.3445,0.3462,0.3332,0.3413,533314.56
1780189200,0.3411,0.3498,0.3377,0.3399,681481.53
1780192800,0.3404,0.3457,0.3401,0.343,488165.03
1780196400,0.343,0.3492,0.343,0.3479,253377.39
1780200000,0.3481,0.3493,0.3414,0.3478,180730.28
1780203600,0.3475,0.3477,0.3406,0.3432,260648.4
1780207200,0.3425,0.3425,0.3385,0.3392,115399.7
1780210800,0.3393,0.3406,0.3369,0.3398,243096.45
1780214400,0.3392,0.3395,0.3347,0.3377,119591.88
1780218000,0.3381,0.3396,0.3346,0.3375,65455.77
1780221600,0.3369,0.3372,0.3252,0.3328,577929.21
1780225200,0.3337,0.3341,0.3307,0.3323,89168.1
1780228800,0.3325,0.3342,0.3309,0.3318,161899.13
1780232400,0.3321,0.3342,0.3271,0.3272,365609.39
1780236000,0.3274,0.3274,0.3174,0.3176,554983.05
1780239600,0.3177,0.3382,0.3174,0.3231,2286813.92
1780243200,0.3223,0.3339,0.3216,0.3268,1193847.08
1780246800,0.3274,0.3324,0.3246,0.3324,331994.21
1780250400,0.3303,0.3353,0.3289,0.3338,325650.89
1780254000,0.3342,0.3377,0.332,0.3377,210726.85
1780257600,0.3375,0.341,0.3367,0.3383,252284.82
1780261200,0.3387,0.3559,0.3369,0.3522,592986.47
1780264800,0.3519,0.3526,0.3435,0.3494,968775.91
1780268400,0.3494,0.3529,0.3452,0.3499,406214.16
1780272000,0.3498,0.3651,0.3488,0.3578,570368.34
1780275600,0.3575,0.369,0.3549,0.363,1108508.16
1780279200,0.3636,0.3861,0.3628,0.3795,876316.9
1780282800,0.3794,0.3975,0.3791,0.393,2135511.29
1780286400,0.3931,0.399,0.3856,0.3913,1390731.11
1780290000,0.3911,0.4055,0.3866,0.3958,722081.05
1780293600,0.3954,0.3968,0.3752,0.3876,1462902.75
1780297200,0.3875,0.3985,0.3764,0.3772,593626.1
1780300800,0.3782,0.3882,0.3724,0.3812,471704.77
1780304400,0.3815,0.3822,0.3709,0.3781,164924.96
1780308000,0.3775,0.3835,0.373,0.3805,177755.71
1780311600,0.3807,0.3853,0.3716,0.3736,310286.32
1780315200,0.3737,0.3756,0.3664,0.3741,494593.62
1780318800,0.3743,0.3834,0.3711,0.378,645724.7
1780322400,0.3794,0.382,0.3677,0.3715,580256.29
1780326000,0.3716,0.3923,0.3684,0.3874,1331321.42
1780329600,0.3876,0.4142,0.3846,0.4026,1393932.21
1780333200,0.4023,0.4114,0.3945,0.399,1670287.21
1780336800,0.3987,0.4383,0.3986,0.4032,3937165.74
1780340400,0.4038,0.4438,0.4013,0.4317,2995626.38
1780344000,0.4324,0.4357,0.4198,0.4252,1170518.44
1780347600,0.4255,0.4449,0.4235,0.4358,1024057.43
1780351200,0.4352,0.4395,0.4229,0.4322,1224713.23
1780354800,0.4326,0.4426,0.4244,0.4379,1119677.2
1780358400,0.4375,0.4448,0.4272,0.4374,806580.33
1780362000,0.4378,0.4502,0.4296,0.4365,2960608.37
1780365600,0.4363,0.4427,0.4306,0.4391,791282.38
1780369200,0.44,0.4634,0.4387,0.4593,1566021.86
1780372800,0.4592,0.4758,0.4492,0.4731,2287976.66
1780376400,0.4727,0.4832,0.4574,0.4575,8853216.81
1780380000,0.4586,0.4702,0.4553,0.4581,6754670.13
1780383600,0.4589,0.4589,0.4225,0.4231,1272438.59
1780387200,0.4232,0.424,0.4056,0.4161,1250661.6
1780390800,0.4165,0.4194,0.4071,0.4113,966124.43
1780394400,0.4112,0.4265,0.4061,0.422,1434096.53
1780398000,0.4215,0.4255,0.4149,0.417,630045.79
1780401600,0.4174,0.4221,0.4094,0.4157,609538.3
1780405200,0.4174,0.4237,0.4138,0.4201,2027916.25
1780408800,0.4204,0.424,0.4118,0.4131,1521930.3
1780412400,0.4133,0.4137,0.3932,0.4029,2439527.88
1780416000,0.4031,0.4214,0.3982,0.4098,1551831.5
1780419600,0.4094,0.4238,0.4094,0.4133,1028840.47
1780423200,0.4146,0.4191,0.405,0.4056,699066.97
1780426800,0.4052,0.4081,0.3946,0.4019,1226416.21
1780430400,0.4018,0.4057,0.3894,0.4015,697569.04
1780434000,0.4025,0.4128,0.3993,0.4017,821773.71
1780437600,0.4015,0.4075,0.3943,0.3955,324606.81
1780441200,0.3953,0.3977,0.3761,0.3822,991160.23
1780444800,0.382,0.4014,0.3806,0.3969,724929.57
1780448400,0.3967,0.4061,0.3926,0.3952,357464.2
1780452000,0.3949,0.3949,0.3882,0.3947,258349.85
1780455600,0.3951,0.3988,0.3817,0.383,672331
1780459200,0.3837,0.4107,0.383,0.4074,690970.71
1780462800,0.4077,0.4213,0.4067,0.418,537871.66
1780466400,0.4176,0.4448,0.4176,0.4372,1176485.16
1780470000,0.4373,0.4583,0.4373,0.4566,756783.73
1780473600,0.4563,0.4657,0.4416,0.4619,1601671.79
1780477200,0.4614,0.475,0.4535,0.4741,1053581.97
1780480800,0.4737,0.5162,0.4679,0.5071,3397679.94
1780484400,0.5082,0.524,0.4953,0.5,2412617.91
1780488000,0.499,0.5034,0.4823,0.5015,1414565.89
1780491600,0.5015,0.5386,0.5007,0.5244,3385120.83
1780495200,0.5242,0.5287,0.512,0.5215,1559941.2
1780498800,0.5217,0.5369,0.5177,0.5293,1991969.02
1780502400,0.5294,0.5421,0.5035,0.539,2519851.73
1780506000,0.5389,0.5403,0.5101,0.5208,2233442.68
1780509600,0.521,0.5247,0.5055,0.523,1063446.83
1780513200,0.523,0.5342,0.5147,0.5214,1934628.35
1780516800,0.5208,0.5369,0.5079,0.5099,3238464.7
1780520400,0.5103,0.5654,0.5096,0.5516,3343836.18
1780524000,0.5518,0.5552,0.5323,0.5433,1984659.72
1780527600,0.543,0.5602,0.5247,0.5414,2427650.03
1780531200,0.5422,0.5509,0.5182,0.5214,2224037.53
1780534800,0.5215,0.5317,0.5052,0.509,1931622.01
1780538400,0.509,0.5257,0.47,0.5185,3627043.15
1780542000,0.5192,0.5652,0.5191,0.5386,4206318.71
1780545600,0.5384,0.5421,0.5023,0.5082,1924728.98
1780549200,0.5084,0.5168,0.4929,0.5111,2881623.13
1780552800,0.511,0.5405,0.5084,0.5284,1880957.41
1780556400,0.5286,0.5326,0.506,0.5127,1667542.36
1780560000,0.5132,0.5323,0.5113,0.5267,1667586.85
1780563600,0.5268,0.527,0.5082,0.5112,1356282.72
1780567200,0.5112,0.5116,0.479,0.4934,3894411.82
1780570800,0.493,0.4968,0.4733,0.4757,3387613.76
1780574400,0.4765,0.4951,0.4577,0.494,5866316.94
1780578000,0.4946,0.5149,0.4757,0.4982,3448132.55
1780581600,0.4982,0.5608,0.4958,0.5431,8101201.35
1780585200,0.5434,0.6021,0.5336,0.5904,12956662.61
1780588800,0.591,0.6246,0.5773,0.6148,7320322.32
1780592400,0.615,0.6353,0.55,0.5598,10093319.9
1780596000,0.5604,0.5929,0.546,0.5771,8894623.12
1780599600,0.5768,0.5849,0.5451,0.5505,6106962.61
1780603200,0.5504,0.556,0.5209,0.5256,5435360.33
1780606800,0.5252,0.5444,0.5093,0.5113,3397287.4
1780610400,0.5112,0.5365,0.5086,0.534,3471323.82
1780614000,0.5343,0.5453,0.522,0.5356,2576369.06
1780617600,0.5356,0.5473,0.5234,0.5317,2153131.03
1780621200,0.5315,0.5544,0.5268,0.5536,1638594.29
1780624800,0.5534,0.5561,0.4771,0.4901,5387531.09
1780628400,0.4906,0.5192,0.4718,0.4914,5437421.44
1780632000,0.4916,0.5109,0.4835,0.5091,4323829.21
1780635600,0.5092,0.5219,0.5042,0.5061,2310136.13
1780639200,0.5064,0.5281,0.487,0.5243,3687598.29
1780642800,0.5244,0.5661,0.5089,0.5396,3025884.7
1780646400,0.5397,0.5461,0.5235,0.5299,1875350.99
1780650000,0.5313,0.5623,0.5313,0.5578,1967824.02
1780653600,0.5582,0.574,0.5423,0.5477,3101082.65
1780657200,0.5474,0.5474,0.5233,0.5295,2469443.58
1780660800,0.5301,0.5384,0.5111,0.5287,2785331.81
1780664400,0.5284,0.5404,0.5195,0.5211,3511372.02
1780668000,0.5214,0.5514,0.491,0.4997,4228652.48
1780671600,0.4994,0.5102,0.4748,0.5088,4104425.74
1780675200,0.5094,0.5372,0.5004,0.5301,4338826.71
1780678800,0.5296,0.5315,0.5068,0.5304,2124347.16
1780682400,0.5306,0.5357,0.5012,0.5021,2295200.86
1780686000,0.5024,0.5271,0.4968,0.5177,1780603.5
1780689600,0.5181,0.5223,0.5046,0.5162,1142569.68
1780693200,0.5162,0.5444,0.507,0.5299,2127993.26
1780696800,0.5292,0.5557,0.5271,0.5428,2245007.7
1780700400,0.5438,0.5445,0.5222,0.5304,1363501.17
1780704000,0.5305,0.5388,0.518,0.5249,2498849.76
1780707600,0.5252,0.5332,0.4891,0.499,9005384.54
1780711200,0.4988,0.5022,0.4472,0.4498,8212453.99
1780714800,0.4489,0.4543,0.4084,0.4289,20185461.54
1780718400,0.429,0.4355,0.4174,0.4225,3901534.57
1780722000,0.4223,0.4545,0.418,0.4519,3266959.02
1780725600,0.4516,0.4635,0.4482,0.4599,2081823.96
1780729200,0.4602,0.4716,0.4345,0.4376,2686680.88
1780732800,0.4383,0.4395,0.4201,0.4206,1640951.28
1780736400,0.4215,0.427,0.4046,0.4061,1625027.11
1780740000,0.406,0.416,0.3904,0.4145,2579329.03
1780743600,0.4134,0.4278,0.412,0.4226,1053257.36
1780747200,0.4219,0.4264,0.4055,0.4111,667348.2
1780750800,0.4116,0.4255,0.411,0.4158,800942.2
1780754400,0.4157,0.4333,0.4064,0.41,1653846.5
1780758000,0.4101,0.4216,0.407,0.4147,922642.54
1780761600,0.4148,0.4169,0.3991,0.4062,1075813.28
1780765200,0.4064,0.4078,0.3925,0.3976,1049098.47
1780768800,0.3983,0.4181,0.3963,0.4105,1735890.51
1780772400,0.4103,0.4207,0.4076,0.4118,1141471.21
1780776000,0.4116,0.4204,0.4082,0.4144,986543.64
1780779600,0.4142,0.4261,0.412,0.4231,1064552.48
1780783200,0.4234,0.4259,0.415,0.4164,434677.14
1780786800,0.416,0.4207,0.4124,0.4136,400364.92
1780790400,0.4133,0.4367,0.4118,0.4362,1587683.39
1780794000,0.4356,0.4747,0.4334,0.4733,3661853.7
1780797600,0.4732,0.4733,0.4383,0.4429,3250304.59
1780801200,0.4434,0.4507,0.4384,0.4485,1424453.81
1780804800,0.4475,0.4646,0.4467,0.4618,1361709.18
1780808400,0.4626,0.463,0.4431,0.4444,1747621.36
1780812000,0.4453,0.4529,0.441,0.4468,551249.51
1780815600,0.4468,0.4573,0.4416,0.446,879936.99
1780819200,0.4455,0.4532,0.4392,0.4489,1902717.7
1780822800,0.4487,0.45,0.4269,0.4272,1685536.69
1780826400,0.4283,0.4292,0.416,0.4205,685852.6
1780830000,0.4209,0.4369,0.4185,0.4352,739368.91
1780833600,0.4349,0.4365,0.4236,0.4339,1666856.28
1780837200,0.4336,0.4491,0.4336,0.4438,2442271.27
1780840800,0.4435,0.4871,0.441,0.4859,1844932.43
1780844400,0.486,0.5132,0.4695,0.4987,4900479.55
1780848000,0.4989,0.507,0.4782,0.485,3173455.08
1780851600,0.4848,0.4892,0.4785,0.4855,1021633.85
1780855200,0.486,0.4907,0.4749,0.4767,668619.13
1780858800,0.4766,0.4769,0.4581,0.4641,794486.71
1780862400,0.464,0.4757,0.4628,0.4745,1274963.02
1780866000,0.4747,0.4755,0.4637,0.4743,550916.27
1780869600,0.4748,0.5044,0.4689,0.4703,2121932.82
1780873200,0.4713,0.4733,0.4646,0.4716,953815.74
1780876800,0.4718,0.4895,0.4692,0.4814,791016.4
1780880400,0.4822,0.4841,0.468,0.4737,1108279.77
1780884000,0.4739,0.4944,0.4736,0.4888,1549778.67
1780887600,0.4886,0.4886,0.4713,0.48,998463.45
1780891200,0.481,0.4827,0.4658,0.4709,1025553.71
1780894800,0.4709,0.4857,0.4657,0.4675,786085.69
1780898400,0.4681,0.4844,0.4666,0.4783,932809
1780902000,0.479,0.4825,0.469,0.4719,552488.65
1780905600,0.4718,0.478,0.468,0.4715,1255029.74
1780909200,0.472,0.4774,0.4618,0.4708,1767318.99
1780912800,0.4709,0.4751,0.4548,0.4579,1767126.27
1780916400,0.4589,0.4773,0.4589,0.465,2531331.37
1780920000,0.4652,0.4858,0.46,0.4814,1287658.97
1780923600,0.4825,0.489,0.4745,0.4816,1455858.52
1780927200,0.4817,0.4851,0.4678,0.4816,981510.77
1780930800,0.483,0.4914,0.4776,0.4795,717412.91
1780934400,0.4802,0.5075,0.4763,0.5028,2110540.27
1780938000,0.5032,0.5354,0.4939,0.5338,2783625.74
1780941600,0.5342,0.5783,0.5339,0.5768,3207697.75
1780945200,0.5769,0.5769,0.5419,0.5474,1622360.95
1780948800,0.5474,0.554,0.5342,0.5451,2778182.77
1780952400,0.5452,0.5615,0.5061,0.5111,2137869.49
1780956000,0.5107,0.5135,0.4915,0.497,1768211.66
1780959600,0.4969,0.5007,0.4926,0.4971,451102.04
1780963200,0.4967,0.5075,0.4847,0.4907,1471565.48
1780966800,0.4904,0.4951,0.4811,0.4917,858455.5
1780970400,0.4919,0.4956,0.4794,0.4842,1044241.01
1780974000,0.4844,0.4917,0.4815,0.4843,405240.18
1780977600,0.4841,0.5031,0.4837,0.5006,720240.18
1780981200,0.5005,0.5111,0.4965,0.5078,638900.62
1780984800,0.5085,0.5213,0.4973,0.5056,1076563.39
1780988400,0.5068,0.525,0.5039,0.5133,495302.18
1780992000,0.513,0.5207,0.5034,0.5135,504014.69
1780995600,0.5142,0.516,0.5055,0.5118,775137.03
1780999200,0.5122,0.52,0.5062,0.5106,417413.8
1781002800,0.5108,0.5192,0.5061,0.5117,389100.82
1781006400,0.511,0.5415,0.511,0.5272,2346869.16
1781010000,0.5279,0.5756,0.5242,0.5509,5881193.9
1781013600,0.5508,0.5515,0.5136,0.531,4166605.27
1781017200,0.5309,0.54,0.4949,0.5004,2982776.48
1781020800,0.5004,0.5073,0.4819,0.4842,1457078.97
1781024400,0.483,0.5186,0.483,0.513,1579169.87
1781028000,0.5132,0.5295,0.5082,0.5275,740189.75
1781031600,0.5271,0.5316,0.5008,0.5055,963135.19
1781035200,0.505,0.5275,0.5017,0.5275,878263.48
1781038800,0.5276,0.5285,0.5068,0.5134,576479.81
1781042400,0.5138,0.521,0.5065,0.5075,1073986.49
1781046000,0.5075,0.5132,0.5037,0.5079,1252101.67
1781049600,0.5093,0.5146,0.5001,0.5145,400421.8
1781053200,0.5137,0.5205,0.5063,0.5098,1172185.01
1781056800,0.5096,0.5122,0.4996,0.5057,515745.36
1781060400,0.5052,0.5171,0.5032,0.5046,220859.73
1781064000,0.5043,0.508,0.4892,0.5067,232732.85
1781067600,0.5066,0.5091,0.4841,0.4892,684300.88
1781071200,0.4877,0.5028,0.4832,0.4951,357105.3
1781074800,0.495,0.5096,0.4932,0.5003,255670.78
1781078400,0.5006,0.505,0.4943,0.4945,105777.56
1781082000,0.4948,0.5042,0.4938,0.499,210911.66
1781085600,0.4997,0.4997,0.4873,0.4932,201560.16
1781089200,0.4927,0.4947,0.4779,0.4892,3547410.92
1781092800,0.489,0.5154,0.4868,0.5082,985491.13
1781096400,0.5083,0.5312,0.5053,0.5116,1607903.2
1781100000,0.5118,0.5145,0.4933,0.4987,1544224.26
1781103600,0.499,0.504,0.4628,0.4671,3297185.95
1781107200,0.4672,0.4683,0.439,0.4428,2605663.41
1781110800,0.4431,0.4557,0.443,0.4511,498374.33
1781114400,0.4514,0.4549,0.4437,0.4497,454898.68
1781118000,0.4499,0.452,0.4443,0.4483,171385.82
1781121600,0.4484,0.4567,0.4458,0.4468,372074.47
1781125200,0.4463,0.4471,0.4287,0.4348,1312385.12
1781128800,0.4349,0.4392,0.4275,0.4361,591773.08
1781132400,0.4363,0.4551,0.4346,0.4505,1406624.36
1781136000,0.451,0.4575,0.4457,0.4486,608054.58
1781139600,0.4494,0.4615,0.4473,0.4608,432647.49
1781143200,0.461,0.4625,0.4487,0.4563,270056.76
1781146800,0.457,0.4722,0.4511,0.469,1113640.67
1781150400,0.4691,0.4711,0.455,0.4666,2693130.71
1781154000,0.4666,0.4744,0.4655,0.4726,341927.17
1781157600,0.4728,0.4761,0.4675,0.4714,316078.15
1781161200,0.4707,0.508,0.468,0.4999,1137397.62
1781164800,0.5004,0.5157,0.4762,0.4859,1244648.2
1781168400,0.4865,0.4912,0.4801,0.4888,359149.47
1781172000,0.489,0.5003,0.4875,0.4968,231589.85
1781175600,0.4965,0.5054,0.4912,0.5015,621972.16
1781179200,0.502,0.5078,0.4908,0.5004,364328.62
1781182800,0.5001,0.5065,0.4922,0.5001,485734.19
1781186400,0.5013,0.5023,0.4828,0.4832,650653.92
1781190000,0.4834,0.5004,0.4775,0.4997,721736.13
1781193600,0.4981,0.501,0.4817,0.489,597389.69
1781197200,0.4902,0.5097,0.484,0.5007,1386304.83
1781200800,0.5004,0.5136,0.497,0.5013,1240785.56
1781204400,0.5011,0.5039,0.4955,0.4966,511962.89
1781208000,0.496,0.4966,0.4831,0.4872,700471.95
1781211600,0.4875,0.5031,0.4869,0.4994,574720.42
1781215200,0.4999,0.5031,0.4949,0.4949,101573.74
1781218800,0.4955,0.5014,0.4914,0.4959,263417.5
1781222400,0.4948,0.5072,0.4948,0.5056,345318.77
1781226000,0.5049,0.5079,0.4906,0.501,1006194.89
1781229600,0.5016,0.5105,0.4962,0.5066,406670.59
1781233200,0.5065,0.5088,0.4991,0.5033,283072.46
1781236800,0.5038,0.5088,0.4972,0.4972,730627.26
1781240400,0.4972,0.503,0.4897,0.4947,175325.12
1781244000,0.4951,0.4997,0.4879,0.4954,222591.07
1781247600,0.4956,0.5,0.488,0.4896,121559.16
1781251200,0.4894,0.4993,0.482,0.4939,481149.83
1781254800,0.4951,0.497,0.4895,0.4898,147826.64
1781258400,0.4907,0.4909,0.4823,0.4854,85352.21
1781262000,0.4858,0.4882,0.4768,0.477,257938.25
1781265600,0.477,0.4823,0.4723,0.4815,362039.49
1781269200,0.4813,0.4821,0.4629,0.4688,1156246.52
1781272800,0.4689,0.4777,0.4687,0.4777,285782.46
1781276400,0.4778,0.4834,0.4613,0.4633,1579906.58
1781280000,0.4636,0.4688,0.456,0.4672,560062.19
1781283600,0.4663,0.4778,0.4662,0.4721,194016.84
1781287200,0.475,0.476,0.4613,0.4637,356834.28
1781290800,0.4628,0.4698,0.4628,0.4633,199965.67
1781294400,0.4634,0.4702,0.4624,0.466,214189.38
1781298000,0.4654,0.4672,0.4594,0.462,413699.12
1781301600,0.463,0.466,0.4589,0.461,312057.41
1781305200,0.4609,0.461,0.4555,0.4582,282872.95
1781308800,0.4575,0.4737,0.4539,0.4725,598905.7
1781312400,0.4725,0.4844,0.4724,0.4768,435027.07
1781316000,0.4756,0.482,0.4738,0.4781,559504.58
1781319600,0.4775,0.4818,0.474,0.4784,619853.57
1781323200,0.4782,0.4799,0.468,0.4751,298727.5
1781326800,0.4746,0.4774,0.4706,0.4756,73276.06
1781330400,0.4754,0.4814,0.4706,0.4792,815618.27
1781334000,0.4793,0.4945,0.4764,0.4892,1413838.04
1781337600,0.489,0.497,0.4853,0.489,364823.63
1781341200,0.4892,0.4908,0.4838,0.4882,157615.48
1781344800,0.4884,0.4953,0.4861,0.4902,131806.18
1781348400,0.4902,0.495,0.4874,0.4912,91826.49
1781352000,0.4913,0.5046,0.4908,0.5009,1492907.85
1781355600,0.5006,0.5219,0.4996,0.5053,1677522.72
1781359200,0.5055,0.5269,0.5049,0.5206,1356579.09
1781362800,0.5206,0.5348,0.5164,0.5164,1030716.94
1781366400,0.5165,0.5172,0.4956,0.5053,1465443.6
1781370000,0.505,0.5061,0.4991,0.5021,228321.38
1781373600,0.5024,0.5066,0.4926,0.497,401436.05
1781377200,0.4964,0.5048,0.4958,0.5003,171595.66
1781380800,0.4999,0.5036,0.4945,0.5021,488749.01
1781384400,0.5022,0.5127,0.4979,0.5073,446980.61
1781388000,0.5071,0.5104,0.5023,0.5036,288559.79
1781391600,0.5034,0.507,0.4987,0.5013,254174.45
1781395200,0.5015,0.5063,0.5012,0.5032,226933.46
1781398800,0.5034,0.5123,0.5019,0.5077,714824.89
1781402400,0.5074,0.5114,0.5051,0.5071,141101.67
1781406000,0.5078,0.5084,0.5026,0.506,630801.2
1781409600,0.5046,0.5051,0.4896,0.4908,352131.43
1781413200,0.4906,0.5084,0.4903,0.5074,317363.91
1781416800,0.5075,0.5234,0.5075,0.5147,482890.23
1781420400,0.515,0.5152,0.5013,0.5036,277499.56
1781424000,0.5034,0.513,0.4988,0.5084,357145.27
1781427600,0.5082,0.5087,0.5016,0.5041,153561.47
1781431200,0.504,0.5066,0.494,0.4947,345026.89
1781434800,0.4949,0.5029,0.4946,0.5017,158273.7
1781438400,0.5018,0.5048,0.4947,0.497,149104.48
1781442000,0.4968,0.5065,0.4934,0.5018,263263.92
1781445600,0.5012,0.5013,0.4912,0.4966,220828.75
1781449200,0.4967,0.5032,0.4953,0.4968,505486.03
1781452800,0.4967,0.5042,0.4954,0.5004,269134.25
1781456400,0.5,0.5085,0.4965,0.497,364379.1
1781460000,0.4968,0.5067,0.4954,0.5042,145311.61
1781463600,0.5042,0.5042,0.4973,0.4986,205993.77
1781467200,0.4984,0.5047,0.4967,0.5003,85980.35
1781470800,0.5002,0.5215,0.4984,0.5138,1398639.15
1781474400,0.5137,0.5213,0.5084,0.5202,679058.18
1781478000,0.5201,0.5272,0.5136,0.5234,733987.82
1781481600,0.5234,0.5457,0.5205,0.5441,788650.62
1781485200,0.5438,0.562,0.538,0.5538,942035.6
1781488800,0.5536,0.5834,0.5493,0.5796,1928422.45
1781492400,0.5799,0.5909,0.5718,0.5742,1261577.54
1781496000,0.5746,0.5989,0.5732,0.5937,702895.99
1781499600,0.5936,0.6042,0.582,0.5909,618904.49
1781503200,0.5908,0.5966,0.5801,0.5921,525290.73
1781506800,0.592,0.592,0.5805,0.5838,300703.36
1781510400,0.584,0.5955,0.582,0.584,230714.27
1781514000,0.5844,0.5983,0.5844,0.5897,427273.06
1781517600,0.5899,0.5977,0.5843,0.5947,403310.83
1781521200,0.5956,0.6291,0.5891,0.6197,1345808.63
1781524800,0.6198,0.6238,0.6055,0.6126,837246.58
1781528400,0.6124,0.6179,0.6029,0.611,748966.61
1781532000,0.6112,0.6162,0.606,0.6144,785667.05
1781535600,0.6146,0.6162,0.5835,0.5866,755946.36
1781539200,0.5864,0.5882,0.5654,0.5718,1452229.7
1781542800,0.572,0.5862,0.569,0.5777,613701.28
1781546400,0.5778,0.5907,0.5747,0.5867,461580.17
1781550000,0.5864,0.5904,0.5798,0.584,216616.65
1781553600,0.5835,0.599,0.5814,0.5956,589400.55
1781557200,0.5952,0.6119,0.5917,0.6065,427332.87
1781560800,0.6064,0.6144,0.5884,0.5925,931585.02
1781564400,0.5924,0.5989,0.584,0.5874,364409.35
1781568000,0.5872,0.606,0.5864,0.5978,287218.84
1781571600,0.5978,0.6046,0.5933,0.5952,260736.76
1781575200,0.5946,0.6042,0.59,0.597,333073.26
1781578800,0.5972,0.6048,0.5962,0.6026,363948.03
1781582400,0.6021,0.6035,0.5888,0.596,361427.08
1781586000,0.5964,0.5995,0.5763,0.5836,567233.11
1781589600,0.5834,0.6018,0.5826,0.6,462995.9
1781593200,0.6002,0.6532,0.5954,0.6432,1133459.71
1781596800,0.644,0.6728,0.6319,0.672,1006349.82
1781600400,0.6716,0.6726,0.642,0.6557,492134.32
1781604000,0.6562,0.6647,0.6497,0.6518,549415.08
1781607600,0.6516,0.6655,0.6458,0.6537,632107.84
1781611200,0.6538,0.6582,0.644,0.6508,521579.6
1781614800,0.6505,0.6516,0.6336,0.6412,697625.9
1781618400,0.6414,0.6547,0.622,0.6381,1478523.71
1781622000,0.6382,0.654,0.6346,0.6392,1019277.74
1781625600,0.6394,0.6449,0.6323,0.6391,335833.43
1781629200,0.639,0.668,0.6386,0.663,903518.8
1781632800,0.6624,0.6674,0.6522,0.663,680032.28
1781636400,0.6624,0.663,0.6507,0.6546,525970.09
1781640000,0.6547,0.6862,0.6542,0.676,1353957.66
1781643600,0.6756,0.6776,0.6623,0.6652,671971.28
1781647200,0.665,0.6718,0.6584,0.6626,337963.19
1781650800,0.6627,0.6781,0.6627,0.6748,391860.87
1781654400,0.6748,0.6929,0.6643,0.6894,638022.05
1781658000,0.6892,0.7225,0.684,0.7007,1264827.63
1781661600,0.7014,0.7052,0.6841,0.6859,1089726.54
1781665200,0.686,0.6864,0.6691,0.6818,472781.06
1781668800,0.682,0.6955,0.6768,0.6776,355715.29
1781672400,0.6776,0.6954,0.6754,0.6947,209136.29
1781676000,0.6946,0.7003,0.6802,0.6805,394352.41
1781679600,0.6814,0.6884,0.6752,0.6832,123956.98
1781683200,0.6826,0.684,0.6533,0.66,451191.43
1781686800,0.66,0.6618,0.64,0.6504,462564.14
1781690400,0.6506,0.6577,0.646,0.6519,238801.35
1781694000,0.6524,0.6605,0.6464,0.6529,317551.46
1781697600,0.6543,0.6604,0.65,0.6578,172667.12
1781701200,0.6576,0.6709,0.6532,0.662,663070.59
1781704800,0.6618,0.668,0.6488,0.6514,1383091.96
1781708400,0.6512,0.6603,0.6454,0.6573,426589.56
1781712000,0.6582,0.6694,0.6568,0.6686,380222.43
1781715600,0.669,0.6856,0.6622,0.6715,1138087.6
1781719200,0.6705,0.6732,0.651,0.6574,1195217.03
1781722800,0.6573,0.6634,0.6343,0.6408,1533757.15
1781726400,0.6401,0.6438,0.6335,0.643,580559.03
1781730000,0.6432,0.6506,0.6366,0.6423,916698.35
1781733600,0.6414,0.6578,0.6338,0.6554,304926
1781737200,0.656,0.6614,0.6532,0.6585,85860.4
1781740800,0.6582,0.6675,0.656,0.6594,490856.81
1781744400,0.6595,0.6715,0.6486,0.6505,129992.62
1781748000,0.65,0.6624,0.648,0.6526,165108.94
1781751600,0.6524,0.6544,0.6369,0.6372,203268.91
1781755200,0.6376,0.6434,0.6318,0.6378,195680.28
1781758800,0.6376,0.6383,0.6183,0.6217,490470.38
1781762400,0.6216,0.6234,0.607,0.6124,283883.73
1781766000,0.6123,0.628,0.6114,0.6252,367196.02
1781769600,0.6255,0.6378,0.6232,0.6335,198653.39
1781773200,0.6334,0.6334,0.6216,0.6274,44541.39
1781776800,0.6276,0.6316,0.6236,0.6248,122225.43
1781780400,0.625,0.6301,0.6099,0.6292,278191.82
1781784000,0.6286,0.6396,0.6255,0.6345,256874.07
1781787600,0.6344,0.6346,0.621,0.624,758795.33
1781791200,0.6241,0.6316,0.6181,0.6229,312674.96
1781794800,0.6226,0.629,0.6116,0.6132,397874.02
1781798400,0.613,0.6258,0.6032,0.62,491365.33
1781802000,0.6202,0.6208,0.6094,0.6118,408997.2
1781805600,0.6115,0.6192,0.6088,0.6167,98817.93
1781809200,0.6164,0.626,0.6131,0.6202,215703.96
1781812800,0.6206,0.6481,0.6206,0.64,343342.12
1781816400,0.6404,0.6457,0.6302,0.6374,377437.16
1781820000,0.6378,0.6462,0.6356,0.64,134801.91
1781823600,0.6394,0.6448,0.6326,0.642,105175.39
1781827200,0.6426,0.6628,0.6388,0.658,449784.52
1781830800,0.658,0.6586,0.6456,0.6485,153616.95
1781834400,0.648,0.652,0.6374,0.6478,169972.24
1781838000,0.6479,0.6539,0.6265,0.641,772459.19
1781841600,0.6409,0.6467,0.6214,0.6266,329137.1
1781845200,0.6264,0.6352,0.625,0.6304,261608.2
1781848800,0.6302,0.6636,0.6288,0.6606,634595.2
1781852400,0.6607,0.6647,0.6409,0.646,733564.53
1781856000,0.6464,0.6516,0.6381,0.6404,275753.21
1781859600,0.6405,0.6406,0.6183,0.6206,711103.18
1781863200,0.6202,0.6204,0.5933,0.6018,694073.46
1781866800,0.602,0.6074,0.599,0.604,231387.16
1781870400,0.6042,0.6192,0.5998,0.6168,414077
1781874000,0.6172,0.6336,0.6156,0.6326,270223.01
1781877600,0.6324,0.6366,0.6228,0.6248,321511.65
1781881200,0.625,0.6286,0.613,0.6174,430185.85
1781884800,0.617,0.624,0.6131,0.616,271944.7
1781888400,0.6156,0.624,0.614,0.622,166282.33
1781892000,0.6224,0.6236,0.6163,0.622,148296
1781895600,0.6218,0.622,0.6104,0.6151,252406.73
1781899200,0.6152,0.6215,0.6134,0.6203,144857.34
1781902800,0.6204,0.63,0.6184,0.6206,365971.06
1781906400,0.6207,0.6288,0.6207,0.6233,109753.19
1781910000,0.6236,0.6246,0.6135,0.6232,111246.12
1781913600,0.6234,0.6266,0.6144,0.6156,148240.89
1781917200,0.616,0.6168,0.6033,0.6042,190064.01
1781920800,0.6046,0.6071,0.5905,0.6003,499980.93
1781924400,0.6002,0.6055,0.5975,0.6042,159849.07
1781928000,0.6043,0.6169,0.6028,0.6163,239704.39
1781931600,0.6163,0.6236,0.608,0.6109,198826.14
1781935200,0.6115,0.6136,0.6028,0.6035,53047.5
1781938800,0.6034,0.607,0.5967,0.5996,357024.4
1781942400,0.5994,0.6052,0.5988,0.604,59766.46
1781946000,0.6034,0.6076,0.6001,0.6064,80742.6
1781949600,0.6068,0.613,0.6028,0.6094,497429.39
1781953200,0.6096,0.6097,0.6004,0.6024,298887.49
1781956800,0.6026,0.6231,0.6021,0.6082,542515.74
1781960400,0.6083,0.6095,0.5949,0.6005,490244.93
1781964000,0.6004,0.6198,0.5974,0.6116,323244.3
1781967600,0.6118,0.6227,0.6087,0.6165,965487.72
1781971200,0.6161,0.6182,0.6105,0.6152,58596.03
1781974800,0.6144,0.6166,0.6,0.6039,131073.06
1781978400,0.604,0.6084,0.6014,0.6014,73091.5
1781982000,0.6012,0.6044,0.6,0.6044,50760.6
1781985600,0.6046,0.6063,0.6007,0.6045,103358.98
1781989200,0.6048,0.6088,0.6022,0.6046,170550.5
1781992800,0.6045,0.6145,0.6036,0.6111,202622.81
1781996400,0.6112,0.613,0.6066,0.6102,121469.99
1782000000,0.61,0.6101,0.601,0.6051,221733.08
1782003600,0.605,0.6068,0.5965,0.5974,111658.63
1782007200,0.5975,0.6042,0.5945,0.6012,170532.77
1782010800,0.6017,0.6128,0.5995,0.6071,122734.42
1782014400,0.6064,0.6092,0.6005,0.602,100071.59
1782018000,0.6018,0.6032,0.5994,0.6006,54385.84
1782021600,0.6008,0.604,0.5979,0.6002,78382.41
1782025200,0.6001,0.6063,0.5974,0.6029,112465.33
1782028800,0.6024,0.6092,0.5954,0.6082,179534.32
1782032400,0.608,0.6092,0.6013,0.6056,32387.47
1782036000,0.6053,0.6071,0.5992,0.601,119702.61
1782039600,0.6006,0.6032,0.592,0.5969,351048.91
1782043200,0.597,0.6097,0.5903,0.603,294971.3
1782046800,0.6029,0.6077,0.6025,0.6071,132265.93
1782050400,0.6069,0.6183,0.6038,0.615,288873.66
1782054000,0.6152,0.6511,0.614,0.6426,1942977.92
1782057600,0.6425,0.6452,0.6247,0.6406,486164.43
1782061200,0.6406,0.6459,0.6275,0.6303,533810.06
1782064800,0.6301,0.6378,0.628,0.6371,301653.34
1782068400,0.6374,0.6461,0.6346,0.6408,419796.5
1782072000,0.6406,0.6414,0.6235,0.6246,264778.2
1782075600,0.6248,0.6255,0.6094,0.6132,704480.74
1782079200,0.6138,0.618,0.6072,0.6092,159937.87
1782082800,0.6093,0.6093,0.6022,0.6046,288439.43
1782086400,0.6048,0.6301,0.6045,0.6244,867755.84
1782090000,0.6247,0.6488,0.6226,0.647,410973.67
1782093600,0.6474,0.6481,0.6332,0.6335,411672.13
1782097200,0.6335,0.6408,0.6295,0.6318,443558.12
1782100800,0.632,0.6409,0.6302,0.6388,111863.04
1782104400,0.639,0.6438,0.6361,0.6384,124132.72
1782108000,0.6384,0.6418,0.6323,0.641,161426.98
1782111600,0.641,0.6539,0.638,0.6385,158259.22
1782115200,0.639,0.6448,0.631,0.6348,227194.77
1782118800,0.6346,0.6346,0.6146,0.6192,424390.05
1782122400,0.6195,0.6281,0.619,0.6241,173240.09
1782126000,0.6247,0.6284,0.619,0.6258,166017.87
1782129600,0.6256,0.6389,0.6223,0.6358,246752
1782133200,0.6358,0.6482,0.6348,0.6426,300137.55
1782136800,0.6424,0.6452,0.6266,0.6355,248416.66
1782140400,0.6356,0.6447,0.6287,0.636,231894.15
1782144000,0.6362,0.6428,0.6313,0.6334,274866.24
1782147600,0.6332,0.6391,0.626,0.6351,190676.16
1782151200,0.6351,0.6389,0.6185,0.6195,474828.6
1782154800,0.6196,0.6254,0.6168,0.625,148371.58
1782158400,0.6248,0.6315,0.6208,0.6313,209964.76
1782162000,0.6316,0.6352,0.6242,0.6273,200676.2
1782165600,0.6274,0.6322,0.6176,0.6239,136283.44
1782169200,0.6234,0.6246,0.6152,0.6178,173922.09
1782172800,0.6182,0.6274,0.617,0.6266,143533.14
1782176400,0.6265,0.629,0.6076,0.615,271189.28
1782180000,0.6152,0.616,0.6078,0.6132,143392.3
1782183600,0.6128,0.6142,0.608,0.6118,71453.15
1782187200,0.6116,0.612,0.6033,0.606,135457.02
1782190800,0.6062,0.6072,0.5964,0.5972,215211.15
1782194400,0.597,0.5978,0.5762,0.5855,871226.2
1782198000,0.5848,0.5916,0.5831,0.5838,303235.71
1782201600,0.584,0.5898,0.5683,0.5714,557059.01
1782205200,0.5716,0.5739,0.559,0.5662,409401.85
1782208800,0.5661,0.5684,0.5533,0.5581,1882037.07
1782212400,0.5583,0.5713,0.5582,0.5707,619909.71
1782216000,0.5708,0.5711,0.5612,0.5656,380689.12
1782219600,0.5654,0.5805,0.5616,0.5764,1990838.16
1782223200,0.5765,0.5793,0.5585,0.5608,809188.92
1782226800,0.5607,0.5642,0.5464,0.5539,571050.3
1782230400,0.5537,0.5567,0.5416,0.5452,2166894.27
1782234000,0.545,0.5463,0.5325,0.5396,1225780.65
1782237600,0.5394,0.5451,0.5376,0.5398,468282.99
1782241200,0.5394,0.5425,0.5367,0.54,128645.92
1782244800,0.5404,0.5457,0.5404,0.5426,174511.65
1782248400,0.5425,0.5477,0.542,0.5456,109454.25
1782252000,0.5452,0.5523,0.5404,0.5404,561422.82
1782255600,0.5403,0.5478,0.5339,0.5434,219825.46
1782259200,0.543,0.5492,0.5362,0.5372,396031.87
1782262800,0.5374,0.5423,0.5271,0.5312,608800.72
1782266400,0.531,0.5314,0.5222,0.5227,275370.84
1782270000,0.5228,0.5251,0.5124,0.5176,1323992.43
1782273600,0.5173,0.5191,0.5061,0.5182,631185.47
1782277200,0.5182,0.5454,0.5176,0.5378,1012125.35
1782280800,0.5375,0.5377,0.5248,0.528,685826.65
1782284400,0.5277,0.528,0.5205,0.5234,451334.19
1782288000,0.5235,0.5336,0.5228,0.5334,386722.02
1782291600,0.5328,0.5411,0.5265,0.53,446625.29
1782295200,0.5302,0.5302,0.5232,0.5257,131625.4
1782298800,0.5258,0.54,0.5253,0.5348,257631
1782302400,0.5346,0.5488,0.532,0.541,410666.45
1782306000,0.5399,0.5399,0.5265,0.5322,659373.39
1782309600,0.532,0.534,0.5201,0.53,532334.72
1782313200,0.5296,0.5296,0.5162,0.5208,429786.46
1782316800,0.521,0.5306,0.5058,0.5079,822334.83
1782320400,0.5081,0.5123,0.5004,0.5021,950336.68
1782324000,0.5023,0.5179,0.501,0.5128,687378.35
1782327600,0.5129,0.5176,0.5081,0.5171,236159.02
1782331200,0.5169,0.535,0.5161,0.5312,1082779.42
1782334800,0.5313,0.5382,0.525,0.5359,478343.48
1782338400,0.5354,0.5388,0.5291,0.5333,192940.46
1782342000,0.5332,0.5374,0.5284,0.5288,385679.03
1782345600,0.5286,0.531,0.5185,0.5202,531225.7
1782349200,0.5204,0.5252,0.5195,0.5241,186145.58
1782352800,0.5238,0.5269,0.5138,0.5163,523134.89
1782356400,0.5165,0.5197,0.5107,0.5119,206857.17
1782360000,0.5119,0.519,0.5088,0.5177,111095.17
1782363600,0.5174,0.524,0.517,0.5181,236126.55
1782367200,0.5182,0.5243,0.5143,0.52,810911.77
1782370800,0.52,0.5209,0.5131,0.5145,67520.69
1782374400,0.5147,0.5205,0.511,0.5118,143576.4
1782378000,0.5119,0.5156,0.5086,0.5153,140206.58
1782381600,0.5154,0.5156,0.5048,0.5075,190130.68
1782385200,0.5076,0.5104,0.5038,0.5078,130305.44
1782388800,0.5074,0.5074,0.4906,0.5,1011977.49
1782392400,0.5002,0.5121,0.4802,0.4825,1762138.36
1782396000,0.4827,0.5072,0.4827,0.4921,946956.97
1782399600,0.492,0.4945,0.4846,0.4921,1228488.45
1782403200,0.492,0.498,0.4821,0.4835,685838.47
1782406800,0.4834,0.4965,0.4814,0.4965,281515.66
1782410400,0.4966,0.4969,0.4893,0.4949,258490.56
1782414000,0.4955,0.4967,0.4872,0.4915,257946.01
1782417600,0.4916,0.5009,0.485,0.49,484608.37
1782421200,0.4904,0.4992,0.4899,0.499,231632.53
1782424800,0.4991,0.4995,0.4904,0.4924,140843.67
1782428400,0.4925,0.4979,0.4914,0.4954,125663.03
1782432000,0.4955,0.4971,0.4891,0.4911,111870.79
1782435600,0.491,0.4917,0.4817,0.4849,246858.84
1782439200,0.485,0.4852,0.4544,0.4575,905246.71
1782442800,0.4579,0.4762,0.4551,0.4731,460340.22
1782446400,0.473,0.4779,0.47,0.4719,248527.41
1782450000,0.4716,0.4798,0.4692,0.4779,251275.6
1782453600,0.4778,0.4837,0.4706,0.4818,656495.8
1782457200,0.4819,0.4871,0.481,0.4824,525135.05
1782460800,0.4824,0.4834,0.4731,0.4745,513237.02
1782464400,0.4743,0.4748,0.4637,0.4638,163584.79
1782468000,0.464,0.4685,0.4609,0.4636,337984.77
1782471600,0.4637,0.4676,0.4588,0.4627,320046.22
1782475200,0.4626,0.4671,0.4538,0.4542,434668.8
1782478800,0.4543,0.4715,0.4542,0.4708,592187.08
1782482400,0.4706,0.4722,0.462,0.4631,572541.85
1782486000,0.4631,0.4661,0.4575,0.4635,644904.33
1782489600,0.4633,0.4712,0.462,0.469,450991.45
1782493200,0.4686,0.4746,0.4676,0.4716,353749.06
1782496800,0.4715,0.4722,0.4659,0.4663,167262.06
1782500400,0.4663,0.4767,0.464,0.4708,571897.63
1782504000,0.4716,0.4757,0.4661,0.4693,294757.39
1782507600,0.4691,0.4732,0.4668,0.4675,266017.63
1782511200,0.4675,0.4693,0.4626,0.4678,215976.42
1782514800,0.4679,0.4703,0.4652,0.4666,103418.37
1782518400,0.4666,0.4697,0.4581,0.4662,125563.92
1782522000,0.4661,0.474,0.4647,0.4668,175058.37
1782525600,0.4665,0.4802,0.4644,0.4766,429022.51
1782529200,0.4762,0.4763,0.4683,0.4703,175034.65
1782532800,0.4705,0.4752,0.4675,0.4677,195514.12
1782536400,0.4675,0.4687,0.4646,0.4672,256269.49
1782540000,0.4674,0.47,0.4621,0.4683,182798.23
1782543600,0.4684,0.4689,0.4629,0.4641,193758.45
1782547200,0.4639,0.4651,0.4591,0.4603,206516.71
1782550800,0.4602,0.4634,0.4571,0.4627,161692.83
1782554400,0.4629,0.4646,0.4604,0.4638,105101.73
1782558000,0.4638,0.4703,0.4607,0.466,121782.52
1782561600,0.4661,0.4669,0.4587,0.4629,215197.48
1782565200,0.463,0.4686,0.4616,0.4662,137380.05
1782568800,0.4662,0.4682,0.4643,0.467,96023.07
1782572400,0.4672,0.4707,0.466,0.4677,152018.71
1782576000,0.4681,0.4745,0.4641,0.4701,150027.65
1782579600,0.47,0.47,0.4603,0.4606,419672.21
1782583200,0.4605,0.4636,0.4597,0.4624,103462.45
1782586800,0.4624,0.4644,0.4451,0.4472,416414.89
1782590400,0.4474,0.4564,0.4471,0.4563,209815.92
1782594000,0.4564,0.4584,0.4493,0.4503,188767.69
1782597600,0.4504,0.4527,0.4492,0.4525,68013.5
1782601200,0.4527,0.4555,0.4481,0.4485,205274.21
1782604800,0.4484,0.4524,0.448,0.4489,128278
1782608400,0.4488,0.4488,0.4383,0.4401,306581.3
1782612000,0.4401,0.4415,0.4333,0.4352,254538.17
1782615600,0.4357,0.4409,0.4357,0.4396,120841.78
1782619200,0.4397,0.4397,0.4355,0.4367,83031.28
1782622800,0.4366,0.4407,0.4338,0.4406,28669.01
1782626400,0.4407,0.4448,0.4372,0.4422,103066.83
1782630000,0.4421,0.453,0.4415,0.4517,91032.09
1782633600,0.4519,0.4588,0.4499,0.4539,233468.64
1782637200,0.454,0.4587,0.4514,0.4521,117180.6
1782640800,0.4521,0.4545,0.4485,0.4528,150140.36
1782644400,0.4529,0.4543,0.4495,0.4506,94288.76
1782648000,0.4504,0.4511,0.4454,0.4468,98495.98
1782651600,0.4467,0.4471,0.4437,0.4439,253663.66
1782655200,0.4442,0.4457,0.4411,0.4417,40889.52
1782658800,0.4417,0.4439,0.44,0.442,102217.3
1782662400,0.4421,0.4447,0.4386,0.4393,135977.9
1782666000,0.4392,0.4406,0.4363,0.44,119831.71
1782669600,0.4399,0.4399,0.4346,0.4384,109176.77
1782673200,0.4383,0.4404,0.4364,0.4392,69410.77
1782676800,0.4394,0.4438,0.4382,0.4428,140984.12
1782680400,0.4427,0.4427,0.434,0.437,138833.19
1782684000,0.4371,0.4429,0.4354,0.4355,85783.5
1782687600,0.4358,0.4445,0.4355,0.4411,95454.69
1782691200,0.441,0.4418,0.4342,0.4414,96059.06
1782694800,0.4417,0.443,0.4355,0.4376,49002.27
1782698400,0.4375,0.4377,0.4284,0.4374,583047.31
1782702000,0.4376,0.443,0.4314,0.4363,542506.2
1782705600,0.4363,0.4363,0.4263,0.4288,118490.59
1782709200,0.4286,0.4335,0.422,0.4335,345051.25
1782712800,0.4333,0.4374,0.4297,0.4301,257314.22
1782716400,0.43,0.43,0.4255,0.4269,200720.46
1782720000,0.427,0.429,0.4232,0.4242,158545.67
1782723600,0.4242,0.429,0.424,0.429,120685.09
1782727200,0.4291,0.432,0.426,0.427,112237.55
1782730800,0.4271,0.4291,0.4233,0.4249,135924.18
1782734400,0.4249,0.4339,0.4223,0.4287,258332.02
1782738000,0.4284,0.434,0.4226,0.4247,183708.86
1782741600,0.425,0.4298,0.4208,0.4281,145789.56
1782745200,0.4262,0.4271,0.4186,0.4214,192540.79
1782748800,0.4215,0.422,0.4149,0.421,231253.13
1782752400,0.4208,0.4294,0.4207,0.4263,338288.01
1782756000,0.4262,0.4292,0.4241,0.4273,318880.15
1782759600,0.4272,0.4314,0.4254,0.4262,287041.41
1782763200,0.4265,0.4314,0.4241,0.4241,140508.12
1782766800,0.424,0.4285,0.4217,0.4253,600367.4
1782770400,0.4249,0.4268,0.42,0.4204,313205.53
1782774000,0.4203,0.4229,0.4192,0.4203,91478.65
1782777600,0.4199,0.4212,0.4091,0.411,252457.62
1782781200,0.4112,0.4122,0.4082,0.4105,37731.4
1782784800,0.4104,0.4104,0.4059,0.4091,114118.2
1782788400,0.4094,0.4145,0.4094,0.4141,81871.55
1782792000,0.4139,0.4177,0.4094,0.4151,92413.63
1782795600,0.415,0.4312,0.415,0.4299,225709.17
1782799200,0.4299,0.4336,0.4221,0.4231,223710.49
1782802800,0.4228,0.4247,0.4154,0.4164,177393.51
1782806400,0.4162,0.4165,0.4108,0.4157,188729.2
1782810000,0.4154,0.4184,0.4121,0.4181,367535.38
1782813600,0.418,0.4193,0.4155,0.418,155485.83
1782817200,0.4182,0.4188,0.4096,0.4102,96139.4
1782820800,0.4101,0.4116,0.4029,0.4081,217124.57
1782824400,0.4084,0.4112,0.4053,0.408,194771.69
1782828000,0.4082,0.4151,0.4076,0.4104,267595.01
1782831600,0.4103,0.4163,0.4088,0.4138,293720.15
1782835200,0.4138,0.4164,0.4011,0.4124,1283223.7
1782838800,0.4123,0.414,0.408,0.4087,884356.26
1782842400,0.4087,0.4142,0.4069,0.4099,345324.62
1782846000,0.4097,0.4105,0.4062,0.4072,190796.84
1782849600,0.4071,0.4085,0.4022,0.4048,157606.41
1782853200,0.4049,0.4087,0.4031,0.4072,241168.75
1782856800,0.4074,0.409,0.4028,0.4048,265494.78
1782860400,0.4048,0.4078,0.4038,0.4059,324766.12
1782864000,0.406,0.4087,0.4035,0.4049,133910.87
1782867600,0.405,0.4082,0.3928,0.4067,324980.53
1782871200,0.407,0.412,0.4048,0.4106,193221.68
1782874800,0.4107,0.4135,0.4074,0.4135,211167.74
1782878400,0.4136,0.4188,0.4122,0.415,175398.33
1782882000,0.4152,0.4161,0.4096,0.4099,118468.95
1782885600,0.4098,0.4098,0.3979,0.3992,394481.15
1782889200,0.3993,0.3993,0.3882,0.3911,661617.94
1782892800,0.3909,0.395,0.3878,0.3945,271362.57
1782896400,0.3944,0.3973,0.3925,0.393,69197.21
1782900000,0.3931,0.3948,0.3878,0.3916,84785.17
1782903600,0.3914,0.3927,0.3896,0.3919,58288.74
1782907200,0.392,0.3921,0.385,0.387,119459.78
1782910800,0.3871,0.3964,0.3866,0.3943,594554.05
1782914400,0.3944,0.3976,0.3911,0.3961,390835.6
1782918000,0.3962,0.4058,0.3959,0.4004,446856.47
1782921600,0.4002,0.4002,0.3897,0.3907,371661.73
1782925200,0.3908,0.3931,0.3823,0.3824,588535.28
1782928800,0.3825,0.383,0.3626,0.3655,1229155.98
1782932400,0.3659,0.3687,0.3598,0.3614,784068.23
1782936000,0.3615,0.3711,0.3607,0.3709,1599781.8
1782939600,0.3707,0.3746,0.3679,0.3739,405575.9
1782943200,0.3738,0.3753,0.3616,0.3628,859520.01
1782946800,0.3628,0.3641,0.3549,0.361,1344372.17
1782950400,0.3609,0.3659,0.3573,0.3648,354809.96
1782954000,0.3649,0.3713,0.3634,0.3693,228207.46
1782957600,0.3692,0.3739,0.3664,0.3728,252998.71
1782961200,0.3729,0.3751,0.3668,0.3742,764141.6
1782964800,0.374,0.3876,0.3724,0.3761,903672.77
1782968400,0.3762,0.3804,0.3746,0.3756,382807.53
1782972000,0.3755,0.3755,0.3653,0.3668,387543.81
1782975600,0.3668,0.3725,0.3642,0.3705,302187.05
1782979200,0.3705,0.373,0.3678,0.3705,89638.65
1782982800,0.3704,0.3756,0.3652,0.3737,295284.93
1782986400,0.3736,0.3814,0.3736,0.3756,293789.24
1782990000,0.3758,0.3824,0.3754,0.3786,232725.47
1782993600,0.3784,0.3875,0.3779,0.38,241186.31
1782997200,0.3801,0.3958,0.3782,0.3949,591905.38
1783000800,0.395,0.399,0.386,0.3905,506212.88
1783004400,0.3903,0.3909,0.3819,0.3832,389255.14
1783008000,0.3828,0.3952,0.3817,0.3859,943875.62
1783011600,0.3862,0.3921,0.3856,0.3907,323599.1
1783015200,0.3908,0.3957,0.3907,0.3938,302350.85
1783018800,0.3939,0.3997,0.3899,0.3983,582029.45
1783022400,0.3983,0.4033,0.3957,0.3974,399044.59
1783026000,0.3975,0.4015,0.3946,0.3978,133793.92
1783029600,0.3981,0.4008,0.3951,0.399,196536.52
1783033200,0.3988,0.4052,0.3965,0.405,925917.06
1783036800,0.4048,0.4274,0.4041,0.4202,2469153.6
1783040400,0.4201,0.4361,0.4175,0.434,1346759.01
1783044000,0.4339,0.4385,0.4179,0.4225,1292175.43
1783047600,0.4223,0.4299,0.4173,0.4278,568843.36
1783051200,0.4276,0.4305,0.4129,0.4146,1642736.79
1783054800,0.4145,0.4222,0.4135,0.4176,156730.58
1783058400,0.4176,0.4227,0.4157,0.4181,252654.09
1783062000,0.4179,0.4209,0.4154,0.4184,133753.34
1783065600,0.4183,0.4244,0.416,0.4172,214302.55
1783069200,0.417,0.4211,0.4154,0.4171,172079.68
1783072800,0.4173,0.4214,0.4172,0.4207,162508.5
1783076400,0.4207,0.4285,0.419,0.4257,577686.85
1783080000,0.4255,0.4267,0.4169,0.4244,595994.43
1783083600,0.4245,0.4292,0.4216,0.4255,360152.2
1783087200,0.4254,0.4254,0.4205,0.4242,265954.04
1783090800,0.4241,0.4282,0.4217,0.4276,299956.29
1783094400,0.4275,0.4349,0.4244,0.4335,488035.17
1783098000,0.4335,0.4377,0.4279,0.4348,385196.11
1783101600,0.4349,0.4352,0.429,0.4299,157585.53
1783105200,0.4298,0.4325,0.4258,0.4284,583409.41
1783108800,0.4283,0.4361,0.428,0.4327,253415.91
1783112400,0.433,0.4356,0.429,0.4336,197120.07
1783116000,0.4335,0.4354,0.4298,0.435,473709.14
1783119600,0.4349,0.4363,0.4304,0.4337,226726.69
1783123200,0.4336,0.4475,0.4325,0.4467,370318.81
1783126800,0.4465,0.4465,0.4361,0.4441,289672.84
1783130400,0.4443,0.4491,0.4381,0.4434,273753.24
1783134000,0.4435,0.4479,0.4408,0.4419,465653.79
1783137600,0.4417,0.4464,0.4382,0.4394,555537.4
1783141200,0.4391,0.4433,0.4345,0.44,360489.63
1783144800,0.4398,0.4427,0.4339,0.4345,96823.79
1783148400,0.4344,0.436,0.4169,0.4248,568017.28
1783152000,0.4248,0.4276,0.423,0.4256,159158.67
1783155600,0.4258,0.4267,0.4195,0.4229,261219.99
1783159200,0.4227,0.4245,0.4216,0.4223,43911.68
1783162800,0.4222,0.4234,0.4208,0.4208,53610.98
1783166400,0.4211,0.4278,0.4211,0.4266,112452.36
1783170000,0.4267,0.4316,0.4222,0.425,147822.43
1783173600,0.4246,0.4283,0.4244,0.428,95206.52
1783177200,0.4278,0.4371,0.4272,0.4365,436115.4
1783180800,0.4366,0.4395,0.4335,0.4356,384988.68
1783184400,0.4353,0.4406,0.4315,0.4391,563020.85
1783188000,0.4388,0.4388,0.4333,0.4369,74004.18
1783191600,0.4368,0.4375,0.4312,0.4313,209721.36
1783195200,0.4315,0.4317,0.4261,0.4294,311182.69
1783198800,0.4294,0.4318,0.4271,0.4285,230756.28
1783202400,0.4286,0.4291,0.4222,0.4249,85661.75
1783206000,0.4248,0.4257,0.42,0.4251,83311.68
1783209600,0.4251,0.4251,0.414,0.4169,214362.05
1783213200,0.417,0.4184,0.4122,0.418,387008.88
1783216800,0.4179,0.4179,0.4088,0.4141,316117.84
1783220400,0.4139,0.4147,0.4114,0.4137,250439.01
1783224000,0.4137,0.4167,0.4132,0.4138,135358.13
1783227600,0.4137,0.4144,0.4092,0.4118,58210.44
1783231200,0.4117,0.4136,0.4101,0.4129,32633.08
1783234800,0.4131,0.4171,0.411,0.417,74355.49
1783238400,0.4168,0.4173,0.4129,0.4136,77362.56
1783242000,0.4136,0.4155,0.4055,0.4067,245536.69
1783245600,0.4066,0.409,0.4027,0.4085,170959.82
1783249200,0.4086,0.4091,0.4067,0.4074,86024.15
1783252800,0.4073,0.4132,0.4055,0.4123,62865.9
1783256400,0.4125,0.4131,0.4081,0.4124,136079.25
1783260000,0.4122,0.4122,0.4084,0.411,30588.94
1783263600,0.4111,0.4126,0.4004,0.4031,474084.91
1783267200,0.4029,0.404,0.4006,0.4023,295268.19
1783270800,0.4021,0.4046,0.4011,0.4019,365345.57
1783274400,0.402,0.405,0.4018,0.4032,80645.03
1783278000,0.4031,0.407,0.403,0.4063,313622.21
1783281600,0.4062,0.412,0.4061,0.4116,383723.23
1783285200,0.4115,0.4193,0.4105,0.4167,555892.7
1783288800,0.4166,0.4204,0.4147,0.4169,299167.91
1783292400,0.417,0.4281,0.4164,0.4184,733552.64
1783296000,0.4184,0.4187,0.4109,0.418,168615.92
1783299600,0.4179,0.4244,0.4179,0.4215,303180.69
1783303200,0.4215,0.4245,0.4176,0.4211,239276.16
1783306800,0.4212,0.4255,0.4191,0.4231,177116.17
1783310400,0.4231,0.4303,0.4202,0.4257,135244.21
1783314000,0.4256,0.4256,0.4145,0.4201,322172.16
1783317600,0.4202,0.4212,0.4156,0.418,87962.94
1783321200,0.4182,0.4196,0.4147,0.4178,36356.5
1783324800,0.4178,0.4186,0.4111,0.4131,77106.58
1783328400,0.4132,0.4132,0.4081,0.4098,117450.72
1783332000,0.4097,0.4203,0.4096,0.4193,106345.63
1783335600,0.4192,0.4233,0.4128,0.4128,135133.16
1783339200,0.4127,0.4127,0.404,0.4053,948876.5
1783342800,0.4053,0.4085,0.4018,0.4055,314820.31
1783346400,0.4055,0.4151,0.4047,0.4113,298489.42
1783350000,0.4114,0.419,0.4078,0.418,275042.62
1783353600,0.4179,0.4224,0.4143,0.4147,346180.63
1783357200,0.4147,0.4163,0.41,0.4105,409325.15
1783360800,0.4105,0.4128,0.41,0.4123,169186.22
1783364400,0.4122,0.4151,0.4109,0.4128,68743.71
1783368000,0.4128,0.4129,0.4098,0.41,208338.06
1783371600,0.41,0.4193,0.4098,0.4167,301894.96
1783375200,0.4165,0.4174,0.411,0.4114,133761.51
1783378800,0.4112,0.4129,0.4081,0.4096,62942.85
1783382400,0.4097,0.4118,0.4034,0.4055,294373.37
1783386000,0.4057,0.4072,0.4034,0.4059,149372.06
1783389600,0.4057,0.4062,0.4002,0.4005,206769.86
1783393200,0.4004,0.4013,0.3972,0.3996,280295.58
1783396800,0.3994,0.4003,0.3963,0.3979,499843.17
1783400400,0.3975,0.3987,0.3914,0.3982,176991.37
1783404000,0.3982,0.4016,0.3964,0.4001,69617.36
1783407600,0.4,0.4011,0.3969,0.3971,81546.28
1783411200,0.3972,0.3977,0.3933,0.3949,38087.85
1783414800,0.3948,0.3968,0.3928,0.3944,62698.91
1783418400,0.3945,0.396,0.3908,0.391,86153.15
1783422000,0.3913,0.3939,0.3895,0.3937,112669.25
1783425600,0.3935,0.3954,0.3905,0.3913,72662.11
1783429200,0.3912,0.3912,0.3841,0.3849,775941.22
1783432800,0.3848,0.3883,0.3804,0.3874,286389.99
1783436400,0.3876,0.3962,0.3872,0.3943,191251.13
1783440000,0.3942,0.3986,0.3925,0.3977,488446.81
1783443600,0.3976,0.3977,0.3928,0.396,95508.06
1783447200,0.3959,0.3988,0.3889,0.3895,155209.04
1783450800,0.3896,0.3914,0.3874,0.3898,141096.29
1783454400,0.3899,0.3917,0.3886,0.3901,188889.43
1783458000,0.3903,0.3912,0.3825,0.3832,440850.88
1783461600,0.3831,0.3831,0.3766,0.3811,372000.56
1783465200,0.3812,0.3829,0.3799,0.3805,58035.45
1783468800,0.3806,0.3885,0.3794,0.3861,288800.75
1783472400,0.3859,0.3862,0.3749,0.3754,510775.53
1783476000,0.3753,0.3753,0.3702,0.3748,707920.69
1783479600,0.3749,0.3778,0.3734,0.3741,158354.85
1783483200,0.3741,0.378,0.3723,0.3741,232657.74
1783486800,0.3743,0.3754,0.3713,0.3722,90162.07
1783490400,0.3721,0.3729,0.368,0.371,168132.6
1783494000,0.3711,0.3754,0.3686,0.3726,72926.46
1783497600,0.3728,0.3736,0.3638,0.3662,286466
1783501200,0.3661,0.3703,0.3658,0.3698,200705.94
1783504800,0.3695,0.3738,0.3688,0.3725,162735.58
1783508400,0.3726,0.378,0.3715,0.3758,112363.05
1783512000,0.3759,0.3773,0.3715,0.3715,142127.26
1783515600,0.3717,0.3774,0.371,0.3769,196109.11
1783519200,0.3767,0.3826,0.3753,0.3763,283792.28
1783522800,0.3762,0.3764,0.3702,0.375,102250.7
1783526400,0.3747,0.3788,0.3746,0.3767,166225.42
1783530000,0.3769,0.3816,0.3765,0.3787,422950.72
1783533600,0.3789,0.387,0.3789,0.386,247030.54
1783537200,0.3863,0.388,0.3849,0.3874,129227.02
1783540800,0.3873,0.3917,0.3863,0.3873,139292.27
1783544400,0.3877,0.3918,0.3825,0.391,124506.37
1783548000,0.3914,0.3938,0.3881,0.3892,262644.4
1783551600,0.3893,0.3898,0.3859,0.3886,74302.07
1783555200,0.3887,0.3896,0.383,0.3838,234888.85
1783558800,0.3842,0.3894,0.3801,0.3809,133862.94
1783562400,0.3809,0.3843,0.3788,0.3797,318182.46
1783566000,0.3796,0.3814,0.3781,0.3812,89543.01
1783569600,0.3814,0.3862,0.3782,0.3835,214294.71
1783573200,0.3836,0.3895,0.3813,0.3878,125230.45
1783576800,0.388,0.3891,0.3848,0.3857,261659.15
1783580400,0.3858,0.3876,0.3819,0.3831,226398.13
1783584000,0.383,0.3861,0.3822,0.3842,42325.46
1783587600,0.3841,0.3856,0.3824,0.3856,46233.26
1783591200,0.3854,0.388,0.3836,0.3867,218405.4
1783594800,0.3865,0.387,0.3838,0.3854,237751.35
1783598400,0.3855,0.3898,0.3831,0.3836,222742.77
1783602000,0.3835,0.3878,0.3804,0.3878,221520.51
1783605600,0.3879,0.3889,0.3828,0.3859,270995.16
1783609200,0.3859,0.3859,0.3806,0.3824,250305.26
1783612800,0.382,0.3881,0.3809,0.3841,275273.71
1783616400,0.3842,0.3859,0.3817,0.3858,285195.53
1783620000,0.3857,0.3874,0.3836,0.3852,130874.58
1783623600,0.3851,0.3882,0.3838,0.3852,328684.3
1783627200,0.385,0.3854,0.383,0.3841,239694.67
1783630800,0.3843,0.3859,0.3832,0.3835,62842.39
1783634400,0.3836,0.3846,0.3824,0.3825,85859.43
1783638000,0.3824,0.3836,0.3812,0.3828,361590.74
1783641600,0.3828,0.3831,0.3758,0.3803,309628.11
1783645200,0.3803,0.3881,0.3785,0.3855,366980.47
1783648800,0.3856,0.3857,0.3834,0.3838,134673.43
1783652400,0.384,0.3862,0.3813,0.3851,254359.48
1783656000,0.3849,0.3861,0.3839,0.3845,61548.48
1783659600,0.3844,0.3876,0.3827,0.3854,249870.47
1783663200,0.3856,0.3856,0.3826,0.3829,62240.33
1783666800,0.3828,0.3847,0.3807,0.3814,410906.95
1783670400,0.3814,0.3882,0.3808,0.386,458112.11
1783674000,0.386,0.3917,0.3842,0.3901,227092.48
1783677600,0.3902,0.3962,0.3883,0.3921,443567.08
1783681200,0.3922,0.3936,0.3894,0.3904,245487.28
1783684800,0.3905,0.3935,0.389,0.389,107885.1
1783688400,0.3894,0.3899,0.3863,0.3875,251291.69
1783692000,0.3874,0.3884,0.3778,0.3828,581568.77
1783695600,0.3827,0.3857,0.3824,0.3841,134963.23
1783699200,0.3842,0.3881,0.3833,0.3856,467083.43
1783702800,0.3857,0.3861,0.3822,0.3826,369964.56
1783706400,0.3827,0.3847,0.3794,0.3806,85039.59
1783710000,0.3808,0.3836,0.3804,0.3812,124118.93
1783713600,0.381,0.3821,0.3797,0.3803,62401.57
1783717200,0.3804,0.3834,0.3802,0.3816,23569.99
1783720800,0.3816,0.3839,0.3815,0.3832,46121.38
1783724400,0.3834,0.3835,0.3807,0.381,349923.94
1783728000,0.381,0.3835,0.3798,0.3831,68714.89
1783731600,0.3832,0.3859,0.3829,0.3836,52065.37
1783735200,0.3834,0.3923,0.383,0.3914,241216.03
1783738800,0.3917,0.3923,0.3879,0.3892,407057.77
1783742400,0.3892,0.3901,0.3849,0.3849,67751.65
1783746000,0.3848,0.3957,0.3846,0.3926,375522.3
1783749600,0.3926,0.3949,0.3904,0.3921,439740.09
1783753200,0.3923,0.394,0.3884,0.3897,197994.37
1783756800,0.3899,0.392,0.3887,0.392,125042.75
1783760400,0.3921,0.4045,0.392,0.3991,536897.88
1783764000,0.3992,0.4016,0.3954,0.3963,685838.77
1783767600,0.3964,0.4056,0.3953,0.4031,589472.07
1783771200,0.4032,0.4097,0.4001,0.4087,424175
1783774800,0.4085,0.4165,0.405,0.4104,661488.89
1783778400,0.4103,0.4122,0.4069,0.4114,455074.8
1783782000,0.4113,0.4138,0.4056,0.4077,161616.96
1783785600,0.4078,0.4088,0.4049,0.4079,561359.09
1783789200,0.4078,0.417,0.4055,0.4125,174470.84
1783792800,0.4124,0.4163,0.4113,0.4118,477040.36
1783796400,0.4118,0.4123,0.4102,0.4117,187519.55
1783800000,0.4117,0.4134,0.4082,0.4092,229510.81
1783803600,0.4093,0.4101,0.4026,0.4054,190321.09
1783807200,0.4054,0.4055,0.3997,0.4021,252129.59
1783810800,0.4017,0.4021,0.3959,0.397,332618.77
1783814400,0.397,0.4009,0.3933,0.4001,441686.44
1783818000,0.3999,0.4027,0.3972,0.4017,279889.49
1783821600,0.4018,0.4018,0.3988,0.4001,86240.45
1783825200,0.4003,0.4019,0.3976,0.4005,239062.61
1783828800,0.4005,0.4039,0.3972,0.3981,335641.75
1783832400,0.3983,0.3994,0.3966,0.3968,184453.27
1783836000,0.3967,0.4035,0.3939,0.4014,714009.68
1783839600,0.4015,0.4037,0.4004,0.4015,102624.1
1783843200,0.4015,0.4079,0.401,0.4079,240223.86
1783846800,0.408,0.4154,0.407,0.4128,219880.09
1783850400,0.4129,0.4193,0.4118,0.4167,237997.2
1783854000,0.4168,0.426,0.4135,0.425,414548.46
1783857600,0.4249,0.4336,0.4202,0.421,734965.7
1783861200,0.4209,0.424,0.4183,0.4183,350272.29
1783864800,0.4186,0.427,0.4182,0.4257,327491.81
1783868400,0.4252,0.4305,0.4251,0.4261,487276
1783872000,0.4263,0.4325,0.4259,0.4314,240044.47
1783875600,0.4315,0.432,0.4229,0.4245,281604.31
1783879200,0.4246,0.425,0.421,0.4236,402344.07
1783882800,0.4235,0.4407,0.4232,0.4383,1475201.09
1783886400,0.4385,0.4388,0.4248,0.4278,759886.01
1783890000,0.4276,0.428,0.4231,0.4231,357111.45
1783893600,0.4232,0.4242,0.4131,0.4187,756133.01
1783897200,0.4187,0.4197,0.4161,0.4183,319478.49
1783900800,0.4185,0.4263,0.4162,0.4231,823227.95
1783904400,0.4229,0.4247,0.4147,0.4157,1087180.67
1783908000,0.4156,0.4179,0.4121,0.4144,431758.9
1783911600,0.4143,0.415,0.4098,0.4115,306105.8
1783915200,0.4114,0.4222,0.4102,0.418,659602.69
1783918800,0.4177,0.4251,0.4144,0.423,1048119.84
1783922400,0.4231,0.4243,0.4183,0.4197,416088.79
1783926000,0.4199,0.4199,0.4145,0.4151,488855.81
1783929600,0.4153,0.4184,0.4109,0.4182,493127.22
1783933200,0.4181,0.4222,0.4147,0.42,620688.21
1783936800,0.4202,0.4304,0.4202,0.4296,824594.76
1783940400,0.4294,0.4333,0.4263,0.4283,501593.74
1783944000,0.4284,0.4288,0.4179,0.4203,736978.39
1783947600,0.4203,0.4203,0.4128,0.4167,522947.27
1783951200,0.4166,0.4233,0.4135,0.4207,407789.86
1783954800,0.4206,0.4211,0.4072,0.4087,540155.52
1783958400,0.4088,0.4112,0.3979,0.3994,1135435.11
1783962000,0.3995,0.4023,0.3917,0.3923,451817
1783965600,0.3923,0.3955,0.3916,0.3931,343388.33
1783969200,0.3932,0.3968,0.3919,0.3945,71868.47
1783972800,0.3948,0.3954,0.3897,0.3912,196936.78
1783976400,0.3911,0.3912,0.385,0.388,567663.09
1783980000,0.3882,0.3914,0.3882,0.3892,56409.74
1783983600,0.3891,0.3925,0.3876,0.3924,262834.26
1783987200,0.3923,0.3937,0.3889,0.3931,402846.06
1783990800,0.3931,0.3935,0.3885,0.3897,258203.82
1783994400,0.3896,0.392,0.3875,0.3893,551643.79
1783998000,0.3893,0.3901,0.3824,0.3882,123555.85
1784001600,0.3883,0.3979,0.3883,0.3956,139540.44
1784005200,0.3955,0.4011,0.3954,0.3985,248055.57
1784008800,0.3987,0.4026,0.397,0.4009,128454.62
1784012400,0.401,0.4078,0.4007,0.4056,1006050.4
1784016000,0.4057,0.4113,0.4033,0.4068,163031.35
1784019600,0.4056,0.4071,0.4007,0.4007,406457.1
1784023200,0.4007,0.4035,0.3981,0.3986,341911.82
1784026800,0.3985,0.4032,0.3977,0.4,135797.37
1784030400,0.3998,0.4124,0.3973,0.4086,727601.87
1784034000,0.4088,0.4185,0.4064,0.4135,457585.94
1784037600,0.4136,0.4187,0.4112,0.4174,363087.23
1784041200,0.4174,0.418,0.4132,0.4141,200589.07
1784044800,0.4141,0.4142,0.4095,0.4103,255311.61
1784048400,0.4102,0.4154,0.4092,0.414,175613.72
1784052000,0.4138,0.4138,0.4103,0.4116,146542.01
1784055600,0.4114,0.4125,0.4105,0.4119,108107.52
1784059200,0.4119,0.4169,0.4114,0.4143,194167.17
1784062800,0.4142,0.4155,0.412,0.4141,190157.8
1784066400,0.4142,0.4143,0.4074,0.4113,353359.19
1784070000,0.4114,0.4153,0.4103,0.414,423917.59
1784073600,0.4139,0.4175,0.4127,0.4135,333246.79
1784077200,0.4136,0.4159,0.4083,0.4109,313396.87
1784080800,0.4107,0.4125,0.4086,0.4112,142673.61
1784084400,0.4111,0.4126,0.409,0.4124,109383.69
1784088000,0.4127,0.417,0.4079,0.4104,325125.7
1784091600,0.4105,0.4133,0.4083,0.4128,177253.6
1784095200,0.413,0.4154,0.4098,0.4099,354311.8
1784098800,0.4101,0.4116,0.4078,0.4089,98532.37
1784102400,0.4088,0.4096,0.402,0.407,197140.99
1784106000,0.407,0.4116,0.4069,0.4091,125403.03
1784109600,0.409,0.4129,0.4087,0.412,68262.32
1784113200,0.4123,0.4167,0.4112,0.4155,59949.34
1784116800,0.415,0.4199,0.4119,0.4193,206451.77
1784120400,0.4192,0.422,0.4123,0.4147,419233.11
1784124000,0.4148,0.4164,0.4089,0.4127,166459.95
1784127600,0.4126,0.4133,0.4092,0.4099,185345.77
1784131200,0.4098,0.4099,0.4014,0.403,572101.04
1784134800,0.4031,0.4057,0.4026,0.4053,108427.77
1784138400,0.4054,0.4085,0.4048,0.4067,75418.59
1784142000,0.4068,0.4086,0.4058,0.4066,71030.41
1784145600,0.4065,0.4172,0.4064,0.4132,159877.64
1784149200,0.4134,0.4149,0.4089,0.4102,216631.28
1784152800,0.4103,0.4117,0.409,0.409,87153.26
1784156400,0.4091,0.4101,0.4045,0.4063,99951.07
1784160000,0.4062,0.4077,0.4033,0.4044,63915.83
1784163600,0.4045,0.4113,0.4024,0.4101,134588.57
1784167200,0.4102,0.4106,0.4061,0.4074,17836.12
1784170800,0.4073,0.4084,0.3987,0.4005,342030.93
1784174400,0.4005,0.4015,0.3994,0.4015,195760.82
1784178000,0.4015,0.4042,0.4012,0.4015,127583.38
1784181600,0.4018,0.4029,0.3966,0.3981,241397.46
1784185200,0.3983,0.3988,0.3956,0.3975,22297.17
1784188800,0.3974,0.3995,0.3929,0.3988,83793.46
1784192400,0.3989,0.4011,0.3976,0.3979,220843.41
1784196000,0.3978,0.3986,0.3963,0.3984,44825.6
1784199600,0.3982,0.3991,0.3961,0.3991,83368.56
1784203200,0.3989,0.4002,0.3972,0.398,89568.47
1784206800,0.398,0.4033,0.3978,0.4033,48208.46
1784210400,0.4031,0.4053,0.4003,0.4018,179999.76
1784214000,0.4018,0.4022,0.396,0.3985,144084.03
1784217600,0.3983,0.3983,0.3947,0.3979,215122.06
1784221200,0.3979,0.3979,0.3929,0.3952,198341.92
1784224800,0.395,0.3983,0.395,0.3971,62398.02
1784228400,0.3972,0.398,0.3947,0.3963,224758.77
1784232000,0.3963,0.3973,0.3952,0.3956,85858.59
1784235600,0.3955,0.3972,0.3945,0.3945,133205.69
1784239200,0.3948,0.3959,0.3895,0.3918,115264.21
1784242800,0.3918,0.3924,0.3872,0.3879,63454.75
1784246400,0.3877,0.3914,0.3866,0.3912,49793.16
1784250000,0.3911,0.3928,0.3848,0.3862,235641.47
1784253600,0.3863,0.3866,0.3791,0.3812,330489.43
1784257200,0.3813,0.385,0.3806,0.3834,206196.63
1784260800,0.3833,0.3842,0.3805,0.3833,55749.94
1784264400,0.3832,0.3832,0.3757,0.3765,155816.84
1784268000,0.3763,0.3809,0.3752,0.3787,607800.57
1784271600,0.3787,0.3806,0.3778,0.3789,502624.7
1784275200,0.3787,0.3795,0.3746,0.3784,179327.19
1784278800,0.3785,0.3815,0.3781,0.3798,120433.78
1784282400,0.3798,0.3822,0.3797,0.381,39578.71
1784286000,0.3812,0.3823,0.3794,0.3819,166519.64
1784289600,0.3819,0.3821,0.3796,0.3797,86810.84
1784293200,0.3796,0.3796,0.3708,0.3761,514003.15
1784296800,0.376,0.3853,0.3757,0.3799,800636.23
1784300400,0.3799,0.384,0.3758,0.3838,89801
1784304000,0.3836,0.385,0.3813,0.3838,191605.49
1784307600,0.3839,0.3869,0.3816,0.382,204080.45
1784311200,0.3821,0.3835,0.3797,0.3828,184627.17
1784314800,0.3829,0.3843,0.3806,0.3823,56449.68
1784318400,0.3822,0.3836,0.3814,0.3826,39544.63
1784322000,0.3827,0.3895,0.3827,0.3838,187936.95
1784325600,0.3841,0.3878,0.3838,0.3875,205803.72
1784329200,0.3874,0.389,0.3855,0.3882,125597.21
1784332800,0.3882,0.3887,0.3855,0.3861,68423.71
1784336400,0.3861,0.3886,0.3846,0.3863,115351.6
1784340000,0.3862,0.3869,0.3845,0.3854,124897.18
1784343600,0.3853,0.3859,0.3825,0.3836,98583.07
1784347200,0.3835,0.3844,0.3797,0.3812,163466.2
1784350800,0.3811,0.3816,0.379,0.3799,51176.53
1784354400,0.3797,0.3809,0.3789,0.3806,27277.35
1784358000,0.3806,0.3815,0.3795,0.3801,38461.35
1784361600,0.38,0.3807,0.3774,0.3775,21663.66
1784365200,0.3776,0.3781,0.3752,0.3774,240691.87
1784368800,0.3772,0.3776,0.3765,0.3767,16500.23
1784372400,0.3766,0.3777,0.3765,0.377,31413.42
1784376000,0.3771,0.3791,0.3575,0.3679,1417743.76
1784379600,0.3678,0.3696,0.3659,0.3687,201194.05
1784383200,0.3686,0.3736,0.3671,0.3724,734216.41
1784386800,0.3725,0.3734,0.3698,0.3704,223484.48
1784390400,0.3703,0.3704,0.3676,0.3694,262246.21
1784394000,0.3694,0.3721,0.3682,0.3715,204624.4
1784397600,0.3716,0.3739,0.3704,0.3707,53215.76
1784401200,0.3708,0.3712,0.3696,0.371,51987.81
1784404800,0.3711,0.3716,0.3699,0.371,45770.76
1784408400,0.3711,0.3728,0.37,0.3707,105887.61
1784412000,0.3711,0.3748,0.3711,0.3743,153328.52
1784415600,0.3745,0.3775,0.3743,0.3763,59575.74
1784419200,0.3764,0.3772,0.3749,0.3752,45951.04
1784422800,0.3751,0.3762,0.3739,0.3759,18028.33
1784426400,0.3758,0.3794,0.3756,0.3779,106091.4
1784430000,0.3777,0.379,0.3766,0.3776,83326.27
1784433600,0.3776,0.3776,0.3757,0.3763,21248.59
1784437200,0.3764,0.378,0.3764,0.3766,21412.01
1784440800,0.3767,0.3783,0.3762,0.3773,13779.57
1784444400,0.3777,0.3781,0.3748,0.375,55891.12
1784448000,0.3751,0.3777,0.3749,0.3768,40033.53
1784451600,0.3766,0.3769,0.3733,0.3762,6562.56
1784455200,0.3761,0.3761,0.3736,0.3748,7953.12
1784458800,0.3747,0.375,0.3715,0.3721,7956.06
1784462400,0.3719,0.3719,0.3686,0.3717,21822.57
1784466000,0.3717,0.3717,0.3701,0.3711,63340.4
1784469600,0.371,0.3727,0.3694,0.3723,38199.81
1784473200,0.372,0.372,0.369,0.369,30180.28
1784476800,0.3689,0.3689,0.3611,0.3627,476071.32
1784480400,0.3625,0.3631,0.3535,0.3587,952124.28
1784484000,0.3586,0.3614,0.3575,0.3611,214549.03
1784487600,0.3612,0.3632,0.3599,0.3606,38195.86
1784491200,0.3606,0.3635,0.3603,0.3628,42856.5
1784494800,0.3626,0.3629,0.3577,0.3585,105159.55
1784498400,0.3584,0.3642,0.3578,0.3621,108377.15
1784502000,0.362,0.362,0.3591,0.361,69154.3
1784505600,0.3609,0.3723,0.3593,0.3646,546353.96
1784509200,0.3646,0.3704,0.3618,0.3625,103277.71
1784512800,0.3624,0.3673,0.3624,0.3668,99428.81
1784516400,0.3669,0.3676,0.3638,0.3661,40657.28
1784520000,0.3662,0.3671,0.3626,0.3635,36046.89
1784523600,0.3635,0.3635,0.3585,0.3598,52944.78
1784527200,0.3602,0.3607,0.3532,0.3571,204334.39
1784530800,0.3572,0.3588,0.3565,0.3574,98495.17
1784534400,0.3573,0.3582,0.3543,0.3562,75650.59
1784538000,0.3563,0.3627,0.3552,0.3624,168863.32
1784541600,0.3624,0.3633,0.3611,0.3622,54319.17
1784545200,0.3624,0.372,0.3613,0.3681,153977.52
1784548800,0.368,0.368,0.3635,0.3648,241381.08
1784552400,0.3649,0.3694,0.3644,0.3648,727798.07
1784556000,0.3647,0.371,0.3622,0.3679,857259.07
1784559600,0.368,0.3756,0.3678,0.3738,1027421.46
1784563200,0.374,0.3781,0.3727,0.3769,500542.51
1784566800,0.3768,0.3778,0.3729,0.3746,342769.06
1784570400,0.3747,0.3766,0.373,0.373,159617.62
1784574000,0.3729,0.3732,0.3698,0.3718,303772.72
1784577600,0.3718,0.3771,0.3716,0.376,282936.87
1784581200,0.376,0.3778,0.3752,0.376,198165.48
1784584800,0.376,0.3776,0.3742,0.3743,78773.03
1784588400,0.3744,0.3831,0.3744,0.3796,83315.17
1784592000,0.3798,0.3843,0.3787,0.3819,82212.78
1784595600,0.382,0.3849,0.3795,0.3813,306091.94
1784599200,0.3812,0.3846,0.3783,0.3842,59430.85
1784602800,0.3843,0.3873,0.3842,0.3853,66895.3
1784606400,0.3854,0.3859,0.383,0.3838,60359.28
1784610000,0.3841,0.3865,0.3841,0.3861,53998.13
1784613600,0.3863,0.3872,0.3838,0.3862,214088.11
1784617200,0.3861,0.3865,0.3829,0.3846,232621.68
1784620800,0.3844,0.3866,0.3825,0.3857,154396.35
1784624400,0.3856,0.3867,0.3818,0.3838,620185.2
1784628000,0.384,0.385,0.3817,0.3836,314789.37
1784631600,0.3829,0.3852,0.3819,0.3838,133650.93
1784635200,0.3837,0.385,0.3819,0.3832,141846.85
1784638800,0.3831,0.3841,0.3804,0.3816,102006.56
1784642400,0.3815,0.3834,0.3783,0.3808,899320.14
1784646000,0.3807,0.3807,0.377,0.3785,171451.8
1784649600,0.3784,0.3803,0.3779,0.3803,65581.84
1784653200,0.3802,0.3823,0.3781,0.3792,270559.21
1784656800,0.3793,0.3811,0.3787,0.3798,79170.03
1784660400,0.3798,0.3806,0.3785,0.3793,31471.1
1784664000,0.3795,0.3796,0.3751,0.377,241973.24
1784667600,0.3769,0.3785,0.3753,0.3763,130876.44
1784671200,0.3762,0.3777,0.3745,0.3755,46726.07
1784674800,0.3755,0.3773,0.3735,0.3771,87892.44
1784678400,0.3771,0.3802,0.3764,0.3794,94338.99
1784682000,0.3793,0.3841,0.3791,0.3827,139315.79
1784685600,0.3828,0.3844,0.3815,0.3819,85096.57
1784689200,0.382,0.3827,0.3791,0.38,297113.65
1784692800,0.38,0.3844,0.3799,0.3814,102843.08
1784696400,0.3815,0.3816,0.3754,0.3754,102456.15
1784700000,0.3753,0.3785,0.3744,0.3769,493513.24
1784703600,0.3771,0.3774,0.3747,0.3767,46397.87
1784707200,0.3768,0.3823,0.3765,0.3823,140867.86
1784710800,0.3824,0.3833,0.38,0.3819,95684.01
1784714400,0.3819,0.3842,0.3808,0.3829,100170.96
1784718000,0.3828,0.384,0.3802,0.3806,113371.64
1784721600,0.3804,0.3824,0.3783,0.3822,670412.17
1784725200,0.382,0.3845,0.3806,0.3842,279859.67
1784728800,0.3841,0.3866,0.381,0.3818,320079.7
1784732400,0.3819,0.3843,0.381,0.3815,106487.56
1784736000,0.3813,0.3981,0.3795,0.3936,1052286.53
1784739600,0.3937,0.403,0.3936,0.3987,833582.23
1784743200,0.3988,0.4006,0.3944,0.3968,447272.01
1784746800,0.3966,0.3966,0.3895,0.3901,200942.7
1784750400,0.3901,0.3905,0.3867,0.389,186308.82
1784754000,0.3892,0.3909,0.3871,0.3887,102689.34
1784757600,0.3889,0.3901,0.3813,0.3843,441734.5
1784761200,0.3842,0.3851,0.3828,0.3843,312846.39
1784764800,0.3842,0.3892,0.3842,0.3872,218287.9
1784768400,0.3871,0.3881,0.3833,0.3833,139276.74
1784772000,0.3832,0.3835,0.3793,0.383,1059294.47
1784775600,0.3828,0.3828,0.3779,0.3803,459701.18
1784779200,0.3802,0.3843,0.3788,0.3799,659527.7
1784782800,0.3797,0.3829,0.3794,0.3808,52770.19
1784786400,0.3807,0.382,0.3801,0.3814,38076.29
1784790000,0.3813,0.3816,0.3784,0.3793,170884.38
1784793600,0.3792,0.3819,0.3789,0.3816,34844.06
1784797200,0.3815,0.3839,0.381,0.3815,469420.88
1784800800,0.3813,0.3834,0.3811,0.382,54144.05
1784804400,0.3818,0.3835,0.3807,0.3813,47453.48
1784808000,0.3811,0.382,0.3763,0.3787,110840.14
1784811600,0.3785,0.3794,0.374,0.3752,235238.28
1784815200,0.375,0.3779,0.374,0.3744,89184.73
1784818800,0.3745,0.3776,0.3705,0.3768,584601.38
1784822400,0.3766,0.3766,0.3738,0.3761,270344.81
1784826000,0.3768,0.3779,0.373,0.3748,98009.52
1784829600,0.3747,0.3801,0.3744,0.3786,160480.67
1784833200,0.3785,0.381,0.3777,0.3804,39376.76
1784836800,0.3805,0.3886,0.3805,0.3853,211653.21
1784840400,0.3854,0.3872,0.3823,0.3833,268817.39
1784844000,0.3832,0.3868,0.3829,0.3847,79961.69
1784847600,0.3847,0.3849,0.3809,0.3812,111681.94
1784851200,0.3811,0.3818,0.3768,0.3796,115637.15
1784854800,0.3796,0.3835,0.3795,0.3824,42000.73
1784858400,0.3825,0.3839,0.3794,0.3811,119835.94
1784862000,0.3808,0.3862,0.3807,0.3836,94989
1784865600,0.3835,0.3846,0.3817,0.3823,24175.73
1784869200,0.382,0.3838,0.3812,0.382,83578.71
1784872800,0.3818,0.3845,0.3812,0.3842,195884.2
1784876400,0.3842,0.3862,0.3817,0.3842,133057.45
1784880000,0.3842,0.3844,0.3823,0.3824,85519.24
1784883600,0.3826,0.3828,0.3784,0.3794,72095.99
1784887200,0.3797,0.3797,0.3737,0.3746,82954.71
1784890800,0.3742,0.3764,0.3738,0.3759,32023.24
1784894400,0.3759,0.3778,0.3732,0.3737,81918.89
1784898000,0.3736,0.3736,0.3688,0.371,191722.01
1784901600,0.3708,0.3773,0.3668,0.3755,1125192.9
1784905200,0.3753,0.3785,0.3728,0.3733,529863.94
1784908800,0.3732,0.3756,0.3717,0.3749,115203.47
1784912400,0.3751,0.3783,0.3738,0.3757,162793.58
1784916000,0.3756,0.3757,0.3687,0.3704,128907.58
1784919600,0.3704,0.3707,0.3672,0.3679,117952.01
1784923200,0.3677,0.3705,0.3638,0.3675,561773.48
1784926800,0.3675,0.3676,0.3389,0.342,2464428.49
1784930400,0.342,0.3521,0.3406,0.3487,1400211.21
1784934000,0.3489,0.3516,0.3466,0.3466,318852.09
1784937600,0.3465,0.3483,0.3414,0.3483,747978.24
1784941200,0.3481,0.3484,0.3458,0.346,177368.57
1784944800,0.3459,0.3465,0.3436,0.345,59088.83
1784948400,0.3451,0.3467,0.3435,0.3443,75354.01
1784952000,0.3441,0.345,0.3429,0.3441,64874.04
1784955600,0.3442,0.3447,0.3414,0.3429,101677.71
1784959200,0.3428,0.3428,0.339,0.3406,191311.65
1784962800,0.3406,0.3433,0.3406,0.3426,72517.14
1784966400,0.3425,0.3452,0.341,0.3445,147829.5
1784970000,0.3446,0.3452,0.3428,0.3438,57950.22
1784973600,0.3439,0.3444,0.3424,0.3426,35945.28
1784977200,0.3424,0.3436,0.3419,0.3427,184260.77
1784980800,0.3426,0.3509,0.3422,0.3486,479605.24
1784984400,0.3485,0.3498,0.3438,0.3451,239581.95
1784988000,0.345,0.3469,0.3446,0.3466,91984.06
1784991600,0.3468,0.3485,0.3459,0.3465,334369.68
1784995200,0.3465,0.3475,0.3457,0.3469,54234.08
1784998800,0.3472,0.3511,0.3461,0.3505,70161.18
1785002400,0.3506,0.3518,0.3485,0.3499,78296.48
1785006000,0.35,0.3505,0.3473,0.3475,75132.01
1785009600,0.3474,0.348,0.3458,0.3464,51345.1
1785013200,0.3463,0.3488,0.3458,0.3476,112005.22
1785016800,0.3476,0.3484,0.3464,0.3467,50765.75
1785020400,0.3466,0.3469,0.3446,0.3451,97682.34
1785024000,0.3449,0.3453,0.3414,0.3429,312024.7
1785027600,0.3429,0.3443,0.3419,0.3426,44041.47
1785031200,0.3424,0.3425,0.3321,0.337,803582.73
1785034800,0.3369,0.337,0.3341,0.3348,246795.2
1785038400,0.3346,0.3373,0.3284,0.3362,822593.55
1785042000,0.3361,0.3367,0.3335,0.3348,442323.29
1785045600,0.3348,0.3362,0.3321,0.3361,110206.57
1785049200,0.3359,0.3366,0.3345,0.335,48318.92
1785052800,0.3349,0.3384,0.3333,0.3348,144020.9
1785056400,0.3347,0.3358,0.3335,0.3335,181696.42
1785060000,0.3336,0.3354,0.3333,0.3342,38574.73
1785063600,0.3341,0.3356,0.3337,0.3339,26710.23
1785067200,0.3337,0.3354,0.3326,0.3329,57638.5
1785070800,0.3328,0.3333,0.3299,0.3325,338366.03
1785074400,0.3326,0.3352,0.3322,0.3337,135289.73
1785078000,0.3339,0.3444,0.3334,0.3432,552968.5
1785081600,0.3429,0.3474,0.3421,0.3464,752686.78
1785085200,0.3463,0.3494,0.3433,0.3467,272529.29
1785088800,0.3467,0.3514,0.3466,0.3498,481113
1785092400,0.35,0.3555,0.3487,0.3514,232286.02
1785096000,0.3511,0.3525,0.3478,0.3486,100566.33
1785099600,0.3488,0.3513,0.3468,0.3479,91829.11
1785103200,0.3484,0.3551,0.3484,0.3535,470078.96
1785106800,0.3536,0.3585,0.353,0.3562,466339.4
1785110400,0.3563,0.3569,0.3514,0.3522,293241.06
1785114000,0.3522,0.3541,0.3506,0.353,404655.48
1785117600,0.3528,0.3557,0.3518,0.3551,59776.97
1785121200,0.3553,0.3568,0.3526,0.3539,130620.3
1785124800,0.3536,0.3544,0.3517,0.3524,86887.68
1785128400,0.3524,0.3548,0.3515,0.3539,65699.91
1785132000,0.3538,0.3546,0.3517,0.3522,48897.65
1785135600,0.3521,0.3525,0.3481,0.3492,169849.14
1785139200,0.3493,0.3509,0.3475,0.3489,30010.27
1785142800,0.3488,0.3488,0.345,0.348,104745.35
1785146400,0.3482,0.3491,0.3478,0.3485,49944.78
1785150000,0.3484,0.3484,0.3464,0.3467,56433.62
1785153600,0.3468,0.3471,0.3431,0.3458,364407.34
1785157200,0.3455,0.3517,0.3434,0.3483,229912.28
1785160800,0.3483,0.3492,0.3372,0.34,666082.15
1785164400,0.3398,0.3405,0.3358,0.3385,75517.42
1785168000,0.3385,0.3424,0.3379,0.3403,136907.44
1785171600,0.3402,0.3432,0.3394,0.3424,107768.92
1785175200,0.3426,0.3432,0.3379,0.3394,152967.28
1785178800,0.3395,0.3422,0.3393,0.3422,34694.54
1785182400,0.3423,0.3423,0.3399,0.3404,58360.9
1785186000,0.3403,0.3413,0.3374,0.338,127714.56
1785189600,0.338,0.338,0.3253,0.3262,491054.6
1785193200,0.3262,0.3269,0.3224,0.3268,346619.73
1785196800,0.3269,0.3277,0.3243,0.3261,259451.57
1785200400,0.3262,0.3275,0.324,0.3241,106311.78
1785204000,0.3245,0.3261,0.322,0.3251,131135.13
1785207600,0.3252,0.326,0.323,0.3258,125916.33
1785211200,0.326,0.3261,0.3196,0.3205,375962.99
1785214800,0.3208,0.3226,0.3207,0.3215,93737.72
1785218400,0.3216,0.3225,0.3193,0.3216,326682.52
1785222000,0.3217,0.3219,0.3199,0.3211,67998.7
1785225600,0.321,0.3215,0.3187,0.3196,97258.9
1785229200,0.3194,0.3198,0.3172,0.3197,330754.84
1785232800,0.3197,0.3225,0.3189,0.322,100972.63
1785236400,0.3218,0.3222,0.3195,0.3216,142113.61
1785240000,0.3216,0.3242,0.3213,0.3228,121679.89
1785243600,0.323,0.3232,0.3151,0.3194,258420.06
1785247200,0.3196,0.3232,0.3165,0.3218,219040.75
1785250800,0.3222,0.325,0.3178,0.3241,218167.06
1785254400,0.3241,0.3243,0.3216,0.323,121817.94
1785258000,0.3229,0.3229,0.3178,0.319,89596.22
1785261600,0.3191,0.3203,0.318,0.3193,187093.04
1785265200,0.3194,0.3207,0.3183,0.3193,116775.22
1785268800,0.3192,0.3204,0.3181,0.3204,85455.76
1785272400,0.3204,0.3215,0.3197,0.3201,63789.62
1785276000,0.3201,0.3203,0.3126,0.3133,206574.45
1785279600,0.3131,0.3186,0.3123,0.3179,154998.27
1785283200,0.3181,0.3194,0.3112,0.3124,488331.84
1785286800,0.3122,0.3127,0.3051,0.3058,505943.39
1785290400,0.3059,0.3091,0.3044,0.3054,178575.06
1785294000,0.3054,0.3054,0.2963,0.2967,1228192.53
1785297600,0.2968,0.3017,0.2947,0.3017,529081.73
1785301200,0.3017,0.3028,0.3004,0.302,92659.63
1785304800,0.3018,0.3039,0.3005,0.3037,120742.31
1785308400,0.3038,0.3052,0.3029,0.3052,112301.22
1785312000,0.3053,0.3108,0.3053,0.3096,536585.62
1785315600,0.3093,0.3118,0.3092,0.3107,210212.69
1785319200,0.3108,0.3121,0.3064,0.307,319596.2
1785322800,0.307,0.3074,0.305,0.3057,158504.62
1785326400,0.3055,0.3055,0.3018,0.3042,224774.07
1785330000,0.3043,0.3061,0.3036,0.3061,116959.26
1785333600,0.3057,0.3065,0.3033,0.3033,424137.18
1785337200,0.3032,0.3052,0.3026,0.3041,90287.59
1785340800,0.304,0.3056,0.3016,0.3027,661226.41
1785344400,0.3028,0.3047,0.3021,0.3047,97438.61
1785348000,0.3048,0.3127,0.3046,0.3113,1068161.17
1785351600,0.3114,0.3119,0.2992,0.2995,383518.26
1785355200,0.3,0.3021,0.2965,0.2993,433931.05
1785358800,0.2991,0.305,0.2985,0.305,164526.92
1785362400,0.3051,0.3089,0.3051,0.3084,217567.68
1785366000,0.3084,0.3106,0.3078,0.3102,115864.22
1785369600,0.3103,0.3118,0.3067,0.3079,188218.32
1785373200,0.308,0.3102,0.3073,0.3083,124704.59
1785376800,0.3084,0.3102,0.3073,0.3073,103565.49
1785380400,0.3073,0.3081,0.3057,0.307,532060.88
1785384000,0.3069,0.3072,0.3035,0.3041,158537.27
1785387600,0.3041,0.3048,0.3027,0.3048,118216.47
1785391200,0.3049,0.3062,0.3037,0.3046,58141.75
1785394800,0.3044,0.3058,0.3031,0.304,29325.89
1785398400,0.3041,0.3052,0.3035,0.3039,31168.51
1785402000,0.3038,0.3067,0.303,0.3058,48045.03
1785405600,0.3058,0.3077,0.3056,0.3066,41552.66
1785409200,0.3065,0.3083,0.3056,0.3058,217853.26
1785412800,0.3058,0.3067,0.3039,0.3059,66541.98
1785416400,0.3063,0.3075,0.3033,0.3071,213957.63
1785420000,0.307,0.3075,0.3039,0.3051,89403.86
1785423600,0.3048,0.3071,0.3041,0.3064,66638.94
1785427200,0.3066,0.3074,0.305,0.3056,120889.94
1785430800,0.3055,0.3119,0.3046,0.3104,970570.63
1785434400,0.3105,0.3116,0.3074,0.3079,561771.58
1785438000,0.3077,0.3118,0.3077,0.3108,145476.53
1785441600,0.3107,0.3123,0.3083,0.3086,223778.83
1785445200,0.3086,0.3105,0.3081,0.3084,67749.31
1785448800,0.3083,0.3095,0.3067,0.3067,78851.37
1785452400,0.3069,0.3084,0.3062,0.3064,238784.59
1785456000,0.3066,0.3092,0.3021,0.3083,316011.11
1785459600,0.3084,0.3136,0.3084,0.3097,825941.25
1785463200,0.3096,0.311,0.3065,0.3073,107585.83
1785466800,0.307,0.3113,0.3067,0.3096,256476.68
1785470400,0.3098,0.3109,0.3073,0.3075,167882.93
1785474000,0.3078,0.3093,0.3071,0.3081,97998.25
1785477600,0.3082,0.3083,0.3056,0.3076,109683.18
1785481200,0.3075,0.3111,0.3061,0.3093,548105.24
1785484800,0.3092,0.3097,0.3051,0.3054,156465.17
1785488400,0.3055,0.306,0.3034,0.3046,390306.33
1785492000,0.3047,0.3083,0.3033,0.308,101490.21
1785495600,0.3082,0.309,0.3058,0.3058,143554.78
1785499200,0.3058,0.3062,0.3026,0.3062,58214.06
1785502800,0.3059,0.3085,0.3035,0.3035,106309.67
1785506400,0.3034,0.3071,0.3,0.3055,225926.65
1785510000,0.3054,0.3073,0.3031,0.3035,98850.33
1785513600,0.3037,0.3052,0.3014,0.3028,286148.48
1785517200,0.303,0.3069,0.3027,0.3062,32690.94
1785520800,0.3064,0.3067,0.3032,0.3037,79517
1785524400,0.3038,0.3038,0.2987,0.2997,121566.29
1785528000,0.2996,0.3002,0.2973,0.2978,101123.84
1785531600,0.2978,0.3,0.2972,0.299,58349.17
1785535200,0.2991,0.3003,0.2987,0.299,26903.64
1785538800,0.2991,0.2999,0.2986,0.2999,148255.82
1785542400,0.3,0.3026,0.2992,0.2999,175374.13
1785546000,0.3,0.3041,0.3,0.3041,64831.4
1785549600,0.3042,0.3072,0.304,0.306,67811.74
1785553200,0.3062,0.3069,0.3037,0.3059,28677.52
1785556800,0.3059,0.3081,0.305,0.3081,59417.11
1785560400,0.3078,0.3091,0.3055,0.3082,27852.37
1785564000,0.3083,0.3084,0.3058,0.3077,29347.76
1785567600,0.3074,0.3088,0.3063,0.3063,85095.55
1785571200,0.3066,0.3085,0.3054,0.308,36552.05
1785574800,0.3082,0.3108,0.3066,0.3075,271788.75
1785578400,0.3072,0.308,0.3059,0.3073,42270.24
1785582000,0.3074,0.3097,0.3074,0.3077,267674.06
1785585600,0.3074,0.3087,0.3065,0.3076,101302.85
1785589200,0.3077,0.3088,0.3048,0.3049,112924.27
1785592800,0.3051,0.3057,0.3036,0.3051,45282.75
1785596400,0.3052,0.3067,0.3044,0.3051,35989.59
1785600000,0.3051,0.3074,0.305,0.3062,62797.18
1785603600,0.3062,0.307,0.3016,0.3019,74755.08
1785607200,0.3018,0.3023,0.2958,0.3014,238259.85
1785610800,0.3015,0.3021,0.2996,0.3006,63304.04
1785614400,0.3005,0.3019,0.2995,0.3006,37780.03
1785618000,0.3006,0.3038,0.3006,0.3033,147375.17
1785621600,0.3034,0.3035,0.3014,0.3016,55400.69
1785625200,0.3016,0.3016,0.2998,0.3002,15293.09
1785628800,0.3002,0.3016,0.2999,0.3014,23546.24
1785632400,0.301,0.3089,0.3009,0.3078,261939.26
1785636000,0.3077,0.3125,0.3077,0.3117,123852.4
1785639600,0.3119,0.314,0.3096,0.3127,147032.27
1785643200,0.3127,0.3173,0.3118,0.317,222858.71
1785646800,0.3171,0.3215,0.3154,0.3207,419702.4
1785650400,0.3208,0.3238,0.3194,0.3205,173666.11
1785654000,0.3207,0.3226,0.3185,0.322,89174.85
1785657600,0.3216,0.3218,0.3172,0.3182,104036.35
1785661200,0.3185,0.32,0.3174,0.3177,47643.83
1785664800,0.3177,0.3177,0.3157,0.3165,90747.8
1785668400,0.3167,0.317,0.3137,0.3144,182111.17
1785672000,0.3142,0.3156,0.3133,0.3151,96064.55
1785675600,0.3147,0.3156,0.3137,0.3152,106074.56
1785679200,0.3151,0.3151,0.3127,0.3139,57740.19
1785682800,0.314,0.3146,0.3121,0.3121,37822.29
1785686400,0.312,0.3179,0.3113,0.3159,332798.71
1785690000,0.3159,0.3163,0.3141,0.3149,73989.47
1785693600,0.315,0.3151,0.313,0.3132,52540.43
1785697200,0.3134,0.3157,0.3126,0.3157,140732.22
1785700800,0.3155,0.3155,0.3137,0.3145,51207.27
1785704400,0.3145,0.3179,0.3145,0.3173,77359.84
1785708000,0.3174,0.3179,0.3152,0.3166,167625.29
1785711600,0.316,0.3179,0.3153,0.3159,61059.57
1785715200,0.316,0.317,0.3134,0.3144,217234.34
1785718800,0.3143,0.3162,0.3139,0.3152,59502.4
1785722400,0.315,0.317,0.313,0.3165,399795.42
1785726000,0.3165,0.3172,0.3147,0.316,240751.81
1785729600,0.316,0.3208,0.316,0.3172,890864.72
1785733200,0.3173,0.3198,0.3164,0.3198,455818.42
1785736800,0.3199,0.3206,0.3091,0.3096,586954.22
1785740400,0.3094,0.31,0.3065,0.3077,299521.21
1785744000,0.3078,0.3102,0.3063,0.3096,195806.82
1785747600,0.3098,0.311,0.3088,0.3109,63685.68
1785751200,0.311,0.311,0.309,0.3093,74629.88
1785754800,0.3092,0.3106,0.3083,0.3096,15243.2
1785758400,0.3093,0.3102,0.3086,0.3096,69977.18
1785762000,0.3093,0.3177,0.3086,0.3171,201224.92
1785765600,0.317,0.3198,0.3143,0.3191,548451.51
1785769200,0.319,0.3246,0.3172,0.3229,397607.63
1785772800,0.3227,0.324,0.3208,0.324,298566.46
1785776400,0.3237,0.3248,0.3202,0.3217,171322.48
1785780000,0.3219,0.3261,0.3219,0.3245,177166.54
1785783600,0.3246,0.3253,0.3234,0.3241,80648.3
1785787200,0.324,0.3262,0.3232,0.3247,108749.04
1785790800,0.3246,0.3246,0.3221,0.3221,161220.74
1785794400,0.322,0.3232,0.3206,0.3227,120134.08
1785798000,0.3226,0.3241,0.3211,0.324,104793.15
1785801600,0.3238,0.327,0.3219,0.3219,96140.64
1785805200,0.3223,0.3306,0.3217,0.3295,464955.05
1785808800,0.3296,0.3314,0.3275,0.3295,407296.92
1785812400,0.3296,0.3304,0.3266,0.328,169561.35
1785816000,0.3281,0.3312,0.3269,0.3271,245384.76
1785819600,0.3271,0.3295,0.3247,0.3256,331265.3
1785823200,0.3258,0.3262,0.3212,0.3212,221366.25
1785826800,0.3212,0.3228,0.3184,0.3216,224101.82
1785830400,0.3215,0.3222,0.3198,0.321,70676.88
1785834000,0.3208,0.325,0.3206,0.3245,325954.51
1785837600,0.3245,0.3288,0.323,0.3277,531407.2
1785841200,0.3276,0.3288,0.3252,0.3274,296579.52
1785844800,0.3273,0.3273,0.3222,0.324,627210.46
1785848400,0.3239,0.3275,0.3203,0.3205,2309766.8
1785852000,0.3203,0.325,0.3187,0.3237,963998.84
1785855600,0.3236,0.3266,0.3188,0.3232,1298799.06
1785859200,0.3231,0.3236,0.3158,0.3175,303771.88
1785862800,0.3177,0.3215,0.3177,0.32,162004.75
1785866400,0.32,0.3271,0.32,0.323,207385.81
1785870000,0.3231,0.3244,0.3221,0.3224,79721.47
1785873600,0.3223,0.3248,0.3206,0.3246,236143.57
1785877200,0.3248,0.3249,0.3209,0.3209,86913.41
1785880800,0.3211,0.3232,0.3208,0.3225,66713.26
1785884400,0.3223,0.3233,0.3192,0.3195,101749.64
1785888000,0.3192,0.3195,0.3165,0.3173,175141.2
1785891600,0.3172,0.3202,0.3155,0.319,320459.3
1785895200,0.319,0.3208,0.319,0.3202,129612.46
1785898800,0.3203,0.3224,0.3163,0.3199,401277.62
1785902400,0.3199,0.3247,0.3196,0.323,190304.12
1785906000,0.3228,0.3263,0.3226,0.3232,273900.87
1785909600,0.3234,0.3248,0.3213,0.3241,118327.64
1785913200,0.3242,0.3245,0.318,0.3217,402921.5
1785916800,0.3215,0.3229,0.3197,0.3202,148002.4
1785920400,0.3201,0.3208,0.3197,0.3197,70214.41
1785924000,0.3196,0.3205,0.3183,0.3194,198501.97
1785927600,0.3195,0.3202,0.3188,0.3195,59301.39
1785931200,0.3193,0.3222,0.3185,0.32,209278.94
1785934800,0.3202,0.3204,0.3126,0.3168,327188.17
1785938400,0.3166,0.3196,0.3155,0.3183,256709.5
1785942000,0.3182,0.3207,0.3162,0.3164,204371.66
1785945600,0.3166,0.3242,0.3166,0.3234,159223.21
1785949200,0.3236,0.3241,0.3201,0.3213,146030.48
1785952800,0.3212,0.3223,0.3161,0.318,163336.81
1785956400,0.3181,0.3189,0.317,0.3171,80957.51
1785960000,0.3172,0.3182,0.3155,0.3168,335190.66
1785963600,0.3167,0.3167,0.3126,0.3145,138721.65
1785967200,0.3146,0.3173,0.3146,0.3163,59936.15
1785970800,0.3164,0.3174,0.3157,0.3171,172431.88
1785974400,0.317,0.3184,0.3153,0.3179,114833.99
1785978000,0.3178,0.3191,0.3133,0.3134,208129.64
1785981600,0.3136,0.3141,0.3116,0.3119,245014.07
1785985200,0.3118,0.3124,0.3106,0.3117,105444
1785988800,0.3115,0.3153,0.3104,0.3145,358362.89
1785992400,0.3145,0.3165,0.3117,0.3122,176973.2
1785996000,0.312,0.3121,0.3092,0.3112,158024.09
1785999600,0.311,0.312,0.3104,0.3107,172436.77
1786003200,0.3106,0.3145,0.309,0.3122,388585.26
1786006800,0.3125,0.3125,0.3042,0.3047,967329.8
1786010400,0.3046,0.3062,0.3028,0.3037,364686.28
1786014000,0.3035,0.3062,0.3024,0.3052,193725.16
1786017600,0.3052,0.3053,0.3023,0.3026,224237.58
1786021200,0.3027,0.3054,0.3018,0.3045,207547.99
1786024800,0.3044,0.3051,0.3016,0.3043,233470.33
1786028400,0.3041,0.3056,0.3032,0.3036,189138.54
1786032000,0.3036,0.3042,0.3013,0.3039,200907.21
1786035600,0.304,0.3046,0.3027,0.3035,58528.36
1786039200,0.3034,0.3034,0.2988,0.301,237501.37
1786042800,0.3011,0.3021,0.3003,0.3006,139180.76
1786046400,0.3005,0.3019,0.2998,0.3013,34453.63
1786050000,0.3014,0.3034,0.3012,0.3026,80517.84
1786053600,0.3027,0.3029,0.3013,0.3025,60637.66
1786057200,0.3026,0.3033,0.3019,0.3028,24193.11
1786060800,0.3031,0.3037,0.3017,0.3023,59229.66
1786064400,0.3024,0.3031,0.301,0.3017,136136.36
1786068000,0.3019,0.3039,0.3003,0.3019,259925.72
1786071600,0.3021,0.3021,0.2977,0.2978,208098.56
1786075200,0.2978,0.2995,0.2966,0.299,191279.98
1786078800,0.2987,0.2993,0.2933,0.2964,385594.44
1786082400,0.2965,0.2985,0.2958,0.2962,182696.86
1786086000,0.2961,0.2991,0.296,0.2979,614015.34
1786089600,0.2978,0.304,0.2978,0.3011,476711.08
1786093200,0.3014,0.3036,0.3011,0.3036,362770.65
1786096800,0.3037,0.3049,0.3031,0.3037,44897.88
1786100400,0.3038,0.308,0.3033,0.307,268198.94
1786104000,0.307,0.3093,0.3045,0.3048,552375.94
1786107600,0.305,0.3084,0.304,0.3062,175843.69
1786111200,0.306,0.3062,0.3017,0.3023,244300.79
1786114800,0.3015,0.3073,0.3009,0.3064,155093.77
1786118400,0.3065,0.3112,0.3056,0.3056,415445.63
1786122000,0.3055,0.3055,0.3023,0.304,186511.27
1786125600,0.3039,0.305,0.3034,0.3035,31996.86
1786129200,0.3036,0.3078,0.3036,0.3058,114444.01
1786132800,0.3056,0.3057,0.3032,0.3043,98053.07
1786136400,0.3044,0.3054,0.3013,0.3013,194751.47
1786140000,0.3014,0.3043,0.3014,0.3032,50059.76
1786143600,0.3033,0.3045,0.3031,0.3036,138098.94
1786147200,0.3035,0.3057,0.3033,0.3054,175571.84
1786150800,0.3056,0.3116,0.3056,0.3091,405107.1
1786154400,0.3092,0.3092,0.307,0.307,141592.61
1786158000,0.3072,0.309,0.3072,0.3081,33516.63
1786161600,0.3081,0.3094,0.3068,0.3081,57989.17
1786165200,0.3082,0.3089,0.3069,0.3071,45698.14
1786168800,0.3072,0.3076,0.3056,0.3065,49776.83
1786172400,0.3064,0.3072,0.3054,0.3066,38898.24
1786176000,0.3067,0.3072,0.3057,0.3057,10276.93
1786179600,0.3056,0.3087,0.3055,0.3058,215739.02
1786183200,0.3059,0.3074,0.3058,0.3071,19003.97
1786186800,0.307,0.3073,0.3064,0.3065,21123.02
1786190400,0.3065,0.307,0.3059,0.3061,43732.41
1786194000,0.3062,0.3071,0.3041,0.3052,132096.9
1786197600,0.305,0.307,0.305,0.307,94028.72
1786201200,0.3071,0.3089,0.3068,0.3079,139331.74
1786204800,0.3079,0.3095,0.3075,0.3091,130283.14
1786208400,0.3091,0.3093,0.3076,0.3076,92202.58
1786212000,0.3077,0.3078,0.3061,0.3067,274875.46
1786215600,0.3066,0.3075,0.3064,0.3067,41075.02
1786219200,0.3069,0.3072,0.3064,0.3072,29991.13
1786222800,0.3071,0.3071,0.3051,0.3057,116732.98
1786226400,0.3057,0.3058,0.3046,0.3046,41213.89
1786230000,0.3046,0.3057,0.3045,0.3054,46849.91
1786233600,0.3053,0.3061,0.3045,0.3061,80854.59
1786237200,0.3062,0.3063,0.302,0.3031,461294.78
1786240800,0.3035,0.3049,0.3033,0.3033,36074.45
1786244400,0.3032,0.3044,0.3024,0.3037,17711.68
1786248000,0.3034,0.3102,0.3029,0.3071,527786.77
1786251600,0.3074,0.3077,0.3057,0.3071,10794.95
1786255200,0.3072,0.311,0.3072,0.3103,75455.04
1786258800,0.3105,0.3107,0.3083,0.3089,17366.54
1786262400,0.309,0.3095,0.3065,0.3073,42070.62
1786266000,0.3074,0.3104,0.3058,0.31,187267.7
1786269600,0.31,0.3114,0.3085,0.3096,164163.11
1786273200,0.3098,0.3106,0.3092,0.3093,8569.06
1786276800,0.3095,0.3105,0.3087,0.3091,41337.14
1786280400,0.3092,0.3147,0.3092,0.3134,178623.64
1786284000,0.3134,0.3215,0.3134,0.3205,588367.52
1786287600,0.3208,0.3255,0.3208,0.3234,716953.73
1786291200,0.3234,0.3247,0.3198,0.3203,148709.85
1786294800,0.3204,0.3233,0.3194,0.3223,218137.48
1786298400,0.3223,0.3251,0.3198,0.3204,213733.18
1786302000,0.3205,0.3227,0.3205,0.3224,244254.7
1786305600,0.3224,0.3225,0.3207,0.3212,136108.06
1786309200,0.3214,0.3231,0.3208,0.3219,137299.36
1786312800,0.3222,0.3231,0.315,0.3154,479740.54
1786316400,0.3154,0.3166,0.3118,0.3127,335154.39
1786320000,0.3126,0.3226,0.3124,0.3197,688761.61
1786323600,0.3201,0.3259,0.3199,0.3256,247592.57
1786327200,0.3259,0.3287,0.3214,0.3283,425963.8
1786330800,0.3286,0.3298,0.3253,0.3264,344938.57
1786334400,0.3262,0.3284,0.3247,0.3268,151954.05
1786338000,0.3269,0.339,0.3268,0.3367,1448074.84
1786341600,0.3363,0.347,0.336,0.3466,1283699.38
1786345200,0.3466,0.352,0.344,0.3515,703274.32
1786348800,0.3512,0.354,0.3458,0.3508,801621.5
1786352400,0.3507,0.3517,0.342,0.3425,321728.45
1786356000,0.3428,0.3431,0.3381,0.3402,581640.53
1786359600,0.3403,0.342,0.3391,0.3412,417753.7
1786363200,0.3412,0.3433,0.3368,0.3393,742839.83
1786366800,0.3392,0.3432,0.3375,0.3432,180289.21
1786370400,0.343,0.3487,0.3415,0.3417,938878.18
1786374000,0.3418,0.3474,0.3367,0.3427,836595.44
1786377600,0.3426,0.3454,0.3387,0.339,444165.6
1786381200,0.3393,0.3449,0.3379,0.3409,256505.5
1786384800,0.3411,0.3418,0.3332,0.3334,381938.54
1786388400,0.3334,0.3403,0.3324,0.3373,284866.95
1786392000,0.3374,0.3384,0.3351,0.3351,157360.44
1786395600,0.335,0.3359,0.3328,0.3329,68362.52
1786399200,0.3327,0.3371,0.3314,0.3367,308361.13
1786402800,0.3369,0.3422,0.3349,0.3402,558114.15
1786406400,0.3401,0.3429,0.3377,0.34,314750.12
1786410000,0.3399,0.3422,0.3362,0.3403,238701.28
1786413600,0.3403,0.3403,0.337,0.3371,116055.18
1786417200,0.3372,0.3376,0.3342,0.3342,181838.2
1786420800,0.3348,0.336,0.3338,0.3351,49051.79
1786424400,0.335,0.3351,0.3325,0.3325,110727.67
1786428000,0.3328,0.3355,0.3304,0.3318,195585.33
1786431600,0.3317,0.3325,0.3295,0.3309,174093.67
1786435200,0.3307,0.3358,0.3298,0.3358,162452.62
1786438800,0.3359,0.3374,0.3339,0.3354,92667.61
1786442400,0.3353,0.3381,0.3342,0.3359,97935.2
1786446000,0.3362,0.3381,0.3351,0.3362,79396.76
1786449600,0.3364,0.3369,0.3322,0.3323,169255.57
1786453200,0.3324,0.3334,0.3277,0.3289,463037.39
1786456800,0.3288,0.3303,0.3244,0.3251,233137.97
1786460400,0.3251,0.3299,0.3245,0.3299,114298.79
1786464000,0.3298,0.3344,0.3285,0.3335,197484.15
1786467600,0.3336,0.3362,0.3327,0.3343,120119.28
1786471200,0.3346,0.3364,0.3323,0.3342,112081.26
1786474800,0.3343,0.3379,0.3331,0.3374,141107.11
1786478400,0.3376,0.3402,0.3354,0.3356,453437.85
1786482000,0.3357,0.3388,0.3351,0.3366,203084.73
1786485600,0.3367,0.3372,0.3344,0.3355,64982.25
1786489200,0.3357,0.336,0.3352,0.3355,53938.89
1786492800,0.3356,0.3403,0.3336,0.3372,333787.43
1786496400,0.3374,0.3427,0.3347,0.3404,917709.06
1786500000,0.3406,0.348,0.3406,0.3447,313326.36
1786503600,0.3449,0.3457,0.3416,0.343,183387.49
1786507200,0.3427,0.3447,0.3378,0.3383,141687.27
1786510800,0.3382,0.3412,0.3375,0.3385,149404.76
1786514400,0.3383,0.3391,0.3367,0.3375,136952.17
1786518000,0.3374,0.3382,0.3349,0.3365,79444.09
1786521600,0.3365,0.3383,0.336,0.3365,33916.19
1786525200,0.3364,0.338,0.3344,0.3354,72486.47
1786528800,0.3355,0.3363,0.3333,0.3345,101745.76
1786532400,0.3346,0.3355,0.3335,0.3343,49515.67
1786536000,0.3344,0.3354,0.3321,0.3333,343338.72
1786539600,0.3334,0.336,0.3328,0.3347,68018.26
1786543200,0.3346,0.3357,0.3316,0.3331,205072.61
1786546800,0.3332,0.3384,0.3332,0.3377,251705.89
1786550400,0.338,0.3396,0.3357,0.3364,111939.81
1786554000,0.3365,0.3367,0.3339,0.3355,89081.76
1786557600,0.3354,0.3358,0.3339,0.3343,21469.16
1786561200,0.334,0.334,0.3278,0.3291,584761.31
1786564800,0.329,0.3323,0.329,0.332,49987.59
1786568400,0.3321,0.3327,0.3263,0.327,167313.92
1786572000,0.3273,0.3317,0.3263,0.3315,38083.22
1786575600,0.3318,0.3319,0.3296,0.33,45493.05
1786579200,0.3299,0.3344,0.3299,0.3313,73381.39
1786582800,0.3313,0.3313,0.3284,0.329,85038.13
1786586400,0.329,0.33,0.3272,0.33,41673.49
1786590000,0.3301,0.3354,0.3301,0.3338,106165.53
1786593600,0.3339,0.3354,0.3319,0.3319,106011.92
1786597200,0.3318,0.3382,0.3316,0.3377,185904.05
1786600800,0.3378,0.3408,0.3369,0.3398,273922.39
1786604400,0.3399,0.3413,0.3369,0.3372,163440.54
1786608000,0.3373,0.3418,0.3372,0.3409,190178.23
1786611600,0.341,0.3482,0.3393,0.3464,202869.68
1786615200,0.3465,0.3472,0.3416,0.3419,79513.27
1786618800,0.3417,0.3438,0.3379,0.3403,215440.01
1786622400,0.3402,0.3434,0.3389,0.3406,196416.68
1786626000,0.3407,0.3486,0.3407,0.3483,173258.87
1786629600,0.3485,0.3534,0.348,0.3481,1323077.96
1786633200,0.3483,0.3516,0.3463,0.347,452497.94
1786636800,0.3471,0.3474,0.339,0.3419,281959.04
1786640400,0.3419,0.346,0.3418,0.3429,522310.38
1786644000,0.3429,0.3452,0.3401,0.3404,436172.02
1786647600,0.3404,0.3414,0.339,0.3405,417839.1
1786651200,0.3406,0.3406,0.339,0.3395,209419.71
1786654800,0.3394,0.3429,0.3388,0.3388,140777.13
1786658400,0.3392,0.3422,0.3392,0.3416,30850.72
1786662000,0.3415,0.3426,0.3399,0.3407,111315.05
1786665600,0.3408,0.3413,0.3357,0.3391,204028.44
1786669200,0.3388,0.3393,0.3377,0.3382,43737.55
1786672800,0.3381,0.3394,0.3365,0.3368,47510.06
1786676400,0.3366,0.3388,0.3365,0.337,89930.42
1786680000,0.337,0.3415,0.337,0.3398,111568.51
1786683600,0.3399,0.3432,0.3388,0.3427,40270.7
1786687200,0.3426,0.3439,0.3405,0.3409,93044.77
1786690800,0.3408,0.3408,0.3357,0.3366,52158.57
1786694400,0.3367,0.339,0.3367,0.3383,10254.59
1786698000,0.3382,0.3382,0.3334,0.3355,110487.56
1786701600,0.3353,0.3374,0.3342,0.3342,24209.73
1786705200,0.3341,0.3347,0.333,0.3347,14102.71
1786708800,0.3348,0.3378,0.3341,0.3373,34021.33
1786712400,0.3376,0.3437,0.3365,0.3423,407121.63
1786716000,0.3424,0.3426,0.3379,0.3387,111393.12
1786719600,0.3389,0.3463,0.3373,0.3457,74300.6
1786723200,0.3461,0.3466,0.3422,0.3425,34098.73
1786726800,0.3422,0.3451,0.3416,0.3427,18203.66
1786730400,0.3426,0.3445,0.3416,0.3426,90947.43
1786734000,0.3425,0.3469,0.3402,0.3451,53254.46
1786737600,0.3453,0.346,0.3426,0.3429,15791.62
1786741200,0.3427,0.3427,0.3381,0.3391,65183.44
1786744800,0.3393,0.3406,0.3379,0.3395,26288.77
1786748400,0.3396,0.3417,0.3351,0.3414,150864.98
1786752000,0.3415,0.3446,0.3415,0.3431,37916.07
1786755600,0.3433,0.3433,0.3404,0.3407,131804.86
1786759200,0.3405,0.3466,0.3403,0.3419,337413.16
1786762800,0.3419,0.3422,0.3383,0.3398,297369.98
1786766400,0.3399,0.3437,0.339,0.3434,39420.91
1786770000,0.3435,0.3495,0.3418,0.3493,350436.13
1786773600,0.349,0.3495,0.3461,0.3464,117141.41
1786777200,0.3463,0.3484,0.3456,0.3466,41921.4
1786780800,0.3467,0.3477,0.3445,0.3459,128173.47
1786784400,0.3459,0.3482,0.3428,0.3436,104653.87
1786788000,0.3436,0.3443,0.3423,0.3428,11801.13
1786791600,0.3427,0.3442,0.3419,0.3438,16977.71
1786795200,0.3434,0.344,0.3404,0.3423,66258.54
1786798800,0.3423,0.3434,0.3414,0.3426,55234.01
1786802400,0.3425,0.3442,0.3408,0.3442,8703.18
1786806000,0.3443,0.3486,0.3443,0.3454,270379.43
1786809600,0.3456,0.3521,0.3454,0.3477,513534.88
1786813200,0.3477,0.3513,0.3477,0.3492,284643.46
1786816800,0.3496,0.3508,0.3466,0.3502,90020.34
1786820400,0.3502,0.3543,0.3493,0.3512,394662.66
1786824000,0.3515,0.3541,0.3496,0.3504,382315.71
1786827600,0.3503,0.3507,0.3484,0.3488,142963.92
1786831200,0.3485,0.3512,0.348,0.3484,22824
1786834800,0.3483,0.3502,0.3467,0.3489,363893.47
1786838400,0.3487,0.3506,0.3457,0.3502,237838.85
1786842000,0.3502,0.351,0.3471,0.3486,43068.31
1786845600,0.3486,0.3531,0.3468,0.3497,133133.7
1786849200,0.3495,0.35,0.3481,0.3483,68004.34
1786852800,0.3486,0.3497,0.3467,0.3472,22277.18
1786856400,0.347,0.3481,0.3461,0.3478,15578.05
1786860000,0.3479,0.3492,0.3462,0.3462,65185.09
1786863600,0.3461,0.3471,0.3443,0.346,28971.73
1786867200,0.3463,0.3469,0.345,0.3462,53254.94
1786870800,0.3468,0.3497,0.3455,0.3469,239597
1786874400,0.3468,0.3471,0.3453,0.3463,78425.33
1786878000,0.3462,0.3494,0.3459,0.349,28497.57
1786881600,0.3492,0.3493,0.3423,0.3432,104668.14
1786885200,0.3432,0.3452,0.3429,0.3452,35593.79
1786888800,0.345,0.3481,0.3449,0.3471,38579.55
1786892400,0.3473,0.3597,0.3473,0.3583,342687.01
1786896000,0.3584,0.369,0.3562,0.3688,872695.99
1786899600,0.3689,0.3708,0.3616,0.3616,229743.44
1786903200,0.3616,0.3636,0.3597,0.3612,84037.16
1786906800,0.3617,0.3631,0.3599,0.3628,27162.9
1786910400,0.3625,0.363,0.3581,0.3594,149903.34
1786914000,0.3594,0.3595,0.3525,0.3532,261588.05
1786917600,0.3531,0.3543,0.3518,0.3534,189514.67
1786921200,0.3539,0.3569,0.3539,0.3552,90374.83
1786924800,0.3553,0.3626,0.3542,0.36,256131.63
1786928400,0.3602,0.369,0.3602,0.3639,2333378.55
1786932000,0.3642,0.3692,0.3637,0.3683,751492.58
1786935600,0.3683,0.3698,0.3648,0.3661,272845.48
1786939200,0.3662,0.3663,0.3617,0.3626,188905.22
1786942800,0.3625,0.3644,0.3607,0.3608,142298.64
1786946400,0.3607,0.3635,0.3595,0.3608,355451.31
1786950000,0.3606,0.3632,0.3596,0.3632,79706.91
1786953600,0.3629,0.3629,0.3578,0.3612,117554.33
1786957200,0.3612,0.3614,0.3591,0.3598,11627.26
1786960800,0.3597,0.3648,0.3584,0.3641,78205.24
1786964400,0.3642,0.3645,0.3569,0.3573,1998692.74
1786968000,0.3571,0.3571,0.3527,0.3544,294996.88
1786971600,0.3544,0.3578,0.3536,0.3563,108602.15
1786975200,0.3562,0.3577,0.3525,0.3577,108144.31
1786978800,0.3573,0.3604,0.3554,0.3601,149980.28
1786982400,0.3602,0.3604,0.3532,0.3536,65517.69
1786986000,0.3534,0.3568,0.3528,0.3545,120676.8
1786989600,0.3543,0.3557,0.3531,0.3531,97418.31
1786993200,0.3535,0.3545,0.3483,0.3506,297749.38
1786996800,0.3504,0.3537,0.3476,0.3498,269024.87
1787000400,0.3499,0.351,0.3484,0.3491,110621.13
1787004000,0.3493,0.3496,0.3428,0.3433,182815.18
1787007600,0.3434,0.3441,0.3407,0.3415,287803.67
1787011200,0.3416,0.3438,0.3376,0.3426,299314.77
1787014800,0.3428,0.3436,0.3365,0.3376,183476.78
1787018400,0.3377,0.3388,0.3256,0.3282,1834547.7
1787022000,0.3281,0.329,0.3258,0.328,304735.8
1787025600,0.3279,0.3286,0.3256,0.3268,252678.37
1787029200,0.3266,0.3287,0.3177,0.3195,1226794.51
1787032800,0.3194,0.3246,0.3175,0.3235,736984.92
1787036400,0.3235,0.3248,0.3213,0.3239,374686.52
1787040000,0.3239,0.3239,0.321,0.3219,146329.48
1787043600,0.3219,0.3238,0.3207,0.3235,619783.2
1787047200,0.3233,0.3264,0.3231,0.3261,136867.88
1787050800,0.3262,0.3272,0.3253,0.3254,208992.37
1787054400,0.3255,0.3265,0.3243,0.3252,116333.48
1787058000,0.3251,0.3276,0.3229,0.324,183356.34
1787061600,0.3242,0.3286,0.3233,0.3248,263174.24
1787065200,0.3249,0.3266,0.3241,0.3262,86514.33
1787068800,0.3263,0.3281,0.3236,0.3236,113841.48
1787072400,0.3235,0.327,0.3235,0.3258,120295.24
1787076000,0.3257,0.3276,0.3252,0.3255,107218.28
1787079600,0.3257,0.3262,0.324,0.324,47124.99
1787083200,0.3239,0.3259,0.3209,0.3229,260766.93
1787086800,0.3228,0.324,0.3216,0.3219,64592.65
1787090400,0.3221,0.3247,0.321,0.3238,704768.88
1787094000,0.3238,0.3245,0.3163,0.3199,873154.48
1787097600,0.3197,0.3197,0.3158,0.3158,267463.4
1787101200,0.3158,0.3193,0.3155,0.3173,201596.11
1787104800,0.3172,0.3172,0.3138,0.3148,108692.92
1787108400,0.315,0.3166,0.3144,0.3153,96284.84
1787112000,0.3153,0.3177,0.3144,0.3166,108587.26
1787115600,0.3165,0.3177,0.3147,0.3158,141147.51
1787119200,0.3159,0.3173,0.3143,0.3169,257288.07
1787122800,0.3168,0.3196,0.3153,0.3185,247114.83
1787126400,0.3186,0.3207,0.3178,0.3183,553908.32
1787130000,0.3184,0.3201,0.3158,0.3167,140570.44
1787133600,0.3167,0.3187,0.3161,0.3187,35086.02
1787137200,0.3183,0.321,0.3181,0.3191,151999.97
1787140800,0.3193,0.3226,0.3184,0.3214,84806.1
1787144400,0.3216,0.3218,0.3179,0.3187,199390.94
1787148000,0.3189,0.3241,0.3182,0.3232,164685.98
1787151600,0.3235,0.3488,0.3225,0.3349,2871830.33
1787155200,0.3352,0.343,0.335,0.3417,229379.31
1787158800,0.3417,0.3517,0.3402,0.3476,694868.65
1787162400,0.3479,0.3531,0.3463,0.3478,1047152.99
1787166000,0.348,0.3649,0.3476,0.3639,522973.98
1787169600,0.3642,0.3701,0.3584,0.3654,718631.45
1787173200,0.3657,0.372,0.364,0.3673,822180.39
1787176800,0.3675,0.3678,0.3522,0.3553,732943.79
1787180400,0.3555,0.365,0.3554,0.3634,620031.45
1787184000,0.3633,0.3673,0.3602,0.365,688080.59
1787187600,0.3648,0.3649,0.361,0.3624,244012.32
1787191200,0.3624,0.3642,0.3568,0.3581,122204.8
1787194800,0.358,0.3581,0.354,0.3558,187015.35
1787198400,0.356,0.3631,0.356,0.3602,48904.96
1787202000,0.3601,0.3611,0.3571,0.3575,100796.65
1787205600,0.3577,0.3607,0.3567,0.3601,413935.32
1787209200,0.3602,0.3626,0.3592,0.3614,330621.87
1787212800,0.3613,0.368,0.3602,0.366,106542.95
1787216400,0.3661,0.3664,0.3598,0.3614,323628.67
1787220000,0.3615,0.3669,0.3614,0.3652,375388.58
1787223600,0.3653,0.3675,0.3621,0.3635,369363.75
1787227200,0.3635,0.3638,0.357,0.3606,234723.6
1787230800,0.3608,0.3632,0.3581,0.3598,183777.23
1787234400,0.3598,0.3616,0.3555,0.3578,186876.53
1787238000,0.358,0.3643,0.358,0.3627,272777.62
1787241600,0.3626,0.3683,0.3608,0.368,164844.47
1787245200,0.3681,0.3768,0.3681,0.3743,376450.91
1787248800,0.3744,0.3747,0.3632,0.3656,439145.24
1787252400,0.3656,0.3682,0.3628,0.366,1091905.72
1787256000,0.366,0.368,0.3635,0.3652,572154.37
1787259600,0.365,0.3699,0.365,0.3695,478140.99
1787263200,0.3695,0.3708,0.3652,0.3682,375178.51
1787266800,0.3682,0.375,0.3674,0.3741,250903.66
1787270400,0.3741,0.3782,0.3708,0.3736,313640.86
1787274000,0.3739,0.377,0.3705,0.3754,356807.18
1787277600,0.3752,0.3764,0.3691,0.374,480141.22
1787281200,0.3737,0.3756,0.3708,0.373,396416.14
1787284800,0.3729,0.3749,0.3694,0.3712,247420.59
1787288400,0.3711,0.3743,0.37,0.3741,247916.19
1787292000,0.3741,0.3758,0.3688,0.3713,118797.19
1787295600,0.3712,0.3803,0.3711,0.3792,418276.49
1787299200,0.3791,0.3945,0.3786,0.3932,399355.75
1787302800,0.3932,0.3964,0.3761,0.396,930952.1
1787306400,0.3959,0.3992,0.3872,0.3962,311930.83
1787310000,0.3961,0.4046,0.3904,0.3958,974226.03
1787313600,0.3961,0.4013,0.3938,0.3953,217614.26
1787317200,0.3952,0.404,0.3948,0.4,523463.86
1787320800,0.3999,0.4007,0.3905,0.3967,452338.53
1787324400,0.3966,0.4047,0.3965,0.4005,304592.82
1787328000,0.4006,0.4016,0.3952,0.398,297655.13
1787331600,0.3979,0.4009,0.3912,0.3934,275542.65
1787335200,0.3936,0.3981,0.3781,0.3826,452969.61
1787338800,0.3827,0.386,0.3808,0.3824,370730.55
1787342400,0.3828,0.3903,0.3812,0.3902,158351.84
1787346000,0.3901,0.4019,0.39,0.4016,258142.49
1787349600,0.4017,0.4102,0.4008,0.4044,302521.82
1787353200,0.4043,0.4052,0.399,0.4007,264252.59
1787356800,0.4006,0.415,0.3966,0.4146,600861.74
1787360400,0.4145,0.4213,0.4109,0.4144,501084.7
1787364000,0.4146,0.425,0.414,0.4228,362100.37
1787367600,0.4231,0.4348,0.423,0.4332,1199497.1
1787371200,0.4331,0.4631,0.433,0.4607,894478.12
1787374800,0.4611,0.4634,0.3533,0.4167,8393261.82
1787378400,0.4168,0.4205,0.403,0.4191,1158100.62
1787382000,0.419,0.4242,0.4122,0.4132,465004.27
1787385600,0.413,0.4172,0.4028,0.4057,477014.96
1787389200,0.4058,0.4081,0.3972,0.4016,536704.32
1787392800,0.4015,0.4015,0.3866,0.396,897879.15
1787396400,0.3959,0.3988,0.3915,0.397,217688.95
1787400000,0.3968,0.4035,0.3956,0.3965,222081.02
1787403600,0.3968,0.3977,0.3919,0.3967,318822.05
1787407200,0.3969,0.3974,0.3867,0.3898,320057.58
1787410800,0.3897,0.3918,0.3844,0.3865,638851.05
1787414400,0.3866,0.3954,0.3848,0.393,173088.14
1787418000,0.3928,0.3973,0.3897,0.3955,216767.41
1787421600,0.3955,0.3988,0.3918,0.3975,133986.99
1787425200,0.3976,0.398,0.3929,0.3958,217389.62
1787428800,0.3957,0.3975,0.3921,0.3931,125785.22
1787432400,0.3932,0.3932,0.3799,0.3816,361179.21
1787436000,0.3817,0.3902,0.3792,0.3881,246786.9
1787439600,0.388,0.3893,0.3844,0.3877,153388.29
1787443200,0.3879,0.3948,0.3868,0.3941,293583.76
1787446800,0.394,0.394,0.3878,0.3897,338683.9
1787450400,0.3896,0.3907,0.3828,0.3863,448642.62
1787454000,0.3863,0.3871,0.3725,0.3765,488161.64
1787457600,0.3765,0.3808,0.3705,0.3727,304390.49
1787461200,0.3727,0.3771,0.3671,0.3703,856095.8
1787464800,0.3702,0.3749,0.3678,0.3728,430054.91
1787468400,0.373,0.3775,0.3728,0.3755,162032.62
1787472000,0.3755,0.3814,0.3743,0.3786,169283.57
1787475600,0.3787,0.3824,0.3783,0.3792,92367.62
1787479200,0.3793,0.3858,0.3792,0.3846,141437.94
1787482800,0.3846,0.3938,0.3841,0.3931,133953.93
1787486400,0.393,0.3987,0.3897,0.3954,96463.04
1787490000,0.3952,0.4085,0.3942,0.4072,550204.27
1787493600,0.4073,0.4136,0.3912,0.4018,493384.76
1787497200,0.4019,0.4064,0.3986,0.4019,173349.18
1787500800,0.402,0.4057,0.3975,0.4049,118764.37
1787504400,0.4047,0.4101,0.4003,0.4054,159148.89
1787508000,0.4055,0.4085,0.4046,0.4077,88443.88
1787511600,0.4076,0.4081,0.4031,0.4031,109398.71
1787515200,0.4033,0.4078,0.4004,0.4073,311883.23
1787518800,0.4073,0.4174,0.4066,0.4084,502084.94
1787522400,0.4083,0.4097,0.403,0.4042,228126.55
1787526000,0.4043,0.4096,0.4041,0.4075,217684.98
1787529600,0.4079,0.4088,0.3963,0.4044,572073.59
1787533200,0.4045,0.4046,0.3888,0.3902,389262.11
1787536800,0.3902,0.3977,0.3875,0.3953,277228.96
1787540400,0.3955,0.3969,0.3906,0.3924,226993.45
1787544000,0.3923,0.4027,0.3921,0.3981,153540.98
1787547600,0.3981,0.4033,0.3948,0.3993,184385.04
1787551200,0.3994,0.4003,0.395,0.396,112058.33
1787554800,0.3959,0.4,0.3941,0.3942,55324.44
1787558400,0.3942,0.3977,0.3911,0.3963,92582.85
1787562000,0.3962,0.4027,0.3958,0.4,62906.13
1787565600,0.4,0.4032,0.3964,0.397,123957.58
1787569200,0.397,0.4028,0.393,0.4005,115205.7
1787572800,0.4005,0.4068,0.3948,0.404,286536.92
1787576400,0.404,0.4062,0.395,0.3991,365303.93
1787580000,0.399,0.4086,0.3986,0.405,213804.83
1787583600,0.405,0.4126,0.4017,0.4035,366404.55
1787587200,0.4035,0.4102,0.4023,0.4047,143001.67
1787590800,0.4047,0.4078,0.397,0.406,676366.02
1787594400,0.406,0.4088,0.3999,0.4012,173447.73
1787598000,0.4013,0.4023,0.3979,0.4005,131218.02
1787601600,0.4006,0.4058,0.3979,0.4057,117667.22
1787605200,0.4058,0.4071,0.4024,0.4034,66992.88
1787608800,0.4038,0.4052,0.3988,0.3992,180989.77
1787612400,0.3994,0.4032,0.3975,0.4032,101807.68
1787616000,0.4034,0.4108,0.4,0.41,450921.69
1787619600,0.4094,0.4109,0.4072,0.4098,233089.15
1787623200,0.4096,0.42,0.4081,0.4144,458503.38
1787626800,0.4146,0.4212,0.41,0.4119,537734.54
1787630400,0.412,0.4152,0.4105,0.4144,146945.93
1787634000,0.4143,0.4166,0.4136,0.4154,246768.33
1787637600,0.4158,0.4205,0.411,0.4136,97038.01
1787641200,0.4134,0.4175,0.4008,0.4046,243049.88
1787644800,0.4047,0.4102,0.4041,0.4061,84773.77
1787648400,0.4063,0.4102,0.3997,0.3998,328040.77
1787652000,0.4004,0.4043,0.3996,0.402,174561.1
1787655600,0.4018,0.4037,0.3992,0.3994,40984.09
1787659200,0.3997,0.4008,0.3951,0.4,63749.53
1787662800,0.4001,0.4008,0.388,0.3946,165856.84
1787666400,0.3942,0.3994,0.3932,0.3961,101930.23
1787670000,0.396,0.3964,0.3912,0.3962,116533.21
1787673600,0.3963,0.397,0.3924,0.3936,56763.74
1787677200,0.3935,0.3949,0.3891,0.394,147569.91
1787680800,0.3942,0.3964,0.3934,0.3946,121614.07
1787684400,0.3943,0.3953,0.3897,0.3907,185222.19
1787688000,0.3908,0.3909,0.3793,0.3806,508790.7
1787691600,0.3807,0.3842,0.3754,0.3834,546023.18
1787695200,0.3841,0.3877,0.3839,0.3867,212748.53
1787698800,0.387,0.3879,0.3816,0.3836,334075.28
1787702400,0.3834,0.3906,0.3824,0.3886,200121.7
1787706000,0.3888,0.3917,0.3882,0.3894,273647.06
1787709600,0.3894,0.3979,0.3876,0.395,250564.33
1787713200,0.3954,0.3963,0.39,0.3916,157983.18
1787716800,0.3915,0.3945,0.3902,0.3907,132567.49
1787720400,0.3906,0.3931,0.3886,0.3916,53507.73
1787724000,0.3918,0.3924,0.3888,0.3899,93033.22
1787727600,0.3899,0.3944,0.3888,0.3924,326801.29
1787731200,0.3924,0.3976,0.3915,0.3935,162943.42
1787734800,0.3932,0.3952,0.3892,0.3928,115419.77
1787738400,0.3928,0.4012,0.3912,0.3988,89591.1
1787742000,0.3984,0.3988,0.3922,0.3936,41838.88
1787745600,0.3936,0.3996,0.3918,0.3966,451082.43
1787749200,0.3964,0.3978,0.3871,0.389,316444.91
1787752800,0.3889,0.3935,0.3839,0.3844,454785.9
1787756400,0.3848,0.3888,0.3818,0.3876,122424.19
1787760000,0.3873,0.388,0.3823,0.3835,331295.39
1787763600,0.3836,0.3932,0.3832,0.388,150044.85
1787767200,0.3878,0.3907,0.3867,0.389,135922.82
1787770800,0.389,0.3918,0.3882,0.3895,197481.5
1787774400,0.3896,0.3901,0.3852,0.3898,211217.39
1787778000,0.3898,0.3947,0.3894,0.3942,118715.88
1787781600,0.3939,0.3988,0.3938,0.3967,562653.72
1787785200,0.3964,0.4161,0.3955,0.4154,929567.85
1787788800,0.4144,0.4148,0.4076,0.408,305436.68
1787792400,0.4076,0.4115,0.4054,0.4083,205924.87
1787796000,0.4083,0.4117,0.4061,0.4082,67866.87
1787799600,0.4083,0.4086,0.4012,0.4037,159313.12
1787803200,0.4038,0.4044,0.3994,0.4001,275056.26
1787806800,0.4001,0.4038,0.3976,0.4026,63039.25
1787810400,0.4024,0.4095,0.3996,0.4075,54125.02
1787814000,0.4074,0.4076,0.4046,0.4068,197038.76
1787817600,0.4068,0.412,0.4058,0.4092,297008.44
1787821200,0.409,0.4123,0.4047,0.405,120035.27
1787824800,0.405,0.4067,0.3985,0.4015,86166.37
1787828400,0.4017,0.404,0.397,0.4012,114230.79
1787832000,0.4016,0.4057,0.4009,0.4038,224251.08
1787835600,0.4039,0.4074,0.4012,0.4072,100093.07
1787839200,0.407,0.4111,0.4048,0.4085,263888.61
1787842800,0.409,0.4115,0.4076,0.4097,213077.99
1787846400,0.4099,0.4247,0.4063,0.4182,733006.4
1787850000,0.4179,0.4216,0.416,0.4168,189073.32
1787853600,0.4168,0.4185,0.4096,0.4141,183681.07
1787857200,0.4141,0.4157,0.412,0.4126,34983.02
1787860800,0.4125,0.4148,0.41,0.4146,153691.66
1787864400,0.4145,0.4145,0.4089,0.4126,168012.26
1787868000,0.4126,0.4165,0.4125,0.413,146852.63
1787871600,0.413,0.4153,0.4116,0.4122,763565.74
1787875200,0.4119,0.416,0.41,0.4129,361475.64
1787878800,0.4129,0.4278,0.4129,0.4197,933523.35
1787882400,0.4198,0.42,0.4027,0.4045,405570.51
1787886000,0.4042,0.4081,0.4025,0.407,86850
1787889600,0.4072,0.4077,0.3981,0.4008,833618.74
1787893200,0.4006,0.403,0.3986,0.4018,164066.79
1787896800,0.4018,0.4046,0.4016,0.4034,64866.67
1787900400,0.4034,0.4035,0.4001,0.4002,157170.8
1787904000,0.4003,0.4027,0.3945,0.3964,172855.28
1787907600,0.3962,0.4002,0.396,0.3969,46261.37
1787911200,0.3968,0.4006,0.3945,0.4006,54932.97
1787914800,0.401,0.402,0.3991,0.3994,43651.69
1787918400,0.3992,0.3996,0.3955,0.3973,56694.16
1787922000,0.3974,0.3984,0.3937,0.397,248044.65
1787925600,0.3968,0.4038,0.3872,0.4006,676886.84
1787929200,0.4008,0.403,0.3906,0.3914,243369.65
1787932800,0.3908,0.3916,0.381,0.389,891941.42
1787936400,0.3889,0.3913,0.3872,0.3886,209401.41
1787940000,0.3886,0.3886,0.3778,0.3803,424245.95
1787943600,0.3804,0.3832,0.3801,0.381,37015.16
1787947200,0.3814,0.3818,0.3772,0.3778,95414.95
1787950800,0.3778,0.3786,0.373,0.374,154695.53
1787954400,0.374,0.3794,0.3736,0.379,101299.29
1787958000,0.3793,0.3802,0.3779,0.3802,63167.93
1787961600,0.3804,0.3822,0.3794,0.3794,29981.54
1787965200,0.3795,0.3801,0.3774,0.379,131251.39
1787968800,0.3788,0.3789,0.3762,0.377,129516.46
1787972400,0.3772,0.3789,0.3752,0.3752,160478.46
1787976000,0.3755,0.377,0.3748,0.377,182908.65
1787979600,0.3772,0.3789,0.3764,0.3778,44832.07
1787983200,0.3776,0.3776,0.375,0.3773,74771.61
1787986800,0.3774,0.3776,0.375,0.375,82506.2
1787990400,0.3748,0.3752,0.3721,0.3731,109922.55
1787994000,0.3732,0.3771,0.3725,0.3762,54344.6
1787997600,0.376,0.3781,0.3749,0.3768,47482.24
1788001200,0.3766,0.377,0.3747,0.3748,11935.29
1788004800,0.3752,0.3771,0.3739,0.3751,51900.25
1788008400,0.3748,0.3761,0.3743,0.3758,124803.5
1788012000,0.3758,0.3801,0.3757,0.3793,158840.6
1788015600,0.379,0.379,0.3756,0.3769,183984.81
1788019200,0.3769,0.38,0.3759,0.3777,806757.17
1788022800,0.3775,0.3783,0.3724,0.3752,151389.98
1788026400,0.3751,0.3776,0.3744,0.3757,58457.31
1788030000,0.3759,0.3771,0.3752,0.3757,30916.24
1788033600,0.3755,0.3772,0.3745,0.3755,59733.07
1788037200,0.3755,0.3765,0.374,0.3743,232583.09
1788040800,0.3742,0.3882,0.3742,0.3773,517595.66
1788044400,0.3772,0.3818,0.3754,0.3813,190538.2
1788048000,0.3814,0.3846,0.3798,0.3798,141479.36
1788051600,0.3796,0.3796,0.3768,0.3776,118463.73
1788055200,0.3773,0.3797,0.3771,0.3781,263934.35
1788058800,0.3782,0.3802,0.3778,0.378,71170.37
1788062400,0.3782,0.3792,0.3744,0.3772,209339.6
1788066000,0.3774,0.3789,0.3769,0.3778,31775.28
1788069600,0.3776,0.3786,0.3762,0.3778,77391.45
1788073200,0.3776,0.3776,0.374,0.3742,624971.38
1788076800,0.374,0.3758,0.3701,0.3705,174609.79
1788080400,0.3706,0.3723,0.37,0.372,125303.48
1788084000,0.3718,0.3731,0.371,0.373,37967.72
1788087600,0.3732,0.3766,0.3726,0.3766,186561.82
1788091200,0.3765,0.3804,0.3752,0.3801,369555.04
1788094800,0.38,0.3828,0.379,0.382,131890.32
1788098400,0.3818,0.3828,0.3791,0.3793,87308.09
1788102000,0.3792,0.3792,0.3754,0.3778,189145.86
1788105600,0.3778,0.3837,0.3778,0.3837,63625.26
1788109200,0.3836,0.3891,0.3818,0.3887,431682.28
1788112800,0.3882,0.3891,0.3852,0.3878,173973.5
1788116400,0.3877,0.3894,0.3828,0.3845,93941.18
1788120000,0.3844,0.3848,0.3774,0.3793,205963.45
1788123600,0.3792,0.3794,0.3731,0.3762,212465.95
1788127200,0.3768,0.3796,0.3711,0.3721,86253.46
1788130800,0.3721,0.3732,0.355,0.3618,869801.98
1788134400,0.3616,0.366,0.3598,0.3627,71001.51
1788138000,0.3626,0.3632,0.357,0.3573,186274.08
1788141600,0.3569,0.362,0.3566,0.3586,78486.53
1788145200,0.3588,0.3631,0.3588,0.3628,19113.18
1788148800,0.3625,0.3625,0.3583,0.3612,161649.13
1788152400,0.3614,0.3658,0.3614,0.3648,65920.36
1788156000,0.3646,0.366,0.3636,0.3647,65134.81
1788159600,0.3648,0.367,0.3642,0.3656,50033.49
1788163200,0.3652,0.3652,0.3612,0.3627,62666.04
1788166800,0.3627,0.3643,0.3616,0.3616,57380.52
1788170400,0.3614,0.3643,0.3598,0.3622,75647.06
1788174000,0.3624,0.3628,0.3584,0.3591,134392.5
1788177600,0.3591,0.3619,0.356,0.3572,70132.43
1788181200,0.3574,0.3596,0.3535,0.3549,190048.65
1788184800,0.3546,0.3617,0.3538,0.3615,171958.05
1788188400,0.3612,0.3612,0.3556,0.3561,645143.81
1788192000,0.3558,0.3589,0.3556,0.3573,217946.61
1788195600,0.3571,0.3594,0.3548,0.3588,162794.8
1788199200,0.3588,0.3649,0.3578,0.364,244198.4
1788202800,0.3638,0.3648,0.361,0.3634,63786.1
1788206400,0.363,0.368,0.3628,0.3654,112843.84
1788210000,0.3654,0.368,0.3626,0.3668,122928.91
1788213600,0.3664,0.3673,0.3639,0.3646,43267.03
1788217200,0.3646,0.3671,0.3637,0.3648,26882.92
1788220800,0.3644,0.371,0.3644,0.3684,185476.23
1788224400,0.3686,0.3686,0.3636,0.3663,106015.46
1788228000,0.3662,0.3669,0.3635,0.3659,94607.36
1788231600,0.3661,0.3698,0.3654,0.3688,60832.23
1788235200,0.369,0.3728,0.369,0.3707,47383.9
1788238800,0.3707,0.3746,0.3702,0.3739,196929.66
1788242400,0.3738,0.3738,0.3691,0.3696,94275.55
1788246000,0.3697,0.3728,0.3682,0.3692,73265.15
1788249600,0.369,0.3694,0.3601,0.3606,129455.89
1788253200,0.361,0.3626,0.3604,0.3618,36546.87
1788256800,0.3614,0.3686,0.3614,0.3664,55691.87
1788260400,0.3662,0.3738,0.3654,0.3724,54848.41
1788264000,0.372,0.3734,0.3662,0.3676,57407.63
1788267600,0.3674,0.3715,0.3642,0.369,63361.22
1788271200,0.3686,0.3727,0.3684,0.3707,22538.88
1788274800,0.3706,0.3743,0.3671,0.3714,157575.87
1788278400,0.3712,0.3712,0.3622,0.3651,310032.27
1788282000,0.365,0.3701,0.3647,0.3666,95422.52
1788285600,0.3668,0.3674,0.3554,0.3618,501428.4
1788289200,0.3615,0.3652,0.3606,0.363,387548.16
1788292800,0.3631,0.3632,0.3598,0.3618,144182.71
1788296400,0.3617,0.3629,0.3565,0.3596,87200.31
1788300000,0.3596,0.3615,0.3585,0.3597,113366.14
1788303600,0.3599,0.3658,0.3599,0.3654,81920.06
1788307200,0.3655,0.3655,0.3606,0.3609,91144.75
1788310800,0.3604,0.361,0.3556,0.3573,805863.42
1788314400,0.3572,0.364,0.3566,0.3632,149879.83
1788318000,0.3634,0.3682,0.3634,0.3656,139161.44
1788321600,0.3652,0.3671,0.3631,0.3668,94848.82
1788325200,0.3667,0.3698,0.3644,0.3665,85752.62
1788328800,0.3666,0.3677,0.3636,0.3668,115060.94
1788332400,0.3669,0.3685,0.3644,0.3644,15600.41
1788336000,0.3642,0.3659,0.3596,0.3608,115549.67
1788339600,0.3609,0.3626,0.359,0.3595,71204.86
1788343200,0.3597,0.36,0.3558,0.3597,95545.87
1788346800,0.359,0.3598,0.3565,0.3591,53185.73
1788350400,0.3588,0.3607,0.3558,0.357,54783.99
1788354000,0.3571,0.3618,0.3552,0.3598,193441.93
1788357600,0.36,0.3606,0.356,0.356,99089.1
1788361200,0.3558,0.3609,0.353,0.3607,161318.96
1788364800,0.3609,0.3636,0.3577,0.3582,499527.86
1788368400,0.3584,0.3602,0.3559,0.36,454833.87
1788372000,0.3599,0.361,0.3583,0.3594,83260.21
1788375600,0.3594,0.3594,0.3559,0.357,46336.96
1788379200,0.357,0.3612,0.357,0.3608,285835.71
1788382800,0.3609,0.3622,0.3593,0.3607,84305.84
1788386400,0.3607,0.3607,0.3578,0.3586,92351.1
1788390000,0.359,0.3667,0.359,0.3667,249209.72
1788393600,0.3666,0.3729,0.3634,0.3674,279890.7
1788397200,0.3675,0.3734,0.3655,0.3687,208426.69
1788400800,0.3685,0.3741,0.3677,0.3725,82426.65
1788404400,0.3724,0.3744,0.3694,0.3706,80692.33
1788408000,0.3708,0.3723,0.3677,0.3723,96122.75
1788411600,0.3723,0.3761,0.3669,0.3746,183416.45
1788415200,0.3744,0.3756,0.3726,0.3728,47690.6
1788418800,0.3732,0.3771,0.373,0.375,158255.79
1788422400,0.3752,0.3801,0.3745,0.3754,65051.32
1788426000,0.375,0.3766,0.3734,0.3735,116378.98
1788429600,0.3734,0.3763,0.373,0.3763,54221.65
1788433200,0.3762,0.3772,0.375,0.3766,80401
1788436800,0.3766,0.3818,0.3766,0.3796,174562.71
1788440400,0.3794,0.3806,0.3769,0.3769,137547.36
1788444000,0.3768,0.3857,0.3753,0.3851,501388.25
1788447600,0.3851,0.3922,0.3817,0.392,575344.99
1788451200,0.3918,0.3972,0.3886,0.3955,1562435.06
1788454800,0.3954,0.4004,0.3932,0.3992,292744.02
1788458400,0.3993,0.4098,0.3993,0.4064,531902.69
1788462000,0.4062,0.407,0.3974,0.3992,404397.66
1788465600,0.399,0.4026,0.397,0.4001,115071.4
1788469200,0.4001,0.402,0.3974,0.3974,78591.28
1788472800,0.3972,0.398,0.3915,0.3945,211809.95
1788476400,0.3948,0.3969,0.3946,0.3957,66919.84
1788480000,0.3957,0.3976,0.3912,0.3927,176486.09
1788483600,0.3928,0.3954,0.391,0.3938,55451.13
1788487200,0.3939,0.3954,0.3916,0.3954,93127.89
1788490800,0.3953,0.3966,0.3928,0.3944,58966.6
1788494400,0.3946,0.396,0.3917,0.3917,95690.29
1788498000,0.3916,0.394,0.3857,0.3887,316702.66
1788501600,0.3886,0.3897,0.3855,0.3897,234915.46
1788505200,0.3896,0.3919,0.3893,0.3893,67815.12
1788508800,0.3895,0.3935,0.3884,0.393,45943.13
1788512400,0.3933,0.3952,0.392,0.3926,233269.3
1788516000,0.3924,0.3932,0.3889,0.3899,215206.31
1788519600,0.39,0.3925,0.3898,0.3898,128924.1
1788523200,0.3896,0.3914,0.3749,0.377,441908.23
1788526800,0.3766,0.3824,0.3754,0.38,71115.23
1788530400,0.3798,0.3806,0.37,0.3716,372665.33
1788534000,0.3722,0.3762,0.3722,0.3753,137218.82
1788537600,0.3752,0.3789,0.3749,0.3772,96157.37
1788541200,0.377,0.3771,0.3752,0.3753,29220.21
1788544800,0.3763,0.3782,0.3758,0.3779,41451.11
1788548400,0.3778,0.3825,0.3777,0.3816,147133.68
1788552000,0.3818,0.3827,0.3801,0.381,48952.36
1788555600,0.381,0.3816,0.3778,0.3789,160041.93
1788559200,0.3788,0.3806,0.3784,0.3792,14477.92
1788562800,0.38,0.3837,0.38,0.3837,67896.89
1788566400,0.3837,0.388,0.3822,0.3865,82170.84
1788570000,0.3849,0.391,0.3849,0.3853,174738.96
1788573600,0.3855,0.3869,0.3839,0.3865,67158.85
1788577200,0.3865,0.3876,0.385,0.3861,114299.33
1788580800,0.386,0.3898,0.3858,0.3889,164062.03
1788584400,0.3883,0.3907,0.3869,0.389,106808.91
1788588000,0.389,0.3957,0.3883,0.3934,261632.32
1788591600,0.3934,0.3946,0.3912,0.3929,46928.34
1788595200,0.3931,0.3971,0.3929,0.3962,217056.8
1788598800,0.3963,0.3991,0.3956,0.3989,30915.06
1788602400,0.3993,0.4036,0.3993,0.4019,125465.33
1788606000,0.4018,0.4081,0.4011,0.4016,330884.05
1788609600,0.4023,0.4045,0.4011,0.4025,95697.92
1788613200,0.402,0.4044,0.3968,0.3983,109734.28
1788616800,0.3977,0.3995,0.3968,0.3982,175357
1788620400,0.3978,0.3987,0.396,0.3974,91573.46
1788624000,0.3974,0.4,0.3954,0.3983,297436.58
1788627600,0.3984,0.4016,0.3975,0.3985,100129.04
1788631200,0.3988,0.3988,0.3936,0.3955,114313.53
1788634800,0.3958,0.3988,0.3952,0.3962,81847.35
1788638400,0.3967,0.398,0.3948,0.3968,160071.75
1788642000,0.3968,0.3985,0.3961,0.3984,207764.62
1788645600,0.3984,0.4003,0.396,0.3965,84466.82
1788649200,0.3965,0.3985,0.3962,0.3975,61504.18
1788652800,0.3977,0.4011,0.397,0.3993,99752.73
1788656400,0.3995,0.4043,0.3982,0.4029,133470.79
1788660000,0.4031,0.4045,0.3998,0.3999,146279.15
1788663600,0.4002,0.4012,0.3987,0.4001,147745.6
1788667200,0.3996,0.3997,0.3948,0.3966,202830.35
1788670800,0.397,0.4014,0.397,0.4004,108724.97
1788674400,0.4007,0.4033,0.3989,0.4017,65845.49
1788678000,0.4018,0.403,0.3957,0.4013,89184.68
1788681600,0.4017,0.4025,0.3971,0.399,693789.94
1788685200,0.3988,0.4099,0.3985,0.4034,431510.08
1788688800,0.4031,0.4194,0.4019,0.4166,379023.53
1788692400,0.4172,0.4212,0.4143,0.4177,406761.33
1788696000,0.4179,0.4253,0.4179,0.422,216038.29
1788699600,0.4217,0.4245,0.4138,0.4172,540844.29
1788703200,0.4168,0.4194,0.4073,0.4078,206477.73
1788706800,0.4083,0.4107,0.4051,0.409,31899.22
1788710400,0.4087,0.4135,0.4061,0.4135,361687.28
1788714000,0.4136,0.4145,0.4093,0.4119,324279.79
1788717600,0.4116,0.4151,0.4113,0.4136,101580.41
1788721200,0.4134,0.4152,0.4123,0.4135,31625.3
1788724800,0.4133,0.416,0.4113,0.4124,88666.36
1788728400,0.413,0.4248,0.413,0.4244,201209.11
1788732000,0.424,0.424,0.4137,0.4167,149016.37
1788735600,0.4167,0.4212,0.4164,0.4201,138274.24
1788739200,0.42,0.4266,0.4172,0.4188,200722.15
1788742800,0.4186,0.4193,0.4088,0.4111,179712.36
1788746400,0.4112,0.4247,0.4082,0.4193,160244.27
1788750000,0.4192,0.4201,0.4133,0.4143,118506.71
1788753600,0.4144,0.4177,0.4139,0.4162,81538.33
1788757200,0.4163,0.4306,0.4159,0.4235,352993.78
1788760800,0.4233,0.4374,0.4218,0.4373,390303.7
1788764400,0.4373,0.459,0.4348,0.448,1394884.43
1788768000,0.4481,0.466,0.4477,0.4541,800064.79
1788771600,0.4544,0.4611,0.4488,0.451,559354.04
1788775200,0.4514,0.4567,0.4465,0.4509,253688.38
1788778800,0.4506,0.454,0.4413,0.445,769626.28
1788782400,0.4449,0.4494,0.4443,0.448,362031.39
1788786000,0.4479,0.4678,0.4469,0.4668,1025515.1
1788789600,0.4668,0.4777,0.4564,0.4701,1188477.84
1788793200,0.4695,0.4734,0.4514,0.4538,481491.39
1788796800,0.4545,0.4644,0.4526,0.4624,618307.01
1788800400,0.4618,0.474,0.4616,0.4651,797080.57
1788804000,0.4654,0.4658,0.4548,0.4557,601343.9
1788807600,0.4558,0.4649,0.4551,0.4642,186170.43
1788811200,0.4644,0.4654,0.4594,0.4619,277021.67
1788814800,0.4618,0.4743,0.4618,0.4706,1029250.19
1788818400,0.4707,0.4777,0.4676,0.4728,692697.71
1788822000,0.4737,0.4815,0.4728,0.4781,642639.78
1788825600,0.4768,0.4929,0.4729,0.4915,762844.36
1788829200,0.4915,0.5056,0.4847,0.4911,1023385.2
1788832800,0.4902,0.491,0.4777,0.4786,1270842.42
1788836400,0.4788,0.4985,0.4712,0.4751,2526770.25
1788840000,0.4746,0.4746,0.4659,0.4672,499710.98
1788843600,0.4675,0.4743,0.4663,0.4696,261674.75
1788847200,0.4699,0.4709,0.4605,0.4635,310491.24
1788850800,0.4628,0.4794,0.4624,0.478,283834.16
1788854400,0.4778,0.4793,0.4697,0.472,139823.46
1788858000,0.4723,0.4864,0.4715,0.484,190276.88
1788861600,0.4832,0.4873,0.4732,0.4746,293509.03
1788865200,0.4745,0.4794,0.465,0.4666,405767.46
1788868800,0.4665,0.4783,0.4658,0.4742,123709.92
1788872400,0.4741,0.4745,0.4615,0.4684,319012.7
1788876000,0.4694,0.4786,0.4682,0.4757,203701.51
1788879600,0.4758,0.4941,0.4742,0.4876,1000036.5
1788883200,0.4869,0.4879,0.4784,0.4849,351156.42
1788886800,0.4853,0.4877,0.4758,0.476,289381.75
1788890400,0.4762,0.4818,0.4697,0.4718,126837.08
1788894000,0.4719,0.4734,0.4622,0.4636,435538.59
1788897600,0.4641,0.4685,0.4581,0.4597,313053.1
1788901200,0.4599,0.461,0.4526,0.4531,353771.23
1788904800,0.4533,0.4556,0.4516,0.4546,214034.11
1788908400,0.4546,0.4561,0.4525,0.453,123466.87
1788912000,0.4533,0.4583,0.4488,0.4574,441649.23
1788915600,0.4576,0.46,0.4542,0.458,477551.04
1788919200,0.4581,0.4588,0.4537,0.4546,236046.3
1788922800,0.4544,0.4545,0.4488,0.4501,220811.73
1788926400,0.4508,0.4604,0.4508,0.4573,327245.98
1788930000,0.4572,0.4572,0.4509,0.4512,175170.33
1788933600,0.4512,0.4572,0.4494,0.4548,253178.54
1788937200,0.4549,0.4582,0.4546,0.4571,112048.37
1788940800,0.4572,0.4618,0.4551,0.4568,239669.71
1788944400,0.4567,0.4567,0.4446,0.4458,362166.36
1788948000,0.4459,0.4472,0.4416,0.4471,1043976.74
1788951600,0.4466,0.4517,0.4436,0.4516,316402.32
1788955200,0.4516,0.4557,0.4499,0.453,168023.54
1788958800,0.453,0.458,0.4456,0.4458,619629.39
1788962400,0.4468,0.4503,0.4445,0.4456,185576.34
1788966000,0.4458,0.4494,0.4323,0.4376,476815.26
1788969600,0.4372,0.438,0.4307,0.4346,137606.45
1788973200,0.435,0.4378,0.4341,0.4361,88145.9
1788976800,0.4363,0.4386,0.4332,0.4333,211853.94
1788980400,0.4334,0.4341,0.4258,0.4266,166980.39
1788984000,0.4272,0.4282,0.4227,0.4272,948446.59
1788987600,0.4268,0.4273,0.4209,0.4232,211635.59
1788991200,0.4236,0.4236,0.4086,0.4124,446044.82
1788994800,0.4126,0.4172,0.4121,0.4152,294139.16
1788998400,0.4153,0.4164,0.4044,0.4064,342967.08
1789002000,0.4067,0.4099,0.4017,0.4046,203227.65
1789005600,0.4048,0.4142,0.4039,0.413,255931.44
1789009200,0.4131,0.4168,0.4131,0.4156,152157.87
1789012800,0.416,0.4184,0.4141,0.415,97645.78
1789016400,0.415,0.4177,0.4128,0.4168,68348.94
1789020000,0.416,0.416,0.4087,0.4136,75668.4
1789023600,0.4132,0.4132,0.4081,0.4108,77818.83
1789027200,0.4108,0.4134,0.4096,0.4103,136087.99
1789030800,0.4103,0.4112,0.4051,0.4078,67944.71
1789034400,0.4077,0.4104,0.4069,0.408,31136.99
1789038000,0.4077,0.4125,0.4072,0.4097,59307.4
1789041600,0.4095,0.4112,0.3959,0.4038,511887.06
1789045200,0.4042,0.407,0.4018,0.4056,168272.63
1789048800,0.4057,0.4079,0.4011,0.4038,105386.34
1789052400,0.4034,0.4062,0.4018,0.406,85348.38
1789056000,0.4062,0.4066,0.3957,0.4013,463436.37
1789059600,0.401,0.4072,0.401,0.4048,101011.23
1789063200,0.4051,0.4057,0.4001,0.4052,598952.15
1789066800,0.405,0.4052,0.4007,0.4015,127925.81
1789070400,0.4015,0.4046,0.4009,0.4025,91129.89
1789074000,0.4029,0.4041,0.4007,0.4017,193457.1
1789077600,0.4016,0.4046,0.3986,0.3992,228246.8
1789081200,0.3992,0.3994,0.3945,0.3958,1452249.55
1789084800,0.396,0.4008,0.396,0.4002,161264.52
1789088400,0.4001,0.4017,0.3961,0.3994,111434.39
1789092000,0.3996,0.4,0.3969,0.3978,127330.7
1789095600,0.3979,0.3982,0.3952,0.3982,218764.77
1789099200,0.3984,0.4029,0.3982,0.4012,196416.52
1789102800,0.4015,0.4036,0.4007,0.402,127011.94
1789106400,0.4017,0.4052,0.3991,0.4013,192011.25
1789110000,0.4011,0.4044,0.3999,0.4008,58107.95
1789113600,0.4005,0.403,0.3994,0.4012,43205.72
1789117200,0.4015,0.4018,0.3961,0.3974,138556.84
1789120800,0.3972,0.4014,0.396,0.3963,109181.17
1789124400,0.3966,0.397,0.3916,0.3968,206783.67
1789128000,0.3968,0.4117,0.388,0.4098,606875.64
1789131600,0.4096,0.4252,0.4043,0.424,307905.92
1789135200,0.4234,0.4284,0.4168,0.4218,1121713.54
1789138800,0.4218,0.4231,0.4057,0.4106,336817.54
1789142400,0.4108,0.4133,0.4069,0.4133,331599.75
1789146000,0.4126,0.4135,0.4069,0.4078,59054.15
1789149600,0.4077,0.4086,0.3944,0.398,323446.15
1789153200,0.3979,0.4031,0.396,0.4018,68662.08
1789156800,0.4019,0.4042,0.3972,0.4,72335.4
1789160400,0.3998,0.4028,0.3958,0.397,53551.35
1789164000,0.3962,0.4,0.395,0.3958,55196.27
1789167600,0.396,0.4005,0.396,0.3997,35630.85
1789171200,0.3997,0.4038,0.3996,0.4029,33711.1
1789174800,0.4032,0.4066,0.4026,0.4045,38245.45
1789178400,0.405,0.407,0.4036,0.404,44001.15
1789182000,0.4038,0.406,0.4032,0.4036,51676.94
1789185600,0.4036,0.4038,0.4013,0.4014,51897.32
1789189200,0.4014,0.4017,0.3992,0.3997,101101.76
1789192800,0.3996,0.4018,0.3991,0.4004,12000.97
1789196400,0.4005,0.4044,0.4005,0.4036,37470.8
1789200000,0.4041,0.4047,0.4007,0.4023,118508.79
1789203600,0.4024,0.4028,0.4005,0.4013,37094.84
1789207200,0.4014,0.4026,0.4004,0.4015,27441.99
1789210800,0.4015,0.4029,0.3997,0.4025,58507.82
1789214400,0.4027,0.4029,0.4008,0.4012,41247.86
1789218000,0.4014,0.4018,0.3993,0.4004,60984.78
1789221600,0.4004,0.4066,0.4,0.4054,110363.22
1789225200,0.4056,0.4088,0.4044,0.407,56749.01
1789228800,0.4068,0.4115,0.4051,0.4073,88860.4
1789232400,0.4073,0.4079,0.404,0.4045,318699.62
1789236000,0.4044,0.4044,0.4003,0.4014,376942.82
1789239600,0.4013,0.4018,0.3991,0.4,308016.35
1789243200,0.4002,0.4024,0.4002,0.4003,97202.78
1789246800,0.4004,0.4019,0.3981,0.3991,127124.3
1789250400,0.399,0.4008,0.3988,0.3995,123271.26
1789254000,0.3994,0.4004,0.3984,0.3992,72222.12
1789257600,0.3991,0.401,0.3989,0.3995,68384.62
1789261200,0.3993,0.3996,0.3967,0.3976,234632.78
1789264800,0.3976,0.399,0.3965,0.3977,271435.43
1789268400,0.3977,0.3988,0.3948,0.3958,167428.89
1789272000,0.3956,0.3971,0.3955,0.3965,39403.47
1789275600,0.3966,0.3985,0.3965,0.398,41563.07
1789279200,0.3979,0.398,0.3916,0.3926,130330.78
1789282800,0.3926,0.3946,0.3923,0.3924,121967.64
1789286400,0.3925,0.3926,0.3878,0.3885,130166.8
1789290000,0.3885,0.3909,0.3867,0.3908,121607.29
1789293600,0.3908,0.3913,0.388,0.3884,188103.95
1789297200,0.3886,0.3918,0.388,0.3903,34882.02
1789300800,0.3905,0.3913,0.3893,0.3906,72277.99
1789304400,0.3907,0.3928,0.3875,0.3928,63765.26
1789308000,0.393,0.3989,0.393,0.3958,105740.61
1789311600,0.3956,0.3956,0.3915,0.392,73472.35
1789315200,0.392,0.394,0.391,0.393,55969.17
1789318800,0.3929,0.3966,0.3927,0.395,88817.39
1789322400,0.3952,0.3952,0.3939,0.3948,158373.23
1789326000,0.3948,0.395,0.3851,0.388,559434.16
1789329600,0.3881,0.3908,0.3879,0.3904,52199.01
1789333200,0.3902,0.3909,0.3872,0.3872,46251.51
1789336800,0.3882,0.3883,0.3785,0.38,143701.65
1789340400,0.3802,0.3814,0.3774,0.3793,147906.24
1789344000,0.3792,0.3824,0.3756,0.3798,522115.11
1789347600,0.3802,0.3842,0.3783,0.3834,237986.42
1789351200,0.3832,0.3881,0.3827,0.386,87652.49
1789354800,0.386,0.3882,0.385,0.3868,276861.26
1789358400,0.3868,0.387,0.3842,0.3851,360586.62
1789362000,0.3846,0.385,0.3827,0.3836,116264.15
1789365600,0.3838,0.3874,0.3832,0.3832,147242.02
1789369200,0.3831,0.385,0.3818,0.3818,90124.89
1789372800,0.3817,0.3847,0.381,0.383,51303.43
1789376400,0.383,0.3872,0.38,0.3853,94962.23
1789380000,0.3854,0.3862,0.3834,0.3841,294874.77
1789383600,0.3846,0.3864,0.3825,0.3854,100360.95
1789387200,0.3852,0.3873,0.3817,0.3817,34061.24
1789390800,0.3818,0.3859,0.379,0.3828,263285.62
1789394400,0.3832,0.3861,0.3809,0.3814,64999.36
1789398000,0.3812,0.3847,0.3797,0.3837,348243.73
1789401600,0.3842,0.3878,0.383,0.386,91085.71
1789405200,0.386,0.3928,0.3858,0.3924,76781.79
1789408800,0.3918,0.3956,0.3908,0.3948,345254.6
1789412400,0.3946,0.3946,0.3899,0.3907,122911.9
1789416000,0.391,0.3995,0.3908,0.3942,98500.48
1789419600,0.3936,0.3936,0.3876,0.3877,48885.77
1789423200,0.3876,0.39,0.3861,0.3871,126000.88
1789426800,0.3874,0.3877,0.3854,0.3854,32274.86
1789430400,0.3856,0.3878,0.3846,0.3857,34606.69
1789434000,0.3856,0.3856,0.3824,0.3824,433726.26
1789437600,0.3822,0.3826,0.3806,0.3812,55591.39
1789441200,0.381,0.381,0.3772,0.3782,161425.78
1789444800,0.3782,0.3795,0.3777,0.3786,47964.6
1789448400,0.379,0.379,0.3743,0.376,107168.78
1789452000,0.3758,0.3762,0.3729,0.3738,60280.2
1789455600,0.3736,0.3758,0.3722,0.3724,108682.29
1789459200,0.3722,0.3752,0.371,0.3752,42168.41
1789462800,0.375,0.3754,0.3735,0.3738,117511.66
1789466400,0.3742,0.3746,0.3723,0.3744,81524.03
1789470000,0.3745,0.3762,0.3705,0.3743,238711.14
1789473600,0.3746,0.3774,0.3743,0.376,77201.04
1789477200,0.3762,0.3786,0.3728,0.3775,67171.88
1789480800,0.3776,0.3782,0.3656,0.3703,104982.74
1789484400,0.3702,0.3759,0.3685,0.3712,2303654.67
1789488000,0.3714,0.3726,0.369,0.3709,472829.34
1789491600,0.3703,0.3764,0.3694,0.3736,80147.25
1789495200,0.3734,0.376,0.3562,0.368,796053.92
1789498800,0.3676,0.3693,0.3644,0.3677,248986.6
1789502400,0.3677,0.3684,0.3622,0.3662,76310.58
1789506000,0.3663,0.3669,0.3599,0.3599,200329.54
1789509600,0.3604,0.3626,0.3586,0.3622,86905.25
1789513200,0.3623,0.3647,0.3617,0.3622,84786.1
1789516800,0.362,0.3637,0.3611,0.3621,129104.48
1789520400,0.3619,0.3624,0.3559,0.3575,425126.6
1789524000,0.3576,0.362,0.3574,0.3611,162001.33
1789527600,0.3612,0.3627,0.3599,0.3611,151384.67
1789531200,0.3612,0.3648,0.3612,0.3634,70090.86
1789534800,0.3636,0.364,0.3612,0.3634,69805.25
1789538400,0.3635,0.3646,0.3617,0.3646,54584.8
1789542000,0.3648,0.3665,0.3616,0.3616,85091.19
1789545600,0.3615,0.3618,0.359,0.3612,106874.26
1789549200,0.3614,0.3652,0.3614,0.365,30166.26
1789552800,0.3652,0.3663,0.3644,0.3657,143208.25
1789556400,0.3661,0.3694,0.3661,0.3684,79511.78
1789560000,0.3685,0.369,0.3633,0.3651,80547.15
1789563600,0.3651,0.3678,0.3622,0.3656,70768.77
1789567200,0.3653,0.3654,0.3614,0.3626,67490.89
1789570800,0.3628,0.364,0.358,0.3582,76075.37
1789574400,0.3585,0.3606,0.3572,0.3589,45702.42
1789578000,0.3589,0.3619,0.3563,0.3602,120796.11
1789581600,0.3603,0.3707,0.3568,0.3668,554999.08
1789585200,0.3671,0.3735,0.3599,0.3674,538780.34
1789588800,0.367,0.372,0.3665,0.3699,252201.04
1789592400,0.3699,0.3704,0.367,0.3686,129582.85
1789596000,0.3684,0.3684,0.364,0.364,56443.7
1789599600,0.3638,0.374,0.3638,0.3726,100451.72
1789603200,0.3723,0.3756,0.3714,0.3714,80191.11
1789606800,0.3712,0.3766,0.3703,0.3731,61907.76
1789610400,0.373,0.3739,0.3702,0.3718,58593.15
1789614000,0.3722,0.3734,0.3708,0.3721,61644.37
1789617600,0.3719,0.3729,0.3693,0.3724,38612.26
1789621200,0.3728,0.3728,0.3704,0.3705,108108.97
1789624800,0.3705,0.3723,0.3703,0.3714,31654.45
1789628400,0.3717,0.3788,0.3714,0.3755,332976.97
1789632000,0.3758,0.3766,0.3738,0.3758,88696.04
1789635600,0.3756,0.3766,0.3725,0.373,62097.9
1789639200,0.3728,0.3733,0.3711,0.3726,57829.28
1789642800,0.3727,0.3738,0.3709,0.3738,137467.04
1789646400,0.374,0.3777,0.3724,0.3745,287911.5
1789650000,0.375,0.3819,0.3726,0.3771,568026.88
1789653600,0.3776,0.3835,0.3748,0.3758,228317.6
1789657200,0.3756,0.3768,0.3711,0.3765,77818.31
1789660800,0.3762,0.3787,0.3745,0.3786,62645.67
1789664400,0.3785,0.3826,0.3785,0.3795,108878.91
1789668000,0.3792,0.3818,0.378,0.3784,32409.29
1789671600,0.3782,0.3813,0.3778,0.3794,51406.83
1789675200,0.3795,0.3819,0.3784,0.3796,34841.68
1789678800,0.3798,0.3803,0.3758,0.3758,152004.27
1789682400,0.3758,0.3793,0.3754,0.3791,115025.82
1789686000,0.3788,0.3843,0.3788,0.3836,161450.93
1789689600,0.3832,0.3878,0.3803,0.3876,161818.82
1789693200,0.3875,0.3987,0.387,0.3987,127867.55
1789696800,0.3982,0.4124,0.3976,0.4084,787542.86
1789700400,0.4086,0.4215,0.4058,0.4201,682342.89
1789704000,0.4196,0.4258,0.4122,0.4244,837117.5
1789707600,0.424,0.4244,0.4127,0.414,187118.91
1789711200,0.4142,0.4282,0.4142,0.4272,388603.02
1789714800,0.427,0.4352,0.427,0.4319,670487.27
1789718400,0.432,0.4356,0.4277,0.433,254795.93
1789722000,0.433,0.4395,0.4304,0.4378,448285.38
1789725600,0.4381,0.443,0.4327,0.4327,794912.6
1789729200,0.4326,0.4436,0.4245,0.442,705700.26
1789732800,0.4416,0.4468,0.4365,0.4397,495419.86
1789736400,0.4396,0.442,0.4323,0.434,460822.92
1789740000,0.4344,0.4379,0.43,0.4311,340569.09
1789743600,0.4315,0.4324,0.4222,0.4317,661698.59
1789747200,0.4317,0.4379,0.4139,0.4165,824005.66
1789750800,0.4163,0.4204,0.4128,0.4178,344999.17
1789754400,0.4176,0.4193,0.4156,0.4162,443794.17
1789758000,0.4164,0.4231,0.4164,0.4199,196954.12
1789761600,0.4196,0.4252,0.4183,0.4239,200565.73
1789765200,0.4237,0.4289,0.4237,0.4263,136474.24
1789768800,0.4267,0.4274,0.4204,0.4214,205553.43
1789772400,0.4224,0.427,0.4214,0.4247,173644.79
1789776000,0.425,0.4323,0.4228,0.4285,185622.18
1789779600,0.428,0.4338,0.4221,0.4296,710598.24
1789783200,0.4298,0.434,0.4284,0.429,77009.17
1789786800,0.4293,0.433,0.4283,0.4292,105988.93
1789790400,0.4296,0.4313,0.4179,0.4201,256693.57
1789794000,0.4203,0.4236,0.4196,0.421,130358.73
1789797600,0.4205,0.4222,0.416,0.4194,43433
1789801200,0.4193,0.4201,0.4144,0.4154,98663.01
1789804800,0.4152,0.4235,0.4144,0.4219,56271.62
1789808400,0.4216,0.424,0.4181,0.423,78983.9
1789812000,0.423,0.4269,0.422,0.4244,181290.46
1789815600,0.4246,0.4295,0.4243,0.4284,172028.97
1789819200,0.4284,0.4331,0.4275,0.4318,222121.8
1789822800,0.4313,0.4331,0.4268,0.4307,101867.07
1789826400,0.4307,0.4334,0.428,0.4312,228560.09
1789830000,0.4313,0.4324,0.4259,0.4263,61809.92
1789833600,0.4267,0.4405,0.4251,0.4405,142827.22
1789837200,0.4408,0.4408,0.4306,0.4345,221250.31
1789840800,0.4344,0.4364,0.4288,0.4336,109746.43
1789844400,0.4338,0.4366,0.4307,0.4344,121298.83
1789848000,0.4346,0.437,0.4324,0.4335,141335.13
1789851600,0.4335,0.4353,0.4223,0.4268,215191.24
1789855200,0.4265,0.4357,0.4235,0.4351,245137.65
1789858800,0.4351,0.4363,0.4305,0.4309,143155.22
1789862400,0.4316,0.4375,0.4296,0.433,106423.97
1789866000,0.4335,0.4344,0.4257,0.4328,138232.19
1789869600,0.4332,0.4385,0.4206,0.4224,171867.53
1789873200,0.4225,0.4296,0.4171,0.4249,355311.49
1789876800,0.4253,0.4284,0.422,0.4273,122480.25
1789880400,0.4283,0.4312,0.4224,0.4306,101542.42
1789884000,0.4306,0.4332,0.4232,0.4256,159110.89
1789887600,0.426,0.4275,0.4217,0.4228,25655.1
1789891200,0.4229,0.4269,0.4229,0.4256,24855.83
