ts,open,high,low,close,volume
1552521600,0.122699,0.122699,0.106,0.1062,2327610
1552608000,0.106453,0.10723,0.102878,0.105989,4207842
1552694400,0.105968,0.109249,0.10575,0.1081,4492969
1552780800,0.108,0.108586,0.10625,0.108545,1421125
1552867200,0.108545,0.12,0.1057,0.115505,19930302
1552953600,0.115505,0.118775,0.109623,0.111822,23309633
1553040000,0.111822,0.112969,0.106831,0.108801,14627323
1553126400,0.108989,0.109726,0.10014,0.105622,14609359
1553212800,0.105617,0.11,0.10395,0.108345,11790983
1553299200,0.108286,0.109984,0.105542,0.106601,12660438
1553385600,0.106601,0.10813,0.103,0.104027,9152075
1553472000,0.103771,0.104399,0.098247,0.099667,12564055
1553558400,0.099699,0.105499,0.096,0.102149,12065388
1553644800,0.102149,0.108,0.101521,0.107447,14733946
1553731200,0.107446,0.1079,0.103,0.106298,10364384
1553817600,0.106052,0.1086,0.105217,0.107355,11820348
1553904000,0.107355,0.1075,0.1042,0.106863,6436140
1553990400,0.106863,0.108474,0.106,0.108371,5014271
1554076800,0.107992,0.1145,0.107203,0.110335,11864962
1554163200,0.110335,0.1241,0.11,0.122508,31943211
1554249600,0.122878,0.13899,0.11,0.121,45090799
1554336000,0.121,0.125763,0.113845,0.117699,17625048
1554422400,0.1177,0.131031,0.1177,0.127893,22363968
1554508800,0.127893,0.13,0.121655,0.125201,13269359
1554595200,0.124813,0.13572,0.123513,0.133466,20090314
1554681600,0.13294,0.136945,0.125393,0.131338,17520654
1554768000,0.131228,0.132127,0.124801,0.125078,10647635
1554854400,0.125096,0.13,0.12425,0.126564,10398298
1554940800,0.126302,0.12685,0.111111,0.115517,14721892
1555027200,0.115439,0.118982,0.110182,0.114,13724620
1555113600,0.114,0.11795,0.113176,0.11594,6781468
1555200000,0.11594,0.119097,0.11371,0.118175,6440430
1555286400,0.118175,0.120269,0.11,0.112492,12145708
1555372800,0.11269,0.116864,0.111,0.115368,7957069
1555459200,0.115366,0.117432,0.114259,0.117432,8430004
1555545600,0.11735,0.120326,0.116338,0.117718,13083605
1555632000,0.117671,0.117926,0.114,0.115855,8272418
1555718400,0.115645,0.119255,0.11395,0.115736,10331005
1555804800,0.115737,0.116179,0.108679,0.111877,10531352
1555891200,0.111825,0.115423,0.109293,0.11301,8393855
1555977600,0.11301,0.113977,0.109312,0.10957,10086171
1556064000,0.10957,0.109987,0.099002,0.103249,19488493
1556150400,0.1031,0.106,0.0936,0.096924,14802680
1556236800,0.097177,0.099994,0.094647,0.097319,16012833
1556323200,0.096991,0.100355,0.096364,0.09808,9731176
1556409600,0.09808,0.099605,0.095045,0.095898,5261651
1556496000,0.095978,0.097513,0.093001,0.09405,8689108
1556582400,0.094068,0.100194,0.093513,0.099704,12950914
1556668800,0.099997,0.102918,0.09873,0.099802,10027566
1556755200,0.099802,0.100604,0.097219,0.097796,6685188
1556841600,0.097713,0.10223,0.096771,0.100222,11494991
1556928000,0.100222,0.103,0.09521,0.097615,8269838
1557014400,0.097549,0.099248,0.0955,0.096,6676329
1557100800,0.096,0.09816,0.092556,0.096061,8958654
1557187200,0.096167,0.098922,0.092001,0.092369,10877971
1557273600,0.092001,0.092924,0.09077,0.0917,11031792
1557360000,0.091742,0.093299,0.086255,0.08889,17794296
1557446400,0.088882,0.093301,0.0869,0.092891,15514482
1557532800,0.092298,0.11,0.092001,0.104705,34063257
1557619200,0.105354,0.106499,0.095034,0.099018,20944476
1557705600,0.099001,0.1042,0.098316,0.100011,20601038
1557792000,0.100224,0.117479,0.098517,0.114922,58922993
1557878400,0.113923,0.1468,0.113603,0.144999,65792404
1557964800,0.144999,0.1699,0.130348,0.138693,129366290
1558051200,0.138362,0.141,0.114832,0.132844,71449552
1558137600,0.132849,0.142,0.12848,0.131519,42747365
1558224000,0.13116,0.145799,0.12957,0.143,38988790
1558310400,0.142805,0.143485,0.128944,0.135999,24912047
1558396800,0.135797,0.137,0.132002,0.134878,17120443
1558483200,0.134802,0.138922,0.12,0.122022,30626581
1558569600,0.12202,0.12692,0.117606,0.125551,19884300
1558656000,0.125651,0.12999,0.121363,0.125584,20855512
1558742400,0.125624,0.128769,0.124121,0.125646,11145666
1558828800,0.125524,0.134998,0.12152,0.134052,22594461
1558915200,0.134052,0.1449,0.13209,0.138466,35005518
1559001600,0.137957,0.142233,0.131857,0.139454,29111305
1559088000,0.139103,0.139998,0.130632,0.135532,26193809
1559174400,0.135622,0.14415,0.122561,0.129198,47709899
1559260800,0.1292,0.134999,0.124,0.133472,20259153
1559347200,0.133471,0.134949,0.128906,0.1325,12051978
1559433600,0.1325,0.138789,0.1321,0.136886,15436568
1559520000,0.136701,0.14,0.127101,0.127534,19463982
1559606400,0.1275,0.1275,0.1168,0.120849,30256335
1559692800,0.12084,0.125575,0.118712,0.121399,14026355
1559779200,0.121387,0.126099,0.118,0.124948,16044503
1559865600,0.125298,0.130511,0.123987,0.127777,16809417
1559952000,0.127228,0.12869,0.122801,0.124308,7395320
1560038400,0.124308,0.125197,0.1168,0.11909,10378373
1560124800,0.118998,0.124463,0.117273,0.123412,11112601
1560211200,0.123413,0.123853,0.118853,0.123056,12362931
1560297600,0.123056,0.127997,0.120909,0.127504,16572512
1560384000,0.127506,0.128499,0.124244,0.124663,12407578
1560470400,0.124663,0.125985,0.120703,0.125678,14873123
1560556800,0.125678,0.128897,0.124408,0.127399,15258383
1560643200,0.127021,0.133749,0.1265,0.1299,23175967
1560729600,0.129674,0.132,0.126594,0.130899,20972435
1560816000,0.130899,0.131325,0.122,0.123754,20285452
1560902400,0.123754,0.126381,0.123002,0.124457,11188123
1560988800,0.124416,0.124623,0.120123,0.12139,13355757
1561075200,0.121445,0.124894,0.121206,0.12382,21658285
1561161600,0.123819,0.13499,0.123302,0.129189,42840217
1561248000,0.128912,0.1325,0.126509,0.12709,19721953
1561334400,0.127321,0.128499,0.124104,0.1278,13624731
1561420800,0.127792,0.129,0.12185,0.123293,19465602
1561507200,0.123295,0.132,0.118603,0.121731,56576175
1561593600,0.121353,0.122945,0.102243,0.107696,53948801
1561680000,0.107596,0.112205,0.1066,0.111232,22655719
1561766400,0.111388,0.118568,0.105289,0.114358,33274201
1561852800,0.114358,0.115137,0.103401,0.104099,17639726
1561939200,0.104099,0.109498,0.100101,0.105447,25768975
1562025600,0.105469,0.106359,0.0993,0.102981,22857060
1562112000,0.102971,0.106249,0.102351,0.106051,18468547
1562198400,0.106049,0.106539,0.098501,0.0993,16612093
1562284800,0.099326,0.101807,0.097402,0.100002,14494694
1562371200,0.100097,0.106586,0.100097,0.103783,13281074
1562457600,0.103801,0.106248,0.10242,0.106235,10316424
1562544000,0.10625,0.10643,0.103611,0.104527,11541115
1562630400,0.104602,0.105149,0.100493,0.101336,14046496
1562716800,0.101739,0.102499,0.0907,0.094713,31289654
1562803200,0.094712,0.095203,0.085012,0.087316,28788224
1562889600,0.087172,0.10222,0.086284,0.098245,31025255
1562976000,0.098245,0.100997,0.0914,0.096341,16473975
1563062400,0.096249,0.096864,0.084538,0.085616,20004377
1563148800,0.085935,0.087999,0.082069,0.085883,23047549
1563235200,0.085796,0.088586,0.07802,0.07816,27814874
1563321600,0.07817,0.084466,0.075743,0.080673,26195351
1563408000,0.080978,0.093,0.079229,0.088585,23355206
1563494400,0.0884,0.095815,0.087049,0.093654,25242261
1563580800,0.093599,0.098731,0.091685,0.094897,20409016
1563667200,0.094897,0.094898,0.08876,0.091274,12770587
1563753600,0.091105,0.091802,0.085847,0.088627,11039235
1563840000,0.08845,0.088646,0.083184,0.084302,12550804
1563926400,0.084126,0.086719,0.081448,0.085999,10259176
1564012800,0.086195,0.089251,0.085101,0.085478,8382423
1564099200,0.085542,0.090016,0.083501,0.08815,8861001
1564185600,0.08815,0.0901,0.082704,0.084382,11070868
1564272000,0.084167,0.084738,0.080385,0.083904,6954529
1564358400,0.083971,0.085817,0.082494,0.083326,7266698
1564444800,0.083232,0.084976,0.08091,0.083465,7274562
1564531200,0.083499,0.085291,0.083052,0.084008,11824707
1564617600,0.084009,0.084132,0.081834,0.083,8797812
1564704000,0.082918,0.083544,0.081769,0.082086,8634461
1564790400,0.082052,0.083249,0.081817,0.082413,8898307
1564876800,0.082403,0.08275,0.080752,0.082182,7118238
1564963200,0.082193,0.084453,0.080614,0.0823,17912792
1565049600,0.082344,0.082344,0.077,0.07823,21683245
1565136000,0.07841,0.079359,0.076568,0.078577,13345405
1565222400,0.078668,0.078749,0.075607,0.076952,13704447
1565308800,0.076955,0.077015,0.071588,0.071742,18617002
1565395200,0.071742,0.074799,0.071354,0.073665,16070315
1565481600,0.07352,0.080114,0.073391,0.078298,16310919
1565568000,0.078173,0.078319,0.075156,0.075295,9669809
1565654400,0.075302,0.075499,0.072242,0.07422,9270494
1565740800,0.074207,0.074499,0.066014,0.069001,26124487
1565827200,0.069214,0.070866,0.065449,0.070142,21246653
1565913600,0.07022,0.070586,0.066791,0.068722,12084300
1566000000,0.068405,0.069239,0.066666,0.06779,7418105
1566086400,0.067787,0.071764,0.067395,0.070833,8296845
1566172800,0.07081,0.07197,0.070268,0.071764,6912370
1566259200,0.071866,0.071993,0.068751,0.068754,7486397
1566345600,0.068851,0.06896,0.065631,0.066882,13864352
1566432000,0.066927,0.069562,0.0655,0.068267,11532269
1566518400,0.068264,0.0695,0.067503,0.069199,8611084
1566604800,0.069375,0.071207,0.067523,0.070579,7613481
1566691200,0.070417,0.072127,0.068217,0.069372,8559933
1566777600,0.069512,0.071499,0.068776,0.069566,6008344
1566864000,0.069491,0.069623,0.067333,0.068337,5847152
1566950400,0.068351,0.068498,0.063242,0.063912,12977928
1567036800,0.064138,0.064199,0.060401,0.061736,15459450
1567123200,0.061738,0.06346,0.061096,0.061886,8010118
1567209600,0.06182,0.062851,0.060491,0.062153,6183490
1567296000,0.062186,0.062785,0.061027,0.062502,5462658
1567382400,0.062507,0.064182,0.061303,0.063096,7909481
1567468800,0.063161,0.064182,0.062574,0.063142,8254345
1567555200,0.06313,0.063178,0.061377,0.061871,8491594
1567641600,0.06187,0.062073,0.06,0.060565,9135980
1567728000,0.060546,0.061355,0.057761,0.058341,15177790
1567814400,0.05834,0.061498,0.057897,0.060599,8994528
1567900800,0.06094,0.061993,0.060161,0.061092,5826997
1567987200,0.061262,0.061721,0.059371,0.060384,7061742
1568073600,0.060318,0.060997,0.059,0.059741,8480296
1568160000,0.0596,0.060274,0.058091,0.059094,9744143
1568246400,0.059094,0.059094,0.057708,0.058659,8958492
1568332800,0.05866,0.058899,0.057077,0.057959,9199458
1568419200,0.057886,0.059793,0.057205,0.058901,15018182
1568505600,0.058901,0.059242,0.058132,0.058387,4661675
1568592000,0.058341,0.059148,0.058111,0.058763,9135720
1568678400,0.058705,0.066999,0.05825,0.063411,24201329
1568764800,0.063547,0.126,0.0635,0.082876,181414969
1568851200,0.082876,0.0886,0.074101,0.080944,115036571
1568937600,0.08103,0.081209,0.070504,0.071933,67624169
1569024000,0.071932,0.074278,0.069265,0.069626,27346694
1569110400,0.069736,0.07029,0.066733,0.068589,36236159
1569196800,0.068553,0.069242,0.063096,0.063373,31831338
1569283200,0.063499,0.065,0.053,0.054151,91664466
1569369600,0.054122,0.0603,0.052201,0.057395,56603470
1569456000,0.057395,0.0624,0.053384,0.058564,70096931
1569542400,0.058401,0.05953,0.055701,0.058922,31832087
1569628800,0.059132,0.06,0.0573,0.05846,17722640
1569715200,0.058405,0.05889,0.056564,0.058114,13978370
1569801600,0.058114,0.062334,0.056274,0.062127,38428304
1569888000,0.062127,0.062255,0.058201,0.058875,27687057
1569974400,0.058968,0.0598,0.058,0.059795,17635455
1570060800,0.059739,0.06,0.057852,0.058692,15872946
1570147200,0.058699,0.06047,0.057615,0.058729,18731808
1570233600,0.058729,0.059369,0.058193,0.059056,11461498
1570320000,0.059164,0.059499,0.057055,0.058385,18484754
1570406400,0.058364,0.063878,0.05791,0.062176,34462785
1570492800,0.062273,0.063945,0.060836,0.061964,31464384
1570579200,0.061961,0.065399,0.061103,0.063175,40894985
1570665600,0.063314,0.06339,0.061101,0.061625,20832338
1570752000,0.061625,0.063,0.059199,0.059933,19649160
1570838400,0.059734,0.061938,0.059726,0.060926,8840116
1570924800,0.060935,0.062618,0.060603,0.061397,15666644
1571011200,0.061385,0.0663,0.06101,0.066259,36093746
1571097600,0.066259,0.06699,0.062287,0.063971,38195499
1571184000,0.063965,0.064388,0.060306,0.061713,22104979
1571270400,0.061713,0.065298,0.060926,0.0652,20372845
1571356800,0.065091,0.065398,0.062,0.063167,15018042
1571443200,0.063145,0.063947,0.062135,0.062482,11905613
1571529600,0.062593,0.063971,0.061703,0.063404,11067025
1571616000,0.063308,0.064199,0.062752,0.063879,9961282
1571702400,0.063988,0.064989,0.063068,0.063288,17058306
1571788800,0.063291,0.063568,0.0566,0.059846,35555065
1571875200,0.059797,0.0617,0.058659,0.060184,17356237
1571961600,0.060184,0.066226,0.059572,0.064443,30934055
1572048000,0.064256,0.06777,0.061876,0.062947,40033711
1572134400,0.062862,0.065933,0.06209,0.065259,20347957
1572220800,0.065263,0.0692,0.064613,0.064764,29050450
1572307200,0.064731,0.06986,0.064725,0.066842,24324100
1572393600,0.066842,0.067499,0.0627,0.064002,22060866
1572480000,0.063988,0.065247,0.0623,0.0651,18137584
1572566400,0.065203,0.0725,0.064429,0.069215,79936892
1572652800,0.069215,0.071861,0.069108,0.071528,22013110
1572739200,0.071471,0.072377,0.068056,0.068697,22219118
1572825600,0.068701,0.080497,0.067544,0.079496,39495017
1572912000,0.079496,0.09,0.077852,0.082612,186154765
1572998400,0.082611,0.083016,0.076592,0.077,63277578
1573084800,0.077,0.07701,0.072648,0.074264,44502206
1573171200,0.074264,0.07699,0.067999,0.071033,38969686
1573257600,0.071138,0.073399,0.070541,0.073119,19286981
1573344000,0.073258,0.0815,0.073,0.078997,56022445
1573430400,0.078997,0.081167,0.075865,0.079844,45666105
1573516800,0.080008,0.08265,0.074001,0.076792,76278466
1573603200,0.076792,0.077571,0.075,0.075883,69720277
1573689600,0.075887,0.076252,0.072117,0.074208,28614351
1573776000,0.074066,0.075397,0.070012,0.071805,28691587
1573862400,0.071965,0.072246,0.071,0.071415,15476480
1573948800,0.071342,0.073048,0.071203,0.071625,13027541
1574035200,0.071615,0.071713,0.0644,0.067007,35823120
1574121600,0.067004,0.067004,0.0635,0.065652,32321662
1574208000,0.065651,0.066239,0.063601,0.0639,19989294
1574294400,0.063951,0.063952,0.057001,0.060743,43615531
1574380800,0.060733,0.061442,0.052896,0.0595,62261984
1574467200,0.059524,0.06228,0.05792,0.061534,32669483
1574553600,0.061626,0.062,0.055242,0.055571,27473853
1574640000,0.055769,0.05964,0.053138,0.057468,44077194
1574726400,0.057457,0.058242,0.056438,0.057596,15945424
1574812800,0.057594,0.059622,0.055053,0.058871,19786978
1574899200,0.05879,0.05915,0.05751,0.058091,12962087
1574985600,0.058106,0.06,0.057792,0.059123,10618653
1575072000,0.058962,0.059347,0.0568,0.05729,11996772
1575158400,0.05729,0.05773,0.055224,0.057329,13360240
1575244800,0.057353,0.057464,0.055109,0.055869,13456787
1575331200,0.05585,0.056493,0.055091,0.055725,13075998
1575417600,0.055704,0.0582,0.053524,0.054668,19589798
1575504000,0.054746,0.055716,0.054001,0.055427,10638748
1575590400,0.055324,0.055918,0.054689,0.055568,11810866
1575676800,0.055534,0.056296,0.055365,0.055365,11745958
1575763200,0.055371,0.056,0.054831,0.055906,12096862
1575849600,0.055845,0.0561,0.054155,0.054605,12519661
1575936000,0.054567,0.054604,0.052157,0.053077,21104387
1576022400,0.053173,0.053734,0.052553,0.053034,12764130
1576108800,0.053072,0.053224,0.051262,0.051991,16567070
1576195200,0.051991,0.053068,0.051807,0.052771,12630766
1576281600,0.05277,0.052833,0.050024,0.05098,15222869
1576368000,0.050975,0.051512,0.050302,0.050969,9237193
1576454400,0.050909,0.051069,0.046728,0.046932,27899831
1576540800,0.046932,0.047126,0.042126,0.043217,44212639
1576627200,0.043288,0.047967,0.042136,0.04665,40283638
1576713600,0.046649,0.047202,0.044626,0.045203,24647411
1576800000,0.04523,0.046536,0.044745,0.046377,17375628
1576886400,0.046373,0.046428,0.045321,0.045439,12247307
1576972800,0.045439,0.047401,0.045233,0.047321,16131429
1577059200,0.047334,0.047755,0.044526,0.044938,17889000
1577145600,0.044879,0.045832,0.044425,0.045047,9779352
1577232000,0.045032,0.045045,0.043577,0.044374,8236911
1577318400,0.044395,0.045595,0.044053,0.044611,13759980
1577404800,0.044672,0.046068,0.043961,0.045778,17117560
1577491200,0.045744,0.046501,0.045566,0.045846,16714701
1577577600,0.045854,0.04668,0.045649,0.046188,10143575
1577664000,0.046182,0.046777,0.045241,0.045461,11238963
1577750400,0.045382,0.045698,0.044501,0.044845,14420914
1577836800,0.044845,0.045527,0.044642,0.045113,11751585
1577923200,0.045078,0.045287,0.043398,0.043431,10885954
1578009600,0.043438,0.045695,0.043103,0.045608,15078925
1578096000,0.045609,0.045762,0.045101,0.045567,7275664
1578182400,0.045603,0.046248,0.045182,0.045495,9668976
1578268800,0.045446,0.050647,0.045407,0.050511,28893984
1578355200,0.050521,0.051299,0.047501,0.0485,26983762
1578441600,0.048501,0.049406,0.0468,0.04768,23159236
1578528000,0.047701,0.048226,0.046914,0.047158,10141307
1578614400,0.047157,0.048128,0.045605,0.048005,16854968
1578700800,0.048054,0.0495,0.04741,0.048131,22317274
1578787200,0.048112,0.049294,0.048084,0.049068,8679366
1578873600,0.049059,0.0491,0.047558,0.048113,9465719
1578960000,0.048175,0.055286,0.048116,0.052938,64926602
1579046400,0.052936,0.056968,0.051634,0.05487,59547587
1579132800,0.054884,0.055165,0.051936,0.053504,42259124
1579219200,0.053505,0.065,0.053001,0.060778,128637734
1579305600,0.060778,0.066248,0.0575,0.061372,80120587
1579392000,0.06147,0.066008,0.058221,0.060009,48835155
1579478400,0.060009,0.0649,0.059227,0.06263,40729477
1579564800,0.062624,0.064488,0.0617,0.062592,29783225
1579651200,0.062678,0.06366,0.060591,0.061203,21882175
1579737600,0.061239,0.06124,0.056629,0.05822,42467066
1579824000,0.058157,0.058345,0.054675,0.057044,30964040
1579910400,0.057067,0.057104,0.055538,0.055811,10359817
1579996800,0.055811,0.058598,0.05575,0.058318,15083282
1580083200,0.058338,0.060631,0.057528,0.059599,29378271
1580169600,0.059575,0.062063,0.059021,0.060678,22854110
1580256000,0.060692,0.063,0.060003,0.060794,28970156
1580342400,0.060808,0.063091,0.059618,0.062811,24898219
1580428800,0.062779,0.06297,0.059711,0.060505,23942301
1580515200,0.060531,0.062455,0.060367,0.062232,20918933
1580601600,0.062232,0.066052,0.060719,0.063378,39125483
1580688000,0.06338,0.065906,0.062481,0.064126,23723800
1580774400,0.064122,0.067744,0.06164,0.066,50236294
1580860800,0.066,0.06975,0.065762,0.069089,49672187
1580947200,0.069094,0.071897,0.067342,0.071138,43395608
1581033600,0.071145,0.073777,0.070725,0.071983,43099456
1581120000,0.071977,0.072227,0.06732,0.071005,43194786
1581206400,0.071,0.07399,0.070847,0.07347,39591000
1581292800,0.073457,0.073829,0.068391,0.070521,31281026
1581379200,0.07046,0.07505,0.068756,0.074056,42729053
1581465600,0.074299,0.082759,0.074189,0.080081,100617785
1581552000,0.080136,0.0885,0.0789,0.083565,98558960
1581638400,0.083436,0.087558,0.08,0.086887,63048426
1581724800,0.08698,0.088887,0.075251,0.078935,65759158
1581811200,0.078821,0.081543,0.06624,0.074614,84250305
1581897600,0.074318,0.0752,0.066995,0.072838,63451794
1581984000,0.072876,0.077053,0.070183,0.076129,49284941
1582070400,0.076052,0.079854,0.068,0.069998,60385555
1582156800,0.07011,0.071662,0.067223,0.070659,52537714
1582243200,0.070659,0.07285,0.069433,0.07104,26796139
1582329600,0.071178,0.071637,0.06924,0.070461,15938358
1582416000,0.070454,0.07344,0.070038,0.073321,18698866
1582502400,0.07322,0.073674,0.066902,0.069094,31401902
1582588800,0.069094,0.069231,0.06321,0.064094,37416421
1582675200,0.064112,0.064525,0.055641,0.058784,68239741
1582761600,0.058782,0.0631,0.056,0.060101,57976201
1582848000,0.060268,0.061483,0.056302,0.058456,36133271
1582934400,0.058412,0.059917,0.056841,0.056923,23025395
1583020800,0.056885,0.0585,0.054856,0.055803,39406238
1583107200,0.05578,0.0604,0.055532,0.059719,38327615
1583193600,0.059765,0.060439,0.057564,0.058222,26334624
1583280000,0.05823,0.059166,0.057685,0.058628,26940690
1583366400,0.058663,0.061063,0.05861,0.059725,32769440
1583452800,0.059672,0.061581,0.059266,0.061495,24890985
1583539200,0.061497,0.061779,0.05796,0.058462,23865800
1583625600,0.058422,0.058422,0.04855,0.049797,58828816
1583712000,0.049702,0.0525,0.046999,0.052493,65799868
1583798400,0.052499,0.053366,0.050707,0.051948,36855493
1583884800,0.052038,0.052622,0.047302,0.050375,26151409
1583971200,0.050375,0.050606,0.031349,0.033426,181820925
1584057600,0.033126,0.0492,0.026139,0.040242,210292675
1584144000,0.040168,0.040703,0.03621,0.036698,48963350
1584230400,0.036699,0.040963,0.036206,0.037792,51259841
1584316800,0.037807,0.037984,0.031267,0.035382,77493406
1584403200,0.035393,0.0385,0.03497,0.037462,45500920
1584489600,0.037408,0.038028,0.034243,0.037087,48956271
1584576000,0.037021,0.043298,0.036727,0.041514,78637832
1584662400,0.041506,0.04518,0.03542,0.039897,89596556
1584748800,0.039897,0.04098,0.038001,0.039687,26719687
1584835200,0.039641,0.04058,0.036502,0.036759,37424517
1584921600,0.036685,0.040474,0.036193,0.039529,44961046
1585008000,0.03953,0.040745,0.039092,0.040578,45441799
1585094400,0.04057,0.041123,0.0392,0.040607,29250326
1585180800,0.040678,0.0431,0.039916,0.043018,39628591
1585267200,0.043018,0.043717,0.040201,0.040501,45652350
1585353600,0.040404,0.040816,0.038804,0.040128,33592759
1585440000,0.040115,0.040199,0.037726,0.037799,24285561
1585526400,0.037799,0.041205,0.037619,0.040057,30866637
1585612800,0.04006,0.041127,0.040024,0.040876,16609790
1585699200,0.04087,0.041999,0.038865,0.0409,24563224
1585785600,0.040962,0.043373,0.040522,0.041295,32004980
1585872000,0.041295,0.042258,0.040615,0.041417,18373221
1585958400,0.041416,0.0425,0.040915,0.041995,17254338
1586044800,0.041994,0.043654,0.041509,0.04358,28450067
1586131200,0.04358,0.05,0.043502,0.049999,125305680
1586217600,0.049946,0.051517,0.047328,0.048425,85017663
1586304000,0.048465,0.051592,0.048126,0.051376,53856641
1586390400,0.051376,0.052624,0.04878,0.052135,57245784
1586476800,0.052115,0.052413,0.045439,0.047787,59617496
1586563200,0.047761,0.04999,0.047559,0.049879,44727876
1586649600,0.049879,0.051599,0.048523,0.048976,39518399
1586736000,0.048977,0.049021,0.046055,0.048292,48588478
1586822400,0.048304,0.049133,0.047601,0.04814,23180228
1586908800,0.048039,0.048747,0.04586,0.046187,28324593
1586995200,0.046131,0.05,0.044514,0.049247,58263817
1587081600,0.049247,0.05,0.048251,0.048665,23543717
1587168000,0.048665,0.051244,0.048665,0.0506,32425269
1587254400,0.0506,0.050795,0.048311,0.048889,23500774
1587340800,0.048889,0.0533,0.048623,0.049501,75521101
1587427200,0.049517,0.051934,0.04926,0.05094,34611145
1587513600,0.050899,0.055,0.050721,0.055,61883700
1587600000,0.055,0.067033,0.055,0.062152,200561418
1587686400,0.062095,0.0662,0.060235,0.061186,103916805
1587772800,0.061188,0.06325,0.060673,0.061826,47567540
1587859200,0.061927,0.062986,0.060848,0.062001,48057727
1587945600,0.062047,0.069469,0.06128,0.067287,90033169
1588032000,0.067332,0.0716,0.0665,0.068724,123968106
1588118400,0.068723,0.073855,0.068222,0.072306,121149568
1588204800,0.072286,0.074736,0.065756,0.06759,116548065
1588291200,0.067635,0.0735,0.067603,0.072946,64560608
1588377600,0.072948,0.076359,0.071393,0.075695,61274421
1588464000,0.075639,0.077,0.07164,0.07317,55953747
1588550400,0.073124,0.074076,0.067614,0.073473,70262177
1588636800,0.073522,0.07447,0.071,0.07224,37470805
1588723200,0.072217,0.073335,0.069701,0.069887,42689665
1588809600,0.069791,0.07358,0.069,0.072285,60054087
1588896000,0.072285,0.074653,0.070544,0.072551,83027308
1588982400,0.072551,0.073698,0.07134,0.071418,59770087
1589068800,0.071407,0.071407,0.06,0.064277,124303034
1589155200,0.06423,0.065158,0.0605,0.062442,66938628
1589241600,0.062456,0.070649,0.062124,0.07026,92671289
1589328000,0.07025,0.071357,0.068015,0.069995,56127419
1589414400,0.070029,0.07075,0.068,0.069285,45895804
1589500800,0.069312,0.0698,0.065833,0.067296,45943456
1589587200,0.067271,0.068461,0.066551,0.06808,25602101
1589673600,0.067995,0.071784,0.0678,0.068804,34363134
1589760000,0.068751,0.071416,0.06862,0.070243,33067527
1589846400,0.070243,0.070295,0.068336,0.069786,27474127
1589932800,0.069761,0.072,0.0675,0.070894,50810728
1590019200,0.070894,0.071699,0.0642,0.066437,69776501
1590105600,0.06648,0.069387,0.065334,0.06813,53601719
1590192000,0.06813,0.069238,0.06666,0.067189,33573782
1590278400,0.067066,0.068242,0.064,0.064,28563027
1590364800,0.064001,0.066228,0.06318,0.066228,33301890
1590451200,0.066228,0.066432,0.06358,0.065011,22823745
1590537600,0.065048,0.0675,0.064529,0.065991,32834592
1590624000,0.066047,0.069914,0.065668,0.069065,32888611
1590710400,0.069112,0.069988,0.06701,0.067833,28034389
1590796800,0.067832,0.073,0.0671,0.072444,58096500
1590883200,0.072499,0.0764,0.068853,0.070582,101445834
1590969600,0.070531,0.076473,0.069763,0.075818,87443055
1591056000,0.075741,0.084296,0.0725,0.079489,171989143
1591142400,0.079487,0.083361,0.076634,0.082735,85853548
1591228800,0.082764,0.086331,0.079162,0.081977,110991432
1591315200,0.081977,0.082982,0.07885,0.078901,50196345
1591401600,0.0789,0.081123,0.07826,0.079455,39825776
1591488000,0.079588,0.080673,0.075491,0.078829,41921214
1591574400,0.078901,0.080337,0.078013,0.080175,29130722
1591660800,0.080185,0.080459,0.0774,0.078177,41531585
1591747200,0.078125,0.079209,0.077708,0.078936,45896778
1591833600,0.078947,0.079312,0.069001,0.071322,104155620
1591920000,0.071303,0.0748,0.0708,0.072855,41781354
1592006400,0.072823,0.074368,0.071541,0.074146,23757574
1592092800,0.074121,0.074162,0.070225,0.07071,25504151
1592179200,0.070707,0.071767,0.0654,0.071024,80978292
1592265600,0.071036,0.072072,0.069853,0.071357,30593577
1592352000,0.071397,0.074099,0.069551,0.071801,39487692
1592438400,0.071815,0.072014,0.069,0.070507,27291085
1592524800,0.070525,0.070945,0.068431,0.069406,33921518
1592611200,0.069403,0.070249,0.0682,0.069795,24111706
1592697600,0.06979,0.070177,0.06834,0.068449,13950210
1592784000,0.068449,0.072,0.068379,0.071901,28483572
1592870400,0.071998,0.07234,0.070007,0.070926,32029189
1592956800,0.07092,0.072508,0.06784,0.068883,31351294
1593043200,0.068864,0.068952,0.065112,0.067553,29796823
1593129600,0.067409,0.068442,0.06591,0.06693,25786094
1593216000,0.066913,0.066997,0.059,0.062785,59877692
1593302400,0.062803,0.065015,0.061609,0.06421,28587354
1593388800,0.064279,0.065434,0.062924,0.065098,27675074
1593475200,0.065046,0.067378,0.064,0.066941,29345385
1593561600,0.066924,0.06935,0.066037,0.0684,28878779
1593648000,0.0684,0.070975,0.065609,0.06763,47243282
1593734400,0.06766,0.068644,0.066448,0.067086,28012919
1593820800,0.066987,0.068527,0.0665,0.068,19503351
1593907200,0.068,0.068035,0.064846,0.067296,22435440
1593993600,0.067255,0.072175,0.066481,0.071658,48071009
1594080000,0.071655,0.074308,0.07009,0.073364,60123902
1594166400,0.073345,0.086,0.072416,0.085567,206598566
1594252800,0.085627,0.099,0.083251,0.09068,299655087
1594339200,0.090558,0.091,0.08228,0.089007,131448165
1594425600,0.089053,0.101432,0.088614,0.094165,188699998
1594512000,0.094041,0.097664,0.089602,0.095395,99629391
1594598400,0.095339,0.098152,0.087,0.090143,102209497
1594684800,0.090014,0.092806,0.085027,0.092228,73612470
1594771200,0.092226,0.0982,0.08725,0.094271,141574823
1594857600,0.094271,0.104,0.08857,0.101903,168160646
1594944000,0.102037,0.107794,0.098422,0.103932,192479013
1595030400,0.103932,0.104394,0.09878,0.100818,78121467
1595116800,0.100732,0.102373,0.096463,0.100054,56368375
1595203200,0.1001,0.101915,0.093233,0.09432,66451702
1595289600,0.094359,0.09841,0.0939,0.096645,58441915
1595376000,0.096551,0.09811,0.094053,0.097655,40230253
1595462400,0.097539,0.101678,0.096877,0.098336,70835353
1595548800,0.098236,0.098347,0.094904,0.095858,40736174
1595635200,0.095787,0.101479,0.095186,0.10093,54037791
1595721600,0.100914,0.105962,0.097333,0.099118,75303576
1595808000,0.099206,0.100128,0.088264,0.094859,114665806
1595894400,0.094974,0.098609,0.093443,0.097257,59900766
1595980800,0.097265,0.09981,0.094541,0.09514,58499828
1596067200,0.09514,0.097826,0.094375,0.096356,35617976
1596153600,0.096384,0.097224,0.095,0.097026,38021192
1596240000,0.097021,0.10899,0.096818,0.107762,137906590
1596326400,0.107628,0.116692,0.095,0.102647,153760260
1596412800,0.102522,0.109256,0.10128,0.105226,69092596
1596499200,0.105295,0.111756,0.105186,0.110138,65168125
1596585600,0.110137,0.11172,0.1064,0.107609,48331571
1596672000,0.107517,0.1082,0.104359,0.106323,42345988
1596758400,0.106331,0.107945,0.099483,0.103131,49082627
1596844800,0.10302,0.104444,0.101361,0.103359,36891537
1596931200,0.103371,0.107282,0.10259,0.105158,55262086
1597017600,0.105251,0.106945,0.102893,0.106393,46338704
1597104000,0.106328,0.108471,0.09621,0.100176,64697870
1597190400,0.100091,0.102479,0.0955,0.101412,57503212
1597276800,0.101412,0.102678,0.096651,0.101314,72539175
1597363200,0.101252,0.107221,0.100195,0.104947,78848050
1597449600,0.104948,0.109408,0.103124,0.107103,85088665
1597536000,0.107075,0.1166,0.10375,0.115242,160332747
1597622400,0.115411,0.119724,0.11,0.11383,175373799
1597708800,0.113847,0.116899,0.105252,0.108264,80180413
1597795200,0.108265,0.10966,0.098625,0.102138,106899102
1597881600,0.102138,0.107481,0.100284,0.107353,73171181
1597968000,0.107353,0.109424,0.099,0.099636,116889926
1598054400,0.099652,0.102675,0.096957,0.102264,60555959
1598140800,0.102283,0.1032,0.0985,0.102879,43632571
1598227200,0.10288,0.1065,0.101,0.103023,47254417
1598313600,0.103022,0.103163,0.095079,0.097272,59036945
1598400000,0.097277,0.100434,0.096016,0.098152,38783057
1598486400,0.098158,0.098911,0.09031,0.093798,63825809
1598572800,0.093815,0.09674,0.092544,0.095701,35122943
1598659200,0.095703,0.097585,0.094449,0.096269,26411764
1598745600,0.096294,0.09839,0.09616,0.098204,29373521
1598832000,0.098205,0.098881,0.0951,0.096744,36611928
1598918400,0.096748,0.101318,0.095585,0.098826,49744951
1599004800,0.098826,0.0998,0.09,0.092481,72618135
1599091200,0.092379,0.093014,0.0783,0.0783,76182772
1599177600,0.0783,0.08288,0.075404,0.081534,87121052
1599264000,0.081534,0.082994,0.072638,0.075569,74921464
1599350400,0.075436,0.078962,0.072593,0.077388,58192356
1599436800,0.07733,0.079144,0.07392,0.078798,42375233
1599523200,0.07883,0.079536,0.075041,0.077385,43610492
1599609600,0.077385,0.079789,0.075515,0.078251,43042523
1599696000,0.078209,0.083211,0.078194,0.081145,46047406
1599782400,0.081225,0.084568,0.07914,0.083803,40882453
1599868800,0.083798,0.084741,0.0822,0.083894,27178854
1599955200,0.083842,0.084553,0.07911,0.080051,30984084
1600041600,0.07997,0.082008,0.078741,0.080175,30077563
1600128000,0.080175,0.081532,0.07751,0.077821,34291523
1600214400,0.07784,0.081349,0.075,0.079946,51383851
1600300800,0.079993,0.082205,0.078003,0.080388,29107467
1600387200,0.080389,0.080676,0.0771,0.078256,40825400
1600473600,0.078306,0.07944,0.077061,0.078496,19038235
1600560000,0.078486,0.078615,0.075229,0.07689,28418764
1600646400,0.076844,0.077397,0.06897,0.069945,68955923
1600732800,0.070015,0.07225,0.069497,0.071742,29354008
1600819200,0.071742,0.07225,0.067002,0.067295,41733538
1600905600,0.06737,0.070788,0.066738,0.070513,41876254
1600992000,0.070513,0.075853,0.069108,0.074752,49838603
1601078400,0.074648,0.076402,0.072564,0.07389,19992784
1601164800,0.073804,0.07448,0.07123,0.073443,22794084
1601251200,0.073367,0.075999,0.0725,0.073206,29282238
1601337600,0.073161,0.074987,0.072027,0.074111,34514372
1601424000,0.074107,0.075051,0.07206,0.074818,28603951
1601510400,0.0749,0.0763,0.071338,0.073111,37150840
1601596800,0.073155,0.073952,0.068808,0.070941,56035191
1601683200,0.070952,0.072129,0.070556,0.071018,16154196
1601769600,0.071013,0.073402,0.070323,0.072866,15286244
1601856000,0.072944,0.07416,0.072317,0.073303,23473309
1601942400,0.073309,0.075343,0.071622,0.072433,38027986
1602028800,0.072416,0.073282,0.070575,0.072253,23830209
1602115200,0.072335,0.073456,0.07025,0.073237,23428158
1602201600,0.073101,0.0759,0.07248,0.075076,25052677
1602288000,0.075004,0.078501,0.075004,0.077273,28893131
1602374400,0.077356,0.078862,0.076736,0.077132,19397424
1602460800,0.07724,0.079291,0.076003,0.07751,23927315
1602547200,0.077603,0.07762,0.075447,0.076463,18320486
1602633600,0.076463,0.076839,0.0735,0.074098,19207009
1602720000,0.07405,0.07445,0.071835,0.074039,22915371
1602806400,0.074104,0.079293,0.072084,0.079293,57470731
1602892800,0.079293,0.08432,0.077634,0.081606,115805055
1602979200,0.081529,0.08219,0.079185,0.079468,42070858
1603065600,0.079468,0.087473,0.079387,0.085177,98635785
1603152000,0.085189,0.086852,0.0805,0.080918,56075478
1603238400,0.080917,0.086657,0.080452,0.083896,65043911
1603324800,0.083825,0.087925,0.083712,0.085586,56562665
1603411200,0.085637,0.08647,0.08272,0.083795,31411857
1603497600,0.083774,0.086291,0.083381,0.085615,23602002
1603584000,0.085634,0.085851,0.082125,0.083177,24604253
1603670400,0.083161,0.084586,0.079856,0.081144,36737983
1603756800,0.081209,0.083193,0.081034,0.08177,37076460
1603843200,0.081747,0.082252,0.077413,0.078369,41638884
1603929600,0.078352,0.078964,0.075419,0.077573,38409422
1604016000,0.077649,0.078667,0.074457,0.076819,34533972
1604102400,0.076786,0.079832,0.076605,0.077821,29741648
1604188800,0.077751,0.078692,0.076485,0.078676,18729392
1604275200,0.078674,0.079519,0.075417,0.075672,34915410
1604361600,0.075594,0.076298,0.073144,0.075476,40792946
1604448000,0.075464,0.075744,0.072643,0.074718,28340503
1604534400,0.074703,0.082621,0.073425,0.08043,67621200
1604620800,0.080477,0.085601,0.080341,0.084048,78421205
1604707200,0.084028,0.086605,0.078,0.079531,108897627
1604793600,0.07947,0.08292,0.07879,0.08147,40604161
1604880000,0.081498,0.082223,0.07803,0.079779,57979839
1604966400,0.079891,0.0825,0.079172,0.079662,49418000
1605052800,0.079713,0.082335,0.079601,0.080465,35997525
1605139200,0.080457,0.081119,0.079012,0.080638,28360260
1605225600,0.080674,0.0827,0.08,0.082516,43211423
1605312000,0.082508,0.08445,0.08064,0.081112,40450312
1605398400,0.08117,0.082193,0.078909,0.080092,32335986
1605484800,0.08016,0.082979,0.079331,0.082556,35771538
1605571200,0.082555,0.088659,0.082359,0.086517,88962125
1605657600,0.086561,0.087,0.081789,0.083671,74664505
1605744000,0.083754,0.0865,0.08152,0.084014,61320247
1605830400,0.084074,0.088659,0.08381,0.08857,73024287
1605916800,0.08857,0.11,0.088501,0.109336,333043094
1606003200,0.109221,0.114999,0.096015,0.10446,288541344
1606089600,0.104514,0.135,0.1015,0.132323,349352977
1606176000,0.132506,0.199,0.130727,0.19655,1475835084
1606262400,0.196277,0.23372,0.181,0.193074,1043895672
1606348800,0.19298,0.205,0.145,0.168666,810663081
1606435200,0.168623,0.20749,0.162821,0.206777,624277996
1606521600,0.206777,0.220902,0.19556,0.200096,500260974
1606608000,0.200009,0.203372,0.187995,0.194349,202058584
1606694400,0.19433,0.207,0.189248,0.202985,253518346
1606780800,0.202986,0.2045,0.172541,0.183804,226574067
1606867200,0.183804,0.1882,0.177216,0.185451,142801261
1606953600,0.185302,0.189979,0.179782,0.184433,111064867
1607040000,0.184404,0.18865,0.157872,0.161454,226112566
1607126400,0.161431,0.176582,0.159201,0.171982,111193124
1607212800,0.171985,0.180411,0.167195,0.175906,114718277
1607299200,0.17602,0.176415,0.164111,0.168103,82489258
1607385600,0.168102,0.16859,0.14927,0.15243,146970609
1607472000,0.152552,0.175,0.1395,0.172143,359535874
1607558400,0.172119,0.177682,0.160001,0.160755,231505890
1607644800,0.160791,0.164516,0.150001,0.150971,186350551
1607731200,0.150952,0.165087,0.15,0.158863,118013186
1607817600,0.15899,0.1797,0.155551,0.176009,191657844
1607904000,0.175982,0.178612,0.166653,0.170227,127166930
1607990400,0.170109,0.176966,0.164469,0.166078,98401802
1608076800,0.166206,0.1948,0.159001,0.193504,271207895
1608163200,0.193386,0.209,0.18001,0.186366,365892571
1608249600,0.186462,0.190182,0.176999,0.185523,143834368
1608336000,0.185523,0.188551,0.179441,0.181631,111222651
1608422400,0.181734,0.182655,0.173922,0.176633,108542901
1608508800,0.176583,0.1804,0.159977,0.165169,131006825
1608595200,0.165244,0.170361,0.153223,0.162066,220948185
1608681600,0.162205,0.162205,0.110023,0.126697,650894093
1608768000,0.126825,0.167812,0.123073,0.158101,630248476
1608854400,0.1583,0.1667,0.148,0.152359,277552225
1608940800,0.152457,0.1555,0.143698,0.146788,169653230
1609027200,0.1467,0.155498,0.1341,0.145006,243685606
1609113600,0.145123,0.154679,0.14116,0.144165,183354181
1609200000,0.144262,0.148968,0.127435,0.138206,338977284
1609286400,0.138293,0.139316,0.128548,0.131915,209469786
1609372800,0.131856,0.1325,0.12295,0.127698,201933470
1609459200,0.127748,0.14,0.126631,0.132462,197037420
1609545600,0.132502,0.1349,0.12699,0.127655,176330919
1609632000,0.127654,0.13923,0.12408,0.136751,304037559
1609718400,0.13675,0.16784,0.128517,0.164204,703595481
1609804800,0.164205,0.21,0.150012,0.19342,868476983
1609891200,0.193321,0.439998,0.1925,0.349199,2096920899
1609977600,0.3492,0.416,0.2901,0.313033,1197013663
1610064000,0.313395,0.331,0.2615,0.297114,720917858
1610150400,0.297194,0.33,0.281001,0.312323,366937263
1610236800,0.312307,0.326313,0.261,0.2849,342475420
1610323200,0.2848,0.285609,0.2079,0.271443,738263416
1610409600,0.271673,0.311608,0.2535,0.279541,563694011
1610496000,0.279605,0.31,0.272,0.303965,292686005
1610582400,0.303965,0.324,0.285648,0.303218,276667951
1610668800,0.303149,0.313574,0.26,0.283976,252682788
1610755200,0.283954,0.311,0.277,0.290785,207300899
1610841600,0.2907,0.31898,0.286101,0.303666,254155612
1610928000,0.303415,0.308826,0.2931,0.304989,143506453
1611014400,0.304773,0.319835,0.293593,0.298107,217250417
1611100800,0.298086,0.301874,0.275,0.293775,159814522
1611187200,0.293775,0.294696,0.24203,0.251108,203313905
1611273600,0.251372,0.2818,0.227052,0.269688,266129921
1611360000,0.2696,0.279574,0.263321,0.270137,114539429
1611446400,0.270084,0.283332,0.26158,0.271302,112883289
1611532800,0.271539,0.277704,0.26,0.26096,111337920
1611619200,0.261084,0.265263,0.2488,0.261798,108209237
1611705600,0.261921,0.262429,0.230048,0.238205,146852277
1611792000,0.238055,0.303567,0.232474,0.294303,290974290
1611878400,0.294402,0.383449,0.2877,0.29359,1027776147
1611964800,0.293572,0.363,0.27974,0.328898,634526597
1612051200,0.328898,0.33904,0.294028,0.307301,361212465
1612137600,0.307531,0.365,0.292744,0.323528,586339382
1612224000,0.323301,0.3497,0.317,0.339861,313983720
1612310400,0.339859,0.349086,0.33,0.34692,243447450
1612396800,0.346926,0.35,0.315,0.326273,296143870
1612483200,0.326164,0.364,0.3255,0.3522,373486539
1612569600,0.352391,0.3985,0.337384,0.378093,397494658
1612656000,0.378412,0.423432,0.363528,0.385916,599679672
1612742400,0.386074,0.404,0.3737,0.397073,256713752
1612828800,0.397312,0.406384,0.383501,0.400625,188315284
1612915200,0.400567,0.447418,0.382,0.41527,420820490
1613001600,0.414916,0.47,0.410959,0.456497,397869836
1613088000,0.456456,0.538453,0.4401,0.530464,477801001
1613174400,0.530388,0.608378,0.508213,0.565391,574719919
1613260800,0.565448,0.578391,0.497,0.516452,303201871
1613347200,0.516696,0.54,0.430159,0.494956,454261895
1613433600,0.494923,0.517731,0.468,0.485408,222564503
1613520000,0.485389,0.51,0.456122,0.49771,189349856
1613606400,0.498015,0.516286,0.483001,0.497026,152236169
1613692800,0.496957,0.521834,0.483,0.513742,174475999
1613779200,0.513674,0.533359,0.464,0.48655,223643628
1613865600,0.48655,0.508234,0.475,0.496694,128942855
1613952000,0.49668,0.525,0.380014,0.463539,426039551
1614038400,0.463539,0.465,0.314,0.386654,628339076
1614124800,0.386758,0.4344,0.368,0.40546,304525128
1614211200,0.40578,0.42641,0.376985,0.381034,205725514
1614297600,0.381135,0.401713,0.355,0.400581,232069328
1614384000,0.400581,0.47,0.39852,0.43921,325255945
1614470400,0.43878,0.450595,0.380427,0.406449,222422144
1614556800,0.406521,0.4366,0.401,0.431169,170448978
1614643200,0.43117,0.436372,0.396925,0.41924,171413020
1614729600,0.419058,0.438484,0.412002,0.420967,134980843
1614816000,0.420737,0.427597,0.402398,0.411693,140684155
1614902400,0.411693,0.412685,0.385133,0.404766,126194308
1614988800,0.404926,0.4086,0.39231,0.401657,73127645
1615075200,0.401657,0.422247,0.401657,0.412659,96436554
1615161600,0.41275,0.421774,0.4032,0.418201,100776696
1615248000,0.418201,0.434975,0.413,0.432033,128206267
1615334400,0.43216,0.4335,0.40596,0.408923,120210585
1615420800,0.409203,0.413083,0.396,0.405555,104226838
1615507200,0.405494,0.407096,0.377902,0.386715,130337508
1615593600,0.386673,0.411824,0.3757,0.406694,163578399
1615680000,0.406694,0.408696,0.387777,0.388805,101947457
1615766400,0.388784,0.398931,0.367506,0.384177,134765190
1615852800,0.384226,0.411875,0.373337,0.395528,167858133
1615939200,0.395827,0.405489,0.386909,0.402741,116504142
1616025600,0.402821,0.4082,0.393654,0.394393,105109332
1616112000,0.39454,0.402211,0.388,0.394877,104806409
1616198400,0.39502,0.438,0.392144,0.416148,214226232
1616284800,0.415957,0.423662,0.392468,0.403697,150274987
1616371200,0.40379,0.425,0.391173,0.392799,176585744
1616457600,0.3928,0.408615,0.387552,0.395285,114529271
1616544000,0.395067,0.403043,0.3505,0.361598,136405997
1616630400,0.3616,0.37054,0.342017,0.361703,201058114
1616716800,0.361698,0.386878,0.3606,0.3847,120029362
1616803200,0.3847,0.390265,0.369101,0.381955,90776703
1616889600,0.382,0.412087,0.37805,0.39743,158139761
1616976000,0.397471,0.4124,0.389971,0.404336,96664882
1617062400,0.404314,0.412744,0.398326,0.400995,76649846
1617148800,0.400949,0.406236,0.380127,0.405724,98119075
1617235200,0.405824,0.4294,0.4007,0.423954,143252767
1617321600,0.423993,0.46832,0.423993,0.439265,204023997
1617408000,0.439096,0.458358,0.40683,0.408545,139563370
1617494400,0.408498,0.434678,0.402603,0.428416,86423478
1617580800,0.428561,0.549,0.422049,0.536927,350454663
1617667200,0.537173,0.5775,0.48084,0.541866,309106424
1617753600,0.54206,0.546941,0.453587,0.490851,214264078
1617840000,0.490895,0.5051,0.46839,0.504916,128889390
1617926400,0.505094,0.508117,0.477,0.486019,109027516
1618012800,0.485954,0.59,0.481775,0.56162,361022285
1618099200,0.561824,0.656225,0.554834,0.584536,511750739
1618185600,0.584078,0.607717,0.566098,0.590548,176114007
1618272000,0.590368,0.683894,0.576615,0.657434,361907738
1618358400,0.657434,0.6908,0.592097,0.635436,324583400
1618444800,0.635394,0.65,0.614,0.640411,160379181
1618531200,0.640541,0.654,0.5681,0.610578,248652978
1618617600,0.610906,0.644,0.590437,0.592369,135517908
1618704000,0.592369,0.601401,0.459001,0.54604,386724455
1618790400,0.546182,0.566872,0.491276,0.50072,223717942
1618876800,0.500721,0.53121,0.469,0.529005,262644490
1618963200,0.528895,0.5387,0.485,0.489529,174157960
1619049600,0.48953,0.514384,0.446321,0.450491,247145907
1619136000,0.450739,0.458032,0.39,0.451038,356868724
1619222400,0.451037,0.461841,0.412744,0.426,151704351
1619308800,0.425999,0.444952,0.401117,0.416677,149608910
1619395200,0.416622,0.486526,0.414303,0.486158,220133735
1619481600,0.486032,0.522826,0.47653,0.510519,160738330
1619568000,0.510483,0.522,0.474037,0.497567,169113949
1619654400,0.497591,0.508846,0.476127,0.491866,117748873
1619740800,0.491852,0.540995,0.485227,0.53049,181148904
1619827200,0.530478,0.540574,0.512061,0.540574,100053581
1619913600,0.540575,0.560585,0.513,0.556265,139451035
1620000000,0.556378,0.573341,0.54,0.551257,157980735
1620086400,0.551016,0.551337,0.495461,0.502353,262061469
1620172800,0.502114,0.606468,0.497777,0.605517,359947733
1620259200,0.605481,0.6899,0.5959,0.651603,561175078
1620345600,0.651225,0.688341,0.60518,0.631555,316988631
1620432000,0.631263,0.64139,0.605468,0.615217,170603520
1620518400,0.615171,0.634161,0.576528,0.628938,255663596
1620604800,0.628758,0.78,0.616,0.6585,612864867
1620691200,0.658501,0.74182,0.62032,0.735656,397541187
1620777600,0.735882,0.738999,0.585002,0.59323,340015583
1620864000,0.59461,0.661111,0.55,0.653333,495191489
1620950400,0.653333,0.708397,0.635,0.668866,275285081
1621036800,0.669458,0.743792,0.65,0.681827,384338189
1621123200,0.682138,0.7978,0.659,0.711585,452902178
1621209600,0.71162,0.713873,0.623,0.643996,363480277
1621296000,0.643354,0.7,0.632709,0.64574,235737851
1621382400,0.64578,0.655941,0.3,0.456481,674517374
1621468800,0.456617,0.53491,0.421,0.496012,450360327
1621555200,0.496145,0.513205,0.3777,0.419433,449465858
1621641600,0.419445,0.422699,0.370194,0.389435,264289291
1621728000,0.389402,0.401527,0.274275,0.363589,406818825
1621814400,0.363806,0.450448,0.362,0.439715,495190159
1621900800,0.44,0.461491,0.406942,0.429421,339941109
1621987200,0.429401,0.47031,0.42098,0.443506,287624091
1622073600,0.443486,0.447255,0.410873,0.420715,215133353
1622160000,0.420691,0.426391,0.364131,0.399077,292373600
1622246400,0.399292,0.40968,0.343219,0.367176,270872437
1622332800,0.367469,0.399111,0.345872,0.374811,224306162
1622419200,0.374706,0.41,0.3655,0.402523,214060119
1622505600,0.402553,0.4489,0.383838,0.4183,258630998
1622592000,0.418467,0.435,0.404722,0.418808,128012872
1622678400,0.418698,0.43375,0.412654,0.425109,107762053
1622764800,0.425109,0.425109,0.369777,0.384782,151983436
1622851200,0.384825,0.406073,0.363572,0.375081,118475868
1622937600,0.374949,0.388665,0.371662,0.380354,67523775
1623024000,0.380354,0.392306,0.343143,0.346214,118132005
1623110400,0.34651,0.356819,0.310101,0.349576,173497149
1623196800,0.349441,0.365696,0.3245,0.365295,119537012
1623283200,0.365584,0.367661,0.33128,0.338657,82624624
1623369600,0.338767,0.343033,0.314012,0.318158,92041708
1623456000,0.318123,0.3437,0.3,0.328024,111205912
1623542400,0.327874,0.348657,0.310829,0.344918,89652973
1623628800,0.345005,0.35,0.32693,0.343333,102717451
1623715200,0.343308,0.351884,0.329801,0.333571,103652205
1623801600,0.333683,0.342117,0.314633,0.317628,104602759
1623888000,0.317489,0.33,0.31,0.317422,64855936
1623974400,0.317421,0.318551,0.284648,0.297465,98711023
1624060800,0.2975,0.306513,0.288601,0.288601,62303379
1624147200,0.288638,0.299077,0.269574,0.297516,96305428
1624233600,0.297505,0.3025,0.2353,0.235935,204935406
1624320000,0.236038,0.25931,0.198862,0.235466,288513174
1624406400,0.235554,0.270099,0.22475,0.255743,162700553
1624492800,0.255725,0.273248,0.243074,0.268868,111634564
1624579200,0.268868,0.274288,0.240503,0.240923,110809546
1624665600,0.240809,0.249427,0.228291,0.249427,94320034
1624752000,0.24952,0.259816,0.239285,0.259796,104463165
1624838400,0.25972,0.269639,0.255766,0.263526,95245276
1624924800,0.263627,0.293799,0.262419,0.283073,130252079
1625011200,0.283072,0.286053,0.266081,0.284383,92031294
1625097600,0.284286,0.284594,0.259726,0.268953,93774538
1625184000,0.268901,0.2734,0.252202,0.262866,74739050
1625270400,0.263079,0.269962,0.259,0.263702,57004292
1625356800,0.263873,0.272202,0.258633,0.268087,52126804
1625443200,0.267872,0.267872,0.250851,0.253477,62163709
1625529600,0.253466,0.267966,0.252888,0.260526,72614731
1625616000,0.260396,0.265849,0.2556,0.256536,71845504
1625702400,0.256536,0.257743,0.239005,0.242763,98249083
1625788800,0.242926,0.249328,0.232526,0.245616,89006488
1625875200,0.245607,0.252873,0.238333,0.24493,51524406
1625961600,0.244894,0.247904,0.2403,0.245974,45502666
1626048000,0.246113,0.252232,0.236064,0.238317,63972861
1626134400,0.238275,0.242223,0.227,0.232207,71964357
1626220800,0.232172,0.244858,0.219433,0.24,90063460
1626307200,0.24,0.243307,0.226106,0.240869,81195079
1626393600,0.240869,0.257849,0.233,0.235094,151651952
1626480000,0.235265,0.238429,0.227724,0.232599,79443333
1626566400,0.232639,0.240565,0.226501,0.229785,53443062
1626652800,0.229868,0.231192,0.210729,0.211191,84552327
1626739200,0.211452,0.215424,0.199,0.212026,124133435
1626825600,0.212026,0.229935,0.206826,0.228246,103188839
1626912000,0.22825,0.268,0.223809,0.263552,201532250
1626998400,0.263674,0.277777,0.248679,0.269389,144626299
1627084800,0.269263,0.272532,0.260837,0.267048,98730573
1627171200,0.267174,0.2676,0.253712,0.261817,80336260
1627257600,0.26182,0.28456,0.256602,0.260481,179569879
1627344000,0.260482,0.270299,0.251241,0.263057,117406182
1627430400,0.263005,0.281633,0.2582,0.270068,156408412
1627516800,0.270066,0.274974,0.261776,0.272306,85013254
1627603200,0.272375,0.285057,0.262444,0.279823,116335115
1627689600,0.279776,0.289951,0.273255,0.284683,102457325
1627776000,0.28467,0.30114,0.27276,0.2751,138411049
1627862400,0.275177,0.286353,0.268584,0.274201,124407863
1627948800,0.27408,0.278933,0.264286,0.274235,92777700
1628035200,0.274321,0.284,0.265009,0.280608,113584355
1628121600,0.280579,0.282921,0.265346,0.280404,139782722
1628208000,0.280404,0.28631,0.27443,0.285246,134363641
1628294400,0.285364,0.31184,0.281861,0.307664,161672428
1628380800,0.307673,0.3135,0.285699,0.287263,110706798
1628467200,0.287263,0.30586,0.28,0.298499,117489924
1628553600,0.298499,0.31487,0.295301,0.310046,138110638
1628640000,0.310044,0.352541,0.309466,0.337281,198637909
1628726400,0.337282,0.3531,0.315001,0.328565,190570235
1628812800,0.328733,0.365,0.323682,0.360013,173045276
1628899200,0.359998,0.3998,0.351218,0.395267,182778174
1628985600,0.395007,0.403382,0.370317,0.391249,138829520
1629072000,0.391109,0.41,0.37,0.371622,167128843
1629158400,0.371627,0.3839,0.339448,0.341149,164219232
1629244800,0.341149,0.359439,0.324879,0.341834,172643398
1629331200,0.341622,0.368177,0.332,0.366972,140211340
1629417600,0.367,0.387477,0.36,0.385127,125501762
1629504000,0.385061,0.385061,0.368,0.371821,77697079
1629590400,0.371814,0.389457,0.361428,0.372746,99618964
1629676800,0.372567,0.387795,0.370147,0.379048,106458810
1629763200,0.378793,0.380604,0.350214,0.35045,110490627
1629849600,0.350233,0.359797,0.341578,0.358815,136142582
1629936000,0.358823,0.363473,0.331032,0.335194,139479041
1630022400,0.33504,0.357649,0.33,0.357212,128550595
1630108800,0.357211,0.35984,0.342636,0.347963,82822538
1630195200,0.347873,0.353569,0.341234,0.343255,84857517
1630281600,0.343292,0.346164,0.328641,0.329896,113211882
1630368000,0.329859,0.3564,0.327005,0.339228,148260826
1630454400,0.339212,0.3562,0.336006,0.353546,115098782
1630540800,0.353538,0.367664,0.351904,0.35918,141956821
1630627200,0.359306,0.378,0.3518,0.368937,146772629
1630713600,0.368982,0.384695,0.3652,0.369785,137375830
1630800000,0.36993,0.398,0.368324,0.39799,150091086
1630886400,0.39797,0.43171,0.389878,0.423887,234267015
1630972800,0.423834,0.424458,0.2755,0.335784,343598832
1631059200,0.335809,0.343244,0.3048,0.330019,257743639
1631145600,0.329926,0.3419,0.324507,0.33267,175902863
1631232000,0.332485,0.35956,0.311372,0.317036,205452849
1631318400,0.316919,0.33287,0.31517,0.32516,125036066
1631404800,0.325335,0.338375,0.317132,0.332402,97480095
1631491200,0.332437,0.336354,0.310337,0.318635,133271395
1631577600,0.31874,0.33138,0.316147,0.331347,94295349
1631664000,0.331294,0.341764,0.326839,0.341137,83995713
1631750400,0.341137,0.342287,0.32372,0.33085,138291362
1631836800,0.33085,0.33314,0.315,0.319506,147188542
1631923200,0.319579,0.327883,0.315047,0.322153,63541669
1632009600,0.32215,0.324779,0.310404,0.313381,55365770
1632096000,0.313528,0.314673,0.270809,0.282229,246366987
1632182400,0.282214,0.287552,0.262,0.266062,190922973
1632268800,0.266082,0.29317,0.260781,0.292652,142369654
1632355200,0.292401,0.303255,0.28868,0.303016,103525601
1632441600,0.30309,0.305799,0.269832,0.281215,160952965
1632528000,0.281152,0.285891,0.271035,0.277109,78398229
1632614400,0.27711,0.283149,0.261323,0.276205,93124573
1632700800,0.276036,0.283316,0.264862,0.265113,89920124
1632787200,0.265,0.270145,0.25508,0.256825,76671718
1632873600,0.256754,0.279223,0.25508,0.269626,115512290
1632960000,0.269729,0.280721,0.268406,0.278787,86539467
1633046400,0.278801,0.300664,0.275461,0.30044,125833489
1633132800,0.30059,0.326573,0.292616,0.316626,121766346
1633219200,0.316442,0.322976,0.310441,0.315003,107765361
1633305600,0.315048,0.315511,0.29678,0.310451,141981861
1633392000,0.310491,0.32035,0.308286,0.319111,116735029
1633478400,0.319091,0.364763,0.305703,0.357927,269639886
1633564800,0.358047,0.369982,0.34132,0.3437,278194106
1633651200,0.3438,0.349788,0.33336,0.336298,165480327
1633737600,0.336338,0.367797,0.333,0.3532,193056381
1633824000,0.3532,0.357923,0.329124,0.331167,111327312
1633910400,0.331267,0.357471,0.32561,0.344416,137505549
1633996800,0.344422,0.344826,0.320036,0.332553,140610049
1634083200,0.332525,0.376284,0.330153,0.368113,220072425
1634169600,0.368236,0.382033,0.364048,0.369775,161726927
1634256000,0.369491,0.373143,0.350916,0.361575,188888195
1634342400,0.361493,0.42,0.3614,0.396764,262150615
1634428800,0.396558,0.403145,0.368001,0.383525,145453883
1634515200,0.383442,0.395172,0.376216,0.379591,131965867
1634601600,0.379539,0.383751,0.366666,0.373842,106729650
1634688000,0.37383,0.392362,0.36783,0.391646,122465734
1634774400,0.39175,0.39788,0.372011,0.373287,156413916
1634860800,0.373446,0.380609,0.365399,0.372363,99960872
1634947200,0.372356,0.378512,0.367845,0.378111,77388850
1635033600,0.378037,0.386618,0.3664,0.372166,118616205
1635120000,0.372044,0.3882,0.370648,0.388,96034145
1635206400,0.388082,0.3885,0.368716,0.373318,118450366
1635292800,0.373415,0.375537,0.3125,0.330444,259820745
1635379200,0.330695,0.34892,0.325735,0.342845,237054278
1635465600,0.342844,0.363845,0.340621,0.362277,161842609
1635552000,0.362335,0.365735,0.351706,0.358558,180579531
1635638400,0.358709,0.39,0.357066,0.373205,255669680
1635724800,0.373137,0.375922,0.357687,0.366253,144659290
1635811200,0.366216,0.382778,0.363128,0.382749,168659474
1635897600,0.38276,0.399,0.370945,0.385354,250552383
1635984000,0.385407,0.390601,0.365071,0.368979,146475563
1636070400,0.368912,0.37407,0.359,0.359109,114395050
1636156800,0.35927,0.364434,0.35022,0.359507,103027006
1636243200,0.359541,0.365663,0.356677,0.363986,91697965
1636329600,0.364058,0.37888,0.362578,0.378242,136866918
1636416000,0.378246,0.421812,0.373457,0.412511,283069972
1636502400,0.412595,0.441288,0.367,0.38343,432111773
1636588800,0.383377,0.403657,0.37611,0.390968,228618167
1636675200,0.3909,0.394139,0.364944,0.379103,175643253
1636761600,0.37916,0.382361,0.370786,0.378496,98923420
1636848000,0.378431,0.382089,0.367466,0.3772,85169560
1636934400,0.377219,0.39349,0.374226,0.377047,120175490
1637020800,0.377119,0.37723,0.34,0.343497,202193426
1637107200,0.343542,0.349911,0.33269,0.346269,171467876
1637193600,0.346338,0.355912,0.313001,0.327776,180836785
1637280000,0.327982,0.356801,0.325491,0.353889,144810449
1637366400,0.353918,0.358919,0.337251,0.348706,85865356
1637452800,0.348714,0.349247,0.338,0.343683,75085366
1637539200,0.343878,0.357,0.331902,0.336466,158798783
1637625600,0.336513,0.34264,0.328192,0.341189,119421825
1637712000,0.341093,0.341206,0.320881,0.32748,125647424
1637798400,0.327504,0.347949,0.326006,0.341894,110730301
1637884800,0.342039,0.350287,0.307076,0.329215,243686985
1637971200,0.329365,0.336962,0.320889,0.326087,127236666
1638057600,0.326159,0.3269,0.301177,0.323936,145877857
1638144000,0.323926,0.334109,0.322421,0.328588,102337735
1638230400,0.328586,0.351205,0.328171,0.336166,170336065
1638316800,0.336345,0.345604,0.32575,0.327904,109158697
1638403200,0.32782,0.34025,0.318,0.339755,128378770
1638489600,0.339877,0.364547,0.32303,0.3262,266054162
1638576000,0.3262,0.326346,0.268269,0.292995,245144429
1638662400,0.292994,0.29765,0.265,0.286483,180560442
1638748800,0.286483,0.29822,0.247603,0.297311,273342858
1638835200,0.297153,0.300355,0.282157,0.287527,146805700
1638921600,0.287529,0.31,0.284048,0.306487,193184585
1639008000,0.306588,0.30689,0.2732,0.273604,154136665
1639094400,0.273489,0.28096,0.260013,0.26111,132039029
1639180800,0.260863,0.280127,0.256919,0.274752,103169569
1639267200,0.274846,0.282018,0.267258,0.275819,66746158
1639353600,0.275958,0.276642,0.253,0.253472,106675529
1639440000,0.25333,0.270999,0.247712,0.2677,136808115
1639526400,0.267551,0.275971,0.247,0.272794,123395123
1639612800,0.272824,0.274871,0.255756,0.256117,89811105
1639699200,0.256069,0.265207,0.246423,0.254258,101228325
1639785600,0.25415,0.26658,0.251,0.255929,86494315
1639872000,0.255926,0.267389,0.25224,0.253885,95659995
1639958400,0.253864,0.274299,0.250861,0.25839,155318294
1640044800,0.258265,0.26961,0.253177,0.267972,80848961
1640131200,0.267972,0.277246,0.2672,0.267724,86383992
1640217600,0.267874,0.28999,0.265,0.287776,107233138
1640304000,0.288012,0.288944,0.276001,0.278628,68503639
1640390400,0.278646,0.299,0.27617,0.290047,81514313
1640476800,0.290221,0.295,0.285355,0.291987,52163707
1640563200,0.292,0.306294,0.291253,0.300288,72799019
1640649600,0.299971,0.3002,0.273376,0.274101,112878544
1640736000,0.274191,0.279754,0.26473,0.266803,84752906
1640822400,0.266735,0.275395,0.260734,0.268,83266332
1640908800,0.267936,0.276731,0.259123,0.266478,95999824
1640995200,0.266601,0.277028,0.266061,0.276802,65984420
1641081600,0.276963,0.292476,0.27555,0.292273,74451723
1641168000,0.29211,0.297724,0.285485,0.290288,79883542
1641254400,0.290459,0.291248,0.278531,0.279308,93705662
1641340800,0.279198,0.294916,0.2548,0.26604,137343175
1641427200,0.2661,0.272361,0.258,0.2675,147132484
1641513600,0.267581,0.268445,0.251211,0.257021,154290138
1641600000,0.257079,0.264588,0.246704,0.255091,114294119
1641686400,0.255131,0.264047,0.253087,0.261185,85508200
1641772800,0.26105,0.264,0.23953,0.253061,119552866
1641859200,0.25303,0.263698,0.248,0.263177,97154673
1641945600,0.263154,0.2916,0.262969,0.282353,146577395
1642032000,0.282214,0.290069,0.26862,0.269407,89622985
1642118400,0.269268,0.287781,0.26145,0.265375,151964140
1642204800,0.265387,0.269817,0.256387,0.259056,110947765
1642291200,0.259117,0.262694,0.25464,0.259124,71063673
1642377600,0.259165,0.259988,0.25,0.256133,83416601
1642464000,0.25606,0.258129,0.248838,0.253995,96974645
1642550400,0.253995,0.255814,0.243516,0.245567,87307180
1642636800,0.245463,0.252596,0.23,0.231498,108345897
1642723200,0.23146,0.2338,0.198468,0.202862,268638467
1642809600,0.202836,0.2082,0.1688,0.19237,273902543
1642896000,0.19237,0.201305,0.187834,0.201066,183905376
1642982400,0.201056,0.201066,0.172087,0.198106,211018486
1643068800,0.197951,0.199581,0.187823,0.196794,164773715
1643155200,0.196881,0.208487,0.191474,0.196933,150975805
1643241600,0.19698,0.201335,0.187312,0.194019,134867131
1643328000,0.193998,0.199512,0.189029,0.198646,111292412
1643414400,0.198649,0.204729,0.1976,0.203491,76961664
1643500800,0.20341,0.206642,0.19284,0.195399,76059914
1643587200,0.195346,0.200958,0.189628,0.199723,119774498
1643673600,0.199691,0.206292,0.198762,0.202028,82118047
1643760000,0.201987,0.20612,0.190513,0.193151,85708679
1643846400,0.193183,0.19547,0.188827,0.19506,91075088
1643932800,0.195075,0.21,0.19365,0.209216,100732082
1644019200,0.209209,0.216683,0.208205,0.213222,73666552
1644105600,0.213201,0.225023,0.213067,0.223926,77957863
1644192000,0.223926,0.242083,0.219026,0.239623,149070772
1644278400,0.239793,0.25714,0.232856,0.242394,176850860
1644364800,0.242371,0.24403,0.2345,0.238854,106664165
1644451200,0.238763,0.242887,0.228431,0.23172,105752618
1644537600,0.231773,0.231773,0.213,0.215393,100638603
1644624000,0.215367,0.224478,0.211348,0.218218,91255420
1644710400,0.218273,0.22205,0.210243,0.210311,71171582
1644796800,0.210337,0.214034,0.205403,0.210709,85813459
1644883200,0.210719,0.222314,0.209437,0.221086,80024701
1644969600,0.22112,0.221672,0.213592,0.21874,85292248
1645056000,0.21874,0.226323,0.201118,0.202261,116340986
1645142400,0.202428,0.208916,0.195394,0.200634,109118379
1645228800,0.200623,0.211231,0.196464,0.204174,108718932
1645315200,0.204256,0.205923,0.193199,0.194647,96775701
1645401600,0.194657,0.200977,0.176064,0.17816,150753431
1645488000,0.17816,0.187241,0.172863,0.18564,127543654
1645574400,0.185785,0.19379,0.1815,0.181888,92623000
1645660800,0.181888,0.18635,0.162,0.182403,211872570
1645747200,0.182464,0.192212,0.177981,0.191142,102738771
1645833600,0.191142,0.202143,0.1898,0.192899,77491262
1645920000,0.192894,0.19425,0.178447,0.181008,90301494
1646006400,0.181001,0.198333,0.177357,0.197675,127722634
1646092800,0.197647,0.202759,0.192632,0.198927,108124473
1646179200,0.198888,0.199475,0.191423,0.193624,81077181
1646265600,0.193626,0.195242,0.184912,0.187901,72014409
1646352000,0.187902,0.188791,0.173831,0.17606,97600639
1646438400,0.176117,0.180691,0.171503,0.18026,61394669
1646524800,0.1802,0.181617,0.172157,0.172791,50807171
1646611200,0.172893,0.17857,0.166632,0.169685,117168851
1646697600,0.169685,0.174209,0.167911,0.173136,110084130
1646784000,0.173184,0.190121,0.172171,0.188762,132101902
1646870400,0.188776,0.191723,0.17308,0.178633,120540007
1646956800,0.178666,0.18549,0.17289,0.183591,146434146
1647043200,0.183551,0.190197,0.182168,0.18515,106570227
1647129600,0.185096,0.188985,0.175728,0.176342,79752322
1647216000,0.176395,0.181032,0.173522,0.180075,82019939
1647302400,0.180004,0.183869,0.175858,0.182627,72380103
1647388800,0.18263,0.1897,0.180705,0.18936,108958784
1647475200,0.189296,0.191543,0.185212,0.189695,72548527
1647561600,0.189697,0.1939,0.185266,0.192891,79137602
1647648000,0.192863,0.200789,0.190612,0.20054,70356872
1647734400,0.200457,0.202128,0.192,0.197329,70111606
1647820800,0.197416,0.204247,0.192754,0.203692,78309549
1647907200,0.203692,0.213097,0.201544,0.20689,99442425
1647993600,0.206965,0.211704,0.204328,0.209453,87429744
1648080000,0.209482,0.216611,0.206478,0.215105,90536896
1648166400,0.215105,0.220658,0.210249,0.211296,111602658
1648252800,0.211295,0.215972,0.209078,0.215838,50722678
1648339200,0.215835,0.231369,0.214545,0.229866,100290105
1648425600,0.229932,0.2412,0.228201,0.229783,156882383
1648512000,0.229776,0.239644,0.22891,0.233124,122118016
1648598400,0.233126,0.237606,0.226476,0.234742,93618006
1648684800,0.23477,0.241289,0.226402,0.228422,138793419
1648771200,0.228384,0.232862,0.22137,0.232705,115968303
1648857600,0.232692,0.237428,0.230396,0.233338,75788883
1648944000,0.233227,0.238407,0.230467,0.237085,48151406
1649030400,0.237112,0.237165,0.226592,0.232059,84599242
1649116800,0.232008,0.234083,0.2243,0.225057,73374838
1649203200,0.225054,0.22555,0.20244,0.203353,146333245
1649289600,0.203244,0.214581,0.200815,0.212644,98611993
1649376000,0.212518,0.213638,0.200286,0.202197,95755853
1649462400,0.202224,0.206097,0.200461,0.204927,41118861
1649548800,0.204968,0.207766,0.2001,0.200367,51867731
1649635200,0.200361,0.201127,0.18565,0.186754,128977415
1649721600,0.186655,0.194044,0.18576,0.192604,84637398
1649808000,0.192568,0.197401,0.19062,0.196528,74633799
1649894400,0.196577,0.199486,0.191555,0.193926,71465803
1649980800,0.193899,0.2121,0.1925,0.204267,129475136
1650067200,0.204319,0.207788,0.202017,0.205349,51551379
1650153600,0.205254,0.206887,0.196342,0.196617,46455716
1650240000,0.196666,0.206337,0.19,0.205114,107265723
1650326400,0.205061,0.20585,0.20029,0.203903,95664025
1650412800,0.20385,0.20783,0.199547,0.20034,77383115
1650499200,0.200337,0.204166,0.1936,0.196519,94173429
1650585600,0.196452,0.198229,0.193712,0.195403,70187250
1650672000,0.195379,0.197471,0.190826,0.191399,56110746
1650758400,0.191398,0.194141,0.189205,0.189627,43633745
1650844800,0.189664,0.193426,0.178994,0.192216,114316477
1650931200,0.192213,0.192712,0.17778,0.180467,75258056
1651017600,0.18044,0.186693,0.179555,0.18432,64077852
1651104000,0.184342,0.188686,0.182645,0.185847,60659064
1651190400,0.1858,0.187907,0.17632,0.177945,68736376
1651276800,0.177917,0.181421,0.167232,0.169004,78227360
1651363200,0.168955,0.17689,0.168178,0.175665,59427239
1651449600,0.175688,0.177642,0.170264,0.173499,60518686
1651536000,0.173531,0.177235,0.169578,0.171962,55765895
1651622400,0.171995,0.184897,0.171401,0.184721,76380567
1651708800,0.184721,0.187579,0.167349,0.171062,101473066
1651795200,0.171004,0.172907,0.164533,0.171494,81370302
1651881600,0.171434,0.173479,0.164829,0.167511,77394482
1651968000,0.167491,0.168171,0.15986,0.161629,78055276
1652054400,0.161629,0.164989,0.139328,0.140612,204344594
1652140800,0.140604,0.1562,0.136235,0.148397,214120941
1652227200,0.148329,0.151205,0.117057,0.125737,292616994
1652313600,0.125677,0.13059,0.101917,0.120434,250828814
1652400000,0.120305,0.139772,0.119559,0.132063,134152368
1652486400,0.132053,0.140187,0.127199,0.138111,93394068
1652572800,0.138008,0.145111,0.134017,0.144986,62440131
1652659200,0.14497,0.144977,0.133583,0.136163,66454205
1652745600,0.136228,0.142158,0.133532,0.141607,69186662
1652832000,0.141633,0.143,0.127179,0.127544,78925708
1652918400,0.127557,0.133596,0.122743,0.130466,81932568
1653004800,0.130466,0.134028,0.124297,0.126231,74603614
1653091200,0.126232,0.131162,0.123495,0.130507,48030956
1653177600,0.130481,0.136549,0.129849,0.135358,59008682
1653264000,0.135353,0.138344,0.1279,0.128708,68540940
1653350400,0.128677,0.133174,0.124102,0.132961,79964653
1653436800,0.132873,0.134319,0.128243,0.132074,57758422
1653523200,0.132099,0.133839,0.120585,0.12416,79775951
1653609600,0.124161,0.124803,0.118369,0.120336,99164533
1653696000,0.120397,0.123674,0.119426,0.122588,38985691
1653782400,0.122592,0.131187,0.121572,0.130916,43632733
1653868800,0.130949,0.143791,0.130639,0.143437,82228349
1653955200,0.143428,0.153937,0.141,0.1506,126303360
1654041600,0.15046,0.15081,0.13307,0.136879,90261205
1654128000,0.136927,0.143924,0.13484,0.142983,86132584
1654214400,0.142977,0.150902,0.13939,0.146016,127913655
1654300800,0.145965,0.147422,0.140363,0.143441,82548360
1654387200,0.143426,0.147472,0.140934,0.143326,55516249
1654473600,0.143316,0.150488,0.142133,0.144814,80986514
1654560000,0.144814,0.145272,0.133979,0.140233,100914698
1654646400,0.140241,0.143852,0.135992,0.139974,76440513
1654732800,0.1399,0.142477,0.138123,0.139841,41984981
1654819200,0.139841,0.141009,0.131562,0.132961,72941982
1654905600,0.132956,0.135498,0.122331,0.125213,98076645
1654992000,0.125266,0.126832,0.117338,0.118556,97275009
1655078400,0.118434,0.11904,0.103238,0.106761,209647678
1655164800,0.106767,0.115337,0.1001,0.112638,162053056
1655251200,0.112634,0.12192,0.103766,0.121018,168560050
1655337600,0.121,0.123,0.106586,0.10905,135268420
1655424000,0.109007,0.116317,0.106903,0.111803,90505402
1655510400,0.111796,0.113417,0.100225,0.107546,109363064
1655596800,0.107548,0.116414,0.104214,0.114608,94888498
1655683200,0.114738,0.117909,0.11,0.112917,65220087
1655769600,0.112884,0.119262,0.111418,0.114472,80895818
1655856000,0.114509,0.115593,0.109475,0.112877,82384939
1655942400,0.112924,0.119,0.112519,0.117978,69715017
1656028800,0.117993,0.13,0.117961,0.127702,96746190
1656115200,0.127716,0.129993,0.122644,0.12672,56087350
1656201600,0.126755,0.128115,0.1198,0.120282,52378669
1656288000,0.120197,0.124115,0.116335,0.118877,54008964
1656374400,0.118855,0.1211,0.113576,0.114237,74711691
1656460800,0.114181,0.115504,0.106956,0.110086,87443949
1656547200,0.110136,0.112426,0.103037,0.112307,110132361
1656633600,0.112253,0.11518,0.107533,0.109884,82738174
1656720000,0.109925,0.110838,0.105259,0.108439,60680655
1656806400,0.108493,0.110999,0.105778,0.109009,43257418
1656892800,0.109067,0.111215,0.106379,0.111116,41503383
1656979200,0.111104,0.111367,0.104403,0.107769,67428285
1657065600,0.107787,0.110312,0.106462,0.109283,52376937
1657152000,0.109287,0.11546,0.108929,0.11364,58910307
1657238400,0.113712,0.118364,0.111711,0.1132,82223815
1657324800,0.113104,0.115027,0.111806,0.112651,37485602
1657411200,0.112618,0.112969,0.105524,0.107379,53321856
1657497600,0.107439,0.1078,0.101038,0.101391,61674466
1657584000,0.10138,0.1034,0.10017,0.10045,55653814
1657670400,0.100431,0.106034,0.099001,0.105275,106432929
1657756800,0.10525,0.107229,0.101843,0.107137,59318361
1657843200,0.107107,0.108532,0.10525,0.107412,68595508
1657929600,0.10736,0.110258,0.105275,0.109556,63928286
1658016000,0.109554,0.11126,0.106158,0.106625,47425528
1658102400,0.106611,0.116158,0.106415,0.114184,102343699
1658188800,0.114116,0.119866,0.110761,0.118529,90376931
1658275200,0.118529,0.12089,0.11088,0.112057,98982391
1658361600,0.112046,0.11399,0.109361,0.113592,64145203
1658448000,0.113561,0.115965,0.110439,0.112029,59691733
1658534400,0.112034,0.113693,0.109083,0.111633,43935701
1658620800,0.111564,0.115526,0.111564,0.113207,37427429
1658707200,0.113146,0.113944,0.105795,0.105988,64828536
1658793600,0.10608,0.10608,0.102288,0.10553,64671337
1658880000,0.105524,0.112767,0.103412,0.112668,79258008
1658966400,0.112621,0.117968,0.110096,0.116688,85552564
1659052800,0.116721,0.119798,0.114326,0.117733,85439330
1659139200,0.117766,0.125349,0.116289,0.119668,99527432
1659225600,0.119689,0.122828,0.116757,0.117624,67916660
1659312000,0.117586,0.120409,0.116666,0.118304,51971969
1659398400,0.118309,0.121204,0.113473,0.115136,77436640
1659484800,0.1151,0.117319,0.113002,0.114184,61357582
1659571200,0.1142,0.116493,0.11258,0.113921,54228144
1659657600,0.113943,0.1186,0.113666,0.118541,57364810
1659744000,0.118544,0.123133,0.118142,0.121903,58200404
1659830400,0.121903,0.124933,0.119858,0.123873,55997183
1659916800,0.1238,0.138505,0.123439,0.130156,131381323
1660003200,0.130127,0.130517,0.120731,0.122043,90115521
1660089600,0.122102,0.126017,0.119376,0.125982,69695295
1660176000,0.125918,0.127354,0.124408,0.125283,53209025
1660262400,0.125307,0.126613,0.12334,0.126413,71082845
1660348800,0.126454,0.128585,0.125813,0.126836,46193783
1660435200,0.126829,0.129738,0.124361,0.125676,61606844
1660521600,0.125705,0.128592,0.121726,0.123528,77687356
1660608000,0.12353,0.124391,0.121002,0.12178,64953750
1660694400,0.12178,0.127447,0.119526,0.121305,89956131
1660780800,0.121369,0.121815,0.115677,0.115928,51261864
1660867200,0.115929,0.116727,0.107,0.108067,117743472
1660953600,0.108067,0.11051,0.107232,0.109019,54065523
1661040000,0.109001,0.112311,0.107764,0.110977,43955328
1661126400,0.110942,0.111131,0.106151,0.109492,70936363
1661212800,0.109433,0.111355,0.107292,0.110676,57725326
1661299200,0.110739,0.111105,0.108293,0.109482,58403843
1661385600,0.109494,0.110991,0.108841,0.110401,51716837
1661472000,0.110394,0.114218,0.102606,0.103859,148650275
1661558400,0.103884,0.1058,0.10248,0.105574,49832004
1661644800,0.105539,0.107131,0.102195,0.102736,56138205
1661731200,0.102688,0.106038,0.101013,0.105918,64848593
1661817600,0.105928,0.106744,0.100595,0.102411,69262080
1661904000,0.10242,0.105577,0.10213,0.104365,49230907
1661990400,0.104323,0.105476,0.102107,0.105077,54032902
1662076800,0.105081,0.10625,0.102842,0.104596,48249439
1662163200,0.104555,0.105754,0.103784,0.105239,31540513
1662249600,0.10524,0.108899,0.104817,0.106324,64012687
1662336000,0.106324,0.10689,0.103598,0.10507,46800930
1662422400,0.105076,0.107448,0.09954,0.099872,109707747
1662508800,0.099866,0.10335,0.0987,0.10297,63215226
1662595200,0.102943,0.104603,0.100747,0.104355,60573824
1662681600,0.104364,0.1145,0.104152,0.114404,126810762
1662768000,0.11441,0.116093,0.113224,0.114707,68819943
1662854400,0.114753,0.116494,0.112814,0.114387,45822278
1662940800,0.114375,0.116502,0.111874,0.113859,84664583
1663027200,0.11386,0.113991,0.104513,0.104654,99803098
1663113600,0.104677,0.105585,0.102811,0.105209,78495461
1663200000,0.105206,0.105882,0.101533,0.102273,60995933
1663286400,0.102273,0.1075,0.101381,0.107109,59165470
1663372800,0.107087,0.114097,0.105859,0.11336,69649513
1663459200,0.113391,0.115703,0.106866,0.1072,143652563
1663545600,0.1072,0.112117,0.1035,0.111743,126816832
1663632000,0.11172,0.119438,0.110283,0.117297,173746442
1663718400,0.117296,0.118395,0.109253,0.110695,153588897
1663804800,0.110623,0.124808,0.110432,0.122951,177279307
1663891200,0.122943,0.133115,0.116756,0.123119,234247319
1663977600,0.123105,0.126948,0.117676,0.11814,120844590
1664064000,0.118133,0.12339,0.116074,0.117358,104841232
1664150400,0.11731,0.118266,0.1126,0.113735,98086811
1664236800,0.113751,0.116924,0.109615,0.110129,113397474
1664323200,0.110176,0.11082,0.106734,0.108139,87939833
1664409600,0.108147,0.11972,0.106727,0.1155,136702634
1664496000,0.1155,0.117365,0.112946,0.114648,94751919
1664582400,0.114675,0.12233,0.114129,0.121387,129309989
1664668800,0.121384,0.122969,0.117774,0.118426,86863848
1664755200,0.11843,0.120438,0.11385,0.116739,85881013
1664841600,0.116756,0.122145,0.115408,0.119187,105958030
1664928000,0.119152,0.120521,0.116892,0.1189,99611320
1665014400,0.118914,0.121594,0.118346,0.119586,85651160
1665100800,0.119572,0.123785,0.116725,0.1223,86713341
1665187200,0.122297,0.127554,0.121848,0.12613,98263674
1665273600,0.126149,0.129608,0.124718,0.1288,68360868
1665360000,0.128808,0.129337,0.123391,0.123692,69862804
1665446400,0.123692,0.124612,0.115407,0.116096,90617302
1665532800,0.116047,0.11675,0.114737,0.116277,51191311
1665619200,0.116283,0.116442,0.107,0.1121,148203623
1665705600,0.112092,0.116575,0.111348,0.112512,85843621
1665792000,0.112526,0.114291,0.111318,0.112005,36800542
1665878400,0.111967,0.114391,0.11192,0.11346,31897642
1665964800,0.113436,0.115174,0.112047,0.114244,43673327
1666051200,0.11427,0.114604,0.110256,0.112452,77779932
1666137600,0.112452,0.113346,0.110241,0.110855,54279743
1666224000,0.110859,0.113267,0.109095,0.109976,74613813
1666310400,0.109981,0.1109,0.107206,0.11086,65924112
1666396800,0.110899,0.111472,0.11,0.111197,29500861
1666483200,0.111196,0.112218,0.109034,0.111881,39347611
1666569600,0.111919,0.112244,0.109095,0.110331,39832488
1666656000,0.110336,0.113436,0.109077,0.111762,80200153
1666742400,0.11173,0.114,0.11139,0.113497,57902510
1666828800,0.113497,0.115521,0.1106,0.110955,90352990
1666915200,0.110956,0.113374,0.109271,0.112721,69469953
1667001600,0.112721,0.11544,0.111585,0.113594,93356089
1667088000,0.113553,0.114917,0.110605,0.111201,56946988
1667174400,0.111178,0.112332,0.109402,0.111188,70293008
1667260800,0.111196,0.112056,0.109101,0.109949,44969361
1667347200,0.109961,0.110775,0.105938,0.107595,83255072
1667433600,0.107617,0.110248,0.107333,0.108757,54700681
1667520000,0.108753,0.116211,0.108181,0.115559,116235580
1667606400,0.115561,0.116529,0.1125,0.113503,89811818
1667692800,0.113508,0.114377,0.108799,0.108989,78662831
1667779200,0.108983,0.110751,0.107866,0.109524,89465668
1667865600,0.109531,0.11067,0.092802,0.098784,291139002
1667952000,0.098758,0.099854,0.08,0.084601,186517579
1668038400,0.084628,0.100743,0.082593,0.096831,156800617
1668124800,0.096899,0.098246,0.091824,0.095081,85789139
1668211200,0.095105,0.095186,0.09,0.090935,84873996
1668297600,0.090906,0.092502,0.086553,0.087941,57807300
1668384000,0.087956,0.091222,0.083096,0.091065,123508758
1668470400,0.09107,0.09457,0.090221,0.092374,79690291
1668556800,0.092379,0.093399,0.088555,0.089669,64678624
1668643200,0.089676,0.09113,0.088555,0.090332,58607759
1668729600,0.090294,0.091427,0.087901,0.089095,49145974
1668816000,0.089096,0.090866,0.08791,0.090401,35486604
1668902400,0.090389,0.091499,0.086136,0.086355,44910604
1668988800,0.086329,0.088171,0.082382,0.084177,78269336
1669075200,0.084178,0.087171,0.082504,0.087026,68563265
1669161600,0.087033,0.088704,0.086494,0.088577,68174197
1669248000,0.088526,0.090318,0.087302,0.089964,59575055
1669334400,0.089942,0.090954,0.087607,0.089104,64428988
1669420800,0.089115,0.090472,0.087278,0.08798,46050094
1669507200,0.088033,0.092015,0.087904,0.090082,68939016
1669593600,0.09009,0.090923,0.085238,0.087187,88609091
1669680000,0.087195,0.089944,0.08652,0.088473,50462921
1669766400,0.088496,0.090437,0.087296,0.0898,106395831
1669852800,0.089816,0.090039,0.086964,0.087632,65503044
1669939200,0.087638,0.088186,0.086223,0.088096,59869588
1670025600,0.088076,0.089009,0.08597,0.08631,43471068
1670112000,0.086306,0.088115,0.086065,0.087659,31465651
1670198400,0.087753,0.0888,0.085709,0.08694,46098096
1670284800,0.08692,0.087198,0.085113,0.086022,39151480
1670371200,0.086008,0.086088,0.083245,0.084251,43804211
1670457600,0.084236,0.085679,0.083553,0.085535,43115805
1670544000,0.085527,0.08598,0.084433,0.085154,47577971
1670630400,0.085153,0.085795,0.084722,0.085185,24769903
1670716800,0.085185,0.08557,0.083347,0.083765,23242155
1670803200,0.083744,0.084664,0.081728,0.084278,32699641
1670889600,0.084277,0.084957,0.081255,0.083948,77535053
1670976000,0.083952,0.084564,0.081911,0.083007,54858019
1671062400,0.083004,0.084823,0.081196,0.081946,85053498
1671148800,0.081946,0.082276,0.074103,0.074234,104668171
1671235200,0.07422,0.075951,0.072508,0.075747,69315129
1671321600,0.07573,0.077156,0.075454,0.07649,36978815
1671408000,0.076505,0.077239,0.07283,0.073295,64907017
1671494400,0.073269,0.0762,0.073153,0.075947,57497748
1671580800,0.075941,0.076022,0.073919,0.075136,44969406
1671667200,0.075099,0.075836,0.073766,0.0757,45887742
1671753600,0.0757,0.076379,0.07516,0.075348,47778910
1671840000,0.075337,0.075722,0.074098,0.074352,27294818
1671926400,0.074324,0.074524,0.072796,0.07383,25214802
1672012800,0.073884,0.07532,0.073634,0.075217,27084801
1672099200,0.075235,0.07543,0.073536,0.074062,40891553
1672185600,0.074064,0.074715,0.07118,0.071675,76192285
1672272000,0.071677,0.072585,0.07028,0.071999,53681724
1672358400,0.071996,0.07239,0.070833,0.072358,52545504
1672444800,0.072383,0.072387,0.070862,0.071008,36133601
1672531200,0.071008,0.072694,0.070669,0.072484,27324082
1672617600,0.072483,0.074394,0.070957,0.073728,37782434
1672704000,0.073725,0.074437,0.072742,0.073564,35690850
1672790400,0.073591,0.074534,0.072591,0.073788,63835719
1672876800,0.073788,0.07428,0.07243,0.07291,55010759
1672963200,0.072912,0.075495,0.071847,0.075024,69343554
1673049600,0.075027,0.075926,0.0745,0.07561,37994718
1673136000,0.075633,0.077562,0.0745,0.077204,48287473
1673222400,0.077187,0.080858,0.07708,0.079276,75227130
1673308800,0.079275,0.080271,0.078103,0.079579,68036829
1673395200,0.079558,0.081922,0.078161,0.081375,105866639
1673481600,0.08138,0.082484,0.078677,0.081601,107162041
1673568000,0.081615,0.085163,0.080546,0.084629,98170013
1673654400,0.084612,0.090632,0.084521,0.087334,121118549
1673740800,0.087304,0.088381,0.084893,0.088019,81153327
1673827200,0.087993,0.090564,0.086034,0.087707,64511093
1673913600,0.087739,0.088315,0.086092,0.086272,62934897
1674000000,0.086273,0.089033,0.081582,0.082379,83978170
1674086400,0.082372,0.084646,0.081928,0.084388,57190100
1674172800,0.084375,0.089126,0.083216,0.08892,84033271
1674259200,0.08889,0.09313,0.087671,0.090317,110210990
1674345600,0.090334,0.093717,0.089608,0.091019,95457270
1674432000,0.091017,0.095784,0.090875,0.094542,92649783
1674518400,0.094541,0.096137,0.089944,0.09047,96665494
1674604800,0.090467,0.094029,0.08912,0.092364,108495444
1674691200,0.09239,0.093085,0.09037,0.091887,78533842
1674777600,0.09188,0.093192,0.09,0.092499,70913267
1674864000,0.092495,0.094128,0.091715,0.092744,45632774
1674950400,0.092744,0.094498,0.092133,0.094385,57493922
1675036800,0.094386,0.094797,0.088585,0.089975,82400176
1675123200,0.089992,0.091613,0.08919,0.09066,59554413
1675209600,0.090633,0.092448,0.087381,0.092295,93860392
1675296000,0.092303,0.094657,0.091032,0.091916,94950066
1675382400,0.091892,0.093228,0.091355,0.092886,59340592
1675468800,0.092888,0.094,0.092086,0.09292,40553028
1675555200,0.092892,0.093823,0.089776,0.090963,56710615
1675641600,0.090966,0.091613,0.088646,0.08882,61765230
1675728000,0.088844,0.092084,0.088646,0.092009,92680886
1675814400,0.09203,0.092993,0.089518,0.091009,80344176
1675900800,0.091014,0.09136,0.085077,0.085677,134403542
1675987200,0.085697,0.086968,0.0848,0.085647,64910770
1676073600,0.085658,0.08676,0.085153,0.086239,30823570
1676160000,0.086241,0.087199,0.0843,0.085199,53765143
1676246400,0.085175,0.086686,0.082398,0.085116,102500997
1676332800,0.085109,0.085999,0.082885,0.085981,67429471
1676419200,0.085975,0.090239,0.084786,0.090168,99690297
1676505600,0.090196,0.091095,0.086229,0.08626,115985635
1676592000,0.086258,0.090734,0.085853,0.090702,93631647
1676678400,0.090684,0.093308,0.089626,0.091777,68766031
1676764800,0.091801,0.093609,0.089912,0.090526,58227238
1676851200,0.090581,0.095,0.088816,0.094449,84461948
1676937600,0.094445,0.097949,0.093371,0.094826,95964174
1677024000,0.094834,0.095162,0.090324,0.092316,100968205
1677110400,0.092314,0.093087,0.090232,0.090921,65675257
1677196800,0.090952,0.091588,0.087475,0.089079,83100734
1677283200,0.089085,0.089629,0.086623,0.087943,49394747
1677369600,0.087948,0.089046,0.087077,0.088989,33639168
1677456000,0.088988,0.089345,0.08704,0.088231,56436219
1677542400,0.088236,0.088502,0.085794,0.087117,69617108
1677628800,0.08713,0.088619,0.086603,0.087918,48111060
1677715200,0.087959,0.088272,0.086106,0.087517,48360603
1677801600,0.087506,0.087673,0.082649,0.085608,72921227
1677888000,0.085619,0.085855,0.082,0.083605,22603764
1677974400,0.083605,0.084473,0.082317,0.082716,34932602
1678060800,0.082704,0.083628,0.081744,0.083437,52916712
1678147200,0.083456,0.084225,0.081655,0.082746,66257225
1678233600,0.082754,0.084568,0.080574,0.081619,107285829
1678320000,0.081591,0.0823,0.076223,0.077094,98238773
1678406400,0.07707,0.079661,0.07481,0.078408,109629003
1678492800,0.078383,0.080476,0.075308,0.079377,81050634
1678579200,0.079377,0.083483,0.078928,0.083101,55064824
1678665600,0.083007,0.085693,0.08041,0.084798,101632430
1678752000,0.084866,0.090186,0.083766,0.088601,126615507
1678838400,0.088622,0.08904,0.083075,0.084004,104366857
1678924800,0.084049,0.08546,0.083493,0.084741,66956976
1679011200,0.084727,0.088176,0.083939,0.088127,91477265
1679097600,0.088108,0.088826,0.085223,0.085765,92018121
1679184000,0.085795,0.089277,0.085674,0.087971,72318973
1679270400,0.087971,0.089763,0.086456,0.086685,75102020
1679356800,0.086656,0.1,0.085764,0.096556,198003180
1679443200,0.096552,0.097308,0.088585,0.091078,120560929
1679529600,0.091079,0.093834,0.089929,0.092663,79626159
1679616000,0.092703,0.092789,0.087288,0.088897,73228338
1679702400,0.0889,0.093074,0.088481,0.090755,74010727
1679788800,0.090743,0.092504,0.090513,0.09195,43300450
1679875200,0.091937,0.095136,0.089586,0.0926,100735441
1679961600,0.092578,0.098246,0.090928,0.097757,128673922
1680048000,0.097762,0.107378,0.09773,0.101692,146985575
1680134400,0.101702,0.106962,0.099801,0.106326,137543761
1680220800,0.106314,0.113051,0.105065,0.112266,117956522
1680307200,0.112204,0.114562,0.107688,0.108254,61689717
1680393600,0.108216,0.11107,0.105776,0.106631,65767189
1680480000,0.106638,0.110496,0.104919,0.106586,96335245
1680566400,0.106559,0.107084,0.104527,0.106098,60321133
1680652800,0.106102,0.10875,0.105187,0.107286,56019146
1680739200,0.107305,0.10738,0.104111,0.105941,52552512
1680825600,0.105914,0.106526,0.104249,0.106447,44009401
1680912000,0.106452,0.106622,0.103944,0.104437,31665424
1680998400,0.104434,0.105528,0.10279,0.104852,30147035
1681084800,0.104832,0.105935,0.102497,0.10566,38222059
1681171200,0.105642,0.107429,0.10447,0.105116,48599780
1681257600,0.105092,0.105249,0.102488,0.10359,50926642
1681344000,0.103629,0.1059,0.103056,0.105407,51301746
1681430400,0.105423,0.109122,0.105235,0.107013,101159762
1681516800,0.107013,0.107599,0.105828,0.106469,42685471
1681603200,0.106462,0.108074,0.105364,0.10741,43793603
1681689600,0.107427,0.107611,0.1035,0.103997,56770362
1681776000,0.104028,0.10627,0.103469,0.105708,71935610
1681862400,0.105708,0.106181,0.09563,0.097625,107529409
1681948800,0.097597,0.098533,0.094276,0.095802,78134537
1682035200,0.095739,0.096693,0.092165,0.092916,82637272
1682121600,0.092912,0.095673,0.092069,0.095527,31770970
1682208000,0.095582,0.095641,0.093001,0.094658,31574016
1682294400,0.094618,0.096034,0.092005,0.093345,58401438
1682380800,0.09337,0.095052,0.092087,0.094894,49383388
1682467200,0.09493,0.097,0.091055,0.093583,77478712
1682553600,0.093623,0.094943,0.09255,0.094297,48643210
1682640000,0.094298,0.09596,0.093576,0.094838,46740831
1682726400,0.0948,0.095881,0.093935,0.095852,27204856
1682812800,0.095851,0.09596,0.0941,0.094428,35471743
1682899200,0.094427,0.094722,0.091665,0.092713,55343635
1682985600,0.092721,0.093752,0.091837,0.093596,53013323
1683072000,0.093596,0.093835,0.091792,0.093547,56389326
1683158400,0.093558,0.094164,0.092701,0.093504,49341672
1683244800,0.093502,0.095002,0.092217,0.094397,65886842
1683331200,0.094378,0.094838,0.091861,0.09252,51630329
1683417600,0.092496,0.093213,0.091764,0.092034,32250906
1683504000,0.092017,0.092443,0.0881,0.089477,79992559
1683590400,0.089476,0.089515,0.08817,0.089097,48057303
1683676800,0.089097,0.090006,0.0875,0.08907,68901623
1683763200,0.089064,0.090146,0.087627,0.089481,63779821
1683849600,0.089498,0.090157,0.087184,0.089062,77833238
1683936000,0.089066,0.08931,0.08816,0.088308,27769307
1684022400,0.088363,0.088777,0.0877,0.088698,26687459
1684108800,0.088683,0.089372,0.0874,0.088039,43706902
1684195200,0.088045,0.08869,0.0868,0.088014,42557957
1684281600,0.088011,0.089044,0.087324,0.088768,54309435
1684368000,0.088765,0.090038,0.087472,0.088766,48370611
1684454400,0.088745,0.089679,0.088376,0.089186,32701957
1684540800,0.089193,0.089343,0.088198,0.088801,22132134
1684627200,0.088808,0.089199,0.087797,0.088199,27400745
1684713600,0.088177,0.0886,0.087388,0.08809,38596063
1684800000,0.088131,0.089056,0.087754,0.088282,33761997
1684886400,0.088275,0.088401,0.085581,0.086548,46888245
1684972800,0.086566,0.087134,0.085625,0.087126,33833863
1685059200,0.087126,0.088207,0.086765,0.08782,39215036
1685145600,0.087807,0.088434,0.087397,0.088173,28410528
1685232000,0.088171,0.088986,0.087846,0.088702,28030744
1685318400,0.088703,0.089531,0.088399,0.089195,34454017
1685404800,0.089199,0.091133,0.088802,0.090893,84184940
1685491200,0.09088,0.093349,0.089474,0.092581,90902844
1685577600,0.092599,0.092786,0.090809,0.091219,59079088
1685664000,0.091218,0.092417,0.090754,0.092007,39868767
1685750400,0.091988,0.093436,0.09155,0.091937,31697921
1685836800,0.091952,0.092908,0.091222,0.091495,39118387
1685923200,0.09148,0.091958,0.08559,0.08787,73813337
1686009600,0.087905,0.0898,0.086582,0.089665,70455691
1686096000,0.08967,0.089964,0.086759,0.087423,64087567
1686182400,0.087399,0.08809,0.086795,0.087049,42921601
1686268800,0.08706,0.089056,0.086529,0.088987,53708583
1686355200,0.088961,0.089058,0.079208,0.082137,114604199
1686441600,0.082163,0.087024,0.081054,0.083611,60388580
1686528000,0.083566,0.083647,0.081705,0.083071,56216461
1686614400,0.083054,0.086351,0.080478,0.082488,84654956
1686700800,0.08251,0.083017,0.077847,0.079319,65137435
1686787200,0.079306,0.079681,0.075183,0.076344,62598520
1686873600,0.076354,0.078866,0.075945,0.077402,56313349
1686960000,0.077383,0.080511,0.076862,0.079598,49491972
1687046400,0.079596,0.08102,0.079,0.079509,41226157
1687132800,0.07953,0.080523,0.07891,0.079994,37053740
1687219200,0.079998,0.083221,0.07818,0.082795,66094005
1687305600,0.082776,0.087313,0.0821,0.0867,88165215
1687392000,0.086698,0.089366,0.085764,0.086679,84415307
1687478400,0.086679,0.090149,0.086646,0.08959,82297643
1687564800,0.089628,0.091276,0.08866,0.090483,67888843
1687651200,0.090466,0.092476,0.090367,0.091623,70406501
1687737600,0.091624,0.092809,0.090568,0.092184,72662713
1687824000,0.092176,0.103449,0.092083,0.102839,200173833
1687910400,0.102753,0.105909,0.098827,0.100427,286456242
1687996800,0.100455,0.104734,0.100396,0.102172,115039237
1688083200,0.102166,0.1179,0.101396,0.110705,230015341
1688169600,0.110664,0.111715,0.105807,0.107362,86898664
1688256000,0.107395,0.10801,0.104585,0.107356,83038247
1688342400,0.107363,0.109372,0.104866,0.106004,82546109
1688428800,0.105966,0.106472,0.102825,0.103335,62477773
1688515200,0.103372,0.10458,0.099417,0.10053,82204730
1688601600,0.100534,0.10221,0.096001,0.096273,98307274
1688688000,0.096218,0.097494,0.094908,0.097374,98874952
1688774400,0.097344,0.100241,0.0965,0.099694,79254178
1688860800,0.099671,0.100015,0.098446,0.099001,48656178
1688947200,0.099001,0.100619,0.097,0.099865,73964798
1689033600,0.099868,0.100869,0.098343,0.098486,64213504
1689120000,0.098496,0.098533,0.095365,0.09618,70296087
1689206400,0.096172,0.195999,0.09535,0.155163,499408769
1689292800,0.15527,0.157997,0.125505,0.134953,355021071
1689379200,0.134996,0.135622,0.127142,0.12783,134567085
1689465600,0.12785,0.138871,0.124967,0.131473,159419641
1689552000,0.131354,0.134645,0.124406,0.129169,98805182
1689638400,0.129171,0.133797,0.125165,0.132516,108035654
1689724800,0.132494,0.167999,0.131418,0.156489,249741489
1689811200,0.156527,0.181181,0.154617,0.163197,281842760
1689897600,0.163306,0.171073,0.153609,0.157218,131681586
1689984000,0.157266,0.168862,0.154841,0.155604,100572862
1690070400,0.155569,0.161073,0.152362,0.155986,79491209
1690156800,0.155931,0.155979,0.144018,0.145622,94667015
1690243200,0.145639,0.149988,0.141259,0.144842,99024481
1690329600,0.144859,0.16356,0.140253,0.155699,120835567
1690416000,0.155685,0.163476,0.15322,0.159238,118029028
1690502400,0.159232,0.17,0.157733,0.159836,119167686
1690588800,0.15977,0.161268,0.15733,0.15839,45007848
1690675200,0.158399,0.162017,0.152774,0.156614,63029459
1690761600,0.156479,0.157952,0.14869,0.150091,55114569
1690848000,0.150137,0.1536,0.145018,0.153578,78644337
1690934400,0.153569,0.1548,0.14336,0.143975,66927447
1691020800,0.143926,0.145651,0.138144,0.138974,78311845
1691107200,0.138907,0.141835,0.135963,0.136246,67136049
1691193600,0.136183,0.139206,0.133242,0.138891,47190564
1691280000,0.138938,0.145035,0.138432,0.139245,62472645
1691366400,0.139314,0.143355,0.13682,0.142749,92265144
1691452800,0.142742,0.143863,0.138371,0.142811,71904890
1691539200,0.142858,0.146057,0.139666,0.141509,71860948
1691625600,0.141515,0.141745,0.138038,0.138781,43835117
1691712000,0.138819,0.141365,0.13821,0.1396,32542777
1691798400,0.139572,0.140265,0.136873,0.137892,23684071
1691884800,0.137859,0.140599,0.13741,0.137819,24721927
1691971200,0.137751,0.1382,0.134518,0.135969,29427052
1692057600,0.135946,0.136454,0.122528,0.130165,77939122
1692144000,0.130134,0.132732,0.123268,0.12645,86981392
1692230400,0.12639,0.127452,0.1108,0.113271,96481496
1692316800,0.11326,0.117812,0.111009,0.116631,79962769
1692403200,0.116607,0.125513,0.116512,0.123881,79043198
1692489600,0.123804,0.132787,0.122549,0.129619,104947886
1692576000,0.129561,0.130369,0.122117,0.124726,63192809
1692662400,0.124765,0.124913,0.117302,0.120569,56516269
1692748800,0.120582,0.129053,0.119725,0.127399,84539438
1692835200,0.127363,0.128819,0.121575,0.123804,46176020
1692921600,0.123767,0.124994,0.120655,0.123813,36131302
1693008000,0.12389,0.12454,0.120471,0.120861,25867628
1693094400,0.120843,0.122334,0.11942,0.120861,21847307
1693180800,0.120875,0.121264,0.118522,0.119875,37563383
1693267200,0.119899,0.128397,0.116743,0.124399,83208706
1693353600,0.12441,0.124445,0.120224,0.120429,33985765
1693440000,0.120392,0.120949,0.113575,0.114879,46595371
1693526400,0.1148,0.117316,0.112675,0.114053,34889737
1693612800,0.114005,0.114353,0.111307,0.113534,26087245
1693699200,0.113562,0.120601,0.113009,0.118707,67813923
1693785600,0.118669,0.126533,0.118421,0.124302,98162106
1693872000,0.124335,0.12975,0.121362,0.122247,80209763
1693958400,0.122242,0.124242,0.117385,0.123857,54982156
1694044800,0.123857,0.125716,0.121714,0.12539,51533634
1694131200,0.12539,0.127563,0.122199,0.126847,59507580
1694217600,0.126827,0.132985,0.125908,0.131591,91370868
1694304000,0.131498,0.134685,0.127455,0.133785,96859368
1694390400,0.133787,0.134591,0.124203,0.128508,95680967
1694476800,0.128528,0.132,0.120331,0.121163,118163649
1694563200,0.121159,0.122459,0.11932,0.120847,59178383
1694649600,0.120847,0.12184,0.11815,0.120306,57518106
1694736000,0.120359,0.121999,0.117614,0.120346,54552022
1694822400,0.120399,0.121274,0.11799,0.119374,32615295
1694908800,0.11939,0.119425,0.115192,0.116175,42654951
1694995200,0.116253,0.1195,0.115227,0.118099,41717471
1695081600,0.117971,0.120236,0.117345,0.118431,36615829
1695168000,0.118462,0.119205,0.11622,0.11692,39832949
1695254400,0.116899,0.11692,0.111655,0.113918,58063684
1695340800,0.113824,0.115524,0.113293,0.114633,38009804
1695427200,0.114634,0.115255,0.112953,0.114235,20734591
1695513600,0.114236,0.114237,0.112,0.112252,26567884
1695600000,0.11223,0.113332,0.110881,0.112948,39423522
1695686400,0.112914,0.11305,0.110948,0.111859,29518603
1695772800,0.111842,0.114274,0.111316,0.112485,44094555
1695859200,0.112443,0.114436,0.112163,0.11417,30526233
1695945600,0.114173,0.118791,0.112599,0.112682,79279792
1696032000,0.112731,0.11281,0.110889,0.112269,35735973
1696118400,0.112274,0.114622,0.111921,0.114335,31047922
1696204800,0.114347,0.115,0.110519,0.11162,49489968
1696291200,0.111624,0.1166,0.109905,0.114704,57804594
1696377600,0.114699,0.1153,0.1113,0.112446,67108606
1696464000,0.112399,0.112461,0.110335,0.110656,25909688
1696550400,0.11061,0.11239,0.10953,0.111789,30446284
1696636800,0.111832,0.112142,0.110551,0.111165,13251967
1696723200,0.111183,0.111472,0.110275,0.11077,14472061
1696809600,0.110787,0.111061,0.104585,0.106049,56542282
1696896000,0.106049,0.106075,0.103476,0.104328,35975217
1696982400,0.104285,0.104961,0.101725,0.103307,32907368
1697068800,0.103271,0.103322,0.101128,0.102509,30434624
1697155200,0.102509,0.103546,0.1021,0.102911,30181619
1697241600,0.102918,0.104472,0.102884,0.104271,15841939
1697328000,0.104269,0.106378,0.104006,0.106357,28927372
1697414400,0.106393,0.111211,0.106137,0.107354,52029787
1697500800,0.107376,0.107594,0.10293,0.102994,44342550
1697587200,0.102968,0.104763,0.1025,0.103251,26100901
1697673600,0.103246,0.107864,0.102049,0.107369,57866124
1697760000,0.107344,0.110069,0.10637,0.107542,51452123
1697846400,0.107537,0.1127,0.107399,0.110788,39546293
1697932800,0.110804,0.112089,0.1077,0.110888,44444327
1698019200,0.110875,0.116294,0.109844,0.116039,104622582
1698105600,0.116054,0.120443,0.11268,0.114361,168362198
1698192000,0.114397,0.11563,0.112259,0.114412,56918341
1698278400,0.114354,0.116853,0.110625,0.113164,72079236
1698364800,0.113127,0.11352,0.110136,0.111909,38228536
1698451200,0.111895,0.114316,0.111822,0.114097,22933528
1698537600,0.114063,0.1169,0.112467,0.11569,28457093
1698624000,0.11577,0.120059,0.11465,0.119003,61856115
1698710400,0.119009,0.124907,0.115593,0.121222,109149485
1698796800,0.121272,0.123048,0.117569,0.122594,89667119
1698883200,0.122574,0.12351,0.117171,0.119721,83514105
1698969600,0.119621,0.124298,0.116162,0.122487,108863225
1699056000,0.122548,0.12437,0.121169,0.123604,38172300
1699142400,0.123685,0.12837,0.123,0.125567,104826621
1699228800,0.125664,0.1349,0.125132,0.131201,134577028
1699315200,0.131119,0.131124,0.122223,0.126687,96378725
1699401600,0.126716,0.128883,0.1255,0.127697,52346949
1699488000,0.127727,0.130863,0.119182,0.12287,146020962
1699574400,0.12287,0.124368,0.120301,0.123768,75779178
1699660800,0.12389,0.127276,0.120708,0.125044,85572264
1699747200,0.125114,0.126753,0.121902,0.124382,68174343
1699833600,0.124381,0.137867,0.120727,0.122309,212860621
1699920000,0.122293,0.122658,0.116,0.117938,113771082
1700006400,0.118015,0.121801,0.116953,0.121494,50252696
1700092800,0.121505,0.123204,0.116989,0.118424,95673351
1700179200,0.118419,0.120467,0.114331,0.118268,89366831
1700265600,0.118268,0.11941,0.1148,0.119251,57373259
1700352000,0.119285,0.1213,0.117707,0.121116,52086611
1700438400,0.121136,0.121853,0.118006,0.11986,53832507
1700524800,0.119807,0.120422,0.113105,0.113592,87155985
1700611200,0.113592,0.118452,0.113347,0.118208,53394933
1700697600,0.118232,0.118813,0.115406,0.117264,57498501
1700784000,0.117331,0.119247,0.116708,0.118015,39013208
1700870400,0.117971,0.12159,0.117504,0.121144,35304870
1700956800,0.121101,0.123436,0.1191,0.119951,59702556
1701043200,0.119955,0.120692,0.114699,0.116499,60350642
1701129600,0.116559,0.118985,0.115072,0.118565,43986687
1701216000,0.118645,0.120118,0.118073,0.118537,39748806
1701302400,0.118601,0.119675,0.117903,0.118256,34630118
1701388800,0.118309,0.120031,0.117821,0.119819,29160125
1701475200,0.119819,0.121769,0.119312,0.121605,36467617
1701561600,0.121597,0.123306,0.120852,0.122,50809514
1701648000,0.121907,0.125373,0.119901,0.122239,98140578
1701734400,0.122234,0.122973,0.119572,0.1225,77447725
1701820800,0.1225,0.125948,0.12083,0.125505,110163212
1701907200,0.125473,0.127423,0.123071,0.126182,123435059
1701993600,0.126192,0.133287,0.125808,0.13239,105561992
1702080000,0.132384,0.138388,0.131561,0.133719,139553883
1702166400,0.133684,0.136935,0.131566,0.133357,80524626
1702252800,0.133342,0.134623,0.120205,0.123392,127146711
1702339200,0.123436,0.125387,0.120699,0.123112,73023578
1702425600,0.123096,0.125628,0.118135,0.124909,73598393
1702512000,0.124896,0.12818,0.122844,0.127562,61065579
1702598400,0.127566,0.128157,0.122601,0.122943,49470458
1702684800,0.122962,0.126096,0.1215,0.124692,34900123
1702771200,0.124674,0.124904,0.121803,0.122027,41013889
1702857600,0.122026,0.122397,0.116155,0.121253,83008953
1702944000,0.121302,0.122426,0.118594,0.119464,52384339
1703030400,0.119374,0.122868,0.118698,0.121955,71564318
1703116800,0.121931,0.124683,0.121143,0.124683,52743186
1703203200,0.124691,0.126731,0.123173,0.126625,51235315
1703289600,0.126679,0.127098,0.1238,0.126643,32725064
1703376000,0.126729,0.127937,0.124435,0.126085,51417932
1703462400,0.126085,0.131717,0.125114,0.131023,67822427
1703548800,0.131067,0.131204,0.121884,0.126113,77230095
1703635200,0.126115,0.133626,0.123821,0.130803,97083783
1703721600,0.130803,0.135834,0.12904,0.132151,119978344
1703808000,0.132115,0.132578,0.127,0.129728,83132543
1703894400,0.12968,0.138378,0.129117,0.132398,129528793
1703980800,0.132405,0.133359,0.127301,0.128987,51043070
1704067200,0.129153,0.132465,0.127307,0.131996,43422461
1704153600,0.132039,0.133359,0.128454,0.129211,75798075
1704240000,0.129209,0.135,0.111776,0.120563,164710666
1704326400,0.120533,0.122197,0.119373,0.121659,54818755
1704412800,0.121747,0.122059,0.114226,0.119269,95815636
1704499200,0.11926,0.120714,0.116072,0.120191,68912048
1704585600,0.120076,0.120519,0.114612,0.115309,54870596
1704672000,0.115367,0.120169,0.112555,0.119614,142913991
1704758400,0.119625,0.120694,0.114001,0.116631,107324612
1704844800,0.116631,0.122318,0.113206,0.120823,157938279
1704931200,0.120874,0.126117,0.120334,0.123514,147359301
1705017600,0.123545,0.1254,0.116812,0.11894,100268803
1705104000,0.119025,0.120523,0.117315,0.12008,36573845
1705190400,0.119988,0.1208,0.117836,0.118049,48982630
1705276800,0.118038,0.12078,0.117716,0.118137,36761148
1705363200,0.118135,0.119282,0.116467,0.118539,28448518
1705449600,0.118497,0.119342,0.116834,0.1187,31710210
1705536000,0.118807,0.118829,0.112607,0.114155,56862086
1705622400,0.114207,0.114739,0.108816,0.113843,77782401
1705708800,0.113864,0.11546,0.112985,0.115411,37880478
1705795200,0.115377,0.116679,0.115133,0.115636,34371949
1705881600,0.115571,0.116175,0.111514,0.112639,83785461
1705968000,0.112675,0.114213,0.107,0.11165,61387266
1706054400,0.111614,0.11275,0.110542,0.112624,51009778
1706140800,0.112647,0.112698,0.110399,0.111749,41003418
1706227200,0.111693,0.116688,0.11159,0.115861,54217865
1706313600,0.115856,0.117039,0.1152,0.1163,23007041
1706400000,0.1163,0.116588,0.112938,0.113765,36974955
1706486400,0.113775,0.11651,0.113207,0.116472,46198490
1706572800,0.11651,0.116953,0.112429,0.112769,50927569
1706659200,0.112769,0.113596,0.108808,0.10986,51859513
1706745600,0.109891,0.110812,0.10793,0.10986,37476677
1706832000,0.109887,0.110942,0.108902,0.110272,49350946
1706918400,0.110313,0.1125,0.109376,0.110965,51234121
1707004800,0.110925,0.111302,0.108435,0.109239,28987375
1707091200,0.109223,0.109788,0.107542,0.108433,44456154
1707177600,0.108452,0.108968,0.107226,0.108191,35499228
1707264000,0.108222,0.109186,0.106827,0.109107,49691147
1707350400,0.109135,0.110104,0.108654,0.109813,38559232
1707436800,0.109802,0.112367,0.109795,0.112094,41122229
1707523200,0.112103,0.113251,0.110667,0.111661,34840689
1707609600,0.111749,0.113111,0.110657,0.111264,31749993
1707696000,0.111216,0.113486,0.109576,0.113171,53853155
1707782400,0.113155,0.114453,0.109561,0.111004,52594212
1707868800,0.111006,0.116,0.110208,0.114489,56445624
1707955200,0.114482,0.1177,0.11397,0.116829,114344568
1708041600,0.116824,0.118309,0.114019,0.115531,77559837
1708128000,0.115543,0.115994,0.111833,0.114189,38289372
1708214400,0.11419,0.116647,0.1135,0.115986,33940023
1708300800,0.115996,0.119105,0.115667,0.118411,58515967
1708387200,0.118402,0.121114,0.11419,0.117675,139907445
1708473600,0.117696,0.118272,0.110863,0.114354,77908452
1708560000,0.114327,0.117593,0.113279,0.11533,66019013.2929
1708646400,0.115352,0.117249,0.11294,0.114805,75469311.6729
1708732800,0.11478,0.117445,0.113653,0.116384,37136225.711
1708819200,0.116425,0.116961,0.115334,0.116569,37553274.3457
1708905600,0.116514,0.118208,0.114046,0.118077,79906215.4742
1708992000,0.118062,0.123687,0.117178,0.122985,151065149.38451174
1709078400,0.122985,0.129643,0.11648,0.121119,158675290.7346301
1709164800,0.121113,0.128304,0.11912,0.122164,222903461.4911089
1709251200,0.122163,0.127439,0.12156,0.127134,100866039.84292205
1709337600,0.127126,0.138481,0.126846,0.13835,206606891.74541098
1709424000,0.138323,0.140015,0.129435,0.135867,123708007.81599131
1709510400,0.135877,0.1591,0.133625,0.14606,251655044.37678066
1709596800,0.146109,0.15315,0.118444,0.132342,346590971.6373941
1709683200,0.132383,0.138648,0.128045,0.138581,189992933.086404
1709769600,0.138592,0.143463,0.137575,0.142191,142153277.00167722
1709856000,0.14218,0.145642,0.13682,0.141864,120703731.3953282
1709942400,0.14188,0.144042,0.140291,0.14252,68064232.19393168
1710028800,0.142523,0.145087,0.137,0.139839,75282185.88994318
1710115200,0.139854,0.162874,0.135,0.157618,240433288.9489868
1710201600,0.157654,0.159499,0.1425,0.149347,124575959.58945766
1710288000,0.149354,0.153722,0.146514,0.150889,113127331.18312289
1710374400,0.150926,0.152548,0.137769,0.144441,171819843.09257054
1710460800,0.144457,0.145542,0.126923,0.137056,233861985.8943469
1710547200,0.137055,0.143,0.126508,0.129193,176852498.6314781
1710633600,0.129193,0.133102,0.124417,0.132037,128565426.97079393
1710720000,0.13207,0.137697,0.124907,0.134914,179695453.97590387
1710806400,0.134871,0.134872,0.11863,0.120725,272161722.87271625
1710892800,0.120642,0.131374,0.117162,0.130844,167208130.59532368
1710979200,0.130795,0.135441,0.127833,0.133295,103793386.7463188
1711065600,0.133234,0.134174,0.125505,0.128322,127593209.03296009
1711152000,0.128318,0.136559,0.127761,0.13268,74865208.71892314
1711238400,0.13267,0.135417,0.131762,0.135052,52186385.9699337
1711324800,0.135053,0.139503,0.134114,0.136705,78624023.59500225
1711411200,0.136709,0.139999,0.135586,0.138207,66307629.57173068
1711497600,0.138204,0.139747,0.132106,0.13369,123570303.36929952
1711584000,0.133725,0.139674,0.132561,0.137981,86775262.3603283
1711670400,0.137984,0.146996,0.137267,0.142758,190460994.80887684
1711756800,0.142758,0.143592,0.138116,0.139183,63154768.27216335
1711843200,0.139193,0.141414,0.138356,0.141109,51910204.20446207
1711929600,0.141132,0.14257,0.132272,0.135591,130777331.86075063
1712016000,0.135586,0.135991,0.1271,0.128669,139626351.73478618
1712102400,0.128658,0.130808,0.12436,0.126326,140880608.46388507
1712188800,0.126297,0.131967,0.124343,0.128837,118227811.42675187
1712275200,0.128846,0.129703,0.12416,0.127493,82634864.63130768
1712361600,0.127491,0.129899,0.126945,0.129122,29585544.08714
1712448000,0.129155,0.130347,0.12796,0.129287,37215067.19862615
1712534400,0.129287,0.134442,0.127713,0.13341,72192451.58992486
1712620800,0.133427,0.136936,0.130671,0.132017,84255927.01201515
1712707200,0.132012,0.132176,0.125448,0.129653,104215257.04959679
1712793600,0.129652,0.131417,0.128131,0.130223,47992459.75142763
1712880000,0.13025,0.131167,0.102932,0.115132,159360604.57914922
1712966400,0.115109,0.115633,0.091439,0.105535,171279414.38778827
1713052800,0.105537,0.111564,0.101717,0.110816,139169898.92644644
1713139200,0.110773,0.114113,0.103933,0.107652,114590048.5864546
1713225600,0.107695,0.110099,0.104223,0.109634,106901030.46124415
1713312000,0.109634,0.110067,0.104748,0.107551,69328559.17916876
1713398400,0.107503,0.111062,0.105137,0.110457,86444400.5150227
1713484800,0.110471,0.11363,0.103514,0.111869,114608177.42072985
1713571200,0.111805,0.116946,0.110834,0.115963,54920035.44824852
1713657600,0.116004,0.116625,0.112552,0.113859,36595037.73552659
1713744000,0.1139,0.1192,0.113589,0.118243,62941553.15302236
1713830400,0.118259,0.1188,0.11548,0.117423,49936318.37715826
1713916800,0.117412,0.120375,0.113257,0.114424,86075692.24935284
1714003200,0.114427,0.115555,0.111422,0.11376,67503100.98243459
1714089600,0.113793,0.115128,0.111909,0.113995,52818097.04335653
1714176000,0.114,0.114858,0.111101,0.114417,49186671.10078793
1714262400,0.114414,0.115892,0.112,0.112306,41666393.7208052
1714348800,0.112306,0.113647,0.109715,0.111972,79468515.66594289
1714435200,0.111972,0.112833,0.104412,0.107636,90599520.92531753
1714521600,0.107677,0.111116,0.102985,0.110985,92125108.54979518
1714608000,0.111008,0.111275,0.106956,0.11029,63564826.44335487
1714694400,0.110245,0.112581,0.108817,0.111756,53321849.09747029
1714780800,0.111762,0.112641,0.110677,0.110918,39992952.05881997
1714867200,0.110969,0.111278,0.109338,0.110944,36352843.60690485
1714953600,0.110975,0.113646,0.10927,0.109741,102887725.72970946
1715040000,0.109788,0.11083,0.107871,0.107992,59194620.14211855
1715126400,0.108027,0.109784,0.106804,0.107287,46602106.07984071
1715212800,0.107258,0.108749,0.105813,0.108558,39753841.33302475
1715299200,0.108561,0.109782,0.105247,0.106263,39196045.08437052
1715385600,0.106263,0.107085,0.105405,0.10581,20931372.13532587
1715472000,0.105748,0.106272,0.103852,0.104727,16943562.4809173
1715558400,0.104673,0.105931,0.100992,0.103958,38081684.35280074
1715644800,0.103947,0.104467,0.101625,0.101859,40669309.12658657
1715731200,0.101856,0.107267,0.1015,0.106837,42432343.87597854
1715817600,0.106843,0.107982,0.104909,0.106699,47172447.31068337
1715904000,0.106691,0.109851,0.106056,0.108828,43372100.44881517
1715990400,0.108834,0.109521,0.10738,0.108123,19423738.52458698
1716076800,0.108133,0.1086,0.105272,0.105619,23825811.44681463
1716163200,0.105589,0.11254,0.10453,0.112535,68554565.29885781
1716249600,0.112558,0.114097,0.11141,0.1122,64255184.82998771
1716336000,0.112195,0.112565,0.1092,0.110602,48565176.42011251
1716422400,0.110596,0.111541,0.104871,0.109205,89858640.32031167
1716508800,0.109147,0.110617,0.107271,0.110165,55224811.17779277
1716595200,0.110154,0.111729,0.110032,0.110948,22747702.50358166
1716681600,0.110939,0.111461,0.10793,0.108573,26947303.09079664
1716768000,0.108539,0.111495,0.108009,0.110367,44443968.51340571
1716854400,0.110387,0.11069,0.106601,0.107768,61185682.78511868
1716940800,0.107738,0.109343,0.106365,0.106481,46129369.07366852
1717027200,0.106509,0.107774,0.104632,0.106698,58842145.57507146
1717113600,0.106665,0.107165,0.104635,0.106181,53661556.18355468
1717200000,0.106175,0.106827,0.105975,0.106327,17397260.90885125
1717286400,0.106304,0.106694,0.10439,0.105079,25243792.33255044
1717372800,0.105106,0.107065,0.104428,0.105372,38157456.45136241
1717459200,0.105289,0.106875,0.104,0.106339,48851239.5824242
1717545600,0.10635,0.107565,0.10588,0.106986,47982573.82437139
1717632000,0.106976,0.106998,0.104777,0.105243,41918589.93514814
1717718400,0.1052,0.10678,0.091596,0.100133,85194185.91344477
1717804800,0.100088,0.100142,0.09655,0.09825,39395187.26955334
1717891200,0.098251,0.099919,0.098045,0.099897,25767431.36659641
1717977600,0.0999,0.101267,0.099153,0.099983,61947984.37188157
1718064000,0.099983,0.10025,0.095253,0.096739,60539773.79133012
1718150400,0.096712,0.101013,0.095425,0.100087,73657998.21960875
1718236800,0.100144,0.100269,0.097141,0.097454,48956113.71988943
1718323200,0.097454,0.098918,0.094293,0.096769,62736403.95391296
1718409600,0.096769,0.098885,0.096202,0.098283,33576637.23661035
1718496000,0.098287,0.099234,0.097581,0.099082,28197100.86179806
1718582400,0.099101,0.099409,0.09513,0.096845,112631877.79337397
1718668800,0.096848,0.097036,0.087871,0.091328,124163475.41187257
1718755200,0.091325,0.094259,0.090656,0.093444,60977959.48177613
1718841600,0.093444,0.095455,0.092814,0.093929,61761369.76733263
1718928000,0.093928,0.094406,0.091062,0.092022,68459913.2803575
1719014400,0.092014,0.09206,0.090603,0.090835,23089652.80217613
1719100800,0.090835,0.091954,0.088929,0.089508,30196602.1344147
1719187200,0.089508,0.089725,0.0851,0.089333,81873709.56063503
1719273600,0.089333,0.093066,0.089145,0.091876,60704803.49413398
1719360000,0.091865,0.092521,0.089547,0.090155,44288715.96346561
1719446400,0.090152,0.091529,0.088619,0.091345,43126682.14690167
1719532800,0.091345,0.093075,0.090679,0.090853,47375320.74990184
1719619200,0.090861,0.091842,0.089834,0.090117,27847393.21266767
1719705600,0.090117,0.09169,0.089216,0.091089,39828340.27810703
1719792000,0.091096,0.09273,0.090415,0.091472,60829685.93405589
1719878400,0.091471,0.094173,0.091402,0.093562,53245965.41439108
1719964800,0.093562,0.093609,0.089175,0.090315,78171368.55608058
1720051200,0.090315,0.090636,0.086151,0.087059,128136216.42104565
1720137600,0.087058,0.087082,0.076829,0.085493,180092012.1038608
1720224000,0.085485,0.09087,0.085035,0.090637,49920438.46449591
1720310400,0.090637,0.090637,0.083458,0.083968,50147668.47285991
1720396800,0.083969,0.08728,0.080559,0.085518,92877628.91941465
1720483200,0.085503,0.088309,0.085124,0.088079,55992137.66637223
1720569600,0.088078,0.089293,0.086705,0.087556,51416701.50856827
1720656000,0.087557,0.090414,0.086913,0.088779,47602317.1261708
1720742400,0.088779,0.092539,0.088173,0.091367,112438174.92155042
1720828800,0.091367,0.106075,0.091332,0.102278,177336201.9136426
1720915200,0.102278,0.106998,0.099549,0.104506,62827844.99976507
1721001600,0.104554,0.105827,0.102477,0.104744,80206799.053305
1721088000,0.104742,0.109297,0.101131,0.106918,177463846.3285537
1721174400,0.106911,0.112427,0.10614,0.10988,175984472.88489228
1721260800,0.10988,0.1112,0.101209,0.103151,110275711.65293156
1721347200,0.103151,0.105582,0.100854,0.105318,73754481.17844474
1721433600,0.10529,0.106995,0.104006,0.105288,58399683.55119936
1721520000,0.105289,0.106091,0.101607,0.105434,61904228.7704649
1721606400,0.105435,0.106267,0.102288,0.103563,95381421.29153314
1721692800,0.103613,0.104863,0.09943,0.101019,75164082.2323854
1721779200,0.101039,0.105888,0.100149,0.102974,70173721.13887852
1721865600,0.10295,0.104213,0.099845,0.102198,107271617.87557258
1721952000,0.102201,0.104525,0.101404,0.103136,51253867.44742637
1722038400,0.103136,0.103559,0.100135,0.101424,47429704.39651732
1722124800,0.101394,0.102247,0.0996,0.100261,41613479.8641446
1722211200,0.100261,0.101974,0.09878,0.099073,51350160.22401534
1722297600,0.099077,0.103618,0.098389,0.102465,86000199.70028359
1722384000,0.102458,0.106511,0.100367,0.100471,129913280.86681134
1722470400,0.100481,0.101068,0.095356,0.099214,97933846.33666493
1722556800,0.099259,0.099468,0.093058,0.095398,80383398.03181571
1722643200,0.095403,0.09593,0.091629,0.093299,78021786.49896874
1722729600,0.093332,0.093425,0.086452,0.088168,51888382.16416536
1722816000,0.088188,0.0892,0.075736,0.087992,142015566.55764112
1722902400,0.087992,0.093093,0.087756,0.092556,101644164.30217412
1722988800,0.092532,0.104299,0.091696,0.101578,220452786.26166764
1723075200,0.101531,0.103567,0.098255,0.103103,140321447.012097
1723161600,0.103103,0.103224,0.098542,0.09992,71568189.09279223
1723248000,0.09992,0.102027,0.099546,0.101269,37555392.44895164
1723334400,0.101265,0.103,0.097,0.097844,47240897.00560419
1723420800,0.097839,0.10054,0.097264,0.098817,73747749.96571328
1723507200,0.098844,0.0998,0.097613,0.099314,32939849.09671865
1723593600,0.099257,0.0995,0.096254,0.096609,47621441.8885026
1723680000,0.096599,0.098315,0.094587,0.095661,51798544.23841243
1723766400,0.095688,0.096094,0.09312,0.094871,64138974.45920845
1723852800,0.094833,0.096388,0.094495,0.095686,30842816.21375371
1723939200,0.095688,0.0965,0.093432,0.093523,37838700.91710847
1724025600,0.09352,0.096338,0.093068,0.096338,59510709.12753168
1724112000,0.096334,0.0992,0.096072,0.0975,58925024.99944806
1724198400,0.097567,0.099208,0.096246,0.098554,55296496.25556247
1724284800,0.098568,0.099719,0.097255,0.098936,42778814.78956279
1724371200,0.098932,0.102475,0.098696,0.101908,57936467.0187898
1724457600,0.101908,0.103666,0.100825,0.102602,51925253.42170353
1724544000,0.102602,0.102948,0.099811,0.100943,60675113.02367748
1724630400,0.100972,0.10125,0.096617,0.097113,45358042.67893745
1724716800,0.097065,0.097729,0.092324,0.093734,80817293.52287862
1724803200,0.09361,0.094799,0.090644,0.092791,79435826.84581648
1724889600,0.092751,0.09443,0.092051,0.093126,45899490.31583232
1724976000,0.093054,0.094114,0.091044,0.093193,49235154.48593845
1725062400,0.093176,0.093703,0.091876,0.092531,17501023.15787203
1725148800,0.092531,0.092563,0.089263,0.090015,41744046.66777638
1725235200,0.089998,0.092573,0.089951,0.092358,35774211.66015559
1725321600,0.092366,0.09447,0.091395,0.091471,49609885.03197568
1725408000,0.091457,0.0925,0.088347,0.091619,74485000.49707365
1725494400,0.091651,0.092015,0.089666,0.09022,47422466.91429334
1725580800,0.090205,0.090421,0.085442,0.088029,55696112.908566
1725667200,0.087996,0.089747,0.087499,0.088568,24072808.58920687
1725753600,0.088577,0.090157,0.088433,0.089995,24724995.42037025
1725840000,0.089962,0.093692,0.08987,0.093154,41259438.20665771
1725926400,0.093109,0.094531,0.092482,0.093934,24134071.01815662
1726012800,0.093947,0.094047,0.091414,0.09264,40041213.39825029
1726099200,0.092681,0.095727,0.092339,0.094921,51866758.14833929
1726185600,0.094931,0.097009,0.094054,0.096401,39140326.18580599
1726272000,0.096409,0.097366,0.095775,0.097121,32395037.68870063
1726358400,0.097115,0.097381,0.094674,0.095101,27130136.21795056
1726444800,0.0951,0.095647,0.093687,0.094971,40762941.46227202
1726531200,0.09489,0.096426,0.094019,0.09458,54468537.74887985
1726617600,0.094539,0.09607,0.092901,0.095995,48700759.45216792
1726704000,0.09601,0.097,0.09459,0.095995,53818204.06735646
1726790400,0.095995,0.097145,0.095242,0.096157,36625474.81930878
1726876800,0.096162,0.099168,0.095729,0.098013,35417362.22846797
1726963200,0.097989,0.098123,0.094806,0.09604,35776520.33125946
1727049600,0.096073,0.096798,0.094922,0.096298,32714677.49875469
1727136000,0.096312,0.096917,0.095,0.096824,25127892.84829371
1727222400,0.096849,0.097182,0.095652,0.09595,40238372.47925162
1727308800,0.09595,0.099542,0.094678,0.098028,72991476.02452452
1727395200,0.098,0.0995,0.097582,0.09946,35911733.48536146
1727481600,0.09946,0.101907,0.098328,0.09943,91672412.28229849
1727568000,0.099431,0.103871,0.098411,0.101777,70618403.73155183
1727654400,0.101818,0.10358,0.098248,0.098453,95352409.5151524
1727740800,0.098407,0.100838,0.092448,0.093857,127985889.17629343
1727827200,0.093773,0.095119,0.09,0.090486,107498413.94227214
1727913600,0.090445,0.09221,0.088148,0.090429,91570637.3324467
1728000000,0.090429,0.092061,0.089627,0.09186,58829813.73882263
1728086400,0.09186,0.09268,0.091035,0.092055,31060261.99988071
1728172800,0.092053,0.093249,0.091495,0.092372,17501533.1402069
1728259200,0.092328,0.093274,0.090713,0.09104,48451872.80335134
1728345600,0.091052,0.092244,0.089525,0.089981,47163770.64539574
1728432000,0.08998,0.090813,0.088759,0.089714,36024546.89030269
1728518400,0.089721,0.090327,0.08815,0.09011,40059720.47045999
1728604800,0.090116,0.0922,0.089771,0.091884,44021367.15830799
1728691200,0.091892,0.092483,0.0916,0.091905,22880177.1243945
1728777600,0.091906,0.091935,0.089627,0.090383,33737804.94209492
1728864000,0.090357,0.093718,0.089714,0.093434,42623786.35359783
1728950400,0.093467,0.094496,0.091089,0.092971,80093519.97978857
1729036800,0.092997,0.096384,0.092251,0.095534,60082125.08053798
1729123200,0.095538,0.096772,0.094,0.094912,59187751.22164233
1729209600,0.09491,0.096869,0.09435,0.096642,36680868.89108572
1729296000,0.096644,0.097499,0.095854,0.096885,30943501.57149624
1729382400,0.096902,0.097273,0.096119,0.097195,26047668.05299378
1729468800,0.097196,0.097483,0.0947,0.0953,46462808.26081323
1729555200,0.095301,0.097,0.094652,0.095172,56752785.14789621
1729641600,0.095172,0.095683,0.09261,0.094433,54183487.50857337
1729728000,0.094463,0.096748,0.094182,0.096615,39052258.96548239
1729814400,0.096616,0.097254,0.091356,0.093306,76513983.53175475
1729900800,0.093269,0.094868,0.092651,0.09414,42324685.86758484
1729987200,0.094139,0.096999,0.093342,0.094149,27323809.12572819
1730073600,0.09417,0.094691,0.092684,0.094274,36678178.5465661
1730160000,0.094295,0.096947,0.094163,0.096629,43623556.02001178
1730246400,0.096676,0.096796,0.094397,0.094714,29621906.3878363
1730332800,0.094693,0.094925,0.091749,0.092311,50542986.66725799
1730419200,0.09231,0.093649,0.090781,0.093074,45707561.76243377
1730505600,0.093079,0.093559,0.091536,0.09263,25644745.54008654
1730592000,0.092607,0.092675,0.08932,0.090616,44016184.24221962
1730678400,0.090665,0.092208,0.0901,0.0911,45888649.91143078
1730764800,0.091117,0.093951,0.090649,0.093415,46584501.0505035
1730851200,0.09346,0.097805,0.09346,0.09719,106343115.45334134
1730937600,0.097186,0.102369,0.09664,0.102213,105327131.77056077
1731024000,0.102213,0.103364,0.099868,0.101277,69926838.26776776
1731110400,0.101298,0.102445,0.099556,0.102294,46049138.1384773
1731196800,0.102286,0.113313,0.101556,0.108418,181548214.28709316
1731283200,0.10844,0.114989,0.107459,0.114852,138134998.18017218
1731369600,0.114899,0.14163,0.11101,0.134546,317170269.9139366
1731456000,0.134437,0.13858,0.120777,0.124435,217313239.87467176
1731542400,0.124434,0.140607,0.121758,0.131089,234037795.5459112
1731628800,0.131126,0.148004,0.128284,0.14576,238581290.3852343
1731715200,0.145698,0.243054,0.140686,0.220952,691983977.7104648
1731801600,0.220773,0.225962,0.188913,0.196348,318246018.7445377
1731888000,0.19648,0.25588,0.195974,0.231774,570741387.9337884
1731974400,0.231871,0.244613,0.222336,0.231865,248915353.64516583
1732060800,0.231887,0.269999,0.226,0.247587,366608291.606383
1732147200,0.24751,0.265,0.23,0.262242,303399806.58243454
1732233600,0.262243,0.352816,0.262243,0.340474,666017199.991855
1732320000,0.340471,0.553459,0.339551,0.52229,1399045290.739928
1732406400,0.522643,0.63898,0.428144,0.536547,1495914538.1813102
1732492800,0.536898,0.559464,0.471164,0.481433,822751405.3478498
1732579200,0.481395,0.514123,0.414924,0.438407,739510662.6081053
1732665600,0.438126,0.531971,0.418005,0.483976,737354878.4997551
1732752000,0.483909,0.505,0.463031,0.499695,310220276.89535356
1732838400,0.499977,0.56182,0.48663,0.548399,521399900.2873674
1732924800,0.547939,0.562,0.52099,0.525545,336352330.96171975
1733011200,0.525656,0.578833,0.492859,0.559508,407705492.25501287
1733097600,0.559521,0.605416,0.497501,0.539436,656453830.8828479
1733184000,0.539437,0.6,0.48213,0.507241,560017027.2347803
1733270400,0.50724,0.52244,0.475867,0.489841,313450527.01296985
1733356800,0.490049,0.503926,0.460001,0.471513,299937526.21975696
1733443200,0.471389,0.500723,0.455555,0.496411,189807016.646492
1733529600,0.496525,0.531504,0.480321,0.504212,148301468.66665956
1733616000,0.504191,0.504324,0.475487,0.493162,106559831.5827033
1733702400,0.493153,0.493279,0.354421,0.411151,266155348.66018245
1733788800,0.410592,0.4415,0.362389,0.436821,440314646.0470565
1733875200,0.43666,0.446288,0.402811,0.435425,304673456.30260634
1733961600,0.43547,0.450928,0.418767,0.425328,207731174.5006196
1734048000,0.42521,0.453022,0.411977,0.437809,154005966.73055318
1734134400,0.437904,0.451789,0.411066,0.424153,116583128.1154041
1734220800,0.424375,0.435446,0.416135,0.430243,98334494.88523847
1734307200,0.430316,0.447299,0.407,0.418839,121106186.12399651
1734393600,0.4189,0.471542,0.410209,0.428778,238428075.10578525
1734480000,0.4291,0.4472,0.39,0.395779,211470410.8605692
1734566400,0.395617,0.414493,0.35281,0.369432,251576048.00194073
1734652800,0.369538,0.383862,0.311903,0.375112,265615059.35716438
1734739200,0.375095,0.389795,0.350772,0.355914,134891594.2950186
1734825600,0.355811,0.371703,0.342643,0.356126,132277860.55774605
1734912000,0.356153,0.375,0.345334,0.370669,150951629.57682544
1734998400,0.370612,0.413916,0.35974,0.402221,164457389.27375686
1735084800,0.402149,0.40349,0.378088,0.382564,89792751.67579535
1735171200,0.382715,0.38652,0.349516,0.354302,118727462.25719796
1735257600,0.35439,0.368658,0.342866,0.349175,93334223.05572802
1735344000,0.3492,0.359351,0.34428,0.355586,44979048.19240678
1735430400,0.355461,0.355916,0.334649,0.337616,51033784.81593703
1735516800,0.337626,0.347409,0.320209,0.331293,108115205.79284526
1735603200,0.331253,0.345946,0.323288,0.332022,84706831.34943397
1735689600,0.332022,0.44,0.331472,0.424759,297428738.4136911
1735776000,0.42476,0.459338,0.412066,0.431594,214973036.78169554
1735862400,0.431502,0.46,0.429435,0.44802,230658215.9194988
1735948800,0.44805,0.485725,0.44432,0.450405,187155608.24995038
1736035200,0.450371,0.456668,0.431499,0.440633,95348328.36826564
1736121600,0.440589,0.463373,0.432501,0.446855,132921303.34709395
1736208000,0.446855,0.469409,0.414019,0.417763,173522934.01656577
1736294400,0.417699,0.439254,0.3893,0.425252,299825913.1226112
1736380800,0.425352,0.429996,0.386635,0.391367,173586364.94254172
1736467200,0.391371,0.425968,0.387232,0.414288,171001107.92208087
1736553600,0.414397,0.458879,0.403297,0.445723,152253639.74841633
1736640000,0.445602,0.446521,0.419428,0.422054,108717378.75241342
1736726400,0.422244,0.439001,0.392001,0.419652,204411641.15648925
1736812800,0.419597,0.436611,0.415253,0.430099,139719333.51806805
1736899200,0.430025,0.495365,0.426181,0.488175,363674789.7615725
1736985600,0.488078,0.514783,0.463439,0.481883,338554113.9710567
1737072000,0.482001,0.499953,0.474216,0.48787,207644024.47481018
1737158400,0.487971,0.492166,0.45116,0.490069,190466332.22959182
1737244800,0.490197,0.494839,0.417145,0.432747,252950862.5260231
1737331200,0.432653,0.478172,0.423157,0.446662,334595897.7417295
1737417600,0.446907,0.454751,0.427,0.442457,165429000.7297656
1737504000,0.442416,0.44545,0.425625,0.428399,142395811.7348286
1737590400,0.428468,0.437396,0.412156,0.430968,163217653.13077238
1737676800,0.430999,0.448851,0.419791,0.430933,149658368.76102853
1737763200,0.430878,0.437197,0.41326,0.417009,73966576.02639447
1737849600,0.417014,0.426143,0.405599,0.406251,93747417.55700716
1737936000,0.406069,0.410108,0.363,0.407363,271453401.69801176
1738022400,0.407513,0.421074,0.390019,0.392557,155703091.5508021
1738108800,0.392502,0.406625,0.381771,0.392914,154465357.31965813
1738195200,0.392903,0.443999,0.389222,0.428698,224675543.4951252
1738281600,0.428756,0.429978,0.406938,0.413928,121375731.60176769
1738368000,0.413879,0.42031,0.388655,0.391985,91751035.83586653
1738454400,0.391935,0.401294,0.33591,0.353692,255370078.93341792
1738540800,0.353998,0.372777,0.26127,0.370934,445415022.5734014
1738627200,0.370746,0.37566,0.332728,0.340915,221258296.78709203
1738713600,0.341001,0.348829,0.322252,0.327256,128355482.99969883
1738800000,0.327252,0.341264,0.313153,0.31823,137046669.63218257
1738886400,0.318284,0.345443,0.31663,0.326857,175497265.6231107
1738972800,0.326853,0.334518,0.320834,0.331581,65187288.47477992
1739059200,0.331616,0.338872,0.302853,0.314062,105651024.6870021
1739145600,0.314068,0.323069,0.303328,0.313191,106791404.78237936
1739232000,0.313311,0.339466,0.312041,0.318039,123624256.52455828
1739318400,0.317904,0.337222,0.307031,0.333265,140918812.13778707
1739404800,0.333269,0.343,0.322559,0.336998,91604323.8331326
1739491200,0.33704,0.36293,0.333967,0.350607,179516411.9229261
1739577600,0.350706,0.366119,0.345587,0.348883,103626609.08218001
1739664000,0.348798,0.35195,0.339701,0.342565,52403288.22659558
1739750400,0.342537,0.3485,0.330377,0.334058,97772688.76440582
1739836800,0.334059,0.335336,0.31553,0.323431,82137904.30850686
1739923200,0.323338,0.34249,0.320864,0.341822,81773542.65544213
1740009600,0.341885,0.349764,0.335835,0.344592,67039171.06905051
1740096000,0.344708,0.346456,0.320391,0.325895,90211491.85630316
1740182400,0.325976,0.339796,0.324201,0.334261,42782852.30856024
1740268800,0.334459,0.336151,0.3267,0.333025,30883101.75397903
1740355200,0.33311,0.335,0.294052,0.297765,107700554.29043612
1740441600,0.297667,0.30341,0.270744,0.295184,133475169.42886575
1740528000,0.295334,0.298937,0.277798,0.286036,62932717.41510852
1740614400,0.286144,0.293475,0.27686,0.28305,66435908.35188184
1740700800,0.283128,0.288677,0.252364,0.286236,100360346.58635448
1740787200,0.286319,0.31864,0.283414,0.311209,97653127.61041594
1740873600,0.311428,0.375175,0.309353,0.351196,247894227.81830943
1740960000,0.351196,0.361473,0.289707,0.292341,181023251.46777415
1741046400,0.292022,0.301171,0.273756,0.294893,142877772.88753188
1741132800,0.29478,0.308966,0.290031,0.299644,73162779.1064228
1741219200,0.299484,0.309752,0.295009,0.296156,76820003.32473531
1741305600,0.296156,0.302919,0.279667,0.283219,113298878.70361589
1741392000,0.283198,0.28475,0.271964,0.275716,41366792.48821006
1741478400,0.275716,0.279583,0.260941,0.263049,64934636.13827979
1741564800,0.263078,0.275593,0.239657,0.241778,124058849.53268
1741651200,0.241779,0.261354,0.22679,0.255292,94924614.16500533
1741737600,0.25539,0.263492,0.246608,0.259359,76373521.75323933
1741824000,0.259337,0.29485,0.258479,0.273717,181252277.85458565
1741910400,0.273865,0.283549,0.270825,0.276255,89162687.34921122
1741996800,0.276258,0.284209,0.271535,0.274559,56168539.96443978
1742083200,0.274602,0.276208,0.260832,0.26259,53421241.43739931
1742169600,0.262612,0.277458,0.262286,0.273008,72196907.55381674
1742256000,0.272953,0.275,0.262383,0.27341,49562856.649955
1742342400,0.273364,0.297747,0.273198,0.290757,143710252.13651493
1742428800,0.29073,0.292748,0.2778,0.281332,65116698.33668043
1742515200,0.281171,0.287699,0.274,0.276983,49152001.29271439
1742601600,0.276866,0.27993,0.273381,0.273959,29579019.48835033
1742688000,0.273927,0.283976,0.273127,0.283207,34273383.32207631
1742774400,0.283048,0.294955,0.278173,0.290756,56624510.13823718
1742860800,0.290705,0.296101,0.286115,0.293837,41729386.80869285
1742947200,0.293804,0.302261,0.283382,0.285466,58990489.99216743
1743033600,0.285486,0.294766,0.281987,0.286296,51854490.4370383
1743120000,0.286293,0.289053,0.269612,0.274473,59244371.60208964
1743206400,0.274553,0.276768,0.26174,0.267226,40129822.88708358
1743292800,0.267082,0.272455,0.263201,0.266768,33739229.09011572
1743379200,0.266768,0.269844,0.25835,0.26391,65467373.75064529
1743465600,0.263909,0.27921,0.261852,0.272001,56945432.36827322
1743552000,0.27213,0.27815,0.254207,0.25813,96266826.0437058
1743638400,0.258089,0.267036,0.25,0.261,59740842.55546012
1743724800,0.261019,0.264927,0.253262,0.259492,60193109.91548371
1743811200,0.259487,0.261403,0.24837,0.252409,35637254.4426424
1743897600,0.252409,0.254131,0.222884,0.226174,82273967.66706973
1743984000,0.226202,0.244824,0.2,0.232023,149134909.3106583
1744070400,0.232056,0.241437,0.219635,0.22097,78930468.03133419
1744156800,0.221016,0.246,0.213219,0.242211,128836957.85780023
1744243200,0.242119,0.24238,0.224254,0.230146,63207941.27398166
1744329600,0.230049,0.237718,0.229184,0.233724,61548979.87284321
1744416000,0.233865,0.248588,0.232856,0.246294,41742535.5314762
1744502400,0.246157,0.2526,0.234875,0.237928,75253015.79422349
1744588800,0.237928,0.247354,0.23695,0.239934,61280041.76065126
1744675200,0.239936,0.245102,0.235236,0.235517,50947596.86482309
1744761600,0.235418,0.23974,0.23055,0.235814,57509389.29556139
1744848000,0.235822,0.242221,0.234348,0.239429,51260952.30668021
1744934400,0.23943,0.244652,0.238003,0.239986,34498999.63193322
1745020800,0.239987,0.249429,0.239723,0.246103,32980247.02882128
1745107200,0.24618,0.247496,0.238373,0.243534,39658961.13888782
1745193600,0.243621,0.262512,0.243605,0.250245,99786253.91249168
1745280000,0.250239,0.267992,0.243789,0.265113,93340867.67937215
1745366400,0.26511,0.27544,0.26317,0.266482,97209552.84862667
1745452800,0.26639,0.28373,0.258847,0.281126,102236970.69542871
1745539200,0.280995,0.29165,0.274346,0.283642,82244468.35814556
1745625600,0.283805,0.297505,0.283805,0.290765,75581362.18115449
1745712000,0.290834,0.294444,0.280724,0.284303,100095236.74746117
1745798400,0.284348,0.294342,0.27839,0.282468,105100495.60308594
1745884800,0.282504,0.28514,0.275244,0.277785,60069863.63948034
1745971200,0.27774,0.281909,0.268048,0.271021,71508493.79281488
1746057600,0.271091,0.280576,0.27019,0.273691,72714201.95867439
1746144000,0.273545,0.279722,0.270703,0.274678,62510290.14974271
1746230400,0.274749,0.275826,0.267934,0.269159,40400568.06954619
1746316800,0.269134,0.273603,0.265,0.265446,48624492.05927016
1746403200,0.265408,0.270459,0.256242,0.258331,94589140.22681627
1746489600,0.258237,0.26312,0.25194,0.262846,79978628.32688987
1746576000,0.262879,0.264457,0.25641,0.260362,52238953.67248662
1746662400,0.26039,0.291611,0.258878,0.291238,151949402.1483303
1746748800,0.291073,0.30667,0.289307,0.295259,194922845.59309295
1746835200,0.295345,0.321699,0.293614,0.321699,131377042.07154518
1746921600,0.321771,0.324805,0.300761,0.306353,105084840.96849665
1747008000,0.306365,0.33446,0.305513,0.312577,245822018.68818787
1747094400,0.312628,0.318283,0.297314,0.314126,122936647.81481962
1747180800,0.314051,0.318217,0.300818,0.303733,105190991.79480895
1747267200,0.303842,0.308002,0.286976,0.293231,132105811.58114061
1747353600,0.293189,0.301012,0.289045,0.293155,83924549.60331936
1747440000,0.293235,0.294322,0.28168,0.286622,80639058.38848151
1747526400,0.286579,0.297643,0.28186,0.292532,116358108.05548476
1747612800,0.292532,0.294191,0.276985,0.286746,119040110.12428132
1747699200,0.286733,0.290415,0.280006,0.287675,98714292.59126346
1747785600,0.28766,0.298252,0.284059,0.293311,131003560.42501494
1747872000,0.293442,0.307564,0.293067,0.304304,92759396.25798218
1747958400,0.304296,0.312445,0.284194,0.28527,119442528.09366791
1748044800,0.285293,0.2916,0.284203,0.28605,27752991.67657974
1748131200,0.286049,0.287948,0.27763,0.287912,56708169.42644881
1748217600,0.287931,0.290652,0.283261,0.285829,46449634.15794561
1748304000,0.285778,0.293171,0.281227,0.287303,48123963.10461914
1748390400,0.287241,0.289961,0.27911,0.285406,47155084.5926883
1748476800,0.285406,0.288707,0.278369,0.279111,71613232.90502267
1748563200,0.279179,0.2801,0.263648,0.2652,102541531.37709905
1748649600,0.265123,0.267784,0.259,0.264232,53623550.21198703
1748736000,0.264263,0.268286,0.262,0.267489,43345313.39890276
1748822400,0.267479,0.272106,0.26388,0.272016,54694176.73871441
1748908800,0.27204,0.276593,0.269915,0.273025,57300052.67295613
1748995200,0.272962,0.275759,0.265362,0.266783,39762621.43655218
1749081600,0.266835,0.269054,0.252601,0.257202,68028143.9434584
1749168000,0.257158,0.266844,0.25577,0.262979,40871522.25253133
1749254400,0.26298,0.268134,0.262072,0.264779,24101655.32236243
1749340800,0.264792,0.27447,0.263269,0.268032,54514189.69436541
1749427200,0.267855,0.275128,0.264316,0.275,44301416.20780659
1749513600,0.27498,0.28152,0.272158,0.280521,62607913.3203231
1749600000,0.28057,0.284847,0.276161,0.276845,81506701.79771107
1749686400,0.276782,0.278355,0.267423,0.267475,60242864.05062281
1749772800,0.267451,0.267451,0.253733,0.26092,83804411.90634046
1749859200,0.260949,0.261252,0.253058,0.256597,27094891.61770371
1749945600,0.256597,0.259964,0.254566,0.258671,27076639.76849283
1750032000,0.25869,0.27036,0.256429,0.261759,59264625.58091954
1750118400,0.261774,0.263911,0.250623,0.251977,69805877.03014646
1750204800,0.252009,0.254168,0.245965,0.252462,53419676.88316176
1750291200,0.252461,0.253186,0.247377,0.249632,21995170.79359894
1750377600,0.249616,0.251731,0.240241,0.241984,58280163.90200247
1750464000,0.242004,0.244888,0.232602,0.237282,42335082.5400357
1750550400,0.237282,0.238936,0.216784,0.228909,80783357.002175
1750636800,0.228923,0.246456,0.225171,0.245881,65069696.08776275
1750723200,0.245889,0.249922,0.243919,0.24885,38017100.00363887
1750809600,0.24885,0.24928,0.239808,0.241571,36417072.70268112
1750896000,0.241571,0.24435,0.233836,0.234252,36886068.38970706
1750982400,0.234279,0.238572,0.23266,0.236996,42247711.6444207
1751068800,0.237033,0.240224,0.236047,0.238992,21102416.09156091
1751155200,0.238961,0.242263,0.234874,0.24033,25984306.43650296
1751241600,0.240344,0.243243,0.233795,0.238091,67630122.3263025
1751328000,0.23812,0.239651,0.222854,0.225451,62306625.24432859
1751414400,0.225438,0.240487,0.224209,0.238077,48311918.76541161
1751500800,0.238139,0.24797,0.237706,0.242676,59049144.02291655
1751587200,0.242676,0.244959,0.23509,0.237707,38729752.4201241
1751673600,0.237712,0.238842,0.235013,0.238417,13921792.70895017
1751760000,0.238415,0.251935,0.236733,0.250744,61556091.46183233
1751846400,0.250718,0.257381,0.246102,0.248268,103662510.74345618
1751932800,0.248232,0.2598,0.246174,0.259563,74613959.44381773
1752019200,0.259563,0.297593,0.256724,0.288268,186608301.26353142
1752105600,0.288315,0.306027,0.285363,0.303062,189025714.9215943
1752192000,0.303027,0.4,0.297618,0.36036,402390299.4557485
1752278400,0.360273,0.418898,0.351,0.393096,311159261.73327494
1752364800,0.39308,0.482557,0.387311,0.470758,361202275.4763283
1752451200,0.470781,0.52,0.438361,0.463526,423096559.04605573
1752537600,0.463776,0.474899,0.429497,0.451626,259345122.1178555
1752624000,0.451597,0.480992,0.447347,0.453726,244741377.6003716
1752710400,0.453738,0.514709,0.444576,0.497701,284302549.2236493
1752796800,0.497595,0.520657,0.45,0.459218,220309801.54603097
1752883200,0.45924,0.469615,0.450379,0.461326,79621764.08415234
1752969600,0.461376,0.4774,0.455,0.462733,87054435.51012792
1753056000,0.462795,0.494208,0.45612,0.473159,128307257.49847417
1753142400,0.473204,0.476819,0.449342,0.472487,116155632.02175339
1753228800,0.47264,0.474699,0.409,0.428152,141546057.26612908
1753315200,0.427998,0.448194,0.401232,0.424732,128614858.98908862
1753401600,0.424754,0.43664,0.404911,0.431329,119966530.05736446
1753488000,0.431371,0.446921,0.42871,0.435308,67463143.56126378
1753574400,0.435338,0.4597,0.434018,0.444425,72554293.6565991
1753660800,0.444427,0.454437,0.4155,0.419291,70974278.35057531
1753747200,0.419271,0.434866,0.411743,0.421035,56995032.52739935
1753833600,0.421018,0.424332,0.393,0.407631,86143950.57495637
1753920000,0.407595,0.428758,0.400182,0.400964,84220800.4862184
1754006400,0.401043,0.4016,0.374724,0.381972,148591660.80944747
1754092800,0.381964,0.391212,0.361919,0.36698,86871634.64259046
1754179200,0.36704,0.403302,0.3612,0.399364,88073319.75969987
1754265600,0.399354,0.419705,0.396608,0.413442,92623080.06851558
1754352000,0.413442,0.418535,0.39137,0.39585,90382076.99756815
1754438400,0.395918,0.402647,0.384783,0.400185,68642742.97051087
1754524800,0.400278,0.440979,0.396448,0.439549,94112407.45658864
1754611200,0.439546,0.468931,0.436194,0.450049,159479415.71543923
1754697600,0.450073,0.456999,0.444778,0.446969,54060186.60439366
1754784000,0.446969,0.456662,0.433156,0.444589,65682619.17179667
1754870400,0.444635,0.461122,0.427512,0.430403,97709263.03869598
1754956800,0.430375,0.455887,0.42974,0.449192,86396570.63492163
1755043200,0.449165,0.459566,0.440274,0.451983,74887840.93368036
1755129600,0.452082,0.471303,0.41047,0.423655,113736800.3510058
1755216000,0.423685,0.433507,0.411737,0.430588,71373121.7446933
1755302400,0.430588,0.433179,0.422567,0.426832,31108877.8660783
1755388800,0.426807,0.434202,0.423603,0.424734,34910861.60920476
1755475200,0.424733,0.42529,0.4035,0.414694,66936834.22756467
1755561600,0.41473,0.418506,0.3895,0.390752,63221472.80533232
1755648000,0.390784,0.408676,0.387352,0.404544,60663694.13171618
1755734400,0.404567,0.407535,0.389671,0.391125,41848634.73050674
1755820800,0.391132,0.428904,0.380654,0.424606,97778973.9517007
1755907200,0.424495,0.424902,0.409464,0.416511,39733768.60616417
1755993600,0.416524,0.424,0.402232,0.407798,60960688.03258572
1756080000,0.40785,0.410841,0.377477,0.3843,69993026.8486475
1756166400,0.3843,0.399652,0.382032,0.394826,59078213.39783248
1756252800,0.394854,0.394942,0.377589,0.379008,64665705.73215222
1756339200,0.379072,0.387448,0.374312,0.382247,41473982.76579224
1756425600,0.38221,0.382505,0.354627,0.361494,73920780.27711286
1756512000,0.361532,0.36263,0.351825,0.360024,33501717.54414375
1756598400,0.360032,0.364834,0.35218,0.352704,32872056.74573957
1756684800,0.352791,0.363907,0.344309,0.35742,73906457.61984712
1756771200,0.357446,0.368068,0.354005,0.368068,57201648.74025203
1756857600,0.368067,0.368882,0.360538,0.362161,46850865.80750086
1756944000,0.36219,0.36357,0.350739,0.352009,40635518.55717746
1757030400,0.352015,0.367949,0.350748,0.359579,48033067.9319724
1757116800,0.359578,0.36139,0.352976,0.355846,21237353.9086656
1757203200,0.35585,0.365757,0.355496,0.3617,35180020.67479621
1757289600,0.361585,0.384734,0.358333,0.377482,72813889.63508385
1757376000,0.377597,0.386751,0.37056,0.372146,53041065.42267182
1757462400,0.372183,0.386078,0.370148,0.383453,39077716.2664016
1757548800,0.383454,0.396609,0.383246,0.39606,54728907.55506253
1757635200,0.396058,0.405567,0.390162,0.40522,48743619.81453738
1757721600,0.4053,0.414396,0.400197,0.40518,52452151.10216489
1757808000,0.405132,0.405773,0.384104,0.389695,37976981.28505365
1757894400,0.38971,0.394771,0.374152,0.380678,44562572.05720565
1757980800,0.38059,0.391675,0.374747,0.384228,42275131.44734562
1758067200,0.384258,0.398546,0.38,0.395542,61131380.34045017
1758153600,0.39558,0.404889,0.392318,0.396289,52328714.3287538
1758240000,0.396282,0.399911,0.38562,0.38832,41412925.16451623
1758326400,0.38827,0.394003,0.385001,0.386404,23503133.04380844
1758412800,0.386356,0.39078,0.379157,0.379891,23660728.49435823
1758499200,0.37989,0.380702,0.344958,0.368589,53651098.11229355
1758585600,0.368587,0.374948,0.361448,0.364505,42629549.80263282
1758672000,0.364567,0.381439,0.3573,0.374756,38429033.13225534
1758758400,0.374794,0.377,0.346799,0.350571,52898887.61810717
1758844800,0.35064,0.364314,0.346016,0.3621,39384146.79727579
1758931200,0.3621,0.363324,0.356271,0.360975,18189707.94757498
1759017600,0.36097,0.369548,0.352041,0.367703,20099392.69165504
1759104000,0.367828,0.377051,0.36333,0.371866,35151966.73390827
1759190400,0.371906,0.374346,0.35782,0.364252,32488074.31172796
1759276800,0.36423,0.398794,0.361575,0.398522,49006071.01388787
1759363200,0.398466,0.414113,0.394773,0.408899,64069819.43902829
1759449600,0.408933,0.413764,0.399228,0.406485,69986887.45583795
1759536000,0.406485,0.408104,0.388198,0.393898,28971024.44922556
1759622400,0.39403,0.409054,0.39189,0.396368,41081274.64996735
1759708800,0.3964,0.413,0.393615,0.408619,55693006.54954623
1759795200,0.408666,0.4104,0.383069,0.383935,48091058.37585585
1759881600,0.383906,0.392491,0.378044,0.38851,32374708.32486137
1759968000,0.38851,0.388785,0.37111,0.379517,30891803.92087495
1760054400,0.37954,0.386209,0.28,0.323468,88962818.84273735
1760140800,0.323254,0.340507,0.309129,0.323358,77586183.73452315
1760227200,0.323398,0.350532,0.313824,0.341847,65244495.1762946
1760313600,0.341842,0.354958,0.336468,0.35146,74981885.49554802
1760400000,0.35146,0.353349,0.318772,0.337578,77986176.79653113
1760486400,0.33744,0.342643,0.31983,0.324664,56409298.79254206
1760572800,0.32476,0.332758,0.3075,0.312232,96842577.28702876
1760659200,0.312178,0.317767,0.289438,0.30854,87024238.35336185
1760745600,0.308659,0.320057,0.30822,0.314439,26382820.17307376
1760832000,0.31451,0.323675,0.307294,0.317968,30410846.01532019
1760918400,0.317936,0.333071,0.313103,0.324384,32048129.47875503
1761004800,0.324431,0.333025,0.313623,0.314203,53695132.17117768
1761091200,0.313652,0.315404,0.302419,0.308115,48485581.04206928
1761177600,0.308114,0.317045,0.307976,0.311535,29548987.09992084
1761264000,0.311538,0.324694,0.310279,0.319429,40089602.99695003
1761350400,0.319429,0.330266,0.317715,0.32498,19906460.47574721
1761436800,0.32498,0.332993,0.322498,0.330444,30145198.48782679
1761523200,0.330358,0.3347,0.32133,0.322729,42021437.86646234
1761609600,0.322655,0.337916,0.31395,0.318345,72052966.48161912
1761696000,0.318319,0.32487,0.310855,0.315898,54544978.46563693
1761782400,0.31595,0.318602,0.290195,0.298439,48112985.65374922
1761868800,0.298439,0.312604,0.297904,0.304722,42010462.12908101
1761955200,0.304722,0.307276,0.301479,0.30495,20198060.01036459
1762041600,0.304917,0.3077,0.2995,0.304665,18765166.98793665
1762128000,0.30474,0.30556,0.272951,0.278113,56831878.22329803
1762214400,0.278162,0.284257,0.2535,0.269458,77261059.02867068
1762300800,0.26942,0.282064,0.25777,0.280058,50254386.74076494
1762387200,0.27999,0.281841,0.26341,0.269618,41150461.3284092
1762473600,0.26951,0.293151,0.26535,0.291458,75792422.11536916
1762560000,0.291448,0.29555,0.278342,0.28331,30768932.34365539
1762646400,0.283319,0.287892,0.272606,0.285834,34124277.48901201
1762732800,0.285782,0.311374,0.283773,0.300355,74620939.34485568
1762819200,0.300355,0.304999,0.279768,0.281755,50394406.74830806
1762905600,0.281792,0.294968,0.273592,0.277704,37308084.95303691
1762992000,0.277688,0.299656,0.2625,0.268289,71273865.91804034
1763078400,0.268363,0.270777,0.256204,0.259198,55857299.56614978
1763164800,0.259282,0.267254,0.25741,0.259476,22382283.62473977
1763251200,0.259454,0.26299,0.248863,0.253816,35156770.74276275
1763337600,0.25387,0.262108,0.243922,0.24687,59058172.34257178
1763424000,0.246871,0.260131,0.24,0.255767,47159197.6026644
1763510400,0.25577,0.256657,0.235154,0.2463,51656918.54815985
1763596800,0.246253,0.254137,0.233716,0.236648,48946523.30653294
1763683200,0.236692,0.240241,0.216643,0.231781,74204304.02747983
1763769600,0.231706,0.233042,0.225876,0.230055,30626150.10435346
1763856000,0.23,0.253189,0.229096,0.247252,41244732.00274681
1763942400,0.247242,0.260099,0.2413,0.254591,60155965.36194856
1764028800,0.254667,0.256304,0.241,0.252182,36317195.69620612
1764115200,0.252182,0.261963,0.247839,0.258454,42574377.52345572
1764201600,0.258453,0.259427,0.250908,0.25573,32116656.79534364
1764288000,0.25564,0.263,0.2509,0.253312,29013501.66452896
1764374400,0.25333,0.257794,0.249973,0.253996,17282469.10225385
1764460800,0.253996,0.255974,0.247715,0.248069,14703319.38654816
1764547200,0.247942,0.24888,0.226735,0.233838,64212248.14832941
1764633600,0.233834,0.25803,0.230111,0.254688,42876783.42237835
1764720000,0.25473,0.262955,0.251332,0.258006,35722422.70898006
1764806400,0.258048,0.259,0.248451,0.252057,22235620.31037271
1764892800,0.252069,0.254184,0.238816,0.239776,23166097.42787281
1764979200,0.239744,0.242807,0.23769,0.239555,12290795.65606619
1765065600,0.239551,0.244851,0.231721,0.237348,23606407.96839216
1765152000,0.237309,0.246763,0.236944,0.240633,25088794.72443885
1765238400,0.240631,0.258309,0.237505,0.253121,38827771.60169458
1765324800,0.25312,0.259871,0.248768,0.249908,34346686.44109722
1765411200,0.249888,0.250496,0.23915,0.245823,32115519.53542915
1765497600,0.245902,0.248104,0.233143,0.238658,30881549.7294298
1765584000,0.238658,0.240844,0.236276,0.237797,11415749.13215417
1765670400,0.237765,0.238398,0.2275,0.229522,26709096.05029098
1765756800,0.229436,0.23517,0.211807,0.220523,55395670.07807013
1765843200,0.220545,0.224438,0.215,0.219416,33989967.14695161
1765929600,0.219439,0.22515,0.208975,0.210664,39070239.2104738
1766016000,0.210571,0.218835,0.202901,0.207295,38608636.55594145
1766102400,0.207297,0.221639,0.204164,0.219218,43883902.77987794
1766188800,0.21918,0.223379,0.217594,0.218222,18550074.42130015
1766275200,0.218178,0.219684,0.211909,0.216409,15613593.28335856
1766361600,0.21648,0.22616,0.214485,0.220416,31727791.37805274
1766448000,0.220376,0.221452,0.21345,0.217122,30520524.85309531
1766534400,0.217076,0.218153,0.211045,0.212,20188811.39057675
1766620800,0.212021,0.21663,0.208325,0.209879,15226327.17714957
1766707200,0.209833,0.217107,0.20815,0.213355,27461725.05421357
1766793600,0.2133,0.221363,0.212023,0.220682,20396626.47261794
1766880000,0.220698,0.224759,0.217951,0.22033,22013403.32113589
1766966400,0.22031,0.22744,0.215193,0.215851,39731414.91684793
1767052800,0.215848,0.216013,0.2097,0.210429,72124373.51542705
1767139200,0.210429,0.211048,0.197338,0.200721,66460791.28427883
1767225600,0.200728,0.209989,0.20063,0.208319,61243381.39774316
1767312000,0.208323,0.225858,0.205181,0.219088,116867670.04665302
1767398400,0.219029,0.22763,0.216632,0.222105,42765628.96725991
1767484800,0.222117,0.235398,0.221711,0.23288,61678399.87995335
1767571200,0.232895,0.254176,0.22956,0.252669,149245097.7504976
1767657600,0.25262,0.255505,0.233752,0.243676,80838897.4785952
1767744000,0.243622,0.243814,0.231681,0.233943,46038211.87630018
1767830400,0.233809,0.235882,0.225338,0.230109,51262016.39808494
1767916800,0.230133,0.23325,0.22518,0.228003,42930381.61519732
1768003200,0.227976,0.228927,0.225,0.226157,18683402.30457588
1768089600,0.226111,0.228936,0.221331,0.224087,26148013.30361507
1768176000,0.224044,0.228524,0.21636,0.219047,49721402.4489115
1768262400,0.218959,0.241409,0.218629,0.238537,62875410.66655651
1768348800,0.238537,0.246923,0.234974,0.236195,74387385.87922779
1768435200,0.236196,0.236508,0.224749,0.228374,46081996.47075079
1768521600,0.228343,0.229379,0.220099,0.225978,26878399.89404006
1768608000,0.225978,0.239061,0.224571,0.230762,28198538.50614673
1768694400,0.230754,0.232656,0.217877,0.218137,31394618.24286826
1768780800,0.21799,0.219955,0.20825,0.21557,54321801.57938913
1768867200,0.215613,0.216755,0.205189,0.206751,35691810.40112549
1768953600,0.206788,0.217383,0.205172,0.212284,44611888.11790046
1769040000,0.21229,0.216931,0.209401,0.211271,28202345.85558901
1769126400,0.2114,0.218693,0.208263,0.211895,19439899.51566504
1769212800,0.212007,0.212919,0.209937,0.211021,8507640.27335456
1769299200,0.21112,0.211467,0.200589,0.202966,31439490.19782037
1769385600,0.202968,0.211661,0.202968,0.206965,31787361.16970411
1769472000,0.206965,0.209651,0.203038,0.208241,30276258.48310896
1769558400,0.208248,0.211784,0.2065,0.21007,27048348.89730837
1769644800,0.21017,0.210189,0.194642,0.19841,41915345.4085916
1769731200,0.19845,0.19958,0.188154,0.19159,58916864.2049554
1769817600,0.191645,0.192204,0.166,0.180854,74664175.71417356
1769904000,0.180815,0.1824,0.170999,0.174835,37052430.41898824
1769990400,0.174882,0.183551,0.168286,0.178492,55459926.31099731
1770076800,0.17853,0.1818,0.167637,0.175503,43166280.7210374
1770163200,0.175472,0.178366,0.166812,0.171011,45664154.70273729
1770249600,0.170979,0.171167,0.14321,0.146854,129500912.4237375
1770336000,0.146783,0.171206,0.13612,0.16402,116168419.98248789
1770422400,0.163983,0.164628,0.155969,0.161683,36788620.07620195
1770508800,0.16173,0.164952,0.158787,0.161403,24573416.70049047
1770595200,0.161392,0.163889,0.156016,0.15948,32590233.87297174
1770681600,0.15948,0.1609,0.154692,0.158478,30287339.2936884
1770768000,0.158446,0.15898,0.15052,0.154586,36306856.08434911
1770854400,0.154593,0.163561,0.153776,0.15621,30158527.17639647
1770940800,0.156205,0.166587,0.154437,0.164408,34638341.29994819
1771027200,0.164443,0.176669,0.164352,0.17434,25147564.0580271
1771113600,0.17433,0.18554,0.167453,0.17013,45183652.42504974
1771200000,0.170134,0.172512,0.16602,0.16967,22783796.44513413
1771286400,0.16969,0.1703,0.164151,0.165613,22817235.76126533
1771372800,0.165554,0.169343,0.160737,0.161231,21462946.13037933
1771459200,0.16125,0.16595,0.157159,0.158933,26675305.23099392
1771545600,0.158911,0.16517,0.157425,0.162597,29722090.20442249
1771632000,0.162576,0.164474,0.160942,0.160975,13440512.26135673
1771718400,0.160951,0.161,0.153759,0.154872,78100637.24916685
1771804800,0.154875,0.157453,0.149094,0.15154,41531813.01816067
1771891200,0.15158,0.152552,0.147299,0.14957,36958934.1442701
1771977600,0.14957,0.169331,0.149392,0.162661,55571210.51469375
1772064000,0.162603,0.165532,0.158445,0.16218,32161493.02357725
1772150400,0.162213,0.170967,0.156276,0.158794,41182625.8203088
1772236800,0.15875,0.160323,0.147888,0.15895,52735911.95882133
1772323200,0.15901,0.16463,0.151786,0.15421,38934382.37665295
1772409600,0.154191,0.16218,0.15187,0.155759,36197181.38616262
1772496000,0.155799,0.155799,0.148628,0.151588,41271600.8378373
1772582400,0.15159,0.165868,0.149808,0.1596,67990806.19161795
1772668800,0.159605,0.161217,0.154206,0.156849,34878061.66547101
1772755200,0.156849,0.160525,0.150069,0.15228,35666794.76762829
1772841600,0.15228,0.15355,0.149179,0.150477,16589566.11423897
1772928000,0.15048,0.152269,0.146781,0.148136,28148986.20025214
1773014400,0.148146,0.15412,0.148016,0.15075,33192497.85971836
1773100800,0.150748,0.167855,0.150521,0.158539,64856238.11826128
1773187200,0.15853,0.162225,0.155516,0.15922,34284041.70916081
1773273600,0.15924,0.161107,0.15645,0.160034,23490430.35804077
1773360000,0.160004,0.1682,0.159404,0.164052,42263552.48973995
1773446400,0.164016,0.166714,0.162337,0.16656,19774613.57898112
1773532800,0.16659,0.17131,0.165445,0.169331,25440049.24175961
1773619200,0.16936,0.17704,0.16693,0.17602,60102833.9381347
1773705600,0.175975,0.18198,0.172188,0.173689,35366957.27090021
1773792000,0.17371,0.177582,0.165197,0.17019,34602696.62527991
1773878400,0.170174,0.170814,0.163311,0.16534,26252216.58943389
1773964800,0.16534,0.16892,0.163304,0.16547,22821580.00328384
1774051200,0.16551,0.1669,0.161343,0.162144,12425257.92387204
1774137600,0.162075,0.1637,0.154899,0.155898,28406299.41249385
1774224000,0.1559,0.1675,0.155372,0.166752,51581006.12997802
1774310400,0.166736,0.175174,0.16374,0.17382,43849026.41145809
1774396800,0.173799,0.182339,0.17361,0.177444,52783822.21437473
1774483200,0.177373,0.178443,0.171073,0.173855,31714929.07444837
1774569600,0.17376,0.17531,0.166666,0.167207,24179392.6164171
1774656000,0.167204,0.1717,0.164371,0.167785,19726587.47516748
1774742400,0.1678,0.169195,0.161126,0.164574,18972734.48402305
1774828800,0.164455,0.173816,0.164282,0.16727,33193412.53835884
1774915200,0.16727,0.170792,0.163479,0.166944,30434174.90543042
1775001600,0.166968,0.17454,0.166739,0.169299,32663065.23786622
1775088000,0.169297,0.170978,0.1602,0.16294,49224659.80572404
1775174400,0.162984,0.166541,0.161875,0.16298,25777575.31551939
1775260800,0.162953,0.163296,0.160633,0.161903,14445300.29737497
1775347200,0.161904,0.16274,0.1555,0.162695,22632115.27778532
1775433600,0.162695,0.164174,0.15513,0.15564,31648090.17782569
1775520000,0.155623,0.16462,0.153513,0.163513,34067765.68856914
1775606400,0.163512,0.165204,0.157478,0.157729,31987928.02765174
1775692800,0.157711,0.158748,0.152301,0.154819,54162502.53248302
1775779200,0.154836,0.158471,0.152885,0.15541,34645351.20841569
1775865600,0.155409,0.156956,0.153165,0.15375,20018996.95730231
1775952000,0.15375,0.154221,0.150241,0.150299,16310780.74987144
1776038400,0.150299,0.156587,0.15,0.156368,23277972.90998597
1776124800,0.156398,0.158744,0.153882,0.154752,30237560.19574386
1776211200,0.154744,0.158957,0.154466,0.157924,29449439.75097101
1776297600,0.15793,0.169615,0.157393,0.169258,65705776.8058338
1776384000,0.16926,0.1773,0.164254,0.17424,54222687.15843811
1776470400,0.174211,0.176243,0.167623,0.17042,27805049.22338817
1776556800,0.170496,0.172558,0.166084,0.166594,29610388.14370399
1776643200,0.16665,0.175296,0.16646,0.173852,38510150.86255628
1776729600,0.173908,0.184669,0.172943,0.179,66153391.75697366
1776816000,0.17906,0.182454,0.17651,0.176709,42547478.4882986
1776902400,0.17671,0.179396,0.174266,0.17546,40592867.34697196
1776988800,0.175462,0.176918,0.172247,0.17306,34065173.96389548
1777075200,0.173055,0.17482,0.169609,0.169764,19155010.70050975
1777161600,0.169792,0.172685,0.168112,0.171096,24194478.93752406
1777248000,0.171008,0.17352,0.164325,0.166081,57025784.34493584
1777334400,0.16608,0.16609,0.16116,0.161786,29091846.31353588
1777420800,0.161817,0.164668,0.158406,0.15946,38590240.89868297
1777507200,0.15946,0.161021,0.158206,0.15829,18368698.57022423
1777593600,0.15823,0.162587,0.15818,0.159479,27158276.74507873
1777680000,0.15948,0.16102,0.15888,0.159942,14072552.6930471
1777766400,0.159933,0.160115,0.157801,0.1579,16312553.8747082
1777852800,0.1579,0.16164,0.156507,0.157489,41823331.10427733
1777939200,0.157489,0.161307,0.156934,0.159752,34837087.72743954
1778025600,0.159754,0.166053,0.159723,0.161608,51840231.81213622
1778112000,0.161642,0.162651,0.1576,0.158122,36266688.47058932
1778198400,0.158122,0.165687,0.1576,0.163415,22384522.07173276
1778284800,0.163495,0.167842,0.161495,0.162404,42683675.45278172
1778371200,0.162375,0.173916,0.16086,0.169591,79947113.70084453
1778457600,0.169583,0.171101,0.164657,0.168501,66470043.86831384
1778544000,0.168475,0.1691,0.16116,0.162492,43004656.05825536
1778630400,0.162434,0.165908,0.157696,0.15891,43362103.88686828
1778716800,0.158901,0.168461,0.157936,0.162319,55953945.69479915
1778803200,0.162319,0.163614,0.15363,0.154573,54613186.64371008
1778889600,0.154572,0.155571,0.150218,0.151726,36042586.28742132
1778976000,0.151702,0.152843,0.146,0.149355,34990811.2324927
1779062400,0.149298,0.150505,0.144619,0.147232,36434941.09745057
1779148800,0.147232,0.148352,0.142588,0.143424,30607050.08069524
1779235200,0.143424,0.14688,0.14198,0.143704,39562532.74792758
1779321600,0.143733,0.148707,0.142929,0.146637,43966379.46559412
1779408000,0.1466,0.150453,0.142971,0.14338,39425627.48217719
1779494400,0.143382,0.14957,0.1395,0.148087,36293796.0538748
1779580800,0.148065,0.14966,0.14476,0.147397,30292234.66863183
1779667200,0.147431,0.153568,0.146573,0.149662,36990563.78376813
1779753600,0.149662,0.151263,0.1464,0.147505,35431577.09835893
1779840000,0.147521,0.17,0.146013,0.163724,203629757.21784505
1779926400,0.163748,0.217234,0.163675,0.20351,623434202.5645865
1780012800,0.20349,0.26602,0.195643,0.259588,596160185.6151174
1780099200,0.259383,0.297944,0.226086,0.229255,518732045.4827775
1780185600,0.229255,0.267108,0.220777,0.259647,349424563.41175485
1780272000,0.259647,0.276317,0.240001,0.242806,418121146.26041573
1780358400,0.242806,0.243507,0.214347,0.222172,225526987.63702053
1780444800,0.222221,0.234223,0.208068,0.208389,214228706.09787405
1780531200,0.208395,0.220506,0.198014,0.20143,243721068.8543206
1780617600,0.201391,0.208714,0.184197,0.203289,318911201.0052271
1780704000,0.203339,0.215291,0.188841,0.212091,216898231.41767368
1780790400,0.211945,0.217908,0.199482,0.205767,155224885.39607763
1780876800,0.205747,0.207942,0.197505,0.202509,110553201.95654026
1780963200,0.202547,0.204707,0.191016,0.192204,88975531.10752425
1781049600,0.192207,0.192942,0.181082,0.182689,107800259.84772485
1781136000,0.182689,0.194427,0.182337,0.19184,82181261.73869465
1781222400,0.19186,0.199507,0.187191,0.187962,65373797.47124948
1781308800,0.187909,0.192108,0.183418,0.186975,57087464.13495668
1781395200,0.187019,0.1923,0.181088,0.190885,57347113.57390242
1781481600,0.190873,0.234165,0.187379,0.2135,250835664.59559974
1781568000,0.21345,0.233912,0.208193,0.216875,156861641.7586014
1781654400,0.216876,0.233964,0.216516,0.22544,161466436.47855762
1781740800,0.22545,0.251559,0.225351,0.234185,239332219.9447487
1781827200,0.234156,0.235082,0.214413,0.217975,104548109.7221624
1781913600,0.217992,0.218759,0.210366,0.215971,63220205.22318479
1782000000,0.215981,0.217652,0.209281,0.20957,51979270.79533095
1782086400,0.209501,0.216921,0.201259,0.202681,69090955.29635835
1782172800,0.202608,0.202608,0.190362,0.194905,82982335.78821722
1782259200,0.194905,0.197114,0.181619,0.185251,81445072.43597613
1782345600,0.185251,0.189945,0.173793,0.1787,90199873.26651533
1782432000,0.17871,0.180566,0.170792,0.177596,89177000.14802153
1782518400,0.177605,0.18057,0.172102,0.17368,56028998.21632805
1782604800,0.173672,0.175059,0.168623,0.172674,37340300.86092796
1782691200,0.172719,0.178873,0.169704,0.174876,68392956.09200852
1782777600,0.174867,0.189129,0.173298,0.188836,152794545.30389106
1782864000,0.18886,0.20747,0.18886,0.197208,180920563.85539675
1782950400,0.197283,0.204288,0.192397,0.199066,92370071.60386133
1783036800,0.199064,0.206775,0.195985,0.203904,73568301.3993132
1783123200,0.20385,0.215471,0.202423,0.206512,97170812.60504997
1783209600,0.206569,0.206809,0.19735,0.202976,58617619.92369603
1783296000,0.203112,0.207329,0.195862,0.19996,82980329.10925174
1783382400,0.199969,0.200681,0.18772,0.188596,56735097.69671825
1783468800,0.188619,0.189795,0.1795,0.181124,60212122.24159743
1783555200,0.181124,0.187708,0.17983,0.186139,58744806.88346602
1783641600,0.186139,0.194403,0.184789,0.190554,55217574.20606882
1783728000,0.190513,0.193576,0.186189,0.186332,37064498.07779514
1783814400,0.186295,0.191438,0.182587,0.18633,37836218.31231528
1783900800,0.186258,0.189329,0.1783,0.18069,53440646.30192055
1783987200,0.18069,0.186482,0.177664,0.184339,50457192.80819869
1784073600,0.184381,0.192113,0.181568,0.188424,81282095.60309875
1784160000,0.1884,0.192759,0.184736,0.18501,74673583.22790456
1784246400,0.184975,0.188,0.181609,0.185434,53849601.35047186
1784332800,0.185386,0.189199,0.18316,0.187686,32214051.10509236
1784419200,0.187695,0.1919,0.185911,0.188067,42832289.53588556
1784505600,0.187968,0.190216,0.183817,0.188219,56196130.80197467
1784592000,0.188183,0.196351,0.186493,0.19202,60096978.82181535
1784678400,0.19206,0.195452,0.185607,0.187433,54698604.75757004
1784764800,0.18744,0.18768,0.180348,0.182102,50131654.27361009
1784851200,0.182102,0.184877,0.175948,0.177794,54933460.6394343
1784937600,0.177794,0.179948,0.17629,0.178004,21516748.34061248
1785024000,0.177971,0.183282,0.176201,0.182436,34472402.32419605
1785110400,0.182466,0.183116,0.171,0.17195,52145244.37723736
1785196800,0.171904,0.174843,0.169562,0.17387,51298621.66711068
1785283200,0.17392,0.176138,0.16844,0.171747,45172525.79695174
1785369600,0.17177,0.17373,0.170716,0.17176,26481038.65663144
1785456000,0.171797,0.173662,0.167737,0.172109,51408964.01196278
1785542400,0.17211,0.173078,0.168381,0.170849,29816471.63075449
1785628800,0.17085,0.177284,0.170335,0.174039,46077125.6082688
1785715200,0.173951,0.174188,0.169713,0.171127,38249863.32478346
1785801600,0.171196,0.171963,0.1684,0.168511,45694687.57227464
1785888000,0.168513,0.168613,0.164229,0.16479,45593473.04204106
1785974400,0.16479,0.165026,0.159129,0.161252,47694574.87260325
1786060800,0.161252,0.163128,0.15924,0.161297,29245563.76810607
1786147200,0.161297,0.166635,0.161118,0.164317,27287858.12147825
1786233600,0.164349,0.164758,0.1608,0.162632,50518595.70137417
1786320000,0.162498,0.165879,0.160842,0.161333,36390459.56347555
1786406400,0.16135,0.16268,0.158626,0.161907,29151017.86295986
1786492800,0.161887,0.16256,0.158035,0.159264,37766233.77387407
1786579200,0.159232,0.162752,0.158171,0.159454,29630078.75686695
1786665600,0.159437,0.160383,0.155838,0.158,32714264.02294121
1786752000,0.158001,0.159651,0.1575,0.15788,21296562.67010026
1786838400,0.157886,0.159628,0.1558,0.156204,28474938.24597637
1786924800,0.156168,0.15924,0.155776,0.15807,30371718.23003688
1787011200,0.1581,0.15816,0.15236,0.154784,39418387.99988637
1787097600,0.154812,0.172985,0.153663,0.170252,77030150.51346616
1787184000,0.170228,0.191981,0.166104,0.181608,149920875.37110293
1787270400,0.18163,0.204135,0.181244,0.201804,162613549.56374508
1787356800,0.201764,0.222592,0.190554,0.195547,240429843.08199525
1787443200,0.195578,0.202114,0.187662,0.199699,92285364.70258877
1787529600,0.199635,0.200586,0.191583,0.193741,71424322.04753943
1787616000,0.193648,0.200182,0.181701,0.182389,79287449.7233785
1787702400,0.1824,0.185864,0.177848,0.185309,54586000.62633697
1787788800,0.185363,0.189769,0.18073,0.187382,41612221.17398238
1787875200,0.187407,0.189244,0.175341,0.17955,70509512.6145257
1787961600,0.17951,0.180396,0.176715,0.179751,20271682.96481278
1788048000,0.179751,0.182527,0.172502,0.174631,38333689.24148581
1788134400,0.1746,0.18,0.173618,0.177268,48007616.88823171
1788220800,0.177269,0.17935,0.173808,0.175689,43452185.52936285
1788307200,0.175689,0.176618,0.171304,0.175429,34553726.8916762
1788393600,0.175447,0.18819,0.174814,0.184432,63561374.50109863
1788480000,0.184432,0.186895,0.177349,0.179541,54279488.35978624
1788566400,0.179541,0.186554,0.178454,0.184025,35844613.31296439
1788652800,0.184021,0.18788,0.182515,0.187614,33807634.84033099
1788739200,0.187614,0.19638,0.185432,0.193629,104001745.46201678
1788825600,0.1935,0.194654,0.186259,0.18776,66527386.91433488
1788912000,0.187759,0.190879,0.179749,0.181148,53958772.68923194
1788998400,0.181148,0.182053,0.174062,0.174675,53813963.4130458
1789084800,0.174699,0.185423,0.172694,0.1783,68088111.73393127
1789171200,0.178241,0.18275,0.178241,0.179981,29570224.56011409
1789257600,0.179918,0.180996,0.176007,0.177134,28173881.48319025
1789344000,0.177087,0.1969,0.176675,0.191617,105047371.5769139
1789430400,0.191658,0.1985,0.173765,0.176045,163244975.078063
1789516800,0.176016,0.184,0.172391,0.183819,90001861.74368197
1789603200,0.183788,0.187429,0.180613,0.183201,63989569.43109689
1789689600,0.1832,0.195188,0.182144,0.19304,109332958.01654583
1789776000,0.193141,0.20421,0.190898,0.196069,82123227.99752869
1789862400,0.196085,0.196512,0.188845,0.189904,16764811.6780474
