ts,open,high,low,close,volume
1565049600,1.4103,1.88,1.4063,1.4913,2817322.62
1565136000,1.4909,1.4996,1.33,1.3491,834874.73
1565222400,1.3497,1.9822,1.3293,1.5792,8459831.2
1565308800,1.5758,1.59,1.36,1.433,4328767.1
1565395200,1.4307,1.4499,1.35,1.391,1830013.45
1565481600,1.391,1.417,1.36,1.3786,969242.87
1565568000,1.3785,1.3917,1.3577,1.3651,683259.62
1565654400,1.3641,1.375,1.2382,1.253,1426624.72
1565740800,1.255,1.2939,1.1252,1.1465,1909193.09
1565827200,1.1488,1.29,0.98,1.2189,2318500.42
1565913600,1.212,1.28,1.1239,1.222,1531587.51
1566000000,1.2238,1.225,1.1672,1.1943,549063.93
1566086400,1.1944,1.245,1.174,1.2046,822808.92
1566172800,1.2042,1.243,1.185,1.2154,520600.07
1566259200,1.2168,1.2169,1.152,1.1605,543918.59
1566345600,1.161,1.1685,1.1,1.1217,629223.05
1566432000,1.1211,1.1534,1.0847,1.138,580639.27
1566518400,1.138,1.224,1.1265,1.1727,611850.84
1566604800,1.1727,1.1787,1.1141,1.1505,249739.12
1566691200,1.1462,1.1696,1.1107,1.1331,233266.12
1566777600,1.1331,1.1909,1.1323,1.164,331636.69
1566864000,1.1672,1.1835,1.1161,1.125,380945.77
1566950400,1.1231,1.1279,1.02,1.0517,621827.75
1567036800,1.0514,1.0619,0.99,0.9967,518186.8
1567123200,0.9987,1.0882,0.9941,1.064,350851.42
1567209600,1.064,1.0879,1.002,1.0394,371722.33
1567296000,1.0396,1.0576,1.012,1.034,268615.06
1567382400,1.0313,1.0859,1.028,1.0651,428379.52
1567468800,1.065,1.071,1.0214,1.0341,494081.6
1567555200,1.0338,1.0474,1.0061,1.039,314579.71
1567641600,1.039,1.07,1.0009,1.0127,316230.85
1567728000,1.0133,1.04,0.99,0.9965,504562.36
1567814400,0.9966,1.06,0.972,1.0222,375683.07
1567900800,1.0246,1.0834,1.0181,1.0694,380871.97
1567987200,1.0693,1.11,1.004,1.0495,405770.44
1568073600,1.0493,1.0611,1.003,1.0141,316063.21
1568160000,1.0116,1.03,0.9955,1.0079,204254.55
1568246400,1.0076,1.0275,0.9876,1.0257,250909.97
1568332800,1.0258,1.0258,0.9401,0.9808,394491.19
1568419200,0.9852,1.0193,0.943,1,364765.22
1568505600,1,1.0245,0.98,1.0051,280775.5
1568592000,1.0051,1.0091,0.9735,1.0009,235619.21
1568678400,1.0023,1.1306,0.9902,1.1104,586597.9
1568764800,1.1103,1.15,1.0771,1.0861,703574.16
1568851200,1.0781,1.1248,1.0251,1.0891,697051.82
1568937600,1.1,1.1129,1.0417,1.0628,316496.74
1569024000,1.0625,1.0777,1.0534,1.0725,157195.46
1569110400,1.067,1.0778,1.0404,1.0479,210530.88
1569196800,1.0479,1.179,1.0125,1.053,872002.3
1569283200,1.0508,1.17,0.88,0.9199,1582116.17
1569369600,0.9379,0.9489,0.816,0.8526,958578.33
1569456000,0.85,0.9259,0.8061,0.8519,922821
1569542400,0.8426,0.8999,0.8109,0.8862,486260.04
1569628800,0.892,0.9179,0.8502,0.8906,360101.03
1569715200,0.8862,0.91,0.8561,0.8785,335080.84
1569801600,0.8822,0.9175,0.8473,0.9017,366226.19
1569888000,0.9051,1.0445,0.8954,0.9487,879130.79
1569974400,0.9487,0.9661,0.8901,0.9449,610762.16
1570060800,0.9534,0.9643,0.91,0.934,416308.95
1570147200,0.9371,0.9371,0.9,0.9246,326803.87
1570233600,0.9246,0.9347,0.904,0.9167,174692.15
1570320000,0.9167,0.9347,0.8601,0.8699,541893.2
1570406400,0.8627,0.93,0.8603,0.8978,536765.99
1570492800,0.8994,0.9159,0.885,0.8985,505291.34
1570579200,0.8996,0.98,0.8921,0.9398,595419.06
1570665600,0.9408,0.96,0.9188,0.9188,418971.24
1570752000,0.9189,0.9242,0.88,0.9047,482716.06
1570838400,0.9034,0.9129,0.8861,0.8861,148819.72
1570924800,0.889,0.9431,0.8831,0.9018,363750.9
1571011200,0.9018,0.9578,0.9002,0.9403,277930.9
1571097600,0.9404,0.9526,0.9,0.9066,243255.38
1571184000,0.9057,0.9129,0.8602,0.8803,223875.46
1571270400,0.8802,0.9386,0.8716,0.8922,270020.69
1571356800,0.8922,0.9061,0.8701,0.8891,146698.27
1571443200,0.8811,0.9137,0.8663,0.8975,103631.3
1571529600,0.892,0.91,0.8705,0.9005,74005.94
1571616000,0.9007,0.93,0.8771,0.915,182312.06
1571702400,0.9102,0.93,0.86,0.8754,265498.44
1571788800,0.8746,0.875,0.762,0.7783,757116.12
1571875200,0.7986,0.8695,0.751,0.769,641940.25
1571961600,0.7742,0.8499,0.769,0.8376,611052.4
1572048000,0.8418,0.92,0.8124,0.8351,736784.7
1572134400,0.8351,0.8748,0.8144,0.8583,324664.22
1572220800,0.8591,0.8903,0.849,0.8567,478792.98
1572307200,0.8591,0.8687,0.84,0.8513,215851.12
1572393600,0.8509,0.9299,0.8,0.8798,750543
1572480000,0.8798,0.9291,0.8654,0.8875,413389.75
1572566400,0.8851,0.8931,0.861,0.8761,265081.17
1572652800,0.88,0.885,0.848,0.8609,415773.69
1572739200,0.8679,0.8725,0.85,0.8679,177667.99
1572825600,0.8683,0.909,0.8612,0.8885,498980.76
1572912000,0.8883,0.9295,0.8755,0.9283,527937.35
1572998400,0.9229,1.15,0.8973,1.0601,2437504.28
1573084800,1.0598,1.9,1.0503,1.2064,16351439.96
1573171200,1.2064,1.3089,1.12,1.1613,4205394.33
1573257600,1.1613,1.28,1.1457,1.2629,2396416.37
1573344000,1.2607,1.2612,1.1856,1.2219,1848233.85
1573430400,1.2202,1.2446,1.17,1.1742,1069122.34
1573516800,1.1741,1.22,1.1444,1.171,1152596.32
1573603200,1.1731,1.18,1.106,1.1321,1638448.12
1573689600,1.1321,1.29,1.092,1.2141,4466714.23
1573776000,1.2141,1.27,1.128,1.1709,2195245.77
1573862400,1.1688,1.1978,1.145,1.1585,1313227.33
1573948800,1.1614,1.1734,1.1501,1.1561,616131.16
1574035200,1.1575,1.255,1.1503,1.207,2701915.06
1574121600,1.2127,1.2405,1.1465,1.2036,2018465.68
1574208000,1.2044,1.2445,1.155,1.2066,1721553.64
1574294400,1.2066,1.3099,1.1858,1.2389,3322253.97
1574380800,1.23,1.28,1.0706,1.2149,4473875.44
1574467200,1.2149,1.4499,1.2102,1.3879,6514330.36
1574553600,1.385,1.4201,1.2651,1.3045,2273522.74
1574640000,1.3045,1.3249,1.2002,1.2351,2999190.52
1574726400,1.2358,1.2841,1.2174,1.2411,1472772.43
1574812800,1.2351,1.27,1.1524,1.2515,2057880.76
1574899200,1.251,1.3549,1.211,1.2743,1757507.83
1574985600,1.2743,1.3435,1.2717,1.315,922079.74
1575072000,1.3152,1.3605,1.304,1.3382,1120424.5
1575158400,1.334,1.3399,1.2516,1.2618,1072614.26
1575244800,1.262,1.272,1.2011,1.2441,1526307.1
1575331200,1.2441,1.3128,1.211,1.2895,1520147.32
1575417600,1.2894,1.3322,1.2401,1.2434,1534274.64
1575504000,1.2409,1.2987,1.2376,1.2882,658298.16
1575590400,1.2903,1.4247,1.2706,1.3749,1784402.08
1575676800,1.3718,1.485,1.3557,1.4405,2231999.75
1575763200,1.4411,1.6339,1.4411,1.604,3538161.02
1575849600,1.6078,1.66,1.534,1.5521,2698488.82
1575936000,1.5455,1.5503,1.39,1.4784,3318528.22
1576022400,1.4733,1.596,1.465,1.5713,2735423.36
1576108800,1.5683,1.7899,1.5115,1.7703,4643063.11
1576195200,1.7823,1.8607,1.6605,1.7659,4448463.61
1576281600,1.7724,1.7813,1.6201,1.6771,2310823.89
1576368000,1.6771,1.7317,1.5952,1.6681,1950788.14
1576454400,1.6681,1.7062,1.596,1.6579,2096742.1
1576540800,1.6579,1.7628,1.5122,1.5388,3922794.72
1576627200,1.5457,1.6499,1.434,1.5786,3885858.91
1576713600,1.5786,1.6163,1.4501,1.5039,2688300.62
1576800000,1.5041,1.6,1.4774,1.5997,2300710.03
1576886400,1.5997,1.61,1.462,1.4707,1119456.09
1576972800,1.4714,1.5247,1.4425,1.4683,1294865.74
1577059200,1.4681,1.5819,1.4601,1.5128,1693243.64
1577145600,1.5113,1.5146,1.44,1.4862,806796.87
1577232000,1.4861,1.4954,1.39,1.3993,1024585.84
1577318400,1.3995,1.4329,1.345,1.3641,1607857.14
1577404800,1.3656,1.4,1.3454,1.3749,755241.86
1577491200,1.3753,1.384,1.32,1.3213,1345570.67
1577577600,1.3239,1.34,1.2808,1.3121,1105663.4
1577664000,1.311,1.3495,1.291,1.3239,1081799.55
1577750400,1.3239,1.3875,1.28,1.3463,1464545.27
1577836800,1.344,1.3747,1.28,1.3701,746536.85
1577923200,1.3701,1.3752,1.214,1.2379,2130278.85
1578009600,1.2375,1.3074,1.2244,1.2802,1223084.21
1578096000,1.2808,1.2882,1.23,1.2528,785887.99
1578182400,1.2562,1.2845,1.2403,1.2517,800120.86
1578268800,1.2532,1.3398,1.2508,1.3065,1256311.45
1578355200,1.3041,1.3245,1.2507,1.2949,1606371.48
1578441600,1.2949,1.4,1.276,1.33,2000587.44
1578528000,1.3318,1.3623,1.2688,1.2824,1170004.44
1578614400,1.2795,1.3397,1.256,1.307,1154910.47
1578700800,1.3071,1.3455,1.3001,1.3039,889668.19
1578787200,1.3021,1.3201,1.2965,1.3078,511220.05
1578873600,1.3101,1.3106,1.2618,1.2727,903416.11
1578960000,1.2726,1.35,1.2726,1.323,2412624.74
1579046400,1.3255,1.3931,1.285,1.3443,2599011.66
1579132800,1.3413,1.55,1.297,1.4857,3109234.2
1579219200,1.4917,1.5436,1.4302,1.4723,3188445.47
1579305600,1.472,1.55,1.415,1.482,1389858.85
1579392000,1.4833,1.5199,1.3553,1.4231,1371864.79
1579478400,1.4236,1.5947,1.4064,1.5923,1919602.09
1579564800,1.593,1.62,1.5,1.5341,1587079.15
1579651200,1.5343,1.64,1.5245,1.5955,1587966.87
1579737600,1.5923,1.6242,1.4893,1.5505,1806664.13
1579824000,1.5514,1.5658,1.5,1.5121,803930.03
1579910400,1.511,1.5169,1.451,1.4953,692399.77
1579996800,1.4953,1.5288,1.4584,1.5222,835682.07
1580083200,1.5225,1.5439,1.4828,1.5199,1094530.22
1580169600,1.5197,1.575,1.508,1.5496,1039690.46
1580256000,1.5498,1.6777,1.5332,1.5632,1744528.4
1580342400,1.5635,1.71,1.5533,1.6791,2158397.5
1580428800,1.6772,1.7234,1.6358,1.6518,1329233.87
1580515200,1.6562,1.7499,1.6455,1.7499,1112491.43
1580601600,1.7499,2.02,1.6926,1.9265,4573499.71
1580688000,1.9269,2.325,1.8712,2.0059,6176918.78
1580774400,2.0058,2.0554,1.88,1.922,2788078.05
1580860800,1.922,2.2497,1.9001,2.144,4164094.08
1580947200,2.1444,2.2498,2.1122,2.164,2655561.97
1581033600,2.1639,2.25,2.1576,2.1937,1889120.38
1581120000,2.193,2.32,2.013,2.2944,2669449.4
1581206400,2.2944,2.91,2.2773,2.657,7635992.24
1581292800,2.6447,2.7477,2.4674,2.6393,4239487.95
1581379200,2.6375,2.99,2.5502,2.927,4969828.97
1581465600,2.927,3.85,2.926,3.3864,15289291.13
1581552000,3.3945,3.4874,2.9405,3.1314,7629743.65
1581638400,3.129,3.58,3.0327,3.4926,6273139.05
1581724800,3.4883,3.555,3.0517,3.1975,5428212.93
1581811200,3.1968,3.2998,2.75,3.2328,5997210.73
1581897600,3.2327,3.2499,2.7601,3.15,4927030.98
1581984000,3.151,3.55,3.0954,3.435,5599618.5
1582070400,3.4436,3.95,3.3518,3.5613,8429574.64
1582156800,3.548,3.9,3.4501,3.6184,5389927.63
1582243200,3.617,3.7784,3.3801,3.4948,3866810.67
1582329600,3.4937,3.5435,3.25,3.3151,3373679.47
1582416000,3.3118,3.5897,3.311,3.535,2057341.35
1582502400,3.5349,3.535,2.9506,3.1894,5460504.24
1582588800,3.1894,3.2018,2.71,2.8005,6127682.68
1582675200,2.7982,2.9947,2.5256,2.7576,9500100.76
1582761600,2.7581,3,2.55,2.7913,6584716.76
1582848000,2.8056,2.9149,2.6192,2.7905,4086516.69
1582934400,2.7901,2.99,2.7281,2.7415,3279661.12
1583020800,2.7415,2.85,2.565,2.6195,3909893.96
1583107200,2.6207,2.9013,2.55,2.7964,3630846.76
1583193600,2.7986,2.8298,2.655,2.756,2182575.07
1583280000,2.7631,3.117,2.735,3.1121,4907750.13
1583366400,3.1141,3.3392,3.03,3.0947,5731483.72
1583452800,3.0965,3.2366,3.0307,3.18,2985171.67
1583539200,3.1765,3.2728,2.9572,3.0001,3393473.49
1583625600,3.0003,3.0003,2.565,2.596,5968242.32
1583712000,2.5939,2.66,2.2577,2.5501,8264651.08
1583798400,2.5501,2.7685,2.477,2.5878,4265387.51
1583884800,2.5823,2.6868,2.2578,2.501,4703995.02
1583971200,2.5029,2.5238,1.291,1.3573,17425498.47
1584057600,1.3517,2.05,0.9892,1.7862,22127049.6
1584144000,1.788,1.8467,1.52,1.5861,5907900.45
1584230400,1.5862,1.7898,1.3901,1.5418,7293593.56
1584316800,1.5388,1.5388,1.12,1.3331,12009573.42
1584403200,1.333,1.4969,1.2861,1.3656,7483134.47
1584489600,1.3689,1.4266,1.2812,1.4059,5451000.59
1584576000,1.4041,1.7626,1.3605,1.6384,11419102.57
1584662400,1.6381,1.88,1.49,1.6877,11041012.03
1584748800,1.6846,1.7558,1.58,1.6626,4124201.47
1584835200,1.665,1.718,1.45,1.478,5125652.99
1584921600,1.4765,1.7045,1.45,1.6822,4864881.74
1585008000,1.6815,1.79,1.6288,1.7693,6118372.46
1585094400,1.769,1.7966,1.6501,1.7184,3998957.35
1585180800,1.714,1.7688,1.6921,1.7645,2804632.56
1585267200,1.7645,1.7897,1.5713,1.5897,3969087.96
1585353600,1.5896,1.6226,1.5052,1.5655,3872624.59
1585440000,1.5693,1.5804,1.4664,1.4698,2250825.26
1585526400,1.4675,1.665,1.461,1.6077,2626418.2
1585612800,1.6081,1.6424,1.5532,1.611,1892308.96
1585699200,1.6076,1.6325,1.5205,1.6125,2069107.44
1585785600,1.614,1.7999,1.5963,1.6708,5005444.05
1585872000,1.6701,1.7825,1.6419,1.6772,2864819.33
1585958400,1.6772,1.7327,1.6612,1.6994,1516461.01
1586044800,1.6992,1.7096,1.6625,1.666,1387544.93
1586131200,1.666,1.9231,1.665,1.9119,5203312.46
1586217600,1.917,2.1223,1.8604,1.9566,8425745.5
1586304000,1.9591,2.1824,1.9206,2.1483,5490011.3
1586390400,2.1481,2.1799,2,2.1083,5030565.93
1586476800,2.1061,2.1179,1.826,1.9107,7338820.03
1586563200,1.9112,2.051,1.8889,1.9786,3961722.4
1586649600,1.98,2.0698,1.8933,1.9994,3954808.53
1586736000,2.0055,2.0186,1.8627,1.9425,3556738.79
1586822400,1.9406,2.0072,1.9053,1.9477,2385224.31
1586908800,1.9477,1.9822,1.8851,1.9024,2685973.96
1586995200,1.9007,2.15,1.8342,2.0959,5279957.73
1587081600,2.11,2.16,2.064,2.09,3226274.65
1587168000,2.0894,2.38,2.0762,2.3328,4620526.61
1587254400,2.3328,2.3786,2.211,2.2515,3266621.17
1587340800,2.2503,2.3699,2.0613,2.1314,5531661.81
1587427200,2.1311,2.216,2.0853,2.1511,2965000.56
1587513600,2.1511,2.3508,2.1334,2.339,3334631.52
1587600000,2.339,2.5899,2.31,2.4993,6343851.19
1587686400,2.4951,2.7699,2.495,2.7169,6117350.45
1587772800,2.72,2.89,2.6415,2.87,3939855.64
1587859200,2.87,2.87,2.7252,2.7671,3580771.56
1587945600,2.7671,2.79,2.5565,2.7499,3965538.73
1588032000,2.7499,2.816,2.6632,2.7544,3022772.88
1588118400,2.7521,3.0189,2.75,2.9396,5357618.71
1588204800,2.9382,3.0479,2.6908,2.7563,5403898.19
1588291200,2.7513,2.9499,2.7505,2.7956,3251408.26
1588377600,2.7978,2.8687,2.7768,2.8384,1697963.64
1588464000,2.8383,2.8824,2.6687,2.7419,2242143.02
1588550400,2.7422,2.8554,2.5907,2.7866,3436466.57
1588636800,2.781,2.836,2.7041,2.7546,1735349.92
1588723200,2.7534,2.8066,2.6435,2.6539,1735270.23
1588809600,2.6538,2.8092,2.6135,2.7192,2612367.04
1588896000,2.7202,2.82,2.6884,2.7543,2729281.67
1588982400,2.7567,2.9699,2.72,2.8099,3532254.86
1589068800,2.81,2.8138,2.346,2.5628,6305465.82
1589155200,2.5573,2.5962,2.2602,2.426,4001280.83
1589241600,2.4296,2.5938,2.4155,2.5135,1977928.38
1589328000,2.5128,2.5933,2.4885,2.5735,1259354.25
1589414400,2.5735,2.6168,2.5,2.546,1511696.65
1589500800,2.5475,2.556,2.4405,2.4879,1963577.67
1589587200,2.4906,2.6668,2.471,2.6312,2742093.82
1589673600,2.6282,2.69,2.602,2.6199,1739271.43
1589760000,2.6185,2.7719,2.6175,2.7587,2293405.4
1589846400,2.7581,2.84,2.6284,2.8399,3319565.7
1589932800,2.84,2.8915,2.7001,2.8185,2744618.95
1590019200,2.8231,2.8513,2.5659,2.6428,2761534.68
1590105600,2.6431,2.8614,2.6,2.7978,3058424.86
1590192000,2.7986,2.8342,2.7252,2.7552,1264015.26
1590278400,2.7569,2.83,2.6432,2.6432,1486429.39
1590364800,2.6438,2.7467,2.6289,2.736,1309252.62
1590451200,2.7338,2.7596,2.6503,2.6986,1363170.6
1590537600,2.6939,2.765,2.6812,2.7109,962140.16
1590624000,2.7099,2.8498,2.681,2.8298,1662260.58
1590710400,2.8278,2.9,2.7979,2.8726,1723185.31
1590796800,2.8749,2.965,2.8147,2.9232,2442428.21
1590883200,2.9213,2.96,2.7611,2.8068,2523208.42
1590969600,2.8033,2.9987,2.78,2.9637,2233617.39
1591056000,2.966,3.1294,2.7,2.9013,4771618.98
1591142400,2.8977,3.0666,2.84,3.0424,2116792.08
1591228800,3.0427,3.08,2.9021,2.9984,2158797.64
1591315200,2.9962,3.0218,2.91,2.9354,1262353.38
1591401600,2.9341,2.9715,2.903,2.9243,836216.48
1591488000,2.924,2.9396,2.8132,2.889,1470906.49
1591574400,2.8889,2.9626,2.8623,2.9485,1271966.49
1591660800,2.9511,2.9639,2.8711,2.9062,1247604.28
1591747200,2.9077,2.9324,2.8528,2.8891,1716194.81
1591833600,2.8861,2.908,2.5,2.6133,4277615.02
1591920000,2.6162,2.7618,2.5881,2.6704,2101783
1592006400,2.6705,2.7262,2.6415,2.6962,1049386.33
1592092800,2.6996,2.7018,2.5501,2.5852,890369.6
1592179200,2.5846,2.6849,2.43,2.6371,2780205.8
1592265600,2.6356,2.6744,2.5622,2.6178,1530144.38
1592352000,2.6178,2.694,2.55,2.6764,1349362.26
1592438400,2.682,2.7799,2.5605,2.6581,3247815.24
1592524800,2.6582,2.7173,2.6046,2.62,1612844.66
1592611200,2.62,2.6582,2.5202,2.6164,1433010.71
1592697600,2.6158,2.625,2.5728,2.5858,577502.79
1592784000,2.5858,2.7091,2.5732,2.6802,1255168.59
1592870400,2.682,2.795,2.634,2.7799,2224806.59
1592956800,2.78,2.8575,2.5801,2.6186,2994786.38
1593043200,2.6191,2.645,2.518,2.5714,2230589.5
1593129600,2.5713,2.5817,2.4365,2.4815,3052974.63
1593216000,2.4815,2.4945,2.2538,2.3142,2996390.71
1593302400,2.3129,2.4329,2.2828,2.3688,1620051.22
1593388800,2.3688,2.4481,2.3437,2.4101,1310130.94
1593475200,2.4124,2.4165,2.3531,2.3572,1056281.25
1593561600,2.3572,2.4616,2.3343,2.4005,1269571.6
1593648000,2.4,2.408,2.2725,2.3338,1930779.21
1593734400,2.3343,2.3466,2.2615,2.2749,2732157.35
1593820800,2.2723,2.3563,2.2661,2.3263,1421549.84
1593907200,2.3263,2.3319,2.2169,2.2906,1588226.47
1593993600,2.2855,2.4846,2.2682,2.4385,2598855.17
1594080000,2.4385,2.5939,2.401,2.5099,4004522.38
1594166400,2.51,2.696,2.4805,2.655,4010068.44
1594252800,2.6533,2.6542,2.4579,2.5316,3469748.66
1594339200,2.5295,2.5947,2.4165,2.5432,1592515.17
1594425600,2.5432,2.7393,2.5113,2.6845,3060237.44
1594512000,2.6823,2.84,2.5801,2.8215,4064908.59
1594598400,2.822,3.1623,2.7287,2.9029,12303150.84
1594684800,2.8992,3.059,2.6607,2.9568,6681944.52
1594771200,2.9561,3.235,2.8551,3.226,9243786.86
1594857600,3.2275,3.3424,2.9515,3.0964,10258022.28
1594944000,3.0964,3.2293,3.01,3.1684,3702056.45
1595030400,3.1674,3.1674,2.92,3.01,5299097.2
1595116800,3.011,3.0601,2.89,2.9892,2871872.16
1595203200,2.9895,2.992,2.7396,2.7702,3469631.54
1595289600,2.7652,3.0799,2.7441,3.0258,3782157.27
1595376000,3.0259,3.1439,2.92,3.1088,2717823.83
1595462400,3.1064,3.2376,3.0404,3.1913,4129991.7
1595548800,3.1912,3.1996,3.0038,3.0355,2729730.3
1595635200,3.0351,3.1176,3.0208,3.0588,2057202.69
1595721600,3.0588,3.1141,2.953,2.987,2607658
1595808000,2.9865,2.9865,2.65,2.8289,8117274.86
1595894400,2.831,2.8974,2.7262,2.8401,3973800.82
1595980800,2.8401,2.9514,2.75,2.7839,2555760.75
1596067200,2.7859,2.8541,2.7361,2.81,2174373.37
1596153600,2.81,2.9,2.7863,2.8469,2014049.41
1596240000,2.8447,3.079,2.8261,3.0442,3894443.54
1596326400,3.0439,3.1398,2.7,2.8893,6453539.94
1596412800,2.8937,3.091,2.842,3.0756,4742887.84
1596499200,3.0755,3.3165,3.0732,3.2464,7438529.37
1596585600,3.2468,3.2645,3.0751,3.1166,3010018.21
1596672000,3.1133,3.4,3.104,3.2296,4103025.09
1596758400,3.2296,3.29,2.97,3.0851,4150729.77
1596844800,3.0825,3.4892,3.032,3.383,5122560.16
1596931200,3.3843,3.783,3.2673,3.6976,6862092.11
1597017600,3.6975,4.35,3.5001,4.2544,10650683.61
1597104000,4.2547,4.43,3.753,4.0101,10724477.9
1597190400,4.0075,4.4705,3.63,4.3612,9720950.04
1597276800,4.3658,4.49,3.9329,4.142,8035060.77
1597363200,4.1419,4.2387,4.0112,4.1147,5206058.07
1597449600,4.1143,4.3149,3.91,4.068,6419298.41
1597536000,4.0674,4.3895,4.0066,4.241,6298423.38
1597622400,4.241,4.2559,4.018,4.042,4218895.77
1597708800,4.0428,4.1723,3.7,3.84,4623994.11
1597795200,3.8395,3.9346,3.47,3.6313,5634762.94
1597881600,3.629,3.9418,3.5018,3.8561,4843517.83
1597968000,3.8606,3.9199,3.33,3.3916,7227439.47
1598054400,3.3876,3.62,3.27,3.5771,4355080.18
1598140800,3.5742,3.6242,3.3613,3.5183,2719957.29
1598227200,3.5175,3.8085,3.4443,3.6806,4388055.68
1598313600,3.6833,3.7066,3.2935,3.4361,3944482.55
1598400000,3.4355,3.5113,3.2985,3.3711,2681609.1
1598486400,3.3665,3.4196,3.11,3.2259,5170427.85
1598572800,3.2259,3.3145,3.1382,3.2604,2084292.47
1598659200,3.2688,3.4387,3.2145,3.3526,1991439.07
1598745600,3.35,3.4343,3.3287,3.385,1806976.84
1598832000,3.385,3.468,3.242,3.2452,2758535.01
1598918400,3.2432,3.522,3.1903,3.4403,3510084.12
1599004800,3.4403,3.4725,2.94,3.1425,3895268.08
1599091200,3.143,3.143,2.4302,2.5794,7395161.07
1599177600,2.5806,2.8574,2.4111,2.7958,5561958.06
1599264000,2.791,2.8311,2.3177,2.4853,6235000.23
1599350400,2.481,2.6332,2.338,2.5502,3226095.09
1599436800,2.5494,2.59,2.3581,2.5638,3056800.89
1599523200,2.5677,2.648,2.4003,2.4986,3729246.01
1599609600,2.497,2.6,2.4117,2.5295,2264722.97
1599696000,2.529,2.6655,2.529,2.5743,1992413.12
1599782400,2.5762,2.6286,2.468,2.5583,1413367.16
1599868800,2.5656,2.6385,2.4908,2.5998,1515542.45
1599955200,2.6013,2.7432,2.5304,2.6265,2174968.57
1600041600,2.6236,2.7016,2.5385,2.6129,1507891.58
1600128000,2.6155,2.6783,2.5004,2.5045,2014118.97
1600214400,2.507,2.5377,2.414,2.4776,2280330.78
1600300800,2.4792,2.5626,2.4412,2.4704,1860989.9
1600387200,2.4726,2.516,2.3231,2.3919,3638507.03
1600473600,2.3895,2.3913,2.2618,2.319,2861945.88
1600560000,2.3189,2.3896,2.16,2.218,2932627.41
1600646400,2.2198,2.2707,1.9122,1.9728,5872521.3
1600732800,1.9733,2.1976,1.9635,2.1085,4217685.32
1600819200,2.109,2.151,1.9171,1.9569,4332065.07
1600905600,1.955,2.18,1.9358,2.1554,2734284.35
1600992000,2.1559,2.2795,2.1,2.2104,2251189.71
1601078400,2.2096,2.2414,2.141,2.1706,1753090.76
1601164800,2.1711,2.2259,2.099,2.1763,1292229.96
1601251200,2.1765,2.3668,2.1765,2.245,2290251.05
1601337600,2.245,2.2803,2.1334,2.2309,1786551.73
1601424000,2.231,2.2365,2.1367,2.1979,1319775.8
1601510400,2.2009,2.3,2.129,2.1895,2035412.35
1601596800,2.1892,2.2088,2.0159,2.088,2737450.71
1601683200,2.0884,2.145,2.071,2.1125,995639.21
1601769600,2.1147,2.1522,2.0857,2.1146,1109288.64
1601856000,2.1122,2.1672,2.08,2.1441,1000272.4
1601942400,2.1448,2.2475,2.037,2.0577,2262116.45
1602028800,2.0578,2.1271,2.0319,2.0689,2381681.47
1602115200,2.0695,2.15,2,2.1145,2491604.65
1602201600,2.1149,2.24,2.075,2.2017,2703249.82
1602288000,2.2009,2.2844,2.191,2.205,2378774.98
1602374400,2.2058,2.3146,2.1876,2.2526,2318898.24
1602460800,2.2514,2.3895,2.2318,2.3451,2034257.94
1602547200,2.3458,2.4578,2.319,2.4031,1973925.13
1602633600,2.4032,2.4236,2.237,2.2767,1716589.17
1602720000,2.2721,2.3073,2.21,2.241,1266783.99
1602806400,2.239,2.2779,2.1559,2.166,1435183.52
1602892800,2.1665,2.2223,2.15,2.1874,753515.95
1602979200,2.1875,2.242,2.1842,2.2259,661720.52
1603065600,2.2289,2.2482,2.176,2.189,868892.91
1603152000,2.1903,2.1918,2.0387,2.0561,1814408.97
1603238400,2.0561,2.18,2.0428,2.1251,1831186.63
1603324800,2.1284,2.2482,2.1273,2.1949,1291746.02
1603411200,2.1947,2.268,2.1653,2.22,1239539.32
1603497600,2.2196,2.242,2.195,2.2233,838471.72
1603584000,2.222,2.25,2.1565,2.167,1059350.47
1603670400,2.1681,2.1842,2.059,2.0899,1346758.43
1603756800,2.0896,2.1339,2.0635,2.0904,2211715.41
1603843200,2.0905,2.1178,1.9415,2.0028,2510340.57
1603929600,2.0028,2.0511,1.8973,1.9359,1668751.89
1604016000,1.9351,1.9679,1.7969,1.9068,2835492.7
1604102400,1.9068,2.0223,1.8961,1.9783,1473907.2
1604188800,1.9754,2.0122,1.934,1.9961,1079928.43
1604275200,1.9952,2.071,1.8786,1.8937,1252337.66
1604361600,1.8953,1.9155,1.8076,1.8711,1714201.02
1604448000,1.8727,1.91,1.7845,1.877,2138133.58
1604534400,1.8791,1.9798,1.8195,1.886,2902451.16
1604620800,1.885,2.1015,1.87,2.0952,4256823.89
1604707200,2.0969,2.2223,1.9511,2.0194,4835737.98
1604793600,2.018,2.1588,1.9716,2.0876,1990723.11
1604880000,2.0872,2.1585,2.025,2.118,1882674.49
1604966400,2.1189,2.1911,2.097,2.1521,2279161.96
1605052800,2.1531,2.2,2.1126,2.1261,2016885.04
1605139200,2.1253,2.155,2.0462,2.0758,1696876.17
1605225600,2.0758,2.1577,2.0667,2.155,1777142.77
1605312000,2.1551,2.1652,2.054,2.1002,1254047.4
1605398400,2.1003,2.1128,1.9817,2.0146,1561173.49
1605484800,2.0157,2.1005,1.998,2.0834,1810247.36
1605571200,2.0845,2.1572,2.0722,2.1473,2378785.02
1605657600,2.1461,2.1921,2.0134,2.0907,3316347.04
1605744000,2.0903,2.1454,2.0219,2.0779,2266648.72
1605830400,2.0796,2.1547,2.064,2.1089,2726563.15
1605916800,2.1072,2.4,2.056,2.395,7568233.37
1606003200,2.3983,2.4397,2.1552,2.2823,4456795.92
1606089600,2.2823,2.6694,2.2702,2.6228,6934922.75
1606176000,2.6262,2.8338,2.49,2.6767,8604213.83
1606262400,2.6733,2.9719,2.4772,2.5995,11006790.63
1606348800,2.596,2.6629,2.1011,2.2486,12011267.81
1606435200,2.2487,2.3403,2.155,2.2526,3592619.54
1606521600,2.2545,2.4361,2.207,2.323,2534728.42
1606608000,2.3208,2.4398,2.2743,2.3669,2040675.69
1606694400,2.3669,2.5642,2.3325,2.4949,3240181.55
1606780800,2.4949,2.5543,2.205,2.3275,4017645.76
1606867200,2.327,2.4163,2.289,2.3946,1451820.37
1606953600,2.389,2.4536,2.3768,2.4055,1816389.94
1607040000,2.4031,2.4358,2.2223,2.2783,2546640.01
1607126400,2.2737,2.3341,2.2401,2.3271,955401.73
1607212800,2.3273,2.3418,2.2549,2.3244,1566517.94
1607299200,2.3269,2.3278,2.2272,2.2761,1270745.97
1607385600,2.2754,2.3631,2.1,2.1536,2906855.11
1607472000,2.1525,2.1998,2.0368,2.1762,2874390.61
1607558400,2.1765,2.1853,2.076,2.1059,941286.38
1607644800,2.1098,2.1146,2.044,2.0796,1330046.97
1607731200,2.0796,2.1612,2.0714,2.1361,1622916.95
1607817600,2.1366,2.2705,2.127,2.2306,1570733.99
1607904000,2.2306,2.2672,2.1751,2.224,1293216.29
1607990400,2.2259,2.26,2.1817,2.2325,1206298.6
1608076800,2.2328,2.3776,2.2001,2.3694,2482674.9
1608163200,2.3736,2.4384,2.2724,2.2997,4209212.96
1608249600,2.2987,2.3474,2.2563,2.33,2023063.17
1608336000,2.33,2.3935,2.303,2.327,2107603.05
1608422400,2.327,2.3609,2.238,2.27,2227114.24
1608508800,2.2692,2.3137,2.1231,2.178,2588127.31
1608595200,2.1775,2.1952,2.0778,2.1825,2331586.26
1608681600,2.1826,2.2013,1.6,1.8805,5955079.8
1608768000,1.8794,2.0844,1.7943,2.0595,5107070.82
1608854400,2.0599,2.1148,1.9775,2.0275,2943698.9
1608940800,2.0281,2.048,1.9252,1.978,2701080.51
1609027200,1.9778,2.1446,1.879,2.0026,4639582.8
1609113600,2.0026,2.2471,1.9831,2.121,3681522.18
1609200000,2.1203,2.1729,1.9777,2.0403,4743004.6
1609286400,2.0404,2.0751,1.9591,1.9907,2835359.34
1609372800,1.9893,2.0238,1.9397,2.0122,2420824.29
1609459200,2.0121,2.1329,1.976,2.015,4329993.16
1609545600,2.0129,2.06,1.95,2.0012,4737231.52
1609632000,2.0016,2.23,1.9538,2.138,7415643.44
1609718400,2.1371,2.3645,2.0158,2.3297,9386577.67
1609804800,2.3273,2.4623,2.1361,2.3824,7518110.87
1609891200,2.3841,2.7455,2.2972,2.654,9441602.35
1609977600,2.654,2.8,2.405,2.5369,9245437.41
1610064000,2.54,2.5737,2.25,2.4573,6237891.71
1610150400,2.458,2.6984,2.418,2.6473,4621959.34
1610236800,2.6481,2.9511,2.3918,2.763,11744244.67
1610323200,2.7662,2.7708,2.0583,2.3299,13918777.87
1610409600,2.3299,2.4521,2.1947,2.2945,4928892.93
1610496000,2.2946,2.5022,2.2276,2.4995,4000042.52
1610582400,2.5011,2.6275,2.4061,2.554,5837520.16
1610668800,2.5535,2.9,2.4458,2.7064,10493912.86
1610755200,2.7064,3.1882,2.6904,2.854,13772368.03
1610841600,2.853,3.1136,2.6851,2.9738,6827360.01
1610928000,2.9726,3.1175,2.845,3.0342,5120896.85
1611014400,3.0346,3.22,2.8724,2.8731,6922518.64
1611100800,2.8723,2.9496,2.6444,2.9137,5859271.06
1611187200,2.9142,2.9333,2.423,2.4584,6319968.82
1611273600,2.4569,3.1135,2.3024,2.9192,11663360.75
1611360000,2.914,3.3994,2.8328,3.1704,13806001.71
1611446400,3.1686,3.2961,2.91,3.0474,5882311.67
1611532800,3.0457,3.1825,2.9033,2.9183,4570848.24
1611619200,2.917,3.013,2.753,2.9091,3701166.96
1611705600,2.9079,2.9411,2.6253,2.7949,4753879.38
1611792000,2.7932,3.0991,2.722,3.0079,6032251.53
1611878400,3.0065,3.0621,2.8161,2.9159,5251643.22
1611964800,2.9134,3.0219,2.8054,2.9,4017755.15
1612051200,2.9,2.9531,2.7377,2.8452,3786855.03
1612137600,2.8452,2.9347,2.7582,2.9215,3702107.61
1612224000,2.923,2.9619,2.8338,2.9099,2681368.64
1612310400,2.9128,3.1832,2.8872,3.0521,7128219.78
1612396800,3.0529,3.18,2.8524,2.9692,6629160.39
1612483200,2.9674,3.5268,2.9572,3.4738,11997487.37
1612569600,3.4731,3.5169,3.0901,3.1789,6274435.12
1612656000,3.1789,3.4666,3.0633,3.3135,6283404.23
1612742400,3.3154,3.4399,3.18,3.4129,4811098
1612828800,3.4151,3.8855,3.192,3.7742,11926021.13
1612915200,3.772,3.9036,3.4565,3.8472,8757273.62
1613001600,3.8442,4.3228,3.8051,4.1142,10009883.87
1613088000,4.1145,5.4806,4.01,5.0232,17449762.45
1613174400,5.0258,5.3828,4.6,5.3656,11576780.13
1613260800,5.3716,5.6607,4.727,4.8643,9335523.06
1613347200,4.8643,4.9685,3.8416,4.5357,12439669.53
1613433600,4.538,4.8889,4.3068,4.5452,5559478.91
1613520000,4.55,4.7689,4.1869,4.6113,5437029.31
1613606400,4.6089,4.9928,4.5032,4.8404,4962472.73
1613692800,4.8451,5.1059,4.57,4.9735,4410713.15
1613779200,4.9731,5.1449,4.35,4.6403,7692537.52
1613865600,4.6452,4.8,4.51,4.6808,3244977.4
1613952000,4.6844,4.6895,3.5801,4.2723,9184057.28
1614038400,4.2725,4.2972,2.92,3.5441,15399093.49
1614124800,3.544,3.902,3.3561,3.536,8032529.67
1614211200,3.5359,3.85,3.2978,3.3378,5442019.07
1614297600,3.3352,3.8056,3.1704,3.4698,6346784.36
1614384000,3.471,3.8598,3.4698,3.6425,4029861.94
1614470400,3.638,3.6785,3.1915,3.431,3760446.43
1614556800,3.4323,3.6925,3.3955,3.6341,2989419.58
1614643200,3.6376,3.8071,3.4905,3.688,3662056.03
1614729600,3.6929,4,3.665,3.8427,4549083.35
1614816000,3.841,3.97,3.5585,3.6598,3769050.48
1614902400,3.6635,3.8627,3.4416,3.76,3681383.8
1614988800,3.7637,4.015,3.7148,3.8749,2764374.17
1615075200,3.8716,4.2092,3.8237,4.1956,3380089.36
1615161600,4.1969,4.49,4.053,4.4,4360342.95
1615248000,4.3987,4.5891,4.35,4.4658,2942639.3
1615334400,4.4656,4.4799,4.0638,4.1455,3556398.59
1615420800,4.15,4.1933,3.943,4.1303,2217209.36
1615507200,4.1345,4.1468,3.8147,3.9701,2554885.42
1615593600,3.9683,4.2349,3.8025,4.1723,2174543.91
1615680000,4.1727,4.1884,3.929,3.929,1631807.39
1615766400,3.9281,4.0545,3.7362,3.8335,2384352.69
1615852800,3.8356,4.0477,3.6883,4.0445,1964558.51
1615939200,4.042,4.4524,3.8426,4.4096,3758028.92
1616025600,4.412,4.58,4.2261,4.2657,4266378.15
1616112000,4.263,4.35,4.1131,4.2232,1882357.49
1616198400,4.2225,4.6056,4.2026,4.358,2631160.7
1616284800,4.364,4.4271,4.0468,4.1698,2352953.63
1616371200,4.1741,4.421,4.0338,4.0557,2788079.09
1616457600,4.0557,4.2406,3.9551,4.1307,2488534.43
1616544000,4.1294,4.5201,3.8567,3.9854,5065113.46
1616630400,3.9838,4.0792,3.75,3.9213,4024880.02
1616716800,3.9177,4.2044,3.9127,4.1953,1943705.19
1616803200,4.1951,4.2482,4.0208,4.1086,1724578.57
1616889600,4.1073,4.3213,4.0727,4.226,2240909.89
1616976000,4.2235,4.63,4.18,4.5868,3978366.35
1617062400,4.5915,4.789,4.5456,4.556,3655859.05
1617148800,4.5603,4.88,4.224,4.8264,3275442
1617235200,4.8344,5.3424,4.7416,5.1213,6208362.87
1617321600,5.1215,5.3746,4.9618,5.3018,3050946.93
1617408000,5.2994,5.41,4.7386,4.7689,2500421.56
1617494400,4.761,5.2025,4.6737,5.1345,1487036.36
1617580800,5.1317,6.4631,4.9726,6.1065,8725728.15
1617667200,6.1048,6.7999,5.863,6.1633,7212870.52
1617753600,6.1672,6.48,5.378,5.5214,6203454.25
1617840000,5.524,6.2452,5.4179,6.1637,3270334.4
1617926400,6.1608,6.8855,6.0061,6.8229,4902205.43
1618012800,6.8308,7.21,6.2426,6.5636,5050408.94
1618099200,6.5646,6.681,6.2918,6.4418,2227384.38
1618185600,6.4423,6.5076,6.0938,6.2786,2038766.04
1618272000,6.287,6.6791,6.1007,6.5532,2750068.63
1618358400,6.5542,6.915,6.1629,6.5703,4089709.59
1618444800,6.5744,6.92,6.3736,6.7928,3198087.11
1618531200,6.8052,7.4779,6.558,7.2059,6754291.82
1618617600,7.2077,7.6782,6.9751,7.0621,3925638.16
1618704000,7.0707,7.1798,5.25,6.1915,9748534.01
1618790400,6.1963,6.4353,5.3338,5.4588,4826989.53
1618876800,5.4595,5.7166,4.95,5.7101,5539348.54
1618963200,5.7167,5.84,5.2021,5.3279,2742874.79
1619049600,5.3319,5.7629,4.8537,4.9174,4132694.87
1619136000,4.9211,5.0739,4.0358,4.8262,7361606.17
1619222400,4.8293,4.8332,4.3999,4.4547,2462304.38
1619308800,4.4551,4.7973,4.2357,4.4565,2333135.66
1619395200,4.457,5.3576,4.3898,5.2288,3815386.64
1619481600,5.2294,5.4946,5.1501,5.4349,2465946.33
1619568000,5.4379,5.5542,5.071,5.2535,2688931.3
1619654400,5.2569,5.4365,5.101,5.2452,1726481.63
1619740800,5.2448,5.6552,5.1276,5.6221,2082334.43
1619827200,5.622,5.9,5.5,5.8276,1776244.14
1619913600,5.8276,5.8671,5.4568,5.6133,1533401.81
1620000000,5.6154,6.1,5.5948,6.0066,2918176.36
1620086400,6.0073,6.0628,5.4241,5.4974,4391723.49
1620172800,5.4936,6.74,5.414,6.6131,7778181.06
1620259200,6.6085,8.0652,6.4507,7.5837,10784769.8
1620345600,7.586,8.4176,6.7726,7.0901,9428076.9
1620432000,7.0903,7.3117,6.8235,6.9885,3478745.89
1620518400,6.9837,7.1665,6.5009,7.1061,3296429.8
1620604800,7.1105,7.2607,5.91,6.2012,4740243.68
1620691200,6.2012,7.25,5.9225,7.1385,6943067.18
1620777600,7.1369,7.3348,5.86,5.9445,6304120.05
1620864000,5.9266,6.4199,5.7266,6.1235,6405889.41
1620950400,6.1247,6.5196,6.045,6.4847,3192203.44
1621036800,6.4834,6.5226,5.741,5.7878,3679610.15
1621123200,5.7858,6.2241,5.3505,5.6796,3926085.62
1621209600,5.6783,5.6845,5.0354,5.1778,5242393.44
1621296000,5.1811,5.9581,5.0961,5.7472,5504550.63
1621382400,5.7484,5.8389,2.9065,3.6249,13393848.26
1621468800,3.624,4.53,3.1963,4.1947,9728685.54
1621555200,4.1884,4.4079,3.1266,3.6743,9153732.25
1621641600,3.6773,3.7453,3.2243,3.4356,6341050.24
1621728000,3.4388,3.6049,2.4223,2.9096,10329822.7
1621814400,2.9136,3.6189,2.8371,3.546,9370687.96
1621900800,3.5475,3.76,3.2505,3.6662,7432057.07
1621987200,3.6673,3.9866,3.5836,3.9323,5872298.87
1622073600,3.9331,4.1766,3.57,3.879,5338823.51
1622160000,3.8789,3.9343,3.2519,3.3959,7303166.82
1622246400,3.3966,3.5716,3.0394,3.2141,5014792.23
1622332800,3.2133,3.4778,3.025,3.2868,3213206.75
1622419200,3.2824,3.6135,3.15,3.6073,3896803.25
1622505600,3.6058,3.6997,3.4379,3.667,3789101.14
1622592000,3.6698,3.8746,3.5744,3.8112,3094038.64
1622678400,3.8111,3.988,3.7223,3.8788,2488899.61
1622764800,3.878,3.9025,3.3564,3.5601,2791812.26
1622851200,3.5676,3.6913,3.2682,3.4313,2169640.99
1622937600,3.4307,3.9799,3.4072,3.8384,4327980.17
1623024000,3.8379,4.14,3.4401,3.4901,7657195.33
1623110400,3.4885,3.6193,3.0779,3.4498,8858220.62
1623196800,3.4469,3.5378,3.2267,3.5121,2972948.1
1623283200,3.5126,3.5463,3.1981,3.2771,2043117.69
1623369600,3.2776,3.3695,3.0822,3.1345,1718067.93
1623456000,3.1307,3.26,2.9228,3.1427,1886160.3
1623542400,3.1427,3.3262,3.004,3.3153,1734857.05
1623628800,3.3175,3.3551,3.1889,3.3515,1638645.23
1623715200,3.354,3.3934,3.2103,3.2714,1562147.96
1623801600,3.2714,3.3278,3.0891,3.1119,1772165.16
1623888000,3.1126,3.4358,3.1116,3.3732,3387383.93
1623974400,3.3732,3.3835,2.9973,3.0983,2393335.85
1624060800,3.0983,3.1777,3.0204,3.0295,1162442.75
1624147200,3.0274,3.117,2.876,3.0768,1507845.58
1624233600,3.0783,3.0983,2.479,2.4845,3613557.77
1624320000,2.4859,2.6591,2.118,2.3736,6988530.48
1624406400,2.3769,2.788,2.2798,2.6877,2982805.64
1624492800,2.6876,2.85,2.5728,2.83,1803495.12
1624579200,2.8368,2.8799,2.4844,2.522,2339201.25
1624665600,2.522,2.6217,2.3872,2.5428,1441736.57
1624752000,2.5421,2.6289,2.4529,2.6289,1188040.96
1624838400,2.6289,2.7378,2.5636,2.7041,1319528.39
1624924800,2.7042,2.9907,2.6965,2.978,2172983.03
1625011200,2.977,3.095,2.7502,3.044,2823013.59
1625097600,3.0463,3.066,2.8391,2.9483,1634079.77
1625184000,2.9434,2.9791,2.75,2.9549,1500419.51
1625270400,2.9572,3.03,2.8768,3.03,1025305.71
1625356800,3.0305,3.11,2.9124,3.0407,1222455.3
1625443200,3.0397,3.0407,2.7969,2.8319,1382842.46
1625529600,2.8335,2.985,2.8052,2.8676,1489138.75
1625616000,2.8679,2.9662,2.8202,2.8777,1593257.66
1625702400,2.8714,2.8973,2.6195,2.694,2401607.29
1625788800,2.6942,2.7999,2.5798,2.7523,1153466.08
1625875200,2.7495,2.8385,2.6963,2.7869,1062099.91
1625961600,2.7869,2.89,2.7348,2.8447,1501668.08
1626048000,2.8457,2.9523,2.7624,2.8068,1810980.61
1626134400,2.8065,2.9179,2.7662,2.8111,2465934.47
1626220800,2.8106,2.82,2.5392,2.7178,2113993.4
1626307200,2.7177,2.7514,2.5216,2.5768,1538558.58
1626393600,2.5736,2.6423,2.4011,2.407,1962706.87
1626480000,2.4099,2.4826,2.3714,2.4078,1448532.68
1626566400,2.4075,2.4955,2.3846,2.4283,953623.08
1626652800,2.4306,2.45,2.2634,2.2881,1535243.31
1626739200,2.2902,2.3346,2.102,2.155,2019121.93
1626825600,2.1516,2.44,2.1034,2.3988,1546558.86
1626912000,2.3993,2.5112,2.3361,2.5022,1367776.12
1626998400,2.5022,2.6936,2.4958,2.6903,1751223.39
1627084800,2.6899,2.8239,2.6502,2.8201,1955653.67
1627171200,2.8206,2.9088,2.7206,2.8938,2770407.34
1627257600,2.8935,3.1183,2.8225,2.8407,4268338.7
1627344000,2.8428,2.9311,2.7423,2.8595,2012656.99
1627430400,2.8614,2.9008,2.7617,2.8147,1566073.91
1627516800,2.8119,2.8665,2.7391,2.8528,1623847.28
1627603200,2.8591,2.9727,2.7655,2.968,1755891.77
1627689600,2.9706,3.1056,2.9206,3.0384,2298167.72
1627776000,3.0362,3.1809,2.9054,2.9505,2859035.56
1627862400,2.952,3.31,2.8897,3.1291,2820354.98
1627948800,3.1278,3.2064,2.9726,3.0551,2083227.66
1628035200,3.0566,3.1888,2.9949,3.1748,1216612.75
1628121600,3.1763,3.2733,3.0735,3.2212,2472576.28
1628208000,3.2212,3.3644,3.15,3.361,1830744.07
1628294400,3.3618,3.535,3.3042,3.4275,2924042.51
1628380800,3.4251,3.4908,3.1573,3.1847,1992449.38
1628467200,3.1884,3.35,3.1063,3.2844,2706745.47
1628553600,3.2877,3.3539,3.183,3.2677,2455472.89
1628640000,3.2705,3.5634,3.26,3.4477,3012355.69
1628726400,3.4449,3.61,3.2168,3.352,2805247.69
1628812800,3.3538,3.597,3.3,3.5933,2264331.77
1628899200,3.595,3.7197,3.4681,3.6997,2729583.92
1628985600,3.6988,3.7629,3.5524,3.7392,1888187.59
1629072000,3.7392,3.8946,3.61,3.6332,2830318.52
1629158400,3.6331,3.8037,3.3811,3.4007,2554435.04
1629244800,3.3993,3.4713,3.237,3.3514,2144382.29
1629331200,3.3558,3.6481,3.2857,3.6372,3113185.32
1629417600,3.6372,3.7341,3.5839,3.7297,2502430.24
1629504000,3.7297,3.8343,3.6163,3.698,2422551.8
1629590400,3.7008,3.8837,3.6718,3.8028,1982743.21
1629676800,3.8008,4.511,3.7794,4.315,8304510.49
1629763200,4.315,4.4727,3.8948,3.961,6004435.91
1629849600,3.9585,5.44,3.9584,5.0988,17096962.7
1629936000,5.0988,5.1173,4.31,4.4371,11725470.76
1630022400,4.4328,5.5253,4.249,5.2435,12769522.02
1630108800,5.2436,5.6973,5.0227,5.6372,7411860.44
1630195200,5.6372,6.1321,5.4,5.8985,13045239.57
1630281600,5.8962,6.01,5.2804,5.3946,10124797.21
1630368000,5.3925,5.598,5.0098,5.1645,7571538.72
1630454400,5.1632,5.51,5,5.4252,5766742.98
1630540800,5.4226,5.4446,5.2053,5.296,3592010.18
1630627200,5.2935,5.4874,5.12,5.3138,5330130.54
1630713600,5.3161,5.6,5.2425,5.3997,3524865.46
1630800000,5.403,5.5988,5.2688,5.5688,4020174.46
1630886400,5.5688,5.77,5.4039,5.5971,5458660.4
1630972800,5.5974,5.7159,3.8927,4.42,10672695
1631059200,4.4187,4.5185,3.9,4.3353,6309750.57
1631145600,4.3381,5.7,4.2624,5.5798,14848647.21
1631232000,5.5846,6.8777,5.3166,6.1817,33225583.39
1631318400,6.1825,6.95,6.05,6.1207,14528737.59
1631404800,6.1236,7.24,5.9058,7.0255,15202256.94
1631491200,7.0216,7.8929,6.3,7.1721,27167260.96
1631577600,7.1721,8.0227,6.8385,7.1199,15361832.93
1631664000,7.1197,7.6449,6.7321,6.9009,10386340.25
1631750400,6.8977,7.0418,6.4511,6.9481,7942349.5
1631836800,6.9405,6.9764,6.0404,6.1083,10106709.92
1631923200,6.1107,6.73,5.897,6.4028,8982530.3
1632009600,6.4026,6.9495,6.103,6.5227,8169894.95
1632096000,6.521,6.5562,5.1,5.3074,15629082.73
1632182400,5.3087,5.535,4.482,4.6853,14683516.5
1632268800,4.6855,5.6292,4.5062,5.5767,11312315.3
1632355200,5.5779,6.5903,5.5051,6.2139,13580539.34
1632441600,6.2173,7.4017,5.8001,6.9968,21645479.86
1632528000,6.9912,7.5032,6.7793,6.8304,14648775.35
1632614400,6.83,7.0872,6.42,6.5187,8729697.5
1632700800,6.5171,6.6786,6.0089,6.0377,7904500.59
1632787200,6.034,6.2697,5.4346,5.4678,9743768.04
1632873600,5.4658,6.0825,5.3454,5.6399,7435121.9
1632960000,5.6441,6.0989,5.5917,6.0742,7121476.92
1633046400,6.0772,6.8512,6.0055,6.694,13408001.32
1633132800,6.6939,7.77,6.5249,7.337,14964930.11
1633219200,7.3318,8.9291,7.3318,8.6981,20582380.91
1633305600,8.6976,9.1446,8.18,8.3323,17983246.5
1633392000,8.3323,8.5424,7.7069,7.9356,9420912.67
1633478400,7.9386,8.5258,7.1597,7.7481,12384439.11
1633564800,7.7505,8.0693,7.426,7.6085,7881490.29
1633651200,7.613,7.7972,7.232,7.2991,5005895.77
1633737600,7.3011,7.6364,7.2035,7.6223,3670843.36
1633824000,7.6266,8.0996,6.9335,6.97,6450297
1633910400,6.9704,7.3953,6.6425,6.8972,6241032.8
1633996800,6.8974,7.2877,6.6142,7.1195,7934791.06
1634083200,7.116,7.3221,6.852,7.3002,4959967.8
1634169600,7.3027,7.4122,7.0352,7.1385,3595289.27
1634256000,7.1389,7.1469,6.74,6.8445,5012182.46
1634342400,6.8427,7.1377,6.8331,6.9105,2998907.82
1634428800,6.9106,6.98,6.3697,6.6281,3824413.59
1634515200,6.6259,6.6725,6.38,6.5483,3379157.91
1634601600,6.5481,6.8954,6.5107,6.7428,4611270.53
1634688000,6.7478,7.1278,6.5701,7.0143,3891191.11
1634774400,7.0163,7.1464,6.6,6.6556,4847978.12
1634860800,6.6545,6.9012,6.5579,6.7044,2804729.38
1634947200,6.7059,6.8195,6.634,6.7387,1758896.82
1635033600,6.7368,6.7456,6.2783,6.4739,3005166.46
1635120000,6.4756,6.72,6.4199,6.6302,2726120.19
1635206400,6.6302,7.1792,6.6178,6.8193,5301565.28
1635292800,6.823,6.8935,5.6391,5.9022,9123458.48
1635379200,5.9036,6.2686,5.8066,6.1476,5122515.34
1635465600,6.1345,6.8,6.075,6.5674,4484072.01
1635552000,6.5639,6.787,6.1705,6.3014,4083791.5
1635638400,6.2984,6.5643,6.0168,6.3593,4567153.95
1635724800,6.3584,6.3834,6.053,6.2407,2480724.38
1635811200,6.2406,6.3642,6.1359,6.2657,3075007.07
1635897600,6.266,6.4978,6.0501,6.3221,5080653.39
1635984000,6.322,6.49,6.1027,6.3491,3065496.51
1636070400,6.3475,6.86,6.235,6.465,5606395.75
1636156800,6.465,6.8265,6.24,6.4466,2371887.24
1636243200,6.4467,6.4687,6.3,6.3759,1665687.37
1636329600,6.3759,6.566,6.2837,6.5016,3946148.98
1636416000,6.5024,6.6259,6.246,6.2965,4416365.8
1636502400,6.299,6.4754,5.3191,5.8025,5930604.23
1636588800,5.8047,6.0564,5.7097,5.8642,3468087.13
1636675200,5.863,5.9968,5.5245,5.7691,3388579.3
1636761600,5.7711,5.9905,5.6626,5.8883,1834984.05
1636848000,5.8889,6.0669,5.6945,5.8232,1291249.97
1636934400,5.8253,5.9647,5.67,5.7218,1774691.34
1637020800,5.7219,5.7225,4.99,5.2149,4136672.51
1637107200,5.2149,5.33,4.9751,5.2407,2435071.37
1637193600,5.2448,5.2859,4.6473,4.794,3415765.05
1637280000,4.7923,5.3254,4.6867,5.2769,2284866.59
1637366400,5.2757,5.6079,5.2711,5.5267,2577131.63
1637452800,5.5267,5.56,5.2151,5.227,1361691.04
1637539200,5.2277,5.2398,4.9066,5.0159,2213500.31
1637625600,5.0156,5.2115,4.9304,5.1099,1750701.47
1637712000,5.1089,5.1116,4.7843,4.8916,2272204.57
1637798400,4.8919,5.1878,4.8263,5.0694,2691193.95
1637884800,5.0725,5.2089,4.49,4.6609,3457814.01
1637971200,4.6602,4.7755,4.5722,4.6237,1523838.03
1638057600,4.6174,4.66,4.2727,4.6505,2442538.67
1638144000,4.6513,5.7972,4.6336,5.6156,7887654.92
1638230400,5.6173,5.9673,5.2412,5.4848,8559602.84
1638316800,5.4868,5.515,5.1213,5.2437,3800834.37
1638403200,5.243,5.3277,5.0174,5.1024,3390122.1
1638489600,5.1025,5.3667,4.68,4.806,4754659.97
1638576000,4.8047,4.9689,3.424,4.295,6793740.22
1638662400,4.2863,4.377,3.8739,4.0319,3496835.21
1638748800,4.0227,4.2215,3.7937,4.1563,3698493.19
1638835200,4.1557,5.6996,4.0648,5.6753,11970016.11
1638921600,5.6699,6.0314,5.1293,5.6894,15702804.7
1639008000,5.688,6.1843,4.8275,4.85,11618428.26
1639094400,4.88,5,4.3083,4.33,5986979.93
1639180800,4.34,4.63,4.25,4.54,3250114.71
1639267200,4.53,4.68,4.32,4.51,1955458.28
1639353600,4.51,4.53,3.9132,4.05,3647759.5
1639440000,4.04,4.62,4.03,4.52,7573817.41
1639526400,4.52,4.57,4.06,4.48,4961137.92
1639612800,4.48,4.7,4.3,4.31,3727687.77
1639699200,4.31,4.39,4.05,4.15,3320348.72
1639785600,4.14,4.34,4.08,4.24,2334556.57
1639872000,4.25,4.32,4.11,4.13,2040465.93
1639958400,4.13,4.26,3.88,4.1,2554243.83
1640044800,4.1,4.26,4.05,4.24,2008829.02
1640131200,4.23,4.7,4.23,4.54,3582026.24
1640217600,4.54,4.82,4.45,4.76,5056792.23
1640304000,4.76,4.82,4.43,4.5,2791546.91
1640390400,4.49,4.72,4.44,4.58,1795764.06
1640476800,4.59,4.92,4.45,4.87,4514423.83
1640563200,4.87,5.18,4.77,5.1,3997540.87
1640649600,5.1,5.11,4.42,4.49,3842615.69
1640736000,4.48,4.55,4.22,4.38,3286419.72
1640822400,4.37,4.53,4.22,4.34,2685360.18
1640908800,4.34,4.52,4.18,4.34,3278609.22
1640995200,4.33,4.77,4.33,4.75,4252315.6
1641081600,4.75,4.79,4.59,4.65,2135641.31
1641168000,4.66,5.07,4.51,4.8,6366985.63
1641254400,4.81,5.36,4.58,5.05,9303783.22
1641340800,5.03,5.3,4.26,4.51,8704086.52
1641427200,4.5,4.55,4.21,4.45,5485114.09
1641513600,4.44,4.48,4.06,4.26,4625881.47
1641600000,4.25,4.37,3.86,4,3335365.69
1641686400,4.01,4.35,3.97,4.22,2442307.75
1641772800,4.21,4.27,3.78,4.02,3754863.26
1641859200,4.03,4.23,3.93,4.17,2387480.89
1641945600,4.17,4.46,4.15,4.39,3111669
1642032000,4.39,4.43,4.09,4.13,3808487.16
1642118400,4.12,4.32,4.08,4.29,2693551.83
1642204800,4.3,4.37,4.23,4.28,1587194.61
1642291200,4.28,4.35,4.19,4.29,1790485.95
1642377600,4.3,4.32,4,4.05,2999901.24
1642464000,4.05,4.21,3.93,4.12,3387981.74
1642550400,4.12,4.14,3.81,3.89,2878996.75
1642636800,3.87,4.09,3.68,3.71,3687515.87
1642723200,3.71,3.77,3.25,3.34,7042243.24
1642809600,3.34,3.44,2.7,2.96,5185531.45
1642896000,2.95,3.16,2.83,3.08,3191776.67
1642982400,3.09,3.09,2.54,2.97,4436435.16
1643068800,2.96,3.02,2.84,2.93,2981949.34
1643155200,2.93,3.23,2.85,2.95,3980224.4
1643241600,2.95,3.06,2.73,2.91,4321310.87
1643328000,2.91,3.05,2.83,3.02,3679633.29
1643414400,3.03,3.14,3.01,3.09,3536689.39
1643500800,3.1,3.66,3.09,3.27,6572386.06
1643587200,3.28,3.53,3.1,3.5,4466177.02
1643673600,3.5,3.77,3.47,3.75,5115695.75
1643760000,3.75,3.9,3.57,3.76,8486584.03
1643846400,3.75,3.97,3.61,3.83,9646614.6
1643932800,3.84,4.04,3.68,4.01,6535654.88
1644019200,4.02,4.09,3.86,3.93,3395918.55
1644105600,3.93,4,3.77,3.93,3424536.42
1644192000,3.93,4.2,3.83,4.14,4151231.55
1644278400,4.15,4.47,4.01,4.4,6647654.07
1644364800,4.4,4.6,4.32,4.45,5568266.48
1644451200,4.45,4.59,4.09,4.13,5494881.54
1644537600,4.12,4.47,4.01,4.31,6372982.2
1644624000,4.31,4.43,4.04,4.12,5645315.28
1644710400,4.11,4.14,3.8,3.85,2213803.8
1644796800,3.86,4,3.73,3.95,2388804.89
1644883200,3.95,4.19,3.9,4.15,1974245.34
1644969600,4.16,4.19,3.93,4.05,2086695.01
1645056000,4.05,4.05,3.61,3.68,2897971.08
1645142400,3.67,3.87,3.59,3.63,1873409.14
1645228800,3.63,3.7,3.47,3.6,1849663.99
1645315200,3.61,3.61,3.22,3.27,2870050.69
1645401600,3.27,3.48,2.95,2.98,4397016.75
1645488000,2.98,3.08,2.81,3.07,4143632.78
1645574400,3.07,3.23,2.93,2.94,2524950.12
1645660800,2.94,3.08,2.56,3.04,7648698.12
1645747200,3.04,3.26,2.96,3.22,3330576.98
1645833600,3.21,3.5,3.2,3.42,3708107.85
1645920000,3.43,3.46,3.05,3.11,3739559.75
1646006400,3.11,3.57,3.03,3.54,3766538.26
1646092800,3.53,3.67,3.42,3.49,3808096.6
1646179200,3.5,3.66,3.37,3.49,4725828.42
1646265600,3.5,3.53,3.31,3.4,2899851.87
1646352000,3.39,3.41,2.99,3.09,4066378.93
1646438400,3.09,3.17,2.98,3.14,1989017.72
1646524800,3.13,3.18,2.96,2.97,2367476.9
1646611200,2.97,3.08,2.84,2.92,4863421.77
1646697600,2.92,3.05,2.9,3.02,3745071.17
1646784000,3.02,3.19,3,3.18,3275404.5
1646870400,3.17,3.24,2.96,3.06,3988403.47
1646956800,3.05,3.11,2.96,2.99,3955094.56
1647043200,2.99,3.09,2.98,3.03,1720068.55
1647129600,3.03,3.09,2.9,2.91,2007651.22
1647216000,2.91,3.02,2.86,2.99,2825731.47
1647302400,3,3.02,2.88,2.97,2298488.22
1647388800,2.98,3.11,2.92,3.11,3817416.98
1647475200,3.1,3.16,3.06,3.09,2262681.27
1647561600,3.09,3.18,3.01,3.16,2520069.15
1647648000,3.16,3.3,3.15,3.26,2717029.88
1647734400,3.25,3.44,3.2,3.34,4754674.29
1647820800,3.33,3.34,3.19,3.25,2918667.49
1647907200,3.25,3.4,3.22,3.3,3134404.31
1647993600,3.31,3.58,3.29,3.45,4525353.91
1648080000,3.46,3.57,3.41,3.54,2996096.87
1648166400,3.53,3.59,3.43,3.52,3124462.05
1648252800,3.52,3.79,3.48,3.65,3603985.91
1648339200,3.65,3.87,3.64,3.86,3135519.62
1648425600,3.86,3.99,3.68,3.72,4288796.1
1648512000,3.71,3.93,3.7,3.79,3174406
1648598400,3.79,3.89,3.66,3.83,2550736.82
1648684800,3.84,4.03,3.67,3.72,3860948.97
1648771200,3.72,3.98,3.54,3.9,3149021
1648857600,3.91,4.13,3.88,3.92,3267266.55
1648944000,3.92,4.07,3.88,4.04,2133774.25
1649030400,4.05,4.05,3.72,3.9,2630601.69
1649116800,3.89,3.93,3.65,3.67,2765100.92
1649203200,3.67,3.68,3.23,3.28,5642583.72
1649289600,3.28,3.43,3.24,3.39,3383596.69
1649376000,3.38,3.43,3.13,3.17,3013598.68
1649462400,3.17,3.22,3.07,3.2,2434998.65
1649548800,3.2,3.3,3.11,3.13,1925669.53
1649635200,3.13,3.15,2.94,2.96,3977703.55
1649721600,2.97,3.2,2.94,3.07,2934883.35
1649808000,3.06,3.2,3.03,3.18,1864370.82
1649894400,3.18,3.28,3.06,3.09,2135538.25
1649980800,3.1,3.24,3.09,3.2,1692930.96
1650067200,3.2,3.29,3.16,3.28,1478309.31
1650153600,3.28,3.29,3.07,3.09,1734152.85
1650240000,3.09,3.19,2.93,3.17,2873411.59
1650326400,3.18,3.27,3.12,3.22,1625593.35
1650412800,3.22,3.28,3.09,3.15,2253626.53
1650499200,3.14,3.24,2.97,3.04,2299915.05
1650585600,3.04,3.16,2.98,3.09,2187003.99
1650672000,3.08,3.1,2.99,2.99,1064022.33
1650758400,3,3.05,2.93,2.97,1294686.94
1650844800,2.97,2.98,2.8,2.96,3336445.54
1650931200,2.95,2.97,2.74,2.75,3258875.91
1651017600,2.75,2.85,2.7,2.82,2127046.25
1651104000,2.83,2.86,2.74,2.8,1949105.96
1651190400,2.81,2.83,2.64,2.69,2084964.48
1651276800,2.69,2.75,2.44,2.53,2098561.78
1651363200,2.54,2.61,2.47,2.56,1694821.23
1651449600,2.57,2.61,2.39,2.5,2418358.29
1651536000,2.5,2.59,2.42,2.48,1694029.61
1651622400,2.49,2.75,2.47,2.7,1948744
1651708800,2.7,2.88,2.41,2.48,4133870.29
1651795200,2.49,2.53,2.39,2.5,2255612.21
1651881600,2.5,2.65,2.42,2.52,2623360.19
1651968000,2.51,2.64,2.51,2.56,3007142.33
1652054400,2.56,2.66,2,2.02,6352154.73
1652140800,2.01,2.3,1.99,2.12,4148714.42
1652227200,2.12,2.19,1.69,1.78,9649984.06
1652313600,1.78,1.89,1.39,1.67,6634573.3
1652400000,1.67,1.94,1.65,1.77,3570833.05
1652486400,1.76,1.87,1.65,1.82,1681000.88
1652572800,1.83,1.93,1.77,1.91,1587892.87
1652659200,1.92,1.93,1.72,1.78,1618931.94
1652745600,1.78,1.88,1.75,1.85,1826520.04
1652832000,1.85,1.89,1.66,1.68,2065649.22
1652918400,1.68,1.78,1.61,1.76,2307001.11
1653004800,1.76,1.8,1.67,1.73,1756270.73
1653091200,1.73,1.86,1.69,1.82,1853458.01
1653177600,1.82,2.01,1.78,1.98,3715987.07
1653264000,1.97,2.07,1.86,1.88,3827107.61
1653350400,1.87,2.16,1.86,2.11,4654322.85
1653436800,2.12,2.15,1.99,2.13,3512590.4
1653523200,2.13,2.26,1.81,1.87,5900866.2
1653609600,1.86,1.9,1.75,1.81,5144349.11
1653696000,1.82,1.98,1.81,1.96,2996554.33
1653782400,1.97,2.04,1.91,1.99,2862531.07
1653868800,1.99,2.2,1.96,2.13,2768627.36
1653955200,2.13,2.2,2.02,2.09,2713004.93
1654041600,2.09,2.13,1.91,1.94,2818204.23
1654128000,1.94,2.014,1.86,1.984,3036007.68
1654214400,1.983,1.99,1.87,1.9,4335707.01
1654300800,1.903,1.924,1.838,1.911,5439689.31
1654387200,1.912,1.99,1.868,1.952,4747179.84
1654473600,1.953,2.17,1.946,2.061,5162434.63
1654560000,2.061,2.207,1.95,2.065,11956294.67
1654646400,2.067,2.162,1.987,2.091,5468714.55
1654732800,2.09,2.267,2.054,2.225,5716054.51
1654819200,2.226,2.354,1.951,1.968,8402647.58
1654905600,1.968,2.071,1.788,1.799,9488395.68
1654992000,1.799,1.863,1.628,1.631,7297928.86
1655078400,1.63,1.65,1.338,1.4,15775670.11
1655164800,1.399,1.467,1.284,1.448,9782164.18
1655251200,1.448,1.534,1.297,1.528,9873885.75
1655337600,1.527,1.548,1.329,1.358,9045536.54
1655424000,1.36,1.466,1.345,1.388,4673469.32
1655510400,1.389,1.415,1.192,1.283,8638389.78
1655596800,1.284,1.416,1.208,1.39,6827779.61
1655683200,1.392,1.459,1.317,1.44,4912829.46
1655769600,1.442,1.525,1.395,1.427,4955549.59
1655856000,1.428,1.429,1.331,1.341,4360532.74
1655942400,1.34,1.451,1.33,1.437,2791005.15
1656028800,1.438,1.579,1.438,1.532,3265321.61
1656115200,1.533,1.577,1.455,1.542,2277791.44
1656201600,1.543,1.595,1.437,1.443,2864968.87
1656288000,1.444,1.641,1.436,1.6,4747404.27
1656374400,1.6,1.683,1.504,1.512,4869338.96
1656460800,1.511,1.56,1.459,1.477,2789344.09
1656547200,1.476,1.483,1.343,1.425,3949603.46
1656633600,1.425,1.471,1.329,1.377,3657979.04
1656720000,1.378,1.507,1.356,1.452,5212807.53
1656806400,1.453,1.473,1.396,1.445,2179809.8
1656892800,1.446,1.562,1.436,1.535,2779967.66
1656979200,1.536,1.555,1.427,1.468,2468952.07
1657065600,1.467,1.583,1.455,1.545,2218417.06
1657152000,1.543,1.593,1.533,1.567,2129732.09
1657238400,1.569,1.6,1.5,1.528,1750613.83
1657324800,1.528,1.654,1.528,1.622,2262284.85
1657411200,1.623,1.663,1.537,1.624,2029931.23
1657497600,1.625,1.709,1.561,1.572,4556042.35
1657584000,1.572,1.623,1.421,1.433,2325730.48
1657670400,1.434,1.522,1.398,1.52,3455931.04
1657756800,1.521,1.581,1.459,1.564,1434264.02
1657843200,1.563,1.62,1.548,1.573,1747965.77
1657929600,1.573,1.634,1.537,1.601,1213891.04
1658016000,1.603,1.639,1.563,1.575,1175092.66
1658102400,1.574,1.748,1.565,1.732,2690805.23
1658188800,1.729,1.795,1.654,1.743,2220366.98
1658275200,1.744,1.779,1.603,1.622,2791243.85
1658361600,1.621,1.688,1.56,1.675,1183683.1
1658448000,1.673,1.743,1.611,1.635,1484503.95
1658534400,1.635,1.684,1.601,1.65,1035815.98
1658620800,1.651,1.72,1.65,1.681,1294317.97
1658707200,1.682,1.686,1.506,1.508,1739539.02
1658793600,1.509,1.56,1.474,1.557,1697606.55
1658880000,1.556,1.645,1.527,1.644,2103419.81
1658966400,1.645,1.75,1.598,1.718,2945271.46
1659052800,1.718,1.779,1.661,1.711,2711259.56
1659139200,1.71,1.863,1.71,1.82,4052053.75
1659225600,1.82,1.853,1.734,1.739,2023568.23
1659312000,1.738,1.859,1.724,1.813,1699124.65
1659398400,1.813,1.835,1.676,1.712,2656159.69
1659484800,1.713,1.791,1.666,1.717,1143336.5
1659571200,1.717,1.858,1.715,1.815,1861425.33
1659657600,1.817,1.894,1.809,1.864,2050776.94
1659744000,1.863,1.9,1.844,1.879,1176129.88
1659830400,1.879,1.933,1.84,1.888,905879.27
1659916800,1.887,1.947,1.862,1.893,1380004.62
1660003200,1.894,1.92,1.755,1.801,1660250.39
1660089600,1.802,1.877,1.742,1.875,1038222.29
1660176000,1.876,1.959,1.869,1.902,1646654.82
1660262400,1.902,1.926,1.859,1.923,746074.8
1660348800,1.925,1.945,1.89,1.912,546363.67
1660435200,1.911,1.959,1.8,1.821,1612708.89
1660521600,1.821,1.867,1.776,1.821,1333042.07
1660608000,1.822,1.91,1.781,1.886,1907627.1
1660694400,1.887,2.037,1.847,1.886,3022577.1
1660780800,1.886,1.89,1.78,1.788,1170274.92
1660867200,1.79,1.792,1.552,1.577,3308263.39
1660953600,1.577,1.639,1.523,1.559,974514.28
1661040000,1.562,1.648,1.552,1.633,1029281.67
1661126400,1.633,1.635,1.518,1.588,2359620.17
1661212800,1.587,1.607,1.537,1.592,680731.08
1661299200,1.593,1.644,1.556,1.6,1079334.57
1661385600,1.6,1.681,1.597,1.669,1453788.88
1661472000,1.668,1.673,1.462,1.484,2761004.13
1661558400,1.483,1.489,1.43,1.464,1604465.87
1661644800,1.463,1.495,1.421,1.426,1027042.45
1661731200,1.427,1.538,1.417,1.531,1383777.68
1661817600,1.531,1.55,1.449,1.497,1133865.79
1661904000,1.496,1.581,1.496,1.51,1285433.45
1661990400,1.509,1.541,1.474,1.539,920224.92
1662076800,1.539,1.566,1.467,1.491,1429996.58
1662163200,1.49,1.528,1.47,1.524,834216.43
1662249600,1.523,1.56,1.51,1.56,857167.58
1662336000,1.559,1.567,1.501,1.547,981212.4
1662422400,1.547,1.592,1.425,1.427,2198801.32
1662508800,1.428,1.504,1.401,1.489,1512969.07
1662595200,1.488,1.602,1.468,1.588,2139030.41
1662681600,1.588,1.666,1.583,1.644,2169770.91
1662768000,1.644,1.681,1.627,1.663,1231378.27
1662854400,1.663,1.758,1.647,1.683,1450182.39
1662940800,1.682,1.725,1.613,1.657,1849771.27
1663027200,1.657,1.69,1.519,1.529,2007738.43
1663113600,1.528,1.622,1.513,1.605,1269882.29
1663200000,1.603,1.615,1.508,1.522,1396457.4
1663286400,1.522,1.555,1.499,1.521,765085.93
1663372800,1.521,1.566,1.52,1.551,483366.25
1663459200,1.551,1.572,1.425,1.438,599432.95
1663545600,1.438,1.507,1.409,1.483,1019840.85
1663632000,1.485,1.524,1.453,1.463,964081.3
1663718400,1.464,1.525,1.384,1.411,1626494.81
1663804800,1.412,1.525,1.409,1.508,1016880.61
1663891200,1.51,1.553,1.427,1.517,1363143.9
1663977600,1.517,1.554,1.468,1.475,783649.73
1664064000,1.474,1.509,1.438,1.456,813855.26
1664150400,1.458,1.479,1.424,1.475,650124.16
1664236800,1.474,1.543,1.423,1.442,1507220.04
1664323200,1.443,1.457,1.391,1.441,1303749.09
1664409600,1.441,1.449,1.406,1.439,507334.86
1664496000,1.44,1.464,1.408,1.424,701195.83
1664582400,1.423,1.435,1.399,1.41,443396.25
1664668800,1.409,1.42,1.365,1.376,796504.54
1664755200,1.375,1.451,1.357,1.438,1120376.12
1664841600,1.438,1.469,1.426,1.459,1124794.32
1664928000,1.457,1.459,1.404,1.431,710273.83
1665014400,1.43,1.456,1.417,1.428,1224747.58
1665100800,1.427,1.436,1.391,1.409,882470.35
1665187200,1.407,1.426,1.402,1.407,352024.36
1665273600,1.407,1.43,1.403,1.429,252783.97
1665360000,1.429,1.444,1.365,1.371,626547.32
1665446400,1.371,1.371,1.329,1.343,1097528.71
1665532800,1.343,1.363,1.34,1.352,602622.99
1665619200,1.351,1.423,1.26,1.384,2148687.14
1665705600,1.384,1.436,1.353,1.367,1031002.83
1665792000,1.368,1.383,1.343,1.355,398383.16
1665878400,1.353,1.373,1.34,1.356,502489.3
1665964800,1.356,1.397,1.343,1.39,666120.74
1666051200,1.39,1.41,1.35,1.375,986429.24
1666137600,1.376,1.382,1.316,1.325,1109736.16
1666224000,1.326,1.358,1.307,1.32,821339.78
1666310400,1.32,1.355,1.291,1.343,770243.19
1666396800,1.344,1.352,1.328,1.341,348998.46
1666483200,1.341,1.381,1.33,1.373,559746
1666569600,1.374,1.398,1.336,1.352,1546197.4
1666656000,1.353,1.418,1.344,1.388,1469064.73
1666742400,1.389,1.459,1.386,1.437,1402213.27
1666828800,1.433,1.493,1.404,1.413,1179095.89
1666915200,1.412,1.461,1.394,1.442,980263.62
1667001600,1.441,1.483,1.426,1.445,1066938.43
1667088000,1.444,1.484,1.399,1.422,637388.46
1667174400,1.424,1.474,1.409,1.426,1163067.2
1667260800,1.427,1.438,1.403,1.415,1106437.74
1667347200,1.416,1.428,1.352,1.381,1466476.53
1667433600,1.381,1.424,1.356,1.37,1241058.77
1667520000,1.369,1.448,1.36,1.448,2058192.87
1667606400,1.449,1.478,1.418,1.446,1173295.21
1667692800,1.447,1.457,1.367,1.372,802131.45
1667779200,1.37,1.4,1.334,1.362,1312131.31
1667865600,1.362,1.38,1.068,1.173,5489221.1
1667952000,1.172,1.187,0.984,1.028,5730598.7
1668038400,1.023,1.155,1.01,1.138,2724814.38
1668124800,1.138,1.148,1.031,1.067,1619560.02
1668211200,1.068,1.071,1.011,1.039,919172.91
1668297600,1.04,1.06,0.991,1.006,1087006.91
1668384000,1.008,1.03,0.935,1.014,2003110.11
1668470400,1.015,1.047,0.998,1.024,925173.36
1668556800,1.022,1.032,0.967,0.986,1063377.39
1668643200,0.986,0.99,0.961,0.975,949281.34
1668729600,0.975,0.996,0.963,0.98,651609.14
1668816000,0.981,1.011,0.963,0.998,871838.36
1668902400,0.997,1.017,0.966,0.972,917277.6
1668988800,0.972,0.983,0.921,0.937,1819416.36
1669075200,0.937,0.968,0.911,0.967,1886063.31
1669161600,0.967,1.003,0.96,1.002,1259051.71
1669248000,0.999,1.023,0.987,1.003,799576.95
1669334400,1.002,1.006,0.974,0.99,735675.15
1669420800,0.99,1.018,0.975,0.988,799694.77
1669507200,0.985,1.012,0.979,0.988,559363.83
1669593600,0.986,1,0.946,0.975,926653.74
1669680000,0.976,0.993,0.967,0.976,1482108.96
1669766400,0.976,1.025,0.976,1.021,2038027.56
1669852800,1.019,1.025,0.992,1.004,921254.43
1669939200,1.001,1.041,0.99,1.029,1078626.81
1670025600,1.027,1.033,0.992,0.993,332492.2
1670112000,0.993,1.015,0.992,1.005,642677.31
1670198400,1.005,1.031,0.998,1.006,828603.44
1670284800,1.005,1.027,1.004,1.015,850656.69
1670371200,1.015,1.018,0.967,0.985,861947.03
1670457600,0.985,1.006,0.971,1.001,507662.92
1670544000,1,1.004,0.979,0.985,557627.4
1670630400,0.984,1.004,0.982,0.999,246111.56
1670716800,0.998,1.008,0.987,0.988,437177.46
1670803200,0.987,0.988,0.946,0.96,1237164.29
1670889600,0.962,0.981,0.916,0.972,1986826.81
1670976000,0.972,0.981,0.945,0.95,1511784.15
1671062400,0.95,0.97,0.921,0.955,2301446.87
1671148800,0.954,0.962,0.825,0.84,2083053.32
1671235200,0.839,0.865,0.827,0.846,1603294.45
1671321600,0.845,0.85,0.827,0.837,670990.98
1671408000,0.838,0.848,0.76,0.775,1396455.19
1671494400,0.776,0.811,0.774,0.804,857782.75
1671580800,0.805,0.809,0.788,0.806,829140
1671667200,0.806,0.81,0.776,0.806,845526.15
1671753600,0.806,0.816,0.795,0.803,726537.88
1671840000,0.803,0.807,0.797,0.801,522099.64
1671926400,0.799,0.801,0.773,0.784,640284.61
1672012800,0.785,0.797,0.781,0.797,947387.68
1672099200,0.796,0.797,0.764,0.772,863869.55
1672185600,0.774,0.774,0.729,0.737,1406370.85
1672272000,0.736,0.743,0.707,0.725,1604852.82
1672358400,0.725,0.732,0.698,0.722,1202673.96
1672444800,0.722,0.727,0.711,0.716,1274783.83
1672531200,0.715,0.721,0.704,0.719,1076144.13
1672617600,0.719,0.745,0.706,0.739,741905.44
1672704000,0.74,0.759,0.735,0.754,1011595.69
1672790400,0.754,0.777,0.75,0.767,880076.24
1672876800,0.768,0.777,0.747,0.763,827970.05
1672963200,0.762,0.773,0.746,0.772,859199.92
1673049600,0.771,0.795,0.77,0.791,647714.93
1673136000,0.791,0.826,0.78,0.822,708294.23
1673222400,0.822,0.854,0.818,0.83,1643205.85
1673308800,0.831,0.845,0.816,0.832,1538352.55
1673395200,0.831,0.859,0.806,0.858,1454622.44
1673481600,0.858,0.896,0.825,0.89,2035923.59
1673568000,0.889,0.93,0.875,0.917,1757818.17
1673654400,0.918,1.038,0.917,1.008,4743084.23
1673740800,1.009,1.086,0.98,1.028,2792046.82
1673827200,1.028,1.05,0.991,1.01,2241699.94
1673913600,1.009,1.063,0.989,1.018,2013994.87
1674000000,1.019,1.039,0.943,0.952,1866016.7
1674086400,0.951,1.066,0.951,0.993,1287083.06
1674172800,0.992,1.069,0.973,1.065,1379306.52
1674259200,1.066,1.185,1.052,1.098,3221757.68
1674345600,1.096,1.14,1.078,1.107,1383939.34
1674432000,1.107,1.131,1.091,1.112,2165927.37
1674518400,1.112,1.152,1.043,1.056,1403551.08
1674604800,1.056,1.119,1.025,1.092,2121713.19
1674691200,1.093,1.117,1.072,1.092,1748521.25
1674777600,1.091,1.127,1.06,1.125,2008477.98
1674864000,1.126,1.146,1.086,1.096,1259409.6
1674950400,1.097,1.182,1.084,1.159,2118053.8
1675036800,1.158,1.163,1.04,1.057,2300560.35
1675123200,1.058,1.079,1.046,1.059,1155879.76
1675209600,1.058,1.1,1.017,1.093,1940871.4
1675296000,1.097,1.159,1.078,1.092,1984855.74
1675382400,1.093,1.16,1.086,1.145,1553611.73
1675468800,1.144,1.177,1.128,1.164,1226313.63
1675555200,1.165,1.236,1.142,1.187,2362966.92
1675641600,1.188,1.189,1.137,1.146,1826347.26
1675728000,1.144,1.22,1.138,1.216,2611961.04
1675814400,1.217,1.265,1.18,1.226,3015603.37
1675900800,1.226,1.233,1.052,1.079,3574253.06
1675987200,1.077,1.106,1.059,1.088,2060971.02
1676073600,1.089,1.096,1.064,1.084,543757.41
1676160000,1.084,1.111,1.061,1.079,903189.43
1676246400,1.078,1.082,1.003,1.04,1647126.62
1676332800,1.04,1.064,1.016,1.063,1297137.94
1676419200,1.063,1.15,1.05,1.149,1735376.1
1676505600,1.148,1.173,1.086,1.092,1909779.75
1676592000,1.093,1.166,1.087,1.153,1489644.32
1676678400,1.155,1.189,1.147,1.174,1214527.06
1676764800,1.173,1.215,1.161,1.189,1377317.45
1676851200,1.191,1.279,1.16,1.259,2081041.02
1676937600,1.258,1.298,1.194,1.223,2097620.14
1677024000,1.223,1.457,1.221,1.432,7943457.42
1677110400,1.431,1.483,1.329,1.348,6039053.12
1677196800,1.348,1.348,1.215,1.239,2316166.39
1677283200,1.238,1.248,1.152,1.197,926674.88
1677369600,1.196,1.218,1.187,1.215,709414.18
1677456000,1.214,1.223,1.161,1.185,1581039.85
1677542400,1.185,1.194,1.128,1.137,847467.12
1677628800,1.137,1.204,1.129,1.202,881179.47
1677715200,1.203,1.203,1.137,1.178,848596.51
1677801600,1.179,1.18,1.059,1.146,1812814.51
1677888000,1.145,1.149,1.098,1.112,501752.38
1677974400,1.11,1.144,1.104,1.113,712476.65
1678060800,1.113,1.146,1.096,1.139,730789.42
1678147200,1.139,1.146,1.082,1.11,1070746.92
1678233600,1.11,1.114,1.016,1.026,1089646.97
1678320000,1.026,1.063,0.964,0.989,1434662.7
1678406400,0.989,1.02,0.953,1.016,1664966.33
1678492800,1.015,1.041,0.961,0.988,1534955.24
1678579200,0.989,1.064,0.968,1.058,790404.16
1678665600,1.059,1.108,1.024,1.094,3037827.78
1678752000,1.093,1.236,1.068,1.198,3254670.96
1678838400,1.198,1.245,1.116,1.152,2371534.74
1678924800,1.152,1.21,1.131,1.186,2081339.37
1679011200,1.187,1.256,1.172,1.256,1801803.19
1679097600,1.257,1.264,1.184,1.191,1272438.11
1679184000,1.192,1.263,1.187,1.246,931845.21
1679270400,1.248,1.269,1.161,1.166,2575396.65
1679356800,1.166,1.201,1.138,1.19,2065031.67
1679443200,1.191,1.192,1.082,1.116,1663958.7
1679529600,1.116,1.189,1.113,1.164,1234688.86
1679616000,1.165,1.181,1.111,1.132,1157243.41
1679702400,1.133,1.144,1.095,1.111,527295.28
1679788800,1.11,1.151,1.104,1.139,454656.81
1679875200,1.14,1.154,1.058,1.077,1536042.5
1679961600,1.079,1.096,1.062,1.09,858211.01
1680048000,1.089,1.148,1.087,1.137,798329.08
1680134400,1.138,1.153,1.092,1.109,997068.01
1680220800,1.108,1.134,1.089,1.119,619709.85
1680307200,1.119,1.134,1.11,1.128,513938.93
1680393600,1.127,1.134,1.085,1.101,642681.51
1680480000,1.1,1.127,1.073,1.113,956387.47
1680566400,1.116,1.131,1.097,1.115,1829268.52
1680652800,1.115,1.149,1.106,1.136,915705.19
1680739200,1.137,1.175,1.114,1.135,1376979.56
1680825600,1.134,1.138,1.082,1.102,1337335
1680912000,1.101,1.109,1.096,1.1,360293.31
1680998400,1.1,1.11,1.077,1.102,398875.39
1681084800,1.101,1.128,1.088,1.122,742479.73
1681171200,1.123,1.132,1.106,1.116,888584.53
1681257600,1.115,1.119,1.079,1.096,921067.5
1681344000,1.095,1.13,1.083,1.125,1061488.65
1681430400,1.126,1.163,1.124,1.152,2341064.89
1681516800,1.153,1.166,1.135,1.159,1627306.23
1681603200,1.16,1.19,1.142,1.179,1482115.96
1681689600,1.179,1.181,1.132,1.143,1783821.63
1681776000,1.143,1.177,1.131,1.162,1421233.66
1681862400,1.163,1.163,1.039,1.061,2332900.06
1681948800,1.059,1.068,1.023,1.027,1463451.33
1682035200,1.028,1.049,0.99,1.002,1788172.2
1682121600,1.002,1.033,0.998,1.032,360436.27
1682208000,1.031,1.033,0.994,1.016,354518.84
1682294400,1.017,1.033,0.99,1.001,558124.98
1682380800,1.005,1.027,0.974,1.02,759669.95
1682467200,1.02,1.056,0.959,1.004,1164245.26
1682553600,1.004,1.043,1,1.031,586948.02
1682640000,1.031,1.033,1.003,1.015,481866.88
1682726400,1.013,1.032,1.01,1.028,399794.02
1682812800,1.028,1.033,0.998,1,645510.58
1682899200,1.001,1.014,0.969,0.985,663714.7
1682985600,0.984,0.997,0.978,0.992,510546.06
1683072000,0.992,1.004,0.963,0.999,654003.31
1683158400,1,1.005,0.983,0.995,365591.83
1683244800,0.995,1.057,0.991,1.022,1100093.11
1683331200,1.022,1.029,0.957,0.983,1068059.23
1683417600,0.983,0.988,0.962,0.966,470556.03
1683504000,0.965,0.971,0.885,0.913,1578473.36
1683590400,0.912,0.922,0.897,0.908,626955.15
1683676800,0.908,0.926,0.869,0.916,1033550.94
1683763200,0.916,0.917,0.866,0.893,662197.66
1683849600,0.893,0.897,0.85,0.895,925535.33
1683936000,0.895,0.897,0.881,0.886,253339.96
1684022400,0.886,0.897,0.874,0.889,345066.45
1684108800,0.889,0.905,0.876,0.89,463545.47
1684195200,0.89,0.903,0.877,0.901,500896.43
1684281600,0.9,0.918,0.879,0.909,582519.1
1684368000,0.91,0.916,0.89,0.901,509681.87
1684454400,0.9,0.905,0.868,0.893,1135848.85
1684540800,0.893,0.905,0.884,0.903,331797.52
1684627200,0.904,0.905,0.893,0.898,319480.48
1684713600,0.897,0.901,0.882,0.889,429144.12
1684800000,0.889,0.911,0.884,0.896,427199.12
1684886400,0.895,0.896,0.855,0.868,384993.17
1684972800,0.87,0.875,0.852,0.871,524294.22
1685059200,0.872,0.885,0.848,0.882,557426.96
1685145600,0.882,0.897,0.877,0.896,252252.88
1685232000,0.895,0.932,0.893,0.926,372180.27
1685318400,0.926,0.942,0.924,0.934,615577.21
1685404800,0.933,0.948,0.925,0.93,577305.65
1685491200,0.93,0.936,0.891,0.904,862414.91
1685577600,0.904,0.908,0.883,0.888,675162.7
1685664000,0.887,0.911,0.877,0.911,346299
1685750400,0.911,0.916,0.901,0.915,156264.52
1685836800,0.915,0.925,0.909,0.914,201285.88
1685923200,0.914,0.915,0.822,0.859,577034.05
1686009600,0.856,0.887,0.84,0.88,449019.19
1686096000,0.881,0.881,0.84,0.844,406539.34
1686182400,0.845,0.85,0.832,0.843,415984.93
1686268800,0.841,0.845,0.819,0.825,421805.31
1686355200,0.826,0.827,0.652,0.731,1579826.66
1686441600,0.73,0.77,0.712,0.72,672233.8
1686528000,0.72,0.727,0.705,0.724,425936.8
1686614400,0.723,0.752,0.715,0.721,399349.86
1686700800,0.722,0.801,0.711,0.729,1287401.56
1686787200,0.727,0.763,0.701,0.722,794181.41
1686873600,0.722,0.73,0.702,0.718,414201.33
1686960000,0.718,0.736,0.711,0.729,200207.9
1687046400,0.729,0.743,0.715,0.718,233630.74
1687132800,0.717,0.733,0.705,0.727,863688.98
1687219200,0.726,0.74,0.708,0.74,648072.59
1687305600,0.74,0.779,0.738,0.775,810175.06
1687392000,0.775,0.799,0.762,0.762,532657.27
1687478400,0.763,0.809,0.762,0.797,431975.62
1687564800,0.797,0.828,0.792,0.826,388738.28
1687651200,0.827,0.854,0.815,0.821,309138.38
1687737600,0.821,0.827,0.787,0.798,293587.98
1687824000,0.796,0.81,0.792,0.806,278037.94
1687910400,0.806,0.806,0.736,0.761,485945.16
1687996800,0.761,0.782,0.756,0.769,418292.88
1688083200,0.768,0.828,0.76,0.805,700106.04
1688169600,0.807,0.832,0.798,0.826,320957.38
1688256000,0.828,0.837,0.807,0.836,327584.02
1688342400,0.837,0.866,0.831,0.85,817133.15
1688428800,0.85,0.864,0.818,0.826,474587.29
1688515200,0.826,0.84,0.794,0.804,501483.03
1688601600,0.804,0.828,0.774,0.78,401692.91
1688688000,0.781,0.799,0.774,0.796,286014.06
1688774400,0.796,0.817,0.788,0.816,186092.82
1688860800,0.816,0.825,0.807,0.812,161116.37
1688947200,0.813,0.832,0.793,0.815,263741.07
1689033600,0.815,0.835,0.81,0.827,263810.22
1689120000,0.827,0.845,0.814,0.825,190437.34
1689206400,0.823,0.912,0.817,0.908,922409.35
1689292800,0.908,0.923,0.852,0.879,1355594.84
1689379200,0.878,0.9,0.87,0.881,341843.29
1689465600,0.881,0.884,0.856,0.859,431155.7
1689552000,0.859,0.886,0.842,0.863,808898.79
1689638400,0.864,0.871,0.818,0.827,454071.58
1689724800,0.826,0.853,0.822,0.839,429256.58
1689811200,0.838,0.923,0.838,0.866,941347.8
1689897600,0.865,0.867,0.841,0.851,357671.65
1689984000,0.849,0.858,0.831,0.839,235860.63
1690070400,0.84,0.885,0.834,0.876,289427.73
1690156800,0.876,0.893,0.796,0.812,1038295.61
1690243200,0.81,0.817,0.803,0.811,348068.31
1690329600,0.813,0.824,0.802,0.814,349453.72
1690416000,0.815,0.828,0.798,0.811,624860.47
1690502400,0.809,0.83,0.806,0.827,354312.91
1690588800,0.828,0.844,0.827,0.841,224316.3
1690675200,0.842,0.847,0.814,0.835,246267.34
1690761600,0.837,0.848,0.818,0.824,438971.55
1690848000,0.825,0.842,0.793,0.841,329763.18
1690934400,0.842,0.857,0.829,0.835,427502.01
1691020800,0.835,0.845,0.81,0.815,212113.08
1691107200,0.815,0.819,0.8,0.809,379517.08
1691193600,0.808,0.811,0.798,0.808,157622.75
1691280000,0.807,0.815,0.8,0.804,160926.51
1691366400,0.804,0.811,0.773,0.794,333821.89
1691452800,0.793,0.808,0.789,0.8,265226.6
1691539200,0.8,0.806,0.787,0.794,385470.91
1691625600,0.794,0.798,0.782,0.79,424324.98
1691712000,0.79,0.797,0.784,0.794,234113.32
1691798400,0.795,0.805,0.788,0.792,297878.69
1691884800,0.793,0.802,0.789,0.794,140351.55
1691971200,0.792,0.807,0.786,0.799,288488.75
1692057600,0.799,0.799,0.732,0.763,724318.75
1692144000,0.763,0.768,0.719,0.732,790415.17
1692230400,0.732,0.737,0.635,0.685,989020.94
1692316800,0.683,0.706,0.683,0.701,588255.36
1692403200,0.701,0.715,0.695,0.709,244025.03
1692489600,0.71,0.713,0.7,0.712,161742.65
1692576000,0.712,0.714,0.676,0.698,301450.39
1692662400,0.698,0.701,0.665,0.691,346051.9
1692748800,0.691,0.715,0.69,0.707,249790.05
1692835200,0.709,0.711,0.688,0.694,150929.05
1692921600,0.693,0.701,0.678,0.698,179174.98
1693008000,0.697,0.713,0.678,0.679,414963.25
1693094400,0.679,0.702,0.678,0.7,137433.2
1693180800,0.7,0.709,0.69,0.705,291237.21
1693267200,0.706,0.74,0.688,0.73,504045.4
1693353600,0.731,0.731,0.71,0.716,173226.85
1693440000,0.715,0.719,0.678,0.687,324591.79
1693526400,0.686,0.69,0.667,0.682,380102.24
1693612800,0.682,0.692,0.679,0.69,185219.91
1693699200,0.69,0.699,0.682,0.688,210770.82
1693785600,0.688,0.701,0.687,0.697,224326.36
1693872000,0.697,0.71,0.685,0.699,286033.15
1693958400,0.699,0.704,0.682,0.693,239334.7
1694044800,0.693,0.699,0.682,0.696,217719.26
1694131200,0.697,0.702,0.685,0.694,344934.25
1694217600,0.694,0.698,0.689,0.697,164802.18
1694304000,0.697,0.697,0.667,0.675,393645.53
1694390400,0.676,0.677,0.637,0.642,359843.77
1694476800,0.64,0.662,0.632,0.636,409708.06
1694563200,0.636,0.653,0.63,0.644,320279
1694649600,0.644,0.657,0.638,0.657,233051.61
1694736000,0.657,0.679,0.652,0.677,311252.87
1694822400,0.677,0.693,0.676,0.683,213595.48
1694908800,0.681,0.681,0.65,0.66,268639.93
1694995200,0.66,0.7,0.655,0.671,741334.82
1695081600,0.672,0.682,0.668,0.681,220918.16
1695168000,0.681,0.686,0.668,0.675,177055.39
1695254400,0.674,0.682,0.654,0.659,241225.43
1695340800,0.66,0.668,0.653,0.668,186170.22
1695427200,0.668,0.671,0.656,0.666,100944.6
1695513600,0.666,0.667,0.649,0.651,108151.45
1695600000,0.649,0.664,0.643,0.659,298492.53
1695686400,0.659,0.662,0.648,0.656,239268.51
1695772800,0.656,0.666,0.646,0.651,237702.68
1695859200,0.653,0.669,0.65,0.667,238595.62
1695945600,0.669,0.681,0.665,0.679,411138.11
1696032000,0.681,0.687,0.677,0.681,126903.45
1696118400,0.681,0.709,0.68,0.706,340036.48
1696204800,0.706,0.713,0.67,0.678,679574.29
1696291200,0.677,0.689,0.668,0.672,278418.55
1696377600,0.672,0.684,0.654,0.681,487311.1
1696464000,0.681,0.685,0.666,0.667,230457.94
1696550400,0.668,0.682,0.663,0.68,305508.06
1696636800,0.679,0.685,0.67,0.677,232345.76
1696723200,0.676,0.68,0.672,0.675,94478.76
1696809600,0.675,0.679,0.636,0.648,538962
1696896000,0.649,0.742,0.649,0.689,2807579.79
1696982400,0.689,0.689,0.651,0.656,1210425.76
1697068800,0.657,0.658,0.633,0.641,723590.06
1697155200,0.643,0.661,0.641,0.652,360030.1
1697241600,0.652,0.667,0.648,0.655,406971.41
1697328000,0.657,0.66,0.647,0.653,432075.47
1697414400,0.653,0.677,0.65,0.66,691498.24
1697500800,0.659,0.66,0.636,0.651,553783.14
1697587200,0.651,0.656,0.627,0.63,435933.92
1697673600,0.63,0.633,0.617,0.624,575330.82
1697760000,0.626,0.652,0.625,0.645,537993.18
1697846400,0.647,0.671,0.643,0.67,243109.36
1697932800,0.67,0.681,0.653,0.674,438999.5
1698019200,0.675,0.712,0.667,0.707,1127216.34
1698105600,0.708,0.725,0.688,0.712,1309626.18
1698192000,0.711,0.724,0.692,0.713,565605.95
1698278400,0.713,0.731,0.688,0.711,754792.29
1698364800,0.711,0.714,0.689,0.708,652618.65
1698451200,0.708,0.736,0.708,0.731,563087.86
1698537600,0.73,0.753,0.718,0.743,371538.35
1698624000,0.745,0.761,0.731,0.753,606019.71
1698710400,0.754,0.763,0.717,0.757,645233.29
1698796800,0.756,0.795,0.74,0.786,1118073.9
1698883200,0.788,0.805,0.772,0.8,1323002.56
1698969600,0.797,0.797,0.765,0.781,766432.92
1699056000,0.781,0.791,0.769,0.791,271935.05
1699142400,0.79,0.827,0.784,0.81,622231.06
1699228800,0.81,0.832,0.794,0.832,699140.05
1699315200,0.83,0.85,0.813,0.839,1035787.32
1699401600,0.84,0.9,0.84,0.87,1252165.36
1699488000,0.87,0.889,0.764,0.854,2177350.12
1699574400,0.853,0.9,0.841,0.897,820913.97
1699660800,0.899,0.919,0.861,0.914,553936.83
1699747200,0.911,0.941,0.885,0.933,587253.39
1699833600,0.933,0.947,0.883,0.888,841278.45
1699920000,0.888,0.949,0.814,0.852,1126114.45
1700006400,0.853,0.887,0.839,0.887,433446.53
1700092800,0.888,0.903,0.829,0.838,580211.42
1700179200,0.837,0.857,0.812,0.849,515632.58
1700265600,0.849,0.851,0.805,0.84,285775.56
1700352000,0.838,0.863,0.822,0.859,160546.51
1700438400,0.859,0.867,0.835,0.843,604054.82
1700524800,0.843,0.867,0.762,0.766,661087.41
1700611200,0.765,0.811,0.762,0.809,755373.56
1700697600,0.808,0.819,0.797,0.813,246720.61
1700784000,0.813,0.831,0.809,0.823,328032.82
1700870400,0.823,0.852,0.817,0.847,157922.16
1700956800,0.849,0.85,0.817,0.841,207320.31
1701043200,0.841,0.845,0.786,0.808,462712.3
1701129600,0.808,0.823,0.785,0.813,645711.23
1701216000,0.815,0.845,0.81,0.826,411870.03
1701302400,0.825,0.834,0.812,0.834,189150.58
1701388800,0.834,0.846,0.827,0.843,238698.97
1701475200,0.844,0.874,0.842,0.871,424900.54
1701561600,0.872,0.873,0.837,0.853,407265.55
1701648000,0.855,0.879,0.836,0.877,619795.07
1701734400,0.878,0.896,0.858,0.895,681760.32
1701820800,0.896,0.904,0.865,0.881,700100.81
1701907200,0.882,0.925,0.879,0.909,1055294.33
1701993600,0.909,0.947,0.902,0.945,929274.43
1702080000,0.946,1,0.946,0.974,757097.48
1702166400,0.976,0.99,0.942,0.962,482968.88
1702252800,0.962,0.968,0.833,0.873,1421614.94
1702339200,0.873,0.932,0.871,0.93,1235139.17
1702425600,0.93,0.95,0.869,0.919,789225.5
1702512000,0.922,0.98,0.904,0.977,1181318.47
1702598400,0.979,0.979,0.911,0.915,896440.58
1702684800,0.917,0.949,0.902,0.943,577283.97
1702771200,0.944,0.945,0.904,0.91,440049.22
1702857600,0.911,0.915,0.836,0.893,1074350.99
1702944000,0.894,0.912,0.86,0.864,922968.22
1703030400,0.862,0.907,0.857,0.883,895850.19
1703116800,0.883,0.934,0.881,0.929,756701.45
1703203200,0.928,1.035,0.925,0.991,2447199.32
1703289600,0.99,1.041,0.95,0.987,1113312.61
1703376000,0.988,1.012,0.966,0.981,655878.77
1703462400,0.982,1.048,0.975,1.042,1083083.17
1703548800,1.041,1.069,0.966,1.048,2013178.32
1703635200,1.049,1.146,1.017,1.114,2701146.74
1703721600,1.115,1.13,1.038,1.054,1114778.66
1703808000,1.054,1.07,1.006,1.029,1406395.3
1703894400,1.03,1.055,1.008,1.02,532610.85
1703980800,1.02,1.042,0.99,1.008,479109.62
1704067200,1.009,1.117,1.009,1.101,1097153.35
1704153600,1.103,1.111,1.052,1.068,1041018.55
1704240000,1.067,1.125,0.875,0.978,2260208.58
1704326400,0.978,0.988,0.951,0.975,761807.64
1704412800,0.978,0.984,0.903,0.941,954652.27
1704499200,0.941,0.942,0.885,0.922,305735.25
1704585600,0.922,0.939,0.866,0.872,316539.97
1704672000,0.875,0.945,0.817,0.939,999066.88
1704758400,0.941,0.941,0.861,0.891,768085.08
1704844800,0.892,0.97,0.85,0.945,755366.41
1704931200,0.942,1.196,0.94,1.088,3954228.98
1705017600,1.087,1.156,0.991,1.028,2857220.05
1705104000,1.03,1.113,0.996,1.08,1248535.8
1705190400,1.082,1.2,1.057,1.114,2652914.32
1705276800,1.114,1.247,1.11,1.164,3511618.52
1705363200,1.164,1.195,1.1,1.128,1800924.19
1705449600,1.129,1.144,1.071,1.1,950932.8
1705536000,1.097,1.103,1.016,1.042,999130.73
1705622400,1.042,1.046,0.966,1.022,2269571.19
1705708800,1.018,1.045,1.009,1.033,215049.03
1705795200,1.033,1.049,1.02,1.021,381079.76
1705881600,1.022,1.031,0.945,0.957,1228405.69
1705968000,0.957,0.978,0.898,0.942,960506.8
1706054400,0.94,0.96,0.933,0.951,762936.05
1706140800,0.95,0.954,0.912,0.933,516175.38
1706227200,0.934,0.974,0.924,0.973,437072.43
1706313600,0.973,1.005,0.967,1.003,291714.8
1706400000,1.005,1.015,0.966,0.978,713059.89
1706486400,0.977,1.01,0.962,1.009,900283.2
1706572800,1.01,1.029,0.977,0.982,1371731.94
1706659200,0.98,0.991,0.952,0.967,1224385.23
1706745600,0.967,0.985,0.938,0.984,610806.72
1706832000,0.984,1.025,0.981,1.016,1788841.83
1706918400,1.018,1.033,0.988,0.998,608783.84
1707004800,0.996,0.996,0.957,0.958,375068.15
1707091200,0.959,0.99,0.944,0.966,735324.38
1707177600,0.965,0.988,0.963,0.98,534515.16
1707264000,0.98,1.014,0.964,1.006,808318.59
1707350400,1.007,1.016,0.994,1.014,822141.96
1707436800,1.015,1.048,1.01,1.038,1352283.48
1707523200,1.038,1.049,1.02,1.04,467464.44
1707609600,1.04,1.048,1.026,1.032,260035.48
1707696000,1.032,1.055,1.01,1.045,544816.34
1707782400,1.048,1.058,1.017,1.045,691610.9
1707868800,1.045,1.073,1.029,1.07,773025.76
1707955200,1.071,1.1,1.055,1.08,1178545.52
1708041600,1.08,1.095,1.042,1.081,720642.66
1708128000,1.083,1.089,1.033,1.061,306878.81
1708214400,1.062,1.084,1.057,1.074,403070.31
1708300800,1.076,1.098,1.068,1.094,552159.72
1708387200,1.095,1.136,1.053,1.109,1529794.37
1708473600,1.106,1.119,1.044,1.087,1532044.35
1708560000,1.087,1.142,1.06,1.109,1355091.81
1708646400,1.108,1.116,1.065,1.087,1376866.16
1708732800,1.089,1.13,1.052,1.126,977822.83
1708819200,1.127,1.133,1.103,1.116,471666.09
1708905600,1.116,1.149,1.084,1.144,978772.67
1708992000,1.143,1.164,1.112,1.14,1173664.05
1709078400,1.142,1.221,1.125,1.201,2252673.08
1709164800,1.203,1.349,1.193,1.237,2741040.21
1709251200,1.238,1.287,1.222,1.285,1051319.31
1709337600,1.285,1.436,1.249,1.426,2377627.63
1709424000,1.426,1.426,1.286,1.373,1670432.26
1709510400,1.374,1.486,1.35,1.42,3424793.56
1709596800,1.421,1.502,1.159,1.305,4800901.26
1709683200,1.307,1.402,1.261,1.402,2121253.09
1709769600,1.404,1.549,1.394,1.482,6062924.08
1709856000,1.483,1.511,1.383,1.442,3555809.65
1709942400,1.443,1.464,1.423,1.443,917181.06
1710028800,1.444,1.465,1.382,1.423,1532344.71
1710115200,1.424,1.534,1.344,1.526,2394742.86
1710201600,1.526,1.585,1.412,1.559,2945466.47
1710288000,1.558,1.596,1.48,1.54,2727545.89
1710374400,1.541,1.55,1.403,1.489,2362482.77
1710460800,1.49,1.505,1.286,1.397,3155195.19
1710547200,1.397,1.431,1.263,1.291,1464533.54
1710633600,1.291,1.357,1.232,1.341,1125272.57
1710720000,1.341,1.36,1.248,1.27,1613044.76
1710806400,1.27,1.285,1.115,1.143,2213833.4
1710892800,1.142,1.268,1.102,1.262,1654910.81
1710979200,1.262,1.281,1.177,1.245,1668322.92
1711065600,1.244,1.266,1.182,1.227,818711.92
1711152000,1.229,1.276,1.213,1.236,493124.05
1711238400,1.238,1.324,1.238,1.294,682171.05
1711324800,1.294,1.364,1.286,1.35,1581058.92
1711411200,1.35,1.394,1.329,1.378,1249196.36
1711497600,1.379,1.432,1.328,1.391,1956245.43
1711584000,1.391,1.417,1.338,1.414,1521567.42
1711670400,1.413,1.445,1.389,1.42,1701729.37
1711756800,1.421,1.424,1.362,1.371,532035.26
1711843200,1.371,1.409,1.364,1.401,512859.02
1711929600,1.401,1.415,1.312,1.351,1226791.42
1712016000,1.35,1.351,1.216,1.232,1373541.93
1712102400,1.232,1.262,1.19,1.217,709717.4
1712188800,1.215,1.298,1.192,1.271,569219.99
1712275200,1.267,1.276,1.202,1.25,559517.3
1712361600,1.251,1.273,1.245,1.265,666539.37
1712448000,1.265,1.281,1.253,1.271,606248.27
1712534400,1.271,1.355,1.244,1.327,920048.86
1712620800,1.328,1.337,1.262,1.265,1253164.13
1712707200,1.265,1.279,1.203,1.274,944231.8
1712793600,1.276,1.313,1.258,1.284,955165.79
1712880000,1.284,1.301,1.046,1.103,3258904.22
1712966400,1.102,1.115,0.878,0.991,4565691.28
1713052800,0.989,1.058,0.948,1.049,2726822.72
1713139200,1.049,1.118,0.966,0.999,2913733.13
1713225600,0.998,1.033,0.961,1.003,2045609.68
1713312000,1.003,1.008,0.926,0.946,1185938.92
1713398400,0.945,0.984,0.92,0.974,1586302.77
1713484800,0.975,0.999,0.896,0.985,1853050.91
1713571200,0.985,1.088,0.971,1.081,1067970.45
1713657600,1.082,1.084,1.025,1.041,585629.79
1713744000,1.041,1.075,1.032,1.063,953584.65
1713830400,1.063,1.071,1.041,1.048,885871.5
1713916800,1.049,1.104,1,1.009,1233585.13
1714003200,1.009,1.035,0.989,1.013,818610.09
1714089600,1.014,1.023,0.987,0.999,786009.78
1714176000,0.999,1.02,0.962,1.007,554187.77
1714262400,1.008,1.025,0.991,0.995,513933.7
1714348800,0.996,1.017,0.962,0.985,791918.01
1714435200,0.986,0.993,0.881,0.915,1169145.79
1714521600,0.915,0.932,0.869,0.925,1414862.75
1714608000,0.925,0.948,0.896,0.937,1216791.22
1714694400,0.937,0.984,0.926,0.976,914077.68
1714780800,0.976,0.983,0.963,0.965,500133.78
1714867200,0.966,0.981,0.947,0.964,378854.85
1714953600,0.965,0.991,0.935,0.94,886381.31
1715040000,0.941,0.951,0.92,0.923,730869.65
1715126400,0.923,0.948,0.911,0.921,1057720.54
1715212800,0.921,0.944,0.901,0.939,360204.73
1715299200,0.94,0.966,0.895,0.909,938845.08
1715385600,0.91,0.925,0.906,0.907,404888.43
1715472000,0.908,0.91,0.885,0.889,851629.91
1715558400,0.89,0.913,0.86,0.886,1175062.38
1715644800,0.886,0.897,0.866,0.869,1337637.59
1715731200,0.87,0.922,0.858,0.917,993580.06
1715817600,0.917,0.929,0.901,0.924,1081507.61
1715904000,0.924,0.954,0.918,0.94,772650.78
1715990400,0.942,0.953,0.931,0.947,260850.69
1716076800,0.947,0.953,0.904,0.911,285818.05
1716163200,0.911,0.987,0.899,0.985,1126295.48
1716249600,0.986,1.013,0.98,0.989,1471751
1716336000,0.99,1,0.956,0.968,949893.66
1716422400,0.968,0.989,0.904,0.945,2603008.32
1716508800,0.947,0.986,0.93,0.983,1037779.9
1716595200,0.984,1.006,0.974,0.995,516049.09
1716681600,0.996,0.996,0.954,0.959,591860.72
1716768000,0.96,1.008,0.95,0.995,1180567.51
1716854400,0.994,0.995,0.958,0.97,1553933.67
1716940800,0.971,0.992,0.943,0.946,977422.61
1717027200,0.945,0.977,0.926,0.959,710707.65
1717113600,0.959,0.97,0.934,0.959,609390.68
1717200000,0.958,0.959,0.937,0.938,196831.79
1717286400,0.938,0.948,0.92,0.925,363867.17
1717372800,0.925,0.947,0.918,0.926,410009.89
1717459200,0.927,0.951,0.913,0.948,977564.33
1717545600,0.95,0.959,0.944,0.957,539069.72
1717632000,0.957,0.96,0.929,0.938,331811.21
1717718400,0.938,0.952,0.798,0.875,1654321.97
1717804800,0.875,0.879,0.825,0.83,654016.92
1717891200,0.829,0.855,0.828,0.852,506579.91
1717977600,0.852,0.865,0.836,0.846,1160065.53
1718064000,0.847,0.855,0.793,0.815,1232572.73
1718150400,0.816,0.862,0.798,0.848,1071959.09
1718236800,0.848,0.854,0.807,0.814,559092.15
1718323200,0.815,0.849,0.797,0.814,874276.41
1718409600,0.814,0.823,0.807,0.816,180848.39
1718496000,0.817,0.819,0.806,0.817,129496.68
1718582400,0.817,0.821,0.74,0.761,1271264.94
1718668800,0.762,0.762,0.678,0.753,1938375.1
1718755200,0.753,0.785,0.748,0.776,466406.48
1718841600,0.776,0.801,0.772,0.778,385405.74
1718928000,0.779,0.795,0.766,0.777,374169.18
1719014400,0.779,0.781,0.769,0.772,80193.54
1719100800,0.774,0.782,0.765,0.775,171643.04
1719187200,0.774,0.78,0.73,0.776,933022.4
1719273600,0.775,0.803,0.773,0.792,419087.09
1719360000,0.792,0.802,0.77,0.77,725055.61
1719446400,0.77,0.79,0.759,0.776,603130.18
1719532800,0.776,0.781,0.756,0.758,571281.54
1719619200,0.759,0.786,0.757,0.766,258347.28
1719705600,0.768,0.796,0.756,0.793,483697.54
1719792000,0.794,0.805,0.784,0.785,497770.45
1719878400,0.785,0.806,0.782,0.801,471948.73
1719964800,0.802,0.802,0.758,0.767,544437.1
1720051200,0.767,0.771,0.679,0.681,913149.28
1720137600,0.682,0.742,0.619,0.729,2765576.35
1720224000,0.728,0.755,0.718,0.746,785439.95
1720310400,0.747,0.749,0.688,0.69,463291.64
1720396800,0.691,0.735,0.667,0.716,1187992.04
1720483200,0.714,0.754,0.709,0.751,1111086.84
1720569600,0.752,0.767,0.74,0.746,494967.89
1720656000,0.746,0.776,0.741,0.75,884900.04
1720742400,0.749,0.771,0.736,0.771,695788.3
1720828800,0.771,0.795,0.769,0.786,260429.64
1720915200,0.786,0.797,0.776,0.793,334351.27
1721001600,0.792,0.824,0.791,0.823,536398.44
1721088000,0.824,0.832,0.787,0.824,576489.64
1721174400,0.823,0.838,0.804,0.804,579121.9
1721260800,0.806,0.824,0.784,0.8,1080380.61
1721347200,0.8,0.829,0.787,0.81,948589.91
1721433600,0.81,0.832,0.79,0.806,297478.47
1721520000,0.806,0.811,0.769,0.805,388860.52
1721606400,0.806,0.81,0.769,0.772,715596.01
1721692800,0.773,0.788,0.743,0.76,936414.06
1721779200,0.76,0.774,0.74,0.744,687964.76
1721865600,0.744,0.749,0.717,0.745,660080.97
1721952000,0.744,0.781,0.743,0.779,679229.89
1722038400,0.779,0.788,0.765,0.778,361505.89
1722124800,0.778,0.782,0.763,0.773,541931.71
1722211200,0.774,0.797,0.752,0.756,832442.34
1722297600,0.756,0.768,0.739,0.752,502251.26
1722384000,0.752,0.756,0.73,0.731,555436.31
1722470400,0.732,0.737,0.69,0.727,704341.17
1722556800,0.727,0.728,0.68,0.688,570748.88
1722643200,0.689,0.707,0.665,0.684,561499.35
1722729600,0.685,0.694,0.637,0.661,550837.78
1722816000,0.661,0.665,0.541,0.615,2830859.52
1722902400,0.615,0.658,0.615,0.644,1019055.7
1722988800,0.645,0.682,0.631,0.639,850963.79
1723075200,0.641,0.707,0.631,0.705,587160.32
1723161600,0.705,0.705,0.678,0.687,916241.87
1723248000,0.687,0.693,0.675,0.688,698195.06
1723334400,0.688,0.695,0.651,0.653,309295.65
1723420800,0.653,0.686,0.653,0.677,587710.08
1723507200,0.678,0.696,0.662,0.683,541050.5
1723593600,0.684,0.686,0.652,0.655,372541.31
1723680000,0.655,0.669,0.634,0.645,896480.86
1723766400,0.646,0.656,0.631,0.649,1041764.73
1723852800,0.649,0.658,0.643,0.656,589318.4
1723939200,0.657,0.668,0.646,0.646,484474.81
1724025600,0.645,0.661,0.644,0.66,454146.53
1724112000,0.66,0.677,0.651,0.666,521442.63
1724198400,0.665,0.703,0.66,0.694,526959.27
1724284800,0.694,0.705,0.684,0.695,349550.99
1724371200,0.696,0.75,0.694,0.744,854861.85
1724457600,0.743,0.757,0.733,0.751,417195.69
1724544000,0.751,0.751,0.721,0.74,378234.35
1724630400,0.74,0.751,0.705,0.707,474948.67
1724716800,0.707,0.721,0.659,0.676,599214.92
1724803200,0.677,0.69,0.649,0.67,697481.54
1724889600,0.67,0.691,0.663,0.673,579991.83
1724976000,0.673,0.682,0.65,0.674,337115.89
1725062400,0.674,0.678,0.654,0.66,82354.64
1725148800,0.66,0.661,0.624,0.629,318689.54
1725235200,0.629,0.66,0.628,0.657,328719.08
1725321600,0.655,0.665,0.623,0.624,404868.92
1725408000,0.624,0.651,0.598,0.639,492488.72
1725494400,0.639,0.641,0.612,0.617,310825.65
1725580800,0.618,0.629,0.578,0.597,506369.05
1725667200,0.598,0.616,0.593,0.607,225295.63
1725753600,0.607,0.624,0.604,0.618,121861.41
1725840000,0.619,0.646,0.616,0.642,479588.2
1725926400,0.643,0.65,0.634,0.644,625918.99
1726012800,0.643,0.643,0.618,0.632,484165.75
1726099200,0.633,0.646,0.629,0.644,571274.7
1726185600,0.645,0.661,0.642,0.658,654303.09
1726272000,0.658,0.658,0.645,0.651,192966.6
1726358400,0.65,0.655,0.623,0.629,113623.76
1726444800,0.628,0.636,0.619,0.63,621556.83
1726531200,0.628,0.644,0.623,0.636,495889.04
1726617600,0.636,0.65,0.617,0.65,632162.86
1726704000,0.651,0.685,0.651,0.68,458486.83
1726790400,0.681,0.698,0.673,0.692,665819.97
1726876800,0.693,0.708,0.692,0.705,504049.17
1726963200,0.706,0.706,0.674,0.693,147471.69
1727049600,0.693,0.709,0.683,0.698,1304518.1
1727136000,0.698,0.711,0.684,0.71,666425
1727222400,0.711,0.717,0.7,0.708,788425.17
1727308800,0.708,0.742,0.699,0.739,757469.89
1727395200,0.74,0.757,0.738,0.756,676588.51
1727481600,0.757,0.764,0.732,0.739,170208.91
1727568000,0.742,0.758,0.729,0.746,224681.23
1727654400,0.746,0.748,0.701,0.706,794776.35
1727740800,0.705,0.718,0.643,0.659,434050.69
1727827200,0.659,0.679,0.635,0.643,632537.02
1727913600,0.643,0.651,0.622,0.638,777600.57
1728000000,0.639,0.661,0.635,0.656,537797.7
1728086400,0.657,0.668,0.651,0.665,182179.01
1728172800,0.665,0.678,0.661,0.677,300111.06
1728259200,0.678,0.687,0.661,0.662,715818.76
1728345600,0.662,0.669,0.65,0.655,528479.46
1728432000,0.656,0.662,0.634,0.649,364395.39
1728518400,0.649,0.659,0.629,0.65,463865.51
1728604800,0.651,0.684,0.649,0.683,317205.51
1728691200,0.684,0.703,0.683,0.693,250923.17
1728777600,0.694,0.696,0.677,0.689,182203.11
1728864000,0.689,0.713,0.682,0.708,426942.13
1728950400,0.708,0.716,0.681,0.701,617693.64
1729036800,0.701,0.704,0.686,0.691,268003.56
1729123200,0.692,0.696,0.67,0.677,275763.82
1729209600,0.678,0.695,0.67,0.694,398325.52
1729296000,0.694,0.703,0.686,0.694,181475.57
1729382400,0.694,0.711,0.685,0.71,266738.71
1729468800,0.71,0.715,0.687,0.694,373956.89
1729555200,0.694,0.702,0.678,0.685,359058.03
1729641600,0.685,0.686,0.647,0.662,231283.75
1729728000,0.663,0.675,0.659,0.669,239486.09
1729814400,0.669,0.674,0.613,0.627,495314.76
1729900800,0.624,0.639,0.619,0.63,150564.57
1729987200,0.63,0.643,0.629,0.638,163489.17
1730073600,0.638,0.654,0.627,0.649,379698.72
1730160000,0.648,0.692,0.648,0.678,464037.09
1730246400,0.678,0.679,0.659,0.662,695026.36
1730332800,0.661,0.665,0.627,0.631,373458.41
1730419200,0.63,0.641,0.616,0.629,317326.25
1730505600,0.628,0.635,0.616,0.621,122065.25
1730592000,0.624,0.625,0.594,0.6,595440.42
1730678400,0.599,0.607,0.579,0.592,277008.86
1730764800,0.592,0.617,0.591,0.615,340193.51
1730851200,0.615,0.659,0.615,0.653,789148.32
1730937600,0.653,0.664,0.638,0.657,454427.31
1731024000,0.658,0.672,0.644,0.672,802386.79
1731110400,0.672,0.69,0.657,0.688,704823.47
1731196800,0.688,0.744,0.683,0.72,1668645.23
1731283200,0.72,0.76,0.704,0.754,1647237.37
1731369600,0.753,0.773,0.693,0.74,1878440.98
1731456000,0.741,0.753,0.69,0.734,1518625.17
1731542400,0.734,0.756,0.695,0.71,1279598.05
1731628800,0.709,0.75,0.686,0.748,993184.66
1731715200,0.748,0.9,0.746,0.87,2880040.66
1731801600,0.869,0.881,0.773,0.794,2292981.98
1731888000,0.794,1.37,0.783,1.178,23042022.44
1731974400,1.177,1.244,1.024,1.055,15682270.76
1732060800,1.054,1.175,1,1.06,12288183.73
1732147200,1.059,1.117,1.009,1.058,13480072.89
1732233600,1.059,1.15,1.03,1.128,14899048.2
1732320000,1.128,1.225,1.111,1.152,12064942.22
1732406400,1.151,1.619,1.141,1.414,40796741.91
1732492800,1.413,1.417,1.223,1.244,13561698.31
1732579200,1.243,1.289,1.134,1.2,10604489.5
1732665600,1.198,1.33,1.171,1.269,8168770.11
1732752000,1.271,1.292,1.226,1.279,4748305.82
1732838400,1.278,1.397,1.236,1.369,5702366.04
1732924800,1.368,1.867,1.308,1.673,23960809.41
1733011200,1.674,1.8,1.547,1.664,13187716.68
1733097600,1.664,1.751,1.544,1.64,15553956.78
1733184000,1.641,1.748,1.5,1.718,19106683.44
1733270400,1.719,1.856,1.63,1.725,18220924.67
1733356800,1.724,1.747,1.619,1.651,22028916.45
1733443200,1.65,1.791,1.614,1.758,11936557.33
1733529600,1.759,1.91,1.727,1.792,10338273.67
1733616000,1.792,1.847,1.722,1.755,2784176.19
1733702400,1.756,1.756,1.25,1.44,9112587.86
1733788800,1.437,1.48,1.271,1.421,8327768.82
1733875200,1.418,1.516,1.358,1.479,7187244
1733961600,1.478,1.555,1.452,1.478,4454643.26
1734048000,1.479,1.497,1.429,1.474,4340936.45
1734134400,1.473,1.493,1.378,1.408,2746579.94
1734220800,1.409,1.555,1.371,1.503,4665079.45
1734307200,1.504,1.539,1.4,1.457,7279251.41
1734393600,1.458,1.553,1.429,1.446,7220381.5
1734480000,1.447,1.508,1.311,1.328,6470193.22
1734566400,1.329,1.354,1.147,1.201,9517932.74
1734652800,1.202,1.276,1.079,1.244,8598381.47
1734739200,1.245,1.457,1.241,1.298,6529258.01
1734825600,1.299,1.299,1.204,1.254,3423005.1
1734912000,1.256,1.363,1.216,1.353,7216940.64
1734998400,1.353,1.462,1.32,1.428,6288342.91
1735084800,1.427,1.446,1.392,1.442,3233736.07
1735171200,1.441,1.461,1.326,1.348,6167527.71
1735257600,1.348,1.399,1.308,1.341,4824310.09
1735344000,1.343,1.467,1.317,1.428,1797479.31
1735430400,1.428,1.439,1.327,1.336,2032404.65
1735516800,1.336,1.41,1.27,1.352,5525860.41
1735603200,1.352,1.367,1.277,1.283,4367438.27
1735689600,1.283,1.382,1.262,1.363,2020988.53
1735776000,1.367,1.431,1.353,1.366,3401582.76
1735862400,1.366,1.442,1.349,1.435,2434117.25
1735948800,1.441,1.464,1.401,1.418,1035010.15
1736035200,1.418,1.452,1.4,1.447,1178162.62
1736121600,1.448,1.489,1.422,1.449,2633599.9
1736208000,1.449,1.471,1.306,1.31,2346334.84
1736294400,1.309,1.343,1.26,1.325,2632017.51
1736380800,1.325,1.511,1.238,1.274,5584115.9
1736467200,1.275,1.296,1.23,1.284,1669556.77
1736553600,1.285,1.309,1.255,1.279,829022.72
1736640000,1.281,1.302,1.243,1.256,1550675.39
1736726400,1.258,1.287,1.163,1.235,2695776.05
1736812800,1.235,1.277,1.225,1.271,1271567.93
1736899200,1.27,1.354,1.255,1.349,1916561.54
1736985600,1.349,1.402,1.323,1.353,2320708.76
1737072000,1.354,1.429,1.354,1.419,1971627.47
1737158400,1.42,1.428,1.304,1.328,1411528.96
1737244800,1.328,1.359,1.194,1.218,2030775.68
1737331200,1.218,1.33,1.189,1.237,3403055.27
1737417600,1.237,1.248,1.181,1.224,1483415.41
1737504000,1.223,1.227,1.175,1.179,1138330.71
1737590400,1.18,1.198,1.136,1.17,995580.06
1737676800,1.171,1.199,1.136,1.146,602822.14
1737763200,1.145,1.176,1.13,1.153,391457.7
1737849600,1.153,1.179,1.116,1.116,799222.63
1737936000,1.116,1.123,1.011,1.1,1629217.84
1738022400,1.1,1.113,1.037,1.047,820549.01
1738108800,1.045,1.091,1.029,1.06,1339058.2
1738195200,1.061,1.121,1.053,1.091,886063.55
1738281600,1.092,1.136,1.072,1.092,770592.56
1738368000,1.093,1.103,0.984,1.009,1305433.21
1738454400,1.005,1.027,0.845,0.887,1974780.27
1738540800,0.887,0.952,0.685,0.94,3982998.81
1738627200,0.941,0.95,0.842,0.88,1275910.47
1738713600,0.879,0.912,0.855,0.864,466037.82
1738800000,0.863,0.885,0.822,0.832,750476.06
1738886400,0.832,0.88,0.812,0.837,919462.38
1738972800,0.837,0.88,0.827,0.878,454956.17
1739059200,0.877,0.927,0.847,0.881,873740.04
1739145600,0.88,0.901,0.852,0.893,708086.94
1739232000,0.893,0.928,0.855,0.864,918434.85
1739318400,0.864,0.923,0.844,0.918,1255048.63
1739404800,0.919,0.924,0.875,0.899,594545.8
1739491200,0.9,0.93,0.889,0.914,1070344.09
1739577600,0.913,0.926,0.877,0.887,635770.34
1739664000,0.887,0.934,0.862,0.899,1378595.18
1739750400,0.898,0.922,0.876,0.891,600378.37
1739836800,0.89,0.896,0.825,0.854,748950.43
1739923200,0.852,0.877,0.841,0.873,488736.86
1740009600,0.872,0.899,0.864,0.896,563526.35
1740096000,0.896,0.92,0.853,0.871,533577.86
1740182400,0.87,0.898,0.868,0.894,444606.14
1740268800,0.894,0.895,0.859,0.866,393855.45
1740355200,0.866,0.867,0.763,0.774,1064561.76
1740441600,0.774,0.796,0.727,0.777,1446308.27
1740528000,0.777,0.789,0.74,0.759,1881701.82
1740614400,0.76,0.786,0.74,0.762,727226.5
1740700800,0.762,0.774,0.697,0.767,1209833.4
1740787200,0.766,0.773,0.737,0.765,294967.86
1740873600,0.764,0.862,0.751,0.859,1192798
1740960000,0.86,0.869,0.733,0.741,806974.64
1741046400,0.74,0.745,0.68,0.735,1126160.59
1741132800,0.734,0.779,0.732,0.776,1012919.15
1741219200,0.776,0.798,0.758,0.766,830975.62
1741305600,0.767,0.798,0.727,0.761,886798.72
1741392000,0.762,0.765,0.733,0.741,273727.59
1741478400,0.74,0.745,0.672,0.678,540424.44
1741564800,0.68,0.727,0.638,0.639,1361829.46
1741651200,0.64,0.706,0.607,0.675,1255484.05
1741737600,0.676,0.708,0.659,0.686,1074919.12
1741824000,0.687,0.7,0.663,0.677,840319.37
1741910400,0.676,0.715,0.674,0.707,832410.84
1741996800,0.708,0.717,0.7,0.713,300267.89
1742083200,0.712,0.718,0.676,0.68,464666.61
1742169600,0.681,0.717,0.68,0.715,561720.33
1742256000,0.716,0.719,0.68,0.708,429094.89
1742342400,0.708,0.731,0.708,0.73,484887.69
1742428800,0.73,0.734,0.702,0.709,408353.08
1742515200,0.709,0.711,0.682,0.685,245252.17
1742601600,0.686,0.711,0.678,0.692,482690.13
1742688000,0.691,0.701,0.68,0.695,300127.36
1742774400,0.695,0.731,0.682,0.722,776703.1
1742860800,0.722,0.733,0.712,0.731,398140.01
1742947200,0.731,0.749,0.713,0.722,599480.54
1743033600,0.722,0.739,0.715,0.731,300450.19
1743120000,0.728,0.733,0.671,0.678,465814.33
1743206400,0.678,0.682,0.643,0.652,465804.57
1743292800,0.653,0.663,0.641,0.654,281486.48
1743379200,0.655,0.665,0.633,0.654,379948.1
1743465600,0.654,0.678,0.649,0.663,305947.75
1743552000,0.664,0.695,0.637,0.637,1434934.84
1743638400,0.637,0.677,0.622,0.65,1188735.31
1743724800,0.65,0.661,0.631,0.654,617497.13
1743811200,0.655,0.664,0.649,0.656,196805.21
1743897600,0.657,0.657,0.57,0.582,646451.14
1743984000,0.582,0.611,0.531,0.595,1601365.99
1744070400,0.594,0.614,0.57,0.575,491128.63
1744156800,0.575,0.62,0.552,0.605,1876345.31
1744243200,0.605,0.605,0.53,0.543,1875669.97
1744329600,0.543,0.557,0.534,0.542,1507837.36
1744416000,0.543,0.559,0.532,0.557,968800.1
1744502400,0.559,0.561,0.495,0.503,1798931.86
1744588800,0.504,0.516,0.49,0.494,1119711.7
1744675200,0.495,0.526,0.489,0.494,1596525.95
1744761600,0.494,0.515,0.49,0.492,1138518.89
1744848000,0.492,0.507,0.486,0.497,1447374.09
1744934400,0.499,0.505,0.489,0.501,412526.43
1745020800,0.501,0.507,0.498,0.504,340573.47
1745107200,0.505,0.511,0.485,0.495,553012.7
1745193600,0.496,0.518,0.493,0.501,815294.95
1745280000,0.502,0.545,0.493,0.535,1204148.13
1745366400,0.535,0.55,0.528,0.542,1320777.01
1745452800,0.542,0.555,0.52,0.553,1265504.19
1745539200,0.553,0.58,0.547,0.566,1609832.51
1745625600,0.566,0.586,0.556,0.572,1177056.68
1745712000,0.572,0.577,0.543,0.551,892198.47
1745798400,0.551,0.567,0.535,0.555,1409064.45
1745884800,0.555,0.57,0.547,0.555,847229.55
1745971200,0.555,0.563,0.533,0.552,794005.64
1746057600,0.552,0.583,0.551,0.565,1206337.65
1746144000,0.565,0.573,0.558,0.571,638011.68
1746230400,0.572,0.576,0.545,0.557,369478.59
1746316800,0.557,0.56,0.534,0.536,736363.94
1746403200,0.537,0.547,0.529,0.541,556360.87
1746489600,0.541,0.544,0.514,0.536,503033.11
1746576000,0.537,0.546,0.529,0.54,427547.06
1746662400,0.542,0.602,0.538,0.595,956152.72
1746748800,0.597,0.635,0.591,0.63,761561.31
1746835200,0.631,0.692,0.626,0.692,751940.11
1746921600,0.692,0.697,0.651,0.667,426917.17
1747008000,0.667,0.702,0.644,0.684,1725446.5
1747094400,0.684,0.702,0.647,0.694,616167.27
1747180800,0.694,0.7,0.663,0.672,705129.82
1747267200,0.672,0.677,0.625,0.639,836243.62
1747353600,0.64,0.669,0.631,0.637,672791.68
1747440000,0.636,0.636,0.605,0.613,346729.52
1747526400,0.613,0.645,0.6,0.637,575952.27
1747612800,0.638,0.638,0.591,0.616,705468.64
1747699200,0.616,0.633,0.602,0.625,361894.61
1747785600,0.626,0.645,0.613,0.636,1024531.21
1747872000,0.636,0.662,0.633,0.657,647335.92
1747958400,0.657,0.674,0.614,0.617,694098.4
1748044800,0.617,0.635,0.614,0.616,152580.85
1748131200,0.616,0.619,0.596,0.619,307957.94
1748217600,0.62,0.626,0.605,0.611,980316.72
1748304000,0.612,0.629,0.597,0.622,619518.46
1748390400,0.622,0.646,0.614,0.643,588948.55
1748476800,0.645,0.657,0.613,0.617,713114.83
1748563200,0.617,0.621,0.561,0.563,647905.67
1748649600,0.564,0.576,0.547,0.571,695586.8
1748736000,0.569,0.576,0.557,0.571,283151.23
1748822400,0.572,0.582,0.559,0.581,446722.92
1748908800,0.58,0.596,0.58,0.587,426914.02
1748995200,0.587,0.594,0.569,0.575,304177.04
1749081600,0.576,0.583,0.534,0.541,577002.03
1749168000,0.54,0.566,0.539,0.555,524953.07
1749254400,0.556,0.573,0.554,0.57,174463.02
1749340800,0.571,0.582,0.563,0.572,261022.86
1749427200,0.572,0.594,0.557,0.593,365126.18
1749513600,0.594,0.626,0.591,0.622,562845.86
1749600000,0.622,0.638,0.603,0.612,450428.7
1749686400,0.615,0.616,0.588,0.59,440365.42
1749772800,0.588,0.588,0.55,0.571,456457.07
1749859200,0.572,0.575,0.553,0.56,188703.18
1749945600,0.56,0.564,0.548,0.56,161753.91
1750032000,0.561,0.583,0.555,0.562,291308.89
1750118400,0.561,0.569,0.533,0.54,148043.71
1750204800,0.541,0.546,0.522,0.537,643252.19
1750291200,0.537,0.543,0.525,0.532,216594.11
1750377600,0.535,0.539,0.506,0.515,505825.3
1750464000,0.516,0.526,0.491,0.506,397835.25
1750550400,0.508,0.51,0.473,0.496,661150.31
1750636800,0.494,0.536,0.489,0.533,1162076.73
1750723200,0.534,0.542,0.528,0.536,409100.99
1750809600,0.537,0.543,0.524,0.527,211689.48
1750896000,0.528,0.54,0.516,0.522,123994.22
1750982400,0.524,0.538,0.521,0.529,313328.02
1751068800,0.528,0.537,0.522,0.535,139987.82
1751155200,0.536,0.551,0.529,0.55,223307.36
1751241600,0.55,0.55,0.531,0.538,111931.2
1751328000,0.54,0.542,0.514,0.517,180548.6
1751414400,0.516,0.556,0.515,0.551,258319.03
1751500800,0.551,0.56,0.548,0.551,185462.37
1751587200,0.551,0.555,0.525,0.531,187301.86
1751673600,0.531,0.534,0.518,0.527,116680.69
1751760000,0.525,0.536,0.518,0.53,194948.52
1751846400,0.53,0.535,0.515,0.523,122379.83
1751932800,0.523,0.539,0.518,0.537,149171.54
1752019200,0.535,0.563,0.533,0.56,198069.39
1752105600,0.56,0.593,0.556,0.593,266545.69
1752192000,0.593,0.62,0.586,0.599,402341.97
1752278400,0.6,0.647,0.592,0.623,534347.78
1752364800,0.623,0.652,0.617,0.643,252820.76
1752451200,0.643,0.664,0.628,0.637,335270.92
1752537600,0.637,0.654,0.619,0.65,369438.18
1752624000,0.651,0.672,0.641,0.658,401669.26
1752710400,0.658,0.677,0.639,0.669,610504.99
1752796800,0.671,0.758,0.665,0.698,1425837.13
1752883200,0.699,1.22,0.684,1.035,16998111.97
1752969600,1.036,1.22,0.958,1.073,20613552.13
1753056000,1.073,1.099,0.99,0.994,4667136.58
1753142400,0.995,1.001,0.931,0.968,3169214.93
1753228800,0.968,1.023,0.866,0.879,2955377.63
1753315200,0.88,1.026,0.843,0.874,2962545.17
1753401600,0.875,0.951,0.839,0.896,2630190.81
1753488000,0.891,0.918,0.877,0.899,833669.08
1753574400,0.9,0.906,0.878,0.903,450207.49
1753660800,0.903,0.928,0.856,0.862,1394895.68
1753747200,0.861,0.919,0.83,0.851,1444674.64
1753833600,0.851,0.863,0.791,0.83,849766.45
1753920000,0.83,0.839,0.772,0.778,1017331.57
1754006400,0.778,0.784,0.733,0.756,989870.87
1754092800,0.757,0.761,0.719,0.739,332065.38
1754179200,0.74,0.767,0.725,0.761,538369.8
1754265600,0.761,0.793,0.754,0.785,603489.08
1754352000,0.785,0.829,0.757,0.766,1271451.88
1754438400,0.766,0.793,0.747,0.78,483526.33
1754524800,0.78,0.809,0.774,0.808,593253.83
1754611200,0.808,0.836,0.796,0.823,1118903.83
1754697600,0.824,0.998,0.822,0.906,3675034.82
1754784000,0.907,0.909,0.86,0.881,1007167.06
1754870400,0.88,0.898,0.808,0.819,1196676.88
1754956800,0.818,0.967,0.806,0.865,4781056.49
1755043200,0.864,0.892,0.851,0.887,1114861.44
1755129600,0.886,0.9,0.824,0.834,1360810.03
1755216000,0.834,0.858,0.806,0.833,626360.9
1755302400,0.833,0.882,0.829,0.849,554745.98
1755388800,0.849,0.879,0.846,0.857,398767.79
1755475200,0.858,0.858,0.806,0.82,474509.73
1755561600,0.821,0.834,0.781,0.783,442273.8
1755648000,0.782,0.823,0.778,0.82,203663.28
1755734400,0.818,0.853,0.797,0.801,403606.25
1755820800,0.802,0.874,0.775,0.867,646535.9
1755907200,0.868,0.878,0.848,0.859,258597.52
1755993600,0.859,0.867,0.819,0.832,261715.49
1756080000,0.832,0.843,0.767,0.782,585604.11
1756166400,0.783,0.799,0.774,0.794,620222.28
1756252800,0.793,0.803,0.783,0.787,323775.03
1756339200,0.788,0.803,0.775,0.784,516755.85
1756425600,0.784,0.784,0.717,0.733,839712.78
1756512000,0.732,0.745,0.726,0.737,573219.3
1756598400,0.738,0.748,0.717,0.719,219550.34
1756684800,0.719,0.742,0.693,0.707,426249.67
1756771200,0.706,0.73,0.704,0.726,407005.25
1756857600,0.726,0.739,0.723,0.728,318762.63
1756944000,0.728,0.73,0.7,0.706,296673.65
1757030400,0.707,0.731,0.706,0.716,241626.32
1757116800,0.716,0.717,0.705,0.708,154790.78
1757203200,0.707,0.713,0.705,0.711,170716.51
1757289600,0.709,0.731,0.705,0.727,358714
1757376000,0.727,0.746,0.715,0.721,223642.69
1757462400,0.721,0.743,0.716,0.739,215619.81
1757548800,0.74,0.76,0.727,0.757,264583.19
1757635200,0.756,0.8,0.755,0.777,857077.14
1757721600,0.776,0.812,0.77,0.799,701276.7
1757808000,0.799,0.802,0.755,0.77,328172.29
1757894400,0.77,0.778,0.749,0.755,539499.53
1757980800,0.755,0.795,0.751,0.77,628394.53
1758067200,0.769,0.794,0.757,0.79,395565.15
1758153600,0.79,0.806,0.775,0.793,260474.08
1758240000,0.793,0.832,0.751,0.756,656041.21
1758326400,0.756,0.772,0.751,0.759,178591.38
1758412800,0.76,0.763,0.749,0.75,124999.25
1758499200,0.75,0.751,0.677,0.699,677838.71
1758585600,0.698,0.709,0.687,0.7,230645.29
1758672000,0.7,0.72,0.695,0.698,168500.35
1758758400,0.7,0.7,0.643,0.659,519000.19
1758844800,0.659,0.686,0.655,0.679,233016.64
1758931200,0.678,0.68,0.667,0.671,89399.28
1759017600,0.671,0.676,0.652,0.674,128707.78
1759104000,0.674,0.677,0.652,0.669,190737.63
1759190400,0.669,0.673,0.649,0.669,161457.4
1759276800,0.671,0.704,0.669,0.704,287757.01
1759363200,0.704,0.717,0.691,0.711,435701.45
1759449600,0.709,0.736,0.704,0.719,257512.01
1759536000,0.72,0.72,0.681,0.693,293076.24
1759622400,0.694,0.778,0.689,0.712,725949.99
1759708800,0.71,0.732,0.702,0.717,696901.03
1759795200,0.717,0.718,0.671,0.679,535749.19
1759881600,0.68,0.701,0.671,0.686,514813.37
1759968000,0.686,0.686,0.659,0.678,261941.25
1760054400,0.677,0.69,0.458,0.563,3737793.06
1760140800,0.561,0.608,0.556,0.58,2216555.41
1760227200,0.58,0.642,0.572,0.63,607072.57
1760313600,0.63,0.661,0.624,0.658,414706.78
1760400000,0.658,0.659,0.59,0.628,782628.15
1760486400,0.629,0.641,0.597,0.609,646248.82
1760572800,0.608,0.625,0.585,0.596,544825.18
1760659200,0.596,0.606,0.556,0.579,256252.09
1760745600,0.579,0.593,0.576,0.587,289062.55
1760832000,0.583,0.606,0.577,0.596,93375.68
1760918400,0.595,0.614,0.588,0.599,218917.39
1761004800,0.597,0.619,0.577,0.587,231598.95
1761091200,0.587,0.614,0.567,0.582,516704.44
1761177600,0.582,0.602,0.58,0.595,185624.54
1761264000,0.595,0.608,0.588,0.601,349917.98
1761350400,0.601,0.614,0.595,0.605,83230.25
1761436800,0.605,0.621,0.601,0.615,228401.87
1761523200,0.614,0.623,0.597,0.601,219902.06
1761609600,0.602,0.621,0.582,0.591,200441.28
1761696000,0.592,0.602,0.574,0.589,207900.33
1761782400,0.587,0.596,0.547,0.564,368980.81
1761868800,0.564,0.586,0.564,0.579,215730.49
1761955200,0.579,0.588,0.574,0.579,339300.94
1762041600,0.579,0.583,0.561,0.58,170648.38
1762128000,0.579,0.58,0.515,0.533,508521.45
1762214400,0.532,0.54,0.496,0.52,766196.86
1762300800,0.519,0.541,0.5,0.535,302372.38
1762387200,0.534,0.686,0.525,0.599,5829936.24
1762473600,0.599,0.716,0.592,0.698,5673739.02
1762560000,0.698,0.747,0.632,0.648,4234707.01
1762646400,0.647,0.647,0.615,0.627,624449.19
1762732800,0.626,0.662,0.62,0.626,840540.31
1762819200,0.628,0.64,0.591,0.593,450978.35
1762905600,0.594,0.607,0.572,0.584,564686.49
1762992000,0.584,0.609,0.557,0.567,411050.98
1763078400,0.567,0.574,0.546,0.558,918783.83
1763164800,0.559,0.589,0.559,0.57,318654.17
1763251200,0.569,0.582,0.537,0.553,263986.19
1763337600,0.551,0.56,0.522,0.529,497368.21
1763424000,0.529,0.551,0.519,0.545,537029.9
1763510400,0.544,0.546,0.51,0.535,523013.17
1763596800,0.534,0.547,0.502,0.508,574341.9
1763683200,0.509,0.519,0.472,0.499,1016324.78
1763769600,0.498,0.502,0.48,0.486,559657.79
1763856000,0.486,0.499,0.483,0.488,353556.54
1763942400,0.487,0.512,0.482,0.504,249436.79
1764028800,0.504,0.512,0.488,0.507,213216.88
1764115200,0.508,0.52,0.492,0.51,840637.55
1764201600,0.51,0.517,0.508,0.511,503672.04
1764288000,0.511,0.511,0.496,0.504,439406.6
1764374400,0.504,0.511,0.491,0.493,285047.78
1764460800,0.494,0.496,0.484,0.484,237026.71
1764547200,0.483,0.483,0.456,0.47,1035164.76
1764633600,0.469,0.493,0.457,0.486,1111072.38
1764720000,0.486,0.506,0.483,0.502,639258.87
1764806400,0.503,0.508,0.49,0.496,316879.11
1764892800,0.496,0.499,0.466,0.478,710695.65
1764979200,0.478,0.486,0.475,0.48,1764619.88
1765065600,0.48,0.486,0.465,0.473,604265.2
1765152000,0.473,0.503,0.473,0.495,631043.1
1765238400,0.493,0.512,0.481,0.498,634004.53
1765324800,0.498,0.513,0.492,0.494,571358.2
1765411200,0.493,0.529,0.485,0.506,1456789.57
1765497600,0.507,0.507,0.48,0.492,463375.9
1765584000,0.493,0.505,0.493,0.502,129945.75
1765670400,0.502,0.506,0.475,0.482,264850.81
1765756800,0.481,0.49,0.457,0.462,400167.41
1765843200,0.461,0.467,0.452,0.46,505563.31
1765929600,0.46,0.466,0.438,0.441,297058.51
1766016000,0.441,0.451,0.421,0.429,868020.59
1766102400,0.429,0.446,0.421,0.443,411452.83
1766188800,0.442,0.454,0.44,0.451,405147.01
1766275200,0.452,0.453,0.432,0.44,213032.6
1766361600,0.44,0.454,0.437,0.443,162565.66
1766448000,0.443,0.447,0.434,0.444,121859.23
1766534400,0.444,0.445,0.428,0.445,76277.09
1766620800,0.445,0.473,0.442,0.444,1349718.94
1766707200,0.444,0.497,0.442,0.475,6765228.33
1766793600,0.474,0.486,0.468,0.485,467771.6
1766880000,0.484,0.499,0.482,0.499,788749.61
1766966400,0.497,0.512,0.491,0.491,468446.12
1767052800,0.491,0.534,0.486,0.518,976884.73
1767139200,0.518,0.531,0.493,0.495,1951415.33
1767225600,0.494,0.507,0.485,0.505,370751.95
1767312000,0.506,0.529,0.497,0.527,622490.13
1767398400,0.529,0.545,0.526,0.532,576054.29
1767484800,0.532,0.561,0.532,0.546,369552.03
1767571200,0.547,0.563,0.536,0.559,481921.31
1767657600,0.561,0.599,0.556,0.598,757779.47
1767744000,0.599,0.599,0.56,0.568,521763.73
1767830400,0.568,0.597,0.548,0.587,1138026.51
1767916800,0.587,0.604,0.573,0.58,820885.29
1768003200,0.58,0.599,0.578,0.58,376161.79
1768089600,0.582,0.585,0.564,0.569,224883.82
1768176000,0.569,0.584,0.541,0.555,1640572.53
1768262400,0.555,0.606,0.553,0.594,1127888.51
1768348800,0.594,0.601,0.575,0.578,1074565.71
1768435200,0.577,0.609,0.569,0.581,1163318.39
1768521600,0.581,0.626,0.57,0.619,1080259.17
1768608000,0.618,0.628,0.597,0.602,589724.23
1768694400,0.602,0.639,0.582,0.582,1296015.53
1768780800,0.582,0.639,0.539,0.611,2064008.53
1768867200,0.613,0.613,0.553,0.553,664402.98
1768953600,0.553,0.618,0.553,0.595,1059198.88
1769040000,0.596,0.6,0.57,0.5812,892475.38
1769126400,0.5812,0.6021,0.5788,0.5879,2144444.07
1769212800,0.5879,0.5902,0.5709,0.5844,768879.44
1769299200,0.5848,0.5921,0.5567,0.5621,1535159.15
1769385600,0.5615,0.5852,0.5589,0.5651,1321506.57
1769472000,0.5647,0.5755,0.5493,0.5685,1321157.7
1769558400,0.5695,0.5705,0.535,0.5362,922531.13
1769644800,0.5361,0.5371,0.502,0.5093,1381700.75
1769731200,0.5097,0.514,0.4929,0.5048,1365867.13
1769817600,0.5046,0.5093,0.4336,0.4666,1677023.52
1769904000,0.4666,0.4737,0.4508,0.4616,886667.11
1769990400,0.4632,0.4846,0.4482,0.4788,998172.21
1770076800,0.4786,0.4908,0.4544,0.473,1756957.71
1770163200,0.4732,0.4841,0.4564,0.4668,1293899.34
1770249600,0.4668,0.4725,0.3894,0.3934,2770187.88
1770336000,0.3935,0.4486,0.3584,0.4296,2671040.05
1770422400,0.4294,0.4305,0.4082,0.422,1235888.72
1770508800,0.4212,0.4283,0.4064,0.4121,830203.14
1770595200,0.4124,0.4211,0.396,0.4112,1724126.46
1770681600,0.4118,0.4123,0.399,0.4022,931661.74
1770768000,0.4019,0.4028,0.3859,0.3942,1255731.36
1770854400,0.3944,0.4058,0.3867,0.4,1070768.12
1770940800,0.4001,0.4075,0.3926,0.4063,1759906.34
1771027200,0.4064,0.4272,0.4064,0.4234,674573.02
1771113600,0.4232,0.4242,0.3935,0.3978,677799.09
1771200000,0.3978,0.4075,0.3952,0.3994,880899.16
1771286400,0.3997,0.4005,0.388,0.3948,705828.78
1771372800,0.3949,0.4016,0.3829,0.3854,736074.38
1771459200,0.3854,0.3881,0.3727,0.3825,797567.28
1771545600,0.3825,0.3943,0.3806,0.3922,950363.58
1771632000,0.3925,0.4,0.388,0.388,639115.52
1771718400,0.3885,0.3889,0.3742,0.3791,987791.71
1771804800,0.3791,0.3793,0.3627,0.3683,938700.43
1771891200,0.369,0.375,0.3628,0.3664,1095385.1
1771977600,0.3667,0.4084,0.3666,0.3955,1252472.77
1772064000,0.3956,0.3985,0.3819,0.3919,1133807.51
1772150400,0.3917,0.4018,0.377,0.3831,1181806.5
1772236800,0.3829,0.418,0.3583,0.413,1955751.29
1772323200,0.4129,0.4466,0.3644,0.3713,2302632.49
1772409600,0.3714,0.3887,0.3681,0.3761,1355047.6
1772496000,0.3763,0.383,0.364,0.3764,1715481.62
1772582400,0.3765,0.3936,0.3692,0.3896,1763506.25
1772668800,0.3895,0.3909,0.3759,0.384,1270301.99
1772755200,0.3841,0.3909,0.366,0.3707,1811858.77
1772841600,0.3719,0.373,0.36,0.3614,1711719.45
1772928000,0.3617,0.3684,0.3578,0.3598,747284.23
1773014400,0.3595,0.3728,0.3571,0.3631,1881706.17
1773100800,0.3629,0.374,0.3594,0.3633,3002931.24
1773187200,0.3627,0.3702,0.36,0.365,1384805.31
1773273600,0.3657,0.369,0.3583,0.3672,1317311.69
1773360000,0.3674,0.382,0.3651,0.3737,2179310.24
1773446400,0.3737,0.3798,0.3681,0.3781,743756.76
1773532800,0.3781,0.3902,0.3759,0.3871,745926.89
1773619200,0.3875,0.404,0.3843,0.4005,914832.7
1773705600,0.4,0.4042,0.392,0.3971,1163703.05
1773792000,0.3971,0.4051,0.381,0.3934,1851154.2
1773878400,0.393,0.3992,0.3813,0.3893,1582183.8
1773964800,0.3891,0.4102,0.3888,0.4032,2007566.8
1774051200,0.4041,0.4041,0.3875,0.3889,756890.86
1774137600,0.3891,0.393,0.3744,0.3787,686515.09
1774224000,0.3788,0.3943,0.3752,0.3939,792559.21
1774310400,0.3939,0.401,0.3903,0.4,817231.41
1774396800,0.3999,0.4018,0.386,0.3889,805715.1
1774483200,0.3894,0.3896,0.3662,0.3701,759626.61
1774569600,0.37,0.3745,0.3488,0.3512,980645.56
1774656000,0.3511,0.3582,0.3449,0.3455,677564.58
1774742400,0.3456,0.3459,0.3344,0.3401,448675.75
1774828800,0.3402,0.3564,0.3396,0.347,600380.54
1774915200,0.3468,0.356,0.3438,0.3516,2210105.78
1775001600,0.3516,0.358,0.3472,0.3517,1112001.99
1775088000,0.3516,0.3528,0.3388,0.3428,677361.66
1775174400,0.343,0.3595,0.3419,0.3491,954020.22
1775260800,0.3495,0.3503,0.3417,0.3487,687252.56
1775347200,0.3487,0.3487,0.3381,0.3453,553817.64
1775433600,0.3455,0.3579,0.3404,0.3428,838400.86
1775520000,0.3424,0.3635,0.3382,0.3611,671526.92
1775606400,0.3613,0.367,0.3513,0.3518,562534.32
1775692800,0.3516,0.3617,0.3482,0.3534,663938.65
1775779200,0.3536,0.3645,0.3516,0.3593,900728.41
1775865600,0.3589,0.3593,0.3515,0.3538,185170.19
1775952000,0.3539,0.354,0.341,0.3424,223544.46
1776038400,0.3427,0.361,0.339,0.3551,1783723.72
1776124800,0.3551,0.3563,0.342,0.3464,1687362.55
1776211200,0.3466,0.3644,0.3439,0.3608,756798.53
1776297600,0.3607,0.3767,0.3583,0.3765,930276.02
1776384000,0.3762,0.3887,0.367,0.3798,685100.25
1776470400,0.3799,0.3808,0.3645,0.3651,369517.12
1776556800,0.3648,0.366,0.3533,0.3546,432290.68
1776643200,0.3555,0.3725,0.3552,0.3661,709619.25
1776729600,0.3659,0.3689,0.36,0.3669,327337.76
1776816000,0.3669,0.3813,0.365,0.3724,453601.43
1776902400,0.3724,0.378,0.3532,0.3745,806295.95
1776988800,0.3747,0.3792,0.3703,0.3719,604635
1777075200,0.3721,0.3755,0.3657,0.3677,227892.76
1777161600,0.3679,0.372,0.3673,0.3709,140355.1
1777248000,0.3711,0.3785,0.3607,0.3784,478813.42
1777334400,0.3769,0.4,0.374,0.3849,1459034.05
1777420800,0.3849,0.3888,0.3634,0.3715,819260.88
1777507200,0.371,0.3733,0.3628,0.3646,422790.71
1777593600,0.3646,0.3712,0.364,0.3673,297150.86
1777680000,0.3669,0.3707,0.3643,0.3663,184346.48
1777766400,0.3663,0.3671,0.3608,0.3629,266647.23
1777852800,0.3627,0.3727,0.3591,0.3633,736241.64
1777939200,0.3627,0.3766,0.3624,0.3746,411942.62
1778025600,0.3749,0.3856,0.3733,0.383,616412.75
1778112000,0.3831,0.3841,0.3715,0.3758,559683.69
1778198400,0.3757,0.3969,0.3751,0.395,781361.67
1778284800,0.3955,0.3994,0.3863,0.3874,304835.77
1778371200,0.387,0.4025,0.3828,0.4006,688689.24
1778457600,0.4015,0.4022,0.3916,0.3965,447810.66
1778544000,0.3964,0.3965,0.38,0.3848,953063.95
1778630400,0.3847,0.3923,0.3696,0.3753,984308.11
1778716800,0.3749,0.3843,0.3703,0.3784,687870.12
1778803200,0.3785,0.3813,0.3606,0.3648,569984.54
1778889600,0.3642,0.3712,0.3534,0.3577,655417.14
1778976000,0.3578,0.3579,0.3355,0.3391,769726.13
1779062400,0.3388,0.3463,0.3358,0.3421,723614.33
1779148800,0.3421,0.3442,0.3306,0.3339,475386.38
1779235200,0.3339,0.3431,0.333,0.341,403379.35
1779321600,0.3407,0.3533,0.3403,0.3496,530917.2
1779408000,0.3491,0.3523,0.3328,0.3337,540713.81
1779494400,0.3336,0.351,0.3315,0.3452,521077.33
1779580800,0.3452,0.3456,0.3283,0.3357,243182.64
1779667200,0.336,0.341,0.3324,0.3341,315140.1
1779753600,0.3339,0.337,0.3261,0.3316,444405.99
1779840000,0.332,0.3333,0.3159,0.3183,516584.64
1779926400,0.3182,0.3199,0.3051,0.3101,1641589.73
1780012800,0.3097,0.3138,0.2966,0.3048,695452.99
1780099200,0.305,0.338,0.305,0.3315,2218109.48
1780185600,0.3311,0.3513,0.3226,0.3275,1430012.83
1780272000,0.3275,0.3292,0.311,0.3167,715726.76
1780358400,0.316,0.3167,0.2912,0.2955,1241971.39
1780444800,0.2959,0.3074,0.2911,0.2962,1592706.41
1780531200,0.2962,0.2964,0.2725,0.2786,792439.21
1780617600,0.2786,0.2792,0.2388,0.2435,1993834.05
1780704000,0.2436,0.2472,0.2286,0.2452,541559.36
1780790400,0.2451,0.2518,0.2359,0.246,1884632.39
1780876800,0.2458,0.2512,0.2394,0.2465,1174553.1
1780963200,0.2462,0.2463,0.2338,0.2377,683327.19
1781049600,0.2378,0.2384,0.2248,0.2274,1124787.99
1781136000,0.2275,0.2405,0.2272,0.2343,1457525.1
1781222400,0.2343,0.2414,0.2295,0.2338,3218186.67
1781308800,0.2339,0.2412,0.2322,0.2383,973253.78
1781395200,0.2382,0.2401,0.2285,0.2396,999030.58
1781481600,0.2394,0.2503,0.2376,0.2409,1208005.26
1781568000,0.2409,0.2465,0.2375,0.2449,1416785.85
1781654400,0.2451,0.25,0.2384,0.243,972246.33
1781740800,0.2432,0.2442,0.2264,0.2311,808027.96
1781827200,0.2308,0.2461,0.2259,0.2445,984098.65
1781913600,0.2455,0.2455,0.2331,0.2364,618617.83
1782000000,0.2366,0.2385,0.2288,0.2291,388203.8
1782086400,0.2291,0.238,0.2266,0.2281,429548.12
1782172800,0.228,0.2312,0.2152,0.2209,876843.9
1782259200,0.2214,0.2225,0.2064,0.2148,989360.28
1782345600,0.2148,0.2164,0.1996,0.2126,1423052.25
1782432000,0.2121,0.2187,0.2057,0.216,1627613.61
1782518400,0.2161,0.2225,0.2115,0.2127,641662.23
1782604800,0.2126,0.2167,0.2073,0.21,560194.48
1782691200,0.2101,0.2153,0.2075,0.2101,512341.22
1782777600,0.2101,0.214,0.2019,0.2024,1225005.53
1782864000,0.2023,0.2141,0.198,0.2096,1299842.98
1782950400,0.2094,0.2174,0.2089,0.2144,652980.76
1783036800,0.2143,0.2487,0.2135,0.2454,3791077.39
1783123200,0.2456,0.2547,0.2368,0.238,3569320.53
1783209600,0.238,0.2711,0.2368,0.2539,4299115.39
1783296000,0.2538,0.2548,0.2407,0.249,1308828.42
1783382400,0.249,0.2607,0.242,0.2557,2323385.96
1783468800,0.2559,0.262,0.241,0.2415,2634582.12
1783555200,0.2413,0.242,0.2353,0.2353,1188290.56
1783641600,0.235,0.2405,0.2324,0.236,753960.71
1783728000,0.236,0.2382,0.2301,0.2301,601292.96
1783814400,0.231,0.2333,0.2264,0.2267,281221.66
1783900800,0.2268,0.2298,0.219,0.2204,287895.26
1783987200,0.2207,0.2333,0.2207,0.2318,430966.94
1784073600,0.2317,0.232,0.2252,0.2276,475894.24
1784160000,0.2276,0.2338,0.22,0.2205,823878.83
1784246400,0.2205,0.2253,0.2168,0.224,450790.46
1784332800,0.2248,0.2253,0.2187,0.2253,414443.05
1784419200,0.2251,0.2306,0.2213,0.2229,456333.49
1784505600,0.2227,0.23,0.2185,0.2281,847450.67
1784592000,0.2281,0.2308,0.2271,0.2286,348031.57
1784678400,0.2286,0.2293,0.224,0.2275,154025.47
1784764800,0.2276,0.2365,0.2244,0.2344,476415.77
1784851200,0.2348,0.2393,0.226,0.2283,418604.46
1784937600,0.2281,0.2282,0.2229,0.2238,254680.51
1785024000,0.2238,0.23,0.2195,0.223,382550.23
1785110400,0.223,0.2232,0.2049,0.2073,662279.04
1785196800,0.2076,0.2092,0.2042,0.2068,491081.59
1785283200,0.2069,0.2091,0.2007,0.2037,465906.62
1785369600,0.2041,0.2085,0.2041,0.2055,436478.98
1785456000,0.2055,0.207,0.2001,0.2014,321620.4
1785542400,0.2015,0.2041,0.1976,0.1989,223060.43
1785628800,0.199,0.2017,0.199,0.2002,91771.94
1785715200,0.2,0.2124,0.1962,0.203,675289.86
1785801600,0.2027,0.2034,0.1968,0.1981,824924.77
1785888000,0.1983,0.1997,0.1957,0.1965,453263.39
1785974400,0.1964,0.2045,0.1962,0.2005,406799.02
1786060800,0.201,0.2032,0.1987,0.2015,608946.88
1786147200,0.2017,0.2124,0.2005,0.208,270402.15
1786233600,0.2081,0.2091,0.2016,0.2022,234335.37
1786320000,0.2023,0.2035,0.197,0.1983,572827.4
1786406400,0.1983,0.2007,0.193,0.1946,468136.04
1786492800,0.1945,0.198,0.1912,0.1953,410916.11
1786579200,0.1955,0.1982,0.1935,0.1968,403390.17
1786665600,0.1968,0.1978,0.1916,0.1963,318340.44
1786752000,0.1964,0.2027,0.1955,0.198,316191.2
1786838400,0.198,0.1987,0.1934,0.1949,213137.58
1786924800,0.1952,0.2037,0.1949,0.1992,428949.45
1787011200,0.1993,0.2085,0.1977,0.2003,467318.2
1787097600,0.2,0.2188,0.1988,0.2146,629844.42
1787184000,0.2147,0.2395,0.2136,0.2215,1587499.01
1787270400,0.2216,0.243,0.2202,0.2421,1564059.66
1787356800,0.2428,0.2537,0.229,0.2326,1109228.23
1787443200,0.2328,0.2375,0.2195,0.235,941016.08
1787529600,0.235,0.2378,0.2265,0.2297,681108.92
1787616000,0.2292,0.2365,0.2212,0.2234,772050.25
1787702400,0.2231,0.2285,0.2215,0.2281,317199.99
1787788800,0.2277,0.2357,0.2246,0.2309,458886.92
1787875200,0.2308,0.2347,0.216,0.2206,715126.28
1787961600,0.2205,0.2246,0.2108,0.2194,474728
1788048000,0.2193,0.2215,0.208,0.2107,238504.77
1788134400,0.2104,0.2153,0.2104,0.2125,190813.9
1788220800,0.2125,0.2193,0.2105,0.2142,853860.1
1788307200,0.2142,0.2182,0.2098,0.2177,440576.02
1788393600,0.2176,0.232,0.2166,0.2286,986867.97
1788480000,0.2289,0.2389,0.2233,0.2292,1035358.36
1788566400,0.2295,0.2391,0.2287,0.2388,499086.28
1788652800,0.2383,0.2415,0.2338,0.2406,296220.63
1788739200,0.2405,0.2435,0.2339,0.2351,509328.13
1788825600,0.2354,0.2505,0.2325,0.2489,590693.7
1788912000,0.2493,0.2767,0.2449,0.2636,4492069.63
1788998400,0.2636,0.2712,0.247,0.2533,1579364.24
1789084800,0.2532,0.2696,0.2454,0.2506,1279922.48
1789171200,0.2508,0.2674,0.2504,0.2665,593012.36
1789257600,0.2663,0.3053,0.2627,0.284,2890286.47
1789344000,0.2839,0.2889,0.2693,0.2733,1246296.62
1789430400,0.2742,0.2773,0.2454,0.2496,1212414.38
1789516800,0.2498,0.2534,0.24,0.2532,554790.8
1789603200,0.2529,0.2548,0.2452,0.2543,357029.12
1789689600,0.2539,0.2955,0.2517,0.2955,962795.03
1789776000,0.2955,0.4002,0.292,0.3667,5297322.86
1789862400,0.3675,0.3731,0.3324,0.3505,2129103.55
1789948800,0.3509,0.3612,0.3418,0.3449,510200.74
