worker 0/2: 823 months to fetch
2026-09-21 05:40:33 w0 BTC-USD 2026-09: 29140 candles | 0.1% done (1646 left)
2026-09-21 05:41:04 w0 SOL-USD 2026-09: 29140 candles | 0.1% done (1646 left)
2026-09-21 05:41:37 w0 AVAX-USD 2026-09: 27036 candles | 0.1% done (1646 left)
2026-09-21 05:42:08 w0 LTC-USD 2026-09: 29135 candles | 0.1% done (1646 left)
2026-09-21 05:42:38 w0 DOGE-USD 2026-09: 27935 candles | 0.1% done (1646 left)
2026-09-21 05:43:08 w0 UNI-USD 2026-09: 28998 candles | 0.1% done (1646 left)
2026-09-21 05:43:38 w0 ALGO-USD 2026-09: 21174 candles | 0.1% done (1646 left)
2026-09-21 05:44:08 w0 ICP-USD 2026-09: 21116 candles | 0.1% done (1646 left)
2026-09-21 05:44:38 w0 XLM-USD 2026-09: 28874 candles | 0.1% done (1646 left)
2026-09-21 05:45:07 w0 SHIB-USD 2026-09: 11529 candles | 0.1% done (1646 left)
2026-09-21 05:45:37 w0 GRT-USD 2026-09: 11823 candles | 0.1% done (1646 left)
2026-09-21 05:46:06 w0 XTZ-USD 2026-09: 12419 candles | 0.1% done (1646 left)
2026-09-21 05:46:35 w0 DASH-USD 2026-09: 17232 candles | 0.1% done (1646 left)
2026-09-21 05:47:05 w0 SNX-USD 2026-09: 3600 candles | 0.1% done (1646 left)
2026-09-21 05:47:51 w0 ETH-USD 2026-08: 44640 candles | 0.2% done (1644 left)
2026-09-21 05:48:37 w0 ADA-USD 2026-08: 43424 candles | 0.3% done (1642 left)
2026-09-21 05:49:23 w0 LINK-USD 2026-08: 42083 candles | 0.4% done (1640 left)
2026-09-21 05:50:09 w0 DOT-USD 2026-08: 34015 candles | 0.5% done (1638 left)
2026-09-21 05:50:53 w0 ATOM-USD 2026-08: 24018 candles | 0.7% done (1636 left)
2026-09-21 05:51:39 w0 BCH-USD 2026-08: 35791 candles | 0.8% done (1634 left)
2026-09-21 05:52:23 w0 FIL-USD 2026-08: 22739 candles | 0.9% done (1632 left)
2026-09-21 05:53:07 w0 ETC-USD 2026-08: 15962 candles | 1.0% done (1630 left)
2026-09-21 05:53:52 w0 AAVE-USD 2026-08: 33240 candles | 1.2% done (1628 left)
2026-09-21 05:54:37 w0 CRV-USD 2026-08: 23745 candles | 1.3% done (1626 left)
2026-09-21 05:55:20 w0 MANA-USD 2026-08: 4133 candles | 1.4% done (1624 left)
2026-09-21 05:56:06 w0 ZEC-USD 2026-08: 43020 candles | 1.5% done (1622 left)
2026-09-21 05:56:50 w0 COMP-USD 2026-08: 8781 candles | 1.6% done (1620 left)
2026-09-21 05:57:35 w0 BTC-USD 2026-06: 43188 candles | 1.8% done (1618 left)
2026-09-21 05:58:21 w0 SOL-USD 2026-07: 44635 candles | 1.9% done (1616 left)
2026-09-21 05:59:06 w0 AVAX-USD 2026-07: 18174 candles | 2.0% done (1614 left)
2026-09-21 05:59:52 w0 LTC-USD 2026-07: 44614 candles | 2.1% done (1612 left)
2026-09-21 06:00:38 w0 DOGE-USD 2026-07: 40927 candles | 2.2% done (1610 left)
2026-09-21 06:01:23 w0 UNI-USD 2026-07: 36257 candles | 2.4% done (1608 left)
2026-09-21 06:02:07 w0 ALGO-USD 2026-07: 13075 candles | 2.5% done (1606 left)
2026-09-21 06:02:52 w0 ICP-USD 2026-07: 22814 candles | 2.6% done (1604 left)
2026-09-21 06:03:38 w0 XLM-USD 2026-07: 44368 candles | 2.7% done (1602 left)
2026-09-21 06:04:21 w0 SHIB-USD 2026-07: 12626 candles | 2.9% done (1600 left)
2026-09-21 06:05:05 w0 GRT-USD 2026-07: 4061 candles | 3.0% done (1598 left)
2026-09-21 06:05:50 w0 XTZ-USD 2026-07: 10509 candles | 3.1% done (1596 left)
2026-09-21 06:06:34 w0 DASH-USD 2026-07: 10183 candles | 3.2% done (1594 left)
2026-09-21 06:07:17 w0 SNX-USD 2026-07: 4656 candles | 3.3% done (1592 left)
2026-09-21 06:08:02 w0 ETH-USD 2026-06: 43188 candles | 3.5% done (1590 left)
2026-09-21 06:08:46 w0 ADA-USD 2026-06: 39527 candles | 3.6% done (1588 left)
2026-09-21 06:09:31 w0 LINK-USD 2026-06: 41572 candles | 3.7% done (1586 left)
2026-09-21 06:10:14 w0 DOT-USD 2026-06: 24304 candles | 3.8% done (1584 left)
2026-09-21 06:10:57 w0 ATOM-USD 2026-06: 26583 candles | 3.9% done (1582 left)
2026-09-21 06:11:42 w0 BCH-USD 2026-06: 39632 candles | 4.1% done (1580 left)
2026-09-21 06:12:25 w0 FIL-USD 2026-06: 19306 candles | 4.2% done (1578 left)
2026-09-21 06:13:08 w0 ETC-USD 2026-06: 12891 candles | 4.3% done (1576 left)
2026-09-21 06:13:52 w0 AAVE-USD 2026-06: 38695 candles | 4.4% done (1574 left)
2026-09-21 06:14:36 w0 CRV-USD 2026-06: 23988 candles | 4.6% done (1572 left)
2026-09-21 06:15:18 w0 MANA-USD 2026-06: 7242 candles | 4.7% done (1570 left)
2026-09-21 06:16:03 w0 ZEC-USD 2026-06: 43083 candles | 4.8% done (1568 left)
2026-09-21 06:16:45 w0 COMP-USD 2026-06: 9599 candles | 4.9% done (1566 left)
2026-09-21 06:17:29 w0 BTC-USD 2026-04: 43196 candles | 5.0% done (1564 left)
2026-09-21 06:18:15 w0 SOL-USD 2026-05: 44219 candles | 5.2% done (1562 left)
2026-09-21 06:19:00 w0 AVAX-USD 2026-05: 25941 candles | 5.3% done (1560 left)
2026-09-21 06:19:46 w0 LTC-USD 2026-05: 44181 candles | 5.4% done (1558 left)
2026-09-21 06:20:32 w0 DOGE-USD 2026-05: 43461 candles | 5.5% done (1556 left)
2026-09-21 06:21:17 w0 UNI-USD 2026-05: 29955 candles | 5.6% done (1554 left)
2026-09-21 06:22:02 w0 ALGO-USD 2026-05: 22239 candles | 5.8% done (1552 left)
2026-09-21 06:22:47 w0 ICP-USD 2026-05: 34910 candles | 5.9% done (1550 left)
2026-09-21 06:23:33 w0 XLM-USD 2026-05: 43286 candles | 6.0% done (1548 left)
2026-09-21 06:24:18 w0 SHIB-USD 2026-05: 16085 candles | 6.1% done (1546 left)
2026-09-21 06:25:02 w0 GRT-USD 2026-05: 6715 candles | 6.3% done (1544 left)
2026-09-21 06:25:46 w0 XTZ-USD 2026-05: 10630 candles | 6.4% done (1542 left)
2026-09-21 06:26:31 w0 DASH-USD 2026-05: 25426 candles | 6.5% done (1540 left)
2026-09-21 06:27:15 w0 SNX-USD 2026-05: 5258 candles | 6.6% done (1538 left)
2026-09-21 06:27:59 w0 ETH-USD 2026-04: 43196 candles | 6.7% done (1536 left)
2026-09-21 06:28:44 w0 ADA-USD 2026-04: 41014 candles | 6.9% done (1534 left)
2026-09-21 06:29:28 w0 LINK-USD 2026-04: 40973 candles | 7.0% done (1532 left)
2026-09-21 06:30:11 w0 DOT-USD 2026-04: 22761 candles | 7.1% done (1530 left)
2026-09-21 06:30:54 w0 ATOM-USD 2026-04: 21050 candles | 7.2% done (1528 left)
2026-09-21 06:31:39 w0 BCH-USD 2026-04: 35134 candles | 7.3% done (1526 left)
2026-09-21 06:32:21 w0 FIL-USD 2026-04: 13814 candles | 7.5% done (1524 left)
2026-09-21 06:33:04 w0 ETC-USD 2026-04: 8693 candles | 7.6% done (1522 left)
2026-09-21 06:33:48 w0 AAVE-USD 2026-04: 37650 candles | 7.7% done (1520 left)
2026-09-21 06:34:31 w0 CRV-USD 2026-04: 20983 candles | 7.8% done (1518 left)
2026-09-21 06:35:14 w0 MANA-USD 2026-04: 10491 candles | 8.0% done (1516 left)
2026-09-21 06:35:58 w0 ZEC-USD 2026-04: 42186 candles | 8.1% done (1514 left)
2026-09-21 06:36:41 w0 COMP-USD 2026-04: 17173 candles | 8.2% done (1512 left)
2026-09-21 06:37:23 w0 BTC-USD 2026-02: 40293 candles | 8.3% done (1510 left)
2026-09-21 06:38:09 w0 SOL-USD 2026-03: 44633 candles | 8.4% done (1508 left)
2026-09-21 06:38:57 w0 AVAX-USD 2026-03: 29980 candles | 8.6% done (1506 left)
2026-09-21 06:39:42 w0 LTC-USD 2026-03: 44626 candles | 8.7% done (1504 left)
2026-09-21 06:40:29 w0 DOGE-USD 2026-03: 44215 candles | 8.8% done (1502 left)
2026-09-21 06:41:14 w0 UNI-USD 2026-03: 32348 candles | 8.9% done (1500 left)
2026-09-21 06:41:59 w0 ALGO-USD 2026-03: 15316 candles | 9.0% done (1498 left)
2026-09-21 06:42:44 w0 ICP-USD 2026-03: 29226 candles | 9.2% done (1496 left)
2026-09-21 06:43:31 w0 XLM-USD 2026-03: 44082 candles | 9.3% done (1494 left)
2026-09-21 06:44:17 w0 SHIB-USD 2026-03: 19587 candles | 9.4% done (1492 left)
2026-09-21 06:45:01 w0 GRT-USD 2026-03: 5225 candles | 9.5% done (1490 left)
2026-09-21 06:45:45 w0 XTZ-USD 2026-03: 17029 candles | 9.7% done (1488 left)
2026-09-21 06:46:30 w0 DASH-USD 2026-03: 19656 candles | 9.8% done (1486 left)
2026-09-21 06:47:15 w0 SNX-USD 2026-03: 5953 candles | 9.9% done (1484 left)
2026-09-21 06:47:57 w0 ETH-USD 2026-02: 40293 candles | 10.0% done (1482 left)
2026-09-21 06:48:39 w0 ADA-USD 2026-02: 39533 candles | 10.1% done (1480 left)
2026-09-21 06:49:21 w0 LINK-USD 2026-02: 39866 candles | 10.3% done (1478 left)
2026-09-21 06:50:03 w0 DOT-USD 2026-02: 31662 candles | 10.4% done (1476 left)
2026-09-21 06:50:45 w0 ATOM-USD 2026-02: 28245 candles | 10.5% done (1474 left)
2026-09-21 06:51:27 w0 BCH-USD 2026-02: 38199 candles | 10.6% done (1472 left)
2026-09-21 06:52:07 w0 FIL-USD 2026-02: 20835 candles | 10.7% done (1470 left)
2026-09-21 06:52:48 w0 ETC-USD 2026-02: 13891 candles | 10.9% done (1468 left)
2026-09-21 06:53:29 w0 AAVE-USD 2026-02: 36877 candles | 11.0% done (1466 left)
2026-09-21 06:54:10 w0 CRV-USD 2026-02: 24765 candles | 11.1% done (1464 left)
2026-09-21 06:54:51 w0 MANA-USD 2026-02: 16638 candles | 11.2% done (1462 left)
2026-09-21 06:55:33 w0 ZEC-USD 2026-02: 39847 candles | 11.4% done (1460 left)
2026-09-21 06:56:15 w0 COMP-USD 2026-02: 12484 candles | 11.5% done (1458 left)
2026-09-21 06:57:01 w0 BTC-USD 2025-12: 44638 candles | 11.6% done (1456 left)
2026-09-21 06:57:48 w0 SOL-USD 2026-01: 44640 candles | 11.7% done (1454 left)
2026-09-21 06:58:34 w0 AVAX-USD 2026-01: 32949 candles | 11.8% done (1452 left)
2026-09-21 06:59:21 w0 LTC-USD 2026-01: 44626 candles | 12.0% done (1450 left)
2026-09-21 07:00:07 w0 DOGE-USD 2026-01: 44180 candles | 12.1% done (1448 left)
2026-09-21 07:00:53 w0 UNI-USD 2026-01: 34978 candles | 12.2% done (1446 left)
2026-09-21 07:01:38 w0 ALGO-USD 2026-01: 24006 candles | 12.3% done (1444 left)
2026-09-21 07:02:24 w0 ICP-USD 2026-01: 37630 candles | 12.4% done (1442 left)
2026-09-21 07:03:10 w0 XLM-USD 2026-01: 43206 candles | 12.6% done (1440 left)
2026-09-21 07:03:56 w0 SHIB-USD 2026-01: 29200 candles | 12.7% done (1438 left)
2026-09-21 07:04:40 w0 GRT-USD 2026-01: 7758 candles | 12.8% done (1436 left)
2026-09-21 07:05:25 w0 XTZ-USD 2026-01: 15400 candles | 12.9% done (1434 left)
2026-09-21 07:06:11 w0 DASH-USD 2026-01: 34074 candles | 13.1% done (1432 left)
2026-09-21 07:06:55 w0 SNX-USD 2026-01: 11978 candles | 13.2% done (1430 left)
2026-09-21 07:07:42 w0 ETH-USD 2025-12: 44638 candles | 13.3% done (1428 left)
2026-09-21 07:08:29 w0 ADA-USD 2025-12: 43506 candles | 13.4% done (1426 left)
2026-09-21 07:09:15 w0 LINK-USD 2025-12: 43796 candles | 13.5% done (1424 left)
2026-09-21 07:10:02 w0 DOT-USD 2025-12: 35989 candles | 13.7% done (1422 left)
2026-09-21 07:10:47 w0 ATOM-USD 2025-12: 24779 candles | 13.8% done (1420 left)
2026-09-21 07:11:34 w0 BCH-USD 2025-12: 41612 candles | 13.9% done (1418 left)
2026-09-21 07:12:19 w0 FIL-USD 2025-12: 25425 candles | 14.0% done (1416 left)
2026-09-21 07:13:04 w0 ETC-USD 2025-12: 12293 candles | 14.1% done (1414 left)
2026-09-21 07:13:51 w0 AAVE-USD 2025-12: 40392 candles | 14.3% done (1412 left)
2026-09-21 07:14:36 w0 CRV-USD 2025-12: 30053 candles | 14.4% done (1410 left)
2026-09-21 07:15:21 w0 MANA-USD 2025-12: 10391 candles | 14.5% done (1408 left)
2026-09-21 07:16:07 w0 ZEC-USD 2025-12: 44449 candles | 14.6% done (1406 left)
2026-09-21 07:16:52 w0 COMP-USD 2025-12: 21880 candles | 14.8% done (1404 left)
2026-09-21 07:17:39 w0 BTC-USD 2025-10: 44275 candles | 14.9% done (1402 left)
2026-09-21 07:18:24 w0 SOL-USD 2025-11: 43200 candles | 15.0% done (1400 left)
2026-09-21 07:19:09 w0 AVAX-USD 2025-11: 40318 candles | 15.1% done (1398 left)
2026-09-21 07:19:54 w0 LTC-USD 2025-11: 43200 candles | 15.2% done (1396 left)
2026-09-21 07:20:39 w0 DOGE-USD 2025-11: 43175 candles | 15.4% done (1394 left)
2026-09-21 07:21:23 w0 UNI-USD 2025-11: 41590 candles | 15.5% done (1392 left)
2026-09-21 07:22:07 w0 ALGO-USD 2025-11: 32171 candles | 15.6% done (1390 left)
2026-09-21 07:22:50 w0 ICP-USD 2025-11: 41883 candles | 15.7% done (1388 left)
2026-09-21 07:23:35 w0 XLM-USD 2025-11: 43125 candles | 15.8% done (1386 left)
2026-09-21 07:24:19 w0 SHIB-USD 2025-11: 32645 candles | 16.0% done (1384 left)
2026-09-21 07:25:02 w0 GRT-USD 2025-11: 13976 candles | 16.1% done (1382 left)
2026-09-21 07:25:45 w0 XTZ-USD 2025-11: 14587 candles | 16.2% done (1380 left)
2026-09-21 07:26:29 w0 DASH-USD 2025-11: 39500 candles | 16.3% done (1378 left)
2026-09-21 07:27:12 w0 SNX-USD 2025-11: 24706 candles | 16.5% done (1376 left)
2026-09-21 07:27:59 w0 ETH-USD 2025-10: 44278 candles | 16.6% done (1374 left)
2026-09-21 07:28:45 w0 ADA-USD 2025-10: 44232 candles | 16.7% done (1372 left)
2026-09-21 07:29:31 w0 LINK-USD 2025-10: 44211 candles | 16.8% done (1370 left)
2026-09-21 07:30:17 w0 DOT-USD 2025-10: 42253 candles | 16.9% done (1368 left)
2026-09-21 07:31:03 w0 ATOM-USD 2025-10: 38888 candles | 17.1% done (1366 left)
2026-09-21 07:31:49 w0 BCH-USD 2025-10: 39702 candles | 17.2% done (1364 left)
2026-09-21 07:32:34 w0 FIL-USD 2025-10: 30147 candles | 17.3% done (1362 left)
2026-09-21 07:33:18 w0 ETC-USD 2025-10: 24707 candles | 17.4% done (1360 left)
2026-09-21 07:34:04 w0 AAVE-USD 2025-10: 41624 candles | 17.5% done (1358 left)
2026-09-21 07:34:50 w0 CRV-USD 2025-10: 39045 candles | 17.7% done (1356 left)
2026-09-21 07:35:34 w0 MANA-USD 2025-10: 16583 candles | 17.8% done (1354 left)
2026-09-21 07:36:20 w0 ZEC-USD 2025-10: 44075 candles | 17.9% done (1352 left)
2026-09-21 07:37:04 w0 COMP-USD 2025-10: 18121 candles | 18.0% done (1350 left)
2026-09-21 07:37:50 w0 BTC-USD 2025-08: 44640 candles | 18.2% done (1348 left)
2026-09-21 07:38:34 w0 SOL-USD 2025-09: 43200 candles | 18.3% done (1346 left)
2026-09-21 07:39:19 w0 AVAX-USD 2025-09: 40942 candles | 18.4% done (1344 left)
2026-09-21 07:40:04 w0 LTC-USD 2025-09: 43198 candles | 18.5% done (1342 left)
2026-09-21 07:40:49 w0 DOGE-USD 2025-09: 43172 candles | 18.6% done (1340 left)
2026-09-21 07:41:33 w0 UNI-USD 2025-09: 36361 candles | 18.8% done (1338 left)
2026-09-21 07:42:17 w0 ALGO-USD 2025-09: 33860 candles | 18.9% done (1336 left)
2026-09-21 07:43:00 w0 ICP-USD 2025-09: 31066 candles | 19.0% done (1334 left)
2026-09-21 07:43:45 w0 XLM-USD 2025-09: 43162 candles | 19.1% done (1332 left)
2026-09-21 07:44:29 w0 SHIB-USD 2025-09: 33295 candles | 19.2% done (1330 left)
2026-09-21 07:45:12 w0 GRT-USD 2025-09: 13805 candles | 19.4% done (1328 left)
2026-09-21 07:45:54 w0 XTZ-USD 2025-09: 9263 candles | 19.5% done (1326 left)
2026-09-21 07:46:37 w0 DASH-USD 2025-09: 5995 candles | 19.6% done (1324 left)
2026-09-21 07:47:19 w0 SNX-USD 2025-09: 10778 candles | 19.7% done (1322 left)
2026-09-21 07:48:05 w0 ETH-USD 2025-08: 44638 candles | 19.9% done (1320 left)
2026-09-21 07:48:52 w0 ADA-USD 2025-08: 44635 candles | 20.0% done (1318 left)
2026-09-21 07:49:37 w0 LINK-USD 2025-08: 44624 candles | 20.1% done (1316 left)
2026-09-21 07:50:24 w0 DOT-USD 2025-08: 42191 candles | 20.2% done (1314 left)
2026-09-21 07:51:09 w0 ATOM-USD 2025-08: 39966 candles | 20.3% done (1312 left)
2026-09-21 07:51:55 w0 BCH-USD 2025-08: 39904 candles | 20.5% done (1310 left)
2026-09-21 07:52:40 w0 FIL-USD 2025-08: 31651 candles | 20.6% done (1308 left)
2026-09-21 07:53:26 w0 ETC-USD 2025-08: 27090 candles | 20.7% done (1306 left)
2026-09-21 07:54:12 w0 AAVE-USD 2025-08: 43897 candles | 20.8% done (1304 left)
2026-09-21 07:54:58 w0 CRV-USD 2025-08: 43197 candles | 20.9% done (1302 left)
2026-09-21 07:55:42 w0 MANA-USD 2025-08: 13425 candles | 21.1% done (1300 left)
2026-09-21 07:56:26 w0 ZEC-USD 2025-08: 19541 candles | 21.2% done (1298 left)
2026-09-21 07:57:12 w0 COMP-USD 2025-08: 36014 candles | 21.3% done (1296 left)
2026-09-21 07:57:56 w0 BTC-USD 2025-06: 43200 candles | 21.4% done (1294 left)
2026-09-21 07:58:42 w0 SOL-USD 2025-07: 44640 candles | 21.6% done (1292 left)
2026-09-21 07:59:28 w0 AVAX-USD 2025-07: 41946 candles | 21.7% done (1290 left)
2026-09-21 08:00:14 w0 LTC-USD 2025-07: 44640 candles | 21.8% done (1288 left)
2026-09-21 08:01:00 w0 DOGE-USD 2025-07: 44630 candles | 21.9% done (1286 left)
2026-09-21 08:01:45 w0 UNI-USD 2025-07: 43884 candles | 22.0% done (1284 left)
2026-09-21 08:02:31 w0 ALGO-USD 2025-07: 40540 candles | 22.2% done (1282 left)
2026-09-21 08:03:17 w0 ICP-USD 2025-07: 39989 candles | 22.3% done (1280 left)
2026-09-21 08:04:02 w0 XLM-USD 2025-07: 44591 candles | 22.4% done (1278 left)
2026-09-21 08:04:48 w0 SHIB-USD 2025-07: 40297 candles | 22.5% done (1276 left)
2026-09-21 08:05:33 w0 GRT-USD 2025-07: 22048 candles | 22.6% done (1274 left)
2026-09-21 08:06:17 w0 XTZ-USD 2025-07: 16947 candles | 22.8% done (1272 left)
2026-09-21 08:07:01 w0 DASH-USD 2025-07: 8248 candles | 22.9% done (1270 left)
2026-09-21 08:07:45 w0 SNX-USD 2025-07: 9185 candles | 23.0% done (1268 left)
2026-09-21 08:08:30 w0 ETH-USD 2025-06: 43200 candles | 23.1% done (1266 left)
2026-09-21 08:09:14 w0 ADA-USD 2025-06: 43167 candles | 23.2% done (1265 left)
2026-09-21 08:09:59 w0 LINK-USD 2025-06: 43134 candles | 23.4% done (1262 left)
2026-09-21 08:10:43 w0 DOT-USD 2025-06: 41330 candles | 23.5% done (1260 left)
2026-09-21 08:11:27 w0 ATOM-USD 2025-06: 38518 candles | 23.6% done (1258 left)
2026-09-21 08:12:12 w0 BCH-USD 2025-06: 41543 candles | 23.7% done (1256 left)
2026-09-21 08:12:56 w0 FIL-USD 2025-06: 35357 candles | 23.9% done (1254 left)
2026-09-21 08:13:39 w0 ETC-USD 2025-06: 22015 candles | 23.9% done (1253 left)
2026-09-21 08:14:24 w0 AAVE-USD 2025-06: 42964 candles | 24.1% done (1250 left)
2026-09-21 08:15:09 w0 CRV-USD 2025-06: 42021 candles | 24.2% done (1248 left)
2026-09-21 08:15:52 w0 MANA-USD 2025-06: 14078 candles | 24.3% done (1246 left)
2026-09-21 08:16:35 w0 ZEC-USD 2025-06: 16145 candles | 24.5% done (1244 left)
2026-09-21 08:17:19 w0 COMP-USD 2025-06: 37167 candles | 24.6% done (1242 left)
2026-09-21 08:18:03 w0 BTC-USD 2025-04: 43200 candles | 24.7% done (1240 left)
2026-09-21 08:18:50 w0 SOL-USD 2025-05: 44640 candles | 24.8% done (1238 left)
2026-09-21 08:19:36 w0 AVAX-USD 2025-05: 42556 candles | 25.0% done (1236 left)
2026-09-21 08:20:22 w0 LTC-USD 2025-05: 44639 candles | 25.1% done (1234 left)
2026-09-21 08:21:09 w0 DOGE-USD 2025-05: 44616 candles | 25.2% done (1232 left)
2026-09-21 08:21:55 w0 UNI-USD 2025-05: 42761 candles | 25.3% done (1230 left)
2026-09-21 08:22:41 w0 ALGO-USD 2025-05: 38615 candles | 25.4% done (1228 left)
2026-09-21 08:23:27 w0 ICP-USD 2025-05: 38280 candles | 25.6% done (1226 left)
2026-09-21 08:24:13 w0 XLM-USD 2025-05: 44569 candles | 25.7% done (1224 left)
2026-09-21 08:24:58 w0 SHIB-USD 2025-05: 41375 candles | 25.8% done (1222 left)
2026-09-21 08:25:44 w0 GRT-USD 2025-05: 32141 candles | 25.9% done (1220 left)
2026-09-21 08:26:27 w0 XTZ-USD 2025-05: 11526 candles | 26.0% done (1218 left)
2026-09-21 08:27:11 w0 DASH-USD 2025-05: 7891 candles | 26.2% done (1216 left)
2026-09-21 08:27:55 w0 SNX-USD 2025-05: 9524 candles | 26.3% done (1214 left)
2026-09-21 08:28:40 w0 ETH-USD 2025-04: 43164 candles | 26.4% done (1212 left)
2026-09-21 08:29:25 w0 ADA-USD 2025-04: 43069 candles | 26.5% done (1210 left)
2026-09-21 08:30:09 w0 LINK-USD 2025-04: 42940 candles | 26.7% done (1208 left)
2026-09-21 08:30:53 w0 DOT-USD 2025-04: 39616 candles | 26.8% done (1206 left)
2026-09-21 08:31:37 w0 ATOM-USD 2025-04: 36272 candles | 26.9% done (1204 left)
2026-09-21 08:32:23 w0 BCH-USD 2025-04: 39572 candles | 27.0% done (1202 left)
2026-09-21 08:33:06 w0 FIL-USD 2025-04: 27271 candles | 27.1% done (1200 left)
2026-09-21 08:33:49 w0 ETC-USD 2025-04: 17361 candles | 27.3% done (1198 left)
2026-09-21 08:34:34 w0 AAVE-USD 2025-04: 40779 candles | 27.4% done (1196 left)
2026-09-21 08:35:18 w0 CRV-USD 2025-04: 41522 candles | 27.5% done (1194 left)
2026-09-21 08:36:01 w0 MANA-USD 2025-04: 15978 candles | 27.6% done (1192 left)
2026-09-21 08:36:45 w0 ZEC-USD 2025-04: 27801 candles | 27.7% done (1190 left)
2026-09-21 08:37:27 w0 COMP-USD 2025-04: 15958 candles | 27.9% done (1188 left)
2026-09-21 08:38:09 w0 BTC-USD 2025-02: 40320 candles | 28.0% done (1186 left)
2026-09-21 08:38:55 w0 SOL-USD 2025-03: 44640 candles | 28.1% done (1184 left)
2026-09-21 08:39:41 w0 AVAX-USD 2025-03: 41660 candles | 28.2% done (1182 left)
2026-09-21 08:40:27 w0 LTC-USD 2025-03: 44630 candles | 28.4% done (1180 left)
2026-09-21 08:41:12 w0 DOGE-USD 2025-03: 44621 candles | 28.4% done (1179 left)
2026-09-21 08:41:57 w0 UNI-USD 2025-03: 37394 candles | 28.6% done (1176 left)
2026-09-21 08:42:43 w0 ALGO-USD 2025-03: 38068 candles | 28.7% done (1175 left)
2026-09-21 08:43:29 w0 ICP-USD 2025-03: 28856 candles | 28.8% done (1173 left)
2026-09-21 08:44:15 w0 XLM-USD 2025-03: 44570 candles | 29.0% done (1170 left)
2026-09-21 08:45:01 w0 SHIB-USD 2025-03: 41829 candles | 29.1% done (1168 left)
2026-09-21 08:45:45 w0 GRT-USD 2025-03: 26367 candles | 29.2% done (1166 left)
2026-09-21 08:46:30 w0 XTZ-USD 2025-03: 13511 candles | 29.3% done (1164 left)
2026-09-21 08:47:14 w0 DASH-USD 2025-03: 9529 candles | 29.4% done (1162 left)
2026-09-21 08:47:58 w0 SNX-USD 2025-03: 7051 candles | 29.6% done (1160 left)
2026-09-21 08:48:40 w0 ETH-USD 2025-02: 40320 candles | 29.6% done (1159 left)
2026-09-21 08:49:22 w0 ADA-USD 2025-02: 40305 candles | 29.8% done (1157 left)
2026-09-21 08:50:03 w0 LINK-USD 2025-02: 40279 candles | 29.9% done (1155 left)
2026-09-21 08:50:46 w0 DOT-USD 2025-02: 39710 candles | 30.0% done (1153 left)
2026-09-21 08:51:27 w0 ATOM-USD 2025-02: 37120 candles | 30.1% done (1151 left)
2026-09-21 08:52:09 w0 BCH-USD 2025-02: 38244 candles | 30.2% done (1149 left)
2026-09-21 08:52:50 w0 FIL-USD 2025-02: 34684 candles | 30.4% done (1147 left)
2026-09-21 08:53:31 w0 ETC-USD 2025-02: 25943 candles | 30.5% done (1145 left)
2026-09-21 08:54:12 w0 AAVE-USD 2025-02: 36999 candles | 30.6% done (1143 left)
2026-09-21 08:54:54 w0 CRV-USD 2025-02: 38239 candles | 30.7% done (1141 left)
2026-09-21 08:55:34 w0 MANA-USD 2025-02: 24190 candles | 30.8% done (1139 left)
2026-09-21 08:56:15 w0 ZEC-USD 2025-02: 14968 candles | 31.0% done (1137 left)
2026-09-21 08:56:55 w0 COMP-USD 2025-02: 21654 candles | 31.1% done (1135 left)
2026-09-21 08:57:41 w0 BTC-USD 2024-12: 44637 candles | 31.3% done (1132 left)
2026-09-21 08:58:27 w0 SOL-USD 2025-01: 44640 candles | 31.4% done (1130 left)
2026-09-21 08:59:14 w0 AVAX-USD 2025-01: 44128 candles | 31.5% done (1128 left)
2026-09-21 09:00:00 w0 LTC-USD 2025-01: 44640 candles | 31.6% done (1126 left)
2026-09-21 09:00:46 w0 DOGE-USD 2025-01: 44640 candles | 31.8% done (1124 left)
2026-09-21 09:01:32 w0 UNI-USD 2025-01: 43446 candles | 31.9% done (1122 left)
2026-09-21 09:02:18 w0 ALGO-USD 2025-01: 44494 candles | 32.0% done (1120 left)
2026-09-21 09:03:04 w0 ICP-USD 2025-01: 43176 candles | 32.1% done (1118 left)
2026-09-21 09:03:50 w0 XLM-USD 2025-01: 44638 candles | 32.2% done (1116 left)
2026-09-21 09:04:37 w0 SHIB-USD 2025-01: 44573 candles | 32.4% done (1114 left)
2026-09-21 09:05:22 w0 GRT-USD 2025-01: 36784 candles | 32.5% done (1112 left)
2026-09-21 09:06:07 w0 XTZ-USD 2025-01: 27710 candles | 32.6% done (1110 left)
2026-09-21 09:06:51 w0 DASH-USD 2025-01: 16457 candles | 32.7% done (1108 left)
2026-09-21 09:07:35 w0 SNX-USD 2025-01: 11412 candles | 32.8% done (1107 left)
2026-09-21 09:08:22 w0 ETH-USD 2024-12: 44638 candles | 33.0% done (1104 left)
2026-09-21 09:09:08 w0 ADA-USD 2024-12: 44568 candles | 33.1% done (1102 left)
2026-09-21 09:09:54 w0 LINK-USD 2024-12: 44634 candles | 33.2% done (1100 left)
2026-09-21 09:10:40 w0 DOT-USD 2024-12: 44495 candles | 33.3% done (1098 left)
2026-09-21 09:11:25 w0 ATOM-USD 2024-12: 39979 candles | 33.5% done (1096 left)
2026-09-21 09:12:11 w0 BCH-USD 2024-12: 42186 candles | 33.6% done (1094 left)
2026-09-21 09:12:57 w0 FIL-USD 2024-12: 38421 candles | 33.7% done (1092 left)
2026-09-21 09:13:42 w0 ETC-USD 2024-12: 37201 candles | 33.8% done (1090 left)
2026-09-21 09:14:28 w0 AAVE-USD 2024-12: 44429 candles | 33.9% done (1088 left)
2026-09-21 09:15:14 w0 CRV-USD 2024-12: 44342 candles | 34.1% done (1086 left)
2026-09-21 09:16:00 w0 MANA-USD 2024-12: 32489 candles | 34.2% done (1084 left)
2026-09-21 09:16:46 w0 ZEC-USD 2024-12: 32080 candles | 34.3% done (1082 left)
2026-09-21 09:17:32 w0 COMP-USD 2024-12: 39132 candles | 34.4% done (1080 left)
2026-09-21 09:18:18 w0 BTC-USD 2024-10: 44568 candles | 34.5% done (1078 left)
2026-09-21 09:19:02 w0 SOL-USD 2024-11: 43200 candles | 34.7% done (1076 left)
2026-09-21 09:19:47 w0 AVAX-USD 2024-11: 42974 candles | 34.8% done (1074 left)
2026-09-21 09:20:32 w0 LTC-USD 2024-11: 43199 candles | 34.9% done (1072 left)
2026-09-21 09:21:16 w0 DOGE-USD 2024-11: 43200 candles | 35.0% done (1070 left)
2026-09-21 09:22:00 w0 UNI-USD 2024-11: 42127 candles | 35.2% done (1068 left)
2026-09-21 09:22:45 w0 ALGO-USD 2024-11: 38291 candles | 35.3% done (1066 left)
2026-09-21 09:23:29 w0 ICP-USD 2024-11: 40025 candles | 35.4% done (1064 left)
2026-09-21 09:24:14 w0 XLM-USD 2024-11: 43051 candles | 35.5% done (1062 left)
2026-09-21 09:24:59 w0 SHIB-USD 2024-11: 43191 candles | 35.6% done (1060 left)
2026-09-21 09:25:43 w0 GRT-USD 2024-11: 40328 candles | 35.8% done (1058 left)
2026-09-21 09:26:27 w0 XTZ-USD 2024-11: 33364 candles | 35.9% done (1056 left)
2026-09-21 09:27:10 w0 DASH-USD 2024-11: 22354 candles | 36.0% done (1054 left)
2026-09-21 09:27:53 w0 SNX-USD 2024-11: 26136 candles | 36.1% done (1052 left)
2026-09-21 09:28:39 w0 ETH-USD 2024-10: 44568 candles | 36.2% done (1050 left)
2026-09-21 09:29:25 w0 ADA-USD 2024-10: 43186 candles | 36.4% done (1048 left)
2026-09-21 09:30:11 w0 LINK-USD 2024-10: 43825 candles | 36.5% done (1046 left)
2026-09-21 09:30:56 w0 DOT-USD 2024-10: 40689 candles | 36.6% done (1044 left)
2026-09-21 09:31:42 w0 ATOM-USD 2024-10: 35130 candles | 36.7% done (1042 left)
2026-09-21 09:32:28 w0 BCH-USD 2024-10: 41718 candles | 36.9% done (1040 left)
2026-09-21 09:33:13 w0 FIL-USD 2024-10: 26325 candles | 37.0% done (1038 left)
2026-09-21 09:33:57 w0 ETC-USD 2024-10: 19010 candles | 37.1% done (1036 left)
2026-09-21 09:34:43 w0 AAVE-USD 2024-10: 36960 candles | 37.2% done (1034 left)
2026-09-21 09:35:28 w0 CRV-USD 2024-10: 22658 candles | 37.3% done (1033 left)
2026-09-21 09:36:12 w0 MANA-USD 2024-10: 15912 candles | 37.4% done (1031 left)
2026-09-21 09:36:57 w0 ZEC-USD 2024-10: 25470 candles | 37.5% done (1029 left)
2026-09-21 09:37:42 w0 COMP-USD 2024-10: 15814 candles | 37.6% done (1027 left)
2026-09-21 09:38:28 w0 BTC-USD 2024-08: 44640 candles | 37.8% done (1024 left)
2026-09-21 09:39:13 w0 SOL-USD 2024-09: 43200 candles | 37.9% done (1022 left)
2026-09-21 09:39:57 w0 AVAX-USD 2024-09: 41231 candles | 38.1% done (1020 left)
2026-09-21 09:40:42 w0 LTC-USD 2024-09: 43190 candles | 38.2% done (1018 left)
2026-09-21 09:41:26 w0 DOGE-USD 2024-09: 43008 candles | 38.3% done (1016 left)
2026-09-21 09:42:10 w0 UNI-USD 2024-09: 34694 candles | 38.4% done (1014 left)
2026-09-21 09:42:55 w0 ALGO-USD 2024-09: 26310 candles | 38.6% done (1012 left)
2026-09-21 09:43:39 w0 ICP-USD 2024-09: 33627 candles | 38.7% done (1010 left)
2026-09-21 09:44:23 w0 XLM-USD 2024-09: 42180 candles | 38.8% done (1008 left)
2026-09-21 09:45:08 w0 SHIB-USD 2024-09: 41478 candles | 38.9% done (1006 left)
2026-09-21 09:45:51 w0 GRT-USD 2024-09: 30089 candles | 39.0% done (1004 left)
2026-09-21 09:46:35 w0 XTZ-USD 2024-09: 16074 candles | 39.2% done (1002 left)
2026-09-21 09:47:17 w0 DASH-USD 2024-09: 12306 candles | 39.3% done (1000 left)
2026-09-21 09:48:00 w0 SNX-USD 2024-09: 12852 candles | 39.4% done (998 left)
2026-09-21 09:48:47 w0 ETH-USD 2024-08: 44640 candles | 39.5% done (996 left)
2026-09-21 09:49:33 w0 ADA-USD 2024-08: 41410 candles | 39.6% done (994 left)
2026-09-21 09:50:19 w0 LINK-USD 2024-08: 43294 candles | 39.8% done (992 left)
2026-09-21 09:51:05 w0 DOT-USD 2024-08: 40732 candles | 39.9% done (990 left)
2026-09-21 09:51:50 w0 ATOM-USD 2024-08: 32307 candles | 40.0% done (988 left)
2026-09-21 09:52:36 w0 BCH-USD 2024-08: 39648 candles | 40.1% done (987 left)
2026-09-21 09:53:21 w0 FIL-USD 2024-08: 28127 candles | 40.2% done (985 left)
2026-09-21 09:54:07 w0 ETC-USD 2024-08: 18330 candles | 40.4% done (982 left)
2026-09-21 09:54:53 w0 AAVE-USD 2024-08: 38264 candles | 40.4% done (981 left)
2026-09-21 09:55:38 w0 CRV-USD 2024-08: 34546 candles | 40.6% done (979 left)
2026-09-21 09:56:22 w0 MANA-USD 2024-08: 12140 candles | 40.7% done (977 left)
2026-09-21 09:57:07 w0 ZEC-USD 2024-08: 26362 candles | 40.8% done (975 left)
2026-09-21 09:57:52 w0 COMP-USD 2024-08: 23633 candles | 40.9% done (973 left)
2026-09-21 09:58:37 w0 BTC-USD 2024-06: 43200 candles | 41.0% done (971 left)
2026-09-21 09:59:23 w0 SOL-USD 2024-07: 44640 candles | 41.2% done (969 left)
2026-09-21 10:00:09 w0 AVAX-USD 2024-07: 43585 candles | 41.3% done (967 left)
2026-09-21 10:00:56 w0 LTC-USD 2024-07: 44638 candles | 41.5% done (964 left)
2026-09-21 10:01:42 w0 DOGE-USD 2024-07: 44599 candles | 41.6% done (962 left)
2026-09-21 10:02:27 w0 UNI-USD 2024-07: 40114 candles | 41.7% done (960 left)
2026-09-21 10:03:12 w0 ALGO-USD 2024-07: 28990 candles | 41.8% done (959 left)
2026-09-21 10:03:58 w0 ICP-USD 2024-07: 41470 candles | 41.9% done (957 left)
2026-09-21 10:04:44 w0 XLM-USD 2024-07: 44533 candles | 42.1% done (954 left)
2026-09-21 10:05:30 w0 SHIB-USD 2024-07: 44556 candles | 42.2% done (952 left)
2026-09-21 10:06:16 w0 GRT-USD 2024-07: 36835 candles | 42.3% done (950 left)
2026-09-21 10:07:01 w0 XTZ-USD 2024-07: 23717 candles | 42.4% done (948 left)
2026-09-21 10:07:45 w0 DASH-USD 2024-07: 13236 candles | 42.6% done (946 left)
2026-09-21 10:08:29 w0 SNX-USD 2024-07: 20558 candles | 42.7% done (944 left)
2026-09-21 10:09:14 w0 ETH-USD 2024-06: 43200 candles | 42.8% done (942 left)
2026-09-21 10:09:59 w0 ADA-USD 2024-06: 40038 candles | 42.9% done (940 left)
2026-09-21 10:10:43 w0 LINK-USD 2024-06: 41831 candles | 43.0% done (938 left)
2026-09-21 10:11:28 w0 DOT-USD 2024-06: 40905 candles | 43.2% done (936 left)
2026-09-21 10:12:11 w0 ATOM-USD 2024-06: 32924 candles | 43.2% done (935 left)
2026-09-21 10:12:56 w0 BCH-USD 2024-06: 40369 candles | 43.4% done (933 left)
2026-09-21 10:13:40 w0 FIL-USD 2024-06: 31595 candles | 43.5% done (930 left)
2026-09-21 10:14:24 w0 ETC-USD 2024-06: 19791 candles | 43.6% done (929 left)
2026-09-21 10:15:07 w0 AAVE-USD 2024-06: 26238 candles | 43.7% done (927 left)
2026-09-21 10:15:50 w0 CRV-USD 2024-06: 29388 candles | 43.8% done (925 left)
2026-09-21 10:16:33 w0 MANA-USD 2024-06: 13639 candles | 44.0% done (923 left)
2026-09-21 10:17:16 w0 ZEC-USD 2024-06: 12181 candles | 44.1% done (921 left)
2026-09-21 10:17:59 w0 COMP-USD 2024-06: 13230 candles | 44.2% done (919 left)
2026-09-21 10:18:44 w0 BTC-USD 2024-04: 43200 candles | 44.3% done (917 left)
2026-09-21 10:19:30 w0 SOL-USD 2024-05: 44573 candles | 44.4% done (915 left)
2026-09-21 10:20:16 w0 AVAX-USD 2024-05: 42146 candles | 44.6% done (913 left)
2026-09-21 10:21:02 w0 LTC-USD 2024-05: 44529 candles | 44.7% done (911 left)
2026-09-21 10:21:52 w0 DOGE-USD 2024-05: 44547 candles | 44.9% done (908 left)
2026-09-21 10:22:38 w0 UNI-USD 2024-05: 32218 candles | 45.0% done (906 left)
2026-09-21 10:23:23 w0 ALGO-USD 2024-05: 22705 candles | 45.1% done (905 left)
2026-09-21 10:24:08 w0 ICP-USD 2024-05: 39422 candles | 45.2% done (903 left)
2026-09-21 10:24:54 w0 XLM-USD 2024-05: 43188 candles | 45.3% done (901 left)
2026-09-21 10:25:41 w0 SHIB-USD 2024-05: 44228 candles | 45.5% done (898 left)
2026-09-21 10:26:26 w0 GRT-USD 2024-05: 34559 candles | 45.6% done (896 left)
2026-09-21 10:27:11 w0 XTZ-USD 2024-05: 18107 candles | 45.7% done (894 left)
2026-09-21 10:27:55 w0 DASH-USD 2024-05: 9151 candles | 45.8% done (892 left)
2026-09-21 10:28:39 w0 SNX-USD 2024-05: 15022 candles | 45.9% done (891 left)
2026-09-21 10:29:24 w0 ETH-USD 2024-04: 43200 candles | 46.0% done (889 left)
2026-09-21 10:30:08 w0 ADA-USD 2024-04: 42704 candles | 46.1% done (887 left)
2026-09-21 10:30:53 w0 LINK-USD 2024-04: 42142 candles | 46.3% done (885 left)
2026-09-21 10:31:37 w0 DOT-USD 2024-04: 42204 candles | 46.4% done (883 left)
2026-09-21 10:32:22 w0 ATOM-USD 2024-04: 36462 candles | 46.5% done (881 left)
2026-09-21 10:33:07 w0 BCH-USD 2024-04: 42231 candles | 46.6% done (879 left)
2026-09-21 10:33:51 w0 FIL-USD 2024-04: 38405 candles | 46.8% done (877 left)
2026-09-21 10:34:36 w0 ETC-USD 2024-04: 29624 candles | 46.9% done (875 left)
2026-09-21 10:35:19 w0 AAVE-USD 2024-04: 30221 candles | 47.0% done (873 left)
2026-09-21 10:36:02 w0 CRV-USD 2024-04: 13947 candles | 47.1% done (871 left)
2026-09-21 10:36:45 w0 MANA-USD 2024-04: 23928 candles | 47.2% done (869 left)
2026-09-21 10:37:29 w0 ZEC-USD 2024-04: 14545 candles | 47.4% done (867 left)
2026-09-21 10:38:12 w0 COMP-USD 2024-04: 22209 candles | 47.5% done (865 left)
2026-09-21 10:38:59 w0 BTC-USD 2024-02: 41735 candles | 47.6% done (863 left)
2026-09-21 10:39:46 w0 SOL-USD 2024-03: 44640 candles | 47.7% done (861 left)
2026-09-21 10:40:32 w0 AVAX-USD 2024-03: 44523 candles | 47.8% done (859 left)
2026-09-21 10:41:18 w0 LTC-USD 2024-03: 44639 candles | 48.0% done (857 left)
2026-09-21 10:42:04 w0 DOGE-USD 2024-03: 44640 candles | 48.1% done (855 left)
2026-09-21 10:42:50 w0 UNI-USD 2024-03: 39296 candles | 48.2% done (853 left)
2026-09-21 10:43:36 w0 ALGO-USD 2024-03: 41144 candles | 48.3% done (851 left)
2026-09-21 10:44:23 w0 ICP-USD 2024-03: 43653 candles | 48.5% done (849 left)
2026-09-21 10:45:10 w0 XLM-USD 2024-03: 44534 candles | 48.6% done (847 left)
2026-09-21 10:45:56 w0 SHIB-USD 2024-03: 44640 candles | 48.7% done (845 left)
2026-09-21 10:46:43 w0 GRT-USD 2024-03: 44227 candles | 48.9% done (842 left)
2026-09-21 10:47:29 w0 XTZ-USD 2024-03: 33259 candles | 49.0% done (840 left)
2026-09-21 10:48:13 w0 DASH-USD 2024-03: 18333 candles | 49.1% done (838 left)
2026-09-21 10:48:59 w0 SNX-USD 2024-03: 28170 candles | 49.2% done (836 left)
2026-09-21 10:49:42 w0 ETH-USD 2024-02: 41735 candles | 49.3% done (835 left)
2026-09-21 10:50:25 w0 ADA-USD 2024-02: 40931 candles | 49.4% done (833 left)
2026-09-21 10:51:08 w0 LINK-USD 2024-02: 41113 candles | 49.5% done (831 left)
2026-09-21 10:51:52 w0 DOT-USD 2024-02: 39208 candles | 49.7% done (829 left)
2026-09-21 10:52:35 w0 ATOM-USD 2024-02: 35002 candles | 49.8% done (827 left)
2026-09-21 10:53:19 w0 BCH-USD 2024-02: 38087 candles | 49.9% done (825 left)
2026-09-21 10:54:01 w0 FIL-USD 2024-02: 35714 candles | 50.0% done (823 left)
2026-09-21 10:54:45 w0 ETC-USD 2024-02: 25397 candles | 50.2% done (821 left)
2026-09-21 10:55:27 w0 AAVE-USD 2024-02: 27528 candles | 50.3% done (819 left)
2026-09-21 10:56:09 w0 CRV-USD 2024-02: 15625 candles | 50.4% done (817 left)
2026-09-21 10:56:50 w0 MANA-USD 2024-02: 17563 candles | 50.5% done (815 left)
2026-09-21 10:57:32 w0 ZEC-USD 2024-02: 17151 candles | 50.6% done (813 left)
2026-09-21 10:58:14 w0 COMP-USD 2024-02: 19136 candles | 50.8% done (811 left)
2026-09-21 10:59:01 w0 BTC-USD 2023-12: 44640 candles | 50.9% done (809 left)
2026-09-21 10:59:47 w0 SOL-USD 2024-01: 44639 candles | 51.0% done (807 left)
2026-09-21 11:00:34 w0 AVAX-USD 2024-01: 43603 candles | 51.1% done (805 left)
2026-09-21 11:01:20 w0 LTC-USD 2024-01: 44504 candles | 51.2% done (803 left)
2026-09-21 11:02:07 w0 DOGE-USD 2024-01: 43186 candles | 51.4% done (800 left)
2026-09-21 11:02:53 w0 UNI-USD 2024-01: 30477 candles | 51.5% done (798 left)
2026-09-21 11:03:38 w0 ALGO-USD 2024-01: 30676 candles | 51.6% done (797 left)
2026-09-21 11:04:24 w0 ICP-USD 2024-01: 43207 candles | 51.7% done (795 left)
2026-09-21 11:05:11 w0 XLM-USD 2024-01: 43302 candles | 51.9% done (792 left)
2026-09-21 11:05:59 w0 SHIB-USD 2024-01: 40217 candles | 52.0% done (790 left)
2026-09-21 11:06:44 w0 GRT-USD 2024-01: 34370 candles | 52.2% done (788 left)
2026-09-21 11:07:29 w0 XTZ-USD 2024-01: 19215 candles | 52.3% done (786 left)
2026-09-21 11:08:14 w0 DASH-USD 2024-01: 11232 candles | 52.4% done (784 left)
2026-09-21 11:08:59 w0 SNX-USD 2024-01: 21553 candles | 52.5% done (782 left)
2026-09-21 11:09:45 w0 ETH-USD 2023-12: 44640 candles | 52.6% done (780 left)
2026-09-21 11:10:32 w0 ADA-USD 2023-12: 44584 candles | 52.8% done (778 left)
2026-09-21 11:11:19 w0 LINK-USD 2023-12: 44495 candles | 52.9% done (776 left)
2026-09-21 11:12:05 w0 DOT-USD 2023-12: 43872 candles | 53.0% done (774 left)
2026-09-21 11:12:52 w0 ATOM-USD 2023-12: 42511 candles | 53.1% done (772 left)
2026-09-21 11:13:38 w0 BCH-USD 2023-12: 40730 candles | 53.2% done (770 left)
2026-09-21 11:14:24 w0 FIL-USD 2023-12: 41099 candles | 53.4% done (768 left)
2026-09-21 11:15:09 w0 ETC-USD 2023-12: 27326 candles | 53.5% done (766 left)
2026-09-21 11:15:56 w0 AAVE-USD 2023-12: 39144 candles | 53.6% done (764 left)
2026-09-21 11:16:40 w0 CRV-USD 2023-12: 17649 candles | 53.7% done (762 left)
2026-09-21 11:17:25 w0 MANA-USD 2023-12: 25338 candles | 53.9% done (760 left)
2026-09-21 11:18:10 w0 ZEC-USD 2023-12: 16199 candles | 54.0% done (758 left)
2026-09-21 11:18:55 w0 COMP-USD 2023-12: 23203 candles | 54.1% done (756 left)
2026-09-21 11:19:42 w0 BTC-USD 2023-10: 44630 candles | 54.2% done (754 left)
2026-09-21 11:20:27 w0 SOL-USD 2023-11: 43195 candles | 54.3% done (752 left)
2026-09-21 11:21:12 w0 AVAX-USD 2023-11: 40479 candles | 54.5% done (750 left)
2026-09-21 11:21:57 w0 LTC-USD 2023-11: 43124 candles | 54.6% done (748 left)
2026-09-21 11:22:42 w0 DOGE-USD 2023-11: 43026 candles | 54.7% done (746 left)
2026-09-21 11:23:26 w0 UNI-USD 2023-11: 31274 candles | 54.8% done (744 left)
2026-09-21 11:24:10 w0 ALGO-USD 2023-11: 28507 candles | 54.9% done (742 left)
2026-09-21 11:24:54 w0 ICP-USD 2023-11: 30290 candles | 55.1% done (740 left)
2026-09-21 11:25:39 w0 XLM-USD 2023-11: 42193 candles | 55.2% done (738 left)
2026-09-21 11:26:24 w0 SHIB-USD 2023-11: 39817 candles | 55.3% done (736 left)
2026-09-21 11:27:09 w0 GRT-USD 2023-11: 36222 candles | 55.4% done (734 left)
2026-09-21 11:27:51 w0 XTZ-USD 2023-11: 14853 candles | 55.6% done (732 left)
2026-09-21 11:28:35 w0 DASH-USD 2023-11: 10278 candles | 55.7% done (730 left)
2026-09-21 11:29:18 w0 SNX-USD 2023-11: 18748 candles | 55.8% done (728 left)
2026-09-21 11:30:05 w0 ETH-USD 2023-10: 44630 candles | 55.9% done (726 left)
2026-09-21 11:30:51 w0 ADA-USD 2023-10: 39402 candles | 56.0% done (724 left)
2026-09-21 11:31:37 w0 LINK-USD 2023-10: 41149 candles | 56.2% done (722 left)
2026-09-21 11:32:23 w0 DOT-USD 2023-10: 35699 candles | 56.3% done (720 left)
2026-09-21 11:33:09 w0 ATOM-USD 2023-10: 32755 candles | 56.4% done (718 left)
2026-09-21 11:33:55 w0 BCH-USD 2023-10: 38134 candles | 56.5% done (716 left)
2026-09-21 11:34:40 w0 FIL-USD 2023-10: 24558 candles | 56.6% done (714 left)
2026-09-21 11:35:25 w0 ETC-USD 2023-10: 13081 candles | 56.8% done (712 left)
2026-09-21 11:36:11 w0 AAVE-USD 2023-10: 30005 candles | 56.9% done (710 left)
2026-09-21 11:36:55 w0 CRV-USD 2023-10: 7904 candles | 57.0% done (708 left)
2026-09-21 11:37:40 w0 MANA-USD 2023-10: 11950 candles | 57.1% done (706 left)
2026-09-21 11:38:24 w0 ZEC-USD 2023-10: 9493 candles | 57.3% done (704 left)
2026-09-21 11:39:09 w0 COMP-USD 2023-10: 19557 candles | 57.4% done (702 left)
2026-09-21 11:39:55 w0 BTC-USD 2023-08: 44640 candles | 57.5% done (700 left)
2026-09-21 11:40:40 w0 SOL-USD 2023-09: 41846 candles | 57.6% done (698 left)
2026-09-21 11:41:23 w0 AVAX-USD 2023-09: 20471 candles | 57.7% done (696 left)
2026-09-21 11:42:09 w0 LTC-USD 2023-09: 42995 candles | 57.9% done (694 left)
2026-09-21 11:42:54 w0 DOGE-USD 2023-09: 40582 candles | 58.0% done (692 left)
2026-09-21 11:43:38 w0 UNI-USD 2023-09: 20993 candles | 58.1% done (690 left)
2026-09-21 11:44:22 w0 ALGO-USD 2023-09: 27368 candles | 58.2% done (688 left)
2026-09-21 11:45:05 w0 ICP-USD 2023-09: 18057 candles | 58.3% done (686 left)
2026-09-21 11:45:50 w0 XLM-USD 2023-09: 41670 candles | 58.5% done (684 left)
2026-09-21 11:46:35 w0 SHIB-USD 2023-09: 37171 candles | 58.6% done (682 left)
2026-09-21 11:47:18 w0 GRT-USD 2023-09: 17311 candles | 58.7% done (680 left)
2026-09-21 11:48:01 w0 XTZ-USD 2023-09: 12992 candles | 58.8% done (678 left)
2026-09-21 11:48:44 w0 DASH-USD 2023-09: 6305 candles | 59.0% done (676 left)
2026-09-21 11:49:27 w0 SNX-USD 2023-09: 11767 candles | 59.1% done (674 left)
2026-09-21 11:50:14 w0 ETH-USD 2023-08: 44640 candles | 59.2% done (672 left)
2026-09-21 11:51:01 w0 ADA-USD 2023-08: 43954 candles | 59.3% done (670 left)
2026-09-21 11:51:47 w0 LINK-USD 2023-08: 39539 candles | 59.4% done (668 left)
2026-09-21 11:52:34 w0 DOT-USD 2023-08: 36935 candles | 59.6% done (666 left)
2026-09-21 11:53:20 w0 ATOM-USD 2023-08: 38384 candles | 59.7% done (664 left)
2026-09-21 11:54:06 w0 BCH-USD 2023-08: 39046 candles | 59.8% done (662 left)
2026-09-21 11:54:52 w0 FIL-USD 2023-08: 25008 candles | 59.9% done (660 left)
2026-09-21 11:55:37 w0 ETC-USD 2023-08: 16675 candles | 60.0% done (658 left)
2026-09-21 11:56:22 w0 AAVE-USD 2023-08: 20033 candles | 60.1% done (657 left)
2026-09-21 11:57:07 w0 CRV-USD 2023-08: 22444 candles | 60.2% done (655 left)
2026-09-21 11:57:53 w0 MANA-USD 2023-08: 20451 candles | 60.4% done (653 left)
2026-09-21 11:58:39 w0 ZEC-USD 2023-08: 14020 candles | 60.5% done (651 left)
2026-09-21 11:59:24 w0 COMP-USD 2023-08: 21896 candles | 60.6% done (649 left)
2026-09-21 12:00:08 w0 BTC-USD 2023-06: 43200 candles | 60.7% done (647 left)
2026-09-21 12:00:55 w0 SOL-USD 2023-07: 44596 candles | 60.8% done (645 left)
2026-09-21 12:01:45 w0 AVAX-USD 2023-07: 35611 candles | 61.0% done (642 left)
2026-09-21 12:02:32 w0 LTC-USD 2023-07: 44633 candles | 61.1% done (640 left)
2026-09-21 12:03:19 w0 DOGE-USD 2023-07: 44360 candles | 61.3% done (638 left)
2026-09-21 12:04:05 w0 UNI-USD 2023-07: 31177 candles | 61.4% done (636 left)
2026-09-21 12:04:52 w0 ALGO-USD 2023-07: 40598 candles | 61.5% done (634 left)
2026-09-21 12:05:38 w0 ICP-USD 2023-07: 24372 candles | 61.6% done (633 left)
2026-09-21 12:06:25 w0 XLM-USD 2023-07: 44409 candles | 61.7% done (630 left)
2026-09-21 12:07:13 w0 SHIB-USD 2023-07: 44345 candles | 61.9% done (628 left)
2026-09-21 12:07:59 w0 GRT-USD 2023-07: 35198 candles | 62.0% done (626 left)
2026-09-21 12:08:45 w0 XTZ-USD 2023-07: 23705 candles | 62.1% done (624 left)
2026-09-21 12:09:30 w0 DASH-USD 2023-07: 8504 candles | 62.2% done (622 left)
2026-09-21 12:10:22 w0 SNX-USD 2023-07: 22478 candles | 62.4% done (620 left)
2026-09-21 12:11:07 w0 ETH-USD 2023-06: 43200 candles | 62.5% done (618 left)
2026-09-21 12:11:53 w0 ADA-USD 2023-06: 42962 candles | 62.6% done (616 left)
2026-09-21 12:12:39 w0 LINK-USD 2023-06: 40256 candles | 62.7% done (614 left)
2026-09-21 12:13:25 w0 DOT-USD 2023-06: 38456 candles | 62.8% done (612 left)
2026-09-21 12:14:10 w0 ATOM-USD 2023-06: 41396 candles | 63.0% done (610 left)
2026-09-21 12:14:56 w0 BCH-USD 2023-06: 38160 candles | 63.1% done (608 left)
2026-09-21 12:15:40 w0 FIL-USD 2023-06: 27006 candles | 63.2% done (606 left)
2026-09-21 12:16:24 w0 ETC-USD 2023-06: 21310 candles | 63.3% done (604 left)
2026-09-21 12:17:09 w0 AAVE-USD 2023-06: 23204 candles | 63.4% done (602 left)
2026-09-21 12:17:53 w0 CRV-USD 2023-06: 22470 candles | 63.6% done (600 left)
2026-09-21 12:18:38 w0 MANA-USD 2023-06: 28551 candles | 63.7% done (598 left)
2026-09-21 12:19:22 w0 ZEC-USD 2023-06: 19591 candles | 63.8% done (596 left)
2026-09-21 12:20:06 w0 COMP-USD 2023-06: 21617 candles | 63.9% done (594 left)
2026-09-21 12:20:52 w0 BTC-USD 2023-04: 43200 candles | 64.1% done (592 left)
2026-09-21 12:21:39 w0 SOL-USD 2023-05: 44392 candles | 64.2% done (590 left)
2026-09-21 12:22:26 w0 AVAX-USD 2023-05: 35577 candles | 64.3% done (588 left)
2026-09-21 12:23:14 w0 LTC-USD 2023-05: 44588 candles | 64.4% done (586 left)
2026-09-21 12:24:00 w0 DOGE-USD 2023-05: 44098 candles | 64.5% done (584 left)
2026-09-21 12:24:46 w0 UNI-USD 2023-05: 24364 candles | 64.7% done (582 left)
2026-09-21 12:25:33 w0 ALGO-USD 2023-05: 40910 candles | 64.8% done (580 left)
2026-09-21 12:26:19 w0 ICP-USD 2023-05: 31807 candles | 64.9% done (578 left)
2026-09-21 12:27:06 w0 XLM-USD 2023-05: 43436 candles | 65.0% done (576 left)
2026-09-21 12:27:54 w0 SHIB-USD 2023-05: 44315 candles | 65.1% done (574 left)
2026-09-21 12:28:40 w0 GRT-USD 2023-05: 35611 candles | 65.3% done (572 left)
2026-09-21 12:29:26 w0 XTZ-USD 2023-05: 25661 candles | 65.4% done (570 left)
2026-09-21 12:30:12 w0 DASH-USD 2023-05: 7083 candles | 65.5% done (568 left)
2026-09-21 12:30:57 w0 SNX-USD 2023-05: 13478 candles | 65.6% done (566 left)
2026-09-21 12:31:43 w0 ETH-USD 2023-04: 43200 candles | 65.8% done (564 left)
2026-09-21 12:32:29 w0 ADA-USD 2023-04: 43117 candles | 65.9% done (562 left)
2026-09-21 12:33:18 w0 LINK-USD 2023-04: 39720 candles | 66.0% done (560 left)
2026-09-21 12:34:04 w0 DOT-USD 2023-04: 35904 candles | 66.1% done (558 left)
2026-09-21 12:34:50 w0 ATOM-USD 2023-04: 41894 candles | 66.2% done (556 left)
2026-09-21 12:35:35 w0 BCH-USD 2023-04: 34681 candles | 66.4% done (554 left)
2026-09-21 12:36:21 w0 FIL-USD 2023-04: 30518 candles | 66.5% done (552 left)
2026-09-21 12:37:05 w0 ETC-USD 2023-04: 21050 candles | 66.6% done (550 left)
2026-09-21 12:37:50 w0 AAVE-USD 2023-04: 30758 candles | 66.7% done (548 left)
2026-09-21 12:38:36 w0 CRV-USD 2023-04: 28385 candles | 66.8% done (546 left)
2026-09-21 12:39:21 w0 MANA-USD 2023-04: 33560 candles | 67.0% done (544 left)
2026-09-21 12:40:06 w0 ZEC-USD 2023-04: 18170 candles | 67.1% done (542 left)
2026-09-21 12:40:51 w0 COMP-USD 2023-04: 22070 candles | 67.2% done (540 left)
2026-09-21 12:41:34 w0 BTC-USD 2023-02: 40320 candles | 67.3% done (538 left)
2026-09-21 12:42:21 w0 SOL-USD 2023-03: 44203 candles | 67.5% done (536 left)
2026-09-21 12:43:12 w0 AVAX-USD 2023-03: 39079 candles | 67.6% done (534 left)
2026-09-21 12:43:59 w0 LTC-USD 2023-03: 44264 candles | 67.7% done (532 left)
2026-09-21 12:44:46 w0 DOGE-USD 2023-03: 44096 candles | 67.8% done (530 left)
2026-09-21 12:45:33 w0 UNI-USD 2023-03: 31440 candles | 67.9% done (528 left)
2026-09-21 12:46:21 w0 ALGO-USD 2023-03: 43553 candles | 68.1% done (526 left)
2026-09-21 12:47:08 w0 ICP-USD 2023-03: 39152 candles | 68.2% done (524 left)
2026-09-21 12:47:56 w0 XLM-USD 2023-03: 44225 candles | 68.3% done (522 left)
2026-09-21 12:48:44 w0 SHIB-USD 2023-03: 44265 candles | 68.4% done (520 left)
2026-09-21 12:49:31 w0 GRT-USD 2023-03: 41098 candles | 68.5% done (518 left)
2026-09-21 12:50:18 w0 XTZ-USD 2023-03: 32527 candles | 68.7% done (516 left)
2026-09-21 12:51:04 w0 DASH-USD 2023-03: 17127 candles | 68.8% done (514 left)
2026-09-21 12:51:50 w0 SNX-USD 2023-03: 27956 candles | 68.9% done (512 left)
2026-09-21 12:52:34 w0 ETH-USD 2023-02: 40320 candles | 69.0% done (510 left)
2026-09-21 12:53:17 w0 ADA-USD 2023-02: 40297 candles | 69.2% done (508 left)
2026-09-21 12:54:00 w0 LINK-USD 2023-02: 38656 candles | 69.3% done (506 left)
2026-09-21 12:54:44 w0 DOT-USD 2023-02: 37925 candles | 69.4% done (504 left)
2026-09-21 12:55:27 w0 ATOM-USD 2023-02: 40130 candles | 69.5% done (502 left)
2026-09-21 12:56:10 w0 BCH-USD 2023-02: 36141 candles | 69.6% done (500 left)
2026-09-21 12:56:53 w0 FIL-USD 2023-02: 35472 candles | 69.8% done (498 left)
2026-09-21 12:57:37 w0 ETC-USD 2023-02: 24318 candles | 69.9% done (496 left)
2026-09-21 12:58:20 w0 AAVE-USD 2023-02: 36464 candles | 70.0% done (494 left)
2026-09-21 12:59:02 w0 CRV-USD 2023-02: 28948 candles | 70.1% done (492 left)
2026-09-21 12:59:45 w0 MANA-USD 2023-02: 36698 candles | 70.2% done (490 left)
2026-09-21 13:00:28 w0 ZEC-USD 2023-02: 25728 candles | 70.4% done (488 left)
2026-09-21 13:01:11 w0 COMP-USD 2023-02: 24015 candles | 70.5% done (486 left)
2026-09-21 13:02:01 w0 BTC-USD 2022-12: 44640 candles | 70.6% done (484 left)
2026-09-21 13:02:49 w0 SOL-USD 2023-01: 44628 candles | 70.7% done (482 left)
2026-09-21 13:03:36 w0 AVAX-USD 2023-01: 41201 candles | 70.9% done (480 left)
2026-09-21 13:04:25 w0 LTC-USD 2023-01: 44634 candles | 71.0% done (478 left)
2026-09-21 13:05:12 w0 DOGE-USD 2023-01: 44592 candles | 71.1% done (476 left)
2026-09-21 13:06:01 w0 UNI-USD 2023-01: 40447 candles | 71.2% done (474 left)
2026-09-21 13:06:48 w0 ALGO-USD 2023-01: 44456 candles | 71.3% done (472 left)
2026-09-21 13:07:36 w0 ICP-USD 2023-01: 36293 candles | 71.5% done (470 left)
2026-09-21 13:08:24 w0 XLM-USD 2023-01: 44563 candles | 71.6% done (468 left)
2026-09-21 13:09:12 w0 SHIB-USD 2023-01: 44614 candles | 71.7% done (466 left)
2026-09-21 13:09:59 w0 GRT-USD 2023-01: 40864 candles | 71.8% done (464 left)
2026-09-21 13:10:47 w0 XTZ-USD 2023-01: 36887 candles | 71.9% done (462 left)
2026-09-21 13:11:33 w0 DASH-USD 2023-01: 14739 candles | 72.1% done (460 left)
2026-09-21 13:12:19 w0 SNX-USD 2023-01: 17806 candles | 72.2% done (458 left)
2026-09-21 13:13:07 w0 ETH-USD 2022-12: 44640 candles | 72.3% done (456 left)
2026-09-21 13:13:55 w0 ADA-USD 2022-12: 44534 candles | 72.4% done (454 left)
2026-09-21 13:14:42 w0 LINK-USD 2022-12: 42080 candles | 72.6% done (452 left)
2026-09-21 13:15:29 w0 DOT-USD 2022-12: 38395 candles | 72.7% done (450 left)
2026-09-21 13:16:17 w0 ATOM-USD 2022-12: 43089 candles | 72.8% done (448 left)
2026-09-21 13:17:04 w0 BCH-USD 2022-12: 37730 candles | 72.9% done (446 left)
2026-09-21 13:17:51 w0 FIL-USD 2022-12: 30449 candles | 73.0% done (444 left)
2026-09-21 13:18:37 w0 ETC-USD 2022-12: 21553 candles | 73.2% done (442 left)
2026-09-21 13:19:24 w0 AAVE-USD 2022-12: 31479 candles | 73.3% done (440 left)
2026-09-21 13:20:11 w0 CRV-USD 2022-12: 26711 candles | 73.4% done (438 left)
2026-09-21 13:20:58 w0 MANA-USD 2022-12: 33287 candles | 73.5% done (436 left)
2026-09-21 13:21:44 w0 ZEC-USD 2022-12: 20254 candles | 73.6% done (434 left)
2026-09-21 13:22:30 w0 COMP-USD 2022-12: 19209 candles | 73.8% done (432 left)
2026-09-21 13:23:19 w0 BTC-USD 2022-10: 44640 candles | 73.9% done (430 left)
2026-09-21 13:24:05 w0 SOL-USD 2022-11: 43197 candles | 74.0% done (428 left)
2026-09-21 13:24:52 w0 AVAX-USD 2022-11: 39351 candles | 74.1% done (426 left)
2026-09-21 13:25:38 w0 LTC-USD 2022-11: 43199 candles | 74.3% done (424 left)
2026-09-21 13:26:26 w0 DOGE-USD 2022-11: 43198 candles | 74.4% done (422 left)
2026-09-21 13:27:12 w0 UNI-USD 2022-11: 40470 candles | 74.5% done (420 left)
2026-09-21 13:27:58 w0 ALGO-USD 2022-11: 43149 candles | 74.6% done (418 left)
2026-09-21 13:28:44 w0 ICP-USD 2022-11: 35390 candles | 74.7% done (416 left)
2026-09-21 13:29:30 w0 XLM-USD 2022-11: 43141 candles | 74.9% done (414 left)
2026-09-21 13:30:16 w0 SHIB-USD 2022-11: 43192 candles | 75.0% done (412 left)
2026-09-21 13:31:02 w0 GRT-USD 2022-11: 40535 candles | 75.1% done (410 left)
2026-09-21 13:31:48 w0 XTZ-USD 2022-11: 35949 candles | 75.2% done (408 left)
2026-09-21 13:32:32 w0 DASH-USD 2022-11: 16273 candles | 75.3% done (406 left)
2026-09-21 13:33:16 w0 SNX-USD 2022-11: 16792 candles | 75.5% done (404 left)
2026-09-21 13:34:04 w0 ETH-USD 2022-10: 44640 candles | 75.6% done (402 left)
2026-09-21 13:34:52 w0 ADA-USD 2022-10: 44630 candles | 75.7% done (400 left)
2026-09-21 13:35:40 w0 LINK-USD 2022-10: 43412 candles | 75.8% done (398 left)
2026-09-21 13:36:27 w0 DOT-USD 2022-10: 42016 candles | 76.0% done (396 left)
2026-09-21 13:37:15 w0 ATOM-USD 2022-10: 44289 candles | 76.1% done (394 left)
2026-09-21 13:38:02 w0 BCH-USD 2022-10: 40679 candles | 76.2% done (392 left)
2026-09-21 13:38:49 w0 FIL-USD 2022-10: 30387 candles | 76.3% done (390 left)
2026-09-21 13:39:37 w0 ETC-USD 2022-10: 29949 candles | 76.4% done (388 left)
2026-09-21 13:40:24 w0 AAVE-USD 2022-10: 36414 candles | 76.6% done (386 left)
2026-09-21 13:41:11 w0 CRV-USD 2022-10: 26631 candles | 76.7% done (384 left)
2026-09-21 13:41:58 w0 MANA-USD 2022-10: 40447 candles | 76.8% done (382 left)
2026-09-21 13:42:45 w0 ZEC-USD 2022-10: 19543 candles | 76.9% done (380 left)
2026-09-21 13:43:31 w0 COMP-USD 2022-10: 25518 candles | 77.0% done (378 left)
2026-09-21 13:44:19 w0 BTC-USD 2022-08: 44633 candles | 77.2% done (376 left)
2026-09-21 13:45:05 w0 SOL-USD 2022-09: 43199 candles | 77.3% done (374 left)
2026-09-21 13:45:51 w0 AVAX-USD 2022-09: 41160 candles | 77.4% done (372 left)
2026-09-21 13:46:37 w0 LTC-USD 2022-09: 43199 candles | 77.5% done (370 left)
2026-09-21 13:47:24 w0 DOGE-USD 2022-09: 43166 candles | 77.7% done (368 left)
2026-09-21 13:48:10 w0 UNI-USD 2022-09: 40493 candles | 77.8% done (366 left)
2026-09-21 13:48:56 w0 ALGO-USD 2022-09: 43169 candles | 77.9% done (364 left)
2026-09-21 13:49:42 w0 ICP-USD 2022-09: 27853 candles | 78.0% done (362 left)
2026-09-21 13:50:28 w0 XLM-USD 2022-09: 43196 candles | 78.1% done (360 left)
2026-09-21 13:51:15 w0 SHIB-USD 2022-09: 43198 candles | 78.3% done (358 left)
2026-09-21 13:52:01 w0 GRT-USD 2022-09: 42469 candles | 78.4% done (356 left)
2026-09-21 13:52:47 w0 XTZ-USD 2022-09: 37896 candles | 78.5% done (354 left)
2026-09-21 13:53:31 w0 DASH-USD 2022-09: 11905 candles | 78.6% done (352 left)
2026-09-21 13:54:16 w0 SNX-USD 2022-09: 27415 candles | 78.7% done (350 left)
2026-09-21 13:55:04 w0 ETH-USD 2022-08: 44633 candles | 78.9% done (348 left)
2026-09-21 13:55:53 w0 ADA-USD 2022-08: 44633 candles | 79.0% done (346 left)
2026-09-21 13:56:41 w0 LINK-USD 2022-08: 43958 candles | 79.1% done (344 left)
2026-09-21 13:57:29 w0 DOT-USD 2022-08: 43887 candles | 79.2% done (342 left)
2026-09-21 13:58:18 w0 ATOM-USD 2022-08: 44509 candles | 79.4% done (340 left)
2026-09-21 13:59:06 w0 BCH-USD 2022-08: 42323 candles | 79.5% done (338 left)
2026-09-21 13:59:53 w0 FIL-USD 2022-08: 39185 candles | 79.6% done (336 left)
2026-09-21 14:00:42 w0 ETC-USD 2022-08: 42004 candles | 79.7% done (334 left)
2026-09-21 14:01:31 w0 AAVE-USD 2022-08: 40002 candles | 79.8% done (332 left)
2026-09-21 14:02:19 w0 CRV-USD 2022-08: 33711 candles | 80.0% done (330 left)
2026-09-21 14:03:07 w0 MANA-USD 2022-08: 43056 candles | 80.1% done (328 left)
2026-09-21 14:03:54 w0 ZEC-USD 2022-08: 25428 candles | 80.1% done (327 left)
2026-09-21 14:04:41 w0 COMP-USD 2022-08: 30224 candles | 80.3% done (324 left)
2026-09-21 14:05:28 w0 BTC-USD 2022-06: 43200 candles | 80.4% done (322 left)
2026-09-21 14:06:16 w0 SOL-USD 2022-07: 44639 candles | 80.5% done (321 left)
2026-09-21 14:07:05 w0 AVAX-USD 2022-07: 44178 candles | 80.6% done (319 left)
2026-09-21 14:07:53 w0 LTC-USD 2022-07: 44637 candles | 80.8% done (317 left)
2026-09-21 14:08:41 w0 DOGE-USD 2022-07: 44611 candles | 80.9% done (315 left)
2026-09-21 14:09:28 w0 UNI-USD 2022-07: 41562 candles | 81.0% done (313 left)
2026-09-21 14:10:16 w0 ALGO-USD 2022-07: 44536 candles | 81.1% done (311 left)
2026-09-21 14:11:03 w0 ICP-USD 2022-07: 41084 candles | 81.2% done (309 left)
2026-09-21 14:11:51 w0 XLM-USD 2022-07: 44569 candles | 81.4% done (307 left)
2026-09-21 14:12:46 w0 SHIB-USD 2022-07: 44640 candles | 81.5% done (304 left)
2026-09-21 14:13:36 w0 GRT-USD 2022-07: 44149 candles | 81.7% done (302 left)
2026-09-21 14:14:24 w0 XTZ-USD 2022-07: 41434 candles | 81.8% done (300 left)
2026-09-21 14:15:10 w0 DASH-USD 2022-07: 18250 candles | 81.9% done (298 left)
2026-09-21 14:15:57 w0 SNX-USD 2022-07: 37482 candles | 82.0% done (296 left)
2026-09-21 14:16:44 w0 ETH-USD 2022-06: 43200 candles | 82.1% done (294 left)
2026-09-21 14:17:30 w0 ADA-USD 2022-06: 43199 candles | 82.3% done (292 left)
2026-09-21 14:18:16 w0 LINK-USD 2022-06: 43065 candles | 82.4% done (290 left)
2026-09-21 14:19:02 w0 DOT-USD 2022-06: 42724 candles | 82.5% done (288 left)
2026-09-21 14:19:49 w0 ATOM-USD 2022-06: 43140 candles | 82.6% done (286 left)
2026-09-21 14:20:35 w0 BCH-USD 2022-06: 41084 candles | 82.8% done (284 left)
2026-09-21 14:21:21 w0 FIL-USD 2022-06: 30801 candles | 82.9% done (282 left)
2026-09-21 14:22:06 w0 ETC-USD 2022-06: 32740 candles | 82.9% done (281 left)
2026-09-21 14:22:52 w0 AAVE-USD 2022-06: 38429 candles | 83.1% done (279 left)
2026-09-21 14:23:38 w0 CRV-USD 2022-06: 32886 candles | 83.2% done (277 left)
2026-09-21 14:24:24 w0 MANA-USD 2022-06: 42693 candles | 83.3% done (275 left)
2026-09-21 14:25:10 w0 ZEC-USD 2022-06: 27198 candles | 83.4% done (273 left)
2026-09-21 14:25:56 w0 COMP-USD 2022-06: 34863 candles | 83.5% done (271 left)
2026-09-21 14:26:43 w0 BTC-USD 2022-04: 43200 candles | 83.7% done (269 left)
2026-09-21 14:27:31 w0 SOL-USD 2022-05: 44608 candles | 83.8% done (267 left)
2026-09-21 14:28:40 w0 AVAX-USD 2022-05: 44593 candles | 84.0% done (264 left)
2026-09-21 14:29:29 w0 LTC-USD 2022-05: 44594 candles | 84.1% done (262 left)
2026-09-21 14:30:17 w0 DOGE-USD 2022-05: 44603 candles | 84.2% done (260 left)
2026-09-21 14:31:05 w0 UNI-USD 2022-05: 37577 candles | 84.3% done (258 left)
2026-09-21 14:31:54 w0 ALGO-USD 2022-05: 44605 candles | 84.5% done (256 left)
2026-09-21 14:32:42 w0 ICP-USD 2022-05: 40650 candles | 84.6% done (254 left)
2026-09-21 14:33:31 w0 XLM-USD 2022-05: 44591 candles | 84.7% done (252 left)
2026-09-21 14:34:20 w0 SHIB-USD 2022-05: 44615 candles | 84.8% done (250 left)
2026-09-21 14:35:09 w0 GRT-USD 2022-05: 44550 candles | 84.9% done (248 left)
2026-09-21 14:35:57 w0 XTZ-USD 2022-05: 42463 candles | 85.1% done (246 left)
2026-09-21 14:36:44 w0 DASH-USD 2022-05: 28108 candles | 85.2% done (244 left)
2026-09-21 14:37:32 w0 SNX-USD 2022-05: 37364 candles | 85.3% done (242 left)
2026-09-21 14:38:19 w0 ETH-USD 2022-04: 43200 candles | 85.4% done (240 left)
2026-09-21 14:39:06 w0 ADA-USD 2022-04: 43200 candles | 85.5% done (238 left)
2026-09-21 14:39:57 w0 LINK-USD 2022-04: 41734 candles | 85.7% done (236 left)
2026-09-21 14:40:44 w0 DOT-USD 2022-04: 42429 candles | 85.8% done (234 left)
2026-09-21 14:41:31 w0 ATOM-USD 2022-04: 43145 candles | 85.9% done (232 left)
2026-09-21 14:42:18 w0 BCH-USD 2022-04: 40707 candles | 86.0% done (230 left)
2026-09-21 14:43:04 w0 FIL-USD 2022-04: 34791 candles | 86.1% done (229 left)
2026-09-21 14:43:51 w0 ETC-USD 2022-04: 37300 candles | 86.2% done (227 left)
2026-09-21 14:44:37 w0 AAVE-USD 2022-04: 36865 candles | 86.3% done (225 left)
2026-09-21 14:45:23 w0 CRV-USD 2022-04: 31394 candles | 86.5% done (223 left)
2026-09-21 14:46:10 w0 MANA-USD 2022-04: 42882 candles | 86.6% done (221 left)
2026-09-21 14:46:56 w0 ZEC-USD 2022-04: 33362 candles | 86.7% done (219 left)
2026-09-21 14:47:42 w0 COMP-USD 2022-04: 34974 candles | 86.8% done (217 left)
2026-09-21 14:48:26 w0 BTC-USD 2022-02: 40320 candles | 86.9% done (215 left)
2026-09-21 14:49:14 w0 SOL-USD 2022-03: 44640 candles | 87.1% done (213 left)
2026-09-21 14:50:03 w0 AVAX-USD 2022-03: 44604 candles | 87.2% done (211 left)
2026-09-21 14:50:52 w0 LTC-USD 2022-03: 44624 candles | 87.3% done (209 left)
2026-09-21 14:51:40 w0 DOGE-USD 2022-03: 44548 candles | 87.4% done (207 left)
2026-09-21 14:52:28 w0 UNI-USD 2022-03: 36624 candles | 87.6% done (205 left)
2026-09-21 14:53:16 w0 ALGO-USD 2022-03: 44584 candles | 87.7% done (203 left)
2026-09-21 14:54:04 w0 ICP-USD 2022-03: 40238 candles | 87.8% done (201 left)
2026-09-21 14:54:56 w0 XLM-USD 2022-03: 44629 candles | 87.9% done (199 left)
2026-09-21 14:55:46 w0 SHIB-USD 2022-03: 44637 candles | 88.0% done (197 left)
2026-09-21 14:56:35 w0 GRT-USD 2022-03: 44196 candles | 88.2% done (195 left)
2026-09-21 14:57:23 w0 XTZ-USD 2022-03: 43260 candles | 88.3% done (193 left)
2026-09-21 14:58:11 w0 DASH-USD 2022-03: 31054 candles | 88.4% done (191 left)
2026-09-21 14:58:59 w0 SNX-USD 2022-03: 35573 candles | 88.5% done (189 left)
2026-09-21 14:59:44 w0 ETH-USD 2022-02: 40320 candles | 88.6% done (187 left)
2026-09-21 15:00:28 w0 ADA-USD 2022-02: 40320 candles | 88.8% done (185 left)
2026-09-21 15:01:14 w0 LINK-USD 2022-02: 40035 candles | 88.9% done (183 left)
2026-09-21 15:01:59 w0 DOT-USD 2022-02: 40099 candles | 89.0% done (181 left)
2026-09-21 15:02:43 w0 ATOM-USD 2022-02: 40305 candles | 89.1% done (179 left)
2026-09-21 15:03:26 w0 BCH-USD 2022-02: 38482 candles | 89.3% done (177 left)
2026-09-21 15:04:10 w0 FIL-USD 2022-02: 32790 candles | 89.4% done (175 left)
2026-09-21 15:04:53 w0 ETC-USD 2022-02: 35476 candles | 89.5% done (173 left)
2026-09-21 15:05:37 w0 AAVE-USD 2022-02: 33629 candles | 89.6% done (171 left)
2026-09-21 15:06:21 w0 CRV-USD 2022-02: 28658 candles | 89.7% done (169 left)
2026-09-21 15:07:05 w0 MANA-USD 2022-02: 40310 candles | 89.9% done (167 left)
2026-09-21 15:07:48 w0 ZEC-USD 2022-02: 34147 candles | 90.0% done (165 left)
2026-09-21 15:08:31 w0 COMP-USD 2022-02: 33929 candles | 90.1% done (163 left)
2026-09-21 15:09:19 w0 BTC-USD 2021-12: 44640 candles | 90.2% done (161 left)
2026-09-21 15:10:07 w0 SOL-USD 2022-01: 44640 candles | 90.3% done (159 left)
2026-09-21 15:10:56 w0 AVAX-USD 2022-01: 44636 candles | 90.5% done (157 left)
2026-09-21 15:11:46 w0 LTC-USD 2022-01: 44638 candles | 90.6% done (155 left)
2026-09-21 15:12:33 w0 DOGE-USD 2022-01: 44640 candles | 90.7% done (153 left)
2026-09-21 15:13:21 w0 UNI-USD 2022-01: 42003 candles | 90.8% done (151 left)
2026-09-21 15:14:08 w0 ALGO-USD 2022-01: 44638 candles | 91.0% done (149 left)
2026-09-21 15:14:56 w0 ICP-USD 2022-01: 44214 candles | 91.1% done (147 left)
2026-09-21 15:15:45 w0 XLM-USD 2022-01: 44640 candles | 91.2% done (145 left)
2026-09-21 15:16:37 w0 SHIB-USD 2022-01: 44640 candles | 91.3% done (143 left)
2026-09-21 15:17:25 w0 GRT-USD 2022-01: 44617 candles | 91.4% done (141 left)
2026-09-21 15:18:13 w0 XTZ-USD 2022-01: 44204 candles | 91.6% done (139 left)
2026-09-21 15:19:00 w0 DASH-USD 2022-01: 33358 candles | 91.7% done (137 left)
2026-09-21 15:19:47 w0 SNX-USD 2022-01: 27039 candles | 91.8% done (135 left)
2026-09-21 15:20:35 w0 ETH-USD 2021-12: 44640 candles | 91.9% done (133 left)
2026-09-21 15:21:24 w0 ADA-USD 2021-12: 44555 candles | 92.0% done (131 left)
2026-09-21 15:22:11 w0 LINK-USD 2021-12: 44552 candles | 92.2% done (129 left)
2026-09-21 15:23:00 w0 DOT-USD 2021-12: 44550 candles | 92.3% done (127 left)
2026-09-21 15:23:48 w0 ATOM-USD 2021-12: 44637 candles | 92.4% done (125 left)
2026-09-21 15:24:36 w0 BCH-USD 2021-12: 43671 candles | 92.5% done (123 left)
2026-09-21 15:25:23 w0 FIL-USD 2021-12: 41704 candles | 92.7% done (121 left)
2026-09-21 15:26:11 w0 ETC-USD 2021-12: 40196 candles | 92.8% done (119 left)
2026-09-21 15:26:58 w0 AAVE-USD 2021-12: 41921 candles | 92.9% done (117 left)
2026-09-21 15:27:46 w0 CRV-USD 2021-12: 40381 candles | 93.0% done (115 left)
2026-09-21 15:28:34 w0 MANA-USD 2021-12: 44640 candles | 93.1% done (113 left)
2026-09-21 15:29:21 w0 ZEC-USD 2021-12: 38422 candles | 93.3% done (111 left)
2026-09-21 15:30:09 w0 COMP-USD 2021-12: 42408 candles | 93.4% done (109 left)
2026-09-21 15:30:56 w0 BTC-USD 2021-10: 44640 candles | 93.5% done (107 left)
2026-09-21 15:31:42 w0 SOL-USD 2021-11: 43137 candles | 93.6% done (105 left)
2026-09-21 15:32:29 w0 AVAX-USD 2021-11: 43117 candles | 93.7% done (103 left)
2026-09-21 15:33:15 w0 LTC-USD 2021-11: 43143 candles | 93.9% done (101 left)
2026-09-21 15:34:01 w0 DOGE-USD 2021-11: 43139 candles | 94.0% done (99 left)
2026-09-21 15:34:47 w0 UNI-USD 2021-11: 42454 candles | 94.1% done (97 left)
2026-09-21 15:35:33 w0 ALGO-USD 2021-11: 43141 candles | 94.2% done (95 left)
2026-09-21 15:36:20 w0 ICP-USD 2021-11: 42882 candles | 94.4% done (93 left)
2026-09-21 15:37:06 w0 XLM-USD 2021-11: 43134 candles | 94.5% done (91 left)
2026-09-21 15:37:52 w0 SHIB-USD 2021-11: 43143 candles | 94.6% done (89 left)
2026-09-21 15:38:37 w0 GRT-USD 2021-11: 43129 candles | 94.7% done (87 left)
2026-09-21 15:39:23 w0 XTZ-USD 2021-11: 43057 candles | 94.8% done (85 left)
2026-09-21 15:40:09 w0 DASH-USD 2021-11: 34638 candles | 95.0% done (83 left)
2026-09-21 15:40:54 w0 SNX-USD 2021-11: 40647 candles | 95.1% done (81 left)
2026-09-21 15:41:42 w0 ETH-USD 2021-10: 44640 candles | 95.2% done (79 left)
2026-09-21 15:42:29 w0 ADA-USD 2021-10: 44640 candles | 95.3% done (77 left)
2026-09-21 15:43:17 w0 LINK-USD 2021-10: 44636 candles | 95.4% done (75 left)
2026-09-21 15:44:04 w0 DOT-USD 2021-10: 44633 candles | 95.6% done (73 left)
2026-09-21 15:44:52 w0 ATOM-USD 2021-10: 44639 candles | 95.7% done (71 left)
2026-09-21 15:45:39 w0 BCH-USD 2021-10: 44260 candles | 95.8% done (69 left)
2026-09-21 15:46:27 w0 FIL-USD 2021-10: 43400 candles | 95.9% done (67 left)
2026-09-21 15:47:14 w0 ETC-USD 2021-10: 43876 candles | 96.1% done (65 left)
2026-09-21 15:48:02 w0 AAVE-USD 2021-10: 39943 candles | 96.2% done (63 left)
2026-09-21 15:48:51 w0 CRV-USD 2021-10: 41715 candles | 96.3% done (61 left)
2026-09-21 15:49:39 w0 MANA-USD 2021-10: 39989 candles | 96.4% done (59 left)
2026-09-21 15:50:26 w0 ZEC-USD 2021-10: 32118 candles | 96.5% done (57 left)
2026-09-21 15:51:13 w0 COMP-USD 2021-10: 44634 candles | 96.7% done (55 left)
2026-09-21 15:52:00 w0 ETH-USD 2021-09: 43199 candles | 96.8% done (53 left)
2026-09-21 15:52:47 w0 ADA-USD 2021-09: 43199 candles | 96.9% done (51 left)
2026-09-21 15:53:34 w0 LINK-USD 2021-09: 43197 candles | 97.0% done (49 left)
2026-09-21 15:54:20 w0 DOT-USD 2021-09: 43195 candles | 97.1% done (47 left)
2026-09-21 15:55:07 w0 ATOM-USD 2021-09: 43199 candles | 97.3% done (45 left)
2026-09-21 15:55:53 w0 BCH-USD 2021-09: 42719 candles | 97.4% done (43 left)
2026-09-21 15:56:38 w0 FIL-USD 2021-09: 41735 candles | 97.5% done (41 left)
2026-09-21 15:57:25 w0 ETC-USD 2021-09: 42419 candles | 97.6% done (39 left)
2026-09-21 15:58:12 w0 AAVE-USD 2021-09: 41024 candles | 97.8% done (37 left)
2026-09-21 15:58:58 w0 CRV-USD 2021-09: 40192 candles | 97.9% done (35 left)
2026-09-21 15:59:43 w0 MANA-USD 2021-09: 38210 candles | 98.0% done (33 left)
2026-09-21 16:00:30 w0 ZEC-USD 2021-09: 27525 candles | 98.1% done (31 left)
2026-09-21 16:01:17 w0 COMP-USD 2021-09: 43073 candles | 98.3% done (28 left)
worker done
worker 0/2: 14 months to fetch
2026-09-21 16:15:33 w0 BTC-USD 2026-09: 29775 candles | 98.4% done (27 left)
2026-09-21 16:16:06 w0 SOL-USD 2026-09: 29775 candles | 98.4% done (27 left)
2026-09-21 16:16:38 w0 AVAX-USD 2026-09: 27671 candles | 98.4% done (27 left)
2026-09-21 16:17:11 w0 LTC-USD 2026-09: 29770 candles | 98.4% done (27 left)
2026-09-21 16:17:46 w0 DOGE-USD 2026-09: 28568 candles | 98.4% done (27 left)
2026-09-21 16:18:19 w0 UNI-USD 2026-09: 29633 candles | 98.4% done (27 left)
2026-09-21 16:18:51 w0 ALGO-USD 2026-09: 21733 candles | 98.4% done (27 left)
2026-09-21 16:19:23 w0 ICP-USD 2026-09: 21633 candles | 98.4% done (27 left)
2026-09-21 16:19:56 w0 XLM-USD 2026-09: 29508 candles | 98.4% done (27 left)
2026-09-21 16:20:27 w0 SHIB-USD 2026-09: 11945 candles | 98.4% done (27 left)
2026-09-21 16:20:59 w0 GRT-USD 2026-09: 12235 candles | 98.4% done (27 left)
2026-09-21 16:21:30 w0 XTZ-USD 2026-09: 12816 candles | 98.4% done (27 left)
2026-09-21 16:22:01 w0 DASH-USD 2026-09: 17601 candles | 98.4% done (27 left)
2026-09-21 16:22:32 w0 SNX-USD 2026-09: 3720 candles | 98.4% done (27 left)
worker done
worker 0/2: 14 months to fetch
2026-09-21 16:30:33 w0 BTC-USD 2026-09: 29790 candles | 98.4% done (27 left)
2026-09-21 16:31:05 w0 SOL-USD 2026-09: 29790 candles | 98.4% done (27 left)
2026-09-21 16:31:37 w0 AVAX-USD 2026-09: 27686 candles | 98.4% done (27 left)
2026-09-21 16:32:11 w0 LTC-USD 2026-09: 29785 candles | 98.4% done (27 left)
2026-09-21 16:32:47 w0 DOGE-USD 2026-09: 28583 candles | 98.4% done (27 left)
2026-09-21 16:33:20 w0 UNI-USD 2026-09: 29648 candles | 98.4% done (27 left)
2026-09-21 16:33:52 w0 ALGO-USD 2026-09: 21748 candles | 98.4% done (27 left)
2026-09-21 16:34:24 w0 ICP-USD 2026-09: 21645 candles | 98.4% done (27 left)
2026-09-21 16:34:56 w0 XLM-USD 2026-09: 29523 candles | 98.4% done (27 left)
2026-09-21 16:35:28 w0 SHIB-USD 2026-09: 11960 candles | 98.4% done (27 left)
2026-09-21 16:35:59 w0 GRT-USD 2026-09: 12243 candles | 98.4% done (27 left)
2026-09-21 16:36:30 w0 XTZ-USD 2026-09: 12821 candles | 98.4% done (27 left)
2026-09-21 16:37:01 w0 DASH-USD 2026-09: 17609 candles | 98.4% done (27 left)
2026-09-21 16:37:32 w0 SNX-USD 2026-09: 3723 candles | 98.4% done (27 left)
worker done
worker 0/2: 14 months to fetch
2026-09-21 16:45:33 w0 BTC-USD 2026-09: 29805 candles | 98.4% done (27 left)
2026-09-21 16:46:05 w0 SOL-USD 2026-09: 29805 candles | 98.4% done (27 left)
2026-09-21 16:46:37 w0 AVAX-USD 2026-09: 27701 candles | 98.4% done (27 left)
2026-09-21 16:47:13 w0 LTC-USD 2026-09: 29800 candles | 98.4% done (27 left)
2026-09-21 16:47:45 w0 DOGE-USD 2026-09: 28598 candles | 98.4% done (27 left)
2026-09-21 16:48:17 w0 UNI-USD 2026-09: 29663 candles | 98.4% done (27 left)
2026-09-21 16:48:49 w0 ALGO-USD 2026-09: 21762 candles | 98.4% done (27 left)
2026-09-21 16:49:21 w0 ICP-USD 2026-09: 21656 candles | 98.4% done (27 left)
2026-09-21 16:49:54 w0 XLM-USD 2026-09: 29538 candles | 98.4% done (27 left)
2026-09-21 16:50:25 w0 SHIB-USD 2026-09: 11973 candles | 98.4% done (27 left)
2026-09-21 16:50:56 w0 GRT-USD 2026-09: 12248 candles | 98.4% done (27 left)
2026-09-21 16:51:27 w0 XTZ-USD 2026-09: 12823 candles | 98.4% done (27 left)
2026-09-21 16:52:01 w0 DASH-USD 2026-09: 17620 candles | 98.4% done (27 left)
2026-09-21 16:52:32 w0 SNX-USD 2026-09: 3726 candles | 98.4% done (27 left)
worker done
worker 0/2: 14 months to fetch
2026-09-21 17:00:34 w0 BTC-USD 2026-09: 29820 candles | 98.4% done (27 left)
2026-09-21 17:01:06 w0 SOL-USD 2026-09: 29820 candles | 98.4% done (27 left)
2026-09-21 17:01:39 w0 AVAX-USD 2026-09: 27716 candles | 98.4% done (27 left)
2026-09-21 17:02:12 w0 LTC-USD 2026-09: 29815 candles | 98.4% done (27 left)
2026-09-21 17:02:44 w0 DOGE-USD 2026-09: 28613 candles | 98.4% done (27 left)
2026-09-21 17:03:17 w0 UNI-USD 2026-09: 29678 candles | 98.4% done (27 left)
2026-09-21 17:03:49 w0 ALGO-USD 2026-09: 21775 candles | 98.4% done (27 left)
2026-09-21 17:04:23 w0 ICP-USD 2026-09: 21671 candles | 98.4% done (27 left)
2026-09-21 17:04:56 w0 XLM-USD 2026-09: 29553 candles | 98.4% done (27 left)
2026-09-21 17:05:27 w0 SHIB-USD 2026-09: 11985 candles | 98.4% done (27 left)
2026-09-21 17:05:59 w0 GRT-USD 2026-09: 12255 candles | 98.4% done (27 left)
2026-09-21 17:06:30 w0 XTZ-USD 2026-09: 12830 candles | 98.4% done (27 left)
2026-09-21 17:07:02 w0 DASH-USD 2026-09: 17629 candles | 98.4% done (27 left)
2026-09-21 17:07:32 w0 SNX-USD 2026-09: 3727 candles | 98.4% done (27 left)
worker done
worker 0/2: 14 months to fetch
2026-09-21 17:15:34 w0 BTC-USD 2026-09: 29835 candles | 98.4% done (27 left)
2026-09-21 17:16:06 w0 SOL-USD 2026-09: 29835 candles | 98.4% done (27 left)
2026-09-21 17:16:38 w0 AVAX-USD 2026-09: 27731 candles | 98.4% done (27 left)
2026-09-21 17:17:11 w0 LTC-USD 2026-09: 29830 candles | 98.4% done (27 left)
2026-09-21 17:17:43 w0 DOGE-USD 2026-09: 28628 candles | 98.4% done (27 left)
2026-09-21 17:18:15 w0 UNI-USD 2026-09: 29693 candles | 98.4% done (27 left)
2026-09-21 17:18:48 w0 ALGO-USD 2026-09: 21789 candles | 98.4% done (27 left)
2026-09-21 17:19:20 w0 ICP-USD 2026-09: 21686 candles | 98.4% done (27 left)
2026-09-21 17:19:52 w0 XLM-USD 2026-09: 29568 candles | 98.4% done (27 left)
2026-09-21 17:20:23 w0 SHIB-USD 2026-09: 11996 candles | 98.4% done (27 left)
2026-09-21 17:20:54 w0 GRT-USD 2026-09: 12264 candles | 98.4% done (27 left)
2026-09-21 17:21:25 w0 XTZ-USD 2026-09: 12836 candles | 98.4% done (27 left)
2026-09-21 17:21:57 w0 DASH-USD 2026-09: 17637 candles | 98.4% done (27 left)
2026-09-21 17:22:32 w0 SNX-USD 2026-09: 3734 candles | 98.4% done (27 left)
worker done
worker 0/2: 14 months to fetch
2026-09-21 17:30:34 w0 BTC-USD 2026-09: 29850 candles | 98.4% done (27 left)
2026-09-21 17:31:07 w0 SOL-USD 2026-09: 29850 candles | 98.4% done (27 left)
2026-09-21 17:31:39 w0 AVAX-USD 2026-09: 27746 candles | 98.4% done (27 left)
2026-09-21 17:32:12 w0 LTC-USD 2026-09: 29845 candles | 98.4% done (27 left)
2026-09-21 17:32:44 w0 DOGE-USD 2026-09: 28643 candles | 98.4% done (27 left)
2026-09-21 17:33:16 w0 UNI-USD 2026-09: 29708 candles | 98.4% done (27 left)
2026-09-21 17:33:49 w0 ALGO-USD 2026-09: 21801 candles | 98.4% done (27 left)
2026-09-21 17:34:21 w0 ICP-USD 2026-09: 21698 candles | 98.4% done (27 left)
2026-09-21 17:34:54 w0 XLM-USD 2026-09: 29583 candles | 98.4% done (27 left)
2026-09-21 17:35:25 w0 SHIB-USD 2026-09: 12006 candles | 98.4% done (27 left)
2026-09-21 17:35:56 w0 GRT-USD 2026-09: 12273 candles | 98.4% done (27 left)
2026-09-21 17:36:28 w0 XTZ-USD 2026-09: 12843 candles | 98.4% done (27 left)
2026-09-21 17:37:00 w0 DASH-USD 2026-09: 17647 candles | 98.4% done (27 left)
2026-09-21 17:37:31 w0 SNX-USD 2026-09: 3738 candles | 98.4% done (27 left)
worker done
worker 0/2: 14 months to fetch
2026-09-21 17:45:33 w0 BTC-USD 2026-09: 29865 candles | 98.4% done (27 left)
2026-09-21 17:46:05 w0 SOL-USD 2026-09: 29865 candles | 98.4% done (27 left)
2026-09-21 17:46:37 w0 AVAX-USD 2026-09: 27761 candles | 98.4% done (27 left)
2026-09-21 17:47:10 w0 LTC-USD 2026-09: 29860 candles | 98.4% done (27 left)
2026-09-21 17:47:42 w0 DOGE-USD 2026-09: 28658 candles | 98.4% done (27 left)
2026-09-21 17:48:14 w0 UNI-USD 2026-09: 29723 candles | 98.4% done (27 left)
2026-09-21 17:48:46 w0 ALGO-USD 2026-09: 21815 candles | 98.4% done (27 left)
2026-09-21 17:49:18 w0 ICP-USD 2026-09: 21707 candles | 98.4% done (27 left)
2026-09-21 17:49:51 w0 XLM-USD 2026-09: 29598 candles | 98.4% done (27 left)
2026-09-21 17:50:22 w0 SHIB-USD 2026-09: 12017 candles | 98.4% done (27 left)
2026-09-21 17:50:55 w0 GRT-USD 2026-09: 12281 candles | 98.4% done (27 left)
2026-09-21 17:51:28 w0 XTZ-USD 2026-09: 12847 candles | 98.4% done (27 left)
2026-09-21 17:52:00 w0 DASH-USD 2026-09: 17657 candles | 98.4% done (27 left)
2026-09-21 17:52:31 w0 SNX-USD 2026-09: 3742 candles | 98.4% done (27 left)
worker done
worker 0/2: 14 months to fetch
2026-09-21 18:00:33 w0 BTC-USD 2026-09: 29880 candles | 98.4% done (27 left)
2026-09-21 18:01:07 w0 SOL-USD 2026-09: 29880 candles | 98.4% done (27 left)
2026-09-21 18:01:44 w0 AVAX-USD 2026-09: 27776 candles | 98.4% done (27 left)
2026-09-21 18:02:17 w0 LTC-USD 2026-09: 29875 candles | 98.4% done (27 left)
2026-09-21 18:02:49 w0 DOGE-USD 2026-09: 28673 candles | 98.4% done (27 left)
2026-09-21 18:03:22 w0 UNI-USD 2026-09: 29738 candles | 98.4% done (27 left)
2026-09-21 18:03:54 w0 ALGO-USD 2026-09: 21830 candles | 98.4% done (27 left)
2026-09-21 18:04:26 w0 ICP-USD 2026-09: 21720 candles | 98.4% done (27 left)
2026-09-21 18:04:59 w0 XLM-USD 2026-09: 29613 candles | 98.4% done (27 left)
2026-09-21 18:05:30 w0 SHIB-USD 2026-09: 12029 candles | 98.4% done (27 left)
2026-09-21 18:06:02 w0 GRT-USD 2026-09: 12291 candles | 98.4% done (27 left)
2026-09-21 18:06:33 w0 XTZ-USD 2026-09: 12855 candles | 98.4% done (27 left)
2026-09-21 18:07:05 w0 DASH-USD 2026-09: 17667 candles | 98.4% done (27 left)
2026-09-21 18:07:36 w0 SNX-USD 2026-09: 3744 candles | 98.4% done (27 left)
worker done
worker 0/2: 14 months to fetch
2026-09-21 18:15:34 w0 BTC-USD 2026-09: 29895 candles | 98.4% done (27 left)
2026-09-21 18:16:06 w0 SOL-USD 2026-09: 29895 candles | 98.4% done (27 left)
2026-09-21 18:16:38 w0 AVAX-USD 2026-09: 27791 candles | 98.4% done (27 left)
2026-09-21 18:17:11 w0 LTC-USD 2026-09: 29890 candles | 98.4% done (27 left)
2026-09-21 18:17:44 w0 DOGE-USD 2026-09: 28688 candles | 98.4% done (27 left)
2026-09-21 18:18:16 w0 UNI-USD 2026-09: 29753 candles | 98.4% done (27 left)
2026-09-21 18:18:48 w0 ALGO-USD 2026-09: 21843 candles | 98.4% done (27 left)
2026-09-21 18:19:20 w0 ICP-USD 2026-09: 21730 candles | 98.4% done (27 left)
2026-09-21 18:19:53 w0 XLM-USD 2026-09: 29628 candles | 98.4% done (27 left)
2026-09-21 18:20:24 w0 SHIB-USD 2026-09: 12039 candles | 98.4% done (27 left)
2026-09-21 18:20:56 w0 GRT-USD 2026-09: 12299 candles | 98.4% done (27 left)
2026-09-21 18:21:27 w0 XTZ-USD 2026-09: 12861 candles | 98.4% done (27 left)
2026-09-21 18:21:59 w0 DASH-USD 2026-09: 17676 candles | 98.4% done (27 left)
2026-09-21 18:22:30 w0 SNX-USD 2026-09: 3745 candles | 98.4% done (27 left)
worker done
worker 0/2: 14 months to fetch
2026-09-21 18:30:35 w0 BTC-USD 2026-09: 29910 candles | 98.4% done (27 left)
2026-09-21 18:31:08 w0 SOL-USD 2026-09: 29910 candles | 98.4% done (27 left)
2026-09-21 18:31:41 w0 AVAX-USD 2026-09: 27806 candles | 98.4% done (27 left)
2026-09-21 18:32:13 w0 LTC-USD 2026-09: 29905 candles | 98.4% done (27 left)
2026-09-21 18:32:46 w0 DOGE-USD 2026-09: 28703 candles | 98.4% done (27 left)
2026-09-21 18:33:18 w0 UNI-USD 2026-09: 29768 candles | 98.4% done (27 left)
2026-09-21 18:33:50 w0 ALGO-USD 2026-09: 21858 candles | 98.4% done (27 left)
2026-09-21 18:34:22 w0 ICP-USD 2026-09: 21742 candles | 98.4% done (27 left)
2026-09-21 18:34:55 w0 XLM-USD 2026-09: 29643 candles | 98.4% done (27 left)
2026-09-21 18:35:27 w0 SHIB-USD 2026-09: 12051 candles | 98.4% done (27 left)
2026-09-21 18:35:58 w0 GRT-USD 2026-09: 12309 candles | 98.4% done (27 left)
2026-09-21 18:36:29 w0 XTZ-USD 2026-09: 12868 candles | 98.4% done (27 left)
2026-09-21 18:37:01 w0 DASH-USD 2026-09: 17680 candles | 98.4% done (27 left)
2026-09-21 18:37:32 w0 SNX-USD 2026-09: 3746 candles | 98.4% done (27 left)
worker done
worker 0/2: 14 months to fetch
2026-09-21 18:45:34 w0 BTC-USD 2026-09: 29925 candles | 98.4% done (27 left)
2026-09-21 18:46:07 w0 SOL-USD 2026-09: 29925 candles | 98.4% done (27 left)
2026-09-21 18:46:39 w0 AVAX-USD 2026-09: 27821 candles | 98.4% done (27 left)
2026-09-21 18:47:11 w0 LTC-USD 2026-09: 29920 candles | 98.4% done (27 left)
2026-09-21 18:47:44 w0 DOGE-USD 2026-09: 28718 candles | 98.4% done (27 left)
2026-09-21 18:48:16 w0 UNI-USD 2026-09: 29783 candles | 98.4% done (27 left)
2026-09-21 18:48:48 w0 ALGO-USD 2026-09: 21873 candles | 98.4% done (27 left)
2026-09-21 18:49:20 w0 ICP-USD 2026-09: 21755 candles | 98.4% done (27 left)
2026-09-21 18:49:53 w0 XLM-USD 2026-09: 29658 candles | 98.4% done (27 left)
2026-09-21 18:50:25 w0 SHIB-USD 2026-09: 12064 candles | 98.4% done (27 left)
2026-09-21 18:50:56 w0 GRT-USD 2026-09: 12318 candles | 98.4% done (27 left)
2026-09-21 18:51:27 w0 XTZ-USD 2026-09: 12875 candles | 98.4% done (27 left)
2026-09-21 18:51:59 w0 DASH-USD 2026-09: 17686 candles | 98.4% done (27 left)
2026-09-21 18:52:30 w0 SNX-USD 2026-09: 3749 candles | 98.4% done (27 left)
worker done
worker 0/2: 14 months to fetch
2026-09-21 19:00:34 w0 BTC-USD 2026-09: 29940 candles | 98.4% done (27 left)
2026-09-21 19:01:07 w0 SOL-USD 2026-09: 29940 candles | 98.4% done (27 left)
2026-09-21 19:01:43 w0 AVAX-USD 2026-09: 27836 candles | 98.4% done (27 left)
2026-09-21 19:02:15 w0 LTC-USD 2026-09: 29935 candles | 98.4% done (27 left)
2026-09-21 19:02:48 w0 DOGE-USD 2026-09: 28733 candles | 98.4% done (27 left)
2026-09-21 19:03:21 w0 UNI-USD 2026-09: 29798 candles | 98.4% done (27 left)
2026-09-21 19:03:52 w0 ALGO-USD 2026-09: 21884 candles | 98.4% done (27 left)
2026-09-21 19:04:24 w0 ICP-USD 2026-09: 21767 candles | 98.4% done (27 left)
2026-09-21 19:04:59 w0 XLM-USD 2026-09: 29673 candles | 98.4% done (27 left)
2026-09-21 19:05:31 w0 SHIB-USD 2026-09: 12075 candles | 98.4% done (27 left)
2026-09-21 19:06:03 w0 GRT-USD 2026-09: 12326 candles | 98.4% done (27 left)
2026-09-21 19:06:34 w0 XTZ-USD 2026-09: 12881 candles | 98.4% done (27 left)
2026-09-21 19:07:06 w0 DASH-USD 2026-09: 17691 candles | 98.4% done (27 left)
2026-09-21 19:07:37 w0 SNX-USD 2026-09: 3754 candles | 98.4% done (27 left)
worker done
worker 0/2: 14 months to fetch
2026-09-21 19:15:33 w0 BTC-USD 2026-09: 29955 candles | 98.4% done (27 left)
2026-09-21 19:16:06 w0 SOL-USD 2026-09: 29955 candles | 98.4% done (27 left)
2026-09-21 19:16:38 w0 AVAX-USD 2026-09: 27851 candles | 98.4% done (27 left)
2026-09-21 19:17:11 w0 LTC-USD 2026-09: 29950 candles | 98.4% done (27 left)
2026-09-21 19:17:45 w0 DOGE-USD 2026-09: 28748 candles | 98.4% done (27 left)
2026-09-21 19:18:17 w0 UNI-USD 2026-09: 29813 candles | 98.4% done (27 left)
2026-09-21 19:18:49 w0 ALGO-USD 2026-09: 21896 candles | 98.4% done (27 left)
2026-09-21 19:19:21 w0 ICP-USD 2026-09: 21777 candles | 98.4% done (27 left)
2026-09-21 19:19:53 w0 XLM-USD 2026-09: 29688 candles | 98.4% done (27 left)
2026-09-21 19:20:25 w0 SHIB-USD 2026-09: 12081 candles | 98.4% done (27 left)
2026-09-21 19:20:56 w0 GRT-USD 2026-09: 12334 candles | 98.4% done (27 left)
2026-09-21 19:21:27 w0 XTZ-USD 2026-09: 12888 candles | 98.4% done (27 left)
2026-09-21 19:21:59 w0 DASH-USD 2026-09: 17699 candles | 98.4% done (27 left)
2026-09-21 19:22:30 w0 SNX-USD 2026-09: 3755 candles | 98.4% done (27 left)
worker done
worker 0/2: 14 months to fetch
2026-09-21 19:30:34 w0 BTC-USD 2026-09: 29970 candles | 98.4% done (27 left)
2026-09-21 19:31:06 w0 SOL-USD 2026-09: 29970 candles | 98.4% done (27 left)
2026-09-21 19:31:58 w0 AVAX-USD 2026-09: 27866 candles | 98.4% done (27 left)
2026-09-21 19:32:31 w0 LTC-USD 2026-09: 29965 candles | 98.4% done (27 left)
2026-09-21 19:33:05 w0 DOGE-USD 2026-09: 28763 candles | 98.4% done (27 left)
2026-09-21 19:33:37 w0 UNI-USD 2026-09: 29829 candles | 98.4% done (27 left)
2026-09-21 19:34:10 w0 ALGO-USD 2026-09: 21910 candles | 98.4% done (27 left)
2026-09-21 19:34:42 w0 ICP-USD 2026-09: 21789 candles | 98.4% done (27 left)
2026-09-21 19:35:14 w0 XLM-USD 2026-09: 29703 candles | 98.4% done (27 left)
2026-09-21 19:35:46 w0 SHIB-USD 2026-09: 12090 candles | 98.4% done (27 left)
2026-09-21 19:36:17 w0 GRT-USD 2026-09: 12342 candles | 98.4% done (27 left)
2026-09-21 19:36:48 w0 XTZ-USD 2026-09: 12896 candles | 98.4% done (27 left)
2026-09-21 19:37:21 w0 DASH-USD 2026-09: 17708 candles | 98.4% done (27 left)
2026-09-21 19:37:52 w0 SNX-USD 2026-09: 3757 candles | 98.4% done (27 left)
worker done
worker 0/2: 14 months to fetch
2026-09-21 19:45:34 w0 BTC-USD 2026-09: 29985 candles | 98.4% done (27 left)
2026-09-21 19:46:06 w0 SOL-USD 2026-09: 29985 candles | 98.4% done (27 left)
2026-09-21 19:46:38 w0 AVAX-USD 2026-09: 27881 candles | 98.4% done (27 left)
2026-09-21 19:47:11 w0 LTC-USD 2026-09: 29980 candles | 98.4% done (27 left)
2026-09-21 19:47:43 w0 DOGE-USD 2026-09: 28778 candles | 98.4% done (27 left)
2026-09-21 19:48:15 w0 UNI-USD 2026-09: 29843 candles | 98.4% done (27 left)
2026-09-21 19:48:47 w0 ALGO-USD 2026-09: 21923 candles | 98.4% done (27 left)
2026-09-21 19:49:19 w0 ICP-USD 2026-09: 21797 candles | 98.4% done (27 left)
2026-09-21 19:49:53 w0 XLM-USD 2026-09: 29718 candles | 98.4% done (27 left)
2026-09-21 19:50:24 w0 SHIB-USD 2026-09: 12096 candles | 98.4% done (27 left)
2026-09-21 19:50:55 w0 GRT-USD 2026-09: 12352 candles | 98.4% done (27 left)
2026-09-21 19:51:27 w0 XTZ-USD 2026-09: 12905 candles | 98.4% done (27 left)
2026-09-21 19:51:59 w0 DASH-USD 2026-09: 17716 candles | 98.4% done (27 left)
2026-09-21 19:52:30 w0 SNX-USD 2026-09: 3760 candles | 98.4% done (27 left)
worker done
worker 0/2: 14 months to fetch
2026-09-21 20:00:34 w0 BTC-USD 2026-09: 30000 candles | 98.4% done (27 left)
2026-09-21 20:01:07 w0 SOL-USD 2026-09: 30000 candles | 98.4% done (27 left)
2026-09-21 20:01:39 w0 AVAX-USD 2026-09: 27896 candles | 98.4% done (27 left)
2026-09-21 20:02:13 w0 LTC-USD 2026-09: 29995 candles | 98.4% done (27 left)
2026-09-21 20:02:46 w0 DOGE-USD 2026-09: 28793 candles | 98.4% done (27 left)
2026-09-21 20:03:18 w0 UNI-USD 2026-09: 29858 candles | 98.4% done (27 left)
2026-09-21 20:03:51 w0 ALGO-USD 2026-09: 21938 candles | 98.4% done (27 left)
2026-09-21 20:04:23 w0 ICP-USD 2026-09: 21808 candles | 98.4% done (27 left)
2026-09-21 20:04:57 w0 XLM-USD 2026-09: 29733 candles | 98.4% done (27 left)
2026-09-21 20:05:28 w0 SHIB-USD 2026-09: 12104 candles | 98.4% done (27 left)
2026-09-21 20:06:02 w0 GRT-USD 2026-09: 12358 candles | 98.4% done (27 left)
2026-09-21 20:06:34 w0 XTZ-USD 2026-09: 12918 candles | 98.4% done (27 left)
2026-09-21 20:07:06 w0 DASH-USD 2026-09: 17724 candles | 98.4% done (27 left)
2026-09-21 20:07:37 w0 SNX-USD 2026-09: 3762 candles | 98.4% done (27 left)
worker done
worker 0/2: 14 months to fetch
2026-09-21 20:15:33 w0 BTC-USD 2026-09: 30015 candles | 98.4% done (27 left)
2026-09-21 20:16:06 w0 SOL-USD 2026-09: 30015 candles | 98.4% done (27 left)
2026-09-21 20:16:39 w0 AVAX-USD 2026-09: 27911 candles | 98.4% done (27 left)
2026-09-21 20:17:12 w0 LTC-USD 2026-09: 30010 candles | 98.4% done (27 left)
2026-09-21 20:17:44 w0 DOGE-USD 2026-09: 28808 candles | 98.4% done (27 left)
2026-09-21 20:18:17 w0 UNI-USD 2026-09: 29873 candles | 98.4% done (27 left)
2026-09-21 20:18:49 w0 ALGO-USD 2026-09: 21950 candles | 98.4% done (27 left)
2026-09-21 20:19:21 w0 ICP-USD 2026-09: 21820 candles | 98.4% done (27 left)
2026-09-21 20:19:55 w0 XLM-USD 2026-09: 29748 candles | 98.4% done (27 left)
2026-09-21 20:20:26 w0 SHIB-USD 2026-09: 12112 candles | 98.4% done (27 left)
2026-09-21 20:20:58 w0 GRT-USD 2026-09: 12364 candles | 98.4% done (27 left)
2026-09-21 20:21:30 w0 XTZ-USD 2026-09: 12926 candles | 98.4% done (27 left)
2026-09-21 20:22:02 w0 DASH-USD 2026-09: 17731 candles | 98.4% done (27 left)
2026-09-21 20:22:34 w0 SNX-USD 2026-09: 3763 candles | 98.4% done (27 left)
worker done
worker 0/2: 14 months to fetch
2026-09-21 20:30:34 w0 BTC-USD 2026-09: 30030 candles | 98.4% done (27 left)
2026-09-21 20:31:08 w0 SOL-USD 2026-09: 30030 candles | 98.4% done (27 left)
2026-09-21 20:31:42 w0 AVAX-USD 2026-09: 27926 candles | 98.4% done (27 left)
2026-09-21 20:32:15 w0 LTC-USD 2026-09: 30025 candles | 98.4% done (27 left)
2026-09-21 20:32:47 w0 DOGE-USD 2026-09: 28823 candles | 98.4% done (27 left)
2026-09-21 20:33:20 w0 UNI-USD 2026-09: 29888 candles | 98.4% done (27 left)
2026-09-21 20:33:53 w0 ALGO-USD 2026-09: 21963 candles | 98.4% done (27 left)
2026-09-21 20:34:25 w0 ICP-USD 2026-09: 21832 candles | 98.4% done (27 left)
2026-09-21 20:34:58 w0 XLM-USD 2026-09: 29763 candles | 98.4% done (27 left)
2026-09-21 20:35:30 w0 SHIB-USD 2026-09: 12125 candles | 98.4% done (27 left)
2026-09-21 20:36:01 w0 GRT-USD 2026-09: 12372 candles | 98.4% done (27 left)
2026-09-21 20:36:33 w0 XTZ-USD 2026-09: 12938 candles | 98.4% done (27 left)
2026-09-21 20:37:05 w0 DASH-USD 2026-09: 17739 candles | 98.4% done (27 left)
2026-09-21 20:37:36 w0 SNX-USD 2026-09: 3769 candles | 98.4% done (27 left)
worker done
worker 0/2: 14 months to fetch
2026-09-21 20:45:34 w0 BTC-USD 2026-09: 30045 candles | 98.4% done (27 left)
2026-09-21 20:46:07 w0 SOL-USD 2026-09: 30045 candles | 98.4% done (27 left)
2026-09-21 20:46:39 w0 AVAX-USD 2026-09: 27941 candles | 98.4% done (27 left)
2026-09-21 20:47:12 w0 LTC-USD 2026-09: 30040 candles | 98.4% done (27 left)
2026-09-21 20:47:44 w0 DOGE-USD 2026-09: 28838 candles | 98.4% done (27 left)
2026-09-21 20:48:17 w0 UNI-USD 2026-09: 29903 candles | 98.4% done (27 left)
2026-09-21 20:48:49 w0 ALGO-USD 2026-09: 21978 candles | 98.4% done (27 left)
2026-09-21 20:49:21 w0 ICP-USD 2026-09: 21847 candles | 98.4% done (27 left)
2026-09-21 20:49:54 w0 XLM-USD 2026-09: 29778 candles | 98.4% done (27 left)
2026-09-21 20:50:25 w0 SHIB-USD 2026-09: 12137 candles | 98.4% done (27 left)
2026-09-21 20:50:57 w0 GRT-USD 2026-09: 12382 candles | 98.4% done (27 left)
2026-09-21 20:51:29 w0 XTZ-USD 2026-09: 12944 candles | 98.4% done (27 left)
2026-09-21 20:52:01 w0 DASH-USD 2026-09: 17748 candles | 98.4% done (27 left)
2026-09-21 20:52:32 w0 SNX-USD 2026-09: 3771 candles | 98.4% done (27 left)
worker done
worker 0/2: 14 months to fetch
2026-09-21 21:00:33 w0 BTC-USD 2026-09: 30060 candles | 98.4% done (27 left)
2026-09-21 21:01:09 w0 SOL-USD 2026-09: 30060 candles | 98.4% done (27 left)
2026-09-21 21:01:42 w0 AVAX-USD 2026-09: 27956 candles | 98.4% done (27 left)
2026-09-21 21:02:15 w0 LTC-USD 2026-09: 30055 candles | 98.4% done (27 left)
2026-09-21 21:02:47 w0 DOGE-USD 2026-09: 28853 candles | 98.4% done (27 left)
2026-09-21 21:03:22 w0 UNI-USD 2026-09: 29918 candles | 98.4% done (27 left)
2026-09-21 21:03:55 w0 ALGO-USD 2026-09: 21991 candles | 98.4% done (27 left)
2026-09-21 21:04:26 w0 ICP-USD 2026-09: 21858 candles | 98.4% done (27 left)
2026-09-21 21:04:59 w0 XLM-USD 2026-09: 29793 candles | 98.4% done (27 left)
2026-09-21 21:05:31 w0 SHIB-USD 2026-09: 12146 candles | 98.4% done (27 left)
2026-09-21 21:06:02 w0 GRT-USD 2026-09: 12390 candles | 98.4% done (27 left)
2026-09-21 21:06:34 w0 XTZ-USD 2026-09: 12952 candles | 98.4% done (27 left)
2026-09-21 21:07:06 w0 DASH-USD 2026-09: 17757 candles | 98.4% done (27 left)
2026-09-21 21:07:37 w0 SNX-USD 2026-09: 3777 candles | 98.4% done (27 left)
worker done
worker 0/2: 14 months to fetch
2026-09-21 21:15:34 w0 BTC-USD 2026-09: 30075 candles | 98.4% done (27 left)
2026-09-21 21:16:02 w0 SOL-USD 2026-09: 30075 candles | 98.4% done (27 left)
2026-09-21 21:16:34 w0 AVAX-USD 2026-09: 27971 candles | 98.4% done (27 left)
2026-09-21 21:17:07 w0 LTC-USD 2026-09: 30070 candles | 98.4% done (27 left)
2026-09-21 21:17:39 w0 DOGE-USD 2026-09: 28868 candles | 98.4% done (27 left)
2026-09-21 21:18:12 w0 UNI-USD 2026-09: 29933 candles | 98.4% done (27 left)
2026-09-21 21:18:44 w0 ALGO-USD 2026-09: 22004 candles | 98.4% done (27 left)
2026-09-21 21:19:17 w0 ICP-USD 2026-09: 21869 candles | 98.4% done (27 left)
2026-09-21 21:19:51 w0 XLM-USD 2026-09: 29808 candles | 98.4% done (27 left)
2026-09-21 21:20:22 w0 SHIB-USD 2026-09: 12156 candles | 98.4% done (27 left)
2026-09-21 21:20:53 w0 GRT-USD 2026-09: 12397 candles | 98.4% done (27 left)
2026-09-21 21:21:25 w0 XTZ-USD 2026-09: 12956 candles | 98.4% done (27 left)
2026-09-21 21:21:56 w0 DASH-USD 2026-09: 17767 candles | 98.4% done (27 left)
2026-09-21 21:22:27 w0 SNX-USD 2026-09: 3780 candles | 98.4% done (27 left)
worker done
worker 0/2: 14 months to fetch
2026-09-21 21:30:33 w0 BTC-USD 2026-09: 30090 candles | 98.4% done (27 left)
2026-09-21 21:31:06 w0 SOL-USD 2026-09: 30090 candles | 98.4% done (27 left)
2026-09-21 21:31:38 w0 AVAX-USD 2026-09: 27986 candles | 98.4% done (27 left)
2026-09-21 21:32:10 w0 LTC-USD 2026-09: 30085 candles | 98.4% done (27 left)
2026-09-21 21:32:42 w0 DOGE-USD 2026-09: 28883 candles | 98.4% done (27 left)
2026-09-21 21:33:35 w0 UNI-USD 2026-09: 29948 candles | 98.4% done (27 left)
2026-09-21 21:34:10 w0 ALGO-USD 2026-09: 22015 candles | 98.4% done (27 left)
2026-09-21 21:34:42 w0 ICP-USD 2026-09: 21881 candles | 98.4% done (27 left)
2026-09-21 21:35:14 w0 XLM-USD 2026-09: 29823 candles | 98.4% done (27 left)
2026-09-21 21:35:45 w0 SHIB-USD 2026-09: 12163 candles | 98.4% done (27 left)
2026-09-21 21:36:16 w0 GRT-USD 2026-09: 12405 candles | 98.4% done (27 left)
2026-09-21 21:36:48 w0 XTZ-USD 2026-09: 12958 candles | 98.4% done (27 left)
2026-09-21 21:37:19 w0 DASH-USD 2026-09: 17777 candles | 98.4% done (27 left)
2026-09-21 21:37:50 w0 SNX-USD 2026-09: 3788 candles | 98.4% done (27 left)
worker done
worker 0/2: 14 months to fetch
2026-09-21 21:45:53 w0 BTC-USD 2026-09: 30105 candles | 98.4% done (27 left)
2026-09-21 21:46:25 w0 SOL-USD 2026-09: 30105 candles | 98.4% done (27 left)
2026-09-21 21:46:58 w0 AVAX-USD 2026-09: 28001 candles | 98.4% done (27 left)
2026-09-21 21:47:30 w0 LTC-USD 2026-09: 30100 candles | 98.4% done (27 left)
2026-09-21 21:48:02 w0 DOGE-USD 2026-09: 28898 candles | 98.4% done (27 left)
2026-09-21 21:48:34 w0 UNI-USD 2026-09: 29964 candles | 98.4% done (27 left)
2026-09-21 21:49:07 w0 ALGO-USD 2026-09: 22025 candles | 98.4% done (27 left)
2026-09-21 21:49:39 w0 ICP-USD 2026-09: 21895 candles | 98.4% done (27 left)
2026-09-21 21:50:11 w0 XLM-USD 2026-09: 29838 candles | 98.4% done (27 left)
2026-09-21 21:50:42 w0 SHIB-USD 2026-09: 12171 candles | 98.4% done (27 left)
2026-09-21 21:51:14 w0 GRT-USD 2026-09: 12410 candles | 98.4% done (27 left)
2026-09-21 21:51:45 w0 XTZ-USD 2026-09: 12963 candles | 98.4% done (27 left)
2026-09-21 21:52:16 w0 DASH-USD 2026-09: 17786 candles | 98.4% done (27 left)
2026-09-21 21:52:47 w0 SNX-USD 2026-09: 3791 candles | 98.4% done (27 left)
worker done
worker 0/2: 14 months to fetch
2026-09-21 22:00:33 w0 BTC-USD 2026-09: 30120 candles | 98.4% done (27 left)
2026-09-21 22:01:06 w0 SOL-USD 2026-09: 30120 candles | 98.4% done (27 left)
2026-09-21 22:01:41 w0 AVAX-USD 2026-09: 28016 candles | 98.4% done (27 left)
2026-09-21 22:02:14 w0 LTC-USD 2026-09: 30115 candles | 98.4% done (27 left)
2026-09-21 22:02:47 w0 DOGE-USD 2026-09: 28913 candles | 98.4% done (27 left)
2026-09-21 22:03:19 w0 UNI-USD 2026-09: 29977 candles | 98.4% done (27 left)
2026-09-21 22:03:51 w0 ALGO-USD 2026-09: 22033 candles | 98.4% done (27 left)
2026-09-21 22:04:23 w0 ICP-USD 2026-09: 21906 candles | 98.4% done (27 left)
2026-09-21 22:04:56 w0 XLM-USD 2026-09: 29853 candles | 98.4% done (27 left)
2026-09-21 22:05:27 w0 SHIB-USD 2026-09: 12179 candles | 98.4% done (27 left)
2026-09-21 22:05:59 w0 GRT-USD 2026-09: 12417 candles | 98.4% done (27 left)
2026-09-21 22:06:31 w0 XTZ-USD 2026-09: 12967 candles | 98.4% done (27 left)
2026-09-21 22:07:04 w0 DASH-USD 2026-09: 17792 candles | 98.4% done (27 left)
2026-09-21 22:07:36 w0 SNX-USD 2026-09: 3794 candles | 98.4% done (27 left)
worker done
worker 0/2: 14 months to fetch
2026-09-21 22:15:33 w0 BTC-USD 2026-09: 30135 candles | 98.4% done (27 left)
2026-09-21 22:16:07 w0 SOL-USD 2026-09: 30135 candles | 98.4% done (27 left)
2026-09-21 22:16:44 w0 AVAX-USD 2026-09: 28031 candles | 98.4% done (27 left)
2026-09-21 22:17:17 w0 LTC-USD 2026-09: 30130 candles | 98.4% done (27 left)
2026-09-21 22:17:49 w0 DOGE-USD 2026-09: 28928 candles | 98.4% done (27 left)
2026-09-21 22:18:24 w0 UNI-USD 2026-09: 29992 candles | 98.4% done (27 left)
2026-09-21 22:19:16 w0 ALGO-USD 2026-09: 22047 candles | 98.4% done (27 left)
2026-09-21 22:19:49 w0 ICP-USD 2026-09: 21922 candles | 98.4% done (27 left)
2026-09-21 22:20:22 w0 XLM-USD 2026-09: 29868 candles | 98.4% done (27 left)
2026-09-21 22:20:56 w0 SHIB-USD 2026-09: 12193 candles | 98.4% done (27 left)
2026-09-21 22:21:28 w0 GRT-USD 2026-09: 12424 candles | 98.4% done (27 left)
2026-09-21 22:22:00 w0 XTZ-USD 2026-09: 12978 candles | 98.4% done (27 left)
2026-09-21 22:22:33 w0 DASH-USD 2026-09: 17799 candles | 98.4% done (27 left)
2026-09-21 22:23:04 w0 SNX-USD 2026-09: 3796 candles | 98.4% done (27 left)
worker done
worker 0/2: 14 months to fetch
2026-09-21 22:30:34 w0 BTC-USD 2026-09: 30150 candles | 98.4% done (27 left)
2026-09-21 22:31:06 w0 SOL-USD 2026-09: 30150 candles | 98.4% done (27 left)
2026-09-21 22:31:38 w0 AVAX-USD 2026-09: 28046 candles | 98.4% done (27 left)
2026-09-21 22:32:11 w0 LTC-USD 2026-09: 30145 candles | 98.4% done (27 left)
2026-09-21 22:32:43 w0 DOGE-USD 2026-09: 28943 candles | 98.4% done (27 left)
2026-09-21 22:33:15 w0 UNI-USD 2026-09: 30007 candles | 98.4% done (27 left)
2026-09-21 22:33:47 w0 ALGO-USD 2026-09: 22061 candles | 98.4% done (27 left)
2026-09-21 22:34:19 w0 ICP-USD 2026-09: 21936 candles | 98.4% done (27 left)
2026-09-21 22:34:52 w0 XLM-USD 2026-09: 29883 candles | 98.4% done (27 left)
2026-09-21 22:35:24 w0 SHIB-USD 2026-09: 12206 candles | 98.4% done (27 left)
2026-09-21 22:35:55 w0 GRT-USD 2026-09: 12435 candles | 98.4% done (27 left)
2026-09-21 22:36:26 w0 XTZ-USD 2026-09: 12990 candles | 98.4% done (27 left)
2026-09-21 22:36:58 w0 DASH-USD 2026-09: 17805 candles | 98.4% done (27 left)
2026-09-21 22:37:29 w0 SNX-USD 2026-09: 3802 candles | 98.4% done (27 left)
worker done
worker 0/2: 14 months to fetch
2026-09-21 22:45:33 w0 BTC-USD 2026-09: 30165 candles | 98.4% done (27 left)
2026-09-21 22:46:06 w0 SOL-USD 2026-09: 30165 candles | 98.4% done (27 left)
2026-09-21 22:46:37 w0 AVAX-USD 2026-09: 28061 candles | 98.4% done (27 left)
2026-09-21 22:47:10 w0 LTC-USD 2026-09: 30160 candles | 98.4% done (27 left)
2026-09-21 22:47:42 w0 DOGE-USD 2026-09: 28958 candles | 98.4% done (27 left)
2026-09-21 22:48:14 w0 UNI-USD 2026-09: 30022 candles | 98.4% done (27 left)
2026-09-21 22:48:46 w0 ALGO-USD 2026-09: 22076 candles | 98.4% done (27 left)
2026-09-21 22:49:18 w0 ICP-USD 2026-09: 21949 candles | 98.4% done (27 left)
2026-09-21 22:49:50 w0 XLM-USD 2026-09: 29898 candles | 98.4% done (27 left)
2026-09-21 22:50:41 w0 SHIB-USD 2026-09: 12218 candles | 98.4% done (27 left)
2026-09-21 22:51:20 w0 GRT-USD 2026-09: 12445 candles | 98.4% done (27 left)
2026-09-21 22:51:51 w0 XTZ-USD 2026-09: 13004 candles | 98.4% done (27 left)
2026-09-21 22:52:22 w0 DASH-USD 2026-09: 17814 candles | 98.4% done (27 left)
2026-09-21 22:52:53 w0 SNX-USD 2026-09: 3804 candles | 98.4% done (27 left)
worker done
worker 0/2: 14 months to fetch
2026-09-21 23:00:34 w0 BTC-USD 2026-09: 30180 candles | 98.4% done (27 left)
2026-09-21 23:01:06 w0 SOL-USD 2026-09: 30180 candles | 98.4% done (27 left)
2026-09-21 23:01:39 w0 AVAX-USD 2026-09: 28076 candles | 98.4% done (27 left)
2026-09-21 23:02:11 w0 LTC-USD 2026-09: 30175 candles | 98.4% done (27 left)
2026-09-21 23:02:44 w0 DOGE-USD 2026-09: 28973 candles | 98.4% done (27 left)
2026-09-21 23:03:16 w0 UNI-USD 2026-09: 30037 candles | 98.4% done (27 left)
2026-09-21 23:03:48 w0 ALGO-USD 2026-09: 22089 candles | 98.4% done (27 left)
2026-09-21 23:04:20 w0 ICP-USD 2026-09: 21964 candles | 98.4% done (27 left)
2026-09-21 23:04:53 w0 XLM-USD 2026-09: 29913 candles | 98.4% done (27 left)
2026-09-21 23:05:44 w0 SHIB-USD 2026-09: 12228 candles | 98.4% done (27 left)
2026-09-21 23:06:16 w0 GRT-USD 2026-09: 12456 candles | 98.4% done (27 left)
2026-09-21 23:06:47 w0 XTZ-USD 2026-09: 13014 candles | 98.4% done (27 left)
2026-09-21 23:07:19 w0 DASH-USD 2026-09: 17821 candles | 98.4% done (27 left)
2026-09-21 23:07:50 w0 SNX-USD 2026-09: 3806 candles | 98.4% done (27 left)
worker done
worker 0/2: 14 months to fetch
2026-09-21 23:15:33 w0 BTC-USD 2026-09: 30195 candles | 98.4% done (27 left)
2026-09-21 23:16:06 w0 SOL-USD 2026-09: 30195 candles | 98.4% done (27 left)
2026-09-21 23:16:38 w0 AVAX-USD 2026-09: 28091 candles | 98.4% done (27 left)
2026-09-21 23:17:10 w0 LTC-USD 2026-09: 30190 candles | 98.4% done (27 left)
2026-09-21 23:17:42 w0 DOGE-USD 2026-09: 28988 candles | 98.4% done (27 left)
2026-09-21 23:18:15 w0 UNI-USD 2026-09: 30052 candles | 98.4% done (27 left)
2026-09-21 23:18:47 w0 ALGO-USD 2026-09: 22102 candles | 98.4% done (27 left)
2026-09-21 23:19:19 w0 ICP-USD 2026-09: 21979 candles | 98.4% done (27 left)
2026-09-21 23:19:51 w0 XLM-USD 2026-09: 29928 candles | 98.4% done (27 left)
2026-09-21 23:20:22 w0 SHIB-USD 2026-09: 12240 candles | 98.4% done (27 left)
2026-09-21 23:20:54 w0 GRT-USD 2026-09: 12463 candles | 98.4% done (27 left)
2026-09-21 23:21:25 w0 XTZ-USD 2026-09: 13023 candles | 98.4% done (27 left)
2026-09-21 23:21:56 w0 DASH-USD 2026-09: 17829 candles | 98.4% done (27 left)
2026-09-21 23:22:28 w0 SNX-USD 2026-09: 3806 candles | 98.4% done (27 left)
worker done
worker 0/2: 14 months to fetch
2026-09-21 23:30:33 w0 BTC-USD 2026-09: 30210 candles | 98.4% done (27 left)
2026-09-21 23:31:06 w0 SOL-USD 2026-09: 30210 candles | 98.4% done (27 left)
2026-09-21 23:31:38 w0 AVAX-USD 2026-09: 28106 candles | 98.4% done (27 left)
2026-09-21 23:32:11 w0 LTC-USD 2026-09: 30205 candles | 98.4% done (27 left)
2026-09-21 23:32:43 w0 DOGE-USD 2026-09: 29003 candles | 98.4% done (27 left)
2026-09-21 23:33:16 w0 UNI-USD 2026-09: 30067 candles | 98.4% done (27 left)
2026-09-21 23:33:49 w0 ALGO-USD 2026-09: 22112 candles | 98.4% done (27 left)
2026-09-21 23:34:21 w0 ICP-USD 2026-09: 21994 candles | 98.4% done (27 left)
2026-09-21 23:34:54 w0 XLM-USD 2026-09: 29943 candles | 98.4% done (27 left)
2026-09-21 23:35:26 w0 SHIB-USD 2026-09: 12250 candles | 98.4% done (27 left)
2026-09-21 23:35:57 w0 GRT-USD 2026-09: 12469 candles | 98.4% done (27 left)
2026-09-21 23:36:28 w0 XTZ-USD 2026-09: 13031 candles | 98.4% done (27 left)
2026-09-21 23:37:00 w0 DASH-USD 2026-09: 17836 candles | 98.4% done (27 left)
2026-09-21 23:37:31 w0 SNX-USD 2026-09: 3807 candles | 98.4% done (27 left)
worker done
worker 0/2: 14 months to fetch
2026-09-21 23:45:34 w0 BTC-USD 2026-09: 30225 candles | 98.4% done (27 left)
2026-09-21 23:46:06 w0 SOL-USD 2026-09: 30225 candles | 98.4% done (27 left)
2026-09-21 23:46:38 w0 AVAX-USD 2026-09: 28121 candles | 98.4% done (27 left)
2026-09-21 23:47:11 w0 LTC-USD 2026-09: 30220 candles | 98.4% done (27 left)
2026-09-21 23:47:43 w0 DOGE-USD 2026-09: 29018 candles | 98.4% done (27 left)
2026-09-21 23:48:15 w0 UNI-USD 2026-09: 30082 candles | 98.4% done (27 left)
2026-09-21 23:48:47 w0 ALGO-USD 2026-09: 22123 candles | 98.4% done (27 left)
2026-09-21 23:49:19 w0 ICP-USD 2026-09: 22006 candles | 98.4% done (27 left)
2026-09-21 23:49:51 w0 XLM-USD 2026-09: 29958 candles | 98.4% done (27 left)
2026-09-21 23:50:22 w0 SHIB-USD 2026-09: 12262 candles | 98.4% done (27 left)
2026-09-21 23:50:53 w0 GRT-USD 2026-09: 12476 candles | 98.4% done (27 left)
2026-09-21 23:51:25 w0 XTZ-USD 2026-09: 13043 candles | 98.4% done (27 left)
2026-09-21 23:51:56 w0 DASH-USD 2026-09: 17840 candles | 98.4% done (27 left)
2026-09-21 23:52:27 w0 SNX-USD 2026-09: 3810 candles | 98.4% done (27 left)
worker done
worker 0/2: 14 months to fetch
2026-09-22 00:00:34 w0 BTC-USD 2026-09: 30240 candles | 98.4% done (27 left)
2026-09-22 00:01:07 w0 SOL-USD 2026-09: 30240 candles | 98.4% done (27 left)
2026-09-22 00:01:39 w0 AVAX-USD 2026-09: 28136 candles | 98.4% done (27 left)
2026-09-22 00:02:12 w0 LTC-USD 2026-09: 30235 candles | 98.4% done (27 left)
2026-09-22 00:02:44 w0 DOGE-USD 2026-09: 29033 candles | 98.4% done (27 left)
2026-09-22 00:03:17 w0 UNI-USD 2026-09: 30097 candles | 98.4% done (27 left)
2026-09-22 00:03:49 w0 ALGO-USD 2026-09: 22135 candles | 98.4% done (27 left)
2026-09-22 00:04:21 w0 ICP-USD 2026-09: 22019 candles | 98.4% done (27 left)
2026-09-22 00:04:53 w0 XLM-USD 2026-09: 29973 candles | 98.4% done (27 left)
2026-09-22 00:05:25 w0 SHIB-USD 2026-09: 12271 candles | 98.4% done (27 left)
2026-09-22 00:05:56 w0 GRT-USD 2026-09: 12484 candles | 98.4% done (27 left)
2026-09-22 00:06:27 w0 XTZ-USD 2026-09: 13055 candles | 98.4% done (27 left)
2026-09-22 00:07:01 w0 DASH-USD 2026-09: 17845 candles | 98.4% done (27 left)
2026-09-22 00:07:32 w0 SNX-USD 2026-09: 3815 candles | 98.4% done (27 left)
worker done
worker 0/2: 14 months to fetch
2026-09-22 00:15:33 w0 BTC-USD 2026-09: 30255 candles | 98.4% done (27 left)
2026-09-22 00:16:06 w0 SOL-USD 2026-09: 30255 candles | 98.4% done (27 left)
2026-09-22 00:16:38 w0 AVAX-USD 2026-09: 28151 candles | 98.4% done (27 left)
2026-09-22 00:17:10 w0 LTC-USD 2026-09: 30250 candles | 98.4% done (27 left)
2026-09-22 00:17:42 w0 DOGE-USD 2026-09: 29048 candles | 98.4% done (27 left)
2026-09-22 00:18:14 w0 UNI-USD 2026-09: 30112 candles | 98.4% done (27 left)
2026-09-22 00:19:06 w0 ALGO-USD 2026-09: 22148 candles | 98.4% done (27 left)
2026-09-22 00:19:38 w0 ICP-USD 2026-09: 22034 candles | 98.4% done (27 left)
2026-09-22 00:20:11 w0 XLM-USD 2026-09: 29988 candles | 98.4% done (27 left)
2026-09-22 00:20:42 w0 SHIB-USD 2026-09: 12283 candles | 98.4% done (27 left)
2026-09-22 00:21:13 w0 GRT-USD 2026-09: 12490 candles | 98.4% done (27 left)
2026-09-22 00:21:44 w0 XTZ-USD 2026-09: 13064 candles | 98.4% done (27 left)
2026-09-22 00:22:16 w0 DASH-USD 2026-09: 17853 candles | 98.4% done (27 left)
2026-09-22 00:22:47 w0 SNX-USD 2026-09: 3817 candles | 98.4% done (27 left)
worker done
worker 0/2: 14 months to fetch
2026-09-22 00:30:54 w0 BTC-USD 2026-09: 30270 candles | 98.4% done (27 left)
2026-09-22 00:31:27 w0 SOL-USD 2026-09: 30270 candles | 98.4% done (27 left)
2026-09-22 00:31:59 w0 AVAX-USD 2026-09: 28166 candles | 98.4% done (27 left)
2026-09-22 00:32:32 w0 LTC-USD 2026-09: 30265 candles | 98.4% done (27 left)
2026-09-22 00:33:04 w0 DOGE-USD 2026-09: 29063 candles | 98.4% done (27 left)
2026-09-22 00:33:36 w0 UNI-USD 2026-09: 30128 candles | 98.4% done (27 left)
2026-09-22 00:34:08 w0 ALGO-USD 2026-09: 22162 candles | 98.4% done (27 left)
2026-09-22 00:34:40 w0 ICP-USD 2026-09: 22046 candles | 98.4% done (27 left)
2026-09-22 00:35:13 w0 XLM-USD 2026-09: 30003 candles | 98.4% done (27 left)
2026-09-22 00:35:44 w0 SHIB-USD 2026-09: 12297 candles | 98.4% done (27 left)
2026-09-22 00:36:16 w0 GRT-USD 2026-09: 12496 candles | 98.4% done (27 left)
2026-09-22 00:36:47 w0 XTZ-USD 2026-09: 13073 candles | 98.4% done (27 left)
2026-09-22 00:37:18 w0 DASH-USD 2026-09: 17863 candles | 98.4% done (27 left)
2026-09-22 00:37:49 w0 SNX-USD 2026-09: 3819 candles | 98.4% done (27 left)
worker done
worker 0/2: 14 months to fetch
2026-09-22 00:45:34 w0 BTC-USD 2026-09: 30285 candles | 98.4% done (27 left)
2026-09-22 00:46:06 w0 SOL-USD 2026-09: 30285 candles | 98.4% done (27 left)
2026-09-22 00:46:39 w0 AVAX-USD 2026-09: 28181 candles | 98.4% done (27 left)
2026-09-22 00:47:11 w0 LTC-USD 2026-09: 30280 candles | 98.4% done (27 left)
2026-09-22 00:47:43 w0 DOGE-USD 2026-09: 29078 candles | 98.4% done (27 left)
2026-09-22 00:48:16 w0 UNI-USD 2026-09: 30142 candles | 98.4% done (27 left)
2026-09-22 00:48:48 w0 ALGO-USD 2026-09: 22177 candles | 98.4% done (27 left)
2026-09-22 00:49:19 w0 ICP-USD 2026-09: 22060 candles | 98.4% done (27 left)
2026-09-22 00:49:52 w0 XLM-USD 2026-09: 30018 candles | 98.4% done (27 left)
2026-09-22 00:50:24 w0 SHIB-USD 2026-09: 12307 candles | 98.4% done (27 left)
2026-09-22 00:50:55 w0 GRT-USD 2026-09: 12502 candles | 98.4% done (27 left)
2026-09-22 00:51:46 w0 XTZ-USD 2026-09: 13082 candles | 98.4% done (27 left)
2026-09-22 00:52:18 w0 DASH-USD 2026-09: 17870 candles | 98.4% done (27 left)
2026-09-22 00:52:49 w0 SNX-USD 2026-09: 3824 candles | 98.4% done (27 left)
worker done
worker 0/2: 14 months to fetch
2026-09-22 01:00:34 w0 BTC-USD 2026-09: 30300 candles | 98.4% done (27 left)
2026-09-22 01:01:07 w0 SOL-USD 2026-09: 30300 candles | 98.4% done (27 left)
2026-09-22 01:01:39 w0 AVAX-USD 2026-09: 28196 candles | 98.4% done (27 left)
2026-09-22 01:02:13 w0 LTC-USD 2026-09: 30295 candles | 98.4% done (27 left)
2026-09-22 01:02:46 w0 DOGE-USD 2026-09: 29093 candles | 98.4% done (27 left)
2026-09-22 01:03:19 w0 UNI-USD 2026-09: 30157 candles | 98.4% done (27 left)
2026-09-22 01:03:51 w0 ALGO-USD 2026-09: 22192 candles | 98.4% done (27 left)
2026-09-22 01:04:23 w0 ICP-USD 2026-09: 22074 candles | 98.4% done (27 left)
2026-09-22 01:04:56 w0 XLM-USD 2026-09: 30033 candles | 98.4% done (27 left)
2026-09-22 01:05:28 w0 SHIB-USD 2026-09: 12320 candles | 98.4% done (27 left)
2026-09-22 01:06:00 w0 GRT-USD 2026-09: 12513 candles | 98.4% done (27 left)
2026-09-22 01:06:31 w0 XTZ-USD 2026-09: 13094 candles | 98.4% done (27 left)
2026-09-22 01:07:03 w0 DASH-USD 2026-09: 17882 candles | 98.4% done (27 left)
2026-09-22 01:07:35 w0 SNX-USD 2026-09: 3831 candles | 98.4% done (27 left)
worker done
worker 0/2: 14 months to fetch
2026-09-22 01:15:34 w0 BTC-USD 2026-09: 30315 candles | 98.4% done (27 left)
2026-09-22 01:16:07 w0 SOL-USD 2026-09: 30315 candles | 98.4% done (27 left)
2026-09-22 01:16:39 w0 AVAX-USD 2026-09: 28211 candles | 98.4% done (27 left)
2026-09-22 01:17:12 w0 LTC-USD 2026-09: 30310 candles | 98.4% done (27 left)
2026-09-22 01:17:45 w0 DOGE-USD 2026-09: 29108 candles | 98.4% done (27 left)
2026-09-22 01:18:17 w0 UNI-USD 2026-09: 30172 candles | 98.4% done (27 left)
2026-09-22 01:18:49 w0 ALGO-USD 2026-09: 22207 candles | 98.4% done (27 left)
2026-09-22 01:19:21 w0 ICP-USD 2026-09: 22088 candles | 98.4% done (27 left)
2026-09-22 01:19:54 w0 XLM-USD 2026-09: 30048 candles | 98.4% done (27 left)
2026-09-22 01:20:46 w0 SHIB-USD 2026-09: 12334 candles | 98.4% done (27 left)
2026-09-22 01:21:18 w0 GRT-USD 2026-09: 12525 candles | 98.4% done (27 left)
2026-09-22 01:21:49 w0 XTZ-USD 2026-09: 13106 candles | 98.4% done (27 left)
2026-09-22 01:22:22 w0 DASH-USD 2026-09: 17896 candles | 98.4% done (27 left)
2026-09-22 01:22:53 w0 SNX-USD 2026-09: 3838 candles | 98.4% done (27 left)
worker done
worker 0/2: 14 months to fetch
2026-09-22 01:30:34 w0 BTC-USD 2026-09: 30330 candles | 98.4% done (27 left)
2026-09-22 01:31:07 w0 SOL-USD 2026-09: 30330 candles | 98.4% done (27 left)
2026-09-22 01:31:40 w0 AVAX-USD 2026-09: 28226 candles | 98.4% done (27 left)
2026-09-22 01:32:14 w0 LTC-USD 2026-09: 30325 candles | 98.4% done (27 left)
2026-09-22 01:32:46 w0 DOGE-USD 2026-09: 29123 candles | 98.4% done (27 left)
2026-09-22 01:33:19 w0 UNI-USD 2026-09: 30187 candles | 98.4% done (27 left)
2026-09-22 01:33:51 w0 ALGO-USD 2026-09: 22220 candles | 98.4% done (27 left)
2026-09-22 01:34:24 w0 ICP-USD 2026-09: 22102 candles | 98.4% done (27 left)
2026-09-22 01:34:57 w0 XLM-USD 2026-09: 30063 candles | 98.4% done (27 left)
2026-09-22 01:35:28 w0 SHIB-USD 2026-09: 12346 candles | 98.4% done (27 left)
2026-09-22 01:36:00 w0 GRT-USD 2026-09: 12535 candles | 98.4% done (27 left)
2026-09-22 01:36:31 w0 XTZ-USD 2026-09: 13116 candles | 98.4% done (27 left)
2026-09-22 01:37:03 w0 DASH-USD 2026-09: 17906 candles | 98.4% done (27 left)
2026-09-22 01:37:34 w0 SNX-USD 2026-09: 3840 candles | 98.4% done (27 left)
worker done
worker 0/2: 14 months to fetch
2026-09-22 01:45:34 w0 BTC-USD 2026-09: 30345 candles | 98.4% done (27 left)
2026-09-22 01:46:07 w0 SOL-USD 2026-09: 30345 candles | 98.4% done (27 left)
2026-09-22 01:46:39 w0 AVAX-USD 2026-09: 28241 candles | 98.4% done (27 left)
2026-09-22 01:47:12 w0 LTC-USD 2026-09: 30340 candles | 98.4% done (27 left)
2026-09-22 01:47:45 w0 DOGE-USD 2026-09: 29138 candles | 98.4% done (27 left)
2026-09-22 01:48:17 w0 UNI-USD 2026-09: 30202 candles | 98.4% done (27 left)
2026-09-22 01:48:50 w0 ALGO-USD 2026-09: 22234 candles | 98.4% done (27 left)
2026-09-22 01:49:22 w0 ICP-USD 2026-09: 22115 candles | 98.4% done (27 left)
2026-09-22 01:49:55 w0 XLM-USD 2026-09: 30078 candles | 98.4% done (27 left)
2026-09-22 01:50:27 w0 SHIB-USD 2026-09: 12358 candles | 98.4% done (27 left)
2026-09-22 01:50:58 w0 GRT-USD 2026-09: 12548 candles | 98.4% done (27 left)
2026-09-22 01:51:29 w0 XTZ-USD 2026-09: 13125 candles | 98.4% done (27 left)
2026-09-22 01:52:01 w0 DASH-USD 2026-09: 17920 candles | 98.4% done (27 left)
2026-09-22 01:52:33 w0 SNX-USD 2026-09: 3844 candles | 98.4% done (27 left)
worker done
worker 0/2: 14 months to fetch
2026-09-22 02:00:35 w0 BTC-USD 2026-09: 30360 candles | 98.4% done (27 left)
2026-09-22 02:01:08 w0 SOL-USD 2026-09: 30360 candles | 98.4% done (27 left)
2026-09-22 02:01:41 w0 AVAX-USD 2026-09: 28256 candles | 98.4% done (27 left)
2026-09-22 02:02:14 w0 LTC-USD 2026-09: 30355 candles | 98.4% done (27 left)
2026-09-22 02:02:47 w0 DOGE-USD 2026-09: 29153 candles | 98.4% done (27 left)
2026-09-22 02:03:19 w0 UNI-USD 2026-09: 30217 candles | 98.4% done (27 left)
2026-09-22 02:03:51 w0 ALGO-USD 2026-09: 22249 candles | 98.4% done (27 left)
2026-09-22 02:04:24 w0 ICP-USD 2026-09: 22128 candles | 98.4% done (27 left)
2026-09-22 02:04:57 w0 XLM-USD 2026-09: 30093 candles | 98.4% done (27 left)
2026-09-22 02:05:28 w0 SHIB-USD 2026-09: 12372 candles | 98.4% done (27 left)
2026-09-22 02:06:00 w0 GRT-USD 2026-09: 12560 candles | 98.4% done (27 left)
2026-09-22 02:06:31 w0 XTZ-USD 2026-09: 13134 candles | 98.4% done (27 left)
2026-09-22 02:07:03 w0 DASH-USD 2026-09: 17931 candles | 98.4% done (27 left)
2026-09-22 02:07:34 w0 SNX-USD 2026-09: 3847 candles | 98.4% done (27 left)
worker done
worker 0/2: 14 months to fetch
2026-09-22 02:15:34 w0 BTC-USD 2026-09: 30375 candles | 98.4% done (27 left)
2026-09-22 02:16:07 w0 SOL-USD 2026-09: 30375 candles | 98.4% done (27 left)
2026-09-22 02:16:39 w0 AVAX-USD 2026-09: 28271 candles | 98.4% done (27 left)
2026-09-22 02:17:12 w0 LTC-USD 2026-09: 30370 candles | 98.4% done (27 left)
2026-09-22 02:17:44 w0 DOGE-USD 2026-09: 29168 candles | 98.4% done (27 left)
2026-09-22 02:18:17 w0 UNI-USD 2026-09: 30232 candles | 98.4% done (27 left)
2026-09-22 02:18:49 w0 ALGO-USD 2026-09: 22263 candles | 98.4% done (27 left)
2026-09-22 02:19:25 w0 ICP-USD 2026-09: 22143 candles | 98.4% done (27 left)
2026-09-22 02:19:58 w0 XLM-USD 2026-09: 30108 candles | 98.4% done (27 left)
2026-09-22 02:20:29 w0 SHIB-USD 2026-09: 12385 candles | 98.4% done (27 left)
2026-09-22 02:21:01 w0 GRT-USD 2026-09: 12567 candles | 98.4% done (27 left)
2026-09-22 02:21:32 w0 XTZ-USD 2026-09: 13144 candles | 98.4% done (27 left)
2026-09-22 02:22:04 w0 DASH-USD 2026-09: 17936 candles | 98.4% done (27 left)
2026-09-22 02:22:34 w0 SNX-USD 2026-09: 3848 candles | 98.4% done (27 left)
worker done
worker 0/2: 14 months to fetch
2026-09-22 02:30:33 w0 BTC-USD 2026-09: 30390 candles | 98.4% done (27 left)
2026-09-22 02:31:06 w0 SOL-USD 2026-09: 30390 candles | 98.4% done (27 left)
2026-09-22 02:31:38 w0 AVAX-USD 2026-09: 28286 candles | 98.4% done (27 left)
2026-09-22 02:32:11 w0 LTC-USD 2026-09: 30385 candles | 98.4% done (27 left)
2026-09-22 02:32:43 w0 DOGE-USD 2026-09: 29183 candles | 98.4% done (27 left)
2026-09-22 02:33:15 w0 UNI-USD 2026-09: 30247 candles | 98.4% done (27 left)
2026-09-22 02:33:48 w0 ALGO-USD 2026-09: 22276 candles | 98.4% done (27 left)
2026-09-22 02:34:19 w0 ICP-USD 2026-09: 22156 candles | 98.4% done (27 left)
2026-09-22 02:34:52 w0 XLM-USD 2026-09: 30123 candles | 98.4% done (27 left)
2026-09-22 02:35:23 w0 SHIB-USD 2026-09: 12395 candles | 98.4% done (27 left)
2026-09-22 02:35:54 w0 GRT-USD 2026-09: 12574 candles | 98.4% done (27 left)
2026-09-22 02:36:25 w0 XTZ-USD 2026-09: 13152 candles | 98.4% done (27 left)
2026-09-22 02:36:57 w0 DASH-USD 2026-09: 17943 candles | 98.4% done (27 left)
2026-09-22 02:37:28 w0 SNX-USD 2026-09: 3851 candles | 98.4% done (27 left)
worker done
worker 0/2: 14 months to fetch
2026-09-22 02:45:33 w0 BTC-USD 2026-09: 30405 candles | 98.4% done (27 left)
2026-09-22 02:46:05 w0 SOL-USD 2026-09: 30405 candles | 98.4% done (27 left)
2026-09-22 02:46:38 w0 AVAX-USD 2026-09: 28301 candles | 98.4% done (27 left)
2026-09-22 02:47:11 w0 LTC-USD 2026-09: 30400 candles | 98.4% done (27 left)
2026-09-22 02:47:43 w0 DOGE-USD 2026-09: 29198 candles | 98.4% done (27 left)
2026-09-22 02:48:15 w0 UNI-USD 2026-09: 30262 candles | 98.4% done (27 left)
2026-09-22 02:48:47 w0 ALGO-USD 2026-09: 22288 candles | 98.4% done (27 left)
2026-09-22 02:49:18 w0 ICP-USD 2026-09: 22167 candles | 98.4% done (27 left)
2026-09-22 02:49:51 w0 XLM-USD 2026-09: 30138 candles | 98.4% done (27 left)
2026-09-22 02:50:22 w0 SHIB-USD 2026-09: 12404 candles | 98.4% done (27 left)
2026-09-22 02:50:53 w0 GRT-USD 2026-09: 12586 candles | 98.4% done (27 left)
2026-09-22 02:51:24 w0 XTZ-USD 2026-09: 13165 candles | 98.4% done (27 left)
2026-09-22 02:51:55 w0 DASH-USD 2026-09: 17950 candles | 98.4% done (27 left)
2026-09-22 02:52:26 w0 SNX-USD 2026-09: 3853 candles | 98.4% done (27 left)
worker done
worker 0/2: 14 months to fetch
2026-09-22 03:00:33 w0 BTC-USD 2026-09: 30420 candles | 98.4% done (27 left)
2026-09-22 03:01:05 w0 SOL-USD 2026-09: 30420 candles | 98.4% done (27 left)
2026-09-22 03:01:37 w0 AVAX-USD 2026-09: 28316 candles | 98.4% done (27 left)
2026-09-22 03:02:09 w0 LTC-USD 2026-09: 30415 candles | 98.4% done (27 left)
2026-09-22 03:02:41 w0 DOGE-USD 2026-09: 29213 candles | 98.4% done (27 left)
2026-09-22 03:03:13 w0 UNI-USD 2026-09: 30277 candles | 98.4% done (27 left)
2026-09-22 03:03:45 w0 ALGO-USD 2026-09: 22301 candles | 98.4% done (27 left)
2026-09-22 03:04:17 w0 ICP-USD 2026-09: 22181 candles | 98.4% done (27 left)
2026-09-22 03:04:49 w0 XLM-USD 2026-09: 30153 candles | 98.4% done (27 left)
2026-09-22 03:05:20 w0 SHIB-USD 2026-09: 12414 candles | 98.4% done (27 left)
2026-09-22 03:05:51 w0 GRT-USD 2026-09: 12598 candles | 98.4% done (27 left)
2026-09-22 03:06:22 w0 XTZ-USD 2026-09: 13173 candles | 98.4% done (27 left)
2026-09-22 03:06:53 w0 DASH-USD 2026-09: 17956 candles | 98.4% done (27 left)
2026-09-22 03:07:24 w0 SNX-USD 2026-09: 3857 candles | 98.4% done (27 left)
worker done
worker 0/2: 14 months to fetch
2026-09-22 03:15:33 w0 BTC-USD 2026-09: 30435 candles | 98.4% done (27 left)
2026-09-22 03:16:05 w0 SOL-USD 2026-09: 30435 candles | 98.4% done (27 left)
2026-09-22 03:16:37 w0 AVAX-USD 2026-09: 28331 candles | 98.4% done (27 left)
2026-09-22 03:17:09 w0 LTC-USD 2026-09: 30430 candles | 98.4% done (27 left)
2026-09-22 03:17:41 w0 DOGE-USD 2026-09: 29228 candles | 98.4% done (27 left)
2026-09-22 03:18:13 w0 UNI-USD 2026-09: 30292 candles | 98.4% done (27 left)
2026-09-22 03:18:44 w0 ALGO-USD 2026-09: 22313 candles | 98.4% done (27 left)
2026-09-22 03:19:16 w0 ICP-USD 2026-09: 22191 candles | 98.4% done (27 left)
2026-09-22 03:19:48 w0 XLM-USD 2026-09: 30168 candles | 98.4% done (27 left)
2026-09-22 03:20:19 w0 SHIB-USD 2026-09: 12423 candles | 98.4% done (27 left)
2026-09-22 03:20:49 w0 GRT-USD 2026-09: 12612 candles | 98.4% done (27 left)
2026-09-22 03:21:20 w0 XTZ-USD 2026-09: 13181 candles | 98.4% done (27 left)
2026-09-22 03:21:52 w0 DASH-USD 2026-09: 17963 candles | 98.4% done (27 left)
2026-09-22 03:22:22 w0 SNX-USD 2026-09: 3861 candles | 98.4% done (27 left)
worker done
worker 0/2: 14 months to fetch
2026-09-22 03:30:32 w0 BTC-USD 2026-09: 30450 candles | 98.4% done (27 left)
2026-09-22 03:31:05 w0 SOL-USD 2026-09: 30450 candles | 98.4% done (27 left)
2026-09-22 03:31:37 w0 AVAX-USD 2026-09: 28346 candles | 98.4% done (27 left)
2026-09-22 03:32:09 w0 LTC-USD 2026-09: 30445 candles | 98.4% done (27 left)
2026-09-22 03:32:41 w0 DOGE-USD 2026-09: 29243 candles | 98.4% done (27 left)
2026-09-22 03:33:12 w0 UNI-USD 2026-09: 30307 candles | 98.4% done (27 left)
2026-09-22 03:33:44 w0 ALGO-USD 2026-09: 22328 candles | 98.4% done (27 left)
2026-09-22 03:34:15 w0 ICP-USD 2026-09: 22205 candles | 98.4% done (27 left)
2026-09-22 03:34:47 w0 XLM-USD 2026-09: 30183 candles | 98.4% done (27 left)
2026-09-22 03:35:18 w0 SHIB-USD 2026-09: 12436 candles | 98.4% done (27 left)
2026-09-22 03:35:48 w0 GRT-USD 2026-09: 12622 candles | 98.4% done (27 left)
2026-09-22 03:36:19 w0 XTZ-USD 2026-09: 13189 candles | 98.4% done (27 left)
2026-09-22 03:36:50 w0 DASH-USD 2026-09: 17968 candles | 98.4% done (27 left)
2026-09-22 03:37:21 w0 SNX-USD 2026-09: 3864 candles | 98.4% done (27 left)
worker done
worker 0/2: 14 months to fetch
2026-09-22 03:45:33 w0 BTC-USD 2026-09: 30465 candles | 98.4% done (27 left)
2026-09-22 03:46:05 w0 SOL-USD 2026-09: 30465 candles | 98.4% done (27 left)
2026-09-22 03:46:36 w0 AVAX-USD 2026-09: 28361 candles | 98.4% done (27 left)
2026-09-22 03:47:09 w0 LTC-USD 2026-09: 30460 candles | 98.4% done (27 left)
2026-09-22 03:47:43 w0 DOGE-USD 2026-09: 29258 candles | 98.4% done (27 left)
2026-09-22 03:48:15 w0 UNI-USD 2026-09: 30322 candles | 98.4% done (27 left)
2026-09-22 03:48:46 w0 ALGO-USD 2026-09: 22341 candles | 98.4% done (27 left)
2026-09-22 03:49:18 w0 ICP-USD 2026-09: 22216 candles | 98.4% done (27 left)
2026-09-22 03:49:50 w0 XLM-USD 2026-09: 30198 candles | 98.4% done (27 left)
2026-09-22 03:50:20 w0 SHIB-USD 2026-09: 12443 candles | 98.4% done (27 left)
2026-09-22 03:50:51 w0 GRT-USD 2026-09: 12629 candles | 98.4% done (27 left)
2026-09-22 03:51:21 w0 XTZ-USD 2026-09: 13195 candles | 98.4% done (27 left)
2026-09-22 03:51:52 w0 DASH-USD 2026-09: 17972 candles | 98.4% done (27 left)
2026-09-22 03:52:23 w0 SNX-USD 2026-09: 3865 candles | 98.4% done (27 left)
worker done
worker 0/2: 14 months to fetch
2026-09-22 04:00:33 w0 BTC-USD 2026-09: 30480 candles | 98.4% done (27 left)
2026-09-22 04:01:05 w0 SOL-USD 2026-09: 30480 candles | 98.4% done (27 left)
2026-09-22 04:01:36 w0 AVAX-USD 2026-09: 28376 candles | 98.4% done (27 left)
2026-09-22 04:02:09 w0 LTC-USD 2026-09: 30475 candles | 98.4% done (27 left)
2026-09-22 04:02:40 w0 DOGE-USD 2026-09: 29273 candles | 98.4% done (27 left)
2026-09-22 04:03:11 w0 UNI-USD 2026-09: 30337 candles | 98.4% done (27 left)
2026-09-22 04:03:43 w0 ALGO-USD 2026-09: 22350 candles | 98.4% done (27 left)
2026-09-22 04:04:14 w0 ICP-USD 2026-09: 22228 candles | 98.4% done (27 left)
2026-09-22 04:04:46 w0 XLM-USD 2026-09: 30213 candles | 98.4% done (27 left)
2026-09-22 04:05:17 w0 SHIB-USD 2026-09: 12455 candles | 98.4% done (27 left)
2026-09-22 04:05:47 w0 GRT-USD 2026-09: 12639 candles | 98.4% done (27 left)
2026-09-22 04:06:18 w0 XTZ-USD 2026-09: 13207 candles | 98.4% done (27 left)
2026-09-22 04:06:49 w0 DASH-USD 2026-09: 17978 candles | 98.4% done (27 left)
2026-09-22 04:07:19 w0 SNX-USD 2026-09: 3866 candles | 98.4% done (27 left)
worker done
worker 0/2: 14 months to fetch
2026-09-22 04:15:33 w0 BTC-USD 2026-09: 30495 candles | 98.4% done (27 left)
2026-09-22 04:16:05 w0 SOL-USD 2026-09: 30495 candles | 98.4% done (27 left)
2026-09-22 04:16:36 w0 AVAX-USD 2026-09: 28391 candles | 98.4% done (27 left)
2026-09-22 04:17:09 w0 LTC-USD 2026-09: 30490 candles | 98.4% done (27 left)
2026-09-22 04:17:40 w0 DOGE-USD 2026-09: 29288 candles | 98.4% done (27 left)
2026-09-22 04:18:12 w0 UNI-USD 2026-09: 30352 candles | 98.4% done (27 left)
2026-09-22 04:18:43 w0 ALGO-USD 2026-09: 22362 candles | 98.4% done (27 left)
2026-09-22 04:19:14 w0 ICP-USD 2026-09: 22240 candles | 98.4% done (27 left)
2026-09-22 04:19:46 w0 XLM-USD 2026-09: 30228 candles | 98.4% done (27 left)
2026-09-22 04:20:17 w0 SHIB-USD 2026-09: 12470 candles | 98.4% done (27 left)
2026-09-22 04:20:47 w0 GRT-USD 2026-09: 12648 candles | 98.4% done (27 left)
2026-09-22 04:21:18 w0 XTZ-USD 2026-09: 13220 candles | 98.4% done (27 left)
2026-09-22 04:21:49 w0 DASH-USD 2026-09: 17983 candles | 98.4% done (27 left)
2026-09-22 04:22:19 w0 SNX-USD 2026-09: 3867 candles | 98.4% done (27 left)
worker done
worker 0/2: 14 months to fetch
2026-09-22 04:30:32 w0 BTC-USD 2026-09: 30510 candles | 98.4% done (27 left)
2026-09-22 04:31:04 w0 SOL-USD 2026-09: 30510 candles | 98.4% done (27 left)
2026-09-22 04:31:36 w0 AVAX-USD 2026-09: 28406 candles | 98.4% done (27 left)
2026-09-22 04:32:07 w0 LTC-USD 2026-09: 30505 candles | 98.4% done (27 left)
2026-09-22 04:32:39 w0 DOGE-USD 2026-09: 29303 candles | 98.4% done (27 left)
2026-09-22 04:33:10 w0 UNI-USD 2026-09: 30367 candles | 98.4% done (27 left)
2026-09-22 04:33:41 w0 ALGO-USD 2026-09: 22375 candles | 98.4% done (27 left)
2026-09-22 04:34:13 w0 ICP-USD 2026-09: 22251 candles | 98.4% done (27 left)
2026-09-22 04:34:45 w0 XLM-USD 2026-09: 30243 candles | 98.4% done (27 left)
2026-09-22 04:35:16 w0 SHIB-USD 2026-09: 12485 candles | 98.4% done (27 left)
2026-09-22 04:35:46 w0 GRT-USD 2026-09: 12654 candles | 98.4% done (27 left)
2026-09-22 04:36:17 w0 XTZ-USD 2026-09: 13233 candles | 98.4% done (27 left)
2026-09-22 04:36:47 w0 DASH-USD 2026-09: 17990 candles | 98.4% done (27 left)
2026-09-22 04:37:18 w0 SNX-USD 2026-09: 3867 candles | 98.4% done (27 left)
worker done
worker 0/2: 14 months to fetch
2026-09-22 04:45:32 w0 BTC-USD 2026-09: 30525 candles | 98.4% done (27 left)
2026-09-22 04:46:04 w0 SOL-USD 2026-09: 30525 candles | 98.4% done (27 left)
2026-09-22 04:46:35 w0 AVAX-USD 2026-09: 28421 candles | 98.4% done (27 left)
2026-09-22 04:47:07 w0 LTC-USD 2026-09: 30520 candles | 98.4% done (27 left)
2026-09-22 04:47:39 w0 DOGE-USD 2026-09: 29318 candles | 98.4% done (27 left)
2026-09-22 04:48:10 w0 UNI-USD 2026-09: 30382 candles | 98.4% done (27 left)
2026-09-22 04:48:42 w0 ALGO-USD 2026-09: 22390 candles | 98.4% done (27 left)
2026-09-22 04:49:13 w0 ICP-USD 2026-09: 22262 candles | 98.4% done (27 left)
2026-09-22 04:49:45 w0 XLM-USD 2026-09: 30258 candles | 98.4% done (27 left)
2026-09-22 04:50:15 w0 SHIB-USD 2026-09: 12498 candles | 98.4% done (27 left)
2026-09-22 04:50:45 w0 GRT-USD 2026-09: 12660 candles | 98.4% done (27 left)
2026-09-22 04:51:16 w0 XTZ-USD 2026-09: 13245 candles | 98.4% done (27 left)
2026-09-22 04:51:47 w0 DASH-USD 2026-09: 17994 candles | 98.4% done (27 left)
2026-09-22 04:52:17 w0 SNX-USD 2026-09: 3871 candles | 98.4% done (27 left)
worker done
worker 0/2: 14 months to fetch
2026-09-22 05:00:33 w0 BTC-USD 2026-09: 30540 candles | 98.4% done (27 left)
2026-09-22 05:01:05 w0 SOL-USD 2026-09: 30540 candles | 98.4% done (27 left)
2026-09-22 05:01:36 w0 AVAX-USD 2026-09: 28436 candles | 98.4% done (27 left)
2026-09-22 05:02:08 w0 LTC-USD 2026-09: 30535 candles | 98.4% done (27 left)
2026-09-22 05:02:39 w0 DOGE-USD 2026-09: 29333 candles | 98.4% done (27 left)
2026-09-22 05:03:11 w0 UNI-USD 2026-09: 30397 candles | 98.4% done (27 left)
2026-09-22 05:03:42 w0 ALGO-USD 2026-09: 22405 candles | 98.4% done (27 left)
2026-09-22 05:04:13 w0 ICP-USD 2026-09: 22275 candles | 98.4% done (27 left)
2026-09-22 05:04:45 w0 XLM-USD 2026-09: 30273 candles | 98.4% done (27 left)
2026-09-22 05:05:16 w0 SHIB-USD 2026-09: 12510 candles | 98.4% done (27 left)
2026-09-22 05:05:46 w0 GRT-USD 2026-09: 12672 candles | 98.4% done (27 left)
2026-09-22 05:06:16 w0 XTZ-USD 2026-09: 13256 candles | 98.4% done (27 left)
2026-09-22 05:06:48 w0 DASH-USD 2026-09: 17997 candles | 98.4% done (27 left)
2026-09-22 05:07:18 w0 SNX-USD 2026-09: 3872 candles | 98.4% done (27 left)
worker done
worker 0/2: 14 months to fetch
2026-09-22 05:15:32 w0 BTC-USD 2026-09: 30555 candles | 98.4% done (27 left)
2026-09-22 05:16:04 w0 SOL-USD 2026-09: 30555 candles | 98.4% done (27 left)
2026-09-22 05:16:35 w0 AVAX-USD 2026-09: 28451 candles | 98.4% done (27 left)
2026-09-22 05:17:07 w0 LTC-USD 2026-09: 30550 candles | 98.4% done (27 left)
2026-09-22 05:17:39 w0 DOGE-USD 2026-09: 29348 candles | 98.4% done (27 left)
2026-09-22 05:18:10 w0 UNI-USD 2026-09: 30412 candles | 98.4% done (27 left)
2026-09-22 05:18:41 w0 ALGO-USD 2026-09: 22418 candles | 98.4% done (27 left)
2026-09-22 05:19:12 w0 ICP-USD 2026-09: 22286 candles | 98.4% done (27 left)
2026-09-22 05:19:44 w0 XLM-USD 2026-09: 30288 candles | 98.4% done (27 left)
2026-09-22 05:20:15 w0 SHIB-USD 2026-09: 12520 candles | 98.4% done (27 left)
2026-09-22 05:20:45 w0 GRT-USD 2026-09: 12679 candles | 98.4% done (27 left)
2026-09-22 05:21:15 w0 XTZ-USD 2026-09: 13267 candles | 98.4% done (27 left)
2026-09-22 05:21:46 w0 DASH-USD 2026-09: 18003 candles | 98.4% done (27 left)
2026-09-22 05:22:16 w0 SNX-USD 2026-09: 3876 candles | 98.4% done (27 left)
worker done
worker 0/2: 14 months to fetch
2026-09-22 05:30:32 w0 BTC-USD 2026-09: 30570 candles | 98.4% done (27 left)
2026-09-22 05:31:04 w0 SOL-USD 2026-09: 30570 candles | 98.4% done (27 left)
2026-09-22 05:31:35 w0 AVAX-USD 2026-09: 28466 candles | 98.4% done (27 left)
2026-09-22 05:32:07 w0 LTC-USD 2026-09: 30565 candles | 98.4% done (27 left)
2026-09-22 05:32:39 w0 DOGE-USD 2026-09: 29363 candles | 98.4% done (27 left)
2026-09-22 05:33:10 w0 UNI-USD 2026-09: 30427 candles | 98.4% done (27 left)
2026-09-22 05:33:42 w0 ALGO-USD 2026-09: 22433 candles | 98.4% done (27 left)
2026-09-22 05:34:13 w0 ICP-USD 2026-09: 22300 candles | 98.4% done (27 left)
2026-09-22 05:34:45 w0 XLM-USD 2026-09: 30303 candles | 98.4% done (27 left)
2026-09-22 05:35:15 w0 SHIB-USD 2026-09: 12528 candles | 98.4% done (27 left)
2026-09-22 05:35:46 w0 GRT-USD 2026-09: 12689 candles | 98.4% done (27 left)
2026-09-22 05:36:16 w0 XTZ-USD 2026-09: 13280 candles | 98.4% done (27 left)
2026-09-22 05:36:47 w0 DASH-USD 2026-09: 18009 candles | 98.4% done (27 left)
2026-09-22 05:37:17 w0 SNX-USD 2026-09: 3882 candles | 98.4% done (27 left)
worker done
worker 0/2: 14 months to fetch
2026-09-22 05:45:32 w0 BTC-USD 2026-09: 30585 candles | 98.4% done (27 left)
2026-09-22 05:46:03 w0 SOL-USD 2026-09: 30585 candles | 98.4% done (27 left)
2026-09-22 05:46:35 w0 AVAX-USD 2026-09: 28481 candles | 98.4% done (27 left)
2026-09-22 05:47:07 w0 LTC-USD 2026-09: 30580 candles | 98.4% done (27 left)
2026-09-22 05:47:38 w0 DOGE-USD 2026-09: 29378 candles | 98.4% done (27 left)
2026-09-22 05:48:10 w0 UNI-USD 2026-09: 30442 candles | 98.4% done (27 left)
2026-09-22 05:48:41 w0 ALGO-USD 2026-09: 22444 candles | 98.4% done (27 left)
2026-09-22 05:49:12 w0 ICP-USD 2026-09: 22312 candles | 98.4% done (27 left)
2026-09-22 05:49:44 w0 XLM-USD 2026-09: 30318 candles | 98.4% done (27 left)
2026-09-22 05:50:14 w0 SHIB-USD 2026-09: 12537 candles | 98.4% done (27 left)
2026-09-22 05:50:45 w0 GRT-USD 2026-09: 12697 candles | 98.4% done (27 left)
2026-09-22 05:51:15 w0 XTZ-USD 2026-09: 13288 candles | 98.4% done (27 left)
2026-09-22 05:51:46 w0 DASH-USD 2026-09: 18022 candles | 98.4% done (27 left)
2026-09-22 05:52:16 w0 SNX-USD 2026-09: 3884 candles | 98.4% done (27 left)
worker done
worker 0/2: 14 months to fetch
2026-09-22 06:00:32 w0 BTC-USD 2026-09: 30600 candles | 98.4% done (27 left)
2026-09-22 06:01:04 w0 SOL-USD 2026-09: 30600 candles | 98.4% done (27 left)
2026-09-22 06:01:36 w0 AVAX-USD 2026-09: 28496 candles | 98.4% done (27 left)
2026-09-22 06:02:08 w0 LTC-USD 2026-09: 30595 candles | 98.4% done (27 left)
2026-09-22 06:02:39 w0 DOGE-USD 2026-09: 29393 candles | 98.4% done (27 left)
2026-09-22 06:03:11 w0 UNI-USD 2026-09: 30457 candles | 98.4% done (27 left)
2026-09-22 06:03:42 w0 ALGO-USD 2026-09: 22454 candles | 98.4% done (27 left)
2026-09-22 06:04:14 w0 ICP-USD 2026-09: 22324 candles | 98.4% done (27 left)
2026-09-22 06:04:46 w0 XLM-USD 2026-09: 30333 candles | 98.4% done (27 left)
2026-09-22 06:05:17 w0 SHIB-USD 2026-09: 12547 candles | 98.4% done (27 left)
2026-09-22 06:05:47 w0 GRT-USD 2026-09: 12703 candles | 98.4% done (27 left)
2026-09-22 06:06:18 w0 XTZ-USD 2026-09: 13296 candles | 98.4% done (27 left)
2026-09-22 06:06:49 w0 DASH-USD 2026-09: 18030 candles | 98.4% done (27 left)
2026-09-22 06:07:19 w0 SNX-USD 2026-09: 3886 candles | 98.4% done (27 left)
worker done
worker 0/2: 14 months to fetch
2026-09-22 06:15:33 w0 BTC-USD 2026-09: 30615 candles | 98.4% done (27 left)
2026-09-22 06:16:05 w0 SOL-USD 2026-09: 30615 candles | 98.4% done (27 left)
2026-09-22 06:16:37 w0 AVAX-USD 2026-09: 28511 candles | 98.4% done (27 left)
2026-09-22 06:17:09 w0 LTC-USD 2026-09: 30610 candles | 98.4% done (27 left)
2026-09-22 06:17:41 w0 DOGE-USD 2026-09: 29408 candles | 98.4% done (27 left)
2026-09-22 06:18:13 w0 UNI-USD 2026-09: 30472 candles | 98.4% done (27 left)
2026-09-22 06:18:44 w0 ALGO-USD 2026-09: 22462 candles | 98.4% done (27 left)
2026-09-22 06:19:16 w0 ICP-USD 2026-09: 22336 candles | 98.4% done (27 left)
2026-09-22 06:19:48 w0 XLM-USD 2026-09: 30348 candles | 98.4% done (27 left)
2026-09-22 06:20:19 w0 SHIB-USD 2026-09: 12559 candles | 98.4% done (27 left)
2026-09-22 06:20:49 w0 GRT-USD 2026-09: 12710 candles | 98.4% done (27 left)
2026-09-22 06:21:20 w0 XTZ-USD 2026-09: 13308 candles | 98.4% done (27 left)
2026-09-22 06:21:51 w0 DASH-USD 2026-09: 18038 candles | 98.4% done (27 left)
2026-09-22 06:22:22 w0 SNX-USD 2026-09: 3886 candles | 98.4% done (27 left)
worker done
worker 0/2: 14 months to fetch
2026-09-22 06:30:33 w0 BTC-USD 2026-09: 30630 candles | 98.4% done (27 left)
2026-09-22 06:31:04 w0 SOL-USD 2026-09: 30630 candles | 98.4% done (27 left)
2026-09-22 06:31:36 w0 AVAX-USD 2026-09: 28526 candles | 98.4% done (27 left)
2026-09-22 06:32:08 w0 LTC-USD 2026-09: 30625 candles | 98.4% done (27 left)
2026-09-22 06:32:40 w0 DOGE-USD 2026-09: 29423 candles | 98.4% done (27 left)
2026-09-22 06:33:12 w0 UNI-USD 2026-09: 30487 candles | 98.4% done (27 left)
2026-09-22 06:33:44 w0 ALGO-USD 2026-09: 22468 candles | 98.4% done (27 left)
2026-09-22 06:34:15 w0 ICP-USD 2026-09: 22350 candles | 98.4% done (27 left)
2026-09-22 06:34:47 w0 XLM-USD 2026-09: 30363 candles | 98.4% done (27 left)
2026-09-22 06:35:18 w0 SHIB-USD 2026-09: 12571 candles | 98.4% done (27 left)
2026-09-22 06:35:48 w0 GRT-USD 2026-09: 12714 candles | 98.4% done (27 left)
2026-09-22 06:36:19 w0 XTZ-USD 2026-09: 13318 candles | 98.4% done (27 left)
2026-09-22 06:36:50 w0 DASH-USD 2026-09: 18044 candles | 98.4% done (27 left)
2026-09-22 06:37:21 w0 SNX-USD 2026-09: 3890 candles | 98.4% done (27 left)
worker done
worker 0/2: 14 months to fetch
2026-09-22 06:45:32 w0 BTC-USD 2026-09: 30645 candles | 98.4% done (27 left)
2026-09-22 06:46:04 w0 SOL-USD 2026-09: 30645 candles | 98.4% done (27 left)
2026-09-22 06:46:36 w0 AVAX-USD 2026-09: 28541 candles | 98.4% done (27 left)
2026-09-22 06:47:08 w0 LTC-USD 2026-09: 30640 candles | 98.4% done (27 left)
2026-09-22 06:47:40 w0 DOGE-USD 2026-09: 29438 candles | 98.4% done (27 left)
2026-09-22 06:48:11 w0 UNI-USD 2026-09: 30502 candles | 98.4% done (27 left)
2026-09-22 06:48:43 w0 ALGO-USD 2026-09: 22475 candles | 98.4% done (27 left)
2026-09-22 06:49:14 w0 ICP-USD 2026-09: 22360 candles | 98.4% done (27 left)
2026-09-22 06:49:46 w0 XLM-USD 2026-09: 30378 candles | 98.4% done (27 left)
2026-09-22 06:50:17 w0 SHIB-USD 2026-09: 12581 candles | 98.4% done (27 left)
2026-09-22 06:50:48 w0 GRT-USD 2026-09: 12718 candles | 98.4% done (27 left)
2026-09-22 06:51:18 w0 XTZ-USD 2026-09: 13328 candles | 98.4% done (27 left)
2026-09-22 06:51:49 w0 DASH-USD 2026-09: 18049 candles | 98.4% done (27 left)
2026-09-22 06:52:20 w0 SNX-USD 2026-09: 3893 candles | 98.4% done (27 left)
worker done
worker 0/2: 14 months to fetch
2026-09-22 07:00:32 w0 BTC-USD 2026-09: 30660 candles | 98.4% done (27 left)
2026-09-22 07:01:04 w0 SOL-USD 2026-09: 30660 candles | 98.4% done (27 left)
2026-09-22 07:01:35 w0 AVAX-USD 2026-09: 28556 candles | 98.4% done (27 left)
2026-09-22 07:02:07 w0 LTC-USD 2026-09: 30655 candles | 98.4% done (27 left)
2026-09-22 07:02:39 w0 DOGE-USD 2026-09: 29453 candles | 98.4% done (27 left)
2026-09-22 07:03:11 w0 UNI-USD 2026-09: 30517 candles | 98.4% done (27 left)
2026-09-22 07:03:42 w0 ALGO-USD 2026-09: 22482 candles | 98.4% done (27 left)
2026-09-22 07:04:13 w0 ICP-USD 2026-09: 22371 candles | 98.4% done (27 left)
2026-09-22 07:04:45 w0 XLM-USD 2026-09: 30393 candles | 98.4% done (27 left)
2026-09-22 07:05:16 w0 SHIB-USD 2026-09: 12588 candles | 98.4% done (27 left)
2026-09-22 07:05:47 w0 GRT-USD 2026-09: 12723 candles | 98.4% done (27 left)
2026-09-22 07:06:17 w0 XTZ-USD 2026-09: 13337 candles | 98.4% done (27 left)
2026-09-22 07:06:48 w0 DASH-USD 2026-09: 18053 candles | 98.4% done (27 left)
2026-09-22 07:07:19 w0 SNX-USD 2026-09: 3895 candles | 98.4% done (27 left)
worker done
worker 0/2: 14 months to fetch
2026-09-22 07:15:32 w0 BTC-USD 2026-09: 30675 candles | 98.4% done (27 left)
2026-09-22 07:16:04 w0 SOL-USD 2026-09: 30675 candles | 98.4% done (27 left)
2026-09-22 07:16:35 w0 AVAX-USD 2026-09: 28571 candles | 98.4% done (27 left)
2026-09-22 07:17:07 w0 LTC-USD 2026-09: 30670 candles | 98.4% done (27 left)
2026-09-22 07:17:39 w0 DOGE-USD 2026-09: 29468 candles | 98.4% done (27 left)
2026-09-22 07:18:10 w0 UNI-USD 2026-09: 30532 candles | 98.4% done (27 left)
2026-09-22 07:18:42 w0 ALGO-USD 2026-09: 22494 candles | 98.4% done (27 left)
2026-09-22 07:19:13 w0 ICP-USD 2026-09: 22384 candles | 98.4% done (27 left)
2026-09-22 07:19:45 w0 XLM-USD 2026-09: 30408 candles | 98.4% done (27 left)
2026-09-22 07:20:16 w0 SHIB-USD 2026-09: 12597 candles | 98.4% done (27 left)
2026-09-22 07:20:47 w0 GRT-USD 2026-09: 12729 candles | 98.4% done (27 left)
2026-09-22 07:21:17 w0 XTZ-USD 2026-09: 13346 candles | 98.4% done (27 left)
2026-09-22 07:21:48 w0 DASH-USD 2026-09: 18057 candles | 98.4% done (27 left)
2026-09-22 07:22:19 w0 SNX-USD 2026-09: 3895 candles | 98.4% done (27 left)
worker done
worker 0/2: 14 months to fetch
2026-09-22 07:30:33 w0 BTC-USD 2026-09: 30690 candles | 98.4% done (27 left)
2026-09-22 07:31:04 w0 SOL-USD 2026-09: 30690 candles | 98.4% done (27 left)
2026-09-22 07:31:36 w0 AVAX-USD 2026-09: 28586 candles | 98.4% done (27 left)
2026-09-22 07:32:08 w0 LTC-USD 2026-09: 30685 candles | 98.4% done (27 left)
2026-09-22 07:32:39 w0 DOGE-USD 2026-09: 29483 candles | 98.4% done (27 left)
2026-09-22 07:33:11 w0 UNI-USD 2026-09: 30547 candles | 98.4% done (27 left)
2026-09-22 07:33:43 w0 ALGO-USD 2026-09: 22504 candles | 98.4% done (27 left)
2026-09-22 07:34:14 w0 ICP-USD 2026-09: 22395 candles | 98.4% done (27 left)
2026-09-22 07:34:46 w0 XLM-USD 2026-09: 30423 candles | 98.4% done (27 left)
2026-09-22 07:35:17 w0 SHIB-USD 2026-09: 12607 candles | 98.4% done (27 left)
2026-09-22 07:35:48 w0 GRT-USD 2026-09: 12735 candles | 98.4% done (27 left)
2026-09-22 07:36:18 w0 XTZ-USD 2026-09: 13358 candles | 98.4% done (27 left)
2026-09-22 07:36:49 w0 DASH-USD 2026-09: 18062 candles | 98.4% done (27 left)
2026-09-22 07:37:20 w0 SNX-USD 2026-09: 3897 candles | 98.4% done (27 left)
worker done
worker 0/2: 14 months to fetch
2026-09-22 07:45:33 w0 BTC-USD 2026-09: 30705 candles | 98.4% done (27 left)
2026-09-22 07:46:05 w0 SOL-USD 2026-09: 30705 candles | 98.4% done (27 left)
2026-09-22 07:46:36 w0 AVAX-USD 2026-09: 28601 candles | 98.4% done (27 left)
2026-09-22 07:47:08 w0 LTC-USD 2026-09: 30700 candles | 98.4% done (27 left)
2026-09-22 07:47:40 w0 DOGE-USD 2026-09: 29498 candles | 98.4% done (27 left)
2026-09-22 07:48:12 w0 UNI-USD 2026-09: 30562 candles | 98.4% done (27 left)
2026-09-22 07:48:43 w0 ALGO-USD 2026-09: 22516 candles | 98.4% done (27 left)
2026-09-22 07:49:14 w0 ICP-USD 2026-09: 22407 candles | 98.4% done (27 left)
2026-09-22 07:49:47 w0 XLM-USD 2026-09: 30438 candles | 98.4% done (27 left)
2026-09-22 07:50:17 w0 SHIB-USD 2026-09: 12620 candles | 98.4% done (27 left)
2026-09-22 07:50:48 w0 GRT-USD 2026-09: 12739 candles | 98.4% done (27 left)
2026-09-22 07:51:19 w0 XTZ-USD 2026-09: 13367 candles | 98.4% done (27 left)
2026-09-22 07:51:50 w0 DASH-USD 2026-09: 18067 candles | 98.4% done (27 left)
2026-09-22 07:52:20 w0 SNX-USD 2026-09: 3898 candles | 98.4% done (27 left)
worker done
worker 0/2: 14 months to fetch
2026-09-22 08:00:33 w0 BTC-USD 2026-09: 30720 candles | 98.4% done (27 left)
2026-09-22 08:01:05 w0 SOL-USD 2026-09: 30720 candles | 98.4% done (27 left)
2026-09-22 08:01:37 w0 AVAX-USD 2026-09: 28616 candles | 98.4% done (27 left)
2026-09-22 08:02:08 w0 LTC-USD 2026-09: 30715 candles | 98.4% done (27 left)
2026-09-22 08:02:40 w0 DOGE-USD 2026-09: 29513 candles | 98.4% done (27 left)
2026-09-22 08:03:12 w0 UNI-USD 2026-09: 30577 candles | 98.4% done (27 left)
2026-09-22 08:03:43 w0 ALGO-USD 2026-09: 22526 candles | 98.4% done (27 left)
2026-09-22 08:04:15 w0 ICP-USD 2026-09: 22418 candles | 98.4% done (27 left)
2026-09-22 08:04:47 w0 XLM-USD 2026-09: 30453 candles | 98.4% done (27 left)
2026-09-22 08:05:18 w0 SHIB-USD 2026-09: 12634 candles | 98.4% done (27 left)
2026-09-22 08:05:48 w0 GRT-USD 2026-09: 12744 candles | 98.4% done (27 left)
2026-09-22 08:06:19 w0 XTZ-USD 2026-09: 13378 candles | 98.4% done (27 left)
2026-09-22 08:06:50 w0 DASH-USD 2026-09: 18076 candles | 98.4% done (27 left)
2026-09-22 08:07:21 w0 SNX-USD 2026-09: 3900 candles | 98.4% done (27 left)
worker done
worker 0/2: 14 months to fetch
2026-09-22 08:15:32 w0 BTC-USD 2026-09: 30735 candles | 98.4% done (27 left)
2026-09-22 08:16:04 w0 SOL-USD 2026-09: 30735 candles | 98.4% done (27 left)
2026-09-22 08:16:36 w0 AVAX-USD 2026-09: 28631 candles | 98.4% done (27 left)
2026-09-22 08:17:08 w0 LTC-USD 2026-09: 30730 candles | 98.4% done (27 left)
2026-09-22 08:17:40 w0 DOGE-USD 2026-09: 29528 candles | 98.4% done (27 left)
2026-09-22 08:18:11 w0 UNI-USD 2026-09: 30592 candles | 98.4% done (27 left)
2026-09-22 08:18:43 w0 ALGO-USD 2026-09: 22534 candles | 98.4% done (27 left)
2026-09-22 08:19:15 w0 ICP-USD 2026-09: 22429 candles | 98.4% done (27 left)
2026-09-22 08:19:47 w0 XLM-USD 2026-09: 30468 candles | 98.4% done (27 left)
2026-09-22 08:20:18 w0 SHIB-USD 2026-09: 12645 candles | 98.4% done (27 left)
2026-09-22 08:20:49 w0 GRT-USD 2026-09: 12754 candles | 98.4% done (27 left)
2026-09-22 08:21:19 w0 XTZ-USD 2026-09: 13386 candles | 98.4% done (27 left)
2026-09-22 08:21:50 w0 DASH-USD 2026-09: 18079 candles | 98.4% done (27 left)
2026-09-22 08:22:21 w0 SNX-USD 2026-09: 3902 candles | 98.4% done (27 left)
worker done
worker 0/2: 14 months to fetch
2026-09-22 08:30:33 w0 BTC-USD 2026-09: 30750 candles | 98.4% done (27 left)
2026-09-22 08:31:05 w0 SOL-USD 2026-09: 30750 candles | 98.4% done (27 left)
2026-09-22 08:31:36 w0 AVAX-USD 2026-09: 28646 candles | 98.4% done (27 left)
2026-09-22 08:32:10 w0 LTC-USD 2026-09: 30745 candles | 98.4% done (27 left)
2026-09-22 08:32:42 w0 DOGE-USD 2026-09: 29543 candles | 98.4% done (27 left)
2026-09-22 08:33:14 w0 UNI-USD 2026-09: 30607 candles | 98.4% done (27 left)
2026-09-22 08:33:45 w0 ALGO-USD 2026-09: 22541 candles | 98.4% done (27 left)
2026-09-22 08:34:17 w0 ICP-USD 2026-09: 22440 candles | 98.4% done (27 left)
2026-09-22 08:34:49 w0 XLM-USD 2026-09: 30483 candles | 98.4% done (27 left)
2026-09-22 08:35:20 w0 SHIB-USD 2026-09: 12653 candles | 98.4% done (27 left)
2026-09-22 08:35:50 w0 GRT-USD 2026-09: 12762 candles | 98.4% done (27 left)
2026-09-22 08:36:21 w0 XTZ-USD 2026-09: 13397 candles | 98.4% done (27 left)
2026-09-22 08:36:52 w0 DASH-USD 2026-09: 18086 candles | 98.4% done (27 left)
2026-09-22 08:37:22 w0 SNX-USD 2026-09: 3904 candles | 98.4% done (27 left)
worker done
worker 0/2: 14 months to fetch
2026-09-22 08:45:33 w0 BTC-USD 2026-09: 30765 candles | 98.4% done (27 left)
2026-09-22 08:46:05 w0 SOL-USD 2026-09: 30765 candles | 98.4% done (27 left)
2026-09-22 08:46:36 w0 AVAX-USD 2026-09: 28661 candles | 98.4% done (27 left)
2026-09-22 08:47:08 w0 LTC-USD 2026-09: 30760 candles | 98.4% done (27 left)
2026-09-22 08:47:40 w0 DOGE-USD 2026-09: 29558 candles | 98.4% done (27 left)
2026-09-22 08:48:12 w0 UNI-USD 2026-09: 30622 candles | 98.4% done (27 left)
2026-09-22 08:48:43 w0 ALGO-USD 2026-09: 22552 candles | 98.4% done (27 left)
2026-09-22 08:49:14 w0 ICP-USD 2026-09: 22447 candles | 98.4% done (27 left)
2026-09-22 08:49:47 w0 XLM-USD 2026-09: 30498 candles | 98.4% done (27 left)
2026-09-22 08:50:17 w0 SHIB-USD 2026-09: 12666 candles | 98.4% done (27 left)
2026-09-22 08:50:48 w0 GRT-USD 2026-09: 12771 candles | 98.4% done (27 left)
2026-09-22 08:51:18 w0 XTZ-USD 2026-09: 13410 candles | 98.4% done (27 left)
2026-09-22 08:51:49 w0 DASH-USD 2026-09: 18093 candles | 98.4% done (27 left)
2026-09-22 08:52:20 w0 SNX-USD 2026-09: 3910 candles | 98.4% done (27 left)
worker done
worker 0/2: 14 months to fetch
2026-09-22 09:00:33 w0 BTC-USD 2026-09: 30780 candles | 98.4% done (27 left)
2026-09-22 09:01:04 w0 SOL-USD 2026-09: 30780 candles | 98.4% done (27 left)
2026-09-22 09:01:36 w0 AVAX-USD 2026-09: 28676 candles | 98.4% done (27 left)
2026-09-22 09:02:08 w0 LTC-USD 2026-09: 30775 candles | 98.4% done (27 left)
2026-09-22 09:02:40 w0 DOGE-USD 2026-09: 29573 candles | 98.4% done (27 left)
2026-09-22 09:03:11 w0 UNI-USD 2026-09: 30637 candles | 98.4% done (27 left)
2026-09-22 09:03:43 w0 ALGO-USD 2026-09: 22565 candles | 98.4% done (27 left)
2026-09-22 09:04:14 w0 ICP-USD 2026-09: 22460 candles | 98.4% done (27 left)
2026-09-22 09:04:47 w0 XLM-USD 2026-09: 30513 candles | 98.4% done (27 left)
2026-09-22 09:05:17 w0 SHIB-USD 2026-09: 12679 candles | 98.4% done (27 left)
2026-09-22 09:05:48 w0 GRT-USD 2026-09: 12781 candles | 98.4% done (27 left)
2026-09-22 09:06:19 w0 XTZ-USD 2026-09: 13418 candles | 98.4% done (27 left)
2026-09-22 09:06:50 w0 DASH-USD 2026-09: 18099 candles | 98.4% done (27 left)
2026-09-22 09:07:20 w0 SNX-USD 2026-09: 3913 candles | 98.4% done (27 left)
worker done
worker 0/2: 14 months to fetch
2026-09-22 09:15:32 w0 BTC-USD 2026-09: 30795 candles | 98.4% done (27 left)
2026-09-22 09:16:04 w0 SOL-USD 2026-09: 30795 candles | 98.4% done (27 left)
2026-09-22 09:16:36 w0 AVAX-USD 2026-09: 28691 candles | 98.4% done (27 left)
2026-09-22 09:17:08 w0 LTC-USD 2026-09: 30790 candles | 98.4% done (27 left)
2026-09-22 09:17:39 w0 DOGE-USD 2026-09: 29588 candles | 98.4% done (27 left)
2026-09-22 09:18:11 w0 UNI-USD 2026-09: 30652 candles | 98.4% done (27 left)
2026-09-22 09:18:42 w0 ALGO-USD 2026-09: 22574 candles | 98.4% done (27 left)
2026-09-22 09:19:14 w0 ICP-USD 2026-09: 22475 candles | 98.4% done (27 left)
2026-09-22 09:19:46 w0 XLM-USD 2026-09: 30528 candles | 98.4% done (27 left)
2026-09-22 09:20:17 w0 SHIB-USD 2026-09: 12687 candles | 98.4% done (27 left)
2026-09-22 09:20:47 w0 GRT-USD 2026-09: 12791 candles | 98.4% done (27 left)
2026-09-22 09:21:18 w0 XTZ-USD 2026-09: 13429 candles | 98.4% done (27 left)
2026-09-22 09:21:49 w0 DASH-USD 2026-09: 18109 candles | 98.4% done (27 left)
2026-09-22 09:22:20 w0 SNX-USD 2026-09: 3914 candles | 98.4% done (27 left)
worker done
worker 0/2: 14 months to fetch
2026-09-22 09:30:33 w0 BTC-USD 2026-09: 30810 candles | 98.4% done (27 left)
2026-09-22 09:31:04 w0 SOL-USD 2026-09: 30810 candles | 98.4% done (27 left)
2026-09-22 09:31:36 w0 AVAX-USD 2026-09: 28706 candles | 98.4% done (27 left)
2026-09-22 09:32:08 w0 LTC-USD 2026-09: 30805 candles | 98.4% done (27 left)
2026-09-22 09:32:40 w0 DOGE-USD 2026-09: 29603 candles | 98.4% done (27 left)
2026-09-22 09:33:12 w0 UNI-USD 2026-09: 30667 candles | 98.4% done (27 left)
2026-09-22 09:33:43 w0 ALGO-USD 2026-09: 22579 candles | 98.4% done (27 left)
2026-09-22 09:34:15 w0 ICP-USD 2026-09: 22485 candles | 98.4% done (27 left)
2026-09-22 09:34:47 w0 XLM-USD 2026-09: 30543 candles | 98.4% done (27 left)
2026-09-22 09:35:18 w0 SHIB-USD 2026-09: 12696 candles | 98.4% done (27 left)
2026-09-22 09:35:48 w0 GRT-USD 2026-09: 12801 candles | 98.4% done (27 left)
2026-09-22 09:36:19 w0 XTZ-USD 2026-09: 13443 candles | 98.4% done (27 left)
2026-09-22 09:36:50 w0 DASH-USD 2026-09: 18111 candles | 98.4% done (27 left)
2026-09-22 09:37:21 w0 SNX-USD 2026-09: 3915 candles | 98.4% done (27 left)
worker done
worker 0/2: 14 months to fetch
2026-09-22 09:45:32 w0 BTC-USD 2026-09: 30825 candles | 98.4% done (27 left)
2026-09-22 09:46:04 w0 SOL-USD 2026-09: 30825 candles | 98.4% done (27 left)
2026-09-22 09:46:36 w0 AVAX-USD 2026-09: 28721 candles | 98.4% done (27 left)
2026-09-22 09:47:08 w0 LTC-USD 2026-09: 30820 candles | 98.4% done (27 left)
2026-09-22 09:47:40 w0 DOGE-USD 2026-09: 29618 candles | 98.4% done (27 left)
2026-09-22 09:48:11 w0 UNI-USD 2026-09: 30682 candles | 98.4% done (27 left)
2026-09-22 09:48:43 w0 ALGO-USD 2026-09: 22583 candles | 98.4% done (27 left)
2026-09-22 09:49:14 w0 ICP-USD 2026-09: 22491 candles | 98.4% done (27 left)
2026-09-22 09:49:46 w0 XLM-USD 2026-09: 30558 candles | 98.4% done (27 left)
2026-09-22 09:50:17 w0 SHIB-USD 2026-09: 12704 candles | 98.4% done (27 left)
2026-09-22 09:50:47 w0 GRT-USD 2026-09: 12808 candles | 98.4% done (27 left)
2026-09-22 09:51:18 w0 XTZ-USD 2026-09: 13454 candles | 98.4% done (27 left)
2026-09-22 09:51:49 w0 DASH-USD 2026-09: 18114 candles | 98.4% done (27 left)
2026-09-22 09:52:20 w0 SNX-USD 2026-09: 3916 candles | 98.4% done (27 left)
worker done
worker 0/2: 14 months to fetch
2026-09-22 10:00:32 w0 BTC-USD 2026-09: 30840 candles | 98.4% done (27 left)
2026-09-22 10:01:04 w0 SOL-USD 2026-09: 30840 candles | 98.4% done (27 left)
2026-09-22 10:01:36 w0 AVAX-USD 2026-09: 28736 candles | 98.4% done (27 left)
2026-09-22 10:02:08 w0 LTC-USD 2026-09: 30835 candles | 98.4% done (27 left)
2026-09-22 10:02:40 w0 DOGE-USD 2026-09: 29633 candles | 98.4% done (27 left)
2026-09-22 10:03:11 w0 UNI-USD 2026-09: 30697 candles | 98.4% done (27 left)
2026-09-22 10:03:43 w0 ALGO-USD 2026-09: 22592 candles | 98.4% done (27 left)
2026-09-22 10:04:14 w0 ICP-USD 2026-09: 22499 candles | 98.4% done (27 left)
2026-09-22 10:04:46 w0 XLM-USD 2026-09: 30573 candles | 98.4% done (27 left)
2026-09-22 10:05:17 w0 SHIB-USD 2026-09: 12713 candles | 98.4% done (27 left)
2026-09-22 10:05:48 w0 GRT-USD 2026-09: 12814 candles | 98.4% done (27 left)
2026-09-22 10:06:19 w0 XTZ-USD 2026-09: 13464 candles | 98.4% done (27 left)
2026-09-22 10:06:50 w0 DASH-USD 2026-09: 18120 candles | 98.4% done (27 left)
2026-09-22 10:07:20 w0 SNX-USD 2026-09: 3919 candles | 98.4% done (27 left)
worker done
worker 0/2: 14 months to fetch
2026-09-22 10:15:33 w0 BTC-USD 2026-09: 30855 candles | 98.4% done (27 left)
2026-09-22 10:16:05 w0 SOL-USD 2026-09: 30855 candles | 98.4% done (27 left)
2026-09-22 10:16:36 w0 AVAX-USD 2026-09: 28751 candles | 98.4% done (27 left)
2026-09-22 10:17:08 w0 LTC-USD 2026-09: 30850 candles | 98.4% done (27 left)
2026-09-22 10:17:40 w0 DOGE-USD 2026-09: 29648 candles | 98.4% done (27 left)
2026-09-22 10:18:11 w0 UNI-USD 2026-09: 30712 candles | 98.4% done (27 left)
2026-09-22 10:18:43 w0 ALGO-USD 2026-09: 22598 candles | 98.4% done (27 left)
2026-09-22 10:19:14 w0 ICP-USD 2026-09: 22512 candles | 98.4% done (27 left)
2026-09-22 10:19:47 w0 XLM-USD 2026-09: 30588 candles | 98.4% done (27 left)
2026-09-22 10:20:18 w0 SHIB-USD 2026-09: 12721 candles | 98.4% done (27 left)
2026-09-22 10:20:49 w0 GRT-USD 2026-09: 12817 candles | 98.4% done (27 left)
2026-09-22 10:21:19 w0 XTZ-USD 2026-09: 13471 candles | 98.4% done (27 left)
2026-09-22 10:21:50 w0 DASH-USD 2026-09: 18122 candles | 98.4% done (27 left)
2026-09-22 10:22:21 w0 SNX-USD 2026-09: 3919 candles | 98.4% done (27 left)
worker done
worker 0/2: 14 months to fetch
2026-09-22 10:30:33 w0 BTC-USD 2026-09: 30870 candles | 98.4% done (27 left)
2026-09-22 10:31:05 w0 SOL-USD 2026-09: 30870 candles | 98.4% done (27 left)
2026-09-22 10:31:37 w0 AVAX-USD 2026-09: 28766 candles | 98.4% done (27 left)
2026-09-22 10:32:09 w0 LTC-USD 2026-09: 30865 candles | 98.4% done (27 left)
2026-09-22 10:32:41 w0 DOGE-USD 2026-09: 29662 candles | 98.4% done (27 left)
2026-09-22 10:33:13 w0 UNI-USD 2026-09: 30727 candles | 98.4% done (27 left)
2026-09-22 10:33:44 w0 ALGO-USD 2026-09: 22610 candles | 98.4% done (27 left)
2026-09-22 10:34:15 w0 ICP-USD 2026-09: 22521 candles | 98.4% done (27 left)
2026-09-22 10:34:48 w0 XLM-USD 2026-09: 30603 candles | 98.4% done (27 left)
2026-09-22 10:35:18 w0 SHIB-USD 2026-09: 12731 candles | 98.4% done (27 left)
2026-09-22 10:35:49 w0 GRT-USD 2026-09: 12822 candles | 98.4% done (27 left)
2026-09-22 10:36:20 w0 XTZ-USD 2026-09: 13481 candles | 98.4% done (27 left)
2026-09-22 10:36:51 w0 DASH-USD 2026-09: 18129 candles | 98.4% done (27 left)
2026-09-22 10:37:21 w0 SNX-USD 2026-09: 3923 candles | 98.4% done (27 left)
worker done
worker 0/2: 14 months to fetch
2026-09-22 10:45:32 w0 BTC-USD 2026-09: 30885 candles | 98.4% done (27 left)
2026-09-22 10:46:04 w0 SOL-USD 2026-09: 30885 candles | 98.4% done (27 left)
2026-09-22 10:46:36 w0 AVAX-USD 2026-09: 28781 candles | 98.4% done (27 left)
2026-09-22 10:47:08 w0 LTC-USD 2026-09: 30879 candles | 98.4% done (27 left)
2026-09-22 10:47:40 w0 DOGE-USD 2026-09: 29677 candles | 98.4% done (27 left)
2026-09-22 10:48:11 w0 UNI-USD 2026-09: 30742 candles | 98.4% done (27 left)
2026-09-22 10:48:43 w0 ALGO-USD 2026-09: 22621 candles | 98.4% done (27 left)
2026-09-22 10:49:15 w0 ICP-USD 2026-09: 22533 candles | 98.4% done (27 left)
2026-09-22 10:49:47 w0 XLM-USD 2026-09: 30618 candles | 98.4% done (27 left)
2026-09-22 10:50:18 w0 SHIB-USD 2026-09: 12738 candles | 98.4% done (27 left)
2026-09-22 10:50:49 w0 GRT-USD 2026-09: 12826 candles | 98.4% done (27 left)
2026-09-22 10:51:20 w0 XTZ-USD 2026-09: 13485 candles | 98.4% done (27 left)
2026-09-22 10:51:51 w0 DASH-USD 2026-09: 18131 candles | 98.4% done (27 left)
2026-09-22 10:52:21 w0 SNX-USD 2026-09: 3924 candles | 98.4% done (27 left)
worker done
worker 0/2: 14 months to fetch
2026-09-22 11:00:32 w0 BTC-USD 2026-09: 30900 candles | 98.4% done (27 left)
2026-09-22 11:01:04 w0 SOL-USD 2026-09: 30900 candles | 98.4% done (27 left)
2026-09-22 11:01:36 w0 AVAX-USD 2026-09: 28796 candles | 98.4% done (27 left)
2026-09-22 11:02:09 w0 LTC-USD 2026-09: 30894 candles | 98.4% done (27 left)
2026-09-22 11:02:41 w0 DOGE-USD 2026-09: 29692 candles | 98.4% done (27 left)
2026-09-22 11:03:13 w0 UNI-USD 2026-09: 30757 candles | 98.4% done (27 left)
2026-09-22 11:03:45 w0 ALGO-USD 2026-09: 22635 candles | 98.4% done (27 left)
2026-09-22 11:04:17 w0 ICP-USD 2026-09: 22538 candles | 98.4% done (27 left)
2026-09-22 11:04:50 w0 XLM-USD 2026-09: 30633 candles | 98.4% done (27 left)
2026-09-22 11:05:21 w0 SHIB-USD 2026-09: 12747 candles | 98.4% done (27 left)
2026-09-22 11:05:52 w0 GRT-USD 2026-09: 12833 candles | 98.4% done (27 left)
2026-09-22 11:06:23 w0 XTZ-USD 2026-09: 13491 candles | 98.4% done (27 left)
2026-09-22 11:06:55 w0 DASH-USD 2026-09: 18136 candles | 98.4% done (27 left)
2026-09-22 11:07:26 w0 SNX-USD 2026-09: 3926 candles | 98.4% done (27 left)
worker done
worker 0/2: 14 months to fetch
2026-09-22 11:15:34 w0 BTC-USD 2026-09: 30915 candles | 98.4% done (27 left)
2026-09-22 11:16:06 w0 SOL-USD 2026-09: 30915 candles | 98.4% done (27 left)
2026-09-22 11:16:39 w0 AVAX-USD 2026-09: 28811 candles | 98.4% done (27 left)
2026-09-22 11:17:11 w0 LTC-USD 2026-09: 30909 candles | 98.4% done (27 left)
2026-09-22 11:17:43 w0 DOGE-USD 2026-09: 29707 candles | 98.4% done (27 left)
2026-09-22 11:18:15 w0 UNI-USD 2026-09: 30772 candles | 98.4% done (27 left)
2026-09-22 11:18:48 w0 ALGO-USD 2026-09: 22645 candles | 98.4% done (27 left)
2026-09-22 11:19:19 w0 ICP-USD 2026-09: 22549 candles | 98.4% done (27 left)
2026-09-22 11:19:52 w0 XLM-USD 2026-09: 30648 candles | 98.4% done (27 left)
2026-09-22 11:20:24 w0 SHIB-USD 2026-09: 12756 candles | 98.4% done (27 left)
2026-09-22 11:20:55 w0 GRT-USD 2026-09: 12845 candles | 98.4% done (27 left)
2026-09-22 11:21:26 w0 XTZ-USD 2026-09: 13502 candles | 98.4% done (27 left)
2026-09-22 11:21:58 w0 DASH-USD 2026-09: 18142 candles | 98.4% done (27 left)
2026-09-22 11:22:29 w0 SNX-USD 2026-09: 3929 candles | 98.4% done (27 left)
worker done
worker 0/2: 14 months to fetch
2026-09-22 11:30:33 w0 BTC-USD 2026-09: 30930 candles | 98.4% done (27 left)
2026-09-22 11:31:05 w0 SOL-USD 2026-09: 30930 candles | 98.4% done (27 left)
2026-09-22 11:31:38 w0 AVAX-USD 2026-09: 28826 candles | 98.4% done (27 left)
2026-09-22 11:32:10 w0 LTC-USD 2026-09: 30924 candles | 98.4% done (27 left)
2026-09-22 11:32:43 w0 DOGE-USD 2026-09: 29722 candles | 98.4% done (27 left)
2026-09-22 11:33:15 w0 UNI-USD 2026-09: 30787 candles | 98.4% done (27 left)
2026-09-22 11:33:47 w0 ALGO-USD 2026-09: 22653 candles | 98.4% done (27 left)
2026-09-22 11:34:19 w0 ICP-USD 2026-09: 22560 candles | 98.4% done (27 left)
2026-09-22 11:34:52 w0 XLM-USD 2026-09: 30663 candles | 98.4% done (27 left)
2026-09-22 11:35:23 w0 SHIB-USD 2026-09: 12767 candles | 98.4% done (27 left)
2026-09-22 11:35:55 w0 GRT-USD 2026-09: 12854 candles | 98.4% done (27 left)
2026-09-22 11:36:26 w0 XTZ-USD 2026-09: 13509 candles | 98.4% done (27 left)
2026-09-22 11:36:58 w0 DASH-USD 2026-09: 18151 candles | 98.4% done (27 left)
2026-09-22 11:37:29 w0 SNX-USD 2026-09: 3930 candles | 98.4% done (27 left)
worker done
worker 0/2: 14 months to fetch
2026-09-22 11:45:34 w0 BTC-USD 2026-09: 30945 candles | 98.4% done (27 left)
2026-09-22 11:46:06 w0 SOL-USD 2026-09: 30945 candles | 98.4% done (27 left)
2026-09-22 11:46:39 w0 AVAX-USD 2026-09: 28841 candles | 98.4% done (27 left)
2026-09-22 11:47:12 w0 LTC-USD 2026-09: 30939 candles | 98.4% done (27 left)
2026-09-22 11:47:44 w0 DOGE-USD 2026-09: 29737 candles | 98.4% done (27 left)
2026-09-22 11:48:16 w0 UNI-USD 2026-09: 30802 candles | 98.4% done (27 left)
2026-09-22 11:48:49 w0 ALGO-USD 2026-09: 22662 candles | 98.4% done (27 left)
2026-09-22 11:49:21 w0 ICP-USD 2026-09: 22570 candles | 98.4% done (27 left)
2026-09-22 11:49:54 w0 XLM-USD 2026-09: 30678 candles | 98.4% done (27 left)
2026-09-22 11:50:25 w0 SHIB-USD 2026-09: 12777 candles | 98.4% done (27 left)
2026-09-22 11:50:56 w0 GRT-USD 2026-09: 12859 candles | 98.4% done (27 left)
2026-09-22 11:51:27 w0 XTZ-USD 2026-09: 13519 candles | 98.4% done (27 left)
2026-09-22 11:51:59 w0 DASH-USD 2026-09: 18159 candles | 98.4% done (27 left)
2026-09-22 11:52:30 w0 SNX-USD 2026-09: 3933 candles | 98.4% done (27 left)
worker done
worker 0/2: 14 months to fetch
2026-09-22 12:00:34 w0 BTC-USD 2026-09: 30960 candles | 98.4% done (27 left)
2026-09-22 12:01:07 w0 SOL-USD 2026-09: 30960 candles | 98.4% done (27 left)
2026-09-22 12:01:40 w0 AVAX-USD 2026-09: 28856 candles | 98.4% done (27 left)
2026-09-22 12:02:13 w0 LTC-USD 2026-09: 30954 candles | 98.4% done (27 left)
2026-09-22 12:02:46 w0 DOGE-USD 2026-09: 29752 candles | 98.4% done (27 left)
2026-09-22 12:03:18 w0 UNI-USD 2026-09: 30817 candles | 98.4% done (27 left)
2026-09-22 12:03:51 w0 ALGO-USD 2026-09: 22671 candles | 98.4% done (27 left)
2026-09-22 12:04:23 w0 ICP-USD 2026-09: 22581 candles | 98.4% done (27 left)
2026-09-22 12:04:57 w0 XLM-USD 2026-09: 30693 candles | 98.4% done (27 left)
2026-09-22 12:05:28 w0 SHIB-USD 2026-09: 12790 candles | 98.4% done (27 left)
2026-09-22 12:06:00 w0 GRT-USD 2026-09: 12869 candles | 98.4% done (27 left)
2026-09-22 12:06:32 w0 XTZ-USD 2026-09: 13535 candles | 98.4% done (27 left)
2026-09-22 12:07:04 w0 DASH-USD 2026-09: 18168 candles | 98.4% done (27 left)
2026-09-22 12:07:35 w0 SNX-USD 2026-09: 3934 candles | 98.4% done (27 left)
worker done
worker 0/2: 14 months to fetch
2026-09-22 12:15:34 w0 BTC-USD 2026-09: 30975 candles | 98.4% done (27 left)
2026-09-22 12:16:07 w0 SOL-USD 2026-09: 30975 candles | 98.4% done (27 left)
2026-09-22 12:16:40 w0 AVAX-USD 2026-09: 28871 candles | 98.4% done (27 left)
2026-09-22 12:17:13 w0 LTC-USD 2026-09: 30969 candles | 98.4% done (27 left)
2026-09-22 12:17:45 w0 DOGE-USD 2026-09: 29767 candles | 98.4% done (27 left)
2026-09-22 12:18:18 w0 UNI-USD 2026-09: 30832 candles | 98.4% done (27 left)
2026-09-22 12:18:51 w0 ALGO-USD 2026-09: 22679 candles | 98.4% done (27 left)
2026-09-22 12:19:23 w0 ICP-USD 2026-09: 22592 candles | 98.4% done (27 left)
2026-09-22 12:19:57 w0 XLM-USD 2026-09: 30708 candles | 98.4% done (27 left)
2026-09-22 12:20:36 w0 SHIB-USD 2026-09: 12803 candles | 98.4% done (27 left)
2026-09-22 12:21:07 w0 GRT-USD 2026-09: 12880 candles | 98.4% done (27 left)
2026-09-22 12:21:39 w0 XTZ-USD 2026-09: 13548 candles | 98.4% done (27 left)
2026-09-22 12:22:11 w0 DASH-USD 2026-09: 18176 candles | 98.4% done (27 left)
2026-09-22 12:22:42 w0 SNX-USD 2026-09: 3938 candles | 98.4% done (27 left)
worker done
worker 0/2: 14 months to fetch
2026-09-22 12:30:35 w0 BTC-USD 2026-09: 30990 candles | 98.4% done (27 left)
2026-09-22 12:31:08 w0 SOL-USD 2026-09: 30990 candles | 98.4% done (27 left)
2026-09-22 12:31:41 w0 AVAX-USD 2026-09: 28886 candles | 98.4% done (27 left)
2026-09-22 12:32:14 w0 LTC-USD 2026-09: 30984 candles | 98.4% done (27 left)
2026-09-22 12:32:47 w0 DOGE-USD 2026-09: 29782 candles | 98.4% done (27 left)
2026-09-22 12:33:22 w0 UNI-USD 2026-09: 30847 candles | 98.4% done (27 left)
2026-09-22 12:33:54 w0 ALGO-USD 2026-09: 22688 candles | 98.4% done (27 left)
2026-09-22 12:34:27 w0 ICP-USD 2026-09: 22604 candles | 98.4% done (27 left)
2026-09-22 12:35:00 w0 XLM-USD 2026-09: 30723 candles | 98.4% done (27 left)
2026-09-22 12:35:32 w0 SHIB-USD 2026-09: 12814 candles | 98.4% done (27 left)
2026-09-22 12:36:03 w0 GRT-USD 2026-09: 12888 candles | 98.4% done (27 left)
2026-09-22 12:36:35 w0 XTZ-USD 2026-09: 13554 candles | 98.4% done (27 left)
2026-09-22 12:37:08 w0 DASH-USD 2026-09: 18182 candles | 98.4% done (27 left)
2026-09-22 12:37:39 w0 SNX-USD 2026-09: 3939 candles | 98.4% done (27 left)
worker done
worker 0/2: 14 months to fetch
2026-09-22 12:45:34 w0 BTC-USD 2026-09: 31005 candles | 98.4% done (27 left)
2026-09-22 12:46:07 w0 SOL-USD 2026-09: 31005 candles | 98.4% done (27 left)
2026-09-22 12:46:40 w0 AVAX-USD 2026-09: 28901 candles | 98.4% done (27 left)
2026-09-22 12:47:14 w0 LTC-USD 2026-09: 30999 candles | 98.4% done (27 left)
2026-09-22 12:47:47 w0 DOGE-USD 2026-09: 29797 candles | 98.4% done (27 left)
2026-09-22 12:48:20 w0 UNI-USD 2026-09: 30862 candles | 98.4% done (27 left)
2026-09-22 12:48:52 w0 ALGO-USD 2026-09: 22701 candles | 98.4% done (27 left)
2026-09-22 12:49:25 w0 ICP-USD 2026-09: 22619 candles | 98.4% done (27 left)
2026-09-22 12:49:59 w0 XLM-USD 2026-09: 30738 candles | 98.4% done (27 left)
2026-09-22 12:50:31 w0 SHIB-USD 2026-09: 12820 candles | 98.4% done (27 left)
2026-09-22 12:51:03 w0 GRT-USD 2026-09: 12898 candles | 98.4% done (27 left)
2026-09-22 12:51:35 w0 XTZ-USD 2026-09: 13559 candles | 98.4% done (27 left)
2026-09-22 12:52:07 w0 DASH-USD 2026-09: 18191 candles | 98.4% done (27 left)
2026-09-22 12:52:39 w0 SNX-USD 2026-09: 3942 candles | 98.4% done (27 left)
worker done
worker 0/2: 14 months to fetch
2026-09-22 13:00:39 w0 BTC-USD 2026-09: 31020 candles | 98.4% done (27 left)
2026-09-22 13:01:13 w0 SOL-USD 2026-09: 31020 candles | 98.4% done (27 left)
2026-09-22 13:01:47 w0 AVAX-USD 2026-09: 28916 candles | 98.4% done (27 left)
2026-09-22 13:02:21 w0 LTC-USD 2026-09: 31014 candles | 98.4% done (27 left)
2026-09-22 13:02:55 w0 DOGE-USD 2026-09: 29812 candles | 98.4% done (27 left)
2026-09-22 13:03:29 w0 UNI-USD 2026-09: 30877 candles | 98.4% done (27 left)
2026-09-22 13:04:02 w0 ALGO-USD 2026-09: 22711 candles | 98.4% done (27 left)
2026-09-22 13:04:35 w0 ICP-USD 2026-09: 22633 candles | 98.4% done (27 left)
2026-09-22 13:05:09 w0 XLM-USD 2026-09: 30753 candles | 98.4% done (27 left)
2026-09-22 13:05:41 w0 SHIB-USD 2026-09: 12831 candles | 98.4% done (27 left)
2026-09-22 13:06:13 w0 GRT-USD 2026-09: 12909 candles | 98.4% done (27 left)
2026-09-22 13:06:45 w0 XTZ-USD 2026-09: 13568 candles | 98.4% done (27 left)
2026-09-22 13:07:18 w0 DASH-USD 2026-09: 18198 candles | 98.4% done (27 left)
2026-09-22 13:07:49 w0 SNX-USD 2026-09: 3947 candles | 98.4% done (27 left)
worker done
worker 0/2: 14 months to fetch
2026-09-22 13:15:35 w0 BTC-USD 2026-09: 31035 candles | 98.4% done (27 left)
2026-09-22 13:16:08 w0 SOL-USD 2026-09: 31035 candles | 98.4% done (27 left)
2026-09-22 13:16:41 w0 AVAX-USD 2026-09: 28931 candles | 98.4% done (27 left)
2026-09-22 13:17:14 w0 LTC-USD 2026-09: 31029 candles | 98.4% done (27 left)
2026-09-22 13:17:48 w0 DOGE-USD 2026-09: 29827 candles | 98.4% done (27 left)
2026-09-22 13:18:21 w0 UNI-USD 2026-09: 30892 candles | 98.4% done (27 left)
2026-09-22 13:18:54 w0 ALGO-USD 2026-09: 22726 candles | 98.4% done (27 left)
2026-09-22 13:19:28 w0 ICP-USD 2026-09: 22646 candles | 98.4% done (27 left)
2026-09-22 13:20:02 w0 XLM-USD 2026-09: 30768 candles | 98.4% done (27 left)
2026-09-22 13:20:35 w0 SHIB-USD 2026-09: 12841 candles | 98.4% done (27 left)
2026-09-22 13:21:07 w0 GRT-USD 2026-09: 12919 candles | 98.4% done (27 left)
2026-09-22 13:21:39 w0 XTZ-USD 2026-09: 13575 candles | 98.4% done (27 left)
2026-09-22 13:22:12 w0 DASH-USD 2026-09: 18206 candles | 98.4% done (27 left)
2026-09-22 13:22:44 w0 SNX-USD 2026-09: 3952 candles | 98.4% done (27 left)
worker done
worker 0/2: 14 months to fetch
2026-09-22 13:30:34 w0 BTC-USD 2026-09: 31050 candles | 98.4% done (27 left)
2026-09-22 13:31:08 w0 SOL-USD 2026-09: 31050 candles | 98.4% done (27 left)
2026-09-22 13:31:41 w0 AVAX-USD 2026-09: 28946 candles | 98.4% done (27 left)
2026-09-22 13:32:15 w0 LTC-USD 2026-09: 31044 candles | 98.4% done (27 left)
2026-09-22 13:32:49 w0 DOGE-USD 2026-09: 29842 candles | 98.4% done (27 left)
2026-09-22 13:33:22 w0 UNI-USD 2026-09: 30907 candles | 98.4% done (27 left)
2026-09-22 13:33:55 w0 ALGO-USD 2026-09: 22737 candles | 98.4% done (27 left)
2026-09-22 13:34:28 w0 ICP-USD 2026-09: 22659 candles | 98.4% done (27 left)
2026-09-22 13:35:02 w0 XLM-USD 2026-09: 30783 candles | 98.4% done (27 left)
2026-09-22 13:35:35 w0 SHIB-USD 2026-09: 12850 candles | 98.4% done (27 left)
2026-09-22 13:36:08 w0 GRT-USD 2026-09: 12931 candles | 98.4% done (27 left)
2026-09-22 13:36:40 w0 XTZ-USD 2026-09: 13581 candles | 98.4% done (27 left)
2026-09-22 13:37:13 w0 DASH-USD 2026-09: 18220 candles | 98.4% done (27 left)
2026-09-22 13:37:45 w0 SNX-USD 2026-09: 3960 candles | 98.4% done (27 left)
worker done
worker 0/2: 14 months to fetch
2026-09-22 13:45:35 w0 BTC-USD 2026-09: 31065 candles | 98.4% done (27 left)
2026-09-22 13:46:09 w0 SOL-USD 2026-09: 31065 candles | 98.4% done (27 left)
2026-09-22 13:46:42 w0 AVAX-USD 2026-09: 28961 candles | 98.4% done (27 left)
2026-09-22 13:47:17 w0 LTC-USD 2026-09: 31059 candles | 98.4% done (27 left)
2026-09-22 13:47:50 w0 DOGE-USD 2026-09: 29857 candles | 98.4% done (27 left)
2026-09-22 13:48:24 w0 UNI-USD 2026-09: 30922 candles | 98.4% done (27 left)
2026-09-22 13:48:57 w0 ALGO-USD 2026-09: 22751 candles | 98.4% done (27 left)
2026-09-22 13:49:30 w0 ICP-USD 2026-09: 22671 candles | 98.4% done (27 left)
2026-09-22 13:50:05 w0 XLM-USD 2026-09: 30798 candles | 98.4% done (27 left)
2026-09-22 13:50:37 w0 SHIB-USD 2026-09: 12862 candles | 98.4% done (27 left)
2026-09-22 13:51:10 w0 GRT-USD 2026-09: 12944 candles | 98.4% done (27 left)
2026-09-22 13:51:42 w0 XTZ-USD 2026-09: 13583 candles | 98.4% done (27 left)
2026-09-22 13:52:16 w0 DASH-USD 2026-09: 18232 candles | 98.4% done (27 left)
2026-09-22 13:52:48 w0 SNX-USD 2026-09: 3964 candles | 98.4% done (27 left)
worker done
worker 0/2: 14 months to fetch
2026-09-22 14:00:36 w0 BTC-USD 2026-09: 31080 candles | 98.4% done (27 left)
2026-09-22 14:01:11 w0 SOL-USD 2026-09: 31080 candles | 98.4% done (27 left)
2026-09-22 14:01:50 w0 AVAX-USD 2026-09: 28976 candles | 98.4% done (27 left)
2026-09-22 14:02:24 w0 LTC-USD 2026-09: 31074 candles | 98.4% done (27 left)
2026-09-22 14:02:58 w0 DOGE-USD 2026-09: 29872 candles | 98.4% done (27 left)
2026-09-22 14:03:32 w0 UNI-USD 2026-09: 30937 candles | 98.4% done (27 left)
2026-09-22 14:04:06 w0 ALGO-USD 2026-09: 22761 candles | 98.4% done (27 left)
2026-09-22 14:04:39 w0 ICP-USD 2026-09: 22682 candles | 98.4% done (27 left)
2026-09-22 14:05:14 w0 XLM-USD 2026-09: 30813 candles | 98.4% done (27 left)
2026-09-22 14:05:46 w0 SHIB-USD 2026-09: 12874 candles | 98.4% done (27 left)
2026-09-22 14:06:19 w0 GRT-USD 2026-09: 12955 candles | 98.4% done (27 left)
2026-09-22 14:06:51 w0 XTZ-USD 2026-09: 13589 candles | 98.4% done (27 left)
2026-09-22 14:07:25 w0 DASH-USD 2026-09: 18239 candles | 98.4% done (27 left)
2026-09-22 14:07:57 w0 SNX-USD 2026-09: 3968 candles | 98.4% done (27 left)
worker done
worker 0/2: 14 months to fetch
2026-09-22 14:15:35 w0 BTC-USD 2026-09: 31095 candles | 98.4% done (27 left)
2026-09-22 14:16:09 w0 SOL-USD 2026-09: 31095 candles | 98.4% done (27 left)
2026-09-22 14:16:42 w0 AVAX-USD 2026-09: 28991 candles | 98.4% done (27 left)
2026-09-22 14:17:16 w0 LTC-USD 2026-09: 31089 candles | 98.4% done (27 left)
2026-09-22 14:17:49 w0 DOGE-USD 2026-09: 29887 candles | 98.4% done (27 left)
2026-09-22 14:18:22 w0 UNI-USD 2026-09: 30952 candles | 98.4% done (27 left)
2026-09-22 14:18:56 w0 ALGO-USD 2026-09: 22776 candles | 98.4% done (27 left)
2026-09-22 14:19:29 w0 ICP-USD 2026-09: 22693 candles | 98.4% done (27 left)
2026-09-22 14:20:03 w0 XLM-USD 2026-09: 30828 candles | 98.4% done (27 left)
2026-09-22 14:20:35 w0 SHIB-USD 2026-09: 12882 candles | 98.4% done (27 left)
2026-09-22 14:21:08 w0 GRT-USD 2026-09: 12969 candles | 98.4% done (27 left)
2026-09-22 14:21:41 w0 XTZ-USD 2026-09: 13595 candles | 98.4% done (27 left)
2026-09-22 14:22:13 w0 DASH-USD 2026-09: 18251 candles | 98.4% done (27 left)
2026-09-22 14:22:45 w0 SNX-USD 2026-09: 3970 candles | 98.4% done (27 left)
worker done
worker 0/2: 14 months to fetch
2026-09-22 14:30:34 w0 BTC-USD 2026-09: 31110 candles | 98.4% done (27 left)
2026-09-22 14:31:09 w0 SOL-USD 2026-09: 31110 candles | 98.4% done (27 left)
2026-09-22 14:31:43 w0 AVAX-USD 2026-09: 29006 candles | 98.4% done (27 left)
2026-09-22 14:32:17 w0 LTC-USD 2026-09: 31104 candles | 98.4% done (27 left)
2026-09-22 14:32:50 w0 DOGE-USD 2026-09: 29902 candles | 98.4% done (27 left)
2026-09-22 14:33:24 w0 UNI-USD 2026-09: 30967 candles | 98.4% done (27 left)
2026-09-22 14:33:57 w0 ALGO-USD 2026-09: 22791 candles | 98.4% done (27 left)
2026-09-22 14:34:31 w0 ICP-USD 2026-09: 22704 candles | 98.4% done (27 left)
2026-09-22 14:35:05 w0 XLM-USD 2026-09: 30843 candles | 98.4% done (27 left)
2026-09-22 14:35:38 w0 SHIB-USD 2026-09: 12892 candles | 98.4% done (27 left)
2026-09-22 14:36:10 w0 GRT-USD 2026-09: 12980 candles | 98.4% done (27 left)
2026-09-22 14:36:43 w0 XTZ-USD 2026-09: 13604 candles | 98.4% done (27 left)
2026-09-22 14:37:16 w0 DASH-USD 2026-09: 18265 candles | 98.4% done (27 left)
2026-09-22 14:37:48 w0 SNX-USD 2026-09: 3973 candles | 98.4% done (27 left)
worker done
worker 0/2: 14 months to fetch
2026-09-22 14:45:35 w0 BTC-USD 2026-09: 31125 candles | 98.4% done (27 left)
2026-09-22 14:46:10 w0 SOL-USD 2026-09: 31125 candles | 98.4% done (27 left)
2026-09-22 14:46:44 w0 AVAX-USD 2026-09: 29021 candles | 98.4% done (27 left)
2026-09-22 14:47:18 w0 LTC-USD 2026-09: 31119 candles | 98.4% done (27 left)
2026-09-22 14:47:52 w0 DOGE-USD 2026-09: 29917 candles | 98.4% done (27 left)
2026-09-22 14:48:26 w0 UNI-USD 2026-09: 30982 candles | 98.4% done (27 left)
2026-09-22 14:48:59 w0 ALGO-USD 2026-09: 22802 candles | 98.4% done (27 left)
2026-09-22 14:49:32 w0 ICP-USD 2026-09: 22719 candles | 98.4% done (27 left)
2026-09-22 14:50:06 w0 XLM-USD 2026-09: 30858 candles | 98.4% done (27 left)
2026-09-22 14:50:38 w0 SHIB-USD 2026-09: 12902 candles | 98.4% done (27 left)
2026-09-22 14:51:11 w0 GRT-USD 2026-09: 12992 candles | 98.4% done (27 left)
2026-09-22 14:51:44 w0 XTZ-USD 2026-09: 13611 candles | 98.4% done (27 left)
2026-09-22 14:52:18 w0 DASH-USD 2026-09: 18278 candles | 98.4% done (27 left)
2026-09-22 14:52:50 w0 SNX-USD 2026-09: 3976 candles | 98.4% done (27 left)
worker done
worker 0/2: 14 months to fetch
2026-09-22 15:00:35 w0 BTC-USD 2026-09: 31140 candles | 98.4% done (27 left)
2026-09-22 15:01:09 w0 SOL-USD 2026-09: 31140 candles | 98.4% done (27 left)
2026-09-22 15:01:43 w0 AVAX-USD 2026-09: 29036 candles | 98.4% done (27 left)
2026-09-22 15:02:17 w0 LTC-USD 2026-09: 31134 candles | 98.4% done (27 left)
2026-09-22 15:02:52 w0 DOGE-USD 2026-09: 29932 candles | 98.4% done (27 left)
2026-09-22 15:03:25 w0 UNI-USD 2026-09: 30997 candles | 98.4% done (27 left)
2026-09-22 15:03:58 w0 ALGO-USD 2026-09: 22814 candles | 98.4% done (27 left)
2026-09-22 15:04:31 w0 ICP-USD 2026-09: 22733 candles | 98.4% done (27 left)
2026-09-22 15:05:05 w0 XLM-USD 2026-09: 30873 candles | 98.4% done (27 left)
2026-09-22 15:05:37 w0 SHIB-USD 2026-09: 12912 candles | 98.4% done (27 left)
2026-09-22 15:06:10 w0 GRT-USD 2026-09: 13005 candles | 98.4% done (27 left)
2026-09-22 15:06:42 w0 XTZ-USD 2026-09: 13620 candles | 98.4% done (27 left)
2026-09-22 15:07:15 w0 DASH-USD 2026-09: 18290 candles | 98.4% done (27 left)
2026-09-22 15:07:47 w0 SNX-USD 2026-09: 3978 candles | 98.4% done (27 left)
worker done
worker 0/2: 14 months to fetch
2026-09-22 15:15:34 w0 BTC-USD 2026-09: 31155 candles | 98.4% done (27 left)
2026-09-22 15:16:08 w0 SOL-USD 2026-09: 31155 candles | 98.4% done (27 left)
2026-09-22 15:16:41 w0 AVAX-USD 2026-09: 29051 candles | 98.4% done (27 left)
2026-09-22 15:17:14 w0 LTC-USD 2026-09: 31149 candles | 98.4% done (27 left)
2026-09-22 15:17:47 w0 DOGE-USD 2026-09: 29947 candles | 98.4% done (27 left)
2026-09-22 15:18:20 w0 UNI-USD 2026-09: 31012 candles | 98.4% done (27 left)
2026-09-22 15:18:54 w0 ALGO-USD 2026-09: 22826 candles | 98.4% done (27 left)
2026-09-22 15:19:27 w0 ICP-USD 2026-09: 22745 candles | 98.4% done (27 left)
2026-09-22 15:20:00 w0 XLM-USD 2026-09: 30888 candles | 98.4% done (27 left)
2026-09-22 15:20:33 w0 SHIB-USD 2026-09: 12923 candles | 98.4% done (27 left)
2026-09-22 15:21:05 w0 GRT-USD 2026-09: 13015 candles | 98.4% done (27 left)
2026-09-22 15:21:37 w0 XTZ-USD 2026-09: 13631 candles | 98.4% done (27 left)
2026-09-22 15:22:10 w0 DASH-USD 2026-09: 18301 candles | 98.4% done (27 left)
2026-09-22 15:22:42 w0 SNX-USD 2026-09: 3981 candles | 98.4% done (27 left)
worker done
worker 0/2: 14 months to fetch
2026-09-22 15:30:34 w0 BTC-USD 2026-09: 31170 candles | 98.4% done (27 left)
2026-09-22 15:31:08 w0 SOL-USD 2026-09: 31170 candles | 98.4% done (27 left)
2026-09-22 15:31:42 w0 AVAX-USD 2026-09: 29066 candles | 98.4% done (27 left)
2026-09-22 15:32:16 w0 LTC-USD 2026-09: 31164 candles | 98.4% done (27 left)
2026-09-22 15:32:49 w0 DOGE-USD 2026-09: 29962 candles | 98.4% done (27 left)
2026-09-22 15:33:22 w0 UNI-USD 2026-09: 31027 candles | 98.4% done (27 left)
2026-09-22 15:33:56 w0 ALGO-USD 2026-09: 22836 candles | 98.4% done (27 left)
2026-09-22 15:34:29 w0 ICP-USD 2026-09: 22756 candles | 98.4% done (27 left)
2026-09-22 15:35:02 w0 XLM-USD 2026-09: 30903 candles | 98.4% done (27 left)
2026-09-22 15:35:35 w0 SHIB-USD 2026-09: 12931 candles | 98.4% done (27 left)
2026-09-22 15:36:07 w0 GRT-USD 2026-09: 13026 candles | 98.4% done (27 left)
2026-09-22 15:36:40 w0 XTZ-USD 2026-09: 13642 candles | 98.4% done (27 left)
2026-09-22 15:37:12 w0 DASH-USD 2026-09: 18308 candles | 98.4% done (27 left)
2026-09-22 15:37:44 w0 SNX-USD 2026-09: 3983 candles | 98.4% done (27 left)
worker done
worker 0/2: 14 months to fetch
2026-09-22 15:45:35 w0 BTC-USD 2026-09: 31185 candles | 98.4% done (27 left)
2026-09-22 15:46:09 w0 SOL-USD 2026-09: 31185 candles | 98.4% done (27 left)
2026-09-22 15:46:42 w0 AVAX-USD 2026-09: 29081 candles | 98.4% done (27 left)
2026-09-22 15:47:16 w0 LTC-USD 2026-09: 31179 candles | 98.4% done (27 left)
2026-09-22 15:47:49 w0 DOGE-USD 2026-09: 29977 candles | 98.4% done (27 left)
2026-09-22 15:48:22 w0 UNI-USD 2026-09: 31042 candles | 98.4% done (27 left)
2026-09-22 15:48:55 w0 ALGO-USD 2026-09: 22846 candles | 98.4% done (27 left)
2026-09-22 15:49:28 w0 ICP-USD 2026-09: 22767 candles | 98.4% done (27 left)
2026-09-22 15:50:03 w0 XLM-USD 2026-09: 30918 candles | 98.4% done (27 left)
2026-09-22 15:50:35 w0 SHIB-USD 2026-09: 12944 candles | 98.4% done (27 left)
2026-09-22 15:51:08 w0 GRT-USD 2026-09: 13038 candles | 98.4% done (27 left)
2026-09-22 15:51:40 w0 XTZ-USD 2026-09: 13652 candles | 98.4% done (27 left)
2026-09-22 15:52:13 w0 DASH-USD 2026-09: 18317 candles | 98.4% done (27 left)
2026-09-22 15:52:46 w0 SNX-USD 2026-09: 3987 candles | 98.4% done (27 left)
worker done
worker 0/2: 14 months to fetch
2026-09-22 16:00:31 w0 BTC-USD 2026-09: 31200 candles | 98.4% done (27 left)
2026-09-22 16:01:05 w0 SOL-USD 2026-09: 31200 candles | 98.4% done (27 left)
2026-09-22 16:01:40 w0 AVAX-USD 2026-09: 29096 candles | 98.4% done (27 left)
2026-09-22 16:02:15 w0 LTC-USD 2026-09: 31194 candles | 98.4% done (27 left)
2026-09-22 16:02:49 w0 DOGE-USD 2026-09: 29992 candles | 98.4% done (27 left)
2026-09-22 16:03:24 w0 UNI-USD 2026-09: 31057 candles | 98.4% done (27 left)
2026-09-22 16:03:58 w0 ALGO-USD 2026-09: 22856 candles | 98.4% done (27 left)
2026-09-22 16:04:32 w0 ICP-USD 2026-09: 22778 candles | 98.4% done (27 left)
2026-09-22 16:05:06 w0 XLM-USD 2026-09: 30933 candles | 98.4% done (27 left)
2026-09-22 16:05:39 w0 SHIB-USD 2026-09: 12952 candles | 98.4% done (27 left)
2026-09-22 16:06:12 w0 GRT-USD 2026-09: 13050 candles | 98.4% done (27 left)
2026-09-22 16:06:45 w0 XTZ-USD 2026-09: 13658 candles | 98.4% done (27 left)
2026-09-22 16:07:19 w0 DASH-USD 2026-09: 18326 candles | 98.4% done (27 left)
2026-09-22 16:07:51 w0 SNX-USD 2026-09: 3992 candles | 98.4% done (27 left)
worker done
worker 0/2: 14 months to fetch
2026-09-22 16:15:35 w0 BTC-USD 2026-09: 31215 candles | 98.4% done (27 left)
2026-09-22 16:16:09 w0 SOL-USD 2026-09: 31215 candles | 98.4% done (27 left)
2026-09-22 16:16:43 w0 AVAX-USD 2026-09: 29111 candles | 98.4% done (27 left)
2026-09-22 16:17:17 w0 LTC-USD 2026-09: 31209 candles | 98.4% done (27 left)
2026-09-22 16:17:50 w0 DOGE-USD 2026-09: 30007 candles | 98.4% done (27 left)
2026-09-22 16:18:24 w0 UNI-USD 2026-09: 31072 candles | 98.4% done (27 left)
2026-09-22 16:18:58 w0 ALGO-USD 2026-09: 22868 candles | 98.4% done (27 left)
2026-09-22 16:19:31 w0 ICP-USD 2026-09: 22791 candles | 98.4% done (27 left)
2026-09-22 16:20:05 w0 XLM-USD 2026-09: 30948 candles | 98.4% done (27 left)
2026-09-22 16:20:38 w0 SHIB-USD 2026-09: 12963 candles | 98.4% done (27 left)
2026-09-22 16:21:11 w0 GRT-USD 2026-09: 13063 candles | 98.4% done (27 left)
2026-09-22 16:21:44 w0 XTZ-USD 2026-09: 13663 candles | 98.4% done (27 left)
2026-09-22 16:22:17 w0 DASH-USD 2026-09: 18331 candles | 98.4% done (27 left)
2026-09-22 16:22:50 w0 SNX-USD 2026-09: 3997 candles | 98.4% done (27 left)
worker done
worker 0/2: 14 months to fetch
2026-09-22 16:30:35 w0 BTC-USD 2026-09: 31230 candles | 98.4% done (27 left)
2026-09-22 16:31:09 w0 SOL-USD 2026-09: 31230 candles | 98.4% done (27 left)
2026-09-22 16:31:43 w0 AVAX-USD 2026-09: 29126 candles | 98.4% done (27 left)
2026-09-22 16:32:17 w0 LTC-USD 2026-09: 31224 candles | 98.4% done (27 left)
2026-09-22 16:32:50 w0 DOGE-USD 2026-09: 30022 candles | 98.4% done (27 left)
2026-09-22 16:33:24 w0 UNI-USD 2026-09: 31087 candles | 98.4% done (27 left)
2026-09-22 16:33:57 w0 ALGO-USD 2026-09: 22880 candles | 98.4% done (27 left)
2026-09-22 16:34:31 w0 ICP-USD 2026-09: 22804 candles | 98.4% done (27 left)
2026-09-22 16:35:06 w0 XLM-USD 2026-09: 30963 candles | 98.4% done (27 left)
2026-09-22 16:35:38 w0 SHIB-USD 2026-09: 12974 candles | 98.4% done (27 left)
2026-09-22 16:36:11 w0 GRT-USD 2026-09: 13072 candles | 98.4% done (27 left)
2026-09-22 16:36:44 w0 XTZ-USD 2026-09: 13670 candles | 98.4% done (27 left)
2026-09-22 16:37:17 w0 DASH-USD 2026-09: 18342 candles | 98.4% done (27 left)
2026-09-22 16:37:51 w0 SNX-USD 2026-09: 4001 candles | 98.4% done (27 left)
worker done
worker 0/2: 14 months to fetch
2026-09-22 16:45:35 w0 BTC-USD 2026-09: 31245 candles | 98.4% done (27 left)
2026-09-22 16:46:09 w0 SOL-USD 2026-09: 31245 candles | 98.4% done (27 left)
2026-09-22 16:46:44 w0 AVAX-USD 2026-09: 29141 candles | 98.4% done (27 left)
2026-09-22 16:47:18 w0 LTC-USD 2026-09: 31239 candles | 98.4% done (27 left)
2026-09-22 16:47:52 w0 DOGE-USD 2026-09: 30037 candles | 98.4% done (27 left)
2026-09-22 16:48:26 w0 UNI-USD 2026-09: 31102 candles | 98.4% done (27 left)
2026-09-22 16:48:59 w0 ALGO-USD 2026-09: 22890 candles | 98.4% done (27 left)
2026-09-22 16:49:33 w0 ICP-USD 2026-09: 22814 candles | 98.4% done (27 left)
2026-09-22 16:50:07 w0 XLM-USD 2026-09: 30978 candles | 98.4% done (27 left)
2026-09-22 16:50:40 w0 SHIB-USD 2026-09: 12982 candles | 98.4% done (27 left)
2026-09-22 16:51:13 w0 GRT-USD 2026-09: 13080 candles | 98.4% done (27 left)
2026-09-22 16:51:45 w0 XTZ-USD 2026-09: 13672 candles | 98.4% done (27 left)
2026-09-22 16:52:19 w0 DASH-USD 2026-09: 18353 candles | 98.4% done (27 left)
2026-09-22 16:52:51 w0 SNX-USD 2026-09: 4004 candles | 98.4% done (27 left)
worker done
worker 0/2: 14 months to fetch
2026-09-22 17:00:36 w0 BTC-USD 2026-09: 31260 candles | 98.4% done (27 left)
2026-09-22 17:01:10 w0 SOL-USD 2026-09: 31260 candles | 98.4% done (27 left)
2026-09-22 17:01:45 w0 AVAX-USD 2026-09: 29156 candles | 98.4% done (27 left)
2026-09-22 17:02:19 w0 LTC-USD 2026-09: 31254 candles | 98.4% done (27 left)
2026-09-22 17:03:01 w0 DOGE-USD 2026-09: 30052 candles | 98.4% done (27 left)
2026-09-22 17:03:35 w0 UNI-USD 2026-09: 31118 candles | 98.4% done (27 left)
2026-09-22 17:04:09 w0 ALGO-USD 2026-09: 22899 candles | 98.4% done (27 left)
2026-09-22 17:04:43 w0 ICP-USD 2026-09: 22826 candles | 98.4% done (27 left)
2026-09-22 17:05:17 w0 XLM-USD 2026-09: 30993 candles | 98.4% done (27 left)
2026-09-22 17:05:50 w0 SHIB-USD 2026-09: 12990 candles | 98.4% done (27 left)
2026-09-22 17:06:23 w0 GRT-USD 2026-09: 13095 candles | 98.4% done (27 left)
2026-09-22 17:06:56 w0 XTZ-USD 2026-09: 13677 candles | 98.4% done (27 left)
2026-09-22 17:07:30 w0 DASH-USD 2026-09: 18366 candles | 98.4% done (27 left)
2026-09-22 17:08:03 w0 SNX-USD 2026-09: 4006 candles | 98.4% done (27 left)
worker done
worker 0/2: 14 months to fetch
2026-09-22 17:15:35 w0 BTC-USD 2026-09: 31275 candles | 98.4% done (27 left)
2026-09-22 17:16:09 w0 SOL-USD 2026-09: 31275 candles | 98.4% done (27 left)
2026-09-22 17:16:43 w0 AVAX-USD 2026-09: 29171 candles | 98.4% done (27 left)
2026-09-22 17:17:17 w0 LTC-USD 2026-09: 31269 candles | 98.4% done (27 left)
2026-09-22 17:17:51 w0 DOGE-USD 2026-09: 30067 candles | 98.4% done (27 left)
2026-09-22 17:18:24 w0 UNI-USD 2026-09: 31132 candles | 98.4% done (27 left)
2026-09-22 17:18:58 w0 ALGO-USD 2026-09: 22910 candles | 98.4% done (27 left)
2026-09-22 17:19:31 w0 ICP-USD 2026-09: 22836 candles | 98.4% done (27 left)
2026-09-22 17:20:05 w0 XLM-USD 2026-09: 31008 candles | 98.4% done (27 left)
2026-09-22 17:20:38 w0 SHIB-USD 2026-09: 13001 candles | 98.4% done (27 left)
2026-09-22 17:21:11 w0 GRT-USD 2026-09: 13109 candles | 98.4% done (27 left)
2026-09-22 17:21:44 w0 XTZ-USD 2026-09: 13682 candles | 98.4% done (27 left)
2026-09-22 17:22:17 w0 DASH-USD 2026-09: 18381 candles | 98.4% done (27 left)
2026-09-22 17:22:49 w0 SNX-USD 2026-09: 4013 candles | 98.4% done (27 left)
worker done
worker 0/2: 14 months to fetch
2026-09-22 17:30:34 w0 BTC-USD 2026-09: 31290 candles | 98.4% done (27 left)
2026-09-22 17:31:08 w0 SOL-USD 2026-09: 31290 candles | 98.4% done (27 left)
2026-09-22 17:31:42 w0 AVAX-USD 2026-09: 29186 candles | 98.4% done (27 left)
2026-09-22 17:32:16 w0 LTC-USD 2026-09: 31284 candles | 98.4% done (27 left)
2026-09-22 17:32:50 w0 DOGE-USD 2026-09: 30082 candles | 98.4% done (27 left)
2026-09-22 17:33:23 w0 UNI-USD 2026-09: 31147 candles | 98.4% done (27 left)
2026-09-22 17:33:57 w0 ALGO-USD 2026-09: 22922 candles | 98.4% done (27 left)
2026-09-22 17:34:30 w0 ICP-USD 2026-09: 22846 candles | 98.4% done (27 left)
2026-09-22 17:35:04 w0 XLM-USD 2026-09: 31023 candles | 98.4% done (27 left)
2026-09-22 17:35:36 w0 SHIB-USD 2026-09: 13011 candles | 98.4% done (27 left)
2026-09-22 17:36:09 w0 GRT-USD 2026-09: 13121 candles | 98.4% done (27 left)
2026-09-22 17:36:42 w0 XTZ-USD 2026-09: 13687 candles | 98.4% done (27 left)
2026-09-22 17:37:16 w0 DASH-USD 2026-09: 18396 candles | 98.4% done (27 left)
2026-09-22 17:37:52 w0 SNX-USD 2026-09: 4019 candles | 98.4% done (27 left)
worker done
worker 0/2: 14 months to fetch
2026-09-22 17:45:34 w0 BTC-USD 2026-09: 31305 candles | 98.4% done (27 left)
2026-09-22 17:46:08 w0 SOL-USD 2026-09: 31305 candles | 98.4% done (27 left)
2026-09-22 17:46:42 w0 AVAX-USD 2026-09: 29201 candles | 98.4% done (27 left)
2026-09-22 17:47:16 w0 LTC-USD 2026-09: 31299 candles | 98.4% done (27 left)
2026-09-22 17:47:50 w0 DOGE-USD 2026-09: 30097 candles | 98.4% done (27 left)
2026-09-22 17:48:23 w0 UNI-USD 2026-09: 31162 candles | 98.4% done (27 left)
2026-09-22 17:48:57 w0 ALGO-USD 2026-09: 22936 candles | 98.4% done (27 left)
2026-09-22 17:49:30 w0 ICP-USD 2026-09: 22858 candles | 98.4% done (27 left)
2026-09-22 17:50:04 w0 XLM-USD 2026-09: 31038 candles | 98.4% done (27 left)
2026-09-22 17:50:37 w0 SHIB-USD 2026-09: 13022 candles | 98.4% done (27 left)
2026-09-22 17:51:10 w0 GRT-USD 2026-09: 13132 candles | 98.4% done (27 left)
2026-09-22 17:51:44 w0 XTZ-USD 2026-09: 13695 candles | 98.4% done (27 left)
2026-09-22 17:52:17 w0 DASH-USD 2026-09: 18411 candles | 98.4% done (27 left)
2026-09-22 17:52:50 w0 SNX-USD 2026-09: 4024 candles | 98.4% done (27 left)
worker done
worker 0/2: 14 months to fetch
2026-09-22 18:00:36 w0 BTC-USD 2026-09: 31320 candles | 98.4% done (27 left)
2026-09-22 18:01:11 w0 SOL-USD 2026-09: 31320 candles | 98.4% done (27 left)
2026-09-22 18:01:45 w0 AVAX-USD 2026-09: 29216 candles | 98.4% done (27 left)
2026-09-22 18:02:20 w0 LTC-USD 2026-09: 31314 candles | 98.4% done (27 left)
2026-09-22 18:02:55 w0 DOGE-USD 2026-09: 30112 candles | 98.4% done (27 left)
2026-09-22 18:03:29 w0 UNI-USD 2026-09: 31177 candles | 98.4% done (27 left)
2026-09-22 18:04:02 w0 ALGO-USD 2026-09: 22947 candles | 98.4% done (27 left)
2026-09-22 18:04:36 w0 ICP-USD 2026-09: 22873 candles | 98.4% done (27 left)
2026-09-22 18:05:10 w0 XLM-USD 2026-09: 31053 candles | 98.4% done (27 left)
2026-09-22 18:05:43 w0 SHIB-USD 2026-09: 13027 candles | 98.4% done (27 left)
2026-09-22 18:06:18 w0 GRT-USD 2026-09: 13145 candles | 98.4% done (27 left)
2026-09-22 18:06:50 w0 XTZ-USD 2026-09: 13701 candles | 98.4% done (27 left)
2026-09-22 18:07:24 w0 DASH-USD 2026-09: 18426 candles | 98.4% done (27 left)
2026-09-22 18:07:56 w0 SNX-USD 2026-09: 4029 candles | 98.4% done (27 left)
worker done
worker 0/2: 14 months to fetch
2026-09-22 18:15:35 w0 BTC-USD 2026-09: 31335 candles | 98.4% done (27 left)
2026-09-22 18:16:08 w0 SOL-USD 2026-09: 31335 candles | 98.4% done (27 left)
2026-09-22 18:16:42 w0 AVAX-USD 2026-09: 29231 candles | 98.4% done (27 left)
2026-09-22 18:17:16 w0 LTC-USD 2026-09: 31329 candles | 98.4% done (27 left)
2026-09-22 18:17:50 w0 DOGE-USD 2026-09: 30127 candles | 98.4% done (27 left)
2026-09-22 18:18:23 w0 UNI-USD 2026-09: 31192 candles | 98.4% done (27 left)
2026-09-22 18:18:57 w0 ALGO-USD 2026-09: 22955 candles | 98.4% done (27 left)
2026-09-22 18:19:30 w0 ICP-USD 2026-09: 22885 candles | 98.4% done (27 left)
2026-09-22 18:20:04 w0 XLM-USD 2026-09: 31068 candles | 98.4% done (27 left)
2026-09-22 18:20:37 w0 SHIB-USD 2026-09: 13037 candles | 98.4% done (27 left)
2026-09-22 18:21:09 w0 GRT-USD 2026-09: 13153 candles | 98.4% done (27 left)
2026-09-22 18:21:42 w0 XTZ-USD 2026-09: 13707 candles | 98.4% done (27 left)
2026-09-22 18:22:15 w0 DASH-USD 2026-09: 18441 candles | 98.4% done (27 left)
2026-09-22 18:22:47 w0 SNX-USD 2026-09: 4031 candles | 98.4% done (27 left)
worker done
worker 0/2: 14 months to fetch
2026-09-22 18:30:35 w0 BTC-USD 2026-09: 31350 candles | 98.4% done (27 left)
2026-09-22 18:31:09 w0 SOL-USD 2026-09: 31350 candles | 98.4% done (27 left)
2026-09-22 18:31:43 w0 AVAX-USD 2026-09: 29246 candles | 98.4% done (27 left)
2026-09-22 18:32:18 w0 LTC-USD 2026-09: 31344 candles | 98.4% done (27 left)
2026-09-22 18:32:52 w0 DOGE-USD 2026-09: 30142 candles | 98.4% done (27 left)
2026-09-22 18:33:26 w0 UNI-USD 2026-09: 31207 candles | 98.4% done (27 left)
2026-09-22 18:34:00 w0 ALGO-USD 2026-09: 22968 candles | 98.4% done (27 left)
2026-09-22 18:34:33 w0 ICP-USD 2026-09: 22897 candles | 98.4% done (27 left)
2026-09-22 18:35:07 w0 XLM-USD 2026-09: 31083 candles | 98.4% done (27 left)
2026-09-22 18:35:40 w0 SHIB-USD 2026-09: 13045 candles | 98.4% done (27 left)
2026-09-22 18:36:13 w0 GRT-USD 2026-09: 13162 candles | 98.4% done (27 left)
2026-09-22 18:36:46 w0 XTZ-USD 2026-09: 13715 candles | 98.4% done (27 left)
2026-09-22 18:37:19 w0 DASH-USD 2026-09: 18454 candles | 98.4% done (27 left)
2026-09-22 18:37:51 w0 SNX-USD 2026-09: 4035 candles | 98.4% done (27 left)
worker done
worker 0/2: 14 months to fetch
2026-09-22 18:45:35 w0 BTC-USD 2026-09: 31365 candles | 98.4% done (27 left)
2026-09-22 18:46:10 w0 SOL-USD 2026-09: 31365 candles | 98.4% done (27 left)
2026-09-22 18:46:44 w0 AVAX-USD 2026-09: 29261 candles | 98.4% done (27 left)
2026-09-22 18:47:18 w0 LTC-USD 2026-09: 31359 candles | 98.4% done (27 left)
2026-09-22 18:47:52 w0 DOGE-USD 2026-09: 30157 candles | 98.4% done (27 left)
2026-09-22 18:48:26 w0 UNI-USD 2026-09: 31222 candles | 98.4% done (27 left)
2026-09-22 18:48:59 w0 ALGO-USD 2026-09: 22979 candles | 98.4% done (27 left)
2026-09-22 18:49:33 w0 ICP-USD 2026-09: 22906 candles | 98.4% done (27 left)
2026-09-22 18:50:07 w0 XLM-USD 2026-09: 31098 candles | 98.4% done (27 left)
2026-09-22 18:50:40 w0 SHIB-USD 2026-09: 13055 candles | 98.4% done (27 left)
2026-09-22 18:51:13 w0 GRT-USD 2026-09: 13172 candles | 98.4% done (27 left)
2026-09-22 18:51:46 w0 XTZ-USD 2026-09: 13726 candles | 98.4% done (27 left)
2026-09-22 18:52:19 w0 DASH-USD 2026-09: 18462 candles | 98.4% done (27 left)
2026-09-22 18:52:52 w0 SNX-USD 2026-09: 4036 candles | 98.4% done (27 left)
worker done
worker 0/2: 14 months to fetch
2026-09-22 19:00:36 w0 BTC-USD 2026-09: 31380 candles | 98.4% done (27 left)
2026-09-22 19:01:10 w0 SOL-USD 2026-09: 31380 candles | 98.4% done (27 left)
2026-09-22 19:01:44 w0 AVAX-USD 2026-09: 29276 candles | 98.4% done (27 left)
2026-09-22 19:02:19 w0 LTC-USD 2026-09: 31374 candles | 98.4% done (27 left)
2026-09-22 19:02:53 w0 DOGE-USD 2026-09: 30172 candles | 98.4% done (27 left)
2026-09-22 19:03:28 w0 UNI-USD 2026-09: 31237 candles | 98.4% done (27 left)
2026-09-22 19:04:02 w0 ALGO-USD 2026-09: 22992 candles | 98.4% done (27 left)
2026-09-22 19:04:35 w0 ICP-USD 2026-09: 22918 candles | 98.4% done (27 left)
2026-09-22 19:05:10 w0 XLM-USD 2026-09: 31113 candles | 98.4% done (27 left)
2026-09-22 19:05:45 w0 SHIB-USD 2026-09: 13064 candles | 98.4% done (27 left)
2026-09-22 19:06:19 w0 GRT-USD 2026-09: 13182 candles | 98.4% done (27 left)
2026-09-22 19:06:52 w0 XTZ-USD 2026-09: 13735 candles | 98.4% done (27 left)
2026-09-22 19:07:26 w0 DASH-USD 2026-09: 18472 candles | 98.4% done (27 left)
2026-09-22 19:08:04 w0 SNX-USD 2026-09: 4040 candles | 98.4% done (27 left)
worker done
worker 0/2: 14 months to fetch
2026-09-22 19:15:59 w0 BTC-USD 2026-09: 31395 candles | 98.4% done (27 left)
2026-09-22 19:16:33 w0 SOL-USD 2026-09: 31395 candles | 98.4% done (27 left)
2026-09-22 19:17:07 w0 AVAX-USD 2026-09: 29291 candles | 98.4% done (27 left)
2026-09-22 19:17:41 w0 LTC-USD 2026-09: 31390 candles | 98.4% done (27 left)
2026-09-22 19:18:15 w0 DOGE-USD 2026-09: 30187 candles | 98.4% done (27 left)
2026-09-22 19:18:49 w0 UNI-USD 2026-09: 31253 candles | 98.4% done (27 left)
2026-09-22 19:19:23 w0 ALGO-USD 2026-09: 23002 candles | 98.4% done (27 left)
2026-09-22 19:19:57 w0 ICP-USD 2026-09: 22929 candles | 98.4% done (27 left)
2026-09-22 19:20:32 w0 XLM-USD 2026-09: 31128 candles | 98.4% done (27 left)
2026-09-22 19:21:05 w0 SHIB-USD 2026-09: 13077 candles | 98.4% done (27 left)
2026-09-22 19:21:38 w0 GRT-USD 2026-09: 13192 candles | 98.4% done (27 left)
2026-09-22 19:22:12 w0 XTZ-USD 2026-09: 13748 candles | 98.4% done (27 left)
2026-09-22 19:22:45 w0 DASH-USD 2026-09: 18480 candles | 98.4% done (27 left)
2026-09-22 19:23:18 w0 SNX-USD 2026-09: 4046 candles | 98.4% done (27 left)
worker done
worker 0/2: 14 months to fetch
2026-09-22 19:30:35 w0 BTC-USD 2026-09: 31410 candles | 98.4% done (27 left)
2026-09-22 19:31:10 w0 SOL-USD 2026-09: 31410 candles | 98.4% done (27 left)
2026-09-22 19:31:44 w0 AVAX-USD 2026-09: 29306 candles | 98.4% done (27 left)
2026-09-22 19:32:18 w0 LTC-USD 2026-09: 31404 candles | 98.4% done (27 left)
2026-09-22 19:32:56 w0 DOGE-USD 2026-09: 30202 candles | 98.4% done (27 left)
2026-09-22 19:33:30 w0 UNI-USD 2026-09: 31267 candles | 98.4% done (27 left)
2026-09-22 19:34:04 w0 ALGO-USD 2026-09: 23015 candles | 98.4% done (27 left)
2026-09-22 19:34:37 w0 ICP-USD 2026-09: 22943 candles | 98.4% done (27 left)
2026-09-22 19:35:12 w0 XLM-USD 2026-09: 31143 candles | 98.4% done (27 left)
2026-09-22 19:35:45 w0 SHIB-USD 2026-09: 13087 candles | 98.4% done (27 left)
2026-09-22 19:36:18 w0 GRT-USD 2026-09: 13203 candles | 98.4% done (27 left)
2026-09-22 19:36:51 w0 XTZ-USD 2026-09: 13757 candles | 98.4% done (27 left)
2026-09-22 19:37:27 w0 DASH-USD 2026-09: 18486 candles | 98.4% done (27 left)
2026-09-22 19:37:59 w0 SNX-USD 2026-09: 4049 candles | 98.4% done (27 left)
worker done
worker 0/2: 14 months to fetch
2026-09-22 19:45:34 w0 BTC-USD 2026-09: 31425 candles | 98.4% done (27 left)
2026-09-22 19:46:09 w0 SOL-USD 2026-09: 31425 candles | 98.4% done (27 left)
2026-09-22 19:46:43 w0 AVAX-USD 2026-09: 29321 candles | 98.4% done (27 left)
2026-09-22 19:47:17 w0 LTC-USD 2026-09: 31419 candles | 98.4% done (27 left)
2026-09-22 19:47:53 w0 DOGE-USD 2026-09: 30217 candles | 98.4% done (27 left)
2026-09-22 19:48:27 w0 UNI-USD 2026-09: 31282 candles | 98.4% done (27 left)
2026-09-22 19:49:03 w0 ALGO-USD 2026-09: 23028 candles | 98.4% done (27 left)
2026-09-22 19:49:37 w0 ICP-USD 2026-09: 22956 candles | 98.4% done (27 left)
2026-09-22 19:50:12 w0 XLM-USD 2026-09: 31158 candles | 98.4% done (27 left)
2026-09-22 19:50:45 w0 SHIB-USD 2026-09: 13097 candles | 98.4% done (27 left)
2026-09-22 19:51:17 w0 GRT-USD 2026-09: 13217 candles | 98.4% done (27 left)
2026-09-22 19:51:50 w0 XTZ-USD 2026-09: 13761 candles | 98.4% done (27 left)
2026-09-22 19:52:23 w0 DASH-USD 2026-09: 18497 candles | 98.4% done (27 left)
2026-09-22 19:52:56 w0 SNX-USD 2026-09: 4052 candles | 98.4% done (27 left)
worker done
worker 0/2: 14 months to fetch
2026-09-22 20:00:36 w0 BTC-USD 2026-09: 31440 candles | 98.4% done (27 left)
2026-09-22 20:01:10 w0 SOL-USD 2026-09: 31440 candles | 98.4% done (27 left)
2026-09-22 20:01:44 w0 AVAX-USD 2026-09: 29336 candles | 98.4% done (27 left)
2026-09-22 20:02:18 w0 LTC-USD 2026-09: 31434 candles | 98.4% done (27 left)
2026-09-22 20:02:53 w0 DOGE-USD 2026-09: 30232 candles | 98.4% done (27 left)
2026-09-22 20:03:26 w0 UNI-USD 2026-09: 31297 candles | 98.4% done (27 left)
2026-09-22 20:04:00 w0 ALGO-USD 2026-09: 23041 candles | 98.4% done (27 left)
2026-09-22 20:04:33 w0 ICP-USD 2026-09: 22970 candles | 98.4% done (27 left)
2026-09-22 20:05:13 w0 XLM-USD 2026-09: 31173 candles | 98.4% done (27 left)
2026-09-22 20:05:46 w0 SHIB-USD 2026-09: 13107 candles | 98.4% done (27 left)
2026-09-22 20:06:19 w0 GRT-USD 2026-09: 13229 candles | 98.4% done (27 left)
2026-09-22 20:06:52 w0 XTZ-USD 2026-09: 13769 candles | 98.4% done (27 left)
2026-09-22 20:07:26 w0 DASH-USD 2026-09: 18506 candles | 98.4% done (27 left)
2026-09-22 20:07:59 w0 SNX-USD 2026-09: 4054 candles | 98.4% done (27 left)
worker done
worker 0/2: 14 months to fetch
2026-09-22 20:15:34 w0 BTC-USD 2026-09: 31455 candles | 98.4% done (27 left)
2026-09-22 20:16:08 w0 SOL-USD 2026-09: 31455 candles | 98.4% done (27 left)
2026-09-22 20:16:42 w0 AVAX-USD 2026-09: 29351 candles | 98.4% done (27 left)
2026-09-22 20:17:16 w0 LTC-USD 2026-09: 31449 candles | 98.4% done (27 left)
2026-09-22 20:17:50 w0 DOGE-USD 2026-09: 30247 candles | 98.4% done (27 left)
2026-09-22 20:18:23 w0 UNI-USD 2026-09: 31312 candles | 98.4% done (27 left)
2026-09-22 20:18:57 w0 ALGO-USD 2026-09: 23054 candles | 98.4% done (27 left)
2026-09-22 20:19:31 w0 ICP-USD 2026-09: 22983 candles | 98.4% done (27 left)
2026-09-22 20:20:05 w0 XLM-USD 2026-09: 31188 candles | 98.4% done (27 left)
2026-09-22 20:20:38 w0 SHIB-USD 2026-09: 13116 candles | 98.4% done (27 left)
2026-09-22 20:21:11 w0 GRT-USD 2026-09: 13239 candles | 98.4% done (27 left)
2026-09-22 20:21:44 w0 XTZ-USD 2026-09: 13772 candles | 98.4% done (27 left)
2026-09-22 20:22:17 w0 DASH-USD 2026-09: 18516 candles | 98.4% done (27 left)
2026-09-22 20:22:49 w0 SNX-USD 2026-09: 4055 candles | 98.4% done (27 left)
worker done
worker 0/2: 14 months to fetch
2026-09-22 20:30:34 w0 BTC-USD 2026-09: 31470 candles | 98.4% done (27 left)
2026-09-22 20:31:08 w0 SOL-USD 2026-09: 31470 candles | 98.4% done (27 left)
2026-09-22 20:31:42 w0 AVAX-USD 2026-09: 29366 candles | 98.4% done (27 left)
2026-09-22 20:32:16 w0 LTC-USD 2026-09: 31464 candles | 98.4% done (27 left)
2026-09-22 20:32:50 w0 DOGE-USD 2026-09: 30262 candles | 98.4% done (27 left)
2026-09-22 20:33:23 w0 UNI-USD 2026-09: 31327 candles | 98.4% done (27 left)
2026-09-22 20:33:57 w0 ALGO-USD 2026-09: 23065 candles | 98.4% done (27 left)
2026-09-22 20:34:31 w0 ICP-USD 2026-09: 22996 candles | 98.4% done (27 left)
2026-09-22 20:35:05 w0 XLM-USD 2026-09: 31203 candles | 98.4% done (27 left)
2026-09-22 20:35:38 w0 SHIB-USD 2026-09: 13125 candles | 98.4% done (27 left)
2026-09-22 20:36:10 w0 GRT-USD 2026-09: 13249 candles | 98.4% done (27 left)
2026-09-22 20:36:43 w0 XTZ-USD 2026-09: 13782 candles | 98.4% done (27 left)
2026-09-22 20:37:16 w0 DASH-USD 2026-09: 18522 candles | 98.4% done (27 left)
2026-09-22 20:37:49 w0 SNX-USD 2026-09: 4058 candles | 98.4% done (27 left)
worker done
worker 0/2: 14 months to fetch
2026-09-22 20:45:35 w0 BTC-USD 2026-09: 31485 candles | 98.4% done (27 left)
2026-09-22 20:46:09 w0 SOL-USD 2026-09: 31485 candles | 98.4% done (27 left)
2026-09-22 20:46:42 w0 AVAX-USD 2026-09: 29381 candles | 98.4% done (27 left)
2026-09-22 20:47:16 w0 LTC-USD 2026-09: 31479 candles | 98.4% done (27 left)
2026-09-22 20:47:50 w0 DOGE-USD 2026-09: 30277 candles | 98.4% done (27 left)
2026-09-22 20:48:23 w0 UNI-USD 2026-09: 31342 candles | 98.4% done (27 left)
2026-09-22 20:48:57 w0 ALGO-USD 2026-09: 23077 candles | 98.4% done (27 left)
2026-09-22 20:49:30 w0 ICP-USD 2026-09: 23008 candles | 98.4% done (27 left)
2026-09-22 20:50:04 w0 XLM-USD 2026-09: 31218 candles | 98.4% done (27 left)
2026-09-22 20:50:37 w0 SHIB-USD 2026-09: 13134 candles | 98.4% done (27 left)
2026-09-22 20:51:09 w0 GRT-USD 2026-09: 13259 candles | 98.4% done (27 left)
2026-09-22 20:51:42 w0 XTZ-USD 2026-09: 13790 candles | 98.4% done (27 left)
2026-09-22 20:52:15 w0 DASH-USD 2026-09: 18535 candles | 98.4% done (27 left)
2026-09-22 20:52:47 w0 SNX-USD 2026-09: 4062 candles | 98.4% done (27 left)
worker done
worker 0/2: 14 months to fetch
2026-09-22 21:00:34 w0 BTC-USD 2026-09: 31500 candles | 98.4% done (27 left)
2026-09-22 21:01:09 w0 SOL-USD 2026-09: 31500 candles | 98.4% done (27 left)
2026-09-22 21:01:43 w0 AVAX-USD 2026-09: 29396 candles | 98.4% done (27 left)
2026-09-22 21:02:17 w0 LTC-USD 2026-09: 31494 candles | 98.4% done (27 left)
2026-09-22 21:02:53 w0 DOGE-USD 2026-09: 30292 candles | 98.4% done (27 left)
2026-09-22 21:03:27 w0 UNI-USD 2026-09: 31357 candles | 98.4% done (27 left)
2026-09-22 21:04:01 w0 ALGO-USD 2026-09: 23091 candles | 98.4% done (27 left)
2026-09-22 21:04:34 w0 ICP-USD 2026-09: 23024 candles | 98.4% done (27 left)
2026-09-22 21:05:09 w0 XLM-USD 2026-09: 31233 candles | 98.4% done (27 left)
2026-09-22 21:05:52 w0 SHIB-USD 2026-09: 13143 candles | 98.4% done (27 left)
2026-09-22 21:06:27 w0 GRT-USD 2026-09: 13272 candles | 98.4% done (27 left)
2026-09-22 21:07:01 w0 XTZ-USD 2026-09: 13801 candles | 98.4% done (27 left)
2026-09-22 21:07:36 w0 DASH-USD 2026-09: 18547 candles | 98.4% done (27 left)
2026-09-22 21:08:09 w0 SNX-USD 2026-09: 4066 candles | 98.4% done (27 left)
worker done
worker 0/2: 14 months to fetch
2026-09-22 21:15:35 w0 BTC-USD 2026-09: 31515 candles | 98.4% done (27 left)
2026-09-22 21:16:10 w0 SOL-USD 2026-09: 31515 candles | 98.4% done (27 left)
2026-09-22 21:16:44 w0 AVAX-USD 2026-09: 29411 candles | 98.4% done (27 left)
2026-09-22 21:17:18 w0 LTC-USD 2026-09: 31509 candles | 98.4% done (27 left)
2026-09-22 21:17:51 w0 DOGE-USD 2026-09: 30307 candles | 98.4% done (27 left)
2026-09-22 21:18:25 w0 UNI-USD 2026-09: 31372 candles | 98.4% done (27 left)
2026-09-22 21:18:59 w0 ALGO-USD 2026-09: 23103 candles | 98.4% done (27 left)
2026-09-22 21:19:32 w0 ICP-USD 2026-09: 23034 candles | 98.4% done (27 left)
2026-09-22 21:20:07 w0 XLM-USD 2026-09: 31248 candles | 98.4% done (27 left)
2026-09-22 21:20:40 w0 SHIB-USD 2026-09: 13151 candles | 98.4% done (27 left)
2026-09-22 21:21:13 w0 GRT-USD 2026-09: 13285 candles | 98.4% done (27 left)
2026-09-22 21:21:46 w0 XTZ-USD 2026-09: 13812 candles | 98.4% done (27 left)
2026-09-22 21:22:18 w0 DASH-USD 2026-09: 18556 candles | 98.4% done (27 left)
2026-09-22 21:22:51 w0 SNX-USD 2026-09: 4069 candles | 98.4% done (27 left)
worker done
worker 0/2: 14 months to fetch
2026-09-22 21:30:35 w0 BTC-USD 2026-09: 31530 candles | 98.4% done (27 left)
2026-09-22 21:31:09 w0 SOL-USD 2026-09: 31530 candles | 98.4% done (27 left)
2026-09-22 21:31:43 w0 AVAX-USD 2026-09: 29426 candles | 98.4% done (27 left)
2026-09-22 21:32:17 w0 LTC-USD 2026-09: 31524 candles | 98.4% done (27 left)
2026-09-22 21:32:51 w0 DOGE-USD 2026-09: 30322 candles | 98.4% done (27 left)
2026-09-22 21:33:25 w0 UNI-USD 2026-09: 31387 candles | 98.4% done (27 left)
2026-09-22 21:33:58 w0 ALGO-USD 2026-09: 23111 candles | 98.4% done (27 left)
2026-09-22 21:34:32 w0 ICP-USD 2026-09: 23041 candles | 98.4% done (27 left)
2026-09-22 21:35:06 w0 XLM-USD 2026-09: 31263 candles | 98.4% done (27 left)
2026-09-22 21:35:39 w0 SHIB-USD 2026-09: 13159 candles | 98.4% done (27 left)
2026-09-22 21:36:12 w0 GRT-USD 2026-09: 13299 candles | 98.4% done (27 left)
2026-09-22 21:36:44 w0 XTZ-USD 2026-09: 13816 candles | 98.4% done (27 left)
2026-09-22 21:37:18 w0 DASH-USD 2026-09: 18561 candles | 98.4% done (27 left)
2026-09-22 21:37:50 w0 SNX-USD 2026-09: 4070 candles | 98.4% done (27 left)
worker done
worker 0/2: 14 months to fetch
2026-09-22 21:45:35 w0 BTC-USD 2026-09: 31545 candles | 98.4% done (27 left)
2026-09-22 21:46:09 w0 SOL-USD 2026-09: 31545 candles | 98.4% done (27 left)
2026-09-22 21:46:43 w0 AVAX-USD 2026-09: 29441 candles | 98.4% done (27 left)
2026-09-22 21:47:17 w0 LTC-USD 2026-09: 31539 candles | 98.4% done (27 left)
2026-09-22 21:47:51 w0 DOGE-USD 2026-09: 30337 candles | 98.4% done (27 left)
2026-09-22 21:48:25 w0 UNI-USD 2026-09: 31402 candles | 98.4% done (27 left)
2026-09-22 21:48:59 w0 ALGO-USD 2026-09: 23123 candles | 98.4% done (27 left)
2026-09-22 21:49:32 w0 ICP-USD 2026-09: 23050 candles | 98.4% done (27 left)
2026-09-22 21:50:10 w0 XLM-USD 2026-09: 31278 candles | 98.4% done (27 left)
2026-09-22 21:50:43 w0 SHIB-USD 2026-09: 13170 candles | 98.4% done (27 left)
2026-09-22 21:51:17 w0 GRT-USD 2026-09: 13311 candles | 98.4% done (27 left)
2026-09-22 21:51:49 w0 XTZ-USD 2026-09: 13821 candles | 98.4% done (27 left)
2026-09-22 21:52:22 w0 DASH-USD 2026-09: 18571 candles | 98.4% done (27 left)
2026-09-22 21:52:55 w0 SNX-USD 2026-09: 4073 candles | 98.4% done (27 left)
worker done
worker 0/2: 14 months to fetch
2026-09-22 22:00:36 w0 BTC-USD 2026-09: 31560 candles | 98.4% done (27 left)
2026-09-22 22:01:10 w0 SOL-USD 2026-09: 31560 candles | 98.4% done (27 left)
2026-09-22 22:01:44 w0 AVAX-USD 2026-09: 29456 candles | 98.4% done (27 left)
2026-09-22 22:02:18 w0 LTC-USD 2026-09: 31554 candles | 98.4% done (27 left)
2026-09-22 22:02:52 w0 DOGE-USD 2026-09: 30352 candles | 98.4% done (27 left)
2026-09-22 22:03:26 w0 UNI-USD 2026-09: 31417 candles | 98.4% done (27 left)
2026-09-22 22:03:59 w0 ALGO-USD 2026-09: 23132 candles | 98.4% done (27 left)
2026-09-22 22:04:33 w0 ICP-USD 2026-09: 23060 candles | 98.4% done (27 left)
2026-09-22 22:05:08 w0 XLM-USD 2026-09: 31293 candles | 98.4% done (27 left)
2026-09-22 22:05:41 w0 SHIB-USD 2026-09: 13177 candles | 98.4% done (27 left)
2026-09-22 22:06:14 w0 GRT-USD 2026-09: 13324 candles | 98.4% done (27 left)
2026-09-22 22:06:47 w0 XTZ-USD 2026-09: 13822 candles | 98.4% done (27 left)
2026-09-22 22:07:20 w0 DASH-USD 2026-09: 18580 candles | 98.4% done (27 left)
2026-09-22 22:07:53 w0 SNX-USD 2026-09: 4075 candles | 98.4% done (27 left)
worker done
worker 0/2: 14 months to fetch
2026-09-22 22:15:34 w0 BTC-USD 2026-09: 31575 candles | 98.4% done (27 left)
2026-09-22 22:16:08 w0 SOL-USD 2026-09: 31575 candles | 98.4% done (27 left)
2026-09-22 22:16:42 w0 AVAX-USD 2026-09: 29471 candles | 98.4% done (27 left)
2026-09-22 22:17:16 w0 LTC-USD 2026-09: 31569 candles | 98.4% done (27 left)
2026-09-22 22:17:50 w0 DOGE-USD 2026-09: 30367 candles | 98.4% done (27 left)
2026-09-22 22:18:24 w0 UNI-USD 2026-09: 31432 candles | 98.4% done (27 left)
2026-09-22 22:18:57 w0 ALGO-USD 2026-09: 23144 candles | 98.4% done (27 left)
2026-09-22 22:19:30 w0 ICP-USD 2026-09: 23071 candles | 98.4% done (27 left)
2026-09-22 22:20:05 w0 XLM-USD 2026-09: 31308 candles | 98.4% done (27 left)
2026-09-22 22:20:38 w0 SHIB-USD 2026-09: 13189 candles | 98.4% done (27 left)
2026-09-22 22:21:11 w0 GRT-USD 2026-09: 13336 candles | 98.4% done (27 left)
2026-09-22 22:21:43 w0 XTZ-USD 2026-09: 13828 candles | 98.4% done (27 left)
2026-09-22 22:22:16 w0 DASH-USD 2026-09: 18591 candles | 98.4% done (27 left)
2026-09-22 22:22:48 w0 SNX-USD 2026-09: 4078 candles | 98.4% done (27 left)
worker done
worker 0/2: 14 months to fetch
2026-09-22 22:30:35 w0 BTC-USD 2026-09: 31590 candles | 98.4% done (27 left)
2026-09-22 22:31:09 w0 SOL-USD 2026-09: 31590 candles | 98.4% done (27 left)
2026-09-22 22:31:43 w0 AVAX-USD 2026-09: 29486 candles | 98.4% done (27 left)
2026-09-22 22:32:17 w0 LTC-USD 2026-09: 31584 candles | 98.4% done (27 left)
2026-09-22 22:32:50 w0 DOGE-USD 2026-09: 30382 candles | 98.4% done (27 left)
2026-09-22 22:33:24 w0 UNI-USD 2026-09: 31447 candles | 98.4% done (27 left)
2026-09-22 22:33:57 w0 ALGO-USD 2026-09: 23156 candles | 98.4% done (27 left)
2026-09-22 22:34:32 w0 ICP-USD 2026-09: 23082 candles | 98.4% done (27 left)
2026-09-22 22:35:06 w0 XLM-USD 2026-09: 31323 candles | 98.4% done (27 left)
2026-09-22 22:35:39 w0 SHIB-USD 2026-09: 13198 candles | 98.4% done (27 left)
2026-09-22 22:36:12 w0 GRT-USD 2026-09: 13345 candles | 98.4% done (27 left)
2026-09-22 22:36:44 w0 XTZ-USD 2026-09: 13835 candles | 98.4% done (27 left)
2026-09-22 22:37:17 w0 DASH-USD 2026-09: 18603 candles | 98.4% done (27 left)
2026-09-22 22:37:50 w0 SNX-USD 2026-09: 4079 candles | 98.4% done (27 left)
worker done
worker 0/2: 14 months to fetch
2026-09-22 22:45:35 w0 BTC-USD 2026-09: 31605 candles | 98.4% done (27 left)
2026-09-22 22:46:09 w0 SOL-USD 2026-09: 31605 candles | 98.4% done (27 left)
2026-09-22 22:46:43 w0 AVAX-USD 2026-09: 29501 candles | 98.4% done (27 left)
2026-09-22 22:47:17 w0 LTC-USD 2026-09: 31599 candles | 98.4% done (27 left)
2026-09-22 22:47:51 w0 DOGE-USD 2026-09: 30397 candles | 98.4% done (27 left)
2026-09-22 22:48:24 w0 UNI-USD 2026-09: 31462 candles | 98.4% done (27 left)
2026-09-22 22:48:58 w0 ALGO-USD 2026-09: 23170 candles | 98.4% done (27 left)
2026-09-22 22:49:31 w0 ICP-USD 2026-09: 23094 candles | 98.4% done (27 left)
2026-09-22 22:50:13 w0 XLM-USD 2026-09: 31338 candles | 98.4% done (27 left)
2026-09-22 22:50:46 w0 SHIB-USD 2026-09: 13211 candles | 98.4% done (27 left)
2026-09-22 22:51:25 w0 GRT-USD 2026-09: 13356 candles | 98.4% done (27 left)
2026-09-22 22:51:58 w0 XTZ-USD 2026-09: 13849 candles | 98.4% done (27 left)
2026-09-22 22:52:31 w0 DASH-USD 2026-09: 18617 candles | 98.4% done (27 left)
2026-09-22 22:53:03 w0 SNX-USD 2026-09: 4088 candles | 98.4% done (27 left)
worker done
worker 0/2: 14 months to fetch
2026-09-22 23:00:36 w0 BTC-USD 2026-09: 31620 candles | 98.4% done (27 left)
2026-09-22 23:01:10 w0 SOL-USD 2026-09: 31620 candles | 98.4% done (27 left)
2026-09-22 23:01:44 w0 AVAX-USD 2026-09: 29516 candles | 98.4% done (27 left)
2026-09-22 23:02:19 w0 LTC-USD 2026-09: 31614 candles | 98.4% done (27 left)
2026-09-22 23:02:53 w0 DOGE-USD 2026-09: 30412 candles | 98.4% done (27 left)
2026-09-22 23:03:35 w0 UNI-USD 2026-09: 31477 candles | 98.4% done (27 left)
2026-09-22 23:04:09 w0 ALGO-USD 2026-09: 23179 candles | 98.4% done (27 left)
2026-09-22 23:04:43 w0 ICP-USD 2026-09: 23108 candles | 98.4% done (27 left)
2026-09-22 23:05:21 w0 XLM-USD 2026-09: 31353 candles | 98.4% done (27 left)
2026-09-22 23:05:54 w0 SHIB-USD 2026-09: 13223 candles | 98.4% done (27 left)
2026-09-22 23:06:27 w0 GRT-USD 2026-09: 13365 candles | 98.4% done (27 left)
2026-09-22 23:07:00 w0 XTZ-USD 2026-09: 13857 candles | 98.4% done (27 left)
2026-09-22 23:07:33 w0 DASH-USD 2026-09: 18628 candles | 98.4% done (27 left)
2026-09-22 23:08:07 w0 SNX-USD 2026-09: 4089 candles | 98.4% done (27 left)
worker done
worker 0/2: 14 months to fetch
2026-09-22 23:15:35 w0 BTC-USD 2026-09: 31635 candles | 98.4% done (27 left)
2026-09-22 23:16:09 w0 SOL-USD 2026-09: 31635 candles | 98.4% done (27 left)
2026-09-22 23:16:43 w0 AVAX-USD 2026-09: 29531 candles | 98.4% done (27 left)
2026-09-22 23:17:17 w0 LTC-USD 2026-09: 31629 candles | 98.4% done (27 left)
2026-09-22 23:18:12 w0 DOGE-USD 2026-09: 30427 candles | 98.4% done (27 left)
2026-09-22 23:18:46 w0 UNI-USD 2026-09: 31493 candles | 98.4% done (27 left)
2026-09-22 23:19:19 w0 ALGO-USD 2026-09: 23191 candles | 98.4% done (27 left)
2026-09-22 23:19:53 w0 ICP-USD 2026-09: 23121 candles | 98.4% done (27 left)
2026-09-22 23:20:28 w0 XLM-USD 2026-09: 31368 candles | 98.4% done (27 left)
2026-09-22 23:21:01 w0 SHIB-USD 2026-09: 13235 candles | 98.4% done (27 left)
2026-09-22 23:21:34 w0 GRT-USD 2026-09: 13378 candles | 98.4% done (27 left)
2026-09-22 23:22:07 w0 XTZ-USD 2026-09: 13864 candles | 98.4% done (27 left)
2026-09-22 23:22:40 w0 DASH-USD 2026-09: 18642 candles | 98.4% done (27 left)
2026-09-22 23:23:13 w0 SNX-USD 2026-09: 4094 candles | 98.4% done (27 left)
worker done
worker 0/2: 14 months to fetch
2026-09-22 23:30:35 w0 BTC-USD 2026-09: 31650 candles | 98.4% done (27 left)
2026-09-22 23:31:09 w0 SOL-USD 2026-09: 31650 candles | 98.4% done (27 left)
2026-09-22 23:31:43 w0 AVAX-USD 2026-09: 29546 candles | 98.4% done (27 left)
2026-09-22 23:32:17 w0 LTC-USD 2026-09: 31644 candles | 98.4% done (27 left)
2026-09-22 23:32:51 w0 DOGE-USD 2026-09: 30442 candles | 98.4% done (27 left)
2026-09-22 23:33:26 w0 UNI-USD 2026-09: 31507 candles | 98.4% done (27 left)
2026-09-22 23:34:00 w0 ALGO-USD 2026-09: 23206 candles | 98.4% done (27 left)
2026-09-22 23:34:33 w0 ICP-USD 2026-09: 23135 candles | 98.4% done (27 left)
2026-09-22 23:35:07 w0 XLM-USD 2026-09: 31383 candles | 98.4% done (27 left)
2026-09-22 23:35:40 w0 SHIB-USD 2026-09: 13248 candles | 98.4% done (27 left)
2026-09-22 23:36:13 w0 GRT-USD 2026-09: 13390 candles | 98.4% done (27 left)
2026-09-22 23:36:45 w0 XTZ-USD 2026-09: 13868 candles | 98.4% done (27 left)
2026-09-22 23:37:18 w0 DASH-USD 2026-09: 18655 candles | 98.4% done (27 left)
2026-09-22 23:37:51 w0 SNX-USD 2026-09: 4102 candles | 98.4% done (27 left)
worker done
worker 0/2: 14 months to fetch
2026-09-22 23:45:34 w0 BTC-USD 2026-09: 31665 candles | 98.4% done (27 left)
2026-09-22 23:46:08 w0 SOL-USD 2026-09: 31665 candles | 98.4% done (27 left)
2026-09-22 23:46:42 w0 AVAX-USD 2026-09: 29561 candles | 98.4% done (27 left)
2026-09-22 23:47:16 w0 LTC-USD 2026-09: 31659 candles | 98.4% done (27 left)
2026-09-22 23:47:50 w0 DOGE-USD 2026-09: 30457 candles | 98.4% done (27 left)
2026-09-22 23:48:28 w0 UNI-USD 2026-09: 31522 candles | 98.4% done (27 left)
2026-09-22 23:49:02 w0 ALGO-USD 2026-09: 23220 candles | 98.4% done (27 left)
2026-09-22 23:49:35 w0 ICP-USD 2026-09: 23150 candles | 98.4% done (27 left)
2026-09-22 23:50:10 w0 XLM-USD 2026-09: 31398 candles | 98.4% done (27 left)
2026-09-22 23:50:43 w0 SHIB-USD 2026-09: 13256 candles | 98.4% done (27 left)
2026-09-22 23:51:15 w0 GRT-USD 2026-09: 13404 candles | 98.4% done (27 left)
2026-09-22 23:51:48 w0 XTZ-USD 2026-09: 13871 candles | 98.4% done (27 left)
2026-09-22 23:52:22 w0 DASH-USD 2026-09: 18668 candles | 98.4% done (27 left)
2026-09-22 23:52:54 w0 SNX-USD 2026-09: 4106 candles | 98.4% done (27 left)
worker done
worker 0/2: 14 months to fetch
2026-09-23 00:00:35 w0 BTC-USD 2026-09: 31680 candles | 98.4% done (27 left)
2026-09-23 00:01:10 w0 SOL-USD 2026-09: 31680 candles | 98.4% done (27 left)
2026-09-23 00:01:44 w0 AVAX-USD 2026-09: 29576 candles | 98.4% done (27 left)
2026-09-23 00:02:18 w0 LTC-USD 2026-09: 31674 candles | 98.4% done (27 left)
2026-09-23 00:02:52 w0 DOGE-USD 2026-09: 30472 candles | 98.4% done (27 left)
2026-09-23 00:03:34 w0 UNI-USD 2026-09: 31537 candles | 98.4% done (27 left)
2026-09-23 00:04:07 w0 ALGO-USD 2026-09: 23230 candles | 98.4% done (27 left)
2026-09-23 00:04:41 w0 ICP-USD 2026-09: 23160 candles | 98.4% done (27 left)
2026-09-23 00:05:17 w0 XLM-USD 2026-09: 31413 candles | 98.4% done (27 left)
2026-09-23 00:05:50 w0 SHIB-USD 2026-09: 13260 candles | 98.4% done (27 left)
2026-09-23 00:06:23 w0 GRT-USD 2026-09: 13417 candles | 98.4% done (27 left)
2026-09-23 00:06:56 w0 XTZ-USD 2026-09: 13880 candles | 98.4% done (27 left)
2026-09-23 00:07:29 w0 DASH-USD 2026-09: 18680 candles | 98.4% done (27 left)
2026-09-23 00:08:02 w0 SNX-USD 2026-09: 4109 candles | 98.4% done (27 left)
worker done
worker 0/2: 14 months to fetch
2026-09-23 00:15:36 w0 BTC-USD 2026-09: 31695 candles | 98.4% done (27 left)
2026-09-23 00:16:10 w0 SOL-USD 2026-09: 31695 candles | 98.4% done (27 left)
2026-09-23 00:16:43 w0 AVAX-USD 2026-09: 29591 candles | 98.4% done (27 left)
2026-09-23 00:17:18 w0 LTC-USD 2026-09: 31689 candles | 98.4% done (27 left)
2026-09-23 00:17:51 w0 DOGE-USD 2026-09: 30487 candles | 98.4% done (27 left)
2026-09-23 00:18:25 w0 UNI-USD 2026-09: 31552 candles | 98.4% done (27 left)
2026-09-23 00:18:59 w0 ALGO-USD 2026-09: 23242 candles | 98.4% done (27 left)
2026-09-23 00:19:32 w0 ICP-USD 2026-09: 23172 candles | 98.4% done (27 left)
2026-09-23 00:20:07 w0 XLM-USD 2026-09: 31428 candles | 98.4% done (27 left)
2026-09-23 00:20:40 w0 SHIB-USD 2026-09: 13270 candles | 98.4% done (27 left)
2026-09-23 00:21:13 w0 GRT-USD 2026-09: 13429 candles | 98.4% done (27 left)
2026-09-23 00:21:45 w0 XTZ-USD 2026-09: 13890 candles | 98.4% done (27 left)
2026-09-23 00:22:18 w0 DASH-USD 2026-09: 18691 candles | 98.4% done (27 left)
2026-09-23 00:22:51 w0 SNX-USD 2026-09: 4113 candles | 98.4% done (27 left)
worker done
worker 0/2: 14 months to fetch
2026-09-23 00:30:35 w0 BTC-USD 2026-09: 31710 candles | 98.4% done (27 left)
2026-09-23 00:31:09 w0 SOL-USD 2026-09: 31710 candles | 98.4% done (27 left)
2026-09-23 00:31:45 w0 AVAX-USD 2026-09: 29606 candles | 98.4% done (27 left)
2026-09-23 00:32:19 w0 LTC-USD 2026-09: 31704 candles | 98.4% done (27 left)
2026-09-23 00:32:53 w0 DOGE-USD 2026-09: 30502 candles | 98.4% done (27 left)
2026-09-23 00:33:28 w0 UNI-USD 2026-09: 31567 candles | 98.4% done (27 left)
2026-09-23 00:34:02 w0 ALGO-USD 2026-09: 23254 candles | 98.4% done (27 left)
2026-09-23 00:34:35 w0 ICP-USD 2026-09: 23187 candles | 98.4% done (27 left)
2026-09-23 00:35:10 w0 XLM-USD 2026-09: 31443 candles | 98.4% done (27 left)
2026-09-23 00:35:42 w0 SHIB-USD 2026-09: 13276 candles | 98.4% done (27 left)
2026-09-23 00:36:15 w0 GRT-USD 2026-09: 13439 candles | 98.4% done (27 left)
2026-09-23 00:36:48 w0 XTZ-USD 2026-09: 13899 candles | 98.4% done (27 left)
2026-09-23 00:37:22 w0 DASH-USD 2026-09: 18704 candles | 98.4% done (27 left)
2026-09-23 00:37:55 w0 SNX-USD 2026-09: 4116 candles | 98.4% done (27 left)
worker done
worker 0/2: 14 months to fetch
2026-09-23 00:45:35 w0 BTC-USD 2026-09: 31725 candles | 98.4% done (27 left)
2026-09-23 00:46:09 w0 SOL-USD 2026-09: 31725 candles | 98.4% done (27 left)
2026-09-23 00:46:43 w0 AVAX-USD 2026-09: 29621 candles | 98.4% done (27 left)
2026-09-23 00:47:17 w0 LTC-USD 2026-09: 31719 candles | 98.4% done (27 left)
2026-09-23 00:47:52 w0 DOGE-USD 2026-09: 30517 candles | 98.4% done (27 left)
2026-09-23 00:48:26 w0 UNI-USD 2026-09: 31582 candles | 98.4% done (27 left)
2026-09-23 00:49:00 w0 ALGO-USD 2026-09: 23263 candles | 98.4% done (27 left)
2026-09-23 00:49:34 w0 ICP-USD 2026-09: 23200 candles | 98.4% done (27 left)
2026-09-23 00:50:08 w0 XLM-USD 2026-09: 31458 candles | 98.4% done (27 left)
2026-09-23 00:50:42 w0 SHIB-USD 2026-09: 13284 candles | 98.4% done (27 left)
2026-09-23 00:51:14 w0 GRT-USD 2026-09: 13453 candles | 98.4% done (27 left)
2026-09-23 00:51:47 w0 XTZ-USD 2026-09: 13911 candles | 98.4% done (27 left)
2026-09-23 00:52:20 w0 DASH-USD 2026-09: 18713 candles | 98.4% done (27 left)
2026-09-23 00:52:53 w0 SNX-USD 2026-09: 4118 candles | 98.4% done (27 left)
worker done
worker 0/2: 14 months to fetch
2026-09-23 01:00:35 w0 BTC-USD 2026-09: 31740 candles | 98.4% done (27 left)
2026-09-23 01:01:10 w0 SOL-USD 2026-09: 31740 candles | 98.4% done (27 left)
2026-09-23 01:01:44 w0 AVAX-USD 2026-09: 29636 candles | 98.4% done (27 left)
2026-09-23 01:02:18 w0 LTC-USD 2026-09: 31734 candles | 98.4% done (27 left)
2026-09-23 01:02:52 w0 DOGE-USD 2026-09: 30532 candles | 98.4% done (27 left)
2026-09-23 01:03:26 w0 UNI-USD 2026-09: 31597 candles | 98.4% done (27 left)
2026-09-23 01:04:00 w0 ALGO-USD 2026-09: 23275 candles | 98.4% done (27 left)
2026-09-23 01:04:34 w0 ICP-USD 2026-09: 23209 candles | 98.4% done (27 left)
2026-09-23 01:05:08 w0 XLM-USD 2026-09: 31473 candles | 98.4% done (27 left)
2026-09-23 01:05:41 w0 SHIB-USD 2026-09: 13296 candles | 98.4% done (27 left)
2026-09-23 01:06:14 w0 GRT-USD 2026-09: 13467 candles | 98.4% done (27 left)
2026-09-23 01:06:47 w0 XTZ-USD 2026-09: 13923 candles | 98.4% done (27 left)
2026-09-23 01:07:21 w0 DASH-USD 2026-09: 18720 candles | 98.4% done (27 left)
2026-09-23 01:07:53 w0 SNX-USD 2026-09: 4121 candles | 98.4% done (27 left)
worker done
worker 0/2: 14 months to fetch
2026-09-23 01:15:35 w0 BTC-USD 2026-09: 31755 candles | 98.4% done (27 left)
2026-09-23 01:16:09 w0 SOL-USD 2026-09: 31755 candles | 98.4% done (27 left)
2026-09-23 01:16:43 w0 AVAX-USD 2026-09: 29651 candles | 98.4% done (27 left)
2026-09-23 01:17:17 w0 LTC-USD 2026-09: 31749 candles | 98.4% done (27 left)
2026-09-23 01:17:51 w0 DOGE-USD 2026-09: 30547 candles | 98.4% done (27 left)
2026-09-23 01:18:30 w0 UNI-USD 2026-09: 31612 candles | 98.4% done (27 left)
2026-09-23 01:19:04 w0 ALGO-USD 2026-09: 23290 candles | 98.4% done (27 left)
2026-09-23 01:19:37 w0 ICP-USD 2026-09: 23220 candles | 98.4% done (27 left)
2026-09-23 01:20:12 w0 XLM-USD 2026-09: 31488 candles | 98.4% done (27 left)
2026-09-23 01:20:45 w0 SHIB-USD 2026-09: 13309 candles | 98.4% done (27 left)
2026-09-23 01:21:19 w0 GRT-USD 2026-09: 13481 candles | 98.4% done (27 left)
2026-09-23 01:21:51 w0 XTZ-USD 2026-09: 13936 candles | 98.4% done (27 left)
2026-09-23 01:22:25 w0 DASH-USD 2026-09: 18728 candles | 98.4% done (27 left)
2026-09-23 01:22:57 w0 SNX-USD 2026-09: 4125 candles | 98.4% done (27 left)
worker done
worker 0/2: 14 months to fetch
2026-09-23 01:30:35 w0 BTC-USD 2026-09: 31770 candles | 98.4% done (27 left)
2026-09-23 01:31:10 w0 SOL-USD 2026-09: 31770 candles | 98.4% done (27 left)
2026-09-23 01:31:46 w0 AVAX-USD 2026-09: 29666 candles | 98.4% done (27 left)
2026-09-23 01:32:20 w0 LTC-USD 2026-09: 31764 candles | 98.4% done (27 left)
2026-09-23 01:32:54 w0 DOGE-USD 2026-09: 30562 candles | 98.4% done (27 left)
2026-09-23 01:33:28 w0 UNI-USD 2026-09: 31627 candles | 98.4% done (27 left)
2026-09-23 01:34:02 w0 ALGO-USD 2026-09: 23304 candles | 98.4% done (27 left)
2026-09-23 01:34:36 w0 ICP-USD 2026-09: 23232 candles | 98.4% done (27 left)
2026-09-23 01:35:10 w0 XLM-USD 2026-09: 31503 candles | 98.4% done (27 left)
2026-09-23 01:35:43 w0 SHIB-USD 2026-09: 13323 candles | 98.4% done (27 left)
2026-09-23 01:36:16 w0 GRT-USD 2026-09: 13494 candles | 98.4% done (27 left)
2026-09-23 01:36:49 w0 XTZ-USD 2026-09: 13946 candles | 98.4% done (27 left)
2026-09-23 01:37:22 w0 DASH-USD 2026-09: 18735 candles | 98.4% done (27 left)
2026-09-23 01:37:55 w0 SNX-USD 2026-09: 4128 candles | 98.4% done (27 left)
worker done
worker 0/2: 14 months to fetch
2026-09-23 01:45:35 w0 BTC-USD 2026-09: 31785 candles | 98.4% done (27 left)
2026-09-23 01:46:09 w0 SOL-USD 2026-09: 31785 candles | 98.4% done (27 left)
2026-09-23 01:46:43 w0 AVAX-USD 2026-09: 29681 candles | 98.4% done (27 left)
2026-09-23 01:47:18 w0 LTC-USD 2026-09: 31779 candles | 98.4% done (27 left)
2026-09-23 01:47:52 w0 DOGE-USD 2026-09: 30577 candles | 98.4% done (27 left)
2026-09-23 01:48:26 w0 UNI-USD 2026-09: 31642 candles | 98.4% done (27 left)
2026-09-23 01:48:59 w0 ALGO-USD 2026-09: 23313 candles | 98.4% done (27 left)
2026-09-23 01:49:33 w0 ICP-USD 2026-09: 23244 candles | 98.4% done (27 left)
2026-09-23 01:50:08 w0 XLM-USD 2026-09: 31518 candles | 98.4% done (27 left)
2026-09-23 01:50:41 w0 SHIB-USD 2026-09: 13336 candles | 98.4% done (27 left)
2026-09-23 01:51:14 w0 GRT-USD 2026-09: 13507 candles | 98.4% done (27 left)
2026-09-23 01:51:48 w0 XTZ-USD 2026-09: 13956 candles | 98.4% done (27 left)
2026-09-23 01:52:21 w0 DASH-USD 2026-09: 18742 candles | 98.4% done (27 left)
2026-09-23 01:52:54 w0 SNX-USD 2026-09: 4134 candles | 98.4% done (27 left)
worker done
worker 0/2: 14 months to fetch
2026-09-23 02:00:35 w0 BTC-USD 2026-09: 31800 candles | 98.4% done (27 left)
2026-09-23 02:01:10 w0 SOL-USD 2026-09: 31800 candles | 98.4% done (27 left)
2026-09-23 02:01:45 w0 AVAX-USD 2026-09: 29696 candles | 98.4% done (27 left)
2026-09-23 02:02:19 w0 LTC-USD 2026-09: 31794 candles | 98.4% done (27 left)
2026-09-23 02:02:54 w0 DOGE-USD 2026-09: 30592 candles | 98.4% done (27 left)
2026-09-23 02:03:28 w0 UNI-USD 2026-09: 31657 candles | 98.4% done (27 left)
2026-09-23 02:04:02 w0 ALGO-USD 2026-09: 23326 candles | 98.4% done (27 left)
2026-09-23 02:04:37 w0 ICP-USD 2026-09: 23260 candles | 98.4% done (27 left)
2026-09-23 02:05:12 w0 XLM-USD 2026-09: 31533 candles | 98.4% done (27 left)
2026-09-23 02:05:46 w0 SHIB-USD 2026-09: 13346 candles | 98.4% done (27 left)
2026-09-23 02:06:19 w0 GRT-USD 2026-09: 13520 candles | 98.4% done (27 left)
2026-09-23 02:06:52 w0 XTZ-USD 2026-09: 13969 candles | 98.4% done (27 left)
2026-09-23 02:07:26 w0 DASH-USD 2026-09: 18755 candles | 98.4% done (27 left)
2026-09-23 02:07:59 w0 SNX-USD 2026-09: 4136 candles | 98.4% done (27 left)
worker done
worker 0/2: 14 months to fetch
2026-09-23 02:15:35 w0 BTC-USD 2026-09: 31815 candles | 98.4% done (27 left)
2026-09-23 02:16:10 w0 SOL-USD 2026-09: 31815 candles | 98.4% done (27 left)
2026-09-23 02:16:44 w0 AVAX-USD 2026-09: 29711 candles | 98.4% done (27 left)
2026-09-23 02:17:18 w0 LTC-USD 2026-09: 31809 candles | 98.4% done (27 left)
2026-09-23 02:17:52 w0 DOGE-USD 2026-09: 30607 candles | 98.4% done (27 left)
2026-09-23 02:18:25 w0 UNI-USD 2026-09: 31672 candles | 98.4% done (27 left)
2026-09-23 02:18:59 w0 ALGO-USD 2026-09: 23341 candles | 98.4% done (27 left)
2026-09-23 02:19:33 w0 ICP-USD 2026-09: 23267 candles | 98.4% done (27 left)
2026-09-23 02:20:07 w0 XLM-USD 2026-09: 31548 candles | 98.4% done (27 left)
2026-09-23 02:20:40 w0 SHIB-USD 2026-09: 13354 candles | 98.4% done (27 left)
2026-09-23 02:21:13 w0 GRT-USD 2026-09: 13531 candles | 98.4% done (27 left)
2026-09-23 02:21:46 w0 XTZ-USD 2026-09: 13980 candles | 98.4% done (27 left)
2026-09-23 02:22:19 w0 DASH-USD 2026-09: 18762 candles | 98.4% done (27 left)
2026-09-23 02:22:52 w0 SNX-USD 2026-09: 4138 candles | 98.4% done (27 left)
worker done
worker 0/2: 14 months to fetch
2026-09-23 02:30:35 w0 BTC-USD 2026-09: 31830 candles | 98.4% done (27 left)
2026-09-23 02:31:09 w0 SOL-USD 2026-09: 31830 candles | 98.4% done (27 left)
2026-09-23 02:31:43 w0 AVAX-USD 2026-09: 29726 candles | 98.4% done (27 left)
2026-09-23 02:32:18 w0 LTC-USD 2026-09: 31824 candles | 98.4% done (27 left)
2026-09-23 02:32:51 w0 DOGE-USD 2026-09: 30622 candles | 98.4% done (27 left)
2026-09-23 02:33:29 w0 UNI-USD 2026-09: 31687 candles | 98.4% done (27 left)
2026-09-23 02:34:02 w0 ALGO-USD 2026-09: 23356 candles | 98.4% done (27 left)
2026-09-23 02:34:36 w0 ICP-USD 2026-09: 23275 candles | 98.4% done (27 left)
2026-09-23 02:35:10 w0 XLM-USD 2026-09: 31563 candles | 98.4% done (27 left)
2026-09-23 02:35:42 w0 SHIB-USD 2026-09: 13363 candles | 98.4% done (27 left)
2026-09-23 02:36:15 w0 GRT-USD 2026-09: 13546 candles | 98.4% done (27 left)
2026-09-23 02:36:48 w0 XTZ-USD 2026-09: 13989 candles | 98.4% done (27 left)
2026-09-23 02:37:22 w0 DASH-USD 2026-09: 18770 candles | 98.4% done (27 left)
2026-09-23 02:37:54 w0 SNX-USD 2026-09: 4140 candles | 98.4% done (27 left)
worker done
worker 0/2: 14 months to fetch
2026-09-23 02:45:36 w0 BTC-USD 2026-09: 31845 candles | 98.4% done (27 left)
2026-09-23 02:46:10 w0 SOL-USD 2026-09: 31845 candles | 98.4% done (27 left)
2026-09-23 02:46:43 w0 AVAX-USD 2026-09: 29741 candles | 98.4% done (27 left)
2026-09-23 02:47:18 w0 LTC-USD 2026-09: 31839 candles | 98.4% done (27 left)
2026-09-23 02:47:52 w0 DOGE-USD 2026-09: 30637 candles | 98.4% done (27 left)
2026-09-23 02:48:26 w0 UNI-USD 2026-09: 31702 candles | 98.4% done (27 left)
2026-09-23 02:48:59 w0 ALGO-USD 2026-09: 23367 candles | 98.4% done (27 left)
2026-09-23 02:49:33 w0 ICP-USD 2026-09: 23283 candles | 98.4% done (27 left)
2026-09-23 02:50:11 w0 XLM-USD 2026-09: 31578 candles | 98.4% done (27 left)
2026-09-23 02:51:05 w0 SHIB-USD 2026-09: 13369 candles | 98.4% done (27 left)
2026-09-23 02:51:38 w0 GRT-USD 2026-09: 13562 candles | 98.4% done (27 left)
2026-09-23 02:52:10 w0 XTZ-USD 2026-09: 13999 candles | 98.4% done (27 left)
2026-09-23 02:52:44 w0 DASH-USD 2026-09: 18780 candles | 98.4% done (27 left)
2026-09-23 02:53:17 w0 SNX-USD 2026-09: 4142 candles | 98.4% done (27 left)
worker done
worker 0/2: 14 months to fetch
2026-09-23 03:00:34 w0 BTC-USD 2026-09: 31860 candles | 98.4% done (27 left)
2026-09-23 03:01:09 w0 SOL-USD 2026-09: 31860 candles | 98.4% done (27 left)
2026-09-23 03:01:42 w0 AVAX-USD 2026-09: 29756 candles | 98.4% done (27 left)
2026-09-23 03:02:16 w0 LTC-USD 2026-09: 31854 candles | 98.4% done (27 left)
2026-09-23 03:02:50 w0 DOGE-USD 2026-09: 30652 candles | 98.4% done (27 left)
2026-09-23 03:03:23 w0 UNI-USD 2026-09: 31717 candles | 98.4% done (27 left)
2026-09-23 03:03:57 w0 ALGO-USD 2026-09: 23381 candles | 98.4% done (27 left)
2026-09-23 03:04:31 w0 ICP-USD 2026-09: 23292 candles | 98.4% done (27 left)
2026-09-23 03:05:05 w0 XLM-USD 2026-09: 31593 candles | 98.4% done (27 left)
2026-09-23 03:05:38 w0 SHIB-USD 2026-09: 13378 candles | 98.4% done (27 left)
2026-09-23 03:06:10 w0 GRT-USD 2026-09: 13575 candles | 98.4% done (27 left)
2026-09-23 03:06:43 w0 XTZ-USD 2026-09: 14007 candles | 98.4% done (27 left)
2026-09-23 03:07:16 w0 DASH-USD 2026-09: 18786 candles | 98.4% done (27 left)
2026-09-23 03:07:48 w0 SNX-USD 2026-09: 4144 candles | 98.4% done (27 left)
worker done
worker 0/2: 14 months to fetch
2026-09-23 03:15:35 w0 BTC-USD 2026-09: 31875 candles | 98.4% done (27 left)
2026-09-23 03:16:08 w0 SOL-USD 2026-09: 31875 candles | 98.4% done (27 left)
2026-09-23 03:16:42 w0 AVAX-USD 2026-09: 29771 candles | 98.4% done (27 left)
2026-09-23 03:17:16 w0 LTC-USD 2026-09: 31869 candles | 98.4% done (27 left)
2026-09-23 03:17:49 w0 DOGE-USD 2026-09: 30667 candles | 98.4% done (27 left)
2026-09-23 03:18:23 w0 UNI-USD 2026-09: 31732 candles | 98.4% done (27 left)
2026-09-23 03:18:56 w0 ALGO-USD 2026-09: 23392 candles | 98.4% done (27 left)
2026-09-23 03:19:29 w0 ICP-USD 2026-09: 23304 candles | 98.4% done (27 left)
2026-09-23 03:20:03 w0 XLM-USD 2026-09: 31608 candles | 98.4% done (27 left)
2026-09-23 03:20:35 w0 SHIB-USD 2026-09: 13386 candles | 98.4% done (27 left)
2026-09-23 03:21:07 w0 GRT-USD 2026-09: 13589 candles | 98.4% done (27 left)
2026-09-23 03:21:40 w0 XTZ-USD 2026-09: 14012 candles | 98.4% done (27 left)
2026-09-23 03:22:12 w0 DASH-USD 2026-09: 18794 candles | 98.4% done (27 left)
2026-09-23 03:22:45 w0 SNX-USD 2026-09: 4146 candles | 98.4% done (27 left)
worker done
worker 0/2: 14 months to fetch
2026-09-23 03:30:34 w0 BTC-USD 2026-09: 31890 candles | 98.4% done (27 left)
2026-09-23 03:31:08 w0 SOL-USD 2026-09: 31890 candles | 98.4% done (27 left)
2026-09-23 03:31:41 w0 AVAX-USD 2026-09: 29786 candles | 98.4% done (27 left)
2026-09-23 03:32:15 w0 LTC-USD 2026-09: 31884 candles | 98.4% done (27 left)
2026-09-23 03:32:48 w0 DOGE-USD 2026-09: 30682 candles | 98.4% done (27 left)
2026-09-23 03:33:21 w0 UNI-USD 2026-09: 31747 candles | 98.4% done (27 left)
2026-09-23 03:33:55 w0 ALGO-USD 2026-09: 23407 candles | 98.4% done (27 left)
2026-09-23 03:34:28 w0 ICP-USD 2026-09: 23319 candles | 98.4% done (27 left)
2026-09-23 03:35:01 w0 XLM-USD 2026-09: 31623 candles | 98.4% done (27 left)
2026-09-23 03:35:34 w0 SHIB-USD 2026-09: 13398 candles | 98.4% done (27 left)
2026-09-23 03:36:06 w0 GRT-USD 2026-09: 13600 candles | 98.4% done (27 left)
2026-09-23 03:36:38 w0 XTZ-USD 2026-09: 14020 candles | 98.4% done (27 left)
2026-09-23 03:37:11 w0 DASH-USD 2026-09: 18800 candles | 98.4% done (27 left)
2026-09-23 03:37:43 w0 SNX-USD 2026-09: 4150 candles | 98.4% done (27 left)
worker done
worker 0/2: 14 months to fetch
2026-09-23 03:45:34 w0 BTC-USD 2026-09: 31905 candles | 98.4% done (27 left)
2026-09-23 03:46:07 w0 SOL-USD 2026-09: 31905 candles | 98.4% done (27 left)
2026-09-23 03:46:41 w0 AVAX-USD 2026-09: 29801 candles | 98.4% done (27 left)
2026-09-23 03:47:14 w0 LTC-USD 2026-09: 31899 candles | 98.4% done (27 left)
2026-09-23 03:47:48 w0 DOGE-USD 2026-09: 30697 candles | 98.4% done (27 left)
2026-09-23 03:48:21 w0 UNI-USD 2026-09: 31762 candles | 98.4% done (27 left)
2026-09-23 03:48:54 w0 ALGO-USD 2026-09: 23422 candles | 98.4% done (27 left)
2026-09-23 03:49:27 w0 ICP-USD 2026-09: 23332 candles | 98.4% done (27 left)
2026-09-23 03:50:00 w0 XLM-USD 2026-09: 31638 candles | 98.4% done (27 left)
2026-09-23 03:50:33 w0 SHIB-USD 2026-09: 13410 candles | 98.4% done (27 left)
2026-09-23 03:51:05 w0 GRT-USD 2026-09: 13610 candles | 98.4% done (27 left)
2026-09-23 03:51:37 w0 XTZ-USD 2026-09: 14028 candles | 98.4% done (27 left)
2026-09-23 03:52:09 w0 DASH-USD 2026-09: 18809 candles | 98.4% done (27 left)
2026-09-23 03:52:41 w0 SNX-USD 2026-09: 4159 candles | 98.4% done (27 left)
worker done
worker 0/2: 14 months to fetch
2026-09-23 04:00:34 w0 BTC-USD 2026-09: 31920 candles | 98.4% done (27 left)
2026-09-23 04:01:08 w0 SOL-USD 2026-09: 31920 candles | 98.4% done (27 left)
2026-09-23 04:01:41 w0 AVAX-USD 2026-09: 29816 candles | 98.4% done (27 left)
2026-09-23 04:02:14 w0 LTC-USD 2026-09: 31914 candles | 98.4% done (27 left)
2026-09-23 04:02:47 w0 DOGE-USD 2026-09: 30712 candles | 98.4% done (27 left)
2026-09-23 04:03:21 w0 UNI-USD 2026-09: 31777 candles | 98.4% done (27 left)
2026-09-23 04:03:53 w0 ALGO-USD 2026-09: 23434 candles | 98.4% done (27 left)
2026-09-23 04:04:26 w0 ICP-USD 2026-09: 23345 candles | 98.4% done (27 left)
2026-09-23 04:05:00 w0 XLM-USD 2026-09: 31653 candles | 98.4% done (27 left)
2026-09-23 04:05:32 w0 SHIB-USD 2026-09: 13422 candles | 98.4% done (27 left)
2026-09-23 04:06:04 w0 GRT-USD 2026-09: 13618 candles | 98.4% done (27 left)
2026-09-23 04:06:36 w0 XTZ-USD 2026-09: 14039 candles | 98.4% done (27 left)
2026-09-23 04:07:09 w0 DASH-USD 2026-09: 18817 candles | 98.4% done (27 left)
2026-09-23 04:07:40 w0 SNX-USD 2026-09: 4163 candles | 98.4% done (27 left)
worker done
worker 0/2: 14 months to fetch
2026-09-23 04:15:34 w0 BTC-USD 2026-09: 31935 candles | 98.4% done (27 left)
2026-09-23 04:16:08 w0 SOL-USD 2026-09: 31935 candles | 98.4% done (27 left)
2026-09-23 04:16:41 w0 AVAX-USD 2026-09: 29831 candles | 98.4% done (27 left)
2026-09-23 04:17:14 w0 LTC-USD 2026-09: 31929 candles | 98.4% done (27 left)
2026-09-23 04:17:47 w0 DOGE-USD 2026-09: 30727 candles | 98.4% done (27 left)
2026-09-23 04:18:20 w0 UNI-USD 2026-09: 31792 candles | 98.4% done (27 left)
2026-09-23 04:18:54 w0 ALGO-USD 2026-09: 23447 candles | 98.4% done (27 left)
2026-09-23 04:19:27 w0 ICP-USD 2026-09: 23358 candles | 98.4% done (27 left)
2026-09-23 04:20:00 w0 XLM-USD 2026-09: 31668 candles | 98.4% done (27 left)
2026-09-23 04:20:33 w0 SHIB-USD 2026-09: 13431 candles | 98.4% done (27 left)
2026-09-23 04:21:05 w0 GRT-USD 2026-09: 13629 candles | 98.4% done (27 left)
2026-09-23 04:21:37 w0 XTZ-USD 2026-09: 14047 candles | 98.4% done (27 left)
2026-09-23 04:22:09 w0 DASH-USD 2026-09: 18823 candles | 98.4% done (27 left)
2026-09-23 04:22:41 w0 SNX-USD 2026-09: 4166 candles | 98.4% done (27 left)
worker done
worker 0/2: 14 months to fetch
2026-09-23 04:30:34 w0 BTC-USD 2026-09: 31950 candles | 98.4% done (27 left)
2026-09-23 04:31:07 w0 SOL-USD 2026-09: 31950 candles | 98.4% done (27 left)
2026-09-23 04:31:40 w0 AVAX-USD 2026-09: 29846 candles | 98.4% done (27 left)
2026-09-23 04:32:13 w0 LTC-USD 2026-09: 31944 candles | 98.4% done (27 left)
2026-09-23 04:32:46 w0 DOGE-USD 2026-09: 30742 candles | 98.4% done (27 left)
2026-09-23 04:33:19 w0 UNI-USD 2026-09: 31807 candles | 98.4% done (27 left)
2026-09-23 04:33:52 w0 ALGO-USD 2026-09: 23460 candles | 98.4% done (27 left)
2026-09-23 04:34:25 w0 ICP-USD 2026-09: 23372 candles | 98.4% done (27 left)
2026-09-23 04:34:58 w0 XLM-USD 2026-09: 31683 candles | 98.4% done (27 left)
2026-09-23 04:35:30 w0 SHIB-USD 2026-09: 13442 candles | 98.4% done (27 left)
2026-09-23 04:36:02 w0 GRT-USD 2026-09: 13638 candles | 98.4% done (27 left)
2026-09-23 04:36:34 w0 XTZ-USD 2026-09: 14057 candles | 98.4% done (27 left)
2026-09-23 04:37:07 w0 DASH-USD 2026-09: 18833 candles | 98.4% done (27 left)
2026-09-23 04:37:38 w0 SNX-USD 2026-09: 4171 candles | 98.4% done (27 left)
worker done
worker 0/2: 14 months to fetch
2026-09-23 04:45:33 w0 BTC-USD 2026-09: 31965 candles | 98.4% done (27 left)
2026-09-23 04:46:06 w0 SOL-USD 2026-09: 31965 candles | 98.4% done (27 left)
2026-09-23 04:46:40 w0 AVAX-USD 2026-09: 29861 candles | 98.4% done (27 left)
2026-09-23 04:47:13 w0 LTC-USD 2026-09: 31959 candles | 98.4% done (27 left)
2026-09-23 04:47:46 w0 DOGE-USD 2026-09: 30757 candles | 98.4% done (27 left)
2026-09-23 04:48:19 w0 UNI-USD 2026-09: 31822 candles | 98.4% done (27 left)
2026-09-23 04:48:52 w0 ALGO-USD 2026-09: 23474 candles | 98.4% done (27 left)
2026-09-23 04:49:25 w0 ICP-USD 2026-09: 23383 candles | 98.4% done (27 left)
2026-09-23 04:49:58 w0 XLM-USD 2026-09: 31698 candles | 98.4% done (27 left)
2026-09-23 04:50:30 w0 SHIB-USD 2026-09: 13449 candles | 98.4% done (27 left)
2026-09-23 04:51:02 w0 GRT-USD 2026-09: 13649 candles | 98.4% done (27 left)
2026-09-23 04:51:34 w0 XTZ-USD 2026-09: 14065 candles | 98.4% done (27 left)
2026-09-23 04:52:07 w0 DASH-USD 2026-09: 18836 candles | 98.4% done (27 left)
2026-09-23 04:52:38 w0 SNX-USD 2026-09: 4175 candles | 98.4% done (27 left)
worker done
worker 0/2: 14 months to fetch
2026-09-23 05:00:34 w0 BTC-USD 2026-09: 31980 candles | 98.4% done (27 left)
2026-09-23 05:01:07 w0 SOL-USD 2026-09: 31980 candles | 98.4% done (27 left)
2026-09-23 05:01:40 w0 AVAX-USD 2026-09: 29876 candles | 98.4% done (27 left)
2026-09-23 05:02:14 w0 LTC-USD 2026-09: 31974 candles | 98.4% done (27 left)
2026-09-23 05:02:47 w0 DOGE-USD 2026-09: 30772 candles | 98.4% done (27 left)
2026-09-23 05:03:20 w0 UNI-USD 2026-09: 31837 candles | 98.4% done (27 left)
2026-09-23 05:03:52 w0 ALGO-USD 2026-09: 23486 candles | 98.4% done (27 left)
2026-09-23 05:04:25 w0 ICP-USD 2026-09: 23394 candles | 98.4% done (27 left)
2026-09-23 05:04:59 w0 XLM-USD 2026-09: 31713 candles | 98.4% done (27 left)
2026-09-23 05:05:31 w0 SHIB-USD 2026-09: 13456 candles | 98.4% done (27 left)
2026-09-23 05:06:02 w0 GRT-USD 2026-09: 13663 candles | 98.4% done (27 left)
2026-09-23 05:06:35 w0 XTZ-USD 2026-09: 14070 candles | 98.4% done (27 left)
2026-09-23 05:07:07 w0 DASH-USD 2026-09: 18846 candles | 98.4% done (27 left)
2026-09-23 05:07:39 w0 SNX-USD 2026-09: 4177 candles | 98.4% done (27 left)
worker done
worker 0/2: 14 months to fetch
2026-09-23 05:15:33 w0 BTC-USD 2026-09: 31995 candles | 98.4% done (27 left)
2026-09-23 05:16:07 w0 SOL-USD 2026-09: 31995 candles | 98.4% done (27 left)
2026-09-23 05:16:40 w0 AVAX-USD 2026-09: 29891 candles | 98.4% done (27 left)
2026-09-23 05:17:13 w0 LTC-USD 2026-09: 31989 candles | 98.4% done (27 left)
2026-09-23 05:17:46 w0 DOGE-USD 2026-09: 30787 candles | 98.4% done (27 left)
2026-09-23 05:18:19 w0 UNI-USD 2026-09: 31852 candles | 98.4% done (27 left)
2026-09-23 05:18:52 w0 ALGO-USD 2026-09: 23495 candles | 98.4% done (27 left)
2026-09-23 05:19:25 w0 ICP-USD 2026-09: 23406 candles | 98.4% done (27 left)
2026-09-23 05:19:58 w0 XLM-USD 2026-09: 31728 candles | 98.4% done (27 left)
2026-09-23 05:20:30 w0 SHIB-USD 2026-09: 13465 candles | 98.4% done (27 left)
2026-09-23 05:21:02 w0 GRT-USD 2026-09: 13672 candles | 98.4% done (27 left)
2026-09-23 05:21:34 w0 XTZ-USD 2026-09: 14078 candles | 98.4% done (27 left)
2026-09-23 05:22:06 w0 DASH-USD 2026-09: 18853 candles | 98.4% done (27 left)
2026-09-23 05:22:38 w0 SNX-USD 2026-09: 4181 candles | 98.4% done (27 left)
worker done
worker 0/2: 14 months to fetch
2026-09-23 05:30:34 w0 BTC-USD 2026-09: 32010 candles | 98.4% done (27 left)
2026-09-23 05:31:07 w0 SOL-USD 2026-09: 32010 candles | 98.4% done (27 left)
2026-09-23 05:31:40 w0 AVAX-USD 2026-09: 29906 candles | 98.4% done (27 left)
2026-09-23 05:32:13 w0 LTC-USD 2026-09: 32004 candles | 98.4% done (27 left)
2026-09-23 05:32:46 w0 DOGE-USD 2026-09: 30802 candles | 98.4% done (27 left)
2026-09-23 05:33:19 w0 UNI-USD 2026-09: 31867 candles | 98.4% done (27 left)
2026-09-23 05:33:52 w0 ALGO-USD 2026-09: 23505 candles | 98.4% done (27 left)
2026-09-23 05:34:24 w0 ICP-USD 2026-09: 23420 candles | 98.4% done (27 left)
2026-09-23 05:34:58 w0 XLM-USD 2026-09: 31743 candles | 98.4% done (27 left)
2026-09-23 05:35:29 w0 SHIB-USD 2026-09: 13470 candles | 98.4% done (27 left)
2026-09-23 05:36:01 w0 GRT-USD 2026-09: 13679 candles | 98.4% done (27 left)
2026-09-23 05:36:33 w0 XTZ-USD 2026-09: 14086 candles | 98.4% done (27 left)
2026-09-23 05:37:05 w0 DASH-USD 2026-09: 18856 candles | 98.4% done (27 left)
2026-09-23 05:37:37 w0 SNX-USD 2026-09: 4187 candles | 98.4% done (27 left)
worker done
worker 0/2: 14 months to fetch
2026-09-23 05:45:34 w0 BTC-USD 2026-09: 32025 candles | 98.4% done (27 left)
2026-09-23 05:46:07 w0 SOL-USD 2026-09: 32025 candles | 98.4% done (27 left)
2026-09-23 05:46:40 w0 AVAX-USD 2026-09: 29921 candles | 98.4% done (27 left)
2026-09-23 05:47:13 w0 LTC-USD 2026-09: 32019 candles | 98.4% done (27 left)
2026-09-23 05:47:46 w0 DOGE-USD 2026-09: 30817 candles | 98.4% done (27 left)
2026-09-23 05:48:19 w0 UNI-USD 2026-09: 31882 candles | 98.4% done (27 left)
2026-09-23 05:48:51 w0 ALGO-USD 2026-09: 23514 candles | 98.4% done (27 left)
2026-09-23 05:49:24 w0 ICP-USD 2026-09: 23430 candles | 98.4% done (27 left)
2026-09-23 05:49:57 w0 XLM-USD 2026-09: 31758 candles | 98.4% done (27 left)
2026-09-23 05:50:29 w0 SHIB-USD 2026-09: 13475 candles | 98.4% done (27 left)
2026-09-23 05:51:01 w0 GRT-USD 2026-09: 13688 candles | 98.4% done (27 left)
2026-09-23 05:51:33 w0 XTZ-USD 2026-09: 14093 candles | 98.4% done (27 left)
2026-09-23 05:52:06 w0 DASH-USD 2026-09: 18861 candles | 98.4% done (27 left)
2026-09-23 05:52:37 w0 SNX-USD 2026-09: 4190 candles | 98.4% done (27 left)
worker done
worker 0/2: 14 months to fetch
2026-09-23 06:00:34 w0 BTC-USD 2026-09: 32040 candles | 98.4% done (27 left)
2026-09-23 06:01:07 w0 SOL-USD 2026-09: 32040 candles | 98.4% done (27 left)
2026-09-23 06:01:40 w0 AVAX-USD 2026-09: 29936 candles | 98.4% done (27 left)
2026-09-23 06:02:13 w0 LTC-USD 2026-09: 32034 candles | 98.4% done (27 left)
2026-09-23 06:02:46 w0 DOGE-USD 2026-09: 30832 candles | 98.4% done (27 left)
2026-09-23 06:03:19 w0 UNI-USD 2026-09: 31897 candles | 98.4% done (27 left)
2026-09-23 06:03:52 w0 ALGO-USD 2026-09: 23528 candles | 98.4% done (27 left)
2026-09-23 06:04:24 w0 ICP-USD 2026-09: 23443 candles | 98.4% done (27 left)
2026-09-23 06:04:58 w0 XLM-USD 2026-09: 31773 candles | 98.4% done (27 left)
2026-09-23 06:05:29 w0 SHIB-USD 2026-09: 13481 candles | 98.4% done (27 left)
2026-09-23 06:06:01 w0 GRT-USD 2026-09: 13698 candles | 98.4% done (27 left)
2026-09-23 06:06:33 w0 XTZ-USD 2026-09: 14103 candles | 98.4% done (27 left)
2026-09-23 06:07:05 w0 DASH-USD 2026-09: 18868 candles | 98.4% done (27 left)
2026-09-23 06:07:37 w0 SNX-USD 2026-09: 4194 candles | 98.4% done (27 left)
worker done
