worker 1/2: 823 months to fetch
2026-09-21 05:40:34 w1 ETH-USD 2026-09: 29140 candles | 0.1% done (1646 left)
2026-09-21 05:41:04 w1 ADA-USD 2026-09: 28811 candles | 0.1% done (1646 left)
2026-09-21 05:41:34 w1 LINK-USD 2026-09: 28600 candles | 0.1% done (1646 left)
2026-09-21 05:42:04 w1 DOT-USD 2026-09: 26607 candles | 0.1% done (1646 left)
2026-09-21 05:42:34 w1 ATOM-USD 2026-09: 18409 candles | 0.1% done (1646 left)
2026-09-21 05:43:04 w1 BCH-USD 2026-09: 25895 candles | 0.1% done (1646 left)
2026-09-21 05:43:33 w1 FIL-USD 2026-09: 23272 candles | 0.1% done (1646 left)
2026-09-21 05:44:03 w1 ETC-USD 2026-09: 15665 candles | 0.1% done (1646 left)
2026-09-21 05:44:33 w1 AAVE-USD 2026-09: 22751 candles | 0.1% done (1646 left)
2026-09-21 05:45:02 w1 CRV-USD 2026-09: 18592 candles | 0.1% done (1646 left)
2026-09-21 05:45:31 w1 MANA-USD 2026-09: 3599 candles | 0.1% done (1646 left)
2026-09-21 05:46:01 w1 ZEC-USD 2026-09: 29136 candles | 0.1% done (1646 left)
2026-09-21 05:46:31 w1 COMP-USD 2026-09: 6892 candles | 0.1% done (1646 left)
2026-09-21 05:47:18 w1 BTC-USD 2026-07: 44639 candles | 0.1% done (1645 left)
2026-09-21 05:48:04 w1 SOL-USD 2026-08: 44637 candles | 0.2% done (1643 left)
2026-09-21 05:48:49 w1 AVAX-USD 2026-08: 38294 candles | 0.4% done (1641 left)
2026-09-21 05:49:38 w1 LTC-USD 2026-08: 44607 candles | 0.5% done (1639 left)
2026-09-21 05:50:25 w1 DOGE-USD 2026-08: 39514 candles | 0.6% done (1637 left)
2026-09-21 05:51:12 w1 UNI-USD 2026-08: 40670 candles | 0.7% done (1635 left)
2026-09-21 05:51:57 w1 ALGO-USD 2026-08: 28120 candles | 0.9% done (1633 left)
2026-09-21 05:52:42 w1 ICP-USD 2026-08: 28505 candles | 1.0% done (1631 left)
2026-09-21 05:53:28 w1 XLM-USD 2026-08: 43799 candles | 1.1% done (1629 left)
2026-09-21 05:54:13 w1 SHIB-USD 2026-08: 16467 candles | 1.2% done (1627 left)
2026-09-21 05:54:57 w1 GRT-USD 2026-08: 11503 candles | 1.3% done (1625 left)
2026-09-21 05:55:43 w1 XTZ-USD 2026-08: 8784 candles | 1.5% done (1623 left)
2026-09-21 05:56:27 w1 DASH-USD 2026-08: 13501 candles | 1.6% done (1621 left)
2026-09-21 05:57:11 w1 SNX-USD 2026-08: 4274 candles | 1.7% done (1619 left)
2026-09-21 05:57:59 w1 ETH-USD 2026-07: 44638 candles | 1.8% done (1617 left)
2026-09-21 05:58:45 w1 ADA-USD 2026-07: 36342 candles | 1.9% done (1615 left)
2026-09-21 05:59:30 w1 LINK-USD 2026-07: 41423 candles | 2.1% done (1613 left)
2026-09-21 06:00:14 w1 DOT-USD 2026-07: 16721 candles | 2.2% done (1611 left)
2026-09-21 06:00:59 w1 ATOM-USD 2026-07: 17864 candles | 2.3% done (1609 left)
2026-09-21 06:01:44 w1 BCH-USD 2026-07: 37912 candles | 2.4% done (1607 left)
2026-09-21 06:02:28 w1 FIL-USD 2026-07: 9989 candles | 2.6% done (1605 left)
2026-09-21 06:03:12 w1 ETC-USD 2026-07: 7311 candles | 2.7% done (1603 left)
2026-09-21 06:03:57 w1 AAVE-USD 2026-07: 38338 candles | 2.8% done (1601 left)
2026-09-21 06:04:41 w1 CRV-USD 2026-07: 12048 candles | 2.9% done (1599 left)
2026-09-21 06:05:25 w1 MANA-USD 2026-07: 4585 candles | 3.0% done (1597 left)
2026-09-21 06:06:11 w1 ZEC-USD 2026-07: 43822 candles | 3.2% done (1595 left)
2026-09-21 06:06:56 w1 COMP-USD 2026-07: 5750 candles | 3.3% done (1593 left)
2026-09-21 06:07:42 w1 BTC-USD 2026-05: 44227 candles | 3.4% done (1591 left)
2026-09-21 06:08:26 w1 SOL-USD 2026-06: 43187 candles | 3.5% done (1589 left)
2026-09-21 06:09:09 w1 AVAX-USD 2026-06: 27885 candles | 3.6% done (1587 left)
2026-09-21 06:09:54 w1 LTC-USD 2026-06: 43177 candles | 3.8% done (1585 left)
2026-09-21 06:10:38 w1 DOGE-USD 2026-06: 41686 candles | 3.9% done (1583 left)
2026-09-21 06:11:22 w1 UNI-USD 2026-06: 34730 candles | 4.0% done (1581 left)
2026-09-21 06:12:05 w1 ALGO-USD 2026-06: 21130 candles | 4.1% done (1579 left)
2026-09-21 06:12:49 w1 ICP-USD 2026-06: 33637 candles | 4.3% done (1577 left)
2026-09-21 06:13:34 w1 XLM-USD 2026-06: 43146 candles | 4.4% done (1575 left)
2026-09-21 06:14:17 w1 SHIB-USD 2026-06: 17335 candles | 4.5% done (1573 left)
2026-09-21 06:14:59 w1 GRT-USD 2026-06: 6137 candles | 4.6% done (1571 left)
2026-09-21 06:15:42 w1 XTZ-USD 2026-06: 12401 candles | 4.7% done (1569 left)
2026-09-21 06:16:25 w1 DASH-USD 2026-06: 17601 candles | 4.9% done (1567 left)
2026-09-21 06:17:07 w1 SNX-USD 2026-06: 5181 candles | 5.0% done (1565 left)
2026-09-21 06:17:53 w1 ETH-USD 2026-05: 44221 candles | 5.1% done (1563 left)
2026-09-21 06:18:39 w1 ADA-USD 2026-05: 40705 candles | 5.2% done (1561 left)
2026-09-21 06:19:24 w1 LINK-USD 2026-05: 42591 candles | 5.3% done (1559 left)
2026-09-21 06:20:09 w1 DOT-USD 2026-05: 24654 candles | 5.5% done (1557 left)
2026-09-21 06:20:54 w1 ATOM-USD 2026-05: 28514 candles | 5.6% done (1555 left)
2026-09-21 06:21:40 w1 BCH-USD 2026-05: 37589 candles | 5.7% done (1553 left)
2026-09-21 06:22:26 w1 FIL-USD 2026-05: 22648 candles | 5.8% done (1551 left)
2026-09-21 06:23:09 w1 ETC-USD 2026-05: 11396 candles | 6.0% done (1549 left)
2026-09-21 06:23:55 w1 AAVE-USD 2026-05: 37732 candles | 6.1% done (1547 left)
2026-09-21 06:24:40 w1 CRV-USD 2026-05: 19604 candles | 6.2% done (1545 left)
2026-09-21 06:25:24 w1 MANA-USD 2026-05: 7450 candles | 6.3% done (1543 left)
2026-09-21 06:26:10 w1 ZEC-USD 2026-05: 44074 candles | 6.4% done (1541 left)
2026-09-21 06:26:54 w1 COMP-USD 2026-05: 12944 candles | 6.6% done (1539 left)
2026-09-21 06:27:40 w1 BTC-USD 2026-03: 44633 candles | 6.7% done (1537 left)
2026-09-21 06:28:25 w1 SOL-USD 2026-04: 43195 candles | 6.8% done (1535 left)
2026-09-21 06:29:09 w1 AVAX-USD 2026-04: 26166 candles | 6.9% done (1533 left)
2026-09-21 06:29:53 w1 LTC-USD 2026-04: 43175 candles | 7.0% done (1531 left)
2026-09-21 06:30:40 w1 DOGE-USD 2026-04: 41941 candles | 7.2% done (1529 left)
2026-09-21 06:31:23 w1 UNI-USD 2026-04: 26173 candles | 7.3% done (1527 left)
2026-09-21 06:32:07 w1 ALGO-USD 2026-04: 23707 candles | 7.4% done (1525 left)
2026-09-21 06:32:50 w1 ICP-USD 2026-04: 22286 candles | 7.5% done (1523 left)
2026-09-21 06:33:34 w1 XLM-USD 2026-04: 42170 candles | 7.7% done (1521 left)
2026-09-21 06:34:18 w1 SHIB-USD 2026-04: 15576 candles | 7.8% done (1519 left)
2026-09-21 06:35:00 w1 GRT-USD 2026-04: 3345 candles | 7.9% done (1517 left)
2026-09-21 06:35:42 w1 XTZ-USD 2026-04: 11476 candles | 8.0% done (1515 left)
2026-09-21 06:36:26 w1 DASH-USD 2026-04: 19956 candles | 8.1% done (1513 left)
2026-09-21 06:37:07 w1 SNX-USD 2026-04: 3879 candles | 8.3% done (1511 left)
2026-09-21 06:37:53 w1 ETH-USD 2026-03: 44633 candles | 8.4% done (1509 left)
2026-09-21 06:38:40 w1 ADA-USD 2026-03: 43245 candles | 8.5% done (1507 left)
2026-09-21 06:39:25 w1 LINK-USD 2026-03: 43849 candles | 8.6% done (1505 left)
2026-09-21 06:40:10 w1 DOT-USD 2026-03: 30513 candles | 8.7% done (1503 left)
2026-09-21 06:40:55 w1 ATOM-USD 2026-03: 24099 candles | 8.9% done (1501 left)
2026-09-21 06:41:41 w1 BCH-USD 2026-03: 39804 candles | 9.0% done (1499 left)
2026-09-21 06:42:26 w1 FIL-USD 2026-03: 15346 candles | 9.1% done (1497 left)
2026-09-21 06:43:11 w1 ETC-USD 2026-03: 9570 candles | 9.2% done (1495 left)
2026-09-21 06:43:57 w1 AAVE-USD 2026-03: 37663 candles | 9.4% done (1493 left)
2026-09-21 06:44:42 w1 CRV-USD 2026-03: 23722 candles | 9.5% done (1491 left)
2026-09-21 06:45:27 w1 MANA-USD 2026-03: 11853 candles | 9.6% done (1489 left)
2026-09-21 06:46:14 w1 ZEC-USD 2026-03: 43190 candles | 9.7% done (1487 left)
2026-09-21 06:46:58 w1 COMP-USD 2026-03: 7208 candles | 9.8% done (1485 left)
2026-09-21 06:47:44 w1 BTC-USD 2026-01: 44640 candles | 10.0% done (1483 left)
2026-09-21 06:48:27 w1 SOL-USD 2026-02: 40293 candles | 10.1% done (1481 left)
2026-09-21 06:49:09 w1 AVAX-USD 2026-02: 29622 candles | 10.2% done (1479 left)
2026-09-21 06:49:51 w1 LTC-USD 2026-02: 40262 candles | 10.3% done (1477 left)
2026-09-21 06:50:33 w1 DOGE-USD 2026-02: 40131 candles | 10.4% done (1475 left)
2026-09-21 06:51:15 w1 UNI-USD 2026-02: 33178 candles | 10.6% done (1473 left)
2026-09-21 06:51:56 w1 ALGO-USD 2026-02: 17914 candles | 10.7% done (1471 left)
2026-09-21 06:52:37 w1 ICP-USD 2026-02: 29591 candles | 10.8% done (1469 left)
2026-09-21 06:53:19 w1 XLM-USD 2026-02: 40095 candles | 10.9% done (1467 left)
2026-09-21 06:54:01 w1 SHIB-USD 2026-02: 26581 candles | 11.1% done (1465 left)
2026-09-21 06:54:41 w1 GRT-USD 2026-02: 5863 candles | 11.2% done (1463 left)
2026-09-21 06:55:23 w1 XTZ-USD 2026-02: 16502 candles | 11.3% done (1461 left)
2026-09-21 06:56:05 w1 DASH-USD 2026-02: 30696 candles | 11.4% done (1459 left)
2026-09-21 06:56:45 w1 SNX-USD 2026-02: 14679 candles | 11.5% done (1457 left)
2026-09-21 06:57:35 w1 ETH-USD 2026-01: 44640 candles | 11.7% done (1455 left)
2026-09-21 06:58:22 w1 ADA-USD 2026-01: 43552 candles | 11.8% done (1453 left)
2026-09-21 06:59:08 w1 LINK-USD 2026-01: 43488 candles | 11.9% done (1451 left)
2026-09-21 06:59:55 w1 DOT-USD 2026-01: 36399 candles | 12.0% done (1449 left)
2026-09-21 07:00:40 w1 ATOM-USD 2026-01: 29729 candles | 12.1% done (1447 left)
2026-09-21 07:01:27 w1 BCH-USD 2026-01: 40487 candles | 12.3% done (1445 left)
2026-09-21 07:02:12 w1 FIL-USD 2026-01: 29772 candles | 12.4% done (1443 left)
2026-09-21 07:02:57 w1 ETC-USD 2026-01: 12831 candles | 12.5% done (1441 left)
2026-09-21 07:03:43 w1 AAVE-USD 2026-01: 39329 candles | 12.6% done (1439 left)
2026-09-21 07:04:28 w1 CRV-USD 2026-01: 30200 candles | 12.8% done (1437 left)
2026-09-21 07:05:13 w1 MANA-USD 2026-01: 19980 candles | 12.9% done (1435 left)
2026-09-21 07:06:00 w1 ZEC-USD 2026-01: 44044 candles | 13.0% done (1433 left)
2026-09-21 07:06:45 w1 COMP-USD 2026-01: 14064 candles | 13.1% done (1431 left)
2026-09-21 07:07:29 w1 BTC-USD 2025-11: 43200 candles | 13.2% done (1429 left)
2026-09-21 07:08:16 w1 SOL-USD 2025-12: 44637 candles | 13.4% done (1427 left)
2026-09-21 07:09:03 w1 AVAX-USD 2025-12: 33212 candles | 13.5% done (1425 left)
2026-09-21 07:09:49 w1 LTC-USD 2025-12: 44627 candles | 13.6% done (1423 left)
2026-09-21 07:10:36 w1 DOGE-USD 2025-12: 44247 candles | 13.7% done (1421 left)
2026-09-21 07:11:23 w1 UNI-USD 2025-12: 38713 candles | 13.8% done (1419 left)
2026-09-21 07:12:08 w1 ALGO-USD 2025-12: 20620 candles | 14.0% done (1417 left)
2026-09-21 07:12:54 w1 ICP-USD 2025-12: 34568 candles | 14.1% done (1415 left)
2026-09-21 07:13:41 w1 XLM-USD 2025-12: 43820 candles | 14.2% done (1413 left)
2026-09-21 07:14:26 w1 SHIB-USD 2025-12: 24653 candles | 14.3% done (1411 left)
2026-09-21 07:15:11 w1 GRT-USD 2025-12: 6667 candles | 14.5% done (1409 left)
2026-09-21 07:15:55 w1 XTZ-USD 2025-12: 8932 candles | 14.6% done (1407 left)
2026-09-21 07:16:41 w1 DASH-USD 2025-12: 25019 candles | 14.7% done (1405 left)
2026-09-21 07:17:26 w1 SNX-USD 2025-12: 11453 candles | 14.8% done (1403 left)
2026-09-21 07:18:12 w1 ETH-USD 2025-11: 43200 candles | 14.9% done (1401 left)
2026-09-21 07:18:56 w1 ADA-USD 2025-11: 43070 candles | 15.1% done (1399 left)
2026-09-21 07:19:41 w1 LINK-USD 2025-11: 43046 candles | 15.2% done (1397 left)
2026-09-21 07:20:25 w1 DOT-USD 2025-11: 40827 candles | 15.3% done (1395 left)
2026-09-21 07:21:09 w1 ATOM-USD 2025-11: 34793 candles | 15.4% done (1393 left)
2026-09-21 07:21:54 w1 BCH-USD 2025-11: 41251 candles | 15.5% done (1391 left)
2026-09-21 07:22:38 w1 FIL-USD 2025-11: 38685 candles | 15.7% done (1389 left)
2026-09-21 07:23:21 w1 ETC-USD 2025-11: 26700 candles | 15.8% done (1387 left)
2026-09-21 07:24:06 w1 AAVE-USD 2025-11: 41768 candles | 15.9% done (1385 left)
2026-09-21 07:24:50 w1 CRV-USD 2025-11: 38816 candles | 16.0% done (1383 left)
2026-09-21 07:25:33 w1 MANA-USD 2025-11: 16984 candles | 16.2% done (1381 left)
2026-09-21 07:26:18 w1 ZEC-USD 2025-11: 43198 candles | 16.3% done (1379 left)
2026-09-21 07:27:01 w1 COMP-USD 2025-11: 21942 candles | 16.4% done (1377 left)
2026-09-21 07:27:46 w1 BTC-USD 2025-09: 43200 candles | 16.5% done (1375 left)
2026-09-21 07:28:32 w1 SOL-USD 2025-10: 44271 candles | 16.6% done (1373 left)
2026-09-21 07:29:17 w1 AVAX-USD 2025-10: 42317 candles | 16.8% done (1371 left)
2026-09-21 07:30:03 w1 LTC-USD 2025-10: 44223 candles | 16.9% done (1369 left)
2026-09-21 07:30:49 w1 DOGE-USD 2025-10: 44259 candles | 17.0% done (1367 left)
2026-09-21 07:31:34 w1 UNI-USD 2025-10: 38594 candles | 17.1% done (1365 left)
2026-09-21 07:32:19 w1 ALGO-USD 2025-10: 35762 candles | 17.2% done (1363 left)
2026-09-21 07:33:06 w1 ICP-USD 2025-10: 34928 candles | 17.4% done (1361 left)
2026-09-21 07:33:51 w1 XLM-USD 2025-10: 44241 candles | 17.5% done (1359 left)
2026-09-21 07:34:37 w1 SHIB-USD 2025-10: 34491 candles | 17.6% done (1357 left)
2026-09-21 07:35:21 w1 GRT-USD 2025-10: 13016 candles | 17.7% done (1355 left)
2026-09-21 07:36:05 w1 XTZ-USD 2025-10: 10099 candles | 17.9% done (1353 left)
2026-09-21 07:36:50 w1 DASH-USD 2025-10: 32849 candles | 18.0% done (1351 left)
2026-09-21 07:37:36 w1 SNX-USD 2025-10: 34581 candles | 18.1% done (1349 left)
2026-09-21 07:38:20 w1 ETH-USD 2025-09: 43200 candles | 18.2% done (1347 left)
2026-09-21 07:39:05 w1 ADA-USD 2025-09: 43168 candles | 18.3% done (1345 left)
2026-09-21 07:39:49 w1 LINK-USD 2025-09: 43108 candles | 18.5% done (1343 left)
2026-09-21 07:40:33 w1 DOT-USD 2025-09: 40173 candles | 18.6% done (1341 left)
2026-09-21 07:41:17 w1 ATOM-USD 2025-09: 36095 candles | 18.7% done (1339 left)
2026-09-21 07:42:01 w1 BCH-USD 2025-09: 37286 candles | 18.8% done (1337 left)
2026-09-21 07:42:44 w1 FIL-USD 2025-09: 26909 candles | 18.9% done (1335 left)
2026-09-21 07:43:27 w1 ETC-USD 2025-09: 18949 candles | 19.1% done (1333 left)
2026-09-21 07:44:12 w1 AAVE-USD 2025-09: 39880 candles | 19.2% done (1331 left)
2026-09-21 07:44:56 w1 CRV-USD 2025-09: 36532 candles | 19.3% done (1329 left)
2026-09-21 07:45:38 w1 MANA-USD 2025-09: 12966 candles | 19.4% done (1327 left)
2026-09-21 07:46:22 w1 ZEC-USD 2025-09: 35363 candles | 19.6% done (1325 left)
2026-09-21 07:47:05 w1 COMP-USD 2025-09: 16309 candles | 19.7% done (1323 left)
2026-09-21 07:47:51 w1 BTC-USD 2025-07: 44640 candles | 19.8% done (1321 left)
2026-09-21 07:48:38 w1 SOL-USD 2025-08: 44638 candles | 19.9% done (1319 left)
2026-09-21 07:49:24 w1 AVAX-USD 2025-08: 42402 candles | 20.0% done (1317 left)
2026-09-21 07:50:10 w1 LTC-USD 2025-08: 44638 candles | 20.2% done (1315 left)
2026-09-21 07:50:56 w1 DOGE-USD 2025-08: 44631 candles | 20.3% done (1313 left)
2026-09-21 07:51:42 w1 UNI-USD 2025-08: 42595 candles | 20.4% done (1311 left)
2026-09-21 07:52:28 w1 ALGO-USD 2025-08: 41815 candles | 20.5% done (1309 left)
2026-09-21 07:53:23 w1 ICP-USD 2025-08: 37094 candles | 20.6% done (1307 left)
2026-09-21 07:54:09 w1 XLM-USD 2025-08: 44628 candles | 20.8% done (1305 left)
2026-09-21 07:54:54 w1 SHIB-USD 2025-08: 37553 candles | 20.9% done (1303 left)
2026-09-21 07:55:39 w1 GRT-USD 2025-08: 16511 candles | 21.0% done (1301 left)
2026-09-21 07:56:23 w1 XTZ-USD 2025-08: 15905 candles | 21.1% done (1299 left)
2026-09-21 07:57:07 w1 DASH-USD 2025-08: 6280 candles | 21.3% done (1297 left)
2026-09-21 07:57:50 w1 SNX-USD 2025-08: 5478 candles | 21.4% done (1295 left)
2026-09-21 07:58:37 w1 ETH-USD 2025-07: 44640 candles | 21.5% done (1293 left)
2026-09-21 07:59:23 w1 ADA-USD 2025-07: 44582 candles | 21.6% done (1291 left)
2026-09-21 08:00:08 w1 LINK-USD 2025-07: 44505 candles | 21.7% done (1289 left)
2026-09-21 08:00:54 w1 DOT-USD 2025-07: 41979 candles | 21.9% done (1287 left)
2026-09-21 08:01:40 w1 ATOM-USD 2025-07: 39934 candles | 22.0% done (1285 left)
2026-09-21 08:02:26 w1 BCH-USD 2025-07: 41228 candles | 22.1% done (1283 left)
2026-09-21 08:03:11 w1 FIL-USD 2025-07: 35695 candles | 22.2% done (1281 left)
2026-09-21 08:03:56 w1 ETC-USD 2025-07: 24473 candles | 22.3% done (1279 left)
2026-09-21 08:04:43 w1 AAVE-USD 2025-07: 43973 candles | 22.5% done (1277 left)
2026-09-21 08:05:29 w1 CRV-USD 2025-07: 43214 candles | 22.6% done (1275 left)
2026-09-21 08:06:14 w1 MANA-USD 2025-07: 16388 candles | 22.7% done (1273 left)
2026-09-21 08:06:58 w1 ZEC-USD 2025-07: 11990 candles | 22.8% done (1271 left)
2026-09-21 08:07:44 w1 COMP-USD 2025-07: 40501 candles | 23.0% done (1269 left)
2026-09-21 08:08:30 w1 BTC-USD 2025-05: 44640 candles | 23.1% done (1266 left)
2026-09-21 08:09:14 w1 SOL-USD 2025-06: 43200 candles | 23.3% done (1264 left)
2026-09-21 08:09:58 w1 AVAX-USD 2025-06: 41473 candles | 23.3% done (1263 left)
2026-09-21 08:10:43 w1 LTC-USD 2025-06: 43200 candles | 23.4% done (1261 left)
2026-09-21 08:11:27 w1 DOGE-USD 2025-06: 43194 candles | 23.6% done (1259 left)
2026-09-21 08:12:11 w1 UNI-USD 2025-06: 42740 candles | 23.7% done (1257 left)
2026-09-21 08:12:56 w1 ALGO-USD 2025-06: 36959 candles | 23.8% done (1255 left)
2026-09-21 08:13:40 w1 ICP-USD 2025-06: 40735 candles | 24.0% done (1252 left)
2026-09-21 08:14:24 w1 XLM-USD 2025-06: 43153 candles | 24.0% done (1251 left)
2026-09-21 08:15:09 w1 SHIB-USD 2025-06: 39841 candles | 24.2% done (1249 left)
2026-09-21 08:15:52 w1 GRT-USD 2025-06: 22596 candles | 24.3% done (1247 left)
2026-09-21 08:16:34 w1 XTZ-USD 2025-06: 11244 candles | 24.4% done (1245 left)
2026-09-21 08:17:16 w1 DASH-USD 2025-06: 10127 candles | 24.5% done (1243 left)
2026-09-21 08:17:59 w1 SNX-USD 2025-06: 10111 candles | 24.7% done (1241 left)
2026-09-21 08:18:46 w1 ETH-USD 2025-05: 44640 candles | 24.8% done (1239 left)
2026-09-21 08:19:32 w1 ADA-USD 2025-05: 44560 candles | 24.9% done (1237 left)
2026-09-21 08:20:17 w1 LINK-USD 2025-05: 44418 candles | 25.0% done (1235 left)
2026-09-21 08:21:03 w1 DOT-USD 2025-05: 42377 candles | 25.1% done (1233 left)
2026-09-21 08:21:48 w1 ATOM-USD 2025-05: 38557 candles | 25.3% done (1231 left)
2026-09-21 08:22:34 w1 BCH-USD 2025-05: 40380 candles | 25.4% done (1229 left)
2026-09-21 08:23:19 w1 FIL-USD 2025-05: 32735 candles | 25.5% done (1227 left)
2026-09-21 08:24:04 w1 ETC-USD 2025-05: 24483 candles | 25.6% done (1225 left)
2026-09-21 08:24:50 w1 AAVE-USD 2025-05: 43944 candles | 25.7% done (1223 left)
2026-09-21 08:25:36 w1 CRV-USD 2025-05: 43070 candles | 25.9% done (1221 left)
2026-09-21 08:26:21 w1 MANA-USD 2025-05: 17599 candles | 26.0% done (1219 left)
2026-09-21 08:27:05 w1 ZEC-USD 2025-05: 12941 candles | 26.1% done (1217 left)
2026-09-21 08:27:49 w1 COMP-USD 2025-05: 10290 candles | 26.2% done (1215 left)
2026-09-21 08:28:36 w1 BTC-USD 2025-03: 44640 candles | 26.4% done (1213 left)
2026-09-21 08:29:21 w1 SOL-USD 2025-04: 43200 candles | 26.5% done (1211 left)
2026-09-21 08:30:06 w1 AVAX-USD 2025-04: 39831 candles | 26.6% done (1209 left)
2026-09-21 08:30:51 w1 LTC-USD 2025-04: 43197 candles | 26.7% done (1207 left)
2026-09-21 08:31:35 w1 DOGE-USD 2025-04: 43173 candles | 26.8% done (1205 left)
2026-09-21 08:32:19 w1 UNI-USD 2025-04: 37022 candles | 27.0% done (1203 left)
2026-09-21 08:33:04 w1 ALGO-USD 2025-04: 37409 candles | 27.1% done (1201 left)
2026-09-21 08:33:47 w1 ICP-USD 2025-04: 33274 candles | 27.2% done (1199 left)
2026-09-21 08:34:32 w1 XLM-USD 2025-04: 43074 candles | 27.3% done (1197 left)
2026-09-21 08:35:16 w1 SHIB-USD 2025-04: 39431 candles | 27.4% done (1195 left)
2026-09-21 08:36:00 w1 GRT-USD 2025-04: 23774 candles | 27.6% done (1193 left)
2026-09-21 08:36:43 w1 XTZ-USD 2025-04: 12907 candles | 27.7% done (1191 left)
2026-09-21 08:37:25 w1 DASH-USD 2025-04: 7604 candles | 27.8% done (1189 left)
2026-09-21 08:38:08 w1 SNX-USD 2025-04: 7489 candles | 27.9% done (1187 left)
2026-09-21 08:38:54 w1 ETH-USD 2025-03: 44639 candles | 28.1% done (1185 left)
2026-09-21 08:39:40 w1 ADA-USD 2025-03: 44624 candles | 28.2% done (1183 left)
2026-09-21 08:40:26 w1 LINK-USD 2025-03: 44490 candles | 28.3% done (1181 left)
2026-09-21 08:41:12 w1 DOT-USD 2025-03: 41870 candles | 28.5% done (1178 left)
2026-09-21 08:41:57 w1 ATOM-USD 2025-03: 36763 candles | 28.5% done (1177 left)
2026-09-21 08:42:44 w1 BCH-USD 2025-03: 41547 candles | 28.7% done (1174 left)
2026-09-21 08:43:29 w1 FIL-USD 2025-03: 31062 candles | 28.8% done (1172 left)
2026-09-21 08:44:14 w1 ETC-USD 2025-03: 17069 candles | 28.9% done (1171 left)
2026-09-21 08:45:00 w1 AAVE-USD 2025-03: 43149 candles | 29.0% done (1169 left)
2026-09-21 08:45:45 w1 CRV-USD 2025-03: 38371 candles | 29.1% done (1167 left)
2026-09-21 08:46:29 w1 MANA-USD 2025-03: 12324 candles | 29.3% done (1165 left)
2026-09-21 08:47:13 w1 ZEC-USD 2025-03: 15806 candles | 29.4% done (1163 left)
2026-09-21 08:47:57 w1 COMP-USD 2025-03: 13059 candles | 29.5% done (1161 left)
2026-09-21 08:48:43 w1 BTC-USD 2025-01: 44640 candles | 29.7% done (1158 left)
2026-09-21 08:49:26 w1 SOL-USD 2025-02: 40320 candles | 29.8% done (1156 left)
2026-09-21 08:50:07 w1 AVAX-USD 2025-02: 38644 candles | 29.9% done (1154 left)
2026-09-21 08:50:49 w1 LTC-USD 2025-02: 40305 candles | 30.1% done (1152 left)
2026-09-21 08:51:31 w1 DOGE-USD 2025-02: 40320 candles | 30.2% done (1150 left)
2026-09-21 08:52:13 w1 UNI-USD 2025-02: 37798 candles | 30.3% done (1148 left)
2026-09-21 08:52:54 w1 ALGO-USD 2025-02: 38705 candles | 30.4% done (1146 left)
2026-09-21 08:53:35 w1 ICP-USD 2025-02: 36383 candles | 30.5% done (1144 left)
2026-09-21 08:54:17 w1 XLM-USD 2025-02: 40298 candles | 30.7% done (1142 left)
2026-09-21 08:54:58 w1 SHIB-USD 2025-02: 39722 candles | 30.8% done (1140 left)
2026-09-21 08:55:39 w1 GRT-USD 2025-02: 25819 candles | 30.9% done (1138 left)
2026-09-21 08:56:20 w1 XTZ-USD 2025-02: 19496 candles | 31.0% done (1136 left)
2026-09-21 08:57:00 w1 DASH-USD 2025-02: 12901 candles | 31.1% done (1134 left)
2026-09-21 08:57:40 w1 SNX-USD 2025-02: 12046 candles | 31.2% done (1133 left)
2026-09-21 08:58:26 w1 ETH-USD 2025-01: 44640 candles | 31.3% done (1131 left)
2026-09-21 08:59:12 w1 ADA-USD 2025-01: 44637 candles | 31.5% done (1129 left)
2026-09-21 08:59:58 w1 LINK-USD 2025-01: 44613 candles | 31.6% done (1127 left)
2026-09-21 09:00:45 w1 DOT-USD 2025-01: 44329 candles | 31.7% done (1125 left)
2026-09-21 09:01:31 w1 ATOM-USD 2025-01: 41494 candles | 31.8% done (1123 left)
2026-09-21 09:02:17 w1 BCH-USD 2025-01: 42334 candles | 31.9% done (1121 left)
2026-09-21 09:03:02 w1 FIL-USD 2025-01: 40801 candles | 32.1% done (1119 left)
2026-09-21 09:03:47 w1 ETC-USD 2025-01: 33593 candles | 32.2% done (1117 left)
2026-09-21 09:04:34 w1 AAVE-USD 2025-01: 44345 candles | 32.3% done (1115 left)
2026-09-21 09:05:20 w1 CRV-USD 2025-01: 43979 candles | 32.4% done (1113 left)
2026-09-21 09:06:06 w1 MANA-USD 2025-01: 30684 candles | 32.5% done (1111 left)
2026-09-21 09:06:50 w1 ZEC-USD 2025-01: 23537 candles | 32.7% done (1109 left)
2026-09-21 09:07:35 w1 COMP-USD 2025-01: 30225 candles | 32.8% done (1106 left)
2026-09-21 09:08:19 w1 BTC-USD 2024-11: 43200 candles | 32.9% done (1105 left)
2026-09-21 09:09:06 w1 SOL-USD 2024-12: 44570 candles | 33.0% done (1103 left)
2026-09-21 09:09:51 w1 AVAX-USD 2024-12: 44462 candles | 33.2% done (1101 left)
2026-09-21 09:10:37 w1 LTC-USD 2024-12: 44638 candles | 33.3% done (1099 left)
2026-09-21 09:11:23 w1 DOGE-USD 2024-12: 44637 candles | 33.4% done (1097 left)
2026-09-21 09:12:09 w1 UNI-USD 2024-12: 44117 candles | 33.5% done (1095 left)
2026-09-21 09:12:55 w1 ALGO-USD 2024-12: 44357 candles | 33.6% done (1093 left)
2026-09-21 09:13:41 w1 ICP-USD 2024-12: 43707 candles | 33.8% done (1091 left)
2026-09-21 09:14:28 w1 XLM-USD 2024-12: 44636 candles | 33.9% done (1089 left)
2026-09-21 09:15:14 w1 SHIB-USD 2024-12: 44541 candles | 34.0% done (1087 left)
2026-09-21 09:16:00 w1 GRT-USD 2024-12: 40165 candles | 34.1% done (1085 left)
2026-09-21 09:16:46 w1 XTZ-USD 2024-12: 38794 candles | 34.2% done (1083 left)
2026-09-21 09:17:31 w1 DASH-USD 2024-12: 28183 candles | 34.4% done (1081 left)
2026-09-21 09:18:16 w1 SNX-USD 2024-12: 22721 candles | 34.5% done (1079 left)
2026-09-21 09:19:01 w1 ETH-USD 2024-11: 43200 candles | 34.6% done (1077 left)
2026-09-21 09:19:46 w1 ADA-USD 2024-11: 42851 candles | 34.7% done (1075 left)
2026-09-21 09:20:30 w1 LINK-USD 2024-11: 43079 candles | 34.9% done (1073 left)
2026-09-21 09:21:15 w1 DOT-USD 2024-11: 42739 candles | 35.0% done (1071 left)
2026-09-21 09:21:59 w1 ATOM-USD 2024-11: 39678 candles | 35.1% done (1069 left)
2026-09-21 09:22:44 w1 BCH-USD 2024-11: 42738 candles | 35.2% done (1067 left)
2026-09-21 09:23:28 w1 FIL-USD 2024-11: 36050 candles | 35.3% done (1065 left)
2026-09-21 09:24:12 w1 ETC-USD 2024-11: 35652 candles | 35.5% done (1063 left)
2026-09-21 09:24:57 w1 AAVE-USD 2024-11: 41229 candles | 35.6% done (1061 left)
2026-09-21 09:25:41 w1 CRV-USD 2024-11: 33747 candles | 35.7% done (1059 left)
2026-09-21 09:26:24 w1 MANA-USD 2024-11: 31456 candles | 35.8% done (1057 left)
2026-09-21 09:27:08 w1 ZEC-USD 2024-11: 31606 candles | 35.9% done (1055 left)
2026-09-21 09:27:52 w1 COMP-USD 2024-11: 31081 candles | 36.1% done (1053 left)
2026-09-21 09:28:36 w1 BTC-USD 2024-09: 43200 candles | 36.2% done (1051 left)
2026-09-21 09:29:22 w1 SOL-USD 2024-10: 44556 candles | 36.3% done (1049 left)
2026-09-21 09:30:08 w1 AVAX-USD 2024-10: 43174 candles | 36.4% done (1047 left)
2026-09-21 09:30:54 w1 LTC-USD 2024-10: 44542 candles | 36.6% done (1045 left)
2026-09-21 09:31:40 w1 DOGE-USD 2024-10: 44496 candles | 36.7% done (1043 left)
2026-09-21 09:32:26 w1 UNI-USD 2024-10: 38792 candles | 36.8% done (1041 left)
2026-09-21 09:33:11 w1 ALGO-USD 2024-10: 32037 candles | 36.9% done (1039 left)
2026-09-21 09:33:57 w1 ICP-USD 2024-10: 34801 candles | 37.0% done (1037 left)
2026-09-21 09:34:43 w1 XLM-USD 2024-10: 43594 candles | 37.2% done (1035 left)
2026-09-21 09:35:29 w1 SHIB-USD 2024-10: 44383 candles | 37.3% done (1032 left)
2026-09-21 09:36:15 w1 GRT-USD 2024-10: 34588 candles | 37.5% done (1030 left)
2026-09-21 09:36:59 w1 XTZ-USD 2024-10: 17751 candles | 37.6% done (1028 left)
2026-09-21 09:37:44 w1 DASH-USD 2024-10: 10999 candles | 37.7% done (1026 left)
2026-09-21 09:38:28 w1 SNX-USD 2024-10: 14070 candles | 37.8% done (1025 left)
2026-09-21 09:39:12 w1 ETH-USD 2024-09: 43200 candles | 37.9% done (1023 left)
2026-09-21 09:39:56 w1 ADA-USD 2024-09: 41567 candles | 38.0% done (1021 left)
2026-09-21 09:40:41 w1 LINK-USD 2024-09: 42325 candles | 38.1% done (1019 left)
2026-09-21 09:41:26 w1 DOT-USD 2024-09: 39510 candles | 38.3% done (1017 left)
2026-09-21 09:42:10 w1 ATOM-USD 2024-09: 33305 candles | 38.4% done (1015 left)
2026-09-21 09:42:54 w1 BCH-USD 2024-09: 38650 candles | 38.5% done (1013 left)
2026-09-21 09:43:37 w1 FIL-USD 2024-09: 24722 candles | 38.6% done (1011 left)
2026-09-21 09:44:20 w1 ETC-USD 2024-09: 15690 candles | 38.7% done (1009 left)
2026-09-21 09:45:04 w1 AAVE-USD 2024-09: 39242 candles | 38.9% done (1007 left)
2026-09-21 09:45:48 w1 CRV-USD 2024-09: 27714 candles | 39.0% done (1005 left)
2026-09-21 09:46:31 w1 MANA-USD 2024-09: 11267 candles | 39.1% done (1003 left)
2026-09-21 09:47:14 w1 ZEC-USD 2024-09: 20247 candles | 39.2% done (1001 left)
2026-09-21 09:47:58 w1 COMP-USD 2024-09: 20210 candles | 39.3% done (999 left)
2026-09-21 09:48:44 w1 BTC-USD 2024-07: 44640 candles | 39.5% done (997 left)
2026-09-21 09:49:30 w1 SOL-USD 2024-08: 44640 candles | 39.6% done (995 left)
2026-09-21 09:50:16 w1 AVAX-USD 2024-08: 41958 candles | 39.7% done (993 left)
2026-09-21 09:51:03 w1 LTC-USD 2024-08: 44633 candles | 39.8% done (991 left)
2026-09-21 09:51:49 w1 DOGE-USD 2024-08: 44356 candles | 40.0% done (989 left)
2026-09-21 09:52:37 w1 UNI-USD 2024-08: 32715 candles | 40.1% done (986 left)
2026-09-21 09:53:21 w1 ALGO-USD 2024-08: 21008 candles | 40.3% done (984 left)
2026-09-21 09:54:07 w1 ICP-USD 2024-08: 34603 candles | 40.3% done (983 left)
2026-09-21 09:54:53 w1 XLM-USD 2024-08: 43629 candles | 40.5% done (980 left)
2026-09-21 09:55:39 w1 SHIB-USD 2024-08: 43016 candles | 40.6% done (978 left)
2026-09-21 09:56:25 w1 GRT-USD 2024-08: 29141 candles | 40.7% done (976 left)
2026-09-21 09:57:10 w1 XTZ-USD 2024-08: 17800 candles | 40.9% done (974 left)
2026-09-21 09:57:54 w1 DASH-USD 2024-08: 10627 candles | 41.0% done (972 left)
2026-09-21 09:58:38 w1 SNX-USD 2024-08: 15305 candles | 41.1% done (970 left)
2026-09-21 09:59:23 w1 ETH-USD 2024-07: 44640 candles | 41.2% done (968 left)
2026-09-21 10:00:10 w1 ADA-USD 2024-07: 43619 candles | 41.3% done (966 left)
2026-09-21 10:00:56 w1 LINK-USD 2024-07: 44102 candles | 41.4% done (965 left)
2026-09-21 10:01:41 w1 DOT-USD 2024-07: 43533 candles | 41.5% done (963 left)
2026-09-21 10:02:27 w1 ATOM-USD 2024-07: 38021 candles | 41.7% done (961 left)
2026-09-21 10:03:13 w1 BCH-USD 2024-07: 43168 candles | 41.8% done (958 left)
2026-09-21 10:03:59 w1 FIL-USD 2024-07: 35350 candles | 42.0% done (956 left)
2026-09-21 10:04:43 w1 ETC-USD 2024-07: 24168 candles | 42.0% done (955 left)
2026-09-21 10:05:29 w1 AAVE-USD 2024-07: 34685 candles | 42.1% done (953 left)
2026-09-21 10:06:13 w1 CRV-USD 2024-07: 28265 candles | 42.3% done (951 left)
2026-09-21 10:06:58 w1 MANA-USD 2024-07: 18568 candles | 42.4% done (949 left)
2026-09-21 10:07:43 w1 ZEC-USD 2024-07: 24927 candles | 42.5% done (947 left)
2026-09-21 10:08:27 w1 COMP-USD 2024-07: 16960 candles | 42.6% done (945 left)
2026-09-21 10:09:13 w1 BTC-USD 2024-05: 44573 candles | 42.7% done (943 left)
2026-09-21 10:09:58 w1 SOL-USD 2024-06: 43200 candles | 42.9% done (941 left)
2026-09-21 10:10:42 w1 AVAX-USD 2024-06: 40851 candles | 43.0% done (939 left)
2026-09-21 10:11:27 w1 LTC-USD 2024-06: 43196 candles | 43.1% done (937 left)
2026-09-21 10:12:12 w1 DOGE-USD 2024-06: 43105 candles | 43.3% done (934 left)
2026-09-21 10:12:57 w1 UNI-USD 2024-06: 40823 candles | 43.4% done (932 left)
2026-09-21 10:13:39 w1 ALGO-USD 2024-06: 24959 candles | 43.5% done (931 left)
2026-09-21 10:14:24 w1 ICP-USD 2024-06: 39067 candles | 43.7% done (928 left)
2026-09-21 10:15:09 w1 XLM-USD 2024-06: 42722 candles | 43.8% done (926 left)
2026-09-21 10:15:53 w1 SHIB-USD 2024-06: 42979 candles | 43.9% done (924 left)
2026-09-21 10:16:38 w1 GRT-USD 2024-06: 33820 candles | 44.0% done (922 left)
2026-09-21 10:17:21 w1 XTZ-USD 2024-06: 16300 candles | 44.1% done (920 left)
2026-09-21 10:18:03 w1 DASH-USD 2024-06: 9523 candles | 44.3% done (918 left)
2026-09-21 10:18:46 w1 SNX-USD 2024-06: 13173 candles | 44.4% done (916 left)
2026-09-21 10:19:32 w1 ETH-USD 2024-05: 44573 candles | 44.5% done (914 left)
2026-09-21 10:20:18 w1 ADA-USD 2024-05: 40004 candles | 44.6% done (912 left)
2026-09-21 10:21:04 w1 LINK-USD 2024-05: 43268 candles | 44.7% done (910 left)
2026-09-21 10:21:50 w1 DOT-USD 2024-05: 42322 candles | 44.8% done (909 left)
2026-09-21 10:22:36 w1 ATOM-USD 2024-05: 34190 candles | 44.9% done (907 left)
2026-09-21 10:23:25 w1 BCH-USD 2024-05: 41624 candles | 45.1% done (904 left)
2026-09-21 10:24:10 w1 FIL-USD 2024-05: 34981 candles | 45.2% done (902 left)
2026-09-21 10:24:55 w1 ETC-USD 2024-05: 27459 candles | 45.4% done (900 left)
2026-09-21 10:25:41 w1 AAVE-USD 2024-05: 27036 candles | 45.4% done (899 left)
2026-09-21 10:26:25 w1 CRV-USD 2024-05: 18963 candles | 45.5% done (897 left)
2026-09-21 10:27:10 w1 MANA-USD 2024-05: 14555 candles | 45.7% done (895 left)
2026-09-21 10:27:55 w1 ZEC-USD 2024-05: 12745 candles | 45.8% done (893 left)
2026-09-21 10:28:39 w1 COMP-USD 2024-05: 14833 candles | 46.0% done (890 left)
2026-09-21 10:29:25 w1 BTC-USD 2024-03: 44640 candles | 46.1% done (888 left)
2026-09-21 10:30:11 w1 SOL-USD 2024-04: 43200 candles | 46.2% done (886 left)
2026-09-21 10:30:56 w1 AVAX-USD 2024-04: 42594 candles | 46.3% done (884 left)
2026-09-21 10:31:40 w1 LTC-USD 2024-04: 43197 candles | 46.4% done (882 left)
2026-09-21 10:32:25 w1 DOGE-USD 2024-04: 43195 candles | 46.6% done (880 left)
2026-09-21 10:33:09 w1 UNI-USD 2024-04: 34925 candles | 46.7% done (878 left)
2026-09-21 10:33:53 w1 ALGO-USD 2024-04: 33374 candles | 46.8% done (876 left)
2026-09-21 10:34:38 w1 ICP-USD 2024-04: 41602 candles | 46.9% done (874 left)
2026-09-21 10:35:23 w1 XLM-USD 2024-04: 42669 candles | 47.1% done (872 left)
2026-09-21 10:36:07 w1 SHIB-USD 2024-04: 43184 candles | 47.2% done (870 left)
2026-09-21 10:36:52 w1 GRT-USD 2024-04: 39224 candles | 47.3% done (868 left)
2026-09-21 10:37:36 w1 XTZ-USD 2024-04: 25448 candles | 47.4% done (866 left)
2026-09-21 10:38:19 w1 DASH-USD 2024-04: 12187 candles | 47.5% done (864 left)
2026-09-21 10:39:01 w1 SNX-USD 2024-04: 21731 candles | 47.7% done (862 left)
2026-09-21 10:39:48 w1 ETH-USD 2024-03: 44640 candles | 47.8% done (860 left)
2026-09-21 10:40:35 w1 ADA-USD 2024-03: 44596 candles | 47.9% done (858 left)
2026-09-21 10:41:21 w1 LINK-USD 2024-03: 44211 candles | 48.0% done (856 left)
2026-09-21 10:42:07 w1 DOT-USD 2024-03: 44415 candles | 48.1% done (854 left)
2026-09-21 10:42:53 w1 ATOM-USD 2024-03: 43029 candles | 48.3% done (852 left)
2026-09-21 10:43:41 w1 BCH-USD 2024-03: 44349 candles | 48.4% done (850 left)
2026-09-21 10:44:27 w1 FIL-USD 2024-03: 43923 candles | 48.5% done (848 left)
2026-09-21 10:45:12 w1 ETC-USD 2024-03: 37736 candles | 48.6% done (846 left)
2026-09-21 10:45:58 w1 AAVE-USD 2024-03: 35905 candles | 48.8% done (844 left)
2026-09-21 10:46:42 w1 CRV-USD 2024-03: 24489 candles | 48.8% done (843 left)
2026-09-21 10:47:28 w1 MANA-USD 2024-03: 33255 candles | 48.9% done (841 left)
2026-09-21 10:48:13 w1 ZEC-USD 2024-03: 21083 candles | 49.1% done (839 left)
2026-09-21 10:48:58 w1 COMP-USD 2024-03: 33687 candles | 49.2% done (837 left)
2026-09-21 10:49:45 w1 BTC-USD 2024-01: 44640 candles | 49.4% done (834 left)
2026-09-21 10:50:28 w1 SOL-USD 2024-02: 41732 candles | 49.5% done (832 left)
2026-09-21 10:51:12 w1 AVAX-USD 2024-02: 39701 candles | 49.6% done (830 left)
2026-09-21 10:51:55 w1 LTC-USD 2024-02: 41660 candles | 49.7% done (828 left)
2026-09-21 10:52:38 w1 DOGE-USD 2024-02: 40026 candles | 49.8% done (826 left)
2026-09-21 10:53:20 w1 UNI-USD 2024-02: 27704 candles | 50.0% done (824 left)
2026-09-21 10:54:03 w1 ALGO-USD 2024-02: 27239 candles | 50.1% done (822 left)
2026-09-21 10:54:47 w1 ICP-USD 2024-02: 39737 candles | 50.2% done (820 left)
2026-09-21 10:55:30 w1 XLM-USD 2024-02: 40372 candles | 50.3% done (818 left)
2026-09-21 10:56:13 w1 SHIB-USD 2024-02: 37308 candles | 50.5% done (816 left)
2026-09-21 10:56:56 w1 GRT-USD 2024-02: 33346 candles | 50.6% done (814 left)
2026-09-21 10:57:38 w1 XTZ-USD 2024-02: 17817 candles | 50.7% done (812 left)
2026-09-21 10:58:20 w1 DASH-USD 2024-02: 10495 candles | 50.8% done (810 left)
2026-09-21 10:59:02 w1 SNX-USD 2024-02: 18120 candles | 50.9% done (808 left)
2026-09-21 10:59:48 w1 ETH-USD 2024-01: 44640 candles | 51.1% done (806 left)
2026-09-21 11:00:34 w1 ADA-USD 2024-01: 43810 candles | 51.2% done (804 left)
2026-09-21 11:01:21 w1 LINK-USD 2024-01: 43745 candles | 51.3% done (802 left)
2026-09-21 11:02:07 w1 DOT-USD 2024-01: 42815 candles | 51.4% done (801 left)
2026-09-21 11:02:53 w1 ATOM-USD 2024-01: 36945 candles | 51.5% done (799 left)
2026-09-21 11:03:39 w1 BCH-USD 2024-01: 40704 candles | 51.7% done (796 left)
2026-09-21 11:04:25 w1 FIL-USD 2024-01: 38541 candles | 51.8% done (794 left)
2026-09-21 11:05:10 w1 ETC-USD 2024-01: 29297 candles | 51.9% done (793 left)
2026-09-21 11:05:56 w1 AAVE-USD 2024-01: 33074 candles | 52.0% done (791 left)
2026-09-21 11:06:40 w1 CRV-USD 2024-01: 13992 candles | 52.1% done (789 left)
2026-09-21 11:07:25 w1 MANA-USD 2024-01: 17979 candles | 52.2% done (787 left)
2026-09-21 11:08:10 w1 ZEC-USD 2024-01: 17709 candles | 52.3% done (785 left)
2026-09-21 11:08:55 w1 COMP-USD 2024-01: 19981 candles | 52.5% done (783 left)
2026-09-21 11:09:39 w1 BTC-USD 2023-11: 43200 candles | 52.6% done (781 left)
2026-09-21 11:10:26 w1 SOL-USD 2023-12: 44640 candles | 52.7% done (779 left)
2026-09-21 11:11:12 w1 AVAX-USD 2023-12: 44466 candles | 52.8% done (777 left)
2026-09-21 11:11:59 w1 LTC-USD 2023-12: 44617 candles | 52.9% done (775 left)
2026-09-21 11:12:45 w1 DOGE-USD 2023-12: 44359 candles | 53.1% done (773 left)
2026-09-21 11:13:31 w1 UNI-USD 2023-12: 34744 candles | 53.2% done (771 left)
2026-09-21 11:14:18 w1 ALGO-USD 2023-12: 37884 candles | 53.3% done (769 left)
2026-09-21 11:15:03 w1 ICP-USD 2023-12: 40460 candles | 53.4% done (767 left)
2026-09-21 11:15:50 w1 XLM-USD 2023-12: 44243 candles | 53.6% done (765 left)
2026-09-21 11:16:36 w1 SHIB-USD 2023-12: 43610 candles | 53.7% done (763 left)
2026-09-21 11:17:23 w1 GRT-USD 2023-12: 38623 candles | 53.8% done (761 left)
2026-09-21 11:18:09 w1 XTZ-USD 2023-12: 19824 candles | 53.9% done (759 left)
2026-09-21 11:18:53 w1 DASH-USD 2023-12: 13338 candles | 54.0% done (757 left)
2026-09-21 11:19:39 w1 SNX-USD 2023-12: 28594 candles | 54.2% done (755 left)
2026-09-21 11:20:24 w1 ETH-USD 2023-11: 43200 candles | 54.3% done (753 left)
2026-09-21 11:21:09 w1 ADA-USD 2023-11: 42942 candles | 54.4% done (751 left)
2026-09-21 11:21:53 w1 LINK-USD 2023-11: 43161 candles | 54.5% done (749 left)
2026-09-21 11:22:38 w1 DOT-USD 2023-11: 39865 candles | 54.6% done (747 left)
2026-09-21 11:23:22 w1 ATOM-USD 2023-11: 38387 candles | 54.8% done (745 left)
2026-09-21 11:24:07 w1 BCH-USD 2023-11: 37137 candles | 54.9% done (743 left)
2026-09-21 11:24:52 w1 FIL-USD 2023-11: 34993 candles | 55.0% done (741 left)
2026-09-21 11:25:36 w1 ETC-USD 2023-11: 21825 candles | 55.1% done (739 left)
2026-09-21 11:26:20 w1 AAVE-USD 2023-11: 37119 candles | 55.3% done (737 left)
2026-09-21 11:27:04 w1 CRV-USD 2023-11: 14686 candles | 55.4% done (735 left)
2026-09-21 11:27:48 w1 MANA-USD 2023-11: 22139 candles | 55.5% done (733 left)
2026-09-21 11:28:30 w1 ZEC-USD 2023-11: 12898 candles | 55.6% done (731 left)
2026-09-21 11:29:14 w1 COMP-USD 2023-11: 20422 candles | 55.7% done (729 left)
2026-09-21 11:29:59 w1 BTC-USD 2023-09: 43200 candles | 55.9% done (727 left)
2026-09-21 11:30:45 w1 SOL-USD 2023-10: 43640 candles | 56.0% done (725 left)
2026-09-21 11:31:30 w1 AVAX-USD 2023-10: 26237 candles | 56.1% done (723 left)
2026-09-21 11:32:18 w1 LTC-USD 2023-10: 44358 candles | 56.2% done (721 left)
2026-09-21 11:33:04 w1 DOGE-USD 2023-10: 41783 candles | 56.3% done (719 left)
2026-09-21 11:33:49 w1 UNI-USD 2023-10: 22549 candles | 56.5% done (717 left)
2026-09-21 11:34:34 w1 ALGO-USD 2023-10: 21121 candles | 56.6% done (715 left)
2026-09-21 11:35:19 w1 ICP-USD 2023-10: 20840 candles | 56.7% done (713 left)
2026-09-21 11:36:05 w1 XLM-USD 2023-10: 42317 candles | 56.8% done (711 left)
2026-09-21 11:36:51 w1 SHIB-USD 2023-10: 33656 candles | 57.0% done (709 left)
2026-09-21 11:37:37 w1 GRT-USD 2023-10: 19085 candles | 57.1% done (707 left)
2026-09-21 11:38:21 w1 XTZ-USD 2023-10: 12505 candles | 57.2% done (705 left)
2026-09-21 11:39:05 w1 DASH-USD 2023-10: 7544 candles | 57.3% done (703 left)
2026-09-21 11:39:50 w1 SNX-USD 2023-10: 10049 candles | 57.4% done (701 left)
2026-09-21 11:40:35 w1 ETH-USD 2023-09: 43200 candles | 57.6% done (699 left)
2026-09-21 11:41:20 w1 ADA-USD 2023-09: 40538 candles | 57.7% done (697 left)
2026-09-21 11:42:04 w1 LINK-USD 2023-09: 38728 candles | 57.8% done (695 left)
2026-09-21 11:42:49 w1 DOT-USD 2023-09: 33118 candles | 57.9% done (693 left)
2026-09-21 11:43:33 w1 ATOM-USD 2023-09: 33632 candles | 58.0% done (691 left)
2026-09-21 11:44:17 w1 BCH-USD 2023-09: 37498 candles | 58.2% done (689 left)
2026-09-21 11:45:01 w1 FIL-USD 2023-09: 23225 candles | 58.3% done (687 left)
2026-09-21 11:45:45 w1 ETC-USD 2023-09: 11134 candles | 58.4% done (685 left)
2026-09-21 11:46:28 w1 AAVE-USD 2023-09: 24393 candles | 58.5% done (683 left)
2026-09-21 11:47:12 w1 CRV-USD 2023-09: 8396 candles | 58.7% done (681 left)
2026-09-21 11:47:55 w1 MANA-USD 2023-09: 10819 candles | 58.8% done (679 left)
2026-09-21 11:48:38 w1 ZEC-USD 2023-09: 10809 candles | 58.9% done (677 left)
2026-09-21 11:49:22 w1 COMP-USD 2023-09: 17921 candles | 59.0% done (675 left)
2026-09-21 11:50:08 w1 BTC-USD 2023-07: 44640 candles | 59.1% done (673 left)
2026-09-21 11:50:55 w1 SOL-USD 2023-08: 44325 candles | 59.3% done (671 left)
2026-09-21 11:51:41 w1 AVAX-USD 2023-08: 28203 candles | 59.4% done (669 left)
2026-09-21 11:52:28 w1 LTC-USD 2023-08: 44591 candles | 59.5% done (667 left)
2026-09-21 11:53:14 w1 DOGE-USD 2023-08: 43725 candles | 59.6% done (665 left)
2026-09-21 11:54:04 w1 UNI-USD 2023-08: 29497 candles | 59.7% done (663 left)
2026-09-21 11:54:50 w1 ALGO-USD 2023-08: 37672 candles | 59.9% done (661 left)
2026-09-21 11:55:35 w1 ICP-USD 2023-08: 22297 candles | 60.0% done (659 left)
2026-09-21 11:56:22 w1 XLM-USD 2023-08: 43777 candles | 60.2% done (656 left)
2026-09-21 11:57:09 w1 SHIB-USD 2023-08: 44021 candles | 60.3% done (654 left)
2026-09-21 11:57:55 w1 GRT-USD 2023-08: 27235 candles | 60.4% done (652 left)
2026-09-21 11:58:40 w1 XTZ-USD 2023-08: 20179 candles | 60.5% done (650 left)
2026-09-21 11:59:24 w1 DASH-USD 2023-08: 8543 candles | 60.7% done (648 left)
2026-09-21 12:00:10 w1 SNX-USD 2023-08: 15928 candles | 60.8% done (646 left)
2026-09-21 12:00:57 w1 ETH-USD 2023-07: 44640 candles | 60.9% done (644 left)
2026-09-21 12:01:44 w1 ADA-USD 2023-07: 44285 candles | 61.0% done (643 left)
2026-09-21 12:02:30 w1 LINK-USD 2023-07: 40765 candles | 61.1% done (641 left)
2026-09-21 12:03:18 w1 DOT-USD 2023-07: 39607 candles | 61.2% done (639 left)
2026-09-21 12:04:04 w1 ATOM-USD 2023-07: 42384 candles | 61.3% done (637 left)
2026-09-21 12:04:51 w1 BCH-USD 2023-07: 43188 candles | 61.4% done (635 left)
2026-09-21 12:05:38 w1 FIL-USD 2023-07: 25651 candles | 61.6% done (632 left)
2026-09-21 12:06:24 w1 ETC-USD 2023-07: 23440 candles | 61.7% done (631 left)
2026-09-21 12:07:11 w1 AAVE-USD 2023-07: 31519 candles | 61.8% done (629 left)
2026-09-21 12:07:56 w1 CRV-USD 2023-07: 21917 candles | 61.9% done (627 left)
2026-09-21 12:08:43 w1 MANA-USD 2023-07: 25549 candles | 62.1% done (625 left)
2026-09-21 12:09:28 w1 ZEC-USD 2023-07: 15199 candles | 62.2% done (623 left)
2026-09-21 12:10:14 w1 COMP-USD 2023-07: 32880 candles | 62.3% done (621 left)
2026-09-21 12:11:01 w1 BTC-USD 2023-05: 44595 candles | 62.4% done (619 left)
2026-09-21 12:11:46 w1 SOL-USD 2023-06: 43038 candles | 62.5% done (617 left)
2026-09-21 12:12:31 w1 AVAX-USD 2023-06: 35758 candles | 62.7% done (615 left)
2026-09-21 12:13:17 w1 LTC-USD 2023-06: 43192 candles | 62.8% done (613 left)
2026-09-21 12:14:02 w1 DOGE-USD 2023-06: 42839 candles | 62.9% done (611 left)
2026-09-21 12:14:46 w1 UNI-USD 2023-06: 27108 candles | 63.0% done (609 left)
2026-09-21 12:15:31 w1 ALGO-USD 2023-06: 39553 candles | 63.1% done (607 left)
2026-09-21 12:16:16 w1 ICP-USD 2023-06: 25269 candles | 63.3% done (605 left)
2026-09-21 12:17:02 w1 XLM-USD 2023-06: 42459 candles | 63.4% done (603 left)
2026-09-21 12:17:47 w1 SHIB-USD 2023-06: 42970 candles | 63.5% done (601 left)
2026-09-21 12:18:32 w1 GRT-USD 2023-06: 37153 candles | 63.6% done (599 left)
2026-09-21 12:19:17 w1 XTZ-USD 2023-06: 23583 candles | 63.8% done (597 left)
2026-09-21 12:20:00 w1 DASH-USD 2023-06: 9252 candles | 63.9% done (595 left)
2026-09-21 12:20:44 w1 SNX-USD 2023-06: 17667 candles | 64.0% done (593 left)
2026-09-21 12:21:31 w1 ETH-USD 2023-05: 44595 candles | 64.1% done (591 left)
2026-09-21 12:22:18 w1 ADA-USD 2023-05: 44359 candles | 64.2% done (589 left)
2026-09-21 12:23:05 w1 LINK-USD 2023-05: 37962 candles | 64.4% done (587 left)
2026-09-21 12:23:51 w1 DOT-USD 2023-05: 35844 candles | 64.5% done (585 left)
2026-09-21 12:24:38 w1 ATOM-USD 2023-05: 42187 candles | 64.6% done (583 left)
2026-09-21 12:25:24 w1 BCH-USD 2023-05: 36542 candles | 64.7% done (581 left)
2026-09-21 12:26:10 w1 FIL-USD 2023-05: 22421 candles | 64.8% done (579 left)
2026-09-21 12:26:56 w1 ETC-USD 2023-05: 17339 candles | 65.0% done (577 left)
2026-09-21 12:27:43 w1 AAVE-USD 2023-05: 18482 candles | 65.1% done (575 left)
2026-09-21 12:28:28 w1 CRV-USD 2023-05: 23713 candles | 65.2% done (573 left)
2026-09-21 12:29:15 w1 MANA-USD 2023-05: 26887 candles | 65.3% done (571 left)
2026-09-21 12:30:00 w1 ZEC-USD 2023-05: 11712 candles | 65.5% done (569 left)
2026-09-21 12:30:46 w1 COMP-USD 2023-05: 16943 candles | 65.6% done (567 left)
2026-09-21 12:31:33 w1 BTC-USD 2023-03: 44350 candles | 65.7% done (565 left)
2026-09-21 12:32:19 w1 SOL-USD 2023-04: 43011 candles | 65.8% done (563 left)
2026-09-21 12:33:04 w1 AVAX-USD 2023-04: 36668 candles | 65.9% done (561 left)
2026-09-21 12:33:51 w1 LTC-USD 2023-04: 43180 candles | 66.1% done (559 left)
2026-09-21 12:34:36 w1 DOGE-USD 2023-04: 43116 candles | 66.2% done (557 left)
2026-09-21 12:35:22 w1 UNI-USD 2023-04: 27926 candles | 66.3% done (555 left)
2026-09-21 12:36:08 w1 ALGO-USD 2023-04: 41323 candles | 66.4% done (553 left)
2026-09-21 12:36:53 w1 ICP-USD 2023-04: 35324 candles | 66.5% done (551 left)
2026-09-21 12:37:39 w1 XLM-USD 2023-04: 42748 candles | 66.7% done (549 left)
2026-09-21 12:38:25 w1 SHIB-USD 2023-04: 43131 candles | 66.8% done (547 left)
2026-09-21 12:39:10 w1 GRT-USD 2023-04: 38334 candles | 66.9% done (545 left)
2026-09-21 12:39:56 w1 XTZ-USD 2023-04: 29273 candles | 67.0% done (543 left)
2026-09-21 12:40:39 w1 DASH-USD 2023-04: 10138 candles | 67.2% done (541 left)
2026-09-21 12:41:24 w1 SNX-USD 2023-04: 14483 candles | 67.3% done (539 left)
2026-09-21 12:42:12 w1 ETH-USD 2023-03: 44353 candles | 67.4% done (537 left)
2026-09-21 12:42:59 w1 ADA-USD 2023-03: 44197 candles | 67.5% done (535 left)
2026-09-21 12:43:47 w1 LINK-USD 2023-03: 42090 candles | 67.6% done (533 left)
2026-09-21 12:44:34 w1 DOT-USD 2023-03: 39750 candles | 67.8% done (531 left)
2026-09-21 12:45:22 w1 ATOM-USD 2023-03: 43806 candles | 67.9% done (529 left)
2026-09-21 12:46:08 w1 BCH-USD 2023-03: 38858 candles | 68.0% done (527 left)
2026-09-21 12:46:56 w1 FIL-USD 2023-03: 38922 candles | 68.1% done (525 left)
2026-09-21 12:47:42 w1 ETC-USD 2023-03: 25152 candles | 68.2% done (523 left)
2026-09-21 12:48:30 w1 AAVE-USD 2023-03: 36283 candles | 68.4% done (521 left)
2026-09-21 12:49:17 w1 CRV-USD 2023-03: 31469 candles | 68.5% done (519 left)
2026-09-21 12:50:04 w1 MANA-USD 2023-03: 37489 candles | 68.6% done (517 left)
2026-09-21 12:50:51 w1 ZEC-USD 2023-03: 24073 candles | 68.7% done (515 left)
2026-09-21 12:51:38 w1 COMP-USD 2023-03: 23840 candles | 68.9% done (513 left)
2026-09-21 12:52:26 w1 BTC-USD 2023-01: 44640 candles | 69.0% done (511 left)
2026-09-21 12:53:09 w1 SOL-USD 2023-02: 40307 candles | 69.1% done (509 left)
2026-09-21 12:53:51 w1 AVAX-USD 2023-02: 37440 candles | 69.2% done (507 left)
2026-09-21 12:54:34 w1 LTC-USD 2023-02: 40312 candles | 69.3% done (505 left)
2026-09-21 12:55:17 w1 DOGE-USD 2023-02: 40261 candles | 69.5% done (503 left)
2026-09-21 12:56:00 w1 UNI-USD 2023-02: 33078 candles | 69.6% done (501 left)
2026-09-21 12:56:43 w1 ALGO-USD 2023-02: 40094 candles | 69.7% done (499 left)
2026-09-21 12:57:26 w1 ICP-USD 2023-02: 34768 candles | 69.8% done (497 left)
2026-09-21 12:58:10 w1 XLM-USD 2023-02: 40297 candles | 69.9% done (495 left)
2026-09-21 12:58:54 w1 SHIB-USD 2023-02: 40317 candles | 70.1% done (493 left)
2026-09-21 12:59:38 w1 GRT-USD 2023-02: 39405 candles | 70.2% done (491 left)
2026-09-21 13:00:21 w1 XTZ-USD 2023-02: 33706 candles | 70.3% done (489 left)
2026-09-21 13:01:03 w1 DASH-USD 2023-02: 17621 candles | 70.4% done (487 left)
2026-09-21 13:01:46 w1 SNX-USD 2023-02: 23376 candles | 70.6% done (485 left)
2026-09-21 13:02:35 w1 ETH-USD 2023-01: 44640 candles | 70.7% done (483 left)
2026-09-21 13:03:23 w1 ADA-USD 2023-01: 44620 candles | 70.8% done (481 left)
2026-09-21 13:04:11 w1 LINK-USD 2023-01: 43215 candles | 70.9% done (479 left)
2026-09-21 13:04:59 w1 DOT-USD 2023-01: 41925 candles | 71.0% done (477 left)
2026-09-21 13:05:47 w1 ATOM-USD 2023-01: 44126 candles | 71.2% done (475 left)
2026-09-21 13:06:35 w1 BCH-USD 2023-01: 39421 candles | 71.3% done (473 left)
2026-09-21 13:07:22 w1 FIL-USD 2023-01: 36267 candles | 71.4% done (471 left)
2026-09-21 13:08:09 w1 ETC-USD 2023-01: 29869 candles | 71.5% done (469 left)
2026-09-21 13:08:57 w1 AAVE-USD 2023-01: 39642 candles | 71.6% done (467 left)
2026-09-21 13:09:44 w1 CRV-USD 2023-01: 33196 candles | 71.8% done (465 left)
2026-09-21 13:10:31 w1 MANA-USD 2023-01: 40679 candles | 71.9% done (463 left)
2026-09-21 13:11:18 w1 ZEC-USD 2023-01: 26616 candles | 72.0% done (461 left)
2026-09-21 13:12:05 w1 COMP-USD 2023-01: 25134 candles | 72.1% done (459 left)
2026-09-21 13:12:51 w1 BTC-USD 2022-11: 43200 candles | 72.3% done (457 left)
2026-09-21 13:13:39 w1 SOL-USD 2022-12: 44506 candles | 72.4% done (455 left)
2026-09-21 13:14:26 w1 AVAX-USD 2022-12: 34300 candles | 72.5% done (453 left)
2026-09-21 13:15:14 w1 LTC-USD 2022-12: 44636 candles | 72.6% done (451 left)
2026-09-21 13:16:01 w1 DOGE-USD 2022-12: 44586 candles | 72.7% done (449 left)
2026-09-21 13:16:48 w1 UNI-USD 2022-12: 36707 candles | 72.9% done (447 left)
2026-09-21 13:17:37 w1 ALGO-USD 2022-12: 44191 candles | 73.0% done (445 left)
2026-09-21 13:18:23 w1 ICP-USD 2022-12: 32322 candles | 73.1% done (443 left)
2026-09-21 13:19:12 w1 XLM-USD 2022-12: 44254 candles | 73.2% done (441 left)
2026-09-21 13:20:00 w1 SHIB-USD 2022-12: 44510 candles | 73.3% done (439 left)
2026-09-21 13:20:53 w1 GRT-USD 2022-12: 38722 candles | 73.5% done (437 left)
2026-09-21 13:21:40 w1 XTZ-USD 2022-12: 31022 candles | 73.6% done (435 left)
2026-09-21 13:22:27 w1 DASH-USD 2022-12: 13761 candles | 73.7% done (433 left)
2026-09-21 13:23:13 w1 SNX-USD 2022-12: 10544 candles | 73.8% done (431 left)
2026-09-21 13:23:59 w1 ETH-USD 2022-11: 43200 candles | 74.0% done (429 left)
2026-09-21 13:24:45 w1 ADA-USD 2022-11: 43185 candles | 74.1% done (427 left)
2026-09-21 13:25:32 w1 LINK-USD 2022-11: 42763 candles | 74.2% done (425 left)
2026-09-21 13:26:18 w1 DOT-USD 2022-11: 41552 candles | 74.3% done (423 left)
2026-09-21 13:27:05 w1 ATOM-USD 2022-11: 42881 candles | 74.4% done (421 left)
2026-09-21 13:27:50 w1 BCH-USD 2022-11: 40449 candles | 74.6% done (419 left)
2026-09-21 13:28:36 w1 FIL-USD 2022-11: 33931 candles | 74.7% done (417 left)
2026-09-21 13:29:21 w1 ETC-USD 2022-11: 30195 candles | 74.8% done (415 left)
2026-09-21 13:30:09 w1 AAVE-USD 2022-11: 38550 candles | 74.9% done (413 left)
2026-09-21 13:30:54 w1 CRV-USD 2022-11: 28881 candles | 75.0% done (411 left)
2026-09-21 13:31:40 w1 MANA-USD 2022-11: 38828 candles | 75.2% done (409 left)
2026-09-21 13:32:25 w1 ZEC-USD 2022-11: 24244 candles | 75.3% done (407 left)
2026-09-21 13:33:10 w1 COMP-USD 2022-11: 25783 candles | 75.4% done (405 left)
2026-09-21 13:33:56 w1 BTC-USD 2022-09: 43200 candles | 75.5% done (403 left)
2026-09-21 13:34:44 w1 SOL-USD 2022-10: 44634 candles | 75.7% done (401 left)
2026-09-21 13:35:31 w1 AVAX-USD 2022-10: 40085 candles | 75.8% done (399 left)
2026-09-21 13:36:20 w1 LTC-USD 2022-10: 44635 candles | 75.9% done (397 left)
2026-09-21 13:37:07 w1 DOGE-USD 2022-10: 44495 candles | 76.0% done (395 left)
2026-09-21 13:37:54 w1 UNI-USD 2022-10: 40342 candles | 76.1% done (393 left)
2026-09-21 13:38:42 w1 ALGO-USD 2022-10: 44497 candles | 76.3% done (391 left)
2026-09-21 13:39:29 w1 ICP-USD 2022-10: 28635 candles | 76.4% done (389 left)
2026-09-21 13:40:19 w1 XLM-USD 2022-10: 44610 candles | 76.5% done (387 left)
2026-09-21 13:41:08 w1 SHIB-USD 2022-10: 44627 candles | 76.6% done (385 left)
2026-09-21 13:41:55 w1 GRT-USD 2022-10: 42178 candles | 76.7% done (383 left)
2026-09-21 13:42:42 w1 XTZ-USD 2022-10: 36483 candles | 76.9% done (381 left)
2026-09-21 13:43:28 w1 DASH-USD 2022-10: 11503 candles | 77.0% done (379 left)
2026-09-21 13:44:14 w1 SNX-USD 2022-10: 19450 candles | 77.1% done (377 left)
2026-09-21 13:45:00 w1 ETH-USD 2022-09: 43200 candles | 77.2% done (375 left)
2026-09-21 13:45:47 w1 ADA-USD 2022-09: 43200 candles | 77.4% done (373 left)
2026-09-21 13:46:33 w1 LINK-USD 2022-09: 42665 candles | 77.5% done (371 left)
2026-09-21 13:47:20 w1 DOT-USD 2022-09: 41872 candles | 77.6% done (369 left)
2026-09-21 13:48:06 w1 ATOM-USD 2022-09: 43144 candles | 77.7% done (367 left)
2026-09-21 13:48:53 w1 BCH-USD 2022-09: 40313 candles | 77.8% done (365 left)
2026-09-21 13:49:38 w1 FIL-USD 2022-09: 34430 candles | 78.0% done (363 left)
2026-09-21 13:50:25 w1 ETC-USD 2022-09: 37765 candles | 78.1% done (361 left)
2026-09-21 13:51:12 w1 AAVE-USD 2022-09: 38472 candles | 78.2% done (359 left)
2026-09-21 13:51:57 w1 CRV-USD 2022-09: 29929 candles | 78.3% done (357 left)
2026-09-21 13:52:44 w1 MANA-USD 2022-09: 41075 candles | 78.4% done (355 left)
2026-09-21 13:53:29 w1 ZEC-USD 2022-09: 18956 candles | 78.6% done (353 left)
2026-09-21 13:54:14 w1 COMP-USD 2022-09: 28056 candles | 78.7% done (351 left)
2026-09-21 13:55:02 w1 BTC-USD 2022-07: 44640 candles | 78.8% done (349 left)
2026-09-21 13:55:50 w1 SOL-USD 2022-08: 44633 candles | 78.9% done (347 left)
2026-09-21 13:56:38 w1 AVAX-USD 2022-08: 43872 candles | 79.1% done (345 left)
2026-09-21 13:57:26 w1 LTC-USD 2022-08: 44631 candles | 79.2% done (343 left)
2026-09-21 13:58:15 w1 DOGE-USD 2022-08: 44624 candles | 79.3% done (341 left)
2026-09-21 13:59:03 w1 UNI-USD 2022-08: 41911 candles | 79.4% done (339 left)
2026-09-21 13:59:51 w1 ALGO-USD 2022-08: 44567 candles | 79.5% done (337 left)
2026-09-21 14:00:39 w1 ICP-USD 2022-08: 35330 candles | 79.7% done (335 left)
2026-09-21 14:01:28 w1 XLM-USD 2022-08: 44621 candles | 79.8% done (333 left)
2026-09-21 14:02:17 w1 SHIB-USD 2022-08: 44633 candles | 79.9% done (331 left)
2026-09-21 14:03:06 w1 GRT-USD 2022-08: 44225 candles | 80.0% done (329 left)
2026-09-21 14:03:54 w1 XTZ-USD 2022-08: 41242 candles | 80.2% done (326 left)
2026-09-21 14:04:40 w1 DASH-USD 2022-08: 16313 candles | 80.3% done (325 left)
2026-09-21 14:05:28 w1 SNX-USD 2022-08: 35201 candles | 80.4% done (323 left)
2026-09-21 14:06:19 w1 ETH-USD 2022-07: 44640 candles | 80.6% done (320 left)
2026-09-21 14:07:08 w1 ADA-USD 2022-07: 44640 candles | 80.7% done (318 left)
2026-09-21 14:07:56 w1 LINK-USD 2022-07: 43755 candles | 80.8% done (316 left)
2026-09-21 14:08:44 w1 DOT-USD 2022-07: 43524 candles | 80.9% done (314 left)
2026-09-21 14:09:33 w1 ATOM-USD 2022-07: 44456 candles | 81.1% done (312 left)
2026-09-21 14:10:21 w1 BCH-USD 2022-07: 42140 candles | 81.2% done (310 left)
2026-09-21 14:11:08 w1 FIL-USD 2022-07: 31854 candles | 81.3% done (308 left)
2026-09-21 14:11:56 w1 ETC-USD 2022-07: 34654 candles | 81.4% done (306 left)
2026-09-21 14:12:44 w1 AAVE-USD 2022-07: 42072 candles | 81.5% done (305 left)
2026-09-21 14:13:31 w1 CRV-USD 2022-07: 37716 candles | 81.6% done (303 left)
2026-09-21 14:14:19 w1 MANA-USD 2022-07: 42626 candles | 81.7% done (301 left)
2026-09-21 14:15:06 w1 ZEC-USD 2022-07: 26080 candles | 81.8% done (299 left)
2026-09-21 14:15:54 w1 COMP-USD 2022-07: 34355 candles | 82.0% done (297 left)
2026-09-21 14:16:41 w1 BTC-USD 2022-05: 44596 candles | 82.1% done (295 left)
2026-09-21 14:17:29 w1 SOL-USD 2022-06: 43200 candles | 82.2% done (293 left)
2026-09-21 14:18:15 w1 AVAX-USD 2022-06: 43126 candles | 82.3% done (291 left)
2026-09-21 14:19:02 w1 LTC-USD 2022-06: 43199 candles | 82.5% done (289 left)
2026-09-21 14:19:48 w1 DOGE-USD 2022-06: 43197 candles | 82.6% done (287 left)
2026-09-21 14:20:34 w1 UNI-USD 2022-06: 39785 candles | 82.7% done (285 left)
2026-09-21 14:21:21 w1 ALGO-USD 2022-06: 43183 candles | 82.8% done (283 left)
2026-09-21 14:22:07 w1 ICP-USD 2022-06: 40530 candles | 83.0% done (280 left)
2026-09-21 14:22:54 w1 XLM-USD 2022-06: 43187 candles | 83.1% done (278 left)
2026-09-21 14:23:40 w1 SHIB-USD 2022-06: 43200 candles | 83.2% done (276 left)
2026-09-21 14:24:27 w1 GRT-USD 2022-06: 43026 candles | 83.4% done (274 left)
2026-09-21 14:25:13 w1 XTZ-USD 2022-06: 42003 candles | 83.5% done (272 left)
2026-09-21 14:25:58 w1 DASH-USD 2022-06: 25904 candles | 83.6% done (270 left)
2026-09-21 14:26:45 w1 SNX-USD 2022-06: 36943 candles | 83.7% done (268 left)
2026-09-21 14:27:32 w1 ETH-USD 2022-05: 44602 candles | 83.8% done (266 left)
2026-09-21 14:28:27 w1 ADA-USD 2022-05: 44589 candles | 83.9% done (265 left)
2026-09-21 14:29:22 w1 LINK-USD 2022-05: 43964 candles | 84.0% done (263 left)
2026-09-21 14:30:10 w1 DOT-USD 2022-05: 44228 candles | 84.2% done (261 left)
2026-09-21 14:30:59 w1 ATOM-USD 2022-05: 44527 candles | 84.3% done (259 left)
2026-09-21 14:31:47 w1 BCH-USD 2022-05: 42440 candles | 84.4% done (257 left)
2026-09-21 14:32:35 w1 FIL-USD 2022-05: 34587 candles | 84.5% done (255 left)
2026-09-21 14:33:23 w1 ETC-USD 2022-05: 37470 candles | 84.6% done (253 left)
2026-09-21 14:34:11 w1 AAVE-USD 2022-05: 39498 candles | 84.8% done (251 left)
2026-09-21 14:34:59 w1 CRV-USD 2022-05: 36672 candles | 84.9% done (249 left)
2026-09-21 14:35:52 w1 MANA-USD 2022-05: 44391 candles | 85.0% done (247 left)
2026-09-21 14:36:40 w1 ZEC-USD 2022-05: 36141 candles | 85.1% done (245 left)
2026-09-21 14:37:28 w1 COMP-USD 2022-05: 36443 candles | 85.2% done (243 left)
2026-09-21 14:38:16 w1 BTC-USD 2022-03: 44640 candles | 85.4% done (241 left)
2026-09-21 14:39:03 w1 SOL-USD 2022-04: 43200 candles | 85.5% done (239 left)
2026-09-21 14:39:50 w1 AVAX-USD 2022-04: 43054 candles | 85.6% done (237 left)
2026-09-21 14:40:41 w1 LTC-USD 2022-04: 43196 candles | 85.7% done (235 left)
2026-09-21 14:41:27 w1 DOGE-USD 2022-04: 43186 candles | 85.9% done (233 left)
2026-09-21 14:42:17 w1 UNI-USD 2022-04: 34598 candles | 86.0% done (231 left)
2026-09-21 14:43:06 w1 ALGO-USD 2022-04: 43037 candles | 86.2% done (228 left)
2026-09-21 14:43:53 w1 ICP-USD 2022-04: 37010 candles | 86.3% done (226 left)
2026-09-21 14:44:40 w1 XLM-USD 2022-04: 43197 candles | 86.4% done (224 left)
2026-09-21 14:45:27 w1 SHIB-USD 2022-04: 43200 candles | 86.5% done (222 left)
2026-09-21 14:46:14 w1 GRT-USD 2022-04: 43083 candles | 86.6% done (220 left)
2026-09-21 14:47:00 w1 XTZ-USD 2022-04: 41555 candles | 86.8% done (218 left)
2026-09-21 14:47:46 w1 DASH-USD 2022-04: 24830 candles | 86.9% done (216 left)
2026-09-21 14:48:33 w1 SNX-USD 2022-04: 37030 candles | 87.0% done (214 left)
2026-09-21 14:49:21 w1 ETH-USD 2022-03: 44640 candles | 87.1% done (212 left)
2026-09-21 14:50:09 w1 ADA-USD 2022-03: 44635 candles | 87.2% done (210 left)
2026-09-21 14:50:58 w1 LINK-USD 2022-03: 43721 candles | 87.4% done (208 left)
2026-09-21 14:51:47 w1 DOT-USD 2022-03: 44110 candles | 87.5% done (206 left)
2026-09-21 14:52:36 w1 ATOM-USD 2022-03: 44597 candles | 87.6% done (204 left)
2026-09-21 14:53:27 w1 BCH-USD 2022-03: 42704 candles | 87.7% done (202 left)
2026-09-21 14:54:16 w1 FIL-USD 2022-03: 34273 candles | 87.9% done (200 left)
2026-09-21 14:55:04 w1 ETC-USD 2022-03: 37823 candles | 88.0% done (198 left)
2026-09-21 14:55:52 w1 AAVE-USD 2022-03: 40937 candles | 88.1% done (196 left)
2026-09-21 14:56:40 w1 CRV-USD 2022-03: 37864 candles | 88.2% done (194 left)
2026-09-21 14:57:29 w1 MANA-USD 2022-03: 44443 candles | 88.3% done (192 left)
2026-09-21 14:58:17 w1 ZEC-USD 2022-03: 39736 candles | 88.5% done (190 left)
2026-09-21 14:59:04 w1 COMP-USD 2022-03: 35450 candles | 88.6% done (188 left)
2026-09-21 14:59:54 w1 BTC-USD 2022-01: 44640 candles | 88.7% done (186 left)
2026-09-21 15:00:39 w1 SOL-USD 2022-02: 40320 candles | 88.8% done (184 left)
2026-09-21 15:01:27 w1 AVAX-USD 2022-02: 40317 candles | 88.9% done (182 left)
2026-09-21 15:02:12 w1 LTC-USD 2022-02: 40319 candles | 89.1% done (180 left)
2026-09-21 15:02:56 w1 DOGE-USD 2022-02: 40305 candles | 89.2% done (178 left)
2026-09-21 15:03:39 w1 UNI-USD 2022-02: 36337 candles | 89.3% done (176 left)
2026-09-21 15:04:26 w1 ALGO-USD 2022-02: 40308 candles | 89.4% done (174 left)
2026-09-21 15:05:09 w1 ICP-USD 2022-02: 37905 candles | 89.6% done (172 left)
2026-09-21 15:05:53 w1 XLM-USD 2022-02: 40320 candles | 89.7% done (170 left)
2026-09-21 15:06:37 w1 SHIB-USD 2022-02: 40320 candles | 89.8% done (168 left)
2026-09-21 15:07:21 w1 GRT-USD 2022-02: 40225 candles | 89.9% done (166 left)
2026-09-21 15:08:04 w1 XTZ-USD 2022-02: 39721 candles | 90.0% done (164 left)
2026-09-21 15:08:47 w1 DASH-USD 2022-02: 23036 candles | 90.2% done (162 left)
2026-09-21 15:09:29 w1 SNX-USD 2022-02: 22244 candles | 90.3% done (160 left)
2026-09-21 15:10:17 w1 ETH-USD 2022-01: 44639 candles | 90.4% done (158 left)
2026-09-21 15:11:06 w1 ADA-USD 2022-01: 44636 candles | 90.5% done (156 left)
2026-09-21 15:11:54 w1 LINK-USD 2022-01: 44607 candles | 90.6% done (154 left)
2026-09-21 15:12:42 w1 DOT-USD 2022-01: 44604 candles | 90.8% done (152 left)
2026-09-21 15:13:30 w1 ATOM-USD 2022-01: 44636 candles | 90.9% done (150 left)
2026-09-21 15:14:18 w1 BCH-USD 2022-01: 43199 candles | 91.0% done (148 left)
2026-09-21 15:15:06 w1 FIL-USD 2022-01: 38740 candles | 91.1% done (146 left)
2026-09-21 15:15:55 w1 ETC-USD 2022-01: 38599 candles | 91.3% done (144 left)
2026-09-21 15:16:43 w1 AAVE-USD 2022-01: 40496 candles | 91.4% done (142 left)
2026-09-21 15:17:32 w1 CRV-USD 2022-01: 39658 candles | 91.5% done (140 left)
2026-09-21 15:18:20 w1 MANA-USD 2022-01: 44640 candles | 91.6% done (138 left)
2026-09-21 15:19:07 w1 ZEC-USD 2022-01: 36434 candles | 91.7% done (136 left)
2026-09-21 15:19:55 w1 COMP-USD 2022-01: 40889 candles | 91.9% done (134 left)
2026-09-21 15:20:41 w1 BTC-USD 2021-11: 43143 candles | 92.0% done (132 left)
2026-09-21 15:21:29 w1 SOL-USD 2021-12: 44640 candles | 92.1% done (130 left)
2026-09-21 15:22:17 w1 AVAX-USD 2021-12: 44553 candles | 92.2% done (128 left)
2026-09-21 15:23:05 w1 LTC-USD 2021-12: 44637 candles | 92.3% done (126 left)
2026-09-21 15:23:52 w1 DOGE-USD 2021-12: 44640 candles | 92.5% done (124 left)
2026-09-21 15:24:40 w1 UNI-USD 2021-12: 43140 candles | 92.6% done (122 left)
2026-09-21 15:25:27 w1 ALGO-USD 2021-12: 44639 candles | 92.7% done (120 left)
2026-09-21 15:26:14 w1 ICP-USD 2021-12: 44016 candles | 92.8% done (118 left)
2026-09-21 15:27:02 w1 XLM-USD 2021-12: 44547 candles | 93.0% done (116 left)
2026-09-21 15:27:51 w1 SHIB-USD 2021-12: 44549 candles | 93.1% done (114 left)
2026-09-21 15:28:39 w1 GRT-USD 2021-12: 44575 candles | 93.2% done (112 left)
2026-09-21 15:29:26 w1 XTZ-USD 2021-12: 44455 candles | 93.3% done (110 left)
2026-09-21 15:30:13 w1 DASH-USD 2021-12: 32703 candles | 93.4% done (108 left)
2026-09-21 15:31:00 w1 SNX-USD 2021-12: 30750 candles | 93.6% done (106 left)
2026-09-21 15:31:46 w1 ETH-USD 2021-11: 43140 candles | 93.7% done (104 left)
2026-09-21 15:32:32 w1 ADA-USD 2021-11: 43138 candles | 93.8% done (102 left)
2026-09-21 15:33:18 w1 LINK-USD 2021-11: 43126 candles | 93.9% done (100 left)
2026-09-21 15:34:05 w1 DOT-USD 2021-11: 43137 candles | 94.0% done (98 left)
2026-09-21 15:34:51 w1 ATOM-USD 2021-11: 43136 candles | 94.2% done (96 left)
2026-09-21 15:35:37 w1 BCH-USD 2021-11: 42781 candles | 94.3% done (94 left)
2026-09-21 15:36:23 w1 FIL-USD 2021-11: 40863 candles | 94.4% done (92 left)
2026-09-21 15:37:09 w1 ETC-USD 2021-11: 42218 candles | 94.5% done (90 left)
2026-09-21 15:37:55 w1 AAVE-USD 2021-11: 40732 candles | 94.7% done (88 left)
2026-09-21 15:38:41 w1 CRV-USD 2021-11: 42162 candles | 94.8% done (86 left)
2026-09-21 15:39:27 w1 MANA-USD 2021-11: 43142 candles | 94.9% done (84 left)
2026-09-21 15:40:12 w1 ZEC-USD 2021-11: 38917 candles | 95.0% done (82 left)
2026-09-21 15:40:59 w1 COMP-USD 2021-11: 42799 candles | 95.1% done (80 left)
2026-09-21 15:41:44 w1 BTC-USD 2021-09: 43199 candles | 95.3% done (78 left)
2026-09-21 15:42:32 w1 SOL-USD 2021-10: 44640 candles | 95.4% done (76 left)
2026-09-21 15:43:19 w1 AVAX-USD 2021-10: 43808 candles | 95.5% done (74 left)
2026-09-21 15:44:07 w1 LTC-USD 2021-10: 44639 candles | 95.6% done (72 left)
2026-09-21 15:44:54 w1 DOGE-USD 2021-10: 44640 candles | 95.7% done (70 left)
2026-09-21 15:45:42 w1 UNI-USD 2021-10: 44300 candles | 95.9% done (68 left)
2026-09-21 15:46:30 w1 ALGO-USD 2021-10: 44640 candles | 96.0% done (66 left)
2026-09-21 15:47:18 w1 ICP-USD 2021-10: 44447 candles | 96.1% done (64 left)
2026-09-21 15:48:06 w1 XLM-USD 2021-10: 44640 candles | 96.2% done (62 left)
2026-09-21 15:48:54 w1 SHIB-USD 2021-10: 44640 candles | 96.4% done (60 left)
2026-09-21 15:49:42 w1 GRT-USD 2021-10: 44429 candles | 96.5% done (58 left)
2026-09-21 15:50:30 w1 XTZ-USD 2021-10: 44616 candles | 96.6% done (56 left)
2026-09-21 15:51:17 w1 DASH-USD 2021-10: 30124 candles | 96.7% done (54 left)
2026-09-21 15:52:05 w1 SNX-USD 2021-10: 42269 candles | 96.8% done (52 left)
2026-09-21 15:52:51 w1 SOL-USD 2021-09: 43199 candles | 97.0% done (50 left)
2026-09-21 15:53:34 w1 AVAX-USD 2021-09: 297 candles | 97.1% done (48 left)
2026-09-21 15:54:21 w1 LTC-USD 2021-09: 43198 candles | 97.2% done (46 left)
2026-09-21 15:55:07 w1 DOGE-USD 2021-09: 43196 candles | 97.3% done (44 left)
2026-09-21 15:55:54 w1 UNI-USD 2021-09: 42770 candles | 97.4% done (42 left)
2026-09-21 15:56:40 w1 ALGO-USD 2021-09: 43199 candles | 97.6% done (40 left)
2026-09-21 15:57:26 w1 ICP-USD 2021-09: 43096 candles | 97.7% done (38 left)
2026-09-21 15:58:13 w1 XLM-USD 2021-09: 43198 candles | 97.8% done (36 left)
2026-09-21 15:58:58 w1 SHIB-USD 2021-09: 30419 candles | 97.9% done (34 left)
2026-09-21 15:59:44 w1 GRT-USD 2021-09: 42759 candles | 98.1% done (32 left)
2026-09-21 16:00:30 w1 XTZ-USD 2021-09: 43172 candles | 98.2% done (30 left)
2026-09-21 16:01:17 w1 DASH-USD 2021-09: 29938 candles | 98.2% done (29 left)
2026-09-21 16:02:04 w1 SNX-USD 2021-09: 42249 candles | 98.4% done (27 left)
worker done
worker 1/2: 13 months to fetch
2026-09-21 16:15:33 w1 ETH-USD 2026-09: 29775 candles | 98.4% done (27 left)
2026-09-21 16:16:05 w1 ADA-USD 2026-09: 29445 candles | 98.4% done (27 left)
2026-09-21 16:16:38 w1 LINK-USD 2026-09: 29234 candles | 98.4% done (27 left)
2026-09-21 16:17:09 w1 DOT-USD 2026-09: 27213 candles | 98.4% done (27 left)
2026-09-21 16:17:42 w1 ATOM-USD 2026-09: 18909 candles | 98.4% done (27 left)
2026-09-21 16:18:15 w1 BCH-USD 2026-09: 26526 candles | 98.4% done (27 left)
2026-09-21 16:18:47 w1 FIL-USD 2026-09: 23783 candles | 98.4% done (27 left)
2026-09-21 16:19:18 w1 ETC-USD 2026-09: 16041 candles | 98.4% done (27 left)
2026-09-21 16:19:50 w1 AAVE-USD 2026-09: 23334 candles | 98.4% done (27 left)
2026-09-21 16:20:23 w1 CRV-USD 2026-09: 19069 candles | 98.4% done (27 left)
2026-09-21 16:20:58 w1 MANA-USD 2026-09: 3796 candles | 98.4% done (27 left)
2026-09-21 16:21:30 w1 ZEC-USD 2026-09: 29771 candles | 98.4% done (27 left)
2026-09-21 16:22:01 w1 COMP-USD 2026-09: 7104 candles | 98.4% done (27 left)
worker done
worker 1/2: 13 months to fetch
2026-09-21 16:30:33 w1 ETH-USD 2026-09: 29790 candles | 98.4% done (27 left)
2026-09-21 16:31:06 w1 ADA-USD 2026-09: 29460 candles | 98.4% done (27 left)
2026-09-21 16:31:38 w1 LINK-USD 2026-09: 29249 candles | 98.4% done (27 left)
2026-09-21 16:32:14 w1 DOT-USD 2026-09: 27228 candles | 98.4% done (27 left)
2026-09-21 16:32:46 w1 ATOM-USD 2026-09: 18919 candles | 98.4% done (27 left)
2026-09-21 16:33:18 w1 BCH-USD 2026-09: 26541 candles | 98.4% done (27 left)
2026-09-21 16:33:50 w1 FIL-USD 2026-09: 23794 candles | 98.4% done (27 left)
2026-09-21 16:34:25 w1 ETC-USD 2026-09: 16047 candles | 98.4% done (27 left)
2026-09-21 16:34:57 w1 AAVE-USD 2026-09: 23348 candles | 98.4% done (27 left)
2026-09-21 16:35:28 w1 CRV-USD 2026-09: 19079 candles | 98.4% done (27 left)
2026-09-21 16:35:59 w1 MANA-USD 2026-09: 3801 candles | 98.4% done (27 left)
2026-09-21 16:36:32 w1 ZEC-USD 2026-09: 29786 candles | 98.4% done (27 left)
2026-09-21 16:37:03 w1 COMP-USD 2026-09: 7109 candles | 98.4% done (27 left)
worker done
worker 1/2: 13 months to fetch
2026-09-21 16:45:35 w1 ETH-USD 2026-09: 29805 candles | 98.4% done (27 left)
2026-09-21 16:46:07 w1 ADA-USD 2026-09: 29475 candles | 98.4% done (27 left)
2026-09-21 16:46:39 w1 LINK-USD 2026-09: 29264 candles | 98.4% done (27 left)
2026-09-21 16:47:13 w1 DOT-USD 2026-09: 27243 candles | 98.4% done (27 left)
2026-09-21 16:47:45 w1 ATOM-USD 2026-09: 18931 candles | 98.4% done (27 left)
2026-09-21 16:48:17 w1 BCH-USD 2026-09: 26556 candles | 98.4% done (27 left)
2026-09-21 16:48:49 w1 FIL-USD 2026-09: 23805 candles | 98.4% done (27 left)
2026-09-21 16:49:20 w1 ETC-USD 2026-09: 16055 candles | 98.4% done (27 left)
2026-09-21 16:49:52 w1 AAVE-USD 2026-09: 23363 candles | 98.4% done (27 left)
2026-09-21 16:50:24 w1 CRV-USD 2026-09: 19093 candles | 98.4% done (27 left)
2026-09-21 16:50:56 w1 MANA-USD 2026-09: 3808 candles | 98.4% done (27 left)
2026-09-21 16:51:29 w1 ZEC-USD 2026-09: 29801 candles | 98.4% done (27 left)
2026-09-21 16:52:00 w1 COMP-USD 2026-09: 7112 candles | 98.4% done (27 left)
worker done
worker 1/2: 13 months to fetch
2026-09-21 17:00:34 w1 ETH-USD 2026-09: 29820 candles | 98.4% done (27 left)
2026-09-21 17:01:07 w1 ADA-USD 2026-09: 29490 candles | 98.4% done (27 left)
2026-09-21 17:01:41 w1 LINK-USD 2026-09: 29279 candles | 98.4% done (27 left)
2026-09-21 17:02:14 w1 DOT-USD 2026-09: 27256 candles | 98.4% done (27 left)
2026-09-21 17:02:46 w1 ATOM-USD 2026-09: 18944 candles | 98.4% done (27 left)
2026-09-21 17:03:18 w1 BCH-USD 2026-09: 26571 candles | 98.4% done (27 left)
2026-09-21 17:03:50 w1 FIL-USD 2026-09: 23817 candles | 98.4% done (27 left)
2026-09-21 17:04:21 w1 ETC-USD 2026-09: 16069 candles | 98.4% done (27 left)
2026-09-21 17:04:53 w1 AAVE-USD 2026-09: 23375 candles | 98.4% done (27 left)
2026-09-21 17:05:25 w1 CRV-USD 2026-09: 19105 candles | 98.4% done (27 left)
2026-09-21 17:05:56 w1 MANA-USD 2026-09: 3817 candles | 98.4% done (27 left)
2026-09-21 17:06:29 w1 ZEC-USD 2026-09: 29816 candles | 98.4% done (27 left)
2026-09-21 17:06:59 w1 COMP-USD 2026-09: 7114 candles | 98.4% done (27 left)
worker done
worker 1/2: 13 months to fetch
2026-09-21 17:15:34 w1 ETH-USD 2026-09: 29835 candles | 98.4% done (27 left)
2026-09-21 17:16:06 w1 ADA-USD 2026-09: 29505 candles | 98.4% done (27 left)
2026-09-21 17:16:38 w1 LINK-USD 2026-09: 29294 candles | 98.4% done (27 left)
2026-09-21 17:17:10 w1 DOT-USD 2026-09: 27272 candles | 98.4% done (27 left)
2026-09-21 17:17:41 w1 ATOM-USD 2026-09: 18956 candles | 98.4% done (27 left)
2026-09-21 17:18:13 w1 BCH-USD 2026-09: 26586 candles | 98.4% done (27 left)
2026-09-21 17:18:45 w1 FIL-USD 2026-09: 23830 candles | 98.4% done (27 left)
2026-09-21 17:19:17 w1 ETC-USD 2026-09: 16084 candles | 98.4% done (27 left)
2026-09-21 17:19:48 w1 AAVE-USD 2026-09: 23389 candles | 98.4% done (27 left)
2026-09-21 17:20:20 w1 CRV-USD 2026-09: 19114 candles | 98.4% done (27 left)
2026-09-21 17:20:51 w1 MANA-USD 2026-09: 3820 candles | 98.4% done (27 left)
2026-09-21 17:21:24 w1 ZEC-USD 2026-09: 29831 candles | 98.4% done (27 left)
2026-09-21 17:21:55 w1 COMP-USD 2026-09: 7115 candles | 98.4% done (27 left)
worker done
worker 1/2: 13 months to fetch
2026-09-21 17:30:34 w1 ETH-USD 2026-09: 29850 candles | 98.4% done (27 left)
2026-09-21 17:31:06 w1 ADA-USD 2026-09: 29520 candles | 98.4% done (27 left)
2026-09-21 17:31:39 w1 LINK-USD 2026-09: 29309 candles | 98.4% done (27 left)
2026-09-21 17:32:11 w1 DOT-USD 2026-09: 27287 candles | 98.4% done (27 left)
2026-09-21 17:32:43 w1 ATOM-USD 2026-09: 18968 candles | 98.4% done (27 left)
2026-09-21 17:33:14 w1 BCH-USD 2026-09: 26601 candles | 98.4% done (27 left)
2026-09-21 17:33:46 w1 FIL-USD 2026-09: 23844 candles | 98.4% done (27 left)
2026-09-21 17:34:18 w1 ETC-USD 2026-09: 16099 candles | 98.4% done (27 left)
2026-09-21 17:34:49 w1 AAVE-USD 2026-09: 23401 candles | 98.4% done (27 left)
2026-09-21 17:35:21 w1 CRV-USD 2026-09: 19128 candles | 98.4% done (27 left)
2026-09-21 17:35:52 w1 MANA-USD 2026-09: 3822 candles | 98.4% done (27 left)
2026-09-21 17:36:25 w1 ZEC-USD 2026-09: 29846 candles | 98.4% done (27 left)
2026-09-21 17:36:56 w1 COMP-USD 2026-09: 7117 candles | 98.4% done (27 left)
worker done
worker 1/2: 13 months to fetch
2026-09-21 17:45:33 w1 ETH-USD 2026-09: 29865 candles | 98.4% done (27 left)
2026-09-21 17:46:05 w1 ADA-USD 2026-09: 29535 candles | 98.4% done (27 left)
2026-09-21 17:46:37 w1 LINK-USD 2026-09: 29324 candles | 98.4% done (27 left)
2026-09-21 17:47:09 w1 DOT-USD 2026-09: 27299 candles | 98.4% done (27 left)
2026-09-21 17:47:41 w1 ATOM-USD 2026-09: 18980 candles | 98.4% done (27 left)
2026-09-21 17:48:13 w1 BCH-USD 2026-09: 26616 candles | 98.4% done (27 left)
2026-09-21 17:48:47 w1 FIL-USD 2026-09: 23855 candles | 98.4% done (27 left)
2026-09-21 17:49:18 w1 ETC-USD 2026-09: 16114 candles | 98.4% done (27 left)
2026-09-21 17:49:50 w1 AAVE-USD 2026-09: 23412 candles | 98.4% done (27 left)
2026-09-21 17:50:22 w1 CRV-USD 2026-09: 19141 candles | 98.4% done (27 left)
2026-09-21 17:50:52 w1 MANA-USD 2026-09: 3823 candles | 98.4% done (27 left)
2026-09-21 17:51:25 w1 ZEC-USD 2026-09: 29861 candles | 98.4% done (27 left)
2026-09-21 17:51:56 w1 COMP-USD 2026-09: 7123 candles | 98.4% done (27 left)
worker done
worker 1/2: 13 months to fetch
2026-09-21 18:00:33 w1 ETH-USD 2026-09: 29880 candles | 98.4% done (27 left)
2026-09-21 18:01:06 w1 ADA-USD 2026-09: 29550 candles | 98.4% done (27 left)
2026-09-21 18:01:39 w1 LINK-USD 2026-09: 29339 candles | 98.4% done (27 left)
2026-09-21 18:02:11 w1 DOT-USD 2026-09: 27313 candles | 98.4% done (27 left)
2026-09-21 18:02:43 w1 ATOM-USD 2026-09: 18989 candles | 98.4% done (27 left)
2026-09-21 18:03:15 w1 BCH-USD 2026-09: 26631 candles | 98.4% done (27 left)
2026-09-21 18:03:48 w1 FIL-USD 2026-09: 23867 candles | 98.4% done (27 left)
2026-09-21 18:04:20 w1 ETC-USD 2026-09: 16129 candles | 98.4% done (27 left)
2026-09-21 18:04:51 w1 AAVE-USD 2026-09: 23426 candles | 98.4% done (27 left)
2026-09-21 18:05:24 w1 CRV-USD 2026-09: 19155 candles | 98.4% done (27 left)
2026-09-21 18:05:55 w1 MANA-USD 2026-09: 3827 candles | 98.4% done (27 left)
2026-09-21 18:06:27 w1 ZEC-USD 2026-09: 29876 candles | 98.4% done (27 left)
2026-09-21 18:06:59 w1 COMP-USD 2026-09: 7129 candles | 98.4% done (27 left)
worker done
worker 1/2: 13 months to fetch
2026-09-21 18:15:34 w1 ETH-USD 2026-09: 29895 candles | 98.4% done (27 left)
2026-09-21 18:16:06 w1 ADA-USD 2026-09: 29565 candles | 98.4% done (27 left)
2026-09-21 18:16:38 w1 LINK-USD 2026-09: 29354 candles | 98.4% done (27 left)
2026-09-21 18:17:10 w1 DOT-USD 2026-09: 27327 candles | 98.4% done (27 left)
2026-09-21 18:17:42 w1 ATOM-USD 2026-09: 18999 candles | 98.4% done (27 left)
2026-09-21 18:18:14 w1 BCH-USD 2026-09: 26646 candles | 98.4% done (27 left)
2026-09-21 18:18:47 w1 FIL-USD 2026-09: 23881 candles | 98.4% done (27 left)
2026-09-21 18:19:18 w1 ETC-USD 2026-09: 16142 candles | 98.4% done (27 left)
2026-09-21 18:19:50 w1 AAVE-USD 2026-09: 23441 candles | 98.4% done (27 left)
2026-09-21 18:20:22 w1 CRV-USD 2026-09: 19170 candles | 98.4% done (27 left)
2026-09-21 18:20:52 w1 MANA-USD 2026-09: 3827 candles | 98.4% done (27 left)
2026-09-21 18:21:25 w1 ZEC-USD 2026-09: 29891 candles | 98.4% done (27 left)
2026-09-21 18:21:57 w1 COMP-USD 2026-09: 7134 candles | 98.4% done (27 left)
worker done
worker 1/2: 13 months to fetch
2026-09-21 18:30:33 w1 ETH-USD 2026-09: 29910 candles | 98.4% done (27 left)
2026-09-21 18:31:06 w1 ADA-USD 2026-09: 29580 candles | 98.4% done (27 left)
2026-09-21 18:31:38 w1 LINK-USD 2026-09: 29369 candles | 98.4% done (27 left)
2026-09-21 18:32:11 w1 DOT-USD 2026-09: 27341 candles | 98.4% done (27 left)
2026-09-21 18:32:42 w1 ATOM-USD 2026-09: 19008 candles | 98.4% done (27 left)
2026-09-21 18:33:15 w1 BCH-USD 2026-09: 26661 candles | 98.4% done (27 left)
2026-09-21 18:33:47 w1 FIL-USD 2026-09: 23895 candles | 98.4% done (27 left)
2026-09-21 18:34:18 w1 ETC-USD 2026-09: 16154 candles | 98.4% done (27 left)
2026-09-21 18:34:50 w1 AAVE-USD 2026-09: 23453 candles | 98.4% done (27 left)
2026-09-21 18:35:23 w1 CRV-USD 2026-09: 19184 candles | 98.4% done (27 left)
2026-09-21 18:35:54 w1 MANA-USD 2026-09: 3828 candles | 98.4% done (27 left)
2026-09-21 18:36:26 w1 ZEC-USD 2026-09: 29906 candles | 98.4% done (27 left)
2026-09-21 18:36:58 w1 COMP-USD 2026-09: 7138 candles | 98.4% done (27 left)
worker done
worker 1/2: 13 months to fetch
2026-09-21 18:45:34 w1 ETH-USD 2026-09: 29925 candles | 98.4% done (27 left)
2026-09-21 18:46:06 w1 ADA-USD 2026-09: 29595 candles | 98.4% done (27 left)
2026-09-21 18:46:39 w1 LINK-USD 2026-09: 29384 candles | 98.4% done (27 left)
2026-09-21 18:47:11 w1 DOT-USD 2026-09: 27352 candles | 98.4% done (27 left)
2026-09-21 18:47:43 w1 ATOM-USD 2026-09: 19015 candles | 98.4% done (27 left)
2026-09-21 18:48:15 w1 BCH-USD 2026-09: 26675 candles | 98.4% done (27 left)
2026-09-21 18:48:47 w1 FIL-USD 2026-09: 23906 candles | 98.4% done (27 left)
2026-09-21 18:49:18 w1 ETC-USD 2026-09: 16166 candles | 98.4% done (27 left)
2026-09-21 18:49:50 w1 AAVE-USD 2026-09: 23466 candles | 98.4% done (27 left)
2026-09-21 18:50:22 w1 CRV-USD 2026-09: 19198 candles | 98.4% done (27 left)
2026-09-21 18:51:13 w1 MANA-USD 2026-09: 3830 candles | 98.4% done (27 left)
2026-09-21 18:51:46 w1 ZEC-USD 2026-09: 29922 candles | 98.4% done (27 left)
2026-09-21 18:52:17 w1 COMP-USD 2026-09: 7139 candles | 98.4% done (27 left)
worker done
worker 1/2: 13 months to fetch
2026-09-21 19:00:55 w1 ETH-USD 2026-09: 29940 candles | 98.4% done (27 left)
2026-09-21 19:01:28 w1 ADA-USD 2026-09: 29610 candles | 98.4% done (27 left)
2026-09-21 19:02:00 w1 LINK-USD 2026-09: 29399 candles | 98.4% done (27 left)
2026-09-21 19:02:33 w1 DOT-USD 2026-09: 27365 candles | 98.4% done (27 left)
2026-09-21 19:03:04 w1 ATOM-USD 2026-09: 19023 candles | 98.4% done (27 left)
2026-09-21 19:03:36 w1 BCH-USD 2026-09: 26691 candles | 98.4% done (27 left)
2026-09-21 19:04:08 w1 FIL-USD 2026-09: 23918 candles | 98.4% done (27 left)
2026-09-21 19:04:40 w1 ETC-USD 2026-09: 16173 candles | 98.4% done (27 left)
2026-09-21 19:05:12 w1 AAVE-USD 2026-09: 23481 candles | 98.4% done (27 left)
2026-09-21 19:06:04 w1 CRV-USD 2026-09: 19210 candles | 98.4% done (27 left)
2026-09-21 19:06:34 w1 MANA-USD 2026-09: 3832 candles | 98.4% done (27 left)
2026-09-21 19:07:07 w1 ZEC-USD 2026-09: 29937 candles | 98.4% done (27 left)
2026-09-21 19:07:38 w1 COMP-USD 2026-09: 7142 candles | 98.4% done (27 left)
worker done
worker 1/2: 13 months to fetch
2026-09-21 19:15:35 w1 ETH-USD 2026-09: 29955 candles | 98.4% done (27 left)
2026-09-21 19:16:07 w1 ADA-USD 2026-09: 29625 candles | 98.4% done (27 left)
2026-09-21 19:16:40 w1 LINK-USD 2026-09: 29414 candles | 98.4% done (27 left)
2026-09-21 19:17:12 w1 DOT-USD 2026-09: 27379 candles | 98.4% done (27 left)
2026-09-21 19:17:44 w1 ATOM-USD 2026-09: 19032 candles | 98.4% done (27 left)
2026-09-21 19:18:16 w1 BCH-USD 2026-09: 26705 candles | 98.4% done (27 left)
2026-09-21 19:18:48 w1 FIL-USD 2026-09: 23931 candles | 98.4% done (27 left)
2026-09-21 19:19:19 w1 ETC-USD 2026-09: 16179 candles | 98.4% done (27 left)
2026-09-21 19:19:51 w1 AAVE-USD 2026-09: 23491 candles | 98.4% done (27 left)
2026-09-21 19:20:23 w1 CRV-USD 2026-09: 19220 candles | 98.4% done (27 left)
2026-09-21 19:20:54 w1 MANA-USD 2026-09: 3836 candles | 98.4% done (27 left)
2026-09-21 19:21:47 w1 ZEC-USD 2026-09: 29951 candles | 98.4% done (27 left)
2026-09-21 19:22:18 w1 COMP-USD 2026-09: 7145 candles | 98.4% done (27 left)
worker done
worker 1/2: 13 months to fetch
2026-09-21 19:30:33 w1 ETH-USD 2026-09: 29970 candles | 98.4% done (27 left)
2026-09-21 19:31:06 w1 ADA-USD 2026-09: 29640 candles | 98.4% done (27 left)
2026-09-21 19:31:38 w1 LINK-USD 2026-09: 29429 candles | 98.4% done (27 left)
2026-09-21 19:32:10 w1 DOT-USD 2026-09: 27394 candles | 98.4% done (27 left)
2026-09-21 19:32:41 w1 ATOM-USD 2026-09: 19043 candles | 98.4% done (27 left)
2026-09-21 19:33:14 w1 BCH-USD 2026-09: 26720 candles | 98.4% done (27 left)
2026-09-21 19:34:06 w1 FIL-USD 2026-09: 23946 candles | 98.4% done (27 left)
2026-09-21 19:34:37 w1 ETC-USD 2026-09: 16192 candles | 98.4% done (27 left)
2026-09-21 19:35:09 w1 AAVE-USD 2026-09: 23505 candles | 98.4% done (27 left)
2026-09-21 19:35:41 w1 CRV-USD 2026-09: 19231 candles | 98.4% done (27 left)
2026-09-21 19:36:12 w1 MANA-USD 2026-09: 3840 candles | 98.4% done (27 left)
2026-09-21 19:36:44 w1 ZEC-USD 2026-09: 29967 candles | 98.4% done (27 left)
2026-09-21 19:37:16 w1 COMP-USD 2026-09: 7147 candles | 98.4% done (27 left)
worker done
worker 1/2: 13 months to fetch
2026-09-21 19:45:36 w1 ETH-USD 2026-09: 29985 candles | 98.4% done (27 left)
2026-09-21 19:46:28 w1 ADA-USD 2026-09: 29655 candles | 98.4% done (27 left)
2026-09-21 19:47:00 w1 LINK-USD 2026-09: 29444 candles | 98.4% done (27 left)
2026-09-21 19:47:32 w1 DOT-USD 2026-09: 27410 candles | 98.4% done (27 left)
2026-09-21 19:48:04 w1 ATOM-USD 2026-09: 19054 candles | 98.4% done (27 left)
2026-09-21 19:48:36 w1 BCH-USD 2026-09: 26736 candles | 98.4% done (27 left)
2026-09-21 19:49:08 w1 FIL-USD 2026-09: 23960 candles | 98.4% done (27 left)
2026-09-21 19:49:39 w1 ETC-USD 2026-09: 16205 candles | 98.4% done (27 left)
2026-09-21 19:50:11 w1 AAVE-USD 2026-09: 23515 candles | 98.4% done (27 left)
2026-09-21 19:50:43 w1 CRV-USD 2026-09: 19238 candles | 98.4% done (27 left)
2026-09-21 19:51:14 w1 MANA-USD 2026-09: 3842 candles | 98.4% done (27 left)
2026-09-21 19:51:47 w1 ZEC-USD 2026-09: 29982 candles | 98.4% done (27 left)
2026-09-21 19:52:18 w1 COMP-USD 2026-09: 7149 candles | 98.4% done (27 left)
worker done
worker 1/2: 13 months to fetch
2026-09-21 20:00:34 w1 ETH-USD 2026-09: 30000 candles | 98.4% done (27 left)
2026-09-21 20:01:07 w1 ADA-USD 2026-09: 29670 candles | 98.4% done (27 left)
2026-09-21 20:01:40 w1 LINK-USD 2026-09: 29459 candles | 98.4% done (27 left)
2026-09-21 20:02:12 w1 DOT-USD 2026-09: 27424 candles | 98.4% done (27 left)
2026-09-21 20:02:45 w1 ATOM-USD 2026-09: 19066 candles | 98.4% done (27 left)
2026-09-21 20:03:17 w1 BCH-USD 2026-09: 26750 candles | 98.4% done (27 left)
2026-09-21 20:03:50 w1 FIL-USD 2026-09: 23972 candles | 98.4% done (27 left)
2026-09-21 20:04:22 w1 ETC-USD 2026-09: 16216 candles | 98.4% done (27 left)
2026-09-21 20:04:54 w1 AAVE-USD 2026-09: 23527 candles | 98.4% done (27 left)
2026-09-21 20:05:26 w1 CRV-USD 2026-09: 19250 candles | 98.4% done (27 left)
2026-09-21 20:05:58 w1 MANA-USD 2026-09: 3844 candles | 98.4% done (27 left)
2026-09-21 20:06:30 w1 ZEC-USD 2026-09: 29996 candles | 98.4% done (27 left)
2026-09-21 20:07:02 w1 COMP-USD 2026-09: 7151 candles | 98.4% done (27 left)
worker done
worker 1/2: 13 months to fetch
2026-09-21 20:15:34 w1 ETH-USD 2026-09: 30015 candles | 98.4% done (27 left)
2026-09-21 20:16:06 w1 ADA-USD 2026-09: 29685 candles | 98.4% done (27 left)
2026-09-21 20:16:39 w1 LINK-USD 2026-09: 29474 candles | 98.4% done (27 left)
2026-09-21 20:17:11 w1 DOT-USD 2026-09: 27438 candles | 98.4% done (27 left)
2026-09-21 20:17:43 w1 ATOM-USD 2026-09: 19079 candles | 98.4% done (27 left)
2026-09-21 20:18:16 w1 BCH-USD 2026-09: 26765 candles | 98.4% done (27 left)
2026-09-21 20:18:48 w1 FIL-USD 2026-09: 23981 candles | 98.4% done (27 left)
2026-09-21 20:19:20 w1 ETC-USD 2026-09: 16223 candles | 98.4% done (27 left)
2026-09-21 20:19:53 w1 AAVE-USD 2026-09: 23542 candles | 98.4% done (27 left)
2026-09-21 20:20:25 w1 CRV-USD 2026-09: 19264 candles | 98.4% done (27 left)
2026-09-21 20:20:56 w1 MANA-USD 2026-09: 3847 candles | 98.4% done (27 left)
2026-09-21 20:21:30 w1 ZEC-USD 2026-09: 30011 candles | 98.4% done (27 left)
2026-09-21 20:22:01 w1 COMP-USD 2026-09: 7154 candles | 98.4% done (27 left)
worker done
worker 1/2: 13 months to fetch
2026-09-21 20:30:34 w1 ETH-USD 2026-09: 30030 candles | 98.4% done (27 left)
2026-09-21 20:31:07 w1 ADA-USD 2026-09: 29700 candles | 98.4% done (27 left)
2026-09-21 20:31:40 w1 LINK-USD 2026-09: 29489 candles | 98.4% done (27 left)
2026-09-21 20:32:12 w1 DOT-USD 2026-09: 27453 candles | 98.4% done (27 left)
2026-09-21 20:32:44 w1 ATOM-USD 2026-09: 19092 candles | 98.4% done (27 left)
2026-09-21 20:33:16 w1 BCH-USD 2026-09: 26780 candles | 98.4% done (27 left)
2026-09-21 20:33:49 w1 FIL-USD 2026-09: 23994 candles | 98.4% done (27 left)
2026-09-21 20:34:20 w1 ETC-USD 2026-09: 16230 candles | 98.4% done (27 left)
2026-09-21 20:34:52 w1 AAVE-USD 2026-09: 23557 candles | 98.4% done (27 left)
2026-09-21 20:35:25 w1 CRV-USD 2026-09: 19277 candles | 98.4% done (27 left)
2026-09-21 20:35:56 w1 MANA-USD 2026-09: 3849 candles | 98.4% done (27 left)
2026-09-21 20:36:29 w1 ZEC-USD 2026-09: 30026 candles | 98.4% done (27 left)
2026-09-21 20:37:00 w1 COMP-USD 2026-09: 7157 candles | 98.4% done (27 left)
worker done
worker 1/2: 13 months to fetch
2026-09-21 20:45:36 w1 ETH-USD 2026-09: 30045 candles | 98.4% done (27 left)
2026-09-21 20:46:08 w1 ADA-USD 2026-09: 29715 candles | 98.4% done (27 left)
2026-09-21 20:46:41 w1 LINK-USD 2026-09: 29504 candles | 98.4% done (27 left)
2026-09-21 20:47:13 w1 DOT-USD 2026-09: 27467 candles | 98.4% done (27 left)
2026-09-21 20:47:45 w1 ATOM-USD 2026-09: 19107 candles | 98.4% done (27 left)
2026-09-21 20:48:17 w1 BCH-USD 2026-09: 26795 candles | 98.4% done (27 left)
2026-09-21 20:48:49 w1 FIL-USD 2026-09: 24006 candles | 98.4% done (27 left)
2026-09-21 20:49:21 w1 ETC-USD 2026-09: 16241 candles | 98.4% done (27 left)
2026-09-21 20:49:53 w1 AAVE-USD 2026-09: 23572 candles | 98.4% done (27 left)
2026-09-21 20:50:25 w1 CRV-USD 2026-09: 19292 candles | 98.4% done (27 left)
2026-09-21 20:50:56 w1 MANA-USD 2026-09: 3850 candles | 98.4% done (27 left)
2026-09-21 20:51:29 w1 ZEC-USD 2026-09: 30041 candles | 98.4% done (27 left)
2026-09-21 20:52:00 w1 COMP-USD 2026-09: 7161 candles | 98.4% done (27 left)
worker done
worker 1/2: 13 months to fetch
2026-09-21 21:00:34 w1 ETH-USD 2026-09: 30060 candles | 98.4% done (27 left)
2026-09-21 21:01:06 w1 ADA-USD 2026-09: 29730 candles | 98.4% done (27 left)
2026-09-21 21:01:39 w1 LINK-USD 2026-09: 29519 candles | 98.4% done (27 left)
2026-09-21 21:02:11 w1 DOT-USD 2026-09: 27481 candles | 98.4% done (27 left)
2026-09-21 21:02:43 w1 ATOM-USD 2026-09: 19117 candles | 98.4% done (27 left)
2026-09-21 21:03:15 w1 BCH-USD 2026-09: 26810 candles | 98.4% done (27 left)
2026-09-21 21:03:47 w1 FIL-USD 2026-09: 24018 candles | 98.4% done (27 left)
2026-09-21 21:04:19 w1 ETC-USD 2026-09: 16251 candles | 98.4% done (27 left)
2026-09-21 21:04:51 w1 AAVE-USD 2026-09: 23586 candles | 98.4% done (27 left)
2026-09-21 21:05:23 w1 CRV-USD 2026-09: 19306 candles | 98.4% done (27 left)
2026-09-21 21:05:54 w1 MANA-USD 2026-09: 3852 candles | 98.4% done (27 left)
2026-09-21 21:06:27 w1 ZEC-USD 2026-09: 30056 candles | 98.4% done (27 left)
2026-09-21 21:07:18 w1 COMP-USD 2026-09: 7163 candles | 98.4% done (27 left)
worker done
worker 1/2: 13 months to fetch
2026-09-21 21:15:34 w1 ETH-USD 2026-09: 30075 candles | 98.4% done (27 left)
2026-09-21 21:16:06 w1 ADA-USD 2026-09: 29745 candles | 98.4% done (27 left)
2026-09-21 21:16:39 w1 LINK-USD 2026-09: 29534 candles | 98.4% done (27 left)
2026-09-21 21:17:11 w1 DOT-USD 2026-09: 27496 candles | 98.4% done (27 left)
2026-09-21 21:17:43 w1 ATOM-USD 2026-09: 19129 candles | 98.4% done (27 left)
2026-09-21 21:18:15 w1 BCH-USD 2026-09: 26825 candles | 98.4% done (27 left)
2026-09-21 21:18:47 w1 FIL-USD 2026-09: 24030 candles | 98.4% done (27 left)
2026-09-21 21:19:19 w1 ETC-USD 2026-09: 16261 candles | 98.4% done (27 left)
2026-09-21 21:19:51 w1 AAVE-USD 2026-09: 23601 candles | 98.4% done (27 left)
2026-09-21 21:20:23 w1 CRV-USD 2026-09: 19318 candles | 98.4% done (27 left)
2026-09-21 21:20:54 w1 MANA-USD 2026-09: 3854 candles | 98.4% done (27 left)
2026-09-21 21:21:27 w1 ZEC-USD 2026-09: 30071 candles | 98.4% done (27 left)
2026-09-21 21:21:58 w1 COMP-USD 2026-09: 7163 candles | 98.4% done (27 left)
worker done
worker 1/2: 13 months to fetch
2026-09-21 21:30:34 w1 ETH-USD 2026-09: 30090 candles | 98.4% done (27 left)
2026-09-21 21:31:06 w1 ADA-USD 2026-09: 29760 candles | 98.4% done (27 left)
2026-09-21 21:31:38 w1 LINK-USD 2026-09: 29549 candles | 98.4% done (27 left)
2026-09-21 21:32:10 w1 DOT-USD 2026-09: 27511 candles | 98.4% done (27 left)
2026-09-21 21:32:41 w1 ATOM-USD 2026-09: 19141 candles | 98.4% done (27 left)
2026-09-21 21:33:13 w1 BCH-USD 2026-09: 26840 candles | 98.4% done (27 left)
2026-09-21 21:33:46 w1 FIL-USD 2026-09: 24038 candles | 98.4% done (27 left)
2026-09-21 21:34:17 w1 ETC-USD 2026-09: 16269 candles | 98.4% done (27 left)
2026-09-21 21:34:49 w1 AAVE-USD 2026-09: 23614 candles | 98.4% done (27 left)
2026-09-21 21:35:21 w1 CRV-USD 2026-09: 19333 candles | 98.4% done (27 left)
2026-09-21 21:35:52 w1 MANA-USD 2026-09: 3857 candles | 98.4% done (27 left)
2026-09-21 21:36:24 w1 ZEC-USD 2026-09: 30086 candles | 98.4% done (27 left)
2026-09-21 21:36:55 w1 COMP-USD 2026-09: 7166 candles | 98.4% done (27 left)
worker done
worker 1/2: 13 months to fetch
2026-09-21 21:45:33 w1 ETH-USD 2026-09: 30105 candles | 98.4% done (27 left)
2026-09-21 21:46:06 w1 ADA-USD 2026-09: 29775 candles | 98.4% done (27 left)
2026-09-21 21:46:38 w1 LINK-USD 2026-09: 29564 candles | 98.4% done (27 left)
2026-09-21 21:47:10 w1 DOT-USD 2026-09: 27524 candles | 98.4% done (27 left)
2026-09-21 21:47:42 w1 ATOM-USD 2026-09: 19149 candles | 98.4% done (27 left)
2026-09-21 21:48:14 w1 BCH-USD 2026-09: 26854 candles | 98.4% done (27 left)
2026-09-21 21:48:46 w1 FIL-USD 2026-09: 24048 candles | 98.4% done (27 left)
2026-09-21 21:49:17 w1 ETC-USD 2026-09: 16275 candles | 98.4% done (27 left)
2026-09-21 21:49:49 w1 AAVE-USD 2026-09: 23627 candles | 98.4% done (27 left)
2026-09-21 21:50:21 w1 CRV-USD 2026-09: 19344 candles | 98.4% done (27 left)
2026-09-21 21:50:52 w1 MANA-USD 2026-09: 3860 candles | 98.4% done (27 left)
2026-09-21 21:51:24 w1 ZEC-USD 2026-09: 30101 candles | 98.4% done (27 left)
2026-09-21 21:51:55 w1 COMP-USD 2026-09: 7169 candles | 98.4% done (27 left)
worker done
worker 1/2: 13 months to fetch
2026-09-21 22:00:33 w1 ETH-USD 2026-09: 30120 candles | 98.4% done (27 left)
2026-09-21 22:01:27 w1 ADA-USD 2026-09: 29790 candles | 98.4% done (27 left)
2026-09-21 22:02:00 w1 LINK-USD 2026-09: 29579 candles | 98.4% done (27 left)
2026-09-21 22:02:33 w1 DOT-USD 2026-09: 27538 candles | 98.4% done (27 left)
2026-09-21 22:03:05 w1 ATOM-USD 2026-09: 19161 candles | 98.4% done (27 left)
2026-09-21 22:03:37 w1 BCH-USD 2026-09: 26870 candles | 98.4% done (27 left)
2026-09-21 22:04:09 w1 FIL-USD 2026-09: 24058 candles | 98.4% done (27 left)
2026-09-21 22:04:40 w1 ETC-USD 2026-09: 16278 candles | 98.4% done (27 left)
2026-09-21 22:05:12 w1 AAVE-USD 2026-09: 23641 candles | 98.4% done (27 left)
2026-09-21 22:05:43 w1 CRV-USD 2026-09: 19356 candles | 98.4% done (27 left)
2026-09-21 22:06:38 w1 MANA-USD 2026-09: 3863 candles | 98.4% done (27 left)
2026-09-21 22:07:11 w1 ZEC-USD 2026-09: 30117 candles | 98.4% done (27 left)
2026-09-21 22:07:43 w1 COMP-USD 2026-09: 7171 candles | 98.4% done (27 left)
worker done
worker 1/2: 13 months to fetch
2026-09-21 22:15:34 w1 ETH-USD 2026-09: 30135 candles | 98.4% done (27 left)
2026-09-21 22:16:08 w1 ADA-USD 2026-09: 29805 candles | 98.4% done (27 left)
2026-09-21 22:16:41 w1 LINK-USD 2026-09: 29594 candles | 98.4% done (27 left)
2026-09-21 22:17:15 w1 DOT-USD 2026-09: 27550 candles | 98.4% done (27 left)
2026-09-21 22:17:48 w1 ATOM-USD 2026-09: 19173 candles | 98.4% done (27 left)
2026-09-21 22:18:22 w1 BCH-USD 2026-09: 26884 candles | 98.4% done (27 left)
2026-09-21 22:18:56 w1 FIL-USD 2026-09: 24072 candles | 98.4% done (27 left)
2026-09-21 22:19:28 w1 ETC-USD 2026-09: 16284 candles | 98.4% done (27 left)
2026-09-21 22:20:02 w1 AAVE-USD 2026-09: 23656 candles | 98.4% done (27 left)
2026-09-21 22:20:35 w1 CRV-USD 2026-09: 19371 candles | 98.4% done (27 left)
2026-09-21 22:21:08 w1 MANA-USD 2026-09: 3867 candles | 98.4% done (27 left)
2026-09-21 22:21:41 w1 ZEC-USD 2026-09: 30132 candles | 98.4% done (27 left)
2026-09-21 22:22:12 w1 COMP-USD 2026-09: 7173 candles | 98.4% done (27 left)
worker done
worker 1/2: 13 months to fetch
2026-09-21 22:30:35 w1 ETH-USD 2026-09: 30150 candles | 98.4% done (27 left)
2026-09-21 22:31:27 w1 ADA-USD 2026-09: 29820 candles | 98.4% done (27 left)
2026-09-21 22:31:59 w1 LINK-USD 2026-09: 29609 candles | 98.4% done (27 left)
2026-09-21 22:32:31 w1 DOT-USD 2026-09: 27565 candles | 98.4% done (27 left)
2026-09-21 22:33:03 w1 ATOM-USD 2026-09: 19186 candles | 98.4% done (27 left)
2026-09-21 22:33:35 w1 BCH-USD 2026-09: 26900 candles | 98.4% done (27 left)
2026-09-21 22:34:07 w1 FIL-USD 2026-09: 24086 candles | 98.4% done (27 left)
2026-09-21 22:34:39 w1 ETC-USD 2026-09: 16293 candles | 98.4% done (27 left)
2026-09-21 22:35:31 w1 AAVE-USD 2026-09: 23670 candles | 98.4% done (27 left)
2026-09-21 22:36:03 w1 CRV-USD 2026-09: 19382 candles | 98.4% done (27 left)
2026-09-21 22:36:54 w1 MANA-USD 2026-09: 3871 candles | 98.4% done (27 left)
2026-09-21 22:37:26 w1 ZEC-USD 2026-09: 30147 candles | 98.4% done (27 left)
2026-09-21 22:37:58 w1 COMP-USD 2026-09: 7174 candles | 98.4% done (27 left)
worker done
worker 1/2: 13 months to fetch
2026-09-21 22:45:33 w1 ETH-USD 2026-09: 30165 candles | 98.4% done (27 left)
2026-09-21 22:46:06 w1 ADA-USD 2026-09: 29835 candles | 98.4% done (27 left)
2026-09-21 22:46:38 w1 LINK-USD 2026-09: 29624 candles | 98.4% done (27 left)
2026-09-21 22:47:10 w1 DOT-USD 2026-09: 27580 candles | 98.4% done (27 left)
2026-09-21 22:47:41 w1 ATOM-USD 2026-09: 19200 candles | 98.4% done (27 left)
2026-09-21 22:48:13 w1 BCH-USD 2026-09: 26914 candles | 98.4% done (27 left)
2026-09-21 22:48:45 w1 FIL-USD 2026-09: 24097 candles | 98.4% done (27 left)
2026-09-21 22:49:16 w1 ETC-USD 2026-09: 16299 candles | 98.4% done (27 left)
2026-09-21 22:49:48 w1 AAVE-USD 2026-09: 23683 candles | 98.4% done (27 left)
2026-09-21 22:50:20 w1 CRV-USD 2026-09: 19388 candles | 98.4% done (27 left)
2026-09-21 22:50:51 w1 MANA-USD 2026-09: 3873 candles | 98.4% done (27 left)
2026-09-21 22:51:24 w1 ZEC-USD 2026-09: 30161 candles | 98.4% done (27 left)
2026-09-21 22:51:54 w1 COMP-USD 2026-09: 7175 candles | 98.4% done (27 left)
worker done
worker 1/2: 13 months to fetch
2026-09-21 23:00:34 w1 ETH-USD 2026-09: 30180 candles | 98.4% done (27 left)
2026-09-21 23:01:07 w1 ADA-USD 2026-09: 29850 candles | 98.4% done (27 left)
2026-09-21 23:01:39 w1 LINK-USD 2026-09: 29639 candles | 98.4% done (27 left)
2026-09-21 23:02:11 w1 DOT-USD 2026-09: 27595 candles | 98.4% done (27 left)
2026-09-21 23:02:43 w1 ATOM-USD 2026-09: 19212 candles | 98.4% done (27 left)
2026-09-21 23:03:15 w1 BCH-USD 2026-09: 26929 candles | 98.4% done (27 left)
2026-09-21 23:03:47 w1 FIL-USD 2026-09: 24110 candles | 98.4% done (27 left)
2026-09-21 23:04:18 w1 ETC-USD 2026-09: 16307 candles | 98.4% done (27 left)
2026-09-21 23:04:50 w1 AAVE-USD 2026-09: 23695 candles | 98.4% done (27 left)
2026-09-21 23:05:22 w1 CRV-USD 2026-09: 19400 candles | 98.4% done (27 left)
2026-09-21 23:05:52 w1 MANA-USD 2026-09: 3876 candles | 98.4% done (27 left)
2026-09-21 23:06:25 w1 ZEC-USD 2026-09: 30176 candles | 98.4% done (27 left)
2026-09-21 23:06:56 w1 COMP-USD 2026-09: 7178 candles | 98.4% done (27 left)
worker done
worker 1/2: 13 months to fetch
2026-09-21 23:15:33 w1 ETH-USD 2026-09: 30195 candles | 98.4% done (27 left)
2026-09-21 23:16:06 w1 ADA-USD 2026-09: 29865 candles | 98.4% done (27 left)
2026-09-21 23:16:38 w1 LINK-USD 2026-09: 29654 candles | 98.4% done (27 left)
2026-09-21 23:17:10 w1 DOT-USD 2026-09: 27610 candles | 98.4% done (27 left)
2026-09-21 23:17:41 w1 ATOM-USD 2026-09: 19224 candles | 98.4% done (27 left)
2026-09-21 23:18:13 w1 BCH-USD 2026-09: 26944 candles | 98.4% done (27 left)
2026-09-21 23:18:45 w1 FIL-USD 2026-09: 24118 candles | 98.4% done (27 left)
2026-09-21 23:19:16 w1 ETC-USD 2026-09: 16312 candles | 98.4% done (27 left)
2026-09-21 23:19:48 w1 AAVE-USD 2026-09: 23708 candles | 98.4% done (27 left)
2026-09-21 23:20:20 w1 CRV-USD 2026-09: 19413 candles | 98.4% done (27 left)
2026-09-21 23:20:51 w1 MANA-USD 2026-09: 3880 candles | 98.4% done (27 left)
2026-09-21 23:21:23 w1 ZEC-USD 2026-09: 30191 candles | 98.4% done (27 left)
2026-09-21 23:21:54 w1 COMP-USD 2026-09: 7182 candles | 98.4% done (27 left)
worker done
worker 1/2: 13 months to fetch
2026-09-21 23:30:33 w1 ETH-USD 2026-09: 30210 candles | 98.4% done (27 left)
2026-09-21 23:31:06 w1 ADA-USD 2026-09: 29880 candles | 98.4% done (27 left)
2026-09-21 23:31:38 w1 LINK-USD 2026-09: 29669 candles | 98.4% done (27 left)
2026-09-21 23:32:10 w1 DOT-USD 2026-09: 27625 candles | 98.4% done (27 left)
2026-09-21 23:32:42 w1 ATOM-USD 2026-09: 19236 candles | 98.4% done (27 left)
2026-09-21 23:33:14 w1 BCH-USD 2026-09: 26959 candles | 98.4% done (27 left)
2026-09-21 23:33:46 w1 FIL-USD 2026-09: 24133 candles | 98.4% done (27 left)
2026-09-21 23:34:17 w1 ETC-USD 2026-09: 16318 candles | 98.4% done (27 left)
2026-09-21 23:34:50 w1 AAVE-USD 2026-09: 23718 candles | 98.4% done (27 left)
2026-09-21 23:35:22 w1 CRV-USD 2026-09: 19426 candles | 98.4% done (27 left)
2026-09-21 23:35:53 w1 MANA-USD 2026-09: 3881 candles | 98.4% done (27 left)
2026-09-21 23:36:26 w1 ZEC-USD 2026-09: 30206 candles | 98.4% done (27 left)
2026-09-21 23:36:57 w1 COMP-USD 2026-09: 7187 candles | 98.4% done (27 left)
worker done
worker 1/2: 13 months to fetch
2026-09-21 23:45:34 w1 ETH-USD 2026-09: 30225 candles | 98.4% done (27 left)
2026-09-21 23:46:06 w1 ADA-USD 2026-09: 29895 candles | 98.4% done (27 left)
2026-09-21 23:46:38 w1 LINK-USD 2026-09: 29683 candles | 98.4% done (27 left)
2026-09-21 23:47:10 w1 DOT-USD 2026-09: 27640 candles | 98.4% done (27 left)
2026-09-21 23:47:42 w1 ATOM-USD 2026-09: 19245 candles | 98.4% done (27 left)
2026-09-21 23:48:14 w1 BCH-USD 2026-09: 26973 candles | 98.4% done (27 left)
2026-09-21 23:48:46 w1 FIL-USD 2026-09: 24142 candles | 98.4% done (27 left)
2026-09-21 23:49:17 w1 ETC-USD 2026-09: 16324 candles | 98.4% done (27 left)
2026-09-21 23:49:49 w1 AAVE-USD 2026-09: 23731 candles | 98.4% done (27 left)
2026-09-21 23:50:20 w1 CRV-USD 2026-09: 19433 candles | 98.4% done (27 left)
2026-09-21 23:50:51 w1 MANA-USD 2026-09: 3883 candles | 98.4% done (27 left)
2026-09-21 23:51:24 w1 ZEC-USD 2026-09: 30221 candles | 98.4% done (27 left)
2026-09-21 23:51:55 w1 COMP-USD 2026-09: 7189 candles | 98.4% done (27 left)
worker done
worker 1/2: 13 months to fetch
2026-09-22 00:00:34 w1 ETH-USD 2026-09: 30240 candles | 98.4% done (27 left)
2026-09-22 00:01:07 w1 ADA-USD 2026-09: 29910 candles | 98.4% done (27 left)
2026-09-22 00:01:40 w1 LINK-USD 2026-09: 29698 candles | 98.4% done (27 left)
2026-09-22 00:02:13 w1 DOT-USD 2026-09: 27654 candles | 98.4% done (27 left)
2026-09-22 00:02:45 w1 ATOM-USD 2026-09: 19256 candles | 98.4% done (27 left)
2026-09-22 00:03:17 w1 BCH-USD 2026-09: 26986 candles | 98.4% done (27 left)
2026-09-22 00:03:49 w1 FIL-USD 2026-09: 24154 candles | 98.4% done (27 left)
2026-09-22 00:04:21 w1 ETC-USD 2026-09: 16329 candles | 98.4% done (27 left)
2026-09-22 00:04:53 w1 AAVE-USD 2026-09: 23746 candles | 98.4% done (27 left)
2026-09-22 00:05:24 w1 CRV-USD 2026-09: 19438 candles | 98.4% done (27 left)
2026-09-22 00:05:55 w1 MANA-USD 2026-09: 3886 candles | 98.4% done (27 left)
2026-09-22 00:06:28 w1 ZEC-USD 2026-09: 30236 candles | 98.4% done (27 left)
2026-09-22 00:07:00 w1 COMP-USD 2026-09: 7192 candles | 98.4% done (27 left)
worker done
worker 1/2: 13 months to fetch
2026-09-22 00:15:34 w1 ETH-USD 2026-09: 30255 candles | 98.4% done (27 left)
2026-09-22 00:16:06 w1 ADA-USD 2026-09: 29925 candles | 98.4% done (27 left)
2026-09-22 00:16:38 w1 LINK-USD 2026-09: 29713 candles | 98.4% done (27 left)
2026-09-22 00:17:10 w1 DOT-USD 2026-09: 27668 candles | 98.4% done (27 left)
2026-09-22 00:17:42 w1 ATOM-USD 2026-09: 19266 candles | 98.4% done (27 left)
2026-09-22 00:18:14 w1 BCH-USD 2026-09: 27001 candles | 98.4% done (27 left)
2026-09-22 00:18:46 w1 FIL-USD 2026-09: 24164 candles | 98.4% done (27 left)
2026-09-22 00:19:17 w1 ETC-USD 2026-09: 16339 candles | 98.4% done (27 left)
2026-09-22 00:19:48 w1 AAVE-USD 2026-09: 23760 candles | 98.4% done (27 left)
2026-09-22 00:20:20 w1 CRV-USD 2026-09: 19449 candles | 98.4% done (27 left)
2026-09-22 00:20:51 w1 MANA-USD 2026-09: 3890 candles | 98.4% done (27 left)
2026-09-22 00:21:24 w1 ZEC-USD 2026-09: 30251 candles | 98.4% done (27 left)
2026-09-22 00:21:55 w1 COMP-USD 2026-09: 7193 candles | 98.4% done (27 left)
worker done
worker 1/2: 13 months to fetch
2026-09-22 00:30:33 w1 ETH-USD 2026-09: 30270 candles | 98.4% done (27 left)
2026-09-22 00:31:07 w1 ADA-USD 2026-09: 29940 candles | 98.4% done (27 left)
2026-09-22 00:31:39 w1 LINK-USD 2026-09: 29728 candles | 98.4% done (27 left)
2026-09-22 00:32:11 w1 DOT-USD 2026-09: 27683 candles | 98.4% done (27 left)
2026-09-22 00:32:43 w1 ATOM-USD 2026-09: 19275 candles | 98.4% done (27 left)
2026-09-22 00:33:15 w1 BCH-USD 2026-09: 27016 candles | 98.4% done (27 left)
2026-09-22 00:33:47 w1 FIL-USD 2026-09: 24175 candles | 98.4% done (27 left)
2026-09-22 00:34:19 w1 ETC-USD 2026-09: 16352 candles | 98.4% done (27 left)
2026-09-22 00:35:11 w1 AAVE-USD 2026-09: 23772 candles | 98.4% done (27 left)
2026-09-22 00:35:42 w1 CRV-USD 2026-09: 19454 candles | 98.4% done (27 left)
2026-09-22 00:36:13 w1 MANA-USD 2026-09: 3892 candles | 98.4% done (27 left)
2026-09-22 00:36:46 w1 ZEC-USD 2026-09: 30267 candles | 98.4% done (27 left)
2026-09-22 00:37:17 w1 COMP-USD 2026-09: 7200 candles | 98.4% done (27 left)
worker done
worker 1/2: 13 months to fetch
2026-09-22 00:45:34 w1 ETH-USD 2026-09: 30285 candles | 98.4% done (27 left)
2026-09-22 00:46:07 w1 ADA-USD 2026-09: 29955 candles | 98.4% done (27 left)
2026-09-22 00:46:59 w1 LINK-USD 2026-09: 29743 candles | 98.4% done (27 left)
2026-09-22 00:47:31 w1 DOT-USD 2026-09: 27698 candles | 98.4% done (27 left)
2026-09-22 00:48:03 w1 ATOM-USD 2026-09: 19282 candles | 98.4% done (27 left)
2026-09-22 00:48:35 w1 BCH-USD 2026-09: 27031 candles | 98.4% done (27 left)
2026-09-22 00:49:07 w1 FIL-USD 2026-09: 24190 candles | 98.4% done (27 left)
2026-09-22 00:49:39 w1 ETC-USD 2026-09: 16362 candles | 98.4% done (27 left)
2026-09-22 00:50:11 w1 AAVE-USD 2026-09: 23786 candles | 98.4% done (27 left)
2026-09-22 00:50:43 w1 CRV-USD 2026-09: 19461 candles | 98.4% done (27 left)
2026-09-22 00:51:14 w1 MANA-USD 2026-09: 3895 candles | 98.4% done (27 left)
2026-09-22 00:51:47 w1 ZEC-USD 2026-09: 30282 candles | 98.4% done (27 left)
2026-09-22 00:52:18 w1 COMP-USD 2026-09: 7206 candles | 98.4% done (27 left)
worker done
worker 1/2: 13 months to fetch
2026-09-22 01:00:34 w1 ETH-USD 2026-09: 30300 candles | 98.4% done (27 left)
2026-09-22 01:01:07 w1 ADA-USD 2026-09: 29970 candles | 98.4% done (27 left)
2026-09-22 01:01:39 w1 LINK-USD 2026-09: 29758 candles | 98.4% done (27 left)
2026-09-22 01:02:12 w1 DOT-USD 2026-09: 27713 candles | 98.4% done (27 left)
2026-09-22 01:02:44 w1 ATOM-USD 2026-09: 19291 candles | 98.4% done (27 left)
2026-09-22 01:03:17 w1 BCH-USD 2026-09: 27045 candles | 98.4% done (27 left)
2026-09-22 01:03:49 w1 FIL-USD 2026-09: 24205 candles | 98.4% done (27 left)
2026-09-22 01:04:21 w1 ETC-USD 2026-09: 16372 candles | 98.4% done (27 left)
2026-09-22 01:04:53 w1 AAVE-USD 2026-09: 23801 candles | 98.4% done (27 left)
2026-09-22 01:05:26 w1 CRV-USD 2026-09: 19470 candles | 98.4% done (27 left)
2026-09-22 01:05:57 w1 MANA-USD 2026-09: 3900 candles | 98.4% done (27 left)
2026-09-22 01:06:30 w1 ZEC-USD 2026-09: 30296 candles | 98.4% done (27 left)
2026-09-22 01:07:02 w1 COMP-USD 2026-09: 7209 candles | 98.4% done (27 left)
worker done
worker 1/2: 13 months to fetch
2026-09-22 01:15:34 w1 ETH-USD 2026-09: 30315 candles | 98.4% done (27 left)
2026-09-22 01:16:07 w1 ADA-USD 2026-09: 29985 candles | 98.4% done (27 left)
2026-09-22 01:16:39 w1 LINK-USD 2026-09: 29773 candles | 98.4% done (27 left)
2026-09-22 01:17:11 w1 DOT-USD 2026-09: 27728 candles | 98.4% done (27 left)
2026-09-22 01:17:44 w1 ATOM-USD 2026-09: 19297 candles | 98.4% done (27 left)
2026-09-22 01:18:16 w1 BCH-USD 2026-09: 27060 candles | 98.4% done (27 left)
2026-09-22 01:18:48 w1 FIL-USD 2026-09: 24220 candles | 98.4% done (27 left)
2026-09-22 01:19:20 w1 ETC-USD 2026-09: 16379 candles | 98.4% done (27 left)
2026-09-22 01:19:52 w1 AAVE-USD 2026-09: 23816 candles | 98.4% done (27 left)
2026-09-22 01:20:24 w1 CRV-USD 2026-09: 19485 candles | 98.4% done (27 left)
2026-09-22 01:20:56 w1 MANA-USD 2026-09: 3905 candles | 98.4% done (27 left)
2026-09-22 01:21:29 w1 ZEC-USD 2026-09: 30311 candles | 98.4% done (27 left)
2026-09-22 01:22:01 w1 COMP-USD 2026-09: 7212 candles | 98.4% done (27 left)
worker done
worker 1/2: 13 months to fetch
2026-09-22 01:30:35 w1 ETH-USD 2026-09: 30330 candles | 98.4% done (27 left)
2026-09-22 01:31:08 w1 ADA-USD 2026-09: 30000 candles | 98.4% done (27 left)
2026-09-22 01:32:01 w1 LINK-USD 2026-09: 29788 candles | 98.4% done (27 left)
2026-09-22 01:32:33 w1 DOT-USD 2026-09: 27744 candles | 98.4% done (27 left)
2026-09-22 01:33:05 w1 ATOM-USD 2026-09: 19306 candles | 98.4% done (27 left)
2026-09-22 01:33:37 w1 BCH-USD 2026-09: 27076 candles | 98.4% done (27 left)
2026-09-22 01:34:10 w1 FIL-USD 2026-09: 24235 candles | 98.4% done (27 left)
2026-09-22 01:34:42 w1 ETC-USD 2026-09: 16386 candles | 98.4% done (27 left)
2026-09-22 01:35:14 w1 AAVE-USD 2026-09: 23831 candles | 98.4% done (27 left)
2026-09-22 01:35:46 w1 CRV-USD 2026-09: 19499 candles | 98.4% done (27 left)
2026-09-22 01:36:17 w1 MANA-USD 2026-09: 3909 candles | 98.4% done (27 left)
2026-09-22 01:36:50 w1 ZEC-USD 2026-09: 30327 candles | 98.4% done (27 left)
2026-09-22 01:37:21 w1 COMP-USD 2026-09: 7216 candles | 98.4% done (27 left)
worker done
worker 1/2: 13 months to fetch
2026-09-22 01:45:34 w1 ETH-USD 2026-09: 30345 candles | 98.4% done (27 left)
2026-09-22 01:46:07 w1 ADA-USD 2026-09: 30015 candles | 98.4% done (27 left)
2026-09-22 01:46:39 w1 LINK-USD 2026-09: 29803 candles | 98.4% done (27 left)
2026-09-22 01:47:12 w1 DOT-USD 2026-09: 27758 candles | 98.4% done (27 left)
2026-09-22 01:47:44 w1 ATOM-USD 2026-09: 19315 candles | 98.4% done (27 left)
2026-09-22 01:48:17 w1 BCH-USD 2026-09: 27090 candles | 98.4% done (27 left)
2026-09-22 01:48:49 w1 FIL-USD 2026-09: 24250 candles | 98.4% done (27 left)
2026-09-22 01:49:20 w1 ETC-USD 2026-09: 16389 candles | 98.4% done (27 left)
2026-09-22 01:49:52 w1 AAVE-USD 2026-09: 23845 candles | 98.4% done (27 left)
2026-09-22 01:50:24 w1 CRV-USD 2026-09: 19508 candles | 98.4% done (27 left)
2026-09-22 01:50:55 w1 MANA-USD 2026-09: 3914 candles | 98.4% done (27 left)
2026-09-22 01:51:28 w1 ZEC-USD 2026-09: 30341 candles | 98.4% done (27 left)
2026-09-22 01:51:59 w1 COMP-USD 2026-09: 7219 candles | 98.4% done (27 left)
worker done
worker 1/2: 13 months to fetch
2026-09-22 02:00:34 w1 ETH-USD 2026-09: 30360 candles | 98.4% done (27 left)
2026-09-22 02:01:08 w1 ADA-USD 2026-09: 30030 candles | 98.4% done (27 left)
2026-09-22 02:01:41 w1 LINK-USD 2026-09: 29818 candles | 98.4% done (27 left)
2026-09-22 02:02:14 w1 DOT-USD 2026-09: 27773 candles | 98.4% done (27 left)
2026-09-22 02:02:50 w1 ATOM-USD 2026-09: 19324 candles | 98.4% done (27 left)
2026-09-22 02:03:22 w1 BCH-USD 2026-09: 27104 candles | 98.4% done (27 left)
2026-09-22 02:03:54 w1 FIL-USD 2026-09: 24264 candles | 98.4% done (27 left)
2026-09-22 02:04:26 w1 ETC-USD 2026-09: 16393 candles | 98.4% done (27 left)
2026-09-22 02:04:58 w1 AAVE-USD 2026-09: 23860 candles | 98.4% done (27 left)
2026-09-22 02:05:30 w1 CRV-USD 2026-09: 19520 candles | 98.4% done (27 left)
2026-09-22 02:06:01 w1 MANA-USD 2026-09: 3918 candles | 98.4% done (27 left)
2026-09-22 02:06:34 w1 ZEC-USD 2026-09: 30357 candles | 98.4% done (27 left)
2026-09-22 02:07:05 w1 COMP-USD 2026-09: 7223 candles | 98.4% done (27 left)
worker done
worker 1/2: 13 months to fetch
2026-09-22 02:15:34 w1 ETH-USD 2026-09: 30375 candles | 98.4% done (27 left)
2026-09-22 02:16:06 w1 ADA-USD 2026-09: 30045 candles | 98.4% done (27 left)
2026-09-22 02:16:39 w1 LINK-USD 2026-09: 29833 candles | 98.4% done (27 left)
2026-09-22 02:17:11 w1 DOT-USD 2026-09: 27788 candles | 98.4% done (27 left)
2026-09-22 02:17:43 w1 ATOM-USD 2026-09: 19335 candles | 98.4% done (27 left)
2026-09-22 02:18:15 w1 BCH-USD 2026-09: 27119 candles | 98.4% done (27 left)
2026-09-22 02:18:47 w1 FIL-USD 2026-09: 24279 candles | 98.4% done (27 left)
2026-09-22 02:19:19 w1 ETC-USD 2026-09: 16399 candles | 98.4% done (27 left)
2026-09-22 02:19:51 w1 AAVE-USD 2026-09: 23875 candles | 98.4% done (27 left)
2026-09-22 02:20:24 w1 CRV-USD 2026-09: 19534 candles | 98.4% done (27 left)
2026-09-22 02:20:55 w1 MANA-USD 2026-09: 3923 candles | 98.4% done (27 left)
2026-09-22 02:21:28 w1 ZEC-USD 2026-09: 30371 candles | 98.4% done (27 left)
2026-09-22 02:21:59 w1 COMP-USD 2026-09: 7226 candles | 98.4% done (27 left)
worker done
worker 1/2: 13 months to fetch
2026-09-22 02:30:34 w1 ETH-USD 2026-09: 30390 candles | 98.4% done (27 left)
2026-09-22 02:31:06 w1 ADA-USD 2026-09: 30060 candles | 98.4% done (27 left)
2026-09-22 02:31:38 w1 LINK-USD 2026-09: 29848 candles | 98.4% done (27 left)
2026-09-22 02:32:10 w1 DOT-USD 2026-09: 27803 candles | 98.4% done (27 left)
2026-09-22 02:32:41 w1 ATOM-USD 2026-09: 19341 candles | 98.4% done (27 left)
2026-09-22 02:33:13 w1 BCH-USD 2026-09: 27134 candles | 98.4% done (27 left)
2026-09-22 02:33:45 w1 FIL-USD 2026-09: 24292 candles | 98.4% done (27 left)
2026-09-22 02:34:16 w1 ETC-USD 2026-09: 16404 candles | 98.4% done (27 left)
2026-09-22 02:34:48 w1 AAVE-USD 2026-09: 23889 candles | 98.4% done (27 left)
2026-09-22 02:35:20 w1 CRV-USD 2026-09: 19542 candles | 98.4% done (27 left)
2026-09-22 02:35:51 w1 MANA-USD 2026-09: 3930 candles | 98.4% done (27 left)
2026-09-22 02:36:24 w1 ZEC-USD 2026-09: 30386 candles | 98.4% done (27 left)
2026-09-22 02:36:55 w1 COMP-USD 2026-09: 7233 candles | 98.4% done (27 left)
worker done
worker 1/2: 13 months to fetch
2026-09-22 02:45:33 w1 ETH-USD 2026-09: 30405 candles | 98.4% done (27 left)
2026-09-22 02:46:06 w1 ADA-USD 2026-09: 30075 candles | 98.4% done (27 left)
2026-09-22 02:46:38 w1 LINK-USD 2026-09: 29863 candles | 98.4% done (27 left)
2026-09-22 02:47:10 w1 DOT-USD 2026-09: 27818 candles | 98.4% done (27 left)
2026-09-22 02:47:41 w1 ATOM-USD 2026-09: 19349 candles | 98.4% done (27 left)
2026-09-22 02:48:13 w1 BCH-USD 2026-09: 27148 candles | 98.4% done (27 left)
2026-09-22 02:48:45 w1 FIL-USD 2026-09: 24306 candles | 98.4% done (27 left)
2026-09-22 02:49:16 w1 ETC-USD 2026-09: 16409 candles | 98.4% done (27 left)
2026-09-22 02:49:48 w1 AAVE-USD 2026-09: 23903 candles | 98.4% done (27 left)
2026-09-22 02:50:19 w1 CRV-USD 2026-09: 19553 candles | 98.4% done (27 left)
2026-09-22 02:50:50 w1 MANA-USD 2026-09: 3935 candles | 98.4% done (27 left)
2026-09-22 02:51:24 w1 ZEC-USD 2026-09: 30401 candles | 98.4% done (27 left)
2026-09-22 02:51:55 w1 COMP-USD 2026-09: 7238 candles | 98.4% done (27 left)
worker done
worker 1/2: 13 months to fetch
2026-09-22 03:00:33 w1 ETH-USD 2026-09: 30420 candles | 98.4% done (27 left)
2026-09-22 03:01:05 w1 ADA-USD 2026-09: 30090 candles | 98.4% done (27 left)
2026-09-22 03:01:42 w1 LINK-USD 2026-09: 29878 candles | 98.4% done (27 left)
2026-09-22 03:02:14 w1 DOT-USD 2026-09: 27832 candles | 98.4% done (27 left)
2026-09-22 03:02:45 w1 ATOM-USD 2026-09: 19357 candles | 98.4% done (27 left)
2026-09-22 03:03:17 w1 BCH-USD 2026-09: 27163 candles | 98.4% done (27 left)
2026-09-22 03:03:49 w1 FIL-USD 2026-09: 24321 candles | 98.4% done (27 left)
2026-09-22 03:04:20 w1 ETC-USD 2026-09: 16415 candles | 98.4% done (27 left)
2026-09-22 03:04:52 w1 AAVE-USD 2026-09: 23918 candles | 98.4% done (27 left)
2026-09-22 03:05:23 w1 CRV-USD 2026-09: 19567 candles | 98.4% done (27 left)
2026-09-22 03:05:54 w1 MANA-USD 2026-09: 3940 candles | 98.4% done (27 left)
2026-09-22 03:06:26 w1 ZEC-USD 2026-09: 30416 candles | 98.4% done (27 left)
2026-09-22 03:06:57 w1 COMP-USD 2026-09: 7241 candles | 98.4% done (27 left)
worker done
worker 1/2: 13 months to fetch
2026-09-22 03:15:33 w1 ETH-USD 2026-09: 30435 candles | 98.4% done (27 left)
2026-09-22 03:16:05 w1 ADA-USD 2026-09: 30105 candles | 98.4% done (27 left)
2026-09-22 03:16:37 w1 LINK-USD 2026-09: 29893 candles | 98.4% done (27 left)
2026-09-22 03:17:08 w1 DOT-USD 2026-09: 27847 candles | 98.4% done (27 left)
2026-09-22 03:17:40 w1 ATOM-USD 2026-09: 19362 candles | 98.4% done (27 left)
2026-09-22 03:18:12 w1 BCH-USD 2026-09: 27178 candles | 98.4% done (27 left)
2026-09-22 03:18:43 w1 FIL-USD 2026-09: 24336 candles | 98.4% done (27 left)
2026-09-22 03:19:14 w1 ETC-USD 2026-09: 16428 candles | 98.4% done (27 left)
2026-09-22 03:19:45 w1 AAVE-USD 2026-09: 23933 candles | 98.4% done (27 left)
2026-09-22 03:20:16 w1 CRV-USD 2026-09: 19579 candles | 98.4% done (27 left)
2026-09-22 03:20:47 w1 MANA-USD 2026-09: 3947 candles | 98.4% done (27 left)
2026-09-22 03:21:19 w1 ZEC-USD 2026-09: 30431 candles | 98.4% done (27 left)
2026-09-22 03:21:50 w1 COMP-USD 2026-09: 7244 candles | 98.4% done (27 left)
worker done
worker 1/2: 13 months to fetch
2026-09-22 03:30:33 w1 ETH-USD 2026-09: 30450 candles | 98.4% done (27 left)
2026-09-22 03:31:05 w1 ADA-USD 2026-09: 30120 candles | 98.4% done (27 left)
2026-09-22 03:31:37 w1 LINK-USD 2026-09: 29908 candles | 98.4% done (27 left)
2026-09-22 03:32:09 w1 DOT-USD 2026-09: 27862 candles | 98.4% done (27 left)
2026-09-22 03:32:40 w1 ATOM-USD 2026-09: 19370 candles | 98.4% done (27 left)
2026-09-22 03:33:12 w1 BCH-USD 2026-09: 27193 candles | 98.4% done (27 left)
2026-09-22 03:33:43 w1 FIL-USD 2026-09: 24351 candles | 98.4% done (27 left)
2026-09-22 03:34:14 w1 ETC-USD 2026-09: 16432 candles | 98.4% done (27 left)
2026-09-22 03:34:46 w1 AAVE-USD 2026-09: 23948 candles | 98.4% done (27 left)
2026-09-22 03:35:17 w1 CRV-USD 2026-09: 19592 candles | 98.4% done (27 left)
2026-09-22 03:35:47 w1 MANA-USD 2026-09: 3952 candles | 98.4% done (27 left)
2026-09-22 03:36:20 w1 ZEC-USD 2026-09: 30446 candles | 98.4% done (27 left)
2026-09-22 03:36:50 w1 COMP-USD 2026-09: 7247 candles | 98.4% done (27 left)
worker done
worker 1/2: 13 months to fetch
2026-09-22 03:45:33 w1 ETH-USD 2026-09: 30465 candles | 98.4% done (27 left)
2026-09-22 03:46:05 w1 ADA-USD 2026-09: 30135 candles | 98.4% done (27 left)
2026-09-22 03:46:37 w1 LINK-USD 2026-09: 29923 candles | 98.4% done (27 left)
2026-09-22 03:47:09 w1 DOT-USD 2026-09: 27877 candles | 98.4% done (27 left)
2026-09-22 03:47:43 w1 ATOM-USD 2026-09: 19377 candles | 98.4% done (27 left)
2026-09-22 03:48:15 w1 BCH-USD 2026-09: 27208 candles | 98.4% done (27 left)
2026-09-22 03:48:46 w1 FIL-USD 2026-09: 24364 candles | 98.4% done (27 left)
2026-09-22 03:49:17 w1 ETC-USD 2026-09: 16436 candles | 98.4% done (27 left)
2026-09-22 03:49:48 w1 AAVE-USD 2026-09: 23959 candles | 98.4% done (27 left)
2026-09-22 03:50:19 w1 CRV-USD 2026-09: 19599 candles | 98.4% done (27 left)
2026-09-22 03:50:50 w1 MANA-USD 2026-09: 3953 candles | 98.4% done (27 left)
2026-09-22 03:51:22 w1 ZEC-USD 2026-09: 30461 candles | 98.4% done (27 left)
2026-09-22 03:51:52 w1 COMP-USD 2026-09: 7249 candles | 98.4% done (27 left)
worker done
worker 1/2: 13 months to fetch
2026-09-22 04:00:33 w1 ETH-USD 2026-09: 30480 candles | 98.4% done (27 left)
2026-09-22 04:01:04 w1 ADA-USD 2026-09: 30150 candles | 98.4% done (27 left)
2026-09-22 04:01:36 w1 LINK-USD 2026-09: 29938 candles | 98.4% done (27 left)
2026-09-22 04:02:07 w1 DOT-USD 2026-09: 27891 candles | 98.4% done (27 left)
2026-09-22 04:02:39 w1 ATOM-USD 2026-09: 19383 candles | 98.4% done (27 left)
2026-09-22 04:03:10 w1 BCH-USD 2026-09: 27223 candles | 98.4% done (27 left)
2026-09-22 04:03:42 w1 FIL-USD 2026-09: 24376 candles | 98.4% done (27 left)
2026-09-22 04:04:12 w1 ETC-USD 2026-09: 16439 candles | 98.4% done (27 left)
2026-09-22 04:04:43 w1 AAVE-USD 2026-09: 23973 candles | 98.4% done (27 left)
2026-09-22 04:05:14 w1 CRV-USD 2026-09: 19607 candles | 98.4% done (27 left)
2026-09-22 04:05:44 w1 MANA-USD 2026-09: 3958 candles | 98.4% done (27 left)
2026-09-22 04:06:17 w1 ZEC-USD 2026-09: 30476 candles | 98.4% done (27 left)
2026-09-22 04:06:48 w1 COMP-USD 2026-09: 7255 candles | 98.4% done (27 left)
worker done
worker 1/2: 13 months to fetch
2026-09-22 04:15:32 w1 ETH-USD 2026-09: 30495 candles | 98.4% done (27 left)
2026-09-22 04:16:04 w1 ADA-USD 2026-09: 30165 candles | 98.4% done (27 left)
2026-09-22 04:16:36 w1 LINK-USD 2026-09: 29953 candles | 98.4% done (27 left)
2026-09-22 04:17:07 w1 DOT-USD 2026-09: 27905 candles | 98.4% done (27 left)
2026-09-22 04:17:38 w1 ATOM-USD 2026-09: 19391 candles | 98.4% done (27 left)
2026-09-22 04:18:10 w1 BCH-USD 2026-09: 27238 candles | 98.4% done (27 left)
2026-09-22 04:18:42 w1 FIL-USD 2026-09: 24389 candles | 98.4% done (27 left)
2026-09-22 04:19:12 w1 ETC-USD 2026-09: 16448 candles | 98.4% done (27 left)
2026-09-22 04:19:44 w1 AAVE-USD 2026-09: 23987 candles | 98.4% done (27 left)
2026-09-22 04:20:15 w1 CRV-USD 2026-09: 19616 candles | 98.4% done (27 left)
2026-09-22 04:20:45 w1 MANA-USD 2026-09: 3964 candles | 98.4% done (27 left)
2026-09-22 04:21:17 w1 ZEC-USD 2026-09: 30491 candles | 98.4% done (27 left)
2026-09-22 04:21:47 w1 COMP-USD 2026-09: 7259 candles | 98.4% done (27 left)
worker done
worker 1/2: 13 months to fetch
2026-09-22 04:30:33 w1 ETH-USD 2026-09: 30510 candles | 98.4% done (27 left)
2026-09-22 04:31:05 w1 ADA-USD 2026-09: 30180 candles | 98.4% done (27 left)
2026-09-22 04:31:36 w1 LINK-USD 2026-09: 29968 candles | 98.4% done (27 left)
2026-09-22 04:32:07 w1 DOT-USD 2026-09: 27920 candles | 98.4% done (27 left)
2026-09-22 04:32:38 w1 ATOM-USD 2026-09: 19399 candles | 98.4% done (27 left)
2026-09-22 04:33:10 w1 BCH-USD 2026-09: 27253 candles | 98.4% done (27 left)
2026-09-22 04:33:41 w1 FIL-USD 2026-09: 24404 candles | 98.4% done (27 left)
2026-09-22 04:34:12 w1 ETC-USD 2026-09: 16460 candles | 98.4% done (27 left)
2026-09-22 04:34:43 w1 AAVE-USD 2026-09: 24001 candles | 98.4% done (27 left)
2026-09-22 04:35:14 w1 CRV-USD 2026-09: 19625 candles | 98.4% done (27 left)
2026-09-22 04:35:45 w1 MANA-USD 2026-09: 3972 candles | 98.4% done (27 left)
2026-09-22 04:36:16 w1 ZEC-USD 2026-09: 30506 candles | 98.4% done (27 left)
2026-09-22 04:36:47 w1 COMP-USD 2026-09: 7264 candles | 98.4% done (27 left)
worker done
worker 1/2: 13 months to fetch
2026-09-22 04:45:33 w1 ETH-USD 2026-09: 30525 candles | 98.4% done (27 left)
2026-09-22 04:46:04 w1 ADA-USD 2026-09: 30195 candles | 98.4% done (27 left)
2026-09-22 04:46:35 w1 LINK-USD 2026-09: 29983 candles | 98.4% done (27 left)
2026-09-22 04:47:07 w1 DOT-USD 2026-09: 27935 candles | 98.4% done (27 left)
2026-09-22 04:47:37 w1 ATOM-USD 2026-09: 19408 candles | 98.4% done (27 left)
2026-09-22 04:48:09 w1 BCH-USD 2026-09: 27268 candles | 98.4% done (27 left)
2026-09-22 04:48:40 w1 FIL-USD 2026-09: 24419 candles | 98.4% done (27 left)
2026-09-22 04:49:11 w1 ETC-USD 2026-09: 16471 candles | 98.4% done (27 left)
2026-09-22 04:49:42 w1 AAVE-USD 2026-09: 24015 candles | 98.4% done (27 left)
2026-09-22 04:50:13 w1 CRV-USD 2026-09: 19636 candles | 98.4% done (27 left)
2026-09-22 04:50:43 w1 MANA-USD 2026-09: 3975 candles | 98.4% done (27 left)
2026-09-22 04:51:15 w1 ZEC-USD 2026-09: 30521 candles | 98.4% done (27 left)
2026-09-22 04:51:45 w1 COMP-USD 2026-09: 7267 candles | 98.4% done (27 left)
worker done
worker 1/2: 13 months to fetch
2026-09-22 05:00:33 w1 ETH-USD 2026-09: 30540 candles | 98.4% done (27 left)
2026-09-22 05:01:05 w1 ADA-USD 2026-09: 30210 candles | 98.4% done (27 left)
2026-09-22 05:01:36 w1 LINK-USD 2026-09: 29998 candles | 98.4% done (27 left)
2026-09-22 05:02:07 w1 DOT-USD 2026-09: 27949 candles | 98.4% done (27 left)
2026-09-22 05:02:38 w1 ATOM-USD 2026-09: 19417 candles | 98.4% done (27 left)
2026-09-22 05:03:10 w1 BCH-USD 2026-09: 27283 candles | 98.4% done (27 left)
2026-09-22 05:03:41 w1 FIL-USD 2026-09: 24434 candles | 98.4% done (27 left)
2026-09-22 05:04:11 w1 ETC-USD 2026-09: 16480 candles | 98.4% done (27 left)
2026-09-22 05:04:43 w1 AAVE-USD 2026-09: 24030 candles | 98.4% done (27 left)
2026-09-22 05:05:14 w1 CRV-USD 2026-09: 19647 candles | 98.4% done (27 left)
2026-09-22 05:05:43 w1 MANA-USD 2026-09: 3978 candles | 98.4% done (27 left)
2026-09-22 05:06:15 w1 ZEC-USD 2026-09: 30536 candles | 98.4% done (27 left)
2026-09-22 05:06:46 w1 COMP-USD 2026-09: 7273 candles | 98.4% done (27 left)
worker done
worker 1/2: 13 months to fetch
2026-09-22 05:15:32 w1 ETH-USD 2026-09: 30555 candles | 98.4% done (27 left)
2026-09-22 05:16:04 w1 ADA-USD 2026-09: 30225 candles | 98.4% done (27 left)
2026-09-22 05:16:35 w1 LINK-USD 2026-09: 30013 candles | 98.4% done (27 left)
2026-09-22 05:17:06 w1 DOT-USD 2026-09: 27963 candles | 98.4% done (27 left)
2026-09-22 05:17:37 w1 ATOM-USD 2026-09: 19426 candles | 98.4% done (27 left)
2026-09-22 05:18:09 w1 BCH-USD 2026-09: 27297 candles | 98.4% done (27 left)
2026-09-22 05:18:40 w1 FIL-USD 2026-09: 24449 candles | 98.4% done (27 left)
2026-09-22 05:19:10 w1 ETC-USD 2026-09: 16492 candles | 98.4% done (27 left)
2026-09-22 05:19:41 w1 AAVE-USD 2026-09: 24042 candles | 98.4% done (27 left)
2026-09-22 05:20:12 w1 CRV-USD 2026-09: 19657 candles | 98.4% done (27 left)
2026-09-22 05:20:42 w1 MANA-USD 2026-09: 3982 candles | 98.4% done (27 left)
2026-09-22 05:21:14 w1 ZEC-USD 2026-09: 30551 candles | 98.4% done (27 left)
2026-09-22 05:21:44 w1 COMP-USD 2026-09: 7275 candles | 98.4% done (27 left)
worker done
worker 1/2: 13 months to fetch
2026-09-22 05:30:32 w1 ETH-USD 2026-09: 30570 candles | 98.4% done (27 left)
2026-09-22 05:31:04 w1 ADA-USD 2026-09: 30240 candles | 98.4% done (27 left)
2026-09-22 05:31:36 w1 LINK-USD 2026-09: 30028 candles | 98.4% done (27 left)
2026-09-22 05:32:07 w1 DOT-USD 2026-09: 27978 candles | 98.4% done (27 left)
2026-09-22 05:32:38 w1 ATOM-USD 2026-09: 19437 candles | 98.4% done (27 left)
2026-09-22 05:33:10 w1 BCH-USD 2026-09: 27312 candles | 98.4% done (27 left)
2026-09-22 05:33:41 w1 FIL-USD 2026-09: 24464 candles | 98.4% done (27 left)
2026-09-22 05:34:12 w1 ETC-USD 2026-09: 16502 candles | 98.4% done (27 left)
2026-09-22 05:34:43 w1 AAVE-USD 2026-09: 24057 candles | 98.4% done (27 left)
2026-09-22 05:35:14 w1 CRV-USD 2026-09: 19672 candles | 98.4% done (27 left)
2026-09-22 05:35:44 w1 MANA-USD 2026-09: 3992 candles | 98.4% done (27 left)
2026-09-22 05:36:16 w1 ZEC-USD 2026-09: 30566 candles | 98.4% done (27 left)
2026-09-22 05:36:46 w1 COMP-USD 2026-09: 7281 candles | 98.4% done (27 left)
worker done
worker 1/2: 13 months to fetch
2026-09-22 05:45:32 w1 ETH-USD 2026-09: 30585 candles | 98.4% done (27 left)
2026-09-22 05:46:04 w1 ADA-USD 2026-09: 30255 candles | 98.4% done (27 left)
2026-09-22 05:46:35 w1 LINK-USD 2026-09: 30043 candles | 98.4% done (27 left)
2026-09-22 05:47:06 w1 DOT-USD 2026-09: 27993 candles | 98.4% done (27 left)
2026-09-22 05:47:37 w1 ATOM-USD 2026-09: 19443 candles | 98.4% done (27 left)
2026-09-22 05:48:08 w1 BCH-USD 2026-09: 27327 candles | 98.4% done (27 left)
2026-09-22 05:48:40 w1 FIL-USD 2026-09: 24477 candles | 98.4% done (27 left)
2026-09-22 05:49:10 w1 ETC-USD 2026-09: 16513 candles | 98.4% done (27 left)
2026-09-22 05:49:42 w1 AAVE-USD 2026-09: 24071 candles | 98.4% done (27 left)
2026-09-22 05:50:12 w1 CRV-USD 2026-09: 19685 candles | 98.4% done (27 left)
2026-09-22 05:50:43 w1 MANA-USD 2026-09: 3999 candles | 98.4% done (27 left)
2026-09-22 05:51:14 w1 ZEC-USD 2026-09: 30581 candles | 98.4% done (27 left)
2026-09-22 05:51:45 w1 COMP-USD 2026-09: 7283 candles | 98.4% done (27 left)
worker done
worker 1/2: 13 months to fetch
2026-09-22 06:00:33 w1 ETH-USD 2026-09: 30600 candles | 98.4% done (27 left)
2026-09-22 06:01:04 w1 ADA-USD 2026-09: 30270 candles | 98.4% done (27 left)
2026-09-22 06:01:36 w1 LINK-USD 2026-09: 30058 candles | 98.4% done (27 left)
2026-09-22 06:02:07 w1 DOT-USD 2026-09: 28007 candles | 98.4% done (27 left)
2026-09-22 06:02:39 w1 ATOM-USD 2026-09: 19453 candles | 98.4% done (27 left)
2026-09-22 06:03:10 w1 BCH-USD 2026-09: 27342 candles | 98.4% done (27 left)
2026-09-22 06:03:42 w1 FIL-USD 2026-09: 24487 candles | 98.4% done (27 left)
2026-09-22 06:04:13 w1 ETC-USD 2026-09: 16521 candles | 98.4% done (27 left)
2026-09-22 06:04:44 w1 AAVE-USD 2026-09: 24084 candles | 98.4% done (27 left)
2026-09-22 06:05:15 w1 CRV-USD 2026-09: 19691 candles | 98.4% done (27 left)
2026-09-22 06:05:46 w1 MANA-USD 2026-09: 4006 candles | 98.4% done (27 left)
2026-09-22 06:06:18 w1 ZEC-USD 2026-09: 30596 candles | 98.4% done (27 left)
2026-09-22 06:06:49 w1 COMP-USD 2026-09: 7286 candles | 98.4% done (27 left)
worker done
worker 1/2: 13 months to fetch
2026-09-22 06:15:32 w1 ETH-USD 2026-09: 30615 candles | 98.4% done (27 left)
2026-09-22 06:16:04 w1 ADA-USD 2026-09: 30285 candles | 98.4% done (27 left)
2026-09-22 06:16:36 w1 LINK-USD 2026-09: 30073 candles | 98.4% done (27 left)
2026-09-22 06:17:07 w1 DOT-USD 2026-09: 28021 candles | 98.4% done (27 left)
2026-09-22 06:17:38 w1 ATOM-USD 2026-09: 19463 candles | 98.4% done (27 left)
2026-09-22 06:18:10 w1 BCH-USD 2026-09: 27357 candles | 98.4% done (27 left)
2026-09-22 06:18:42 w1 FIL-USD 2026-09: 24501 candles | 98.4% done (27 left)
2026-09-22 06:19:13 w1 ETC-USD 2026-09: 16530 candles | 98.4% done (27 left)
2026-09-22 06:19:44 w1 AAVE-USD 2026-09: 24098 candles | 98.4% done (27 left)
2026-09-22 06:20:15 w1 CRV-USD 2026-09: 19699 candles | 98.4% done (27 left)
2026-09-22 06:20:46 w1 MANA-USD 2026-09: 4009 candles | 98.4% done (27 left)
2026-09-22 06:21:18 w1 ZEC-USD 2026-09: 30611 candles | 98.4% done (27 left)
2026-09-22 06:21:49 w1 COMP-USD 2026-09: 7293 candles | 98.4% done (27 left)
worker done
worker 1/2: 13 months to fetch
2026-09-22 06:30:33 w1 ETH-USD 2026-09: 30630 candles | 98.4% done (27 left)
2026-09-22 06:31:05 w1 ADA-USD 2026-09: 30300 candles | 98.4% done (27 left)
2026-09-22 06:31:36 w1 LINK-USD 2026-09: 30088 candles | 98.4% done (27 left)
2026-09-22 06:32:08 w1 DOT-USD 2026-09: 28035 candles | 98.4% done (27 left)
2026-09-22 06:32:39 w1 ATOM-USD 2026-09: 19472 candles | 98.4% done (27 left)
2026-09-22 06:33:10 w1 BCH-USD 2026-09: 27371 candles | 98.4% done (27 left)
2026-09-22 06:33:42 w1 FIL-USD 2026-09: 24513 candles | 98.4% done (27 left)
2026-09-22 06:34:13 w1 ETC-USD 2026-09: 16540 candles | 98.4% done (27 left)
2026-09-22 06:34:44 w1 AAVE-USD 2026-09: 24108 candles | 98.4% done (27 left)
2026-09-22 06:35:15 w1 CRV-USD 2026-09: 19711 candles | 98.4% done (27 left)
2026-09-22 06:35:46 w1 MANA-USD 2026-09: 4013 candles | 98.4% done (27 left)
2026-09-22 06:36:18 w1 ZEC-USD 2026-09: 30626 candles | 98.4% done (27 left)
2026-09-22 06:36:49 w1 COMP-USD 2026-09: 7297 candles | 98.4% done (27 left)
worker done
worker 1/2: 13 months to fetch
2026-09-22 06:45:32 w1 ETH-USD 2026-09: 30645 candles | 98.4% done (27 left)
2026-09-22 06:46:05 w1 ADA-USD 2026-09: 30315 candles | 98.4% done (27 left)
2026-09-22 06:46:36 w1 LINK-USD 2026-09: 30103 candles | 98.4% done (27 left)
2026-09-22 06:47:08 w1 DOT-USD 2026-09: 28050 candles | 98.4% done (27 left)
2026-09-22 06:47:39 w1 ATOM-USD 2026-09: 19481 candles | 98.4% done (27 left)
2026-09-22 06:48:10 w1 BCH-USD 2026-09: 27386 candles | 98.4% done (27 left)
2026-09-22 06:48:42 w1 FIL-USD 2026-09: 24526 candles | 98.4% done (27 left)
2026-09-22 06:49:12 w1 ETC-USD 2026-09: 16548 candles | 98.4% done (27 left)
2026-09-22 06:49:44 w1 AAVE-USD 2026-09: 24114 candles | 98.4% done (27 left)
2026-09-22 06:50:15 w1 CRV-USD 2026-09: 19720 candles | 98.4% done (27 left)
2026-09-22 06:50:45 w1 MANA-USD 2026-09: 4014 candles | 98.4% done (27 left)
2026-09-22 06:51:18 w1 ZEC-USD 2026-09: 30641 candles | 98.4% done (27 left)
2026-09-22 06:51:48 w1 COMP-USD 2026-09: 7302 candles | 98.4% done (27 left)
worker done
worker 1/2: 13 months to fetch
2026-09-22 07:00:32 w1 ETH-USD 2026-09: 30660 candles | 98.4% done (27 left)
2026-09-22 07:01:04 w1 ADA-USD 2026-09: 30330 candles | 98.4% done (27 left)
2026-09-22 07:01:36 w1 LINK-USD 2026-09: 30118 candles | 98.4% done (27 left)
2026-09-22 07:02:07 w1 DOT-USD 2026-09: 28063 candles | 98.4% done (27 left)
2026-09-22 07:02:39 w1 ATOM-USD 2026-09: 19489 candles | 98.4% done (27 left)
2026-09-22 07:03:10 w1 BCH-USD 2026-09: 27401 candles | 98.4% done (27 left)
2026-09-22 07:03:42 w1 FIL-USD 2026-09: 24537 candles | 98.4% done (27 left)
2026-09-22 07:04:13 w1 ETC-USD 2026-09: 16555 candles | 98.4% done (27 left)
2026-09-22 07:04:44 w1 AAVE-USD 2026-09: 24125 candles | 98.4% done (27 left)
2026-09-22 07:05:15 w1 CRV-USD 2026-09: 19728 candles | 98.4% done (27 left)
2026-09-22 07:05:45 w1 MANA-USD 2026-09: 4019 candles | 98.4% done (27 left)
2026-09-22 07:06:18 w1 ZEC-USD 2026-09: 30656 candles | 98.4% done (27 left)
2026-09-22 07:06:48 w1 COMP-USD 2026-09: 7308 candles | 98.4% done (27 left)
worker done
worker 1/2: 13 months to fetch
2026-09-22 07:15:33 w1 ETH-USD 2026-09: 30675 candles | 98.4% done (27 left)
2026-09-22 07:16:04 w1 ADA-USD 2026-09: 30345 candles | 98.4% done (27 left)
2026-09-22 07:16:36 w1 LINK-USD 2026-09: 30133 candles | 98.4% done (27 left)
2026-09-22 07:17:07 w1 DOT-USD 2026-09: 28077 candles | 98.4% done (27 left)
2026-09-22 07:17:39 w1 ATOM-USD 2026-09: 19496 candles | 98.4% done (27 left)
2026-09-22 07:18:10 w1 BCH-USD 2026-09: 27416 candles | 98.4% done (27 left)
2026-09-22 07:18:42 w1 FIL-USD 2026-09: 24550 candles | 98.4% done (27 left)
2026-09-22 07:19:12 w1 ETC-USD 2026-09: 16561 candles | 98.4% done (27 left)
2026-09-22 07:19:44 w1 AAVE-USD 2026-09: 24137 candles | 98.4% done (27 left)
2026-09-22 07:20:15 w1 CRV-USD 2026-09: 19737 candles | 98.4% done (27 left)
2026-09-22 07:20:45 w1 MANA-USD 2026-09: 4021 candles | 98.4% done (27 left)
2026-09-22 07:21:18 w1 ZEC-USD 2026-09: 30671 candles | 98.4% done (27 left)
2026-09-22 07:21:48 w1 COMP-USD 2026-09: 7311 candles | 98.4% done (27 left)
worker done
worker 1/2: 13 months to fetch
2026-09-22 07:30:33 w1 ETH-USD 2026-09: 30690 candles | 98.4% done (27 left)
2026-09-22 07:31:04 w1 ADA-USD 2026-09: 30360 candles | 98.4% done (27 left)
2026-09-22 07:31:36 w1 LINK-USD 2026-09: 30148 candles | 98.4% done (27 left)
2026-09-22 07:32:07 w1 DOT-USD 2026-09: 28089 candles | 98.4% done (27 left)
2026-09-22 07:32:38 w1 ATOM-USD 2026-09: 19499 candles | 98.4% done (27 left)
2026-09-22 07:33:10 w1 BCH-USD 2026-09: 27431 candles | 98.4% done (27 left)
2026-09-22 07:33:41 w1 FIL-USD 2026-09: 24561 candles | 98.4% done (27 left)
2026-09-22 07:34:12 w1 ETC-USD 2026-09: 16567 candles | 98.4% done (27 left)
2026-09-22 07:34:43 w1 AAVE-USD 2026-09: 24151 candles | 98.4% done (27 left)
2026-09-22 07:35:14 w1 CRV-USD 2026-09: 19751 candles | 98.4% done (27 left)
2026-09-22 07:35:44 w1 MANA-USD 2026-09: 4024 candles | 98.4% done (27 left)
2026-09-22 07:36:17 w1 ZEC-USD 2026-09: 30686 candles | 98.4% done (27 left)
2026-09-22 07:36:47 w1 COMP-USD 2026-09: 7314 candles | 98.4% done (27 left)
worker done
worker 1/2: 13 months to fetch
2026-09-22 07:45:33 w1 ETH-USD 2026-09: 30705 candles | 98.4% done (27 left)
2026-09-22 07:46:04 w1 ADA-USD 2026-09: 30375 candles | 98.4% done (27 left)
2026-09-22 07:46:36 w1 LINK-USD 2026-09: 30163 candles | 98.4% done (27 left)
2026-09-22 07:47:08 w1 DOT-USD 2026-09: 28104 candles | 98.4% done (27 left)
2026-09-22 07:47:39 w1 ATOM-USD 2026-09: 19503 candles | 98.4% done (27 left)
2026-09-22 07:48:10 w1 BCH-USD 2026-09: 27446 candles | 98.4% done (27 left)
2026-09-22 07:48:42 w1 FIL-USD 2026-09: 24574 candles | 98.4% done (27 left)
2026-09-22 07:49:13 w1 ETC-USD 2026-09: 16576 candles | 98.4% done (27 left)
2026-09-22 07:49:44 w1 AAVE-USD 2026-09: 24166 candles | 98.4% done (27 left)
2026-09-22 07:50:15 w1 CRV-USD 2026-09: 19761 candles | 98.4% done (27 left)
2026-09-22 07:50:45 w1 MANA-USD 2026-09: 4027 candles | 98.4% done (27 left)
2026-09-22 07:51:18 w1 ZEC-USD 2026-09: 30701 candles | 98.4% done (27 left)
2026-09-22 07:51:48 w1 COMP-USD 2026-09: 7315 candles | 98.4% done (27 left)
worker done
worker 1/2: 13 months to fetch
2026-09-22 08:00:33 w1 ETH-USD 2026-09: 30720 candles | 98.4% done (27 left)
2026-09-22 08:01:05 w1 ADA-USD 2026-09: 30390 candles | 98.4% done (27 left)
2026-09-22 08:01:37 w1 LINK-USD 2026-09: 30178 candles | 98.4% done (27 left)
2026-09-22 08:02:08 w1 DOT-USD 2026-09: 28118 candles | 98.4% done (27 left)
2026-09-22 08:02:39 w1 ATOM-USD 2026-09: 19510 candles | 98.4% done (27 left)
2026-09-22 08:03:11 w1 BCH-USD 2026-09: 27461 candles | 98.4% done (27 left)
2026-09-22 08:03:42 w1 FIL-USD 2026-09: 24584 candles | 98.4% done (27 left)
2026-09-22 08:04:13 w1 ETC-USD 2026-09: 16585 candles | 98.4% done (27 left)
2026-09-22 08:04:44 w1 AAVE-USD 2026-09: 24177 candles | 98.4% done (27 left)
2026-09-22 08:05:16 w1 CRV-USD 2026-09: 19769 candles | 98.4% done (27 left)
2026-09-22 08:05:46 w1 MANA-USD 2026-09: 4029 candles | 98.4% done (27 left)
2026-09-22 08:06:18 w1 ZEC-USD 2026-09: 30716 candles | 98.4% done (27 left)
2026-09-22 08:06:49 w1 COMP-USD 2026-09: 7315 candles | 98.4% done (27 left)
worker done
worker 1/2: 13 months to fetch
2026-09-22 08:15:33 w1 ETH-USD 2026-09: 30735 candles | 98.4% done (27 left)
2026-09-22 08:16:05 w1 ADA-USD 2026-09: 30405 candles | 98.4% done (27 left)
2026-09-22 08:16:36 w1 LINK-USD 2026-09: 30193 candles | 98.4% done (27 left)
2026-09-22 08:17:08 w1 DOT-USD 2026-09: 28133 candles | 98.4% done (27 left)
2026-09-22 08:17:39 w1 ATOM-USD 2026-09: 19515 candles | 98.4% done (27 left)
2026-09-22 08:18:11 w1 BCH-USD 2026-09: 27476 candles | 98.4% done (27 left)
2026-09-22 08:18:42 w1 FIL-USD 2026-09: 24595 candles | 98.4% done (27 left)
2026-09-22 08:19:13 w1 ETC-USD 2026-09: 16594 candles | 98.4% done (27 left)
2026-09-22 08:19:44 w1 AAVE-USD 2026-09: 24189 candles | 98.4% done (27 left)
2026-09-22 08:20:15 w1 CRV-USD 2026-09: 19770 candles | 98.4% done (27 left)
2026-09-22 08:20:45 w1 MANA-USD 2026-09: 4031 candles | 98.4% done (27 left)
2026-09-22 08:21:18 w1 ZEC-USD 2026-09: 30731 candles | 98.4% done (27 left)
2026-09-22 08:21:48 w1 COMP-USD 2026-09: 7317 candles | 98.4% done (27 left)
worker done
worker 1/2: 13 months to fetch
2026-09-22 08:30:33 w1 ETH-USD 2026-09: 30750 candles | 98.4% done (27 left)
2026-09-22 08:31:04 w1 ADA-USD 2026-09: 30420 candles | 98.4% done (27 left)
2026-09-22 08:31:36 w1 LINK-USD 2026-09: 30208 candles | 98.4% done (27 left)
2026-09-22 08:32:08 w1 DOT-USD 2026-09: 28148 candles | 98.4% done (27 left)
2026-09-22 08:32:39 w1 ATOM-USD 2026-09: 19520 candles | 98.4% done (27 left)
2026-09-22 08:33:11 w1 BCH-USD 2026-09: 27490 candles | 98.4% done (27 left)
2026-09-22 08:33:42 w1 FIL-USD 2026-09: 24609 candles | 98.4% done (27 left)
2026-09-22 08:34:13 w1 ETC-USD 2026-09: 16603 candles | 98.4% done (27 left)
2026-09-22 08:34:44 w1 AAVE-USD 2026-09: 24201 candles | 98.4% done (27 left)
2026-09-22 08:35:15 w1 CRV-USD 2026-09: 19777 candles | 98.4% done (27 left)
2026-09-22 08:35:45 w1 MANA-USD 2026-09: 4032 candles | 98.4% done (27 left)
2026-09-22 08:36:18 w1 ZEC-USD 2026-09: 30746 candles | 98.4% done (27 left)
2026-09-22 08:36:48 w1 COMP-USD 2026-09: 7320 candles | 98.4% done (27 left)
worker done
worker 1/2: 13 months to fetch
2026-09-22 08:45:33 w1 ETH-USD 2026-09: 30765 candles | 98.4% done (27 left)
2026-09-22 08:46:05 w1 ADA-USD 2026-09: 30435 candles | 98.4% done (27 left)
2026-09-22 08:46:37 w1 LINK-USD 2026-09: 30223 candles | 98.4% done (27 left)
2026-09-22 08:47:08 w1 DOT-USD 2026-09: 28162 candles | 98.4% done (27 left)
2026-09-22 08:47:39 w1 ATOM-USD 2026-09: 19526 candles | 98.4% done (27 left)
2026-09-22 08:48:11 w1 BCH-USD 2026-09: 27505 candles | 98.4% done (27 left)
2026-09-22 08:48:43 w1 FIL-USD 2026-09: 24623 candles | 98.4% done (27 left)
2026-09-22 08:49:13 w1 ETC-USD 2026-09: 16612 candles | 98.4% done (27 left)
2026-09-22 08:49:45 w1 AAVE-USD 2026-09: 24216 candles | 98.4% done (27 left)
2026-09-22 08:50:16 w1 CRV-USD 2026-09: 19782 candles | 98.4% done (27 left)
2026-09-22 08:50:46 w1 MANA-USD 2026-09: 4033 candles | 98.4% done (27 left)
2026-09-22 08:51:18 w1 ZEC-USD 2026-09: 30761 candles | 98.4% done (27 left)
2026-09-22 08:51:49 w1 COMP-USD 2026-09: 7322 candles | 98.4% done (27 left)
worker done
worker 1/2: 13 months to fetch
2026-09-22 09:00:33 w1 ETH-USD 2026-09: 30780 candles | 98.4% done (27 left)
2026-09-22 09:01:05 w1 ADA-USD 2026-09: 30450 candles | 98.4% done (27 left)
2026-09-22 09:01:36 w1 LINK-USD 2026-09: 30238 candles | 98.4% done (27 left)
2026-09-22 09:02:08 w1 DOT-USD 2026-09: 28175 candles | 98.4% done (27 left)
2026-09-22 09:02:39 w1 ATOM-USD 2026-09: 19531 candles | 98.4% done (27 left)
2026-09-22 09:03:10 w1 BCH-USD 2026-09: 27520 candles | 98.4% done (27 left)
2026-09-22 09:03:42 w1 FIL-USD 2026-09: 24638 candles | 98.4% done (27 left)
2026-09-22 09:04:13 w1 ETC-USD 2026-09: 16621 candles | 98.4% done (27 left)
2026-09-22 09:04:44 w1 AAVE-USD 2026-09: 24231 candles | 98.4% done (27 left)
2026-09-22 09:05:15 w1 CRV-USD 2026-09: 19785 candles | 98.4% done (27 left)
2026-09-22 09:05:45 w1 MANA-USD 2026-09: 4033 candles | 98.4% done (27 left)
2026-09-22 09:06:18 w1 ZEC-USD 2026-09: 30776 candles | 98.4% done (27 left)
2026-09-22 09:06:48 w1 COMP-USD 2026-09: 7323 candles | 98.4% done (27 left)
worker done
worker 1/2: 13 months to fetch
2026-09-22 09:15:33 w1 ETH-USD 2026-09: 30795 candles | 98.4% done (27 left)
2026-09-22 09:16:05 w1 ADA-USD 2026-09: 30465 candles | 98.4% done (27 left)
2026-09-22 09:16:36 w1 LINK-USD 2026-09: 30253 candles | 98.4% done (27 left)
2026-09-22 09:17:08 w1 DOT-USD 2026-09: 28187 candles | 98.4% done (27 left)
2026-09-22 09:17:39 w1 ATOM-USD 2026-09: 19537 candles | 98.4% done (27 left)
2026-09-22 09:18:10 w1 BCH-USD 2026-09: 27535 candles | 98.4% done (27 left)
2026-09-22 09:18:42 w1 FIL-USD 2026-09: 24652 candles | 98.4% done (27 left)
2026-09-22 09:19:13 w1 ETC-USD 2026-09: 16629 candles | 98.4% done (27 left)
2026-09-22 09:19:44 w1 AAVE-USD 2026-09: 24245 candles | 98.4% done (27 left)
2026-09-22 09:20:15 w1 CRV-USD 2026-09: 19791 candles | 98.4% done (27 left)
2026-09-22 09:20:46 w1 MANA-USD 2026-09: 4034 candles | 98.4% done (27 left)
2026-09-22 09:21:18 w1 ZEC-USD 2026-09: 30791 candles | 98.4% done (27 left)
2026-09-22 09:21:48 w1 COMP-USD 2026-09: 7329 candles | 98.4% done (27 left)
worker done
worker 1/2: 13 months to fetch
2026-09-22 09:30:33 w1 ETH-USD 2026-09: 30810 candles | 98.4% done (27 left)
2026-09-22 09:31:05 w1 ADA-USD 2026-09: 30480 candles | 98.4% done (27 left)
2026-09-22 09:31:36 w1 LINK-USD 2026-09: 30268 candles | 98.4% done (27 left)
2026-09-22 09:32:08 w1 DOT-USD 2026-09: 28201 candles | 98.4% done (27 left)
2026-09-22 09:32:39 w1 ATOM-USD 2026-09: 19545 candles | 98.4% done (27 left)
2026-09-22 09:33:11 w1 BCH-USD 2026-09: 27549 candles | 98.4% done (27 left)
2026-09-22 09:33:42 w1 FIL-USD 2026-09: 24666 candles | 98.4% done (27 left)
2026-09-22 09:34:12 w1 ETC-USD 2026-09: 16638 candles | 98.4% done (27 left)
2026-09-22 09:34:44 w1 AAVE-USD 2026-09: 24255 candles | 98.4% done (27 left)
2026-09-22 09:35:15 w1 CRV-USD 2026-09: 19796 candles | 98.4% done (27 left)
2026-09-22 09:35:45 w1 MANA-USD 2026-09: 4034 candles | 98.4% done (27 left)
2026-09-22 09:36:17 w1 ZEC-USD 2026-09: 30806 candles | 98.4% done (27 left)
2026-09-22 09:36:48 w1 COMP-USD 2026-09: 7333 candles | 98.4% done (27 left)
worker done
worker 1/2: 13 months to fetch
2026-09-22 09:45:32 w1 ETH-USD 2026-09: 30825 candles | 98.4% done (27 left)
2026-09-22 09:46:04 w1 ADA-USD 2026-09: 30495 candles | 98.4% done (27 left)
2026-09-22 09:46:36 w1 LINK-USD 2026-09: 30283 candles | 98.4% done (27 left)
2026-09-22 09:47:07 w1 DOT-USD 2026-09: 28213 candles | 98.4% done (27 left)
2026-09-22 09:47:38 w1 ATOM-USD 2026-09: 19550 candles | 98.4% done (27 left)
2026-09-22 09:48:10 w1 BCH-USD 2026-09: 27564 candles | 98.4% done (27 left)
2026-09-22 09:48:41 w1 FIL-USD 2026-09: 24681 candles | 98.4% done (27 left)
2026-09-22 09:49:12 w1 ETC-USD 2026-09: 16640 candles | 98.4% done (27 left)
2026-09-22 09:49:43 w1 AAVE-USD 2026-09: 24262 candles | 98.4% done (27 left)
2026-09-22 09:50:15 w1 CRV-USD 2026-09: 19798 candles | 98.4% done (27 left)
2026-09-22 09:50:45 w1 MANA-USD 2026-09: 4034 candles | 98.4% done (27 left)
2026-09-22 09:51:17 w1 ZEC-USD 2026-09: 30821 candles | 98.4% done (27 left)
2026-09-22 09:51:48 w1 COMP-USD 2026-09: 7336 candles | 98.4% done (27 left)
worker done
worker 1/2: 13 months to fetch
2026-09-22 10:00:33 w1 ETH-USD 2026-09: 30840 candles | 98.4% done (27 left)
2026-09-22 10:01:05 w1 ADA-USD 2026-09: 30510 candles | 98.4% done (27 left)
2026-09-22 10:01:36 w1 LINK-USD 2026-09: 30297 candles | 98.4% done (27 left)
2026-09-22 10:02:08 w1 DOT-USD 2026-09: 28225 candles | 98.4% done (27 left)
2026-09-22 10:02:39 w1 ATOM-USD 2026-09: 19557 candles | 98.4% done (27 left)
2026-09-22 10:03:11 w1 BCH-USD 2026-09: 27579 candles | 98.4% done (27 left)
2026-09-22 10:03:42 w1 FIL-USD 2026-09: 24696 candles | 98.4% done (27 left)
2026-09-22 10:04:13 w1 ETC-USD 2026-09: 16645 candles | 98.4% done (27 left)
2026-09-22 10:04:44 w1 AAVE-USD 2026-09: 24275 candles | 98.4% done (27 left)
2026-09-22 10:05:15 w1 CRV-USD 2026-09: 19802 candles | 98.4% done (27 left)
2026-09-22 10:05:45 w1 MANA-USD 2026-09: 4034 candles | 98.4% done (27 left)
2026-09-22 10:06:18 w1 ZEC-USD 2026-09: 30836 candles | 98.4% done (27 left)
2026-09-22 10:06:48 w1 COMP-USD 2026-09: 7340 candles | 98.4% done (27 left)
worker done
worker 1/2: 13 months to fetch
2026-09-22 10:15:33 w1 ETH-USD 2026-09: 30855 candles | 98.4% done (27 left)
2026-09-22 10:16:05 w1 ADA-USD 2026-09: 30525 candles | 98.4% done (27 left)
2026-09-22 10:16:37 w1 LINK-USD 2026-09: 30312 candles | 98.4% done (27 left)
2026-09-22 10:17:08 w1 DOT-USD 2026-09: 28236 candles | 98.4% done (27 left)
2026-09-22 10:17:40 w1 ATOM-USD 2026-09: 19563 candles | 98.4% done (27 left)
2026-09-22 10:18:11 w1 BCH-USD 2026-09: 27594 candles | 98.4% done (27 left)
2026-09-22 10:18:43 w1 FIL-USD 2026-09: 24710 candles | 98.4% done (27 left)
2026-09-22 10:19:13 w1 ETC-USD 2026-09: 16649 candles | 98.4% done (27 left)
2026-09-22 10:19:45 w1 AAVE-USD 2026-09: 24283 candles | 98.4% done (27 left)
2026-09-22 10:20:16 w1 CRV-USD 2026-09: 19807 candles | 98.4% done (27 left)
2026-09-22 10:20:46 w1 MANA-USD 2026-09: 4035 candles | 98.4% done (27 left)
2026-09-22 10:21:19 w1 ZEC-USD 2026-09: 30851 candles | 98.4% done (27 left)
2026-09-22 10:21:49 w1 COMP-USD 2026-09: 7345 candles | 98.4% done (27 left)
worker done
worker 1/2: 13 months to fetch
2026-09-22 10:30:33 w1 ETH-USD 2026-09: 30870 candles | 98.4% done (27 left)
2026-09-22 10:31:05 w1 ADA-USD 2026-09: 30540 candles | 98.4% done (27 left)
2026-09-22 10:31:37 w1 LINK-USD 2026-09: 30327 candles | 98.4% done (27 left)
2026-09-22 10:32:09 w1 DOT-USD 2026-09: 28247 candles | 98.4% done (27 left)
2026-09-22 10:32:40 w1 ATOM-USD 2026-09: 19571 candles | 98.4% done (27 left)
2026-09-22 10:33:12 w1 BCH-USD 2026-09: 27609 candles | 98.4% done (27 left)
2026-09-22 10:33:44 w1 FIL-USD 2026-09: 24724 candles | 98.4% done (27 left)
2026-09-22 10:34:15 w1 ETC-USD 2026-09: 16658 candles | 98.4% done (27 left)
2026-09-22 10:34:46 w1 AAVE-USD 2026-09: 24295 candles | 98.4% done (27 left)
2026-09-22 10:35:18 w1 CRV-USD 2026-09: 19819 candles | 98.4% done (27 left)
2026-09-22 10:35:48 w1 MANA-USD 2026-09: 4037 candles | 98.4% done (27 left)
2026-09-22 10:36:20 w1 ZEC-USD 2026-09: 30866 candles | 98.4% done (27 left)
2026-09-22 10:36:51 w1 COMP-USD 2026-09: 7348 candles | 98.4% done (27 left)
worker done
worker 1/2: 13 months to fetch
2026-09-22 10:45:33 w1 ETH-USD 2026-09: 30885 candles | 98.4% done (27 left)
2026-09-22 10:46:05 w1 ADA-USD 2026-09: 30555 candles | 98.4% done (27 left)
2026-09-22 10:46:36 w1 LINK-USD 2026-09: 30342 candles | 98.4% done (27 left)
2026-09-22 10:47:08 w1 DOT-USD 2026-09: 28262 candles | 98.4% done (27 left)
2026-09-22 10:47:39 w1 ATOM-USD 2026-09: 19580 candles | 98.4% done (27 left)
2026-09-22 10:48:11 w1 BCH-USD 2026-09: 27624 candles | 98.4% done (27 left)
2026-09-22 10:48:43 w1 FIL-USD 2026-09: 24737 candles | 98.4% done (27 left)
2026-09-22 10:49:13 w1 ETC-USD 2026-09: 16667 candles | 98.4% done (27 left)
2026-09-22 10:49:45 w1 AAVE-USD 2026-09: 24307 candles | 98.4% done (27 left)
2026-09-22 10:50:16 w1 CRV-USD 2026-09: 19827 candles | 98.4% done (27 left)
2026-09-22 10:50:47 w1 MANA-USD 2026-09: 4039 candles | 98.4% done (27 left)
2026-09-22 10:51:19 w1 ZEC-USD 2026-09: 30881 candles | 98.4% done (27 left)
2026-09-22 10:51:50 w1 COMP-USD 2026-09: 7350 candles | 98.4% done (27 left)
worker done
worker 1/2: 13 months to fetch
2026-09-22 11:00:33 w1 ETH-USD 2026-09: 30900 candles | 98.4% done (27 left)
2026-09-22 11:01:05 w1 ADA-USD 2026-09: 30570 candles | 98.4% done (27 left)
2026-09-22 11:01:37 w1 LINK-USD 2026-09: 30357 candles | 98.4% done (27 left)
2026-09-22 11:02:08 w1 DOT-USD 2026-09: 28271 candles | 98.4% done (27 left)
2026-09-22 11:02:40 w1 ATOM-USD 2026-09: 19592 candles | 98.4% done (27 left)
2026-09-22 11:03:12 w1 BCH-USD 2026-09: 27639 candles | 98.4% done (27 left)
2026-09-22 11:03:44 w1 FIL-USD 2026-09: 24749 candles | 98.4% done (27 left)
2026-09-22 11:04:15 w1 ETC-USD 2026-09: 16674 candles | 98.4% done (27 left)
2026-09-22 11:04:47 w1 AAVE-USD 2026-09: 24317 candles | 98.4% done (27 left)
2026-09-22 11:05:19 w1 CRV-USD 2026-09: 19831 candles | 98.4% done (27 left)
2026-09-22 11:05:49 w1 MANA-USD 2026-09: 4039 candles | 98.4% done (27 left)
2026-09-22 11:06:22 w1 ZEC-USD 2026-09: 30896 candles | 98.4% done (27 left)
2026-09-22 11:06:53 w1 COMP-USD 2026-09: 7351 candles | 98.4% done (27 left)
worker done
worker 1/2: 13 months to fetch
2026-09-22 11:15:34 w1 ETH-USD 2026-09: 30915 candles | 98.4% done (27 left)
2026-09-22 11:16:06 w1 ADA-USD 2026-09: 30585 candles | 98.4% done (27 left)
2026-09-22 11:16:38 w1 LINK-USD 2026-09: 30372 candles | 98.4% done (27 left)
2026-09-22 11:17:10 w1 DOT-USD 2026-09: 28285 candles | 98.4% done (27 left)
2026-09-22 11:17:42 w1 ATOM-USD 2026-09: 19603 candles | 98.4% done (27 left)
2026-09-22 11:18:14 w1 BCH-USD 2026-09: 27654 candles | 98.4% done (27 left)
2026-09-22 11:18:46 w1 FIL-USD 2026-09: 24763 candles | 98.4% done (27 left)
2026-09-22 11:19:17 w1 ETC-USD 2026-09: 16682 candles | 98.4% done (27 left)
2026-09-22 11:19:49 w1 AAVE-USD 2026-09: 24331 candles | 98.4% done (27 left)
2026-09-22 11:20:21 w1 CRV-USD 2026-09: 19841 candles | 98.4% done (27 left)
2026-09-22 11:20:52 w1 MANA-USD 2026-09: 4042 candles | 98.4% done (27 left)
2026-09-22 11:21:25 w1 ZEC-USD 2026-09: 30911 candles | 98.4% done (27 left)
2026-09-22 11:21:56 w1 COMP-USD 2026-09: 7352 candles | 98.4% done (27 left)
worker done
worker 1/2: 13 months to fetch
2026-09-22 11:30:33 w1 ETH-USD 2026-09: 30930 candles | 98.4% done (27 left)
2026-09-22 11:31:05 w1 ADA-USD 2026-09: 30600 candles | 98.4% done (27 left)
2026-09-22 11:31:38 w1 LINK-USD 2026-09: 30387 candles | 98.4% done (27 left)
2026-09-22 11:32:10 w1 DOT-USD 2026-09: 28296 candles | 98.4% done (27 left)
2026-09-22 11:32:42 w1 ATOM-USD 2026-09: 19612 candles | 98.4% done (27 left)
2026-09-22 11:33:14 w1 BCH-USD 2026-09: 27669 candles | 98.4% done (27 left)
2026-09-22 11:33:46 w1 FIL-USD 2026-09: 24774 candles | 98.4% done (27 left)
2026-09-22 11:34:17 w1 ETC-USD 2026-09: 16686 candles | 98.4% done (27 left)
2026-09-22 11:34:49 w1 AAVE-USD 2026-09: 24344 candles | 98.4% done (27 left)
2026-09-22 11:35:21 w1 CRV-USD 2026-09: 19845 candles | 98.4% done (27 left)
2026-09-22 11:35:52 w1 MANA-USD 2026-09: 4044 candles | 98.4% done (27 left)
2026-09-22 11:36:24 w1 ZEC-USD 2026-09: 30926 candles | 98.4% done (27 left)
2026-09-22 11:36:56 w1 COMP-USD 2026-09: 7355 candles | 98.4% done (27 left)
worker done
worker 1/2: 13 months to fetch
2026-09-22 11:45:33 w1 ETH-USD 2026-09: 30945 candles | 98.4% done (27 left)
2026-09-22 11:46:06 w1 ADA-USD 2026-09: 30615 candles | 98.4% done (27 left)
2026-09-22 11:46:38 w1 LINK-USD 2026-09: 30402 candles | 98.4% done (27 left)
2026-09-22 11:47:10 w1 DOT-USD 2026-09: 28309 candles | 98.4% done (27 left)
2026-09-22 11:47:42 w1 ATOM-USD 2026-09: 19620 candles | 98.4% done (27 left)
2026-09-22 11:48:14 w1 BCH-USD 2026-09: 27683 candles | 98.4% done (27 left)
2026-09-22 11:48:47 w1 FIL-USD 2026-09: 24781 candles | 98.4% done (27 left)
2026-09-22 11:49:18 w1 ETC-USD 2026-09: 16687 candles | 98.4% done (27 left)
2026-09-22 11:49:50 w1 AAVE-USD 2026-09: 24359 candles | 98.4% done (27 left)
2026-09-22 11:50:22 w1 CRV-USD 2026-09: 19853 candles | 98.4% done (27 left)
2026-09-22 11:50:53 w1 MANA-USD 2026-09: 4045 candles | 98.4% done (27 left)
2026-09-22 11:51:26 w1 ZEC-USD 2026-09: 30941 candles | 98.4% done (27 left)
2026-09-22 11:51:57 w1 COMP-USD 2026-09: 7358 candles | 98.4% done (27 left)
worker done
worker 1/2: 13 months to fetch
2026-09-22 12:00:34 w1 ETH-USD 2026-09: 30960 candles | 98.4% done (27 left)
2026-09-22 12:01:07 w1 ADA-USD 2026-09: 30630 candles | 98.4% done (27 left)
2026-09-22 12:01:40 w1 LINK-USD 2026-09: 30417 candles | 98.4% done (27 left)
2026-09-22 12:02:12 w1 DOT-USD 2026-09: 28323 candles | 98.4% done (27 left)
2026-09-22 12:02:44 w1 ATOM-USD 2026-09: 19624 candles | 98.4% done (27 left)
2026-09-22 12:03:17 w1 BCH-USD 2026-09: 27698 candles | 98.4% done (27 left)
2026-09-22 12:03:49 w1 FIL-USD 2026-09: 24790 candles | 98.4% done (27 left)
2026-09-22 12:04:21 w1 ETC-USD 2026-09: 16692 candles | 98.4% done (27 left)
2026-09-22 12:04:53 w1 AAVE-USD 2026-09: 24372 candles | 98.4% done (27 left)
2026-09-22 12:05:25 w1 CRV-USD 2026-09: 19858 candles | 98.4% done (27 left)
2026-09-22 12:05:56 w1 MANA-USD 2026-09: 4046 candles | 98.4% done (27 left)
2026-09-22 12:06:29 w1 ZEC-USD 2026-09: 30956 candles | 98.4% done (27 left)
2026-09-22 12:07:00 w1 COMP-USD 2026-09: 7361 candles | 98.4% done (27 left)
worker done
worker 1/2: 13 months to fetch
2026-09-22 12:15:34 w1 ETH-USD 2026-09: 30975 candles | 98.4% done (27 left)
2026-09-22 12:16:07 w1 ADA-USD 2026-09: 30645 candles | 98.4% done (27 left)
2026-09-22 12:16:39 w1 LINK-USD 2026-09: 30432 candles | 98.4% done (27 left)
2026-09-22 12:17:11 w1 DOT-USD 2026-09: 28334 candles | 98.4% done (27 left)
2026-09-22 12:17:44 w1 ATOM-USD 2026-09: 19629 candles | 98.4% done (27 left)
2026-09-22 12:18:16 w1 BCH-USD 2026-09: 27713 candles | 98.4% done (27 left)
2026-09-22 12:18:49 w1 FIL-USD 2026-09: 24801 candles | 98.4% done (27 left)
2026-09-22 12:19:20 w1 ETC-USD 2026-09: 16695 candles | 98.4% done (27 left)
2026-09-22 12:19:53 w1 AAVE-USD 2026-09: 24386 candles | 98.4% done (27 left)
2026-09-22 12:20:29 w1 CRV-USD 2026-09: 19863 candles | 98.4% done (27 left)
2026-09-22 12:21:00 w1 MANA-USD 2026-09: 4047 candles | 98.4% done (27 left)
2026-09-22 12:21:34 w1 ZEC-USD 2026-09: 30972 candles | 98.4% done (27 left)
2026-09-22 12:22:05 w1 COMP-USD 2026-09: 7364 candles | 98.4% done (27 left)
worker done
worker 1/2: 13 months to fetch
2026-09-22 12:30:35 w1 ETH-USD 2026-09: 30990 candles | 98.4% done (27 left)
2026-09-22 12:31:08 w1 ADA-USD 2026-09: 30660 candles | 98.4% done (27 left)
2026-09-22 12:31:41 w1 LINK-USD 2026-09: 30447 candles | 98.4% done (27 left)
2026-09-22 12:32:13 w1 DOT-USD 2026-09: 28349 candles | 98.4% done (27 left)
2026-09-22 12:32:46 w1 ATOM-USD 2026-09: 19634 candles | 98.4% done (27 left)
2026-09-22 12:33:19 w1 BCH-USD 2026-09: 27728 candles | 98.4% done (27 left)
2026-09-22 12:33:51 w1 FIL-USD 2026-09: 24812 candles | 98.4% done (27 left)
2026-09-22 12:34:23 w1 ETC-USD 2026-09: 16700 candles | 98.4% done (27 left)
2026-09-22 12:34:56 w1 AAVE-USD 2026-09: 24399 candles | 98.4% done (27 left)
2026-09-22 12:35:28 w1 CRV-USD 2026-09: 19869 candles | 98.4% done (27 left)
2026-09-22 12:35:59 w1 MANA-USD 2026-09: 4047 candles | 98.4% done (27 left)
2026-09-22 12:36:32 w1 ZEC-USD 2026-09: 30986 candles | 98.4% done (27 left)
2026-09-22 12:37:04 w1 COMP-USD 2026-09: 7367 candles | 98.4% done (27 left)
worker done
worker 1/2: 13 months to fetch
2026-09-22 12:45:35 w1 ETH-USD 2026-09: 31005 candles | 98.4% done (27 left)
2026-09-22 12:46:08 w1 ADA-USD 2026-09: 30675 candles | 98.4% done (27 left)
2026-09-22 12:46:41 w1 LINK-USD 2026-09: 30462 candles | 98.4% done (27 left)
2026-09-22 12:47:14 w1 DOT-USD 2026-09: 28364 candles | 98.4% done (27 left)
2026-09-22 12:47:47 w1 ATOM-USD 2026-09: 19641 candles | 98.4% done (27 left)
2026-09-22 12:48:20 w1 BCH-USD 2026-09: 27743 candles | 98.4% done (27 left)
2026-09-22 12:48:52 w1 FIL-USD 2026-09: 24827 candles | 98.4% done (27 left)
2026-09-22 12:49:25 w1 ETC-USD 2026-09: 16710 candles | 98.4% done (27 left)
2026-09-22 12:49:57 w1 AAVE-USD 2026-09: 24414 candles | 98.4% done (27 left)
2026-09-22 12:50:30 w1 CRV-USD 2026-09: 19879 candles | 98.4% done (27 left)
2026-09-22 12:51:02 w1 MANA-USD 2026-09: 4050 candles | 98.4% done (27 left)
2026-09-22 12:51:35 w1 ZEC-USD 2026-09: 31002 candles | 98.4% done (27 left)
2026-09-22 12:52:07 w1 COMP-USD 2026-09: 7374 candles | 98.4% done (27 left)
worker done
worker 1/2: 13 months to fetch
2026-09-22 13:00:40 w1 ETH-USD 2026-09: 31020 candles | 98.4% done (27 left)
2026-09-22 13:01:14 w1 ADA-USD 2026-09: 30690 candles | 98.4% done (27 left)
2026-09-22 13:01:51 w1 LINK-USD 2026-09: 30477 candles | 98.4% done (27 left)
2026-09-22 13:02:24 w1 DOT-USD 2026-09: 28379 candles | 98.4% done (27 left)
2026-09-22 13:02:58 w1 ATOM-USD 2026-09: 19648 candles | 98.4% done (27 left)
2026-09-22 13:03:32 w1 BCH-USD 2026-09: 27758 candles | 98.4% done (27 left)
2026-09-22 13:04:05 w1 FIL-USD 2026-09: 24839 candles | 98.4% done (27 left)
2026-09-22 13:04:37 w1 ETC-USD 2026-09: 16722 candles | 98.4% done (27 left)
2026-09-22 13:05:10 w1 AAVE-USD 2026-09: 24429 candles | 98.4% done (27 left)
2026-09-22 13:05:42 w1 CRV-USD 2026-09: 19894 candles | 98.4% done (27 left)
2026-09-22 13:06:14 w1 MANA-USD 2026-09: 4053 candles | 98.4% done (27 left)
2026-09-22 13:06:48 w1 ZEC-USD 2026-09: 31017 candles | 98.4% done (27 left)
2026-09-22 13:07:20 w1 COMP-USD 2026-09: 7378 candles | 98.4% done (27 left)
worker done
worker 1/2: 13 months to fetch
2026-09-22 13:15:35 w1 ETH-USD 2026-09: 31035 candles | 98.4% done (27 left)
2026-09-22 13:16:08 w1 ADA-USD 2026-09: 30705 candles | 98.4% done (27 left)
2026-09-22 13:16:41 w1 LINK-USD 2026-09: 30492 candles | 98.4% done (27 left)
2026-09-22 13:17:14 w1 DOT-USD 2026-09: 28394 candles | 98.4% done (27 left)
2026-09-22 13:17:48 w1 ATOM-USD 2026-09: 19658 candles | 98.4% done (27 left)
2026-09-22 13:18:25 w1 BCH-USD 2026-09: 27773 candles | 98.4% done (27 left)
2026-09-22 13:18:58 w1 FIL-USD 2026-09: 24854 candles | 98.4% done (27 left)
2026-09-22 13:19:31 w1 ETC-USD 2026-09: 16736 candles | 98.4% done (27 left)
2026-09-22 13:20:04 w1 AAVE-USD 2026-09: 24444 candles | 98.4% done (27 left)
2026-09-22 13:20:37 w1 CRV-USD 2026-09: 19906 candles | 98.4% done (27 left)
2026-09-22 13:21:09 w1 MANA-USD 2026-09: 4054 candles | 98.4% done (27 left)
2026-09-22 13:21:42 w1 ZEC-USD 2026-09: 31032 candles | 98.4% done (27 left)
2026-09-22 13:22:14 w1 COMP-USD 2026-09: 7383 candles | 98.4% done (27 left)
worker done
worker 1/2: 13 months to fetch
2026-09-22 13:30:34 w1 ETH-USD 2026-09: 31050 candles | 98.4% done (27 left)
2026-09-22 13:31:08 w1 ADA-USD 2026-09: 30720 candles | 98.4% done (27 left)
2026-09-22 13:31:41 w1 LINK-USD 2026-09: 30507 candles | 98.4% done (27 left)
2026-09-22 13:32:14 w1 DOT-USD 2026-09: 28407 candles | 98.4% done (27 left)
2026-09-22 13:32:47 w1 ATOM-USD 2026-09: 19669 candles | 98.4% done (27 left)
2026-09-22 13:33:20 w1 BCH-USD 2026-09: 27788 candles | 98.4% done (27 left)
2026-09-22 13:33:54 w1 FIL-USD 2026-09: 24869 candles | 98.4% done (27 left)
2026-09-22 13:34:27 w1 ETC-USD 2026-09: 16751 candles | 98.4% done (27 left)
2026-09-22 13:35:00 w1 AAVE-USD 2026-09: 24459 candles | 98.4% done (27 left)
2026-09-22 13:35:33 w1 CRV-USD 2026-09: 19916 candles | 98.4% done (27 left)
2026-09-22 13:36:05 w1 MANA-USD 2026-09: 4057 candles | 98.4% done (27 left)
2026-09-22 13:36:39 w1 ZEC-USD 2026-09: 31047 candles | 98.4% done (27 left)
2026-09-22 13:37:11 w1 COMP-USD 2026-09: 7386 candles | 98.4% done (27 left)
worker done
worker 1/2: 13 months to fetch
2026-09-22 13:45:36 w1 ETH-USD 2026-09: 31065 candles | 98.4% done (27 left)
2026-09-22 13:46:10 w1 ADA-USD 2026-09: 30735 candles | 98.4% done (27 left)
2026-09-22 13:46:43 w1 LINK-USD 2026-09: 30522 candles | 98.4% done (27 left)
2026-09-22 13:47:17 w1 DOT-USD 2026-09: 28422 candles | 98.4% done (27 left)
2026-09-22 13:47:50 w1 ATOM-USD 2026-09: 19676 candles | 98.4% done (27 left)
2026-09-22 13:48:23 w1 BCH-USD 2026-09: 27803 candles | 98.4% done (27 left)
2026-09-22 13:48:57 w1 FIL-USD 2026-09: 24884 candles | 98.4% done (27 left)
2026-09-22 13:49:29 w1 ETC-USD 2026-09: 16759 candles | 98.4% done (27 left)
2026-09-22 13:50:03 w1 AAVE-USD 2026-09: 24474 candles | 98.4% done (27 left)
2026-09-22 13:50:36 w1 CRV-USD 2026-09: 19930 candles | 98.4% done (27 left)
2026-09-22 13:51:08 w1 MANA-USD 2026-09: 4061 candles | 98.4% done (27 left)
2026-09-22 13:51:42 w1 ZEC-USD 2026-09: 31062 candles | 98.4% done (27 left)
2026-09-22 13:52:14 w1 COMP-USD 2026-09: 7387 candles | 98.4% done (27 left)
worker done
worker 1/2: 13 months to fetch
2026-09-22 14:00:35 w1 ETH-USD 2026-09: 31080 candles | 98.4% done (27 left)
2026-09-22 14:01:11 w1 ADA-USD 2026-09: 30750 candles | 98.4% done (27 left)
2026-09-22 14:01:45 w1 LINK-USD 2026-09: 30537 candles | 98.4% done (27 left)
2026-09-22 14:02:18 w1 DOT-USD 2026-09: 28437 candles | 98.4% done (27 left)
2026-09-22 14:02:51 w1 ATOM-USD 2026-09: 19682 candles | 98.4% done (27 left)
2026-09-22 14:03:25 w1 BCH-USD 2026-09: 27818 candles | 98.4% done (27 left)
2026-09-22 14:03:58 w1 FIL-USD 2026-09: 24898 candles | 98.4% done (27 left)
2026-09-22 14:04:31 w1 ETC-USD 2026-09: 16771 candles | 98.4% done (27 left)
2026-09-22 14:05:04 w1 AAVE-USD 2026-09: 24489 candles | 98.4% done (27 left)
2026-09-22 14:05:37 w1 CRV-USD 2026-09: 19941 candles | 98.4% done (27 left)
2026-09-22 14:06:09 w1 MANA-USD 2026-09: 4062 candles | 98.4% done (27 left)
2026-09-22 14:06:44 w1 ZEC-USD 2026-09: 31077 candles | 98.4% done (27 left)
2026-09-22 14:07:16 w1 COMP-USD 2026-09: 7388 candles | 98.4% done (27 left)
worker done
worker 1/2: 13 months to fetch
2026-09-22 14:15:35 w1 ETH-USD 2026-09: 31095 candles | 98.4% done (27 left)
2026-09-22 14:16:09 w1 ADA-USD 2026-09: 30765 candles | 98.4% done (27 left)
2026-09-22 14:16:42 w1 LINK-USD 2026-09: 30552 candles | 98.4% done (27 left)
2026-09-22 14:17:16 w1 DOT-USD 2026-09: 28452 candles | 98.4% done (27 left)
2026-09-22 14:17:48 w1 ATOM-USD 2026-09: 19692 candles | 98.4% done (27 left)
2026-09-22 14:18:22 w1 BCH-USD 2026-09: 27833 candles | 98.4% done (27 left)
2026-09-22 14:18:55 w1 FIL-USD 2026-09: 24913 candles | 98.4% done (27 left)
2026-09-22 14:19:28 w1 ETC-USD 2026-09: 16782 candles | 98.4% done (27 left)
2026-09-22 14:20:01 w1 AAVE-USD 2026-09: 24504 candles | 98.4% done (27 left)
2026-09-22 14:20:34 w1 CRV-USD 2026-09: 19949 candles | 98.4% done (27 left)
2026-09-22 14:21:06 w1 MANA-USD 2026-09: 4065 candles | 98.4% done (27 left)
2026-09-22 14:21:40 w1 ZEC-USD 2026-09: 31092 candles | 98.4% done (27 left)
2026-09-22 14:22:13 w1 COMP-USD 2026-09: 7392 candles | 98.4% done (27 left)
worker done
worker 1/2: 13 months to fetch
2026-09-22 14:30:35 w1 ETH-USD 2026-09: 31110 candles | 98.4% done (27 left)
2026-09-22 14:31:09 w1 ADA-USD 2026-09: 30780 candles | 98.4% done (27 left)
2026-09-22 14:31:43 w1 LINK-USD 2026-09: 30567 candles | 98.4% done (27 left)
2026-09-22 14:32:16 w1 DOT-USD 2026-09: 28467 candles | 98.4% done (27 left)
2026-09-22 14:32:49 w1 ATOM-USD 2026-09: 19703 candles | 98.4% done (27 left)
2026-09-22 14:33:23 w1 BCH-USD 2026-09: 27848 candles | 98.4% done (27 left)
2026-09-22 14:33:56 w1 FIL-USD 2026-09: 24927 candles | 98.4% done (27 left)
2026-09-22 14:34:29 w1 ETC-USD 2026-09: 16792 candles | 98.4% done (27 left)
2026-09-22 14:35:02 w1 AAVE-USD 2026-09: 24519 candles | 98.4% done (27 left)
2026-09-22 14:35:38 w1 CRV-USD 2026-09: 19962 candles | 98.4% done (27 left)
2026-09-22 14:36:10 w1 MANA-USD 2026-09: 4069 candles | 98.4% done (27 left)
2026-09-22 14:36:44 w1 ZEC-USD 2026-09: 31107 candles | 98.4% done (27 left)
2026-09-22 14:37:16 w1 COMP-USD 2026-09: 7400 candles | 98.4% done (27 left)
worker done
worker 1/2: 13 months to fetch
2026-09-22 14:45:35 w1 ETH-USD 2026-09: 31125 candles | 98.4% done (27 left)
2026-09-22 14:46:09 w1 ADA-USD 2026-09: 30795 candles | 98.4% done (27 left)
2026-09-22 14:46:43 w1 LINK-USD 2026-09: 30582 candles | 98.4% done (27 left)
2026-09-22 14:47:17 w1 DOT-USD 2026-09: 28482 candles | 98.4% done (27 left)
2026-09-22 14:47:50 w1 ATOM-USD 2026-09: 19713 candles | 98.4% done (27 left)
2026-09-22 14:48:24 w1 BCH-USD 2026-09: 27863 candles | 98.4% done (27 left)
2026-09-22 14:48:58 w1 FIL-USD 2026-09: 24941 candles | 98.4% done (27 left)
2026-09-22 14:49:30 w1 ETC-USD 2026-09: 16800 candles | 98.4% done (27 left)
2026-09-22 14:50:03 w1 AAVE-USD 2026-09: 24533 candles | 98.4% done (27 left)
2026-09-22 14:50:36 w1 CRV-USD 2026-09: 19977 candles | 98.4% done (27 left)
2026-09-22 14:51:13 w1 MANA-USD 2026-09: 4072 candles | 98.4% done (27 left)
2026-09-22 14:51:49 w1 ZEC-USD 2026-09: 31122 candles | 98.4% done (27 left)
2026-09-22 14:52:21 w1 COMP-USD 2026-09: 7405 candles | 98.4% done (27 left)
worker done
worker 1/2: 13 months to fetch
2026-09-22 15:00:35 w1 ETH-USD 2026-09: 31140 candles | 98.4% done (27 left)
2026-09-22 15:01:09 w1 ADA-USD 2026-09: 30810 candles | 98.4% done (27 left)
2026-09-22 15:01:43 w1 LINK-USD 2026-09: 30597 candles | 98.4% done (27 left)
2026-09-22 15:02:17 w1 DOT-USD 2026-09: 28497 candles | 98.4% done (27 left)
2026-09-22 15:02:50 w1 ATOM-USD 2026-09: 19719 candles | 98.4% done (27 left)
2026-09-22 15:03:23 w1 BCH-USD 2026-09: 27878 candles | 98.4% done (27 left)
2026-09-22 15:03:57 w1 FIL-USD 2026-09: 24955 candles | 98.4% done (27 left)
2026-09-22 15:04:29 w1 ETC-USD 2026-09: 16805 candles | 98.4% done (27 left)
2026-09-22 15:05:02 w1 AAVE-USD 2026-09: 24547 candles | 98.4% done (27 left)
2026-09-22 15:05:36 w1 CRV-USD 2026-09: 19986 candles | 98.4% done (27 left)
2026-09-22 15:06:08 w1 MANA-USD 2026-09: 4074 candles | 98.4% done (27 left)
2026-09-22 15:06:41 w1 ZEC-USD 2026-09: 31137 candles | 98.4% done (27 left)
2026-09-22 15:07:14 w1 COMP-USD 2026-09: 7410 candles | 98.4% done (27 left)
worker done
worker 1/2: 13 months to fetch
2026-09-22 15:15:35 w1 ETH-USD 2026-09: 31155 candles | 98.4% done (27 left)
2026-09-22 15:16:08 w1 ADA-USD 2026-09: 30825 candles | 98.4% done (27 left)
2026-09-22 15:16:41 w1 LINK-USD 2026-09: 30612 candles | 98.4% done (27 left)
2026-09-22 15:17:14 w1 DOT-USD 2026-09: 28512 candles | 98.4% done (27 left)
2026-09-22 15:17:47 w1 ATOM-USD 2026-09: 19725 candles | 98.4% done (27 left)
2026-09-22 15:18:21 w1 BCH-USD 2026-09: 27893 candles | 98.4% done (27 left)
2026-09-22 15:18:54 w1 FIL-USD 2026-09: 24969 candles | 98.4% done (27 left)
2026-09-22 15:19:26 w1 ETC-USD 2026-09: 16810 candles | 98.4% done (27 left)
2026-09-22 15:19:59 w1 AAVE-USD 2026-09: 24562 candles | 98.4% done (27 left)
2026-09-22 15:20:31 w1 CRV-USD 2026-09: 19996 candles | 98.4% done (27 left)
2026-09-22 15:21:03 w1 MANA-USD 2026-09: 4078 candles | 98.4% done (27 left)
2026-09-22 15:21:37 w1 ZEC-USD 2026-09: 31152 candles | 98.4% done (27 left)
2026-09-22 15:22:09 w1 COMP-USD 2026-09: 7416 candles | 98.4% done (27 left)
worker done
worker 1/2: 13 months to fetch
2026-09-22 15:30:35 w1 ETH-USD 2026-09: 31170 candles | 98.4% done (27 left)
2026-09-22 15:31:08 w1 ADA-USD 2026-09: 30840 candles | 98.4% done (27 left)
2026-09-22 15:31:42 w1 LINK-USD 2026-09: 30627 candles | 98.4% done (27 left)
2026-09-22 15:32:16 w1 DOT-USD 2026-09: 28527 candles | 98.4% done (27 left)
2026-09-22 15:32:50 w1 ATOM-USD 2026-09: 19731 candles | 98.4% done (27 left)
2026-09-22 15:33:23 w1 BCH-USD 2026-09: 27908 candles | 98.4% done (27 left)
2026-09-22 15:33:56 w1 FIL-USD 2026-09: 24983 candles | 98.4% done (27 left)
2026-09-22 15:34:28 w1 ETC-USD 2026-09: 16819 candles | 98.4% done (27 left)
2026-09-22 15:35:01 w1 AAVE-USD 2026-09: 24577 candles | 98.4% done (27 left)
2026-09-22 15:35:34 w1 CRV-USD 2026-09: 20002 candles | 98.4% done (27 left)
2026-09-22 15:36:06 w1 MANA-USD 2026-09: 4084 candles | 98.4% done (27 left)
2026-09-22 15:36:40 w1 ZEC-USD 2026-09: 31167 candles | 98.4% done (27 left)
2026-09-22 15:37:34 w1 COMP-USD 2026-09: 7420 candles | 98.4% done (27 left)
worker done
worker 1/2: 13 months to fetch
2026-09-22 15:45:35 w1 ETH-USD 2026-09: 31185 candles | 98.4% done (27 left)
2026-09-22 15:46:09 w1 ADA-USD 2026-09: 30855 candles | 98.4% done (27 left)
2026-09-22 15:46:42 w1 LINK-USD 2026-09: 30642 candles | 98.4% done (27 left)
2026-09-22 15:47:16 w1 DOT-USD 2026-09: 28542 candles | 98.4% done (27 left)
2026-09-22 15:47:50 w1 ATOM-USD 2026-09: 19742 candles | 98.4% done (27 left)
2026-09-22 15:48:23 w1 BCH-USD 2026-09: 27923 candles | 98.4% done (27 left)
2026-09-22 15:48:57 w1 FIL-USD 2026-09: 24998 candles | 98.4% done (27 left)
2026-09-22 15:49:29 w1 ETC-USD 2026-09: 16831 candles | 98.4% done (27 left)
2026-09-22 15:50:02 w1 AAVE-USD 2026-09: 24592 candles | 98.4% done (27 left)
2026-09-22 15:50:35 w1 CRV-USD 2026-09: 20013 candles | 98.4% done (27 left)
2026-09-22 15:51:08 w1 MANA-USD 2026-09: 4088 candles | 98.4% done (27 left)
2026-09-22 15:51:42 w1 ZEC-USD 2026-09: 31182 candles | 98.4% done (27 left)
2026-09-22 15:52:14 w1 COMP-USD 2026-09: 7425 candles | 98.4% done (27 left)
worker done
worker 1/2: 13 months to fetch
2026-09-22 16:00:36 w1 ETH-USD 2026-09: 31200 candles | 98.4% done (27 left)
2026-09-22 16:01:11 w1 ADA-USD 2026-09: 30870 candles | 98.4% done (27 left)
2026-09-22 16:01:48 w1 LINK-USD 2026-09: 30657 candles | 98.4% done (27 left)
2026-09-22 16:02:22 w1 DOT-USD 2026-09: 28557 candles | 98.4% done (27 left)
2026-09-22 16:02:55 w1 ATOM-USD 2026-09: 19755 candles | 98.4% done (27 left)
2026-09-22 16:03:29 w1 BCH-USD 2026-09: 27938 candles | 98.4% done (27 left)
2026-09-22 16:04:03 w1 FIL-USD 2026-09: 25010 candles | 98.4% done (27 left)
2026-09-22 16:04:36 w1 ETC-USD 2026-09: 16844 candles | 98.4% done (27 left)
2026-09-22 16:05:12 w1 AAVE-USD 2026-09: 24604 candles | 98.4% done (27 left)
2026-09-22 16:05:45 w1 CRV-USD 2026-09: 20025 candles | 98.4% done (27 left)
2026-09-22 16:06:18 w1 MANA-USD 2026-09: 4093 candles | 98.4% done (27 left)
2026-09-22 16:06:52 w1 ZEC-USD 2026-09: 31197 candles | 98.4% done (27 left)
2026-09-22 16:07:25 w1 COMP-USD 2026-09: 7429 candles | 98.4% done (27 left)
worker done
worker 1/2: 13 months to fetch
2026-09-22 16:15:36 w1 ETH-USD 2026-09: 31215 candles | 98.4% done (27 left)
2026-09-22 16:16:10 w1 ADA-USD 2026-09: 30885 candles | 98.4% done (27 left)
2026-09-22 16:16:43 w1 LINK-USD 2026-09: 30672 candles | 98.4% done (27 left)
2026-09-22 16:17:17 w1 DOT-USD 2026-09: 28572 candles | 98.4% done (27 left)
2026-09-22 16:17:50 w1 ATOM-USD 2026-09: 19769 candles | 98.4% done (27 left)
2026-09-22 16:18:24 w1 BCH-USD 2026-09: 27953 candles | 98.4% done (27 left)
2026-09-22 16:18:57 w1 FIL-USD 2026-09: 25025 candles | 98.4% done (27 left)
2026-09-22 16:19:30 w1 ETC-USD 2026-09: 16855 candles | 98.4% done (27 left)
2026-09-22 16:20:03 w1 AAVE-USD 2026-09: 24618 candles | 98.4% done (27 left)
2026-09-22 16:20:37 w1 CRV-USD 2026-09: 20039 candles | 98.4% done (27 left)
2026-09-22 16:21:09 w1 MANA-USD 2026-09: 4100 candles | 98.4% done (27 left)
2026-09-22 16:21:43 w1 ZEC-USD 2026-09: 31212 candles | 98.4% done (27 left)
2026-09-22 16:22:16 w1 COMP-USD 2026-09: 7433 candles | 98.4% done (27 left)
worker done
worker 1/2: 13 months to fetch
2026-09-22 16:30:35 w1 ETH-USD 2026-09: 31230 candles | 98.4% done (27 left)
2026-09-22 16:31:09 w1 ADA-USD 2026-09: 30900 candles | 98.4% done (27 left)
2026-09-22 16:31:43 w1 LINK-USD 2026-09: 30687 candles | 98.4% done (27 left)
2026-09-22 16:32:16 w1 DOT-USD 2026-09: 28587 candles | 98.4% done (27 left)
2026-09-22 16:32:50 w1 ATOM-USD 2026-09: 19780 candles | 98.4% done (27 left)
2026-09-22 16:33:24 w1 BCH-USD 2026-09: 27968 candles | 98.4% done (27 left)
2026-09-22 16:33:57 w1 FIL-USD 2026-09: 25039 candles | 98.4% done (27 left)
2026-09-22 16:34:30 w1 ETC-USD 2026-09: 16866 candles | 98.4% done (27 left)
2026-09-22 16:35:03 w1 AAVE-USD 2026-09: 24631 candles | 98.4% done (27 left)
2026-09-22 16:35:36 w1 CRV-USD 2026-09: 20050 candles | 98.4% done (27 left)
2026-09-22 16:36:09 w1 MANA-USD 2026-09: 4104 candles | 98.4% done (27 left)
2026-09-22 16:36:43 w1 ZEC-USD 2026-09: 31227 candles | 98.4% done (27 left)
2026-09-22 16:37:16 w1 COMP-USD 2026-09: 7438 candles | 98.4% done (27 left)
worker done
worker 1/2: 13 months to fetch
2026-09-22 16:45:35 w1 ETH-USD 2026-09: 31245 candles | 98.4% done (27 left)
2026-09-22 16:46:10 w1 ADA-USD 2026-09: 30915 candles | 98.4% done (27 left)
2026-09-22 16:46:44 w1 LINK-USD 2026-09: 30702 candles | 98.4% done (27 left)
2026-09-22 16:47:17 w1 DOT-USD 2026-09: 28602 candles | 98.4% done (27 left)
2026-09-22 16:47:50 w1 ATOM-USD 2026-09: 19791 candles | 98.4% done (27 left)
2026-09-22 16:48:24 w1 BCH-USD 2026-09: 27983 candles | 98.4% done (27 left)
2026-09-22 16:48:57 w1 FIL-USD 2026-09: 25050 candles | 98.4% done (27 left)
2026-09-22 16:49:30 w1 ETC-USD 2026-09: 16874 candles | 98.4% done (27 left)
2026-09-22 16:50:04 w1 AAVE-USD 2026-09: 24644 candles | 98.4% done (27 left)
2026-09-22 16:50:38 w1 CRV-USD 2026-09: 20057 candles | 98.4% done (27 left)
2026-09-22 16:51:10 w1 MANA-USD 2026-09: 4106 candles | 98.4% done (27 left)
2026-09-22 16:51:44 w1 ZEC-USD 2026-09: 31242 candles | 98.4% done (27 left)
2026-09-22 16:52:16 w1 COMP-USD 2026-09: 7441 candles | 98.4% done (27 left)
worker done
worker 1/2: 13 months to fetch
2026-09-22 17:00:36 w1 ETH-USD 2026-09: 31260 candles | 98.4% done (27 left)
2026-09-22 17:01:11 w1 ADA-USD 2026-09: 30930 candles | 98.4% done (27 left)
2026-09-22 17:01:46 w1 LINK-USD 2026-09: 30717 candles | 98.4% done (27 left)
2026-09-22 17:02:20 w1 DOT-USD 2026-09: 28616 candles | 98.4% done (27 left)
2026-09-22 17:02:54 w1 ATOM-USD 2026-09: 19803 candles | 98.4% done (27 left)
2026-09-22 17:03:28 w1 BCH-USD 2026-09: 27998 candles | 98.4% done (27 left)
2026-09-22 17:04:01 w1 FIL-USD 2026-09: 25065 candles | 98.4% done (27 left)
2026-09-22 17:04:34 w1 ETC-USD 2026-09: 16885 candles | 98.4% done (27 left)
2026-09-22 17:05:08 w1 AAVE-USD 2026-09: 24658 candles | 98.4% done (27 left)
2026-09-22 17:05:41 w1 CRV-USD 2026-09: 20067 candles | 98.4% done (27 left)
2026-09-22 17:06:13 w1 MANA-USD 2026-09: 4107 candles | 98.4% done (27 left)
2026-09-22 17:06:48 w1 ZEC-USD 2026-09: 31257 candles | 98.4% done (27 left)
2026-09-22 17:07:21 w1 COMP-USD 2026-09: 7442 candles | 98.4% done (27 left)
worker done
worker 1/2: 13 months to fetch
2026-09-22 17:15:36 w1 ETH-USD 2026-09: 31275 candles | 98.4% done (27 left)
2026-09-22 17:16:10 w1 ADA-USD 2026-09: 30945 candles | 98.4% done (27 left)
2026-09-22 17:16:43 w1 LINK-USD 2026-09: 30732 candles | 98.4% done (27 left)
2026-09-22 17:17:17 w1 DOT-USD 2026-09: 28630 candles | 98.4% done (27 left)
2026-09-22 17:17:50 w1 ATOM-USD 2026-09: 19812 candles | 98.4% done (27 left)
2026-09-22 17:18:23 w1 BCH-USD 2026-09: 28013 candles | 98.4% done (27 left)
2026-09-22 17:18:57 w1 FIL-USD 2026-09: 25078 candles | 98.4% done (27 left)
2026-09-22 17:19:29 w1 ETC-USD 2026-09: 16891 candles | 98.4% done (27 left)
2026-09-22 17:20:02 w1 AAVE-USD 2026-09: 24673 candles | 98.4% done (27 left)
2026-09-22 17:20:36 w1 CRV-USD 2026-09: 20076 candles | 98.4% done (27 left)
2026-09-22 17:21:08 w1 MANA-USD 2026-09: 4110 candles | 98.4% done (27 left)
2026-09-22 17:21:45 w1 ZEC-USD 2026-09: 31272 candles | 98.4% done (27 left)
2026-09-22 17:22:18 w1 COMP-USD 2026-09: 7449 candles | 98.4% done (27 left)
worker done
worker 1/2: 13 months to fetch
2026-09-22 17:30:35 w1 ETH-USD 2026-09: 31290 candles | 98.4% done (27 left)
2026-09-22 17:31:10 w1 ADA-USD 2026-09: 30960 candles | 98.4% done (27 left)
2026-09-22 17:31:43 w1 LINK-USD 2026-09: 30747 candles | 98.4% done (27 left)
2026-09-22 17:32:17 w1 DOT-USD 2026-09: 28644 candles | 98.4% done (27 left)
2026-09-22 17:32:50 w1 ATOM-USD 2026-09: 19823 candles | 98.4% done (27 left)
2026-09-22 17:33:23 w1 BCH-USD 2026-09: 28028 candles | 98.4% done (27 left)
2026-09-22 17:33:58 w1 FIL-USD 2026-09: 25092 candles | 98.4% done (27 left)
2026-09-22 17:34:30 w1 ETC-USD 2026-09: 16899 candles | 98.4% done (27 left)
2026-09-22 17:35:04 w1 AAVE-USD 2026-09: 24685 candles | 98.4% done (27 left)
2026-09-22 17:35:37 w1 CRV-USD 2026-09: 20086 candles | 98.4% done (27 left)
2026-09-22 17:36:09 w1 MANA-USD 2026-09: 4111 candles | 98.4% done (27 left)
2026-09-22 17:36:43 w1 ZEC-USD 2026-09: 31287 candles | 98.4% done (27 left)
2026-09-22 17:37:15 w1 COMP-USD 2026-09: 7452 candles | 98.4% done (27 left)
worker done
worker 1/2: 13 months to fetch
2026-09-22 17:45:35 w1 ETH-USD 2026-09: 31305 candles | 98.4% done (27 left)
2026-09-22 17:46:08 w1 ADA-USD 2026-09: 30975 candles | 98.4% done (27 left)
2026-09-22 17:46:42 w1 LINK-USD 2026-09: 30762 candles | 98.4% done (27 left)
2026-09-22 17:47:16 w1 DOT-USD 2026-09: 28656 candles | 98.4% done (27 left)
2026-09-22 17:47:49 w1 ATOM-USD 2026-09: 19833 candles | 98.4% done (27 left)
2026-09-22 17:48:23 w1 BCH-USD 2026-09: 28043 candles | 98.4% done (27 left)
2026-09-22 17:48:56 w1 FIL-USD 2026-09: 25106 candles | 98.4% done (27 left)
2026-09-22 17:49:29 w1 ETC-USD 2026-09: 16908 candles | 98.4% done (27 left)
2026-09-22 17:50:02 w1 AAVE-USD 2026-09: 24700 candles | 98.4% done (27 left)
2026-09-22 17:50:36 w1 CRV-USD 2026-09: 20096 candles | 98.4% done (27 left)
2026-09-22 17:51:09 w1 MANA-USD 2026-09: 4113 candles | 98.4% done (27 left)
2026-09-22 17:51:43 w1 ZEC-USD 2026-09: 31302 candles | 98.4% done (27 left)
2026-09-22 17:52:16 w1 COMP-USD 2026-09: 7455 candles | 98.4% done (27 left)
worker done
worker 1/2: 13 months to fetch
2026-09-22 18:00:36 w1 ETH-USD 2026-09: 31320 candles | 98.4% done (27 left)
2026-09-22 18:01:11 w1 ADA-USD 2026-09: 30990 candles | 98.4% done (27 left)
2026-09-22 18:01:46 w1 LINK-USD 2026-09: 30777 candles | 98.4% done (27 left)
2026-09-22 18:02:19 w1 DOT-USD 2026-09: 28669 candles | 98.4% done (27 left)
2026-09-22 18:02:53 w1 ATOM-USD 2026-09: 19844 candles | 98.4% done (27 left)
2026-09-22 18:03:27 w1 BCH-USD 2026-09: 28058 candles | 98.4% done (27 left)
2026-09-22 18:04:00 w1 FIL-USD 2026-09: 25116 candles | 98.4% done (27 left)
2026-09-22 18:04:33 w1 ETC-USD 2026-09: 16920 candles | 98.4% done (27 left)
2026-09-22 18:05:06 w1 AAVE-USD 2026-09: 24714 candles | 98.4% done (27 left)
2026-09-22 18:05:40 w1 CRV-USD 2026-09: 20106 candles | 98.4% done (27 left)
2026-09-22 18:06:12 w1 MANA-USD 2026-09: 4116 candles | 98.4% done (27 left)
2026-09-22 18:06:46 w1 ZEC-USD 2026-09: 31317 candles | 98.4% done (27 left)
2026-09-22 18:07:18 w1 COMP-USD 2026-09: 7459 candles | 98.4% done (27 left)
worker done
worker 1/2: 13 months to fetch
2026-09-22 18:15:35 w1 ETH-USD 2026-09: 31335 candles | 98.4% done (27 left)
2026-09-22 18:16:08 w1 ADA-USD 2026-09: 31005 candles | 98.4% done (27 left)
2026-09-22 18:16:42 w1 LINK-USD 2026-09: 30792 candles | 98.4% done (27 left)
2026-09-22 18:17:15 w1 DOT-USD 2026-09: 28684 candles | 98.4% done (27 left)
2026-09-22 18:17:49 w1 ATOM-USD 2026-09: 19852 candles | 98.4% done (27 left)
2026-09-22 18:18:22 w1 BCH-USD 2026-09: 28073 candles | 98.4% done (27 left)
2026-09-22 18:18:56 w1 FIL-USD 2026-09: 25129 candles | 98.4% done (27 left)
2026-09-22 18:19:29 w1 ETC-USD 2026-09: 16930 candles | 98.4% done (27 left)
2026-09-22 18:20:02 w1 AAVE-USD 2026-09: 24728 candles | 98.4% done (27 left)
2026-09-22 18:20:36 w1 CRV-USD 2026-09: 20110 candles | 98.4% done (27 left)
2026-09-22 18:21:08 w1 MANA-USD 2026-09: 4119 candles | 98.4% done (27 left)
2026-09-22 18:21:43 w1 ZEC-USD 2026-09: 31332 candles | 98.4% done (27 left)
2026-09-22 18:22:16 w1 COMP-USD 2026-09: 7461 candles | 98.4% done (27 left)
worker done
worker 1/2: 13 months to fetch
2026-09-22 18:30:35 w1 ETH-USD 2026-09: 31350 candles | 98.4% done (27 left)
2026-09-22 18:31:09 w1 ADA-USD 2026-09: 31020 candles | 98.4% done (27 left)
2026-09-22 18:31:43 w1 LINK-USD 2026-09: 30807 candles | 98.4% done (27 left)
2026-09-22 18:32:17 w1 DOT-USD 2026-09: 28698 candles | 98.4% done (27 left)
2026-09-22 18:32:50 w1 ATOM-USD 2026-09: 19859 candles | 98.4% done (27 left)
2026-09-22 18:33:24 w1 BCH-USD 2026-09: 28088 candles | 98.4% done (27 left)
2026-09-22 18:33:58 w1 FIL-USD 2026-09: 25140 candles | 98.4% done (27 left)
2026-09-22 18:34:30 w1 ETC-USD 2026-09: 16940 candles | 98.4% done (27 left)
2026-09-22 18:35:04 w1 AAVE-USD 2026-09: 24743 candles | 98.4% done (27 left)
2026-09-22 18:35:37 w1 CRV-USD 2026-09: 20119 candles | 98.4% done (27 left)
2026-09-22 18:36:12 w1 MANA-USD 2026-09: 4122 candles | 98.4% done (27 left)
2026-09-22 18:36:46 w1 ZEC-USD 2026-09: 31347 candles | 98.4% done (27 left)
2026-09-22 18:37:19 w1 COMP-USD 2026-09: 7465 candles | 98.4% done (27 left)
worker done
worker 1/2: 13 months to fetch
2026-09-22 18:45:36 w1 ETH-USD 2026-09: 31365 candles | 98.4% done (27 left)
2026-09-22 18:46:10 w1 ADA-USD 2026-09: 31035 candles | 98.4% done (27 left)
2026-09-22 18:46:44 w1 LINK-USD 2026-09: 30822 candles | 98.4% done (27 left)
2026-09-22 18:47:17 w1 DOT-USD 2026-09: 28712 candles | 98.4% done (27 left)
2026-09-22 18:47:51 w1 ATOM-USD 2026-09: 19867 candles | 98.4% done (27 left)
2026-09-22 18:48:24 w1 BCH-USD 2026-09: 28103 candles | 98.4% done (27 left)
2026-09-22 18:48:58 w1 FIL-USD 2026-09: 25150 candles | 98.4% done (27 left)
2026-09-22 18:49:31 w1 ETC-USD 2026-09: 16953 candles | 98.4% done (27 left)
2026-09-22 18:50:05 w1 AAVE-USD 2026-09: 24758 candles | 98.4% done (27 left)
2026-09-22 18:50:40 w1 CRV-USD 2026-09: 20126 candles | 98.4% done (27 left)
2026-09-22 18:51:12 w1 MANA-USD 2026-09: 4125 candles | 98.4% done (27 left)
2026-09-22 18:51:47 w1 ZEC-USD 2026-09: 31362 candles | 98.4% done (27 left)
2026-09-22 18:52:19 w1 COMP-USD 2026-09: 7467 candles | 98.4% done (27 left)
worker done
worker 1/2: 13 months to fetch
2026-09-22 19:00:36 w1 ETH-USD 2026-09: 31380 candles | 98.4% done (27 left)
2026-09-22 19:01:10 w1 ADA-USD 2026-09: 31050 candles | 98.4% done (27 left)
2026-09-22 19:01:45 w1 LINK-USD 2026-09: 30837 candles | 98.4% done (27 left)
2026-09-22 19:02:19 w1 DOT-USD 2026-09: 28725 candles | 98.4% done (27 left)
2026-09-22 19:02:52 w1 ATOM-USD 2026-09: 19875 candles | 98.4% done (27 left)
2026-09-22 19:03:26 w1 BCH-USD 2026-09: 28118 candles | 98.4% done (27 left)
2026-09-22 19:03:59 w1 FIL-USD 2026-09: 25162 candles | 98.4% done (27 left)
2026-09-22 19:04:33 w1 ETC-USD 2026-09: 16966 candles | 98.4% done (27 left)
2026-09-22 19:05:06 w1 AAVE-USD 2026-09: 24773 candles | 98.4% done (27 left)
2026-09-22 19:05:42 w1 CRV-USD 2026-09: 20132 candles | 98.4% done (27 left)
2026-09-22 19:06:15 w1 MANA-USD 2026-09: 4127 candles | 98.4% done (27 left)
2026-09-22 19:06:51 w1 ZEC-USD 2026-09: 31377 candles | 98.4% done (27 left)
2026-09-22 19:07:24 w1 COMP-USD 2026-09: 7472 candles | 98.4% done (27 left)
worker done
worker 1/2: 13 months to fetch
2026-09-22 19:15:41 w1 ETH-USD 2026-09: 31395 candles | 98.4% done (27 left)
2026-09-22 19:16:15 w1 ADA-USD 2026-09: 31065 candles | 98.4% done (27 left)
2026-09-22 19:16:49 w1 LINK-USD 2026-09: 30852 candles | 98.4% done (27 left)
2026-09-22 19:17:23 w1 DOT-USD 2026-09: 28737 candles | 98.4% done (27 left)
2026-09-22 19:17:57 w1 ATOM-USD 2026-09: 19883 candles | 98.4% done (27 left)
2026-09-22 19:18:31 w1 BCH-USD 2026-09: 28133 candles | 98.4% done (27 left)
2026-09-22 19:19:06 w1 FIL-USD 2026-09: 25174 candles | 98.4% done (27 left)
2026-09-22 19:19:39 w1 ETC-USD 2026-09: 16981 candles | 98.4% done (27 left)
2026-09-22 19:20:12 w1 AAVE-USD 2026-09: 24788 candles | 98.4% done (27 left)
2026-09-22 19:20:46 w1 CRV-USD 2026-09: 20140 candles | 98.4% done (27 left)
2026-09-22 19:21:19 w1 MANA-USD 2026-09: 4128 candles | 98.4% done (27 left)
2026-09-22 19:21:57 w1 ZEC-USD 2026-09: 31392 candles | 98.4% done (27 left)
2026-09-22 19:22:30 w1 COMP-USD 2026-09: 7476 candles | 98.4% done (27 left)
worker done
worker 1/2: 13 months to fetch
2026-09-22 19:30:36 w1 ETH-USD 2026-09: 31410 candles | 98.4% done (27 left)
2026-09-22 19:31:10 w1 ADA-USD 2026-09: 31080 candles | 98.4% done (27 left)
2026-09-22 19:31:44 w1 LINK-USD 2026-09: 30867 candles | 98.4% done (27 left)
2026-09-22 19:32:21 w1 DOT-USD 2026-09: 28752 candles | 98.4% done (27 left)
2026-09-22 19:32:55 w1 ATOM-USD 2026-09: 19892 candles | 98.4% done (27 left)
2026-09-22 19:33:29 w1 BCH-USD 2026-09: 28148 candles | 98.4% done (27 left)
2026-09-22 19:34:06 w1 FIL-USD 2026-09: 25188 candles | 98.4% done (27 left)
2026-09-22 19:34:39 w1 ETC-USD 2026-09: 16996 candles | 98.4% done (27 left)
2026-09-22 19:35:13 w1 AAVE-USD 2026-09: 24803 candles | 98.4% done (27 left)
2026-09-22 19:35:46 w1 CRV-USD 2026-09: 20149 candles | 98.4% done (27 left)
2026-09-22 19:36:21 w1 MANA-USD 2026-09: 4130 candles | 98.4% done (27 left)
2026-09-22 19:36:55 w1 ZEC-USD 2026-09: 31407 candles | 98.4% done (27 left)
2026-09-22 19:37:28 w1 COMP-USD 2026-09: 7479 candles | 98.4% done (27 left)
worker done
worker 1/2: 13 months to fetch
2026-09-22 19:45:35 w1 ETH-USD 2026-09: 31425 candles | 98.4% done (27 left)
2026-09-22 19:46:09 w1 ADA-USD 2026-09: 31095 candles | 98.4% done (27 left)
2026-09-22 19:46:42 w1 LINK-USD 2026-09: 30882 candles | 98.4% done (27 left)
2026-09-22 19:47:16 w1 DOT-USD 2026-09: 28765 candles | 98.4% done (27 left)
2026-09-22 19:47:50 w1 ATOM-USD 2026-09: 19905 candles | 98.4% done (27 left)
2026-09-22 19:48:24 w1 BCH-USD 2026-09: 28163 candles | 98.4% done (27 left)
2026-09-22 19:48:59 w1 FIL-USD 2026-09: 25199 candles | 98.4% done (27 left)
2026-09-22 19:49:32 w1 ETC-USD 2026-09: 17006 candles | 98.4% done (27 left)
2026-09-22 19:50:11 w1 AAVE-USD 2026-09: 24818 candles | 98.4% done (27 left)
2026-09-22 19:50:44 w1 CRV-USD 2026-09: 20160 candles | 98.4% done (27 left)
2026-09-22 19:51:17 w1 MANA-USD 2026-09: 4133 candles | 98.4% done (27 left)
2026-09-22 19:51:52 w1 ZEC-USD 2026-09: 31422 candles | 98.4% done (27 left)
2026-09-22 19:52:26 w1 COMP-USD 2026-09: 7484 candles | 98.4% done (27 left)
worker done
worker 1/2: 13 months to fetch
2026-09-22 20:00:36 w1 ETH-USD 2026-09: 31440 candles | 98.4% done (27 left)
2026-09-22 20:01:16 w1 ADA-USD 2026-09: 31110 candles | 98.4% done (27 left)
2026-09-22 20:01:49 w1 LINK-USD 2026-09: 30897 candles | 98.4% done (27 left)
2026-09-22 20:02:24 w1 DOT-USD 2026-09: 28778 candles | 98.4% done (27 left)
2026-09-22 20:02:59 w1 ATOM-USD 2026-09: 19918 candles | 98.4% done (27 left)
2026-09-22 20:03:32 w1 BCH-USD 2026-09: 28178 candles | 98.4% done (27 left)
2026-09-22 20:04:06 w1 FIL-USD 2026-09: 25214 candles | 98.4% done (27 left)
2026-09-22 20:04:39 w1 ETC-USD 2026-09: 17017 candles | 98.4% done (27 left)
2026-09-22 20:05:12 w1 AAVE-USD 2026-09: 24832 candles | 98.4% done (27 left)
2026-09-22 20:05:45 w1 CRV-USD 2026-09: 20168 candles | 98.4% done (27 left)
2026-09-22 20:06:18 w1 MANA-USD 2026-09: 4135 candles | 98.4% done (27 left)
2026-09-22 20:06:53 w1 ZEC-USD 2026-09: 31437 candles | 98.4% done (27 left)
2026-09-22 20:07:26 w1 COMP-USD 2026-09: 7490 candles | 98.4% done (27 left)
worker done
worker 1/2: 13 months to fetch
2026-09-22 20:15:36 w1 ETH-USD 2026-09: 31455 candles | 98.4% done (27 left)
2026-09-22 20:16:10 w1 ADA-USD 2026-09: 31125 candles | 98.4% done (27 left)
2026-09-22 20:16:44 w1 LINK-USD 2026-09: 30912 candles | 98.4% done (27 left)
2026-09-22 20:17:18 w1 DOT-USD 2026-09: 28793 candles | 98.4% done (27 left)
2026-09-22 20:17:51 w1 ATOM-USD 2026-09: 19930 candles | 98.4% done (27 left)
2026-09-22 20:18:25 w1 BCH-USD 2026-09: 28193 candles | 98.4% done (27 left)
2026-09-22 20:18:59 w1 FIL-USD 2026-09: 25229 candles | 98.4% done (27 left)
2026-09-22 20:19:31 w1 ETC-USD 2026-09: 17024 candles | 98.4% done (27 left)
2026-09-22 20:20:05 w1 AAVE-USD 2026-09: 24846 candles | 98.4% done (27 left)
2026-09-22 20:20:38 w1 CRV-USD 2026-09: 20173 candles | 98.4% done (27 left)
2026-09-22 20:21:11 w1 MANA-USD 2026-09: 4135 candles | 98.4% done (27 left)
2026-09-22 20:21:45 w1 ZEC-USD 2026-09: 31452 candles | 98.4% done (27 left)
2026-09-22 20:22:18 w1 COMP-USD 2026-09: 7498 candles | 98.4% done (27 left)
worker done
worker 1/2: 13 months to fetch
2026-09-22 20:30:35 w1 ETH-USD 2026-09: 31470 candles | 98.4% done (27 left)
2026-09-22 20:31:09 w1 ADA-USD 2026-09: 31140 candles | 98.4% done (27 left)
2026-09-22 20:31:43 w1 LINK-USD 2026-09: 30927 candles | 98.4% done (27 left)
2026-09-22 20:32:16 w1 DOT-USD 2026-09: 28806 candles | 98.4% done (27 left)
2026-09-22 20:32:50 w1 ATOM-USD 2026-09: 19940 candles | 98.4% done (27 left)
2026-09-22 20:33:24 w1 BCH-USD 2026-09: 28208 candles | 98.4% done (27 left)
2026-09-22 20:33:58 w1 FIL-USD 2026-09: 25237 candles | 98.4% done (27 left)
2026-09-22 20:34:30 w1 ETC-USD 2026-09: 17032 candles | 98.4% done (27 left)
2026-09-22 20:35:04 w1 AAVE-USD 2026-09: 24861 candles | 98.4% done (27 left)
2026-09-22 20:35:37 w1 CRV-USD 2026-09: 20185 candles | 98.4% done (27 left)
2026-09-22 20:36:09 w1 MANA-USD 2026-09: 4139 candles | 98.4% done (27 left)
2026-09-22 20:36:43 w1 ZEC-USD 2026-09: 31467 candles | 98.4% done (27 left)
2026-09-22 20:37:15 w1 COMP-USD 2026-09: 7508 candles | 98.4% done (27 left)
worker done
worker 1/2: 13 months to fetch
2026-09-22 20:45:35 w1 ETH-USD 2026-09: 31485 candles | 98.4% done (27 left)
2026-09-22 20:46:08 w1 ADA-USD 2026-09: 31155 candles | 98.4% done (27 left)
2026-09-22 20:46:41 w1 LINK-USD 2026-09: 30942 candles | 98.4% done (27 left)
2026-09-22 20:47:15 w1 DOT-USD 2026-09: 28820 candles | 98.4% done (27 left)
2026-09-22 20:47:48 w1 ATOM-USD 2026-09: 19949 candles | 98.4% done (27 left)
2026-09-22 20:48:21 w1 BCH-USD 2026-09: 28223 candles | 98.4% done (27 left)
2026-09-22 20:48:55 w1 FIL-USD 2026-09: 25247 candles | 98.4% done (27 left)
2026-09-22 20:49:27 w1 ETC-USD 2026-09: 17041 candles | 98.4% done (27 left)
2026-09-22 20:50:01 w1 AAVE-USD 2026-09: 24875 candles | 98.4% done (27 left)
2026-09-22 20:50:34 w1 CRV-USD 2026-09: 20193 candles | 98.4% done (27 left)
2026-09-22 20:51:06 w1 MANA-USD 2026-09: 4141 candles | 98.4% done (27 left)
2026-09-22 20:51:40 w1 ZEC-USD 2026-09: 31482 candles | 98.4% done (27 left)
2026-09-22 20:52:13 w1 COMP-USD 2026-09: 7517 candles | 98.4% done (27 left)
worker done
worker 1/2: 13 months to fetch
2026-09-22 21:00:40 w1 ETH-USD 2026-09: 31500 candles | 98.4% done (27 left)
2026-09-22 21:01:14 w1 ADA-USD 2026-09: 31170 candles | 98.4% done (27 left)
2026-09-22 21:01:48 w1 LINK-USD 2026-09: 30957 candles | 98.4% done (27 left)
2026-09-22 21:02:22 w1 DOT-USD 2026-09: 28834 candles | 98.4% done (27 left)
2026-09-22 21:02:55 w1 ATOM-USD 2026-09: 19961 candles | 98.4% done (27 left)
2026-09-22 21:03:29 w1 BCH-USD 2026-09: 28238 candles | 98.4% done (27 left)
2026-09-22 21:04:03 w1 FIL-USD 2026-09: 25260 candles | 98.4% done (27 left)
2026-09-22 21:04:36 w1 ETC-USD 2026-09: 17054 candles | 98.4% done (27 left)
2026-09-22 21:05:10 w1 AAVE-USD 2026-09: 24890 candles | 98.4% done (27 left)
2026-09-22 21:05:46 w1 CRV-USD 2026-09: 20204 candles | 98.4% done (27 left)
2026-09-22 21:06:29 w1 MANA-USD 2026-09: 4143 candles | 98.4% done (27 left)
2026-09-22 21:07:08 w1 ZEC-USD 2026-09: 31497 candles | 98.4% done (27 left)
2026-09-22 21:07:43 w1 COMP-USD 2026-09: 7521 candles | 98.4% done (27 left)
worker done
worker 1/2: 13 months to fetch
2026-09-22 21:15:36 w1 ETH-USD 2026-09: 31515 candles | 98.4% done (27 left)
2026-09-22 21:16:10 w1 ADA-USD 2026-09: 31185 candles | 98.4% done (27 left)
2026-09-22 21:16:44 w1 LINK-USD 2026-09: 30972 candles | 98.4% done (27 left)
2026-09-22 21:17:18 w1 DOT-USD 2026-09: 28849 candles | 98.4% done (27 left)
2026-09-22 21:17:51 w1 ATOM-USD 2026-09: 19972 candles | 98.4% done (27 left)
2026-09-22 21:18:24 w1 BCH-USD 2026-09: 28253 candles | 98.4% done (27 left)
2026-09-22 21:18:58 w1 FIL-USD 2026-09: 25275 candles | 98.4% done (27 left)
2026-09-22 21:19:31 w1 ETC-USD 2026-09: 17060 candles | 98.4% done (27 left)
2026-09-22 21:20:05 w1 AAVE-USD 2026-09: 24905 candles | 98.4% done (27 left)
2026-09-22 21:20:38 w1 CRV-USD 2026-09: 20210 candles | 98.4% done (27 left)
2026-09-22 21:21:10 w1 MANA-USD 2026-09: 4147 candles | 98.4% done (27 left)
2026-09-22 21:21:45 w1 ZEC-USD 2026-09: 31512 candles | 98.4% done (27 left)
2026-09-22 21:22:17 w1 COMP-USD 2026-09: 7526 candles | 98.4% done (27 left)
worker done
worker 1/2: 13 months to fetch
2026-09-22 21:30:36 w1 ETH-USD 2026-09: 31530 candles | 98.4% done (27 left)
2026-09-22 21:31:10 w1 ADA-USD 2026-09: 31200 candles | 98.4% done (27 left)
2026-09-22 21:31:44 w1 LINK-USD 2026-09: 30987 candles | 98.4% done (27 left)
2026-09-22 21:32:18 w1 DOT-USD 2026-09: 28863 candles | 98.4% done (27 left)
2026-09-22 21:32:51 w1 ATOM-USD 2026-09: 19981 candles | 98.4% done (27 left)
2026-09-22 21:33:25 w1 BCH-USD 2026-09: 28268 candles | 98.4% done (27 left)
2026-09-22 21:33:59 w1 FIL-USD 2026-09: 25286 candles | 98.4% done (27 left)
2026-09-22 21:34:31 w1 ETC-USD 2026-09: 17067 candles | 98.4% done (27 left)
2026-09-22 21:35:05 w1 AAVE-USD 2026-09: 24919 candles | 98.4% done (27 left)
2026-09-22 21:35:38 w1 CRV-USD 2026-09: 20216 candles | 98.4% done (27 left)
2026-09-22 21:36:11 w1 MANA-USD 2026-09: 4147 candles | 98.4% done (27 left)
2026-09-22 21:36:44 w1 ZEC-USD 2026-09: 31527 candles | 98.4% done (27 left)
2026-09-22 21:37:17 w1 COMP-USD 2026-09: 7529 candles | 98.4% done (27 left)
worker done
worker 1/2: 13 months to fetch
2026-09-22 21:45:35 w1 ETH-USD 2026-09: 31545 candles | 98.4% done (27 left)
2026-09-22 21:46:09 w1 ADA-USD 2026-09: 31215 candles | 98.4% done (27 left)
2026-09-22 21:46:43 w1 LINK-USD 2026-09: 31000 candles | 98.4% done (27 left)
2026-09-22 21:47:17 w1 DOT-USD 2026-09: 28876 candles | 98.4% done (27 left)
2026-09-22 21:47:50 w1 ATOM-USD 2026-09: 19991 candles | 98.4% done (27 left)
2026-09-22 21:48:24 w1 BCH-USD 2026-09: 28283 candles | 98.4% done (27 left)
2026-09-22 21:48:57 w1 FIL-USD 2026-09: 25296 candles | 98.4% done (27 left)
2026-09-22 21:49:30 w1 ETC-USD 2026-09: 17074 candles | 98.4% done (27 left)
2026-09-22 21:50:04 w1 AAVE-USD 2026-09: 24932 candles | 98.4% done (27 left)
2026-09-22 21:50:37 w1 CRV-USD 2026-09: 20219 candles | 98.4% done (27 left)
2026-09-22 21:51:10 w1 MANA-USD 2026-09: 4151 candles | 98.4% done (27 left)
2026-09-22 21:51:44 w1 ZEC-USD 2026-09: 31542 candles | 98.4% done (27 left)
2026-09-22 21:52:17 w1 COMP-USD 2026-09: 7533 candles | 98.4% done (27 left)
worker done
worker 1/2: 13 months to fetch
2026-09-22 22:00:36 w1 ETH-USD 2026-09: 31560 candles | 98.4% done (27 left)
2026-09-22 22:01:10 w1 ADA-USD 2026-09: 31230 candles | 98.4% done (27 left)
2026-09-22 22:01:44 w1 LINK-USD 2026-09: 31015 candles | 98.4% done (27 left)
2026-09-22 22:02:18 w1 DOT-USD 2026-09: 28889 candles | 98.4% done (27 left)
2026-09-22 22:02:52 w1 ATOM-USD 2026-09: 20000 candles | 98.4% done (27 left)
2026-09-22 22:03:25 w1 BCH-USD 2026-09: 28298 candles | 98.4% done (27 left)
2026-09-22 22:03:59 w1 FIL-USD 2026-09: 25308 candles | 98.4% done (27 left)
2026-09-22 22:04:31 w1 ETC-USD 2026-09: 17081 candles | 98.4% done (27 left)
2026-09-22 22:05:05 w1 AAVE-USD 2026-09: 24945 candles | 98.4% done (27 left)
2026-09-22 22:05:39 w1 CRV-USD 2026-09: 20224 candles | 98.4% done (27 left)
2026-09-22 22:06:11 w1 MANA-USD 2026-09: 4155 candles | 98.4% done (27 left)
2026-09-22 22:06:46 w1 ZEC-USD 2026-09: 31557 candles | 98.4% done (27 left)
2026-09-22 22:07:18 w1 COMP-USD 2026-09: 7534 candles | 98.4% done (27 left)
worker done
worker 1/2: 13 months to fetch
2026-09-22 22:15:35 w1 ETH-USD 2026-09: 31575 candles | 98.4% done (27 left)
2026-09-22 22:16:09 w1 ADA-USD 2026-09: 31245 candles | 98.4% done (27 left)
2026-09-22 22:16:43 w1 LINK-USD 2026-09: 31030 candles | 98.4% done (27 left)
2026-09-22 22:17:17 w1 DOT-USD 2026-09: 28903 candles | 98.4% done (27 left)
2026-09-22 22:17:50 w1 ATOM-USD 2026-09: 20008 candles | 98.4% done (27 left)
2026-09-22 22:18:24 w1 BCH-USD 2026-09: 28313 candles | 98.4% done (27 left)
2026-09-22 22:18:57 w1 FIL-USD 2026-09: 25321 candles | 98.4% done (27 left)
2026-09-22 22:19:30 w1 ETC-USD 2026-09: 17089 candles | 98.4% done (27 left)
2026-09-22 22:20:04 w1 AAVE-USD 2026-09: 24960 candles | 98.4% done (27 left)
2026-09-22 22:20:37 w1 CRV-USD 2026-09: 20235 candles | 98.4% done (27 left)
2026-09-22 22:21:09 w1 MANA-USD 2026-09: 4159 candles | 98.4% done (27 left)
2026-09-22 22:21:44 w1 ZEC-USD 2026-09: 31572 candles | 98.4% done (27 left)
2026-09-22 22:22:16 w1 COMP-USD 2026-09: 7539 candles | 98.4% done (27 left)
worker done
worker 1/2: 13 months to fetch
2026-09-22 22:30:35 w1 ETH-USD 2026-09: 31590 candles | 98.4% done (27 left)
2026-09-22 22:31:10 w1 ADA-USD 2026-09: 31260 candles | 98.4% done (27 left)
2026-09-22 22:31:43 w1 LINK-USD 2026-09: 31045 candles | 98.4% done (27 left)
2026-09-22 22:32:17 w1 DOT-USD 2026-09: 28918 candles | 98.4% done (27 left)
2026-09-22 22:32:50 w1 ATOM-USD 2026-09: 20016 candles | 98.4% done (27 left)
2026-09-22 22:33:24 w1 BCH-USD 2026-09: 28328 candles | 98.4% done (27 left)
2026-09-22 22:33:58 w1 FIL-USD 2026-09: 25333 candles | 98.4% done (27 left)
2026-09-22 22:34:30 w1 ETC-USD 2026-09: 17095 candles | 98.4% done (27 left)
2026-09-22 22:35:04 w1 AAVE-USD 2026-09: 24975 candles | 98.4% done (27 left)
2026-09-22 22:35:37 w1 CRV-USD 2026-09: 20244 candles | 98.4% done (27 left)
2026-09-22 22:36:09 w1 MANA-USD 2026-09: 4163 candles | 98.4% done (27 left)
2026-09-22 22:36:43 w1 ZEC-USD 2026-09: 31587 candles | 98.4% done (27 left)
2026-09-22 22:37:16 w1 COMP-USD 2026-09: 7539 candles | 98.4% done (27 left)
worker done
worker 1/2: 13 months to fetch
2026-09-22 22:45:35 w1 ETH-USD 2026-09: 31605 candles | 98.4% done (27 left)
2026-09-22 22:46:08 w1 ADA-USD 2026-09: 31275 candles | 98.4% done (27 left)
2026-09-22 22:46:42 w1 LINK-USD 2026-09: 31060 candles | 98.4% done (27 left)
2026-09-22 22:47:15 w1 DOT-USD 2026-09: 28933 candles | 98.4% done (27 left)
2026-09-22 22:47:49 w1 ATOM-USD 2026-09: 20029 candles | 98.4% done (27 left)
2026-09-22 22:48:22 w1 BCH-USD 2026-09: 28343 candles | 98.4% done (27 left)
2026-09-22 22:48:56 w1 FIL-USD 2026-09: 25348 candles | 98.4% done (27 left)
2026-09-22 22:49:29 w1 ETC-USD 2026-09: 17104 candles | 98.4% done (27 left)
2026-09-22 22:50:03 w1 AAVE-USD 2026-09: 24990 candles | 98.4% done (27 left)
2026-09-22 22:50:36 w1 CRV-USD 2026-09: 20259 candles | 98.4% done (27 left)
2026-09-22 22:51:08 w1 MANA-USD 2026-09: 4170 candles | 98.4% done (27 left)
2026-09-22 22:51:48 w1 ZEC-USD 2026-09: 31602 candles | 98.4% done (27 left)
2026-09-22 22:52:21 w1 COMP-USD 2026-09: 7547 candles | 98.4% done (27 left)
worker done
worker 1/2: 13 months to fetch
2026-09-22 23:00:35 w1 ETH-USD 2026-09: 31620 candles | 98.4% done (27 left)
2026-09-22 23:01:10 w1 ADA-USD 2026-09: 31290 candles | 98.4% done (27 left)
2026-09-22 23:01:44 w1 LINK-USD 2026-09: 31075 candles | 98.4% done (27 left)
2026-09-22 23:02:17 w1 DOT-USD 2026-09: 28947 candles | 98.4% done (27 left)
2026-09-22 23:02:50 w1 ATOM-USD 2026-09: 20044 candles | 98.4% done (27 left)
2026-09-22 23:03:24 w1 BCH-USD 2026-09: 28358 candles | 98.4% done (27 left)
2026-09-22 23:03:58 w1 FIL-USD 2026-09: 25359 candles | 98.4% done (27 left)
2026-09-22 23:04:30 w1 ETC-USD 2026-09: 17109 candles | 98.4% done (27 left)
2026-09-22 23:05:04 w1 AAVE-USD 2026-09: 25005 candles | 98.4% done (27 left)
2026-09-22 23:05:37 w1 CRV-USD 2026-09: 20267 candles | 98.4% done (27 left)
2026-09-22 23:06:14 w1 MANA-USD 2026-09: 4176 candles | 98.4% done (27 left)
2026-09-22 23:06:48 w1 ZEC-USD 2026-09: 31617 candles | 98.4% done (27 left)
2026-09-22 23:07:21 w1 COMP-USD 2026-09: 7555 candles | 98.4% done (27 left)
worker done
worker 1/2: 13 months to fetch
2026-09-22 23:15:35 w1 ETH-USD 2026-09: 31635 candles | 98.4% done (27 left)
2026-09-22 23:16:09 w1 ADA-USD 2026-09: 31305 candles | 98.4% done (27 left)
2026-09-22 23:16:43 w1 LINK-USD 2026-09: 31090 candles | 98.4% done (27 left)
2026-09-22 23:17:16 w1 DOT-USD 2026-09: 28962 candles | 98.4% done (27 left)
2026-09-22 23:17:50 w1 ATOM-USD 2026-09: 20059 candles | 98.4% done (27 left)
2026-09-22 23:18:23 w1 BCH-USD 2026-09: 28373 candles | 98.4% done (27 left)
2026-09-22 23:18:57 w1 FIL-USD 2026-09: 25371 candles | 98.4% done (27 left)
2026-09-22 23:19:30 w1 ETC-USD 2026-09: 17120 candles | 98.4% done (27 left)
2026-09-22 23:20:03 w1 AAVE-USD 2026-09: 25020 candles | 98.4% done (27 left)
2026-09-22 23:20:36 w1 CRV-USD 2026-09: 20278 candles | 98.4% done (27 left)
2026-09-22 23:21:09 w1 MANA-USD 2026-09: 4180 candles | 98.4% done (27 left)
2026-09-22 23:21:44 w1 ZEC-USD 2026-09: 31632 candles | 98.4% done (27 left)
2026-09-22 23:22:17 w1 COMP-USD 2026-09: 7561 candles | 98.4% done (27 left)
worker done
worker 1/2: 13 months to fetch
2026-09-22 23:30:35 w1 ETH-USD 2026-09: 31650 candles | 98.4% done (27 left)
2026-09-22 23:31:09 w1 ADA-USD 2026-09: 31320 candles | 98.4% done (27 left)
2026-09-22 23:31:43 w1 LINK-USD 2026-09: 31105 candles | 98.4% done (27 left)
2026-09-22 23:32:16 w1 DOT-USD 2026-09: 28977 candles | 98.4% done (27 left)
2026-09-22 23:32:49 w1 ATOM-USD 2026-09: 20073 candles | 98.4% done (27 left)
2026-09-22 23:33:23 w1 BCH-USD 2026-09: 28388 candles | 98.4% done (27 left)
2026-09-22 23:33:56 w1 FIL-USD 2026-09: 25386 candles | 98.4% done (27 left)
2026-09-22 23:34:29 w1 ETC-USD 2026-09: 17130 candles | 98.4% done (27 left)
2026-09-22 23:35:02 w1 AAVE-USD 2026-09: 25035 candles | 98.4% done (27 left)
2026-09-22 23:35:35 w1 CRV-USD 2026-09: 20291 candles | 98.4% done (27 left)
2026-09-22 23:36:08 w1 MANA-USD 2026-09: 4184 candles | 98.4% done (27 left)
2026-09-22 23:36:43 w1 ZEC-USD 2026-09: 31647 candles | 98.4% done (27 left)
2026-09-22 23:37:16 w1 COMP-USD 2026-09: 7567 candles | 98.4% done (27 left)
worker done
worker 1/2: 13 months to fetch
2026-09-22 23:45:35 w1 ETH-USD 2026-09: 31665 candles | 98.4% done (27 left)
2026-09-22 23:46:09 w1 ADA-USD 2026-09: 31335 candles | 98.4% done (27 left)
2026-09-22 23:46:43 w1 LINK-USD 2026-09: 31120 candles | 98.4% done (27 left)
2026-09-22 23:47:16 w1 DOT-USD 2026-09: 28992 candles | 98.4% done (27 left)
2026-09-22 23:47:49 w1 ATOM-USD 2026-09: 20086 candles | 98.4% done (27 left)
2026-09-22 23:48:22 w1 BCH-USD 2026-09: 28403 candles | 98.4% done (27 left)
2026-09-22 23:48:56 w1 FIL-USD 2026-09: 25401 candles | 98.4% done (27 left)
2026-09-22 23:49:29 w1 ETC-USD 2026-09: 17138 candles | 98.4% done (27 left)
2026-09-22 23:50:02 w1 AAVE-USD 2026-09: 25050 candles | 98.4% done (27 left)
2026-09-22 23:50:36 w1 CRV-USD 2026-09: 20303 candles | 98.4% done (27 left)
2026-09-22 23:51:08 w1 MANA-USD 2026-09: 4191 candles | 98.4% done (27 left)
2026-09-22 23:51:43 w1 ZEC-USD 2026-09: 31662 candles | 98.4% done (27 left)
2026-09-22 23:52:15 w1 COMP-USD 2026-09: 7570 candles | 98.4% done (27 left)
worker done
worker 1/2: 13 months to fetch
2026-09-23 00:00:35 w1 ETH-USD 2026-09: 31680 candles | 98.4% done (27 left)
2026-09-23 00:01:10 w1 ADA-USD 2026-09: 31350 candles | 98.4% done (27 left)
2026-09-23 00:01:44 w1 LINK-USD 2026-09: 31135 candles | 98.4% done (27 left)
2026-09-23 00:02:18 w1 DOT-USD 2026-09: 29006 candles | 98.4% done (27 left)
2026-09-23 00:02:51 w1 ATOM-USD 2026-09: 20097 candles | 98.4% done (27 left)
2026-09-23 00:03:25 w1 BCH-USD 2026-09: 28418 candles | 98.4% done (27 left)
2026-09-23 00:03:59 w1 FIL-USD 2026-09: 25415 candles | 98.4% done (27 left)
2026-09-23 00:04:32 w1 ETC-USD 2026-09: 17151 candles | 98.4% done (27 left)
2026-09-23 00:05:05 w1 AAVE-USD 2026-09: 25065 candles | 98.4% done (27 left)
2026-09-23 00:05:38 w1 CRV-USD 2026-09: 20313 candles | 98.4% done (27 left)
2026-09-23 00:06:11 w1 MANA-USD 2026-09: 4196 candles | 98.4% done (27 left)
2026-09-23 00:06:45 w1 ZEC-USD 2026-09: 31677 candles | 98.4% done (27 left)
2026-09-23 00:07:18 w1 COMP-USD 2026-09: 7575 candles | 98.4% done (27 left)
worker done
worker 1/2: 13 months to fetch
2026-09-23 00:15:35 w1 ETH-USD 2026-09: 31695 candles | 98.4% done (27 left)
2026-09-23 00:16:09 w1 ADA-USD 2026-09: 31365 candles | 98.4% done (27 left)
2026-09-23 00:16:43 w1 LINK-USD 2026-09: 31150 candles | 98.4% done (27 left)
2026-09-23 00:17:17 w1 DOT-USD 2026-09: 29019 candles | 98.4% done (27 left)
2026-09-23 00:17:50 w1 ATOM-USD 2026-09: 20106 candles | 98.4% done (27 left)
2026-09-23 00:18:24 w1 BCH-USD 2026-09: 28433 candles | 98.4% done (27 left)
2026-09-23 00:18:58 w1 FIL-USD 2026-09: 25428 candles | 98.4% done (27 left)
2026-09-23 00:19:31 w1 ETC-USD 2026-09: 17166 candles | 98.4% done (27 left)
2026-09-23 00:20:07 w1 AAVE-USD 2026-09: 25080 candles | 98.4% done (27 left)
2026-09-23 00:20:41 w1 CRV-USD 2026-09: 20326 candles | 98.4% done (27 left)
2026-09-23 00:21:13 w1 MANA-USD 2026-09: 4202 candles | 98.4% done (27 left)
2026-09-23 00:21:48 w1 ZEC-USD 2026-09: 31692 candles | 98.4% done (27 left)
2026-09-23 00:22:21 w1 COMP-USD 2026-09: 7580 candles | 98.4% done (27 left)
worker done
worker 1/2: 13 months to fetch
2026-09-23 00:30:37 w1 ETH-USD 2026-09: 31710 candles | 98.4% done (27 left)
2026-09-23 00:31:11 w1 ADA-USD 2026-09: 31380 candles | 98.4% done (27 left)
2026-09-23 00:31:45 w1 LINK-USD 2026-09: 31165 candles | 98.4% done (27 left)
2026-09-23 00:32:19 w1 DOT-USD 2026-09: 29034 candles | 98.4% done (27 left)
2026-09-23 00:32:52 w1 ATOM-USD 2026-09: 20118 candles | 98.4% done (27 left)
2026-09-23 00:33:26 w1 BCH-USD 2026-09: 28448 candles | 98.4% done (27 left)
2026-09-23 00:33:59 w1 FIL-USD 2026-09: 25442 candles | 98.4% done (27 left)
2026-09-23 00:34:32 w1 ETC-USD 2026-09: 17181 candles | 98.4% done (27 left)
2026-09-23 00:35:05 w1 AAVE-USD 2026-09: 25095 candles | 98.4% done (27 left)
2026-09-23 00:35:39 w1 CRV-USD 2026-09: 20336 candles | 98.4% done (27 left)
2026-09-23 00:36:11 w1 MANA-USD 2026-09: 4208 candles | 98.4% done (27 left)
2026-09-23 00:36:45 w1 ZEC-USD 2026-09: 31707 candles | 98.4% done (27 left)
2026-09-23 00:37:18 w1 COMP-USD 2026-09: 7584 candles | 98.4% done (27 left)
worker done
worker 1/2: 13 months to fetch
2026-09-23 00:45:36 w1 ETH-USD 2026-09: 31725 candles | 98.4% done (27 left)
2026-09-23 00:46:09 w1 ADA-USD 2026-09: 31395 candles | 98.4% done (27 left)
2026-09-23 00:46:44 w1 LINK-USD 2026-09: 31180 candles | 98.4% done (27 left)
2026-09-23 00:47:18 w1 DOT-USD 2026-09: 29048 candles | 98.4% done (27 left)
2026-09-23 00:47:51 w1 ATOM-USD 2026-09: 20127 candles | 98.4% done (27 left)
2026-09-23 00:48:25 w1 BCH-USD 2026-09: 28463 candles | 98.4% done (27 left)
2026-09-23 00:48:58 w1 FIL-USD 2026-09: 25457 candles | 98.4% done (27 left)
2026-09-23 00:49:31 w1 ETC-USD 2026-09: 17192 candles | 98.4% done (27 left)
2026-09-23 00:50:05 w1 AAVE-USD 2026-09: 25110 candles | 98.4% done (27 left)
2026-09-23 00:50:38 w1 CRV-USD 2026-09: 20347 candles | 98.4% done (27 left)
2026-09-23 00:51:11 w1 MANA-USD 2026-09: 4209 candles | 98.4% done (27 left)
2026-09-23 00:51:45 w1 ZEC-USD 2026-09: 31722 candles | 98.4% done (27 left)
2026-09-23 00:52:18 w1 COMP-USD 2026-09: 7589 candles | 98.4% done (27 left)
worker done
worker 1/2: 13 months to fetch
2026-09-23 01:00:36 w1 ETH-USD 2026-09: 31740 candles | 98.4% done (27 left)
2026-09-23 01:01:10 w1 ADA-USD 2026-09: 31410 candles | 98.4% done (27 left)
2026-09-23 01:01:44 w1 LINK-USD 2026-09: 31195 candles | 98.4% done (27 left)
2026-09-23 01:02:18 w1 DOT-USD 2026-09: 29063 candles | 98.4% done (27 left)
2026-09-23 01:02:52 w1 ATOM-USD 2026-09: 20136 candles | 98.4% done (27 left)
2026-09-23 01:03:25 w1 BCH-USD 2026-09: 28478 candles | 98.4% done (27 left)
2026-09-23 01:03:59 w1 FIL-USD 2026-09: 25467 candles | 98.4% done (27 left)
2026-09-23 01:04:32 w1 ETC-USD 2026-09: 17203 candles | 98.4% done (27 left)
2026-09-23 01:05:06 w1 AAVE-USD 2026-09: 25125 candles | 98.4% done (27 left)
2026-09-23 01:05:39 w1 CRV-USD 2026-09: 20356 candles | 98.4% done (27 left)
2026-09-23 01:06:12 w1 MANA-USD 2026-09: 4213 candles | 98.4% done (27 left)
2026-09-23 01:06:47 w1 ZEC-USD 2026-09: 31737 candles | 98.4% done (27 left)
2026-09-23 01:07:20 w1 COMP-USD 2026-09: 7594 candles | 98.4% done (27 left)
worker done
worker 1/2: 13 months to fetch
2026-09-23 01:15:35 w1 ETH-USD 2026-09: 31755 candles | 98.4% done (27 left)
2026-09-23 01:16:09 w1 ADA-USD 2026-09: 31425 candles | 98.4% done (27 left)
2026-09-23 01:16:43 w1 LINK-USD 2026-09: 31210 candles | 98.4% done (27 left)
2026-09-23 01:17:17 w1 DOT-USD 2026-09: 29077 candles | 98.4% done (27 left)
2026-09-23 01:17:50 w1 ATOM-USD 2026-09: 20143 candles | 98.4% done (27 left)
2026-09-23 01:18:24 w1 BCH-USD 2026-09: 28493 candles | 98.4% done (27 left)
2026-09-23 01:18:57 w1 FIL-USD 2026-09: 25478 candles | 98.4% done (27 left)
2026-09-23 01:19:30 w1 ETC-USD 2026-09: 17211 candles | 98.4% done (27 left)
2026-09-23 01:20:04 w1 AAVE-USD 2026-09: 25140 candles | 98.4% done (27 left)
2026-09-23 01:20:37 w1 CRV-USD 2026-09: 20365 candles | 98.4% done (27 left)
2026-09-23 01:21:10 w1 MANA-USD 2026-09: 4214 candles | 98.4% done (27 left)
2026-09-23 01:21:45 w1 ZEC-USD 2026-09: 31752 candles | 98.4% done (27 left)
2026-09-23 01:22:17 w1 COMP-USD 2026-09: 7602 candles | 98.4% done (27 left)
worker done
worker 1/2: 13 months to fetch
2026-09-23 01:30:35 w1 ETH-USD 2026-09: 31770 candles | 98.4% done (27 left)
2026-09-23 01:31:10 w1 ADA-USD 2026-09: 31440 candles | 98.4% done (27 left)
2026-09-23 01:31:44 w1 LINK-USD 2026-09: 31225 candles | 98.4% done (27 left)
2026-09-23 01:32:17 w1 DOT-USD 2026-09: 29091 candles | 98.4% done (27 left)
2026-09-23 01:32:51 w1 ATOM-USD 2026-09: 20154 candles | 98.4% done (27 left)
2026-09-23 01:33:24 w1 BCH-USD 2026-09: 28508 candles | 98.4% done (27 left)
2026-09-23 01:33:58 w1 FIL-USD 2026-09: 25488 candles | 98.4% done (27 left)
2026-09-23 01:34:31 w1 ETC-USD 2026-09: 17225 candles | 98.4% done (27 left)
2026-09-23 01:35:04 w1 AAVE-USD 2026-09: 25155 candles | 98.4% done (27 left)
2026-09-23 01:35:37 w1 CRV-USD 2026-09: 20371 candles | 98.4% done (27 left)
2026-09-23 01:36:10 w1 MANA-USD 2026-09: 4215 candles | 98.4% done (27 left)
2026-09-23 01:36:44 w1 ZEC-USD 2026-09: 31767 candles | 98.4% done (27 left)
2026-09-23 01:37:17 w1 COMP-USD 2026-09: 7609 candles | 98.4% done (27 left)
worker done
worker 1/2: 13 months to fetch
2026-09-23 01:45:35 w1 ETH-USD 2026-09: 31785 candles | 98.4% done (27 left)
2026-09-23 01:46:10 w1 ADA-USD 2026-09: 31455 candles | 98.4% done (27 left)
2026-09-23 01:46:43 w1 LINK-USD 2026-09: 31240 candles | 98.4% done (27 left)
2026-09-23 01:47:18 w1 DOT-USD 2026-09: 29104 candles | 98.4% done (27 left)
2026-09-23 01:47:52 w1 ATOM-USD 2026-09: 20166 candles | 98.4% done (27 left)
2026-09-23 01:48:26 w1 BCH-USD 2026-09: 28523 candles | 98.4% done (27 left)
2026-09-23 01:49:00 w1 FIL-USD 2026-09: 25496 candles | 98.4% done (27 left)
2026-09-23 01:49:33 w1 ETC-USD 2026-09: 17237 candles | 98.4% done (27 left)
2026-09-23 01:50:07 w1 AAVE-USD 2026-09: 25170 candles | 98.4% done (27 left)
2026-09-23 01:50:40 w1 CRV-USD 2026-09: 20380 candles | 98.4% done (27 left)
2026-09-23 01:51:13 w1 MANA-USD 2026-09: 4217 candles | 98.4% done (27 left)
2026-09-23 01:51:48 w1 ZEC-USD 2026-09: 31782 candles | 98.4% done (27 left)
2026-09-23 01:52:21 w1 COMP-USD 2026-09: 7615 candles | 98.4% done (27 left)
worker done
worker 1/2: 13 months to fetch
2026-09-23 02:00:36 w1 ETH-USD 2026-09: 31800 candles | 98.4% done (27 left)
2026-09-23 02:01:11 w1 ADA-USD 2026-09: 31470 candles | 98.4% done (27 left)
2026-09-23 02:01:45 w1 LINK-USD 2026-09: 31255 candles | 98.4% done (27 left)
2026-09-23 02:02:19 w1 DOT-USD 2026-09: 29119 candles | 98.4% done (27 left)
2026-09-23 02:02:53 w1 ATOM-USD 2026-09: 20177 candles | 98.4% done (27 left)
2026-09-23 02:03:27 w1 BCH-USD 2026-09: 28538 candles | 98.4% done (27 left)
2026-09-23 02:04:02 w1 FIL-USD 2026-09: 25510 candles | 98.4% done (27 left)
2026-09-23 02:04:36 w1 ETC-USD 2026-09: 17244 candles | 98.4% done (27 left)
2026-09-23 02:05:12 w1 AAVE-USD 2026-09: 25185 candles | 98.4% done (27 left)
2026-09-23 02:05:46 w1 CRV-USD 2026-09: 20384 candles | 98.4% done (27 left)
2026-09-23 02:06:19 w1 MANA-USD 2026-09: 4220 candles | 98.4% done (27 left)
2026-09-23 02:06:54 w1 ZEC-USD 2026-09: 31797 candles | 98.4% done (27 left)
2026-09-23 02:07:26 w1 COMP-USD 2026-09: 7620 candles | 98.4% done (27 left)
worker done
worker 1/2: 13 months to fetch
2026-09-23 02:15:35 w1 ETH-USD 2026-09: 31815 candles | 98.4% done (27 left)
2026-09-23 02:16:09 w1 ADA-USD 2026-09: 31485 candles | 98.4% done (27 left)
2026-09-23 02:16:43 w1 LINK-USD 2026-09: 31270 candles | 98.4% done (27 left)
2026-09-23 02:17:17 w1 DOT-USD 2026-09: 29134 candles | 98.4% done (27 left)
2026-09-23 02:17:51 w1 ATOM-USD 2026-09: 20188 candles | 98.4% done (27 left)
2026-09-23 02:18:24 w1 BCH-USD 2026-09: 28553 candles | 98.4% done (27 left)
2026-09-23 02:18:58 w1 FIL-USD 2026-09: 25520 candles | 98.4% done (27 left)
2026-09-23 02:19:31 w1 ETC-USD 2026-09: 17251 candles | 98.4% done (27 left)
2026-09-23 02:20:05 w1 AAVE-USD 2026-09: 25200 candles | 98.4% done (27 left)
2026-09-23 02:20:38 w1 CRV-USD 2026-09: 20394 candles | 98.4% done (27 left)
2026-09-23 02:21:11 w1 MANA-USD 2026-09: 4222 candles | 98.4% done (27 left)
2026-09-23 02:21:45 w1 ZEC-USD 2026-09: 31812 candles | 98.4% done (27 left)
2026-09-23 02:22:18 w1 COMP-USD 2026-09: 7625 candles | 98.4% done (27 left)
worker done
worker 1/2: 13 months to fetch
2026-09-23 02:30:35 w1 ETH-USD 2026-09: 31830 candles | 98.4% done (27 left)
2026-09-23 02:31:10 w1 ADA-USD 2026-09: 31500 candles | 98.4% done (27 left)
2026-09-23 02:31:43 w1 LINK-USD 2026-09: 31285 candles | 98.4% done (27 left)
2026-09-23 02:32:17 w1 DOT-USD 2026-09: 29149 candles | 98.4% done (27 left)
2026-09-23 02:32:50 w1 ATOM-USD 2026-09: 20197 candles | 98.4% done (27 left)
2026-09-23 02:33:24 w1 BCH-USD 2026-09: 28568 candles | 98.4% done (27 left)
2026-09-23 02:33:58 w1 FIL-USD 2026-09: 25533 candles | 98.4% done (27 left)
2026-09-23 02:34:30 w1 ETC-USD 2026-09: 17256 candles | 98.4% done (27 left)
2026-09-23 02:35:04 w1 AAVE-USD 2026-09: 25215 candles | 98.4% done (27 left)
2026-09-23 02:35:37 w1 CRV-USD 2026-09: 20407 candles | 98.4% done (27 left)
2026-09-23 02:36:09 w1 MANA-USD 2026-09: 4224 candles | 98.4% done (27 left)
2026-09-23 02:36:44 w1 ZEC-USD 2026-09: 31827 candles | 98.4% done (27 left)
2026-09-23 02:37:16 w1 COMP-USD 2026-09: 7632 candles | 98.4% done (27 left)
worker done
worker 1/2: 13 months to fetch
2026-09-23 02:45:35 w1 ETH-USD 2026-09: 31845 candles | 98.4% done (27 left)
2026-09-23 02:46:09 w1 ADA-USD 2026-09: 31515 candles | 98.4% done (27 left)
2026-09-23 02:46:43 w1 LINK-USD 2026-09: 31300 candles | 98.4% done (27 left)
2026-09-23 02:47:16 w1 DOT-USD 2026-09: 29162 candles | 98.4% done (27 left)
2026-09-23 02:47:50 w1 ATOM-USD 2026-09: 20204 candles | 98.4% done (27 left)
2026-09-23 02:48:23 w1 BCH-USD 2026-09: 28583 candles | 98.4% done (27 left)
2026-09-23 02:48:56 w1 FIL-USD 2026-09: 25541 candles | 98.4% done (27 left)
2026-09-23 02:49:29 w1 ETC-USD 2026-09: 17265 candles | 98.4% done (27 left)
2026-09-23 02:50:03 w1 AAVE-USD 2026-09: 25230 candles | 98.4% done (27 left)
2026-09-23 02:50:36 w1 CRV-USD 2026-09: 20413 candles | 98.4% done (27 left)
2026-09-23 02:51:08 w1 MANA-USD 2026-09: 4225 candles | 98.4% done (27 left)
2026-09-23 02:51:42 w1 ZEC-USD 2026-09: 31842 candles | 98.4% done (27 left)
2026-09-23 02:52:15 w1 COMP-USD 2026-09: 7636 candles | 98.4% done (27 left)
worker done
worker 1/2: 13 months to fetch
2026-09-23 03:00:34 w1 ETH-USD 2026-09: 31860 candles | 98.4% done (27 left)
2026-09-23 03:01:08 w1 ADA-USD 2026-09: 31530 candles | 98.4% done (27 left)
2026-09-23 03:01:42 w1 LINK-USD 2026-09: 31315 candles | 98.4% done (27 left)
2026-09-23 03:02:15 w1 DOT-USD 2026-09: 29176 candles | 98.4% done (27 left)
2026-09-23 03:02:48 w1 ATOM-USD 2026-09: 20215 candles | 98.4% done (27 left)
2026-09-23 03:03:21 w1 BCH-USD 2026-09: 28598 candles | 98.4% done (27 left)
2026-09-23 03:03:55 w1 FIL-USD 2026-09: 25550 candles | 98.4% done (27 left)
2026-09-23 03:04:27 w1 ETC-USD 2026-09: 17268 candles | 98.4% done (27 left)
2026-09-23 03:05:00 w1 AAVE-USD 2026-09: 25245 candles | 98.4% done (27 left)
2026-09-23 03:05:33 w1 CRV-USD 2026-09: 20421 candles | 98.4% done (27 left)
2026-09-23 03:06:05 w1 MANA-USD 2026-09: 4231 candles | 98.4% done (27 left)
2026-09-23 03:06:39 w1 ZEC-USD 2026-09: 31857 candles | 98.4% done (27 left)
2026-09-23 03:07:12 w1 COMP-USD 2026-09: 7640 candles | 98.4% done (27 left)
worker done
worker 1/2: 13 months to fetch
2026-09-23 03:15:35 w1 ETH-USD 2026-09: 31875 candles | 98.4% done (27 left)
2026-09-23 03:16:08 w1 ADA-USD 2026-09: 31545 candles | 98.4% done (27 left)
2026-09-23 03:16:42 w1 LINK-USD 2026-09: 31330 candles | 98.4% done (27 left)
2026-09-23 03:17:15 w1 DOT-USD 2026-09: 29189 candles | 98.4% done (27 left)
2026-09-23 03:17:48 w1 ATOM-USD 2026-09: 20222 candles | 98.4% done (27 left)
2026-09-23 03:18:22 w1 BCH-USD 2026-09: 28613 candles | 98.4% done (27 left)
2026-09-23 03:18:55 w1 FIL-USD 2026-09: 25563 candles | 98.4% done (27 left)
2026-09-23 03:19:28 w1 ETC-USD 2026-09: 17275 candles | 98.4% done (27 left)
2026-09-23 03:20:01 w1 AAVE-USD 2026-09: 25260 candles | 98.4% done (27 left)
2026-09-23 03:20:33 w1 CRV-USD 2026-09: 20426 candles | 98.4% done (27 left)
2026-09-23 03:21:05 w1 MANA-USD 2026-09: 4234 candles | 98.4% done (27 left)
2026-09-23 03:21:39 w1 ZEC-USD 2026-09: 31872 candles | 98.4% done (27 left)
2026-09-23 03:22:12 w1 COMP-USD 2026-09: 7645 candles | 98.4% done (27 left)
worker done
worker 1/2: 13 months to fetch
2026-09-23 03:30:34 w1 ETH-USD 2026-09: 31890 candles | 98.4% done (27 left)
2026-09-23 03:31:08 w1 ADA-USD 2026-09: 31560 candles | 98.4% done (27 left)
2026-09-23 03:31:41 w1 LINK-USD 2026-09: 31345 candles | 98.4% done (27 left)
2026-09-23 03:32:14 w1 DOT-USD 2026-09: 29203 candles | 98.4% done (27 left)
2026-09-23 03:32:47 w1 ATOM-USD 2026-09: 20233 candles | 98.4% done (27 left)
2026-09-23 03:33:20 w1 BCH-USD 2026-09: 28628 candles | 98.4% done (27 left)
2026-09-23 03:33:53 w1 FIL-USD 2026-09: 25573 candles | 98.4% done (27 left)
2026-09-23 03:34:25 w1 ETC-USD 2026-09: 17288 candles | 98.4% done (27 left)
2026-09-23 03:34:58 w1 AAVE-USD 2026-09: 25274 candles | 98.4% done (27 left)
2026-09-23 03:35:31 w1 CRV-USD 2026-09: 20435 candles | 98.4% done (27 left)
2026-09-23 03:36:03 w1 MANA-USD 2026-09: 4235 candles | 98.4% done (27 left)
2026-09-23 03:36:37 w1 ZEC-USD 2026-09: 31887 candles | 98.4% done (27 left)
2026-09-23 03:37:09 w1 COMP-USD 2026-09: 7653 candles | 98.4% done (27 left)
worker done
worker 1/2: 13 months to fetch
2026-09-23 03:45:34 w1 ETH-USD 2026-09: 31905 candles | 98.4% done (27 left)
2026-09-23 03:46:07 w1 ADA-USD 2026-09: 31575 candles | 98.4% done (27 left)
2026-09-23 03:46:42 w1 LINK-USD 2026-09: 31360 candles | 98.4% done (27 left)
2026-09-23 03:47:15 w1 DOT-USD 2026-09: 29217 candles | 98.4% done (27 left)
2026-09-23 03:47:47 w1 ATOM-USD 2026-09: 20242 candles | 98.4% done (27 left)
2026-09-23 03:48:20 w1 BCH-USD 2026-09: 28643 candles | 98.4% done (27 left)
2026-09-23 03:48:53 w1 FIL-USD 2026-09: 25587 candles | 98.4% done (27 left)
2026-09-23 03:49:25 w1 ETC-USD 2026-09: 17298 candles | 98.4% done (27 left)
2026-09-23 03:49:58 w1 AAVE-USD 2026-09: 25289 candles | 98.4% done (27 left)
2026-09-23 03:50:31 w1 CRV-USD 2026-09: 20447 candles | 98.4% done (27 left)
2026-09-23 03:51:03 w1 MANA-USD 2026-09: 4237 candles | 98.4% done (27 left)
2026-09-23 03:51:37 w1 ZEC-USD 2026-09: 31902 candles | 98.4% done (27 left)
2026-09-23 03:52:09 w1 COMP-USD 2026-09: 7660 candles | 98.4% done (27 left)
worker done
worker 1/2: 13 months to fetch
2026-09-23 04:00:35 w1 ETH-USD 2026-09: 31920 candles | 98.4% done (27 left)
2026-09-23 04:01:08 w1 ADA-USD 2026-09: 31590 candles | 98.4% done (27 left)
2026-09-23 04:01:41 w1 LINK-USD 2026-09: 31375 candles | 98.4% done (27 left)
2026-09-23 04:02:14 w1 DOT-USD 2026-09: 29228 candles | 98.4% done (27 left)
2026-09-23 04:02:47 w1 ATOM-USD 2026-09: 20253 candles | 98.4% done (27 left)
2026-09-23 04:03:20 w1 BCH-USD 2026-09: 28658 candles | 98.4% done (27 left)
2026-09-23 04:03:52 w1 FIL-USD 2026-09: 25598 candles | 98.4% done (27 left)
2026-09-23 04:04:24 w1 ETC-USD 2026-09: 17309 candles | 98.4% done (27 left)
2026-09-23 04:04:57 w1 AAVE-USD 2026-09: 25304 candles | 98.4% done (27 left)
2026-09-23 04:05:30 w1 CRV-USD 2026-09: 20462 candles | 98.4% done (27 left)
2026-09-23 04:06:01 w1 MANA-USD 2026-09: 4238 candles | 98.4% done (27 left)
2026-09-23 04:06:35 w1 ZEC-USD 2026-09: 31917 candles | 98.4% done (27 left)
2026-09-23 04:07:07 w1 COMP-USD 2026-09: 7666 candles | 98.4% done (27 left)
worker done
worker 1/2: 13 months to fetch
2026-09-23 04:15:34 w1 ETH-USD 2026-09: 31935 candles | 98.4% done (27 left)
2026-09-23 04:16:07 w1 ADA-USD 2026-09: 31605 candles | 98.4% done (27 left)
2026-09-23 04:16:41 w1 LINK-USD 2026-09: 31390 candles | 98.4% done (27 left)
2026-09-23 04:17:14 w1 DOT-USD 2026-09: 29244 candles | 98.4% done (27 left)
2026-09-23 04:17:47 w1 ATOM-USD 2026-09: 20264 candles | 98.4% done (27 left)
2026-09-23 04:18:20 w1 BCH-USD 2026-09: 28673 candles | 98.4% done (27 left)
2026-09-23 04:18:53 w1 FIL-USD 2026-09: 25611 candles | 98.4% done (27 left)
2026-09-23 04:19:25 w1 ETC-USD 2026-09: 17324 candles | 98.4% done (27 left)
2026-09-23 04:19:58 w1 AAVE-USD 2026-09: 25319 candles | 98.4% done (27 left)
2026-09-23 04:20:30 w1 CRV-USD 2026-09: 20472 candles | 98.4% done (27 left)
2026-09-23 04:21:02 w1 MANA-USD 2026-09: 4239 candles | 98.4% done (27 left)
2026-09-23 04:21:36 w1 ZEC-USD 2026-09: 31932 candles | 98.4% done (27 left)
2026-09-23 04:22:08 w1 COMP-USD 2026-09: 7672 candles | 98.4% done (27 left)
worker done
worker 1/2: 13 months to fetch
2026-09-23 04:30:34 w1 ETH-USD 2026-09: 31950 candles | 98.4% done (27 left)
2026-09-23 04:31:07 w1 ADA-USD 2026-09: 31620 candles | 98.4% done (27 left)
2026-09-23 04:31:40 w1 LINK-USD 2026-09: 31405 candles | 98.4% done (27 left)
2026-09-23 04:32:13 w1 DOT-USD 2026-09: 29259 candles | 98.4% done (27 left)
2026-09-23 04:32:46 w1 ATOM-USD 2026-09: 20272 candles | 98.4% done (27 left)
2026-09-23 04:33:19 w1 BCH-USD 2026-09: 28688 candles | 98.4% done (27 left)
2026-09-23 04:33:51 w1 FIL-USD 2026-09: 25624 candles | 98.4% done (27 left)
2026-09-23 04:34:23 w1 ETC-USD 2026-09: 17337 candles | 98.4% done (27 left)
2026-09-23 04:34:56 w1 AAVE-USD 2026-09: 25334 candles | 98.4% done (27 left)
2026-09-23 04:35:28 w1 CRV-USD 2026-09: 20481 candles | 98.4% done (27 left)
2026-09-23 04:36:00 w1 MANA-USD 2026-09: 4242 candles | 98.4% done (27 left)
2026-09-23 04:36:33 w1 ZEC-USD 2026-09: 31947 candles | 98.4% done (27 left)
2026-09-23 04:37:05 w1 COMP-USD 2026-09: 7678 candles | 98.4% done (27 left)
worker done
worker 1/2: 13 months to fetch
2026-09-23 04:45:34 w1 ETH-USD 2026-09: 31965 candles | 98.4% done (27 left)
2026-09-23 04:46:07 w1 ADA-USD 2026-09: 31635 candles | 98.4% done (27 left)
2026-09-23 04:46:40 w1 LINK-USD 2026-09: 31420 candles | 98.4% done (27 left)
2026-09-23 04:47:13 w1 DOT-USD 2026-09: 29272 candles | 98.4% done (27 left)
2026-09-23 04:47:45 w1 ATOM-USD 2026-09: 20282 candles | 98.4% done (27 left)
2026-09-23 04:48:18 w1 BCH-USD 2026-09: 28703 candles | 98.4% done (27 left)
2026-09-23 04:48:51 w1 FIL-USD 2026-09: 25639 candles | 98.4% done (27 left)
2026-09-23 04:49:23 w1 ETC-USD 2026-09: 17352 candles | 98.4% done (27 left)
2026-09-23 04:49:56 w1 AAVE-USD 2026-09: 25348 candles | 98.4% done (27 left)
2026-09-23 04:50:28 w1 CRV-USD 2026-09: 20492 candles | 98.4% done (27 left)
2026-09-23 04:50:59 w1 MANA-USD 2026-09: 4244 candles | 98.4% done (27 left)
2026-09-23 04:51:33 w1 ZEC-USD 2026-09: 31961 candles | 98.4% done (27 left)
2026-09-23 04:52:05 w1 COMP-USD 2026-09: 7682 candles | 98.4% done (27 left)
worker done
worker 1/2: 13 months to fetch
2026-09-23 05:00:35 w1 ETH-USD 2026-09: 31980 candles | 98.4% done (27 left)
2026-09-23 05:01:08 w1 ADA-USD 2026-09: 31650 candles | 98.4% done (27 left)
2026-09-23 05:01:40 w1 LINK-USD 2026-09: 31435 candles | 98.4% done (27 left)
2026-09-23 05:02:13 w1 DOT-USD 2026-09: 29286 candles | 98.4% done (27 left)
2026-09-23 05:02:46 w1 ATOM-USD 2026-09: 20292 candles | 98.4% done (27 left)
2026-09-23 05:03:19 w1 BCH-USD 2026-09: 28718 candles | 98.4% done (27 left)
2026-09-23 05:03:51 w1 FIL-USD 2026-09: 25653 candles | 98.4% done (27 left)
2026-09-23 05:04:23 w1 ETC-USD 2026-09: 17361 candles | 98.4% done (27 left)
2026-09-23 05:04:56 w1 AAVE-USD 2026-09: 25363 candles | 98.4% done (27 left)
2026-09-23 05:05:29 w1 CRV-USD 2026-09: 20497 candles | 98.4% done (27 left)
2026-09-23 05:06:00 w1 MANA-USD 2026-09: 4248 candles | 98.4% done (27 left)
2026-09-23 05:06:34 w1 ZEC-USD 2026-09: 31977 candles | 98.4% done (27 left)
2026-09-23 05:07:06 w1 COMP-USD 2026-09: 7687 candles | 98.4% done (27 left)
worker done
worker 1/2: 13 months to fetch
2026-09-23 05:15:34 w1 ETH-USD 2026-09: 31995 candles | 98.4% done (27 left)
2026-09-23 05:16:07 w1 ADA-USD 2026-09: 31665 candles | 98.4% done (27 left)
2026-09-23 05:16:39 w1 LINK-USD 2026-09: 31450 candles | 98.4% done (27 left)
2026-09-23 05:17:12 w1 DOT-USD 2026-09: 29301 candles | 98.4% done (27 left)
2026-09-23 05:17:45 w1 ATOM-USD 2026-09: 20301 candles | 98.4% done (27 left)
2026-09-23 05:18:18 w1 BCH-USD 2026-09: 28733 candles | 98.4% done (27 left)
2026-09-23 05:18:50 w1 FIL-USD 2026-09: 25667 candles | 98.4% done (27 left)
2026-09-23 05:19:23 w1 ETC-USD 2026-09: 17372 candles | 98.4% done (27 left)
2026-09-23 05:19:55 w1 AAVE-USD 2026-09: 25378 candles | 98.4% done (27 left)
2026-09-23 05:20:28 w1 CRV-USD 2026-09: 20504 candles | 98.4% done (27 left)
2026-09-23 05:20:59 w1 MANA-USD 2026-09: 4251 candles | 98.4% done (27 left)
2026-09-23 05:21:33 w1 ZEC-USD 2026-09: 31991 candles | 98.4% done (27 left)
2026-09-23 05:22:05 w1 COMP-USD 2026-09: 7694 candles | 98.4% done (27 left)
worker done
worker 1/2: 13 months to fetch
2026-09-23 05:30:34 w1 ETH-USD 2026-09: 32010 candles | 98.4% done (27 left)
2026-09-23 05:31:07 w1 ADA-USD 2026-09: 31680 candles | 98.4% done (27 left)
2026-09-23 05:31:40 w1 LINK-USD 2026-09: 31465 candles | 98.4% done (27 left)
2026-09-23 05:32:12 w1 DOT-USD 2026-09: 29316 candles | 98.4% done (27 left)
2026-09-23 05:32:45 w1 ATOM-USD 2026-09: 20310 candles | 98.4% done (27 left)
2026-09-23 05:33:18 w1 BCH-USD 2026-09: 28748 candles | 98.4% done (27 left)
2026-09-23 05:33:50 w1 FIL-USD 2026-09: 25680 candles | 98.4% done (27 left)
2026-09-23 05:34:22 w1 ETC-USD 2026-09: 17380 candles | 98.4% done (27 left)
2026-09-23 05:34:54 w1 AAVE-USD 2026-09: 25393 candles | 98.4% done (27 left)
2026-09-23 05:35:27 w1 CRV-USD 2026-09: 20510 candles | 98.4% done (27 left)
2026-09-23 05:35:58 w1 MANA-USD 2026-09: 4251 candles | 98.4% done (27 left)
2026-09-23 05:36:32 w1 ZEC-USD 2026-09: 32006 candles | 98.4% done (27 left)
2026-09-23 05:37:04 w1 COMP-USD 2026-09: 7697 candles | 98.4% done (27 left)
worker done
worker 1/2: 13 months to fetch
2026-09-23 05:45:34 w1 ETH-USD 2026-09: 32025 candles | 98.4% done (27 left)
2026-09-23 05:46:07 w1 ADA-USD 2026-09: 31695 candles | 98.4% done (27 left)
2026-09-23 05:46:40 w1 LINK-USD 2026-09: 31480 candles | 98.4% done (27 left)
2026-09-23 05:47:12 w1 DOT-USD 2026-09: 29331 candles | 98.4% done (27 left)
2026-09-23 05:47:45 w1 ATOM-USD 2026-09: 20318 candles | 98.4% done (27 left)
2026-09-23 05:48:17 w1 BCH-USD 2026-09: 28763 candles | 98.4% done (27 left)
2026-09-23 05:48:50 w1 FIL-USD 2026-09: 25691 candles | 98.4% done (27 left)
2026-09-23 05:49:22 w1 ETC-USD 2026-09: 17384 candles | 98.4% done (27 left)
2026-09-23 05:49:55 w1 AAVE-USD 2026-09: 25408 candles | 98.4% done (27 left)
2026-09-23 05:50:27 w1 CRV-USD 2026-09: 20519 candles | 98.4% done (27 left)
2026-09-23 05:50:58 w1 MANA-USD 2026-09: 4254 candles | 98.4% done (27 left)
2026-09-23 05:51:32 w1 ZEC-USD 2026-09: 32021 candles | 98.4% done (27 left)
2026-09-23 05:52:04 w1 COMP-USD 2026-09: 7703 candles | 98.4% done (27 left)
worker done
worker 1/2: 13 months to fetch
2026-09-23 06:00:34 w1 ETH-USD 2026-09: 32040 candles | 98.4% done (27 left)
2026-09-23 06:01:07 w1 ADA-USD 2026-09: 31710 candles | 98.4% done (27 left)
2026-09-23 06:01:40 w1 LINK-USD 2026-09: 31495 candles | 98.4% done (27 left)
2026-09-23 06:02:13 w1 DOT-USD 2026-09: 29346 candles | 98.4% done (27 left)
2026-09-23 06:02:45 w1 ATOM-USD 2026-09: 20328 candles | 98.4% done (27 left)
2026-09-23 06:03:18 w1 BCH-USD 2026-09: 28778 candles | 98.4% done (27 left)
2026-09-23 06:03:50 w1 FIL-USD 2026-09: 25705 candles | 98.4% done (27 left)
2026-09-23 06:04:22 w1 ETC-USD 2026-09: 17395 candles | 98.4% done (27 left)
2026-09-23 06:04:55 w1 AAVE-USD 2026-09: 25423 candles | 98.4% done (27 left)
2026-09-23 06:05:27 w1 CRV-USD 2026-09: 20534 candles | 98.4% done (27 left)
2026-09-23 06:05:58 w1 MANA-USD 2026-09: 4260 candles | 98.4% done (27 left)
2026-09-23 06:06:31 w1 ZEC-USD 2026-09: 32036 candles | 98.4% done (27 left)
2026-09-23 06:07:03 w1 COMP-USD 2026-09: 7706 candles | 98.4% done (27 left)
worker done
