H avoid_SIDEWAYS: SUPPORTED (8/10; random-day placebo improved [2, 5, 7, 4, 4])
H avoid_HIGH_VOLATILITY: REFUTED (3/10; random-day placebo improved [1, 5, 6, 1, 5])
H avoid_SIDEWAYS_and_HIGH_VOLATILITY: SUPPORTED (7/10; random-day placebo improved [4, 3, 5, 2, 3])
lessons:
  avoid_SIDEWAYS: SUPPORTED (8/10 strategies improved in both halves; needs >= 40% of >= 5 AND more than random-day blocking, which improved [2, 5, 7, 4, 4]).
  avoid_HIGH_VOLATILITY: REFUTED (3/10 strategies improved in both halves; needs >= 40% of >= 5 AND more than random-day blocking, which improved [1, 5, 6, 1, 5]).
  avoid_SIDEWAYS_and_HIGH_VOLATILITY: SUPPORTED (7/10 strategies improved in both halves; needs >= 40% of >= 5 AND more than random-day blocking, which improved [4, 3, 5, 2, 3]).
  Live, all accounts, entries in TRENDING_UP: 77 round trips, mean -1.33% net.
  Live failure: arena_stochastic_cross paused after 56 trips at -0.962% mean net (t=-4.27).
actions:
  challenger cap reached; further sideways-filter candidates wait
  challenger cap reached; further sideways-filter candidates wait
lessons:
  avoid_SIDEWAYS: SUPPORTED (8/10 strategies improved in both halves; needs >= 40% of >= 5 AND more than random-day blocking, which improved [2, 5, 7, 4, 4]).
  avoid_HIGH_VOLATILITY: REFUTED (3/10 strategies improved in both halves; needs >= 40% of >= 5 AND more than random-day blocking, which improved [1, 5, 6, 1, 5]).
  avoid_SIDEWAYS_and_HIGH_VOLATILITY: SUPPORTED (7/10 strategies improved in both halves; needs >= 40% of >= 5 AND more than random-day blocking, which improved [4, 3, 5, 2, 3]).
  Live, all accounts, entries in TRENDING_UP: 78 round trips, mean -1.34% net.
  Live failure: arena_stochastic_cross paused after 56 trips at -0.962% mean net (t=-4.27).
actions:
  none
lessons:
  avoid_SIDEWAYS: SUPPORTED (8/10 strategies improved in both halves; needs >= 40% of >= 5 AND more than random-day blocking, which improved [2, 5, 7, 4, 4]).
  avoid_HIGH_VOLATILITY: REFUTED (3/10 strategies improved in both halves; needs >= 40% of >= 5 AND more than random-day blocking, which improved [1, 5, 6, 1, 5]).
  avoid_SIDEWAYS_and_HIGH_VOLATILITY: SUPPORTED (7/10 strategies improved in both halves; needs >= 40% of >= 5 AND more than random-day blocking, which improved [4, 3, 5, 2, 3]).
  Live, all accounts, entries in TRENDING_UP: 83 round trips, mean -1.35% net.
  Live failure: arena_stochastic_cross paused after 56 trips at -0.962% mean net (t=-4.27).
actions:
  none
lessons:
  avoid_SIDEWAYS: SUPPORTED (8/10 strategies improved in both halves; needs >= 40% of >= 5 AND more than random-day blocking, which improved [2, 5, 7, 4, 4]).
  avoid_HIGH_VOLATILITY: REFUTED (3/10 strategies improved in both halves; needs >= 40% of >= 5 AND more than random-day blocking, which improved [1, 5, 6, 1, 5]).
  avoid_SIDEWAYS_and_HIGH_VOLATILITY: SUPPORTED (7/10 strategies improved in both halves; needs >= 40% of >= 5 AND more than random-day blocking, which improved [4, 3, 5, 2, 3]).
  Caution: in the held-out period the champions' average GROSS move per trip was negative in every regime (trending_up -2.9%, sideways -1.9%, high_volatility -3.0%, trending_down -12.6%). Sitting out a regime mostly reduces exposure; it does not by itself create edge.
  Live, all accounts, entries in TRENDING_UP: 91 round trips, mean -1.60% net.
  Live failure: arena_stochastic_cross paused after 56 trips at -0.962% mean net (t=-4.27).
actions:
  none
lessons:
  avoid_SIDEWAYS: SUPPORTED (8/10 strategies improved in both halves; needs >= 40% of >= 5 AND more than random-day blocking, which improved [2, 5, 7, 4, 4]).
  avoid_HIGH_VOLATILITY: REFUTED (3/10 strategies improved in both halves; needs >= 40% of >= 5 AND more than random-day blocking, which improved [1, 5, 6, 1, 5]).
  avoid_SIDEWAYS_and_HIGH_VOLATILITY: SUPPORTED (7/10 strategies improved in both halves; needs >= 40% of >= 5 AND more than random-day blocking, which improved [4, 3, 5, 2, 3]).
  market_filter_F1: SUPPORTED (9/10 strategies improved in both halves; needs >= 40% of >= 5 AND more than random-day blocking, which improved [1, 5, 7, 5, 3]).
  Caution: in the held-out period the champions' average GROSS move per trip was negative in every regime (trending_up -2.9%, sideways -1.9%, high_volatility -3.0%, trending_down -12.6%). Sitting out a regime mostly reduces exposure; it does not by itself create edge.
  Live, all accounts, entries in TRENDING_UP: 111 round trips, mean -1.94% net.
  Live failure: arena_stochastic_cross paused after 56 trips at -0.962% mean net (t=-4.27).
actions:
  none
lessons:
  avoid_SIDEWAYS: SUPPORTED (8/10 strategies improved in both halves; needs >= 40% of >= 5 AND more than random-day blocking, which improved [2, 5, 7, 4, 4]).
  avoid_HIGH_VOLATILITY: REFUTED (3/10 strategies improved in both halves; needs >= 40% of >= 5 AND more than random-day blocking, which improved [1, 5, 6, 1, 5]).
  avoid_SIDEWAYS_and_HIGH_VOLATILITY: SUPPORTED (7/10 strategies improved in both halves; needs >= 40% of >= 5 AND more than random-day blocking, which improved [4, 3, 5, 2, 3]).
  market_filter_F1: SUPPORTED (9/10 strategies improved in both halves; needs >= 40% of >= 5 AND more than random-day blocking, which improved [1, 5, 7, 5, 3]).
  Caution: in the held-out period the champions' average GROSS move per trip was negative in every regime (trending_up -2.9%, sideways -1.9%, high_volatility -3.0%, trending_down -12.6%). Sitting out a regime mostly reduces exposure; it does not by itself create edge.
  Live, all accounts, entries in TRENDING_UP: 111 round trips, mean -1.94% net.
  Live failure: arena_stochastic_cross paused after 56 trips at -0.962% mean net (t=-4.27).
actions:
  none
lessons:
  avoid_SIDEWAYS: SUPPORTED (8/10 strategies improved in both halves; needs >= 40% of >= 5 AND more than random-day blocking, which improved [2, 5, 7, 4, 4]).
  avoid_HIGH_VOLATILITY: REFUTED (3/10 strategies improved in both halves; needs >= 40% of >= 5 AND more than random-day blocking, which improved [1, 5, 6, 1, 5]).
  avoid_SIDEWAYS_and_HIGH_VOLATILITY: SUPPORTED (7/10 strategies improved in both halves; needs >= 40% of >= 5 AND more than random-day blocking, which improved [4, 3, 5, 2, 3]).
  market_filter_F1: SUPPORTED (9/10 strategies improved in both halves; needs >= 40% of >= 5 AND more than random-day blocking, which improved [1, 5, 7, 5, 3]).
  Caution: in the held-out period the champions' average GROSS move per trip was negative in every regime (trending_up -2.9%, sideways -1.9%, high_volatility -3.0%, trending_down -12.6%). Sitting out a regime mostly reduces exposure; it does not by itself create edge.
  Live, all accounts, entries in TRENDING_UP: 112 round trips, mean -1.96% net.
  Live failure: arena_stochastic_cross paused after 56 trips at -0.962% mean net (t=-4.27).
actions:
  none
H avoid_SIDEWAYS: SUPPORTED (8/10; random-day placebo improved [2, 5, 7, 4, 4])
H avoid_HIGH_VOLATILITY: REFUTED (3/10; random-day placebo improved [1, 5, 6, 1, 5])
H avoid_SIDEWAYS_and_HIGH_VOLATILITY: SUPPORTED (7/10; random-day placebo improved [4, 3, 5, 2, 3])
H market_filter_F1: SUPPORTED (9/10; random-day placebo improved [1, 5, 7, 5, 3])
lessons:
  avoid_SIDEWAYS: SUPPORTED (8/10 strategies improved in both halves; needs >= 40% of >= 5 AND more than random-day blocking, which improved [2, 5, 7, 4, 4]).
  avoid_HIGH_VOLATILITY: REFUTED (3/10 strategies improved in both halves; needs >= 40% of >= 5 AND more than random-day blocking, which improved [1, 5, 6, 1, 5]).
  avoid_SIDEWAYS_and_HIGH_VOLATILITY: SUPPORTED (7/10 strategies improved in both halves; needs >= 40% of >= 5 AND more than random-day blocking, which improved [4, 3, 5, 2, 3]).
  market_filter_F1: SUPPORTED (9/10 strategies improved in both halves; needs >= 40% of >= 5 AND more than random-day blocking, which improved [1, 5, 7, 5, 3]).
  Caution: in the held-out period the champions' average GROSS move per trip was negative in every regime (trending_up -2.9%, sideways -1.9%, high_volatility -3.0%, trending_down -12.6%). Sitting out a regime mostly reduces exposure; it does not by itself create edge.
  Live, all accounts, entries in TRENDING_UP: 112 round trips, mean -1.96% net.
  Live failure: arena_stochastic_cross paused after 56 trips at -0.962% mean net (t=-4.27).
actions:
  challenger cap reached; further avoid SIDEWAYS candidates wait
  challenger cap reached; further avoid SIDEWAYS+HIGH_VOLATILITY candidates wait
  challenger cap reached; further market filter F1 candidates wait
lessons:
  avoid_SIDEWAYS: SUPPORTED (8/10 strategies improved in both halves; needs >= 40% of >= 5 AND more than random-day blocking, which improved [2, 5, 7, 4, 4]).
  avoid_HIGH_VOLATILITY: REFUTED (3/10 strategies improved in both halves; needs >= 40% of >= 5 AND more than random-day blocking, which improved [1, 5, 6, 1, 5]).
  avoid_SIDEWAYS_and_HIGH_VOLATILITY: SUPPORTED (7/10 strategies improved in both halves; needs >= 40% of >= 5 AND more than random-day blocking, which improved [4, 3, 5, 2, 3]).
  market_filter_F1: SUPPORTED (9/10 strategies improved in both halves; needs >= 40% of >= 5 AND more than random-day blocking, which improved [1, 5, 7, 5, 3]).
  Caution: in the held-out period the champions' average GROSS move per trip was negative in every regime (trending_up -2.9%, sideways -1.9%, high_volatility -3.0%, trending_down -12.6%). Sitting out a regime mostly reduces exposure; it does not by itself create edge.
  Live, all accounts, entries in TRENDING_UP: 114 round trips, mean -1.83% net.
  Live failure: arena_stochastic_cross paused after 56 trips at -0.962% mean net (t=-4.27).
actions:
  none
lessons:
  avoid_SIDEWAYS: SUPPORTED (8/10 strategies improved in both halves; needs >= 40% of >= 5 AND more than random-day blocking, which improved [2, 5, 7, 4, 4]).
  avoid_HIGH_VOLATILITY: REFUTED (3/10 strategies improved in both halves; needs >= 40% of >= 5 AND more than random-day blocking, which improved [1, 5, 6, 1, 5]).
  avoid_SIDEWAYS_and_HIGH_VOLATILITY: SUPPORTED (7/10 strategies improved in both halves; needs >= 40% of >= 5 AND more than random-day blocking, which improved [4, 3, 5, 2, 3]).
  market_filter_F1: SUPPORTED (9/10 strategies improved in both halves; needs >= 40% of >= 5 AND more than random-day blocking, which improved [1, 5, 7, 5, 3]).
  Caution: in the held-out period the champions' average GROSS move per trip was negative in every regime (trending_up -2.9%, sideways -1.9%, high_volatility -3.0%, trending_down -12.6%). Sitting out a regime mostly reduces exposure; it does not by itself create edge.
  Live, all accounts, entries in TRENDING_UP: 115 round trips, mean -1.82% net.
  Live failure: arena_stochastic_cross paused after 56 trips at -0.962% mean net (t=-4.27).
actions:
  none
lessons:
  avoid_SIDEWAYS: SUPPORTED (8/10 strategies improved in both halves; needs >= 40% of >= 5 AND more than random-day blocking, which improved [2, 5, 7, 4, 4]).
  avoid_HIGH_VOLATILITY: REFUTED (3/10 strategies improved in both halves; needs >= 40% of >= 5 AND more than random-day blocking, which improved [1, 5, 6, 1, 5]).
  avoid_SIDEWAYS_and_HIGH_VOLATILITY: SUPPORTED (7/10 strategies improved in both halves; needs >= 40% of >= 5 AND more than random-day blocking, which improved [4, 3, 5, 2, 3]).
  market_filter_F1: SUPPORTED (9/10 strategies improved in both halves; needs >= 40% of >= 5 AND more than random-day blocking, which improved [1, 5, 7, 5, 3]).
  Caution: in the held-out period the champions' average GROSS move per trip was negative in every regime (trending_up -2.9%, sideways -1.9%, high_volatility -3.0%, trending_down -12.6%). Sitting out a regime mostly reduces exposure; it does not by itself create edge.
  Live, all accounts, entries in TRENDING_UP: 108 round trips, mean -1.70% net.
  Live failure: arena_stochastic_cross paused after 56 trips at -0.962% mean net (t=-4.27).
actions:
  none
lessons:
  avoid_SIDEWAYS: SUPPORTED (8/10 strategies improved in both halves; needs >= 40% of >= 5 AND more than random-day blocking, which improved [2, 5, 7, 4, 4]).
  avoid_HIGH_VOLATILITY: REFUTED (3/10 strategies improved in both halves; needs >= 40% of >= 5 AND more than random-day blocking, which improved [1, 5, 6, 1, 5]).
  avoid_SIDEWAYS_and_HIGH_VOLATILITY: SUPPORTED (7/10 strategies improved in both halves; needs >= 40% of >= 5 AND more than random-day blocking, which improved [4, 3, 5, 2, 3]).
  market_filter_F1: SUPPORTED (9/10 strategies improved in both halves; needs >= 40% of >= 5 AND more than random-day blocking, which improved [1, 5, 7, 5, 3]).
  Caution: in the held-out period the champions' average GROSS move per trip was negative in every regime (trending_up -2.9%, sideways -1.9%, high_volatility -3.0%, trending_down -12.6%). Sitting out a regime mostly reduces exposure; it does not by itself create edge.
  Live, all accounts, entries in TRENDING_UP: 116 round trips, mean -1.82% net.
  Live failure: arena_stochastic_cross paused after 56 trips at -0.962% mean net (t=-4.27).
actions:
  none
lessons:
  avoid_SIDEWAYS: SUPPORTED (8/10 strategies improved in both halves; needs >= 40% of >= 5 AND more than random-day blocking, which improved [2, 5, 7, 4, 4]).
  avoid_HIGH_VOLATILITY: REFUTED (3/10 strategies improved in both halves; needs >= 40% of >= 5 AND more than random-day blocking, which improved [1, 5, 6, 1, 5]).
  avoid_SIDEWAYS_and_HIGH_VOLATILITY: SUPPORTED (7/10 strategies improved in both halves; needs >= 40% of >= 5 AND more than random-day blocking, which improved [4, 3, 5, 2, 3]).
  market_filter_F1: SUPPORTED (9/10 strategies improved in both halves; needs >= 40% of >= 5 AND more than random-day blocking, which improved [1, 5, 7, 5, 3]).
  Caution: in the held-out period the champions' average GROSS move per trip was negative in every regime (trending_up -2.9%, sideways -1.9%, high_volatility -3.0%, trending_down -12.6%). Sitting out a regime mostly reduces exposure; it does not by itself create edge.
  Live, all accounts, entries in TRENDING_UP: 117 round trips, mean -1.86% net.
  Live failure: arena_stochastic_cross paused after 56 trips at -0.962% mean net (t=-4.27).
actions:
  none
lessons:
  avoid_SIDEWAYS: SUPPORTED (8/10 strategies improved in both halves; needs >= 40% of >= 5 AND more than random-day blocking, which improved [2, 5, 7, 4, 4]).
  avoid_HIGH_VOLATILITY: REFUTED (3/10 strategies improved in both halves; needs >= 40% of >= 5 AND more than random-day blocking, which improved [1, 5, 6, 1, 5]).
  avoid_SIDEWAYS_and_HIGH_VOLATILITY: SUPPORTED (7/10 strategies improved in both halves; needs >= 40% of >= 5 AND more than random-day blocking, which improved [4, 3, 5, 2, 3]).
  market_filter_F1: SUPPORTED (9/10 strategies improved in both halves; needs >= 40% of >= 5 AND more than random-day blocking, which improved [1, 5, 7, 5, 3]).
  Caution: in the held-out period the champions' average GROSS move per trip was negative in every regime (trending_up -2.9%, sideways -1.9%, high_volatility -3.0%, trending_down -12.6%). Sitting out a regime mostly reduces exposure; it does not by itself create edge.
  Live, all accounts, entries in TRENDING_UP: 117 round trips, mean -1.86% net.
  Live failure: arena_stochastic_cross paused after 56 trips at -0.962% mean net (t=-4.27).
actions:
  none
H avoid_SIDEWAYS: SUPPORTED (8/10; random-day placebo improved [7, 3, 3, 6, 2])
H avoid_HIGH_VOLATILITY: REFUTED (3/10; random-day placebo improved [1, 7, 6, 5, 3])
H avoid_SIDEWAYS_and_HIGH_VOLATILITY: SUPPORTED (6/10; random-day placebo improved [4, 1, 0, 3, 2])
H market_filter_F1: SUPPORTED (9/10; random-day placebo improved [3, 4, 4, 5, 2])
lessons:
  avoid_SIDEWAYS: SUPPORTED (8/10 strategies improved in both halves; needs >= 40% of >= 5 AND more than random-day blocking, which improved [7, 3, 3, 6, 2]).
  avoid_HIGH_VOLATILITY: REFUTED (3/10 strategies improved in both halves; needs >= 40% of >= 5 AND more than random-day blocking, which improved [1, 7, 6, 5, 3]).
  avoid_SIDEWAYS_and_HIGH_VOLATILITY: SUPPORTED (6/10 strategies improved in both halves; needs >= 40% of >= 5 AND more than random-day blocking, which improved [4, 1, 0, 3, 2]).
  market_filter_F1: SUPPORTED (9/10 strategies improved in both halves; needs >= 40% of >= 5 AND more than random-day blocking, which improved [3, 4, 4, 5, 2]).
  Caution: in the held-out period the champions' average GROSS move per trip was negative in every regime (trending_up -2.9%, sideways -1.9%, high_volatility -3.0%, trending_down -12.6%). Sitting out a regime mostly reduces exposure; it does not by itself create edge.
  Live, all accounts, entries in TRENDING_UP: 117 round trips, mean -1.86% net.
  Live failure: arena_stochastic_cross paused after 56 trips at -0.962% mean net (t=-4.27).
actions:
  challenger cap reached; further avoid SIDEWAYS candidates wait
  challenger cap reached; further avoid SIDEWAYS+HIGH_VOLATILITY candidates wait
  challenger cap reached; further market filter F1 candidates wait
lessons:
  avoid_SIDEWAYS: SUPPORTED (8/10 strategies improved in both halves; needs >= 40% of >= 5 AND more than random-day blocking, which improved [7, 3, 3, 6, 2]).
  avoid_HIGH_VOLATILITY: REFUTED (3/10 strategies improved in both halves; needs >= 40% of >= 5 AND more than random-day blocking, which improved [1, 7, 6, 5, 3]).
  avoid_SIDEWAYS_and_HIGH_VOLATILITY: SUPPORTED (6/10 strategies improved in both halves; needs >= 40% of >= 5 AND more than random-day blocking, which improved [4, 1, 0, 3, 2]).
  market_filter_F1: SUPPORTED (9/10 strategies improved in both halves; needs >= 40% of >= 5 AND more than random-day blocking, which improved [3, 4, 4, 5, 2]).
  Caution: in the held-out period the champions' average GROSS move per trip was negative in every regime (trending_up -2.9%, sideways -1.9%, high_volatility -3.0%, trending_down -12.6%). Sitting out a regime mostly reduces exposure; it does not by itself create edge.
  Live, all accounts, entries in TRENDING_UP: 118 round trips, mean -1.87% net.
  Live failure: arena_stochastic_cross paused after 56 trips at -0.962% mean net (t=-4.27).
actions:
  none
lessons:
  avoid_SIDEWAYS: SUPPORTED (8/10 strategies improved in both halves; needs >= 40% of >= 5 AND more than random-day blocking, which improved [7, 3, 3, 6, 2]).
  avoid_HIGH_VOLATILITY: REFUTED (3/10 strategies improved in both halves; needs >= 40% of >= 5 AND more than random-day blocking, which improved [1, 7, 6, 5, 3]).
  avoid_SIDEWAYS_and_HIGH_VOLATILITY: SUPPORTED (6/10 strategies improved in both halves; needs >= 40% of >= 5 AND more than random-day blocking, which improved [4, 1, 0, 3, 2]).
  market_filter_F1: SUPPORTED (9/10 strategies improved in both halves; needs >= 40% of >= 5 AND more than random-day blocking, which improved [3, 4, 4, 5, 2]).
  Caution: in the held-out period the champions' average GROSS move per trip was negative in every regime (trending_up -2.9%, sideways -1.9%, high_volatility -3.0%, trending_down -12.6%). Sitting out a regime mostly reduces exposure; it does not by itself create edge.
  Live, all accounts, entries in TRENDING_UP: 119 round trips, mean -1.89% net.
  Live failure: arena_stochastic_cross paused after 56 trips at -0.962% mean net (t=-4.27).
actions:
  none
lessons:
  avoid_SIDEWAYS: SUPPORTED (8/10 strategies improved in both halves; needs >= 40% of >= 5 AND more than random-day blocking, which improved [7, 3, 3, 6, 2]).
  avoid_HIGH_VOLATILITY: REFUTED (3/10 strategies improved in both halves; needs >= 40% of >= 5 AND more than random-day blocking, which improved [1, 7, 6, 5, 3]).
  avoid_SIDEWAYS_and_HIGH_VOLATILITY: SUPPORTED (6/10 strategies improved in both halves; needs >= 40% of >= 5 AND more than random-day blocking, which improved [4, 1, 0, 3, 2]).
  market_filter_F1: SUPPORTED (9/10 strategies improved in both halves; needs >= 40% of >= 5 AND more than random-day blocking, which improved [3, 4, 4, 5, 2]).
  Caution: in the held-out period the champions' average GROSS move per trip was negative in every regime (trending_up -2.9%, sideways -1.9%, high_volatility -3.0%, trending_down -12.6%). Sitting out a regime mostly reduces exposure; it does not by itself create edge.
  Live, all accounts, entries in TRENDING_UP: 119 round trips, mean -1.89% net.
  Live failure: arena_stochastic_cross paused after 56 trips at -0.962% mean net (t=-4.27).
actions:
  none
lessons:
  avoid_SIDEWAYS: SUPPORTED (8/10 strategies improved in both halves; needs >= 40% of >= 5 AND more than random-day blocking, which improved [7, 3, 3, 6, 2]).
  avoid_HIGH_VOLATILITY: REFUTED (3/10 strategies improved in both halves; needs >= 40% of >= 5 AND more than random-day blocking, which improved [1, 7, 6, 5, 3]).
  avoid_SIDEWAYS_and_HIGH_VOLATILITY: SUPPORTED (6/10 strategies improved in both halves; needs >= 40% of >= 5 AND more than random-day blocking, which improved [4, 1, 0, 3, 2]).
  market_filter_F1: SUPPORTED (9/10 strategies improved in both halves; needs >= 40% of >= 5 AND more than random-day blocking, which improved [3, 4, 4, 5, 2]).
  Caution: in the held-out period the champions' average GROSS move per trip was negative in every regime (trending_up -2.9%, sideways -1.9%, high_volatility -3.0%, trending_down -12.6%). Sitting out a regime mostly reduces exposure; it does not by itself create edge.
  Live, all accounts, entries in TRENDING_UP: 127 round trips, mean -1.80% net.
  Live failure: arena_stochastic_cross paused after 56 trips at -0.962% mean net (t=-4.27).
actions:
  none
lessons:
  avoid_SIDEWAYS: SUPPORTED (8/10 strategies improved in both halves; needs >= 40% of >= 5 AND more than random-day blocking, which improved [7, 3, 3, 6, 2]).
  avoid_HIGH_VOLATILITY: REFUTED (3/10 strategies improved in both halves; needs >= 40% of >= 5 AND more than random-day blocking, which improved [1, 7, 6, 5, 3]).
  avoid_SIDEWAYS_and_HIGH_VOLATILITY: SUPPORTED (6/10 strategies improved in both halves; needs >= 40% of >= 5 AND more than random-day blocking, which improved [4, 1, 0, 3, 2]).
  market_filter_F1: SUPPORTED (9/10 strategies improved in both halves; needs >= 40% of >= 5 AND more than random-day blocking, which improved [3, 4, 4, 5, 2]).
  Caution: in the held-out period the champions' average GROSS move per trip was negative in every regime (trending_up -2.9%, sideways -1.9%, high_volatility -3.0%, trending_down -12.6%). Sitting out a regime mostly reduces exposure; it does not by itself create edge.
  Live, all accounts, entries in TRENDING_UP: 129 round trips, mean -1.76% net.
  Live failure: arena_stochastic_cross paused after 56 trips at -0.962% mean net (t=-4.27).
actions:
  none
lessons:
  avoid_SIDEWAYS: SUPPORTED (8/10 strategies improved in both halves; needs >= 40% of >= 5 AND more than random-day blocking, which improved [7, 3, 3, 6, 2]).
  avoid_HIGH_VOLATILITY: REFUTED (3/10 strategies improved in both halves; needs >= 40% of >= 5 AND more than random-day blocking, which improved [1, 7, 6, 5, 3]).
  avoid_SIDEWAYS_and_HIGH_VOLATILITY: SUPPORTED (6/10 strategies improved in both halves; needs >= 40% of >= 5 AND more than random-day blocking, which improved [4, 1, 0, 3, 2]).
  market_filter_F1: SUPPORTED (9/10 strategies improved in both halves; needs >= 40% of >= 5 AND more than random-day blocking, which improved [3, 4, 4, 5, 2]).
  Caution: in the held-out period the champions' average GROSS move per trip was negative in every regime (trending_up -2.9%, sideways -1.9%, high_volatility -3.0%, trending_down -12.6%). Sitting out a regime mostly reduces exposure; it does not by itself create edge.
  Live, all accounts, entries in TRENDING_UP: 137 round trips, mean -1.63% net.
  Live failure: arena_stochastic_cross paused after 56 trips at -0.962% mean net (t=-4.27).
actions:
  none
H avoid_SIDEWAYS: SUPPORTED (8/10; random-day placebo improved [7, 3, 3, 6, 2])
H avoid_HIGH_VOLATILITY: REFUTED (3/10; random-day placebo improved [1, 7, 6, 5, 3])
H avoid_SIDEWAYS_and_HIGH_VOLATILITY: SUPPORTED (6/10; random-day placebo improved [4, 1, 0, 3, 2])
H market_filter_F1: SUPPORTED (9/10; random-day placebo improved [3, 4, 4, 5, 2])
lessons:
  avoid_SIDEWAYS: SUPPORTED (8/10 strategies improved in both halves; needs >= 40% of >= 5 AND more than random-day blocking, which improved [7, 3, 3, 6, 2]).
  avoid_HIGH_VOLATILITY: REFUTED (3/10 strategies improved in both halves; needs >= 40% of >= 5 AND more than random-day blocking, which improved [1, 7, 6, 5, 3]).
  avoid_SIDEWAYS_and_HIGH_VOLATILITY: SUPPORTED (6/10 strategies improved in both halves; needs >= 40% of >= 5 AND more than random-day blocking, which improved [4, 1, 0, 3, 2]).
  market_filter_F1: SUPPORTED (9/10 strategies improved in both halves; needs >= 40% of >= 5 AND more than random-day blocking, which improved [3, 4, 4, 5, 2]).
  Caution: in the held-out period the champions' average GROSS move per trip was negative in every regime (trending_up -2.9%, sideways -1.9%, high_volatility -3.0%, trending_down -12.6%). Sitting out a regime mostly reduces exposure; it does not by itself create edge.
  Live, all accounts, entries in TRENDING_UP: 137 round trips, mean -1.63% net.
  Live failure: arena_stochastic_cross paused after 56 trips at -0.962% mean net (t=-4.27).
actions:
  challenger cap reached; further avoid SIDEWAYS candidates wait
  challenger cap reached; further avoid SIDEWAYS+HIGH_VOLATILITY candidates wait
  challenger cap reached; further market filter F1 candidates wait
lessons:
  avoid_SIDEWAYS: SUPPORTED (8/10 strategies improved in both halves; needs >= 40% of >= 5 AND more than random-day blocking, which improved [7, 3, 3, 6, 2]).
  avoid_HIGH_VOLATILITY: REFUTED (3/10 strategies improved in both halves; needs >= 40% of >= 5 AND more than random-day blocking, which improved [1, 7, 6, 5, 3]).
  avoid_SIDEWAYS_and_HIGH_VOLATILITY: SUPPORTED (6/10 strategies improved in both halves; needs >= 40% of >= 5 AND more than random-day blocking, which improved [4, 1, 0, 3, 2]).
  market_filter_F1: SUPPORTED (9/10 strategies improved in both halves; needs >= 40% of >= 5 AND more than random-day blocking, which improved [3, 4, 4, 5, 2]).
  Caution: in the held-out period the champions' average GROSS move per trip was negative in every regime (trending_up -2.9%, sideways -1.9%, high_volatility -3.0%, trending_down -12.6%). Sitting out a regime mostly reduces exposure; it does not by itself create edge.
  Live, all accounts, entries in TRENDING_UP: 141 round trips, mean -1.59% net.
  Live failure: arena_stochastic_cross paused after 56 trips at -0.962% mean net (t=-4.27).
actions:
  none
lessons:
  avoid_SIDEWAYS: SUPPORTED (8/10 strategies improved in both halves; needs >= 40% of >= 5 AND more than random-day blocking, which improved [7, 3, 3, 6, 2]).
  avoid_HIGH_VOLATILITY: REFUTED (3/10 strategies improved in both halves; needs >= 40% of >= 5 AND more than random-day blocking, which improved [1, 7, 6, 5, 3]).
  avoid_SIDEWAYS_and_HIGH_VOLATILITY: SUPPORTED (6/10 strategies improved in both halves; needs >= 40% of >= 5 AND more than random-day blocking, which improved [4, 1, 0, 3, 2]).
  market_filter_F1: SUPPORTED (9/10 strategies improved in both halves; needs >= 40% of >= 5 AND more than random-day blocking, which improved [3, 4, 4, 5, 2]).
  Caution: in the held-out period the champions' average GROSS move per trip was negative in every regime (trending_up -2.9%, sideways -1.9%, high_volatility -3.0%, trending_down -12.6%). Sitting out a regime mostly reduces exposure; it does not by itself create edge.
  Live, all accounts, entries in TRENDING_UP: 141 round trips, mean -1.59% net.
  Live failure: arena_stochastic_cross paused after 56 trips at -0.962% mean net (t=-4.27).
actions:
  none
lessons:
  avoid_SIDEWAYS: SUPPORTED (8/10 strategies improved in both halves; needs >= 40% of >= 5 AND more than random-day blocking, which improved [7, 3, 3, 6, 2]).
  avoid_HIGH_VOLATILITY: REFUTED (3/10 strategies improved in both halves; needs >= 40% of >= 5 AND more than random-day blocking, which improved [1, 7, 6, 5, 3]).
  avoid_SIDEWAYS_and_HIGH_VOLATILITY: SUPPORTED (6/10 strategies improved in both halves; needs >= 40% of >= 5 AND more than random-day blocking, which improved [4, 1, 0, 3, 2]).
  market_filter_F1: SUPPORTED (9/10 strategies improved in both halves; needs >= 40% of >= 5 AND more than random-day blocking, which improved [3, 4, 4, 5, 2]).
  Caution: in the held-out period the champions' average GROSS move per trip was negative in every regime (trending_up -2.9%, sideways -1.9%, high_volatility -3.0%, trending_down -12.6%). Sitting out a regime mostly reduces exposure; it does not by itself create edge.
  Live, all accounts, entries in TRENDING_UP: 142 round trips, mean -1.59% net.
  Live failure: arena_stochastic_cross paused after 56 trips at -0.962% mean net (t=-4.27).
actions:
  none
lessons:
  avoid_SIDEWAYS: SUPPORTED (8/10 strategies improved in both halves; needs >= 40% of >= 5 AND more than random-day blocking, which improved [7, 3, 3, 6, 2]).
  avoid_HIGH_VOLATILITY: REFUTED (3/10 strategies improved in both halves; needs >= 40% of >= 5 AND more than random-day blocking, which improved [1, 7, 6, 5, 3]).
  avoid_SIDEWAYS_and_HIGH_VOLATILITY: SUPPORTED (6/10 strategies improved in both halves; needs >= 40% of >= 5 AND more than random-day blocking, which improved [4, 1, 0, 3, 2]).
  market_filter_F1: SUPPORTED (9/10 strategies improved in both halves; needs >= 40% of >= 5 AND more than random-day blocking, which improved [3, 4, 4, 5, 2]).
  Caution: in the held-out period the champions' average GROSS move per trip was negative in every regime (trending_up -2.9%, sideways -1.9%, high_volatility -3.0%, trending_down -12.6%). Sitting out a regime mostly reduces exposure; it does not by itself create edge.
  Live, all accounts, entries in TRENDING_UP: 142 round trips, mean -1.59% net.
  Live failure: arena_stochastic_cross paused after 56 trips at -0.962% mean net (t=-4.27).
actions:
  none
lessons:
  avoid_SIDEWAYS: SUPPORTED (8/10 strategies improved in both halves; needs >= 40% of >= 5 AND more than random-day blocking, which improved [7, 3, 3, 6, 2]).
  avoid_HIGH_VOLATILITY: REFUTED (3/10 strategies improved in both halves; needs >= 40% of >= 5 AND more than random-day blocking, which improved [1, 7, 6, 5, 3]).
  avoid_SIDEWAYS_and_HIGH_VOLATILITY: SUPPORTED (6/10 strategies improved in both halves; needs >= 40% of >= 5 AND more than random-day blocking, which improved [4, 1, 0, 3, 2]).
  market_filter_F1: SUPPORTED (9/10 strategies improved in both halves; needs >= 40% of >= 5 AND more than random-day blocking, which improved [3, 4, 4, 5, 2]).
  Caution: in the held-out period the champions' average GROSS move per trip was negative in every regime (trending_up -2.9%, sideways -1.9%, high_volatility -3.0%, trending_down -12.6%). Sitting out a regime mostly reduces exposure; it does not by itself create edge.
  Live, all accounts, entries in TRENDING_UP: 142 round trips, mean -1.59% net.
  Live failure: arena_stochastic_cross paused after 56 trips at -0.962% mean net (t=-4.27).
actions:
  none
lessons:
  avoid_SIDEWAYS: SUPPORTED (8/10 strategies improved in both halves; needs >= 40% of >= 5 AND more than random-day blocking, which improved [7, 3, 3, 6, 2]).
  avoid_HIGH_VOLATILITY: REFUTED (3/10 strategies improved in both halves; needs >= 40% of >= 5 AND more than random-day blocking, which improved [1, 7, 6, 5, 3]).
  avoid_SIDEWAYS_and_HIGH_VOLATILITY: SUPPORTED (6/10 strategies improved in both halves; needs >= 40% of >= 5 AND more than random-day blocking, which improved [4, 1, 0, 3, 2]).
  market_filter_F1: SUPPORTED (9/10 strategies improved in both halves; needs >= 40% of >= 5 AND more than random-day blocking, which improved [3, 4, 4, 5, 2]).
  Caution: in the held-out period the champions' average GROSS move per trip was negative in every regime (trending_up -2.9%, sideways -1.9%, high_volatility -3.0%, trending_down -12.6%). Sitting out a regime mostly reduces exposure; it does not by itself create edge.
  Live, all accounts, entries in TRENDING_UP: 143 round trips, mean -1.60% net.
  Live failure: arena_stochastic_cross paused after 56 trips at -0.962% mean net (t=-4.27).
actions:
  none
H avoid_SIDEWAYS: SUPPORTED (8/10; random-day placebo improved [7, 3, 3, 6, 2])
H avoid_HIGH_VOLATILITY: REFUTED (3/10; random-day placebo improved [1, 7, 6, 5, 3])
H avoid_SIDEWAYS_and_HIGH_VOLATILITY: SUPPORTED (6/10; random-day placebo improved [4, 1, 0, 3, 2])
H market_filter_F1: SUPPORTED (9/10; random-day placebo improved [3, 4, 4, 5, 2])
lessons:
  avoid_SIDEWAYS: SUPPORTED (8/10 strategies improved in both halves; needs >= 40% of >= 5 AND more than random-day blocking, which improved [7, 3, 3, 6, 2]).
  avoid_HIGH_VOLATILITY: REFUTED (3/10 strategies improved in both halves; needs >= 40% of >= 5 AND more than random-day blocking, which improved [1, 7, 6, 5, 3]).
  avoid_SIDEWAYS_and_HIGH_VOLATILITY: SUPPORTED (6/10 strategies improved in both halves; needs >= 40% of >= 5 AND more than random-day blocking, which improved [4, 1, 0, 3, 2]).
  market_filter_F1: SUPPORTED (9/10 strategies improved in both halves; needs >= 40% of >= 5 AND more than random-day blocking, which improved [3, 4, 4, 5, 2]).
  Caution: in the held-out period the champions' average GROSS move per trip was negative in every regime (trending_up -2.9%, sideways -1.9%, high_volatility -3.0%, trending_down -12.6%). Sitting out a regime mostly reduces exposure; it does not by itself create edge.
  Live, all accounts, entries in TRENDING_UP: 143 round trips, mean -1.60% net.
  Live failure: arena_stochastic_cross paused after 56 trips at -0.962% mean net (t=-4.27).
actions:
  challenger cap reached; further avoid SIDEWAYS candidates wait
  challenger cap reached; further avoid SIDEWAYS+HIGH_VOLATILITY candidates wait
  challenger cap reached; further market filter F1 candidates wait
lessons:
  avoid_SIDEWAYS: SUPPORTED (8/10 strategies improved in both halves; needs >= 40% of >= 5 AND more than random-day blocking, which improved [7, 3, 3, 6, 2]).
  avoid_HIGH_VOLATILITY: REFUTED (3/10 strategies improved in both halves; needs >= 40% of >= 5 AND more than random-day blocking, which improved [1, 7, 6, 5, 3]).
  avoid_SIDEWAYS_and_HIGH_VOLATILITY: SUPPORTED (6/10 strategies improved in both halves; needs >= 40% of >= 5 AND more than random-day blocking, which improved [4, 1, 0, 3, 2]).
  market_filter_F1: SUPPORTED (9/10 strategies improved in both halves; needs >= 40% of >= 5 AND more than random-day blocking, which improved [3, 4, 4, 5, 2]).
  Caution: in the held-out period the champions' average GROSS move per trip was negative in every regime (trending_up -2.9%, sideways -1.9%, high_volatility -3.0%, trending_down -12.6%). Sitting out a regime mostly reduces exposure; it does not by itself create edge.
  Live, all accounts, entries in TRENDING_UP: 144 round trips, mean -1.57% net.
  Live failure: arena_stochastic_cross paused after 56 trips at -0.962% mean net (t=-4.27).
actions:
  none
lessons:
  avoid_SIDEWAYS: SUPPORTED (8/10 strategies improved in both halves; needs >= 40% of >= 5 AND more than random-day blocking, which improved [7, 3, 3, 6, 2]).
  avoid_HIGH_VOLATILITY: REFUTED (3/10 strategies improved in both halves; needs >= 40% of >= 5 AND more than random-day blocking, which improved [1, 7, 6, 5, 3]).
  avoid_SIDEWAYS_and_HIGH_VOLATILITY: SUPPORTED (6/10 strategies improved in both halves; needs >= 40% of >= 5 AND more than random-day blocking, which improved [4, 1, 0, 3, 2]).
  market_filter_F1: SUPPORTED (9/10 strategies improved in both halves; needs >= 40% of >= 5 AND more than random-day blocking, which improved [3, 4, 4, 5, 2]).
  Caution: in the held-out period the champions' average GROSS move per trip was negative in every regime (trending_up -2.9%, sideways -1.9%, high_volatility -3.0%, trending_down -12.6%). Sitting out a regime mostly reduces exposure; it does not by itself create edge.
  Live, all accounts, entries in TRENDING_UP: 145 round trips, mean -1.59% net.
  Live failure: arena_stochastic_cross paused after 56 trips at -0.962% mean net (t=-4.27).
actions:
  none
lessons:
  avoid_SIDEWAYS: SUPPORTED (8/10 strategies improved in both halves; needs >= 40% of >= 5 AND more than random-day blocking, which improved [7, 3, 3, 6, 2]).
  avoid_HIGH_VOLATILITY: REFUTED (3/10 strategies improved in both halves; needs >= 40% of >= 5 AND more than random-day blocking, which improved [1, 7, 6, 5, 3]).
  avoid_SIDEWAYS_and_HIGH_VOLATILITY: SUPPORTED (6/10 strategies improved in both halves; needs >= 40% of >= 5 AND more than random-day blocking, which improved [4, 1, 0, 3, 2]).
  market_filter_F1: SUPPORTED (9/10 strategies improved in both halves; needs >= 40% of >= 5 AND more than random-day blocking, which improved [3, 4, 4, 5, 2]).
  Caution: in the held-out period the champions' average GROSS move per trip was negative in every regime (trending_up -2.9%, sideways -1.9%, high_volatility -3.0%, trending_down -12.6%). Sitting out a regime mostly reduces exposure; it does not by itself create edge.
  Live, all accounts, entries in TRENDING_UP: 145 round trips, mean -1.59% net.
  Live failure: arena_stochastic_cross paused after 56 trips at -0.962% mean net (t=-4.27).
actions:
  none
lessons:
  avoid_SIDEWAYS: SUPPORTED (8/10 strategies improved in both halves; needs >= 40% of >= 5 AND more than random-day blocking, which improved [7, 3, 3, 6, 2]).
  avoid_HIGH_VOLATILITY: REFUTED (3/10 strategies improved in both halves; needs >= 40% of >= 5 AND more than random-day blocking, which improved [1, 7, 6, 5, 3]).
  avoid_SIDEWAYS_and_HIGH_VOLATILITY: SUPPORTED (6/10 strategies improved in both halves; needs >= 40% of >= 5 AND more than random-day blocking, which improved [4, 1, 0, 3, 2]).
  market_filter_F1: SUPPORTED (9/10 strategies improved in both halves; needs >= 40% of >= 5 AND more than random-day blocking, which improved [3, 4, 4, 5, 2]).
  Caution: in the held-out period the champions' average GROSS move per trip was negative in every regime (trending_up -2.9%, sideways -1.9%, high_volatility -3.0%, trending_down -12.6%). Sitting out a regime mostly reduces exposure; it does not by itself create edge.
  Live, all accounts, entries in TRENDING_UP: 145 round trips, mean -1.59% net.
  Live failure: arena_stochastic_cross paused after 56 trips at -0.962% mean net (t=-4.27).
actions:
  none
lessons:
  avoid_SIDEWAYS: SUPPORTED (8/10 strategies improved in both halves; needs >= 40% of >= 5 AND more than random-day blocking, which improved [7, 3, 3, 6, 2]).
  avoid_HIGH_VOLATILITY: REFUTED (3/10 strategies improved in both halves; needs >= 40% of >= 5 AND more than random-day blocking, which improved [1, 7, 6, 5, 3]).
  avoid_SIDEWAYS_and_HIGH_VOLATILITY: SUPPORTED (6/10 strategies improved in both halves; needs >= 40% of >= 5 AND more than random-day blocking, which improved [4, 1, 0, 3, 2]).
  market_filter_F1: SUPPORTED (9/10 strategies improved in both halves; needs >= 40% of >= 5 AND more than random-day blocking, which improved [3, 4, 4, 5, 2]).
  Caution: in the held-out period the champions' average GROSS move per trip was negative in every regime (trending_up -2.9%, sideways -1.9%, high_volatility -3.0%, trending_down -12.6%). Sitting out a regime mostly reduces exposure; it does not by itself create edge.
  Live, all accounts, entries in TRENDING_UP: 145 round trips, mean -1.59% net.
  Live failure: arena_stochastic_cross paused after 56 trips at -0.962% mean net (t=-4.27).
actions:
  none
lessons:
  avoid_SIDEWAYS: SUPPORTED (8/10 strategies improved in both halves; needs >= 40% of >= 5 AND more than random-day blocking, which improved [7, 3, 3, 6, 2]).
  avoid_HIGH_VOLATILITY: REFUTED (3/10 strategies improved in both halves; needs >= 40% of >= 5 AND more than random-day blocking, which improved [1, 7, 6, 5, 3]).
  avoid_SIDEWAYS_and_HIGH_VOLATILITY: SUPPORTED (6/10 strategies improved in both halves; needs >= 40% of >= 5 AND more than random-day blocking, which improved [4, 1, 0, 3, 2]).
  market_filter_F1: SUPPORTED (9/10 strategies improved in both halves; needs >= 40% of >= 5 AND more than random-day blocking, which improved [3, 4, 4, 5, 2]).
  Caution: in the held-out period the champions' average GROSS move per trip was negative in every regime (trending_up -2.9%, sideways -1.9%, high_volatility -3.0%, trending_down -12.6%). Sitting out a regime mostly reduces exposure; it does not by itself create edge.
  Live, all accounts, entries in TRENDING_UP: 146 round trips, mean -1.60% net.
  Live failure: arena_stochastic_cross paused after 56 trips at -0.962% mean net (t=-4.27).
actions:
  none
H avoid_SIDEWAYS: SUPPORTED (8/10; random-day placebo improved [7, 3, 3, 6, 2])
H avoid_HIGH_VOLATILITY: REFUTED (3/10; random-day placebo improved [1, 7, 6, 5, 3])
H avoid_SIDEWAYS_and_HIGH_VOLATILITY: SUPPORTED (6/10; random-day placebo improved [4, 1, 0, 3, 2])
H market_filter_F1: SUPPORTED (9/10; random-day placebo improved [3, 4, 4, 5, 2])
lessons:
  avoid_SIDEWAYS: SUPPORTED (8/10 strategies improved in both halves; needs >= 40% of >= 5 AND more than random-day blocking, which improved [7, 3, 3, 6, 2]).
  avoid_HIGH_VOLATILITY: REFUTED (3/10 strategies improved in both halves; needs >= 40% of >= 5 AND more than random-day blocking, which improved [1, 7, 6, 5, 3]).
  avoid_SIDEWAYS_and_HIGH_VOLATILITY: SUPPORTED (6/10 strategies improved in both halves; needs >= 40% of >= 5 AND more than random-day blocking, which improved [4, 1, 0, 3, 2]).
  market_filter_F1: SUPPORTED (9/10 strategies improved in both halves; needs >= 40% of >= 5 AND more than random-day blocking, which improved [3, 4, 4, 5, 2]).
  Caution: in the held-out period the champions' average GROSS move per trip was negative in every regime (trending_up -2.9%, sideways -1.9%, high_volatility -3.0%, trending_down -12.6%). Sitting out a regime mostly reduces exposure; it does not by itself create edge.
  Live, all accounts, entries in TRENDING_UP: 146 round trips, mean -1.60% net.
  Live failure: arena_stochastic_cross paused after 56 trips at -0.962% mean net (t=-4.27).
actions:
  challenger cap reached; further avoid SIDEWAYS candidates wait
  challenger cap reached; further avoid SIDEWAYS+HIGH_VOLATILITY candidates wait
  challenger cap reached; further market filter F1 candidates wait
lessons:
  avoid_SIDEWAYS: SUPPORTED (8/10 strategies improved in both halves; needs >= 40% of >= 5 AND more than random-day blocking, which improved [7, 3, 3, 6, 2]).
  avoid_HIGH_VOLATILITY: REFUTED (3/10 strategies improved in both halves; needs >= 40% of >= 5 AND more than random-day blocking, which improved [1, 7, 6, 5, 3]).
  avoid_SIDEWAYS_and_HIGH_VOLATILITY: SUPPORTED (6/10 strategies improved in both halves; needs >= 40% of >= 5 AND more than random-day blocking, which improved [4, 1, 0, 3, 2]).
  market_filter_F1: SUPPORTED (9/10 strategies improved in both halves; needs >= 40% of >= 5 AND more than random-day blocking, which improved [3, 4, 4, 5, 2]).
  Caution: in the held-out period the champions' average GROSS move per trip was negative in every regime (trending_up -2.9%, sideways -1.9%, high_volatility -3.0%, trending_down -12.6%). Sitting out a regime mostly reduces exposure; it does not by itself create edge.
  Live, all accounts, entries in TRENDING_UP: 148 round trips, mean -1.63% net.
  Live failure: arena_stochastic_cross paused after 56 trips at -0.962% mean net (t=-4.27).
actions:
  none
lessons:
  avoid_SIDEWAYS: SUPPORTED (8/10 strategies improved in both halves; needs >= 40% of >= 5 AND more than random-day blocking, which improved [7, 3, 3, 6, 2]).
  avoid_HIGH_VOLATILITY: REFUTED (3/10 strategies improved in both halves; needs >= 40% of >= 5 AND more than random-day blocking, which improved [1, 7, 6, 5, 3]).
  avoid_SIDEWAYS_and_HIGH_VOLATILITY: SUPPORTED (6/10 strategies improved in both halves; needs >= 40% of >= 5 AND more than random-day blocking, which improved [4, 1, 0, 3, 2]).
  market_filter_F1: SUPPORTED (9/10 strategies improved in both halves; needs >= 40% of >= 5 AND more than random-day blocking, which improved [3, 4, 4, 5, 2]).
  Caution: in the held-out period the champions' average GROSS move per trip was negative in every regime (trending_up -2.9%, sideways -1.9%, high_volatility -3.0%, trending_down -12.6%). Sitting out a regime mostly reduces exposure; it does not by itself create edge.
  Live, all accounts, entries in TRENDING_UP: 151 round trips, mean -1.54% net.
  Live failure: arena_stochastic_cross paused after 56 trips at -0.962% mean net (t=-4.27).
actions:
  none
lessons:
  avoid_SIDEWAYS: SUPPORTED (8/10 strategies improved in both halves; needs >= 40% of >= 5 AND more than random-day blocking, which improved [7, 3, 3, 6, 2]).
  avoid_HIGH_VOLATILITY: REFUTED (3/10 strategies improved in both halves; needs >= 40% of >= 5 AND more than random-day blocking, which improved [1, 7, 6, 5, 3]).
  avoid_SIDEWAYS_and_HIGH_VOLATILITY: SUPPORTED (6/10 strategies improved in both halves; needs >= 40% of >= 5 AND more than random-day blocking, which improved [4, 1, 0, 3, 2]).
  market_filter_F1: SUPPORTED (9/10 strategies improved in both halves; needs >= 40% of >= 5 AND more than random-day blocking, which improved [3, 4, 4, 5, 2]).
  Caution: in the held-out period the champions' average GROSS move per trip was negative in every regime (trending_up -2.9%, sideways -1.9%, high_volatility -3.0%, trending_down -12.6%). Sitting out a regime mostly reduces exposure; it does not by itself create edge.
  Live, all accounts, entries in TRENDING_UP: 152 round trips, mean -1.50% net.
  Live failure: arena_stochastic_cross paused after 56 trips at -0.962% mean net (t=-4.27).
actions:
  none
lessons:
  avoid_SIDEWAYS: SUPPORTED (8/10 strategies improved in both halves; needs >= 40% of >= 5 AND more than random-day blocking, which improved [7, 3, 3, 6, 2]).
  avoid_HIGH_VOLATILITY: REFUTED (3/10 strategies improved in both halves; needs >= 40% of >= 5 AND more than random-day blocking, which improved [1, 7, 6, 5, 3]).
  avoid_SIDEWAYS_and_HIGH_VOLATILITY: SUPPORTED (6/10 strategies improved in both halves; needs >= 40% of >= 5 AND more than random-day blocking, which improved [4, 1, 0, 3, 2]).
  market_filter_F1: SUPPORTED (9/10 strategies improved in both halves; needs >= 40% of >= 5 AND more than random-day blocking, which improved [3, 4, 4, 5, 2]).
  Caution: in the held-out period the champions' average GROSS move per trip was negative in every regime (trending_up -2.9%, sideways -1.9%, high_volatility -3.0%, trending_down -12.6%). Sitting out a regime mostly reduces exposure; it does not by itself create edge.
  Live, all accounts, entries in TRENDING_UP: 152 round trips, mean -1.50% net.
  Live failure: arena_stochastic_cross paused after 56 trips at -0.962% mean net (t=-4.27).
actions:
  none
lessons:
  avoid_SIDEWAYS: SUPPORTED (8/10 strategies improved in both halves; needs >= 40% of >= 5 AND more than random-day blocking, which improved [7, 3, 3, 6, 2]).
  avoid_HIGH_VOLATILITY: REFUTED (3/10 strategies improved in both halves; needs >= 40% of >= 5 AND more than random-day blocking, which improved [1, 7, 6, 5, 3]).
  avoid_SIDEWAYS_and_HIGH_VOLATILITY: SUPPORTED (6/10 strategies improved in both halves; needs >= 40% of >= 5 AND more than random-day blocking, which improved [4, 1, 0, 3, 2]).
  market_filter_F1: SUPPORTED (9/10 strategies improved in both halves; needs >= 40% of >= 5 AND more than random-day blocking, which improved [3, 4, 4, 5, 2]).
  Caution: in the held-out period the champions' average GROSS move per trip was negative in every regime (trending_up -2.9%, sideways -1.9%, high_volatility -3.0%, trending_down -12.6%). Sitting out a regime mostly reduces exposure; it does not by itself create edge.
  Live, all accounts, entries in TRENDING_UP: 152 round trips, mean -1.50% net.
  Live failure: arena_stochastic_cross paused after 56 trips at -0.962% mean net (t=-4.27).
actions:
  none
lessons:
  avoid_SIDEWAYS: SUPPORTED (8/10 strategies improved in both halves; needs >= 40% of >= 5 AND more than random-day blocking, which improved [7, 3, 3, 6, 2]).
  avoid_HIGH_VOLATILITY: REFUTED (3/10 strategies improved in both halves; needs >= 40% of >= 5 AND more than random-day blocking, which improved [1, 7, 6, 5, 3]).
  avoid_SIDEWAYS_and_HIGH_VOLATILITY: SUPPORTED (6/10 strategies improved in both halves; needs >= 40% of >= 5 AND more than random-day blocking, which improved [4, 1, 0, 3, 2]).
  market_filter_F1: SUPPORTED (9/10 strategies improved in both halves; needs >= 40% of >= 5 AND more than random-day blocking, which improved [3, 4, 4, 5, 2]).
  Caution: in the held-out period the champions' average GROSS move per trip was negative in every regime (trending_up -2.9%, sideways -1.9%, high_volatility -3.0%, trending_down -12.6%). Sitting out a regime mostly reduces exposure; it does not by itself create edge.
  Live, all accounts, entries in TRENDING_UP: 152 round trips, mean -1.50% net.
  Live failure: arena_stochastic_cross paused after 56 trips at -0.962% mean net (t=-4.27).
actions:
  none
H avoid_SIDEWAYS: SUPPORTED (8/10; random-day placebo improved [5, 0, 2, 0, 5])
H avoid_HIGH_VOLATILITY: REFUTED (3/10; random-day placebo improved [3, 2, 2, 1, 3])
H avoid_SIDEWAYS_and_HIGH_VOLATILITY: REFUTED (6/10; random-day placebo improved [7, 0, 1, 1, 4])
H market_filter_F1: SUPPORTED (9/10; random-day placebo improved [3, 2, 2, 1, 4])
lessons:
  avoid_SIDEWAYS: SUPPORTED (8/10 strategies improved in both halves; needs >= 40% of >= 5 AND more than random-day blocking, which improved [5, 0, 2, 0, 5]).
  avoid_HIGH_VOLATILITY: REFUTED (3/10 strategies improved in both halves; needs >= 40% of >= 5 AND more than random-day blocking, which improved [3, 2, 2, 1, 3]).
  avoid_SIDEWAYS_and_HIGH_VOLATILITY: REFUTED (6/10 strategies improved in both halves; needs >= 40% of >= 5 AND more than random-day blocking, which improved [7, 0, 1, 1, 4]).
  market_filter_F1: SUPPORTED (9/10 strategies improved in both halves; needs >= 40% of >= 5 AND more than random-day blocking, which improved [3, 2, 2, 1, 4]).
  Caution: in the held-out period the champions' average GROSS move per trip was negative in every regime (trending_up -2.9%, sideways -1.9%, high_volatility -3.0%, trending_down -12.6%). Sitting out a regime mostly reduces exposure; it does not by itself create edge.
  Live, all accounts, entries in TRENDING_UP: 152 round trips, mean -1.50% net.
  Live failure: arena_stochastic_cross paused after 56 trips at -0.962% mean net (t=-4.27).
actions:
  challenger cap reached; further avoid SIDEWAYS candidates wait
  challenger cap reached; further market filter F1 candidates wait
lessons:
  avoid_SIDEWAYS: SUPPORTED (8/10 strategies improved in both halves; needs >= 40% of >= 5 AND more than random-day blocking, which improved [5, 0, 2, 0, 5]).
  avoid_HIGH_VOLATILITY: REFUTED (3/10 strategies improved in both halves; needs >= 40% of >= 5 AND more than random-day blocking, which improved [3, 2, 2, 1, 3]).
  avoid_SIDEWAYS_and_HIGH_VOLATILITY: REFUTED (6/10 strategies improved in both halves; needs >= 40% of >= 5 AND more than random-day blocking, which improved [7, 0, 1, 1, 4]).
  market_filter_F1: SUPPORTED (9/10 strategies improved in both halves; needs >= 40% of >= 5 AND more than random-day blocking, which improved [3, 2, 2, 1, 4]).
  Caution: in the held-out period the champions' average GROSS move per trip was negative in every regime (trending_up -2.9%, sideways -1.9%, high_volatility -3.0%, trending_down -12.6%). Sitting out a regime mostly reduces exposure; it does not by itself create edge.
  Live, all accounts, entries in TRENDING_UP: 152 round trips, mean -1.50% net.
  Live failure: arena_stochastic_cross paused after 56 trips at -0.962% mean net (t=-4.27).
actions:
  none
lessons:
  avoid_SIDEWAYS: SUPPORTED (8/10 strategies improved in both halves; needs >= 40% of >= 5 AND more than random-day blocking, which improved [5, 0, 2, 0, 5]).
  avoid_HIGH_VOLATILITY: REFUTED (3/10 strategies improved in both halves; needs >= 40% of >= 5 AND more than random-day blocking, which improved [3, 2, 2, 1, 3]).
  avoid_SIDEWAYS_and_HIGH_VOLATILITY: REFUTED (6/10 strategies improved in both halves; needs >= 40% of >= 5 AND more than random-day blocking, which improved [7, 0, 1, 1, 4]).
  market_filter_F1: SUPPORTED (9/10 strategies improved in both halves; needs >= 40% of >= 5 AND more than random-day blocking, which improved [3, 2, 2, 1, 4]).
  Caution: in the held-out period the champions' average GROSS move per trip was negative in every regime (trending_up -2.9%, sideways -1.9%, high_volatility -3.0%, trending_down -12.6%). Sitting out a regime mostly reduces exposure; it does not by itself create edge.
  Live, all accounts, entries in TRENDING_UP: 153 round trips, mean -1.46% net.
  Live failure: arena_stochastic_cross paused after 56 trips at -0.962% mean net (t=-4.27).
actions:
  none
lessons:
  avoid_SIDEWAYS: SUPPORTED (8/10 strategies improved in both halves; needs >= 40% of >= 5 AND more than random-day blocking, which improved [5, 0, 2, 0, 5]).
  avoid_HIGH_VOLATILITY: REFUTED (3/10 strategies improved in both halves; needs >= 40% of >= 5 AND more than random-day blocking, which improved [3, 2, 2, 1, 3]).
  avoid_SIDEWAYS_and_HIGH_VOLATILITY: REFUTED (6/10 strategies improved in both halves; needs >= 40% of >= 5 AND more than random-day blocking, which improved [7, 0, 1, 1, 4]).
  market_filter_F1: SUPPORTED (9/10 strategies improved in both halves; needs >= 40% of >= 5 AND more than random-day blocking, which improved [3, 2, 2, 1, 4]).
  Caution: in the held-out period the champions' average GROSS move per trip was negative in every regime (trending_up -2.9%, sideways -1.9%, high_volatility -3.0%, trending_down -12.6%). Sitting out a regime mostly reduces exposure; it does not by itself create edge.
  Live, all accounts, entries in TRENDING_UP: 153 round trips, mean -1.46% net.
  Live failure: arena_stochastic_cross paused after 56 trips at -0.962% mean net (t=-4.27).
actions:
  none
lessons:
  avoid_SIDEWAYS: SUPPORTED (8/10 strategies improved in both halves; needs >= 40% of >= 5 AND more than random-day blocking, which improved [5, 0, 2, 0, 5]).
  avoid_HIGH_VOLATILITY: REFUTED (3/10 strategies improved in both halves; needs >= 40% of >= 5 AND more than random-day blocking, which improved [3, 2, 2, 1, 3]).
  avoid_SIDEWAYS_and_HIGH_VOLATILITY: REFUTED (6/10 strategies improved in both halves; needs >= 40% of >= 5 AND more than random-day blocking, which improved [7, 0, 1, 1, 4]).
  market_filter_F1: SUPPORTED (9/10 strategies improved in both halves; needs >= 40% of >= 5 AND more than random-day blocking, which improved [3, 2, 2, 1, 4]).
  Caution: in the held-out period the champions' average GROSS move per trip was negative in every regime (trending_up -2.9%, sideways -1.9%, high_volatility -3.0%, trending_down -12.6%). Sitting out a regime mostly reduces exposure; it does not by itself create edge.
  Live, all accounts, entries in TRENDING_UP: 154 round trips, mean -1.47% net.
  Live failure: arena_stochastic_cross paused after 56 trips at -0.962% mean net (t=-4.27).
actions:
  none
lessons:
  avoid_SIDEWAYS: SUPPORTED (8/10 strategies improved in both halves; needs >= 40% of >= 5 AND more than random-day blocking, which improved [5, 0, 2, 0, 5]).
  avoid_HIGH_VOLATILITY: REFUTED (3/10 strategies improved in both halves; needs >= 40% of >= 5 AND more than random-day blocking, which improved [3, 2, 2, 1, 3]).
  avoid_SIDEWAYS_and_HIGH_VOLATILITY: REFUTED (6/10 strategies improved in both halves; needs >= 40% of >= 5 AND more than random-day blocking, which improved [7, 0, 1, 1, 4]).
  market_filter_F1: SUPPORTED (9/10 strategies improved in both halves; needs >= 40% of >= 5 AND more than random-day blocking, which improved [3, 2, 2, 1, 4]).
  Caution: in the held-out period the champions' average GROSS move per trip was negative in every regime (trending_up -2.9%, sideways -1.9%, high_volatility -3.0%, trending_down -12.6%). Sitting out a regime mostly reduces exposure; it does not by itself create edge.
  Live, all accounts, entries in TRENDING_UP: 156 round trips, mean -1.25% net.
  Live failure: arena_stochastic_cross paused after 56 trips at -0.962% mean net (t=-4.27).
actions:
  none
lessons:
  avoid_SIDEWAYS: SUPPORTED (8/10 strategies improved in both halves; needs >= 40% of >= 5 AND more than random-day blocking, which improved [5, 0, 2, 0, 5]).
  avoid_HIGH_VOLATILITY: REFUTED (3/10 strategies improved in both halves; needs >= 40% of >= 5 AND more than random-day blocking, which improved [3, 2, 2, 1, 3]).
  avoid_SIDEWAYS_and_HIGH_VOLATILITY: REFUTED (6/10 strategies improved in both halves; needs >= 40% of >= 5 AND more than random-day blocking, which improved [7, 0, 1, 1, 4]).
  market_filter_F1: SUPPORTED (9/10 strategies improved in both halves; needs >= 40% of >= 5 AND more than random-day blocking, which improved [3, 2, 2, 1, 4]).
  Caution: in the held-out period the champions' average GROSS move per trip was negative in every regime (trending_up -2.9%, sideways -1.9%, high_volatility -3.0%, trending_down -12.6%). Sitting out a regime mostly reduces exposure; it does not by itself create edge.
  Live, all accounts, entries in TRENDING_UP: 158 round trips, mean -1.12% net.
  Live failure: arena_stochastic_cross paused after 56 trips at -0.962% mean net (t=-4.27).
actions:
  none
H avoid_SIDEWAYS: SUPPORTED (8/10; random-day placebo improved [5, 0, 2, 0, 5])
H avoid_HIGH_VOLATILITY: REFUTED (3/10; random-day placebo improved [3, 2, 2, 1, 3])
H avoid_SIDEWAYS_and_HIGH_VOLATILITY: REFUTED (6/10; random-day placebo improved [7, 0, 1, 1, 4])
H market_filter_F1: SUPPORTED (9/10; random-day placebo improved [3, 2, 2, 1, 4])
lessons:
  avoid_SIDEWAYS: SUPPORTED (8/10 strategies improved in both halves; needs >= 40% of >= 5 AND more than random-day blocking, which improved [5, 0, 2, 0, 5]).
  avoid_HIGH_VOLATILITY: REFUTED (3/10 strategies improved in both halves; needs >= 40% of >= 5 AND more than random-day blocking, which improved [3, 2, 2, 1, 3]).
  avoid_SIDEWAYS_and_HIGH_VOLATILITY: REFUTED (6/10 strategies improved in both halves; needs >= 40% of >= 5 AND more than random-day blocking, which improved [7, 0, 1, 1, 4]).
  market_filter_F1: SUPPORTED (9/10 strategies improved in both halves; needs >= 40% of >= 5 AND more than random-day blocking, which improved [3, 2, 2, 1, 4]).
  Caution: in the held-out period the champions' average GROSS move per trip was negative in every regime (trending_up -2.9%, sideways -1.9%, high_volatility -3.0%, trending_down -12.6%). Sitting out a regime mostly reduces exposure; it does not by itself create edge.
  Live, all accounts, entries in TRENDING_UP: 158 round trips, mean -1.12% net.
  Live failure: arena_stochastic_cross paused after 56 trips at -0.962% mean net (t=-4.27).
actions:
  challenger cap reached; further avoid SIDEWAYS candidates wait
  challenger cap reached; further market filter F1 candidates wait
lessons:
  avoid_SIDEWAYS: SUPPORTED (8/10 strategies improved in both halves; needs >= 40% of >= 5 AND more than random-day blocking, which improved [5, 0, 2, 0, 5]).
  avoid_HIGH_VOLATILITY: REFUTED (3/10 strategies improved in both halves; needs >= 40% of >= 5 AND more than random-day blocking, which improved [3, 2, 2, 1, 3]).
  avoid_SIDEWAYS_and_HIGH_VOLATILITY: REFUTED (6/10 strategies improved in both halves; needs >= 40% of >= 5 AND more than random-day blocking, which improved [7, 0, 1, 1, 4]).
  market_filter_F1: SUPPORTED (9/10 strategies improved in both halves; needs >= 40% of >= 5 AND more than random-day blocking, which improved [3, 2, 2, 1, 4]).
  Caution: in the held-out period the champions' average GROSS move per trip was negative in every regime (trending_up -2.9%, sideways -1.9%, high_volatility -3.0%, trending_down -12.6%). Sitting out a regime mostly reduces exposure; it does not by itself create edge.
  Live, all accounts, entries in TRENDING_UP: 160 round trips, mean -1.11% net.
  Live failure: arena_stochastic_cross paused after 56 trips at -0.962% mean net (t=-4.27).
actions:
  none
lessons:
  avoid_SIDEWAYS: SUPPORTED (8/10 strategies improved in both halves; needs >= 40% of >= 5 AND more than random-day blocking, which improved [5, 0, 2, 0, 5]).
  avoid_HIGH_VOLATILITY: REFUTED (3/10 strategies improved in both halves; needs >= 40% of >= 5 AND more than random-day blocking, which improved [3, 2, 2, 1, 3]).
  avoid_SIDEWAYS_and_HIGH_VOLATILITY: REFUTED (6/10 strategies improved in both halves; needs >= 40% of >= 5 AND more than random-day blocking, which improved [7, 0, 1, 1, 4]).
  market_filter_F1: SUPPORTED (9/10 strategies improved in both halves; needs >= 40% of >= 5 AND more than random-day blocking, which improved [3, 2, 2, 1, 4]).
  Caution: in the held-out period the champions' average GROSS move per trip was negative in every regime (trending_up -2.9%, sideways -1.9%, high_volatility -3.0%, trending_down -12.6%). Sitting out a regime mostly reduces exposure; it does not by itself create edge.
  Live, all accounts, entries in TRENDING_UP: 160 round trips, mean -1.11% net.
  Live failure: arena_stochastic_cross paused after 56 trips at -0.962% mean net (t=-4.27).
actions:
  none
lessons:
  avoid_SIDEWAYS: SUPPORTED (8/10 strategies improved in both halves; needs >= 40% of >= 5 AND more than random-day blocking, which improved [5, 0, 2, 0, 5]).
  avoid_HIGH_VOLATILITY: REFUTED (3/10 strategies improved in both halves; needs >= 40% of >= 5 AND more than random-day blocking, which improved [3, 2, 2, 1, 3]).
  avoid_SIDEWAYS_and_HIGH_VOLATILITY: REFUTED (6/10 strategies improved in both halves; needs >= 40% of >= 5 AND more than random-day blocking, which improved [7, 0, 1, 1, 4]).
  market_filter_F1: SUPPORTED (9/10 strategies improved in both halves; needs >= 40% of >= 5 AND more than random-day blocking, which improved [3, 2, 2, 1, 4]).
  Caution: in the held-out period the champions' average GROSS move per trip was negative in every regime (trending_up -2.9%, sideways -1.9%, high_volatility -3.0%, trending_down -12.6%). Sitting out a regime mostly reduces exposure; it does not by itself create edge.
  Live, all accounts, entries in TRENDING_UP: 160 round trips, mean -1.11% net.
  Live failure: arena_stochastic_cross paused after 56 trips at -0.962% mean net (t=-4.27).
actions:
  none
lessons:
  avoid_SIDEWAYS: SUPPORTED (8/10 strategies improved in both halves; needs >= 40% of >= 5 AND more than random-day blocking, which improved [5, 0, 2, 0, 5]).
  avoid_HIGH_VOLATILITY: REFUTED (3/10 strategies improved in both halves; needs >= 40% of >= 5 AND more than random-day blocking, which improved [3, 2, 2, 1, 3]).
  avoid_SIDEWAYS_and_HIGH_VOLATILITY: REFUTED (6/10 strategies improved in both halves; needs >= 40% of >= 5 AND more than random-day blocking, which improved [7, 0, 1, 1, 4]).
  market_filter_F1: SUPPORTED (9/10 strategies improved in both halves; needs >= 40% of >= 5 AND more than random-day blocking, which improved [3, 2, 2, 1, 4]).
  Caution: in the held-out period the champions' average GROSS move per trip was negative in every regime (trending_up -2.9%, sideways -1.9%, high_volatility -3.0%, trending_down -12.6%). Sitting out a regime mostly reduces exposure; it does not by itself create edge.
  Live, all accounts, entries in TRENDING_UP: 161 round trips, mean -1.09% net.
  Live failure: arena_stochastic_cross paused after 56 trips at -0.962% mean net (t=-4.27).
actions:
  none
lessons:
  avoid_SIDEWAYS: SUPPORTED (8/10 strategies improved in both halves; needs >= 40% of >= 5 AND more than random-day blocking, which improved [5, 0, 2, 0, 5]).
  avoid_HIGH_VOLATILITY: REFUTED (3/10 strategies improved in both halves; needs >= 40% of >= 5 AND more than random-day blocking, which improved [3, 2, 2, 1, 3]).
  avoid_SIDEWAYS_and_HIGH_VOLATILITY: REFUTED (6/10 strategies improved in both halves; needs >= 40% of >= 5 AND more than random-day blocking, which improved [7, 0, 1, 1, 4]).
  market_filter_F1: SUPPORTED (9/10 strategies improved in both halves; needs >= 40% of >= 5 AND more than random-day blocking, which improved [3, 2, 2, 1, 4]).
  Caution: in the held-out period the champions' average GROSS move per trip was negative in every regime (trending_up -2.9%, sideways -1.9%, high_volatility -3.0%, trending_down -12.6%). Sitting out a regime mostly reduces exposure; it does not by itself create edge.
  Live, all accounts, entries in TRENDING_UP: 161 round trips, mean -1.09% net.
  Live failure: arena_stochastic_cross paused after 56 trips at -0.962% mean net (t=-4.27).
actions:
  none
lessons:
  avoid_SIDEWAYS: SUPPORTED (8/10 strategies improved in both halves; needs >= 40% of >= 5 AND more than random-day blocking, which improved [5, 0, 2, 0, 5]).
  avoid_HIGH_VOLATILITY: REFUTED (3/10 strategies improved in both halves; needs >= 40% of >= 5 AND more than random-day blocking, which improved [3, 2, 2, 1, 3]).
  avoid_SIDEWAYS_and_HIGH_VOLATILITY: REFUTED (6/10 strategies improved in both halves; needs >= 40% of >= 5 AND more than random-day blocking, which improved [7, 0, 1, 1, 4]).
  market_filter_F1: SUPPORTED (9/10 strategies improved in both halves; needs >= 40% of >= 5 AND more than random-day blocking, which improved [3, 2, 2, 1, 4]).
  Caution: in the held-out period the champions' average GROSS move per trip was negative in every regime (trending_up -2.9%, sideways -1.9%, high_volatility -3.0%, trending_down -12.6%). Sitting out a regime mostly reduces exposure; it does not by itself create edge.
  Live, all accounts, entries in TRENDING_UP: 161 round trips, mean -1.09% net.
  Live failure: arena_stochastic_cross paused after 56 trips at -0.962% mean net (t=-4.27).
actions:
  none
H avoid_SIDEWAYS: SUPPORTED (8/10; random-day placebo improved [5, 0, 2, 0, 5])
H avoid_HIGH_VOLATILITY: REFUTED (3/10; random-day placebo improved [3, 2, 2, 1, 3])
H avoid_SIDEWAYS_and_HIGH_VOLATILITY: REFUTED (6/10; random-day placebo improved [7, 0, 1, 1, 4])
H market_filter_F1: SUPPORTED (9/10; random-day placebo improved [3, 2, 2, 1, 4])
lessons:
  avoid_SIDEWAYS: SUPPORTED (8/10 strategies improved in both halves; needs >= 40% of >= 5 AND more than random-day blocking, which improved [5, 0, 2, 0, 5]).
  avoid_HIGH_VOLATILITY: REFUTED (3/10 strategies improved in both halves; needs >= 40% of >= 5 AND more than random-day blocking, which improved [3, 2, 2, 1, 3]).
  avoid_SIDEWAYS_and_HIGH_VOLATILITY: REFUTED (6/10 strategies improved in both halves; needs >= 40% of >= 5 AND more than random-day blocking, which improved [7, 0, 1, 1, 4]).
  market_filter_F1: SUPPORTED (9/10 strategies improved in both halves; needs >= 40% of >= 5 AND more than random-day blocking, which improved [3, 2, 2, 1, 4]).
  Caution: in the held-out period the champions' average GROSS move per trip was negative in every regime (trending_up -2.9%, sideways -1.9%, high_volatility -3.0%, trending_down -12.6%). Sitting out a regime mostly reduces exposure; it does not by itself create edge.
  Live, all accounts, entries in TRENDING_UP: 161 round trips, mean -1.09% net.
  Live failure: arena_stochastic_cross paused after 56 trips at -0.962% mean net (t=-4.27).
actions:
  challenger cap reached; further avoid SIDEWAYS candidates wait
  challenger cap reached; further market filter F1 candidates wait
lessons:
  avoid_SIDEWAYS: SUPPORTED (8/10 strategies improved in both halves; needs >= 40% of >= 5 AND more than random-day blocking, which improved [5, 0, 2, 0, 5]).
  avoid_HIGH_VOLATILITY: REFUTED (3/10 strategies improved in both halves; needs >= 40% of >= 5 AND more than random-day blocking, which improved [3, 2, 2, 1, 3]).
  avoid_SIDEWAYS_and_HIGH_VOLATILITY: REFUTED (6/10 strategies improved in both halves; needs >= 40% of >= 5 AND more than random-day blocking, which improved [7, 0, 1, 1, 4]).
  market_filter_F1: SUPPORTED (9/10 strategies improved in both halves; needs >= 40% of >= 5 AND more than random-day blocking, which improved [3, 2, 2, 1, 4]).
  Caution: in the held-out period the champions' average GROSS move per trip was negative in every regime (trending_up -2.9%, sideways -1.9%, high_volatility -3.0%, trending_down -12.6%). Sitting out a regime mostly reduces exposure; it does not by itself create edge.
  Live, all accounts, entries in TRENDING_UP: 162 round trips, mean -1.09% net.
  Live failure: arena_stochastic_cross paused after 56 trips at -0.962% mean net (t=-4.27).
actions:
  none
lessons:
  avoid_SIDEWAYS: SUPPORTED (8/10 strategies improved in both halves; needs >= 40% of >= 5 AND more than random-day blocking, which improved [5, 0, 2, 0, 5]).
  avoid_HIGH_VOLATILITY: REFUTED (3/10 strategies improved in both halves; needs >= 40% of >= 5 AND more than random-day blocking, which improved [3, 2, 2, 1, 3]).
  avoid_SIDEWAYS_and_HIGH_VOLATILITY: REFUTED (6/10 strategies improved in both halves; needs >= 40% of >= 5 AND more than random-day blocking, which improved [7, 0, 1, 1, 4]).
  market_filter_F1: SUPPORTED (9/10 strategies improved in both halves; needs >= 40% of >= 5 AND more than random-day blocking, which improved [3, 2, 2, 1, 4]).
  Caution: in the held-out period the champions' average GROSS move per trip was negative in every regime (trending_up -2.9%, sideways -1.9%, high_volatility -3.0%, trending_down -12.6%). Sitting out a regime mostly reduces exposure; it does not by itself create edge.
  Live, all accounts, entries in TRENDING_UP: 164 round trips, mean -1.04% net.
  Live failure: arena_stochastic_cross paused after 56 trips at -0.962% mean net (t=-4.27).
actions:
  none
lessons:
  avoid_SIDEWAYS: SUPPORTED (8/10 strategies improved in both halves; needs >= 40% of >= 5 AND more than random-day blocking, which improved [5, 0, 2, 0, 5]).
  avoid_HIGH_VOLATILITY: REFUTED (3/10 strategies improved in both halves; needs >= 40% of >= 5 AND more than random-day blocking, which improved [3, 2, 2, 1, 3]).
  avoid_SIDEWAYS_and_HIGH_VOLATILITY: REFUTED (6/10 strategies improved in both halves; needs >= 40% of >= 5 AND more than random-day blocking, which improved [7, 0, 1, 1, 4]).
  market_filter_F1: SUPPORTED (9/10 strategies improved in both halves; needs >= 40% of >= 5 AND more than random-day blocking, which improved [3, 2, 2, 1, 4]).
  Caution: in the held-out period the champions' average GROSS move per trip was negative in every regime (trending_up -2.9%, sideways -1.9%, high_volatility -3.0%, trending_down -12.6%). Sitting out a regime mostly reduces exposure; it does not by itself create edge.
  Live, all accounts, entries in TRENDING_UP: 167 round trips, mean -0.99% net.
  Live failure: arena_stochastic_cross paused after 56 trips at -0.962% mean net (t=-4.27).
actions:
  none
lessons:
  avoid_SIDEWAYS: SUPPORTED (8/10 strategies improved in both halves; needs >= 40% of >= 5 AND more than random-day blocking, which improved [5, 0, 2, 0, 5]).
  avoid_HIGH_VOLATILITY: REFUTED (3/10 strategies improved in both halves; needs >= 40% of >= 5 AND more than random-day blocking, which improved [3, 2, 2, 1, 3]).
  avoid_SIDEWAYS_and_HIGH_VOLATILITY: REFUTED (6/10 strategies improved in both halves; needs >= 40% of >= 5 AND more than random-day blocking, which improved [7, 0, 1, 1, 4]).
  market_filter_F1: SUPPORTED (9/10 strategies improved in both halves; needs >= 40% of >= 5 AND more than random-day blocking, which improved [3, 2, 2, 1, 4]).
  Caution: in the held-out period the champions' average GROSS move per trip was negative in every regime (trending_up -2.9%, sideways -1.9%, high_volatility -3.0%, trending_down -12.6%). Sitting out a regime mostly reduces exposure; it does not by itself create edge.
  Live, all accounts, entries in TRENDING_UP: 171 round trips, mean -0.93% net.
  Live failure: arena_stochastic_cross paused after 56 trips at -0.962% mean net (t=-4.27).
actions:
  none
lessons:
  avoid_SIDEWAYS: SUPPORTED (8/10 strategies improved in both halves; needs >= 40% of >= 5 AND more than random-day blocking, which improved [5, 0, 2, 0, 5]).
  avoid_HIGH_VOLATILITY: REFUTED (3/10 strategies improved in both halves; needs >= 40% of >= 5 AND more than random-day blocking, which improved [3, 2, 2, 1, 3]).
  avoid_SIDEWAYS_and_HIGH_VOLATILITY: REFUTED (6/10 strategies improved in both halves; needs >= 40% of >= 5 AND more than random-day blocking, which improved [7, 0, 1, 1, 4]).
  market_filter_F1: SUPPORTED (9/10 strategies improved in both halves; needs >= 40% of >= 5 AND more than random-day blocking, which improved [3, 2, 2, 1, 4]).
  Caution: in the held-out period the champions' average GROSS move per trip was negative in every regime (trending_up -2.9%, sideways -1.9%, high_volatility -3.0%, trending_down -12.6%). Sitting out a regime mostly reduces exposure; it does not by itself create edge.
  Live, all accounts, entries in TRENDING_UP: 178 round trips, mean -0.87% net.
  Live failure: arena_stochastic_cross paused after 56 trips at -0.962% mean net (t=-4.27).
actions:
  none
lessons:
  avoid_SIDEWAYS: SUPPORTED (8/10 strategies improved in both halves; needs >= 40% of >= 5 AND more than random-day blocking, which improved [5, 0, 2, 0, 5]).
  avoid_HIGH_VOLATILITY: REFUTED (3/10 strategies improved in both halves; needs >= 40% of >= 5 AND more than random-day blocking, which improved [3, 2, 2, 1, 3]).
  avoid_SIDEWAYS_and_HIGH_VOLATILITY: REFUTED (6/10 strategies improved in both halves; needs >= 40% of >= 5 AND more than random-day blocking, which improved [7, 0, 1, 1, 4]).
  market_filter_F1: SUPPORTED (9/10 strategies improved in both halves; needs >= 40% of >= 5 AND more than random-day blocking, which improved [3, 2, 2, 1, 4]).
  Caution: in the held-out period the champions' average GROSS move per trip was negative in every regime (trending_up -2.9%, sideways -1.9%, high_volatility -3.0%, trending_down -12.6%). Sitting out a regime mostly reduces exposure; it does not by itself create edge.
  Live, all accounts, entries in TRENDING_UP: 180 round trips, mean -0.88% net.
  Live failure: arena_stochastic_cross paused after 56 trips at -0.962% mean net (t=-4.27).
actions:
  none
H avoid_SIDEWAYS: SUPPORTED (8/10; random-day placebo improved [5, 0, 2, 0, 5])
H avoid_HIGH_VOLATILITY: REFUTED (3/10; random-day placebo improved [3, 2, 2, 1, 3])
H avoid_SIDEWAYS_and_HIGH_VOLATILITY: REFUTED (6/10; random-day placebo improved [7, 0, 1, 1, 4])
H market_filter_F1: SUPPORTED (9/10; random-day placebo improved [3, 2, 2, 1, 4])
lessons:
  avoid_SIDEWAYS: SUPPORTED (8/10 strategies improved in both halves; needs >= 40% of >= 5 AND more than random-day blocking, which improved [5, 0, 2, 0, 5]).
  avoid_HIGH_VOLATILITY: REFUTED (3/10 strategies improved in both halves; needs >= 40% of >= 5 AND more than random-day blocking, which improved [3, 2, 2, 1, 3]).
  avoid_SIDEWAYS_and_HIGH_VOLATILITY: REFUTED (6/10 strategies improved in both halves; needs >= 40% of >= 5 AND more than random-day blocking, which improved [7, 0, 1, 1, 4]).
  market_filter_F1: SUPPORTED (9/10 strategies improved in both halves; needs >= 40% of >= 5 AND more than random-day blocking, which improved [3, 2, 2, 1, 4]).
  Caution: in the held-out period the champions' average GROSS move per trip was negative in every regime (trending_up -2.9%, sideways -1.9%, high_volatility -3.0%, trending_down -12.6%). Sitting out a regime mostly reduces exposure; it does not by itself create edge.
  Live, all accounts, entries in TRENDING_UP: 180 round trips, mean -0.88% net.
  Live failure: arena_stochastic_cross paused after 56 trips at -0.962% mean net (t=-4.27).
actions:
  challenger cap reached; further avoid SIDEWAYS candidates wait
  challenger cap reached; further market filter F1 candidates wait
lessons:
  avoid_SIDEWAYS: SUPPORTED (8/10 strategies improved in both halves; needs >= 40% of >= 5 AND more than random-day blocking, which improved [5, 0, 2, 0, 5]).
  avoid_HIGH_VOLATILITY: REFUTED (3/10 strategies improved in both halves; needs >= 40% of >= 5 AND more than random-day blocking, which improved [3, 2, 2, 1, 3]).
  avoid_SIDEWAYS_and_HIGH_VOLATILITY: REFUTED (6/10 strategies improved in both halves; needs >= 40% of >= 5 AND more than random-day blocking, which improved [7, 0, 1, 1, 4]).
  market_filter_F1: SUPPORTED (9/10 strategies improved in both halves; needs >= 40% of >= 5 AND more than random-day blocking, which improved [3, 2, 2, 1, 4]).
  Caution: in the held-out period the champions' average GROSS move per trip was negative in every regime (trending_up -2.9%, sideways -1.9%, high_volatility -3.0%, trending_down -12.6%). Sitting out a regime mostly reduces exposure; it does not by itself create edge.
  Live, all accounts, entries in TRENDING_UP: 182 round trips, mean -0.89% net.
  Live failure: arena_stochastic_cross paused after 56 trips at -0.962% mean net (t=-4.27).
actions:
  none
lessons:
  avoid_SIDEWAYS: SUPPORTED (8/10 strategies improved in both halves; needs >= 40% of >= 5 AND more than random-day blocking, which improved [5, 0, 2, 0, 5]).
  avoid_HIGH_VOLATILITY: REFUTED (3/10 strategies improved in both halves; needs >= 40% of >= 5 AND more than random-day blocking, which improved [3, 2, 2, 1, 3]).
  avoid_SIDEWAYS_and_HIGH_VOLATILITY: REFUTED (6/10 strategies improved in both halves; needs >= 40% of >= 5 AND more than random-day blocking, which improved [7, 0, 1, 1, 4]).
  market_filter_F1: SUPPORTED (9/10 strategies improved in both halves; needs >= 40% of >= 5 AND more than random-day blocking, which improved [3, 2, 2, 1, 4]).
  Caution: in the held-out period the champions' average GROSS move per trip was negative in every regime (trending_up -2.9%, sideways -1.9%, high_volatility -3.0%, trending_down -12.6%). Sitting out a regime mostly reduces exposure; it does not by itself create edge.
  Live, all accounts, entries in TRENDING_UP: 185 round trips, mean -0.85% net.
  Live failure: arena_stochastic_cross paused after 56 trips at -0.962% mean net (t=-4.27).
actions:
  none
lessons:
  avoid_SIDEWAYS: SUPPORTED (8/10 strategies improved in both halves; needs >= 40% of >= 5 AND more than random-day blocking, which improved [5, 0, 2, 0, 5]).
  avoid_HIGH_VOLATILITY: REFUTED (3/10 strategies improved in both halves; needs >= 40% of >= 5 AND more than random-day blocking, which improved [3, 2, 2, 1, 3]).
  avoid_SIDEWAYS_and_HIGH_VOLATILITY: REFUTED (6/10 strategies improved in both halves; needs >= 40% of >= 5 AND more than random-day blocking, which improved [7, 0, 1, 1, 4]).
  market_filter_F1: SUPPORTED (9/10 strategies improved in both halves; needs >= 40% of >= 5 AND more than random-day blocking, which improved [3, 2, 2, 1, 4]).
  Caution: in the held-out period the champions' average GROSS move per trip was negative in every regime (trending_up -2.9%, sideways -1.9%, high_volatility -3.0%, trending_down -12.6%). Sitting out a regime mostly reduces exposure; it does not by itself create edge.
  Live, all accounts, entries in TRENDING_UP: 185 round trips, mean -0.85% net.
  Live failure: arena_stochastic_cross paused after 56 trips at -0.962% mean net (t=-4.27).
actions:
  none
lessons:
  avoid_SIDEWAYS: SUPPORTED (8/10 strategies improved in both halves; needs >= 40% of >= 5 AND more than random-day blocking, which improved [5, 0, 2, 0, 5]).
  avoid_HIGH_VOLATILITY: REFUTED (3/10 strategies improved in both halves; needs >= 40% of >= 5 AND more than random-day blocking, which improved [3, 2, 2, 1, 3]).
  avoid_SIDEWAYS_and_HIGH_VOLATILITY: REFUTED (6/10 strategies improved in both halves; needs >= 40% of >= 5 AND more than random-day blocking, which improved [7, 0, 1, 1, 4]).
  market_filter_F1: SUPPORTED (9/10 strategies improved in both halves; needs >= 40% of >= 5 AND more than random-day blocking, which improved [3, 2, 2, 1, 4]).
  Caution: in the held-out period the champions' average GROSS move per trip was negative in every regime (trending_up -2.9%, sideways -1.9%, high_volatility -3.0%, trending_down -12.6%). Sitting out a regime mostly reduces exposure; it does not by itself create edge.
  Live, all accounts, entries in TRENDING_UP: 189 round trips, mean -0.78% net.
  Live failure: arena_stochastic_cross paused after 56 trips at -0.962% mean net (t=-4.27).
actions:
  none
lessons:
  avoid_SIDEWAYS: SUPPORTED (8/10 strategies improved in both halves; needs >= 40% of >= 5 AND more than random-day blocking, which improved [5, 0, 2, 0, 5]).
  avoid_HIGH_VOLATILITY: REFUTED (3/10 strategies improved in both halves; needs >= 40% of >= 5 AND more than random-day blocking, which improved [3, 2, 2, 1, 3]).
  avoid_SIDEWAYS_and_HIGH_VOLATILITY: REFUTED (6/10 strategies improved in both halves; needs >= 40% of >= 5 AND more than random-day blocking, which improved [7, 0, 1, 1, 4]).
  market_filter_F1: SUPPORTED (9/10 strategies improved in both halves; needs >= 40% of >= 5 AND more than random-day blocking, which improved [3, 2, 2, 1, 4]).
  Caution: in the held-out period the champions' average GROSS move per trip was negative in every regime (trending_up -2.9%, sideways -1.9%, high_volatility -3.0%, trending_down -12.6%). Sitting out a regime mostly reduces exposure; it does not by itself create edge.
  Live, all accounts, entries in TRENDING_UP: 199 round trips, mean -0.60% net.
  Live failure: arena_stochastic_cross paused after 56 trips at -0.962% mean net (t=-4.27).
actions:
  none
lessons:
  avoid_SIDEWAYS: SUPPORTED (8/10 strategies improved in both halves; needs >= 40% of >= 5 AND more than random-day blocking, which improved [5, 0, 2, 0, 5]).
  avoid_HIGH_VOLATILITY: REFUTED (3/10 strategies improved in both halves; needs >= 40% of >= 5 AND more than random-day blocking, which improved [3, 2, 2, 1, 3]).
  avoid_SIDEWAYS_and_HIGH_VOLATILITY: REFUTED (6/10 strategies improved in both halves; needs >= 40% of >= 5 AND more than random-day blocking, which improved [7, 0, 1, 1, 4]).
  market_filter_F1: SUPPORTED (9/10 strategies improved in both halves; needs >= 40% of >= 5 AND more than random-day blocking, which improved [3, 2, 2, 1, 4]).
  Caution: in the held-out period the champions' average GROSS move per trip was negative in every regime (trending_up -2.9%, sideways -1.9%, high_volatility -3.0%, trending_down -12.6%). Sitting out a regime mostly reduces exposure; it does not by itself create edge.
  Live, all accounts, entries in TRENDING_UP: 204 round trips, mean -0.53% net.
  Live failure: arena_stochastic_cross paused after 56 trips at -0.962% mean net (t=-4.27).
actions:
  none
H avoid_SIDEWAYS: SUPPORTED (8/10; random-day placebo improved [7, 0, 1, 3, 3])
H avoid_HIGH_VOLATILITY: REFUTED (3/10; random-day placebo improved [3, 2, 1, 2, 0])
H avoid_SIDEWAYS_and_HIGH_VOLATILITY: REFUTED (5/10; random-day placebo improved [8, 2, 0, 3, 3])
H market_filter_F1: SUPPORTED (9/10; random-day placebo improved [4, 0, 1, 3, 5])
lessons:
  avoid_SIDEWAYS: SUPPORTED (8/10 strategies improved in both halves; needs >= 40% of >= 5 AND more than random-day blocking, which improved [7, 0, 1, 3, 3]).
  avoid_HIGH_VOLATILITY: REFUTED (3/10 strategies improved in both halves; needs >= 40% of >= 5 AND more than random-day blocking, which improved [3, 2, 1, 2, 0]).
  avoid_SIDEWAYS_and_HIGH_VOLATILITY: REFUTED (5/10 strategies improved in both halves; needs >= 40% of >= 5 AND more than random-day blocking, which improved [8, 2, 0, 3, 3]).
  market_filter_F1: SUPPORTED (9/10 strategies improved in both halves; needs >= 40% of >= 5 AND more than random-day blocking, which improved [4, 0, 1, 3, 5]).
  Caution: in the held-out period the champions' average GROSS move per trip was negative in every regime (trending_up -2.9%, sideways -1.9%, high_volatility -3.0%, trending_down -12.6%). Sitting out a regime mostly reduces exposure; it does not by itself create edge.
  Live, all accounts, entries in TRENDING_UP: 204 round trips, mean -0.53% net.
  Live failure: arena_stochastic_cross paused after 56 trips at -0.962% mean net (t=-4.27).
actions:
  challenger cap reached; further avoid SIDEWAYS candidates wait
  challenger cap reached; further market filter F1 candidates wait
lessons:
  avoid_SIDEWAYS: SUPPORTED (8/10 strategies improved in both halves; needs >= 40% of >= 5 AND more than random-day blocking, which improved [7, 0, 1, 3, 3]).
  avoid_HIGH_VOLATILITY: REFUTED (3/10 strategies improved in both halves; needs >= 40% of >= 5 AND more than random-day blocking, which improved [3, 2, 1, 2, 0]).
  avoid_SIDEWAYS_and_HIGH_VOLATILITY: REFUTED (5/10 strategies improved in both halves; needs >= 40% of >= 5 AND more than random-day blocking, which improved [8, 2, 0, 3, 3]).
  market_filter_F1: SUPPORTED (9/10 strategies improved in both halves; needs >= 40% of >= 5 AND more than random-day blocking, which improved [4, 0, 1, 3, 5]).
  Caution: in the held-out period the champions' average GROSS move per trip was negative in every regime (trending_up -2.9%, sideways -1.9%, high_volatility -3.0%, trending_down -12.6%). Sitting out a regime mostly reduces exposure; it does not by itself create edge.
  Live, all accounts, entries in TRENDING_UP: 206 round trips, mean -0.49% net.
  Live failure: arena_stochastic_cross paused after 56 trips at -0.962% mean net (t=-4.27).
actions:
  none
lessons:
  avoid_SIDEWAYS: SUPPORTED (8/10 strategies improved in both halves; needs >= 40% of >= 5 AND more than random-day blocking, which improved [7, 0, 1, 3, 3]).
  avoid_HIGH_VOLATILITY: REFUTED (3/10 strategies improved in both halves; needs >= 40% of >= 5 AND more than random-day blocking, which improved [3, 2, 1, 2, 0]).
  avoid_SIDEWAYS_and_HIGH_VOLATILITY: REFUTED (5/10 strategies improved in both halves; needs >= 40% of >= 5 AND more than random-day blocking, which improved [8, 2, 0, 3, 3]).
  market_filter_F1: SUPPORTED (9/10 strategies improved in both halves; needs >= 40% of >= 5 AND more than random-day blocking, which improved [4, 0, 1, 3, 5]).
  Caution: in the held-out period the champions' average GROSS move per trip was negative in every regime (trending_up -2.9%, sideways -1.9%, high_volatility -3.0%, trending_down -12.6%). Sitting out a regime mostly reduces exposure; it does not by itself create edge.
  Live, all accounts, entries in TRENDING_UP: 208 round trips, mean -0.47% net.
  Live failure: arena_stochastic_cross paused after 56 trips at -0.962% mean net (t=-4.27).
actions:
  none
lessons:
  avoid_SIDEWAYS: SUPPORTED (8/10 strategies improved in both halves; needs >= 40% of >= 5 AND more than random-day blocking, which improved [7, 0, 1, 3, 3]).
  avoid_HIGH_VOLATILITY: REFUTED (3/10 strategies improved in both halves; needs >= 40% of >= 5 AND more than random-day blocking, which improved [3, 2, 1, 2, 0]).
  avoid_SIDEWAYS_and_HIGH_VOLATILITY: REFUTED (5/10 strategies improved in both halves; needs >= 40% of >= 5 AND more than random-day blocking, which improved [8, 2, 0, 3, 3]).
  market_filter_F1: SUPPORTED (9/10 strategies improved in both halves; needs >= 40% of >= 5 AND more than random-day blocking, which improved [4, 0, 1, 3, 5]).
  Caution: in the held-out period the champions' average GROSS move per trip was negative in every regime (trending_up -2.9%, sideways -1.9%, high_volatility -3.0%, trending_down -12.6%). Sitting out a regime mostly reduces exposure; it does not by itself create edge.
  Live, all accounts, entries in TRENDING_UP: 210 round trips, mean -0.49% net.
  Live failure: arena_stochastic_cross paused after 56 trips at -0.962% mean net (t=-4.27).
actions:
  none
lessons:
  avoid_SIDEWAYS: SUPPORTED (8/10 strategies improved in both halves; needs >= 40% of >= 5 AND more than random-day blocking, which improved [7, 0, 1, 3, 3]).
  avoid_HIGH_VOLATILITY: REFUTED (3/10 strategies improved in both halves; needs >= 40% of >= 5 AND more than random-day blocking, which improved [3, 2, 1, 2, 0]).
  avoid_SIDEWAYS_and_HIGH_VOLATILITY: REFUTED (5/10 strategies improved in both halves; needs >= 40% of >= 5 AND more than random-day blocking, which improved [8, 2, 0, 3, 3]).
  market_filter_F1: SUPPORTED (9/10 strategies improved in both halves; needs >= 40% of >= 5 AND more than random-day blocking, which improved [4, 0, 1, 3, 5]).
  Caution: in the held-out period the champions' average GROSS move per trip was negative in every regime (trending_up -2.9%, sideways -1.9%, high_volatility -3.0%, trending_down -12.6%). Sitting out a regime mostly reduces exposure; it does not by itself create edge.
  Live, all accounts, entries in TRENDING_UP: 210 round trips, mean -0.49% net.
  Live failure: arena_stochastic_cross paused after 56 trips at -0.962% mean net (t=-4.27).
actions:
  none
lessons:
  avoid_SIDEWAYS: SUPPORTED (8/10 strategies improved in both halves; needs >= 40% of >= 5 AND more than random-day blocking, which improved [7, 0, 1, 3, 3]).
  avoid_HIGH_VOLATILITY: REFUTED (3/10 strategies improved in both halves; needs >= 40% of >= 5 AND more than random-day blocking, which improved [3, 2, 1, 2, 0]).
  avoid_SIDEWAYS_and_HIGH_VOLATILITY: REFUTED (5/10 strategies improved in both halves; needs >= 40% of >= 5 AND more than random-day blocking, which improved [8, 2, 0, 3, 3]).
  market_filter_F1: SUPPORTED (9/10 strategies improved in both halves; needs >= 40% of >= 5 AND more than random-day blocking, which improved [4, 0, 1, 3, 5]).
  Caution: in the held-out period the champions' average GROSS move per trip was negative in every regime (trending_up -2.9%, sideways -1.9%, high_volatility -3.0%, trending_down -12.6%). Sitting out a regime mostly reduces exposure; it does not by itself create edge.
  Live, all accounts, entries in TRENDING_UP: 212 round trips, mean -0.43% net.
  Live failure: arena_stochastic_cross paused after 56 trips at -0.962% mean net (t=-4.27).
actions:
  none
lessons:
  avoid_SIDEWAYS: SUPPORTED (8/10 strategies improved in both halves; needs >= 40% of >= 5 AND more than random-day blocking, which improved [7, 0, 1, 3, 3]).
  avoid_HIGH_VOLATILITY: REFUTED (3/10 strategies improved in both halves; needs >= 40% of >= 5 AND more than random-day blocking, which improved [3, 2, 1, 2, 0]).
  avoid_SIDEWAYS_and_HIGH_VOLATILITY: REFUTED (5/10 strategies improved in both halves; needs >= 40% of >= 5 AND more than random-day blocking, which improved [8, 2, 0, 3, 3]).
  market_filter_F1: SUPPORTED (9/10 strategies improved in both halves; needs >= 40% of >= 5 AND more than random-day blocking, which improved [4, 0, 1, 3, 5]).
  Caution: in the held-out period the champions' average GROSS move per trip was negative in every regime (trending_up -2.9%, sideways -1.9%, high_volatility -3.0%, trending_down -12.6%). Sitting out a regime mostly reduces exposure; it does not by itself create edge.
  Live, all accounts, entries in TRENDING_UP: 213 round trips, mean -0.44% net.
  Live failure: arena_stochastic_cross paused after 56 trips at -0.962% mean net (t=-4.27).
actions:
  none
H avoid_SIDEWAYS: SUPPORTED (8/10; random-day placebo improved [7, 0, 1, 3, 3])
H avoid_HIGH_VOLATILITY: REFUTED (3/10; random-day placebo improved [3, 2, 1, 2, 0])
H avoid_SIDEWAYS_and_HIGH_VOLATILITY: REFUTED (5/10; random-day placebo improved [8, 2, 0, 3, 3])
H market_filter_F1: SUPPORTED (9/10; random-day placebo improved [4, 0, 1, 3, 5])
lessons:
  avoid_SIDEWAYS: SUPPORTED (8/10 strategies improved in both halves; needs >= 40% of >= 5 AND more than random-day blocking, which improved [7, 0, 1, 3, 3]).
  avoid_HIGH_VOLATILITY: REFUTED (3/10 strategies improved in both halves; needs >= 40% of >= 5 AND more than random-day blocking, which improved [3, 2, 1, 2, 0]).
  avoid_SIDEWAYS_and_HIGH_VOLATILITY: REFUTED (5/10 strategies improved in both halves; needs >= 40% of >= 5 AND more than random-day blocking, which improved [8, 2, 0, 3, 3]).
  market_filter_F1: SUPPORTED (9/10 strategies improved in both halves; needs >= 40% of >= 5 AND more than random-day blocking, which improved [4, 0, 1, 3, 5]).
  Caution: in the held-out period the champions' average GROSS move per trip was negative in every regime (trending_up -2.9%, sideways -1.9%, high_volatility -3.0%, trending_down -12.6%). Sitting out a regime mostly reduces exposure; it does not by itself create edge.
  Live, all accounts, entries in TRENDING_UP: 213 round trips, mean -0.44% net.
  Live failure: arena_stochastic_cross paused after 56 trips at -0.962% mean net (t=-4.27).
actions:
  challenger cap reached; further avoid SIDEWAYS candidates wait
  challenger cap reached; further market filter F1 candidates wait
lessons:
  avoid_SIDEWAYS: SUPPORTED (8/10 strategies improved in both halves; needs >= 40% of >= 5 AND more than random-day blocking, which improved [7, 0, 1, 3, 3]).
  avoid_HIGH_VOLATILITY: REFUTED (3/10 strategies improved in both halves; needs >= 40% of >= 5 AND more than random-day blocking, which improved [3, 2, 1, 2, 0]).
  avoid_SIDEWAYS_and_HIGH_VOLATILITY: REFUTED (5/10 strategies improved in both halves; needs >= 40% of >= 5 AND more than random-day blocking, which improved [8, 2, 0, 3, 3]).
  market_filter_F1: SUPPORTED (9/10 strategies improved in both halves; needs >= 40% of >= 5 AND more than random-day blocking, which improved [4, 0, 1, 3, 5]).
  Caution: in the held-out period the champions' average GROSS move per trip was negative in every regime (trending_up -2.9%, sideways -1.9%, high_volatility -3.0%, trending_down -12.6%). Sitting out a regime mostly reduces exposure; it does not by itself create edge.
  Live, all accounts, entries in TRENDING_UP: 215 round trips, mean -0.44% net.
  Live failure: arena_stochastic_cross paused after 56 trips at -0.962% mean net (t=-4.27).
actions:
  none
lessons:
  avoid_SIDEWAYS: SUPPORTED (8/10 strategies improved in both halves; needs >= 40% of >= 5 AND more than random-day blocking, which improved [7, 0, 1, 3, 3]).
  avoid_HIGH_VOLATILITY: REFUTED (3/10 strategies improved in both halves; needs >= 40% of >= 5 AND more than random-day blocking, which improved [3, 2, 1, 2, 0]).
  avoid_SIDEWAYS_and_HIGH_VOLATILITY: REFUTED (5/10 strategies improved in both halves; needs >= 40% of >= 5 AND more than random-day blocking, which improved [8, 2, 0, 3, 3]).
  market_filter_F1: SUPPORTED (9/10 strategies improved in both halves; needs >= 40% of >= 5 AND more than random-day blocking, which improved [4, 0, 1, 3, 5]).
  Caution: in the held-out period the champions' average GROSS move per trip was negative in every regime (trending_up -2.9%, sideways -1.9%, high_volatility -3.0%, trending_down -12.6%). Sitting out a regime mostly reduces exposure; it does not by itself create edge.
  Live, all accounts, entries in TRENDING_UP: 217 round trips, mean -0.45% net.
  Live failure: arena_stochastic_cross paused after 56 trips at -0.962% mean net (t=-4.27).
actions:
  none
lessons:
  avoid_SIDEWAYS: SUPPORTED (8/10 strategies improved in both halves; needs >= 40% of >= 5 AND more than random-day blocking, which improved [7, 0, 1, 3, 3]).
  avoid_HIGH_VOLATILITY: REFUTED (3/10 strategies improved in both halves; needs >= 40% of >= 5 AND more than random-day blocking, which improved [3, 2, 1, 2, 0]).
  avoid_SIDEWAYS_and_HIGH_VOLATILITY: REFUTED (5/10 strategies improved in both halves; needs >= 40% of >= 5 AND more than random-day blocking, which improved [8, 2, 0, 3, 3]).
  market_filter_F1: SUPPORTED (9/10 strategies improved in both halves; needs >= 40% of >= 5 AND more than random-day blocking, which improved [4, 0, 1, 3, 5]).
  Caution: in the held-out period the champions' average GROSS move per trip was negative in every regime (trending_up -2.9%, sideways -1.9%, high_volatility -3.0%, trending_down -12.6%). Sitting out a regime mostly reduces exposure; it does not by itself create edge.
  Live, all accounts, entries in TRENDING_UP: 219 round trips, mean -0.46% net.
  Live failure: arena_stochastic_cross paused after 56 trips at -0.962% mean net (t=-4.27).
actions:
  none
lessons:
  avoid_SIDEWAYS: SUPPORTED (8/10 strategies improved in both halves; needs >= 40% of >= 5 AND more than random-day blocking, which improved [7, 0, 1, 3, 3]).
  avoid_HIGH_VOLATILITY: REFUTED (3/10 strategies improved in both halves; needs >= 40% of >= 5 AND more than random-day blocking, which improved [3, 2, 1, 2, 0]).
  avoid_SIDEWAYS_and_HIGH_VOLATILITY: REFUTED (5/10 strategies improved in both halves; needs >= 40% of >= 5 AND more than random-day blocking, which improved [8, 2, 0, 3, 3]).
  market_filter_F1: SUPPORTED (9/10 strategies improved in both halves; needs >= 40% of >= 5 AND more than random-day blocking, which improved [4, 0, 1, 3, 5]).
  Caution: in the held-out period the champions' average GROSS move per trip was negative in every regime (trending_up -2.9%, sideways -1.9%, high_volatility -3.0%, trending_down -12.6%). Sitting out a regime mostly reduces exposure; it does not by itself create edge.
  Live, all accounts, entries in TRENDING_UP: 219 round trips, mean -0.46% net.
  Live failure: arena_stochastic_cross paused after 56 trips at -0.962% mean net (t=-4.27).
actions:
  none
lessons:
  avoid_SIDEWAYS: SUPPORTED (8/10 strategies improved in both halves; needs >= 40% of >= 5 AND more than random-day blocking, which improved [7, 0, 1, 3, 3]).
  avoid_HIGH_VOLATILITY: REFUTED (3/10 strategies improved in both halves; needs >= 40% of >= 5 AND more than random-day blocking, which improved [3, 2, 1, 2, 0]).
  avoid_SIDEWAYS_and_HIGH_VOLATILITY: REFUTED (5/10 strategies improved in both halves; needs >= 40% of >= 5 AND more than random-day blocking, which improved [8, 2, 0, 3, 3]).
  market_filter_F1: SUPPORTED (9/10 strategies improved in both halves; needs >= 40% of >= 5 AND more than random-day blocking, which improved [4, 0, 1, 3, 5]).
  Caution: in the held-out period the champions' average GROSS move per trip was negative in every regime (trending_up -2.9%, sideways -1.9%, high_volatility -3.0%, trending_down -12.6%). Sitting out a regime mostly reduces exposure; it does not by itself create edge.
  Live, all accounts, entries in TRENDING_UP: 219 round trips, mean -0.46% net.
  Live failure: arena_stochastic_cross paused after 56 trips at -0.962% mean net (t=-4.27).
actions:
  none
lessons:
  avoid_SIDEWAYS: SUPPORTED (8/10 strategies improved in both halves; needs >= 40% of >= 5 AND more than random-day blocking, which improved [7, 0, 1, 3, 3]).
  avoid_HIGH_VOLATILITY: REFUTED (3/10 strategies improved in both halves; needs >= 40% of >= 5 AND more than random-day blocking, which improved [3, 2, 1, 2, 0]).
  avoid_SIDEWAYS_and_HIGH_VOLATILITY: REFUTED (5/10 strategies improved in both halves; needs >= 40% of >= 5 AND more than random-day blocking, which improved [8, 2, 0, 3, 3]).
  market_filter_F1: SUPPORTED (9/10 strategies improved in both halves; needs >= 40% of >= 5 AND more than random-day blocking, which improved [4, 0, 1, 3, 5]).
  Caution: in the held-out period the champions' average GROSS move per trip was negative in every regime (trending_up -2.9%, sideways -1.9%, high_volatility -3.0%, trending_down -12.6%). Sitting out a regime mostly reduces exposure; it does not by itself create edge.
  Live, all accounts, entries in TRENDING_UP: 220 round trips, mean -0.47% net.
  Live failure: arena_stochastic_cross paused after 56 trips at -0.962% mean net (t=-4.27).
actions:
  none
H avoid_SIDEWAYS: SUPPORTED (8/10; random-day placebo improved [7, 0, 1, 3, 3])
H avoid_HIGH_VOLATILITY: REFUTED (3/10; random-day placebo improved [3, 2, 1, 2, 0])
H avoid_SIDEWAYS_and_HIGH_VOLATILITY: REFUTED (5/10; random-day placebo improved [8, 2, 0, 3, 3])
H market_filter_F1: SUPPORTED (9/10; random-day placebo improved [4, 0, 1, 3, 5])
lessons:
  avoid_SIDEWAYS: SUPPORTED (8/10 strategies improved in both halves; needs >= 40% of >= 5 AND more than random-day blocking, which improved [7, 0, 1, 3, 3]).
  avoid_HIGH_VOLATILITY: REFUTED (3/10 strategies improved in both halves; needs >= 40% of >= 5 AND more than random-day blocking, which improved [3, 2, 1, 2, 0]).
  avoid_SIDEWAYS_and_HIGH_VOLATILITY: REFUTED (5/10 strategies improved in both halves; needs >= 40% of >= 5 AND more than random-day blocking, which improved [8, 2, 0, 3, 3]).
  market_filter_F1: SUPPORTED (9/10 strategies improved in both halves; needs >= 40% of >= 5 AND more than random-day blocking, which improved [4, 0, 1, 3, 5]).
  Caution: in the held-out period the champions' average GROSS move per trip was negative in every regime (trending_up -2.9%, sideways -1.9%, high_volatility -3.0%, trending_down -12.6%). Sitting out a regime mostly reduces exposure; it does not by itself create edge.
  Live, all accounts, entries in TRENDING_UP: 256 round trips, mean -0.04% net.
  Live failure: arena_stochastic_cross paused after 56 trips at -0.962% mean net (t=-4.27).
actions:
  challenger cap reached; further avoid SIDEWAYS candidates wait
  challenger cap reached; further market filter F1 candidates wait
lessons:
  avoid_SIDEWAYS: SUPPORTED (8/10 strategies improved in both halves; needs >= 40% of >= 5 AND more than random-day blocking, which improved [7, 0, 1, 3, 3]).
  avoid_HIGH_VOLATILITY: REFUTED (3/10 strategies improved in both halves; needs >= 40% of >= 5 AND more than random-day blocking, which improved [3, 2, 1, 2, 0]).
  avoid_SIDEWAYS_and_HIGH_VOLATILITY: REFUTED (5/10 strategies improved in both halves; needs >= 40% of >= 5 AND more than random-day blocking, which improved [8, 2, 0, 3, 3]).
  market_filter_F1: SUPPORTED (9/10 strategies improved in both halves; needs >= 40% of >= 5 AND more than random-day blocking, which improved [4, 0, 1, 3, 5]).
  Caution: in the held-out period the champions' average GROSS move per trip was negative in every regime (trending_up -2.9%, sideways -1.9%, high_volatility -3.0%, trending_down -12.6%). Sitting out a regime mostly reduces exposure; it does not by itself create edge.
  Live, all accounts, entries in TRENDING_UP: 256 round trips, mean -0.04% net.
  Live failure: arena_stochastic_cross paused after 56 trips at -0.962% mean net (t=-4.27).
actions:
  none
lessons:
  avoid_SIDEWAYS: SUPPORTED (8/10 strategies improved in both halves; needs >= 40% of >= 5 AND more than random-day blocking, which improved [7, 0, 1, 3, 3]).
  avoid_HIGH_VOLATILITY: REFUTED (3/10 strategies improved in both halves; needs >= 40% of >= 5 AND more than random-day blocking, which improved [3, 2, 1, 2, 0]).
  avoid_SIDEWAYS_and_HIGH_VOLATILITY: REFUTED (5/10 strategies improved in both halves; needs >= 40% of >= 5 AND more than random-day blocking, which improved [8, 2, 0, 3, 3]).
  market_filter_F1: SUPPORTED (9/10 strategies improved in both halves; needs >= 40% of >= 5 AND more than random-day blocking, which improved [4, 0, 1, 3, 5]).
  Caution: in the held-out period the champions' average GROSS move per trip was negative in every regime (trending_up -2.9%, sideways -1.9%, high_volatility -3.0%, trending_down -12.6%). Sitting out a regime mostly reduces exposure; it does not by itself create edge.
  Live, all accounts, entries in TRENDING_UP: 257 round trips, mean -0.05% net.
  Live failure: arena_stochastic_cross paused after 56 trips at -0.962% mean net (t=-4.27).
actions:
  none
lessons:
  avoid_SIDEWAYS: SUPPORTED (8/10 strategies improved in both halves; needs >= 40% of >= 5 AND more than random-day blocking, which improved [7, 0, 1, 3, 3]).
  avoid_HIGH_VOLATILITY: REFUTED (3/10 strategies improved in both halves; needs >= 40% of >= 5 AND more than random-day blocking, which improved [3, 2, 1, 2, 0]).
  avoid_SIDEWAYS_and_HIGH_VOLATILITY: REFUTED (5/10 strategies improved in both halves; needs >= 40% of >= 5 AND more than random-day blocking, which improved [8, 2, 0, 3, 3]).
  market_filter_F1: SUPPORTED (9/10 strategies improved in both halves; needs >= 40% of >= 5 AND more than random-day blocking, which improved [4, 0, 1, 3, 5]).
  Caution: in the held-out period the champions' average GROSS move per trip was negative in every regime (trending_up -2.9%, sideways -1.9%, high_volatility -3.0%, trending_down -12.6%). Sitting out a regime mostly reduces exposure; it does not by itself create edge.
  Live, all accounts, entries in TRENDING_UP: 257 round trips, mean -0.05% net.
  Live failure: arena_stochastic_cross paused after 56 trips at -0.962% mean net (t=-4.27).
actions:
  none
lessons:
  avoid_SIDEWAYS: SUPPORTED (8/10 strategies improved in both halves; needs >= 40% of >= 5 AND more than random-day blocking, which improved [7, 0, 1, 3, 3]).
  avoid_HIGH_VOLATILITY: REFUTED (3/10 strategies improved in both halves; needs >= 40% of >= 5 AND more than random-day blocking, which improved [3, 2, 1, 2, 0]).
  avoid_SIDEWAYS_and_HIGH_VOLATILITY: REFUTED (5/10 strategies improved in both halves; needs >= 40% of >= 5 AND more than random-day blocking, which improved [8, 2, 0, 3, 3]).
  market_filter_F1: SUPPORTED (9/10 strategies improved in both halves; needs >= 40% of >= 5 AND more than random-day blocking, which improved [4, 0, 1, 3, 5]).
  Caution: in the held-out period the champions' average GROSS move per trip was negative in every regime (trending_up -2.9%, sideways -1.9%, high_volatility -3.0%, trending_down -12.6%). Sitting out a regime mostly reduces exposure; it does not by itself create edge.
  Live, all accounts, entries in TRENDING_UP: 257 round trips, mean -0.05% net.
  Live failure: arena_stochastic_cross paused after 56 trips at -0.962% mean net (t=-4.27).
actions:
  none
lessons:
  avoid_SIDEWAYS: SUPPORTED (8/10 strategies improved in both halves; needs >= 40% of >= 5 AND more than random-day blocking, which improved [7, 0, 1, 3, 3]).
  avoid_HIGH_VOLATILITY: REFUTED (3/10 strategies improved in both halves; needs >= 40% of >= 5 AND more than random-day blocking, which improved [3, 2, 1, 2, 0]).
  avoid_SIDEWAYS_and_HIGH_VOLATILITY: REFUTED (5/10 strategies improved in both halves; needs >= 40% of >= 5 AND more than random-day blocking, which improved [8, 2, 0, 3, 3]).
  market_filter_F1: SUPPORTED (9/10 strategies improved in both halves; needs >= 40% of >= 5 AND more than random-day blocking, which improved [4, 0, 1, 3, 5]).
  Caution: in the held-out period the champions' average GROSS move per trip was negative in every regime (trending_up -2.9%, sideways -1.9%, high_volatility -3.0%, trending_down -12.6%). Sitting out a regime mostly reduces exposure; it does not by itself create edge.
  Live, all accounts, entries in TRENDING_UP: 257 round trips, mean -0.05% net.
  Live failure: arena_stochastic_cross paused after 56 trips at -0.962% mean net (t=-4.27).
actions:
  none
